treatment,draw,log_b,r_um,dust_ppb,bba,bba_clean,absorbed_algal_W,B2,B3,B4,B8,posterior_index
T-CAM-C,24,3,1000,30000,0.649113,0.653407,3.15722,0.901449,0.865738,0.780695,0.595801,2007
T-CAM-C,24,3,1000,300000,0.588118,0.591468,2.46335,0.798854,0.775487,0.712381,0.559896,2007
T-CAM-C,24,3,3000,30000,0.551498,0.555149,2.68478,0.848444,0.790302,0.653508,0.405536,2007
T-CAM-C,24,3,3000,300000,0.50071,0.503733,2.22354,0.756762,0.712142,0.599691,0.383773,2007
T-CAM-C,24,3,8000,30000,0.452815,0.455744,2.15387,0.761438,0.688215,0.509769,0.246561,2007
T-CAM-C,24,3,8000,300000,0.414223,0.416708,1.82738,0.685536,0.625806,0.47285,0.237864,2007
T-CAM-C,24,4,1000,30000,0.613877,0.653407,29.0697,0.827049,0.800489,0.749596,0.595134,2007
T-CAM-C,24,4,1000,300000,0.560334,0.591468,22.8955,0.740473,0.723204,0.686618,0.559322,2007
T-CAM-C,24,4,3000,30000,0.52087,0.555149,25.2083,0.78252,0.734122,0.629029,0.405132,2007
T-CAM-C,24,4,3000,300000,0.475201,0.503733,20.9826,0.702037,0.66472,0.578449,0.383412,2007
T-CAM-C,24,4,8000,30000,0.428033,0.455744,20.3784,0.706821,0.643129,0.492495,0.246397,2007
T-CAM-C,24,4,8000,300000,0.393103,0.416708,17.3587,0.639125,0.586891,0.457507,0.237714,2007
T-CAM-C,24,4.5,1000,30000,0.548253,0.653407,77.3291,0.69154,0.678815,0.684397,0.593561,2007
T-CAM-C,24,4.5,1000,300000,0.50719,0.591468,61.977,0.631124,0.623385,0.632003,0.557967,2007
T-CAM-C,24,4.5,3000,30000,0.460619,0.555149,69.5164,0.654875,0.623257,0.576007,0.404176,2007
T-CAM-C,24,4.5,3000,300000,0.424273,0.503733,58.434,0.594442,0.569949,0.53218,0.382557,2007
T-CAM-C,24,4.5,8000,30000,0.378161,0.455744,57.0536,0.59829,0.551944,0.454492,0.24601,2007
T-CAM-C,24,4.5,8000,300000,0.350094,0.416708,48.9871,0.545767,0.507397,0.423609,0.237358,2007
T-CAM-C,24,5,1000,30000,0.430714,0.653407,163.766,0.461518,0.463442,0.53851,0.588843,2007
T-CAM-C,24,5,1000,300000,0.407399,0.591468,135.363,0.435935,0.438804,0.506729,0.553887,2007
T-CAM-C,24,5,3000,30000,0.342568,0.555149,156.33,0.414715,0.406632,0.448646,0.401281,2007
T-CAM-C,24,5,3000,300000,0.321624,0.503733,133.921,0.385926,0.380052,0.419577,0.379965,2007
T-CAM-C,24,5,8000,30000,0.275976,0.455744,132.199,0.383036,0.364398,0.359711,0.244849,2007
T-CAM-C,24,5,8000,300000,0.2599,0.416708,115.315,0.356105,0.340563,0.338234,0.23629,2007
T-CAM-D,24,3,1000,30000,0.648737,0.653407,3.43373,0.901443,0.865653,0.77932,0.595444,2007
T-CAM-D,24,3,1000,300000,0.587803,0.591468,2.69483,0.798849,0.775419,0.711246,0.559588,2007
T-CAM-D,24,3,3000,30000,0.551217,0.555149,2.89192,0.848439,0.79023,0.652435,0.405296,2007
T-CAM-D,24,3,3000,300000,0.500463,0.503733,2.40476,0.756758,0.712081,0.598762,0.383558,2007
T-CAM-D,24,3,8000,30000,0.452627,0.455744,2.29181,0.761434,0.688157,0.509014,0.246427,2007
T-CAM-D,24,3,8000,300000,0.414055,0.416708,1.95087,0.685532,0.625757,0.472181,0.23774,2007
T-CAM-D,24,4,1000,30000,0.610378,0.653407,31.643,0.827,0.799759,0.737152,0.591689,2007
T-CAM-D,24,4,1000,300000,0.557385,0.591468,25.064,0.740434,0.722613,0.676256,0.556333,2007
T-CAM-D,24,4,3000,30000,0.518206,0.555149,27.1675,0.782476,0.733483,0.619078,0.402794,2007
T-CAM-D,24,4,3000,300000,0.472862,0.503733,22.7026,0.702,0.664178,0.569792,0.381307,2007
T-CAM-D,24,4,8000,30000,0.426247,0.455744,21.6916,0.706784,0.642613,0.485409,0.245078,2007
T-CAM-D,24,4,8000,300000,0.3915,0.416708,18.5375,0.639094,0.586444,0.451201,0.236494,2007
T-CAM-D,24,4.5,1000,30000,0.538785,0.653407,84.2913,0.691433,0.677179,0.652848,0.583492,2007
T-CAM-D,24,4.5,1000,300000,0.499109,0.591468,67.9197,0.631036,0.62202,0.605272,0.549187,2007
T-CAM-D,24,4.5,3000,30000,0.45318,0.555149,74.9874,0.654771,0.621715,0.549471,0.397213,2007
T-CAM-D,24,4.5,3000,300000,0.417696,0.503733,63.2707,0.594353,0.568619,0.508889,0.376276,2007
T-CAM-D,24,4.5,8000,30000,0.373106,0.455744,60.7706,0.5982,0.550657,0.435115,0.24204,2007
T-CAM-D,24,4.5,8000,300000,0.345531,0.416708,52.3427,0.545689,0.506267,0.406253,0.233683,2007
T-CAM-D,24,5,1000,30000,0.410466,0.653407,178.656,0.461377,0.461153,0.482303,0.563384,2007
T-CAM-D,24,5,1000,300000,0.389662,0.591468,148.406,0.435812,0.436782,0.457261,0.531406,2007
T-CAM-D,24,5,3000,30000,0.325662,0.555149,168.762,0.414559,0.404204,0.396256,0.382844,2007
T-CAM-D,24,5,3000,300000,0.306452,0.503733,145.078,0.385789,0.377885,0.372632,0.363231,2007
T-CAM-D,24,5,8000,30000,0.264137,0.455744,140.905,0.382892,0.362225,0.319077,0.234038,2007
T-CAM-D,24,5,8000,300000,0.24908,0.416708,123.272,0.355976,0.338603,0.301268,0.22624,2007
T-CAM-C,25,3,1000,30000,0.648986,0.653407,3.25115,0.901396,0.865553,0.780168,0.59578,3423
T-CAM-C,25,3,1000,300000,0.588014,0.591468,2.53993,0.798813,0.77534,0.711946,0.559879,3423
T-CAM-C,25,3,3000,30000,0.551396,0.555149,2.75981,0.848399,0.790146,0.653096,0.405523,3423
T-CAM-C,25,3,3000,300000,0.500622,0.503733,2.28783,0.756724,0.712011,0.599334,0.383761,3423
T-CAM-C,25,3,8000,30000,0.45274,0.455744,2.2089,0.761401,0.688091,0.509479,0.246554,3423
T-CAM-C,25,3,8000,300000,0.414158,0.416708,1.8756,0.685505,0.625699,0.472593,0.237857,3423
T-CAM-C,25,4,1000,30000,0.612732,0.653407,29.9114,0.826612,0.798915,0.744778,0.594933,3423
T-CAM-C,25,4,1000,300000,0.55939,0.591468,23.5894,0.740127,0.721931,0.682612,0.559148,3423
T-CAM-C,25,4,3000,30000,0.519933,0.555149,25.8976,0.782125,0.732742,0.625181,0.404997,3423
T-CAM-C,25,4,3000,300000,0.474393,0.503733,21.5768,0.701707,0.66355,0.575104,0.38329,3423
T-CAM-C,25,4,8000,30000,0.427339,0.455744,20.8887,0.706493,0.642016,0.489753,0.246321,3423
T-CAM-C,25,4,8000,300000,0.392492,0.416708,17.808,0.638845,0.585927,0.455068,0.237643,3423
T-CAM-C,25,4.5,1000,30000,0.545379,0.653407,79.4421,0.690593,0.675296,0.671959,0.592944,3423
T-CAM-C,25,4.5,1000,300000,0.504772,0.591468,63.7552,0.630347,0.62045,0.621492,0.557431,3423
T-CAM-C,25,4.5,3000,30000,0.458157,0.555149,71.3274,0.653946,0.619935,0.565596,0.403756,3423
T-CAM-C,25,4.5,3000,300000,0.422126,0.503733,60.0133,0.593651,0.567084,0.523055,0.382179,3423
T-CAM-C,25,4.5,8000,30000,0.376303,0.455744,58.4197,0.597492,0.549173,0.446899,0.245773,3423
T-CAM-C,25,4.5,8000,300000,0.348443,0.416708,50.2014,0.545075,0.504964,0.416816,0.237138,3423
T-CAM-C,25,5,1000,30000,0.425415,0.653407,167.662,0.460296,0.458552,0.515473,0.587051,3423
T-CAM-C,25,5,1000,300000,0.402773,0.591468,138.764,0.434872,0.434489,0.486538,0.552324,3423
T-CAM-C,25,5,3000,30000,0.337697,0.555149,159.912,0.413346,0.401434,0.427354,0.400037,3423
T-CAM-C,25,5,3000,300000,0.317281,0.503733,137.115,0.384721,0.375417,0.400545,0.378843,3423
T-CAM-C,25,5,8000,30000,0.272168,0.455744,135,0.381766,0.359744,0.343276,0.244137,3423
T-CAM-C,25,5,8000,300000,0.256451,0.416708,117.852,0.354972,0.336367,0.323311,0.235631,3423
T-CAM-D,25,3,1000,30000,0.648569,0.653407,3.55741,0.901393,0.865506,0.77877,0.595319,3423
T-CAM-D,25,3,1000,300000,0.587664,0.591468,2.7973,0.798811,0.775303,0.710791,0.559479,3423
T-CAM-D,25,3,3000,30000,0.551088,0.555149,2.9869,0.848396,0.790107,0.652006,0.405212,3423
T-CAM-D,25,3,3000,300000,0.500351,0.503733,2.48715,0.756722,0.711977,0.59839,0.383482,3423
T-CAM-D,25,3,8000,30000,0.452538,0.455744,2.35758,0.761399,0.68806,0.508712,0.246379,3423
T-CAM-D,25,3,8000,300000,0.413976,0.416708,2.00916,0.685503,0.625672,0.471912,0.237696,3423
T-CAM-D,25,4,1000,30000,0.608875,0.653407,32.7481,0.826586,0.798519,0.732277,0.590514,3423
T-CAM-D,25,4,1000,300000,0.556127,0.591468,25.9892,0.740107,0.721611,0.67219,0.555312,3423
T-CAM-D,25,4,3000,30000,0.517022,0.555149,28.0383,0.782102,0.732395,0.615157,0.401989,3423
T-CAM-D,25,4,3000,300000,0.471829,0.503733,23.4621,0.701687,0.663255,0.566378,0.380583,3423
T-CAM-D,25,4,8000,30000,0.425419,0.455744,22.3008,0.706474,0.641736,0.482608,0.244622,3423
T-CAM-D,25,4,8000,300000,0.390763,0.416708,19.08,0.638829,0.585684,0.448707,0.236072,3423
T-CAM-D,25,4.5,1000,30000,0.535057,0.653407,87.0331,0.690537,0.674415,0.641022,0.580296,3423
T-CAM-D,25,4.5,1000,300000,0.495924,0.591468,70.2618,0.630301,0.619715,0.595201,0.546382,3423
T-CAM-D,25,4.5,3000,30000,0.450092,0.555149,77.2577,0.653891,0.619103,0.539378,0.39495,3423
T-CAM-D,25,4.5,3000,300000,0.414974,0.503733,65.2724,0.593605,0.566366,0.500007,0.374228,3423
T-CAM-D,25,4.5,8000,30000,0.370899,0.455744,62.3936,0.597445,0.548478,0.427689,0.240732,3423
T-CAM-D,25,4.5,8000,300000,0.343549,0.416708,53.8008,0.545035,0.504354,0.399587,0.23247,3423
T-CAM-D,25,5,1000,30000,0.403994,0.653407,183.416,0.460226,0.457336,0.463102,0.556707,3423
T-CAM-D,25,5,1000,300000,0.383915,0.591468,152.632,0.434811,0.433414,0.440204,0.525412,3423
T-CAM-D,25,5,3000,30000,0.319808,0.555149,173.068,0.413267,0.40014,0.377971,0.377738,3423
T-CAM-D,25,5,3000,300000,0.301173,0.503733,148.96,0.384651,0.374262,0.35616,0.358558,3423
T-CAM-D,25,5,8000,30000,0.259742,0.455744,144.138,0.381693,0.358585,0.304673,0.230939,3423
T-CAM-D,25,5,8000,300000,0.245059,0.416708,126.229,0.354906,0.335321,0.288112,0.223344,3423
T-CAM-C,26,3,1000,30000,0.648848,0.653407,3.35249,0.901386,0.865486,0.779483,0.595713,807
T-CAM-C,26,3,1000,300000,0.5879,0.591468,2.62402,0.798805,0.775287,0.71138,0.55982,807
T-CAM-C,26,3,3000,30000,0.551291,0.555149,2.83757,0.84839,0.79009,0.652561,0.405477,807
T-CAM-C,26,3,3000,300000,0.50053,0.503733,2.3554,0.756717,0.711963,0.598871,0.38372,807
T-CAM-C,26,3,8000,30000,0.452667,0.455744,2.2626,0.761394,0.688046,0.509102,0.246528,807
T-CAM-C,26,3,8000,300000,0.414093,0.416708,1.92333,0.685498,0.625661,0.472259,0.237834,807
T-CAM-C,26,4,1000,30000,0.611466,0.653407,30.8425,0.826526,0.798347,0.738604,0.594269,807
T-CAM-C,26,4,1000,300000,0.558331,0.591468,24.3684,0.740059,0.721472,0.677469,0.558573,807
T-CAM-C,26,4,3000,30000,0.518943,0.555149,26.6257,0.782047,0.732244,0.620237,0.404548,807
T-CAM-C,26,4,3000,300000,0.473529,0.503733,22.2122,0.701642,0.663127,0.570803,0.382887,807
T-CAM-C,26,4,8000,30000,0.42665,0.455744,21.3952,0.706429,0.641614,0.486229,0.246068,807
T-CAM-C,26,4,8000,300000,0.391878,0.416708,18.2598,0.63879,0.585579,0.451932,0.23741,807
T-CAM-C,26,4.5,1000,30000,0.542033,0.653407,81.9032,0.690407,0.674032,0.656447,0.590931,807
T-CAM-C,26,4.5,1000,300000,0.501929,0.591468,65.846,0.630194,0.619396,0.608335,0.555682,807
T-CAM-C,26,4.5,3000,30000,0.455447,0.555149,73.32,0.653763,0.618741,0.552507,0.402382,807
T-CAM-C,26,4.5,3000,300000,0.419741,0.503733,61.767,0.593495,0.566054,0.511562,0.380941,807
T-CAM-C,26,4.5,8000,30000,0.374391,0.455744,59.8257,0.597336,0.548177,0.437326,0.244994,807
T-CAM-C,26,4.5,8000,300000,0.346726,0.416708,51.4643,0.54494,0.504089,0.408238,0.236418,807
T-CAM-C,26,5,1000,30000,0.418501,0.653407,172.747,0.460061,0.456814,0.488386,0.581444,807
T-CAM-C,26,5,1000,300000,0.396731,0.591468,143.207,0.434668,0.432954,0.46265,0.547413,807
T-CAM-C,26,5,3000,30000,0.33177,0.555149,164.271,0.41308,0.399583,0.40198,0.396093,807
T-CAM-C,26,5,3000,300000,0.311975,0.503733,141.017,0.384488,0.373765,0.377782,0.375277,807
T-CAM-C,26,5,8000,30000,0.267868,0.455744,138.162,0.38152,0.358086,0.323531,0.241863,807
T-CAM-C,26,5,8000,300000,0.252534,0.416708,120.732,0.354752,0.334871,0.305334,0.233524,807
T-CAM-D,26,3,1000,30000,0.648517,0.653407,3.59574,0.901384,0.865459,0.778561,0.595287,807
T-CAM-D,26,3,1000,300000,0.587621,0.591468,2.82907,0.798803,0.775265,0.710619,0.559452,807
T-CAM-D,26,3,3000,30000,0.551047,0.555149,3.01641,0.848388,0.790067,0.651843,0.405191,807
T-CAM-D,26,3,3000,300000,0.500316,0.503733,2.51276,0.756715,0.711944,0.598249,0.383463,807
T-CAM-D,26,3,8000,30000,0.45251,0.455744,2.37807,0.761392,0.688028,0.508597,0.246367,807
T-CAM-D,26,3,8000,300000,0.413951,0.416708,2.02735,0.685497,0.625645,0.471811,0.237685,807
T-CAM-D,26,4,1000,30000,0.608414,0.653407,33.0872,0.826507,0.798118,0.730445,0.590224,807
T-CAM-D,26,4,1000,300000,0.555741,0.591468,26.2733,0.740044,0.721286,0.67066,0.555059,807
T-CAM-D,26,4,3000,30000,0.516657,0.555149,28.3071,0.78203,0.732043,0.61368,0.40179,807
T-CAM-D,26,4,3000,300000,0.47151,0.503733,23.6966,0.701627,0.662956,0.565091,0.380403,807
T-CAM-D,26,4,8000,30000,0.425162,0.455744,22.4897,0.706415,0.641452,0.481552,0.244509,807
T-CAM-D,26,4,8000,300000,0.390534,0.416708,19.2483,0.638778,0.585438,0.447766,0.235967,807
T-CAM-D,26,4.5,1000,30000,0.533937,0.653407,87.857,0.690366,0.673522,0.636651,0.579523,807
T-CAM-D,26,4.5,1000,300000,0.494966,0.591468,70.9667,0.630161,0.618971,0.591471,0.545702,807
T-CAM-D,26,4.5,3000,30000,0.449155,0.555149,77.9473,0.653723,0.618259,0.535628,0.394399,807
T-CAM-D,26,4.5,3000,300000,0.414147,0.503733,65.881,0.593461,0.565638,0.496704,0.373729,807
T-CAM-D,26,4.5,8000,30000,0.370223,0.455744,62.8909,0.597302,0.547775,0.424923,0.240413,807
T-CAM-D,26,4.5,8000,300000,0.342941,0.416708,54.2479,0.54491,0.503736,0.397103,0.232173,807
T-CAM-D,26,5,1000,30000,0.402145,0.653407,184.775,0.460011,0.456115,0.456239,0.555177,807
T-CAM-D,26,5,1000,300000,0.382267,0.591468,153.844,0.434626,0.432337,0.434088,0.524033,807
T-CAM-D,26,5,3000,30000,0.318104,0.555149,174.321,0.413022,0.398838,0.37139,0.376552,807
T-CAM-D,26,5,3000,300000,0.299634,0.503733,150.092,0.384438,0.373101,0.350221,0.357471,807
T-CAM-D,26,5,8000,30000,0.258442,0.455744,145.094,0.381466,0.357419,0.299462,0.230213,807
T-CAM-D,26,5,8000,300000,0.243868,0.416708,127.105,0.354705,0.33427,0.283347,0.222664,807
T-CAM-C,27,3,1000,30000,0.648862,0.653407,3.34234,0.901372,0.865454,0.779528,0.595743,1817
T-CAM-C,27,3,1000,300000,0.587912,0.591468,2.61505,0.798794,0.775261,0.711418,0.559847,1817
T-CAM-C,27,3,3000,30000,0.5513,0.555149,2.83097,0.848378,0.790063,0.652597,0.405498,1817
T-CAM-C,27,3,3000,300000,0.500539,0.503733,2.34934,0.756707,0.71194,0.598902,0.383739,1817
T-CAM-C,27,3,8000,30000,0.452671,0.455744,2.25928,0.761384,0.688025,0.509127,0.24654,1817
T-CAM-C,27,3,8000,300000,0.414097,0.416708,1.92012,0.68549,0.625643,0.472281,0.237844,1817
T-CAM-C,27,4,1000,30000,0.611609,0.653407,30.7377,0.82641,0.798077,0.739013,0.594568,1817
T-CAM-C,27,4,1000,300000,0.558456,0.591468,24.2767,0.739967,0.721254,0.677811,0.558833,1817
T-CAM-C,27,4,3000,30000,0.519036,0.555149,26.5571,0.781942,0.732008,0.620564,0.40475,1817
T-CAM-C,27,4,3000,300000,0.473614,0.503733,22.1496,0.701554,0.662926,0.571087,0.383069,1817
T-CAM-C,27,4,8000,30000,0.426699,0.455744,21.3595,0.706343,0.641424,0.486461,0.246182,1817
T-CAM-C,27,4,8000,300000,0.391924,0.416708,18.2258,0.638717,0.585414,0.452139,0.237515,1817
T-CAM-C,27,4.5,1000,30000,0.542493,0.653407,81.5646,0.690157,0.673434,0.65747,0.591833,1817
T-CAM-C,27,4.5,1000,300000,0.502328,0.591468,65.5524,0.629992,0.618898,0.609204,0.556466,1817
T-CAM-C,27,4.5,3000,30000,0.455757,0.555149,73.092,0.653516,0.618175,0.553369,0.402999,1817
T-CAM-C,27,4.5,3000,300000,0.420021,0.503733,61.561,0.593286,0.565566,0.512319,0.381497,1817
T-CAM-C,27,4.5,8000,30000,0.374561,0.455744,59.7007,0.597128,0.547707,0.437952,0.245344,1817
T-CAM-C,27,4.5,8000,300000,0.346885,0.416708,51.3475,0.54476,0.503677,0.4088,0.236742,1817
T-CAM-C,27,5,1000,30000,0.419818,0.653407,171.779,0.459767,0.456006,0.49014,0.583913,1817
T-CAM-C,27,5,1000,300000,0.39788,0.591468,142.363,0.434419,0.432244,0.464202,0.549579,1817
T-CAM-C,27,5,3000,30000,0.332736,0.555149,163.561,0.412733,0.398717,0.403626,0.397839,1817
T-CAM-C,27,5,3000,300000,0.312845,0.503733,140.377,0.384188,0.372996,0.379262,0.376857,1817
T-CAM-C,27,5,8000,30000,0.268446,0.455744,137.737,0.381198,0.357313,0.324809,0.242873,1817
T-CAM-C,27,5,8000,300000,0.253068,0.416708,120.34,0.354469,0.334176,0.306499,0.23446,1817
T-CAM-D,27,3,1000,30000,0.648502,0.653407,3.60699,0.901371,0.865434,0.778532,0.595277,1817
T-CAM-D,27,3,1000,300000,0.587608,0.591468,2.83826,0.798793,0.775245,0.710595,0.559443,1817
T-CAM-D,27,3,3000,30000,0.551035,0.555149,3.02525,0.848376,0.790046,0.65182,0.405183,1817
T-CAM-D,27,3,3000,300000,0.500306,0.503733,2.52035,0.756706,0.711926,0.598229,0.383456,1817
T-CAM-D,27,3,8000,30000,0.452501,0.455744,2.38438,0.761383,0.688011,0.508581,0.246363,1817
T-CAM-D,27,3,8000,300000,0.413944,0.416708,2.03288,0.685489,0.625631,0.471796,0.237681,1817
T-CAM-D,27,4,1000,30000,0.60828,0.653407,33.1855,0.826398,0.797907,0.730189,0.590123,1817
T-CAM-D,27,4,1000,300000,0.55563,0.591468,26.3546,0.739958,0.721116,0.670447,0.554971,1817
T-CAM-D,27,4,3000,30000,0.516548,0.555149,28.3868,0.781932,0.731858,0.613474,0.401721,1817
T-CAM-D,27,4,3000,300000,0.471416,0.503733,23.7655,0.701545,0.6628,0.564912,0.380341,1817
T-CAM-D,27,4,8000,30000,0.425083,0.455744,22.5473,0.706334,0.641304,0.481405,0.244469,1817
T-CAM-D,27,4,8000,300000,0.390465,0.416708,19.299,0.63871,0.58531,0.447635,0.235931,1817
T-CAM-D,27,4.5,1000,30000,0.533621,0.653407,88.0894,0.690132,0.673056,0.636046,0.579257,1817
T-CAM-D,27,4.5,1000,300000,0.494698,0.591468,71.1635,0.629971,0.618583,0.590955,0.545468,1817
T-CAM-D,27,4.5,3000,30000,0.448882,0.555149,78.1479,0.653491,0.617818,0.535108,0.394208,1817
T-CAM-D,27,4.5,3000,300000,0.413908,0.503733,66.0564,0.593265,0.565258,0.496246,0.373556,1817
T-CAM-D,27,4.5,8000,30000,0.370022,0.455744,63.039,0.597107,0.54741,0.424538,0.240302,1817
T-CAM-D,27,4.5,8000,300000,0.342761,0.416708,54.3799,0.544742,0.503416,0.396757,0.23207,1817
T-CAM-D,27,5,1000,30000,0.401658,0.653407,185.133,0.459739,0.45549,0.4553,0.554656,1817
T-CAM-D,27,5,1000,300000,0.381837,0.591468,154.16,0.434396,0.431789,0.433251,0.523563,1817
T-CAM-D,27,5,3000,30000,0.317638,0.555149,174.664,0.412699,0.398167,0.370487,0.376147,1817
T-CAM-D,27,5,3000,300000,0.299217,0.503733,150.399,0.38416,0.372505,0.349405,0.3571,1817
T-CAM-D,27,5,8000,30000,0.258076,0.455744,145.363,0.381167,0.35682,0.298746,0.229964,1817
T-CAM-D,27,5,8000,300000,0.243537,0.416708,127.348,0.354442,0.333732,0.282692,0.222431,1817
T-CAM-C,28,3,1000,30000,0.648964,0.653407,3.26722,0.901422,0.865602,0.780017,0.595748,2165
T-CAM-C,28,3,1000,300000,0.587995,0.591468,2.55397,0.798833,0.775379,0.711821,0.559851,2165
T-CAM-C,28,3,3000,30000,0.551382,0.555149,2.77066,0.848421,0.790188,0.652978,0.405501,2165
T-CAM-C,28,3,3000,300000,0.500609,0.503733,2.29772,0.756743,0.712046,0.599232,0.383741,2165
T-CAM-C,28,3,8000,30000,0.452732,0.455744,2.21481,0.761419,0.688124,0.509396,0.246542,2165
T-CAM-C,28,3,8000,300000,0.41415,0.416708,1.88121,0.68552,0.625728,0.472519,0.237846,2165
T-CAM-C,28,4,1000,30000,0.61251,0.653407,30.0746,0.826829,0.799334,0.743408,0.594615,2165
T-CAM-C,28,4,1000,300000,0.559198,0.591468,23.7309,0.740298,0.72227,0.681471,0.558873,2165
T-CAM-C,28,4,3000,30000,0.519782,0.555149,26.0087,0.782321,0.73311,0.624087,0.404782,2165
T-CAM-C,28,4,3000,300000,0.474256,0.503733,21.6774,0.70187,0.663861,0.574152,0.383097,2165
T-CAM-C,28,4,8000,30000,0.427255,0.455744,20.9506,0.706655,0.642312,0.488975,0.2462,2165
T-CAM-C,28,4,8000,300000,0.392413,0.416708,17.8661,0.638984,0.586184,0.454376,0.237531,2165
T-CAM-C,28,4.5,1000,30000,0.544681,0.653407,79.9554,0.691061,0.676229,0.668468,0.591973,2165
T-CAM-C,28,4.5,1000,300000,0.504171,0.591468,64.1977,0.63073,0.621228,0.618534,0.556588,2165
T-CAM-C,28,4.5,3000,30000,0.457669,0.555149,71.6861,0.654406,0.620818,0.562667,0.403095,2165
T-CAM-C,28,4.5,3000,300000,0.421688,0.503733,60.3355,0.594043,0.567845,0.520484,0.381583,2165
T-CAM-C,28,4.5,8000,30000,0.376021,0.455744,58.6275,0.597886,0.549909,0.444766,0.245398,2165
T-CAM-C,28,4.5,8000,300000,0.348181,0.416708,50.394,0.545417,0.50561,0.414905,0.236792,2165
T-CAM-C,28,5,1000,30000,0.423488,0.653407,169.08,0.460892,0.459837,0.509198,0.584304,2165
T-CAM-C,28,5,1000,300000,0.4011,0.591468,139.995,0.435388,0.435622,0.481019,0.549921,2165
T-CAM-C,28,5,3000,30000,0.336246,0.555149,160.979,0.414018,0.402803,0.421522,0.398114,2165
T-CAM-C,28,5,3000,300000,0.315979,0.503733,138.073,0.385311,0.376637,0.39532,0.377106,2165
T-CAM-C,28,5,8000,30000,0.271265,0.455744,135.664,0.38239,0.360971,0.338767,0.243032,2165
T-CAM-C,28,5,8000,300000,0.255621,0.416708,118.462,0.355528,0.337472,0.31921,0.234608,2165
T-CAM-D,28,3,1000,30000,0.648598,0.653407,3.5359,0.901417,0.865545,0.778824,0.595342,2165
T-CAM-D,28,3,1000,300000,0.587688,0.591468,2.77966,0.798829,0.775333,0.710836,0.5595,2165
T-CAM-D,28,3,3000,30000,0.55111,0.555149,2.97011,0.848417,0.790139,0.652048,0.405228,2165
T-CAM-D,28,3,3000,300000,0.500371,0.503733,2.4727,0.756739,0.712005,0.598426,0.383496,2165
T-CAM-D,28,3,8000,30000,0.452554,0.455744,2.34566,0.761416,0.688085,0.508741,0.246388,2165
T-CAM-D,28,3,8000,300000,0.41399,0.416708,1.9987,0.685517,0.625695,0.471939,0.237704,2165
T-CAM-D,28,4,1000,30000,0.609133,0.653407,32.5586,0.826787,0.798845,0.732752,0.590732,2165
T-CAM-D,28,4,1000,300000,0.556341,0.591468,25.8318,0.740265,0.721874,0.672586,0.555501,2165
T-CAM-D,28,4,3000,30000,0.517229,0.555149,27.8861,0.782283,0.732681,0.61554,0.402139,2165
T-CAM-D,28,4,3000,300000,0.472008,0.503733,23.3302,0.701839,0.663497,0.566711,0.380717,2165
T-CAM-D,28,4,8000,30000,0.425567,0.455744,22.1916,0.706624,0.641966,0.482881,0.244706,2165
T-CAM-D,28,4,8000,300000,0.390894,0.416708,18.9835,0.638957,0.585884,0.44895,0.23615,2165
T-CAM-D,28,4.5,1000,30000,0.535679,0.653407,86.5757,0.690971,0.675137,0.642161,0.58088,2165
T-CAM-D,28,4.5,1000,300000,0.496453,0.591468,69.8731,0.630656,0.620317,0.596172,0.546895,2165
T-CAM-D,28,4.5,3000,30000,0.45062,0.555149,76.8697,0.654318,0.619787,0.540354,0.395365,2165
T-CAM-D,28,4.5,3000,300000,0.415437,0.503733,64.9321,0.593967,0.566956,0.500867,0.374604,2165
T-CAM-D,28,4.5,8000,30000,0.371286,0.455744,62.1093,0.59781,0.549048,0.428408,0.240973,2165
T-CAM-D,28,4.5,8000,300000,0.343894,0.416708,53.5471,0.545351,0.504854,0.400233,0.232693,2165
T-CAM-D,28,5,1000,30000,0.405012,0.653407,182.667,0.460775,0.458323,0.464912,0.557885,2165
T-CAM-D,28,5,1000,300000,0.384817,0.591468,151.969,0.435286,0.434285,0.441815,0.526473,2165
T-CAM-D,28,5,3000,30000,0.320754,0.555149,172.372,0.413888,0.401195,0.379702,0.378646,2165
T-CAM-D,28,5,3000,300000,0.302023,0.503733,148.335,0.385196,0.375202,0.357721,0.359391,2165
T-CAM-D,28,5,8000,30000,0.260471,0.455744,143.602,0.382269,0.35953,0.306041,0.231494,2165
T-CAM-D,28,5,8000,300000,0.245723,0.416708,125.741,0.35542,0.336172,0.289364,0.223863,2165
T-CAM-C,29,3,1000,30000,0.649008,0.653407,3.23447,0.901424,0.865628,0.780235,0.595769,2978
T-CAM-C,29,3,1000,300000,0.588032,0.591468,2.5268,0.798834,0.7754,0.712001,0.559869,2978
T-CAM-C,29,3,3000,30000,0.551416,0.555149,2.74547,0.848422,0.790209,0.653148,0.405515,2978
T-CAM-C,29,3,3000,300000,0.500639,0.503733,2.27584,0.756744,0.712064,0.59938,0.383754,2978
T-CAM-C,29,3,8000,30000,0.452756,0.455744,2.19734,0.76142,0.688141,0.509516,0.246549,2978
T-CAM-C,29,3,8000,300000,0.414171,0.416708,1.86569,0.685521,0.625743,0.472626,0.237853,2978
T-CAM-C,29,4,1000,30000,0.612921,0.653407,29.7728,0.826841,0.799552,0.745386,0.594819,2978
T-CAM-C,29,4,1000,300000,0.559541,0.591468,23.4787,0.740308,0.722446,0.683118,0.55905,2978
T-CAM-C,29,4,3000,30000,0.520103,0.555149,25.7723,0.782332,0.733301,0.625669,0.40492,2978
T-CAM-C,29,4,3000,300000,0.474536,0.503733,21.4712,0.70188,0.664023,0.575528,0.383221,2978
T-CAM-C,29,4,8000,30000,0.427479,0.455744,20.7855,0.706664,0.642466,0.490102,0.246278,2978
T-CAM-C,29,4,8000,300000,0.392614,0.416708,17.7189,0.638992,0.586317,0.455379,0.237603,2978
T-CAM-C,29,4.5,1000,30000,0.545771,0.653407,79.1538,0.691088,0.676716,0.673507,0.592595,2978
T-CAM-C,29,4.5,1000,300000,0.505096,0.591468,63.5174,0.630752,0.621634,0.622801,0.557128,2978
T-CAM-C,29,4.5,3000,30000,0.458552,0.555149,71.0365,0.654432,0.621277,0.566901,0.403519,2978
T-CAM-C,29,4.5,3000,300000,0.422465,0.503733,59.7641,0.594065,0.568241,0.524199,0.381965,2978
T-CAM-C,29,4.5,8000,30000,0.376646,0.455744,58.1674,0.597909,0.550292,0.447857,0.245639,2978
T-CAM-C,29,4.5,8000,300000,0.348743,0.416708,49.981,0.545437,0.505946,0.417673,0.237014,2978
T-CAM-C,29,5,1000,30000,0.425763,0.653407,167.407,0.460928,0.460513,0.518253,0.586054,2978
T-CAM-C,29,5,1000,300000,0.403085,0.591468,138.535,0.43542,0.436219,0.488981,0.551453,2978
T-CAM-C,29,5,3000,30000,0.338196,0.555149,159.545,0.414058,0.403521,0.429948,0.399342,2978
T-CAM-C,29,5,3000,300000,0.317723,0.503733,136.79,0.385347,0.377278,0.402867,0.378215,2978
T-CAM-C,29,5,8000,30000,0.272684,0.455744,134.62,0.382427,0.361614,0.345296,0.243738,2978
T-CAM-C,29,5,8000,300000,0.256913,0.416708,117.512,0.355561,0.338053,0.325147,0.235262,2978
T-CAM-D,29,3,1000,30000,0.648597,0.653407,3.5369,0.901418,0.865557,0.778836,0.595332,2978
T-CAM-D,29,3,1000,300000,0.587687,0.591468,2.78062,0.79883,0.775343,0.710845,0.559491,2978
T-CAM-D,29,3,3000,30000,0.55111,0.555149,2.97056,0.848417,0.790149,0.652057,0.405221,2978
T-CAM-D,29,3,3000,300000,0.50037,0.503733,2.47317,0.75674,0.712013,0.598434,0.38349,2978
T-CAM-D,29,3,8000,30000,0.452554,0.455744,2.34563,0.761416,0.688093,0.508748,0.246384,2978
T-CAM-D,29,3,8000,300000,0.41399,0.416708,1.99873,0.685518,0.625702,0.471944,0.237701,2978
T-CAM-D,29,4,1000,30000,0.609118,0.653407,32.5692,0.826795,0.798947,0.732853,0.590637,2978
T-CAM-D,29,4,1000,300000,0.556328,0.591468,25.8417,0.740271,0.721957,0.672671,0.555418,2978
T-CAM-D,29,4,3000,30000,0.517222,0.555149,27.8912,0.78229,0.732771,0.615622,0.402073,2978
T-CAM-D,29,4,3000,300000,0.472001,0.503733,23.3353,0.701844,0.663573,0.566782,0.380658,2978
T-CAM-D,29,4,8000,30000,0.425567,0.455744,22.192,0.70663,0.642038,0.48294,0.244669,2978
T-CAM-D,29,4,8000,300000,0.390893,0.416708,18.9843,0.638962,0.585946,0.449003,0.236116,2978
T-CAM-D,29,4.5,1000,30000,0.535632,0.653407,86.6105,0.690987,0.675365,0.642405,0.580623,2978
T-CAM-D,29,4.5,1000,300000,0.49641,0.591468,69.9045,0.630669,0.620507,0.59638,0.54667,2978
T-CAM-D,29,4.5,3000,30000,0.450594,0.555149,76.8886,0.654333,0.620002,0.540563,0.395183,2978
T-CAM-D,29,4.5,3000,300000,0.415413,0.503733,64.9502,0.593981,0.567142,0.501051,0.374439,2978
T-CAM-D,29,4.5,8000,30000,0.37128,0.455744,62.1138,0.597824,0.549228,0.428563,0.240868,2978
T-CAM-D,29,4.5,8000,300000,0.343887,0.416708,53.5522,0.545363,0.505012,0.400372,0.232595,2978
T-CAM-D,29,5,1000,30000,0.404891,0.653407,182.756,0.460797,0.458638,0.465297,0.557365,2978
T-CAM-D,29,5,1000,300000,0.384709,0.591468,152.049,0.435306,0.434563,0.442158,0.526005,2978
T-CAM-D,29,5,3000,30000,0.320673,0.555149,172.432,0.413912,0.401531,0.380072,0.378246,2978
T-CAM-D,29,5,3000,300000,0.301948,0.503733,148.391,0.385218,0.375501,0.358055,0.359024,2978
T-CAM-D,29,5,8000,30000,0.260435,0.455744,143.628,0.382291,0.359831,0.306335,0.231249,2978
T-CAM-D,29,5,8000,300000,0.245689,0.416708,125.766,0.355439,0.336444,0.289632,0.223634,2978
T-CAM-C,30,3,1000,30000,0.649064,0.653407,3.19323,0.901423,0.865645,0.780514,0.595798,1924
T-CAM-C,30,3,1000,300000,0.588079,0.591468,2.49255,0.798834,0.775413,0.712231,0.559894,1924
T-CAM-C,30,3,3000,30000,0.551459,0.555149,2.71392,0.848422,0.790224,0.653366,0.405534,1924
T-CAM-C,30,3,3000,300000,0.500676,0.503733,2.2484,0.756744,0.712076,0.599569,0.383772,1924
T-CAM-C,30,3,8000,30000,0.452785,0.455744,2.17564,0.76142,0.688152,0.509669,0.24656,1924
T-CAM-C,30,3,8000,300000,0.414197,0.416708,1.84638,0.685521,0.625752,0.472762,0.237863,1924
T-CAM-C,30,4,1000,30000,0.613442,0.653407,29.3895,0.826838,0.799698,0.747934,0.595105,1924
T-CAM-C,30,4,1000,300000,0.559977,0.591468,23.158,0.740306,0.722564,0.685237,0.559298,1924
T-CAM-C,30,4,3000,30000,0.520509,0.555149,25.4742,0.782329,0.733429,0.627703,0.405113,1924
T-CAM-C,30,4,3000,300000,0.47489,0.503733,21.211,0.701877,0.664132,0.577296,0.383395,1924
T-CAM-C,30,4,8000,30000,0.42776,0.455744,20.5792,0.706662,0.642569,0.49155,0.246386,1924
T-CAM-C,30,4,8000,300000,0.392864,0.416708,17.5348,0.638989,0.586407,0.456666,0.237704,1924
T-CAM-C,30,4.5,1000,30000,0.547183,0.653407,78.1154,0.691081,0.677043,0.680072,0.593473,1924
T-CAM-C,30,4.5,1000,300000,0.506293,0.591468,62.637,0.630746,0.621907,0.628352,0.55789,1924
T-CAM-C,30,4.5,3000,30000,0.459684,0.555149,70.2045,0.654425,0.621585,0.572395,0.404116,1924
T-CAM-C,30,4.5,3000,300000,0.42346,0.503733,59.0323,0.594059,0.568507,0.529016,0.382503,1924
T-CAM-C,30,4.5,8000,30000,0.377439,0.455744,57.5847,0.597902,0.550549,0.451859,0.245976,1924
T-CAM-C,30,4.5,8000,300000,0.349454,0.416708,49.4578,0.545431,0.506172,0.421255,0.237326,1924
T-CAM-C,30,5,1000,30000,0.428849,0.653407,165.137,0.460917,0.460969,0.530357,0.588585,1924
T-CAM-C,30,5,1000,300000,0.405768,0.591468,136.562,0.435411,0.436622,0.499597,0.553663,1924
T-CAM-C,30,5,3000,30000,0.340796,0.555149,157.633,0.414047,0.404005,0.441141,0.401102,1924
T-CAM-C,30,5,3000,300000,0.320045,0.503733,135.083,0.385337,0.37771,0.412876,0.379804,1924
T-CAM-C,30,5,8000,30000,0.274547,0.455744,133.25,0.382416,0.362047,0.353931,0.244747,1924
T-CAM-C,30,5,8000,300000,0.258608,0.416708,116.266,0.355551,0.338443,0.33299,0.236196,1924
T-CAM-D,30,3,1000,30000,0.648724,0.653407,3.44333,0.90142,0.865593,0.779292,0.595455,1924
T-CAM-D,30,3,1000,300000,0.587793,0.591468,2.70227,0.798831,0.775371,0.711222,0.559597,1924
T-CAM-D,30,3,3000,30000,0.551205,0.555149,2.90041,0.848419,0.790179,0.652413,0.405304,1924
T-CAM-D,30,3,3000,300000,0.500454,0.503733,2.41179,0.756741,0.712039,0.598743,0.383564,1924
T-CAM-D,30,3,8000,30000,0.452618,0.455744,2.2989,0.761417,0.688117,0.508998,0.246431,1924
T-CAM-D,30,3,8000,300000,0.414047,0.416708,1.9569,0.685519,0.625722,0.472167,0.237744,1924
T-CAM-D,30,4,1000,30000,0.61027,0.653407,31.7219,0.826809,0.79925,0.736899,0.591791,1924
T-CAM-D,30,4,1000,300000,0.557301,0.591468,25.1262,0.740282,0.722202,0.676046,0.556422,1924
T-CAM-D,30,4,3000,30000,0.518106,0.555149,27.2411,0.782303,0.733036,0.618875,0.402863,1924
T-CAM-D,30,4,3000,300000,0.472778,0.503733,22.7641,0.701855,0.663799,0.569615,0.38137,1924
T-CAM-D,30,4,8000,30000,0.426161,0.455744,21.7545,0.70664,0.642253,0.485263,0.245117,1924
T-CAM-D,30,4,8000,300000,0.391427,0.416708,18.5914,0.638971,0.586132,0.451071,0.23653,1924
T-CAM-D,30,4.5,1000,30000,0.538564,0.653407,84.4538,0.691017,0.676042,0.65223,0.583774,1924
T-CAM-D,30,4.5,1000,300000,0.498929,0.591468,68.0522,0.630694,0.621072,0.604747,0.549435,1924
T-CAM-D,30,4.5,3000,30000,0.45295,0.555149,75.1566,0.654363,0.620641,0.548943,0.397412,1924
T-CAM-D,30,4.5,3000,300000,0.417501,0.503733,63.4144,0.594006,0.567692,0.508426,0.376456,1924
T-CAM-D,30,4.5,8000,30000,0.372899,0.455744,60.923,0.597849,0.549761,0.434726,0.242155,1924
T-CAM-D,30,4.5,8000,300000,0.345351,0.416708,52.475,0.545385,0.50548,0.405903,0.233789,1924
T-CAM-D,30,5,1000,30000,0.41024,0.653407,178.822,0.460835,0.459577,0.481283,0.564003,1924
T-CAM-D,30,5,1000,300000,0.389465,0.591468,148.551,0.435339,0.435392,0.456357,0.53196,1924
T-CAM-D,30,5,3000,30000,0.32536,0.555149,168.985,0.413955,0.402527,0.395285,0.383312,1924
T-CAM-D,30,5,3000,300000,0.306186,0.503733,145.274,0.385256,0.376391,0.371759,0.363659,1924
T-CAM-D,30,5,8000,30000,0.263823,0.455744,141.137,0.382332,0.360723,0.31831,0.234319,1924
T-CAM-D,30,5,8000,300000,0.2488,0.416708,123.478,0.355475,0.337249,0.300569,0.226503,1924
T-CAM-C,31,3,1000,30000,0.649128,0.653407,3.14676,0.901471,0.8658,0.780706,0.595794,1228
T-CAM-C,31,3,1000,300000,0.588129,0.591468,2.45519,0.798871,0.775537,0.71239,0.559891,1228
T-CAM-C,31,3,3000,30000,0.551511,0.555149,2.67567,0.848464,0.790354,0.653516,0.405532,1228
T-CAM-C,31,3,3000,300000,0.50072,0.503733,2.21597,0.756778,0.712186,0.599699,0.38377,1228
T-CAM-C,31,3,8000,30000,0.452825,0.455744,2.14636,0.761454,0.688256,0.509775,0.246559,1228
T-CAM-C,31,3,8000,300000,0.414232,0.416708,1.82099,0.685549,0.625842,0.472856,0.237862,1228
T-CAM-C,31,4,1000,30000,0.613994,0.653407,28.9835,0.82724,0.801017,0.749696,0.595072,1228
T-CAM-C,31,4,1000,300000,0.560427,0.591468,22.8271,0.740624,0.72363,0.686701,0.559269,1228
T-CAM-C,31,4,3000,30000,0.520978,0.555149,25.1291,0.782692,0.734584,0.629109,0.40509,1228
T-CAM-C,31,4,3000,300000,0.475291,0.503733,20.9162,0.702181,0.665112,0.578518,0.383375,1228
T-CAM-C,31,4,8000,30000,0.428124,0.455744,20.3116,0.706964,0.643502,0.492553,0.246374,1228
T-CAM-C,31,4,8000,300000,0.393181,0.416708,17.3014,0.639248,0.587215,0.457558,0.237692,1228
T-CAM-C,31,4.5,1000,30000,0.548493,0.653407,77.1525,0.691954,0.680001,0.684658,0.59337,1228
T-CAM-C,31,4.5,1000,300000,0.507387,0.591468,61.832,0.631464,0.624373,0.632223,0.557801,1228
T-CAM-C,31,4.5,3000,30000,0.460867,0.555149,69.3345,0.65528,0.624374,0.576226,0.404046,1228
T-CAM-C,31,4.5,3000,300000,0.424484,0.503733,58.2789,0.594787,0.570913,0.532371,0.38244,1228
T-CAM-C,31,4.5,8000,30000,0.378381,0.455744,56.8918,0.598639,0.552876,0.454654,0.245937,1228
T-CAM-C,31,4.5,8000,300000,0.350286,0.416708,48.8464,0.54607,0.508215,0.423754,0.23729,1228
T-CAM-C,31,5,1000,30000,0.430911,0.653407,163.621,0.462062,0.465105,0.539003,0.588285,1228
T-CAM-C,31,5,1000,300000,0.407577,0.591468,135.232,0.436411,0.44027,0.507159,0.553401,1228
T-CAM-C,31,5,3000,30000,0.342869,0.555149,156.109,0.415318,0.408396,0.449103,0.400894,1228
T-CAM-C,31,5,3000,300000,0.321891,0.503733,133.725,0.38646,0.381625,0.419984,0.379616,1228
T-CAM-C,31,5,8000,30000,0.2763,0.455744,131.961,0.383596,0.365976,0.360068,0.244628,1228
T-CAM-C,31,5,8000,300000,0.26019,0.416708,115.102,0.356606,0.341986,0.338557,0.236086,1228
T-CAM-D,31,3,1000,30000,0.648688,0.653407,3.47014,0.901461,0.86567,0.779118,0.595385,1228
T-CAM-D,31,3,1000,300000,0.587761,0.591468,2.72569,0.798863,0.775433,0.711079,0.559537,1228
T-CAM-D,31,3,3000,30000,0.551181,0.555149,2.91847,0.848455,0.790245,0.652278,0.405257,1228
T-CAM-D,31,3,3000,300000,0.500431,0.503733,2.42825,0.756771,0.712093,0.598626,0.383522,1228
T-CAM-D,31,3,8000,30000,0.452604,0.455744,2.30865,0.761447,0.688169,0.508903,0.246404,1228
T-CAM-D,31,3,8000,300000,0.414035,0.416708,1.96615,0.685543,0.625767,0.472082,0.237719,1228
T-CAM-D,31,4,1000,30000,0.609921,0.653407,31.9786,0.827154,0.799905,0.735356,0.591135,1228
T-CAM-D,31,4,1000,300000,0.556996,0.591468,25.35,0.740556,0.722731,0.674759,0.555851,1228
T-CAM-D,31,4,3000,30000,0.517867,0.555149,27.4172,0.782615,0.733612,0.617636,0.402415,1228
T-CAM-D,31,4,3000,300000,0.472561,0.503733,22.924,0.702116,0.664287,0.568536,0.380966,1228
T-CAM-D,31,4,8000,30000,0.426029,0.455744,21.8517,0.7069,0.642717,0.48438,0.244863,1228
T-CAM-D,31,4,8000,300000,0.391303,0.416708,18.683,0.639193,0.586535,0.450284,0.236295,1228
T-CAM-D,31,4.5,1000,30000,0.537586,0.653407,85.1733,0.691767,0.677505,0.648457,0.581969,1228
T-CAM-D,31,4.5,1000,300000,0.498074,0.591468,68.6811,0.63131,0.622292,0.601535,0.547852,1228
T-CAM-D,31,4.5,3000,30000,0.452248,0.555149,75.6723,0.655098,0.622024,0.545734,0.396138,1228
T-CAM-D,31,4.5,3000,300000,0.416865,0.503733,63.8817,0.594631,0.568885,0.505602,0.375304,1228
T-CAM-D,31,4.5,8000,30000,0.372495,0.455744,61.2205,0.598482,0.550916,0.432371,0.24142,1228
T-CAM-D,31,4.5,8000,300000,0.344973,0.416708,52.753,0.545934,0.506494,0.40379,0.233108,1228
T-CAM-D,31,5,1000,30000,0.40815,0.653407,180.359,0.461815,0.461603,0.475059,0.560132,1228
T-CAM-D,31,5,1000,300000,0.387602,0.591468,149.921,0.436195,0.437179,0.450835,0.528492,1228
T-CAM-D,31,5,3000,30000,0.323696,0.555149,170.209,0.415045,0.404685,0.389383,0.380371,1228
T-CAM-D,31,5,3000,300000,0.304671,0.503733,146.389,0.386218,0.378314,0.366446,0.36097,1228
T-CAM-D,31,5,8000,30000,0.262772,0.455744,141.91,0.383343,0.362657,0.31368,0.232543,1228
T-CAM-D,31,5,8000,300000,0.247821,0.416708,124.198,0.356379,0.338992,0.296341,0.224844,1228
T-CAM-C,32,3,1000,30000,0.649199,0.653407,3.09396,0.901482,0.865871,0.781017,0.595818,491
T-CAM-C,32,3,1000,300000,0.588188,0.591468,2.41178,0.79888,0.775593,0.712646,0.559911,491
T-CAM-C,32,3,3000,30000,0.551567,0.555149,2.6343,0.848473,0.790414,0.653759,0.405548,491
T-CAM-C,32,3,3000,300000,0.500768,0.503733,2.18028,0.756786,0.712236,0.599909,0.383784,491
T-CAM-C,32,3,8000,30000,0.452865,0.455744,2.11682,0.761462,0.688303,0.509946,0.246568,491
T-CAM-C,32,3,8000,300000,0.414267,0.416708,1.79493,0.685556,0.625882,0.473008,0.23787,491
T-CAM-C,32,4,1000,30000,0.614654,0.653407,28.4984,0.827331,0.80162,0.752565,0.595304,491
T-CAM-C,32,4,1000,300000,0.560974,0.591468,22.4248,0.740697,0.724118,0.689085,0.55947,491
T-CAM-C,32,4,3000,30000,0.521505,0.555149,24.7418,0.782775,0.735112,0.631394,0.405247,491
T-CAM-C,32,4,3000,300000,0.475747,0.503733,20.5806,0.70225,0.66556,0.580503,0.383515,491
T-CAM-C,32,4,8000,30000,0.428502,0.455744,20.0332,0.707033,0.643928,0.494178,0.246462,491
T-CAM-C,32,4,8000,300000,0.393517,0.416708,17.0549,0.639307,0.587584,0.459003,0.237773,491
T-CAM-C,32,4.5,1000,30000,0.550237,0.653407,75.8695,0.692154,0.681361,0.692225,0.594086,491
T-CAM-C,32,4.5,1000,300000,0.508858,0.591468,60.7503,0.631628,0.625506,0.638603,0.558422,491
T-CAM-C,32,4.5,3000,30000,0.462308,0.555149,68.2747,0.655476,0.625654,0.582513,0.404532,491
T-CAM-C,32,4.5,3000,300000,0.425745,0.503733,57.352,0.594954,0.572016,0.537875,0.382877,491
T-CAM-C,32,4.5,8000,30000,0.379431,0.455744,56.1199,0.598807,0.553941,0.459221,0.246211,491
T-CAM-C,32,4.5,8000,300000,0.351222,0.416708,48.1577,0.546217,0.50915,0.427836,0.237544,491
T-CAM-C,32,5,1000,30000,0.434548,0.653407,160.946,0.462326,0.467026,0.553705,0.590394,491
T-CAM-C,32,5,1000,300000,0.410734,0.591468,132.91,0.436643,0.441963,0.519983,0.555239,491
T-CAM-C,32,5,3000,30000,0.346036,0.555149,153.78,0.415611,0.41043,0.462522,0.402351,491
T-CAM-C,32,5,3000,300000,0.324712,0.503733,131.65,0.386718,0.383438,0.431946,0.38093,491
T-CAM-C,32,5,8000,30000,0.278662,0.455744,130.224,0.383867,0.367793,0.370341,0.245459,491
T-CAM-C,32,5,8000,300000,0.26233,0.416708,113.528,0.356848,0.343623,0.347865,0.236855,491
T-CAM-D,32,3,1000,30000,0.648879,0.653407,3.32958,0.901476,0.865772,0.779809,0.595542,491
T-CAM-D,32,3,1000,300000,0.587921,0.591468,2.60859,0.798875,0.775514,0.711649,0.559672,491
T-CAM-D,32,3,3000,30000,0.551326,0.555149,2.8118,0.848467,0.79033,0.652817,0.405362,491
T-CAM-D,32,3,3000,300000,0.500558,0.503733,2.3353,0.756781,0.712166,0.599093,0.383617,491
T-CAM-D,32,3,8000,30000,0.452703,0.455744,2.23614,0.761457,0.688237,0.509283,0.246464,491
T-CAM-D,32,3,8000,300000,0.414122,0.416708,1.90154,0.685552,0.625825,0.472419,0.237774,491
T-CAM-D,32,4,1000,30000,0.611657,0.653407,30.7021,0.827277,0.800773,0.741531,0.592615,491
T-CAM-D,32,4,1000,300000,0.558455,0.591468,24.2772,0.740654,0.723433,0.679906,0.557138,491
T-CAM-D,32,4,3000,30000,0.519213,0.555149,26.4269,0.782727,0.734371,0.622591,0.403425,491
T-CAM-D,32,4,3000,300000,0.473739,0.503733,22.0572,0.702209,0.664931,0.572849,0.381876,491
T-CAM-D,32,4,8000,30000,0.426953,0.455744,21.1724,0.706993,0.64333,0.487915,0.245435,491
T-CAM-D,32,4,8000,300000,0.392129,0.416708,18.0755,0.639272,0.587066,0.453431,0.236824,491
T-CAM-D,32,4.5,1000,30000,0.542038,0.653407,81.8997,0.692036,0.679452,0.663721,0.586093,491
T-CAM-D,32,4.5,1000,300000,0.50188,0.591468,65.8821,0.631531,0.623915,0.614506,0.551463,491
T-CAM-D,32,4.5,3000,30000,0.455854,0.555149,73.0204,0.655361,0.623858,0.558682,0.399036,491
T-CAM-D,32,4.5,3000,300000,0.420051,0.503733,61.5388,0.594856,0.570467,0.516983,0.377924,491
T-CAM-D,32,4.5,8000,30000,0.375016,0.455744,59.366,0.598708,0.552446,0.441869,0.243087,491
T-CAM-D,32,4.5,8000,300000,0.347245,0.416708,51.0821,0.54613,0.507837,0.412307,0.234653,491
T-CAM-D,32,5,1000,30000,0.416461,0.653407,174.247,0.46217,0.464331,0.500815,0.569266,491
T-CAM-D,32,5,1000,300000,0.394958,0.591468,144.511,0.436505,0.439586,0.473627,0.536652,491
T-CAM-D,32,5,3000,30000,0.331003,0.555149,164.835,0.415438,0.407577,0.413706,0.387251,491
T-CAM-D,32,5,3000,300000,0.311256,0.503733,141.546,0.386565,0.380894,0.388308,0.36725,491
T-CAM-D,32,5,8000,30000,0.268112,0.455744,137.982,0.383707,0.365244,0.33272,0.236675,491
T-CAM-D,32,5,8000,300000,0.252711,0.416708,120.602,0.356705,0.341325,0.313703,0.2287,491
T-CAM-C,33,3,1000,30000,0.648787,0.653407,3.39689,0.901368,0.865435,0.779189,0.595692,1612
T-CAM-C,33,3,1000,300000,0.58785,0.591468,2.66056,0.798791,0.775246,0.711138,0.559803,1612
T-CAM-C,33,3,3000,30000,0.551244,0.555149,2.87219,0.848374,0.790047,0.652332,0.405464,1612
T-CAM-C,33,3,3000,300000,0.50049,0.503733,2.38532,0.756704,0.711927,0.598673,0.383708,1612
T-CAM-C,33,3,8000,30000,0.452634,0.455744,2.28704,0.761381,0.688012,0.508941,0.246521,1612
T-CAM-C,33,3,8000,300000,0.414063,0.416708,1.94492,0.685488,0.625632,0.472116,0.237827,1612
T-CAM-C,33,4,1000,30000,0.610923,0.653407,31.2417,0.826377,0.797916,0.735991,0.594071,1612
T-CAM-C,33,4,1000,300000,0.55788,0.591468,24.7002,0.739942,0.721123,0.675291,0.558401,1612
T-CAM-C,33,4,3000,30000,0.518509,0.555149,26.9447,0.781913,0.731866,0.618139,0.404414,1612
T-CAM-C,33,4,3000,300000,0.473152,0.503733,22.4893,0.70153,0.662806,0.568976,0.382766,1612
T-CAM-C,33,4,8000,30000,0.426341,0.455744,21.6224,0.70632,0.64131,0.484732,0.245992,1612
T-CAM-C,33,4,8000,300000,0.391604,0.416708,18.4613,0.638698,0.585316,0.4506,0.237339,1612
T-CAM-C,33,4.5,1000,30000,0.540663,0.653407,82.9107,0.690089,0.673076,0.650027,0.590336,1612
T-CAM-C,33,4.5,1000,300000,0.500768,0.591468,66.6996,0.629937,0.6186,0.602876,0.555164,1612
T-CAM-C,33,4.5,3000,30000,0.454301,0.555149,74.1625,0.653448,0.617837,0.547052,0.401973,1612
T-CAM-C,33,4.5,3000,300000,0.418736,0.503733,62.5061,0.593228,0.565274,0.506765,0.380573,1612
T-CAM-C,33,4.5,8000,30000,0.37356,0.455744,60.4367,0.597072,0.547426,0.433321,0.244762,1612
T-CAM-C,33,4.5,8000,300000,0.345982,0.416708,52.011,0.544711,0.50343,0.404646,0.236204,1612
T-CAM-C,33,5,1000,30000,0.415967,0.653407,174.611,0.459695,0.455522,0.477688,0.579851,1612
T-CAM-C,33,5,1000,300000,0.39451,0.591468,144.841,0.43436,0.431817,0.453172,0.546013,1612
T-CAM-C,33,5,3000,30000,0.329494,0.555149,165.945,0.412643,0.398199,0.391852,0.394957,1612
T-CAM-C,33,5,3000,300000,0.309939,0.503733,142.515,0.384112,0.372535,0.368672,0.374249,1612
T-CAM-C,33,5,8000,30000,0.266153,0.455744,139.423,0.381114,0.35685,0.315591,0.241204,1612
T-CAM-C,33,5,8000,300000,0.250974,0.416708,121.879,0.354396,0.333759,0.29809,0.232912,1612
T-CAM-D,33,3,1000,30000,0.648449,0.653407,3.64599,0.901367,0.865416,0.778362,0.59522,1612
T-CAM-D,33,3,1000,300000,0.587564,0.591468,2.87093,0.79879,0.775231,0.710454,0.559394,1612
T-CAM-D,33,3,3000,30000,0.550996,0.555149,3.05441,0.848373,0.790031,0.651687,0.405146,1612
T-CAM-D,33,3,3000,300000,0.500271,0.503733,2.54588,0.756703,0.711914,0.598114,0.383422,1612
T-CAM-D,33,3,8000,30000,0.452475,0.455744,2.40369,0.76138,0.687999,0.508487,0.246342,1612
T-CAM-D,33,3,8000,300000,0.41392,0.416708,2.05017,0.685487,0.625621,0.471713,0.237661,1612
T-CAM-D,33,4,1000,30000,0.607808,0.653407,33.533,0.826365,0.797756,0.728697,0.589606,1612
T-CAM-D,33,4,1000,300000,0.555231,0.591468,26.6485,0.739932,0.720994,0.669199,0.554521,1612
T-CAM-D,33,4,3000,30000,0.516185,0.555149,28.6538,0.781902,0.731726,0.61227,0.401366,1612
T-CAM-D,33,4,3000,300000,0.471097,0.503733,24.0004,0.70152,0.662687,0.563862,0.38002,1612
T-CAM-D,33,4,8000,30000,0.42484,0.455744,22.7262,0.706311,0.641198,0.480545,0.244267,1612
T-CAM-D,33,4,8000,300000,0.390246,0.416708,19.4599,0.63869,0.585218,0.446869,0.235744,1612
T-CAM-D,33,4.5,1000,30000,0.532458,0.653407,88.9442,0.690063,0.672722,0.632516,0.577902,1612
T-CAM-D,33,4.5,1000,300000,0.493697,0.591468,71.9,0.629916,0.618304,0.587939,0.544275,1612
T-CAM-D,33,4.5,3000,30000,0.44794,0.555149,78.8407,0.653422,0.617502,0.532073,0.393237,1612
T-CAM-D,33,4.5,3000,300000,0.413072,0.503733,66.6717,0.593207,0.564985,0.49357,0.372676,1612
T-CAM-D,33,4.5,8000,30000,0.369374,0.455744,63.5152,0.597051,0.547147,0.422298,0.239737,1612
T-CAM-D,33,4.5,8000,300000,0.342175,0.416708,54.8113,0.544693,0.503185,0.394744,0.231546,1612
T-CAM-D,33,5,1000,30000,0.399704,0.653407,186.57,0.459668,0.45504,0.449853,0.552063,1612
T-CAM-D,33,5,1000,300000,0.38009,0.591468,155.445,0.434339,0.431393,0.428388,0.521219,1612
T-CAM-D,33,5,3000,30000,0.315893,0.555149,175.946,0.412609,0.397685,0.365251,0.374123,1612
T-CAM-D,33,5,3000,300000,0.297637,0.503733,151.561,0.384084,0.372076,0.344674,0.355241,1612
T-CAM-D,33,5,8000,30000,0.256804,0.455744,146.299,0.381083,0.35639,0.294591,0.228717,1612
T-CAM-D,33,5,8000,300000,0.242366,0.416708,128.209,0.354369,0.333344,0.278889,0.221263,1612
T-CAM-C,34,3,1000,30000,0.649302,0.653407,3.01868,0.901509,0.866055,0.7814,0.595835,1169
T-CAM-C,34,3,1000,300000,0.588272,0.591468,2.35032,0.798901,0.775739,0.712962,0.559926,1169
T-CAM-C,34,3,3000,30000,0.551649,0.555149,2.57424,0.848496,0.790569,0.654058,0.40556,1169
T-CAM-C,34,3,3000,300000,0.500839,0.503733,2.12875,0.756805,0.712366,0.600167,0.383794,1169
T-CAM-C,34,3,8000,30000,0.452925,0.455744,2.07277,0.761481,0.688426,0.510157,0.246575,1169
T-CAM-C,34,3,8000,300000,0.41432,0.416708,1.75628,0.685572,0.625988,0.473195,0.237876,1169
T-CAM-C,34,4,1000,30000,0.615585,0.653407,27.8136,0.827555,0.803189,0.756128,0.595478,1169
T-CAM-C,34,4,1000,300000,0.561742,0.591468,21.8603,0.740874,0.725386,0.692042,0.55962,1169
T-CAM-C,34,4,3000,30000,0.522264,0.555149,24.1837,0.782977,0.736485,0.634226,0.405364,1169
T-CAM-C,34,4,3000,300000,0.476402,0.503733,20.0993,0.702418,0.666724,0.582963,0.383621,1169
T-CAM-C,34,4,8000,30000,0.429063,0.455744,19.6206,0.707201,0.645035,0.496193,0.246528,1169
T-CAM-C,34,4,8000,300000,0.394011,0.416708,16.6914,0.63945,0.588543,0.460794,0.237834,1169
T-CAM-C,34,4.5,1000,30000,0.552648,0.653407,74.0968,0.692641,0.68492,0.701792,0.594627,1169
T-CAM-C,34,4.5,1000,300000,0.510882,0.591468,59.2619,0.632029,0.62847,0.64665,0.558891,1169
T-CAM-C,34,4.5,3000,30000,0.464351,0.555149,66.7721,0.655951,0.628997,0.590418,0.404898,1169
T-CAM-C,34,4.5,3000,300000,0.427525,0.503733,56.0428,0.595359,0.574897,0.544785,0.383207,1169
T-CAM-C,34,4.5,8000,30000,0.380965,0.455744,54.9912,0.599217,0.556725,0.46495,0.246418,1169
T-CAM-C,34,4.5,8000,300000,0.352586,0.416708,47.1549,0.546572,0.511593,0.432953,0.237734,1169
T-CAM-C,34,5,1000,30000,0.439313,0.653407,157.442,0.462973,0.472104,0.573066,0.592019,1169
T-CAM-C,34,5,1000,300000,0.41487,0.591468,129.869,0.437209,0.446435,0.536794,0.556652,1169
T-CAM-C,34,5,3000,30000,0.350334,0.555149,150.619,0.416324,0.415796,0.480006,0.403465,1169
T-CAM-C,34,5,3000,300000,0.328534,0.503733,128.84,0.38735,0.388219,0.447492,0.381934,1169
T-CAM-C,34,5,8000,30000,0.281988,0.455744,127.778,0.384528,0.372579,0.383646,0.246092,1169
T-CAM-C,34,5,8000,300000,0.265336,0.416708,111.317,0.35744,0.347936,0.359898,0.237441,1169
T-CAM-D,34,3,1000,30000,0.64899,0.653407,3.24819,0.901502,0.865919,0.780203,0.595595,1169
T-CAM-D,34,3,1000,300000,0.588012,0.591468,2.54153,0.798895,0.775631,0.711974,0.559718,1169
T-CAM-D,34,3,3000,30000,0.551412,0.555149,2.7483,0.84849,0.790455,0.653124,0.405398,1169
T-CAM-D,34,3,3000,300000,0.500632,0.503733,2.28046,0.7568,0.71227,0.599359,0.383649,1169
T-CAM-D,34,3,8000,30000,0.452764,0.455744,2.19104,0.761475,0.688336,0.5095,0.246484,1169
T-CAM-D,34,3,8000,300000,0.414177,0.416708,1.86172,0.685568,0.62591,0.472611,0.237793,1169
T-CAM-D,34,4,1000,30000,0.612657,0.653407,29.9665,0.827493,0.802031,0.745096,0.593126,1169
T-CAM-D,34,4,1000,300000,0.559288,0.591468,23.6651,0.740825,0.72445,0.682873,0.557581,1169
T-CAM-D,34,4,3000,30000,0.520012,0.555149,25.8396,0.782921,0.735473,0.625443,0.403773,1169
T-CAM-D,34,4,3000,300000,0.474433,0.503733,21.5473,0.702372,0.665866,0.57533,0.382189,1169
T-CAM-D,34,4,8000,30000,0.427525,0.455744,20.7516,0.707155,0.644219,0.489949,0.245631,1169
T-CAM-D,34,4,8000,300000,0.392636,0.416708,17.7024,0.63941,0.587836,0.455241,0.237006,1169
T-CAM-D,34,4.5,1000,30000,0.544585,0.653407,80.0265,0.692506,0.68229,0.672753,0.58756,1169
T-CAM-D,34,4.5,1000,300000,0.50404,0.591468,64.2936,0.631917,0.626279,0.622157,0.552745,1169
T-CAM-D,34,4.5,3000,30000,0.457978,0.555149,71.4586,0.655819,0.626529,0.566287,0.400057,1169
T-CAM-D,34,4.5,3000,300000,0.421915,0.503733,60.1685,0.595247,0.57277,0.523657,0.378845,1169
T-CAM-D,34,4.5,8000,30000,0.376566,0.455744,58.2266,0.599104,0.554672,0.447429,0.243672,1169
T-CAM-D,34,4.5,8000,300000,0.348631,0.416708,50.0632,0.546474,0.509791,0.417287,0.235194,1169
T-CAM-D,34,5,1000,30000,0.4212,0.653407,170.762,0.462794,0.468341,0.516864,0.572781,1169
T-CAM-D,34,5,1000,300000,0.399126,0.591468,141.446,0.437052,0.443121,0.487754,0.539772,1169
T-CAM-D,34,5,3000,30000,0.335273,0.555149,161.695,0.416126,0.411824,0.428689,0.389842,1169
T-CAM-D,34,5,3000,300000,0.315084,0.503733,138.731,0.387175,0.384679,0.401734,0.369607,1169
T-CAM-D,34,5,8000,30000,0.271351,0.455744,135.6,0.384345,0.369039,0.344361,0.23821,1169
T-CAM-D,34,5,8000,300000,0.255659,0.416708,118.434,0.357276,0.344745,0.324292,0.230129,1169
T-CAM-C,35,3,1000,30000,0.648932,0.653407,3.29079,0.901406,0.865553,0.779877,0.595745,567
T-CAM-C,35,3,1000,300000,0.587969,0.591468,2.57314,0.798821,0.77534,0.711705,0.559848,567
T-CAM-C,35,3,3000,30000,0.551356,0.555149,2.78958,0.848407,0.790146,0.652869,0.405499,567
T-CAM-C,35,3,3000,300000,0.500587,0.503733,2.31391,0.756731,0.712011,0.599138,0.38374,567
T-CAM-C,35,3,8000,30000,0.452713,0.455744,2.22877,0.761408,0.688091,0.509319,0.246541,567
T-CAM-C,35,3,8000,300000,0.414133,0.416708,1.89343,0.68551,0.625699,0.472451,0.237845,567
T-CAM-C,35,4,1000,30000,0.612227,0.653407,30.2833,0.826693,0.798915,0.742145,0.594587,567
T-CAM-C,35,4,1000,300000,0.558964,0.591468,23.9028,0.740191,0.721931,0.680419,0.558849,567
T-CAM-C,35,4,3000,30000,0.519548,0.555149,26.181,0.782199,0.732743,0.623076,0.404763,567
T-CAM-C,35,4,3000,300000,0.474054,0.503733,21.8258,0.701768,0.66355,0.573272,0.38308,567
T-CAM-C,35,4,8000,30000,0.42708,0.455744,21.0792,0.706554,0.642016,0.488253,0.246189,567
T-CAM-C,35,4,8000,300000,0.39226,0.416708,17.9792,0.638897,0.585927,0.453734,0.237521,567
T-CAM-C,35,4.5,1000,30000,0.543987,0.653407,80.466,0.690768,0.675296,0.665282,0.591889,567
T-CAM-C,35,4.5,1000,300000,0.503586,0.591468,64.6277,0.630489,0.62045,0.615834,0.556515,567
T-CAM-C,35,4.5,3000,30000,0.457065,0.555149,72.1303,0.654118,0.619936,0.55998,0.403037,567
T-CAM-C,35,4.5,3000,300000,0.421161,0.503733,60.7227,0.593798,0.567085,0.518126,0.381532,567
T-CAM-C,35,4.5,8000,30000,0.37556,0.455744,58.9665,0.597639,0.549173,0.442799,0.245366,567
T-CAM-C,35,4.5,8000,300000,0.347772,0.416708,50.6951,0.545203,0.504964,0.413143,0.236762,567
T-CAM-C,35,5,1000,30000,0.422294,0.653407,169.958,0.460514,0.458548,0.503584,0.58407,567
T-CAM-C,35,5,1000,300000,0.400052,0.591468,140.765,0.435059,0.434485,0.476073,0.549716,567
T-CAM-C,35,5,3000,30000,0.335116,0.555149,161.81,0.413595,0.401432,0.416269,0.39795,567
T-CAM-C,35,5,3000,300000,0.314969,0.503733,138.815,0.384938,0.375414,0.390612,0.376957,567
T-CAM-C,35,5,8000,30000,0.270362,0.455744,136.328,0.381997,0.359742,0.33468,0.242937,567
T-CAM-C,35,5,8000,300000,0.254803,0.416708,119.064,0.355177,0.336364,0.315491,0.234519,567
T-CAM-D,35,3,1000,30000,0.648524,0.653407,3.59039,0.901402,0.8655,0.778596,0.595272,567
T-CAM-D,35,3,1000,300000,0.587626,0.591468,2.82509,0.798817,0.775297,0.710648,0.559438,567
T-CAM-D,35,3,3000,30000,0.551054,0.555149,3.01134,0.848403,0.790101,0.65187,0.40518,567
T-CAM-D,35,3,3000,300000,0.500322,0.503733,2.50864,0.756728,0.711973,0.598272,0.383453,567
T-CAM-D,35,3,8000,30000,0.452516,0.455744,2.37355,0.761404,0.688055,0.508616,0.246361,567
T-CAM-D,35,3,8000,300000,0.413956,0.416708,2.02356,0.685508,0.625669,0.471827,0.237679,567
T-CAM-D,35,4,1000,30000,0.608471,0.653407,33.045,0.826655,0.798462,0.730748,0.590078,567
T-CAM-D,35,4,1000,300000,0.555784,0.591468,26.2414,0.74016,0.721564,0.670913,0.554932,567
T-CAM-D,35,4,3000,30000,0.516715,0.555149,28.2639,0.782164,0.732345,0.613925,0.40169,567
T-CAM-D,35,4,3000,300000,0.471558,0.503733,23.6613,0.701739,0.663212,0.565304,0.380313,567
T-CAM-D,35,4,8000,30000,0.425216,0.455744,22.4501,0.706525,0.641695,0.481728,0.244452,567
T-CAM-D,35,4,8000,300000,0.390579,0.416708,19.2148,0.638872,0.585649,0.447923,0.235915,567
T-CAM-D,35,4.5,1000,30000,0.534043,0.653407,87.7786,0.690684,0.674286,0.63737,0.579138,567
T-CAM-D,35,4.5,1000,300000,0.495048,0.591468,70.9059,0.630421,0.619607,0.592085,0.545363,567
T-CAM-D,35,4.5,3000,30000,0.449283,0.555149,77.8529,0.654036,0.618982,0.536247,0.394123,567
T-CAM-D,35,4.5,3000,300000,0.414253,0.503733,65.8026,0.593728,0.566261,0.497249,0.373479,567
T-CAM-D,35,4.5,8000,30000,0.37035,0.455744,62.7977,0.597569,0.548377,0.425381,0.240253,567
T-CAM-D,35,4.5,8000,300000,0.343049,0.416708,54.1682,0.545142,0.504264,0.397514,0.232024,567
T-CAM-D,35,5,1000,30000,0.40221,0.653407,184.727,0.460407,0.457153,0.457355,0.554424,567
T-CAM-D,35,5,1000,300000,0.382318,0.591468,153.807,0.434967,0.433252,0.435083,0.523354,567
T-CAM-D,35,5,3000,30000,0.318243,0.555149,174.218,0.413475,0.399948,0.372465,0.375967,567
T-CAM-D,35,5,3000,300000,0.299751,0.503733,150.006,0.384833,0.37409,0.35119,0.356934,567
T-CAM-D,35,5,8000,30000,0.258616,0.455744,144.966,0.381886,0.358413,0.300316,0.229854,567
T-CAM-D,35,5,8000,300000,0.244021,0.416708,126.993,0.355078,0.335165,0.284128,0.222328,567
T-CAM-C,36,3,1000,30000,0.649162,0.653407,3.12153,0.901457,0.865779,0.78091,0.595817,1114
T-CAM-C,36,3,1000,300000,0.588158,0.591468,2.434,0.79886,0.77552,0.712559,0.559911,1114
T-CAM-C,36,3,3000,30000,0.551536,0.555149,2.65685,0.848451,0.790337,0.653676,0.405547,1114
T-CAM-C,36,3,3000,300000,0.500742,0.503733,2.19944,0.756768,0.712171,0.599837,0.383783,1114
T-CAM-C,36,3,8000,30000,0.452842,0.455744,2.13396,0.761444,0.688242,0.509887,0.246568,1114
T-CAM-C,36,3,8000,300000,0.414247,0.416708,1.80983,0.685541,0.62583,0.472955,0.23787,1114
T-CAM-C,36,4,1000,30000,0.614323,0.653407,28.742,0.827119,0.800838,0.751579,0.595296,1114
T-CAM-C,36,4,1000,300000,0.560704,0.591468,22.6236,0.740529,0.723486,0.688266,0.559462,1114
T-CAM-C,36,4,3000,30000,0.521226,0.555149,24.9469,0.782583,0.734427,0.630609,0.405241,1114
T-CAM-C,36,4,3000,300000,0.475509,0.503733,20.756,0.70209,0.664979,0.579821,0.38351,1114
T-CAM-C,36,4,8000,30000,0.428288,0.455744,20.1909,0.706873,0.643375,0.493619,0.246459,1114
T-CAM-C,36,4,8000,300000,0.393329,0.416708,17.1926,0.63917,0.587105,0.458506,0.23777,1114
T-CAM-C,36,4.5,1000,30000,0.549432,0.653407,76.4619,0.691692,0.679599,0.689614,0.594061,1114
T-CAM-C,36,4.5,1000,300000,0.508185,0.591468,61.2457,0.631248,0.624038,0.636403,0.558401,1114
T-CAM-C,36,4.5,3000,30000,0.461592,0.555149,68.8012,0.655024,0.623995,0.580345,0.404515,1114
T-CAM-C,36,4.5,3000,300000,0.425124,0.503733,57.8082,0.594569,0.570586,0.535978,0.382862,1114
T-CAM-C,36,4.5,8000,30000,0.378867,0.455744,56.534,0.598418,0.552559,0.457644,0.246202,1114
T-CAM-C,36,4.5,8000,300000,0.350725,0.416708,48.5234,0.545878,0.507937,0.426428,0.237535,1114
T-CAM-C,36,5,1000,30000,0.433181,0.653407,161.952,0.461717,0.464543,0.548576,0.590319,1114
T-CAM-C,36,5,1000,300000,0.40954,0.591468,133.788,0.436109,0.439774,0.515515,0.555174,1114
T-CAM-C,36,5,3000,30000,0.344709,0.555149,154.756,0.414936,0.407798,0.457849,0.402299,1114
T-CAM-C,36,5,3000,300000,0.323531,0.503733,132.519,0.386121,0.381092,0.427784,0.380883,1114
T-CAM-C,36,5,8000,30000,0.277568,0.455744,131.029,0.383241,0.36544,0.366764,0.24543,1114
T-CAM-C,36,5,8000,300000,0.261343,0.416708,114.254,0.356288,0.341503,0.344626,0.236828,1114
T-CAM-D,36,3,1000,30000,0.648801,0.653407,3.38671,0.901451,0.865691,0.779556,0.595491,1114
T-CAM-D,36,3,1000,300000,0.587857,0.591468,2.65578,0.798856,0.77545,0.71144,0.559628,1114
T-CAM-D,36,3,3000,30000,0.551266,0.555149,2.85598,0.848446,0.790263,0.652619,0.405328,1114
T-CAM-D,36,3,3000,300000,0.500506,0.503733,2.37353,0.756764,0.712109,0.598921,0.383586,1114
T-CAM-D,36,3,8000,30000,0.452661,0.455744,2.2671,0.76144,0.688183,0.509144,0.246444,1114
T-CAM-D,36,3,8000,300000,0.414085,0.416708,1.92891,0.685537,0.625779,0.472296,0.237756,1114
T-CAM-D,36,4,1000,30000,0.610956,0.653407,31.2179,0.827072,0.800089,0.739258,0.592131,1114
T-CAM-D,36,4,1000,300000,0.55787,0.591468,24.7076,0.740491,0.72288,0.678012,0.556717,1114
T-CAM-D,36,4,3000,30000,0.518658,0.555149,26.8349,0.782541,0.733772,0.620769,0.403095,1114
T-CAM-D,36,4,3000,300000,0.473257,0.503733,22.4122,0.702054,0.664423,0.571263,0.381579,1114
T-CAM-D,36,4,8000,30000,0.426561,0.455744,21.4608,0.706838,0.642847,0.486615,0.245248,1114
T-CAM-D,36,4,8000,300000,0.39178,0.416708,18.3316,0.63914,0.586647,0.452275,0.236652,1114
T-CAM-D,36,4.5,1000,30000,0.540256,0.653407,83.21,0.691589,0.677918,0.658047,0.584723,1114
T-CAM-D,36,4.5,1000,300000,0.500364,0.591468,66.9967,0.631163,0.622636,0.609691,0.550266,1114
T-CAM-D,36,4.5,3000,30000,0.454382,0.555149,74.103,0.654923,0.622412,0.553884,0.398079,1114
T-CAM-D,36,4.5,3000,300000,0.418757,0.503733,62.4907,0.594483,0.56922,0.512768,0.377058,1114
T-CAM-D,36,4.5,8000,30000,0.373957,0.455744,60.145,0.598331,0.551239,0.438353,0.242538,1114
T-CAM-D,36,4.5,8000,300000,0.346296,0.416708,51.7801,0.545803,0.506778,0.409156,0.234144,1114
T-CAM-D,36,5,1000,30000,0.413167,0.653407,176.67,0.46158,0.462184,0.49105,0.566117,1114
T-CAM-D,36,5,1000,300000,0.392052,0.591468,146.649,0.43599,0.437692,0.465003,0.533847,1114
T-CAM-D,36,5,3000,30000,0.328062,0.555149,166.998,0.414785,0.405299,0.404523,0.384902,1114
T-CAM-D,36,5,3000,300000,0.308613,0.503733,143.49,0.385988,0.378862,0.380064,0.36511,1114
T-CAM-D,36,5,8000,30000,0.265911,0.455744,139.601,0.383101,0.363205,0.325552,0.235273,1114
T-CAM-D,36,5,8000,300000,0.250702,0.416708,122.079,0.356163,0.339487,0.307173,0.227393,1114
T-CAM-C,37,3,1000,30000,0.649135,0.653407,3.14119,0.901458,0.865769,0.780777,0.595806,3262
T-CAM-C,37,3,1000,300000,0.588136,0.591468,2.45029,0.798861,0.775512,0.712448,0.559901,3262
T-CAM-C,37,3,3000,30000,0.551516,0.555149,2.67201,0.848452,0.790328,0.653571,0.40554,3262
T-CAM-C,37,3,3000,300000,0.500725,0.503733,2.21259,0.756768,0.712164,0.599746,0.383776,3262
T-CAM-C,37,3,8000,30000,0.452828,0.455744,2.14452,0.761444,0.688235,0.509814,0.246563,3262
T-CAM-C,37,3,8000,300000,0.414234,0.416708,1.81919,0.685541,0.625824,0.47289,0.237866,3262
T-CAM-C,37,4,1000,30000,0.614074,0.653407,28.9251,0.827127,0.800751,0.750346,0.595183,3262
T-CAM-C,37,4,1000,300000,0.560496,0.591468,22.7764,0.740535,0.723415,0.687242,0.559365,3262
T-CAM-C,37,4,3000,30000,0.521031,0.555149,25.0904,0.782591,0.734351,0.629627,0.405165,3262
T-CAM-C,37,4,3000,300000,0.475339,0.503733,20.881,0.702096,0.664914,0.578968,0.383442,3262
T-CAM-C,37,4,8000,30000,0.428151,0.455744,20.2913,0.706879,0.643314,0.492921,0.246416,3262
T-CAM-C,37,4,8000,300000,0.393208,0.416708,17.2821,0.639175,0.587052,0.457885,0.237731,3262
T-CAM-C,37,4.5,1000,30000,0.548755,0.653407,76.96,0.691709,0.679403,0.686364,0.593711,3262
T-CAM-C,37,4.5,1000,300000,0.507612,0.591468,61.6667,0.631262,0.623875,0.633663,0.558097,3262
T-CAM-C,37,4.5,3000,30000,0.461045,0.555149,69.2029,0.655041,0.623811,0.577645,0.404278,3262
T-CAM-C,37,4.5,3000,300000,0.424645,0.503733,58.1607,0.594583,0.570427,0.533614,0.382649,3262
T-CAM-C,37,4.5,8000,30000,0.378481,0.455744,56.8185,0.598432,0.552406,0.455683,0.246068,3262
T-CAM-C,37,4.5,8000,300000,0.350378,0.416708,48.7782,0.545891,0.507802,0.424675,0.237411,3262
T-CAM-C,37,5,1000,30000,0.431684,0.653407,163.052,0.461739,0.464267,0.542276,0.589284,3262
T-CAM-C,37,5,1000,300000,0.408243,0.591468,134.742,0.436129,0.439531,0.510019,0.554272,3262
T-CAM-C,37,5,3000,30000,0.343442,0.555149,155.687,0.414961,0.407506,0.452097,0.401586,3262
T-CAM-C,37,5,3000,300000,0.322403,0.503733,133.348,0.386144,0.380831,0.422656,0.38024,3262
T-CAM-C,37,5,8000,30000,0.276651,0.455744,131.703,0.383264,0.36518,0.362361,0.245023,3262
T-CAM-C,37,5,8000,300000,0.260511,0.416708,114.866,0.356309,0.341268,0.340636,0.236451,3262
T-CAM-D,37,3,1000,30000,0.648761,0.653407,3.41663,0.901452,0.865676,0.779396,0.595458,3262
T-CAM-D,37,3,1000,300000,0.587823,0.591468,2.68074,0.798856,0.775438,0.711309,0.5596,3262
T-CAM-D,37,3,3000,30000,0.551235,0.555149,2.87864,0.848446,0.79025,0.652495,0.405306,3262
T-CAM-D,37,3,3000,300000,0.500479,0.503733,2.39329,0.756764,0.712098,0.598814,0.383566,3262
T-CAM-D,37,3,8000,30000,0.45264,0.455744,2.28243,0.76144,0.688173,0.509056,0.246432,3262
T-CAM-D,37,3,8000,300000,0.414067,0.416708,1.9426,0.685537,0.62577,0.472218,0.237745,3262
T-CAM-D,37,4,1000,30000,0.610586,0.653407,31.4901,0.827073,0.799959,0.73783,0.591823,3262
T-CAM-D,37,4,1000,300000,0.557559,0.591468,24.9366,0.740492,0.722775,0.676822,0.55645,3262
T-CAM-D,37,4,3000,30000,0.518372,0.555149,27.0457,0.782542,0.733658,0.619623,0.402885,3262
T-CAM-D,37,4,3000,300000,0.473006,0.503733,22.5968,0.702055,0.664326,0.570267,0.38139,3262
T-CAM-D,37,4,8000,30000,0.426365,0.455744,21.6048,0.706839,0.642755,0.485798,0.245129,3262
T-CAM-D,37,4,8000,300000,0.391605,0.416708,18.4605,0.639141,0.586567,0.451547,0.236542,3262
T-CAM-D,37,4.5,1000,30000,0.539303,0.653407,83.9109,0.691592,0.677626,0.654517,0.583863,3262
T-CAM-D,37,4.5,1000,300000,0.499549,0.591468,67.5961,0.631166,0.622393,0.606691,0.549513,3262
T-CAM-D,37,4.5,3000,30000,0.453612,0.555149,74.6693,0.654926,0.622137,0.550889,0.397475,3262
T-CAM-D,37,4.5,3000,300000,0.418076,0.503733,62.9912,0.594485,0.568983,0.510136,0.376513,3262
T-CAM-D,37,4.5,8000,30000,0.373421,0.455744,60.5394,0.598334,0.55101,0.436157,0.242191,3262
T-CAM-D,37,4.5,8000,300000,0.345813,0.416708,52.1358,0.545805,0.506576,0.407187,0.233822,3262
T-CAM-D,37,5,1000,30000,0.411376,0.653407,177.987,0.461585,0.461775,0.48509,0.564199,3262
T-CAM-D,37,5,1000,300000,0.390467,0.591468,147.814,0.435993,0.437332,0.459729,0.532135,3262
T-CAM-D,37,5,3000,30000,0.326491,0.555149,168.153,0.41479,0.404866,0.398895,0.38346,3262
T-CAM-D,37,5,3000,300000,0.307197,0.503733,144.531,0.385992,0.378476,0.375005,0.363793,3262
T-CAM-D,37,5,8000,30000,0.264767,0.455744,140.443,0.383106,0.362818,0.321147,0.234408,3262
T-CAM-D,37,5,8000,300000,0.249654,0.416708,122.85,0.356167,0.339138,0.303156,0.226586,3262
T-CAM-C,38,3,1000,30000,0.649625,0.653407,2.78066,0.901746,0.867105,0.782078,0.595857,1102
T-CAM-C,38,3,1000,300000,0.588532,0.591468,2.15887,0.799085,0.776574,0.713522,0.559946,1102
T-CAM-C,38,3,3000,30000,0.551914,0.555149,2.379,0.848701,0.791454,0.654587,0.405575,1102
T-CAM-C,38,3,3000,300000,0.501064,0.503733,1.96321,0.756974,0.71311,0.600626,0.383808,1102
T-CAM-C,38,3,8000,30000,0.453128,0.455744,1.9236,0.761648,0.689129,0.510531,0.246583,1102
T-CAM-C,38,3,8000,300000,0.414496,0.416708,1.62692,0.685714,0.626593,0.473526,0.237884,1102
T-CAM-C,38,4,1000,30000,0.618486,0.653407,25.6802,0.829541,0.812287,0.762522,0.595697,1102
T-CAM-C,38,4,1000,300000,0.564103,0.591468,20.1237,0.742451,0.732727,0.697342,0.55981,1102
T-CAM-C,38,4,3000,30000,0.524704,0.555149,22.3894,0.78477,0.744422,0.639291,0.405512,1102
T-CAM-C,38,4,3000,300000,0.478484,0.503733,18.5682,0.703917,0.673449,0.587359,0.383754,1102
T-CAM-C,38,4,8000,30000,0.430945,0.455744,18.2368,0.708696,0.65143,0.499793,0.246611,1102
T-CAM-C,38,4,8000,300000,0.395651,0.416708,15.4851,0.640727,0.594079,0.46399,0.237911,1102
T-CAM-C,38,4.5,1000,30000,0.559937,0.653407,68.7364,0.696998,0.706048,0.719465,0.595315,1102
T-CAM-C,38,4.5,1000,300000,0.516948,0.591468,54.8013,0.635611,0.646,0.661462,0.559487,1102
T-CAM-C,38,4.5,3000,30000,0.470768,0.555149,62.0533,0.660199,0.648705,0.604881,0.405363,1102
T-CAM-C,38,4.5,3000,300000,0.433069,0.503733,51.9655,0.598978,0.59185,0.557406,0.383625,1102
T-CAM-C,38,4.5,8000,30000,0.386007,0.455744,51.284,0.602882,0.573086,0.475389,0.246679,1102
T-CAM-C,38,4.5,8000,300000,0.357025,0.416708,43.89,0.549752,0.525928,0.442262,0.237976,1102
T-CAM-C,38,5,1000,30000,0.452783,0.653407,147.536,0.468829,0.503667,0.611478,0.594126,1102
T-CAM-C,38,5,1000,300000,0.42653,0.591468,121.294,0.442338,0.474079,0.569884,0.558482,1102
T-CAM-C,38,5,3000,30000,0.36308,0.555149,141.246,0.422767,0.448867,0.514003,0.404901,1102
T-CAM-C,38,5,3000,300000,0.33982,0.503733,120.54,0.393053,0.41758,0.477588,0.383226,1102
T-CAM-C,38,5,8000,30000,0.292366,0.455744,120.146,0.390493,0.401895,0.409232,0.246906,1102
T-CAM-C,38,5,8000,300000,0.274666,0.416708,104.457,0.362777,0.374277,0.382961,0.238193,1102
T-CAM-D,38,3,1000,30000,0.649456,0.653407,2.90523,0.901732,0.866902,0.781487,0.595763,1102
T-CAM-D,38,3,1000,300000,0.588392,0.591468,2.26177,0.799074,0.776413,0.713034,0.559864,1102
T-CAM-D,38,3,3000,30000,0.551783,0.555149,2.47539,0.848689,0.791283,0.654126,0.405511,1102
T-CAM-D,38,3,3000,300000,0.50095,0.503733,2.04665,0.756965,0.712966,0.600226,0.383751,1102
T-CAM-D,38,3,8000,30000,0.453036,0.455744,1.99128,0.761639,0.688993,0.510206,0.246547,1102
T-CAM-D,38,3,8000,300000,0.414414,0.416708,1.68682,0.685706,0.626476,0.473238,0.237851,1102
T-CAM-D,38,4,1000,30000,0.616885,0.653407,26.8575,0.829429,0.810509,0.756945,0.594764,1102
T-CAM-D,38,4,1000,300000,0.562773,0.591468,21.1022,0.742362,0.731292,0.692718,0.559002,1102
T-CAM-D,38,4,3000,30000,0.52345,0.555149,23.3116,0.784669,0.742876,0.634878,0.404882,1102
T-CAM-D,38,4,3000,300000,0.477395,0.503733,19.3691,0.703832,0.672139,0.583528,0.383187,1102
T-CAM-D,38,4,8000,30000,0.430061,0.455744,18.8868,0.708612,0.650187,0.496662,0.246257,1102
T-CAM-D,38,4,8000,300000,0.394867,0.416708,16.062,0.640656,0.593003,0.461209,0.237584,1102
T-CAM-D,38,4.5,1000,30000,0.55545,0.653407,72.0359,0.69675,0.701836,0.704036,0.592426,1102
T-CAM-D,38,4.5,1000,300000,0.513175,0.591468,57.5757,0.635407,0.642513,0.648528,0.556981,1102
T-CAM-D,38,4.5,3000,30000,0.467173,0.555149,64.6971,0.659959,0.644804,0.592271,0.403404,1102
T-CAM-D,38,4.5,3000,300000,0.429926,0.503733,54.2769,0.598773,0.588498,0.5464,0.381862,1102
T-CAM-D,38,4.5,8000,30000,0.383453,0.455744,53.1621,0.602674,0.569861,0.466304,0.245574,1102
T-CAM-D,38,4.5,8000,300000,0.354746,0.416708,45.5662,0.549572,0.523105,0.434159,0.236955,1102
T-CAM-D,38,5,1000,30000,0.442197,0.653407,155.322,0.468492,0.497142,0.577875,0.585576,1102
T-CAM-D,38,5,1000,300000,0.417426,0.591468,127.988,0.442042,0.468385,0.540937,0.551035,1102
T-CAM-D,38,5,3000,30000,0.354252,0.555149,147.738,0.422397,0.442087,0.484307,0.399008,1102
T-CAM-D,38,5,3000,300000,0.331994,0.503733,126.295,0.392725,0.411574,0.451298,0.377913,1102
T-CAM-D,38,5,8000,30000,0.286001,0.455744,124.827,0.390151,0.395923,0.386926,0.243547,1102
T-CAM-D,38,5,8000,300000,0.268916,0.416708,108.685,0.362471,0.368919,0.362853,0.235085,1102
T-CAM-C,39,3,1000,30000,0.649166,0.653407,3.11862,0.901462,0.86581,0.780912,0.595812,3310
T-CAM-C,39,3,1000,300000,0.588161,0.591468,2.43175,0.798864,0.775545,0.71256,0.559907,3310
T-CAM-C,39,3,3000,30000,0.55154,0.555149,2.6542,0.848456,0.790363,0.653677,0.405544,3310
T-CAM-C,39,3,3000,300000,0.500745,0.503733,2.19724,0.756772,0.712193,0.599838,0.38378,3310
T-CAM-C,39,3,8000,30000,0.452845,0.455744,2.13167,0.761447,0.688263,0.509888,0.246566,3310
T-CAM-C,39,3,8000,300000,0.41425,0.416708,1.80787,0.685544,0.625847,0.472956,0.237868,3310
T-CAM-C,39,4,1000,30000,0.614354,0.653407,28.7191,0.827164,0.8011,0.751595,0.59525,3310
T-CAM-C,39,4,1000,300000,0.560728,0.591468,22.6057,0.740564,0.723698,0.688279,0.559423,3310
T-CAM-C,39,4,3000,30000,0.521256,0.555149,24.9245,0.782624,0.734658,0.630622,0.405211,3310
T-CAM-C,39,4,3000,300000,0.475534,0.503733,20.7373,0.702123,0.665174,0.579832,0.383482,3310
T-CAM-C,39,4,8000,30000,0.428315,0.455744,20.1707,0.706907,0.643561,0.493629,0.246441,3310
T-CAM-C,39,4,8000,300000,0.393353,0.416708,17.1753,0.639199,0.587266,0.458515,0.237754,3310
T-CAM-C,39,4.5,1000,30000,0.549484,0.653407,76.4237,0.691789,0.680191,0.689654,0.59392,3310
T-CAM-C,39,4.5,1000,300000,0.508227,0.591468,61.2146,0.631328,0.624531,0.636436,0.558278,3310
T-CAM-C,39,4.5,3000,30000,0.461656,0.555149,68.754,0.655119,0.624552,0.58038,0.404419,3310
T-CAM-C,39,4.5,3000,300000,0.425179,0.503733,57.7683,0.59465,0.571066,0.536008,0.382776,3310
T-CAM-C,39,4.5,8000,30000,0.378931,0.455744,56.487,0.598499,0.553023,0.457671,0.246147,3310
T-CAM-C,39,4.5,8000,300000,0.35078,0.416708,48.4826,0.545949,0.508344,0.426452,0.237485,3310
T-CAM-C,39,5,1000,30000,0.433142,0.653407,161.98,0.461846,0.465375,0.548652,0.589899,3310
T-CAM-C,39,5,1000,300000,0.409511,0.591468,133.809,0.436223,0.440508,0.515581,0.554808,3310
T-CAM-C,39,5,3000,30000,0.34474,0.555149,154.733,0.415078,0.40868,0.457922,0.40201,3310
T-CAM-C,39,5,3000,300000,0.323559,0.503733,132.498,0.386248,0.381879,0.427848,0.380622,3310
T-CAM-C,39,5,8000,30000,0.277638,0.455744,130.977,0.383373,0.366229,0.366824,0.245265,3310
T-CAM-C,39,5,8000,300000,0.261405,0.416708,114.208,0.356406,0.342214,0.34468,0.236675,3310
T-CAM-D,39,3,1000,30000,0.648713,0.653407,3.45197,0.901454,0.86568,0.77923,0.595405,3310
T-CAM-D,39,3,1000,300000,0.587782,0.591468,2.71045,0.798858,0.775441,0.711171,0.559554,3310
T-CAM-D,39,3,3000,30000,0.551199,0.555149,2.90482,0.848448,0.790253,0.652364,0.40527,3310
T-CAM-D,39,3,3000,300000,0.500448,0.503733,2.41628,0.756765,0.712101,0.598701,0.383534,3310
T-CAM-D,39,3,8000,30000,0.452617,0.455744,2.29954,0.761441,0.688176,0.508964,0.246412,3310
T-CAM-D,39,3,8000,300000,0.414046,0.416708,1.95797,0.685539,0.625772,0.472137,0.237726,3310
T-CAM-D,39,4,1000,30000,0.610145,0.653407,31.8138,0.827091,0.799992,0.736343,0.591315,3310
T-CAM-D,39,4,1000,300000,0.557186,0.591468,25.2108,0.740506,0.722801,0.675582,0.556008,3310
T-CAM-D,39,4,3000,30000,0.518039,0.555149,27.2905,0.782558,0.733687,0.618429,0.402538,3310
T-CAM-D,39,4,3000,300000,0.472712,0.503733,22.8125,0.702068,0.664351,0.569227,0.381077,3310
T-CAM-D,39,4,8000,30000,0.426146,0.455744,21.7662,0.706852,0.642778,0.484946,0.244933,3310
T-CAM-D,39,4,8000,300000,0.391407,0.416708,18.606,0.639152,0.586587,0.450789,0.23636,3310
T-CAM-D,39,4.5,1000,30000,0.538156,0.653407,84.754,0.69163,0.677699,0.650864,0.582462,3310
T-CAM-D,39,4.5,1000,300000,0.498564,0.591468,68.3209,0.631198,0.622454,0.603584,0.548284,3310
T-CAM-D,39,4.5,3000,30000,0.452708,0.555149,75.3342,0.654963,0.622206,0.547785,0.396487,3310
T-CAM-D,39,4.5,3000,300000,0.417273,0.503733,63.5817,0.594517,0.569042,0.507406,0.375619,3310
T-CAM-D,39,4.5,8000,30000,0.372813,0.455744,60.9867,0.598366,0.551068,0.433879,0.241622,3310
T-CAM-D,39,4.5,8000,300000,0.345261,0.416708,52.5414,0.545833,0.506627,0.405143,0.233295,3310
T-CAM-D,39,5,1000,30000,0.409184,0.653407,179.599,0.461636,0.461876,0.479011,0.56117,3310
T-CAM-D,39,5,1000,300000,0.388522,0.591468,149.245,0.436039,0.437421,0.454341,0.529424,3310
T-CAM-D,39,5,3000,30000,0.324609,0.555149,169.537,0.414846,0.404973,0.393139,0.381164,3310
T-CAM-D,39,5,3000,300000,0.305497,0.503733,145.781,0.386042,0.378572,0.369826,0.361695,3310
T-CAM-D,39,5,8000,30000,0.263438,0.455744,141.419,0.383158,0.362915,0.316633,0.233023,3310
T-CAM-D,39,5,8000,300000,0.248434,0.416708,123.747,0.356214,0.339225,0.299037,0.225293,3310
T-CAM-C,40,3,1000,30000,0.648649,0.653407,3.49894,0.901366,0.865411,0.778676,0.595563,340
T-CAM-C,40,3,1000,300000,0.587734,0.591468,2.74617,0.798789,0.775227,0.710714,0.55969,340
T-CAM-C,40,3,3000,30000,0.55114,0.555149,2.94825,0.848372,0.790026,0.651932,0.405376,340
T-CAM-C,40,3,3000,300000,0.500399,0.503733,2.45199,0.756703,0.71191,0.598326,0.383629,340
T-CAM-C,40,3,8000,30000,0.452566,0.455744,2.33721,0.76138,0.687996,0.50866,0.246471,340
T-CAM-C,40,3,8000,300000,0.414002,0.416708,1.98992,0.685487,0.625618,0.471866,0.237781,340
T-CAM-C,40,4,1000,30000,0.609643,0.653407,32.1834,0.826356,0.79771,0.731453,0.592815,340
T-CAM-C,40,4,1000,300000,0.556798,0.591468,25.4959,0.739925,0.720957,0.671503,0.557311,340
T-CAM-C,40,4,3000,30000,0.517537,0.555149,27.6595,0.781894,0.731686,0.614491,0.403561,340
T-CAM-C,40,4,3000,300000,0.472297,0.503733,23.1181,0.701513,0.662654,0.565799,0.381998,340
T-CAM-C,40,4,8000,30000,0.425695,0.455744,22.0975,0.706305,0.641166,0.482131,0.245511,340
T-CAM-C,40,4,8000,300000,0.391023,0.416708,18.8887,0.638684,0.58519,0.448282,0.236895,340
T-CAM-C,40,4.5,1000,30000,0.537257,0.653407,85.4149,0.690044,0.672621,0.639059,0.586663,340
T-CAM-C,40,4.5,1000,300000,0.497851,0.591468,68.8448,0.6299,0.618221,0.593529,0.551962,340
T-CAM-C,40,4.5,3000,30000,0.451624,0.555149,76.131,0.653403,0.617406,0.53769,0.399433,340
T-CAM-C,40,4.5,3000,300000,0.416364,0.503733,64.2507,0.59319,0.564903,0.498523,0.378282,340
T-CAM-C,40,4.5,8000,30000,0.371754,0.455744,61.7653,0.597035,0.547068,0.426441,0.243314,340
T-CAM-C,40,4.5,8000,300000,0.344347,0.416708,53.2135,0.544679,0.503116,0.398468,0.234863,340
T-CAM-C,40,5,1000,30000,0.408969,0.653407,179.757,0.459647,0.454905,0.460022,0.570614,340
T-CAM-C,40,5,1000,300000,0.388348,0.591468,149.373,0.434321,0.431274,0.437464,0.53785,340
T-CAM-C,40,5,3000,30000,0.323621,0.555149,170.264,0.412583,0.39754,0.375015,0.388247,340
T-CAM-C,40,5,3000,300000,0.304651,0.503733,146.403,0.384061,0.371948,0.353496,0.368157,340
T-CAM-C,40,5,8000,30000,0.262051,0.455744,142.44,0.381059,0.35626,0.302331,0.237264,340
T-CAM-C,40,5,8000,300000,0.247214,0.416708,124.645,0.354348,0.333228,0.285974,0.229248,340
T-CAM-D,40,3,1000,30000,0.648421,0.653407,3.6663,0.901365,0.865398,0.77825,0.595201,340
T-CAM-D,40,3,1000,300000,0.587541,0.591468,2.88784,0.798788,0.775217,0.710362,0.559377,340
T-CAM-D,40,3,3000,30000,0.550975,0.555149,3.06987,0.848371,0.790016,0.6516,0.405132,340
T-CAM-D,40,3,3000,300000,0.500253,0.503733,2.55935,0.756702,0.711901,0.598038,0.38341,340
T-CAM-D,40,3,8000,30000,0.452461,0.455744,2.41422,0.761379,0.687988,0.508426,0.246335,340
T-CAM-D,40,3,8000,300000,0.413908,0.416708,2.05955,0.685486,0.625611,0.471659,0.237655,340
T-CAM-D,40,4,1000,30000,0.607564,0.653407,33.712,0.826346,0.797606,0.727722,0.589429,340
T-CAM-D,40,4,1000,300000,0.555026,0.591468,26.7991,0.739917,0.720873,0.668385,0.554367,340
T-CAM-D,40,4,3000,30000,0.515994,0.555149,28.7943,0.781885,0.731595,0.611484,0.401244,340
T-CAM-D,40,4,3000,300000,0.47093,0.503733,24.1234,0.701506,0.662576,0.563177,0.37991,340
T-CAM-D,40,4,8000,30000,0.424708,0.455744,22.8231,0.706297,0.641093,0.479983,0.244198,340
T-CAM-D,40,4,8000,300000,0.390128,0.416708,19.5466,0.638678,0.585127,0.446368,0.23568,340
T-CAM-D,40,4.5,1000,30000,0.531873,0.653407,89.3746,0.690023,0.672391,0.630226,0.577442,340
T-CAM-D,40,4.5,1000,300000,0.493194,0.591468,72.2698,0.629883,0.618029,0.585982,0.54387,340
T-CAM-D,40,4.5,3000,30000,0.447453,0.555149,79.1985,0.653381,0.617189,0.530101,0.392907,340
T-CAM-D,40,4.5,3000,300000,0.412641,0.503733,66.9885,0.593172,0.564716,0.491831,0.372376,340
T-CAM-D,40,4.5,8000,30000,0.369029,0.455744,63.7691,0.597017,0.546888,0.420842,0.239545,340
T-CAM-D,40,4.5,8000,300000,0.341863,0.416708,55.0404,0.544664,0.502958,0.393435,0.231367,340
T-CAM-D,40,5,1000,30000,0.398764,0.653407,187.261,0.459626,0.454596,0.446364,0.551204,340
T-CAM-D,40,5,1000,300000,0.379249,0.591468,156.064,0.434305,0.431002,0.42527,0.520441,340
T-CAM-D,40,5,3000,30000,0.31503,0.555149,176.581,0.412555,0.397209,0.361888,0.373449,340
T-CAM-D,40,5,3000,300000,0.296854,0.503733,152.137,0.384039,0.371653,0.341634,0.354621,340
T-CAM-D,40,5,8000,30000,0.256151,0.455744,146.778,0.381034,0.355965,0.29192,0.2283,340
T-CAM-D,40,5,8000,300000,0.241767,0.416708,128.65,0.354327,0.332962,0.276442,0.220871,340
T-CAM-C,41,3,1000,30000,0.649588,0.653407,2.8081,0.901764,0.867065,0.781917,0.595847,1693
T-CAM-C,41,3,1000,300000,0.588502,0.591468,2.18146,0.7991,0.776543,0.713389,0.559937,1693
T-CAM-C,41,3,3000,30000,0.551885,0.555149,2.40046,0.848717,0.79142,0.654461,0.405568,1693
T-CAM-C,41,3,3000,300000,0.501038,0.503733,1.98175,0.756988,0.713082,0.600517,0.383802,1693
T-CAM-C,41,3,8000,30000,0.453107,0.455744,1.93888,0.761662,0.689103,0.510442,0.246579,1693
T-CAM-C,41,3,8000,300000,0.414477,0.416708,1.64043,0.685726,0.62657,0.473447,0.237881,1693
T-CAM-C,41,4,1000,30000,0.618132,0.653407,25.9404,0.8297,0.811938,0.760993,0.595596,1693
T-CAM-C,41,4,1000,300000,0.56381,0.591468,20.339,0.742577,0.732444,0.696075,0.559723,1693
T-CAM-C,41,4,3000,30000,0.524423,0.555149,22.5955,0.784913,0.74412,0.638083,0.405444,1693
T-CAM-C,41,4,3000,300000,0.478241,0.503733,18.7467,0.704036,0.673192,0.58631,0.383692,1693
T-CAM-C,41,4,8000,30000,0.430744,0.455744,18.3842,0.708816,0.651189,0.498935,0.246573,1693
T-CAM-C,41,4,8000,300000,0.395474,0.416708,15.6157,0.64083,0.59387,0.463229,0.237875,1693
T-CAM-C,41,4.5,1000,30000,0.558943,0.653407,69.4673,0.697348,0.705208,0.715183,0.594997,1693
T-CAM-C,41,4.5,1000,300000,0.516116,0.591468,55.4128,0.635898,0.645305,0.657878,0.559212,1693
T-CAM-C,41,4.5,3000,30000,0.469961,0.555149,62.6469,0.66054,0.647933,0.601394,0.405148,1693
T-CAM-C,41,4.5,3000,300000,0.432366,0.503733,52.4827,0.599269,0.591187,0.554365,0.383432,1693
T-CAM-C,41,4.5,8000,30000,0.385423,0.455744,51.7133,0.603176,0.572453,0.47288,0.246559,1693
T-CAM-C,41,4.5,8000,300000,0.356506,0.416708,44.272,0.550007,0.525373,0.440026,0.237865,1693
T-CAM-C,41,5,1000,30000,0.450466,0.653407,149.241,0.469305,0.502333,0.601862,0.593146,1693
T-CAM-C,41,5,1000,300000,0.424545,0.591468,122.754,0.442754,0.472916,0.561629,0.557631,1693
T-CAM-C,41,5,3000,30000,0.361102,0.555149,142.701,0.423289,0.447492,0.505579,0.404235,1693
T-CAM-C,41,5,3000,300000,0.338072,0.503733,121.826,0.393514,0.416363,0.470145,0.382627,1693
T-CAM-C,41,5,8000,30000,0.290902,0.455744,121.223,0.390975,0.400694,0.402932,0.246529,1693
T-CAM-C,41,5,8000,300000,0.273348,0.416708,105.426,0.363209,0.373199,0.377291,0.237845,1693
T-CAM-D,41,3,1000,30000,0.64927,0.653407,3.04231,0.901734,0.866678,0.780821,0.595662,1693
T-CAM-D,41,3,1000,300000,0.588238,0.591468,2.37504,0.799076,0.776235,0.712484,0.559777,1693
T-CAM-D,41,3,3000,30000,0.551639,0.555149,2.58152,0.848691,0.791094,0.653606,0.405443,1693
T-CAM-D,41,3,3000,300000,0.500825,0.503733,2.13853,0.756966,0.712808,0.599776,0.38369,1693
T-CAM-D,41,3,8000,30000,0.452935,0.455744,2.06579,0.76164,0.688844,0.50984,0.246509,1693
T-CAM-D,41,3,8000,300000,0.414325,0.416708,1.75278,0.685707,0.626348,0.472913,0.237816,1693
T-CAM-D,41,4,1000,30000,0.615147,0.653407,28.1357,0.829446,0.808562,0.750752,0.593775,1693
T-CAM-D,41,4,1000,300000,0.561326,0.591468,22.1658,0.742375,0.729722,0.687575,0.558145,1693
T-CAM-D,41,4,3000,30000,0.522083,0.555149,24.3167,0.784685,0.741183,0.629957,0.404214,1693
T-CAM-D,41,4,3000,300000,0.476207,0.503733,20.2425,0.703845,0.670704,0.579253,0.382586,1693
T-CAM-D,41,4,8000,30000,0.429096,0.455744,19.5966,0.708626,0.648825,0.493165,0.24588,1693
T-CAM-D,41,4,8000,300000,0.39401,0.416708,16.6922,0.640667,0.591824,0.458101,0.237236,1693
T-CAM-D,41,4.5,1000,30000,0.550729,0.653407,75.5083,0.696787,0.697267,0.687439,0.58946,1693
T-CAM-D,41,4.5,1000,300000,0.509191,0.591468,60.5053,0.635436,0.638725,0.634562,0.554402,1693
T-CAM-D,41,4.5,3000,30000,0.463345,0.555149,67.5122,0.659995,0.640561,0.578557,0.401371,1693
T-CAM-D,41,4.5,3000,300000,0.426574,0.503733,56.7421,0.598804,0.584849,0.534407,0.38003,1693
T-CAM-D,41,4.5,8000,30000,0.380717,0.455744,55.1739,0.602706,0.566349,0.456371,0.244421,1693
T-CAM-D,41,4.5,8000,300000,0.352302,0.416708,47.3639,0.549599,0.520028,0.425285,0.235888,1693
T-CAM-D,41,5,1000,30000,0.431996,0.653407,162.823,0.468538,0.49018,0.544412,0.577557,1693
T-CAM-D,41,5,1000,300000,0.408574,0.591468,134.498,0.442082,0.462297,0.511867,0.543993,1693
T-CAM-D,41,5,3000,30000,0.345483,0.555149,154.186,0.42245,0.434829,0.454073,0.393313,1693
T-CAM-D,41,5,3000,300000,0.324186,0.503733,132.037,0.392771,0.405136,0.424407,0.372759,1693
T-CAM-D,41,5,8000,30000,0.279568,0.455744,129.558,0.390201,0.389516,0.363922,0.240248,1693
T-CAM-D,41,5,8000,300000,0.263086,0.416708,112.972,0.362515,0.363166,0.342043,0.232023,1693
T-CAM-C,42,3,1000,30000,0.649211,0.653407,3.08535,0.901459,0.865836,0.781138,0.595829,2884
T-CAM-C,42,3,1000,300000,0.588199,0.591468,2.40424,0.798862,0.775565,0.712747,0.559921,2884
T-CAM-C,42,3,3000,30000,0.551575,0.555149,2.62842,0.848453,0.790384,0.653854,0.405555,2884
T-CAM-C,42,3,3000,300000,0.500776,0.503733,2.1749,0.756769,0.712211,0.599991,0.38379,2884
T-CAM-C,42,3,8000,30000,0.45287,0.455744,2.11359,0.761445,0.68828,0.510013,0.246572,2884
T-CAM-C,42,3,8000,300000,0.414272,0.416708,1.79183,0.685542,0.625862,0.473067,0.237874,2884
T-CAM-C,42,4,1000,30000,0.614775,0.653407,28.4095,0.827139,0.80132,0.753691,0.59541,2884
T-CAM-C,42,4,1000,300000,0.561079,0.591468,22.3478,0.740544,0.723875,0.69002,0.559562,2884
T-CAM-C,42,4,3000,30000,0.521588,0.555149,24.6806,0.782601,0.734849,0.632289,0.405319,2884
T-CAM-C,42,4,3000,300000,0.475823,0.503733,20.5252,0.702104,0.665337,0.581281,0.38358,2884
T-CAM-C,42,4,8000,30000,0.428549,0.455744,19.9986,0.706888,0.643715,0.494814,0.246502,2884
T-CAM-C,42,4,8000,300000,0.393561,0.416708,17.0223,0.639183,0.5874,0.459568,0.23781,2884
T-CAM-C,42,4.5,1000,30000,0.550626,0.653407,75.584,0.691735,0.680685,0.695228,0.594417,2884
T-CAM-C,42,4.5,1000,300000,0.509191,0.591468,60.5058,0.631284,0.624943,0.641131,0.558709,2884
T-CAM-C,42,4.5,3000,30000,0.462583,0.555149,68.0724,0.655065,0.625017,0.584998,0.404756,2884
T-CAM-C,42,4.5,3000,300000,0.425991,0.503733,57.1709,0.594604,0.571467,0.540048,0.383079,2884
T-CAM-C,42,4.5,8000,30000,0.379594,0.455744,55.9999,0.598453,0.55341,0.46102,0.246337,2884
T-CAM-C,42,4.5,8000,300000,0.351373,0.416708,48.0468,0.545909,0.508684,0.429445,0.23766,2884
T-CAM-C,42,5,1000,30000,0.435642,0.653407,160.142,0.461775,0.466075,0.559682,0.591383,2884
T-CAM-C,42,5,1000,300000,0.411676,0.591468,132.217,0.43616,0.441126,0.525183,0.556099,2884
T-CAM-C,42,5,3000,30000,0.346874,0.555149,153.164,0.414999,0.40942,0.467939,0.40303,2884
T-CAM-C,42,5,3000,300000,0.325459,0.503733,131.101,0.386177,0.382538,0.436768,0.381542,2884
T-CAM-C,42,5,8000,30000,0.2792,0.455744,129.829,0.383299,0.366889,0.374468,0.245845,2884
T-CAM-C,42,5,8000,300000,0.262821,0.416708,113.167,0.35634,0.342809,0.351601,0.237212,2884
T-CAM-D,42,3,1000,30000,0.648666,0.653407,3.48652,0.901449,0.865669,0.779078,0.595355,2884
T-CAM-D,42,3,1000,300000,0.587743,0.591468,2.7394,0.798854,0.775432,0.711045,0.55951,2884
T-CAM-D,42,3,3000,30000,0.551164,0.555149,2.93064,0.848444,0.790244,0.652246,0.405236,2884
T-CAM-D,42,3,3000,300000,0.500417,0.503733,2.43888,0.756762,0.712093,0.598598,0.383503,2884
T-CAM-D,42,3,8000,30000,0.452593,0.455744,2.31667,0.761438,0.688168,0.508881,0.246393,2884
T-CAM-D,42,3,8000,300000,0.414025,0.416708,1.9733,0.685536,0.625766,0.472063,0.237708,2884
T-CAM-D,42,4,1000,30000,0.609719,0.653407,32.1271,0.827052,0.799898,0.734994,0.590849,2884
T-CAM-D,42,4,1000,300000,0.556826,0.591468,25.4754,0.740475,0.722725,0.674457,0.555603,2884
T-CAM-D,42,4,3000,30000,0.517713,0.555149,27.53,0.782522,0.733604,0.617346,0.402219,2884
T-CAM-D,42,4,3000,300000,0.472426,0.503733,23.0231,0.702039,0.664281,0.568283,0.380789,2884
T-CAM-D,42,4,8000,30000,0.425927,0.455744,21.9267,0.706823,0.642712,0.484173,0.244752,2884
T-CAM-D,42,4,8000,300000,0.391211,0.416708,18.7502,0.639127,0.586529,0.4501,0.236192,2884
T-CAM-D,42,4.5,1000,30000,0.537069,0.653407,85.5534,0.691546,0.677489,0.647576,0.581194,2884
T-CAM-D,42,4.5,1000,300000,0.49763,0.591468,69.0078,0.631128,0.622278,0.600785,0.547171,2884
T-CAM-D,42,4.5,3000,30000,0.451838,0.555149,75.9737,0.65488,0.622007,0.544984,0.395588,2884
T-CAM-D,42,4.5,3000,300000,0.416502,0.503733,64.1489,0.594447,0.568871,0.504942,0.374806,2884
T-CAM-D,42,4.5,8000,30000,0.372218,0.455744,61.4243,0.598294,0.550902,0.431821,0.241102,2884
T-CAM-D,42,4.5,8000,300000,0.344723,0.416708,52.9373,0.545771,0.506481,0.403296,0.232813,2884
T-CAM-D,42,5,1000,30000,0.407194,0.653407,181.062,0.461525,0.461582,0.473619,0.558526,2884
T-CAM-D,42,5,1000,300000,0.386752,0.591468,150.546,0.435941,0.437161,0.449556,0.527049,2884
T-CAM-D,42,5,3000,30000,0.322872,0.555149,170.814,0.414722,0.404661,0.388016,0.37914,2884
T-CAM-D,42,5,3000,300000,0.303926,0.503733,146.936,0.385933,0.378293,0.365214,0.359843,2884
T-CAM-D,42,5,8000,30000,0.262189,0.455744,142.338,0.383043,0.362635,0.312606,0.231794,2884
T-CAM-D,42,5,8000,300000,0.247286,0.416708,124.591,0.356111,0.338973,0.29536,0.224144,2884
T-CAM-C,43,3,1000,30000,0.649482,0.653407,2.88583,0.90169,0.866707,0.781689,0.595837,531
T-CAM-C,43,3,1000,300000,0.588416,0.591468,2.2441,0.799041,0.776258,0.713201,0.559928,531
T-CAM-C,43,3,3000,30000,0.551799,0.555149,2.46399,0.848652,0.791118,0.654284,0.405561,531
T-CAM-C,43,3,3000,300000,0.500965,0.503733,2.0357,0.756934,0.712828,0.600363,0.383796,531
T-CAM-C,43,3,8000,30000,0.453041,0.455744,1.98721,0.761609,0.688863,0.510317,0.246575,531
T-CAM-C,43,3,8000,300000,0.41442,0.416708,1.6824,0.685681,0.626364,0.473336,0.237877,531
T-CAM-C,43,4,1000,30000,0.617178,0.653407,26.6422,0.829071,0.808815,0.758843,0.595498,531
T-CAM-C,43,4,1000,300000,0.563033,0.591468,20.911,0.742077,0.729926,0.694293,0.559637,531
T-CAM-C,43,4,3000,30000,0.523625,0.555149,23.1826,0.784346,0.741399,0.63638,0.405377,531
T-CAM-C,43,4,3000,300000,0.477559,0.503733,19.2482,0.703562,0.670888,0.584833,0.383633,531
T-CAM-C,43,4,8000,30000,0.430132,0.455744,18.8347,0.708343,0.648997,0.497726,0.246535,531
T-CAM-C,43,4,8000,300000,0.394939,0.416708,16.0088,0.640425,0.591973,0.462155,0.237841,531
T-CAM-C,43,4.5,1000,30000,0.55651,0.653407,71.2569,0.695961,0.697871,0.70922,0.594689,531
T-CAM-C,43,4.5,1000,300000,0.514091,0.591468,56.9019,0.634758,0.639227,0.652882,0.558945,531
T-CAM-C,43,4.5,3000,30000,0.467836,0.555149,64.2091,0.65919,0.641113,0.596521,0.40494,531
T-CAM-C,43,4.5,3000,300000,0.43053,0.503733,53.833,0.598119,0.585325,0.550113,0.383245,531
T-CAM-C,43,4.5,8000,30000,0.383765,0.455744,52.9324,0.602012,0.566799,0.469366,0.246441,531
T-CAM-C,43,4.5,8000,300000,0.355045,0.416708,45.3462,0.548997,0.520423,0.436892,0.237756,531
T-CAM-C,43,5,1000,30000,0.445822,0.653407,152.655,0.467422,0.49113,0.588799,0.592207,531
T-CAM-C,43,5,1000,300000,0.420533,0.591468,125.704,0.441106,0.463129,0.550386,0.556816,531
T-CAM-C,43,5,3000,30000,0.356762,0.555149,145.892,0.421223,0.435804,0.494045,0.403594,531
T-CAM-C,43,5,3000,300000,0.334232,0.503733,124.649,0.391686,0.406002,0.459939,0.38205,531
T-CAM-C,43,5,8000,30000,0.287404,0.455744,123.795,0.389066,0.390364,0.394266,0.246166,531
T-CAM-C,43,5,8000,300000,0.270204,0.416708,107.738,0.3615,0.363929,0.369481,0.237509,531
T-CAM-D,43,3,1000,30000,0.649215,0.653407,3.08242,0.90167,0.866449,0.780737,0.595667,531
T-CAM-D,43,3,1000,300000,0.588195,0.591468,2.40698,0.799026,0.776053,0.712415,0.559781,531
T-CAM-D,43,3,3000,30000,0.551593,0.555149,2.61511,0.848636,0.790901,0.653541,0.405446,531
T-CAM-D,43,3,3000,300000,0.500787,0.503733,2.16681,0.756921,0.712646,0.59972,0.383692,531
T-CAM-D,43,3,8000,30000,0.452899,0.455744,2.09218,0.761595,0.688691,0.509794,0.246511,531
T-CAM-D,43,3,8000,300000,0.414294,0.416708,1.77552,0.685669,0.626216,0.472872,0.237818,531
T-CAM-D,43,4,1000,30000,0.614671,0.653407,28.4857,0.828909,0.80658,0.749982,0.593823,531
T-CAM-D,43,4,1000,300000,0.560942,0.591468,22.4484,0.741949,0.728123,0.686936,0.558186,531
T-CAM-D,43,4,3000,30000,0.521671,0.555149,24.6196,0.7842,0.739452,0.629344,0.404246,531
T-CAM-D,43,4,3000,300000,0.475858,0.503733,20.4994,0.70344,0.669238,0.57872,0.382615,531
T-CAM-D,43,4,8000,30000,0.428768,0.455744,19.8377,0.708222,0.64743,0.492727,0.245898,531
T-CAM-D,43,4,8000,300000,0.393726,0.416708,16.9012,0.640322,0.590616,0.457712,0.237252,531
T-CAM-D,43,4.5,1000,30000,0.549605,0.653407,76.3347,0.695605,0.692677,0.685413,0.589601,531
T-CAM-D,43,4.5,1000,300000,0.508259,0.591468,61.1911,0.634465,0.634916,0.632854,0.554524,531
T-CAM-D,43,4.5,3000,30000,0.462309,0.555149,68.2738,0.658845,0.636273,0.57687,0.401468,531
T-CAM-D,43,4.5,3000,300000,0.425683,0.503733,57.3976,0.597824,0.581161,0.532931,0.380118,531
T-CAM-D,43,4.5,8000,30000,0.379869,0.455744,55.7972,0.601714,0.562786,0.455142,0.244476,531
T-CAM-D,43,4.5,8000,300000,0.351558,0.416708,47.9105,0.548739,0.516906,0.424188,0.235939,531
T-CAM-D,43,5,1000,30000,0.430251,0.653407,164.106,0.46694,0.483361,0.540488,0.577923,531
T-CAM-D,43,5,1000,300000,0.40705,0.591468,135.619,0.440683,0.456322,0.508444,0.544316,531
T-CAM-D,43,5,3000,30000,0.343683,0.555149,155.51,0.420695,0.427671,0.450484,0.393576,531
T-CAM-D,43,5,3000,300000,0.322589,0.503733,133.212,0.391218,0.398779,0.421208,0.372997,531
T-CAM-D,43,5,8000,30000,0.278,0.455744,130.711,0.388578,0.383161,0.361166,0.240401,531
T-CAM-D,43,5,8000,300000,0.261678,0.416708,114.008,0.361063,0.357455,0.339546,0.232166,531
T-CAM-C,44,3,1000,30000,0.648925,0.653407,3.29538,0.9014,0.865536,0.779849,0.595748,1855
T-CAM-C,44,3,1000,300000,0.587964,0.591468,2.57679,0.798816,0.775327,0.711683,0.559851,1855
T-CAM-C,44,3,3000,30000,0.551351,0.555149,2.79347,0.848402,0.790132,0.652847,0.405501,1855
T-CAM-C,44,3,3000,300000,0.500582,0.503733,2.31718,0.756727,0.711999,0.599119,0.383742,1855
T-CAM-C,44,3,8000,30000,0.452709,0.455744,2.23185,0.761403,0.688079,0.509304,0.246542,1855
T-CAM-C,44,3,8000,300000,0.41413,0.416708,1.89608,0.685507,0.62569,0.472438,0.237846,1855
T-CAM-C,44,4,1000,30000,0.612174,0.653407,30.322,0.826642,0.798772,0.741896,0.594618,1855
T-CAM-C,44,4,1000,300000,0.558922,0.591468,23.9339,0.740151,0.721816,0.680212,0.558875,1855
T-CAM-C,44,4,3000,30000,0.519501,0.555149,26.2153,0.782152,0.732617,0.622876,0.404784,1855
T-CAM-C,44,4,3000,300000,0.474015,0.503733,21.8548,0.70173,0.663443,0.573098,0.383098,1855
T-CAM-C,44,4,8000,30000,0.427042,0.455744,21.1068,0.706515,0.641915,0.48811,0.246201,1855
T-CAM-C,44,4,8000,300000,0.392227,0.416708,18.0032,0.638864,0.585839,0.453607,0.237532,1855
T-CAM-C,44,4.5,1000,30000,0.543874,0.653407,80.5491,0.690658,0.674977,0.664657,0.591981,1855
T-CAM-C,44,4.5,1000,300000,0.503492,0.591468,64.6966,0.630399,0.620184,0.615304,0.556595,1855
T-CAM-C,44,4.5,3000,30000,0.456955,0.555149,72.2113,0.65401,0.619635,0.559451,0.4031,1855
T-CAM-C,44,4.5,3000,300000,0.421066,0.503733,60.7924,0.593706,0.566825,0.517662,0.381588,1855
T-CAM-C,44,4.5,8000,30000,0.375467,0.455744,59.0348,0.597546,0.548922,0.442411,0.245402,1855
T-CAM-C,44,4.5,8000,300000,0.34769,0.416708,50.7551,0.545122,0.504743,0.412796,0.236795,1855
T-CAM-C,44,5,1000,30000,0.422173,0.653407,170.047,0.460373,0.45811,0.502495,0.584327,1855
T-CAM-C,44,5,1000,300000,0.399944,0.591468,140.845,0.434938,0.434098,0.475113,0.549942,1855
T-CAM-C,44,5,3000,30000,0.334963,0.555149,161.923,0.413437,0.400965,0.415247,0.398131,1855
T-CAM-C,44,5,3000,300000,0.314834,0.503733,138.915,0.3848,0.374997,0.389695,0.377121,1855
T-CAM-C,44,5,8000,30000,0.270214,0.455744,136.436,0.381851,0.359324,0.333882,0.243041,1855
T-CAM-C,44,5,8000,300000,0.25467,0.416708,119.161,0.355046,0.335987,0.314765,0.234616,1855
T-CAM-D,44,3,1000,30000,0.648757,0.653407,3.41907,0.901399,0.865522,0.779322,0.595551,1855
T-CAM-D,44,3,1000,300000,0.587822,0.591468,2.68086,0.798815,0.775315,0.711248,0.55968,1855
T-CAM-D,44,3,3000,30000,0.551226,0.555149,2.88478,0.848401,0.79012,0.652436,0.405368,1855
T-CAM-D,44,3,3000,300000,0.500473,0.503733,2.39742,0.756726,0.711989,0.598763,0.383622,1855
T-CAM-D,44,3,8000,30000,0.452628,0.455744,2.29124,0.761403,0.68807,0.509015,0.246467,1855
T-CAM-D,44,3,8000,300000,0.414057,0.416708,1.9495,0.685506,0.625682,0.472181,0.237777,1855
T-CAM-D,44,4,1000,30000,0.610597,0.653407,31.4815,0.826634,0.798653,0.73717,0.5927,1855
T-CAM-D,44,4,1000,300000,0.557588,0.591468,24.9152,0.740144,0.721719,0.676273,0.557211,1855
T-CAM-D,44,4,3000,30000,0.51832,0.555149,27.084,0.782145,0.732513,0.61909,0.403483,1855
T-CAM-D,44,4,3000,300000,0.472974,0.503733,22.6203,0.701723,0.663355,0.569803,0.381928,1855
T-CAM-D,44,4,8000,30000,0.426269,0.455744,21.6752,0.706509,0.64183,0.485413,0.245467,1855
T-CAM-D,44,4,8000,300000,0.39153,0.416708,18.5156,0.638859,0.585766,0.451205,0.236854,1855
T-CAM-D,44,4.5,1000,30000,0.539543,0.653407,83.7343,0.690639,0.674713,0.652902,0.586334,1855
T-CAM-D,44,4.5,1000,300000,0.499785,0.591468,67.423,0.630384,0.619963,0.60532,0.551675,1855
T-CAM-D,44,4.5,3000,30000,0.453615,0.555149,74.6673,0.653992,0.619385,0.549507,0.399205,1855
T-CAM-D,44,4.5,3000,300000,0.418105,0.503733,62.97,0.59369,0.566609,0.508922,0.378076,1855
T-CAM-D,44,4.5,8000,30000,0.373254,0.455744,60.662,0.597531,0.548713,0.435132,0.243184,1855
T-CAM-D,44,4.5,8000,300000,0.345685,0.416708,52.2294,0.545109,0.50456,0.406269,0.234742,1855
T-CAM-D,44,5,1000,30000,0.412607,0.653407,177.082,0.46035,0.457744,0.482421,0.569835,1855
T-CAM-D,44,5,1000,300000,0.391561,0.591468,147.01,0.434917,0.433775,0.457366,0.537158,1855
T-CAM-D,44,5,3000,30000,0.327147,0.555149,167.671,0.41341,0.400576,0.39635,0.387672,1855
T-CAM-D,44,5,3000,300000,0.30781,0.503733,144.08,0.384776,0.37465,0.372718,0.367633,1855
T-CAM-D,44,5,8000,30000,0.264882,0.455744,140.358,0.381826,0.358975,0.319133,0.236924,1855
T-CAM-D,44,5,8000,300000,0.249786,0.416708,122.753,0.355024,0.335673,0.301321,0.228932,1855
T-CAM-C,45,3,1000,30000,0.649101,0.653407,3.16638,0.901439,0.865704,0.78066,0.595802,1975
T-CAM-C,45,3,1000,300000,0.588108,0.591468,2.47069,0.798846,0.77546,0.712352,0.559898,1975
T-CAM-C,45,3,3000,30000,0.551488,0.555149,2.69239,0.848435,0.790273,0.65348,0.405538,1975
T-CAM-C,45,3,3000,300000,0.500701,0.503733,2.22997,0.756755,0.712117,0.599667,0.383774,1975
T-CAM-C,45,3,8000,30000,0.452807,0.455744,2.15976,0.761431,0.688191,0.50975,0.246562,1975
T-CAM-C,45,3,8000,300000,0.414216,0.416708,1.83248,0.68553,0.625786,0.472833,0.237865,1975
T-CAM-C,45,4,1000,30000,0.613769,0.653407,29.1491,0.826965,0.800193,0.749272,0.595151,1975
T-CAM-C,45,4,1000,300000,0.560246,0.591468,22.9601,0.740406,0.722964,0.686349,0.559337,1975
T-CAM-C,45,4,3000,30000,0.520778,0.555149,25.2766,0.782444,0.733863,0.62877,0.405144,1975
T-CAM-C,45,4,3000,300000,0.475122,0.503733,21.0408,0.701973,0.6645,0.578224,0.383422,1975
T-CAM-C,45,4,8000,30000,0.42796,0.455744,20.432,0.706757,0.64292,0.49231,0.246404,1975
T-CAM-C,45,4,8000,300000,0.39304,0.416708,17.4054,0.639071,0.58671,0.457342,0.237719,1975
T-CAM-C,45,4.5,1000,30000,0.548002,0.653407,77.5137,0.691357,0.678151,0.683551,0.593613,1975
T-CAM-C,45,4.5,1000,300000,0.506981,0.591468,62.1311,0.630973,0.622831,0.63129,0.558012,1975
T-CAM-C,45,4.5,3000,30000,0.460388,0.555149,69.6863,0.654695,0.622631,0.5753,0.404211,1975
T-CAM-C,45,4.5,3000,300000,0.424074,0.503733,58.5808,0.594289,0.569409,0.531561,0.382589,1975
T-CAM-C,45,4.5,8000,30000,0.377974,0.455744,57.1913,0.598135,0.551421,0.453976,0.24603,1975
T-CAM-C,45,4.5,8000,300000,0.34993,0.416708,49.1083,0.545633,0.506938,0.423149,0.237376,1975
T-CAM-C,45,5,1000,30000,0.430346,0.653407,164.036,0.461277,0.462514,0.536904,0.588996,1975
T-CAM-C,45,5,1000,300000,0.407075,0.591468,135.601,0.435725,0.437985,0.505326,0.554021,1975
T-CAM-C,45,5,3000,30000,0.342182,0.555149,156.614,0.414448,0.405646,0.447169,0.401387,1975
T-CAM-C,45,5,3000,300000,0.32128,0.503733,134.174,0.38569,0.379173,0.418259,0.38006,1975
T-CAM-C,45,5,8000,30000,0.27564,0.455744,132.447,0.382788,0.363516,0.358573,0.244909,1975
T-CAM-C,45,5,8000,300000,0.259596,0.416708,115.538,0.355883,0.339768,0.337202,0.236346,1975
T-CAM-D,45,3,1000,30000,0.648632,0.653407,3.51111,0.901431,0.865602,0.778963,0.595347,1975
T-CAM-D,45,3,1000,300000,0.587716,0.591468,2.75943,0.79884,0.775379,0.710951,0.559504,1975
T-CAM-D,45,3,3000,30000,0.551137,0.555149,2.95033,0.848429,0.790187,0.652157,0.405231,1975
T-CAM-D,45,3,3000,300000,0.500394,0.503733,2.45573,0.756749,0.712045,0.598521,0.383499,1975
T-CAM-D,45,3,8000,30000,0.452574,0.455744,2.33117,0.761425,0.688123,0.508818,0.24639,1975
T-CAM-D,45,3,8000,300000,0.414008,0.416708,1.986,0.685525,0.625727,0.472007,0.237706,1975
T-CAM-D,45,4,1000,30000,0.609427,0.653407,32.342,0.826904,0.799328,0.73398,0.590781,1975
T-CAM-D,45,4,1000,300000,0.556585,0.591468,25.6528,0.740358,0.722265,0.673611,0.555544,1975
T-CAM-D,45,4,3000,30000,0.517472,0.555149,27.7076,0.782389,0.733105,0.616529,0.402173,1975
T-CAM-D,45,4,3000,300000,0.472218,0.503733,23.1761,0.701927,0.663857,0.567573,0.380748,1975
T-CAM-D,45,4,8000,30000,0.425747,0.455744,22.0592,0.706712,0.642308,0.483589,0.244726,1975
T-CAM-D,45,4,8000,300000,0.391053,0.416708,18.8668,0.639032,0.58618,0.44958,0.236168,1975
T-CAM-D,45,4.5,1000,30000,0.536376,0.653407,86.0628,0.691224,0.676215,0.64512,0.581012,1975
T-CAM-D,45,4.5,1000,300000,0.497044,0.591468,69.4386,0.630864,0.621216,0.598694,0.547011,1975
T-CAM-D,45,4.5,3000,30000,0.451231,0.555149,76.4206,0.654566,0.620805,0.542886,0.395459,1975
T-CAM-D,45,4.5,3000,300000,0.415971,0.503733,64.5394,0.594179,0.567834,0.503096,0.374689,1975
T-CAM-D,45,4.5,8000,30000,0.371752,0.455744,61.7669,0.598024,0.549898,0.430275,0.241028,1975
T-CAM-D,45,4.5,8000,300000,0.344308,0.416708,53.242,0.545536,0.5056,0.401909,0.232743,1975
T-CAM-D,45,5,1000,30000,0.406104,0.653407,181.864,0.461104,0.459813,0.469646,0.558154,1975
T-CAM-D,45,5,1000,300000,0.385786,0.591468,151.256,0.435574,0.4356,0.446026,0.526715,1975
T-CAM-D,45,5,3000,30000,0.321814,0.555149,171.592,0.414255,0.40278,0.384227,0.378854,1975
T-CAM-D,45,5,3000,300000,0.302976,0.503733,147.635,0.38552,0.376616,0.3618,0.359581,1975
T-CAM-D,45,5,8000,30000,0.261329,0.455744,142.97,0.38261,0.36095,0.309616,0.23162,1975
T-CAM-D,45,5,8000,300000,0.246504,0.416708,125.166,0.355724,0.337453,0.29263,0.223981,1975
T-CAM-C,46,3,1000,30000,0.648494,0.653407,3.61278,0.90135,0.865366,0.778248,0.595389,1039
T-CAM-C,46,3,1000,300000,0.587604,0.591468,2.84167,0.798778,0.775191,0.71036,0.55954,1039
T-CAM-C,46,3,3000,30000,0.551025,0.555149,3.03276,0.848359,0.789989,0.651598,0.405259,1039
T-CAM-C,46,3,3000,300000,0.500298,0.503733,2.52613,0.756692,0.711878,0.598037,0.383524,1039
T-CAM-C,46,3,8000,30000,0.45249,0.455744,2.39243,0.76137,0.687967,0.508425,0.246406,1039
T-CAM-C,46,3,8000,300000,0.413935,0.416708,2.03946,0.685478,0.625593,0.471658,0.23772,1039
T-CAM-C,46,4,1000,30000,0.608236,0.653407,33.2177,0.826229,0.797334,0.727705,0.591166,1039
T-CAM-C,46,4,1000,300000,0.555609,0.591468,26.3704,0.739827,0.720654,0.668371,0.555879,1039
T-CAM-C,46,4,3000,30000,0.516469,0.555149,28.4451,0.78178,0.731358,0.611471,0.402436,1039
T-CAM-C,46,4,3000,300000,0.471356,0.503733,23.8099,0.701418,0.662376,0.563166,0.380985,1039
T-CAM-C,46,4,8000,30000,0.424991,0.455744,22.6152,0.706219,0.640907,0.479974,0.244875,1039
T-CAM-C,46,4,8000,300000,0.390389,0.416708,19.3548,0.638612,0.584967,0.446361,0.236306,1039
T-CAM-C,46,4.5,1000,30000,0.533648,0.653407,88.0695,0.689784,0.671797,0.630188,0.582055,1039
T-CAM-C,46,4.5,1000,300000,0.494751,0.591468,71.1244,0.629699,0.617538,0.585951,0.547927,1039
T-CAM-C,46,4.5,3000,30000,0.448759,0.555149,78.2383,0.653134,0.616626,0.530069,0.396199,1039
T-CAM-C,46,4.5,3000,300000,0.413821,0.503733,66.1206,0.592966,0.564232,0.491804,0.375358,1039
T-CAM-C,46,4.5,8000,30000,0.369828,0.455744,63.1814,0.596829,0.546434,0.420822,0.241454,1039
T-CAM-C,46,4.5,8000,300000,0.342602,0.416708,54.4966,0.544503,0.502561,0.393417,0.233139,1039
T-CAM-C,46,5,1000,30000,0.402235,0.653407,184.709,0.459474,0.453854,0.446314,0.560312,1039
T-CAM-C,46,5,1000,300000,0.382384,0.591468,153.758,0.434212,0.430361,0.425227,0.528653,1039
T-CAM-C,46,5,3000,30000,0.317825,0.555149,174.526,0.412288,0.396392,0.361842,0.380507,1039
T-CAM-C,46,5,3000,300000,0.299424,0.503733,150.247,0.383838,0.370939,0.341594,0.361094,1039
T-CAM-C,46,5,8000,30000,0.257968,0.455744,145.442,0.380788,0.35525,0.291892,0.232623,1039
T-CAM-C,46,5,8000,300000,0.243468,0.416708,127.399,0.354128,0.332327,0.276418,0.224919,1039
T-CAM-D,46,3,1000,30000,0.648318,0.653407,3.74175,0.901349,0.865354,0.777983,0.595075,1039
T-CAM-D,46,3,1000,300000,0.587455,0.591468,2.95102,0.798777,0.775182,0.710141,0.559268,1039
T-CAM-D,46,3,3000,30000,0.550898,0.555149,3.126,0.848358,0.789979,0.651391,0.405048,1039
T-CAM-D,46,3,3000,300000,0.500186,0.503733,2.60856,0.756691,0.71187,0.597857,0.383334,1039
T-CAM-D,46,3,8000,30000,0.452411,0.455744,2.4509,0.761369,0.687959,0.50828,0.246287,1039
T-CAM-D,46,3,8000,300000,0.413863,0.416708,2.09241,0.685478,0.625586,0.471529,0.237611,1039
T-CAM-D,46,4,1000,30000,0.60666,0.653407,34.3769,0.826218,0.797234,0.725402,0.58829,1039
T-CAM-D,46,4,1000,300000,0.554262,0.591468,27.3612,0.739819,0.720574,0.666446,0.553374,1039
T-CAM-D,46,4,3000,30000,0.5153,0.555149,29.3047,0.78177,0.73127,0.609611,0.400457,1039
T-CAM-D,46,4,3000,300000,0.470319,0.503733,24.5728,0.70141,0.662302,0.561545,0.379201,1039
T-CAM-D,46,4,8000,30000,0.424249,0.455744,23.1608,0.706213,0.640839,0.478648,0.24375,1039
T-CAM-D,46,4,8000,300000,0.389715,0.416708,19.8503,0.638606,0.584909,0.445178,0.235266,1039
T-CAM-D,46,4.5,1000,30000,0.529703,0.653407,90.9703,0.689763,0.671577,0.62482,0.574544,1039
T-CAM-D,46,4.5,1000,300000,0.491325,0.591468,73.6442,0.629685,0.617356,0.581358,0.541311,1039
T-CAM-D,46,4.5,3000,30000,0.445684,0.555149,80.4999,0.653112,0.616418,0.525438,0.39081,1039
T-CAM-D,46,4.5,3000,300000,0.411069,0.503733,68.1441,0.592948,0.564054,0.487718,0.370474,1039
T-CAM-D,46,4.5,8000,30000,0.367825,0.455744,64.6542,0.596815,0.546268,0.417404,0.238319,1039
T-CAM-D,46,4.5,8000,300000,0.340772,0.416708,55.8424,0.544491,0.502416,0.390344,0.230228,1039
T-CAM-D,46,5,1000,30000,0.395358,0.653407,189.766,0.45948,0.453583,0.438266,0.54601,1039
T-CAM-D,46,5,1000,300000,0.376206,0.591468,158.301,0.434224,0.430128,0.418025,0.515722,1039
T-CAM-D,46,5,3000,30000,0.311942,0.555149,178.852,0.412274,0.396094,0.35407,0.36934,1039
T-CAM-D,46,5,3000,300000,0.294065,0.503733,154.188,0.383833,0.370679,0.334562,0.350836,1039
T-CAM-D,46,5,8000,30000,0.253902,0.455744,148.433,0.380776,0.354991,0.285714,0.225741,1039
T-CAM-D,46,5,8000,300000,0.239703,0.416708,130.167,0.354122,0.332097,0.270758,0.21847,1039
T-CAM-C,47,3,1000,30000,0.649674,0.653407,2.74471,0.901759,0.8673,0.782198,0.595862,2892
T-CAM-C,47,3,1000,300000,0.588572,0.591468,2.12967,0.799095,0.77673,0.71362,0.559949,2892
T-CAM-C,47,3,3000,30000,0.551954,0.555149,2.34989,0.848712,0.791618,0.654681,0.405577,2892
T-CAM-C,47,3,3000,300000,0.501097,0.503733,1.93834,0.756984,0.713248,0.600707,0.38381,2892
T-CAM-C,47,3,8000,30000,0.453158,0.455744,1.90176,0.761658,0.68926,0.510597,0.246584,2892
T-CAM-C,47,3,8000,300000,0.414522,0.416708,1.60783,0.685722,0.626705,0.473584,0.237886,2892
T-CAM-C,47,4,1000,30000,0.618937,0.653407,25.3485,0.829654,0.814002,0.763664,0.595739,2892
T-CAM-C,47,4,1000,300000,0.564472,0.591468,19.8522,0.742541,0.734108,0.698288,0.559846,2892
T-CAM-C,47,4,3000,30000,0.525076,0.555149,22.1159,0.784871,0.745913,0.640193,0.40554,2892
T-CAM-C,47,4,3000,300000,0.478803,0.503733,18.3335,0.704002,0.67471,0.588141,0.383779,2892
T-CAM-C,47,4,8000,30000,0.431226,0.455744,18.03,0.708781,0.652629,0.500433,0.246627,2892
T-CAM-C,47,4,8000,300000,0.395898,0.416708,15.3038,0.6408,0.595116,0.464559,0.237925,2892
T-CAM-C,47,4.5,1000,30000,0.561134,0.653407,67.856,0.697249,0.710135,0.722693,0.595445,2892
T-CAM-C,47,4.5,1000,300000,0.517944,0.591468,54.069,0.635817,0.64938,0.664159,0.5596,2892
T-CAM-C,47,4.5,3000,30000,0.471792,0.555149,61.3,0.660442,0.652485,0.607501,0.405451,2892
T-CAM-C,47,4.5,3000,300000,0.433956,0.503733,51.3134,0.599186,0.595095,0.559689,0.383704,2892
T-CAM-C,47,4.5,8000,30000,0.386793,0.455744,50.706,0.60309,0.576211,0.477273,0.246729,2892
T-CAM-C,47,4.5,8000,300000,0.35772,0.416708,43.3795,0.549933,0.528662,0.443941,0.238022,2892
T-CAM-C,47,5,1000,30000,0.455242,0.653407,145.728,0.469175,0.510093,0.618898,0.594529,2892
T-CAM-C,47,5,1000,300000,0.428642,0.591468,119.741,0.442641,0.479675,0.576236,0.558831,2892
T-CAM-C,47,5,3000,30000,0.36533,0.555149,139.591,0.423144,0.455524,0.52046,0.405174,2892
T-CAM-C,47,5,3000,300000,0.341805,0.503733,119.081,0.393386,0.423471,0.483285,0.383472,2892
T-CAM-C,47,5,8000,30000,0.294148,0.455744,118.836,0.390839,0.407751,0.414045,0.24706,2892
T-CAM-C,47,5,8000,300000,0.276264,0.416708,103.281,0.363087,0.379524,0.387289,0.238335,2892
T-CAM-D,47,3,1000,30000,0.649304,0.653407,3.01668,0.901727,0.866809,0.780935,0.595661,2892
T-CAM-D,47,3,1000,300000,0.588267,0.591468,2.35418,0.79907,0.776339,0.712578,0.559776,2892
T-CAM-D,47,3,3000,30000,0.551667,0.555149,2.5608,0.848684,0.791204,0.653696,0.405443,2892
T-CAM-D,47,3,3000,300000,0.500849,0.503733,2.12079,0.756961,0.7129,0.599854,0.383689,2892
T-CAM-D,47,3,8000,30000,0.452956,0.455744,2.0503,0.761635,0.688931,0.509903,0.246509,2892
T-CAM-D,47,3,8000,300000,0.414343,0.416708,1.73921,0.685703,0.626423,0.472969,0.237816,2892
T-CAM-D,47,4,1000,30000,0.615462,0.653407,27.9038,0.829382,0.809697,0.751807,0.593766,2892
T-CAM-D,47,4,1000,300000,0.561585,0.591468,21.9753,0.742325,0.730637,0.688452,0.558137,2892
T-CAM-D,47,4,3000,30000,0.522344,0.555149,24.1245,0.784627,0.742171,0.630798,0.404208,2892
T-CAM-D,47,4,3000,300000,0.476432,0.503733,20.0772,0.703797,0.671541,0.579983,0.38258,2892
T-CAM-D,47,4,8000,30000,0.429293,0.455744,19.4515,0.708577,0.649621,0.493764,0.245877,2892
T-CAM-D,47,4,8000,300000,0.394183,0.416708,16.5646,0.640625,0.592513,0.458633,0.237232,2892
T-CAM-D,47,4.5,1000,30000,0.551529,0.653407,74.9197,0.696648,0.699922,0.690232,0.589433,2892
T-CAM-D,47,4.5,1000,300000,0.509861,0.591468,60.0128,0.635322,0.640927,0.636914,0.554378,2892
T-CAM-D,47,4.5,3000,30000,0.464041,0.555149,67.0002,0.659858,0.64303,0.580877,0.401353,2892
T-CAM-D,47,4.5,3000,300000,0.427179,0.503733,56.2972,0.598688,0.586973,0.536437,0.380014,2892
T-CAM-D,47,4.5,8000,30000,0.381255,0.455744,54.7785,0.602588,0.568395,0.458057,0.24441,2892
T-CAM-D,47,4.5,8000,300000,0.352778,0.416708,47.0135,0.549496,0.52182,0.426792,0.235878,2892
T-CAM-D,47,5,1000,30000,0.433436,0.653407,161.764,0.468355,0.494201,0.549878,0.577488,2892
T-CAM-D,47,5,1000,300000,0.409829,0.591468,133.575,0.441922,0.465815,0.516629,0.543932,2892
T-CAM-D,47,5,3000,30000,0.346865,0.555149,153.17,0.422246,0.439028,0.459057,0.393262,2892
T-CAM-D,47,5,3000,300000,0.325413,0.503733,131.135,0.392591,0.408861,0.428847,0.372713,2892
T-CAM-D,47,5,8000,30000,0.280692,0.455744,128.732,0.39001,0.393228,0.367738,0.240218,2892
T-CAM-D,47,5,8000,300000,0.2641,0.416708,112.226,0.362345,0.3665,0.345499,0.231996,2892
T-CAM-C,48,3,1000,30000,0.648449,0.653407,3.64595,0.901342,0.865345,0.778126,0.595342,1665
T-CAM-C,48,3,1000,300000,0.587566,0.591468,2.86934,0.798772,0.775175,0.710259,0.559499,1665
T-CAM-C,48,3,3000,30000,0.550992,0.555149,3.05744,0.848353,0.789972,0.651503,0.405228,1665
T-CAM-C,48,3,3000,300000,0.500269,0.503733,2.5478,0.756686,0.711864,0.597954,0.383496,1665
T-CAM-C,48,3,8000,30000,0.452469,0.455744,2.40834,0.761366,0.687955,0.508358,0.246388,1665
T-CAM-C,48,3,8000,300000,0.413915,0.416708,2.05372,0.685475,0.625582,0.471599,0.237704,1665
T-CAM-C,48,4,1000,30000,0.607834,0.653407,33.5138,0.826164,0.79716,0.726644,0.590731,1665
T-CAM-C,48,4,1000,300000,0.55527,0.591468,26.6193,0.73978,0.720516,0.667484,0.5555,1665
T-CAM-C,48,4,3000,30000,0.51616,0.555149,28.6723,0.781722,0.731209,0.610614,0.402138,1665
T-CAM-C,48,4,3000,300000,0.471084,0.503733,24.0098,0.701369,0.66225,0.562419,0.380716,1665
T-CAM-C,48,4,8000,30000,0.42479,0.455744,22.763,0.706187,0.640799,0.479364,0.244705,1665
T-CAM-C,48,4,8000,300000,0.390208,0.416708,19.4876,0.638585,0.584874,0.445817,0.23615,1665
T-CAM-C,48,4.5,1000,30000,0.532657,0.653407,88.7981,0.689668,0.671426,0.627706,0.580876,1665
T-CAM-C,48,4.5,1000,300000,0.493907,0.591468,71.7455,0.629625,0.617238,0.583828,0.546891,1665
T-CAM-C,48,4.5,3000,30000,0.447952,0.555149,78.8319,0.652998,0.616275,0.527931,0.395362,1665
T-CAM-C,48,4.5,3000,300000,0.413108,0.503733,66.6448,0.592859,0.563935,0.489918,0.374601,1665
T-CAM-C,48,4.5,8000,30000,0.369291,0.455744,63.5763,0.596756,0.546174,0.419245,0.24097,1665
T-CAM-C,48,4.5,8000,300000,0.342117,0.416708,54.8535,0.544443,0.502336,0.392001,0.23269,1665
T-CAM-C,48,5,1000,30000,0.400622,0.653407,185.895,0.459604,0.453483,0.442574,0.557876,1665
T-CAM-C,48,5,1000,300000,0.380969,0.591468,154.799,0.434394,0.430064,0.421883,0.526465,1665
T-CAM-C,48,5,3000,30000,0.316364,0.555149,175.6,0.412262,0.395949,0.358235,0.378638,1665
T-CAM-C,48,5,3000,300000,0.298125,0.503733,151.202,0.383879,0.370573,0.338333,0.359384,1665
T-CAM-C,48,5,8000,30000,0.256928,0.455744,146.207,0.38077,0.354889,0.289031,0.231487,1665
T-CAM-C,48,5,8000,300000,0.242525,0.416708,128.092,0.35415,0.332021,0.273798,0.223856,1665
T-CAM-D,48,3,1000,30000,0.6483,0.653407,3.75505,0.901342,0.865338,0.777931,0.595059,1665
T-CAM-D,48,3,1000,300000,0.58744,0.591468,2.96196,0.798771,0.775169,0.710098,0.559254,1665
T-CAM-D,48,3,3000,30000,0.550885,0.555149,3.13595,0.848352,0.789966,0.651352,0.405037,1665
T-CAM-D,48,3,3000,300000,0.500174,0.503733,2.61728,0.756686,0.711859,0.597823,0.383324,1665
T-CAM-D,48,3,8000,30000,0.452402,0.455744,2.45712,0.761366,0.68795,0.508252,0.246281,1665
T-CAM-D,48,3,8000,300000,0.413855,0.416708,2.09794,0.685475,0.625579,0.471505,0.237605,1665
T-CAM-D,48,4,1000,30000,0.606504,0.653407,34.4919,0.826158,0.797097,0.724958,0.588141,1665
T-CAM-D,48,4,1000,300000,0.554132,0.591468,27.4563,0.739776,0.720466,0.666075,0.553244,1665
T-CAM-D,48,4,3000,30000,0.515178,0.555149,29.3948,0.781717,0.731155,0.609256,0.400355,1665
T-CAM-D,48,4,3000,300000,0.470211,0.503733,24.6516,0.701364,0.662204,0.561235,0.379109,1665
T-CAM-D,48,4,8000,30000,0.424172,0.455744,23.2175,0.706186,0.64076,0.4784,0.243692,1665
T-CAM-D,48,4,8000,300000,0.389647,0.416708,19.9008,0.638584,0.584841,0.444958,0.235212,1665
T-CAM-D,48,4.5,1000,30000,0.529348,0.653407,91.2312,0.689661,0.671291,0.623796,0.574172,1665
T-CAM-D,48,4.5,1000,300000,0.491029,0.591468,73.8616,0.629623,0.61713,0.580483,0.540982,1665
T-CAM-D,48,4.5,3000,30000,0.445378,0.555149,80.7243,0.652987,0.616148,0.52456,0.39054,1665
T-CAM-D,48,4.5,3000,300000,0.410804,0.503733,68.3395,0.592851,0.563828,0.486944,0.370229,1665
T-CAM-D,48,4.5,8000,30000,0.367629,0.455744,64.7988,0.596755,0.546081,0.416771,0.238162,1665
T-CAM-D,48,4.5,8000,300000,0.340597,0.416708,55.9717,0.544442,0.502257,0.389776,0.230081,1665
T-CAM-D,48,5,1000,30000,0.394945,0.653407,190.07,0.459647,0.453355,0.436779,0.545372,1665
T-CAM-D,48,5,1000,300000,0.375863,0.591468,158.553,0.434445,0.429964,0.416698,0.51514,1665
T-CAM-D,48,5,3000,30000,0.311511,0.555149,179.169,0.412279,0.395794,0.35264,0.368831,1665
T-CAM-D,48,5,3000,300000,0.293702,0.503733,154.455,0.383905,0.370447,0.333274,0.350367,1665
T-CAM-D,48,5,8000,30000,0.253593,0.455744,148.66,0.380787,0.354766,0.284608,0.225424,1665
T-CAM-D,48,5,8000,300000,0.239437,0.416708,130.364,0.354173,0.331918,0.269749,0.218172,1665
T-CAM-C,49,3,1000,30000,0.6491,0.653407,3.16681,0.901474,0.865783,0.78057,0.595783,980
T-CAM-C,49,3,1000,300000,0.588107,0.591468,2.47184,0.798874,0.775523,0.712278,0.559881,980
T-CAM-C,49,3,3000,30000,0.55149,0.555149,2.69109,0.848466,0.79034,0.65341,0.405524,980
T-CAM-C,49,3,3000,300000,0.500702,0.503733,2.22937,0.75678,0.712174,0.599607,0.383762,980
T-CAM-C,49,3,8000,30000,0.45281,0.455744,2.15706,0.761456,0.688245,0.5097,0.246555,980
T-CAM-C,49,3,8000,300000,0.414219,0.416708,1.8305,0.685551,0.625832,0.47279,0.237858,980
T-CAM-C,49,4,1000,30000,0.613741,0.653407,29.1698,0.827263,0.800872,0.748448,0.594956,980
T-CAM-C,49,4,1000,300000,0.560215,0.591468,22.9829,0.740643,0.723513,0.685664,0.559168,980
T-CAM-C,49,4,3000,30000,0.52078,0.555149,25.2748,0.782714,0.734458,0.628115,0.405012,980
T-CAM-C,49,4,3000,300000,0.475118,0.503733,21.0434,0.702199,0.665005,0.577654,0.383304,980
T-CAM-C,49,4,8000,30000,0.427985,0.455744,20.4133,0.706982,0.6434,0.491845,0.24633,980
T-CAM-C,49,4,8000,300000,0.393058,0.416708,17.3921,0.639263,0.587126,0.456929,0.237651,980
T-CAM-C,49,4.5,1000,30000,0.547808,0.653407,77.6562,0.692006,0.679676,0.681402,0.593013,980
T-CAM-C,49,4.5,1000,300000,0.506807,0.591468,62.2586,0.631506,0.624101,0.629474,0.557491,980
T-CAM-C,49,4.5,3000,30000,0.460314,0.555149,69.7409,0.655331,0.624068,0.573512,0.403804,980
T-CAM-C,49,4.5,3000,300000,0.423999,0.503733,58.6361,0.59483,0.570649,0.529994,0.382222,980
T-CAM-C,49,4.5,8000,30000,0.37799,0.455744,57.1793,0.598683,0.552621,0.45268,0.2458,980
T-CAM-C,49,4.5,8000,300000,0.349935,0.416708,49.1044,0.546108,0.507991,0.421988,0.237163,980
T-CAM-C,49,5,1000,30000,0.429431,0.653407,164.709,0.46213,0.464646,0.532833,0.587251,980
T-CAM-C,49,5,1000,300000,0.406291,0.591468,136.177,0.43647,0.439865,0.501763,0.552499,980
T-CAM-C,49,5,3000,30000,0.341608,0.555149,157.036,0.415393,0.40791,0.443435,0.400177,980
T-CAM-C,49,5,3000,300000,0.320766,0.503733,134.552,0.386526,0.381191,0.414924,0.378968,980
T-CAM-C,49,5,8000,30000,0.275385,0.455744,132.634,0.383666,0.365542,0.355713,0.244217,980
T-CAM-C,49,5,8000,300000,0.259358,0.416708,115.714,0.356668,0.341594,0.334606,0.235706,980
T-CAM-D,49,3,1000,30000,0.648789,0.653407,3.39555,0.901468,0.865699,0.779456,0.595488,980
T-CAM-D,49,3,1000,300000,0.587846,0.591468,2.66326,0.798868,0.775456,0.711358,0.559626,980
T-CAM-D,49,3,3000,30000,0.551257,0.555149,2.86257,0.84846,0.790269,0.652541,0.405326,980
T-CAM-D,49,3,3000,300000,0.500498,0.503733,2.37936,0.756775,0.712114,0.598854,0.383584,980
T-CAM-D,49,3,8000,30000,0.452655,0.455744,2.27141,0.761451,0.688189,0.509089,0.246443,980
T-CAM-D,49,3,8000,300000,0.41408,0.416708,1.93283,0.685547,0.625784,0.472247,0.237755,980
T-CAM-D,49,4,1000,30000,0.610845,0.653407,31.2993,0.827207,0.800156,0.738361,0.5921,980
T-CAM-D,49,4,1000,300000,0.557776,0.591468,24.7768,0.740598,0.722934,0.677265,0.556691,980
T-CAM-D,49,4,3000,30000,0.518574,0.555149,26.897,0.782663,0.733831,0.620049,0.403075,980
T-CAM-D,49,4,3000,300000,0.473182,0.503733,22.4671,0.702156,0.664473,0.570637,0.38156,980
T-CAM-D,49,4,8000,30000,0.426505,0.455744,21.502,0.70694,0.642894,0.486102,0.245237,980
T-CAM-D,49,4,8000,300000,0.391729,0.416708,18.3691,0.639227,0.586688,0.451818,0.236641,980
T-CAM-D,49,4.5,1000,30000,0.539966,0.653407,83.4231,0.691883,0.678066,0.655828,0.584638,980
T-CAM-D,49,4.5,1000,300000,0.500115,0.591468,67.1797,0.631405,0.622759,0.607805,0.550191,980
T-CAM-D,49,4.5,3000,30000,0.454151,0.555149,74.2734,0.655211,0.622552,0.552001,0.398019,980
T-CAM-D,49,4.5,3000,300000,0.418551,0.503733,62.6423,0.594728,0.569341,0.511114,0.377005,980
T-CAM-D,49,4.5,8000,30000,0.373799,0.455744,60.2613,0.598579,0.551357,0.436972,0.242504,980
T-CAM-D,49,4.5,8000,300000,0.346152,0.416708,51.886,0.546018,0.506881,0.407918,0.234112,980
T-CAM-D,49,5,1000,30000,0.412621,0.653407,177.072,0.461967,0.462386,0.487294,0.565925,980
T-CAM-D,49,5,1000,300000,0.391568,0.591468,147.005,0.436328,0.43787,0.46168,0.533676,980
T-CAM-D,49,5,3000,30000,0.327578,0.555149,167.353,0.415214,0.405516,0.400977,0.384758,980
T-CAM-D,49,5,3000,300000,0.308176,0.503733,143.811,0.386367,0.379055,0.376877,0.364979,980
T-CAM-D,49,5,8000,30000,0.265559,0.455744,139.86,0.3835,0.363401,0.322777,0.235187,980
T-CAM-D,49,5,8000,300000,0.250379,0.416708,122.317,0.356519,0.339663,0.304643,0.227313,980
T-CAM-C,50,3,1000,30000,0.648841,0.653407,3.35755,0.901388,0.865492,0.779463,0.595702,1677
T-CAM-C,50,3,1000,300000,0.587894,0.591468,2.62833,0.798806,0.775291,0.711364,0.559811,1677
T-CAM-C,50,3,3000,30000,0.551286,0.555149,2.84117,0.848391,0.790094,0.652546,0.40547,1677
T-CAM-C,50,3,3000,300000,0.500526,0.503733,2.35861,0.756718,0.711967,0.598858,0.383714,1677
T-CAM-C,50,3,8000,30000,0.452664,0.455744,2.2648,0.761395,0.68805,0.509092,0.246524,1677
T-CAM-C,50,3,8000,300000,0.41409,0.416708,1.92534,0.685499,0.625664,0.47225,0.23783,1677
T-CAM-C,50,4,1000,30000,0.6114,0.653407,30.8915,0.826538,0.798396,0.73843,0.594168,1677
T-CAM-C,50,4,1000,300000,0.558274,0.591468,24.4102,0.740069,0.721511,0.677324,0.558486,1677
T-CAM-C,50,4,3000,30000,0.518895,0.555149,26.6609,0.782059,0.732287,0.620098,0.40448,1677
T-CAM-C,50,4,3000,300000,0.473486,0.503733,22.2435,0.701651,0.663163,0.570681,0.382825,1677
T-CAM-C,50,4,8000,30000,0.426621,0.455744,21.4168,0.706438,0.641648,0.48613,0.24603,1677
T-CAM-C,50,4,8000,300000,0.391851,0.416708,18.2795,0.638798,0.585609,0.451844,0.237374,1677
T-CAM-C,50,4.5,1000,30000,0.541839,0.653407,82.0459,0.690434,0.67414,0.656015,0.590628,1677
T-CAM-C,50,4.5,1000,300000,0.501763,0.591468,65.9683,0.630216,0.619486,0.607967,0.555419,1677
T-CAM-C,50,4.5,3000,30000,0.455304,0.555149,73.4251,0.653789,0.618843,0.552142,0.402174,1677
T-CAM-C,50,4.5,3000,300000,0.419614,0.503733,61.8605,0.593518,0.566142,0.511241,0.380754,1677
T-CAM-C,50,4.5,8000,30000,0.374302,0.455744,59.891,0.597358,0.548262,0.437059,0.244876,1677
T-CAM-C,50,4.5,8000,300000,0.346645,0.416708,51.524,0.544959,0.504164,0.407999,0.236309,1677
T-CAM-C,50,5,1000,30000,0.418024,0.653407,173.098,0.460096,0.456961,0.487652,0.58063,1677
T-CAM-C,50,5,1000,300000,0.396315,0.591468,143.513,0.434699,0.433084,0.462001,0.546698,1677
T-CAM-C,50,5,3000,30000,0.331398,0.555149,164.545,0.413119,0.39974,0.401289,0.395514,1677
T-CAM-C,50,5,3000,300000,0.311641,0.503733,141.263,0.384522,0.373905,0.377161,0.374753,1677
T-CAM-C,50,5,8000,30000,0.267628,0.455744,138.339,0.381556,0.358227,0.322993,0.241528,1677
T-CAM-C,50,5,8000,300000,0.252313,0.416708,120.894,0.354785,0.334998,0.304843,0.233212,1677
T-CAM-D,50,3,1000,30000,0.648466,0.653407,3.6335,0.901384,0.865454,0.778413,0.595222,1677
T-CAM-D,50,3,1000,300000,0.587578,0.591468,2.86087,0.798804,0.775261,0.710497,0.559396,1677
T-CAM-D,50,3,3000,30000,0.55101,0.555149,3.04426,0.848388,0.790063,0.651727,0.405147,1677
T-CAM-D,50,3,3000,300000,0.500283,0.503733,2.53724,0.756716,0.711941,0.598149,0.383423,1677
T-CAM-D,50,3,8000,30000,0.452485,0.455744,2.39613,0.761392,0.688025,0.508516,0.246343,1677
T-CAM-D,50,3,8000,300000,0.413929,0.416708,2.04359,0.685497,0.625642,0.471738,0.237662,1677
T-CAM-D,50,4,1000,30000,0.607953,0.653407,33.4259,0.826511,0.798077,0.729147,0.589623,1677
T-CAM-D,50,4,1000,300000,0.55535,0.591468,26.5611,0.740047,0.721254,0.669575,0.554536,1677
T-CAM-D,50,4,3000,30000,0.516308,0.555149,28.5634,0.782034,0.732008,0.612634,0.401377,1677
T-CAM-D,50,4,3000,300000,0.471202,0.503733,23.9229,0.70163,0.662927,0.564179,0.380031,1677
T-CAM-D,50,4,8000,30000,0.424933,0.455744,22.6579,0.706418,0.641424,0.480805,0.244274,1677
T-CAM-D,50,4,8000,300000,0.390327,0.416708,19.4001,0.638781,0.585414,0.4471,0.23575,1677
T-CAM-D,50,4.5,1000,30000,0.532789,0.653407,88.7013,0.690375,0.673433,0.633576,0.577946,1677
T-CAM-D,50,4.5,1000,300000,0.493973,0.591468,71.6967,0.630168,0.618896,0.588845,0.544314,1677
T-CAM-D,50,4.5,3000,30000,0.44824,0.555149,78.6196,0.653731,0.618175,0.532987,0.393269,1677
T-CAM-D,50,4.5,3000,300000,0.413332,0.503733,66.48,0.593469,0.565566,0.494376,0.372705,1677
T-CAM-D,50,4.5,8000,30000,0.369608,0.455744,63.3432,0.597309,0.547705,0.422974,0.239756,1677
T-CAM-D,50,4.5,8000,300000,0.342381,0.416708,54.6592,0.544917,0.503675,0.395351,0.231563,1677
T-CAM-D,50,5,1000,30000,0.400161,0.653407,186.235,0.460024,0.455992,0.451477,0.552146,1677
T-CAM-D,50,5,1000,300000,0.380489,0.591468,155.152,0.434638,0.432228,0.429838,0.521293,1677
T-CAM-D,50,5,3000,30000,0.316367,0.555149,175.598,0.413036,0.398708,0.366815,0.374188,1677
T-CAM-D,50,5,3000,300000,0.298055,0.503733,151.253,0.38445,0.372984,0.346087,0.3553,1677
T-CAM-D,50,5,8000,30000,0.257202,0.455744,146.006,0.381479,0.357302,0.295835,0.228757,1677
T-CAM-D,50,5,8000,300000,0.242724,0.416708,127.946,0.354717,0.334164,0.280027,0.2213,1677
T-CAM-C,51,3,1000,30000,0.648614,0.653407,3.52419,0.901351,0.865375,0.778508,0.595557,2123
T-CAM-C,51,3,1000,300000,0.587706,0.591468,2.76683,0.798778,0.775199,0.710575,0.559686,2123
T-CAM-C,51,3,3000,30000,0.551113,0.555149,2.96805,0.84836,0.789997,0.651801,0.405372,2123
T-CAM-C,51,3,3000,300000,0.500376,0.503733,2.46909,0.756692,0.711885,0.598212,0.383626,2123
T-CAM-C,51,3,8000,30000,0.452547,0.455744,2.35112,0.76137,0.687973,0.508567,0.246469,2123
T-CAM-C,51,3,8000,300000,0.413986,0.416708,2.00218,0.685479,0.625598,0.471784,0.237779,2123
T-CAM-C,51,4,1000,30000,0.609341,0.653407,32.4054,0.826233,0.797412,0.729974,0.592763,2123
T-CAM-C,51,4,1000,300000,0.556549,0.591468,25.6793,0.73983,0.720717,0.670267,0.557266,2123
T-CAM-C,51,4,3000,30000,0.517292,0.555149,27.8395,0.781784,0.731426,0.613299,0.403526,2123
T-CAM-C,51,4,3000,300000,0.472084,0.503733,23.2742,0.701421,0.662433,0.56476,0.381967,2123
T-CAM-C,51,4,8000,30000,0.425521,0.455744,22.2252,0.706221,0.640961,0.48128,0.245491,2123
T-CAM-C,51,4,8000,300000,0.390869,0.416708,19.0017,0.638614,0.585014,0.447524,0.236876,2123
T-CAM-C,51,4.5,1000,30000,0.536536,0.653407,85.9452,0.689792,0.671968,0.635538,0.586515,2123
T-CAM-C,51,4.5,1000,300000,0.497244,0.591468,69.2914,0.629705,0.61768,0.590524,0.551832,2123
T-CAM-C,51,4.5,3000,30000,0.451,0.555149,76.5899,0.653143,0.616788,0.53467,0.39933,2123
T-CAM-C,51,4.5,3000,300000,0.415818,0.503733,64.6517,0.592974,0.564372,0.495861,0.378189,2123
T-CAM-C,51,4.5,8000,30000,0.3713,0.455744,62.0989,0.596835,0.546567,0.424216,0.243255,2123
T-CAM-C,51,4.5,8000,300000,0.343942,0.416708,53.5113,0.544508,0.502678,0.396469,0.234808,2123
T-CAM-C,51,5,1000,30000,0.407851,0.653407,180.579,0.459471,0.454078,0.454523,0.570262,2123
T-CAM-C,51,5,1000,300000,0.387374,0.591468,150.088,0.434205,0.430557,0.432561,0.537537,2123
T-CAM-C,51,5,3000,30000,0.322539,0.555149,171.059,0.412293,0.396634,0.369742,0.387987,2123
T-CAM-C,51,5,3000,300000,0.303693,0.503733,147.107,0.383839,0.371153,0.348735,0.36792,2123
T-CAM-C,51,5,8000,30000,0.261208,0.455744,143.06,0.380792,0.355465,0.298161,0.237109,2123
T-CAM-C,51,5,8000,300000,0.246454,0.416708,125.203,0.35413,0.332519,0.282159,0.229104,2123
T-CAM-D,51,3,1000,30000,0.648354,0.653407,3.71526,0.90135,0.865366,0.778089,0.595119,2123
T-CAM-D,51,3,1000,300000,0.587485,0.591468,2.92877,0.798777,0.775191,0.710229,0.559307,2123
T-CAM-D,51,3,3000,30000,0.550925,0.555149,3.10636,0.848359,0.789989,0.651474,0.405077,2123
T-CAM-D,51,3,3000,300000,0.50021,0.503733,2.59132,0.756691,0.711878,0.597929,0.383361,2123
T-CAM-D,51,3,8000,30000,0.452428,0.455744,2.43812,0.76137,0.687967,0.508338,0.246304,2123
T-CAM-D,51,3,8000,300000,0.413878,0.416708,2.08094,0.685478,0.625593,0.471581,0.237626,2123
T-CAM-D,51,4,1000,30000,0.606977,0.653407,34.1439,0.826227,0.797331,0.726326,0.588687,2123
T-CAM-D,51,4,1000,300000,0.55453,0.591468,27.1636,0.739825,0.720652,0.667218,0.553721,2123
T-CAM-D,51,4,3000,30000,0.515542,0.555149,29.1265,0.781778,0.731355,0.610356,0.400732,2123
T-CAM-D,51,4,3000,300000,0.470532,0.503733,24.4156,0.701416,0.662373,0.562194,0.379449,2123
T-CAM-D,51,4,8000,30000,0.424409,0.455744,23.0433,0.706218,0.640905,0.479178,0.243907,2123
T-CAM-D,51,4,8000,300000,0.389859,0.416708,19.7443,0.63861,0.584965,0.44565,0.23541,2123
T-CAM-D,51,4.5,1000,30000,0.530461,0.653407,90.4133,0.689779,0.671789,0.626964,0.575544,2123
T-CAM-D,51,4.5,1000,300000,0.49198,0.591468,73.1626,0.629696,0.617532,0.583192,0.542194,2123
T-CAM-D,51,4.5,3000,30000,0.446299,0.555149,80.0476,0.65313,0.616619,0.527287,0.391536,2123
T-CAM-D,51,4.5,3000,300000,0.411617,0.503733,67.7414,0.592963,0.564226,0.489349,0.371132,2123
T-CAM-D,51,4.5,8000,30000,0.368243,0.455744,64.3469,0.596826,0.546429,0.418764,0.238744,2123
T-CAM-D,51,4.5,8000,300000,0.341152,0.416708,55.5633,0.5445,0.502557,0.391567,0.230622,2123
T-CAM-D,51,5,1000,30000,0.396546,0.653407,188.892,0.459472,0.453847,0.44145,0.547759,2123
T-CAM-D,51,5,1000,300000,0.377273,0.591468,157.517,0.43421,0.430357,0.420874,0.517313,2123
T-CAM-D,51,5,3000,30000,0.313012,0.555149,178.065,0.412283,0.396384,0.357145,0.370729,2123
T-CAM-D,51,5,3000,300000,0.295036,0.503733,153.474,0.383835,0.370933,0.337344,0.352117,2123
T-CAM-D,51,5,8000,30000,0.25468,0.455744,147.86,0.380783,0.355244,0.28815,0.22661,2123
T-CAM-D,51,5,8000,300000,0.24042,0.416708,129.64,0.354124,0.332322,0.272989,0.219285,2123
T-CAM-C,52,3,1000,30000,0.648863,0.653407,3.34113,0.901387,0.865493,0.779558,0.595721,2488
T-CAM-C,52,3,1000,300000,0.587913,0.591468,2.61457,0.798806,0.775292,0.711442,0.559828,2488
T-CAM-C,52,3,3000,30000,0.551302,0.555149,2.82891,0.84839,0.790095,0.65262,0.405483,2488
T-CAM-C,52,3,3000,300000,0.500541,0.503733,2.34786,0.756718,0.711968,0.598922,0.383725,2488
T-CAM-C,52,3,8000,30000,0.452675,0.455744,2.25668,0.761394,0.68805,0.509144,0.246532,2488
T-CAM-C,52,3,8000,300000,0.4141,0.416708,1.91806,0.685499,0.625665,0.472296,0.237837,2488
T-CAM-C,52,4,1000,30000,0.611608,0.653407,30.7382,0.826533,0.798403,0.739279,0.594354,2488
T-CAM-C,52,4,1000,300000,0.55845,0.591468,24.2809,0.740064,0.721517,0.678032,0.558647,2488
T-CAM-C,52,4,3000,30000,0.519053,0.555149,26.5446,0.782054,0.732294,0.620779,0.404605,2488
T-CAM-C,52,4,3000,300000,0.473625,0.503733,22.1413,0.701647,0.663169,0.571274,0.382938,2488
T-CAM-C,52,4,8000,30000,0.426726,0.455744,21.3393,0.706434,0.641654,0.486615,0.246101,2488
T-CAM-C,52,4,8000,300000,0.391946,0.416708,18.2098,0.638795,0.585613,0.452276,0.237439,2488
T-CAM-C,52,4.5,1000,30000,0.542407,0.653407,81.628,0.690421,0.674158,0.65812,0.591185,2488
T-CAM-C,52,4.5,1000,300000,0.502248,0.591468,65.6116,0.630206,0.619501,0.609756,0.555903,2488
T-CAM-C,52,4.5,3000,30000,0.455748,0.555149,73.0984,0.653777,0.61886,0.553925,0.402556,2488
T-CAM-C,52,4.5,3000,300000,0.420007,0.503733,61.5716,0.593508,0.566156,0.512808,0.381098,2488
T-CAM-C,52,4.5,8000,30000,0.374602,0.455744,59.6707,0.597348,0.548276,0.438365,0.245093,2488
T-CAM-C,52,4.5,8000,300000,0.346916,0.416708,51.3248,0.544951,0.504176,0.40917,0.23651,2488
T-CAM-C,52,5,1000,30000,0.419268,0.653407,172.183,0.46008,0.456986,0.491224,0.582133,2488
T-CAM-C,52,5,1000,300000,0.397403,0.591468,142.713,0.434685,0.433107,0.465161,0.548019,2488
T-CAM-C,52,5,3000,30000,0.332426,0.555149,163.789,0.413101,0.399766,0.404656,0.396582,2488
T-CAM-C,52,5,3000,300000,0.312563,0.503733,140.585,0.384506,0.373929,0.380187,0.37572,2488
T-CAM-C,52,5,8000,30000,0.268341,0.455744,137.814,0.381539,0.35825,0.325623,0.242147,2488
T-CAM-C,52,5,8000,300000,0.252965,0.416708,120.415,0.35477,0.33502,0.307241,0.233787,2488
T-CAM-D,52,3,1000,30000,0.648561,0.653407,3.56315,0.901385,0.865469,0.778696,0.595339,2488
T-CAM-D,52,3,1000,300000,0.587658,0.591468,2.80167,0.798804,0.775273,0.71073,0.559497,2488
T-CAM-D,52,3,3000,30000,0.55108,0.555149,2.99225,0.848389,0.790075,0.651948,0.405226,2488
T-CAM-D,52,3,3000,300000,0.500345,0.503733,2.49155,0.756716,0.711951,0.59834,0.383494,2488
T-CAM-D,52,3,8000,30000,0.452531,0.455744,2.36225,0.761393,0.688035,0.508671,0.246387,2488
T-CAM-D,52,3,8000,300000,0.413971,0.416708,2.01314,0.685498,0.625651,0.471876,0.237703,2488
T-CAM-D,52,4,1000,30000,0.608813,0.653407,32.7938,0.826517,0.798203,0.731628,0.590707,2488
T-CAM-D,52,4,1000,300000,0.556079,0.591468,26.0245,0.740052,0.721355,0.671648,0.555479,2488
T-CAM-D,52,4,3000,30000,0.51696,0.555149,28.0841,0.782039,0.732118,0.614633,0.402122,2488
T-CAM-D,52,4,3000,300000,0.471777,0.503733,23.5,0.701635,0.66302,0.565922,0.380702,2488
T-CAM-D,52,4,8000,30000,0.425362,0.455744,22.3421,0.706422,0.641512,0.482233,0.244697,2488
T-CAM-D,52,4,8000,300000,0.390715,0.416708,19.1152,0.638785,0.58549,0.448373,0.236141,2488
T-CAM-D,52,4.5,1000,30000,0.53494,0.653407,87.1193,0.690388,0.673712,0.63947,0.580812,2488
T-CAM-D,52,4.5,1000,300000,0.495831,0.591468,70.3303,0.630179,0.619129,0.593878,0.546836,2488
T-CAM-D,52,4.5,3000,30000,0.449955,0.555149,77.3587,0.653744,0.618438,0.538047,0.395317,2488
T-CAM-D,52,4.5,3000,300000,0.414859,0.503733,65.3574,0.59348,0.565793,0.498835,0.37456,2488
T-CAM-D,52,4.5,8000,30000,0.370766,0.455744,62.4919,0.59732,0.547924,0.426705,0.240945,2488
T-CAM-D,52,4.5,8000,300000,0.343433,0.416708,53.8858,0.544926,0.503867,0.398704,0.232667,2488
T-CAM-D,52,5,1000,30000,0.403919,0.653407,183.471,0.460039,0.456374,0.460658,0.557747,2488
T-CAM-D,52,5,1000,300000,0.383852,0.591468,152.678,0.43465,0.432566,0.438028,0.526349,2488
T-CAM-D,52,5,3000,30000,0.319654,0.555149,173.18,0.413054,0.399114,0.375627,0.37854,2488
T-CAM-D,52,5,3000,300000,0.301041,0.503733,149.058,0.384465,0.373347,0.354045,0.359294,2488
T-CAM-D,52,5,8000,30000,0.259552,0.455744,144.277,0.381495,0.357666,0.302816,0.231429,2488
T-CAM-D,52,5,8000,300000,0.244891,0.416708,126.352,0.354731,0.334493,0.286415,0.223802,2488
T-CAM-C,53,3,1000,30000,0.648859,0.653407,3.34413,0.90137,0.865451,0.77952,0.595743,3418
T-CAM-C,53,3,1000,300000,0.58791,0.591468,2.61649,0.798793,0.775259,0.711411,0.559846,3418
T-CAM-C,53,3,3000,30000,0.551298,0.555149,2.83241,0.848376,0.79006,0.65259,0.405497,3418
T-CAM-C,53,3,3000,300000,0.500537,0.503733,2.35057,0.756706,0.711938,0.598896,0.383738,3418
T-CAM-C,53,3,8000,30000,0.45267,0.455744,2.26033,0.761383,0.688022,0.509122,0.24654,3418
T-CAM-C,53,3,8000,300000,0.414096,0.416708,1.92104,0.685489,0.625641,0.472277,0.237844,3418
T-CAM-C,53,4,1000,30000,0.611587,0.653407,30.7534,0.826394,0.798048,0.738937,0.594564,3418
T-CAM-C,53,4,1000,300000,0.558439,0.591468,24.2895,0.739954,0.72123,0.677748,0.558829,3418
T-CAM-C,53,4,3000,30000,0.519019,0.555149,26.5701,0.781928,0.731982,0.620503,0.404747,3418
T-CAM-C,53,4,3000,300000,0.473599,0.503733,22.1608,0.701542,0.662905,0.571034,0.383066,3418
T-CAM-C,53,4,8000,30000,0.426685,0.455744,21.3691,0.706331,0.641404,0.486417,0.246181,3418
T-CAM-C,53,4,8000,300000,0.391913,0.416708,18.2342,0.638707,0.585397,0.4521,0.237513,3418
T-CAM-C,53,4.5,1000,30000,0.542442,0.653407,81.6021,0.690123,0.67337,0.657282,0.591819,3418
T-CAM-C,53,4.5,1000,300000,0.502286,0.591468,65.5836,0.629964,0.618844,0.609045,0.556454,3418
T-CAM-C,53,4.5,3000,30000,0.455712,0.555149,73.1252,0.653482,0.618114,0.553209,0.402989,3418
T-CAM-C,53,4.5,3000,300000,0.419982,0.503733,61.5897,0.593257,0.565514,0.512179,0.381488,3418
T-CAM-C,53,4.5,8000,30000,0.374527,0.455744,59.7257,0.5971,0.547657,0.437835,0.245339,3418
T-CAM-C,53,4.5,8000,300000,0.346855,0.416708,51.3696,0.544735,0.503633,0.408695,0.236737,3418
T-CAM-C,53,5,1000,30000,0.419736,0.653407,171.839,0.459731,0.455921,0.489822,0.583875,3418
T-CAM-C,53,5,1000,300000,0.39781,0.591468,142.414,0.43439,0.432169,0.463921,0.549546,3418
T-CAM-C,53,5,3000,30000,0.332656,0.555149,163.619,0.412688,0.398625,0.403326,0.397812,3418
T-CAM-C,53,5,3000,300000,0.312776,0.503733,140.428,0.384151,0.372914,0.378992,0.376833,3418
T-CAM-C,53,5,8000,30000,0.268383,0.455744,137.783,0.381156,0.357231,0.324574,0.242858,3418
T-CAM-C,53,5,8000,300000,0.253011,0.416708,120.381,0.354433,0.334102,0.306285,0.234446,3418
T-CAM-D,53,3,1000,30000,0.648408,0.653407,3.67618,0.901368,0.865418,0.77826,0.59516,3418
T-CAM-D,53,3,1000,300000,0.587529,0.591468,2.89647,0.798791,0.775232,0.71037,0.559342,3418
T-CAM-D,53,3,3000,30000,0.550966,0.555149,3.07642,0.848374,0.790032,0.651608,0.405105,3418
T-CAM-D,53,3,3000,300000,0.500245,0.503733,2.5653,0.756704,0.711915,0.598045,0.383385,3418
T-CAM-D,53,3,8000,30000,0.452456,0.455744,2.4177,0.761381,0.688001,0.508432,0.246319,3418
T-CAM-D,53,3,8000,300000,0.413903,0.416708,2.06283,0.685488,0.625622,0.471664,0.23764,3418
T-CAM-D,53,4,1000,30000,0.607441,0.653407,33.8029,0.826373,0.79777,0.727813,0.589053,3418
T-CAM-D,53,4,1000,300000,0.554917,0.591468,26.8789,0.739939,0.721005,0.66846,0.554039,3418
T-CAM-D,53,4,3000,30000,0.51591,0.555149,28.856,0.78191,0.731738,0.611557,0.400984,3418
T-CAM-D,53,4,3000,300000,0.470853,0.503733,24.1796,0.701526,0.662698,0.563241,0.379677,3418
T-CAM-D,53,4,8000,30000,0.424663,0.455744,22.8566,0.706317,0.641208,0.480035,0.24405,3418
T-CAM-D,53,4,8000,300000,0.390086,0.416708,19.578,0.638695,0.585227,0.446414,0.235543,3418
T-CAM-D,53,4.5,1000,30000,0.531549,0.653407,89.6125,0.69008,0.672754,0.630437,0.576475,3418
T-CAM-D,53,4.5,1000,300000,0.492908,0.591468,72.4803,0.62993,0.618331,0.586162,0.543016,3418
T-CAM-D,53,4.5,3000,30000,0.447222,0.555149,79.3682,0.653439,0.617532,0.530284,0.392209,3418
T-CAM-D,53,4.5,3000,300000,0.41243,0.503733,67.1433,0.593221,0.565011,0.491992,0.371744,3418
T-CAM-D,53,4.5,8000,30000,0.368899,0.455744,63.8649,0.597065,0.547172,0.420977,0.239138,3418
T-CAM-D,53,4.5,8000,300000,0.341741,0.416708,55.1303,0.544705,0.503207,0.393556,0.230988,3418
T-CAM-D,53,5,1000,30000,0.398158,0.653407,187.707,0.459686,0.455082,0.446679,0.549428,3418
T-CAM-D,53,5,1000,300000,0.378699,0.591468,156.468,0.434353,0.431429,0.425551,0.51883,3418
T-CAM-D,53,5,3000,30000,0.314549,0.555149,176.935,0.412631,0.39773,0.362193,0.37205,3418
T-CAM-D,53,5,3000,300000,0.296411,0.503733,152.463,0.384103,0.372116,0.341909,0.353333,3418
T-CAM-D,53,5,8000,30000,0.255855,0.455744,146.996,0.381104,0.35643,0.292162,0.227432,3418
T-CAM-D,53,5,8000,300000,0.241488,0.416708,128.855,0.354388,0.33338,0.276664,0.220057,3418
T-CAM-C,54,3,1000,30000,0.648562,0.653407,3.56231,0.901351,0.865371,0.77838,0.595491,2449
T-CAM-C,54,3,1000,300000,0.587662,0.591468,2.799,0.798778,0.775195,0.710469,0.559628,2449
T-CAM-C,54,3,3000,30000,0.551075,0.555149,2.99601,0.84836,0.789993,0.651701,0.405328,2449
T-CAM-C,54,3,3000,300000,0.500342,0.503733,2.49371,0.756692,0.711882,0.598126,0.383586,2449
T-CAM-C,54,3,8000,30000,0.452522,0.455744,2.36909,0.76137,0.68797,0.508497,0.246444,2449
T-CAM-C,54,3,8000,300000,0.413964,0.416708,2.01838,0.685478,0.625595,0.471722,0.237756,2449
T-CAM-C,54,4,1000,30000,0.608864,0.653407,32.756,0.826232,0.797374,0.728859,0.592129,2449
T-CAM-C,54,4,1000,300000,0.556143,0.591468,25.9773,0.739829,0.720686,0.669336,0.556716,2449
T-CAM-C,54,4,3000,30000,0.516936,0.555149,28.1017,0.781782,0.731392,0.612401,0.403094,2449
T-CAM-C,54,4,3000,300000,0.471769,0.503733,23.5059,0.70142,0.662405,0.563977,0.381578,2449
T-CAM-C,54,4,8000,30000,0.42529,0.455744,22.3951,0.70622,0.640935,0.480639,0.245247,2449
T-CAM-C,54,4,8000,300000,0.39066,0.416708,19.1554,0.638613,0.584991,0.446953,0.236651,2449
T-CAM-C,54,4.5,1000,30000,0.53528,0.653407,86.8689,0.689789,0.671884,0.632901,0.584719,2449
T-CAM-C,54,4.5,1000,300000,0.496162,0.591468,70.0873,0.629702,0.61761,0.58827,0.550262,2449
T-CAM-C,54,4.5,3000,30000,0.450025,0.555149,77.3073,0.65314,0.616708,0.532405,0.398075,2449
T-CAM-C,54,4.5,3000,300000,0.41495,0.503733,65.2903,0.592971,0.564303,0.493864,0.377055,2449
T-CAM-C,54,4.5,8000,30000,0.370656,0.455744,62.5724,0.596832,0.546502,0.422546,0.242535,2449
T-CAM-C,54,4.5,8000,300000,0.343357,0.416708,53.9418,0.544506,0.50262,0.394968,0.234141,2449
T-CAM-C,54,5,1000,30000,0.405357,0.653407,182.413,0.459469,0.453967,0.450454,0.566106,2449
T-CAM-C,54,5,1000,300000,0.385162,0.591468,151.715,0.434204,0.43046,0.428927,0.533838,2449
T-CAM-C,54,5,3000,30000,0.320452,0.555149,172.594,0.412289,0.396515,0.36583,0.384893,2449
T-CAM-C,54,5,3000,300000,0.301805,0.503733,148.496,0.383836,0.371047,0.345201,0.365101,2449
T-CAM-C,54,5,8000,30000,0.259771,0.455744,144.116,0.380789,0.355359,0.29506,0.235265,2449
T-CAM-C,54,5,8000,300000,0.245131,0.416708,126.176,0.354127,0.332424,0.27932,0.227386,2449
T-CAM-D,54,3,1000,30000,0.648361,0.653407,3.71055,0.90135,0.865364,0.778094,0.595133,2449
T-CAM-D,54,3,1000,300000,0.587491,0.591468,2.92476,0.798777,0.77519,0.710233,0.559318,2449
T-CAM-D,54,3,3000,30000,0.55093,0.555149,3.10303,0.848359,0.789987,0.651478,0.405087,2449
T-CAM-D,54,3,3000,300000,0.500214,0.503733,2.58835,0.756691,0.711877,0.597933,0.383369,2449
T-CAM-D,54,3,8000,30000,0.452431,0.455744,2.43611,0.76137,0.687965,0.508341,0.246309,2449
T-CAM-D,54,3,8000,300000,0.413881,0.416708,2.0791,0.685478,0.625592,0.471583,0.237631,2449
T-CAM-D,54,4,1000,30000,0.607034,0.653407,34.1018,0.826227,0.797314,0.726372,0.58881,2449
T-CAM-D,54,4,1000,300000,0.554579,0.591468,27.1274,0.739825,0.720638,0.667256,0.553828,2449
T-CAM-D,54,4,3000,30000,0.515584,0.555149,29.0958,0.781778,0.73134,0.610394,0.400817,2449
T-CAM-D,54,4,3000,300000,0.47057,0.503733,24.3882,0.701416,0.662361,0.562227,0.379525,2449
T-CAM-D,54,4,8000,30000,0.424434,0.455744,23.0245,0.706217,0.640894,0.479205,0.243955,2449
T-CAM-D,54,4,8000,300000,0.389883,0.416708,19.7272,0.63861,0.584956,0.445674,0.235455,2449
T-CAM-D,54,4.5,1000,30000,0.530602,0.653407,90.3091,0.689779,0.671753,0.627072,0.575855,2449
T-CAM-D,54,4.5,1000,300000,0.492103,0.591468,73.0718,0.629695,0.617502,0.583284,0.542469,2449
T-CAM-D,54,4.5,3000,30000,0.446408,0.555149,79.9674,0.653129,0.616584,0.527381,0.391761,2449
T-CAM-D,54,4.5,3000,300000,0.411715,0.503733,67.6693,0.592962,0.564197,0.489432,0.371337,2449
T-CAM-D,54,4.5,8000,30000,0.368312,0.455744,64.2963,0.596825,0.546401,0.418833,0.238876,2449
T-CAM-D,54,4.5,8000,300000,0.341215,0.416708,55.5168,0.5445,0.502532,0.391629,0.230745,2449
T-CAM-D,54,5,1000,30000,0.396783,0.653407,188.718,0.45947,0.4538,0.441614,0.548313,2449
T-CAM-D,54,5,1000,300000,0.377487,0.591468,157.359,0.434208,0.430315,0.421021,0.517817,2449
T-CAM-D,54,5,3000,30000,0.313214,0.555149,177.917,0.412282,0.396333,0.357303,0.371169,2449
T-CAM-D,54,5,3000,300000,0.295221,0.503733,153.338,0.383833,0.370887,0.337487,0.352522,2449
T-CAM-D,54,5,8000,30000,0.254817,0.455744,147.76,0.380782,0.355199,0.288276,0.226883,2449
T-CAM-D,54,5,8000,300000,0.240547,0.416708,129.547,0.354123,0.332281,0.273104,0.219542,2449
T-CAM-C,55,3,1000,30000,0.64884,0.653407,3.35856,0.901386,0.865483,0.779442,0.595708,1988
T-CAM-C,55,3,1000,300000,0.587893,0.591468,2.62908,0.798805,0.775284,0.711347,0.559816,1988
T-CAM-C,55,3,3000,30000,0.551284,0.555149,2.84219,0.848389,0.790087,0.65253,0.405474,1988
T-CAM-C,55,3,3000,300000,0.500525,0.503733,2.35943,0.756717,0.711961,0.598844,0.383717,1988
T-CAM-C,55,3,8000,30000,0.452663,0.455744,2.26576,0.761393,0.688044,0.50908,0.246526,1988
T-CAM-C,55,3,8000,300000,0.414089,0.416708,1.92615,0.685498,0.625659,0.472239,0.237832,1988
T-CAM-C,55,4,1000,30000,0.61139,0.653407,30.8984,0.826524,0.798318,0.738242,0.594223,1988
T-CAM-C,55,4,1000,300000,0.558268,0.591468,24.4153,0.740057,0.721449,0.677168,0.558533,1988
T-CAM-C,55,4,3000,30000,0.518884,0.555149,26.669,0.782045,0.732219,0.619947,0.404517,1988
T-CAM-C,55,4,3000,300000,0.473477,0.503733,22.2501,0.70164,0.663106,0.57055,0.382858,1988
T-CAM-C,55,4,8000,30000,0.42661,0.455744,21.425,0.706427,0.641594,0.486022,0.246051,1988
T-CAM-C,55,4,8000,300000,0.391842,0.416708,18.2864,0.638789,0.585561,0.451748,0.237393,1988
T-CAM-C,55,4.5,1000,30000,0.541832,0.653407,82.0508,0.690401,0.673969,0.655553,0.590791,1988
T-CAM-C,55,4.5,1000,300000,0.501758,0.591468,65.9717,0.63019,0.619343,0.607576,0.55556,1988
T-CAM-C,55,4.5,3000,30000,0.455286,0.555149,73.4386,0.653758,0.618681,0.55175,0.402285,1988
T-CAM-C,55,4.5,3000,300000,0.419599,0.503733,61.8716,0.593491,0.566002,0.510896,0.380854,1988
T-CAM-C,55,4.5,8000,30000,0.374279,0.455744,59.9084,0.597331,0.548127,0.43677,0.24494,1988
T-CAM-C,55,4.5,8000,300000,0.346625,0.416708,51.5388,0.544936,0.504045,0.40774,0.236368,1988
T-CAM-C,55,5,1000,30000,0.41809,0.653407,173.05,0.460054,0.456727,0.486879,0.581066,1988
T-CAM-C,55,5,1000,300000,0.396371,0.591468,143.472,0.434662,0.432878,0.461316,0.547081,1988
T-CAM-C,55,5,3000,30000,0.331419,0.555149,164.529,0.413072,0.39949,0.400557,0.395824,1988
T-CAM-C,55,5,3000,300000,0.31166,0.503733,141.249,0.384481,0.373683,0.376503,0.375034,1988
T-CAM-C,55,5,8000,30000,0.267616,0.455744,138.347,0.381512,0.358003,0.322418,0.241708,1988
T-CAM-C,55,5,8000,300000,0.252303,0.416708,120.902,0.354746,0.334796,0.304319,0.233379,1988
T-CAM-D,55,3,1000,30000,0.648489,0.653407,3.61642,0.901383,0.865453,0.778478,0.595253,1988
T-CAM-D,55,3,1000,300000,0.587597,0.591468,2.84646,0.798803,0.77526,0.71055,0.559423,1988
T-CAM-D,55,3,3000,30000,0.551027,0.555149,3.03173,0.848387,0.790062,0.651778,0.405168,1988
T-CAM-D,55,3,3000,300000,0.500298,0.503733,2.52621,0.756715,0.711939,0.598192,0.383442,1988
T-CAM-D,55,3,8000,30000,0.452496,0.455744,2.38808,0.761392,0.688024,0.508551,0.246354,1988
T-CAM-D,55,3,8000,300000,0.413939,0.416708,2.03634,0.685497,0.625642,0.47177,0.237673,1988
T-CAM-D,55,4,1000,30000,0.608162,0.653407,33.2727,0.826502,0.798064,0.729715,0.589911,1988
T-CAM-D,55,4,1000,300000,0.555527,0.591468,26.4307,0.740039,0.721243,0.67005,0.554786,1988
T-CAM-D,55,4,3000,30000,0.516465,0.555149,28.448,0.782025,0.731996,0.613092,0.401575,1988
T-CAM-D,55,4,3000,300000,0.471341,0.503733,23.8209,0.701623,0.662917,0.564578,0.380209,1988
T-CAM-D,55,4,8000,30000,0.425035,0.455744,22.5829,0.706411,0.641414,0.481132,0.244386,1988
T-CAM-D,55,4,8000,300000,0.39042,0.416708,19.3323,0.638775,0.585406,0.447392,0.235854,1988
T-CAM-D,55,4.5,1000,30000,0.533308,0.653407,88.3195,0.690354,0.673405,0.634919,0.578697,1988
T-CAM-D,55,4.5,1000,300000,0.494423,0.591468,71.3662,0.630151,0.618872,0.589993,0.544975,1988
T-CAM-D,55,4.5,3000,30000,0.448652,0.555149,78.317,0.653711,0.618148,0.534141,0.393808,1988
T-CAM-D,55,4.5,3000,300000,0.413699,0.503733,66.2101,0.593452,0.565542,0.495393,0.373193,1988
T-CAM-D,55,4.5,8000,30000,0.369883,0.455744,63.1413,0.597292,0.547682,0.423825,0.240069,1988
T-CAM-D,55,4.5,8000,300000,0.342631,0.416708,54.4754,0.544902,0.503655,0.396117,0.231854,1988
T-CAM-D,55,5,1000,30000,0.401055,0.653407,185.577,0.459997,0.455954,0.45355,0.553574,1988
T-CAM-D,55,5,1000,300000,0.381291,0.591468,154.562,0.434614,0.432195,0.431689,0.522586,1988
T-CAM-D,55,5,3000,30000,0.317147,0.555149,175.024,0.413006,0.398666,0.368808,0.375305,1988
T-CAM-D,55,5,3000,300000,0.298765,0.503733,150.731,0.384423,0.372948,0.347889,0.356326,1988
T-CAM-D,55,5,8000,30000,0.257755,0.455744,145.599,0.381451,0.357265,0.297416,0.229446,1988
T-CAM-D,55,5,8000,300000,0.243235,0.416708,127.57,0.354692,0.334131,0.281474,0.221946,1988
T-CAM-C,56,3,1000,30000,0.649275,0.653407,3.0383,0.901514,0.866029,0.78127,0.595828,2056
T-CAM-C,56,3,1000,300000,0.58825,0.591468,2.36655,0.798905,0.775718,0.712855,0.55992,2056
T-CAM-C,56,3,3000,30000,0.551628,0.555149,2.5895,0.848501,0.790547,0.653957,0.405554,2056
T-CAM-C,56,3,3000,300000,0.500821,0.503733,2.14198,0.756809,0.712348,0.60008,0.38379,2056
T-CAM-C,56,3,8000,30000,0.45291,0.455744,2.08353,0.761484,0.688409,0.510086,0.246572,2056
T-CAM-C,56,3,8000,300000,0.414307,0.416708,1.76583,0.685575,0.625973,0.473131,0.237874,2056
T-CAM-C,56,4,1000,30000,0.615336,0.653407,27.997,0.8276,0.802967,0.754917,0.595401,2056
T-CAM-C,56,4,1000,300000,0.561534,0.591468,22.0128,0.74091,0.725207,0.691037,0.559553,2056
T-CAM-C,56,4,3000,30000,0.522067,0.555149,24.3286,0.783018,0.736292,0.633265,0.405312,2056
T-CAM-C,56,4,3000,300000,0.47623,0.503733,20.2253,0.702453,0.66656,0.582128,0.383574,2056
T-CAM-C,56,4,8000,30000,0.428923,0.455744,19.7234,0.707235,0.644879,0.49551,0.246499,2056
T-CAM-C,56,4,8000,300000,0.393887,0.416708,16.7828,0.639479,0.588408,0.460186,0.237807,2056
T-CAM-C,56,4.5,1000,30000,0.551968,0.653407,74.5969,0.69274,0.684414,0.69852,0.594387,2056
T-CAM-C,56,4.5,1000,300000,0.510309,0.591468,59.6833,0.63211,0.628048,0.643899,0.558683,2056
T-CAM-C,56,4.5,3000,30000,0.463797,0.555149,67.1794,0.656048,0.628523,0.587721,0.404736,2056
T-CAM-C,56,4.5,3000,300000,0.42704,0.503733,56.3995,0.595441,0.574489,0.542428,0.383061,2056
T-CAM-C,56,4.5,8000,30000,0.380567,0.455744,55.2842,0.599301,0.556331,0.462998,0.246326,2056
T-CAM-C,56,4.5,8000,300000,0.35223,0.416708,47.4169,0.546645,0.511248,0.43121,0.23765,2056
T-CAM-C,56,5,1000,30000,0.437821,0.653407,158.54,0.463104,0.471375,0.566344,0.591295,2056
T-CAM-C,56,5,1000,300000,0.413579,0.591468,130.817,0.437323,0.445793,0.530966,0.556023,2056
T-CAM-C,56,5,3000,30000,0.34905,0.555149,151.564,0.416469,0.415028,0.473962,0.40297,2056
T-CAM-C,56,5,3000,300000,0.327392,0.503733,129.679,0.387478,0.387534,0.442122,0.381487,2056
T-CAM-C,56,5,8000,30000,0.28104,0.455744,128.476,0.384663,0.371896,0.37906,0.245811,2056
T-CAM-C,56,5,8000,300000,0.264478,0.416708,111.949,0.35756,0.34732,0.355753,0.237181,2056
T-CAM-D,56,3,1000,30000,0.648888,0.653407,3.32258,0.901504,0.86586,0.779812,0.59552,2056
T-CAM-D,56,3,1000,300000,0.587928,0.591468,2.60352,0.798897,0.775584,0.711651,0.559653,2056
T-CAM-D,56,3,3000,30000,0.551335,0.555149,2.80482,0.848491,0.790405,0.652819,0.405347,2056
T-CAM-D,56,3,3000,300000,0.500565,0.503733,2.32972,0.756801,0.712228,0.599094,0.383603,2056
T-CAM-D,56,3,8000,30000,0.452712,0.455744,2.22954,0.761477,0.688297,0.509284,0.246455,2056
T-CAM-D,56,3,8000,300000,0.41413,0.416708,1.89605,0.685569,0.625876,0.47242,0.237766,2056
T-CAM-D,56,4,1000,30000,0.611728,0.653407,30.6502,0.82751,0.801529,0.741553,0.592403,2056
T-CAM-D,56,4,1000,300000,0.558507,0.591468,24.2391,0.740839,0.724044,0.679924,0.556954,2056
T-CAM-D,56,4,3000,30000,0.519292,0.555149,26.3692,0.782937,0.735034,0.62261,0.403281,2056
T-CAM-D,56,4,3000,300000,0.473803,0.503733,22.0108,0.702385,0.665493,0.572865,0.381746,2056
T-CAM-D,56,4,8000,30000,0.427031,0.455744,21.1153,0.707168,0.643865,0.487929,0.245353,2056
T-CAM-D,56,4,8000,300000,0.392194,0.416708,18.0277,0.639422,0.587529,0.453444,0.236749,2056
T-CAM-D,56,4.5,1000,30000,0.54214,0.653407,81.8242,0.692544,0.681153,0.663776,0.585491,2056
T-CAM-D,56,4.5,1000,300000,0.501956,0.591468,65.8262,0.631948,0.625332,0.614552,0.550937,2056
T-CAM-D,56,4.5,3000,30000,0.45601,0.555149,72.9057,0.655857,0.625461,0.558732,0.398616,2056
T-CAM-D,56,4.5,3000,300000,0.420179,0.503733,61.4453,0.595278,0.571849,0.517026,0.377544,2056
T-CAM-D,56,4.5,8000,30000,0.375192,0.455744,59.237,0.599136,0.553783,0.441908,0.242847,2056
T-CAM-D,56,4.5,8000,300000,0.347394,0.416708,50.9729,0.546502,0.509011,0.412342,0.23443,2056
T-CAM-D,56,5,1000,30000,0.416365,0.653407,174.318,0.462842,0.466726,0.500909,0.567867,2056
T-CAM-D,56,5,1000,300000,0.394872,0.591468,144.575,0.437094,0.441697,0.473709,0.535407,2056
T-CAM-D,56,5,3000,30000,0.331076,0.555149,164.781,0.416181,0.410117,0.413799,0.38621,2056
T-CAM-D,56,5,3000,300000,0.311314,0.503733,141.503,0.387223,0.383158,0.388391,0.366302,2056
T-CAM-D,56,5,8000,30000,0.268305,0.455744,137.841,0.384396,0.367516,0.332799,0.236055,2056
T-CAM-D,56,5,8000,300000,0.252876,0.416708,120.48,0.357321,0.343373,0.313774,0.228122,2056
T-CAM-C,57,3,1000,30000,0.649169,0.653407,3.11602,0.901461,0.865819,0.780931,0.595812,2539
T-CAM-C,57,3,1000,300000,0.588164,0.591468,2.4296,0.798863,0.775552,0.712576,0.559906,2539
T-CAM-C,57,3,3000,30000,0.551543,0.555149,2.65214,0.848454,0.79037,0.653692,0.405544,2539
T-CAM-C,57,3,3000,300000,0.500748,0.503733,2.19546,0.756771,0.712199,0.599851,0.38378,2539
T-CAM-C,57,3,8000,30000,0.452847,0.455744,2.13017,0.761446,0.688269,0.509899,0.246566,2539
T-CAM-C,57,3,8000,300000,0.414252,0.416708,1.80654,0.685543,0.625853,0.472966,0.237868,2539
T-CAM-C,57,4,1000,30000,0.614386,0.653407,28.6955,0.827152,0.801178,0.751773,0.595246,2539
T-CAM-C,57,4,1000,300000,0.560755,0.591468,22.586,0.740555,0.723761,0.688427,0.55942,2539
T-CAM-C,57,4,3000,30000,0.521282,0.555149,24.9053,0.782613,0.734725,0.630763,0.405208,2539
T-CAM-C,57,4,3000,300000,0.475557,0.503733,20.7206,0.702114,0.665232,0.579956,0.38348,2539
T-CAM-C,57,4,8000,30000,0.428334,0.455744,20.1566,0.706898,0.643615,0.49373,0.24644,2539
T-CAM-C,57,4,8000,300000,0.39337,0.416708,17.1628,0.639191,0.587313,0.458605,0.237753,2539
T-CAM-C,57,4.5,1000,30000,0.549566,0.653407,76.3634,0.691764,0.680365,0.690125,0.593908,2539
T-CAM-C,57,4.5,1000,300000,0.508296,0.591468,61.1636,0.631308,0.624677,0.636833,0.558268,2539
T-CAM-C,57,4.5,3000,30000,0.461726,0.555149,68.7025,0.655094,0.624716,0.580771,0.404411,2539
T-CAM-C,57,4.5,3000,300000,0.42524,0.503733,57.7231,0.594629,0.571208,0.53635,0.382769,2539
T-CAM-C,57,4.5,8000,30000,0.378984,0.455744,56.4481,0.598478,0.55316,0.457956,0.246143,2539
T-CAM-C,57,4.5,8000,300000,0.350828,0.416708,48.4478,0.545931,0.508464,0.426706,0.237481,2539
T-CAM-C,57,5,1000,30000,0.43329,0.653407,161.872,0.461814,0.465622,0.549573,0.589864,2539
T-CAM-C,57,5,1000,300000,0.409641,0.591468,133.714,0.436195,0.440726,0.516383,0.554778,2539
T-CAM-C,57,5,3000,30000,0.34488,0.555149,154.63,0.415042,0.408941,0.458762,0.401986,2539
T-CAM-C,57,5,3000,300000,0.323685,0.503733,132.406,0.386216,0.382111,0.428597,0.380601,2539
T-CAM-C,57,5,8000,30000,0.277751,0.455744,130.894,0.383339,0.366462,0.367467,0.245251,2539
T-CAM-C,57,5,8000,300000,0.261507,0.416708,114.133,0.356376,0.342424,0.345263,0.236663,2539
T-CAM-D,57,3,1000,30000,0.648753,0.653407,3.42233,0.901454,0.8657,0.779377,0.595441,2539
T-CAM-D,57,3,1000,300000,0.587816,0.591468,2.68565,0.798857,0.775457,0.711293,0.559585,2539
T-CAM-D,57,3,3000,30000,0.55123,0.555149,2.88251,0.848448,0.79027,0.65248,0.405294,2539
T-CAM-D,57,3,3000,300000,0.500474,0.503733,2.39677,0.756765,0.712114,0.5988,0.383556,2539
T-CAM-D,57,3,8000,30000,0.452637,0.455744,2.28458,0.761441,0.688189,0.509045,0.246425,2539
T-CAM-D,57,3,8000,300000,0.414064,0.416708,1.94459,0.685539,0.625784,0.472208,0.237739,2539
T-CAM-D,57,4,1000,30000,0.610511,0.653407,31.5446,0.827089,0.800158,0.737656,0.591657,2539
T-CAM-D,57,4,1000,300000,0.557495,0.591468,24.9836,0.740505,0.722936,0.676676,0.556306,2539
T-CAM-D,57,4,3000,30000,0.518321,0.555149,27.0833,0.782557,0.733833,0.619484,0.402772,2539
T-CAM-D,57,4,3000,300000,0.47296,0.503733,22.6306,0.702067,0.664475,0.570145,0.381288,2539
T-CAM-D,57,4,8000,30000,0.426336,0.455744,21.6259,0.706851,0.642896,0.485699,0.245065,2539
T-CAM-D,57,4,8000,300000,0.391579,0.416708,18.4801,0.639151,0.586689,0.451459,0.236482,2539
T-CAM-D,57,4.5,1000,30000,0.539094,0.653407,84.0646,0.691628,0.678073,0.654086,0.583404,2539
T-CAM-D,57,4.5,1000,300000,0.499368,0.591468,67.7295,0.631196,0.622765,0.606324,0.54911,2539
T-CAM-D,57,4.5,3000,30000,0.453462,0.555149,74.7794,0.654961,0.622558,0.550525,0.397151,2539
T-CAM-D,57,4.5,3000,300000,0.417942,0.503733,63.0903,0.594515,0.569346,0.509815,0.37622,2539
T-CAM-D,57,4.5,8000,30000,0.373334,0.455744,60.6032,0.598363,0.551361,0.435891,0.242005,2539
T-CAM-D,57,4.5,8000,300000,0.345733,0.416708,52.1947,0.545831,0.506885,0.406948,0.23365,2539
T-CAM-D,57,5,1000,30000,0.410917,0.653407,178.324,0.461634,0.462399,0.484365,0.563193,2539
T-CAM-D,57,5,1000,300000,0.39006,0.591468,148.113,0.436037,0.437882,0.459087,0.531235,2539
T-CAM-D,57,5,3000,30000,0.326129,0.555149,168.419,0.414843,0.405528,0.398212,0.3827,2539
T-CAM-D,57,5,3000,300000,0.30687,0.503733,144.771,0.38604,0.379066,0.374391,0.363099,2539
T-CAM-D,57,5,8000,30000,0.264541,0.455744,140.608,0.383155,0.363411,0.320614,0.233951,2539
T-CAM-D,57,5,8000,300000,0.249446,0.416708,123.003,0.356211,0.339672,0.30267,0.226159,2539
T-CAM-C,58,3,1000,30000,0.648952,0.653407,3.27599,0.901403,0.865553,0.779982,0.595759,3683
T-CAM-C,58,3,1000,300000,0.587986,0.591468,2.56073,0.798818,0.77534,0.711792,0.559861,3683
T-CAM-C,58,3,3000,30000,0.551371,0.555149,2.77849,0.848404,0.790146,0.652951,0.405509,3683
T-CAM-C,58,3,3000,300000,0.5006,0.503733,2.30419,0.756729,0.71201,0.599209,0.383748,3683
T-CAM-C,58,3,8000,30000,0.452723,0.455744,2.22141,0.761405,0.688091,0.509377,0.246546,3683
T-CAM-C,58,3,8000,300000,0.414142,0.416708,1.88681,0.685508,0.625699,0.472502,0.23785,3683
T-CAM-C,58,4,1000,30000,0.612415,0.653407,30.1445,0.826663,0.798914,0.743094,0.594725,3683
T-CAM-C,58,4,1000,300000,0.559124,0.591468,23.7857,0.740167,0.72193,0.68121,0.558968,3683
T-CAM-C,58,4,3000,30000,0.519691,0.555149,26.0755,0.782171,0.732741,0.623835,0.404856,3683
T-CAM-C,58,4,3000,300000,0.47418,0.503733,21.733,0.701745,0.663549,0.573933,0.383164,3683
T-CAM-C,58,4,8000,30000,0.427176,0.455744,21.0086,0.706531,0.642015,0.488794,0.246242,3683
T-CAM-C,58,4,8000,300000,0.392346,0.416708,17.9157,0.638878,0.585926,0.454215,0.23757,3683
T-CAM-C,58,4.5,1000,30000,0.544507,0.653407,80.0837,0.690703,0.675293,0.667679,0.592308,3683
T-CAM-C,58,4.5,1000,300000,0.504029,0.591468,64.3017,0.630436,0.620448,0.617866,0.556879,3683
T-CAM-C,58,4.5,3000,30000,0.457471,0.555149,71.8313,0.654054,0.619933,0.561998,0.403323,3683
T-CAM-C,58,4.5,3000,300000,0.421521,0.503733,60.4583,0.593743,0.567082,0.519898,0.381789,3683
T-CAM-C,58,4.5,8000,30000,0.375836,0.455744,58.7637,0.597584,0.54917,0.444273,0.245528,3683
T-CAM-C,58,4.5,8000,300000,0.348021,0.416708,50.5119,0.545155,0.504962,0.414465,0.236912,3683
T-CAM-C,58,5,1000,30000,0.423457,0.653407,169.103,0.460432,0.458545,0.507813,0.585244,3683
T-CAM-C,58,5,1000,300000,0.401067,0.591468,140.019,0.434989,0.434482,0.479799,0.550744,3683
T-CAM-C,58,5,3000,30000,0.336076,0.555149,161.104,0.413502,0.401428,0.420221,0.398775,3683
T-CAM-C,58,5,3000,300000,0.31583,0.503733,138.182,0.384857,0.37541,0.394154,0.377702,3683
T-CAM-C,58,5,8000,30000,0.271032,0.455744,135.835,0.381911,0.359739,0.337749,0.243412,3683
T-CAM-C,58,5,8000,300000,0.255414,0.416708,118.614,0.3551,0.336361,0.318284,0.23496,3683
T-CAM-D,58,3,1000,30000,0.648519,0.653407,3.59417,0.901398,0.865497,0.77859,0.595265,3683
T-CAM-D,58,3,1000,300000,0.587622,0.591468,2.82823,0.798814,0.775296,0.710643,0.559432,3683
T-CAM-D,58,3,3000,30000,0.55105,0.555149,3.01418,0.8484,0.790099,0.651865,0.405175,3683
T-CAM-D,58,3,3000,300000,0.500319,0.503733,2.51111,0.756726,0.711971,0.598268,0.383449,3683
T-CAM-D,58,3,8000,30000,0.452513,0.455744,2.37546,0.761402,0.688054,0.508613,0.246359,3683
T-CAM-D,58,3,8000,300000,0.413954,0.416708,2.02525,0.685506,0.625667,0.471825,0.237677,3683
T-CAM-D,58,4,1000,30000,0.608426,0.653407,33.0786,0.826626,0.798443,0.730696,0.590014,3683
T-CAM-D,58,4,1000,300000,0.555746,0.591468,26.2697,0.740138,0.721549,0.670869,0.554877,3683
T-CAM-D,58,4,3000,30000,0.51668,0.555149,28.2899,0.782138,0.732329,0.613883,0.401646,3683
T-CAM-D,58,4,3000,300000,0.471527,0.503733,23.684,0.701717,0.663199,0.565268,0.380273,3683
T-CAM-D,58,4,8000,30000,0.425192,0.455744,22.4677,0.706503,0.641682,0.481698,0.244427,3683
T-CAM-D,58,4,8000,300000,0.390558,0.416708,19.2305,0.638854,0.585637,0.447896,0.235892,3683
T-CAM-D,58,4.5,1000,30000,0.533931,0.653407,87.8615,0.690623,0.674245,0.637246,0.57897,3683
T-CAM-D,58,4.5,1000,300000,0.494952,0.591468,70.977,0.630371,0.619573,0.591979,0.545215,3683
T-CAM-D,58,4.5,3000,30000,0.449191,0.555149,77.9203,0.653976,0.618943,0.536141,0.394003,3683
T-CAM-D,58,4.5,3000,300000,0.414172,0.503733,65.8622,0.593676,0.566227,0.497156,0.37337,3683
T-CAM-D,58,4.5,8000,30000,0.370287,0.455744,62.8443,0.597517,0.548344,0.425303,0.240183,3683
T-CAM-D,58,4.5,8000,300000,0.342992,0.416708,54.2102,0.545097,0.504236,0.397444,0.231959,3683
T-CAM-D,58,5,1000,30000,0.402019,0.653407,184.868,0.46033,0.457098,0.457161,0.554099,3683
T-CAM-D,58,5,1000,300000,0.382148,0.591468,153.932,0.434901,0.433204,0.434911,0.523059,3683
T-CAM-D,58,5,3000,30000,0.318073,0.555149,174.343,0.413387,0.399889,0.372279,0.375714,3683
T-CAM-D,58,5,3000,300000,0.299598,0.503733,150.119,0.384756,0.374037,0.351023,0.356702,3683
T-CAM-D,58,5,8000,30000,0.258492,0.455744,145.057,0.381805,0.35836,0.300169,0.229698,3683
T-CAM-D,58,5,8000,300000,0.243907,0.416708,127.076,0.355006,0.335117,0.283993,0.222182,3683
T-CAM-C,59,3,1000,30000,0.649147,0.653407,3.13252,0.90145,0.865761,0.780858,0.595813,3102
T-CAM-C,59,3,1000,300000,0.588146,0.591468,2.44294,0.798854,0.775506,0.712515,0.559907,3102
T-CAM-C,59,3,3000,30000,0.551524,0.555149,2.66561,0.848445,0.790321,0.653635,0.405545,3102
T-CAM-C,59,3,3000,300000,0.500732,0.503733,2.20693,0.756762,0.712158,0.599801,0.383781,3102
T-CAM-C,59,3,8000,30000,0.452833,0.455744,2.14038,0.761438,0.68823,0.509858,0.246566,3102
T-CAM-C,59,3,8000,300000,0.414239,0.416708,1.81543,0.685536,0.625819,0.47293,0.237869,3102
T-CAM-C,59,4,1000,30000,0.614188,0.653407,28.8413,0.827056,0.800683,0.751093,0.595255,3102
T-CAM-C,59,4,1000,300000,0.560593,0.591468,22.7054,0.740479,0.723361,0.687862,0.559428,3102
T-CAM-C,59,4,3000,30000,0.521116,0.555149,25.0279,0.782526,0.734292,0.630222,0.405214,3102
T-CAM-C,59,4,3000,300000,0.475414,0.503733,20.8257,0.702042,0.664864,0.579485,0.383486,3102
T-CAM-C,59,4,8000,30000,0.428206,0.455744,20.2506,0.706826,0.643266,0.493344,0.246443,3102
T-CAM-C,59,4,8000,300000,0.393258,0.416708,17.2451,0.63913,0.58701,0.458261,0.237756,3102
T-CAM-C,59,4.5,1000,30000,0.549085,0.653407,76.7173,0.691555,0.679252,0.68833,0.593936,3102
T-CAM-C,59,4.5,1000,300000,0.507893,0.591468,61.4601,0.631136,0.623749,0.635321,0.558292,3102
T-CAM-C,59,4.5,3000,30000,0.461298,0.555149,69.0173,0.65489,0.623668,0.579278,0.404431,3102
T-CAM-C,59,4.5,3000,300000,0.424868,0.503733,57.9964,0.594455,0.570304,0.535044,0.382786,3102
T-CAM-C,59,4.5,8000,30000,0.378648,0.455744,56.6957,0.598302,0.552286,0.456869,0.246154,3102
T-CAM-C,59,4.5,8000,300000,0.35053,0.416708,48.6668,0.545778,0.507698,0.425735,0.237491,3102
T-CAM-C,59,5,1000,30000,0.432491,0.653407,162.459,0.461538,0.464056,0.546076,0.589948,3102
T-CAM-C,59,5,1000,300000,0.408941,0.591468,134.228,0.435953,0.439346,0.513335,0.554851,3102
T-CAM-C,59,5,3000,30000,0.344094,0.555149,155.208,0.414737,0.407282,0.455569,0.402044,3102
T-CAM-C,59,5,3000,300000,0.322985,0.503733,132.921,0.385946,0.380632,0.425751,0.380653,3102
T-CAM-C,59,5,8000,30000,0.277098,0.455744,131.374,0.383056,0.364979,0.365018,0.245284,3102
T-CAM-C,59,5,8000,300000,0.260918,0.416708,114.567,0.356123,0.341087,0.343045,0.236693,3102
T-CAM-D,59,3,1000,30000,0.648851,0.653407,3.35024,0.901446,0.865695,0.779744,0.595543,3102
T-CAM-D,59,3,1000,300000,0.587898,0.591468,2.62509,0.798851,0.775453,0.711596,0.559673,3102
T-CAM-D,59,3,3000,30000,0.551302,0.555149,2.82896,0.848441,0.790266,0.652766,0.405363,3102
T-CAM-D,59,3,3000,300000,0.500538,0.503733,2.34978,0.75676,0.712111,0.599049,0.383617,3102
T-CAM-D,59,3,8000,30000,0.452685,0.455744,2.24944,0.761436,0.688186,0.509247,0.246464,3102
T-CAM-D,59,3,8000,300000,0.414107,0.416708,1.91302,0.685534,0.625781,0.472387,0.237774,3102
T-CAM-D,59,4,1000,30000,0.611415,0.653407,30.8802,0.827023,0.800119,0.740949,0.592627,3102
T-CAM-D,59,4,1000,300000,0.558259,0.591468,24.4216,0.740452,0.722905,0.679422,0.557148,3102
T-CAM-D,59,4,3000,30000,0.519005,0.555149,26.5802,0.782496,0.733798,0.622124,0.403433,3102
T-CAM-D,59,4,3000,300000,0.473562,0.503733,22.1875,0.702017,0.664445,0.572443,0.381883,3102
T-CAM-D,59,4,8000,30000,0.426789,0.455744,21.2929,0.706801,0.642868,0.487581,0.245439,3102
T-CAM-D,59,4,8000,300000,0.391986,0.416708,18.1802,0.639108,0.586665,0.453135,0.236828,3102
T-CAM-D,59,4.5,1000,30000,0.541479,0.653407,82.3107,0.691483,0.677986,0.662264,0.586127,3102
T-CAM-D,59,4.5,1000,300000,0.501414,0.591468,66.225,0.631076,0.622693,0.613271,0.551493,3102
T-CAM-D,59,4.5,3000,30000,0.45534,0.555149,73.3985,0.654819,0.622475,0.55745,0.39906,3102
T-CAM-D,59,4.5,3000,300000,0.419607,0.503733,61.8654,0.594394,0.569275,0.515902,0.377945,3102
T-CAM-D,59,4.5,8000,30000,0.3746,0.455744,59.6722,0.598241,0.551292,0.440965,0.243101,3102
T-CAM-D,59,4.5,8000,300000,0.346879,0.416708,51.3515,0.545725,0.506824,0.411497,0.234666,3102
T-CAM-D,59,5,1000,30000,0.415631,0.653407,174.858,0.461442,0.46228,0.498289,0.569346,3102
T-CAM-D,59,5,1000,300000,0.394228,0.591468,145.048,0.435869,0.437778,0.471399,0.536723,3102
T-CAM-D,59,5,3000,30000,0.330149,0.555149,165.463,0.414631,0.4054,0.411331,0.38731,3102
T-CAM-D,59,5,3000,300000,0.310495,0.503733,142.105,0.385852,0.378953,0.386178,0.367304,3102
T-CAM-D,59,5,8000,30000,0.267375,0.455744,138.525,0.382958,0.363295,0.330865,0.23671,3102
T-CAM-D,59,5,8000,300000,0.252046,0.416708,121.091,0.356035,0.339568,0.312014,0.228732,3102
T-CAM-C,60,3,1000,30000,0.648786,0.653407,3.39789,0.901375,0.865449,0.779195,0.595682,247
T-CAM-C,60,3,1000,300000,0.587849,0.591468,2.66163,0.798796,0.775257,0.711143,0.559794,247
T-CAM-C,60,3,3000,30000,0.551243,0.555149,2.87249,0.84838,0.790058,0.652337,0.405456,247
T-CAM-C,60,3,3000,300000,0.500489,0.503733,2.38571,0.756709,0.711937,0.598677,0.383701,247
T-CAM-C,60,3,8000,30000,0.452634,0.455744,2.28678,0.761386,0.688021,0.508944,0.246516,247
T-CAM-C,60,3,8000,300000,0.414064,0.416708,1.94479,0.685492,0.625639,0.472119,0.237823,247
T-CAM-C,60,4,1000,30000,0.610905,0.653407,31.2555,0.826432,0.798031,0.736041,0.593966,247
T-CAM-C,60,4,1000,300000,0.557862,0.591468,24.7135,0.739984,0.721216,0.675332,0.55831,247
T-CAM-C,60,4,3000,30000,0.518502,0.555149,26.9501,0.781962,0.731967,0.61818,0.404343,247
T-CAM-C,60,4,3000,300000,0.473144,0.503733,22.4951,0.70157,0.662892,0.569011,0.382702,247
T-CAM-C,60,4,8000,30000,0.426342,0.455744,21.6216,0.706359,0.641391,0.484762,0.245952,247
T-CAM-C,60,4,8000,300000,0.391604,0.416708,18.4614,0.638731,0.585386,0.450626,0.237303,247
T-CAM-C,60,4.5,1000,30000,0.54058,0.653407,82.9712,0.690204,0.673331,0.650146,0.590024,247
T-CAM-C,60,4.5,1000,300000,0.500694,0.591468,66.754,0.63003,0.618812,0.602977,0.554893,247
T-CAM-C,60,4.5,3000,30000,0.45426,0.555149,74.1928,0.653563,0.618078,0.547155,0.401759,247
T-CAM-C,60,4.5,3000,300000,0.418697,0.503733,62.5352,0.593326,0.565482,0.506855,0.38038,247
T-CAM-C,60,4.5,8000,30000,0.37355,0.455744,60.4446,0.597167,0.547626,0.433398,0.244641,247
T-CAM-C,60,4.5,8000,300000,0.34597,0.416708,52.02,0.544794,0.503605,0.404715,0.236091,247
T-CAM-C,60,5,1000,30000,0.415658,0.653407,174.838,0.45982,0.455862,0.477878,0.579028,247
T-CAM-C,60,5,1000,300000,0.394238,0.591468,145.041,0.434464,0.432116,0.45334,0.545289,247
T-CAM-C,60,5,3000,30000,0.329292,0.555149,166.093,0.412798,0.398565,0.392034,0.394368,247
T-CAM-C,60,5,3000,300000,0.309754,0.503733,142.651,0.384244,0.372859,0.368836,0.373715,247
T-CAM-C,60,5,8000,30000,0.266053,0.455744,139.497,0.381258,0.357176,0.315736,0.240861,247
T-CAM-C,60,5,8000,300000,0.250879,0.416708,121.949,0.354522,0.334051,0.298223,0.232593,247
T-CAM-D,60,3,1000,30000,0.648501,0.653407,3.60771,0.901373,0.865432,0.778494,0.595286,247
T-CAM-D,60,3,1000,300000,0.587608,0.591468,2.83879,0.798795,0.775244,0.710563,0.559451,247
T-CAM-D,60,3,3000,30000,0.551034,0.555149,3.02601,0.848379,0.790044,0.65179,0.40519,247
T-CAM-D,60,3,3000,300000,0.500305,0.503733,2.52097,0.756708,0.711925,0.598203,0.383462,247
T-CAM-D,60,3,8000,30000,0.4525,0.455744,2.38511,0.761385,0.68801,0.50856,0.246367,247
T-CAM-D,60,3,8000,300000,0.413943,0.416708,2.0335,0.685491,0.62563,0.471778,0.237684,247
T-CAM-D,60,4,1000,30000,0.608273,0.653407,33.1908,0.82642,0.797889,0.729855,0.590208,247
T-CAM-D,60,4,1000,300000,0.555625,0.591468,26.3586,0.739975,0.721101,0.670167,0.555045,247
T-CAM-D,60,4,3000,30000,0.51654,0.555149,28.3931,0.781952,0.731842,0.613204,0.401779,247
T-CAM-D,60,4,3000,300000,0.471409,0.503733,23.7707,0.701562,0.662786,0.564677,0.380393,247
T-CAM-D,60,4,8000,30000,0.425075,0.455744,22.5537,0.706351,0.641291,0.481212,0.244502,247
T-CAM-D,60,4,8000,300000,0.390457,0.416708,19.3045,0.638724,0.585299,0.447463,0.235962,247
T-CAM-D,60,4.5,1000,30000,0.53361,0.653407,88.0972,0.690179,0.673016,0.635253,0.579481,247
T-CAM-D,60,4.5,1000,300000,0.49469,0.591468,71.1694,0.630009,0.618549,0.590278,0.545665,247
T-CAM-D,60,4.5,3000,30000,0.448864,0.555149,78.1607,0.653538,0.61778,0.534427,0.394368,247
T-CAM-D,60,4.5,3000,300000,0.413894,0.503733,66.0671,0.593305,0.565225,0.495645,0.373701,247
T-CAM-D,60,4.5,8000,30000,0.370001,0.455744,63.0541,0.597146,0.547377,0.424035,0.240395,247
T-CAM-D,60,4.5,8000,300000,0.342743,0.416708,54.393,0.544776,0.503387,0.396306,0.232156,247
T-CAM-D,60,5,1000,30000,0.401664,0.653407,185.129,0.459792,0.455431,0.454071,0.555094,247
T-CAM-D,60,5,1000,300000,0.381842,0.591468,154.157,0.43444,0.431735,0.432155,0.523958,247
T-CAM-D,60,5,3000,30000,0.317624,0.555149,174.674,0.412764,0.398105,0.369307,0.376488,247
T-CAM-D,60,5,3000,300000,0.299205,0.503733,150.408,0.384215,0.372449,0.348339,0.357412,247
T-CAM-D,60,5,8000,30000,0.258048,0.455744,145.383,0.381227,0.356764,0.29781,0.230173,247
T-CAM-D,60,5,8000,300000,0.243512,0.416708,127.367,0.354494,0.333681,0.281835,0.222627,247
T-CAM-C,61,3,1000,30000,0.648864,0.653407,3.34086,0.90139,0.865502,0.779569,0.595716,2976
T-CAM-C,61,3,1000,300000,0.587913,0.591468,2.61446,0.798808,0.7753,0.711451,0.559823,2976
T-CAM-C,61,3,3000,30000,0.551303,0.555149,2.82843,0.848393,0.790103,0.652629,0.405479,2976
T-CAM-C,61,3,3000,300000,0.500541,0.503733,2.34752,0.75672,0.711975,0.59893,0.383722,2976
T-CAM-C,61,3,8000,30000,0.452676,0.455744,2.25606,0.761396,0.688057,0.50915,0.246529,2976
T-CAM-C,61,3,8000,300000,0.414101,0.416708,1.91756,0.685501,0.62567,0.472301,0.237835,2976
T-CAM-C,61,4,1000,30000,0.611608,0.653407,30.7384,0.826556,0.798486,0.739376,0.594297,2976
T-CAM-C,61,4,1000,300000,0.558449,0.591468,24.2819,0.740083,0.721584,0.678113,0.558597,2976
T-CAM-C,61,4,3000,30000,0.519057,0.555149,26.5417,0.782075,0.732366,0.620857,0.404567,2976
T-CAM-C,61,4,3000,300000,0.473628,0.503733,22.1394,0.701665,0.66323,0.571342,0.382903,2976
T-CAM-C,61,4,8000,30000,0.426733,0.455744,21.3345,0.706451,0.641712,0.486671,0.246079,2976
T-CAM-C,61,4,8000,300000,0.391951,0.416708,18.2059,0.63881,0.585664,0.452326,0.237419,2976
T-CAM-C,61,4.5,1000,30000,0.542387,0.653407,81.643,0.690472,0.674341,0.658359,0.591012,2976
T-CAM-C,61,4.5,1000,300000,0.502229,0.591468,65.6254,0.630248,0.619654,0.609959,0.555752,2976
T-CAM-C,61,4.5,3000,30000,0.455746,0.555149,73.1,0.653827,0.619033,0.554129,0.402437,2976
T-CAM-C,61,4.5,3000,300000,0.420003,0.503733,61.574,0.59355,0.566306,0.512987,0.380991,2976
T-CAM-C,61,4.5,8000,30000,0.374612,0.455744,59.6632,0.597391,0.54842,0.438515,0.245026,2976
T-CAM-C,61,4.5,8000,300000,0.346923,0.416708,51.319,0.544987,0.504303,0.409304,0.236448,2976
T-CAM-C,61,5,1000,30000,0.419139,0.653407,172.278,0.460144,0.457237,0.491627,0.581664,2976
T-CAM-C,61,5,1000,300000,0.397293,0.591468,142.794,0.43474,0.433327,0.465516,0.547606,2976
T-CAM-C,61,5,3000,30000,0.332354,0.555149,163.841,0.413174,0.400033,0.405038,0.396249,2976
T-CAM-C,61,5,3000,300000,0.312498,0.503733,140.632,0.38457,0.374167,0.38053,0.375418,2976
T-CAM-C,61,5,8000,30000,0.268318,0.455744,137.831,0.381606,0.35849,0.325923,0.241954,2976
T-CAM-C,61,5,8000,300000,0.252943,0.416708,120.431,0.35483,0.335235,0.307514,0.233608,2976
T-CAM-D,61,3,1000,30000,0.648502,0.653407,3.60694,0.901387,0.865467,0.778523,0.595263,2976
T-CAM-D,61,3,1000,300000,0.587608,0.591468,2.8386,0.798806,0.775271,0.710588,0.559431,2976
T-CAM-D,61,3,3000,30000,0.551036,0.555149,3.02445,0.84839,0.790074,0.651813,0.405174,2976
T-CAM-D,61,3,3000,300000,0.500307,0.503733,2.51989,0.756718,0.71195,0.598223,0.383448,2976
T-CAM-D,61,3,8000,30000,0.452503,0.455744,2.38304,0.761394,0.688033,0.508576,0.246358,2976
T-CAM-D,61,3,8000,300000,0.413945,0.416708,2.03186,0.685499,0.62565,0.471792,0.237676,2976
T-CAM-D,61,4,1000,30000,0.608275,0.653407,33.1891,0.826532,0.798185,0.730111,0.589994,2976
T-CAM-D,61,4,1000,300000,0.555622,0.591468,26.3606,0.740063,0.721341,0.670381,0.554859,2976
T-CAM-D,61,4,3000,30000,0.516555,0.555149,28.3819,0.782053,0.732102,0.613411,0.401633,2976
T-CAM-D,61,4,3000,300000,0.47142,0.503733,23.7632,0.701646,0.663007,0.564857,0.380261,2976
T-CAM-D,61,4,8000,30000,0.425098,0.455744,22.5365,0.706433,0.6415,0.48136,0.244419,2976
T-CAM-D,61,4,8000,300000,0.390476,0.416708,19.2909,0.638794,0.58548,0.447595,0.235884,2976
T-CAM-D,61,4.5,1000,30000,0.533582,0.653407,88.1176,0.690419,0.673673,0.635857,0.578917,2976
T-CAM-D,61,4.5,1000,300000,0.494658,0.591468,71.1931,0.630205,0.619096,0.590794,0.545169,2976
T-CAM-D,61,4.5,3000,30000,0.448882,0.555149,78.1481,0.653775,0.618402,0.534947,0.393965,2976
T-CAM-D,61,4.5,3000,300000,0.413902,0.503733,66.0609,0.593506,0.565761,0.496104,0.373336,2976
T-CAM-D,61,4.5,8000,30000,0.370048,0.455744,63.0198,0.597347,0.547894,0.424421,0.240161,2976
T-CAM-D,61,4.5,8000,300000,0.34278,0.416708,54.366,0.544949,0.50384,0.396652,0.231939,2976
T-CAM-D,61,5,1000,30000,0.401503,0.653407,185.247,0.460079,0.456318,0.455002,0.553998,2976
T-CAM-D,61,5,1000,300000,0.381691,0.591468,154.268,0.434685,0.432516,0.432985,0.522968,2976
T-CAM-D,61,5,3000,30000,0.317559,0.555149,174.721,0.413099,0.399056,0.370204,0.375635,2976
T-CAM-D,61,5,3000,300000,0.299138,0.503733,150.457,0.384505,0.373295,0.349149,0.356629,2976
T-CAM-D,61,5,8000,30000,0.258069,0.455744,145.368,0.381537,0.357614,0.298523,0.229649,2976
T-CAM-D,61,5,8000,300000,0.243523,0.416708,127.358,0.354769,0.334445,0.282488,0.222136,2976
T-CAM-C,62,3,1000,30000,0.648997,0.653407,3.24273,0.901415,0.8656,0.780193,0.595772,3733
T-CAM-C,62,3,1000,300000,0.588023,0.591468,2.53342,0.798827,0.775377,0.711966,0.559871,3733
T-CAM-C,62,3,3000,30000,0.551407,0.555149,2.75234,0.848414,0.790185,0.653115,0.405517,3733
T-CAM-C,62,3,3000,300000,0.500631,0.503733,2.28166,0.756738,0.712043,0.599351,0.383756,3733
T-CAM-C,62,3,8000,30000,0.452748,0.455744,2.20266,0.761414,0.688122,0.509492,0.24655,3733
T-CAM-C,62,3,8000,300000,0.414165,0.416708,1.8703,0.685515,0.625726,0.472605,0.237854,3733
T-CAM-C,62,4,1000,30000,0.612824,0.653407,29.8439,0.826766,0.799309,0.745004,0.594846,3733
T-CAM-C,62,4,1000,300000,0.559463,0.591468,23.5364,0.740249,0.722249,0.682799,0.559073,3733
T-CAM-C,62,4,3000,30000,0.52002,0.555149,25.8337,0.782264,0.733088,0.625363,0.404938,3733
T-CAM-C,62,4,3000,300000,0.474465,0.503733,21.5235,0.701823,0.663843,0.575262,0.383237,3733
T-CAM-C,62,4,8000,30000,0.427413,0.455744,20.8338,0.706608,0.642294,0.489883,0.246288,3733
T-CAM-C,62,4,8000,300000,0.392556,0.416708,17.761,0.638943,0.586168,0.455184,0.237613,3733
T-CAM-C,62,4.5,1000,30000,0.545552,0.653407,79.3155,0.690925,0.676173,0.672531,0.592678,3733
T-CAM-C,62,4.5,1000,300000,0.504912,0.591468,63.6524,0.630618,0.621182,0.621975,0.5572,3733
T-CAM-C,62,4.5,3000,30000,0.458347,0.555149,71.1872,0.654272,0.620765,0.56608,0.403575,3733
T-CAM-C,62,4.5,3000,300000,0.422288,0.503733,59.8944,0.593929,0.567799,0.523479,0.382016,3733
T-CAM-C,62,4.5,8000,30000,0.376479,0.455744,58.2902,0.597771,0.549864,0.447256,0.245671,3733
T-CAM-C,62,4.5,8000,300000,0.348596,0.416708,50.0892,0.545317,0.505571,0.417135,0.237044,3733
T-CAM-C,62,5,1000,30000,0.425464,0.653407,167.627,0.460716,0.459762,0.51649,0.58629,3733
T-CAM-C,62,5,1000,300000,0.402821,0.591468,138.729,0.435236,0.435556,0.487433,0.551659,3733
T-CAM-C,62,5,3000,30000,0.33787,0.555149,159.785,0.413822,0.402722,0.428308,0.399507,3733
T-CAM-C,62,5,3000,300000,0.317433,0.503733,137.003,0.385138,0.376565,0.401398,0.378364,3733
T-CAM-C,62,5,8000,30000,0.272394,0.455744,134.834,0.382208,0.360898,0.344023,0.243833,3733
T-CAM-C,62,5,8000,300000,0.256651,0.416708,117.704,0.355365,0.337407,0.32399,0.235349,3733
T-CAM-D,62,3,1000,30000,0.648677,0.653407,3.47782,0.901412,0.865557,0.779107,0.595426,3733
T-CAM-D,62,3,1000,300000,0.587754,0.591468,2.73084,0.798825,0.775343,0.71107,0.559572,3733
T-CAM-D,62,3,3000,30000,0.551169,0.555149,2.92697,0.848412,0.790149,0.652269,0.405284,3733
T-CAM-D,62,3,3000,300000,0.500422,0.503733,2.43483,0.756735,0.712013,0.598618,0.383547,3733
T-CAM-D,62,3,8000,30000,0.452593,0.455744,2.31735,0.761412,0.688093,0.508897,0.24642,3733
T-CAM-D,62,3,8000,300000,0.414025,0.416708,1.97326,0.685514,0.625701,0.472077,0.237734,3733
T-CAM-D,62,4,1000,30000,0.60985,0.653407,32.0312,0.82674,0.798945,0.735257,0.591519,3733
T-CAM-D,62,4,1000,300000,0.556949,0.591468,25.385,0.740228,0.721955,0.674677,0.556186,3733
T-CAM-D,62,4,3000,30000,0.517774,0.555149,27.4853,0.782241,0.732769,0.617555,0.402678,3733
T-CAM-D,62,4,3000,300000,0.472489,0.503733,22.977,0.701803,0.663572,0.568466,0.381203,3733
T-CAM-D,62,4,8000,30000,0.425928,0.455744,21.9259,0.706589,0.642037,0.48432,0.245012,3733
T-CAM-D,62,4,8000,300000,0.39122,0.416708,18.744,0.638927,0.585945,0.450232,0.236433,3733
T-CAM-D,62,4.5,1000,30000,0.537513,0.653407,85.2269,0.690869,0.675362,0.648221,0.583023,3733
T-CAM-D,62,4.5,1000,300000,0.498032,0.591468,68.7118,0.630572,0.620505,0.601335,0.548776,3733
T-CAM-D,62,4.5,3000,30000,0.452079,0.555149,75.797,0.654217,0.619999,0.545528,0.396883,3733
T-CAM-D,62,4.5,3000,300000,0.416733,0.503733,63.9788,0.593882,0.567139,0.505422,0.375978,3733
T-CAM-D,62,4.5,8000,30000,0.372275,0.455744,61.3821,0.597724,0.549225,0.432215,0.24185,3733
T-CAM-D,62,4.5,8000,300000,0.344791,0.416708,52.8874,0.545276,0.50501,0.403651,0.233506,3733
T-CAM-D,62,5,1000,30000,0.408382,0.653407,180.188,0.460644,0.458637,0.474685,0.562369,3733
T-CAM-D,62,5,1000,300000,0.387818,0.591468,149.762,0.435173,0.434563,0.450504,0.530498,3733
T-CAM-D,62,5,3000,30000,0.323681,0.555149,170.219,0.413741,0.401528,0.389019,0.382075,3733
T-CAM-D,62,5,3000,300000,0.304674,0.503733,146.386,0.385067,0.375499,0.366118,0.362529,3733
T-CAM-D,62,5,8000,30000,0.262561,0.455744,142.065,0.382133,0.359828,0.313384,0.233574,3733
T-CAM-D,62,5,8000,300000,0.247646,0.416708,124.326,0.355298,0.336441,0.296073,0.225807,3733
T-CAM-C,63,3,1000,30000,0.64904,0.653407,3.21119,0.901414,0.865618,0.780415,0.595791,1286
T-CAM-C,63,3,1000,300000,0.588059,0.591468,2.50723,0.798827,0.775392,0.71215,0.559888,1286
T-CAM-C,63,3,3000,30000,0.551439,0.555149,2.72814,0.848414,0.790201,0.653289,0.40553,1286
T-CAM-C,63,3,3000,300000,0.500659,0.503733,2.26061,0.756737,0.712057,0.599502,0.383768,1286
T-CAM-C,63,3,8000,30000,0.452771,0.455744,2.18594,0.761413,0.688134,0.509615,0.246558,1286
T-CAM-C,63,3,8000,300000,0.414185,0.416708,1.85542,0.685515,0.625737,0.472714,0.237861,1286
T-CAM-C,63,4,1000,30000,0.613221,0.653407,29.5517,0.826756,0.799465,0.74703,0.595039,1286
T-CAM-C,63,4,1000,300000,0.559795,0.591468,23.292,0.740241,0.722376,0.684485,0.559241,1286
T-CAM-C,63,4,3000,30000,0.52033,0.555149,25.6056,0.782255,0.733224,0.626981,0.405069,1286
T-CAM-C,63,4,3000,300000,0.474736,0.503733,21.3245,0.701816,0.663959,0.576669,0.383355,1286
T-CAM-C,63,4,8000,30000,0.427629,0.455744,20.6752,0.706601,0.642405,0.491035,0.246361,1286
T-CAM-C,63,4,8000,300000,0.392749,0.416708,17.6195,0.638937,0.586264,0.456209,0.23768,1286
T-CAM-C,63,4.5,1000,30000,0.546619,0.653407,78.5308,0.690905,0.676522,0.677734,0.59327,1286
T-CAM-C,63,4.5,1000,300000,0.505817,0.591468,62.9868,0.630602,0.621473,0.626376,0.557714,1286
T-CAM-C,63,4.5,3000,30000,0.459207,0.555149,70.5547,0.654252,0.621093,0.570439,0.403978,1286
T-CAM-C,63,4.5,3000,300000,0.423044,0.503733,59.3381,0.593912,0.568083,0.527302,0.382379,1286
T-CAM-C,63,4.5,8000,30000,0.377086,0.455744,57.8444,0.597754,0.550139,0.450434,0.245898,1286
T-CAM-C,63,4.5,8000,300000,0.34914,0.416708,49.6889,0.545302,0.505812,0.41998,0.237254,1286
T-CAM-C,63,5,1000,30000,0.427749,0.653407,165.947,0.460692,0.460247,0.526009,0.587994,1286
T-CAM-C,63,5,1000,300000,0.40481,0.591468,137.266,0.435215,0.435985,0.495787,0.553147,1286
T-CAM-C,63,5,3000,30000,0.339813,0.555149,158.356,0.413793,0.403237,0.437127,0.400693,1286
T-CAM-C,63,5,3000,300000,0.319169,0.503733,135.727,0.385114,0.377025,0.409288,0.379434,1286
T-CAM-C,63,5,8000,30000,0.273798,0.455744,133.801,0.382181,0.361359,0.350836,0.244512,1286
T-CAM-C,63,5,8000,300000,0.257929,0.416708,116.765,0.355341,0.337823,0.33018,0.235979,1286
T-CAM-D,63,3,1000,30000,0.648607,0.653407,3.52944,0.901409,0.865551,0.778894,0.595342,1286
T-CAM-D,63,3,1000,300000,0.587695,0.591468,2.77425,0.798823,0.775339,0.710894,0.559499,1286
T-CAM-D,63,3,3000,30000,0.551117,0.555149,2.96516,0.84841,0.790145,0.652102,0.405228,1286
T-CAM-D,63,3,3000,300000,0.500377,0.503733,2.46836,0.756734,0.712009,0.598474,0.383496,1286
T-CAM-D,63,3,8000,30000,0.452559,0.455744,2.34225,0.76141,0.68809,0.50878,0.246388,1286
T-CAM-D,63,3,8000,300000,0.413994,0.416708,1.99564,0.685512,0.625698,0.471973,0.237704,1286
T-CAM-D,63,4,1000,30000,0.609211,0.653407,32.5009,0.826719,0.7989,0.733368,0.59073,1286
T-CAM-D,63,4,1000,300000,0.556407,0.591468,25.7831,0.740212,0.721918,0.6731,0.5555,1286
T-CAM-D,63,4,3000,30000,0.517291,0.555149,27.8406,0.782222,0.732729,0.616036,0.402138,1286
T-CAM-D,63,4,3000,300000,0.472063,0.503733,23.2902,0.701787,0.663538,0.567143,0.380716,1286
T-CAM-D,63,4,8000,30000,0.42561,0.455744,22.1599,0.706573,0.642005,0.483236,0.244706,1286
T-CAM-D,63,4,8000,300000,0.390933,0.416708,18.9549,0.638914,0.585917,0.449266,0.23615,1286
T-CAM-D,63,4.5,1000,30000,0.535872,0.653407,86.4341,0.690824,0.67526,0.643643,0.580875,1286
T-CAM-D,63,4.5,1000,300000,0.496619,0.591468,69.7513,0.630536,0.62042,0.597436,0.546891,1286
T-CAM-D,63,4.5,3000,30000,0.450781,0.555149,76.7515,0.654173,0.619903,0.541623,0.395362,1286
T-CAM-D,63,4.5,3000,300000,0.41558,0.503733,64.8272,0.593844,0.567056,0.501984,0.374601,1286
T-CAM-D,63,4.5,8000,30000,0.371402,0.455744,62.024,0.597686,0.549145,0.429343,0.240971,1286
T-CAM-D,63,4.5,8000,300000,0.343999,0.416708,53.4698,0.545244,0.504939,0.401073,0.232691,1286
T-CAM-D,63,5,1000,30000,0.405335,0.653407,182.429,0.460588,0.458496,0.467277,0.557875,1286
T-CAM-D,63,5,1000,300000,0.385106,0.591468,151.756,0.435125,0.434438,0.443919,0.526464,1286
T-CAM-D,63,5,3000,30000,0.321053,0.555149,172.152,0.413677,0.401378,0.381963,0.378639,1286
T-CAM-D,63,5,3000,300000,0.302295,0.503733,148.135,0.385011,0.375365,0.35976,0.359385,1286
T-CAM-D,63,5,8000,30000,0.260702,0.455744,143.432,0.382073,0.359694,0.307828,0.231489,1286
T-CAM-D,63,5,8000,300000,0.245936,0.416708,125.584,0.355245,0.33632,0.290996,0.223859,1286
T-CAM-C,64,3,1000,30000,0.648948,0.653407,3.27871,0.901405,0.865559,0.779964,0.595754,3869
T-CAM-C,64,3,1000,300000,0.587983,0.591468,2.56307,0.798819,0.775344,0.711777,0.559856,3869
T-CAM-C,64,3,3000,30000,0.551368,0.555149,2.7804,0.848406,0.790151,0.652937,0.405505,3869
T-CAM-C,64,3,3000,300000,0.500598,0.503733,2.3059,0.75673,0.712015,0.599197,0.383745,3869
T-CAM-C,64,3,8000,30000,0.452721,0.455744,2.22252,0.761407,0.688094,0.509367,0.246544,3869
T-CAM-C,64,3,8000,300000,0.414141,0.416708,1.88785,0.685509,0.625703,0.472494,0.237848,3869
T-CAM-C,64,4,1000,30000,0.612379,0.653407,30.1714,0.826681,0.798962,0.742932,0.594674,3869
T-CAM-C,64,4,1000,300000,0.559092,0.591468,23.8087,0.740181,0.721969,0.681075,0.558924,3869
T-CAM-C,64,4,3000,30000,0.519665,0.555149,26.0945,0.782187,0.732784,0.623706,0.404822,3869
T-CAM-C,64,4,3000,300000,0.474157,0.503733,21.7499,0.701758,0.663585,0.57382,0.383133,3869
T-CAM-C,64,4,8000,30000,0.42716,0.455744,21.0199,0.706544,0.642049,0.488702,0.246222,3869
T-CAM-C,64,4,8000,300000,0.392332,0.416708,17.9261,0.638889,0.585956,0.454133,0.237552,3869
T-CAM-C,64,4.5,1000,30000,0.544396,0.653407,80.1652,0.690741,0.6754,0.667268,0.592152,3869
T-CAM-C,64,4.5,1000,300000,0.503934,0.591468,64.3716,0.630467,0.620537,0.617518,0.556743,3869
T-CAM-C,64,4.5,3000,30000,0.457392,0.555149,71.89,0.654091,0.620034,0.561653,0.403216,3869
T-CAM-C,64,4.5,3000,300000,0.421449,0.503733,60.5107,0.593775,0.567169,0.519595,0.381693,3869
T-CAM-C,64,4.5,8000,30000,0.375787,0.455744,58.7993,0.597616,0.549255,0.444022,0.245468,3869
T-CAM-C,64,4.5,8000,300000,0.347977,0.416708,50.5445,0.545183,0.505036,0.414239,0.236856,3869
T-CAM-C,64,5,1000,30000,0.423165,0.653407,169.318,0.46048,0.458693,0.507082,0.584803,3869
T-CAM-C,64,5,1000,300000,0.400813,0.591468,140.206,0.435031,0.434613,0.479156,0.550359,3869
T-CAM-C,64,5,3000,30000,0.335852,0.555149,161.269,0.413556,0.401585,0.41954,0.398465,3869
T-CAM-C,64,5,3000,300000,0.315629,0.503733,138.33,0.384905,0.375551,0.393544,0.377423,3869
T-CAM-C,64,5,8000,30000,0.270889,0.455744,135.94,0.381962,0.35988,0.337222,0.243234,3869
T-CAM-C,64,5,8000,300000,0.255284,0.416708,118.71,0.355145,0.336489,0.317804,0.234795,3869
T-CAM-D,64,3,1000,30000,0.648505,0.653407,3.60458,0.9014,0.865497,0.778543,0.595248,3869
T-CAM-D,64,3,1000,300000,0.58761,0.591468,2.837,0.798816,0.775296,0.710604,0.559418,3869
T-CAM-D,64,3,3000,30000,0.55104,0.555149,3.02187,0.848401,0.790099,0.651828,0.405164,3869
T-CAM-D,64,3,3000,300000,0.500309,0.503733,2.51787,0.756727,0.711971,0.598236,0.383439,3869
T-CAM-D,64,3,8000,30000,0.452507,0.455744,2.38045,0.761403,0.688053,0.508587,0.246352,3869
T-CAM-D,64,3,8000,300000,0.413948,0.416708,2.02974,0.685506,0.625667,0.471802,0.237671,3869
T-CAM-D,64,4,1000,30000,0.608298,0.653407,33.1721,0.826638,0.798442,0.730282,0.589859,3869
T-CAM-D,64,4,1000,300000,0.555638,0.591468,26.3491,0.740148,0.721548,0.670524,0.554741,3869
T-CAM-D,64,4,3000,30000,0.516584,0.555149,28.3607,0.782149,0.732328,0.61355,0.401539,3869
T-CAM-D,64,4,3000,300000,0.471442,0.503733,23.7465,0.701727,0.663198,0.564977,0.380177,3869
T-CAM-D,64,4,8000,30000,0.425128,0.455744,22.5142,0.706513,0.641681,0.48146,0.244366,3869
T-CAM-D,64,4,8000,300000,0.390501,0.416708,19.2725,0.638862,0.585637,0.447684,0.235835,3869
T-CAM-D,64,4.5,1000,30000,0.533614,0.653407,88.0946,0.690649,0.674242,0.636263,0.578561,3869
T-CAM-D,64,4.5,1000,300000,0.494678,0.591468,71.1785,0.630392,0.61957,0.59114,0.544856,3869
T-CAM-D,64,4.5,3000,30000,0.448939,0.555149,78.1061,0.654002,0.61894,0.535297,0.39371,3869
T-CAM-D,64,4.5,3000,300000,0.413947,0.503733,66.0277,0.593699,0.566225,0.496412,0.373105,3869
T-CAM-D,64,4.5,8000,30000,0.370116,0.455744,62.9696,0.59754,0.548342,0.42468,0.240013,3869
T-CAM-D,64,4.5,8000,300000,0.342837,0.416708,54.3241,0.545116,0.504234,0.396884,0.231801,3869
T-CAM-D,64,5,1000,30000,0.40147,0.653407,185.271,0.460365,0.457094,0.455629,0.553314,3869
T-CAM-D,64,5,1000,300000,0.381656,0.591468,154.294,0.43493,0.4332,0.433543,0.52235,3869
T-CAM-D,64,5,3000,30000,0.317592,0.555149,174.697,0.413426,0.399885,0.370808,0.375102,3869
T-CAM-D,64,5,3000,300000,0.299161,0.503733,150.441,0.38479,0.374033,0.349694,0.35614,3869
T-CAM-D,64,5,8000,30000,0.258148,0.455744,145.31,0.38184,0.358356,0.299004,0.229321,3869
T-CAM-D,64,5,8000,300000,0.243589,0.416708,127.31,0.355038,0.335114,0.282927,0.221829,3869
T-CAM-C,65,3,1000,30000,0.648965,0.653407,3.26614,0.901414,0.865585,0.780035,0.595756,2152
T-CAM-C,65,3,1000,300000,0.587997,0.591468,2.55285,0.798827,0.775365,0.711836,0.559858,2152
T-CAM-C,65,3,3000,30000,0.551382,0.555149,2.77028,0.848414,0.790173,0.652992,0.405506,2152
T-CAM-C,65,3,3000,300000,0.500609,0.503733,2.29725,0.756737,0.712033,0.599245,0.383746,2152
T-CAM-C,65,3,8000,30000,0.452732,0.455744,2.21504,0.761413,0.688112,0.509406,0.246544,2152
T-CAM-C,65,3,8000,300000,0.41415,0.416708,1.88131,0.685515,0.625718,0.472528,0.237849,2152
T-CAM-C,65,4,1000,30000,0.61253,0.653407,30.0601,0.82676,0.799186,0.743574,0.59469,2152
T-CAM-C,65,4,1000,300000,0.559217,0.591468,23.7173,0.740244,0.72215,0.68161,0.558938,2152
T-CAM-C,65,4,3000,30000,0.519791,0.555149,26.0024,0.782259,0.73298,0.62422,0.404833,2152
T-CAM-C,65,4,3000,300000,0.474265,0.503733,21.6708,0.701818,0.663751,0.574268,0.383143,2152
T-CAM-C,65,4,8000,30000,0.427254,0.455744,20.951,0.706603,0.642207,0.489069,0.246229,2152
T-CAM-C,65,4,8000,300000,0.392414,0.416708,17.8656,0.63894,0.586093,0.45446,0.237558,2152
T-CAM-C,65,4.5,1000,30000,0.544766,0.653407,79.8934,0.690912,0.675899,0.668892,0.592202,2152
T-CAM-C,65,4.5,1000,300000,0.504245,0.591468,64.1429,0.630608,0.620953,0.618894,0.556787,2152
T-CAM-C,65,4.5,3000,30000,0.457714,0.555149,71.653,0.65426,0.620506,0.563022,0.403251,2152
T-CAM-C,65,4.5,3000,300000,0.42173,0.503733,60.3043,0.593918,0.567576,0.520796,0.381724,2152
T-CAM-C,65,4.5,8000,30000,0.376033,0.455744,58.6181,0.59776,0.549648,0.445024,0.245487,2152
T-CAM-C,65,4.5,8000,300000,0.348195,0.416708,50.3837,0.545308,0.505381,0.415136,0.236874,2152
T-CAM-C,65,5,1000,30000,0.4238,0.653407,168.85,0.460699,0.459381,0.509959,0.584945,2152
T-CAM-C,65,5,1000,300000,0.40137,0.591468,139.796,0.435221,0.43522,0.481688,0.550483,2152
T-CAM-C,65,5,3000,30000,0.336454,0.555149,160.826,0.413803,0.402318,0.422228,0.398565,2152
T-CAM-C,65,5,3000,300000,0.316166,0.503733,137.935,0.385122,0.376204,0.395953,0.377513,2152
T-CAM-C,65,5,8000,30000,0.271371,0.455744,135.586,0.38219,0.360536,0.339312,0.243292,2152
T-CAM-C,65,5,8000,300000,0.25572,0.416708,118.389,0.355349,0.33708,0.319706,0.234848,2152
T-CAM-D,65,3,1000,30000,0.648601,0.653407,3.53397,0.90141,0.865534,0.778842,0.595349,2152
T-CAM-D,65,3,1000,300000,0.58769,0.591468,2.7779,0.798824,0.775325,0.710851,0.559506,2152
T-CAM-D,65,3,3000,30000,0.551112,0.555149,2.96896,0.84841,0.79013,0.652062,0.405232,2152
T-CAM-D,65,3,3000,300000,0.500372,0.503733,2.4716,0.756734,0.711997,0.598439,0.3835,2152
T-CAM-D,65,3,8000,30000,0.452555,0.455744,2.34522,0.76141,0.688078,0.508751,0.246391,2152
T-CAM-D,65,3,8000,300000,0.413991,0.416708,1.99823,0.685513,0.625688,0.471948,0.237707,2152
T-CAM-D,65,4,1000,30000,0.609159,0.653407,32.5395,0.826726,0.798755,0.732914,0.590797,2152
T-CAM-D,65,4,1000,300000,0.556365,0.591468,25.8146,0.740217,0.721801,0.672722,0.555557,2152
T-CAM-D,65,4,3000,30000,0.517245,0.555149,27.8744,0.782228,0.732602,0.61567,0.402183,2152
T-CAM-D,65,4,3000,300000,0.472023,0.503733,23.3191,0.701793,0.66343,0.566825,0.380757,2152
T-CAM-D,65,4,8000,30000,0.425574,0.455744,22.1868,0.706578,0.641902,0.482975,0.244732,2152
T-CAM-D,65,4,8000,300000,0.390901,0.416708,18.9785,0.638918,0.585828,0.449033,0.236174,2152
T-CAM-D,65,4.5,1000,30000,0.535755,0.653407,86.5199,0.690838,0.674938,0.642552,0.581054,2152
T-CAM-D,65,4.5,1000,300000,0.496521,0.591468,69.8233,0.630547,0.620151,0.596506,0.547048,2152
T-CAM-D,65,4.5,3000,30000,0.45067,0.555149,76.8332,0.654187,0.619598,0.540688,0.395489,2152
T-CAM-D,65,4.5,3000,300000,0.415483,0.503733,64.8982,0.593856,0.566793,0.501161,0.374716,2152
T-CAM-D,65,4.5,8000,30000,0.37131,0.455744,62.092,0.597698,0.548891,0.428654,0.241045,2152
T-CAM-D,65,4.5,8000,300000,0.343917,0.416708,53.53,0.545254,0.504716,0.400454,0.232759,2152
T-CAM-D,65,5,1000,30000,0.405181,0.653407,182.543,0.460604,0.45805,0.465536,0.558239,2152
T-CAM-D,65,5,1000,300000,0.384969,0.591468,151.857,0.435138,0.434044,0.442371,0.526791,2152
T-CAM-D,65,5,3000,30000,0.320881,0.555149,172.278,0.413696,0.400904,0.380298,0.378919,2152
T-CAM-D,65,5,3000,300000,0.302141,0.503733,148.249,0.385028,0.374942,0.358259,0.359641,2152
T-CAM-D,65,5,8000,30000,0.260543,0.455744,143.548,0.382092,0.359269,0.306511,0.23166,2152
T-CAM-D,65,5,8000,300000,0.245792,0.416708,125.69,0.355261,0.335937,0.289793,0.224018,2152
T-CAM-C,66,3,1000,30000,0.649231,0.653407,3.07068,0.9015,0.865958,0.781111,0.595818,463
T-CAM-C,66,3,1000,300000,0.588214,0.591468,2.39296,0.798894,0.775662,0.712724,0.559912,463
T-CAM-C,66,3,3000,30000,0.551593,0.555149,2.6153,0.848488,0.790487,0.653832,0.405548,463
T-CAM-C,66,3,3000,300000,0.50079,0.503733,2.16411,0.756799,0.712297,0.599972,0.383784,463
T-CAM-C,66,3,8000,30000,0.452885,0.455744,2.10244,0.761474,0.688361,0.509998,0.246568,463
T-CAM-C,66,3,8000,300000,0.414284,0.416708,1.7824,0.685567,0.625932,0.473053,0.23787,463
T-CAM-C,66,4,1000,30000,0.614935,0.653407,28.2917,0.827479,0.802359,0.753433,0.595306,463
T-CAM-C,66,4,1000,300000,0.561204,0.591468,22.2557,0.740815,0.724715,0.689805,0.559472,463
T-CAM-C,66,4,3000,30000,0.521741,0.555149,24.5684,0.782909,0.73576,0.632085,0.405248,463
T-CAM-C,66,4,3000,300000,0.475949,0.503733,20.432,0.702362,0.666109,0.581103,0.383517,463
T-CAM-C,66,4,8000,30000,0.428683,0.455744,19.9005,0.707145,0.64445,0.494671,0.246463,463
T-CAM-C,66,4,8000,300000,0.393675,0.416708,16.9387,0.639402,0.588036,0.459441,0.237774,463
T-CAM-C,66,4.5,1000,30000,0.550928,0.653407,75.3619,0.692477,0.683034,0.694539,0.594094,463
T-CAM-C,66,4.5,1000,300000,0.509436,0.591468,60.3254,0.631893,0.626899,0.64055,0.558429,463
T-CAM-C,66,4.5,3000,30000,0.462918,0.555149,67.8259,0.655791,0.627227,0.584431,0.404537,463
T-CAM-C,66,4.5,3000,300000,0.426274,0.503733,56.9625,0.595222,0.573372,0.539552,0.382882,463
T-CAM-C,66,4.5,8000,30000,0.379909,0.455744,55.7684,0.599079,0.555252,0.460614,0.246214,463
T-CAM-C,66,4.5,8000,300000,0.351645,0.416708,47.8469,0.546452,0.510301,0.429081,0.237546,463
T-CAM-C,66,5,1000,30000,0.435737,0.653407,160.072,0.462755,0.469402,0.558306,0.590416,463
T-CAM-C,66,5,1000,300000,0.411772,0.591468,132.146,0.437018,0.444057,0.523985,0.555258,463
T-CAM-C,66,5,3000,30000,0.347185,0.555149,152.934,0.416083,0.412944,0.4667,0.402366,463
T-CAM-C,66,5,3000,300000,0.325735,0.503733,130.898,0.387137,0.385678,0.435664,0.380943,463
T-CAM-C,66,5,8000,30000,0.279607,0.455744,129.529,0.384305,0.370037,0.373533,0.245468,463
T-CAM-C,66,5,8000,300000,0.263183,0.416708,112.901,0.35724,0.345646,0.350754,0.236863,463
T-CAM-D,66,3,1000,30000,0.648919,0.653407,3.30048,0.901493,0.865839,0.779933,0.59556,463
T-CAM-D,66,3,1000,300000,0.587953,0.591468,2.58469,0.798888,0.775568,0.711752,0.559688,463
T-CAM-D,66,3,3000,30000,0.551357,0.555149,2.78893,0.848482,0.790387,0.652914,0.405374,463
T-CAM-D,66,3,3000,300000,0.500584,0.503733,2.3156,0.756793,0.712213,0.599176,0.383628,463
T-CAM-D,66,3,8000,30000,0.452725,0.455744,2.2197,0.761469,0.688282,0.509351,0.24647,463
T-CAM-D,66,3,8000,300000,0.414142,0.416708,1.88707,0.685562,0.625864,0.47248,0.23778,463
T-CAM-D,66,4,1000,30000,0.612012,0.653407,30.4411,0.827417,0.801349,0.742651,0.592788,463
T-CAM-D,66,4,1000,300000,0.55875,0.591468,24.0605,0.740765,0.723898,0.680838,0.557288,463
T-CAM-D,66,4,3000,30000,0.519499,0.555149,26.2166,0.782853,0.734876,0.623488,0.403543,463
T-CAM-D,66,4,3000,300000,0.473987,0.503733,21.875,0.702314,0.665359,0.573629,0.381982,463
T-CAM-D,66,4,8000,30000,0.42716,0.455744,21.0199,0.707098,0.643737,0.488555,0.245501,463
T-CAM-D,66,4,8000,300000,0.392312,0.416708,17.9406,0.639362,0.587418,0.454001,0.236886,463
T-CAM-D,66,4.5,1000,30000,0.542928,0.653407,81.245,0.69234,0.680748,0.666541,0.586587,463
T-CAM-D,66,4.5,1000,300000,0.502634,0.591468,65.3275,0.631781,0.624994,0.616897,0.551895,463
T-CAM-D,66,4.5,3000,30000,0.456605,0.555149,72.4681,0.655658,0.625079,0.561062,0.399381,463
T-CAM-D,66,4.5,3000,300000,0.420709,0.503733,61.0549,0.595109,0.57152,0.519073,0.378234,463
T-CAM-D,66,4.5,8000,30000,0.375572,0.455744,58.9578,0.598965,0.553464,0.443611,0.243285,463
T-CAM-D,66,4.5,8000,300000,0.347741,0.416708,50.7177,0.546353,0.508731,0.413868,0.234836,463
T-CAM-D,66,5,1000,30000,0.418067,0.653407,173.066,0.462573,0.466155,0.505758,0.570433,463
T-CAM-D,66,5,1000,300000,0.396372,0.591468,143.471,0.436859,0.441194,0.477984,0.537689,463
T-CAM-D,66,5,3000,30000,0.33247,0.555149,163.756,0.415883,0.409511,0.418336,0.388115,463
T-CAM-D,66,5,3000,300000,0.312571,0.503733,140.579,0.38696,0.382618,0.392461,0.368036,463
T-CAM-D,66,5,8000,30000,0.269241,0.455744,137.152,0.38412,0.366974,0.336326,0.237188,463
T-CAM-D,66,5,8000,300000,0.253737,0.416708,119.847,0.357074,0.342884,0.316985,0.229177,463
T-CAM-C,67,3,1000,30000,0.649231,0.653407,3.07082,0.901496,0.865944,0.781122,0.59582,3737
T-CAM-C,67,3,1000,300000,0.588214,0.591468,2.39298,0.79889,0.775651,0.712733,0.559913,3737
T-CAM-C,67,3,3000,30000,0.551592,0.555149,2.6156,0.848485,0.790476,0.653841,0.40555,3737
T-CAM-C,67,3,3000,300000,0.50079,0.503733,2.1643,0.756796,0.712288,0.59998,0.383785,3737
T-CAM-C,67,3,8000,30000,0.452884,0.455744,2.10286,0.761471,0.688352,0.510004,0.246569,3737
T-CAM-C,67,3,8000,300000,0.414284,0.416708,1.78273,0.685564,0.625924,0.473059,0.237871,3737
T-CAM-C,67,4,1000,30000,0.614936,0.653407,28.2909,0.827444,0.802243,0.753541,0.595327,3737
T-CAM-C,67,4,1000,300000,0.561206,0.591468,22.2544,0.740786,0.724622,0.689895,0.55949,3737
T-CAM-C,67,4,3000,30000,0.521738,0.555149,24.5699,0.782877,0.735658,0.63217,0.405263,3737
T-CAM-C,67,4,3000,300000,0.475948,0.503733,20.4329,0.702335,0.666023,0.581178,0.383529,3737
T-CAM-C,67,4,8000,30000,0.428678,0.455744,19.9036,0.707118,0.644368,0.494731,0.246471,3737
T-CAM-C,67,4,8000,300000,0.393671,0.416708,16.9411,0.639379,0.587965,0.459495,0.237781,3737
T-CAM-C,67,4.5,1000,30000,0.550945,0.653407,75.349,0.692399,0.682771,0.694827,0.594159,3737
T-CAM-C,67,4.5,1000,300000,0.509452,0.591468,60.3139,0.63183,0.626681,0.640793,0.558486,3737
T-CAM-C,67,4.5,3000,30000,0.462922,0.555149,67.8229,0.655715,0.62698,0.584669,0.404582,3737
T-CAM-C,67,4.5,3000,300000,0.426279,0.503733,56.9591,0.595158,0.573159,0.53976,0.382922,3737
T-CAM-C,67,4.5,8000,30000,0.379903,0.455744,55.7724,0.599014,0.555047,0.460785,0.246239,3737
T-CAM-C,67,4.5,8000,300000,0.351641,0.416708,47.8497,0.546395,0.51012,0.429234,0.237569,3737
T-CAM-C,67,5,1000,30000,0.43584,0.653407,159.996,0.462652,0.469029,0.558882,0.590612,3737
T-CAM-C,67,5,1000,300000,0.41186,0.591468,132.082,0.436928,0.443728,0.524485,0.555428,3737
T-CAM-C,67,5,3000,30000,0.347247,0.555149,152.889,0.41597,0.412549,0.46722,0.402501,3737
T-CAM-C,67,5,3000,300000,0.32579,0.503733,130.858,0.387036,0.385326,0.436127,0.381065,3737
T-CAM-C,67,5,8000,30000,0.279631,0.455744,129.511,0.3842,0.369685,0.373928,0.245544,3737
T-CAM-C,67,5,8000,300000,0.263206,0.416708,112.884,0.357146,0.345328,0.351112,0.236934,3737
T-CAM-D,67,3,1000,30000,0.6488,0.653407,3.38749,0.901485,0.865779,0.77951,0.59546,3737
T-CAM-D,67,3,1000,300000,0.587855,0.591468,2.65725,0.798882,0.77552,0.711402,0.559602,3737
T-CAM-D,67,3,3000,30000,0.551267,0.555149,2.8548,0.848475,0.790337,0.652583,0.405307,3737
T-CAM-D,67,3,3000,300000,0.500506,0.503733,2.37304,0.756788,0.712171,0.59889,0.383567,3737
T-CAM-D,67,3,8000,30000,0.452665,0.455744,2.26433,0.761463,0.688242,0.509118,0.246433,3737
T-CAM-D,67,3,8000,300000,0.414088,0.416708,1.92687,0.685557,0.62583,0.472273,0.237745,3737
T-CAM-D,67,4,1000,30000,0.61093,0.653407,31.237,0.827352,0.800837,0.738843,0.591837,3737
T-CAM-D,67,4,1000,300000,0.55784,0.591468,24.7296,0.740713,0.723484,0.677666,0.556462,3737
T-CAM-D,67,4,3000,30000,0.518663,0.555149,26.8315,0.782794,0.734427,0.620437,0.402895,3737
T-CAM-D,67,4,3000,300000,0.473255,0.503733,22.4135,0.702265,0.664979,0.570974,0.381399,3737
T-CAM-D,67,4,8000,30000,0.426589,0.455744,21.4399,0.707049,0.643376,0.48638,0.245135,3737
T-CAM-D,67,4,8000,300000,0.391801,0.416708,18.3165,0.63932,0.587105,0.452065,0.236547,3737
T-CAM-D,67,4.5,1000,30000,0.540109,0.653407,83.3176,0.692198,0.679594,0.657017,0.583904,3737
T-CAM-D,67,4.5,1000,300000,0.500227,0.591468,67.098,0.631664,0.624033,0.608814,0.549548,3737
T-CAM-D,67,4.5,3000,30000,0.454339,0.555149,74.135,0.655519,0.623993,0.553013,0.397503,3737
T-CAM-D,67,4.5,3000,300000,0.418707,0.503733,62.5273,0.594991,0.570584,0.512002,0.376538,3737
T-CAM-D,67,4.5,8000,30000,0.373996,0.455744,60.1165,0.598845,0.552559,0.437718,0.242207,3737
T-CAM-D,67,4.5,8000,300000,0.346321,0.416708,51.762,0.546249,0.507936,0.408587,0.233838,3737
T-CAM-D,67,5,1000,30000,0.412618,0.653407,177.073,0.462385,0.464528,0.489296,0.564288,3737
T-CAM-D,67,5,1000,300000,0.391563,0.591468,147.008,0.436694,0.439759,0.463451,0.532214,3737
T-CAM-D,67,5,3000,30000,0.327732,0.555149,167.24,0.415675,0.407788,0.402874,0.383527,3737
T-CAM-D,67,5,3000,300000,0.308307,0.503733,143.714,0.386776,0.381081,0.378582,0.363855,3737
T-CAM-D,67,5,8000,30000,0.26581,0.455744,139.675,0.383927,0.365434,0.324269,0.234449,3737
T-CAM-D,67,5,8000,300000,0.250599,0.416708,122.155,0.356902,0.341496,0.306002,0.226624,3737
T-CAM-C,68,3,1000,30000,0.648757,0.653407,3.41894,0.901372,0.865441,0.779085,0.595658,2979
T-CAM-C,68,3,1000,300000,0.587825,0.591468,2.6792,0.798794,0.775251,0.711052,0.559773,2979
T-CAM-C,68,3,3000,30000,0.551222,0.555149,2.88833,0.848377,0.790051,0.652251,0.405441,2979
T-CAM-C,68,3,3000,300000,0.50047,0.503733,2.39955,0.756707,0.711931,0.598603,0.383687,2979
T-CAM-C,68,3,8000,30000,0.45262,0.455744,2.29738,0.761384,0.688016,0.508884,0.246508,2979
T-CAM-C,68,3,8000,300000,0.414051,0.416708,1.95426,0.68549,0.625635,0.472065,0.237815,2979
T-CAM-C,68,4,1000,30000,0.610641,0.653407,31.4493,0.826406,0.797963,0.735067,0.593737,2979
T-CAM-C,68,4,1000,300000,0.55764,0.591468,24.8766,0.739964,0.721162,0.674519,0.558112,2979
T-CAM-C,68,4,3000,30000,0.5183,0.555149,27.0988,0.781939,0.731908,0.617398,0.404188,2979
T-CAM-C,68,4,3000,300000,0.472967,0.503733,22.6255,0.701551,0.662842,0.56833,0.382562,2979
T-CAM-C,68,4,8000,30000,0.426206,0.455744,21.7218,0.706341,0.641344,0.484204,0.245865,2979
T-CAM-C,68,4,8000,300000,0.391482,0.416708,18.5512,0.638715,0.585345,0.450129,0.237222,2979
T-CAM-C,68,4.5,1000,30000,0.539881,0.653407,83.4855,0.69015,0.673182,0.647771,0.589347,2979
T-CAM-C,68,4.5,1000,300000,0.500098,0.591468,67.1927,0.629986,0.618687,0.600955,0.554303,2979
T-CAM-C,68,4.5,3000,30000,0.453705,0.555149,74.6014,0.653508,0.617936,0.545133,0.401293,2979
T-CAM-C,68,4.5,3000,300000,0.418206,0.503733,62.8961,0.59328,0.56536,0.505076,0.37996,2979
T-CAM-C,68,4.5,8000,30000,0.37317,0.455744,60.7237,0.597122,0.547508,0.431914,0.244375,2979
T-CAM-C,68,4.5,8000,300000,0.345628,0.416708,52.2718,0.544755,0.503502,0.403383,0.235846,2979
T-CAM-C,68,5,1000,30000,0.414218,0.653407,175.897,0.459763,0.45566,0.473983,0.577266,2979
T-CAM-C,68,5,1000,300000,0.392976,0.591468,145.969,0.434417,0.431938,0.449883,0.543736,2979
T-CAM-C,68,5,3000,30000,0.328076,0.555149,166.987,0.412725,0.398349,0.388336,0.393101,2979
T-CAM-C,68,5,3000,300000,0.308663,0.503733,143.453,0.384183,0.372667,0.365506,0.372567,2979
T-CAM-C,68,5,8000,30000,0.265196,0.455744,140.127,0.381191,0.356983,0.312831,0.240122,2979
T-CAM-C,68,5,8000,300000,0.250095,0.416708,122.525,0.354463,0.333878,0.29557,0.231907,2979
T-CAM-D,68,3,1000,30000,0.648411,0.653407,3.6739,0.901369,0.865415,0.778252,0.59517,2979
T-CAM-D,68,3,1000,300000,0.587532,0.591468,2.89449,0.798792,0.77523,0.710363,0.55935,2979
T-CAM-D,68,3,3000,30000,0.550968,0.555149,3.07491,0.848375,0.79003,0.651601,0.405112,2979
T-CAM-D,68,3,3000,300000,0.500247,0.503733,2.56393,0.756705,0.711913,0.598039,0.383391,2979
T-CAM-D,68,3,8000,30000,0.452457,0.455744,2.41689,0.761382,0.687998,0.508427,0.246323,2979
T-CAM-D,68,3,8000,300000,0.413904,0.416708,2.06207,0.685489,0.62562,0.47166,0.237644,2979
T-CAM-D,68,4,1000,30000,0.607469,0.653407,33.7821,0.826387,0.797744,0.727737,0.589147,2979
T-CAM-D,68,4,1000,300000,0.554942,0.591468,26.8607,0.739949,0.720984,0.668398,0.554121,2979
T-CAM-D,68,4,3000,30000,0.515929,0.555149,28.8418,0.781922,0.731715,0.611496,0.401049,2979
T-CAM-D,68,4,3000,300000,0.470871,0.503733,24.1667,0.701537,0.662679,0.563188,0.379735,2979
T-CAM-D,68,4,8000,30000,0.424673,0.455744,22.8489,0.706327,0.641189,0.479992,0.244087,2979
T-CAM-D,68,4,8000,300000,0.390095,0.416708,19.5708,0.638704,0.585211,0.446376,0.235578,2979
T-CAM-D,68,4.5,1000,30000,0.531623,0.653407,89.5586,0.690109,0.672695,0.630261,0.576716,2979
T-CAM-D,68,4.5,1000,300000,0.492972,0.591468,72.4328,0.629953,0.618282,0.586012,0.543229,2979
T-CAM-D,68,4.5,3000,30000,0.447275,0.555149,79.3295,0.653468,0.617477,0.530132,0.392383,2979
T-CAM-D,68,4.5,3000,300000,0.412478,0.503733,67.1082,0.593246,0.564963,0.491858,0.371901,2979
T-CAM-D,68,4.5,8000,30000,0.368928,0.455744,63.8431,0.597089,0.547126,0.420864,0.239239,2979
T-CAM-D,68,4.5,8000,300000,0.341768,0.416708,55.11,0.544726,0.503166,0.393455,0.231083,2979
T-CAM-D,68,5,1000,30000,0.398292,0.653407,187.609,0.45972,0.455,0.446413,0.549866,2979
T-CAM-D,68,5,1000,300000,0.37882,0.591468,156.379,0.434382,0.431356,0.425313,0.519227,2979
T-CAM-D,68,5,3000,30000,0.314656,0.555149,176.856,0.412671,0.397643,0.361937,0.372396,2979
T-CAM-D,68,5,3000,300000,0.296509,0.503733,152.391,0.384137,0.372038,0.341677,0.353652,2979
T-CAM-D,68,5,8000,30000,0.25592,0.455744,146.948,0.381141,0.356352,0.291958,0.227647,2979
T-CAM-D,68,5,8000,300000,0.241549,0.416708,128.81,0.35442,0.333309,0.276477,0.220259,2979
T-CAM-C,69,3,1000,30000,0.649331,0.653407,2.99723,0.901537,0.86615,0.781449,0.595835,1303
T-CAM-C,69,3,1000,300000,0.588295,0.591468,2.33318,0.798923,0.775815,0.713002,0.559927,1303
T-CAM-C,69,3,3000,30000,0.551673,0.555149,2.55643,0.848521,0.790649,0.654096,0.40556,1303
T-CAM-C,69,3,3000,300000,0.500859,0.503733,2.11373,0.756825,0.712434,0.6002,0.383794,1303
T-CAM-C,69,3,8000,30000,0.452944,0.455744,2.05895,0.761501,0.68849,0.510184,0.246575,1303
T-CAM-C,69,3,8000,300000,0.414336,0.416708,1.74436,0.685589,0.626043,0.473218,0.237876,1303
T-CAM-C,69,4,1000,30000,0.615841,0.653407,27.6255,0.827793,0.804012,0.756582,0.595479,1303
T-CAM-C,69,4,1000,300000,0.561949,0.591468,21.7078,0.741063,0.72605,0.692419,0.559621,1303
T-CAM-C,69,4,3000,30000,0.522483,0.555149,24.0226,0.783192,0.737204,0.634587,0.405365,1303
T-CAM-C,69,4,3000,300000,0.476588,0.503733,19.9624,0.702598,0.667334,0.583276,0.383621,1303
T-CAM-C,69,4,8000,30000,0.429235,0.455744,19.4941,0.707381,0.645615,0.49645,0.246528,1303
T-CAM-C,69,4,8000,300000,0.39416,0.416708,16.5815,0.639603,0.589045,0.461022,0.237834,1303
T-CAM-C,69,4.5,1000,30000,0.553262,0.653407,73.6453,0.69316,0.686792,0.703025,0.594631,1303
T-CAM-C,69,4.5,1000,300000,0.511393,0.591468,58.8864,0.632455,0.630027,0.647685,0.558895,1303
T-CAM-C,69,4.5,3000,30000,0.464907,0.555149,66.363,0.656459,0.630754,0.591434,0.404901,1303
T-CAM-C,69,4.5,3000,300000,0.428005,0.503733,55.69,0.595791,0.576411,0.545673,0.383209,1303
T-CAM-C,69,4.5,8000,30000,0.381413,0.455744,54.662,0.599655,0.558188,0.465686,0.246419,1303
T-CAM-C,69,4.5,8000,300000,0.352979,0.416708,46.8656,0.546952,0.512876,0.43361,0.237736,1303
T-CAM-C,69,5,1000,30000,0.440324,0.653407,156.699,0.463664,0.474799,0.575635,0.592031,1303
T-CAM-C,69,5,1000,300000,0.415751,0.591468,129.221,0.437814,0.448805,0.539017,0.556663,1303
T-CAM-C,69,5,3000,30000,0.351339,0.555149,149.88,0.417086,0.418642,0.48231,0.403474,1303
T-CAM-C,69,5,3000,300000,0.329426,0.503733,128.184,0.388025,0.390751,0.449536,0.381941,1303
T-CAM-C,69,5,8000,30000,0.282839,0.455744,127.152,0.385235,0.375116,0.385394,0.246097,1303
T-CAM-C,69,5,8000,300000,0.266102,0.416708,110.755,0.358072,0.350219,0.361477,0.237445,1303
T-CAM-D,69,3,1000,30000,0.649155,0.653407,3.12621,0.901533,0.866063,0.780777,0.595706,1303
T-CAM-D,69,3,1000,300000,0.588149,0.591468,2.44053,0.798919,0.775746,0.712448,0.559815,1303
T-CAM-D,69,3,3000,30000,0.55154,0.555149,2.65448,0.848516,0.790576,0.653572,0.405473,1303
T-CAM-D,69,3,3000,300000,0.500743,0.503733,2.19911,0.756822,0.712372,0.599747,0.383716,1303
T-CAM-D,69,3,8000,30000,0.452853,0.455744,2.12584,0.761497,0.688432,0.509815,0.246526,1303
T-CAM-D,69,3,8000,300000,0.414255,0.416708,1.80394,0.685586,0.625993,0.472891,0.237831,1303
T-CAM-D,69,4,1000,30000,0.614186,0.653407,28.8423,0.827752,0.803262,0.750352,0.594203,1303
T-CAM-D,69,4,1000,300000,0.560564,0.591468,22.7265,0.741031,0.725445,0.687244,0.558516,1303
T-CAM-D,69,4,3000,30000,0.521209,0.555149,24.9593,0.783155,0.73655,0.629636,0.404503,1303
T-CAM-D,69,4,3000,300000,0.475475,0.503733,20.7807,0.702568,0.666779,0.578975,0.382846,1303
T-CAM-D,69,4,8000,30000,0.428362,0.455744,20.1359,0.70735,0.645088,0.492933,0.246043,1303
T-CAM-D,69,4,8000,300000,0.393381,0.416708,17.1547,0.639577,0.588588,0.457895,0.237386,1303
T-CAM-D,69,4.5,1000,30000,0.548644,0.653407,77.0413,0.693072,0.685083,0.686379,0.590731,1303
T-CAM-D,69,4.5,1000,300000,0.507483,0.591468,61.7618,0.632383,0.628604,0.633671,0.555508,1303
T-CAM-D,69,4.5,3000,30000,0.461266,0.555149,69.0405,0.656373,0.629152,0.57767,0.402245,1303
T-CAM-D,69,4.5,3000,300000,0.424804,0.503733,58.0439,0.595718,0.575031,0.533632,0.380818,1303
T-CAM-D,69,4.5,8000,30000,0.378896,0.455744,56.5129,0.599581,0.556856,0.455716,0.244917,1303
T-CAM-D,69,4.5,8000,300000,0.35072,0.416708,48.5274,0.546888,0.511708,0.424702,0.236347,1303
T-CAM-D,69,5,1000,30000,0.429562,0.653407,164.613,0.463546,0.472331,0.542323,0.580907,1303
T-CAM-D,69,5,1000,300000,0.406436,0.591468,136.071,0.43771,0.446634,0.510052,0.546942,1303
T-CAM-D,69,5,3000,30000,0.34248,0.555149,156.395,0.416957,0.416041,0.452158,0.395711,1303
T-CAM-D,69,5,3000,300000,0.321533,0.503733,133.988,0.38791,0.388435,0.422704,0.374932,1303
T-CAM-D,69,5,8000,30000,0.276605,0.455744,131.736,0.385115,0.3728,0.362436,0.241644,1303
T-CAM-D,69,5,8000,300000,0.260441,0.416708,114.918,0.357965,0.348134,0.3407,0.23332,1303
T-CAM-C,70,3,1000,30000,0.649099,0.653407,3.16794,0.901456,0.865733,0.780604,0.595795,3236
T-CAM-C,70,3,1000,300000,0.588106,0.591468,2.47234,0.798859,0.775483,0.712305,0.559891,3236
T-CAM-C,70,3,3000,30000,0.551487,0.555149,2.69289,0.84845,0.790298,0.653436,0.405532,3236
T-CAM-C,70,3,3000,300000,0.5007,0.503733,2.23065,0.756767,0.712138,0.599629,0.38377,3236
T-CAM-C,70,3,8000,30000,0.452807,0.455744,2.15933,0.761443,0.688211,0.509719,0.246559,3236
T-CAM-C,70,3,8000,300000,0.414217,0.416708,1.8323,0.68554,0.625803,0.472806,0.237862,3236
T-CAM-C,70,4,1000,30000,0.61374,0.653407,29.1707,0.827111,0.800445,0.748756,0.595074,3236
T-CAM-C,70,4,1000,300000,0.560218,0.591468,22.9806,0.740522,0.723168,0.68592,0.559271,3236
T-CAM-C,70,4,3000,30000,0.520765,0.555149,25.2859,0.782576,0.734084,0.62836,0.405092,3236
T-CAM-C,70,4,3000,300000,0.475108,0.503733,21.0507,0.702083,0.664688,0.577867,0.383376,3236
T-CAM-C,70,4,8000,30000,0.427961,0.455744,20.4311,0.706867,0.643098,0.492019,0.246375,3236
T-CAM-C,70,4,8000,300000,0.393039,0.416708,17.4061,0.639165,0.586865,0.457083,0.237693,3236
T-CAM-C,70,4.5,1000,30000,0.547873,0.653407,77.6085,0.691673,0.678717,0.682206,0.593377,3236
T-CAM-C,70,4.5,1000,300000,0.506867,0.591468,62.2145,0.631233,0.623302,0.630154,0.557807,3236
T-CAM-C,70,4.5,3000,30000,0.460318,0.555149,69.7376,0.655006,0.623165,0.57418,0.404051,3236
T-CAM-C,70,4.5,3000,300000,0.424008,0.503733,58.6292,0.594553,0.569869,0.53058,0.382444,3236
T-CAM-C,70,4.5,8000,30000,0.377953,0.455744,57.2064,0.598402,0.551867,0.453163,0.245939,3236
T-CAM-C,70,4.5,8000,300000,0.349907,0.416708,49.125,0.545865,0.507329,0.422421,0.237292,3236
T-CAM-C,70,5,1000,30000,0.429866,0.653407,164.389,0.461691,0.463302,0.534354,0.588304,3236
T-CAM-C,70,5,1000,300000,0.406662,0.591468,135.905,0.436086,0.43868,0.503095,0.553418,3236
T-CAM-C,70,5,3000,30000,0.341855,0.555149,156.855,0.414908,0.406484,0.444829,0.400908,3236
T-CAM-C,70,5,3000,300000,0.320987,0.503733,134.39,0.386097,0.37992,0.416169,0.379628,3236
T-CAM-C,70,5,8000,30000,0.275467,0.455744,132.574,0.383216,0.364266,0.356779,0.244636,3236
T-CAM-C,70,5,8000,300000,0.259436,0.416708,115.656,0.356265,0.340444,0.335574,0.236093,3236
T-CAM-D,70,3,1000,30000,0.648818,0.653407,3.37429,0.901452,0.865673,0.779586,0.595525,3236
T-CAM-D,70,3,1000,300000,0.587871,0.591468,2.64514,0.798856,0.775435,0.711465,0.559658,3236
T-CAM-D,70,3,3000,30000,0.551277,0.555149,2.84732,0.848446,0.790247,0.652642,0.405351,3236
T-CAM-D,70,3,3000,300000,0.500516,0.503733,2.36579,0.756764,0.712095,0.598941,0.383607,3236
T-CAM-D,70,3,8000,30000,0.452668,0.455744,2.26202,0.76144,0.688171,0.50916,0.246457,3236
T-CAM-D,70,3,8000,300000,0.414092,0.416708,1.92425,0.685538,0.625768,0.47231,0.237768,3236
T-CAM-D,70,4,1000,30000,0.611117,0.653407,31.0994,0.827073,0.79993,0.739523,0.592458,3236
T-CAM-D,70,4,1000,300000,0.558008,0.591468,24.6058,0.740492,0.722752,0.678234,0.557001,3236
T-CAM-D,70,4,3000,30000,0.518772,0.555149,26.7511,0.782542,0.733633,0.620981,0.403318,3236
T-CAM-D,70,4,3000,300000,0.473359,0.503733,22.3373,0.702055,0.664305,0.571448,0.38178,3236
T-CAM-D,70,4,8000,30000,0.426628,0.455744,21.4112,0.706839,0.642734,0.486765,0.245374,3236
T-CAM-D,70,4,8000,300000,0.391842,0.416708,18.2861,0.639141,0.586549,0.452409,0.236768,3236
T-CAM-D,70,4.5,1000,30000,0.54071,0.653407,82.876,0.691592,0.677562,0.658708,0.585645,3236
T-CAM-D,70,4.5,1000,300000,0.500757,0.591468,66.7077,0.631166,0.622339,0.610252,0.551072,3236
T-CAM-D,70,4.5,3000,30000,0.454714,0.555149,73.8591,0.654926,0.622076,0.554441,0.398724,3236
T-CAM-D,70,4.5,3000,300000,0.419054,0.503733,62.2722,0.594486,0.56893,0.513258,0.377641,3236
T-CAM-D,70,4.5,8000,30000,0.374158,0.455744,59.9973,0.598334,0.550959,0.438759,0.242908,3236
T-CAM-D,70,4.5,8000,300000,0.346481,0.416708,51.6445,0.545805,0.506531,0.409521,0.234487,3236
T-CAM-D,70,5,1000,30000,0.414181,0.653407,175.924,0.461584,0.461685,0.49218,0.568224,3236
T-CAM-D,70,5,1000,300000,0.392947,0.591468,145.99,0.435993,0.437252,0.466003,0.535725,3236
T-CAM-D,70,5,3000,30000,0.328864,0.555149,166.408,0.41479,0.40477,0.405584,0.386476,3236
T-CAM-D,70,5,3000,300000,0.309339,0.503733,142.956,0.385992,0.37839,0.381017,0.366545,3236
T-CAM-D,70,5,8000,30000,0.266425,0.455744,139.223,0.383106,0.362732,0.326377,0.236213,3236
T-CAM-D,70,5,8000,300000,0.251177,0.416708,121.73,0.356167,0.33906,0.307925,0.22827,3236
