treatment,draw,log_b,r_um,dust_ppb,bba,bba_clean,absorbed_algal_W,B2,B3,B4,B8,posterior_index
T-B3-C,24,3,1000,30000,0.650391,0.653407,2.21737,0.902426,0.87179,0.782878,0.595878,2007
T-B3-C,24,3,1000,300000,0.589146,0.591468,1.7074,0.799617,0.780294,0.714181,0.559963,2007
T-B3-C,24,3,3000,30000,0.552549,0.555149,1.91215,0.849287,0.795399,0.655211,0.405588,2007
T-B3-C,24,3,3000,300000,0.501601,0.503733,1.5683,0.757461,0.716424,0.601166,0.38382,2007
T-B3-C,24,3,8000,30000,0.453621,0.455744,1.56078,0.762128,0.692266,0.510971,0.246591,2007
T-B3-C,24,3,8000,300000,0.414923,0.416708,1.31294,0.686122,0.629291,0.473916,0.237891,2007
T-B3-C,24,4,1000,30000,0.625584,0.653407,20.4605,0.835394,0.855218,0.77021,0.595903,2007
T-B3-C,24,4,1000,300000,0.569838,0.591468,15.9068,0.747102,0.767122,0.703702,0.559988,2007
T-B3-C,24,4,3000,30000,0.530693,0.555149,17.9851,0.790003,0.781357,0.64535,0.40565,2007
T-B3-C,24,4,3000,300000,0.483571,0.503733,14.8268,0.708296,0.704621,0.592611,0.383878,2007
T-B3-C,24,4,8000,30000,0.435632,0.455744,14.7901,0.713038,0.681055,0.504088,0.246689,2007
T-B3-C,24,4,8000,300000,0.399721,0.416708,12.4923,0.644442,0.619646,0.467802,0.237983,2007
T-B3-C,24,4.5,1000,30000,0.578978,0.653407,54.7342,0.710411,0.818178,0.741666,0.595963,2007
T-B3-C,24,4.5,1000,300000,0.532574,0.591468,43.3102,0.646608,0.737465,0.679966,0.560048,2007
T-B3-C,24,4.5,3000,30000,0.487406,0.555149,49.8176,0.673052,0.749408,0.622772,0.4058,2007
T-B3-C,24,4.5,3000,300000,0.447326,0.503733,41.4815,0.609921,0.677663,0.572974,0.384017,2007
T-B3-C,24,4.5,8000,30000,0.399214,0.455744,41.5711,0.61387,0.655363,0.48821,0.246925,2007
T-B3-C,24,4.5,8000,300000,0.368574,0.416708,35.397,0.559283,0.597479,0.453672,0.238203,2007
T-B3-C,24,5,1000,30000,0.49288,0.653407,118.049,0.488402,0.721783,0.665656,0.596154,2007
T-B3-C,24,5,1000,300000,0.460492,0.591468,96.3187,0.459366,0.658872,0.615931,0.560238,2007
T-B3-C,24,5,3000,30000,0.400533,0.555149,113.703,0.443873,0.662529,0.560241,0.406272,2007
T-B3-C,24,5,3000,300000,0.372514,0.503733,96.4973,0.411669,0.603641,0.518229,0.384459,2007
T-B3-C,24,5,8000,30000,0.323043,0.455744,97.587,0.409753,0.584182,0.443365,0.247679,2007
T-B3-C,24,5,8000,300000,0.301904,0.416708,84.4255,0.379967,0.535584,0.413566,0.238908,2007
T-B3-D,24,3,1000,30000,0.649125,0.653407,3.14833,0.901993,0.86747,0.779892,0.595447,2007
T-B3-D,24,3,1000,300000,0.588114,0.591468,2.46647,0.799278,0.776863,0.711717,0.55959,2007
T-B3-D,24,3,3000,30000,0.551539,0.555149,2.65455,0.848914,0.791763,0.652882,0.405298,2007
T-B3-D,24,3,3000,300000,0.500736,0.503733,2.20428,0.757151,0.71337,0.599149,0.383559,2007
T-B3-D,24,3,8000,30000,0.452879,0.455744,2.10691,0.761823,0.689377,0.509329,0.246428,2007
T-B3-D,24,3,8000,300000,0.414273,0.416708,1.79112,0.685863,0.626806,0.47246,0.237741,2007
T-B3-D,24,4,1000,30000,0.61375,0.653407,29.1629,0.831645,0.815463,0.742275,0.591711,2007
T-B3-D,24,4,1000,300000,0.560123,0.591468,23.0511,0.744124,0.735277,0.680523,0.556353,2007
T-B3-D,24,4,3000,30000,0.521107,0.555149,25.0341,0.786658,0.74721,0.623192,0.402809,2007
T-B3-D,24,4,3000,300000,0.47533,0.503733,20.8873,0.705497,0.675802,0.57337,0.381321,2007
T-B3-D,24,4,8000,30000,0.428538,0.455744,20.0069,0.710266,0.653698,0.48835,0.245086,2007
T-B3-D,24,4,8000,300000,0.393491,0.416708,17.0734,0.64207,0.596036,0.453818,0.236502,2007
T-B3-D,24,4.5,1000,30000,0.546684,0.653407,78.4829,0.701709,0.713495,0.665595,0.583553,2007
T-B3-D,24,4.5,1000,300000,0.505697,0.591468,63.0754,0.639483,0.65215,0.61609,0.549241,2007
T-B3-D,24,4.5,3000,30000,0.460422,0.555149,69.6616,0.664748,0.655683,0.560277,0.397257,2007
T-B3-D,24,4.5,3000,300000,0.423951,0.503733,58.671,0.602856,0.597831,0.51838,0.376315,2007
T-B3-D,24,4.5,8000,30000,0.378989,0.455744,56.4445,0.606786,0.578927,0.443054,0.242065,2007
T-B3-D,24,4.5,8000,300000,0.350705,0.416708,48.538,0.553141,0.531028,0.413367,0.233706,2007
T-B3-D,24,5,1000,30000,0.422545,0.653407,169.773,0.475414,0.514998,0.504109,0.563518,2007
T-B3-D,24,5,1000,300000,0.400271,0.591468,140.604,0.448093,0.483955,0.476524,0.531526,2007
T-B3-D,24,5,3000,30000,0.338023,0.555149,159.672,0.429928,0.46079,0.416816,0.382946,2007
T-B3-D,24,5,3000,300000,0.31746,0.503733,136.984,0.399387,0.428128,0.391093,0.363324,2007
T-B3-D,24,5,8000,30000,0.274817,0.455744,133.052,0.39707,0.41253,0.335176,0.234099,2007
T-B3-D,24,5,8000,300000,0.258706,0.416708,116.193,0.36866,0.383801,0.315935,0.226298,2007
T-B3-C,25,3,1000,30000,0.650108,0.653407,2.42548,0.901721,0.870016,0.782865,0.595878,3423
T-B3-C,25,3,1000,300000,0.588923,0.591468,1.87153,0.799066,0.778888,0.714171,0.559963,3423
T-B3-C,25,3,3000,30000,0.552308,0.555149,2.08904,0.848679,0.793902,0.655201,0.405588,3423
T-B3-C,25,3,3000,300000,0.5014,0.503733,1.71612,0.756957,0.715168,0.601157,0.38382,3423
T-B3-C,25,3,8000,30000,0.453428,0.455744,1.70293,0.76163,0.691073,0.510964,0.246591,3423
T-B3-C,25,3,8000,300000,0.414757,0.416708,1.43454,0.685699,0.628265,0.47391,0.237891,3423
T-B3-C,25,4,1000,30000,0.623019,0.653407,22.3467,0.82934,0.838584,0.770088,0.595903,3423
T-B3-C,25,4,1000,300000,0.567793,0.591468,17.4104,0.742297,0.753842,0.703601,0.559988,3423
T-B3-C,25,4,3000,30000,0.528461,0.555149,19.6263,0.784582,0.767102,0.645254,0.40565,3423
T-B3-C,25,4,3000,300000,0.481696,0.503733,16.2062,0.703764,0.692615,0.592528,0.383878,3423
T-B3-C,25,4,8000,30000,0.433822,0.455744,16.1209,0.708538,0.669614,0.50402,0.246689,3423
T-B3-C,25,4,8000,300000,0.398166,0.416708,13.636,0.640595,0.609791,0.467742,0.237983,3423
T-B3-C,25,4.5,1000,30000,0.572383,0.653407,59.5837,0.69658,0.772642,0.741303,0.595962,3423
T-B3-C,25,4.5,1000,300000,0.527211,0.591468,47.2542,0.635278,0.700599,0.679664,0.560047,3423
T-B3-C,25,4.5,3000,30000,0.481413,0.555149,54.2248,0.659772,0.709064,0.622482,0.405799,3423
T-B3-C,25,4.5,3000,300000,0.442233,0.503733,45.2268,0.598623,0.643432,0.572722,0.384017,3423
T-B3-C,25,4.5,8000,30000,0.394266,0.455744,45.21,0.602508,0.622532,0.488003,0.246925,3423
T-B3-C,25,4.5,8000,300000,0.364283,0.416708,38.553,0.549434,0.56903,0.453489,0.238203,3423
T-B3-C,25,5,1000,30000,0.480082,0.653407,127.461,0.468316,0.623645,0.664697,0.59615,3423
T-B3-C,25,5,1000,300000,0.449695,0.591468,104.258,0.441906,0.576821,0.615123,0.560235,3423
T-B3-C,25,5,3000,30000,0.387998,0.555149,122.921,0.422169,0.56886,0.559445,0.406269,3423
T-B3-C,25,5,3000,300000,0.361626,0.503733,104.504,0.39254,0.522717,0.517532,0.384457,3423
T-B3-C,25,5,8000,30000,0.312294,0.455744,105.491,0.389926,0.505262,0.442785,0.247678,3423
T-B3-C,25,5,8000,300000,0.292412,0.416708,91.4064,0.362282,0.466197,0.413048,0.238906,3423
T-B3-D,25,3,1000,30000,0.648465,0.653407,3.6342,0.901517,0.865728,0.778315,0.595139,3423
T-B3-D,25,3,1000,300000,0.587574,0.591468,2.86355,0.798907,0.775479,0.710415,0.559323,3423
T-B3-D,25,3,3000,30000,0.551015,0.555149,3.04017,0.848503,0.790294,0.651651,0.40509,3423
T-B3-D,25,3,3000,300000,0.500286,0.503733,2.53509,0.75681,0.712135,0.598082,0.383372,3423
T-B3-D,25,3,8000,30000,0.452496,0.455744,2.38817,0.761486,0.688209,0.508462,0.246311,3423
T-B3-D,25,3,8000,300000,0.413937,0.416708,2.0376,0.685577,0.625801,0.471691,0.237633,3423
T-B3-D,25,4,1000,30000,0.607919,0.653407,33.4509,0.827619,0.800398,0.728289,0.588862,3423
T-B3-D,25,4,1000,300000,0.555299,0.591468,26.5979,0.740926,0.723129,0.668858,0.553873,3423
T-B3-D,25,4,3000,30000,0.516342,0.555149,28.5383,0.783034,0.734047,0.611943,0.400852,3423
T-B3-D,25,4,3000,300000,0.471217,0.503733,23.9123,0.702466,0.664655,0.563576,0.379558,3423
T-B3-D,25,4,8000,30000,0.425021,0.455744,22.593,0.70725,0.643072,0.480312,0.243975,3423
T-B3-D,25,4,8000,300000,0.390394,0.416708,19.3513,0.639492,0.586841,0.446661,0.235474,3423
T-B3-D,25,4.5,1000,30000,0.532591,0.653407,88.8462,0.692786,0.678603,0.631553,0.575986,3423
T-B3-D,25,4.5,1000,300000,0.493767,0.591468,71.8484,0.632151,0.623204,0.587115,0.542585,3423
T-B3-D,25,4.5,3000,30000,0.448245,0.555149,78.6165,0.656087,0.623069,0.531248,0.391856,3423
T-B3-D,25,4.5,3000,300000,0.413305,0.503733,66.5,0.595477,0.569784,0.492842,0.371423,3423
T-B3-D,25,4.5,8000,30000,0.369779,0.455744,63.2179,0.599337,0.551795,0.421692,0.238932,3423
T-B3-D,25,4.5,8000,300000,0.342508,0.416708,54.5659,0.546677,0.507264,0.394198,0.230797,3423
T-B3-D,25,5,1000,30000,0.399511,0.653407,186.712,0.463202,0.463113,0.448368,0.548548,3423
T-B3-D,25,5,1000,300000,0.379882,0.591468,155.598,0.437417,0.438509,0.427059,0.518031,3423
T-B3-D,25,5,3000,30000,0.316073,0.555149,175.814,0.416553,0.406306,0.363828,0.371354,3423
T-B3-D,25,5,3000,300000,0.29776,0.503733,151.471,0.387559,0.379757,0.343385,0.352693,3423
T-B3-D,25,5,8000,30000,0.25728,0.455744,145.948,0.384736,0.364122,0.293466,0.227,3423
T-B3-D,25,5,8000,300000,0.242765,0.416708,127.916,0.35763,0.34031,0.277856,0.219651,3423
T-B3-C,26,3,1000,30000,0.650391,0.653407,2.21778,0.902439,0.871769,0.782877,0.595878,807
T-B3-C,26,3,1000,300000,0.589146,0.591468,1.70775,0.799627,0.780278,0.71418,0.559963,807
T-B3-C,26,3,3000,30000,0.552549,0.555149,1.91245,0.849298,0.795381,0.65521,0.405588,807
T-B3-C,26,3,3000,300000,0.5016,0.503733,1.56857,0.75747,0.716409,0.601165,0.38382,807
T-B3-C,26,3,8000,30000,0.453621,0.455744,1.56097,0.762137,0.692252,0.51097,0.246591,807
T-B3-C,26,3,8000,300000,0.414923,0.416708,1.31312,0.686129,0.629278,0.473915,0.237891,807
T-B3-C,26,4,1000,30000,0.625577,0.653407,20.4659,0.835502,0.855012,0.770201,0.595903,807
T-B3-C,26,4,1000,300000,0.569831,0.591468,15.9112,0.747187,0.766958,0.703695,0.559988,807
T-B3-C,26,4,3000,30000,0.530687,0.555149,17.989,0.790101,0.781183,0.645343,0.40565,807
T-B3-C,26,4,3000,300000,0.483567,0.503733,14.8302,0.708377,0.704474,0.592605,0.383878,807
T-B3-C,26,4,8000,30000,0.435628,0.455744,14.7927,0.713119,0.680916,0.504083,0.246689,807
T-B3-C,26,4,8000,300000,0.399718,0.416708,12.4947,0.644511,0.619526,0.467798,0.237983,807
T-B3-C,26,4.5,1000,30000,0.578946,0.653407,54.7575,0.710658,0.817583,0.74164,0.595963,807
T-B3-C,26,4.5,1000,300000,0.532548,0.591468,43.3288,0.64681,0.736987,0.679944,0.560048,807
T-B3-C,26,4.5,3000,30000,0.487383,0.555149,49.8347,0.67329,0.748893,0.622751,0.4058,807
T-B3-C,26,4.5,3000,300000,0.447306,0.503733,41.496,0.610123,0.677227,0.572955,0.384017,807
T-B3-C,26,4.5,8000,30000,0.399198,0.455744,41.5828,0.614074,0.654948,0.488195,0.246925,807
T-B3-C,26,4.5,8000,300000,0.36856,0.416708,35.4073,0.55946,0.597121,0.453659,0.238203,807
T-B3-C,26,5,1000,30000,0.49276,0.653407,118.138,0.488762,0.720316,0.665587,0.596153,807
T-B3-C,26,5,1000,300000,0.460395,0.591468,96.3897,0.459678,0.657666,0.615873,0.560238,807
T-B3-C,26,5,3000,30000,0.400435,0.555149,113.775,0.444263,0.661189,0.560184,0.406272,807
T-B3-C,26,5,3000,300000,0.372432,0.503733,96.5578,0.412011,0.602495,0.518179,0.384459,807
T-B3-C,26,5,8000,30000,0.32297,0.455744,97.6402,0.410109,0.583079,0.443323,0.247679,807
T-B3-C,26,5,8000,300000,0.301842,0.416708,84.4714,0.380284,0.534621,0.413529,0.238907,807
T-B3-D,26,3,1000,30000,0.648864,0.653407,3.34054,0.901881,0.866705,0.779241,0.595331,807
T-B3-D,26,3,1000,300000,0.5879,0.591468,2.62377,0.79919,0.776255,0.71118,0.55949,807
T-B3-D,26,3,3000,30000,0.551332,0.555149,2.80683,0.848817,0.791118,0.652374,0.40522,807
T-B3-D,26,3,3000,300000,0.500558,0.503733,2.33507,0.757071,0.712827,0.598709,0.383489,807
T-B3-D,26,3,8000,30000,0.452728,0.455744,2.21774,0.761744,0.688864,0.508971,0.246384,807
T-B3-D,26,3,8000,300000,0.41414,0.416708,1.88838,0.685795,0.626365,0.472143,0.2377,807
T-B3-D,26,4,1000,30000,0.611415,0.653407,30.8803,0.830686,0.80878,0.736443,0.590629,807
T-B3-D,26,4,1000,300000,0.55819,0.591468,24.4719,0.743361,0.729893,0.675664,0.555412,807
T-B3-D,26,4,3000,30000,0.519208,0.555149,26.4311,0.785798,0.741387,0.618513,0.402068,807
T-B3-D,26,4,3000,300000,0.473689,0.503733,22.094,0.704777,0.670873,0.569299,0.380654,807
T-B3-D,26,4,8000,30000,0.42714,0.455744,21.0345,0.709551,0.649003,0.48501,0.244666,807
T-B3-D,26,4,8000,300000,0.392259,0.416708,17.9793,0.641459,0.591975,0.450845,0.236113,807
T-B3-D,26,4.5,1000,30000,0.540901,0.653407,82.7357,0.699546,0.697728,0.651106,0.580603,807
T-B3-D,26,4.5,1000,300000,0.500809,0.591468,66.6696,0.637706,0.639101,0.603788,0.546652,807
T-B3-D,26,4.5,3000,30000,0.45547,0.555149,73.3031,0.662664,0.641033,0.548001,0.395169,807
T-B3-D,26,4.5,3000,300000,0.419624,0.503733,61.8531,0.60108,0.585249,0.507594,0.374426,807
T-B3-D,26,4.5,8000,30000,0.375264,0.455744,59.184,0.605,0.566776,0.434048,0.24086,807
T-B3-D,26,4.5,8000,300000,0.34739,0.416708,50.9758,0.551591,0.520396,0.405294,0.232588,807
T-B3-D,26,5,1000,30000,0.412613,0.653407,177.077,0.472357,0.490737,0.479404,0.557325,807
T-B3-D,26,5,1000,300000,0.391512,0.591468,147.046,0.445424,0.462784,0.454687,0.525969,807
T-B3-D,26,5,3000,30000,0.328675,0.555149,166.547,0.42661,0.435492,0.393529,0.378215,807
T-B3-D,26,5,3000,300000,0.309084,0.503733,143.143,0.396454,0.405719,0.370176,0.358996,807
T-B3-D,26,5,8000,30000,0.267416,0.455744,138.494,0.394028,0.390168,0.316961,0.231231,807
T-B3-D,26,5,8000,300000,0.251987,0.416708,121.134,0.365941,0.363747,0.299335,0.223617,807
T-B3-C,27,3,1000,30000,0.650811,0.653407,1.90905,0.904194,0.87302,0.782883,0.595878,1817
T-B3-C,27,3,1000,300000,0.589474,0.591468,1.46659,0.800994,0.78127,0.714186,0.559963,1817
T-B3-C,27,3,3000,30000,0.552909,0.555149,1.64741,0.850815,0.796436,0.655215,0.405588,1817
T-B3-C,27,3,3000,300000,0.501899,0.503733,1.34877,0.758725,0.717295,0.601169,0.38382,1817
T-B3-C,27,3,8000,30000,0.453914,0.455744,1.34539,0.76338,0.693094,0.510974,0.246591,1817
T-B3-C,27,3,8000,300000,0.415172,0.416708,1.12998,0.687183,0.630002,0.473919,0.237891,1817
T-B3-C,27,4,1000,30000,0.629362,0.653407,17.6823,0.850926,0.867148,0.770265,0.595903,1817
T-B3-C,27,4,1000,300000,0.572824,0.591468,13.7106,0.759368,0.776608,0.703747,0.559989,1817
T-B3-C,27,4,3000,30000,0.534017,0.555149,15.5401,0.803852,0.791498,0.645393,0.405651,1817
T-B3-C,27,4,3000,300000,0.486346,0.503733,12.7863,0.719837,0.713143,0.592648,0.383878,1817
T-B3-C,27,4,8000,30000,0.438363,0.455744,12.7817,0.724528,0.689175,0.504118,0.246689,1817
T-B3-C,27,4,8000,300000,0.402053,0.416708,10.7775,0.654237,0.62663,0.467829,0.237983,1817
T-B3-C,27,4.5,1000,30000,0.588613,0.653407,47.6486,0.747677,0.853298,0.741828,0.595964,1817
T-B3-C,27,4.5,1000,300000,0.540357,0.591468,37.5862,0.67686,0.765592,0.6801,0.560049,1817
T-B3-C,27,4.5,3000,30000,0.496266,0.555149,43.3018,0.708311,0.779789,0.622901,0.4058,1817
T-B3-C,27,4.5,3000,300000,0.454812,0.503733,35.976,0.639755,0.70329,0.573086,0.384018,1817
T-B3-C,27,4.5,8000,30000,0.40663,0.455744,36.1175,0.643882,0.679865,0.488302,0.246925,1817
T-B3-C,27,4.5,8000,300000,0.37497,0.416708,30.6936,0.585182,0.618613,0.453754,0.238203,1817
T-B3-C,27,5,1000,30000,0.511595,0.653407,104.287,0.549111,0.812021,0.666086,0.596156,1817
T-B3-C,27,5,1000,300000,0.476178,0.591468,84.7832,0.511295,0.732557,0.616292,0.56024,1817
T-B3-C,27,5,3000,30000,0.418976,0.555149,100.141,0.507628,0.744301,0.560598,0.406273,1817
T-B3-C,27,5,3000,300000,0.388458,0.503733,84.7721,0.467323,0.673339,0.518541,0.38446,1817
T-B3-C,27,5,8000,30000,0.339042,0.455744,85.8212,0.467096,0.651463,0.443624,0.24768,1817
T-B3-C,27,5,8000,300000,0.31597,0.416708,74.0816,0.43072,0.594099,0.413798,0.238908,1817
T-B3-D,27,3,1000,30000,0.650108,0.653407,2.42599,0.903571,0.870407,0.781535,0.595698,1817
T-B3-D,27,3,1000,300000,0.588905,0.591468,1.88497,0.800507,0.779195,0.713073,0.559808,1817
T-B3-D,27,3,3000,30000,0.552341,0.555149,2.06515,0.850278,0.794238,0.654164,0.405467,1817
T-B3-D,27,3,3000,300000,0.501415,0.503733,1.70458,0.75828,0.715449,0.600259,0.383711,1817
T-B3-D,27,3,8000,30000,0.453488,0.455744,1.65902,0.762941,0.691347,0.510233,0.246523,1817
T-B3-D,27,3,8000,300000,0.4148,0.416708,1.40303,0.68681,0.6285,0.473262,0.237829,1817
T-B3-D,27,4,1000,30000,0.622639,0.653407,22.6265,0.845287,0.842078,0.757401,0.594126,1817
T-B3-D,27,4,1000,300000,0.567356,0.591468,17.7316,0.754918,0.756625,0.693094,0.558449,1817
T-B3-D,27,4,3000,30000,0.528528,0.555149,19.5769,0.798873,0.770191,0.635242,0.404451,1817
T-B3-D,27,4,3000,300000,0.481658,0.503733,16.2336,0.715687,0.695208,0.583843,0.382799,1817
T-B3-D,27,4,8000,30000,0.434226,0.455744,15.824,0.720418,0.672167,0.496926,0.246014,1817
T-B3-D,27,4,8000,300000,0.398443,0.416708,13.4317,0.650732,0.611982,0.461443,0.237359,1817
T-B3-D,27,4.5,1000,30000,0.569353,0.653407,61.812,0.733355,0.781212,0.705321,0.590501,1817
T-B3-D,27,4.5,1000,300000,0.524537,0.591468,49.2204,0.665303,0.707594,0.649599,0.555308,1817
T-B3-D,27,4.5,3000,30000,0.480203,0.555149,55.1145,0.695036,0.717109,0.593327,0.402087,1817
T-B3-D,27,4.5,3000,300000,0.44102,0.503733,46.1189,0.628554,0.650273,0.547318,0.380676,1817
T-B3-D,27,4.5,8000,30000,0.394425,0.455744,45.093,0.632697,0.629358,0.467078,0.244828,1817
T-B3-D,27,4.5,8000,300000,0.364274,0.416708,38.5596,0.575549,0.574947,0.434847,0.236264,1817
T-B3-D,27,5,1000,30000,0.46468,0.653407,138.788,0.522944,0.637289,0.580799,0.58029,1817
T-B3-D,27,5,1000,300000,0.436765,0.591468,113.767,0.489194,0.588618,0.543438,0.546399,1817
T-B3-D,27,5,3000,30000,0.377946,0.555149,130.313,0.480953,0.583517,0.486887,0.395272,1817
T-B3-D,27,5,3000,300000,0.35277,0.503733,111.017,0.444207,0.535584,0.453572,0.374534,1817
T-B3-D,27,5,8000,30000,0.307233,0.455744,109.214,0.443535,0.51857,0.388888,0.241389,1817
T-B3-D,27,5,8000,300000,0.287791,0.416708,94.8045,0.409987,0.478022,0.364615,0.233084,1817
T-B3-C,28,3,1000,30000,0.650771,0.653407,1.9385,0.904019,0.872949,0.782883,0.595878,2165
T-B3-C,28,3,1000,300000,0.589443,0.591468,1.48947,0.800857,0.781214,0.714185,0.559963,2165
T-B3-C,28,3,3000,30000,0.552874,0.555149,1.6728,0.850664,0.796377,0.655215,0.405588,2165
T-B3-C,28,3,3000,300000,0.501871,0.503733,1.36974,0.7586,0.717245,0.601169,0.38382,2165
T-B3-C,28,3,8000,30000,0.453886,0.455744,1.36615,0.763256,0.693047,0.510974,0.246591,2165
T-B3-C,28,3,8000,300000,0.415148,0.416708,1.14755,0.687078,0.629961,0.473918,0.237891,2165
T-B3-C,28,4,1000,30000,0.629003,0.653407,17.9458,0.849369,0.866453,0.770261,0.595903,2165
T-B3-C,28,4,1000,300000,0.572542,0.591468,13.9181,0.758142,0.776056,0.703745,0.559989,2165
T-B3-C,28,4,3000,30000,0.5337,0.555149,15.7734,0.802466,0.79091,0.64539,0.405651,2165
T-B3-C,28,4,3000,300000,0.486082,0.503733,12.9803,0.718684,0.712649,0.592646,0.383878,2165
T-B3-C,28,4,8000,30000,0.438101,0.455744,12.9744,0.723378,0.688705,0.504116,0.246689,2165
T-B3-C,28,4,8000,300000,0.40183,0.416708,10.9415,0.653259,0.626225,0.467828,0.237983,2165
T-B3-C,28,4.5,1000,30000,0.587709,0.653407,48.3131,0.743864,0.851179,0.741819,0.595964,2165
T-B3-C,28,4.5,1000,300000,0.539629,0.591468,38.1215,0.673777,0.763904,0.680092,0.560049,2165
T-B3-C,28,4.5,3000,30000,0.495429,0.555149,43.9175,0.704725,0.777978,0.622893,0.4058,2165
T-B3-C,28,4.5,3000,300000,0.454107,0.503733,36.4949,0.636728,0.701767,0.573079,0.384018,2165
T-B3-C,28,4.5,8000,30000,0.405925,0.455744,36.6361,0.640835,0.678411,0.488296,0.246925,2165
T-B3-C,28,4.5,8000,300000,0.374364,0.416708,31.1397,0.582558,0.617362,0.453749,0.238203,2165
T-B3-C,28,5,1000,30000,0.50986,0.653407,105.563,0.542571,0.806064,0.66606,0.596156,2165
T-B3-C,28,5,1000,300000,0.474728,0.591468,85.8496,0.505745,0.727753,0.616271,0.56024,2165
T-B3-C,28,5,3000,30000,0.417259,0.555149,101.403,0.500852,0.739056,0.560576,0.406273,2165
T-B3-C,28,5,3000,300000,0.386977,0.503733,85.8616,0.461435,0.668899,0.518522,0.38446,2165
T-B3-C,28,5,8000,30000,0.337544,0.455744,86.923,0.461042,0.647201,0.443609,0.24768,2165
T-B3-C,28,5,8000,300000,0.314655,0.416708,75.0486,0.425382,0.590414,0.413784,0.238908,2165
T-B3-D,28,3,1000,30000,0.649918,0.653407,2.56521,0.9033,0.869803,0.781214,0.595652,2165
T-B3-D,28,3,1000,300000,0.588752,0.591468,1.99708,0.800296,0.778717,0.712809,0.559768,2165
T-B3-D,28,3,3000,30000,0.552187,0.555149,2.17866,0.850044,0.79373,0.653914,0.405437,2165
T-B3-D,28,3,3000,300000,0.501284,0.503733,1.80085,0.758086,0.715022,0.600042,0.383684,2165
T-B3-D,28,3,8000,30000,0.45337,0.455744,1.74523,0.762749,0.690943,0.510057,0.246505,2165
T-B3-D,28,3,8000,300000,0.414699,0.416708,1.47775,0.686648,0.628152,0.473105,0.237813,2165
T-B3-D,28,4,1000,30000,0.620891,0.653407,23.9113,0.842906,0.83648,0.754402,0.59368,2165
T-B3-D,28,4,1000,300000,0.565937,0.591468,18.7755,0.753037,0.752147,0.690606,0.558062,2165
T-B3-D,28,4,3000,30000,0.527077,0.555149,20.6439,0.796751,0.765389,0.632863,0.404149,2165
T-B3-D,28,4,3000,300000,0.480422,0.503733,17.1428,0.713918,0.691159,0.581777,0.382528,2165
T-B3-D,28,4,8000,30000,0.433117,0.455744,16.6398,0.718658,0.668319,0.495236,0.245844,2165
T-B3-D,28,4,8000,300000,0.397478,0.416708,14.1416,0.649231,0.608663,0.459941,0.237202,2165
T-B3-D,28,4.5,1000,30000,0.564712,0.653407,65.2247,0.727643,0.766268,0.697185,0.589179,2165
T-B3-D,28,4.5,1000,300000,0.5207,0.591468,52.0422,0.660664,0.695439,0.642763,0.554157,2165
T-B3-D,28,4.5,3000,30000,0.476207,0.555149,58.053,0.68963,0.703769,0.586632,0.401177,2165
T-B3-D,28,4.5,3000,300000,0.437581,0.503733,48.6478,0.623979,0.638925,0.541468,0.379856,2165
T-B3-D,28,4.5,8000,30000,0.391326,0.455744,47.372,0.628095,0.618485,0.462237,0.24431,2165
T-B3-D,28,4.5,8000,300000,0.361555,0.416708,40.559,0.571578,0.565505,0.430525,0.235786,2165
T-B3-D,28,5,1000,30000,0.45525,0.653407,145.722,0.51376,0.607411,0.563892,0.576833,2165
T-B3-D,28,5,1000,300000,0.428679,0.591468,119.713,0.481317,0.563357,0.5288,0.543355,2165
T-B3-D,28,5,3000,30000,0.369212,0.555149,136.736,0.471252,0.554313,0.47174,0.392791,2165
T-B3-D,28,5,3000,300000,0.34509,0.503733,116.665,0.435727,0.510198,0.440124,0.372285,2165
T-B3-D,28,5,8000,30000,0.300231,0.455744,114.362,0.43479,0.493714,0.377416,0.239943,2165
T-B3-D,28,5,8000,300000,0.281538,0.416708,99.4029,0.402239,0.456064,0.354252,0.23174,2165
T-B3-C,29,3,1000,30000,0.650506,0.653407,2.13321,0.90288,0.872224,0.782879,0.595878,2978
T-B3-C,29,3,1000,300000,0.589236,0.591468,1.64145,0.79997,0.780639,0.714182,0.559963,2978
T-B3-C,29,3,3000,30000,0.552647,0.555149,1.84007,0.849679,0.795765,0.655212,0.405588,2978
T-B3-C,29,3,3000,300000,0.501682,0.503733,1.50837,0.757785,0.716732,0.601166,0.38382,2978
T-B3-C,29,3,8000,30000,0.453701,0.455744,1.5023,0.762449,0.692558,0.510971,0.246591,2978
T-B3-C,29,3,8000,300000,0.414991,0.416708,1.26315,0.686394,0.629542,0.473916,0.237891,2978
T-B3-C,29,4,1000,30000,0.626615,0.653407,19.7022,0.839338,0.859384,0.770222,0.595903,2978
T-B3-C,29,4,1000,300000,0.570655,0.591468,15.3056,0.750223,0.770438,0.703712,0.559988,2978
T-B3-C,29,4,3000,30000,0.531598,0.555149,17.3194,0.793527,0.784909,0.645359,0.40565,2978
T-B3-C,29,4,3000,300000,0.484329,0.503733,14.2699,0.711236,0.707607,0.592619,0.383878,2978
T-B3-C,29,4,8000,30000,0.436373,0.455744,14.2448,0.715962,0.683902,0.504094,0.246689,2978
T-B3-C,29,4,8000,300000,0.400355,0.416708,12.0257,0.646937,0.622096,0.467808,0.237983,2978
T-B3-C,29,4.5,1000,30000,0.581601,0.653407,52.8053,0.719666,0.830151,0.7417,0.595963,2978
T-B3-C,29,4.5,1000,300000,0.534699,0.591468,41.7473,0.654152,0.747087,0.679994,0.560048,2978
T-B3-C,29,4.5,3000,30000,0.489815,0.555149,48.0459,0.681868,0.759854,0.622799,0.4058,2978
T-B3-C,29,4.5,3000,300000,0.449366,0.503733,39.9811,0.617399,0.68649,0.572997,0.384017,2978
T-B3-C,29,4.5,8000,30000,0.401226,0.455744,40.0918,0.621392,0.663817,0.488229,0.246925,2978
T-B3-C,29,4.5,8000,300000,0.370313,0.416708,34.1186,0.565787,0.604782,0.453689,0.238203,2978
T-B3-C,29,5,1000,30000,0.497887,0.653407,114.368,0.50268,0.750658,0.665747,0.596154,2978
T-B3-C,29,5,1000,300000,0.464707,0.591468,93.2186,0.471678,0.682659,0.616007,0.560238,2978
T-B3-C,29,5,3000,30000,0.40549,0.555149,110.058,0.459083,0.689234,0.560316,0.406272,2978
T-B3-C,29,5,3000,300000,0.376812,0.503733,93.3367,0.425009,0.626514,0.518295,0.384459,2978
T-B3-C,29,5,8000,30000,0.327344,0.455744,94.4238,0.423535,0.606358,0.44342,0.247679,2978
T-B3-C,29,5,8000,300000,0.305695,0.416708,81.6379,0.392211,0.554945,0.413615,0.238908,2978
T-B3-D,29,3,1000,30000,0.649026,0.653407,3.22114,0.902116,0.867129,0.779552,0.595388,2978
T-B3-D,29,3,1000,300000,0.588031,0.591468,2.52715,0.799373,0.776592,0.711437,0.559539,2978
T-B3-D,29,3,3000,30000,0.551464,0.555149,2.71031,0.849021,0.791476,0.652617,0.405258,2978
T-B3-D,29,3,3000,300000,0.50067,0.503733,2.25293,0.757239,0.713128,0.598919,0.383523,2978
T-B3-D,29,3,8000,30000,0.452826,0.455744,2.14541,0.761911,0.689149,0.509142,0.246405,2978
T-B3-D,29,3,8000,300000,0.414226,0.416708,1.8255,0.685937,0.62661,0.472294,0.23772,2978
T-B3-D,29,4,1000,30000,0.612844,0.653407,29.829,0.832679,0.812475,0.73922,0.591158,2978
T-B3-D,29,4,1000,300000,0.559363,0.591468,23.61,0.744941,0.73287,0.677979,0.555872,2978
T-B3-D,29,4,3000,30000,0.520398,0.555149,25.5558,0.787593,0.744611,0.620743,0.402431,2978
T-B3-D,29,4,3000,300000,0.474709,0.503733,21.3438,0.706275,0.673603,0.57124,0.38098,2978
T-B3-D,29,4,8000,30000,0.428043,0.455744,20.371,0.711046,0.651606,0.486603,0.244872,2978
T-B3-D,29,4,8000,300000,0.393048,0.416708,17.3992,0.642735,0.594226,0.452263,0.236304,2978
T-B3-D,29,4.5,1000,30000,0.544343,0.653407,80.2046,0.703992,0.706382,0.657951,0.582033,2978
T-B3-D,29,4.5,1000,300000,0.503702,0.591468,64.542,0.641353,0.646269,0.609606,0.547908,2978
T-B3-D,29,4.5,3000,30000,0.458501,0.555149,71.0744,0.666975,0.649097,0.553816,0.396183,2978
T-B3-D,29,4.5,3000,300000,0.422257,0.503733,59.9165,0.604748,0.592178,0.512706,0.375345,2978
T-B3-D,29,4.5,8000,30000,0.377617,0.455744,57.4539,0.608709,0.573478,0.438319,0.241447,2978
T-B3-D,29,4.5,8000,300000,0.349471,0.416708,49.4458,0.554806,0.526262,0.409124,0.233132,2978
T-B3-D,29,5,1000,30000,0.418213,0.653407,172.959,0.478524,0.503867,0.490883,0.560265,2978
T-B3-D,29,5,1000,300000,0.396448,0.591468,143.416,0.450807,0.474258,0.464851,0.528612,2978
T-B3-D,29,5,3000,30000,0.334109,0.555149,162.551,0.433351,0.449233,0.404391,0.380473,2978
T-B3-D,29,5,3000,300000,0.313942,0.503733,139.57,0.402409,0.417902,0.379942,0.361064,2978
T-B3-D,29,5,8000,30000,0.271861,0.455744,135.225,0.40024,0.40235,0.32548,0.232605,2978
T-B3-D,29,5,8000,300000,0.25601,0.416708,118.176,0.37149,0.374679,0.307104,0.224902,2978
T-B3-C,30,3,1000,30000,0.650413,0.653407,2.20146,0.902499,0.871898,0.782878,0.595878,1924
T-B3-C,30,3,1000,300000,0.589163,0.591468,1.69489,0.799674,0.78038,0.714181,0.559963,1924
T-B3-C,30,3,3000,30000,0.552567,0.555149,1.89858,0.84935,0.79549,0.655211,0.405588,1924
T-B3-C,30,3,3000,300000,0.501616,0.503733,1.55698,0.757513,0.716501,0.601166,0.38382,1924
T-B3-C,30,3,8000,30000,0.453636,0.455744,1.54982,0.762179,0.692339,0.510971,0.246591,1924
T-B3-C,30,3,8000,300000,0.414936,0.416708,1.30358,0.686165,0.629353,0.473916,0.237891,1924
T-B3-C,30,4,1000,30000,0.625781,0.653407,20.3156,0.836026,0.856251,0.770216,0.595903,1924
T-B3-C,30,4,1000,300000,0.569994,0.591468,15.7916,0.747602,0.767944,0.703707,0.559988,1924
T-B3-C,30,4,3000,30000,0.530864,0.555149,17.8588,0.790568,0.782238,0.645354,0.40565,1924
T-B3-C,30,4,3000,300000,0.483715,0.503733,14.7209,0.708768,0.705362,0.592615,0.383878,1924
T-B3-C,30,4,8000,30000,0.435772,0.455744,14.6872,0.713506,0.681761,0.504091,0.246689,1924
T-B3-C,30,4,8000,300000,0.399841,0.416708,12.4041,0.644842,0.620254,0.467805,0.237983,1924
T-B3-C,30,4.5,1000,30000,0.57949,0.653407,54.3578,0.711891,0.821124,0.741683,0.595963,1924
T-B3-C,30,4.5,1000,300000,0.532989,0.591468,43.0052,0.647816,0.739835,0.679979,0.560049,1924
T-B3-C,30,4.5,3000,30000,0.487871,0.555149,49.4756,0.674462,0.751983,0.622785,0.4058,1924
T-B3-C,30,4.5,3000,300000,0.44772,0.503733,41.1916,0.611118,0.679841,0.572985,0.384017,1924
T-B3-C,30,4.5,8000,30000,0.3996,0.455744,41.2876,0.615072,0.657448,0.488219,0.246925,1924
T-B3-C,30,4.5,8000,300000,0.368908,0.416708,35.1518,0.560323,0.599281,0.45368,0.238203,1924
T-B3-C,30,5,1000,30000,0.4939,0.653407,117.299,0.490666,0.728766,0.6657,0.596154,1924
T-B3-C,30,5,1000,300000,0.461348,0.591468,95.6888,0.461322,0.664638,0.615968,0.560239,1924
T-B3-C,30,5,3000,30000,0.401528,0.555149,112.972,0.44629,0.669017,0.560278,0.406272,1924
T-B3-C,30,5,3000,300000,0.373376,0.503733,95.8637,0.413791,0.609206,0.51826,0.384459,1924
T-B3-C,30,5,8000,30000,0.323897,0.455744,96.9589,0.411944,0.589579,0.443391,0.247679,1924
T-B3-C,30,5,8000,300000,0.302657,0.416708,83.8723,0.381915,0.540301,0.41359,0.238908,1924
T-B3-D,30,3,1000,30000,0.648981,0.653407,3.25433,0.901956,0.867041,0.77952,0.595382,1924
T-B3-D,30,3,1000,300000,0.587996,0.591468,2.55334,0.799249,0.776522,0.71141,0.559534,1924
T-B3-D,30,3,3000,30000,0.551426,0.555149,2.73831,0.848882,0.791402,0.652592,0.405255,1924
T-B3-D,30,3,3000,300000,0.500638,0.503733,2.2763,0.757125,0.713066,0.598897,0.38352,1924
T-B3-D,30,3,8000,30000,0.452796,0.455744,2.16764,0.761797,0.68909,0.509125,0.246403,1924
T-B3-D,30,3,8000,300000,0.4142,0.416708,1.84448,0.68584,0.626559,0.472279,0.237718,1924
T-B3-D,30,4,1000,30000,0.612456,0.653407,30.1147,0.831326,0.811705,0.738933,0.591105,1924
T-B3-D,30,4,1000,300000,0.559051,0.591468,23.8391,0.743869,0.732251,0.67774,0.555825,1924
T-B3-D,30,4,3000,30000,0.520058,0.555149,25.8055,0.786373,0.743939,0.620513,0.402394,1924
T-B3-D,30,4,3000,300000,0.474423,0.503733,21.5541,0.705258,0.673034,0.57104,0.380948,1924
T-B3-D,30,4,8000,30000,0.42777,0.455744,20.5719,0.710029,0.651062,0.486439,0.244851,1924
T-B3-D,30,4,8000,300000,0.392813,0.416708,17.572,0.641867,0.593756,0.452117,0.236284,1924
T-B3-D,30,4.5,1000,30000,0.543448,0.653407,80.8625,0.70098,0.70457,0.65724,0.581888,1924
T-B3-D,30,4.5,1000,300000,0.502962,0.591468,65.0863,0.638884,0.64477,0.609001,0.547781,1924
T-B3-D,30,4.5,3000,30000,0.457666,0.555149,71.6884,0.66405,0.647409,0.553212,0.396081,1924
T-B3-D,30,4.5,3000,300000,0.421542,0.503733,60.4426,0.60226,0.590728,0.512175,0.375252,1924
T-B3-D,30,4.5,8000,30000,0.376926,0.455744,57.9617,0.606189,0.572073,0.437877,0.241387,1924
T-B3-D,30,4.5,8000,300000,0.348868,0.416708,49.8889,0.552623,0.525033,0.408727,0.233077,1924
T-B3-D,30,5,1000,30000,0.416879,0.653407,173.94,0.474361,0.50109,0.489674,0.559962,1924
T-B3-D,30,5,1000,300000,0.395281,0.591468,144.274,0.447175,0.471835,0.463782,0.52834,1924
T-B3-D,30,5,3000,30000,0.332725,0.555149,163.569,0.428792,0.446328,0.40325,0.380241,1924
T-B3-D,30,5,3000,300000,0.312715,0.503733,140.473,0.398383,0.415329,0.378917,0.360852,1924
T-B3-D,30,5,8000,30000,0.270647,0.455744,136.118,0.396034,0.399773,0.324587,0.232464,1924
T-B3-D,30,5,8000,300000,0.254921,0.416708,118.977,0.367734,0.372368,0.30629,0.224771,1924
T-B3-C,31,3,1000,30000,0.650111,0.653407,2.42363,0.901747,0.870013,0.782862,0.595878,1228
T-B3-C,31,3,1000,300000,0.588925,0.591468,1.87015,0.799087,0.778886,0.714168,0.559963,1228
T-B3-C,31,3,3000,30000,0.552311,0.555149,2.08736,0.848701,0.7939,0.655199,0.405588,1228
T-B3-C,31,3,3000,300000,0.501401,0.503733,1.71476,0.756975,0.715167,0.601155,0.38382,1228
T-B3-C,31,3,8000,30000,0.45343,0.455744,1.70147,0.761649,0.691071,0.510962,0.246591,1228
T-B3-C,31,3,8000,300000,0.414759,0.416708,1.43334,0.685715,0.628264,0.473908,0.237891,1228
T-B3-C,31,4,1000,30000,0.623037,0.653407,22.3335,0.829561,0.838555,0.770059,0.595902,1228
T-B3-C,31,4,1000,300000,0.567807,0.591468,17.4003,0.742473,0.753819,0.703577,0.559988,1228
T-B3-C,31,4,3000,30000,0.528479,0.555149,19.613,0.784781,0.767081,0.645231,0.40565,1228
T-B3-C,31,4,3000,300000,0.481711,0.503733,16.1953,0.70393,0.692597,0.592508,0.383878,1228
T-B3-C,31,4,8000,30000,0.433838,0.455744,16.109,0.708703,0.6696,0.504004,0.246688,1228
T-B3-C,31,4,8000,300000,0.398179,0.416708,13.626,0.640736,0.609778,0.467728,0.237982,1228
T-B3-C,31,4.5,1000,30000,0.572403,0.653407,59.5694,0.697072,0.772525,0.741215,0.595961,1228
T-B3-C,31,4.5,1000,300000,0.527227,0.591468,47.2424,0.635682,0.700507,0.679591,0.560047,1228
T-B3-C,31,4.5,3000,30000,0.481443,0.555149,54.2027,0.660249,0.708976,0.622412,0.405798,1228
T-B3-C,31,4.5,3000,300000,0.442258,0.503733,45.2083,0.59903,0.643358,0.572661,0.384016,1228
T-B3-C,31,4.5,8000,30000,0.394297,0.455744,45.1871,0.602917,0.622471,0.487953,0.246924,1228
T-B3-C,31,4.5,8000,300000,0.36431,0.416708,38.5334,0.549789,0.568977,0.453444,0.238202,1228
T-B3-C,31,5,1000,30000,0.480002,0.653407,127.52,0.468993,0.623222,0.664465,0.596148,1228
T-B3-C,31,5,1000,300000,0.449634,0.591468,104.303,0.442496,0.57648,0.614928,0.560233,1228
T-B3-C,31,5,3000,30000,0.387962,0.555149,122.948,0.422911,0.568509,0.559252,0.406268,1228
T-B3-C,31,5,3000,300000,0.361597,0.503733,104.525,0.393194,0.522421,0.517363,0.384455,1228
T-B3-C,31,5,8000,30000,0.312287,0.455744,105.497,0.390609,0.504998,0.442645,0.247677,1228
T-B3-C,31,5,8000,300000,0.292407,0.416708,91.4101,0.362892,0.465969,0.412922,0.238905,1228
T-B3-D,31,3,1000,30000,0.648566,0.653407,3.55956,0.90156,0.86595,0.778588,0.5952,1228
T-B3-D,31,3,1000,300000,0.587658,0.591468,2.80213,0.79894,0.775655,0.710641,0.559376,1228
T-B3-D,31,3,3000,30000,0.551095,0.555149,2.98178,0.84854,0.790481,0.651864,0.405132,1228
T-B3-D,31,3,3000,300000,0.500354,0.503733,2.48472,0.756841,0.712292,0.598267,0.38341,1228
T-B3-D,31,3,8000,30000,0.452553,0.455744,2.34652,0.761516,0.688357,0.508612,0.246334,1228
T-B3-D,31,3,8000,300000,0.413987,0.416708,2.0009,0.685602,0.625929,0.471824,0.237654,1228
T-B3-D,31,4,1000,30000,0.608806,0.653407,32.7987,0.827981,0.80229,0.730672,0.58942,1228
T-B3-D,31,4,1000,300000,0.556038,0.591468,26.0546,0.741214,0.724657,0.670849,0.554359,1228
T-B3-D,31,4,3000,30000,0.517058,0.555149,28.0115,0.78336,0.735706,0.613867,0.401237,1228
T-B3-D,31,4,3000,300000,0.471838,0.503733,23.4551,0.702739,0.666061,0.565253,0.379904,1228
T-B3-D,31,4,8000,30000,0.425539,0.455744,22.2124,0.707521,0.644413,0.481688,0.244194,1228
T-B3-D,31,4,8000,300000,0.390852,0.416708,19.0142,0.639724,0.588002,0.447887,0.235676,1228
T-B3-D,31,4.5,1000,30000,0.534691,0.653407,87.3025,0.693579,0.68286,0.637186,0.577417,1228
T-B3-D,31,4.5,1000,300000,0.495557,0.591468,70.5317,0.632803,0.626749,0.591927,0.543848,1228
T-B3-D,31,4.5,3000,30000,0.450045,0.555149,77.2925,0.65686,0.627082,0.536096,0.392889,1228
T-B3-D,31,4.5,3000,300000,0.414888,0.503733,65.3359,0.596136,0.573243,0.497115,0.37236,1228
T-B3-D,31,4.5,8000,30000,0.371116,0.455744,62.2341,0.600002,0.555147,0.425275,0.239534,1228
T-B3-D,31,4.5,8000,300000,0.343705,0.416708,53.6855,0.547255,0.510205,0.397418,0.231357,1228
T-B3-D,31,5,1000,30000,0.402781,0.653407,184.308,0.464261,0.469104,0.457055,0.551157,1228
T-B3-D,31,5,1000,300000,0.382799,0.591468,153.453,0.438344,0.443789,0.434815,0.520398,1228
T-B3-D,31,5,3000,30000,0.31918,0.555149,173.529,0.41772,0.412664,0.372189,0.373413,1228
T-B3-D,31,5,3000,300000,0.300563,0.503733,149.409,0.388592,0.385423,0.350939,0.354587,1228
T-B3-D,31,5,8000,30000,0.259734,0.455744,144.143,0.385815,0.369813,0.300108,0.228278,1228
T-B3-D,31,5,8000,300000,0.245007,0.416708,126.267,0.358596,0.345439,0.283936,0.220851,1228
T-B3-C,32,3,1000,30000,0.650062,0.653407,2.45928,0.901676,0.869639,0.782857,0.595878,491
T-B3-C,32,3,1000,300000,0.588886,0.591468,1.89839,0.799031,0.778588,0.714164,0.559963,491
T-B3-C,32,3,3000,30000,0.55227,0.555149,2.11747,0.84864,0.793585,0.655195,0.405588,491
T-B3-C,32,3,3000,300000,0.501367,0.503733,1.74001,0.756924,0.714902,0.601152,0.38382,491
T-B3-C,32,3,8000,30000,0.453397,0.455744,1.72546,0.761598,0.69082,0.510959,0.246591,491
T-B3-C,32,3,8000,300000,0.414731,0.416708,1.45392,0.685672,0.628048,0.473906,0.237891,491
T-B3-C,32,4,1000,30000,0.622597,0.653407,22.6569,0.828957,0.835108,0.77001,0.595902,491
T-B3-C,32,4,1000,300000,0.567455,0.591468,17.6591,0.741992,0.751061,0.703536,0.559988,491
T-B3-C,32,4,3000,30000,0.528099,0.555149,19.8926,0.784238,0.764115,0.645192,0.40565,491
T-B3-C,32,4,3000,300000,0.48139,0.503733,16.431,0.703476,0.690096,0.592475,0.383878,491
T-B3-C,32,4,8000,30000,0.433533,0.455744,16.3336,0.708252,0.667218,0.503976,0.246688,491
T-B3-C,32,4,8000,300000,0.397916,0.416708,13.8197,0.64035,0.607724,0.467704,0.237982,491
T-B3-C,32,4.5,1000,30000,0.571271,0.653407,60.4014,0.695727,0.763468,0.74107,0.595961,491
T-B3-C,32,4.5,1000,300000,0.526303,0.591468,47.9214,0.634577,0.693127,0.67947,0.560046,491
T-B3-C,32,4.5,3000,30000,0.480421,0.555149,54.954,0.658947,0.700848,0.622296,0.405798,491
T-B3-C,32,4.5,3000,300000,0.441387,0.503733,45.8487,0.597919,0.636438,0.572561,0.384016,491
T-B3-C,32,4.5,8000,30000,0.393461,0.455744,45.802,0.601799,0.615827,0.487871,0.246924,491
T-B3-C,32,4.5,8000,300000,0.363582,0.416708,39.0682,0.548818,0.563204,0.453371,0.238202,491
T-B3-C,32,5,1000,30000,0.477811,0.653407,129.131,0.46715,0.605489,0.664082,0.596146,491
T-B3-C,32,5,1000,300000,0.447781,0.591468,105.666,0.440885,0.561463,0.614605,0.560231,491
T-B3-C,32,5,3000,30000,0.385828,0.555149,124.517,0.420892,0.551129,0.558933,0.406267,491
T-B3-C,32,5,3000,300000,0.359739,0.503733,105.892,0.391408,0.507294,0.517084,0.384454,491
T-B3-C,32,5,8000,30000,0.310472,0.455744,106.832,0.388749,0.49017,0.442413,0.247676,491
T-B3-C,32,5,8000,300000,0.290799,0.416708,92.5921,0.361228,0.452854,0.412714,0.238905,491
T-B3-D,32,3,1000,30000,0.648781,0.653407,3.40161,0.901575,0.866421,0.779218,0.595327,491
T-B3-D,32,3,1000,300000,0.587835,0.591468,2.67177,0.798953,0.77603,0.711161,0.559487,491
T-B3-D,32,3,3000,30000,0.551262,0.555149,2.85882,0.848553,0.790878,0.652356,0.405218,491
T-B3-D,32,3,3000,300000,0.500499,0.503733,2.37842,0.756853,0.712626,0.598693,0.383487,491
T-B3-D,32,3,8000,30000,0.452671,0.455744,2.25945,0.761527,0.688673,0.508959,0.246382,491
T-B3-D,32,3,8000,300000,0.414092,0.416708,1.92397,0.685612,0.6262,0.472131,0.237699,491
T-B3-D,32,4,1000,30000,0.610707,0.653407,31.4008,0.828113,0.806336,0.73624,0.590594,491
T-B3-D,32,4,1000,300000,0.557625,0.591468,24.888,0.74132,0.727924,0.675495,0.555381,491
T-B3-D,32,4,3000,30000,0.518581,0.555149,26.8918,0.783479,0.739244,0.61835,0.402045,491
T-B3-D,32,4,3000,300000,0.473163,0.503733,22.4814,0.702839,0.66906,0.569157,0.380632,491
T-B3-D,32,4,8000,30000,0.42663,0.455744,21.4097,0.707619,0.647267,0.484894,0.244653,491
T-B3-D,32,4,8000,300000,0.391821,0.416708,18.3017,0.639809,0.590474,0.450741,0.236101,491
T-B3-D,32,4.5,1000,30000,0.539306,0.653407,83.9086,0.693875,0.692093,0.650609,0.58051,491
T-B3-D,32,4.5,1000,300000,0.499493,0.591468,67.6373,0.633049,0.634427,0.603365,0.54657,491
T-B3-D,32,4.5,3000,30000,0.453952,0.555149,74.4192,0.657145,0.635744,0.547578,0.395102,491
T-B3-D,32,4.5,3000,300000,0.418325,0.503733,62.808,0.59638,0.580703,0.507222,0.374366,491
T-B3-D,32,4.5,8000,30000,0.37399,0.455744,60.1212,0.600246,0.562358,0.433737,0.240821,491
T-B3-D,32,4.5,8000,300000,0.346279,0.416708,51.7926,0.547468,0.516529,0.405015,0.232552,491
T-B3-D,32,5,1000,30000,0.410369,0.653407,178.728,0.464675,0.482444,0.478584,0.557137,491
T-B3-D,32,5,1000,300000,0.389552,0.591468,148.487,0.438709,0.455516,0.45396,0.5258,491
T-B3-D,32,5,3000,30000,0.326268,0.555149,168.317,0.418165,0.426739,0.39275,0.378071,491
T-B3-D,32,5,3000,300000,0.306956,0.503733,144.708,0.388989,0.397947,0.369475,0.358863,491
T-B3-D,32,5,8000,30000,0.265252,0.455744,140.085,0.386224,0.382356,0.316348,0.231143,491
T-B3-D,32,5,8000,300000,0.250049,0.416708,122.559,0.358963,0.356729,0.298775,0.223534,491
T-B3-C,33,3,1000,30000,0.650114,0.653407,2.42167,0.901713,0.870072,0.782868,0.595878,1612
T-B3-C,33,3,1000,300000,0.588927,0.591468,1.86846,0.799061,0.778932,0.714173,0.559963,1612
T-B3-C,33,3,3000,30000,0.552313,0.555149,2.08591,0.848672,0.79395,0.655203,0.405588,1612
T-B3-C,33,3,3000,300000,0.501403,0.503733,1.71346,0.756951,0.715208,0.601159,0.38382,1612
T-B3-C,33,3,8000,30000,0.453431,0.455744,1.7005,0.761625,0.69111,0.510965,0.246591,1612
T-B3-C,33,3,8000,300000,0.41476,0.416708,1.43243,0.685695,0.628298,0.473911,0.237891,1612
T-B3-C,33,4,1000,30000,0.623069,0.653407,22.3096,0.829278,0.839109,0.770112,0.595903,1612
T-B3-C,33,4,1000,300000,0.567834,0.591468,17.3804,0.742248,0.754262,0.703621,0.559988,1612
T-B3-C,33,4,3000,30000,0.528503,0.555149,19.5956,0.784526,0.767551,0.645273,0.40565,1612
T-B3-C,33,4,3000,300000,0.481731,0.503733,16.1801,0.703717,0.692994,0.592544,0.383878,1612
T-B3-C,33,4,8000,30000,0.433855,0.455744,16.097,0.708491,0.669973,0.504033,0.246689,1612
T-B3-C,33,4,8000,300000,0.398194,0.416708,13.6152,0.640555,0.6101,0.467754,0.237983,1612
T-B3-C,33,4.5,1000,30000,0.572531,0.653407,59.4748,0.696441,0.774063,0.741373,0.595962,1612
T-B3-C,33,4.5,1000,300000,0.527331,0.591468,47.1655,0.635165,0.701752,0.679722,0.560048,1612
T-B3-C,33,4.5,3000,30000,0.481538,0.555149,54.1327,0.659637,0.710323,0.622538,0.405799,1612
T-B3-C,33,4.5,3000,300000,0.44234,0.503733,45.1482,0.598509,0.644502,0.572771,0.384017,1612
T-B3-C,33,4.5,8000,30000,0.394364,0.455744,45.1377,0.602392,0.623554,0.488043,0.246925,1612
T-B3-C,33,4.5,8000,300000,0.364369,0.416708,38.4899,0.549334,0.569917,0.453524,0.238203,1612
T-B3-C,33,5,1000,30000,0.480451,0.653407,127.19,0.468127,0.626614,0.664881,0.596151,1612
T-B3-C,33,5,1000,300000,0.450003,0.591468,104.032,0.441742,0.579317,0.615277,0.560236,1612
T-B3-C,33,5,3000,30000,0.388329,0.555149,122.678,0.421961,0.57171,0.559598,0.40627,1612
T-B3-C,33,5,3000,300000,0.361913,0.503733,104.293,0.392357,0.525188,0.517665,0.384457,1612
T-B3-C,33,5,8000,30000,0.31256,0.455744,105.296,0.389735,0.507663,0.442897,0.247678,1612
T-B3-C,33,5,8000,300000,0.292646,0.416708,91.2339,0.362111,0.468314,0.413147,0.238907,1612
T-B3-D,33,3,1000,30000,0.648557,0.653407,3.56634,0.901544,0.865937,0.778569,0.595196,1612
T-B3-D,33,3,1000,300000,0.58765,0.591468,2.80761,0.798928,0.775645,0.710625,0.559373,1612
T-B3-D,33,3,3000,30000,0.551087,0.555149,2.98723,0.848526,0.79047,0.651849,0.405129,1612
T-B3-D,33,3,3000,300000,0.500348,0.503733,2.48936,0.75683,0.712283,0.598254,0.383407,1612
T-B3-D,33,3,8000,30000,0.452547,0.455744,2.35054,0.761505,0.688349,0.508601,0.246333,1612
T-B3-D,33,3,8000,300000,0.413983,0.416708,2.0044,0.685593,0.625921,0.471815,0.237653,1612
T-B3-D,33,4,1000,30000,0.608726,0.653407,32.8574,0.827846,0.802178,0.730509,0.589382,1612
T-B3-D,33,4,1000,300000,0.555973,0.591468,26.1027,0.741108,0.724566,0.670712,0.554326,1612
T-B3-D,33,4,3000,30000,0.516992,0.555149,28.0604,0.783238,0.735607,0.613735,0.401211,1612
T-B3-D,33,4,3000,300000,0.471781,0.503733,23.497,0.702638,0.665978,0.565138,0.379881,1612
T-B3-D,33,4,8000,30000,0.425489,0.455744,22.2488,0.70742,0.644333,0.481594,0.244179,1612
T-B3-D,33,4,8000,300000,0.390809,0.416708,19.0461,0.639638,0.587933,0.447803,0.235663,1612
T-B3-D,33,4.5,1000,30000,0.534506,0.653407,87.4385,0.693287,0.682606,0.636797,0.57732,1612
T-B3-D,33,4.5,1000,300000,0.495402,0.591468,70.646,0.632564,0.626538,0.591594,0.543762,1612
T-B3-D,33,4.5,3000,30000,0.449881,0.555149,77.4135,0.656573,0.626843,0.535762,0.392818,1612
T-B3-D,33,4.5,3000,300000,0.414745,0.503733,65.4411,0.595892,0.573037,0.49682,0.372296,1612
T-B3-D,33,4.5,8000,30000,0.37099,0.455744,62.3269,0.599755,0.554947,0.425028,0.239493,1612
T-B3-D,33,4.5,8000,300000,0.343594,0.416708,53.7677,0.547041,0.51003,0.397196,0.231319,1612
T-B3-D,33,5,1000,30000,0.402509,0.653407,184.508,0.463879,0.468745,0.456449,0.550976,1612
T-B3-D,33,5,1000,300000,0.38256,0.591468,153.629,0.438012,0.443473,0.434274,0.520234,1612
T-B3-D,33,5,3000,30000,0.318909,0.555149,173.728,0.417293,0.412283,0.371606,0.37327,1612
T-B3-D,33,5,3000,300000,0.300322,0.503733,149.586,0.388216,0.385083,0.350413,0.354456,1612
T-B3-D,33,5,8000,30000,0.259512,0.455744,144.307,0.38542,0.369472,0.299646,0.22819,1612
T-B3-D,33,5,8000,300000,0.244807,0.416708,126.414,0.358243,0.345132,0.283513,0.220768,1612
T-B3-C,34,3,1000,30000,0.650506,0.653407,2.1333,0.902831,0.872307,0.782881,0.595878,1169
T-B3-C,34,3,1000,300000,0.589236,0.591468,1.64137,0.799932,0.780704,0.714184,0.559963,1169
T-B3-C,34,3,3000,30000,0.552647,0.555149,1.84036,0.849637,0.795835,0.655213,0.405588,1169
T-B3-C,34,3,3000,300000,0.501682,0.503733,1.5085,0.75775,0.71679,0.601168,0.38382,1169
T-B3-C,34,3,8000,30000,0.4537,0.455744,1.50272,0.762414,0.692614,0.510973,0.246591,1169
T-B3-C,34,3,8000,300000,0.41499,0.416708,1.26342,0.686364,0.629589,0.473917,0.237891,1169
T-B3-C,34,4,1000,30000,0.626624,0.653407,19.6953,0.838918,0.860185,0.770242,0.595903,1169
T-B3-C,34,4,1000,300000,0.570664,0.591468,15.2994,0.749892,0.771075,0.703728,0.559989,1169
T-B3-C,34,4,3000,30000,0.531601,0.555149,17.3169,0.793149,0.785588,0.645375,0.405651,1169
T-B3-C,34,4,3000,300000,0.484332,0.503733,14.2671,0.710922,0.708179,0.592633,0.383878,1169
T-B3-C,34,4,8000,30000,0.436373,0.455744,14.2451,0.715646,0.684445,0.504106,0.246689,1169
T-B3-C,34,4,8000,300000,0.400356,0.416708,12.0254,0.646669,0.622563,0.467818,0.237983,1169
T-B3-C,34,4.5,1000,30000,0.581681,0.653407,52.7462,0.718718,0.832504,0.74176,0.595964,1169
T-B3-C,34,4.5,1000,300000,0.534762,0.591468,41.701,0.653379,0.748974,0.680044,0.560049,1169
T-B3-C,34,4.5,3000,30000,0.489865,0.555149,48.0095,0.68095,0.761885,0.622847,0.4058,1169
T-B3-C,34,4.5,3000,300000,0.449408,0.503733,39.9502,0.61662,0.688205,0.573039,0.384018,1169
T-B3-C,34,4.5,8000,30000,0.401255,0.455744,40.0708,0.620602,0.66545,0.488263,0.246925,1169
T-B3-C,34,4.5,8000,300000,0.370338,0.416708,34.1001,0.565104,0.606191,0.45372,0.238203,1169
T-B3-C,34,5,1000,30000,0.498292,0.653407,114.07,0.501327,0.756685,0.665906,0.596155,1169
T-B3-C,34,5,1000,300000,0.465028,0.591468,92.9824,0.470504,0.687585,0.616141,0.560239,1169
T-B3-C,34,5,3000,30000,0.405806,0.555149,109.826,0.45761,0.694684,0.560449,0.406273,1169
T-B3-C,34,5,3000,300000,0.377076,0.503733,93.1427,0.423713,0.631163,0.51841,0.38446,1169
T-B3-C,34,5,8000,30000,0.327571,0.455744,94.257,0.422181,0.610825,0.443516,0.24768,1169
T-B3-C,34,5,8000,300000,0.305889,0.416708,81.4952,0.391005,0.558834,0.413701,0.238908,1169
T-B3-D,34,3,1000,30000,0.649227,0.653407,3.07374,0.90221,0.867769,0.780034,0.59547,1169
T-B3-D,34,3,1000,300000,0.588195,0.591468,2.40666,0.799447,0.777101,0.711835,0.55961,1169
T-B3-D,34,3,3000,30000,0.551623,0.555149,2.5932,0.849102,0.792016,0.652993,0.405314,1169
T-B3-D,34,3,3000,300000,0.500806,0.503733,2.15243,0.757307,0.713582,0.599245,0.383573,1169
T-B3-D,34,3,8000,30000,0.452943,0.455744,2.05979,0.761977,0.689578,0.509408,0.246437,1169
T-B3-D,34,3,8000,300000,0.414328,0.416708,1.75041,0.685993,0.626979,0.47253,0.237749,1169
T-B3-D,34,4,1000,30000,0.614645,0.653407,28.5046,0.833491,0.8181,0.743563,0.591935,1169
T-B3-D,34,4,1000,300000,0.56085,0.591468,22.5161,0.745587,0.737399,0.681596,0.556547,1169
T-B3-D,34,4,3000,30000,0.521865,0.555149,24.4768,0.788318,0.749506,0.624223,0.402962,1169
T-B3-D,34,4,3000,300000,0.475975,0.503733,20.4129,0.706883,0.677744,0.574267,0.381459,1169
T-B3-D,34,4,8000,30000,0.429126,0.455744,19.5741,0.711647,0.65555,0.489085,0.245173,1169
T-B3-D,34,4,8000,300000,0.394003,0.416708,16.6973,0.64325,0.597637,0.454472,0.236582,1169
T-B3-D,34,4.5,1000,30000,0.548851,0.653407,76.8891,0.705857,0.71984,0.668854,0.584175,1169
T-B3-D,34,4.5,1000,300000,0.507504,0.591468,61.7465,0.642883,0.657385,0.618852,0.549785,1169
T-B3-D,34,4.5,3000,30000,0.46236,0.555149,68.2362,0.668759,0.66155,0.563023,0.397694,1169
T-B3-D,34,4.5,3000,300000,0.425625,0.503733,57.4402,0.606268,0.602861,0.52079,0.376711,1169
T-B3-D,34,4.5,8000,30000,0.380529,0.455744,55.3121,0.610233,0.583789,0.445062,0.242317,1169
T-B3-D,34,4.5,8000,300000,0.352059,0.416708,47.5426,0.556128,0.535276,0.415165,0.233939,1169
T-B3-D,34,5,1000,30000,0.426129,0.653407,167.138,0.48125,0.525138,0.509885,0.564888,1169
T-B3-D,34,5,1000,300000,0.403407,0.591468,138.298,0.45318,0.492762,0.481611,0.53275,1169
T-B3-D,34,5,3000,30000,0.341549,0.555149,157.08,0.436286,0.471291,0.422213,0.383979,1169
T-B3-D,34,5,3000,300000,0.320594,0.503733,134.679,0.404998,0.437403,0.39593,0.364268,1169
T-B3-D,34,5,8000,30000,0.277759,0.455744,130.888,0.402915,0.421777,0.339372,0.234721,1169
T-B3-D,34,5,8000,300000,0.261356,0.416708,114.245,0.373878,0.392074,0.319752,0.226878,1169
T-B3-C,35,3,1000,30000,0.650709,0.653407,1.98413,0.903741,0.87283,0.782882,0.595878,567
T-B3-C,35,3,1000,300000,0.589394,0.591468,1.52496,0.800641,0.781119,0.714185,0.559963,567
T-B3-C,35,3,3000,30000,0.552821,0.555149,1.71213,0.850424,0.796276,0.655215,0.405588,567
T-B3-C,35,3,3000,300000,0.501826,0.503733,1.40224,0.758401,0.717161,0.601169,0.38382,567
T-B3-C,35,3,8000,30000,0.453842,0.455744,1.39826,0.763059,0.692966,0.510973,0.246591,567
T-B3-C,35,3,8000,300000,0.415111,0.416708,1.17474,0.686911,0.629892,0.473918,0.237891,567
T-B3-C,35,4,1000,30000,0.628448,0.653407,18.3546,0.846913,0.865279,0.770257,0.595903,567
T-B3-C,35,4,1000,300000,0.572104,0.591468,14.2401,0.756205,0.775124,0.703741,0.559989,567
T-B3-C,35,4,3000,30000,0.533209,0.555149,16.135,0.800278,0.789915,0.645386,0.405651,567
T-B3-C,35,4,3000,300000,0.485673,0.503733,13.2812,0.716862,0.711814,0.592643,0.383878,567
T-B3-C,35,4,8000,30000,0.437695,0.455744,13.2727,0.721563,0.68791,0.504114,0.246689,567
T-B3-C,35,4,8000,300000,0.401484,0.416708,11.1955,0.651712,0.625542,0.467825,0.237983,567
T-B3-C,35,4.5,1000,30000,0.586306,0.653407,49.345,0.737882,0.847623,0.741804,0.595964,567
T-B3-C,35,4.5,1000,300000,0.538498,0.591468,38.9534,0.668936,0.761068,0.68008,0.560049,567
T-B3-C,35,4.5,3000,30000,0.49413,0.555149,44.8727,0.699088,0.774932,0.622881,0.4058,567
T-B3-C,35,4.5,3000,300000,0.453011,0.503733,37.3004,0.631968,0.699203,0.573069,0.384018,567
T-B3-C,35,4.5,8000,30000,0.404832,0.455744,37.4398,0.636044,0.675964,0.488288,0.246925,567
T-B3-C,35,4.5,8000,300000,0.373423,0.416708,31.8316,0.57843,0.615255,0.453742,0.238203,567
T-B3-C,35,5,1000,30000,0.507168,0.653407,107.542,0.532465,0.796237,0.666021,0.596155,567
T-B3-C,35,5,1000,300000,0.472475,0.591468,87.5063,0.497149,0.719808,0.616238,0.56024,567
T-B3-C,35,5,3000,30000,0.414593,0.555149,103.364,0.490338,0.730352,0.560544,0.406273,567
T-B3-C,35,5,3000,300000,0.384675,0.503733,87.5541,0.452288,0.661522,0.518494,0.38446,567
T-B3-C,35,5,8000,30000,0.335219,0.455744,88.6329,0.45163,0.640112,0.443585,0.24768,567
T-B3-C,35,5,8000,300000,0.312614,0.416708,76.5499,0.417074,0.584275,0.413763,0.238908,567
T-B3-D,35,3,1000,30000,0.649815,0.653407,2.64091,0.903061,0.869534,0.781088,0.595634,567
T-B3-D,35,3,1000,300000,0.58867,0.591468,2.05741,0.80011,0.778502,0.712704,0.559752,567
T-B3-D,35,3,3000,30000,0.552101,0.555149,2.24142,0.849837,0.793503,0.653815,0.405424,567
T-B3-D,35,3,3000,300000,0.501213,0.503733,1.85365,0.757915,0.714831,0.599957,0.383672,567
T-B3-D,35,3,8000,30000,0.453304,0.455744,1.79397,0.762579,0.690762,0.509987,0.246498,567
T-B3-D,35,3,8000,300000,0.414642,0.416708,1.51969,0.686504,0.627997,0.473044,0.237806,567
T-B3-D,35,4,1000,30000,0.619963,0.653407,24.5944,0.840827,0.833999,0.753229,0.593502,567
T-B3-D,35,4,1000,300000,0.565188,0.591468,19.3264,0.751394,0.75016,0.689632,0.557908,567
T-B3-D,35,4,3000,30000,0.526289,0.555149,21.2236,0.794891,0.763254,0.631931,0.404028,567
T-B3-D,35,4,3000,300000,0.479755,0.503733,17.6337,0.712367,0.689358,0.580967,0.382419,567
T-B3-D,35,4,8000,30000,0.432499,0.455744,17.094,0.717111,0.666605,0.494573,0.245776,567
T-B3-D,35,4,8000,300000,0.396944,0.416708,14.5344,0.647913,0.607184,0.459352,0.237139,567
T-B3-D,35,4.5,1000,30000,0.562353,0.653407,66.96,0.72277,0.759769,0.694039,0.588656,567
T-B3-D,35,4.5,1000,300000,0.518753,0.591468,53.4736,0.656697,0.69014,0.640116,0.553701,567
T-B3-D,35,4.5,3000,30000,0.474114,0.555149,59.5925,0.684978,0.697928,0.584033,0.400817,567
T-B3-D,35,4.5,3000,300000,0.435786,0.503733,49.968,0.620037,0.63395,0.539195,0.37953,567
T-B3-D,35,4.5,8000,30000,0.389657,0.455744,48.5995,0.624118,0.613708,0.460354,0.244105,567
T-B3-D,35,4.5,8000,300000,0.360096,0.416708,41.6317,0.568142,0.561353,0.428843,0.235595,567
T-B3-D,35,5,1000,30000,0.450868,0.653407,148.945,0.506296,0.59498,0.557533,0.575504,567
T-B3-D,35,5,1000,300000,0.424905,0.591468,122.489,0.474881,0.552788,0.523277,0.542181,567
T-B3-D,35,5,3000,30000,0.365,0.555149,139.834,0.463266,0.542005,0.465997,0.391828,567
T-B3-D,35,5,3000,300000,0.341382,0.503733,119.392,0.428726,0.499466,0.435018,0.371412,567
T-B3-D,35,5,8000,30000,0.296744,0.455744,116.927,0.427533,0.483163,0.373047,0.239379,567
T-B3-D,35,5,8000,300000,0.278423,0.416708,101.694,0.395795,0.446721,0.3503,0.231216,567
T-B3-C,36,3,1000,30000,0.650447,0.653407,2.17659,0.902621,0.872048,0.782879,0.595878,1114
T-B3-C,36,3,1000,300000,0.58919,0.591468,1.67536,0.799769,0.780499,0.714182,0.559963,1114
T-B3-C,36,3,3000,30000,0.552596,0.555149,1.87734,0.849455,0.795616,0.655212,0.405588,1114
T-B3-C,36,3,3000,300000,0.50164,0.503733,1.53929,0.7576,0.716607,0.601167,0.38382,1114
T-B3-C,36,3,8000,30000,0.45366,0.455744,1.53263,0.762265,0.692439,0.510972,0.246591,1114
T-B3-C,36,3,8000,300000,0.414955,0.416708,1.28893,0.686238,0.62944,0.473917,0.237891,1114
T-B3-C,36,4,1000,30000,0.626088,0.653407,20.0901,0.837084,0.857686,0.770224,0.595903,1114
T-B3-C,36,4,1000,300000,0.570238,0.591468,15.6126,0.74844,0.769087,0.703713,0.559988,1114
T-B3-C,36,4,3000,30000,0.531133,0.555149,17.6616,0.791513,0.783462,0.645361,0.405651,1114
T-B3-C,36,4,3000,300000,0.48394,0.503733,14.5557,0.709556,0.706391,0.59262,0.383878,1114
T-B3-C,36,4,8000,30000,0.435991,0.455744,14.5262,0.71429,0.682742,0.504095,0.246689,1114
T-B3-C,36,4,8000,300000,0.400028,0.416708,12.2662,0.645511,0.621098,0.467809,0.237983,1114
T-B3-C,36,4.5,1000,30000,0.580281,0.653407,53.776,0.714373,0.825246,0.741706,0.595963,1114
T-B3-C,36,4.5,1000,300000,0.533629,0.591468,42.5339,0.64984,0.743149,0.679999,0.560049,1114
T-B3-C,36,4.5,3000,30000,0.488593,0.555149,48.9449,0.676826,0.75558,0.622804,0.4058,1114
T-B3-C,36,4.5,3000,300000,0.448331,0.503733,40.742,0.613124,0.68288,0.573001,0.384017,1114
T-B3-C,36,4.5,8000,30000,0.4002,0.455744,40.8466,0.617089,0.660358,0.488232,0.246925,1114
T-B3-C,36,4.5,8000,300000,0.369426,0.416708,34.7705,0.562068,0.601795,0.453692,0.238203,1114
T-B3-C,36,5,1000,30000,0.495458,0.653407,116.154,0.494489,0.738691,0.665763,0.596154,1114
T-B3-C,36,5,1000,300000,0.462656,0.591468,94.7269,0.46462,0.672816,0.61602,0.560239,1114
T-B3-C,36,5,3000,30000,0.403053,0.555149,111.85,0.450363,0.678196,0.560329,0.406272,1114
T-B3-C,36,5,3000,300000,0.374697,0.503733,94.8922,0.417365,0.61707,0.518306,0.384459,1114
T-B3-C,36,5,8000,30000,0.325211,0.455744,95.9926,0.415635,0.597199,0.443429,0.247679,1114
T-B3-C,36,5,8000,300000,0.303814,0.416708,83.0213,0.385195,0.546955,0.413623,0.238908,1114
T-B3-D,36,3,1000,30000,0.649187,0.653407,3.10338,0.902103,0.867653,0.779991,0.595463,1114
T-B3-D,36,3,1000,300000,0.588163,0.591468,2.43027,0.799364,0.777008,0.711799,0.559604,1114
T-B3-D,36,3,3000,30000,0.551589,0.555149,2.61785,0.849009,0.791917,0.652959,0.405309,1114
T-B3-D,36,3,3000,300000,0.500778,0.503733,2.17316,0.75723,0.713499,0.599216,0.383569,1114
T-B3-D,36,3,8000,30000,0.452917,0.455744,2.07901,0.761901,0.6895,0.509384,0.246434,1114
T-B3-D,36,3,8000,300000,0.414305,0.416708,1.76694,0.685928,0.626912,0.472509,0.237746,1114
T-B3-D,36,4,1000,30000,0.614292,0.653407,28.7646,0.832577,0.817073,0.743174,0.591868,1114
T-B3-D,36,4,1000,300000,0.560564,0.591468,22.7262,0.744863,0.736572,0.681272,0.556489,1114
T-B3-D,36,4,3000,30000,0.521562,0.555149,24.6997,0.787496,0.748611,0.623912,0.402916,1114
T-B3-D,36,4,3000,300000,0.475718,0.503733,20.6018,0.706197,0.676988,0.573997,0.381418,1114
T-B3-D,36,4,8000,30000,0.428887,0.455744,19.75,0.710963,0.654828,0.488863,0.245147,1114
T-B3-D,36,4,8000,300000,0.393796,0.416708,16.8495,0.642665,0.597013,0.454274,0.236558,1114
T-B3-D,36,4.5,1000,30000,0.548005,0.653407,77.5112,0.7038,0.71736,0.667869,0.583989,1114
T-B3-D,36,4.5,1000,300000,0.506801,0.591468,62.263,0.641197,0.65534,0.618017,0.549623,1114
T-B3-D,36,4.5,3000,30000,0.461592,0.555149,68.8012,0.66677,0.659259,0.562193,0.397563,1114
T-B3-D,36,4.5,3000,300000,0.424964,0.503733,57.9263,0.604577,0.600897,0.520062,0.376593,1114
T-B3-D,36,4.5,8000,30000,0.379908,0.455744,55.7686,0.608523,0.58189,0.444455,0.242242,1114
T-B3-D,36,4.5,8000,300000,0.351515,0.416708,47.9425,0.554647,0.533617,0.414622,0.23387,1114
T-B3-D,36,5,1000,30000,0.424763,0.653407,168.142,0.478347,0.52115,0.50813,0.564477,1114
T-B3-D,36,5,1000,300000,0.402214,0.591468,139.175,0.450651,0.489301,0.480066,0.532383,1114
T-B3-D,36,5,3000,30000,0.34018,0.555149,158.086,0.433125,0.467165,0.420575,0.38367,1114
T-B3-D,36,5,3000,300000,0.31938,0.503733,135.572,0.402209,0.43376,0.394462,0.363985,1114
T-B3-D,36,5,8000,30000,0.276595,0.455744,131.744,0.400009,0.418145,0.3381,0.234535,1114
T-B3-D,36,5,8000,300000,0.26031,0.416708,115.014,0.371285,0.388826,0.318595,0.226704,1114
T-B3-C,37,3,1000,30000,0.650719,0.653407,1.97626,0.903787,0.872851,0.782883,0.595878,3262
T-B3-C,37,3,1000,300000,0.589403,0.591468,1.51884,0.800677,0.781136,0.714185,0.559963,3262
T-B3-C,37,3,3000,30000,0.55283,0.555149,1.70535,0.850463,0.796294,0.655215,0.405588,3262
T-B3-C,37,3,3000,300000,0.501834,0.503733,1.39664,0.758434,0.717176,0.601169,0.38382,3262
T-B3-C,37,3,8000,30000,0.45385,0.455744,1.39273,0.763091,0.692981,0.510973,0.246591,3262
T-B3-C,37,3,8000,300000,0.415117,0.416708,1.17006,0.686938,0.629904,0.473918,0.237891,3262
T-B3-C,37,4,1000,30000,0.628543,0.653407,18.2843,0.847319,0.865488,0.770258,0.595903,3262
T-B3-C,37,4,1000,300000,0.572179,0.591468,14.1847,0.756526,0.77529,0.703741,0.559989,3262
T-B3-C,37,4,3000,30000,0.533293,0.555149,16.0728,0.800641,0.790092,0.645387,0.405651,3262
T-B3-C,37,4,3000,300000,0.485744,0.503733,13.2294,0.717164,0.711962,0.592643,0.383878,3262
T-B3-C,37,4,8000,30000,0.437765,0.455744,13.2214,0.721863,0.688051,0.504114,0.246689,3262
T-B3-C,37,4,8000,300000,0.401544,0.416708,11.1518,0.651968,0.625664,0.467826,0.237983,3262
T-B3-C,37,4.5,1000,30000,0.586547,0.653407,49.168,0.738869,0.848254,0.741807,0.595964,3262
T-B3-C,37,4.5,1000,300000,0.538692,0.591468,38.8107,0.669735,0.761571,0.680083,0.560049,3262
T-B3-C,37,4.5,3000,30000,0.494353,0.555149,44.7088,0.700019,0.775473,0.622884,0.4058,3262
T-B3-C,37,4.5,3000,300000,0.453199,0.503733,37.1621,0.632754,0.699658,0.573071,0.384018,3262
T-B3-C,37,4.5,8000,30000,0.40502,0.455744,37.3019,0.636836,0.676399,0.48829,0.246925,3262
T-B3-C,37,4.5,8000,300000,0.373584,0.416708,31.7128,0.579113,0.615629,0.453743,0.238203,3262
T-B3-C,37,5,1000,30000,0.507627,0.653407,107.205,0.534117,0.797966,0.66603,0.596155,3262
T-B3-C,37,5,1000,300000,0.472859,0.591468,87.2238,0.498556,0.721207,0.616246,0.56024,3262
T-B3-C,37,5,3000,30000,0.415048,0.555149,103.029,0.492061,0.731887,0.560551,0.406273,3262
T-B3-C,37,5,3000,300000,0.385068,0.503733,87.2651,0.453788,0.662824,0.5185,0.38446,3262
T-B3-C,37,5,8000,30000,0.335616,0.455744,88.341,0.453174,0.641363,0.443591,0.24768,3262
T-B3-C,37,5,8000,300000,0.312962,0.416708,76.2935,0.418438,0.58536,0.413768,0.238908,3262
T-B3-D,37,3,1000,30000,0.649755,0.653407,2.68534,0.903036,0.869311,0.780948,0.595613,3262
T-B3-D,37,3,1000,300000,0.588621,0.591468,2.09366,0.80009,0.778326,0.712589,0.559734,3262
T-B3-D,37,3,3000,30000,0.552053,0.555149,2.27684,0.849816,0.793315,0.653706,0.40541,3262
T-B3-D,37,3,3000,300000,0.501171,0.503733,1.88401,0.757897,0.714674,0.599863,0.38366,3262
T-B3-D,37,3,8000,30000,0.453269,0.455744,1.82004,0.762562,0.690613,0.50991,0.246491,3262
T-B3-D,37,3,8000,300000,0.414611,0.416708,1.54252,0.686489,0.627869,0.472976,0.237799,3262
T-B3-D,37,4,1000,30000,0.619401,0.653407,25.0076,0.8406,0.831962,0.751933,0.593302,3262
T-B3-D,37,4,1000,300000,0.564726,0.591468,19.666,0.751214,0.748527,0.688555,0.557734,3262
T-B3-D,37,4,3000,30000,0.525833,0.555149,21.5589,0.794691,0.7615,0.6309,0.403893,3262
T-B3-D,37,4,3000,300000,0.479362,0.503733,17.9221,0.7122,0.687877,0.580071,0.382297,3262
T-B3-D,37,4,8000,30000,0.432161,0.455744,17.3424,0.716947,0.665198,0.49384,0.245699,3262
T-B3-D,37,4,8000,300000,0.396647,0.416708,14.7527,0.647772,0.60597,0.4587,0.237068,3262
T-B3-D,37,4.5,1000,30000,0.560843,0.653407,68.0703,0.722207,0.754487,0.690584,0.588072,3262
T-B3-D,37,4.5,1000,300000,0.517494,0.591468,54.3997,0.656239,0.685826,0.637206,0.553192,3262
T-B3-D,37,4.5,3000,30000,0.472844,0.555149,60.5267,0.684453,0.693168,0.581171,0.400413,3262
T-B3-D,37,4.5,3000,300000,0.434684,0.503733,50.7781,0.619592,0.629891,0.536692,0.379166,3262
T-B3-D,37,4.5,8000,30000,0.388701,0.455744,49.3024,0.623677,0.609814,0.458279,0.243874,3262
T-B3-D,37,4.5,8000,300000,0.359251,0.416708,42.2532,0.56776,0.557964,0.426989,0.235382,3262
T-B3-D,37,5,1000,30000,0.447784,0.653407,151.213,0.505335,0.585102,0.550659,0.574043,3262
T-B3-D,37,5,1000,300000,0.422242,0.591468,124.447,0.474059,0.544366,0.517297,0.540889,3262
T-B3-D,37,5,3000,30000,0.36219,0.555149,141.9,0.462268,0.532175,0.459763,0.390765,3262
T-B3-D,37,5,3000,300000,0.338896,0.503733,121.219,0.427854,0.490879,0.429469,0.370446,3262
T-B3-D,37,5,8000,30000,0.294547,0.455744,118.543,0.426645,0.474718,0.368292,0.238754,3262
T-B3-D,37,5,8000,300000,0.27645,0.416708,103.145,0.395009,0.439231,0.345996,0.230635,3262
T-B3-C,38,3,1000,30000,0.650052,0.653407,2.4671,0.901633,0.869573,0.782861,0.595878,1102
T-B3-C,38,3,1000,300000,0.588878,0.591468,1.90447,0.798998,0.778536,0.714167,0.559963,1102
T-B3-C,38,3,3000,30000,0.552261,0.555149,2.12423,0.848603,0.793529,0.655198,0.405588,1102
T-B3-C,38,3,3000,300000,0.50136,0.503733,1.74562,0.756894,0.714855,0.601154,0.38382,1102
T-B3-C,38,3,8000,30000,0.45339,0.455744,1.73099,0.761568,0.690775,0.510962,0.246591,1102
T-B3-C,38,3,8000,300000,0.414725,0.416708,1.45862,0.685647,0.62801,0.473908,0.237891,1102
T-B3-C,38,4,1000,30000,0.622508,0.653407,22.7227,0.8286,0.83452,0.77005,0.595903,1102
T-B3-C,38,4,1000,300000,0.567384,0.591468,17.7112,0.741709,0.750589,0.70357,0.559988,1102
T-B3-C,38,4,3000,30000,0.528018,0.555149,19.9522,0.783917,0.763603,0.645224,0.40565,1102
T-B3-C,38,4,3000,300000,0.481322,0.503733,16.4809,0.703207,0.689664,0.592502,0.383878,1102
T-B3-C,38,4,8000,30000,0.433466,0.455744,16.3832,0.707985,0.666803,0.503999,0.246688,1102
T-B3-C,38,4,8000,300000,0.397858,0.416708,13.862,0.640122,0.607367,0.467724,0.237982,1102
T-B3-C,38,4.5,1000,30000,0.571078,0.653407,60.5435,0.694937,0.761994,0.74119,0.595962,1102
T-B3-C,38,4.5,1000,300000,0.526145,0.591468,48.0375,0.633928,0.691921,0.67957,0.560047,1102
T-B3-C,38,4.5,3000,30000,0.480229,0.555149,55.0953,0.658179,0.699497,0.622392,0.405799,1102
T-B3-C,38,4.5,3000,300000,0.441224,0.503733,45.9687,0.597265,0.635286,0.572644,0.384016,1102
T-B3-C,38,4.5,8000,30000,0.393295,0.455744,45.9239,0.60114,0.614708,0.487939,0.246924,1102
T-B3-C,38,4.5,8000,300000,0.363439,0.416708,39.1738,0.548246,0.56223,0.453432,0.238202,1102
T-B3-C,38,5,1000,30000,0.477603,0.653407,129.284,0.46608,0.602917,0.664398,0.596149,1102
T-B3-C,38,5,1000,300000,0.447597,0.591468,105.801,0.439951,0.559256,0.614871,0.560234,1102
T-B3-C,38,5,3000,30000,0.385565,0.555149,124.71,0.419714,0.548512,0.559196,0.406269,1102
T-B3-C,38,5,3000,300000,0.359508,0.503733,106.062,0.390368,0.505001,0.517314,0.384456,1102
T-B3-C,38,5,8000,30000,0.310216,0.455744,107.02,0.387663,0.487883,0.442605,0.247677,1102
T-B3-C,38,5,8000,300000,0.290572,0.416708,92.7594,0.360257,0.450821,0.412886,0.238906,1102
T-B3-D,38,3,1000,30000,0.648437,0.653407,3.65431,0.901484,0.86567,0.778254,0.595125,1102
T-B3-D,38,3,1000,300000,0.587552,0.591468,2.87993,0.798882,0.775433,0.710365,0.559311,1102
T-B3-D,38,3,3000,30000,0.550993,0.555149,3.05616,0.848475,0.790245,0.651603,0.405081,1102
T-B3-D,38,3,3000,300000,0.500267,0.503733,2.54878,0.756787,0.712093,0.598041,0.383364,1102
T-B3-D,38,3,8000,30000,0.45248,0.455744,2.39981,0.761463,0.688169,0.508428,0.246306,1102
T-B3-D,38,3,8000,300000,0.413924,0.416708,2.04779,0.685557,0.625767,0.471661,0.237628,1102
T-B3-D,38,4,1000,30000,0.607683,0.653407,33.6248,0.827348,0.799904,0.72776,0.588734,1102
T-B3-D,38,4,1000,300000,0.555104,0.591468,26.7415,0.740712,0.722729,0.668416,0.553762,1102
T-B3-D,38,4,3000,30000,0.516148,0.555149,28.6814,0.782789,0.733613,0.611515,0.400764,1102
T-B3-D,38,4,3000,300000,0.471049,0.503733,24.0358,0.702262,0.664287,0.563204,0.379478,1102
T-B3-D,38,4,8000,30000,0.424877,0.455744,22.6987,0.707046,0.642721,0.480006,0.243925,1102
T-B3-D,38,4,8000,300000,0.390267,0.416708,19.4443,0.639318,0.586537,0.446388,0.235428,1102
T-B3-D,38,4.5,1000,30000,0.532044,0.653407,89.2491,0.692196,0.677497,0.630311,0.575663,1102
T-B3-D,38,4.5,1000,300000,0.493303,0.591468,72.1896,0.631667,0.622282,0.586054,0.542299,1102
T-B3-D,38,4.5,3000,30000,0.447763,0.555149,78.9708,0.65551,0.622024,0.530178,0.391622,1102
T-B3-D,38,4.5,3000,300000,0.412884,0.503733,66.8096,0.594985,0.568883,0.491898,0.371211,1102
T-B3-D,38,4.5,8000,30000,0.369413,0.455744,63.4869,0.598842,0.550922,0.4209,0.238795,1102
T-B3-D,38,4.5,8000,300000,0.342183,0.416708,54.8051,0.546247,0.506497,0.393486,0.230669,1102
T-B3-D,38,5,1000,30000,0.398702,0.653407,187.307,0.462431,0.461574,0.44648,0.54797,1102
T-B3-D,38,5,1000,300000,0.379164,0.591468,156.126,0.436746,0.437151,0.425372,0.517506,1102
T-B3-D,38,5,3000,30000,0.315279,0.555149,176.398,0.415694,0.404668,0.362006,0.370897,1102
T-B3-D,38,5,3000,300000,0.297048,0.503733,151.994,0.386802,0.378296,0.341738,0.352272,1102
T-B3-D,38,5,8000,30000,0.256636,0.455744,146.422,0.38394,0.362652,0.292016,0.226715,1102
T-B3-D,38,5,8000,300000,0.24218,0.416708,128.346,0.356919,0.338986,0.276528,0.219384,1102
T-B3-C,39,3,1000,30000,0.650435,0.653407,2.18541,0.902577,0.871995,0.782879,0.595878,3310
T-B3-C,39,3,1000,300000,0.58918,0.591468,1.68228,0.799735,0.780457,0.714182,0.559963,3310
T-B3-C,39,3,3000,30000,0.552586,0.555149,1.88487,0.849418,0.795572,0.655212,0.405588,3310
T-B3-C,39,3,3000,300000,0.501632,0.503733,1.54556,0.757569,0.716569,0.601166,0.38382,3310
T-B3-C,39,3,8000,30000,0.453651,0.455744,1.53872,0.762234,0.692404,0.510971,0.246591,3310
T-B3-C,39,3,8000,300000,0.414948,0.416708,1.29412,0.686212,0.629409,0.473916,0.237891,3310
T-B3-C,39,4,1000,30000,0.625979,0.653407,20.1701,0.836704,0.857179,0.770221,0.595903,3310
T-B3-C,39,4,1000,300000,0.570151,0.591468,15.6761,0.748139,0.768684,0.703711,0.559988,3310
T-B3-C,39,4,3000,30000,0.531038,0.555149,17.7315,0.791173,0.78303,0.645358,0.405651,3310
T-B3-C,39,4,3000,300000,0.48386,0.503733,14.6143,0.709273,0.706028,0.592618,0.383878,3310
T-B3-C,39,4,8000,30000,0.435913,0.455744,14.5833,0.714008,0.682395,0.504094,0.246689,3310
T-B3-C,39,4,8000,300000,0.399962,0.416708,12.3151,0.64527,0.6208,0.467808,0.237983,3310
T-B3-C,39,4.5,1000,30000,0.579999,0.653407,53.9829,0.713479,0.823787,0.741698,0.595963,3310
T-B3-C,39,4.5,1000,300000,0.533402,0.591468,42.7014,0.649111,0.741977,0.679992,0.560049,3310
T-B3-C,39,4.5,3000,30000,0.488336,0.555149,49.1334,0.675974,0.754308,0.622797,0.4058,3310
T-B3-C,39,4.5,3000,300000,0.448114,0.503733,40.9017,0.612402,0.681806,0.572996,0.384017,3310
T-B3-C,39,4.5,8000,30000,0.399987,0.455744,41.0032,0.616363,0.659329,0.488228,0.246925,3310
T-B3-C,39,4.5,8000,300000,0.369242,0.416708,34.9059,0.56144,0.600907,0.453688,0.238203,3310
T-B3-C,39,5,1000,30000,0.494901,0.653407,116.563,0.493104,0.735157,0.665741,0.596154,3310
T-B3-C,39,5,1000,300000,0.462189,0.591468,95.0704,0.463426,0.669907,0.616002,0.560239,3310
T-B3-C,39,5,3000,30000,0.402509,0.555149,112.25,0.44889,0.674934,0.560312,0.406272,3310
T-B3-C,39,5,3000,300000,0.374225,0.503733,95.2388,0.416072,0.614276,0.518291,0.384459,3310
T-B3-C,39,5,8000,30000,0.324742,0.455744,96.3373,0.414301,0.594493,0.443416,0.247679,3310
T-B3-C,39,5,8000,300000,0.303401,0.416708,83.3248,0.38401,0.544593,0.413612,0.238908,3310
T-B3-D,39,3,1000,30000,0.64897,0.653407,3.26237,0.901977,0.867004,0.779477,0.595374,3310
T-B3-D,39,3,1000,300000,0.587987,0.591468,2.5601,0.799266,0.776493,0.711375,0.559527,3310
T-B3-D,39,3,3000,30000,0.551417,0.555149,2.74435,0.848901,0.791371,0.652558,0.405249,3310
T-B3-D,39,3,3000,300000,0.500631,0.503733,2.28162,0.75714,0.71304,0.598868,0.383515,3310
T-B3-D,39,3,8000,30000,0.452791,0.455744,2.17168,0.761812,0.689065,0.509101,0.2464,3310
T-B3-D,39,3,8000,300000,0.414195,0.416708,1.84812,0.685853,0.626538,0.472258,0.237715,3310
T-B3-D,39,4,1000,30000,0.612356,0.653407,30.1884,0.831507,0.811385,0.738549,0.591033,3310
T-B3-D,39,4,1000,300000,0.558966,0.591468,23.9015,0.744013,0.731993,0.67742,0.555763,3310
T-B3-D,39,4,3000,30000,0.519981,0.555149,25.8622,0.786537,0.74366,0.620205,0.402345,3310
T-B3-D,39,4,3000,300000,0.474355,0.503733,21.6041,0.705394,0.672798,0.570772,0.380903,3310
T-B3-D,39,4,8000,30000,0.427717,0.455744,20.6103,0.710166,0.650838,0.486219,0.244823,3310
T-B3-D,39,4,8000,300000,0.392766,0.416708,17.6067,0.641984,0.593562,0.451921,0.236259,3310
T-B3-D,39,4.5,1000,30000,0.543188,0.653407,81.0537,0.701381,0.703816,0.656289,0.581692,3310
T-B3-D,39,4.5,1000,300000,0.502739,0.591468,65.2502,0.639212,0.644146,0.608194,0.547609,3310
T-B3-D,39,4.5,3000,30000,0.457456,0.555149,71.8425,0.664441,0.646709,0.552406,0.395942,3310
T-B3-D,39,4.5,3000,300000,0.421356,0.503733,60.5794,0.602593,0.590127,0.511467,0.375126,3310
T-B3-D,39,4.5,8000,30000,0.37678,0.455744,58.069,0.606527,0.571493,0.437285,0.241307,3310
T-B3-D,39,4.5,8000,300000,0.348736,0.416708,49.986,0.552915,0.524526,0.408196,0.233003,3310
T-B3-D,39,5,1000,30000,0.416399,0.653407,174.293,0.474908,0.499934,0.488065,0.559554,3310
T-B3-D,39,5,1000,300000,0.394855,0.591468,144.587,0.447652,0.470825,0.462358,0.527973,3310
T-B3-D,39,5,3000,30000,0.332296,0.555149,163.884,0.429394,0.445123,0.401731,0.379929,3310
T-B3-D,39,5,3000,300000,0.312329,0.503733,140.757,0.398914,0.414261,0.377551,0.360566,3310
T-B3-D,39,5,8000,30000,0.27033,0.455744,136.351,0.39659,0.398709,0.323397,0.232275,3310
T-B3-D,39,5,8000,300000,0.254631,0.416708,119.19,0.368231,0.371414,0.305205,0.224593,3310
T-B3-C,40,3,1000,30000,0.650112,0.653407,2.42264,0.901768,0.870005,0.78286,0.595878,340
T-B3-C,40,3,1000,300000,0.588926,0.591468,1.86943,0.799103,0.778879,0.714166,0.559963,340
T-B3-C,40,3,3000,30000,0.552312,0.555149,2.08641,0.848719,0.793893,0.655197,0.405588,340
T-B3-C,40,3,3000,300000,0.501403,0.503733,1.71401,0.75699,0.715161,0.601153,0.38382,340
T-B3-C,40,3,8000,30000,0.453431,0.455744,1.70063,0.761663,0.691066,0.510961,0.246591,340
T-B3-C,40,3,8000,300000,0.41476,0.416708,1.43264,0.685727,0.628259,0.473907,0.237891,340
T-B3-C,40,4,1000,30000,0.623045,0.653407,22.3275,0.829736,0.838468,0.770033,0.595902,340
T-B3-C,40,4,1000,300000,0.567813,0.591468,17.3959,0.742611,0.75375,0.703556,0.559988,340
T-B3-C,40,4,3000,30000,0.528488,0.555149,19.6062,0.784938,0.767009,0.645211,0.40565,340
T-B3-C,40,4,3000,300000,0.481718,0.503733,16.1898,0.704061,0.692536,0.59249,0.383878,340
T-B3-C,40,4,8000,30000,0.433847,0.455744,16.1024,0.708833,0.669544,0.503989,0.246688,340
T-B3-C,40,4,8000,300000,0.398187,0.416708,13.6206,0.640848,0.60973,0.467715,0.237982,340
T-B3-C,40,4.5,1000,30000,0.572402,0.653407,59.5699,0.69746,0.772264,0.74114,0.595961,340
T-B3-C,40,4.5,1000,300000,0.527226,0.591468,47.2427,0.636,0.700296,0.679528,0.560046,340
T-B3-C,40,4.5,3000,30000,0.481453,0.555149,54.1956,0.660625,0.708756,0.622352,0.405798,340
T-B3-C,40,4.5,3000,300000,0.442266,0.503733,45.2025,0.59935,0.643172,0.572609,0.384016,340
T-B3-C,40,4.5,8000,30000,0.394311,0.455744,45.1773,0.60324,0.622298,0.48791,0.246924,340
T-B3-C,40,4.5,8000,300000,0.364321,0.416708,38.5251,0.550069,0.568827,0.453406,0.238202,340
T-B3-C,40,5,1000,30000,0.479906,0.653407,127.591,0.469526,0.62256,0.664266,0.596146,340
T-B3-C,40,5,1000,300000,0.449558,0.591468,104.359,0.442961,0.575933,0.61476,0.560232,340
T-B3-C,40,5,3000,30000,0.387902,0.555149,122.992,0.423495,0.567909,0.559086,0.406267,340
T-B3-C,40,5,3000,300000,0.361547,0.503733,104.563,0.39371,0.521907,0.517218,0.384454,340
T-B3-C,40,5,8000,30000,0.312255,0.455744,105.52,0.391147,0.504514,0.442524,0.247676,340
T-B3-C,40,5,8000,300000,0.292379,0.416708,91.4304,0.363372,0.465545,0.412814,0.238905,340
T-B3-D,40,3,1000,30000,0.648904,0.653407,3.31149,0.90164,0.866738,0.779528,0.595384,340
T-B3-D,40,3,1000,300000,0.587935,0.591468,2.59802,0.799003,0.776282,0.711417,0.559536,340
T-B3-D,40,3,3000,30000,0.551359,0.555149,2.78751,0.848609,0.791145,0.652598,0.405256,340
T-B3-D,40,3,3000,300000,0.500582,0.503733,2.31716,0.756899,0.712851,0.598903,0.383521,340
T-B3-D,40,3,8000,30000,0.452742,0.455744,2.2077,0.761573,0.688885,0.509129,0.246404,340
T-B3-D,40,3,8000,300000,0.414154,0.416708,1.87855,0.685651,0.626383,0.472283,0.237719,340
T-B3-D,40,4,1000,30000,0.611795,0.653407,30.6009,0.828661,0.809074,0.739008,0.591125,340
T-B3-D,40,4,1000,300000,0.558525,0.591468,24.2258,0.741756,0.730132,0.677802,0.555843,340
T-B3-D,40,4,3000,30000,0.519466,0.555149,26.241,0.783972,0.741636,0.620573,0.402408,340
T-B3-D,40,4,3000,300000,0.473927,0.503733,21.919,0.703252,0.671086,0.571092,0.38096,340
T-B3-D,40,4,8000,30000,0.42728,0.455744,20.9321,0.70803,0.649197,0.486481,0.244859,340
T-B3-D,40,4,8000,300000,0.392394,0.416708,17.8805,0.64016,0.592144,0.452155,0.236292,340
T-B3-D,40,4.5,1000,30000,0.541965,0.653407,81.9533,0.69508,0.698432,0.657426,0.581944,340
T-B3-D,40,4.5,1000,300000,0.501744,0.591468,65.9823,0.634039,0.639688,0.609159,0.547829,340
T-B3-D,40,4.5,3000,30000,0.456235,0.555149,72.7407,0.658317,0.641668,0.55337,0.39612,340
T-B3-D,40,4.5,3000,300000,0.420322,0.503733,61.3399,0.597379,0.585798,0.512314,0.375287,340
T-B3-D,40,4.5,8000,30000,0.375704,0.455744,58.8605,0.601255,0.567284,0.437992,0.24141,340
T-B3-D,40,4.5,8000,300000,0.347806,0.416708,50.6698,0.548343,0.520844,0.40883,0.233098,340
T-B3-D,40,5,1000,30000,0.414815,0.653407,175.458,0.466293,0.491853,0.489989,0.560078,340
T-B3-D,40,5,1000,300000,0.393482,0.591468,145.597,0.440124,0.463761,0.464061,0.528444,340
T-B3-D,40,5,3000,30000,0.33047,0.555149,165.227,0.419948,0.436621,0.403547,0.38033,340
T-B3-D,40,5,3000,300000,0.310725,0.503733,141.936,0.390565,0.406723,0.379184,0.360932,340
T-B3-D,40,5,8000,30000,0.268579,0.455744,137.639,0.387871,0.391134,0.324819,0.232518,340
T-B3-D,40,5,8000,300000,0.253073,0.416708,120.336,0.360436,0.364617,0.306501,0.224821,340
T-B3-C,41,3,1000,30000,0.650564,0.653407,2.0902,0.903103,0.872445,0.782881,0.595878,1693
T-B3-C,41,3,1000,300000,0.589282,0.591468,1.60776,0.800145,0.780814,0.714183,0.559963,1693
T-B3-C,41,3,3000,30000,0.552697,0.555149,1.80327,0.849872,0.795951,0.655213,0.405588,1693
T-B3-C,41,3,3000,300000,0.501724,0.503733,1.47778,0.757945,0.716888,0.601168,0.38382,1693
T-B3-C,41,3,8000,30000,0.453741,0.455744,1.47247,0.762607,0.692707,0.510972,0.246591,1693
T-B3-C,41,3,8000,300000,0.415025,0.416708,1.23776,0.686528,0.629669,0.473917,0.237891,1693
T-B3-C,41,4,1000,30000,0.627146,0.653407,19.3114,0.841295,0.861522,0.77024,0.595903,1693
T-B3-C,41,4,1000,300000,0.571076,0.591468,14.996,0.751771,0.772139,0.703726,0.559988,1693
T-B3-C,41,4,3000,30000,0.532063,0.555149,16.9773,0.795272,0.786727,0.645373,0.405651,1693
T-B3-C,41,4,3000,300000,0.484718,0.503733,13.9839,0.712692,0.709135,0.592631,0.383878,1693
T-B3-C,41,4,8000,30000,0.436754,0.455744,13.9651,0.71741,0.685357,0.504104,0.246689,1693
T-B3-C,41,4,8000,300000,0.400681,0.416708,11.7865,0.648173,0.623348,0.467817,0.237983,1693
T-B3-C,41,4.5,1000,30000,0.582979,0.653407,51.7915,0.724338,0.83642,0.741753,0.595964,1693
T-B3-C,41,4.5,1000,300000,0.535813,0.591468,40.9281,0.657951,0.752112,0.680038,0.560049,1693
T-B3-C,41,4.5,3000,30000,0.491072,0.555149,47.1219,0.686293,0.765283,0.622841,0.4058,1693
T-B3-C,41,4.5,3000,300000,0.450429,0.503733,39.1997,0.621147,0.691072,0.573034,0.384018,1693
T-B3-C,41,4.5,8000,30000,0.402271,0.455744,39.3232,0.62516,0.668195,0.488259,0.246925,1693
T-B3-C,41,4.5,8000,300000,0.371215,0.416708,33.455,0.569041,0.608559,0.453716,0.238203,1693
T-B3-C,41,5,1000,30000,0.500656,0.653407,112.331,0.510163,0.76656,0.665887,0.596155,1693
T-B3-C,41,5,1000,300000,0.467024,0.591468,91.5145,0.478099,0.695671,0.616125,0.560239,1693
T-B3-C,41,5,3000,30000,0.408187,0.555149,108.074,0.466978,0.703703,0.560433,0.406273,1693
T-B3-C,41,5,3000,300000,0.379142,0.503733,91.6231,0.431913,0.638861,0.518396,0.38446,1693
T-B3-C,41,5,8000,30000,0.329663,0.455744,92.7183,0.43065,0.618278,0.443504,0.24768,1693
T-B3-C,41,5,8000,300000,0.307733,0.416708,80.1389,0.398518,0.565321,0.413691,0.238908,1693
T-B3-D,41,3,1000,30000,0.649611,0.653407,2.79103,0.902571,0.868969,0.780837,0.595597,1693
T-B3-D,41,3,1000,300000,0.588507,0.591468,2.17719,0.799728,0.778054,0.712498,0.55972,1693
T-B3-D,41,3,3000,30000,0.551932,0.555149,2.36578,0.849413,0.793027,0.65362,0.405399,1693
T-B3-D,41,3,3000,300000,0.50107,0.503733,1.95837,0.757565,0.714432,0.599788,0.38365,1693
T-B3-D,41,3,8000,30000,0.453173,0.455744,1.89047,0.762232,0.690383,0.50985,0.246484,1693
T-B3-D,41,3,8000,300000,0.414529,0.416708,1.60276,0.686209,0.627671,0.472922,0.237793,1693
T-B3-D,41,4,1000,30000,0.618129,0.653407,25.9431,0.836592,0.828854,0.750909,0.593144,1693
T-B3-D,41,4,1000,300000,0.563706,0.591468,20.4157,0.748045,0.746037,0.687705,0.557597,1693
T-B3-D,41,4,3000,30000,0.524732,0.555149,22.3687,0.791096,0.758816,0.630086,0.403785,1693
T-B3-D,41,4,3000,300000,0.478435,0.503733,18.6042,0.709203,0.685612,0.579364,0.3822,1693
T-B3-D,41,4,8000,30000,0.43128,0.455744,17.9906,0.713956,0.663038,0.493261,0.245638,1693
T-B3-D,41,4,8000,300000,0.395889,0.416708,15.3104,0.645221,0.604106,0.458185,0.237012,1693
T-B3-D,41,4.5,1000,30000,0.557738,0.653407,70.3537,0.712969,0.746535,0.687874,0.587612,1693
T-B3-D,41,4.5,1000,300000,0.514939,0.591468,56.2786,0.648701,0.679322,0.634923,0.55279,1693
T-B3-D,41,4.5,3000,30000,0.47001,0.555149,62.6108,0.675585,0.685958,0.578923,0.400094,1693
T-B3-D,41,4.5,3000,300000,0.432261,0.503733,52.5598,0.61207,0.62374,0.534725,0.378878,1693
T-B3-D,41,4.5,8000,30000,0.386383,0.455744,51.0073,0.616077,0.60389,0.456647,0.243692,1693
T-B3-D,41,4.5,8000,300000,0.357232,0.416708,43.7381,0.56119,0.552809,0.425531,0.235214,1693
T-B3-D,41,5,1000,30000,0.442503,0.653407,155.097,0.491657,0.570652,0.545347,0.572908,1693
T-B3-D,41,5,1000,300000,0.417676,0.591468,127.804,0.462216,0.532005,0.51267,0.539884,1693
T-B3-D,41,5,3000,30000,0.356911,0.555149,145.783,0.447519,0.51766,0.454926,0.389935,1693
T-B3-D,41,5,3000,300000,0.334246,0.503733,124.639,0.414891,0.478177,0.42516,0.369692,1693
T-B3-D,41,5,8000,30000,0.290027,0.455744,121.867,0.413175,0.462166,0.364593,0.238265,1693
T-B3-D,41,5,8000,300000,0.272413,0.416708,106.113,0.383024,0.428084,0.342646,0.23018,1693
T-B3-C,42,3,1000,30000,0.650383,0.653407,2.22344,0.902392,0.871761,0.782878,0.595878,2884
T-B3-C,42,3,1000,300000,0.58914,0.591468,1.71215,0.799591,0.780271,0.714181,0.559963,2884
T-B3-C,42,3,3000,30000,0.552542,0.555149,1.91737,0.849258,0.795374,0.655211,0.405588,2884
T-B3-C,42,3,3000,300000,0.501595,0.503733,1.57263,0.757437,0.716404,0.601166,0.38382,2884
T-B3-C,42,3,8000,30000,0.453616,0.455744,1.56502,0.762104,0.692246,0.510971,0.246591,2884
T-B3-C,42,3,8000,300000,0.414918,0.416708,1.31654,0.686102,0.629274,0.473916,0.237891,2884
T-B3-C,42,4,1000,30000,0.62551,0.653407,20.5146,0.835102,0.854941,0.770211,0.595903,2884
T-B3-C,42,4,1000,300000,0.569779,0.591468,15.9497,0.74687,0.766901,0.703703,0.559988,2884
T-B3-C,42,4,3000,30000,0.530628,0.555149,18.0329,0.789742,0.781121,0.64535,0.40565,2884
T-B3-C,42,4,3000,300000,0.483517,0.503733,14.8668,0.708078,0.704422,0.592611,0.383878,2884
T-B3-C,42,4,8000,30000,0.435578,0.455744,14.8293,0.712821,0.680865,0.504088,0.246689,2884
T-B3-C,42,4,8000,300000,0.399675,0.416708,12.5259,0.644257,0.619483,0.467803,0.237983,2884
T-B3-C,42,4.5,1000,30000,0.578795,0.653407,54.8686,0.709735,0.817395,0.741668,0.595963,2884
T-B3-C,42,4.5,1000,300000,0.532425,0.591468,43.4194,0.646056,0.736834,0.679967,0.560048,2884
T-B3-C,42,4.5,3000,30000,0.487236,0.555149,49.9423,0.672405,0.748721,0.622773,0.4058,2884
T-B3-C,42,4.5,3000,300000,0.447182,0.503733,41.5872,0.609372,0.677082,0.572975,0.384017,2884
T-B3-C,42,4.5,8000,30000,0.399072,0.455744,41.6757,0.613317,0.654805,0.488211,0.246925,2884
T-B3-C,42,4.5,8000,300000,0.368451,0.416708,35.4875,0.558805,0.596997,0.453673,0.238203,2884
T-B3-C,42,5,1000,30000,0.492552,0.653407,118.291,0.487389,0.719969,0.665661,0.596154,2884
T-B3-C,42,5,1000,300000,0.460213,0.591468,96.5234,0.458489,0.65737,0.615935,0.560238,2884
T-B3-C,42,5,3000,30000,0.400201,0.555149,113.947,0.442786,0.66083,0.560245,0.406272,2884
T-B3-C,42,5,3000,300000,0.372225,0.503733,96.7095,0.410713,0.602182,0.518232,0.384459,2884
T-B3-C,42,5,8000,30000,0.322752,0.455744,97.8011,0.408764,0.582761,0.443368,0.247679,2884
T-B3-C,42,5,8000,300000,0.301647,0.416708,84.6146,0.379086,0.534341,0.413569,0.238908,2884
T-B3-D,42,3,1000,30000,0.648824,0.653407,3.37019,0.901845,0.866601,0.779148,0.595313,2884
T-B3-D,42,3,1000,300000,0.587867,0.591468,2.64795,0.799162,0.776173,0.711103,0.559475,2884
T-B3-D,42,3,3000,30000,0.5513,0.555149,2.83046,0.848786,0.791031,0.652301,0.405208,2884
T-B3-D,42,3,3000,300000,0.50053,0.503733,2.3553,0.757045,0.712754,0.598646,0.383478,2884
T-B3-D,42,3,8000,30000,0.452704,0.455744,2.23508,0.761718,0.688795,0.50892,0.246377,2884
T-B3-D,42,3,8000,300000,0.41412,0.416708,1.90355,0.685774,0.626305,0.472097,0.237694,2884
T-B3-D,42,4,1000,30000,0.611059,0.653407,31.142,0.830381,0.807885,0.735616,0.590465,2884
T-B3-D,42,4,1000,300000,0.557897,0.591468,24.688,0.743119,0.729171,0.674974,0.555269,2884
T-B3-D,42,4,3000,30000,0.518916,0.555149,26.6457,0.785524,0.740605,0.617848,0.401956,2884
T-B3-D,42,4,3000,300000,0.473438,0.503733,22.279,0.704547,0.670211,0.56872,0.380553,2884
T-B3-D,42,4,8000,30000,0.426924,0.455744,21.1939,0.709323,0.648372,0.484535,0.244603,2884
T-B3-D,42,4,8000,300000,0.392069,0.416708,18.1195,0.641264,0.591429,0.450422,0.236054,2884
T-B3-D,42,4.5,1000,30000,0.540041,0.653407,83.3682,0.698869,0.695651,0.649086,0.580165,2884
T-B3-D,42,4.5,1000,300000,0.500082,0.591468,67.2043,0.63715,0.637379,0.602069,0.546267,2884
T-B3-D,42,4.5,3000,30000,0.454724,0.555149,73.8516,0.662008,0.639092,0.54628,0.394857,2884
T-B3-D,42,4.5,3000,300000,0.418973,0.503733,62.3321,0.600521,0.583581,0.50608,0.374144,2884
T-B3-D,42,4.5,8000,30000,0.374697,0.455744,59.6012,0.604435,0.565162,0.432783,0.240679,2884
T-B3-D,42,4.5,8000,300000,0.346886,0.416708,51.3466,0.551101,0.518983,0.404158,0.23242,2884
T-B3-D,42,5,1000,30000,0.411206,0.653407,178.112,0.471425,0.487645,0.47608,0.556447,2884
T-B3-D,42,5,1000,300000,0.390268,0.591468,147.961,0.44461,0.460075,0.451739,0.525178,2884
T-B3-D,42,5,3000,30000,0.32733,0.555149,167.536,0.425591,0.432244,0.390372,0.377537,2884
T-B3-D,42,5,3000,300000,0.307878,0.503733,144.03,0.395553,0.402836,0.367333,0.358374,2884
T-B3-D,42,5,8000,30000,0.266337,0.455744,139.288,0.393088,0.387283,0.314477,0.230816,2884
T-B3-D,42,5,8000,300000,0.251006,0.416708,121.855,0.3651,0.361155,0.297067,0.223229,2884
T-B3-C,43,3,1000,30000,0.650326,0.653407,2.26564,0.902232,0.871428,0.782875,0.595878,531
T-B3-C,43,3,1000,300000,0.589094,0.591468,1.74542,0.799466,0.780007,0.714179,0.559963,531
T-B3-C,43,3,3000,30000,0.552493,0.555149,1.95325,0.84912,0.795093,0.655209,0.405588,531
T-B3-C,43,3,3000,300000,0.501554,0.503733,1.6026,0.757322,0.716168,0.601164,0.38382,531
T-B3-C,43,3,8000,30000,0.453576,0.455744,1.5939,0.761991,0.692022,0.510969,0.246591,531
T-B3-C,43,3,8000,300000,0.414884,0.416708,1.34124,0.686006,0.629081,0.473915,0.237891,531
T-B3-C,43,4,1000,30000,0.624986,0.653407,20.9005,0.833714,0.851772,0.770183,0.595903,531
T-B3-C,43,4,1000,300000,0.569361,0.591468,16.2569,0.74577,0.764375,0.70368,0.559988,531
T-B3-C,43,4,3000,30000,0.530172,0.555149,18.3681,0.788502,0.778414,0.645329,0.40565,531
T-B3-C,43,4,3000,300000,0.483134,0.503733,15.1482,0.707042,0.702145,0.592593,0.383878,531
T-B3-C,43,4,8000,30000,0.435209,0.455744,15.1013,0.711792,0.678696,0.504073,0.246689,531
T-B3-C,43,4,8000,300000,0.399358,0.416708,12.7594,0.643378,0.617616,0.467789,0.237983,531
T-B3-C,43,4.5,1000,30000,0.57742,0.653407,55.8797,0.706506,0.808447,0.741586,0.595963,531
T-B3-C,43,4.5,1000,300000,0.53131,0.591468,44.2394,0.643417,0.729622,0.679899,0.560048,531
T-B3-C,43,4.5,3000,30000,0.485994,0.555149,50.8559,0.669324,0.740874,0.622708,0.405799,531
T-B3-C,43,4.5,3000,300000,0.446128,0.503733,42.3623,0.606754,0.67044,0.572918,0.384017,531
T-B3-C,43,4.5,8000,30000,0.398047,0.455744,42.4292,0.610687,0.648446,0.488164,0.246925,531
T-B3-C,43,4.5,8000,300000,0.367564,0.416708,36.1401,0.556527,0.591497,0.453632,0.238203,531
T-B3-C,43,5,1000,30000,0.489764,0.653407,120.341,0.482522,0.699272,0.665446,0.596153,531
T-B3-C,43,5,1000,300000,0.457874,0.591468,98.2438,0.454276,0.640222,0.615754,0.560237,531
T-B3-C,43,5,3000,30000,0.397502,0.555149,115.932,0.437574,0.64147,0.560067,0.406271,531
T-B3-C,43,5,3000,300000,0.369888,0.503733,98.4282,0.40613,0.585544,0.518076,0.384458,531
T-B3-C,43,5,8000,30000,0.320449,0.455744,99.4942,0.404029,0.566611,0.443238,0.247679,531
T-B3-C,43,5,8000,300000,0.299619,0.416708,86.1062,0.374871,0.520201,0.413452,0.238907,531
T-B3-D,43,3,1000,30000,0.648663,0.653407,3.48823,0.901725,0.86618,0.778764,0.595237,531
T-B3-D,43,3,1000,300000,0.587736,0.591468,2.74446,0.799069,0.775838,0.710787,0.559409,531
T-B3-D,43,3,3000,30000,0.551173,0.555149,2.9241,0.848683,0.790675,0.652002,0.405157,531
T-B3-D,43,3,3000,300000,0.500421,0.503733,2.43565,0.75696,0.712455,0.598386,0.383432,531
T-B3-D,43,3,8000,30000,0.452612,0.455744,2.30333,0.761634,0.688512,0.508709,0.246348,531
T-B3-D,43,3,8000,300000,0.414038,0.416708,1.96338,0.685702,0.626061,0.47191,0.237667,531
T-B3-D,43,4,1000,30000,0.609647,0.653407,32.1806,0.829372,0.804254,0.732226,0.589762,531
T-B3-D,43,4,1000,300000,0.556728,0.591468,25.5477,0.742318,0.726242,0.672146,0.554657,531
T-B3-D,43,4,3000,30000,0.517761,0.555149,27.4946,0.784616,0.737428,0.615119,0.401473,531
T-B3-D,43,4,3000,300000,0.472441,0.503733,23.0121,0.703788,0.66752,0.566344,0.380117,531
T-B3-D,43,4,8000,30000,0.426072,0.455744,21.8203,0.708568,0.645806,0.482584,0.244328,531
T-B3-D,43,4,8000,300000,0.391318,0.416708,18.6714,0.640618,0.589208,0.448685,0.2358,531
T-B3-D,43,4.5,1000,30000,0.536649,0.653407,85.8623,0.696632,0.687312,0.640893,0.578308,531
T-B3-D,43,4.5,1000,300000,0.497207,0.591468,69.3183,0.635311,0.630452,0.595089,0.544632,531
T-B3-D,43,4.5,3000,30000,0.45179,0.555149,76.0096,0.659838,0.631275,0.539277,0.393528,531
T-B3-D,43,4.5,3000,300000,0.416405,0.503733,64.2201,0.598671,0.576854,0.499916,0.37294,531
T-B3-D,43,4.5,8000,30000,0.372476,0.455744,61.2343,0.602568,0.558649,0.427623,0.239907,531
T-B3-D,43,4.5,8000,300000,0.344908,0.416708,52.8008,0.54948,0.513275,0.399527,0.231703,531
T-B3-D,43,5,1000,30000,0.405744,0.653407,182.129,0.468355,0.475458,0.462882,0.55283,531
T-B3-D,43,5,1000,300000,0.385422,0.591468,151.524,0.441925,0.449379,0.440007,0.521913,531
T-B3-D,43,5,3000,30000,0.32211,0.555149,171.375,0.422233,0.419397,0.377776,0.374724,531
T-B3-D,43,5,3000,300000,0.303187,0.503733,147.48,0.392582,0.391416,0.355982,0.355792,531
T-B3-D,43,5,8000,30000,0.262159,0.455744,142.36,0.389993,0.375837,0.304535,0.229088,531
T-B3-D,43,5,8000,300000,0.247205,0.416708,124.651,0.362331,0.350862,0.287985,0.221611,531
T-B3-C,44,3,1000,30000,0.650486,0.653407,2.14773,0.902765,0.872213,0.78288,0.595878,1855
T-B3-C,44,3,1000,300000,0.589221,0.591468,1.65272,0.799882,0.78063,0.714183,0.559963,1855
T-B3-C,44,3,3000,30000,0.55263,0.555149,1.85267,0.84958,0.795755,0.655213,0.405588,1855
T-B3-C,44,3,3000,300000,0.501668,0.503733,1.51876,0.757704,0.716724,0.601167,0.38382,1855
T-B3-C,44,3,8000,30000,0.453687,0.455744,1.51266,0.762368,0.69255,0.510972,0.246591,1855
T-B3-C,44,3,8000,300000,0.414979,0.416708,1.27191,0.686325,0.629535,0.473917,0.237891,1855
T-B3-C,44,4,1000,30000,0.626444,0.653407,19.8279,0.838347,0.859274,0.770234,0.595903,1855
T-B3-C,44,4,1000,300000,0.57052,0.591468,15.4046,0.74944,0.770351,0.703722,0.559988,1855
T-B3-C,44,4,3000,30000,0.531444,0.555149,17.4323,0.79264,0.784814,0.645368,0.405651,1855
T-B3-C,44,4,3000,300000,0.484201,0.503733,14.3638,0.710497,0.707528,0.592627,0.383878,1855
T-B3-C,44,4,8000,30000,0.436245,0.455744,14.339,0.715225,0.683825,0.504101,0.246689,1855
T-B3-C,44,4,8000,300000,0.400246,0.416708,12.1058,0.646309,0.62203,0.467814,0.237983,1855
T-B3-C,44,4.5,1000,30000,0.581203,0.653407,53.0976,0.717356,0.829845,0.741736,0.595964,1855
T-B3-C,44,4.5,1000,300000,0.534376,0.591468,41.9849,0.65227,0.746841,0.680024,0.560049,1855
T-B3-C,44,4.5,3000,30000,0.489434,0.555149,48.3265,0.67966,0.75958,0.622827,0.4058,1855
T-B3-C,44,4.5,3000,300000,0.449043,0.503733,40.2185,0.615527,0.686259,0.573022,0.384018,1855
T-B3-C,44,4.5,8000,30000,0.400898,0.455744,40.3327,0.619505,0.66359,0.488249,0.246925,1855
T-B3-C,44,4.5,8000,300000,0.37003,0.416708,34.3264,0.564156,0.604586,0.453707,0.238203,1855
T-B3-C,44,5,1000,30000,0.497292,0.653407,114.805,0.499147,0.750004,0.665841,0.596155,1855
T-B3-C,44,5,1000,300000,0.464194,0.591468,93.5961,0.468632,0.682111,0.616087,0.560239,1855
T-B3-C,44,5,3000,30000,0.404844,0.555149,110.533,0.455309,0.68859,0.560395,0.406273,1855
T-B3-C,44,5,3000,300000,0.376246,0.503733,93.7526,0.4217,0.625959,0.518363,0.38446,1855
T-B3-C,44,5,8000,30000,0.326752,0.455744,94.8591,0.420108,0.6058,0.443477,0.24768,1855
T-B3-C,44,5,8000,300000,0.30517,0.416708,82.0239,0.389167,0.554456,0.413666,0.238908,1855
T-B3-D,44,3,1000,30000,0.649013,0.653407,3.23102,0.902064,0.867116,0.779543,0.595386,1855
T-B3-D,44,3,1000,300000,0.588021,0.591468,2.53491,0.799333,0.776582,0.711429,0.559538,1855
T-B3-D,44,3,3000,30000,0.551452,0.555149,2.71868,0.848976,0.791465,0.65261,0.405257,1855
T-B3-D,44,3,3000,300000,0.50066,0.503733,2.25989,0.757202,0.713119,0.598913,0.383522,1855
T-B3-D,44,3,8000,30000,0.452817,0.455744,2.15209,0.761874,0.689141,0.509137,0.246405,1855
T-B3-D,44,3,8000,300000,0.414218,0.416708,1.83118,0.685906,0.626602,0.47229,0.23772,1855
T-B3-D,44,4,1000,30000,0.612729,0.653407,29.9136,0.832243,0.812359,0.739139,0.591143,1855
T-B3-D,44,4,1000,300000,0.559271,0.591468,23.6776,0.744596,0.732777,0.677911,0.555858,1855
T-B3-D,44,4,3000,30000,0.520297,0.555149,25.6302,0.787199,0.74451,0.620678,0.40242,1855
T-B3-D,44,4,3000,300000,0.474624,0.503733,21.4063,0.705947,0.673517,0.571184,0.380971,1855
T-B3-D,44,4,8000,30000,0.427961,0.455744,20.4312,0.710718,0.651524,0.486557,0.244866,1855
T-B3-D,44,4,8000,300000,0.392978,0.416708,17.4508,0.642455,0.594156,0.452222,0.236298,1855
T-B3-D,44,4.5,1000,30000,0.54408,0.653407,80.3977,0.703024,0.706109,0.657751,0.581991,1855
T-B3-D,44,4.5,1000,300000,0.503486,0.591468,64.7014,0.640559,0.646043,0.609435,0.547871,1855
T-B3-D,44,4.5,3000,30000,0.458254,0.555149,71.2559,0.666033,0.648843,0.553645,0.396154,1855
T-B3-D,44,4.5,3000,300000,0.422046,0.503733,60.0717,0.603947,0.59196,0.512556,0.375318,1855
T-B3-D,44,4.5,8000,30000,0.377411,0.455744,57.6049,0.607897,0.573267,0.438194,0.241429,1855
T-B3-D,44,4.5,8000,300000,0.349292,0.416708,49.5773,0.554103,0.526077,0.409012,0.233116,1855
T-B3-D,44,5,1000,30000,0.417828,0.653407,173.242,0.477189,0.503447,0.490542,0.560177,1855
T-B3-D,44,5,1000,300000,0.396111,0.591468,143.664,0.449643,0.473892,0.464549,0.528533,1855
T-B3-D,44,5,3000,30000,0.333706,0.555149,162.847,0.431887,0.448794,0.404069,0.380406,1855
T-B3-D,44,5,3000,300000,0.313586,0.503733,139.833,0.401116,0.417513,0.379652,0.361002,1855
T-B3-D,44,5,8000,30000,0.271506,0.455744,135.487,0.398887,0.401961,0.325228,0.232564,1855
T-B3-D,44,5,8000,300000,0.255692,0.416708,118.41,0.370283,0.37433,0.306874,0.224864,1855
T-B3-C,45,3,1000,30000,0.650299,0.653407,2.28494,0.902164,0.871273,0.782873,0.595878,1975
T-B3-C,45,3,1000,300000,0.589074,0.591468,1.76063,0.799412,0.779885,0.714177,0.559963,1975
T-B3-C,45,3,3000,30000,0.552471,0.555149,1.96966,0.849061,0.794963,0.655208,0.405588,1975
T-B3-C,45,3,3000,300000,0.501535,0.503733,1.61631,0.757273,0.716059,0.601163,0.38382,1975
T-B3-C,45,3,8000,30000,0.453558,0.455744,1.60709,0.761943,0.691918,0.510968,0.246591,1975
T-B3-C,45,3,8000,300000,0.414869,0.416708,1.35252,0.685965,0.628992,0.473914,0.237891,1975
T-B3-C,45,4,1000,30000,0.624746,0.653407,21.0764,0.833124,0.850306,0.770168,0.595903,1975
T-B3-C,45,4,1000,300000,0.569171,0.591468,16.397,0.745302,0.763206,0.703667,0.559988,1975
T-B3-C,45,4,3000,30000,0.529964,0.555149,18.5209,0.787974,0.777161,0.645316,0.40565,1975
T-B3-C,45,4,3000,300000,0.48296,0.503733,15.2766,0.706601,0.70109,0.592582,0.383878,1975
T-B3-C,45,4,8000,30000,0.43504,0.455744,15.2253,0.711354,0.677691,0.504064,0.246689,1975
T-B3-C,45,4,8000,300000,0.399213,0.416708,12.8659,0.643003,0.616751,0.467781,0.237983,1975
T-B3-C,45,4.5,1000,30000,0.576798,0.653407,56.3372,0.705146,0.804352,0.741539,0.595963,1975
T-B3-C,45,4.5,1000,300000,0.530805,0.591468,44.6108,0.642304,0.726317,0.67986,0.560048,1975
T-B3-C,45,4.5,3000,30000,0.485431,0.555149,51.27,0.668021,0.73727,0.622671,0.405799,1975
T-B3-C,45,4.5,3000,300000,0.44565,0.503733,42.7139,0.605647,0.667387,0.572886,0.384017,1975
T-B3-C,45,4.5,8000,30000,0.397583,0.455744,42.7707,0.609574,0.645522,0.488138,0.246925,1975
T-B3-C,45,4.5,8000,300000,0.367162,0.416708,36.436,0.555563,0.588966,0.453608,0.238203,1975
T-B3-C,45,5,1000,30000,0.488522,0.653407,121.255,0.480513,0.690043,0.665322,0.596152,1975
T-B3-C,45,5,1000,300000,0.456829,0.591468,99.0119,0.452532,0.632549,0.615649,0.560237,1975
T-B3-C,45,5,3000,30000,0.396296,0.555149,116.819,0.435411,0.632771,0.559963,0.406271,1975
T-B3-C,45,5,3000,300000,0.368842,0.503733,99.1974,0.404226,0.578054,0.517986,0.384458,1975
T-B3-C,45,5,8000,30000,0.319419,0.455744,100.252,0.402057,0.559329,0.443163,0.247679,1975
T-B3-C,45,5,8000,300000,0.29871,0.416708,86.7743,0.373114,0.513816,0.413385,0.238907,1975
T-B3-D,45,3,1000,30000,0.648726,0.653407,3.4421,0.901737,0.86634,0.778938,0.595273,1975
T-B3-D,45,3,1000,300000,0.587788,0.591468,2.70646,0.799078,0.775966,0.71093,0.559439,1975
T-B3-D,45,3,3000,30000,0.551222,0.555149,2.88801,0.848693,0.790811,0.652137,0.405181,1975
T-B3-D,45,3,3000,300000,0.500464,0.503733,2.4045,0.756968,0.712569,0.598503,0.383454,1975
T-B3-D,45,3,8000,30000,0.452647,0.455744,2.27758,0.761642,0.68862,0.508804,0.246362,1975
T-B3-D,45,3,8000,300000,0.414069,0.416708,1.94067,0.685709,0.626154,0.471995,0.23768,1975
T-B3-D,45,4,1000,30000,0.610201,0.653407,31.7733,0.829472,0.805635,0.733753,0.590087,1975
T-B3-D,45,4,1000,300000,0.557189,0.591468,25.2083,0.742398,0.727357,0.67342,0.55494,1975
T-B3-D,45,4,3000,30000,0.518208,0.555149,27.1666,0.784706,0.738637,0.616349,0.401696,1975
T-B3-D,45,4,3000,300000,0.472828,0.503733,22.7272,0.703864,0.668544,0.567415,0.380318,1975
T-B3-D,45,4,8000,30000,0.426394,0.455744,21.5832,0.708642,0.646782,0.483464,0.244455,1975
T-B3-D,45,4,8000,300000,0.391604,0.416708,18.4613,0.640681,0.590053,0.449468,0.235918,1975
T-B3-D,45,4.5,1000,30000,0.537987,0.653407,84.878,0.696857,0.69047,0.644567,0.57916,1975
T-B3-D,45,4.5,1000,300000,0.498347,0.591468,68.4799,0.635497,0.633078,0.598221,0.545383,1975
T-B3-D,45,4.5,3000,30000,0.45293,0.555149,75.171,0.660054,0.634239,0.542422,0.394139,1975
T-B3-D,45,4.5,3000,300000,0.417407,0.503733,63.4831,0.598856,0.579405,0.502685,0.373494,1975
T-B3-D,45,4.5,8000,30000,0.373321,0.455744,60.6125,0.602753,0.561118,0.429942,0.240262,1975
T-B3-D,45,4.5,8000,300000,0.345665,0.416708,52.2445,0.549641,0.51544,0.401609,0.232033,1975
T-B3-D,45,5,1000,30000,0.407921,0.653407,180.527,0.468672,0.480034,0.468745,0.554468,1975
T-B3-D,45,5,1000,300000,0.387359,0.591468,150.099,0.442203,0.453399,0.445223,0.523394,1975
T-B3-D,45,5,3000,30000,0.32416,0.555149,169.867,0.422575,0.424227,0.383382,0.376002,1975
T-B3-D,45,5,3000,300000,0.305035,0.503733,146.121,0.392886,0.395713,0.361037,0.356966,1975
T-B3-D,45,5,8000,30000,0.263769,0.455744,141.176,0.390306,0.380143,0.308966,0.229875,1975
T-B3-D,45,5,8000,300000,0.248674,0.416708,123.57,0.362612,0.354737,0.292035,0.222348,1975
T-B3-C,46,3,1000,30000,0.649823,0.653407,2.63568,0.901445,0.867646,0.782827,0.595878,1039
T-B3-C,46,3,1000,300000,0.588696,0.591468,2.0385,0.798851,0.777006,0.714139,0.559963,1039
T-B3-C,46,3,3000,30000,0.552068,0.555149,2.26578,0.848441,0.791906,0.655172,0.405588,1039
T-B3-C,46,3,3000,300000,0.501198,0.503733,1.86473,0.75676,0.713491,0.601132,0.38382,1039
T-B3-C,46,3,8000,30000,0.453238,0.455744,1.84276,0.761436,0.689485,0.510943,0.246591,1039
T-B3-C,46,3,8000,300000,0.414594,0.416708,1.55484,0.685534,0.6269,0.473891,0.237891,1039
T-B3-C,46,4,1000,30000,0.62043,0.653407,24.2503,0.827022,0.817141,0.769721,0.595902,1039
T-B3-C,46,4,1000,300000,0.565716,0.591468,18.938,0.740454,0.73664,0.703298,0.559987,1039
T-B3-C,46,4,3000,30000,0.526232,0.555149,21.2658,0.782495,0.748589,0.644966,0.405649,1039
T-B3-C,46,4,3000,300000,0.479811,0.503733,17.5919,0.702016,0.676981,0.592278,0.383877,1039
T-B3-C,46,4,8000,30000,0.432042,0.455744,17.4297,0.706805,0.654744,0.503816,0.246688,1039
T-B3-C,46,4,8000,300000,0.396628,0.416708,14.7669,0.639112,0.596952,0.467561,0.237982,1039
T-B3-C,46,4.5,1000,30000,0.56575,0.653407,64.4619,0.691487,0.718128,0.740212,0.595958,1039
T-B3-C,46,4.5,1000,300000,0.521784,0.591468,51.2452,0.63109,0.655961,0.678757,0.560044,1039
T-B3-C,46,4.5,3000,30000,0.475437,0.555149,58.6195,0.654813,0.659655,0.621612,0.405796,1039
T-B3-C,46,4.5,3000,300000,0.437129,0.503733,48.9803,0.594394,0.601243,0.571966,0.384014,1039
T-B3-C,46,4.5,8000,30000,0.389406,0.455744,48.7841,0.598251,0.582007,0.487383,0.246923,1039
T-B3-C,46,4.5,8000,300000,0.360047,0.416708,41.6682,0.545736,0.533731,0.452937,0.238201,1039
T-B3-C,46,5,1000,30000,0.467404,0.653407,136.785,0.461542,0.524324,0.661814,0.596138,1039
T-B3-C,46,5,1000,300000,0.438943,0.591468,112.165,0.435984,0.491938,0.612694,0.560225,1039
T-B3-C,46,5,3000,30000,0.375641,0.555149,132.009,0.414676,0.469747,0.557049,0.406262,1039
T-B3-C,46,5,3000,300000,0.350851,0.503733,112.428,0.385916,0.435983,0.515435,0.38445,1039
T-B3-C,46,5,8000,30000,0.301826,0.455744,113.19,0.382999,0.419908,0.44104,0.247673,1039
T-B3-C,46,5,8000,300000,0.283129,0.416708,98.2326,0.356086,0.390372,0.411487,0.238902,1039
T-B3-D,46,3,1000,30000,0.648339,0.653407,3.72693,0.901396,0.865454,0.778012,0.59507,1039
T-B3-D,46,3,1000,300000,0.587471,0.591468,2.93933,0.798813,0.775261,0.710165,0.559264,1039
T-B3-D,46,3,3000,30000,0.550915,0.555149,3.11343,0.848398,0.790063,0.651414,0.405044,1039
T-B3-D,46,3,3000,300000,0.5002,0.503733,2.59804,0.756724,0.711941,0.597877,0.383331,1039
T-B3-D,46,3,8000,30000,0.452424,0.455744,2.44097,0.761401,0.688025,0.508295,0.246285,1039
T-B3-D,46,3,8000,300000,0.413874,0.416708,2.08391,0.685505,0.625643,0.471543,0.237609,1039
T-B3-D,46,4,1000,30000,0.60683,0.653407,34.2523,0.826607,0.798079,0.725656,0.58824,1039
T-B3-D,46,4,1000,300000,0.554397,0.591468,27.2614,0.740125,0.721255,0.666658,0.553331,1039
T-B3-D,46,4,3000,30000,0.51545,0.555149,29.1943,0.78212,0.73201,0.609816,0.400423,1039
T-B3-D,46,4,3000,300000,0.470445,0.503733,24.4796,0.701703,0.662928,0.561723,0.37917,1039
T-B3-D,46,4,8000,30000,0.424369,0.455744,23.0723,0.706494,0.641426,0.478792,0.243731,1039
T-B3-D,46,4,8000,300000,0.389819,0.416708,19.7739,0.638846,0.585416,0.445306,0.235247,1039
T-B3-D,46,4.5,1000,30000,0.530073,0.653407,90.6986,0.690591,0.673435,0.625407,0.574419,1039
T-B3-D,46,4.5,1000,300000,0.49163,0.591468,73.4198,0.630352,0.618896,0.581859,0.5412,1039
T-B3-D,46,4.5,3000,30000,0.446039,0.555149,80.2385,0.653934,0.618179,0.525943,0.390719,1039
T-B3-D,46,4.5,3000,300000,0.411374,0.503733,67.9199,0.593644,0.565568,0.488163,0.370391,1039
T-B3-D,46,4.5,8000,30000,0.36812,0.455744,64.4373,0.597495,0.54771,0.417771,0.238266,1039
T-B3-D,46,4.5,8000,300000,0.34103,0.416708,55.6529,0.545079,0.503678,0.390673,0.230178,1039
T-B3-D,46,5,1000,30000,0.395829,0.653407,189.42,0.460387,0.455984,0.439122,0.545794,1039
T-B3-D,46,5,1000,300000,0.376615,0.591468,158.001,0.434974,0.43222,0.418789,0.515525,1039
T-B3-D,46,5,3000,30000,0.312465,0.555149,178.468,0.413385,0.398706,0.354896,0.369167,1039
T-B3-D,46,5,3000,300000,0.294525,0.503733,153.849,0.384776,0.372981,0.335307,0.350677,1039
T-B3-D,46,5,8000,30000,0.254372,0.455744,148.086,0.3818,0.357304,0.286358,0.225634,1039
T-B3-D,46,5,8000,300000,0.240124,0.416708,129.858,0.355014,0.334164,0.271346,0.218368,1039
T-B3-C,47,3,1000,30000,0.65013,0.653407,2.40982,0.90175,0.870186,0.782867,0.595878,2892
T-B3-C,47,3,1000,300000,0.58894,0.591468,1.85911,0.799089,0.779023,0.714172,0.559963,2892
T-B3-C,47,3,3000,30000,0.552326,0.555149,2.07583,0.848704,0.794046,0.655203,0.405588,2892
T-B3-C,47,3,3000,300000,0.501415,0.503733,1.70503,0.756977,0.715289,0.601159,0.38382,2892
T-B3-C,47,3,8000,30000,0.453442,0.455744,1.6924,0.76165,0.691187,0.510965,0.246591,2892
T-B3-C,47,3,8000,300000,0.41477,0.416708,1.4255,0.685716,0.628363,0.473911,0.237891,2892
T-B3-C,47,4,1000,30000,0.623213,0.653407,22.2037,0.829584,0.840158,0.77011,0.595903,2892
T-B3-C,47,4,1000,300000,0.567949,0.591468,17.2959,0.742491,0.755101,0.70362,0.559988,2892
T-B3-C,47,4,3000,30000,0.528629,0.555149,19.503,0.784801,0.768454,0.645271,0.40565,2892
T-B3-C,47,4,3000,300000,0.481837,0.503733,16.1022,0.703947,0.693755,0.592543,0.383878,2892
T-B3-C,47,4,8000,30000,0.433957,0.455744,16.0219,0.708719,0.670699,0.504032,0.246689,2892
T-B3-C,47,4,8000,300000,0.398282,0.416708,13.5506,0.640751,0.610727,0.467753,0.237983,2892
T-B3-C,47,4.5,1000,30000,0.57289,0.653407,59.2109,0.697124,0.776828,0.741369,0.595962,2892
T-B3-C,47,4.5,1000,300000,0.527624,0.591468,46.9502,0.635726,0.704003,0.679719,0.560048,2892
T-B3-C,47,4.5,3000,30000,0.481869,0.555149,53.8899,0.660298,0.712804,0.622535,0.405799,2892
T-B3-C,47,4.5,3000,300000,0.442621,0.503733,44.9415,0.599072,0.646614,0.572768,0.384017,2892
T-B3-C,47,4.5,8000,30000,0.394638,0.455744,44.9365,0.602959,0.625585,0.488041,0.246925,2892
T-B3-C,47,4.5,8000,300000,0.364606,0.416708,38.3151,0.549826,0.571681,0.453522,0.238203,2892
T-B3-C,47,5,1000,30000,0.481094,0.653407,126.717,0.469067,0.632068,0.664869,0.596151,2892
T-B3-C,47,5,1000,300000,0.450549,0.591468,103.63,0.442563,0.583929,0.615268,0.560236,2892
T-B3-C,47,5,3000,30000,0.388975,0.555149,122.203,0.422991,0.577051,0.559588,0.40627,2892
T-B3-C,47,5,3000,300000,0.362476,0.503733,103.879,0.393266,0.529832,0.517657,0.384457,2892
T-B3-C,47,5,8000,30000,0.313121,0.455744,104.883,0.390682,0.512222,0.44289,0.247678,2892
T-B3-C,47,5,8000,300000,0.293143,0.416708,90.8686,0.362958,0.472343,0.413141,0.238906,2892
T-B3-D,47,3,1000,30000,0.648553,0.653407,3.56904,0.901554,0.865928,0.778552,0.595192,2892
T-B3-D,47,3,1000,300000,0.587647,0.591468,2.80992,0.798936,0.775638,0.710611,0.559369,2892
T-B3-D,47,3,3000,30000,0.551084,0.555149,2.98918,0.848535,0.790463,0.651836,0.405126,2892
T-B3-D,47,3,3000,300000,0.500346,0.503733,2.4911,0.756837,0.712276,0.598242,0.383405,2892
T-B3-D,47,3,8000,30000,0.452546,0.455744,2.35177,0.761513,0.688343,0.508592,0.246331,2892
T-B3-D,47,3,8000,300000,0.413981,0.416708,2.00553,0.685599,0.625916,0.471806,0.237652,2892
T-B3-D,47,4,1000,30000,0.608693,0.653407,32.8817,0.827935,0.802101,0.730358,0.589347,2892
T-B3-D,47,4,1000,300000,0.555944,0.591468,26.1237,0.741178,0.724504,0.670586,0.554296,2892
T-B3-D,47,4,3000,30000,0.516967,0.555149,28.0785,0.783319,0.73554,0.613613,0.401187,2892
T-B3-D,47,4,3000,300000,0.471759,0.503733,23.5132,0.702705,0.66592,0.565032,0.37986,2892
T-B3-D,47,4,8000,30000,0.425473,0.455744,22.2605,0.707487,0.644279,0.481507,0.244166,2892
T-B3-D,47,4,8000,300000,0.390794,0.416708,19.0568,0.639695,0.587886,0.447725,0.23565,2892
T-B3-D,47,4.5,1000,30000,0.534422,0.653407,87.4999,0.69348,0.682431,0.636439,0.577231,2892
T-B3-D,47,4.5,1000,300000,0.495329,0.591468,70.6998,0.632722,0.626393,0.591289,0.543683,2892
T-B3-D,47,4.5,3000,30000,0.449815,0.555149,77.4614,0.656763,0.626679,0.535454,0.392754,2892
T-B3-D,47,4.5,3000,300000,0.414686,0.503733,65.4843,0.596053,0.572896,0.496549,0.372238,2892
T-B3-D,47,4.5,8000,30000,0.370947,0.455744,62.3589,0.599918,0.554811,0.424801,0.239456,2892
T-B3-D,47,4.5,8000,300000,0.343554,0.416708,53.7972,0.547182,0.50991,0.396992,0.231284,2892
T-B3-D,47,5,1000,30000,0.402361,0.653407,184.617,0.464132,0.468497,0.455891,0.550812,2892
T-B3-D,47,5,1000,300000,0.382425,0.591468,153.728,0.438232,0.443254,0.433776,0.520086,2892
T-B3-D,47,5,3000,30000,0.318781,0.555149,173.823,0.417575,0.412021,0.37107,0.373141,2892
T-B3-D,47,5,3000,300000,0.300204,0.503733,149.673,0.388465,0.38485,0.34993,0.354338,2892
T-B3-D,47,5,8000,30000,0.259421,0.455744,144.374,0.385681,0.369239,0.299221,0.22811,2892
T-B3-D,47,5,8000,300000,0.244721,0.416708,126.477,0.358476,0.344922,0.283124,0.220693,2892
T-B3-C,48,3,1000,30000,0.649684,0.653407,2.73783,0.901396,0.866675,0.782774,0.595878,1665
T-B3-C,48,3,1000,300000,0.588585,0.591468,2.12015,0.798813,0.776234,0.714095,0.559963,1665
T-B3-C,48,3,3000,30000,0.551953,0.555149,2.35067,0.848399,0.791089,0.65513,0.405588,1665
T-B3-C,48,3,3000,300000,0.5011,0.503733,1.93653,0.756724,0.712804,0.601095,0.38382,1665
T-B3-C,48,3,8000,30000,0.453148,0.455744,1.90871,0.761402,0.688837,0.510914,0.246591,1665
T-B3-C,48,3,8000,300000,0.414516,0.416708,1.61188,0.685505,0.626342,0.473865,0.237891,1665
T-B3-C,48,4,1000,30000,0.61917,0.653407,25.1772,0.826611,0.808583,0.7692,0.595899,1665
T-B3-C,48,4,1000,300000,0.564698,0.591468,19.686,0.740129,0.729746,0.702867,0.559985,1665
T-B3-C,48,4,3000,30000,0.525158,0.555149,22.055,0.782124,0.741167,0.644557,0.405648,1665
T-B3-C,48,4,3000,300000,0.4789,0.503733,18.2624,0.701706,0.670697,0.591923,0.383876,1665
T-B3-C,48,4,8000,30000,0.431202,0.455744,18.0481,0.706501,0.648785,0.503526,0.246687,1665
T-B3-C,48,4,8000,300000,0.395898,0.416708,15.3039,0.638852,0.591795,0.467304,0.237981,1665
T-B3-C,48,4.5,1000,30000,0.56251,0.653407,66.8441,0.690605,0.697532,0.738669,0.595952,1665
T-B3-C,48,4.5,1000,300000,0.519122,0.591468,53.2022,0.63037,0.638948,0.677475,0.560038,1665
T-B3-C,48,4.5,3000,30000,0.47255,0.555149,60.7424,0.653942,0.640689,0.62038,0.405792,1665
T-B3-C,48,4.5,3000,300000,0.434654,0.503733,50.8005,0.593653,0.584967,0.570895,0.38401,1665
T-B3-C,48,4.5,8000,30000,0.387102,0.455744,50.4783,0.597512,0.566374,0.486503,0.246921,1665
T-B3-C,48,4.5,8000,300000,0.35803,0.416708,43.1513,0.545095,0.520059,0.452154,0.238199,1665
T-B3-C,48,5,1000,30000,0.461218,0.653407,141.334,0.460475,0.491149,0.657776,0.596117,1665
T-B3-C,48,5,1000,300000,0.433686,0.591468,116.031,0.43507,0.46313,0.60929,0.560207,1665
T-B3-C,48,5,3000,30000,0.369667,0.555149,136.402,0.413437,0.43564,0.55368,0.406247,1665
T-B3-C,48,5,3000,300000,0.345633,0.503733,116.265,0.384839,0.405852,0.512486,0.384437,1665
T-B3-C,48,5,8000,30000,0.296847,0.455744,116.851,0.381848,0.390073,0.43858,0.247665,1665
T-B3-C,48,5,8000,300000,0.278705,0.416708,101.486,0.355067,0.363667,0.409288,0.238895,1665
T-B3-D,48,3,1000,30000,0.648317,0.653407,3.74277,0.901371,0.865407,0.777961,0.595059,1665
T-B3-D,48,3,1000,300000,0.587454,0.591468,2.95217,0.798794,0.775224,0.710123,0.559254,1665
T-B3-D,48,3,3000,30000,0.550899,0.555149,3.12592,0.848377,0.790023,0.651374,0.405037,1665
T-B3-D,48,3,3000,300000,0.500186,0.503733,2.6088,0.756706,0.711907,0.597843,0.383324,1665
T-B3-D,48,3,8000,30000,0.452412,0.455744,2.44973,0.761384,0.687993,0.508268,0.246281,1665
T-B3-D,48,3,8000,300000,0.413864,0.416708,2.09159,0.68549,0.625616,0.471518,0.237605,1665
T-B3-D,48,4,1000,30000,0.606645,0.653407,34.3881,0.826402,0.797679,0.725214,0.588145,1665
T-B3-D,48,4,1000,300000,0.554246,0.591468,27.3726,0.739963,0.720932,0.666288,0.553247,1665
T-B3-D,48,4,3000,30000,0.515298,0.555149,29.3062,0.781935,0.731659,0.609459,0.400357,1665
T-B3-D,48,4,3000,300000,0.470314,0.503733,24.5763,0.701547,0.662631,0.561412,0.379111,1665
T-B3-D,48,4,8000,30000,0.424262,0.455744,23.1515,0.706345,0.641144,0.478539,0.243693,1665
T-B3-D,48,4,8000,300000,0.389724,0.416708,19.8438,0.638719,0.585172,0.445081,0.235213,1665
T-B3-D,48,4.5,1000,30000,0.529657,0.653407,91.0039,0.690154,0.672551,0.624384,0.57418,1665
T-B3-D,48,4.5,1000,300000,0.491284,0.591468,73.6742,0.630001,0.618161,0.580984,0.540989,1665
T-B3-D,48,4.5,3000,30000,0.445666,0.555149,80.5128,0.653498,0.617342,0.525061,0.390546,1665
T-B3-D,48,4.5,3000,300000,0.411051,0.503733,68.1579,0.593275,0.564847,0.487385,0.370234,1665
T-B3-D,48,4.5,8000,30000,0.367849,0.455744,64.6371,0.597135,0.547015,0.417124,0.238165,1665
T-B3-D,48,4.5,8000,300000,0.340789,0.416708,55.8303,0.544767,0.503069,0.390092,0.230084,1665
T-B3-D,48,5,1000,30000,0.395312,0.653407,189.8,0.45992,0.454801,0.437615,0.545385,1665
T-B3-D,48,5,1000,300000,0.376175,0.591468,158.324,0.434592,0.43118,0.417441,0.515152,1665
T-B3-D,48,5,3000,30000,0.311917,0.555149,178.87,0.412801,0.397434,0.35344,0.368842,1665
T-B3-D,48,5,3000,300000,0.294052,0.503733,154.197,0.384283,0.371851,0.333991,0.350377,1665
T-B3-D,48,5,8000,30000,0.253932,0.455744,148.41,0.381258,0.356167,0.28521,0.225431,1665
T-B3-D,48,5,8000,300000,0.239735,0.416708,130.145,0.354543,0.333143,0.270295,0.218177,1665
T-B3-C,49,3,1000,30000,0.650513,0.653407,2.1281,0.902884,0.872289,0.78288,0.595878,980
T-B3-C,49,3,1000,300000,0.589241,0.591468,1.63737,0.799974,0.78069,0.714183,0.559963,980
T-B3-C,49,3,3000,30000,0.552653,0.555149,1.8358,0.849683,0.79582,0.655213,0.405588,980
T-B3-C,49,3,3000,300000,0.501687,0.503733,1.50477,0.757789,0.716778,0.601167,0.38382,980
T-B3-C,49,3,8000,30000,0.453705,0.455744,1.49893,0.762452,0.692602,0.510972,0.246591,980
T-B3-C,49,3,8000,300000,0.414994,0.416708,1.26024,0.686397,0.629579,0.473917,0.237891,980
T-B3-C,49,4,1000,30000,0.626683,0.653407,19.6522,0.839382,0.860015,0.770234,0.595903,980
T-B3-C,49,4,1000,300000,0.570709,0.591468,15.2656,0.750258,0.77094,0.703722,0.559988,980
T-B3-C,49,4,3000,30000,0.531655,0.555149,17.2773,0.793564,0.785445,0.645368,0.405651,980
T-B3-C,49,4,3000,300000,0.484377,0.503733,14.2344,0.711268,0.708058,0.592627,0.383878,980
T-B3-C,49,4,8000,30000,0.436419,0.455744,14.2115,0.715992,0.68433,0.504101,0.246689,980
T-B3-C,49,4,8000,300000,0.400394,0.416708,11.997,0.646964,0.622464,0.467814,0.237983,980
T-B3-C,49,4.5,1000,30000,0.581803,0.653407,52.6568,0.719794,0.831998,0.741736,0.595964,980
T-B3-C,49,4.5,1000,300000,0.534861,0.591468,41.6279,0.654255,0.748569,0.680023,0.560049,980
T-B3-C,49,4.5,3000,30000,0.489988,0.555149,47.9186,0.68198,0.761452,0.622827,0.4058,980
T-B3-C,49,4.5,3000,300000,0.449513,0.503733,39.8734,0.617494,0.68784,0.573022,0.384018,980
T-B3-C,49,4.5,8000,30000,0.401364,0.455744,39.9902,0.621484,0.665104,0.488249,0.246925,980
T-B3-C,49,4.5,8000,300000,0.370432,0.416708,34.0307,0.565866,0.605892,0.453707,0.238203,980
T-B3-C,49,5,1000,30000,0.498404,0.653407,113.988,0.502951,0.755345,0.66584,0.596155,980
T-B3-C,49,5,1000,300000,0.465132,0.591468,92.9065,0.471906,0.686495,0.616086,0.560239,980
T-B3-C,49,5,3000,30000,0.405957,0.555149,109.714,0.45935,0.693491,0.560394,0.406273,980
T-B3-C,49,5,3000,300000,0.377212,0.503733,93.0428,0.42524,0.630148,0.518362,0.38446,980
T-B3-C,49,5,8000,30000,0.327725,0.455744,94.1434,0.423765,0.609857,0.443476,0.24768,980
T-B3-C,49,5,8000,300000,0.306028,0.416708,81.3932,0.392412,0.557992,0.413665,0.238908,980
T-B3-D,49,3,1000,30000,0.649462,0.653407,2.90084,0.902369,0.868508,0.780565,0.595555,980
T-B3-D,49,3,1000,300000,0.588387,0.591468,2.26586,0.799571,0.777688,0.712273,0.559684,980
T-B3-D,49,3,3000,30000,0.551811,0.555149,2.45494,0.849239,0.792638,0.653408,0.405371,980
T-B3-D,49,3,3000,300000,0.500967,0.503733,2.03413,0.75742,0.714105,0.599604,0.383625,980
T-B3-D,49,3,8000,30000,0.453082,0.455744,1.95774,0.762089,0.690074,0.5097,0.246469,980
T-B3-D,49,3,8000,300000,0.414449,0.416708,1.66119,0.686088,0.627405,0.472789,0.237779,980
T-B3-D,49,4,1000,30000,0.616776,0.653407,26.9378,0.834858,0.824688,0.748408,0.592745,980
T-B3-D,49,4,1000,300000,0.562602,0.591468,21.2274,0.746671,0.742693,0.685626,0.557251,980
T-B3-D,49,4,3000,30000,0.523608,0.555149,23.1949,0.789541,0.755215,0.628093,0.403514,980
T-B3-D,49,4,3000,300000,0.477475,0.503733,19.3103,0.707905,0.68257,0.577632,0.381956,980
T-B3-D,49,4,8000,30000,0.430425,0.455744,18.6194,0.712663,0.660143,0.491842,0.245485,980
T-B3-D,49,4,8000,300000,0.395143,0.416708,15.8591,0.644118,0.601606,0.456924,0.236871,980
T-B3-D,49,4.5,1000,30000,0.554284,0.653407,72.8938,0.708988,0.73604,0.681315,0.586465,980
T-B3-D,49,4.5,1000,300000,0.512061,0.591468,58.3949,0.645446,0.670716,0.62939,0.551789,980
T-B3-D,49,4.5,3000,30000,0.467011,0.555149,64.8157,0.671763,0.676406,0.573463,0.399296,980
T-B3-D,49,4.5,3000,300000,0.429669,0.503733,54.4661,0.608823,0.615578,0.529944,0.378158,980
T-B3-D,49,4.5,8000,30000,0.38406,0.455744,52.7156,0.612803,0.596037,0.452677,0.243236,980
T-B3-D,49,4.5,8000,300000,0.355186,0.416708,45.2427,0.558355,0.545966,0.421981,0.234791,980
T-B3-D,49,5,1000,30000,0.436094,0.653407,159.809,0.48582,0.552213,0.532766,0.570145,980
T-B3-D,49,5,1000,300000,0.412112,0.591468,131.896,0.457152,0.516163,0.501683,0.537433,980
T-B3-D,49,5,3000,30000,0.350863,0.555149,150.23,0.441219,0.499005,0.443404,0.387902,980
T-B3-D,49,5,3000,300000,0.328887,0.503733,128.58,0.409345,0.461809,0.414882,0.367843,980
T-B3-D,49,5,8000,30000,0.285149,0.455744,125.454,0.407419,0.445984,0.355751,0.237062,980
T-B3-D,49,5,8000,300000,0.268028,0.416708,109.338,0.377895,0.413681,0.33463,0.22906,980
T-B3-C,50,3,1000,30000,0.650325,0.653407,2.26583,0.902234,0.871426,0.782875,0.595878,1677
T-B3-C,50,3,1000,300000,0.589094,0.591468,1.74557,0.799467,0.780006,0.714178,0.559963,1677
T-B3-C,50,3,3000,30000,0.552493,0.555149,1.95341,0.849121,0.795092,0.655209,0.405588,1677
T-B3-C,50,3,3000,300000,0.501554,0.503733,1.60273,0.757324,0.716167,0.601164,0.38382,1677
T-B3-C,50,3,8000,30000,0.453576,0.455744,1.59401,0.761992,0.692021,0.510969,0.246591,1677
T-B3-C,50,3,8000,300000,0.414884,0.416708,1.34134,0.686007,0.62908,0.473914,0.237891,1677
T-B3-C,50,4,1000,30000,0.624983,0.653407,20.9023,0.833729,0.851757,0.77018,0.595903,1677
T-B3-C,50,4,1000,300000,0.569359,0.591468,16.2584,0.745782,0.764364,0.703678,0.559988,1677
T-B3-C,50,4,3000,30000,0.53017,0.555149,18.3696,0.788515,0.778402,0.645326,0.40565,1677
T-B3-C,50,4,3000,300000,0.483133,0.503733,15.1495,0.707053,0.702135,0.592591,0.383878,1677
T-B3-C,50,4,8000,30000,0.435207,0.455744,15.1025,0.711803,0.678686,0.504071,0.246689,1677
T-B3-C,50,4,8000,300000,0.399356,0.416708,12.7604,0.643387,0.617607,0.467788,0.237983,1677
T-B3-C,50,4.5,1000,30000,0.577413,0.653407,55.8851,0.706541,0.808403,0.741577,0.595963,1677
T-B3-C,50,4.5,1000,300000,0.531304,0.591468,44.2437,0.643446,0.729587,0.679892,0.560048,1677
T-B3-C,50,4.5,3000,30000,0.485988,0.555149,50.8604,0.669357,0.740836,0.622701,0.405799,1677
T-B3-C,50,4.5,3000,300000,0.446123,0.503733,42.3661,0.606782,0.670408,0.572912,0.384017,1677
T-B3-C,50,4.5,8000,30000,0.398043,0.455744,42.4326,0.610715,0.648416,0.488159,0.246925,1677
T-B3-C,50,4.5,8000,300000,0.36756,0.416708,36.143,0.556552,0.591472,0.453627,0.238203,1677
T-B3-C,50,5,1000,30000,0.489743,0.653407,120.356,0.482576,0.699154,0.665422,0.596153,1677
T-B3-C,50,5,1000,300000,0.457857,0.591468,98.2562,0.454322,0.640126,0.615733,0.560237,1677
T-B3-C,50,5,3000,30000,0.397485,0.555149,115.945,0.437631,0.641366,0.560047,0.406271,1677
T-B3-C,50,5,3000,300000,0.369873,0.503733,98.4392,0.406181,0.585455,0.518058,0.384458,1677
T-B3-C,50,5,8000,30000,0.320436,0.455744,99.5041,0.40408,0.566527,0.443223,0.247679,1677
T-B3-C,50,5,8000,300000,0.299607,0.416708,86.1148,0.374917,0.520128,0.413439,0.238907,1677
T-B3-D,50,3,1000,30000,0.649046,0.653407,3.20643,0.901883,0.867224,0.779747,0.595422,1677
T-B3-D,50,3,1000,300000,0.58805,0.591468,2.51345,0.799193,0.776668,0.711598,0.559569,1677
T-B3-D,50,3,3000,30000,0.551475,0.555149,2.70163,0.84882,0.791556,0.652769,0.405282,1677
T-B3-D,50,3,3000,300000,0.500681,0.503733,2.24434,0.757073,0.713196,0.599051,0.383544,1677
T-B3-D,50,3,8000,30000,0.452831,0.455744,2.14233,0.761745,0.689212,0.50925,0.246418,1677
T-B3-D,50,3,8000,300000,0.414231,0.416708,1.82191,0.685797,0.626664,0.47239,0.237732,1677
T-B3-D,50,4,1000,30000,0.613049,0.653407,29.6783,0.830714,0.813308,0.740972,0.59148,1677
T-B3-D,50,4,1000,300000,0.559549,0.591468,23.4731,0.743385,0.733543,0.679438,0.556152,1677
T-B3-D,50,4,3000,30000,0.520523,0.555149,25.4636,0.78582,0.745333,0.622148,0.402651,1677
T-B3-D,50,4,3000,300000,0.47483,0.503733,21.2551,0.704797,0.674214,0.572462,0.381179,1677
T-B3-D,50,4,8000,30000,0.428094,0.455744,20.3335,0.709568,0.652184,0.487605,0.244997,1677
T-B3-D,50,4,8000,300000,0.393103,0.416708,17.3588,0.641474,0.594727,0.453155,0.236419,1677
T-B3-D,50,4.5,1000,30000,0.54497,0.653407,79.7431,0.699626,0.708365,0.662319,0.582915,1677
T-B3-D,50,4.5,1000,300000,0.50426,0.591468,64.132,0.637774,0.64791,0.613313,0.548681,1677
T-B3-D,50,4.5,3000,30000,0.458916,0.555149,70.7687,0.662732,0.650926,0.557512,0.396807,1677
T-B3-D,50,4.5,3000,300000,0.422645,0.503733,59.6317,0.60114,0.593749,0.515953,0.375908,1677
T-B3-D,50,4.5,8000,30000,0.377819,0.455744,57.3052,0.605053,0.574983,0.441029,0.241806,1677
T-B3-D,50,4.5,8000,300000,0.349671,0.416708,49.2984,0.551639,0.52758,0.411553,0.233466,1677
T-B3-D,50,5,1000,30000,0.419662,0.653407,171.893,0.472513,0.506965,0.498387,0.562136,1677
T-B3-D,50,5,1000,300000,0.39774,0.591468,142.465,0.445561,0.47696,0.471479,0.530289,1677
T-B3-D,50,5,3000,30000,0.33524,0.555149,161.719,0.426763,0.452437,0.411452,0.381898,1677
T-B3-D,50,5,3000,300000,0.314977,0.503733,138.809,0.39659,0.420739,0.386282,0.362367,1677
T-B3-D,50,5,8000,30000,0.272544,0.455744,134.723,0.394157,0.405158,0.330997,0.233468,1677
T-B3-D,50,5,8000,300000,0.256653,0.416708,117.703,0.366057,0.377198,0.31213,0.225708,1677
T-B3-C,51,3,1000,30000,0.649924,0.653407,2.56094,0.901497,0.868492,0.782849,0.595878,2123
T-B3-C,51,3,1000,300000,0.588777,0.591468,1.97892,0.798891,0.777678,0.714158,0.559963,2123
T-B3-C,51,3,3000,30000,0.552153,0.555149,2.20327,0.848485,0.792618,0.655189,0.405588,2123
T-B3-C,51,3,3000,300000,0.501269,0.503733,1.81204,0.756796,0.71409,0.601146,0.38382,2123
T-B3-C,51,3,8000,30000,0.453305,0.455744,1.79365,0.761472,0.69005,0.510955,0.246591,2123
T-B3-C,51,3,8000,300000,0.414651,0.416708,1.51248,0.685565,0.627386,0.473902,0.237891,2123
T-B3-C,51,4,1000,30000,0.621354,0.653407,23.5708,0.827451,0.82471,0.769934,0.595902,2123
T-B3-C,51,4,1000,300000,0.566459,0.591468,18.391,0.740795,0.742724,0.703474,0.559988,2123
T-B3-C,51,4,3000,30000,0.527022,0.555149,20.6844,0.782882,0.755136,0.645133,0.40565,2123
T-B3-C,51,4,3000,300000,0.480481,0.503733,17.0993,0.70234,0.682516,0.592423,0.383878,2123
T-B3-C,51,4,8000,30000,0.432669,0.455744,16.9689,0.707126,0.660001,0.503934,0.246688,2123
T-B3-C,51,4,8000,300000,0.397171,0.416708,14.3678,0.639387,0.601495,0.467666,0.237982,2123
T-B3-C,51,4.5,1000,30000,0.568136,0.653407,62.7073,0.692418,0.736929,0.740845,0.595961,2123
T-B3-C,51,4.5,1000,300000,0.52374,0.591468,49.8062,0.631855,0.671414,0.679283,0.560046,2123
T-B3-C,51,4.5,3000,30000,0.477569,0.555149,57.0518,0.655724,0.676809,0.622117,0.405798,2123
T-B3-C,51,4.5,3000,300000,0.438953,0.503733,47.6385,0.595171,0.615923,0.572405,0.384016,2123
T-B3-C,51,4.5,8000,30000,0.391126,0.455744,47.5189,0.599033,0.596104,0.487743,0.246924,2123
T-B3-C,51,4.5,8000,300000,0.361549,0.416708,40.5632,0.546416,0.546032,0.453257,0.238202,2123
T-B3-C,51,5,1000,30000,0.47204,0.653407,133.375,0.462745,0.556785,0.663484,0.596146,2123
T-B3-C,51,5,1000,300000,0.442882,0.591468,109.269,0.437035,0.519881,0.614101,0.560231,2123
T-B3-C,51,5,3000,30000,0.380113,0.555149,128.72,0.416018,0.502575,0.558437,0.406266,2123
T-B3-C,51,5,3000,300000,0.354757,0.503733,109.555,0.387102,0.464833,0.51665,0.384454,2123
T-B3-C,51,5,8000,30000,0.305579,0.455744,110.429,0.384245,0.448367,0.442052,0.247676,2123
T-B3-C,51,5,8000,300000,0.286463,0.416708,95.7808,0.357201,0.41574,0.412392,0.238905,2123
T-B3-D,51,3,1000,30000,0.648358,0.653407,3.71242,0.901418,0.865499,0.778059,0.59508,2123
T-B3-D,51,3,1000,300000,0.587487,0.591468,2.9275,0.79883,0.775297,0.710204,0.559272,2123
T-B3-D,51,3,3000,30000,0.550931,0.555149,3.10195,0.848417,0.790101,0.651451,0.405051,2123
T-B3-D,51,3,3000,300000,0.500214,0.503733,2.58817,0.75674,0.711972,0.597909,0.383337,2123
T-B3-D,51,3,8000,30000,0.452436,0.455744,2.43269,0.761416,0.688055,0.508321,0.246289,2123
T-B3-D,51,3,8000,300000,0.413884,0.416708,2.07666,0.685518,0.625668,0.471566,0.237612,2123
T-B3-D,51,4,1000,30000,0.606999,0.653407,34.1275,0.826791,0.798455,0.726062,0.588331,2123
T-B3-D,51,4,1000,300000,0.554538,0.591468,27.1583,0.74027,0.721558,0.666997,0.55341,2123
T-B3-D,51,4,3000,30000,0.51559,0.555149,29.0917,0.782286,0.73234,0.610144,0.400486,2123
T-B3-D,51,4,3000,300000,0.470566,0.503733,24.391,0.701841,0.663208,0.562008,0.379227,2123
T-B3-D,51,4,8000,30000,0.424471,0.455744,22.9973,0.70663,0.641692,0.479026,0.243766,2123
T-B3-D,51,4,8000,300000,0.389909,0.416708,19.7079,0.638963,0.585646,0.445514,0.235281,2123
T-B3-D,51,4.5,1000,30000,0.530461,0.653407,90.413,0.690987,0.674267,0.626349,0.574646,2123
T-B3-D,51,4.5,1000,300000,0.491959,0.591468,73.1782,0.630676,0.61959,0.582665,0.541401,2123
T-B3-D,51,4.5,3000,30000,0.446382,0.555149,79.9864,0.654324,0.618968,0.526757,0.390885,2123
T-B3-D,51,4.5,3000,300000,0.411674,0.503733,67.6996,0.593976,0.566249,0.488881,0.370541,2123
T-B3-D,51,4.5,8000,30000,0.368378,0.455744,64.2477,0.597827,0.548368,0.418371,0.238363,2123
T-B3-D,51,4.5,8000,300000,0.34126,0.416708,55.4841,0.545367,0.504256,0.391212,0.230268,2123
T-B3-D,51,5,1000,30000,0.396378,0.653407,189.016,0.460881,0.457118,0.440522,0.546187,2123
T-B3-D,51,5,1000,300000,0.3771,0.591468,157.644,0.4354,0.433219,0.420042,0.515883,2123
T-B3-D,51,5,3000,30000,0.313011,0.555149,178.066,0.413949,0.399919,0.356249,0.36948,2123
T-B3-D,51,5,3000,300000,0.295013,0.503733,153.491,0.385269,0.374061,0.336531,0.350966,2123
T-B3-D,51,5,8000,30000,0.254815,0.455744,147.761,0.382323,0.358391,0.287433,0.225829,2123
T-B3-D,51,5,8000,300000,0.240525,0.416708,129.564,0.355479,0.335144,0.27233,0.218552,2123
T-B3-C,52,3,1000,30000,0.650297,0.653407,2.28639,0.902125,0.871308,0.782876,0.595878,2488
T-B3-C,52,3,1000,300000,0.589072,0.591468,1.76168,0.799382,0.779912,0.714179,0.559963,2488
T-B3-C,52,3,3000,30000,0.552469,0.555149,1.97104,0.849027,0.794992,0.655209,0.405588,2488
T-B3-C,52,3,3000,300000,0.501534,0.503733,1.61739,0.757246,0.716083,0.601164,0.38382,2488
T-B3-C,52,3,8000,30000,0.453557,0.455744,1.60833,0.761915,0.691941,0.51097,0.246591,2488
T-B3-C,52,3,8000,300000,0.414868,0.416708,1.35353,0.685941,0.629012,0.473915,0.237891,2488
T-B3-C,52,4,1000,30000,0.624735,0.653407,21.085,0.832793,0.850643,0.77019,0.595903,2488
T-B3-C,52,4,1000,300000,0.569162,0.591468,16.4034,0.74504,0.763475,0.703686,0.559988,2488
T-B3-C,52,4,3000,30000,0.529951,0.555149,18.5307,0.787678,0.777447,0.645334,0.40565,2488
T-B3-C,52,4,3000,300000,0.482949,0.503733,15.2844,0.706353,0.701331,0.592598,0.383878,2488
T-B3-C,52,4,8000,30000,0.435027,0.455744,15.2348,0.711108,0.677918,0.504077,0.246689,2488
T-B3-C,52,4,8000,300000,0.399202,0.416708,12.8737,0.642793,0.616946,0.467793,0.237983,2488
T-B3-C,52,4.5,1000,30000,0.576801,0.653407,56.3352,0.704397,0.805324,0.741607,0.595963,2488
T-B3-C,52,4.5,1000,300000,0.530806,0.591468,44.6099,0.641691,0.727099,0.679917,0.560048,2488
T-B3-C,52,4.5,3000,30000,0.485419,0.555149,51.2791,0.667299,0.738111,0.622725,0.4058,2488
T-B3-C,52,4.5,3000,300000,0.44564,0.503733,42.7214,0.605033,0.668099,0.572933,0.384017,2488
T-B3-C,52,4.5,8000,30000,0.397565,0.455744,42.7843,0.608955,0.646196,0.488176,0.246925,2488
T-B3-C,52,4.5,8000,300000,0.367146,0.416708,36.4475,0.555027,0.58955,0.453642,0.238203,2488
T-B3-C,52,5,1000,30000,0.488673,0.653407,121.144,0.479436,0.692407,0.6655,0.596153,2488
T-B3-C,52,5,1000,300000,0.456946,0.591468,98.9259,0.451596,0.634498,0.615799,0.560238,2488
T-B3-C,52,5,3000,30000,0.396393,0.555149,116.747,0.434245,0.634937,0.560112,0.406272,2488
T-B3-C,52,5,3000,300000,0.368922,0.503733,99.1387,0.403198,0.579911,0.518116,0.384459,2488
T-B3-C,52,5,8000,30000,0.319474,0.455744,100.211,0.400989,0.561108,0.443271,0.247679,2488
T-B3-C,52,5,8000,300000,0.298756,0.416708,86.7407,0.372161,0.515371,0.413482,0.238907,2488
T-B3-D,52,3,1000,30000,0.64874,0.653407,3.43201,0.901728,0.866385,0.77898,0.595281,2488
T-B3-D,52,3,1000,300000,0.587799,0.591468,2.69809,0.799072,0.776001,0.710965,0.559446,2488
T-B3-D,52,3,3000,30000,0.551233,0.555149,2.88022,0.848686,0.790848,0.65217,0.405186,2488
T-B3-D,52,3,3000,300000,0.500473,0.503733,2.39773,0.756962,0.712601,0.598532,0.383459,2488
T-B3-D,52,3,8000,30000,0.452654,0.455744,2.27213,0.761636,0.68865,0.508828,0.246365,2488
T-B3-D,52,3,8000,300000,0.414076,0.416708,1.93582,0.685704,0.62618,0.472015,0.237683,2488
T-B3-D,52,4,1000,30000,0.610323,0.653407,31.6833,0.8294,0.806019,0.734127,0.590164,2488
T-B3-D,52,4,1000,300000,0.557292,0.591468,25.1329,0.742341,0.727667,0.673733,0.555007,2488
T-B3-D,52,4,3000,30000,0.518305,0.555149,27.0952,0.78464,0.738972,0.616651,0.401749,2488
T-B3-D,52,4,3000,300000,0.472913,0.503733,22.6649,0.703809,0.668829,0.567678,0.380366,2488
T-B3-D,52,4,8000,30000,0.426463,0.455744,21.5327,0.708586,0.647053,0.483679,0.244485,2488
T-B3-D,52,4,8000,300000,0.391665,0.416708,18.4162,0.640634,0.590287,0.44966,0.235946,2488
T-B3-D,52,4.5,1000,30000,0.538288,0.653407,84.6569,0.6967,0.691351,0.645472,0.579364,2488
T-B3-D,52,4.5,1000,300000,0.498605,0.591468,68.2908,0.635369,0.633809,0.598992,0.545563,2488
T-B3-D,52,4.5,3000,30000,0.453182,0.555149,74.9857,0.659899,0.635064,0.543195,0.394285,2488
T-B3-D,52,4.5,3000,300000,0.41763,0.503733,63.3197,0.598725,0.580116,0.503366,0.373626,2488
T-B3-D,52,4.5,8000,30000,0.373505,0.455744,60.4778,0.602619,0.561806,0.430512,0.240347,2488
T-B3-D,52,4.5,8000,300000,0.34583,0.416708,52.1234,0.549526,0.516043,0.40212,0.232112,2488
T-B3-D,52,5,1000,30000,0.408427,0.653407,180.156,0.468466,0.481319,0.470202,0.554866,2488
T-B3-D,52,5,1000,300000,0.387809,0.591468,149.768,0.442023,0.454528,0.446519,0.523752,2488
T-B3-D,52,5,3000,30000,0.324627,0.555149,169.523,0.422346,0.425581,0.384773,0.376311,2488
T-B3-D,52,5,3000,300000,0.305457,0.503733,145.81,0.392683,0.396917,0.362291,0.35725,2488
T-B3-D,52,5,8000,30000,0.264129,0.455744,140.911,0.390092,0.381349,0.310064,0.230065,2488
T-B3-D,52,5,8000,300000,0.249004,0.416708,123.328,0.362421,0.355822,0.293038,0.222526,2488
T-B3-C,53,3,1000,30000,0.650539,0.653407,2.1091,0.902972,0.872409,0.782881,0.595878,3418
T-B3-C,53,3,1000,300000,0.589262,0.591468,1.62245,0.800042,0.780785,0.714184,0.559963,3418
T-B3-C,53,3,3000,30000,0.552675,0.555149,1.81959,0.849758,0.795921,0.655214,0.405588,3418
T-B3-C,53,3,3000,300000,0.501705,0.503733,1.49126,0.757851,0.716862,0.601168,0.38382,3418
T-B3-C,53,3,8000,30000,0.453723,0.455744,1.48584,0.762513,0.692683,0.510973,0.246591,3418
T-B3-C,53,3,8000,300000,0.41501,0.416708,1.24907,0.686449,0.629648,0.473918,0.237891,3418
T-B3-C,53,4,1000,30000,0.62692,0.653407,19.4776,0.840149,0.861173,0.770245,0.595903,3418
T-B3-C,53,4,1000,300000,0.570898,0.591468,15.127,0.750865,0.771861,0.703731,0.559989,3418
T-B3-C,53,4,3000,30000,0.531862,0.555149,17.1254,0.794247,0.786429,0.645377,0.405651,3418
T-B3-C,53,4,3000,300000,0.48455,0.503733,14.1071,0.711838,0.708885,0.592635,0.383878,3418
T-B3-C,53,4,8000,30000,0.436587,0.455744,14.0878,0.716558,0.685118,0.504107,0.246689,3418
T-B3-C,53,4,8000,300000,0.400539,0.416708,11.891,0.647447,0.623142,0.46782,0.237983,3418
T-B3-C,53,4.5,1000,30000,0.582433,0.653407,52.1932,0.721635,0.835398,0.741769,0.595964,3418
T-B3-C,53,4.5,1000,300000,0.53537,0.591468,41.2536,0.655752,0.751293,0.680051,0.560049,3418
T-B3-C,53,4.5,3000,30000,0.490557,0.555149,47.5004,0.68372,0.764395,0.622854,0.4058,3418
T-B3-C,53,4.5,3000,300000,0.449994,0.503733,39.5197,0.618968,0.690323,0.573045,0.384018,3418
T-B3-C,53,4.5,8000,30000,0.401834,0.455744,39.6447,0.622963,0.667476,0.488268,0.246925,3418
T-B3-C,53,4.5,8000,300000,0.370838,0.416708,33.7323,0.567144,0.607939,0.453724,0.238203,3418
T-B3-C,53,5,1000,30000,0.499732,0.653407,113.011,0.505935,0.764,0.665929,0.596155,3418
T-B3-C,53,5,1000,300000,0.466238,0.591468,92.0926,0.474464,0.693573,0.61616,0.560239,3418
T-B3-C,53,5,3000,30000,0.407231,0.555149,108.778,0.462489,0.701353,0.560467,0.406273,3418
T-B3-C,53,5,3000,300000,0.37831,0.503733,92.2351,0.427983,0.636855,0.518427,0.38446,3418
T-B3-C,53,5,8000,30000,0.32881,0.455744,93.346,0.426587,0.616328,0.44353,0.24768,3418
T-B3-C,53,5,8000,300000,0.30698,0.416708,80.6933,0.394913,0.563625,0.413713,0.238908,3418
T-B3-D,53,3,1000,30000,0.64941,0.653407,2.93921,0.902379,0.868336,0.78042,0.595533,3418
T-B3-D,53,3,1000,300000,0.588344,0.591468,2.29739,0.799579,0.777551,0.712153,0.559664,3418
T-B3-D,53,3,3000,30000,0.55177,0.555149,2.48509,0.849248,0.792494,0.653294,0.405356,3418
T-B3-D,53,3,3000,300000,0.500932,0.503733,2.06013,0.757428,0.713983,0.599506,0.383611,3418
T-B3-D,53,3,8000,30000,0.453052,0.455744,1.97942,0.762097,0.689959,0.50962,0.24646,3418
T-B3-D,53,3,8000,300000,0.414423,0.416708,1.6803,0.686095,0.627306,0.472718,0.237771,3418
T-B3-D,53,4,1000,30000,0.616295,0.653407,27.2914,0.834945,0.823149,0.747078,0.592527,3418
T-B3-D,53,4,1000,300000,0.562204,0.591468,21.5202,0.74674,0.741457,0.68452,0.557062,3418
T-B3-D,53,4,3000,30000,0.523223,0.555149,23.4782,0.789621,0.753885,0.627032,0.403366,3418
T-B3-D,53,4,3000,300000,0.477141,0.503733,19.5555,0.707971,0.681446,0.576709,0.381822,3418
T-B3-D,53,4,8000,30000,0.430145,0.455744,18.8248,0.71273,0.659075,0.491087,0.245401,3418
T-B3-D,53,4,8000,300000,0.394896,0.416708,16.0407,0.644175,0.600683,0.456252,0.236793,3418
T-B3-D,53,4.5,1000,30000,0.553018,0.653407,73.8244,0.709174,0.73221,0.677862,0.585844,3418
T-B3-D,53,4.5,1000,300000,0.510996,0.591468,59.178,0.645599,0.667569,0.626473,0.551246,3418
T-B3-D,53,4.5,3000,30000,0.465955,0.555149,65.5924,0.671948,0.67291,0.570579,0.398863,3418
T-B3-D,53,4.5,3000,300000,0.428747,0.503733,55.1442,0.608979,0.612588,0.527416,0.377767,3418
T-B3-D,53,4.5,8000,30000,0.38328,0.455744,53.2891,0.612964,0.593163,0.450577,0.242988,3418
T-B3-D,53,4.5,8000,300000,0.354492,0.416708,45.7531,0.558495,0.543458,0.420102,0.234561,3418
T-B3-D,53,5,1000,30000,0.43363,0.653407,161.621,0.486055,0.545651,0.526295,0.568685,3418
T-B3-D,53,5,1000,300000,0.409963,0.591468,133.477,0.457357,0.510508,0.496018,0.536135,3418
T-B3-D,53,5,3000,30000,0.348622,0.555149,151.878,0.441484,0.492333,0.437441,0.38682,3418
T-B3-D,53,5,3000,300000,0.32689,0.503733,130.048,0.409579,0.455943,0.409555,0.366857,3418
T-B3-D,53,5,8000,30000,0.28342,0.455744,126.725,0.407669,0.440182,0.351157,0.236419,3418
T-B3-D,53,5,8000,300000,0.266465,0.416708,110.487,0.378118,0.408509,0.330461,0.228461,3418
T-B3-C,54,3,1000,30000,0.649933,0.653407,2.55453,0.901519,0.868575,0.782845,0.595878,2449
T-B3-C,54,3,1000,300000,0.588784,0.591468,1.97391,0.798909,0.777744,0.714154,0.559963,2449
T-B3-C,54,3,3000,30000,0.552161,0.555149,2.19777,0.848505,0.792688,0.655185,0.405588,2449
T-B3-C,54,3,3000,300000,0.501275,0.503733,1.80744,0.756812,0.714149,0.601144,0.38382,2449
T-B3-C,54,3,8000,30000,0.453311,0.455744,1.78922,0.761488,0.690106,0.510953,0.246591,2449
T-B3-C,54,3,8000,300000,0.414657,0.416708,1.50871,0.685578,0.627434,0.4739,0.237891,2449
T-B3-C,54,4,1000,30000,0.621428,0.653407,23.5165,0.82764,0.82545,0.769892,0.595902,2449
T-B3-C,54,4,1000,300000,0.566518,0.591468,18.348,0.740946,0.743317,0.703439,0.559987,2449
T-B3-C,54,4,3000,30000,0.527089,0.555149,20.6355,0.783053,0.755779,0.6451,0.40565,2449
T-B3-C,54,4,3000,300000,0.480537,0.503733,17.0583,0.702483,0.683059,0.592395,0.383877,2449
T-B3-C,54,4,8000,30000,0.432723,0.455744,16.929,0.707267,0.66052,0.503911,0.246688,2449
T-B3-C,54,4,8000,300000,0.397217,0.416708,14.3336,0.639508,0.601943,0.467646,0.237982,2449
T-B3-C,54,4.5,1000,30000,0.568297,0.653407,62.5885,0.692831,0.738744,0.740721,0.59596,2449
T-B3-C,54,4.5,1000,300000,0.523872,0.591468,49.7095,0.632194,0.672906,0.679181,0.560045,2449
T-B3-C,54,4.5,3000,30000,0.477728,0.555149,56.9345,0.656128,0.678478,0.622018,0.405797,2449
T-B3-C,54,4.5,3000,300000,0.439089,0.503733,47.5389,0.595515,0.61735,0.572319,0.384015,2449
T-B3-C,54,4.5,8000,30000,0.391261,0.455744,47.4198,0.599379,0.597485,0.487672,0.246924,2449
T-B3-C,54,4.5,8000,300000,0.361666,0.416708,40.4772,0.546716,0.547236,0.453194,0.238202,2449
T-B3-C,54,5,1000,30000,0.472218,0.653407,133.244,0.463278,0.559841,0.66316,0.596143,2449
T-B3-C,54,5,1000,300000,0.443035,0.591468,109.156,0.437498,0.522516,0.613828,0.560229,2449
T-B3-C,54,5,3000,30000,0.380336,0.555149,128.556,0.416617,0.505698,0.558167,0.406264,2449
T-B3-C,54,5,3000,300000,0.35495,0.503733,109.413,0.387629,0.467579,0.516414,0.384452,2449
T-B3-C,54,5,8000,30000,0.305792,0.455744,110.273,0.384799,0.451097,0.441855,0.247675,2449
T-B3-C,54,5,8000,300000,0.286651,0.416708,95.6427,0.357695,0.418174,0.412216,0.238904,2449
T-B3-D,54,3,1000,30000,0.648377,0.653407,3.69852,0.901432,0.865539,0.778107,0.595091,2449
T-B3-D,54,3,1000,300000,0.587503,0.591468,2.91612,0.798841,0.775328,0.710244,0.559282,2449
T-B3-D,54,3,3000,30000,0.550946,0.555149,3.09102,0.84843,0.790134,0.651488,0.405058,2449
T-B3-D,54,3,3000,300000,0.500227,0.503733,2.57876,0.75675,0.712,0.597942,0.383343,2449
T-B3-D,54,3,8000,30000,0.452446,0.455744,2.42491,0.761426,0.688081,0.508348,0.246293,2449
T-B3-D,54,3,8000,300000,0.413894,0.416708,2.06981,0.685526,0.625691,0.471589,0.237616,2449
T-B3-D,54,4,1000,30000,0.607162,0.653407,34.0075,0.826913,0.798791,0.726482,0.588428,2449
T-B3-D,54,4,1000,300000,0.554673,0.591468,27.0588,0.740366,0.72183,0.667347,0.553495,2449
T-B3-D,54,4,3000,30000,0.515723,0.555149,28.9939,0.782396,0.732636,0.610482,0.400553,2449
T-B3-D,54,4,3000,300000,0.470681,0.503733,24.3062,0.701933,0.663458,0.562304,0.379287,2449
T-B3-D,54,4,8000,30000,0.424568,0.455744,22.9266,0.706721,0.641931,0.479268,0.243805,2449
T-B3-D,54,4,8000,300000,0.389994,0.416708,19.6455,0.63904,0.585853,0.44573,0.235316,2449
T-B3-D,54,4.5,1000,30000,0.530837,0.653407,90.1365,0.69125,0.675015,0.627324,0.57489,2449
T-B3-D,54,4.5,1000,300000,0.492277,0.591468,72.9437,0.630891,0.620214,0.583499,0.541617,2449
T-B3-D,54,4.5,3000,30000,0.446711,0.555149,79.7446,0.654584,0.619676,0.527599,0.391062,2449
T-B3-D,54,4.5,3000,300000,0.411962,0.503733,67.4878,0.594196,0.566859,0.489624,0.370702,2449
T-B3-D,54,4.5,8000,30000,0.368623,0.455744,64.0679,0.598047,0.548959,0.418993,0.238466,2449
T-B3-D,54,4.5,8000,300000,0.341478,0.416708,55.3236,0.545558,0.504775,0.391772,0.230364,2449
T-B3-D,54,5,1000,30000,0.396917,0.653407,188.62,0.461206,0.458143,0.441979,0.546611,2449
T-B3-D,54,5,1000,300000,0.377577,0.591468,157.293,0.435679,0.434124,0.421345,0.516269,2449
T-B3-D,54,5,3000,30000,0.313542,0.555149,177.675,0.414323,0.401013,0.357657,0.369818,2449
T-B3-D,54,5,3000,300000,0.295487,0.503733,153.142,0.385595,0.375037,0.337805,0.351277,2449
T-B3-D,54,5,8000,30000,0.25524,0.455744,147.448,0.38267,0.359373,0.288554,0.22604,2449
T-B3-D,54,5,8000,300000,0.24091,0.416708,129.28,0.355786,0.336029,0.273357,0.21875,2449
T-B3-C,55,3,1000,30000,0.650338,0.653407,2.25673,0.902265,0.871501,0.782876,0.595878,1988
T-B3-C,55,3,1000,300000,0.589104,0.591468,1.73839,0.799491,0.780065,0.714179,0.559963,1988
T-B3-C,55,3,3000,30000,0.552503,0.555149,1.94568,0.849148,0.795155,0.655209,0.405588,1988
T-B3-C,55,3,3000,300000,0.501563,0.503733,1.59627,0.757346,0.71622,0.601164,0.38382,1988
T-B3-C,55,3,8000,30000,0.453585,0.455744,1.58781,0.762014,0.692072,0.51097,0.246591,1988
T-B3-C,55,3,8000,300000,0.414891,0.416708,1.33603,0.686025,0.629124,0.473915,0.237891,1988
T-B3-C,55,4,1000,30000,0.625096,0.653407,20.8191,0.833999,0.852467,0.770189,0.595903,1988
T-B3-C,55,4,1000,300000,0.56945,0.591468,16.192,0.745996,0.76493,0.703684,0.559988,1988
T-B3-C,55,4,3000,30000,0.530268,0.555149,18.2974,0.788757,0.779009,0.645333,0.40565,1988
T-B3-C,55,4,3000,300000,0.483215,0.503733,15.0888,0.707255,0.702645,0.592596,0.383878,1988
T-B3-C,55,4,8000,30000,0.435287,0.455744,15.044,0.712004,0.679172,0.504076,0.246689,1988
T-B3-C,55,4,8000,300000,0.399425,0.416708,12.7102,0.643559,0.618026,0.467792,0.237983,1988
T-B3-C,55,4.5,1000,30000,0.57771,0.653407,55.6666,0.707168,0.810398,0.741602,0.595963,1988
T-B3-C,55,4.5,1000,300000,0.531545,0.591468,44.0664,0.643958,0.731196,0.679912,0.560048,1988
T-B3-C,55,4.5,3000,30000,0.486256,0.555149,50.6634,0.669956,0.742588,0.62272,0.405799,1988
T-B3-C,55,4.5,3000,300000,0.44635,0.503733,42.1989,0.607291,0.671892,0.572929,0.384017,1988
T-B3-C,55,4.5,8000,30000,0.398263,0.455744,42.2704,0.611227,0.649836,0.488173,0.246925,1988
T-B3-C,55,4.5,8000,300000,0.367751,0.416708,36.0025,0.556995,0.5927,0.45364,0.238203,1988
T-B3-C,55,5,1000,30000,0.490349,0.653407,119.911,0.483512,0.703714,0.665487,0.596153,1988
T-B3-C,55,5,1000,300000,0.458365,0.591468,97.8826,0.455134,0.64391,0.615788,0.560238,1988
T-B3-C,55,5,3000,30000,0.398069,0.555149,115.515,0.438636,0.645645,0.560101,0.406271,1988
T-B3-C,55,5,3000,300000,0.37038,0.503733,98.067,0.407065,0.589136,0.518106,0.384459,1988
T-B3-C,55,5,8000,30000,0.320933,0.455744,99.1385,0.404994,0.570101,0.443263,0.247679,1988
T-B3-C,55,5,8000,300000,0.300045,0.416708,85.7926,0.375731,0.52326,0.413474,0.238907,1988
T-B3-D,55,3,1000,30000,0.649059,0.653407,3.19713,0.901901,0.867265,0.77977,0.595426,1988
T-B3-D,55,3,1000,300000,0.58806,0.591468,2.50594,0.799206,0.776701,0.711617,0.559572,1988
T-B3-D,55,3,3000,30000,0.551486,0.555149,2.69409,0.848834,0.79159,0.652787,0.405284,1988
T-B3-D,55,3,3000,300000,0.50069,0.503733,2.23792,0.757085,0.713224,0.599066,0.383547,1988
T-B3-D,55,3,8000,30000,0.452838,0.455744,2.13665,0.761758,0.68924,0.509262,0.24642,1988
T-B3-D,55,3,8000,300000,0.414237,0.416708,1.81697,0.685807,0.626688,0.472401,0.237733,1988
T-B3-D,55,4,1000,30000,0.613161,0.653407,29.596,0.830859,0.813665,0.741177,0.591517,1988
T-B3-D,55,4,1000,300000,0.55964,0.591468,23.4057,0.7435,0.73383,0.679609,0.556183,1988
T-B3-D,55,4,3000,30000,0.520617,0.555149,25.3949,0.785951,0.745644,0.622312,0.402676,1988
T-B3-D,55,4,3000,300000,0.47491,0.503733,21.1963,0.704906,0.674478,0.572605,0.381201,1988
T-B3-D,55,4,8000,30000,0.428165,0.455744,20.2812,0.709677,0.652435,0.487722,0.245011,1988
T-B3-D,55,4,8000,300000,0.393165,0.416708,17.3131,0.641567,0.594944,0.453259,0.236432,1988
T-B3-D,55,4.5,1000,30000,0.545243,0.653407,79.5424,0.699951,0.709211,0.662833,0.583015,1988
T-B3-D,55,4.5,1000,300000,0.504489,0.591468,63.9637,0.63804,0.64861,0.613749,0.54877,1988
T-B3-D,55,4.5,3000,30000,0.459156,0.555149,70.5921,0.663046,0.651712,0.557946,0.396878,1988
T-B3-D,55,4.5,3000,300000,0.422853,0.503733,59.4785,0.601407,0.594424,0.516334,0.375973,1988
T-B3-D,55,4.5,8000,30000,0.378006,0.455744,57.1677,0.605323,0.575635,0.441347,0.241847,1988
T-B3-D,55,4.5,8000,300000,0.349836,0.416708,49.177,0.551873,0.52815,0.411838,0.233504,1988
T-B3-D,55,5,1000,30000,0.420117,0.653407,171.558,0.472963,0.508279,0.499279,0.562352,1988
T-B3-D,55,5,1000,300000,0.39814,0.591468,142.171,0.445954,0.478106,0.472266,0.530483,1988
T-B3-D,55,5,3000,30000,0.335681,0.555149,161.395,0.427254,0.453806,0.41229,0.382063,1988
T-B3-D,55,5,3000,300000,0.315371,0.503733,138.52,0.397024,0.421951,0.387034,0.362517,1988
T-B3-D,55,5,8000,30000,0.272905,0.455744,134.458,0.394609,0.406368,0.33165,0.233567,1988
T-B3-D,55,5,8000,300000,0.256979,0.416708,117.464,0.366461,0.378282,0.312725,0.225801,1988
T-B3-C,56,3,1000,30000,0.650527,0.653407,2.11789,0.90293,0.872362,0.782881,0.595878,2056
T-B3-C,56,3,1000,300000,0.589252,0.591468,1.62933,0.80001,0.780748,0.714183,0.559963,2056
T-B3-C,56,3,3000,30000,0.552665,0.555149,1.82712,0.849723,0.795882,0.655213,0.405588,2056
T-B3-C,56,3,3000,300000,0.501697,0.503733,1.49752,0.757821,0.71683,0.601168,0.38382,2056
T-B3-C,56,3,8000,30000,0.453715,0.455744,1.49193,0.762484,0.692651,0.510972,0.246591,2056
T-B3-C,56,3,8000,300000,0.415003,0.416708,1.25426,0.686424,0.629622,0.473917,0.237891,2056
T-B3-C,56,4,1000,30000,0.626812,0.653407,19.5575,0.839785,0.860723,0.77024,0.595903,2056
T-B3-C,56,4,1000,300000,0.570812,0.591468,15.1903,0.750577,0.771503,0.703727,0.559989,2056
T-B3-C,56,4,3000,30000,0.531767,0.555149,17.1953,0.793923,0.786047,0.645373,0.405651,2056
T-B3-C,56,4,3000,300000,0.484471,0.503733,14.1656,0.711567,0.708564,0.592631,0.383878,2056
T-B3-C,56,4,8000,30000,0.436509,0.455744,14.145,0.716289,0.684812,0.504104,0.246689,2056
T-B3-C,56,4,8000,300000,0.400472,0.416708,11.9398,0.647217,0.622879,0.467817,0.237983,2056
T-B3-C,56,4.5,1000,30000,0.582151,0.653407,52.4007,0.720768,0.834075,0.741755,0.595964,2056
T-B3-C,56,4.5,1000,300000,0.535143,0.591468,41.4212,0.655047,0.750233,0.680039,0.560049,2056
T-B3-C,56,4.5,3000,30000,0.4903,0.555149,47.6893,0.682899,0.76325,0.622842,0.4058,2056
T-B3-C,56,4.5,3000,300000,0.449776,0.503733,39.6794,0.618272,0.689357,0.573035,0.384018,2056
T-B3-C,56,4.5,8000,30000,0.40162,0.455744,39.8017,0.622264,0.666553,0.48826,0.246925,2056
T-B3-C,56,4.5,8000,300000,0.370654,0.416708,33.8678,0.56654,0.607143,0.453717,0.238203,2056
T-B3-C,56,5,1000,30000,0.49916,0.653407,113.431,0.504548,0.760613,0.665892,0.596155,2056
T-B3-C,56,5,1000,300000,0.465761,0.591468,92.4439,0.473273,0.690805,0.616129,0.560239,2056
T-B3-C,56,5,3000,30000,0.406677,0.555149,109.185,0.461025,0.698282,0.560437,0.406273,2056
T-B3-C,56,5,3000,300000,0.377831,0.503733,92.5871,0.426703,0.634236,0.5184,0.38446,2056
T-B3-C,56,5,8000,30000,0.328334,0.455744,93.6958,0.425268,0.613802,0.443507,0.24768,2056
T-B3-C,56,5,8000,300000,0.306562,0.416708,81.0006,0.393744,0.561426,0.413693,0.238908,2056
T-B3-D,56,3,1000,30000,0.649315,0.653407,3.00897,0.902305,0.868033,0.780216,0.5955,2056
T-B3-D,56,3,1000,300000,0.588267,0.591468,2.3541,0.799521,0.77731,0.711985,0.559636,2056
T-B3-D,56,3,3000,30000,0.551694,0.555149,2.54106,0.849184,0.792238,0.653135,0.405334,2056
T-B3-D,56,3,3000,300000,0.500867,0.503733,2.10795,0.757375,0.713768,0.599368,0.383591,2056
T-B3-D,56,3,8000,30000,0.452996,0.455744,2.02094,0.762044,0.689755,0.509508,0.246448,2056
T-B3-D,56,3,8000,300000,0.414374,0.416708,1.71655,0.68605,0.627131,0.472618,0.237759,2056
T-B3-D,56,4,1000,30000,0.615437,0.653407,27.9227,0.834306,0.82044,0.745213,0.592217,2056
T-B3-D,56,4,1000,300000,0.561499,0.591468,22.0387,0.746233,0.73928,0.682969,0.556792,2056
T-B3-D,56,4,3000,30000,0.522518,0.555149,23.9966,0.789049,0.751537,0.625542,0.403154,2056
T-B3-D,56,4,3000,300000,0.476536,0.503733,20.0009,0.707494,0.679461,0.575415,0.381632,2056
T-B3-D,56,4,8000,30000,0.429618,0.455744,19.2129,0.712255,0.657185,0.490026,0.245282,2056
T-B3-D,56,4,8000,300000,0.394433,0.416708,16.3809,0.643769,0.59905,0.455308,0.236682,2056
T-B3-D,56,4.5,1000,30000,0.550834,0.653407,75.4305,0.707708,0.725537,0.673062,0.584965,2056
T-B3-D,56,4.5,1000,300000,0.509166,0.591468,60.5238,0.644399,0.662079,0.622414,0.550477,2056
T-B3-D,56,4.5,3000,30000,0.464078,0.555149,66.973,0.670542,0.666793,0.566558,0.398248,2056
T-B3-D,56,4.5,3000,300000,0.427116,0.503733,56.3433,0.607784,0.607352,0.523891,0.377212,2056
T-B3-D,56,4.5,8000,30000,0.381848,0.455744,54.3424,0.611761,0.588119,0.447644,0.242636,2056
T-B3-D,56,4.5,8000,300000,0.353225,0.416708,46.685,0.557453,0.539057,0.417477,0.234235,2056
T-B3-D,56,5,1000,30000,0.429643,0.653407,164.554,0.483907,0.534467,0.517468,0.566664,2056
T-B3-D,56,5,1000,300000,0.406482,0.591468,136.037,0.455491,0.500844,0.488276,0.534335,2056
T-B3-D,56,5,3000,30000,0.344879,0.555149,154.631,0.439166,0.480889,0.429269,0.385313,2056
T-B3-D,56,5,3000,300000,0.32356,0.503733,132.497,0.407538,0.445867,0.402247,0.365484,2056
T-B3-D,56,5,8000,30000,0.280435,0.455744,128.92,0.405554,0.430189,0.344842,0.235519,2056
T-B3-D,56,5,8000,300000,0.263772,0.416708,112.468,0.376233,0.399591,0.324725,0.227623,2056
T-B3-C,57,3,1000,30000,0.650411,0.653407,2.20285,0.90249,0.871892,0.782878,0.595878,2539
T-B3-C,57,3,1000,300000,0.589162,0.591468,1.69598,0.799667,0.780375,0.714181,0.559963,2539
T-B3-C,57,3,3000,30000,0.552566,0.555149,1.89978,0.849343,0.795485,0.655211,0.405588,2539
T-B3-C,57,3,3000,300000,0.501615,0.503733,1.55798,0.757507,0.716496,0.601166,0.38382,2539
T-B3-C,57,3,8000,30000,0.453635,0.455744,1.5508,0.762173,0.692334,0.510971,0.246591,2539
T-B3-C,57,3,8000,300000,0.414934,0.416708,1.30441,0.68616,0.629349,0.473916,0.237891,2539
T-B3-C,57,4,1000,30000,0.625764,0.653407,20.3281,0.835951,0.856191,0.770216,0.595903,2539
T-B3-C,57,4,1000,300000,0.569981,0.591468,15.8015,0.747543,0.767897,0.703707,0.559988,2539
T-B3-C,57,4,3000,30000,0.53085,0.555149,17.8697,0.790501,0.782187,0.645355,0.40565,2539
T-B3-C,57,4,3000,300000,0.483703,0.503733,14.7301,0.708712,0.705319,0.592615,0.383878,2539
T-B3-C,57,4,8000,30000,0.435759,0.455744,14.6962,0.71345,0.68172,0.504091,0.246689,2539
T-B3-C,57,4,8000,300000,0.39983,0.416708,12.4118,0.644794,0.620219,0.467805,0.237983,2539
T-B3-C,57,4.5,1000,30000,0.579448,0.653407,54.3887,0.711717,0.820955,0.741684,0.595963,2539
T-B3-C,57,4.5,1000,300000,0.532954,0.591468,43.0302,0.647674,0.739699,0.679981,0.560049,2539
T-B3-C,57,4.5,3000,30000,0.487832,0.555149,49.5043,0.674296,0.751835,0.622786,0.4058,2539
T-B3-C,57,4.5,3000,300000,0.447687,0.503733,41.2159,0.610977,0.679716,0.572986,0.384017,2539
T-B3-C,57,4.5,8000,30000,0.399567,0.455744,41.3117,0.61493,0.657328,0.48822,0.246925,2539
T-B3-C,57,4.5,8000,300000,0.36888,0.416708,35.1727,0.560201,0.599177,0.453681,0.238203,2539
T-B3-C,57,5,1000,30000,0.493825,0.653407,117.354,0.490403,0.728372,0.665705,0.596154,2539
T-B3-C,57,5,1000,300000,0.461285,0.591468,95.7355,0.461094,0.664312,0.615971,0.560239,2539
T-B3-C,57,5,3000,30000,0.401452,0.555149,113.028,0.446008,0.668649,0.560281,0.406272,2539
T-B3-C,57,5,3000,300000,0.37331,0.503733,95.9123,0.413543,0.60889,0.518264,0.384459,2539
T-B3-C,57,5,8000,30000,0.32383,0.455744,97.0081,0.411688,0.589271,0.443394,0.247679,2539
T-B3-C,57,5,8000,300000,0.302598,0.416708,83.9158,0.381687,0.540032,0.413592,0.238908,2539
T-B3-D,57,3,1000,30000,0.649058,0.653407,3.19766,0.901989,0.867269,0.779711,0.595416,2539
T-B3-D,57,3,1000,300000,0.588059,0.591468,2.50696,0.799275,0.776704,0.711568,0.559563,2539
T-B3-D,57,3,3000,30000,0.551487,0.555149,2.69339,0.848911,0.791594,0.652741,0.405277,2539
T-B3-D,57,3,3000,300000,0.50069,0.503733,2.23773,0.757148,0.713228,0.599027,0.38354,2539
T-B3-D,57,3,8000,30000,0.452841,0.455744,2.13492,0.76182,0.689243,0.50923,0.246416,2539
T-B3-D,57,3,8000,300000,0.414239,0.416708,1.81577,0.68586,0.626691,0.472372,0.23773,2539
T-B3-D,57,4,1000,30000,0.613145,0.653407,29.6077,0.831608,0.813702,0.740649,0.59142,2539
T-B3-D,57,4,1000,300000,0.559621,0.591468,23.4198,0.744093,0.733859,0.67917,0.5561,2539
T-B3-D,57,4,3000,30000,0.520619,0.555149,25.393,0.786625,0.745678,0.62189,0.40261,2539
T-B3-D,57,4,3000,300000,0.474908,0.503733,21.198,0.705469,0.674506,0.572238,0.381142,2539
T-B3-D,57,4,8000,30000,0.428182,0.455744,20.2684,0.710239,0.652464,0.487421,0.244974,2539
T-B3-D,57,4,8000,300000,0.393177,0.416708,17.3044,0.642047,0.594969,0.452991,0.236398,2539
T-B3-D,57,4.5,1000,30000,0.545159,0.653407,79.6043,0.701617,0.709292,0.661513,0.582751,2539
T-B3-D,57,4.5,1000,300000,0.504408,0.591468,64.0234,0.639407,0.648677,0.612628,0.548537,2539
T-B3-D,57,4.5,3000,30000,0.45913,0.555149,70.6113,0.664663,0.651794,0.55683,0.396691,2539
T-B3-D,57,4.5,3000,300000,0.422822,0.503733,59.5017,0.602783,0.594493,0.515354,0.375804,2539
T-B3-D,57,4.5,8000,30000,0.378028,0.455744,57.1512,0.606715,0.575708,0.44053,0.241739,2539
T-B3-D,57,4.5,8000,300000,0.349849,0.416708,49.1677,0.553079,0.528214,0.411105,0.233404,2539
T-B3-D,57,5,1000,30000,0.419831,0.653407,171.769,0.475266,0.508389,0.496991,0.561784,2539
T-B3-D,57,5,1000,300000,0.397882,0.591468,142.361,0.447965,0.478201,0.470246,0.529974,2539
T-B3-D,57,5,3000,30000,0.335501,0.555149,161.527,0.429774,0.453932,0.410141,0.381631,2539
T-B3-D,57,5,3000,300000,0.315202,0.503733,138.644,0.39925,0.422063,0.385104,0.362123,2539
T-B3-D,57,5,8000,30000,0.272845,0.455744,134.502,0.396932,0.406491,0.329973,0.233306,2539
T-B3-D,57,5,8000,300000,0.256916,0.416708,117.51,0.368537,0.378391,0.311198,0.225557,2539
T-B3-C,58,3,1000,30000,0.650299,0.653407,2.28547,0.902146,0.871293,0.782874,0.595878,3683
T-B3-C,58,3,1000,300000,0.589073,0.591468,1.761,0.799399,0.779901,0.714178,0.559963,3683
T-B3-C,58,3,3000,30000,0.55247,0.555149,1.97018,0.849046,0.794979,0.655208,0.405588,3683
T-B3-C,58,3,3000,300000,0.501535,0.503733,1.61671,0.757261,0.716073,0.601163,0.38382,3683
T-B3-C,58,3,8000,30000,0.453558,0.455744,1.60757,0.76193,0.691931,0.510969,0.246591,3683
T-B3-C,58,3,8000,300000,0.414868,0.416708,1.35291,0.685954,0.629003,0.473914,0.237891,3683
T-B3-C,58,4,1000,30000,0.624743,0.653407,21.079,0.832977,0.850498,0.770177,0.595903,3683
T-B3-C,58,4,1000,300000,0.569168,0.591468,16.3988,0.745186,0.763359,0.703675,0.559988,3683
T-B3-C,58,4,3000,30000,0.529959,0.555149,18.5243,0.787843,0.777324,0.645324,0.40565,3683
T-B3-C,58,4,3000,300000,0.482956,0.503733,15.2792,0.706491,0.701227,0.592588,0.383878,3683
T-B3-C,58,4,8000,30000,0.435035,0.455744,15.2287,0.711245,0.677821,0.504069,0.246689,3683
T-B3-C,58,4,8000,300000,0.399209,0.416708,12.8687,0.64291,0.616862,0.467786,0.237983,3683
T-B3-C,58,4.5,1000,30000,0.576805,0.653407,56.3319,0.704816,0.8049,0.741568,0.595963,3683
T-B3-C,58,4.5,1000,300000,0.530811,0.591468,44.6068,0.642034,0.726758,0.679884,0.560048,3683
T-B3-C,58,4.5,3000,30000,0.48543,0.555149,51.2705,0.667703,0.737746,0.622693,0.405799,3683
T-B3-C,58,4.5,3000,300000,0.44565,0.503733,42.7142,0.605376,0.66779,0.572905,0.384017,3683
T-B3-C,58,4.5,8000,30000,0.397579,0.455744,42.774,0.6093,0.645905,0.488154,0.246925,3683
T-B3-C,58,4.5,8000,300000,0.367158,0.416708,36.4387,0.555326,0.589298,0.453622,0.238203,3683
T-B3-C,58,5,1000,30000,0.488605,0.653407,121.193,0.480042,0.691345,0.665396,0.596153,3683
T-B3-C,58,5,1000,300000,0.456895,0.591468,98.9634,0.452123,0.633625,0.615711,0.560237,3683
T-B3-C,58,5,3000,30000,0.396354,0.555149,116.776,0.4349,0.633974,0.560025,0.406271,3683
T-B3-C,58,5,3000,300000,0.368891,0.503733,99.1617,0.403776,0.579086,0.51804,0.384458,3683
T-B3-C,58,5,8000,30000,0.319456,0.455744,100.225,0.401588,0.560322,0.443208,0.247679,3683
T-B3-C,58,5,8000,300000,0.298742,0.416708,86.7515,0.372696,0.514685,0.413425,0.238907,3683
T-B3-D,58,3,1000,30000,0.648848,0.653407,3.35261,0.901778,0.866668,0.779257,0.595334,3683
T-B3-D,58,3,1000,300000,0.587888,0.591468,2.63299,0.79911,0.776226,0.711194,0.559493,3683
T-B3-D,58,3,3000,30000,0.551318,0.555149,2.81757,0.848728,0.791087,0.652387,0.405222,3683
T-B3-D,58,3,3000,300000,0.500546,0.503733,2.34385,0.756997,0.712801,0.59872,0.383491,3683
T-B3-D,58,3,8000,30000,0.452716,0.455744,2.22683,0.761671,0.688839,0.50898,0.246385,3683
T-B3-D,58,3,8000,300000,0.41413,0.416708,1.89602,0.685733,0.626343,0.472151,0.237701,3683
T-B3-D,58,4,1000,30000,0.611278,0.653407,30.9806,0.829818,0.808462,0.736589,0.590659,3683
T-B3-D,58,4,1000,300000,0.558084,0.591468,24.5501,0.742673,0.729637,0.675786,0.555437,3683
T-B3-D,58,4,3000,30000,0.51908,0.555149,26.5247,0.785015,0.741107,0.618631,0.402088,3683
T-B3-D,58,4,3000,300000,0.473584,0.503733,22.1712,0.704123,0.670637,0.569402,0.380672,3683
T-B3-D,58,4,8000,30000,0.427031,0.455744,21.1153,0.708899,0.648776,0.485094,0.244678,3683
T-B3-D,58,4,8000,300000,0.392167,0.416708,18.0477,0.640902,0.591779,0.45092,0.236124,3683
T-B3-D,58,4.5,1000,30000,0.540609,0.653407,82.95,0.697628,0.696992,0.651465,0.580682,3683
T-B3-D,58,4.5,1000,300000,0.500574,0.591468,66.8427,0.636132,0.638492,0.604092,0.546721,3683
T-B3-D,58,4.5,3000,30000,0.455173,0.555149,73.5217,0.660798,0.640341,0.548306,0.395225,3683
T-B3-D,58,4.5,3000,300000,0.419374,0.503733,62.0372,0.599492,0.584655,0.507862,0.374477,3683
T-B3-D,58,4.5,8000,30000,0.374997,0.455744,59.3801,0.603391,0.566196,0.434273,0.240892,3683
T-B3-D,58,4.5,8000,300000,0.347161,0.416708,51.1445,0.550196,0.519889,0.405495,0.232618,3683
T-B3-D,58,5,1000,30000,0.412253,0.653407,177.342,0.469743,0.489648,0.479997,0.557484,3683
T-B3-D,58,5,1000,300000,0.391201,0.591468,147.274,0.44314,0.46183,0.455213,0.526112,3683
T-B3-D,58,5,3000,30000,0.328246,0.555149,166.862,0.42374,0.43434,0.394092,0.378338,3683
T-B3-D,58,5,3000,300000,0.30871,0.503733,143.418,0.393917,0.404698,0.370682,0.359109,3683
T-B3-D,58,5,8000,30000,0.266995,0.455744,138.804,0.391376,0.389138,0.317403,0.231306,3683
T-B3-D,58,5,8000,300000,0.251614,0.416708,121.409,0.36357,0.362823,0.299738,0.223687,3683
T-B3-C,59,3,1000,30000,0.650373,0.653407,2.23053,0.902392,0.87166,0.782876,0.595878,3102
T-B3-C,59,3,1000,300000,0.589132,0.591468,1.71783,0.79959,0.780192,0.714179,0.559963,3102
T-B3-C,59,3,3000,30000,0.552534,0.555149,1.92328,0.849258,0.795289,0.655209,0.405588,3102
T-B3-C,59,3,3000,300000,0.501588,0.503733,1.57763,0.757437,0.716333,0.601164,0.38382,3102
T-B3-C,59,3,8000,30000,0.453609,0.455744,1.56967,0.762104,0.692179,0.51097,0.246591,3102
T-B3-C,59,3,8000,300000,0.414912,0.416708,1.32057,0.686101,0.629216,0.473915,0.237891,3102
T-B3-C,59,4,1000,30000,0.625416,0.653407,20.5837,0.835093,0.853978,0.770192,0.595903,3102
T-B3-C,59,4,1000,300000,0.569704,0.591468,16.0051,0.746863,0.766134,0.703687,0.559988,3102
T-B3-C,59,4,3000,30000,0.530549,0.555149,18.0909,0.789736,0.7803,0.645336,0.40565,3102
T-B3-C,59,4,3000,300000,0.48345,0.503733,14.9159,0.708072,0.703731,0.592599,0.383878,3102
T-B3-C,59,4,8000,30000,0.435516,0.455744,14.8752,0.712816,0.680208,0.504078,0.246689,3102
T-B3-C,59,4,8000,300000,0.399621,0.416708,12.5655,0.644252,0.618918,0.467793,0.237983,3102
T-B3-C,59,4.5,1000,30000,0.578518,0.653407,55.072,0.709695,0.814643,0.741612,0.595963,3102
T-B3-C,59,4.5,1000,300000,0.532202,0.591468,43.5836,0.646024,0.734619,0.67992,0.560048,3102
T-B3-C,59,4.5,3000,30000,0.486999,0.555149,50.1167,0.672374,0.74632,0.622728,0.405799,3102
T-B3-C,59,4.5,3000,300000,0.446981,0.503733,41.7352,0.609346,0.675051,0.572936,0.384017,3102
T-B3-C,59,4.5,8000,30000,0.398883,0.455744,41.8145,0.613294,0.652866,0.488179,0.246925,3102
T-B3-C,59,4.5,8000,300000,0.368288,0.416708,35.6079,0.558785,0.595321,0.453645,0.238203,3102
T-B3-C,59,5,1000,30000,0.491861,0.653407,118.799,0.487278,0.71341,0.665513,0.596153,3102
T-B3-C,59,5,1000,300000,0.459643,0.591468,96.9427,0.458396,0.651956,0.61581,0.560238,3102
T-B3-C,59,5,3000,30000,0.399574,0.555149,114.408,0.442682,0.654759,0.560122,0.406271,3102
T-B3-C,59,5,3000,300000,0.371687,0.503733,97.1054,0.410623,0.596975,0.518125,0.384459,3102
T-B3-C,59,5,8000,30000,0.32224,0.455744,98.1771,0.408678,0.577727,0.443278,0.247679,3102
T-B3-C,59,5,8000,300000,0.3012,0.416708,84.9439,0.379011,0.52994,0.413488,0.238907,3102
T-B3-D,59,3,1000,30000,0.648963,0.653407,3.26754,0.901913,0.86698,0.779497,0.595378,3102
T-B3-D,59,3,1000,300000,0.587981,0.591468,2.56393,0.799216,0.776474,0.711392,0.559531,3102
T-B3-D,59,3,3000,30000,0.551411,0.555149,2.7492,0.848846,0.79135,0.652574,0.405252,3102
T-B3-D,59,3,3000,300000,0.500625,0.503733,2.28551,0.757094,0.713022,0.598882,0.383518,3102
T-B3-D,59,3,8000,30000,0.452785,0.455744,2.17604,0.761767,0.689049,0.509112,0.246402,3102
T-B3-D,59,3,8000,300000,0.41419,0.416708,1.85173,0.685815,0.626523,0.472268,0.237717,3102
T-B3-D,59,4,1000,30000,0.612299,0.653407,30.2302,0.830965,0.81117,0.738733,0.591068,3102
T-B3-D,59,4,1000,300000,0.558923,0.591468,23.9331,0.743583,0.73182,0.677573,0.555794,3102
T-B3-D,59,4,3000,30000,0.519925,0.555149,25.9037,0.786049,0.743472,0.620352,0.402369,3102
T-B3-D,59,4,3000,300000,0.47431,0.503733,21.6378,0.704987,0.672639,0.5709,0.380925,3102
T-B3-D,59,4,8000,30000,0.427665,0.455744,20.6487,0.709759,0.650685,0.486324,0.244837,3102
T-B3-D,59,4,8000,300000,0.392723,0.416708,17.6387,0.641637,0.59343,0.452014,0.236271,3102
T-B3-D,59,4.5,1000,30000,0.543075,0.653407,81.1368,0.700175,0.703314,0.656743,0.581788,3102
T-B3-D,59,4.5,1000,300000,0.502651,0.591468,65.3154,0.638223,0.64373,0.608579,0.547693,3102
T-B3-D,59,4.5,3000,30000,0.457329,0.555149,71.936,0.66327,0.646238,0.552791,0.39601,3102
T-B3-D,59,4.5,3000,300000,0.421251,0.503733,60.6566,0.601597,0.589723,0.511805,0.375188,3102
T-B3-D,59,4.5,8000,30000,0.376656,0.455744,58.16,0.605519,0.571098,0.437567,0.241346,3102
T-B3-D,59,4.5,8000,300000,0.348631,0.416708,50.0633,0.552042,0.524181,0.40845,0.233039,3102
T-B3-D,59,5,1000,30000,0.416289,0.653407,174.374,0.473242,0.499174,0.488832,0.559754,3102
T-B3-D,59,5,1000,300000,0.394763,0.591468,144.655,0.446198,0.470162,0.463037,0.528153,3102
T-B3-D,59,5,3000,30000,0.332136,0.555149,164.002,0.427572,0.444323,0.402455,0.380082,3102
T-B3-D,59,5,3000,300000,0.31219,0.503733,140.859,0.397304,0.413552,0.378202,0.360706,3102
T-B3-D,59,5,8000,30000,0.270149,0.455744,136.484,0.39491,0.397995,0.323964,0.232368,3102
T-B3-D,59,5,8000,300000,0.254472,0.416708,119.307,0.366729,0.370773,0.305722,0.22468,3102
T-B3-C,60,3,1000,30000,0.650237,0.653407,2.33065,0.902003,0.870896,0.78287,0.595878,247
T-B3-C,60,3,1000,300000,0.589025,0.591468,1.79667,0.799287,0.779585,0.714175,0.559963,247
T-B3-C,60,3,3000,30000,0.552418,0.555149,2.00853,0.848922,0.794645,0.655205,0.405588,247
T-B3-C,60,3,3000,300000,0.501491,0.503733,1.64878,0.757159,0.715792,0.601161,0.38382,247
T-B3-C,60,3,8000,30000,0.453516,0.455744,1.63834,0.761829,0.691664,0.510967,0.246591,247
T-B3-C,60,3,8000,300000,0.414833,0.416708,1.37925,0.685868,0.628774,0.473912,0.237891,247
T-B3-C,60,4,1000,30000,0.624183,0.653407,21.491,0.831746,0.846757,0.770138,0.595903,247
T-B3-C,60,4,1000,300000,0.568722,0.591468,16.7274,0.744208,0.760374,0.703643,0.559988,247
T-B3-C,60,4,3000,30000,0.529473,0.555149,18.8817,0.786741,0.774123,0.645293,0.40565,247
T-B3-C,60,4,3000,300000,0.482548,0.503733,15.5798,0.705569,0.698532,0.592562,0.383878,247
T-B3-C,60,4,8000,30000,0.434642,0.455744,15.518,0.71033,0.675253,0.504048,0.246689,247
T-B3-C,60,4,8000,300000,0.398871,0.416708,13.1174,0.642128,0.614651,0.467767,0.237983,247
T-B3-C,60,4.5,1000,30000,0.575346,0.653407,57.405,0.701995,0.79457,0.741452,0.595962,247
T-B3-C,60,4.5,1000,300000,0.529625,0.591468,45.479,0.639723,0.718404,0.679788,0.560048,247
T-B3-C,60,4.5,3000,30000,0.484112,0.555149,52.2401,0.664997,0.728622,0.622601,0.405799,247
T-B3-C,60,4.5,3000,300000,0.444529,0.503733,43.5381,0.603074,0.660053,0.572825,0.384017,247
T-B3-C,60,4.5,8000,30000,0.396494,0.455744,43.572,0.606986,0.63849,0.488088,0.246925,247
T-B3-C,60,4.5,8000,300000,0.366217,0.416708,37.1307,0.55332,0.582876,0.453564,0.238203,247
T-B3-C,60,5,1000,30000,0.485691,0.653407,123.336,0.475934,0.668668,0.665091,0.596151,247
T-B3-C,60,5,1000,300000,0.454443,0.591468,100.767,0.448551,0.614706,0.615454,0.560236,247
T-B3-C,60,5,3000,30000,0.393527,0.555149,118.855,0.430463,0.612439,0.559771,0.40627,247
T-B3-C,60,5,3000,300000,0.366438,0.503733,100.966,0.399865,0.560505,0.517818,0.384457,247
T-B3-C,60,5,8000,30000,0.317045,0.455744,101.997,0.397538,0.54223,0.443023,0.247678,247
T-B3-C,60,5,8000,300000,0.296614,0.416708,88.3157,0.369082,0.498794,0.41326,0.238906,247
T-B3-D,60,3,1000,30000,0.648878,0.653407,3.33001,0.901737,0.866736,0.779374,0.595356,247
T-B3-D,60,3,1000,300000,0.587913,0.591468,2.61407,0.799078,0.776281,0.71129,0.559512,247
T-B3-D,60,3,3000,30000,0.551341,0.555149,2.80047,0.848693,0.791144,0.652478,0.405237,247
T-B3-D,60,3,3000,300000,0.500566,0.503733,2.32888,0.756968,0.71285,0.598799,0.383504,247
T-B3-D,60,3,8000,30000,0.452731,0.455744,2.21526,0.761642,0.688885,0.509045,0.246393,247
T-B3-D,60,3,8000,300000,0.414144,0.416708,1.88564,0.685709,0.626383,0.472208,0.237709,247
T-B3-D,60,4,1000,30000,0.611557,0.653407,30.7756,0.829472,0.809057,0.737633,0.590861,247
T-B3-D,60,4,1000,300000,0.558319,0.591468,24.3772,0.742398,0.730118,0.676656,0.555614,247
T-B3-D,60,4,3000,30000,0.519296,0.555149,26.3658,0.784703,0.741625,0.619469,0.402228,247
T-B3-D,60,4,3000,300000,0.473774,0.503733,22.0316,0.703862,0.671076,0.570131,0.380797,247
T-B3-D,60,4,8000,30000,0.427179,0.455744,21.0065,0.708638,0.649192,0.485693,0.244757,247
T-B3-D,60,4,8000,300000,0.392299,0.416708,17.9499,0.640679,0.592139,0.451453,0.236197,247
T-B3-D,60,4.5,1000,30000,0.541318,0.653407,82.4287,0.696865,0.69838,0.654027,0.581229,247
T-B3-D,60,4.5,1000,300000,0.501181,0.591468,66.396,0.635506,0.639643,0.606271,0.547202,247
T-B3-D,60,4.5,3000,30000,0.45575,0.555149,73.0971,0.660055,0.641632,0.550485,0.395613,247
T-B3-D,60,4.5,3000,300000,0.419885,0.503733,61.6613,0.598859,0.585766,0.509778,0.374829,247
T-B3-D,60,4.5,8000,30000,0.375403,0.455744,59.082,0.602751,0.567266,0.435874,0.241117,247
T-B3-D,60,4.5,8000,300000,0.347527,0.416708,50.8751,0.549641,0.520826,0.406931,0.232826,247
T-B3-D,60,5,1000,30000,0.413522,0.653407,176.408,0.468709,0.491735,0.484261,0.558597,247
T-B3-D,60,5,1000,300000,0.392329,0.591468,146.445,0.442237,0.463658,0.458991,0.527113,247
T-B3-D,60,5,3000,30000,0.329387,0.555149,166.023,0.422604,0.436521,0.398133,0.379195,247
T-B3-D,60,5,3000,300000,0.30974,0.503733,142.661,0.392913,0.406634,0.374317,0.359893,247
T-B3-D,60,5,8000,30000,0.267845,0.455744,138.179,0.390325,0.391066,0.320576,0.231828,247
T-B3-D,60,5,8000,300000,0.252392,0.416708,120.836,0.362631,0.364555,0.302633,0.224176,247
T-B3-C,61,3,1000,30000,0.650283,0.653407,2.29729,0.902125,0.871166,0.782872,0.595878,2976
T-B3-C,61,3,1000,300000,0.589061,0.591468,1.77039,0.799382,0.7798,0.714176,0.559963,2976
T-B3-C,61,3,3000,30000,0.552457,0.555149,1.98014,0.849028,0.794872,0.655206,0.405588,2976
T-B3-C,61,3,3000,300000,0.501523,0.503733,1.62507,0.757246,0.715983,0.601162,0.38382,2976
T-B3-C,61,3,8000,30000,0.453547,0.455744,1.61549,0.761915,0.691846,0.510968,0.246591,2976
T-B3-C,61,3,8000,300000,0.414859,0.416708,1.35972,0.685941,0.62893,0.473913,0.237891,2976
T-B3-C,61,4,1000,30000,0.624593,0.653407,21.1894,0.832791,0.849295,0.770154,0.595903,2976
T-B3-C,61,4,1000,300000,0.569048,0.591468,16.4871,0.745037,0.7624,0.703656,0.559988,2976
T-B3-C,61,4,3000,30000,0.529831,0.555149,18.6188,0.787676,0.776297,0.645306,0.40565,2976
T-B3-C,61,4,3000,300000,0.482848,0.503733,15.3589,0.706352,0.700363,0.592573,0.383878,2976
T-B3-C,61,4,8000,30000,0.434932,0.455744,15.3044,0.711107,0.676998,0.504057,0.246689,2976
T-B3-C,61,4,8000,300000,0.39912,0.416708,12.934,0.642792,0.616154,0.467775,0.237983,2976
T-B3-C,61,4.5,1000,30000,0.576395,0.653407,56.6333,0.70438,0.801543,0.741499,0.595963,2976
T-B3-C,61,4.5,1000,300000,0.530478,0.591468,44.8513,0.641677,0.724047,0.679827,0.560048,2976
T-B3-C,61,4.5,3000,30000,0.485068,0.555149,51.5369,0.667288,0.734794,0.622639,0.405799,2976
T-B3-C,61,4.5,3000,300000,0.445342,0.503733,42.9406,0.605023,0.665289,0.572858,0.384017,2976
T-B3-C,61,4.5,8000,30000,0.397285,0.455744,42.99,0.608947,0.643512,0.488115,0.246925,2976
T-B3-C,61,4.5,8000,300000,0.366903,0.416708,36.6262,0.555019,0.587227,0.453588,0.238203,2976
T-B3-C,61,5,1000,30000,0.487705,0.653407,121.855,0.479387,0.683778,0.665216,0.596151,2976
T-B3-C,61,5,1000,300000,0.456143,0.591468,99.5166,0.451554,0.627333,0.61556,0.560236,2976
T-B3-C,61,5,3000,30000,0.395507,0.555149,117.399,0.434198,0.62685,0.559875,0.40627,2976
T-B3-C,61,5,3000,300000,0.368159,0.503733,99.7001,0.403157,0.57295,0.517909,0.384458,2976
T-B3-C,61,5,8000,30000,0.318749,0.455744,100.745,0.400951,0.554366,0.443099,0.247678,2976
T-B3-C,61,5,8000,300000,0.298119,0.416708,87.209,0.372127,0.50946,0.413328,0.238907,2976
T-B3-D,61,3,1000,30000,0.648799,0.653407,3.38857,0.901755,0.866528,0.779135,0.595311,2976
T-B3-D,61,3,1000,300000,0.587847,0.591468,2.66245,0.799092,0.776115,0.711093,0.559473,2976
T-B3-D,61,3,3000,30000,0.551279,0.555149,2.84601,0.848709,0.790969,0.652291,0.405207,2976
T-B3-D,61,3,3000,300000,0.500513,0.503733,2.3683,0.756981,0.712702,0.598637,0.383477,2976
T-B3-D,61,3,8000,30000,0.452688,0.455744,2.24747,0.761655,0.688746,0.508913,0.246376,2976
T-B3-D,61,3,8000,300000,0.414105,0.416708,1.91414,0.68572,0.626263,0.472091,0.237693,2976
T-B3-D,61,4,1000,30000,0.610845,0.653407,31.2993,0.829624,0.807257,0.735501,0.590444,2976
T-B3-D,61,4,1000,300000,0.557725,0.591468,24.8142,0.742519,0.728665,0.674879,0.555251,2976
T-B3-D,61,4,3000,30000,0.518728,0.555149,26.7839,0.784842,0.740054,0.617756,0.401941,2976
T-B3-D,61,4,3000,300000,0.47328,0.503733,22.3954,0.703978,0.669745,0.56864,0.380539,2976
T-B3-D,61,4,8000,30000,0.426772,0.455744,21.3055,0.708754,0.647926,0.484469,0.244594,2976
T-B3-D,61,4,8000,300000,0.391938,0.416708,18.2156,0.640778,0.591043,0.450364,0.236047,2976
T-B3-D,61,4.5,1000,30000,0.539554,0.653407,83.7257,0.697197,0.694202,0.648808,0.580108,2976
T-B3-D,61,4.5,1000,300000,0.49968,0.591468,67.5003,0.635777,0.636177,0.601832,0.546217,2976
T-B3-D,61,4.5,3000,30000,0.454267,0.555149,74.188,0.660381,0.637733,0.546042,0.394816,2976
T-B3-D,61,4.5,3000,300000,0.41858,0.503733,62.6205,0.599136,0.582412,0.505871,0.374107,2976
T-B3-D,61,4.5,8000,30000,0.374316,0.455744,59.8813,0.603033,0.564026,0.432608,0.240655,2976
T-B3-D,61,4.5,8000,300000,0.346553,0.416708,51.5911,0.549885,0.517989,0.404001,0.232398,2976
T-B3-D,61,5,1000,30000,0.410505,0.653407,178.627,0.469145,0.485509,0.475623,0.556332,2976
T-B3-D,61,5,1000,300000,0.389653,0.591468,148.412,0.442617,0.458203,0.451334,0.525075,2976
T-B3-D,61,5,3000,30000,0.326592,0.555149,168.079,0.423089,0.429991,0.389937,0.377448,2976
T-B3-D,61,5,3000,300000,0.307223,0.503733,144.511,0.393341,0.400835,0.366942,0.358293,2976
T-B3-D,61,5,8000,30000,0.265682,0.455744,139.77,0.390777,0.385272,0.314134,0.230762,2976
T-B3-D,61,5,8000,300000,0.250418,0.416708,122.288,0.363034,0.359349,0.296755,0.223178,2976
T-B3-C,62,3,1000,30000,0.650449,0.653407,2.17467,0.90264,0.872042,0.782879,0.595878,3733
T-B3-C,62,3,1000,300000,0.589192,0.591468,1.67388,0.799784,0.780495,0.714182,0.559963,3733
T-B3-C,62,3,3000,30000,0.552599,0.555149,1.87566,0.849472,0.795612,0.655212,0.405588,3733
T-B3-C,62,3,3000,300000,0.501642,0.503733,1.53791,0.757614,0.716603,0.601166,0.38382,3733
T-B3-C,62,3,8000,30000,0.453661,0.455744,1.53123,0.762279,0.692436,0.510971,0.246591,3733
T-B3-C,62,3,8000,300000,0.414957,0.416708,1.28775,0.68625,0.629437,0.473916,0.237891,3733
T-B3-C,62,4,1000,30000,0.626109,0.653407,20.0741,0.83725,0.857636,0.77022,0.595903,3733
T-B3-C,62,4,1000,300000,0.570255,0.591468,15.6001,0.748572,0.769047,0.70371,0.559988,3733
T-B3-C,62,4,3000,30000,0.531153,0.555149,17.6469,0.791662,0.783419,0.645358,0.40565,3733
T-B3-C,62,4,3000,300000,0.483957,0.503733,14.5436,0.709681,0.706355,0.592618,0.383878,3733
T-B3-C,62,4,8000,30000,0.436008,0.455744,14.5138,0.714414,0.682708,0.504093,0.246689,3733
T-B3-C,62,4,8000,300000,0.400043,0.416708,12.2556,0.645617,0.621069,0.467807,0.237983,3733
T-B3-C,62,4.5,1000,30000,0.580326,0.653407,53.7427,0.714757,0.825096,0.741695,0.595963,3733
T-B3-C,62,4.5,1000,300000,0.533666,0.591468,42.5066,0.650153,0.743029,0.67999,0.560049,3733
T-B3-C,62,4.5,3000,30000,0.488639,0.555149,48.9111,0.677194,0.755452,0.622795,0.4058,3733
T-B3-C,62,4.5,3000,300000,0.44837,0.503733,40.7135,0.613436,0.682772,0.572994,0.384017,3733
T-B3-C,62,4.5,8000,30000,0.40024,0.455744,40.8167,0.617404,0.660256,0.488226,0.246925,3733
T-B3-C,62,4.5,8000,300000,0.369461,0.416708,34.7447,0.56234,0.601707,0.453687,0.238203,3733
T-B3-C,62,5,1000,30000,0.4955,0.653407,116.123,0.495062,0.738293,0.665733,0.596154,3733
T-B3-C,62,5,1000,300000,0.462695,0.591468,94.6981,0.465115,0.672492,0.615996,0.560239,3733
T-B3-C,62,5,3000,30000,0.40311,0.555149,111.808,0.450979,0.677842,0.560305,0.406272,3733
T-B3-C,62,5,3000,300000,0.374748,0.503733,94.8545,0.417905,0.616768,0.518285,0.384459,3733
T-B3-C,62,5,8000,30000,0.325269,0.455744,95.95,0.416196,0.596912,0.443412,0.247679,3733
T-B3-C,62,5,8000,300000,0.303866,0.416708,82.9831,0.385694,0.546706,0.413608,0.238908,3733
T-B3-D,62,3,1000,30000,0.649103,0.653407,3.16457,0.90207,0.867391,0.779787,0.595429,3733
T-B3-D,62,3,1000,300000,0.588095,0.591468,2.48031,0.799338,0.776801,0.711631,0.559574,3733
T-B3-D,62,3,3000,30000,0.551523,0.555149,2.66641,0.848981,0.791697,0.6528,0.405286,3733
T-B3-D,62,3,3000,300000,0.500721,0.503733,2.21485,0.757207,0.713314,0.599078,0.383548,3733
T-B3-D,62,3,8000,30000,0.452868,0.455744,2.11445,0.761878,0.689325,0.509272,0.246421,3733
T-B3-D,62,3,8000,300000,0.414263,0.416708,1.79803,0.685909,0.626761,0.472409,0.237734,3733
T-B3-D,62,4,1000,30000,0.613542,0.653407,29.3157,0.832298,0.814769,0.741329,0.591543,3733
T-B3-D,62,4,1000,300000,0.559945,0.591468,23.1815,0.744641,0.734718,0.679736,0.556206,3733
T-B3-D,62,4,3000,30000,0.520953,0.555149,25.1479,0.787247,0.746608,0.622434,0.402694,3733
T-B3-D,62,4,3000,300000,0.475192,0.503733,20.9886,0.705988,0.675293,0.572711,0.381217,3733
T-B3-D,62,4,8000,30000,0.428438,0.455744,20.0803,0.710756,0.653214,0.487809,0.245021,3733
T-B3-D,62,4,8000,300000,0.3934,0.416708,17.1405,0.642489,0.595618,0.453337,0.236441,3733
T-B3-D,62,4.5,1000,30000,0.54612,0.653407,78.8975,0.703161,0.711832,0.663215,0.583087,3733
T-B3-D,62,4.5,1000,300000,0.505212,0.591468,63.4318,0.640673,0.650775,0.614072,0.548832,3733
T-B3-D,62,4.5,3000,30000,0.459982,0.555149,69.9847,0.666159,0.654149,0.558269,0.396928,3733
T-B3-D,62,4.5,3000,300000,0.42356,0.503733,58.9589,0.604056,0.596514,0.516617,0.376018,3733
T-B3-D,62,4.5,8000,30000,0.378697,0.455744,56.6594,0.608001,0.577662,0.441583,0.241876,3733
T-B3-D,62,4.5,8000,300000,0.350438,0.416708,48.7342,0.554194,0.529921,0.412049,0.233531,3733
T-B3-D,62,5,1000,30000,0.421417,0.653407,170.603,0.477418,0.51236,0.499943,0.562507,3733
T-B3-D,62,5,1000,300000,0.399274,0.591468,141.337,0.449842,0.48166,0.472852,0.530621,3733
T-B3-D,62,5,3000,30000,0.337048,0.555149,160.389,0.432124,0.458063,0.412913,0.38218,3733
T-B3-D,62,5,3000,300000,0.31658,0.503733,137.63,0.401325,0.425717,0.387593,0.362624,3733
T-B3-D,62,5,8000,30000,0.274121,0.455744,133.563,0.399096,0.410138,0.332136,0.233638,3733
T-B3-D,62,5,8000,300000,0.258068,0.416708,116.663,0.370469,0.381658,0.313168,0.225867,3733
T-B3-C,63,3,1000,30000,0.650237,0.653407,2.33073,0.90198,0.870924,0.782872,0.595878,1286
T-B3-C,63,3,1000,300000,0.589025,0.591468,1.79667,0.799269,0.779608,0.714177,0.559963,1286
T-B3-C,63,3,3000,30000,0.552418,0.555149,2.0087,0.848903,0.794668,0.655207,0.405588,1286
T-B3-C,63,3,3000,300000,0.501491,0.503733,1.64888,0.757142,0.715811,0.601162,0.38382,1286
T-B3-C,63,3,8000,30000,0.453516,0.455744,1.63858,0.761813,0.691683,0.510968,0.246591,1286
T-B3-C,63,3,8000,300000,0.414832,0.416708,1.37942,0.685855,0.62879,0.473913,0.237891,1286
T-B3-C,63,4,1000,30000,0.624186,0.653407,21.4885,0.83155,0.847025,0.770159,0.595903,1286
T-B3-C,63,4,1000,300000,0.568725,0.591468,16.7251,0.744053,0.760589,0.70366,0.559988,1286
T-B3-C,63,4,3000,30000,0.529474,0.555149,18.8812,0.786565,0.77435,0.64531,0.40565,1286
T-B3-C,63,4,3000,300000,0.482548,0.503733,15.5791,0.705423,0.698723,0.592576,0.383878,1286
T-B3-C,63,4,8000,30000,0.434641,0.455744,15.5187,0.710184,0.675434,0.504059,0.246689,1286
T-B3-C,63,4,8000,300000,0.39887,0.416708,13.1178,0.642003,0.614807,0.467777,0.237983,1286
T-B3-C,63,4.5,1000,30000,0.575378,0.653407,57.3816,0.701555,0.795333,0.741514,0.595963,1286
T-B3-C,63,4.5,1000,300000,0.52965,0.591468,45.4603,0.639363,0.71902,0.679839,0.560048,1286
T-B3-C,63,4.5,3000,30000,0.48413,0.555149,52.2266,0.664572,0.729285,0.62265,0.405799,1286
T-B3-C,63,4.5,3000,300000,0.444545,0.503733,43.5265,0.602713,0.660616,0.572868,0.384017,1286
T-B3-C,63,4.5,8000,30000,0.396503,0.455744,43.5653,0.606622,0.639023,0.488123,0.246925,1286
T-B3-C,63,4.5,8000,300000,0.366225,0.416708,37.1247,0.553004,0.583338,0.453595,0.238203,1286
T-B3-C,63,5,1000,30000,0.485856,0.653407,123.215,0.475309,0.670464,0.665254,0.596152,1286
T-B3-C,63,5,1000,300000,0.454575,0.591468,100.67,0.448008,0.616195,0.615592,0.560237,1286
T-B3-C,63,5,3000,30000,0.393652,0.555149,118.763,0.429785,0.614102,0.559907,0.406271,1286
T-B3-C,63,5,3000,300000,0.366543,0.503733,100.888,0.399267,0.561935,0.517936,0.384458,1286
T-B3-C,63,5,8000,30000,0.317132,0.455744,101.934,0.396916,0.543603,0.443122,0.247679,1286
T-B3-C,63,5,8000,300000,0.296689,0.416708,88.2608,0.368527,0.499997,0.413349,0.238907,1286
T-B3-D,63,3,1000,30000,0.648592,0.653407,3.54047,0.901631,0.866016,0.778617,0.595206,1286
T-B3-D,63,3,1000,300000,0.587678,0.591468,2.7869,0.798995,0.775708,0.710665,0.559382,1286
T-B3-D,63,3,3000,30000,0.551116,0.555149,2.96597,0.848601,0.790537,0.651887,0.405136,1286
T-B3-D,63,3,3000,300000,0.500373,0.503733,2.4714,0.756892,0.712339,0.598287,0.383413,1286
T-B3-D,63,3,8000,30000,0.452569,0.455744,2.33432,0.761567,0.688402,0.508628,0.246336,1286
T-B3-D,63,3,8000,300000,0.414002,0.416708,1.9904,0.685645,0.625967,0.471838,0.237657,1286
T-B3-D,63,4,1000,30000,0.609029,0.653407,32.6352,0.828575,0.802854,0.730931,0.589477,1286
T-B3-D,63,4,1000,300000,0.556219,0.591468,25.922,0.741685,0.725112,0.671065,0.554408,1286
T-B3-D,63,4,3000,30000,0.517249,0.555149,27.8711,0.783897,0.736201,0.614075,0.401276,1286
T-B3-D,63,4,3000,300000,0.472001,0.503733,23.3358,0.703188,0.66648,0.565434,0.37994,1286
T-B3-D,63,4,8000,30000,0.425688,0.455744,22.1024,0.707968,0.644814,0.481838,0.244217,1286
T-B3-D,63,4,8000,300000,0.390982,0.416708,18.9188,0.640106,0.588349,0.44802,0.235697,1286
T-B3-D,63,4.5,1000,30000,0.535197,0.653407,86.9304,0.69488,0.684133,0.637802,0.577565,1286
T-B3-D,63,4.5,1000,300000,0.49598,0.591468,70.2211,0.633872,0.627809,0.592452,0.543978,1286
T-B3-D,63,4.5,3000,30000,0.450511,0.555149,76.9499,0.65813,0.628284,0.536625,0.392995,1286
T-B3-D,63,4.5,3000,300000,0.41529,0.503733,65.0402,0.597217,0.574278,0.49758,0.372457,1286
T-B3-D,63,4.5,8000,30000,0.371492,0.455744,61.958,0.601097,0.556152,0.425665,0.239597,1286
T-B3-D,63,4.5,8000,300000,0.344035,0.416708,53.443,0.548204,0.511086,0.397769,0.231415,1286
T-B3-D,63,5,1000,30000,0.403506,0.653407,183.774,0.465995,0.470908,0.458017,0.551433,1286
T-B3-D,63,5,1000,300000,0.383437,0.591468,152.984,0.43986,0.445377,0.435672,0.520648,1286
T-B3-D,63,5,3000,30000,0.319928,0.555149,172.979,0.419636,0.41458,0.373112,0.373629,1286
T-B3-D,63,5,3000,300000,0.301229,0.503733,148.92,0.390285,0.387129,0.351773,0.354786,1286
T-B3-D,63,5,8000,30000,0.260378,0.455744,143.67,0.38759,0.371531,0.30084,0.228412,1286
T-B3-D,63,5,8000,300000,0.245587,0.416708,125.841,0.360182,0.346986,0.284606,0.220976,1286
T-B3-C,64,3,1000,30000,0.65036,0.653407,2.24045,0.90232,0.871643,0.782877,0.595878,3869
T-B3-C,64,3,1000,300000,0.589122,0.591468,1.72553,0.799534,0.780178,0.71418,0.559963,3869
T-B3-C,64,3,3000,30000,0.552522,0.555149,1.93186,0.849196,0.795274,0.65521,0.405588,3869
T-B3-C,64,3,3000,300000,0.501578,0.503733,1.58472,0.757385,0.71632,0.601165,0.38382,3869
T-B3-C,64,3,8000,30000,0.4536,0.455744,1.57671,0.762053,0.692167,0.51097,0.246591,3869
T-B3-C,64,3,8000,300000,0.414904,0.416708,1.32653,0.686058,0.629205,0.473915,0.237891,3869
T-B3-C,64,4,1000,30000,0.6253,0.653407,20.6691,0.834476,0.853814,0.770202,0.595903,3869
T-B3-C,64,4,1000,300000,0.569612,0.591468,16.0725,0.746374,0.766003,0.703696,0.559988,3869
T-B3-C,64,4,3000,30000,0.530444,0.555149,18.1676,0.789183,0.780158,0.645344,0.40565,3869
T-B3-C,64,4,3000,300000,0.483363,0.503733,14.9798,0.707611,0.703612,0.592606,0.383878,3869
T-B3-C,64,4,8000,30000,0.435429,0.455744,14.939,0.712357,0.680093,0.504083,0.246689,3869
T-B3-C,64,4,8000,300000,0.399547,0.416708,12.62,0.64386,0.618819,0.467799,0.237983,3869
T-B3-C,64,4.5,1000,30000,0.578251,0.653407,55.2683,0.70828,0.814199,0.741643,0.595963,3869
T-B3-C,64,4.5,1000,300000,0.531985,0.591468,43.7435,0.644867,0.73426,0.679946,0.560048,3869
T-B3-C,64,4.5,3000,30000,0.486742,0.555149,50.3058,0.671016,0.745921,0.622753,0.4058,3869
T-B3-C,64,4.5,3000,300000,0.446763,0.503733,41.8954,0.608192,0.674713,0.572957,0.384017,3869
T-B3-C,64,4.5,8000,30000,0.398663,0.455744,41.9768,0.612131,0.652537,0.488196,0.246925,3869
T-B3-C,64,4.5,8000,300000,0.368097,0.416708,35.7481,0.557778,0.595036,0.45366,0.238203,3869
T-B3-C,64,5,1000,30000,0.491477,0.653407,119.082,0.485196,0.712508,0.665594,0.596154,3869
T-B3-C,64,5,1000,300000,0.45931,0.591468,97.1876,0.456592,0.651196,0.615878,0.560238,3869
T-B3-C,64,5,3000,30000,0.399152,0.555149,114.719,0.440438,0.653868,0.56019,0.406272,3869
T-B3-C,64,5,3000,300000,0.371316,0.503733,97.3782,0.408649,0.596204,0.518184,0.384459,3869
T-B3-C,64,5,8000,30000,0.321851,0.455744,98.4634,0.40663,0.576959,0.443328,0.247679,3869
T-B3-C,64,5,8000,300000,0.300854,0.416708,85.1983,0.377187,0.529264,0.413532,0.238907,3869
T-B3-D,64,3,1000,30000,0.649121,0.653407,3.15125,0.901945,0.867461,0.779911,0.59545,3869
T-B3-D,64,3,1000,300000,0.588111,0.591468,2.46854,0.799241,0.776856,0.711733,0.559593,3869
T-B3-D,64,3,3000,30000,0.551536,0.555149,2.65744,0.848873,0.791756,0.652897,0.4053,3869
T-B3-D,64,3,3000,300000,0.500733,0.503733,2.20655,0.757117,0.713363,0.599162,0.383561,3869
T-B3-D,64,3,8000,30000,0.452875,0.455744,2.10965,0.761789,0.689371,0.50934,0.246429,3869
T-B3-D,64,3,8000,300000,0.41427,0.416708,1.79335,0.685834,0.626801,0.47247,0.237742,3869
T-B3-D,64,4,1000,30000,0.61372,0.653407,29.1852,0.831238,0.815388,0.74245,0.591742,3869
T-B3-D,64,4,1000,300000,0.560101,0.591468,23.0671,0.743801,0.735217,0.680669,0.55638,3869
T-B3-D,64,4,3000,30000,0.521074,0.555149,25.0582,0.786291,0.747144,0.623332,0.40283,3869
T-B3-D,64,4,3000,300000,0.475304,0.503733,20.9064,0.705191,0.675747,0.573492,0.38134,3869
T-B3-D,64,4,8000,30000,0.428506,0.455744,20.0306,0.70996,0.653644,0.48845,0.245098,3869
T-B3-D,64,4,8000,300000,0.393465,0.416708,17.0929,0.641809,0.595989,0.453906,0.236513,3869
T-B3-D,64,4.5,1000,30000,0.546633,0.653407,78.5202,0.700802,0.713319,0.666036,0.58364,3869
T-B3-D,64,4.5,1000,300000,0.505659,0.591468,63.1029,0.638739,0.652005,0.616464,0.549317,3869
T-B3-D,64,4.5,3000,30000,0.460354,0.555149,69.7114,0.663868,0.655517,0.560649,0.397318,3869
T-B3-D,64,4.5,3000,300000,0.423897,0.503733,58.7111,0.602107,0.597689,0.518707,0.37637,3869
T-B3-D,64,4.5,8000,30000,0.378916,0.455744,56.4981,0.606028,0.578787,0.443326,0.2421,3869
T-B3-D,64,4.5,8000,300000,0.350644,0.416708,48.5827,0.552485,0.530906,0.41361,0.233739,3869
T-B3-D,64,5,1000,30000,0.422536,0.653407,169.78,0.474159,0.514729,0.504886,0.563707,3869
T-B3-D,64,5,1000,300000,0.400266,0.591468,140.608,0.446998,0.48372,0.477209,0.531695,3869
T-B3-D,64,5,3000,30000,0.337966,0.555149,159.714,0.428555,0.460504,0.417544,0.383089,3869
T-B3-D,64,5,3000,300000,0.317413,0.503733,137.018,0.398174,0.427876,0.391745,0.363455,3869
T-B3-D,64,5,8000,30000,0.274729,0.455744,133.117,0.395804,0.412274,0.335742,0.234186,3869
T-B3-D,64,5,8000,300000,0.25863,0.416708,116.249,0.367529,0.383571,0.31645,0.226378,3869
T-B3-C,65,3,1000,30000,0.650518,0.653407,2.12403,0.902923,0.872279,0.782879,0.595878,2152
T-B3-C,65,3,1000,300000,0.589246,0.591468,1.63425,0.800004,0.780682,0.714182,0.559963,2152
T-B3-C,65,3,3000,30000,0.552658,0.555149,1.83224,0.849716,0.795811,0.655212,0.405588,2152
T-B3-C,65,3,3000,300000,0.501691,0.503733,1.50185,0.757816,0.71677,0.601167,0.38382,2152
T-B3-C,65,3,8000,30000,0.453709,0.455744,1.49597,0.762479,0.692595,0.510972,0.246591,2152
T-B3-C,65,3,8000,300000,0.414998,0.416708,1.25775,0.68642,0.629573,0.473917,0.237891,2152
T-B3-C,65,4,1000,30000,0.626729,0.653407,19.6183,0.839716,0.859911,0.770227,0.595903,2152
T-B3-C,65,4,1000,300000,0.570746,0.591468,15.239,0.750522,0.770858,0.703717,0.559988,2152
T-B3-C,65,4,3000,30000,0.531697,0.555149,17.2462,0.793864,0.785357,0.645363,0.405651,2152
T-B3-C,65,4,3000,300000,0.484412,0.503733,14.2087,0.711517,0.707984,0.592623,0.383878,2152
T-B3-C,65,4,8000,30000,0.436454,0.455744,14.1852,0.716241,0.684261,0.504097,0.246689,2152
T-B3-C,65,4,8000,300000,0.400425,0.416708,11.9747,0.647176,0.622405,0.467811,0.237983,2152
T-B3-C,65,4.5,1000,30000,0.5819,0.653407,52.5849,0.720569,0.831692,0.741717,0.595963,2152
T-B3-C,65,4.5,1000,300000,0.534941,0.591468,41.5693,0.654886,0.748323,0.680008,0.560049,2152
T-B3-C,65,4.5,3000,30000,0.490087,0.555149,47.8463,0.682722,0.76119,0.622812,0.4058,2152
T-B3-C,65,4.5,3000,300000,0.449596,0.503733,39.8123,0.618123,0.687618,0.573009,0.384017,2152
T-B3-C,65,4.5,8000,30000,0.401451,0.455744,39.9265,0.622119,0.664895,0.488239,0.246925,2152
T-B3-C,65,4.5,8000,300000,0.370507,0.416708,33.9758,0.566415,0.605712,0.453698,0.238203,2152
T-B3-C,65,5,1000,30000,0.498504,0.653407,113.914,0.504123,0.754532,0.665793,0.596154,2152
T-B3-C,65,5,1000,300000,0.465223,0.591468,92.8395,0.472917,0.685832,0.616046,0.560239,2152
T-B3-C,65,5,3000,30000,0.406086,0.555149,109.62,0.460605,0.692768,0.560354,0.406272,2152
T-B3-C,65,5,3000,300000,0.377326,0.503733,92.9585,0.426341,0.629532,0.518328,0.384459,2152
T-B3-C,65,5,8000,30000,0.327853,0.455744,94.0494,0.424907,0.609271,0.443447,0.247679,2152
T-B3-C,65,5,8000,300000,0.306142,0.416708,81.309,0.393427,0.557483,0.413639,0.238908,2152
T-B3-D,65,3,1000,30000,0.649507,0.653407,2.86747,0.902416,0.86864,0.780659,0.59557,2152
T-B3-D,65,3,1000,300000,0.588424,0.591468,2.23881,0.799608,0.777793,0.712351,0.559697,2152
T-B3-D,65,3,3000,30000,0.551847,0.555149,2.42805,0.84928,0.79275,0.653481,0.405381,2152
T-B3-D,65,3,3000,300000,0.500998,0.503733,2.01121,0.757454,0.714199,0.599668,0.383634,2152
T-B3-D,65,3,8000,30000,0.453109,0.455744,1.93767,0.762123,0.690162,0.509752,0.246474,2152
T-B3-D,65,3,8000,300000,0.414473,0.416708,1.6437,0.686117,0.627481,0.472835,0.237784,2152
T-B3-D,65,4,1000,30000,0.617188,0.653407,26.635,0.835263,0.825882,0.749269,0.592884,2152
T-B3-D,65,4,1000,300000,0.56294,0.591468,20.9794,0.746993,0.743652,0.686341,0.557372,2152
T-B3-D,65,4,3000,30000,0.523948,0.555149,22.9453,0.789905,0.756248,0.628779,0.403609,2152
T-B3-D,65,4,3000,300000,0.477766,0.503733,19.0964,0.708209,0.683443,0.578228,0.382041,2152
T-B3-D,65,4,8000,30000,0.43068,0.455744,18.4315,0.712966,0.660973,0.492331,0.245539,2152
T-B3-D,65,4,8000,300000,0.395366,0.416708,15.6947,0.644376,0.602323,0.457358,0.23692,2152
T-B3-D,65,4.5,1000,30000,0.555339,0.653407,72.118,0.709915,0.739029,0.683562,0.586864,2152
T-B3-D,65,4.5,1000,300000,0.512943,0.591468,57.7466,0.646205,0.673169,0.631286,0.552137,2152
T-B3-D,65,4.5,3000,30000,0.46792,0.555149,64.1478,0.672655,0.679131,0.575336,0.399574,2152
T-B3-D,65,4.5,3000,300000,0.430456,0.503733,53.8873,0.60958,0.617908,0.531584,0.378409,2152
T-B3-D,65,4.5,8000,30000,0.384756,0.455744,52.2038,0.613567,0.598278,0.45404,0.243395,2152
T-B3-D,65,4.5,8000,300000,0.355801,0.416708,44.7909,0.559017,0.547919,0.4232,0.234938,2152
T-B3-D,65,5,1000,30000,0.438062,0.653407,158.362,0.487166,0.557394,0.537031,0.571094,2152
T-B3-D,65,5,1000,300000,0.413824,0.591468,130.637,0.458321,0.520622,0.505412,0.538276,2152
T-B3-D,65,5,3000,30000,0.352704,0.555149,148.876,0.442675,0.504262,0.447321,0.388603,2152
T-B3-D,65,5,3000,300000,0.330521,0.503733,127.379,0.410628,0.466427,0.418378,0.368481,2152
T-B3-D,65,5,8000,30000,0.286618,0.455744,124.373,0.408752,0.450551,0.358761,0.237477,2152
T-B3-D,65,5,8000,300000,0.269352,0.416708,108.365,0.379083,0.417749,0.33736,0.229447,2152
T-B3-C,66,3,1000,30000,0.650084,0.653407,2.44325,0.901708,0.86981,0.782859,0.595878,463
T-B3-C,66,3,1000,300000,0.588904,0.591468,1.88569,0.799056,0.778724,0.714165,0.559963,463
T-B3-C,66,3,3000,30000,0.552288,0.555149,2.10392,0.848667,0.793729,0.655196,0.405588,463
T-B3-C,66,3,3000,300000,0.501383,0.503733,1.72865,0.756947,0.715023,0.601153,0.38382,463
T-B3-C,66,3,8000,30000,0.453412,0.455744,1.71466,0.761621,0.690935,0.510961,0.246591,463
T-B3-C,66,3,8000,300000,0.414744,0.416708,1.44466,0.685691,0.628147,0.473907,0.237891,463
T-B3-C,66,4,1000,30000,0.622795,0.653407,22.5117,0.829229,0.836677,0.770028,0.595902,463
T-B3-C,66,4,1000,300000,0.567613,0.591468,17.5429,0.742208,0.752317,0.703552,0.559988,463
T-B3-C,66,4,3000,30000,0.52827,0.555149,19.767,0.784482,0.765465,0.645207,0.40565,463
T-B3-C,66,4,3000,300000,0.481534,0.503733,16.3251,0.70368,0.691235,0.592487,0.383878,463
T-B3-C,66,4,8000,30000,0.43367,0.455744,16.2326,0.708455,0.668303,0.503987,0.246688,463
T-B3-C,66,4,8000,300000,0.398034,0.416708,13.7326,0.640524,0.60866,0.467713,0.237982,463
T-B3-C,66,4.5,1000,30000,0.571777,0.653407,60.0294,0.696331,0.767571,0.741125,0.595961,463
T-B3-C,66,4.5,1000,300000,0.526716,0.591468,47.6177,0.635073,0.696473,0.679516,0.560046,463
T-B3-C,66,4.5,3000,30000,0.480879,0.555149,54.6176,0.659532,0.704536,0.62234,0.405798,463
T-B3-C,66,4.5,3000,300000,0.441777,0.503733,45.5618,0.598418,0.639579,0.572599,0.384016,463
T-B3-C,66,4.5,8000,30000,0.393836,0.455744,45.5263,0.602301,0.618844,0.487902,0.246924,463
T-B3-C,66,4.5,8000,300000,0.363908,0.416708,38.8284,0.549254,0.565826,0.453399,0.238202,463
T-B3-C,66,5,1000,30000,0.478781,0.653407,128.418,0.467975,0.61344,0.664228,0.596146,463
T-B3-C,66,5,1000,300000,0.448602,0.591468,105.062,0.441606,0.568205,0.614727,0.560232,463
T-B3-C,66,5,3000,30000,0.386776,0.555149,123.82,0.421796,0.558944,0.559054,0.406267,463
T-B3-C,66,5,3000,300000,0.360565,0.503733,105.285,0.392208,0.514102,0.51719,0.384455,463
T-B3-C,66,5,8000,30000,0.311279,0.455744,106.238,0.389583,0.496848,0.442501,0.247676,463
T-B3-C,66,5,8000,300000,0.291515,0.416708,92.0658,0.361974,0.458764,0.412793,0.238905,463
T-B3-D,66,3,1000,30000,0.648511,0.653407,3.59986,0.901532,0.865827,0.778444,0.595168,463
T-B3-D,66,3,1000,300000,0.587613,0.591468,2.83524,0.798918,0.775558,0.710522,0.559349,463
T-B3-D,66,3,3000,30000,0.551052,0.555149,3.0134,0.848515,0.790378,0.651752,0.40511,463
T-B3-D,66,3,3000,300000,0.500317,0.503733,2.51196,0.756821,0.712205,0.59817,0.38339,463
T-B3-D,66,3,8000,30000,0.452522,0.455744,2.36918,0.761496,0.688275,0.508533,0.246322,463
T-B3-D,66,3,8000,300000,0.41396,0.416708,2.02084,0.685586,0.625858,0.471754,0.237643,463
T-B3-D,66,4,1000,30000,0.608327,0.653407,33.151,0.827744,0.801242,0.729418,0.58913,463
T-B3-D,66,4,1000,300000,0.55564,0.591468,26.3476,0.741026,0.72381,0.669801,0.554107,463
T-B3-D,66,4,3000,30000,0.51667,0.555149,28.2969,0.783147,0.734787,0.612854,0.401038,463
T-B3-D,66,4,3000,300000,0.471502,0.503733,23.7025,0.702561,0.665282,0.564371,0.379725,463
T-B3-D,66,4,8000,30000,0.425257,0.455744,22.4195,0.707344,0.64367,0.480964,0.244081,463
T-B3-D,66,4,8000,300000,0.390603,0.416708,19.1974,0.639572,0.587359,0.447242,0.235572,463
T-B3-D,66,4.5,1000,30000,0.533556,0.653407,88.1368,0.693062,0.680497,0.634212,0.576673,463
T-B3-D,66,4.5,1000,300000,0.494591,0.591468,71.2424,0.632378,0.624782,0.589387,0.543191,463
T-B3-D,66,4.5,3000,30000,0.449069,0.555149,78.0101,0.656356,0.624856,0.533539,0.392352,463
T-B3-D,66,4.5,3000,300000,0.414031,0.503733,65.9662,0.595706,0.571324,0.494861,0.371873,463
T-B3-D,66,4.5,8000,30000,0.370388,0.455744,62.7694,0.599568,0.553288,0.423386,0.239221,463
T-B3-D,66,4.5,8000,300000,0.343055,0.416708,54.164,0.546878,0.508574,0.39572,0.231066,463
T-B3-D,66,5,1000,30000,0.401011,0.653407,185.609,0.46357,0.465768,0.452444,0.549788,463
T-B3-D,66,5,1000,300000,0.381222,0.591468,154.613,0.43774,0.44085,0.4307,0.519156,463
T-B3-D,66,5,3000,30000,0.317494,0.555149,174.769,0.416958,0.409125,0.367755,0.372334,463
T-B3-D,66,5,3000,300000,0.299043,0.503733,150.527,0.387918,0.38227,0.346935,0.353595,463
T-B3-D,66,5,8000,30000,0.258398,0.455744,145.126,0.385111,0.366647,0.296588,0.227609,463
T-B3-D,66,5,8000,300000,0.243787,0.416708,127.164,0.357966,0.342586,0.280715,0.220223,463
T-B3-C,67,3,1000,30000,0.650473,0.653407,2.15703,0.902731,0.87214,0.782879,0.595878,3737
T-B3-C,67,3,1000,300000,0.589211,0.591468,1.66004,0.799855,0.780572,0.714182,0.559963,3737
T-B3-C,67,3,3000,30000,0.552619,0.555149,1.86056,0.849551,0.795694,0.655212,0.405588,3737
T-B3-C,67,3,3000,300000,0.501659,0.503733,1.52535,0.757679,0.716672,0.601167,0.38382,3737
T-B3-C,67,3,8000,30000,0.453678,0.455744,1.51901,0.762344,0.692502,0.510972,0.246591,3737
T-B3-C,67,3,8000,300000,0.414971,0.416708,1.27733,0.686305,0.629493,0.473917,0.237891,3737
T-B3-C,67,4,1000,30000,0.626327,0.653407,19.9142,0.838046,0.858576,0.770225,0.595903,3737
T-B3-C,67,4,1000,300000,0.570427,0.591468,15.4732,0.749201,0.769796,0.703714,0.559988,3737
T-B3-C,67,4,3000,30000,0.531343,0.555149,17.5069,0.792372,0.784221,0.645361,0.405651,3737
T-B3-C,67,4,3000,300000,0.484116,0.503733,14.4264,0.710273,0.707029,0.592621,0.383878,3737
T-B3-C,67,4,8000,30000,0.436163,0.455744,14.3994,0.715003,0.68335,0.504096,0.246689,3737
T-B3-C,67,4,8000,300000,0.400176,0.416708,12.1577,0.64612,0.621621,0.46781,0.237983,3737
T-B3-C,67,4.5,1000,30000,0.580886,0.653407,53.3309,0.716632,0.827814,0.74171,0.595963,3737
T-B3-C,67,4.5,1000,300000,0.53412,0.591468,42.1732,0.651681,0.745211,0.680002,0.560049,3737
T-B3-C,67,4.5,3000,30000,0.48915,0.555149,48.5349,0.678977,0.757818,0.622806,0.4058,3737
T-B3-C,67,4.5,3000,300000,0.448803,0.503733,40.3949,0.614948,0.684771,0.573004,0.384017,3737
T-B3-C,67,4.5,8000,30000,0.400666,0.455744,40.5036,0.618924,0.662169,0.488234,0.246925,3737
T-B3-C,67,4.5,8000,300000,0.369829,0.416708,34.4741,0.563655,0.603359,0.453694,0.238203,3737
T-B3-C,67,5,1000,30000,0.4966,0.653407,115.314,0.49798,0.744936,0.665772,0.596154,3737
T-B3-C,67,5,1000,300000,0.463619,0.591468,94.019,0.46763,0.677955,0.616028,0.560239,3737
T-B3-C,67,5,3000,30000,0.404189,0.555149,111.015,0.45408,0.683959,0.560337,0.406272,3737
T-B3-C,67,5,3000,300000,0.375682,0.503733,94.1678,0.420624,0.622002,0.518313,0.384459,3737
T-B3-C,67,5,8000,30000,0.326199,0.455744,95.2656,0.419003,0.60198,0.443435,0.247679,3737
T-B3-C,67,5,8000,300000,0.304685,0.416708,82.3806,0.388187,0.551127,0.413628,0.238908,3737
T-B3-D,67,3,1000,30000,0.64933,0.653407,2.99759,0.902225,0.868093,0.780304,0.595514,3737
T-B3-D,67,3,1000,300000,0.58828,0.591468,2.34425,0.799459,0.777359,0.712058,0.559649,3737
T-B3-D,67,3,3000,30000,0.551705,0.555149,2.53302,0.849115,0.792289,0.653204,0.405344,3737
T-B3-D,67,3,3000,300000,0.500877,0.503733,2.10067,0.757317,0.713811,0.599428,0.3836,3737
T-B3-D,67,3,8000,30000,0.453002,0.455744,2.01616,0.761987,0.689796,0.509556,0.246453,3737
T-B3-D,67,3,8000,300000,0.41438,0.416708,1.71206,0.686002,0.627166,0.472662,0.237764,3737
T-B3-D,67,4,1000,30000,0.615587,0.653407,27.8119,0.833624,0.820983,0.746019,0.592353,3737
T-B3-D,67,4,1000,300000,0.561629,0.591468,21.9433,0.745693,0.739717,0.683639,0.55691,3737
T-B3-D,67,4,3000,30000,0.522626,0.555149,23.9171,0.788435,0.752006,0.626186,0.403247,3737
T-B3-D,67,4,3000,300000,0.476633,0.503733,19.9292,0.706981,0.679858,0.575974,0.381715,3737
T-B3-D,67,4,8000,30000,0.429683,0.455744,19.1646,0.711744,0.657561,0.490484,0.245334,3737
T-B3-D,67,4,8000,300000,0.394494,0.416708,16.336,0.643332,0.599375,0.455716,0.236731,3737
T-B3-D,67,4.5,1000,30000,0.551268,0.653407,75.1118,0.706174,0.726872,0.67513,0.585349,3737
T-B3-D,67,4.5,1000,300000,0.50954,0.591468,60.2493,0.643143,0.663179,0.624163,0.550813,3737
T-B3-D,67,4.5,3000,30000,0.464403,0.555149,66.7341,0.669057,0.668013,0.568292,0.398517,3737
T-B3-D,67,4.5,3000,300000,0.427407,0.503733,56.1292,0.606522,0.608397,0.525412,0.377455,3737
T-B3-D,67,4.5,8000,30000,0.382053,0.455744,54.1913,0.610484,0.589121,0.448909,0.24279,3737
T-B3-D,67,4.5,8000,300000,0.353414,0.416708,46.5458,0.556347,0.539932,0.41861,0.234378,3737
T-B3-D,67,5,1000,30000,0.430598,0.653407,163.851,0.481745,0.536698,0.521247,0.567541,3737
T-B3-D,67,5,1000,300000,0.407321,0.591468,135.42,0.453609,0.502774,0.491593,0.535117,3737
T-B3-D,67,5,3000,30000,0.345678,0.555149,154.043,0.43681,0.483166,0.432774,0.385968,3737
T-B3-D,67,5,3000,300000,0.324279,0.503733,131.969,0.40546,0.447873,0.405382,0.366081,3737
T-B3-D,67,5,8000,30000,0.280985,0.455744,128.515,0.403385,0.432169,0.347553,0.235911,3737
T-B3-D,67,5,8000,300000,0.264277,0.416708,112.097,0.374298,0.401359,0.327188,0.227988,3737
T-B3-C,68,3,1000,30000,0.650093,0.653407,2.43696,0.90172,0.869876,0.78286,0.595878,2979
T-B3-C,68,3,1000,300000,0.588911,0.591468,1.8807,0.799066,0.778776,0.714166,0.559963,2979
T-B3-C,68,3,3000,30000,0.552295,0.555149,2.09861,0.848678,0.793784,0.655197,0.405588,2979
T-B3-C,68,3,3000,300000,0.501389,0.503733,1.7242,0.756956,0.715069,0.601154,0.38382,2979
T-B3-C,68,3,8000,30000,0.453418,0.455744,1.71044,0.76163,0.690979,0.510961,0.246591,2979
T-B3-C,68,3,8000,300000,0.414749,0.416708,1.44103,0.685699,0.628185,0.473907,0.237891,2979
T-B3-C,68,4,1000,30000,0.622872,0.653407,22.4546,0.829333,0.837285,0.770038,0.595902,2979
T-B3-C,68,4,1000,300000,0.567675,0.591468,17.4972,0.742291,0.752803,0.70356,0.559988,2979
T-B3-C,68,4,3000,30000,0.528337,0.555149,19.7176,0.784576,0.765988,0.645215,0.40565,2979
T-B3-C,68,4,3000,300000,0.481591,0.503733,16.2835,0.703758,0.691676,0.592494,0.383878,2979
T-B3-C,68,4,8000,30000,0.433724,0.455744,16.193,0.708532,0.668723,0.503992,0.246688,2979
T-B3-C,68,4,8000,300000,0.398081,0.416708,13.6985,0.64059,0.609022,0.467717,0.237982,2979
T-B3-C,68,4.5,1000,30000,0.571978,0.653407,59.882,0.696563,0.769171,0.741154,0.595961,2979
T-B3-C,68,4.5,1000,300000,0.52688,0.591468,47.4974,0.635263,0.697776,0.67954,0.560047,2979
T-B3-C,68,4.5,3000,30000,0.48106,0.555149,54.4846,0.659756,0.705971,0.622363,0.405798,2979
T-B3-C,68,4.5,3000,300000,0.441931,0.503733,45.4485,0.598609,0.640801,0.572619,0.384016,2979
T-B3-C,68,4.5,8000,30000,0.393984,0.455744,45.4176,0.602494,0.620016,0.487918,0.246924,2979
T-B3-C,68,4.5,8000,300000,0.364037,0.416708,38.7339,0.549422,0.566845,0.453413,0.238202,2979
T-B3-C,68,5,1000,30000,0.479172,0.653407,128.13,0.468292,0.616579,0.664303,0.596147,2979
T-B3-C,68,5,1000,300000,0.448933,0.591468,104.819,0.441884,0.570863,0.614791,0.560232,2979
T-B3-C,68,5,3000,30000,0.387155,0.555149,123.541,0.422144,0.562019,0.559117,0.406267,2979
T-B3-C,68,5,3000,300000,0.360895,0.503733,105.042,0.392516,0.516777,0.517245,0.384455,2979
T-B3-C,68,5,8000,30000,0.311602,0.455744,106,0.389903,0.49947,0.442546,0.247677,2979
T-B3-C,68,5,8000,300000,0.2918,0.416708,91.856,0.36226,0.461083,0.412834,0.238905,2979
T-B3-D,68,3,1000,30000,0.648638,0.653407,3.50681,0.901569,0.866109,0.778795,0.595244,2979
T-B3-D,68,3,1000,300000,0.587717,0.591468,2.75859,0.798947,0.775782,0.710812,0.559414,2979
T-B3-D,68,3,3000,30000,0.55115,0.555149,2.94072,0.848548,0.790615,0.652025,0.405161,2979
T-B3-D,68,3,3000,300000,0.500403,0.503733,2.44922,0.756848,0.712405,0.598407,0.383436,2979
T-B3-D,68,3,8000,30000,0.452592,0.455744,2.31745,0.761523,0.688464,0.508726,0.246351,2979
T-B3-D,68,3,8000,300000,0.414022,0.416708,1.97522,0.685608,0.62602,0.471925,0.23767,2979
T-B3-D,68,4,1000,30000,0.609438,0.653407,32.3341,0.828057,0.803648,0.732492,0.589822,2979
T-B3-D,68,4,1000,300000,0.556566,0.591468,25.6667,0.741275,0.725753,0.672368,0.554709,2979
T-B3-D,68,4,3000,30000,0.517565,0.555149,27.639,0.783429,0.736894,0.615333,0.401514,2979
T-B3-D,68,4,3000,300000,0.472279,0.503733,23.1311,0.702797,0.667069,0.56653,0.380154,2979
T-B3-D,68,4,8000,30000,0.425902,0.455744,21.9452,0.707578,0.645372,0.482737,0.244352,2979
T-B3-D,68,4,8000,300000,0.391175,0.416708,18.777,0.639773,0.588833,0.448821,0.235822,2979
T-B3-D,68,4.5,1000,30000,0.536209,0.653407,86.1857,0.693749,0.685938,0.641531,0.578464,2979
T-B3-D,68,4.5,1000,300000,0.496854,0.591468,69.5781,0.632944,0.629311,0.595633,0.54477,2979
T-B3-D,68,4.5,3000,30000,0.451335,0.555149,76.3443,0.657024,0.629977,0.539824,0.393641,2979
T-B3-D,68,4.5,3000,300000,0.416023,0.503733,64.5012,0.596276,0.575737,0.500398,0.373042,2979
T-B3-D,68,4.5,8000,30000,0.372066,0.455744,61.5358,0.600143,0.55756,0.428026,0.239972,2979
T-B3-D,68,4.5,8000,300000,0.344556,0.416708,53.0597,0.547377,0.512322,0.399889,0.231764,2979
T-B3-D,68,5,1000,30000,0.405226,0.653407,182.509,0.464496,0.473498,0.463894,0.553128,2979
T-B3-D,68,5,1000,300000,0.38498,0.591468,151.849,0.438551,0.447657,0.440907,0.522182,2979
T-B3-D,68,5,3000,30000,0.321474,0.555149,171.842,0.417974,0.417312,0.378745,0.374956,2979
T-B3-D,68,5,3000,300000,0.302635,0.503733,147.886,0.388818,0.389562,0.356856,0.356006,2979
T-B3-D,68,5,8000,30000,0.261526,0.455744,142.825,0.386049,0.373964,0.305301,0.229232,2979
T-B3-D,68,5,8000,300000,0.246646,0.416708,125.062,0.358806,0.349178,0.288685,0.221745,2979
T-B3-C,69,3,1000,30000,0.650546,0.653407,2.10359,0.903031,0.872386,0.78288,0.595878,1303
T-B3-C,69,3,1000,300000,0.589267,0.591468,1.61822,0.800088,0.780767,0.714183,0.559963,1303
T-B3-C,69,3,3000,30000,0.552681,0.555149,1.81475,0.84981,0.795902,0.655213,0.405588,1303
T-B3-C,69,3,3000,300000,0.501711,0.503733,1.4873,0.757893,0.716846,0.601167,0.38382,1303
T-B3-C,69,3,8000,30000,0.453729,0.455744,1.4818,0.762555,0.692667,0.510972,0.246591,1303
T-B3-C,69,3,8000,300000,0.415014,0.416708,1.24568,0.686484,0.629635,0.473917,0.237891,1303
T-B3-C,69,4,1000,30000,0.626982,0.653407,19.4322,0.840661,0.860951,0.770235,0.595903,1303
T-B3-C,69,4,1000,300000,0.570946,0.591468,15.0916,0.751269,0.771685,0.703723,0.559988,1303
T-B3-C,69,4,3000,30000,0.531919,0.555149,17.0835,0.794706,0.786242,0.64537,0.405651,1303
T-B3-C,69,4,3000,300000,0.484597,0.503733,14.0725,0.71222,0.708727,0.592628,0.383878,1303
T-B3-C,69,4,8000,30000,0.436635,0.455744,14.0522,0.71694,0.684969,0.504102,0.246689,1303
T-B3-C,69,4,8000,300000,0.40058,0.416708,11.8608,0.647772,0.623014,0.467815,0.237983,1303
T-B3-C,69,4.5,1000,30000,0.582559,0.653407,52.1009,0.722824,0.83474,0.741741,0.595964,1303
T-B3-C,69,4.5,1000,300000,0.535473,0.591468,41.1781,0.65672,0.750766,0.680027,0.560049,1303
T-B3-C,69,4.5,3000,30000,0.490686,0.555149,47.4056,0.684858,0.76383,0.622831,0.4058,1303
T-B3-C,69,4.5,3000,300000,0.450102,0.503733,39.4395,0.619932,0.689846,0.573025,0.384018,1303
T-B3-C,69,4.5,8000,30000,0.401949,0.455744,39.5601,0.623938,0.667024,0.488252,0.246925,1303
T-B3-C,69,4.5,8000,300000,0.370937,0.416708,33.6595,0.567986,0.607549,0.45371,0.238203,1303
T-B3-C,69,5,1000,30000,0.499832,0.653407,112.937,0.507739,0.762253,0.665854,0.596155,1303
T-B3-C,69,5,1000,300000,0.466334,0.591468,92.0226,0.476019,0.692152,0.616097,0.560239,1303
T-B3-C,69,5,3000,30000,0.407378,0.555149,108.67,0.46442,0.699797,0.560405,0.406273,1303
T-B3-C,69,5,3000,300000,0.378442,0.503733,92.1377,0.429677,0.63553,0.518372,0.38446,1303
T-B3-C,69,5,8000,30000,0.328963,0.455744,93.2329,0.428344,0.615063,0.443484,0.24768,1303
T-B3-C,69,5,8000,300000,0.307118,0.416708,80.5914,0.396474,0.562525,0.413672,0.238908,1303
T-B3-D,69,3,1000,30000,0.649352,0.653407,2.98167,0.902376,0.868123,0.780275,0.59551,1303
T-B3-D,69,3,1000,300000,0.588297,0.591468,2.33219,0.799577,0.777382,0.712034,0.559644,1303
T-B3-D,69,3,3000,30000,0.551724,0.555149,2.5187,0.849246,0.792314,0.653181,0.40534,1303
T-B3-D,69,3,3000,300000,0.500893,0.503733,2.08904,0.757426,0.713832,0.599408,0.383597,1303
T-B3-D,69,3,8000,30000,0.453019,0.455744,2.00387,0.762095,0.689816,0.50954,0.246451,1303
T-B3-D,69,3,8000,300000,0.414394,0.416708,1.70179,0.686093,0.627183,0.472647,0.237763,1303
T-B3-D,69,4,1000,30000,0.615767,0.653407,27.6801,0.834911,0.821244,0.745755,0.592308,1303
T-B3-D,69,4,1000,300000,0.561767,0.591468,21.8414,0.746712,0.739926,0.683419,0.556871,1303
T-B3-D,69,4,3000,30000,0.522796,0.555149,23.7924,0.789593,0.752234,0.625975,0.403216,1303
T-B3-D,69,4,3000,300000,0.476772,0.503733,19.827,0.707947,0.68005,0.575791,0.381688,1303
T-B3-D,69,4,8000,30000,0.429832,0.455744,19.0554,0.712708,0.657747,0.490334,0.245317,1303
T-B3-D,69,4,8000,300000,0.394619,0.416708,16.2441,0.644156,0.599535,0.455583,0.236715,1303
T-B3-D,69,4.5,1000,30000,0.551646,0.653407,74.8338,0.709074,0.727508,0.674451,0.585223,1303
T-B3-D,69,4.5,1000,300000,0.509843,0.591468,60.0265,0.645517,0.663701,0.623589,0.550703,1303
T-B3-D,69,4.5,3000,30000,0.464796,0.555149,66.4447,0.671862,0.668602,0.567723,0.398429,1303
T-B3-D,69,4.5,3000,300000,0.427737,0.503733,55.887,0.608906,0.608901,0.524913,0.377375,1303
T-B3-D,69,4.5,8000,30000,0.382413,0.455744,53.9263,0.612896,0.589613,0.448494,0.242739,1303
T-B3-D,69,4.5,8000,300000,0.353722,0.416708,46.3192,0.558435,0.540361,0.418238,0.234331,1303
T-B3-D,69,5,1000,30000,0.431035,0.653407,163.529,0.48585,0.537739,0.520002,0.567251,1303
T-B3-D,69,5,1000,300000,0.407698,0.591468,135.143,0.457183,0.503674,0.4905,0.534859,1303
T-B3-D,69,5,3000,30000,0.346228,0.555149,153.639,0.441281,0.484245,0.43162,0.385751,1303
T-B3-D,69,5,3000,300000,0.324758,0.503733,131.616,0.409402,0.448824,0.404351,0.365884,1303
T-B3-D,69,5,8000,30000,0.281546,0.455744,128.103,0.407496,0.433125,0.346661,0.235782,1303
T-B3-D,69,5,8000,300000,0.264772,0.416708,111.732,0.377965,0.402212,0.326378,0.227867,1303
T-B3-C,70,3,1000,30000,0.650168,0.653407,2.38142,0.901817,0.870474,0.78287,0.595878,3236
T-B3-C,70,3,1000,300000,0.58897,0.591468,1.83665,0.799142,0.779251,0.714175,0.559963,3236
T-B3-C,70,3,3000,30000,0.552359,0.555149,2.05178,0.848762,0.794289,0.655205,0.405588,3236
T-B3-C,70,3,3000,300000,0.501442,0.503733,1.68489,0.757026,0.715493,0.60116,0.38382,3236
T-B3-C,70,3,8000,30000,0.453468,0.455744,1.67318,0.761698,0.69138,0.510967,0.246591,3236
T-B3-C,70,3,8000,300000,0.414792,0.416708,1.40902,0.685757,0.62853,0.473912,0.237891,3236
T-B3-C,70,4,1000,30000,0.623564,0.653407,21.9459,0.83016,0.842831,0.770136,0.595903,3236
T-B3-C,70,4,1000,300000,0.568229,0.591468,17.0899,0.742949,0.757238,0.703641,0.559988,3236
T-B3-C,70,4,3000,30000,0.528932,0.555149,19.2797,0.785318,0.77075,0.645292,0.40565,3236
T-B3-C,70,4,3000,300000,0.482093,0.503733,15.914,0.70438,0.695691,0.592561,0.383878,3236
T-B3-C,70,4,8000,30000,0.434202,0.455744,15.8418,0.709149,0.672543,0.504047,0.246689,3236
T-B3-C,70,4,8000,300000,0.398493,0.416708,13.3955,0.641118,0.612316,0.467766,0.237983,3236
T-B3-C,70,4.5,1000,30000,0.573794,0.653407,58.5463,0.698415,0.783979,0.741445,0.595963,3236
T-B3-C,70,4.5,1000,300000,0.52836,0.591468,46.4087,0.636787,0.709813,0.679782,0.560048,3236
T-B3-C,70,4.5,3000,30000,0.482686,0.555149,53.2887,0.661546,0.719186,0.622596,0.405799,3236
T-B3-C,70,4.5,3000,300000,0.443317,0.503733,44.4297,0.600135,0.65204,0.572821,0.384017,3236
T-B3-C,70,4.5,8000,30000,0.395309,0.455744,44.4429,0.604029,0.630791,0.488084,0.246925,3236
T-B3-C,70,4.5,8000,300000,0.365189,0.416708,37.8863,0.550755,0.576199,0.453561,0.238203,3236
T-B3-C,70,5,1000,30000,0.482853,0.653407,125.423,0.470864,0.646664,0.665072,0.596152,3236
T-B3-C,70,5,1000,300000,0.452035,0.591468,102.537,0.444132,0.596222,0.615439,0.560236,3236
T-B3-C,70,5,3000,30000,0.390691,0.555149,120.941,0.424952,0.591195,0.559756,0.406271,3236
T-B3-C,70,5,3000,300000,0.363968,0.503733,102.782,0.395,0.542103,0.517804,0.384458,3236
T-B3-C,70,5,8000,30000,0.314584,0.455744,103.807,0.392484,0.524224,0.443012,0.247678,3236
T-B3-C,70,5,8000,300000,0.294437,0.416708,89.9172,0.36457,0.48293,0.41325,0.238907,3236
T-B3-D,70,3,1000,30000,0.648606,0.653407,3.5305,0.90159,0.866052,0.778682,0.59522,3236
T-B3-D,70,3,1000,300000,0.58769,0.591468,2.77834,0.798964,0.775736,0.710718,0.559394,3236
T-B3-D,70,3,3000,30000,0.551126,0.555149,2.95877,0.848566,0.790567,0.651937,0.405145,3236
T-B3-D,70,3,3000,300000,0.500381,0.503733,2.46496,0.756863,0.712364,0.59833,0.383422,3236
T-B3-D,70,3,8000,30000,0.452576,0.455744,2.32981,0.761538,0.688426,0.508664,0.246342,3236
T-B3-D,70,3,8000,300000,0.414007,0.416708,1.98624,0.685621,0.625987,0.47187,0.237661,3236
T-B3-D,70,4,1000,30000,0.609151,0.653407,32.5448,0.828235,0.803158,0.7315,0.589604,3236
T-B3-D,70,4,1000,300000,0.556325,0.591468,25.8441,0.741416,0.725358,0.67154,0.554519,3236
T-B3-D,70,4,3000,30000,0.517341,0.555149,27.8041,0.783589,0.736467,0.614534,0.401364,3236
T-B3-D,70,4,3000,300000,0.472082,0.503733,23.2758,0.702931,0.666706,0.565834,0.380019,3236
T-B3-D,70,4,8000,30000,0.425746,0.455744,22.0597,0.707712,0.645028,0.482166,0.244266,3236
T-B3-D,70,4,8000,300000,0.391035,0.416708,18.8795,0.639887,0.588535,0.448312,0.235743,3236
T-B3-D,70,4.5,1000,30000,0.535508,0.653407,86.7013,0.694138,0.684824,0.639157,0.577895,3236
T-B3-D,70,4.5,1000,300000,0.496252,0.591468,70.021,0.633263,0.628384,0.593609,0.544269,3236
T-B3-D,70,4.5,3000,30000,0.450754,0.555149,76.771,0.657404,0.628933,0.537788,0.393232,3236
T-B3-D,70,4.5,3000,300000,0.415509,0.503733,64.8791,0.596599,0.574837,0.498605,0.372672,3236
T-B3-D,70,4.5,8000,30000,0.371652,0.455744,61.8399,0.60047,0.556692,0.426525,0.239735,3236
T-B3-D,70,4.5,8000,300000,0.344183,0.416708,53.3342,0.547661,0.51156,0.39854,0.231543,3236
T-B3-D,70,5,1000,30000,0.404058,0.653407,183.368,0.465012,0.471898,0.460142,0.55205,3236
T-B3-D,70,5,1000,300000,0.383936,0.591468,152.617,0.439002,0.446248,0.437566,0.521207,3236
T-B3-D,70,5,3000,30000,0.320407,0.555149,172.627,0.418545,0.415625,0.375151,0.374114,3236
T-B3-D,70,5,3000,300000,0.301668,0.503733,148.597,0.389322,0.38806,0.353614,0.355232,3236
T-B3-D,70,5,8000,30000,0.260718,0.455744,143.42,0.386578,0.372462,0.302457,0.228711,3236
T-B3-D,70,5,8000,300000,0.245904,0.416708,125.608,0.359278,0.347824,0.286084,0.221257,3236
T-B3-C,71,3,1000,30000,0.650614,0.653407,2.0535,0.90333,0.872583,0.782881,0.595878,3089
T-B3-C,71,3,1000,300000,0.589321,0.591468,1.57909,0.800321,0.780923,0.714184,0.559963,3089
T-B3-C,71,3,3000,30000,0.55274,0.555149,1.77175,0.850069,0.796068,0.655214,0.405588,3089
T-B3-C,71,3,3000,300000,0.501759,0.503733,1.45163,0.758108,0.716986,0.601168,0.38382,3089
T-B3-C,71,3,8000,30000,0.453776,0.455744,1.44681,0.762768,0.6928,0.510973,0.246591,3089
T-B3-C,71,3,8000,300000,0.415055,0.416708,1.21595,0.686664,0.629749,0.473917,0.237891,3089
T-B3-C,71,4,1000,30000,0.627596,0.653407,18.9807,0.84329,0.862865,0.770242,0.595903,3089
T-B3-C,71,4,1000,300000,0.571432,0.591468,14.7345,0.753346,0.773206,0.703729,0.559988,3089
T-B3-C,71,4,3000,30000,0.532459,0.555149,16.6862,0.797051,0.787868,0.645375,0.405651,3089
T-B3-C,71,4,3000,300000,0.485048,0.503733,13.7409,0.714174,0.710094,0.592633,0.383878,3089
T-B3-C,71,4,8000,30000,0.437079,0.455744,13.7258,0.718885,0.686272,0.504106,0.246689,3089
T-B3-C,71,4,8000,300000,0.400959,0.416708,11.5821,0.649431,0.624134,0.467818,0.237983,3089
T-B3-C,71,4.5,1000,30000,0.584125,0.653407,50.9489,0.729112,0.840394,0.741761,0.595964,3089
T-B3-C,71,4.5,1000,300000,0.536739,0.591468,40.2472,0.661828,0.755292,0.680045,0.560049,3089
T-B3-C,71,4.5,3000,30000,0.492126,0.555149,46.3463,0.690814,0.768716,0.622847,0.4058,3089
T-B3-C,71,4.5,3000,300000,0.45132,0.503733,38.5443,0.624973,0.693966,0.573039,0.384018,3089
T-B3-C,71,4.5,8000,30000,0.403155,0.455744,38.6735,0.629009,0.670964,0.488264,0.246925,3089
T-B3-C,71,4.5,8000,300000,0.371977,0.416708,32.8947,0.572363,0.610946,0.45372,0.238203,3089
T-B3-C,71,5,1000,30000,0.502869,0.653407,110.704,0.517889,0.77686,0.665909,0.596155,3089
T-B3-C,71,5,1000,300000,0.46888,0.591468,90.1497,0.484715,0.704073,0.616143,0.560239,3089
T-B3-C,71,5,3000,30000,0.410374,0.555149,106.466,0.475108,0.713021,0.560451,0.406273,3089
T-B3-C,71,5,3000,300000,0.381034,0.503733,90.2322,0.439015,0.646797,0.518412,0.38446,3089
T-B3-C,71,5,8000,30000,0.331564,0.455744,91.3204,0.43797,0.625939,0.443517,0.24768,3089
T-B3-C,71,5,8000,300000,0.309405,0.416708,78.9096,0.405,0.571981,0.413702,0.238908,3089
T-B3-D,71,3,1000,30000,0.649436,0.653407,2.91974,0.902568,0.868345,0.78039,0.595528,3089
T-B3-D,71,3,1000,300000,0.588364,0.591468,2.28265,0.799726,0.777558,0.712128,0.55966,3089
T-B3-D,71,3,3000,30000,0.551794,0.555149,2.46761,0.849412,0.792501,0.653271,0.405353,3089
T-B3-D,71,3,3000,300000,0.500951,0.503733,2.04594,0.757563,0.71399,0.599485,0.383608,3089
T-B3-D,71,3,8000,30000,0.453072,0.455744,1.96448,0.762231,0.689965,0.509603,0.246458,3089
T-B3-D,71,3,8000,300000,0.41444,0.416708,1.66782,0.686208,0.627312,0.472703,0.237769,3089
T-B3-D,71,4,1000,30000,0.616515,0.653407,27.1301,0.836556,0.823229,0.746801,0.592482,3089
T-B3-D,71,4,1000,300000,0.562374,0.591468,21.3956,0.748014,0.741521,0.68429,0.557022,3089
T-B3-D,71,4,3000,30000,0.52343,0.555149,23.3261,0.79107,0.753956,0.62681,0.403335,3089
T-B3-D,71,4,3000,300000,0.477311,0.503733,19.4308,0.70918,0.681505,0.576517,0.381795,3089
T-B3-D,71,4,8000,30000,0.430326,0.455744,18.6921,0.713938,0.659134,0.490929,0.245384,3089
T-B3-D,71,4,8000,300000,0.395048,0.416708,15.929,0.645205,0.600733,0.456112,0.236777,3089
T-B3-D,71,4.5,1000,30000,0.553481,0.653407,73.484,0.712816,0.732406,0.677146,0.585714,3089
T-B3-D,71,4.5,1000,300000,0.511368,0.591468,58.9048,0.648576,0.667729,0.625867,0.551133,3089
T-B3-D,71,4.5,3000,30000,0.466435,0.555149,65.2396,0.675468,0.673094,0.56998,0.398772,3089
T-B3-D,71,4.5,3000,300000,0.429149,0.503733,54.8488,0.611968,0.612744,0.526891,0.377685,3089
T-B3-D,71,4.5,8000,30000,0.383718,0.455744,52.9673,0.615991,0.59332,0.45014,0.242936,3089
T-B3-D,71,4.5,8000,300000,0.354866,0.416708,45.4779,0.561114,0.543595,0.419711,0.234513,3089
T-B3-D,71,5,1000,30000,0.43417,0.653407,161.224,0.491245,0.545972,0.524965,0.568384,3089
T-B3-D,71,5,1000,300000,0.41043,0.591468,133.134,0.46187,0.510784,0.494853,0.535868,3089
T-B3-D,71,5,3000,30000,0.349294,0.555149,151.384,0.447132,0.492671,0.436213,0.386596,3089
T-B3-D,71,5,3000,300000,0.327476,0.503733,129.618,0.414555,0.45624,0.408458,0.366654,3089
T-B3-D,71,5,8000,30000,0.2841,0.455744,126.225,0.412859,0.440488,0.35021,0.236285,3089
T-B3-D,71,5,8000,300000,0.267066,0.416708,110.045,0.382745,0.408781,0.329601,0.228337,3089
T-B3-C,72,3,1000,30000,0.650246,0.653407,2.32444,0.902037,0.87093,0.78287,0.595878,1449
T-B3-C,72,3,1000,300000,0.589031,0.591468,1.79182,0.799313,0.779612,0.714174,0.559963,1449
T-B3-C,72,3,3000,30000,0.552425,0.555149,2.00319,0.848952,0.794673,0.655205,0.405588,1449
T-B3-C,72,3,3000,300000,0.501497,0.503733,1.64435,0.757183,0.715816,0.60116,0.38382,1449
T-B3-C,72,3,8000,30000,0.453522,0.455744,1.634,0.761853,0.691687,0.510966,0.246591,1449
T-B3-C,72,3,8000,300000,0.414838,0.416708,1.37556,0.685889,0.628793,0.473912,0.237891,1449
T-B3-C,72,4,1000,30000,0.624257,0.653407,21.4367,0.832034,0.847072,0.770131,0.595903,1449
T-B3-C,72,4,1000,300000,0.56878,0.591468,16.6843,0.744437,0.760626,0.703637,0.559988,1449
T-B3-C,72,4,3000,30000,0.529539,0.555149,18.8335,0.787,0.774394,0.645288,0.40565,1449
T-B3-C,72,4,3000,300000,0.482602,0.503733,15.5394,0.705786,0.69876,0.592557,0.383878,1449
T-B3-C,72,4,8000,30000,0.434696,0.455744,15.4782,0.710545,0.675472,0.504044,0.246689,1449
T-B3-C,72,4,8000,300000,0.398917,0.416708,13.0834,0.642312,0.614839,0.467764,0.237983,1449
T-B3-C,72,4.5,1000,30000,0.575522,0.653407,57.2757,0.702649,0.795417,0.741432,0.595962,1449
T-B3-C,72,4.5,1000,300000,0.529768,0.591468,45.3735,0.640259,0.719091,0.679771,0.560048,1449
T-B3-C,72,4.5,3000,30000,0.484278,0.555149,52.1179,0.665627,0.729379,0.622585,0.405799,1449
T-B3-C,72,4.5,3000,300000,0.44467,0.503733,43.4343,0.60361,0.660696,0.572811,0.384017,1449
T-B3-C,72,4.5,8000,30000,0.396634,0.455744,43.4686,0.607526,0.63911,0.488076,0.246925,1449
T-B3-C,72,4.5,8000,300000,0.366339,0.416708,37.0412,0.553788,0.583414,0.453554,0.238203,1449
T-B3-C,72,5,1000,30000,0.485972,0.653407,123.13,0.476867,0.670406,0.665038,0.59615,1449
T-B3-C,72,5,1000,300000,0.454683,0.591468,100.59,0.449363,0.616168,0.61541,0.560235,1449
T-B3-C,72,5,3000,30000,0.393822,0.555149,118.638,0.431477,0.614128,0.559727,0.40627,1449
T-B3-C,72,5,3000,300000,0.366696,0.503733,100.776,0.400758,0.561969,0.517779,0.384457,1449
T-B3-C,72,5,8000,30000,0.31731,0.455744,101.802,0.398466,0.543669,0.442991,0.247678,1449
T-B3-C,72,5,8000,300000,0.29685,0.416708,88.1427,0.369911,0.500062,0.413231,0.238906,1449
T-B3-D,72,3,1000,30000,0.648751,0.653407,3.42389,0.90171,0.866399,0.779027,0.59529,1449
T-B3-D,72,3,1000,300000,0.587808,0.591468,2.69124,0.799057,0.776013,0.711003,0.559455,1449
T-B3-D,72,3,3000,30000,0.551241,0.555149,2.87418,0.84867,0.79086,0.652207,0.405193,1449
T-B3-D,72,3,3000,300000,0.50048,0.503733,2.39241,0.756949,0.712611,0.598564,0.383464,1449
T-B3-D,72,3,8000,30000,0.452659,0.455744,2.26817,0.761623,0.688659,0.508854,0.246368,1449
T-B3-D,72,3,8000,300000,0.414081,0.416708,1.93224,0.685693,0.626188,0.472038,0.237686,1449
T-B3-D,72,4,1000,30000,0.610423,0.653407,31.6099,0.829245,0.806143,0.734544,0.590251,1449
T-B3-D,72,4,1000,300000,0.557376,0.591468,25.0706,0.742218,0.727767,0.67408,0.555082,1449
T-B3-D,72,4,3000,30000,0.518381,0.555149,27.0392,0.7845,0.73908,0.616986,0.401809,1449
T-B3-D,72,4,3000,300000,0.47298,0.503733,22.6154,0.703692,0.66892,0.567969,0.38042,1449
T-B3-D,72,4,8000,30000,0.426514,0.455744,21.4954,0.70847,0.647139,0.483919,0.244519,1449
T-B3-D,72,4,8000,300000,0.391711,0.416708,18.3825,0.640535,0.590362,0.449873,0.235977,1449
T-B3-D,72,4.5,1000,30000,0.53854,0.653407,84.4715,0.696358,0.691637,0.64648,0.579594,1449
T-B3-D,72,4.5,1000,300000,0.498822,0.591468,68.131,0.635088,0.634048,0.59985,0.545765,1449
T-B3-D,72,4.5,3000,30000,0.453384,0.555149,74.8368,0.659566,0.635331,0.544056,0.394449,1449
T-B3-D,72,4.5,3000,300000,0.41781,0.503733,63.1871,0.598442,0.580345,0.504124,0.373775,1449
T-B3-D,72,4.5,8000,30000,0.373643,0.455744,60.376,0.602332,0.562026,0.431146,0.240442,1449
T-B3-D,72,4.5,8000,300000,0.345956,0.416708,52.0308,0.549277,0.516236,0.402689,0.2322,1449
T-B3-D,72,5,1000,30000,0.40887,0.653407,179.83,0.468002,0.481742,0.471832,0.555316,1449
T-B3-D,72,5,1000,300000,0.388206,0.591468,149.477,0.441617,0.4549,0.447967,0.524158,1449
T-B3-D,72,5,3000,30000,0.325021,0.555149,169.234,0.421836,0.426024,0.386327,0.37666,1449
T-B3-D,72,5,3000,300000,0.305814,0.503733,145.548,0.392233,0.397311,0.363691,0.35757,1449
T-B3-D,72,5,8000,30000,0.264417,0.455744,140.7,0.389621,0.38174,0.31129,0.23028,1449
T-B3-D,72,5,8000,300000,0.249269,0.416708,123.133,0.362,0.356174,0.294157,0.222726,1449
T-B3-C,73,3,1000,30000,0.650171,0.653407,2.37915,0.901856,0.870454,0.782867,0.595878,3825
T-B3-C,73,3,1000,300000,0.588973,0.591468,1.83497,0.799172,0.779235,0.714172,0.559963,3825
T-B3-C,73,3,3000,30000,0.552362,0.555149,2.0497,0.848796,0.794272,0.655202,0.405588,3825
T-B3-C,73,3,3000,300000,0.501444,0.503733,1.68322,0.757054,0.715479,0.601158,0.38382,3825
T-B3-C,73,3,8000,30000,0.453471,0.455744,1.67137,0.761726,0.691368,0.510965,0.246591,3825
T-B3-C,73,3,8000,300000,0.414794,0.416708,1.40753,0.68578,0.628519,0.473911,0.237891,3825
T-B3-C,73,4,1000,30000,0.623585,0.653407,21.9304,0.83049,0.842639,0.770104,0.595903,3825
T-B3-C,73,4,1000,300000,0.568245,0.591468,17.0781,0.743211,0.757085,0.703614,0.559988,3825
T-B3-C,73,4,3000,30000,0.528954,0.555149,19.2636,0.785615,0.77059,0.645267,0.40565,3825
T-B3-C,73,4,3000,300000,0.482111,0.503733,15.901,0.704628,0.695555,0.592539,0.383878,3825
T-B3-C,73,4,8000,30000,0.434222,0.455744,15.8271,0.709396,0.672417,0.504029,0.246689,3825
T-B3-C,73,4,8000,300000,0.398509,0.416708,13.3833,0.641329,0.612207,0.46775,0.237983,3825
T-B3-C,73,4.5,1000,30000,0.573812,0.653407,58.5334,0.699154,0.783411,0.74135,0.595962,3825
T-B3-C,73,4.5,1000,300000,0.528375,0.591468,46.3977,0.637393,0.709356,0.679703,0.560047,3825
T-B3-C,73,4.5,3000,30000,0.482719,0.555149,53.2645,0.662261,0.718702,0.62252,0.405799,3825
T-B3-C,73,4.5,3000,300000,0.443344,0.503733,44.4094,0.600744,0.651629,0.572755,0.384017,3825
T-B3-C,73,4.5,8000,30000,0.395345,0.455744,44.4166,0.604642,0.630408,0.48803,0.246925,3825
T-B3-C,73,4.5,8000,300000,0.36522,0.416708,37.8638,0.551287,0.575868,0.453513,0.238203,3825
T-B3-C,73,5,1000,30000,0.482726,0.653407,125.516,0.471893,0.645239,0.664822,0.59615,3825
T-B3-C,73,5,1000,300000,0.451938,0.591468,102.609,0.445029,0.595046,0.615228,0.560235,3825
T-B3-C,73,5,3000,30000,0.390623,0.555149,120.991,0.426076,0.589902,0.559548,0.406269,3825
T-B3-C,73,5,3000,300000,0.363913,0.503733,102.823,0.395991,0.540995,0.517622,0.384457,3825
T-B3-C,73,5,8000,30000,0.314558,0.455744,103.826,0.393517,0.523174,0.442861,0.247678,3825
T-B3-C,73,5,8000,300000,0.294416,0.416708,89.9326,0.365492,0.482013,0.413115,0.238906,3825
T-B3-D,73,3,1000,30000,0.648597,0.653407,3.53695,0.901601,0.866024,0.77865,0.595213,3825
T-B3-D,73,3,1000,300000,0.587683,0.591468,2.78376,0.798973,0.775714,0.710692,0.559388,3825
T-B3-D,73,3,3000,30000,0.551119,0.555149,2.96364,0.848576,0.790543,0.651912,0.405141,3825
T-B3-D,73,3,3000,300000,0.500376,0.503733,2.46923,0.756871,0.712345,0.598309,0.383418,3825
T-B3-D,73,3,8000,30000,0.452571,0.455744,2.33311,0.761546,0.688407,0.508646,0.246339,3825
T-B3-D,73,3,8000,300000,0.414003,0.416708,1.98921,0.685628,0.625971,0.471854,0.237659,3825
T-B3-D,73,4,1000,30000,0.609073,0.653407,32.6023,0.828332,0.80292,0.731222,0.589543,3825
T-B3-D,73,4,1000,300000,0.556258,0.591468,25.8929,0.741492,0.725165,0.671308,0.554466,3825
T-B3-D,73,4,3000,30000,0.51728,0.555149,27.8488,0.783677,0.736258,0.61431,0.401322,3825
T-B3-D,73,4,3000,300000,0.472029,0.503733,23.3151,0.703004,0.666529,0.565639,0.379981,3825
T-B3-D,73,4,8000,30000,0.425705,0.455744,22.0904,0.707785,0.64486,0.482006,0.244242,3825
T-B3-D,73,4,8000,300000,0.390998,0.416708,18.9072,0.639949,0.588389,0.448169,0.235721,3825
T-B3-D,73,4.5,1000,30000,0.535315,0.653407,86.8432,0.694347,0.684284,0.638495,0.577736,3825
T-B3-D,73,4.5,1000,300000,0.496085,0.591468,70.1436,0.633434,0.627935,0.593044,0.544129,3825
T-B3-D,73,4.5,3000,30000,0.450596,0.555149,76.8871,0.65761,0.628425,0.53722,0.393118,3825
T-B3-D,73,4.5,3000,300000,0.415369,0.503733,64.9824,0.596774,0.5744,0.498105,0.372568,3825
T-B3-D,73,4.5,8000,30000,0.37154,0.455744,61.9222,0.600648,0.556268,0.426105,0.239668,3825
T-B3-D,73,4.5,8000,300000,0.344082,0.416708,53.4088,0.547815,0.511188,0.398163,0.231481,3825
T-B3-D,73,5,1000,30000,0.40373,0.653407,183.609,0.465284,0.471127,0.459103,0.551752,3825
T-B3-D,73,5,1000,300000,0.383641,0.591468,152.834,0.439239,0.44557,0.43664,0.520937,3825
T-B3-D,73,5,3000,30000,0.320111,0.555149,172.845,0.41885,0.414809,0.374154,0.373879,3825
T-B3-D,73,5,3000,300000,0.301398,0.503733,148.795,0.389591,0.387333,0.352714,0.355016,3825
T-B3-D,73,5,8000,30000,0.260496,0.455744,143.583,0.386862,0.371733,0.301666,0.228567,3825
T-B3-D,73,5,8000,300000,0.245698,0.416708,125.759,0.359532,0.347168,0.285361,0.221122,3825
T-B3-C,74,3,1000,30000,0.650547,0.653407,2.10274,0.903029,0.872403,0.782881,0.595878,1787
T-B3-C,74,3,1000,300000,0.589268,0.591468,1.61753,0.800087,0.780781,0.714183,0.559963,1787
T-B3-C,74,3,3000,30000,0.552682,0.555149,1.81406,0.849808,0.795916,0.655213,0.405588,1787
T-B3-C,74,3,3000,300000,0.501712,0.503733,1.48671,0.757892,0.716859,0.601168,0.38382,1787
T-B3-C,74,3,8000,30000,0.453729,0.455744,1.48127,0.762554,0.692679,0.510972,0.246591,1787
T-B3-C,74,3,8000,300000,0.415015,0.416708,1.24522,0.686483,0.629645,0.473917,0.237891,1787
T-B3-C,74,4,1000,30000,0.626994,0.653407,19.4233,0.840645,0.861119,0.770238,0.595903,1787
T-B3-C,74,4,1000,300000,0.570956,0.591468,15.0843,0.751257,0.771818,0.703725,0.559988,1787
T-B3-C,74,4,3000,30000,0.531929,0.555149,17.0762,0.794691,0.786384,0.645372,0.405651,1787
T-B3-C,74,4,3000,300000,0.484606,0.503733,14.0663,0.712208,0.708847,0.59263,0.383878,1787
T-B3-C,74,4,8000,30000,0.436643,0.455744,14.0466,0.716927,0.685083,0.504103,0.246689,1787
T-B3-C,74,4,8000,300000,0.400586,0.416708,11.856,0.647761,0.623112,0.467816,0.237983,1787
T-B3-C,74,4.5,1000,30000,0.582599,0.653407,52.0709,0.722796,0.835234,0.74175,0.595964,1787
T-B3-C,74,4.5,1000,300000,0.535506,0.591468,41.1541,0.656696,0.751162,0.680035,0.560049,1787
T-B3-C,74,4.5,3000,30000,0.490719,0.555149,47.381,0.684828,0.764256,0.622838,0.4058,1787
T-B3-C,74,4.5,3000,300000,0.450131,0.503733,39.4187,0.619906,0.690206,0.573031,0.384018,1787
T-B3-C,74,4.5,8000,30000,0.401975,0.455744,39.5412,0.62391,0.667367,0.488257,0.246925,1787
T-B3-C,74,4.5,8000,300000,0.37096,0.416708,33.6431,0.567962,0.607845,0.453714,0.238203,1787
T-B3-C,74,5,1000,30000,0.499954,0.653407,112.848,0.507722,0.763531,0.665877,0.596155,1787
T-B3-C,74,5,1000,300000,0.466432,0.591468,91.9499,0.476003,0.693195,0.616117,0.560239,1787
T-B3-C,74,5,3000,30000,0.407484,0.555149,108.592,0.464394,0.70095,0.560425,0.406273,1787
T-B3-C,74,5,3000,300000,0.378532,0.503733,92.0714,0.429653,0.636513,0.518389,0.38446,1787
T-B3-C,74,5,8000,30000,0.329048,0.455744,93.171,0.428316,0.616009,0.443499,0.24768,1787
T-B3-C,74,5,8000,300000,0.307191,0.416708,80.5377,0.396448,0.563348,0.413685,0.238908,1787
T-B3-D,74,3,1000,30000,0.649472,0.653407,2.89354,0.902447,0.86852,0.780548,0.595553,1787
T-B3-D,74,3,1000,300000,0.588394,0.591468,2.26037,0.799632,0.777698,0.712259,0.559682,1787
T-B3-D,74,3,3000,30000,0.55182,0.555149,2.44828,0.849307,0.792649,0.653394,0.405369,1787
T-B3-D,74,3,3000,300000,0.500975,0.503733,2.02875,0.757476,0.714114,0.599592,0.383623,1787
T-B3-D,74,3,8000,30000,0.453089,0.455744,1.95194,0.762145,0.690082,0.50969,0.246468,1787
T-B3-D,74,3,8000,300000,0.414456,0.416708,1.65636,0.686135,0.627412,0.47278,0.237778,1787
T-B3-D,74,4,1000,30000,0.616857,0.653407,26.8779,0.835526,0.8248,0.748244,0.592718,1787
T-B3-D,74,4,1000,300000,0.562665,0.591468,21.1815,0.7472,0.742783,0.68549,0.557228,1787
T-B3-D,74,4,3000,30000,0.523687,0.555149,23.1372,0.790142,0.755313,0.627962,0.403496,1787
T-B3-D,74,4,3000,300000,0.477539,0.503733,19.2633,0.708406,0.682653,0.577518,0.38194,1787
T-B3-D,74,4,8000,30000,0.430494,0.455744,18.568,0.713163,0.660223,0.491749,0.245475,1787
T-B3-D,74,4,8000,300000,0.395201,0.416708,15.816,0.644544,0.601675,0.456841,0.236861,1787
T-B3-D,74,4.5,1000,30000,0.554451,0.653407,72.7708,0.710501,0.736316,0.680888,0.586388,1787
T-B3-D,74,4.5,1000,300000,0.512194,0.591468,58.2971,0.646684,0.670941,0.629029,0.551722,1787
T-B3-D,74,4.5,3000,30000,0.467191,0.555149,64.6838,0.673224,0.676661,0.573107,0.399243,1787
T-B3-D,74,4.5,3000,300000,0.429818,0.503733,54.3563,0.610064,0.615796,0.529631,0.37811,1787
T-B3-D,74,4.5,8000,30000,0.384228,0.455744,52.592,0.614058,0.596251,0.452418,0.243206,1787
T-B3-D,74,4.5,8000,300000,0.355329,0.416708,45.1374,0.559442,0.546151,0.421749,0.234763,1787
T-B3-D,74,5,1000,30000,0.436267,0.653407,159.682,0.487987,0.552677,0.531959,0.569963,1787
T-B3-D,74,5,1000,300000,0.41226,0.591468,131.787,0.459035,0.516563,0.500977,0.537271,1787
T-B3-D,74,5,3000,30000,0.351099,0.555149,150.056,0.443572,0.499485,0.442662,0.387767,1787
T-B3-D,74,5,3000,300000,0.329091,0.503733,128.43,0.411419,0.46223,0.414219,0.36772,1787
T-B3-D,74,5,8000,30000,0.285402,0.455744,125.268,0.409579,0.446408,0.35518,0.236982,1787
T-B3-D,74,5,8000,300000,0.268251,0.416708,109.174,0.379821,0.414059,0.334112,0.228986,1787
T-B3-C,75,3,1000,30000,0.650371,0.653407,2.23217,0.902354,0.871698,0.782877,0.595878,1596
T-B3-C,75,3,1000,300000,0.58913,0.591468,1.71903,0.799561,0.780222,0.714181,0.559963,1596
T-B3-C,75,3,3000,30000,0.552532,0.555149,1.92481,0.849225,0.795321,0.655211,0.405588,1596
T-B3-C,75,3,3000,300000,0.501586,0.503733,1.57883,0.75741,0.716359,0.601165,0.38382,1596
T-B3-C,75,3,8000,30000,0.453607,0.455744,1.57102,0.762077,0.692204,0.510971,0.246591,1596
T-B3-C,75,3,8000,300000,0.414911,0.416708,1.32167,0.686079,0.629237,0.473916,0.237891,1596
T-B3-C,75,4,1000,30000,0.625402,0.653407,20.5942,0.834771,0.854343,0.770208,0.595903,1596
T-B3-C,75,4,1000,300000,0.569693,0.591468,16.0129,0.746609,0.766425,0.7037,0.559988,1596
T-B3-C,75,4,3000,30000,0.530533,0.555149,18.1022,0.789447,0.78061,0.645348,0.40565,1596
T-B3-C,75,4,3000,300000,0.483438,0.503733,14.9249,0.707832,0.703992,0.592609,0.383878,1596
T-B3-C,75,4,8000,30000,0.435502,0.455744,14.8858,0.712576,0.680455,0.504087,0.246689,1596
T-B3-C,75,4,8000,300000,0.399609,0.416708,12.5743,0.644047,0.61913,0.467801,0.237983,1596
T-B3-C,75,4.5,1000,30000,0.578514,0.653407,55.0753,0.708964,0.815697,0.741659,0.595963,1596
T-B3-C,75,4.5,1000,300000,0.532197,0.591468,43.587,0.645427,0.735467,0.67996,0.560048,1596
T-B3-C,75,4.5,3000,30000,0.486981,0.555149,50.13,0.67167,0.747233,0.622766,0.4058,1596
T-B3-C,75,4.5,3000,300000,0.446966,0.503733,41.7464,0.608748,0.675823,0.572969,0.384017,1596
T-B3-C,75,4.5,8000,30000,0.398861,0.455744,41.8311,0.61269,0.6536,0.488205,0.246925,1596
T-B3-C,75,4.5,8000,300000,0.368268,0.416708,35.6221,0.558262,0.595955,0.453669,0.238203,1596
T-B3-C,75,5,1000,30000,0.491992,0.653407,118.703,0.48622,0.716,0.665637,0.596154,1596
T-B3-C,75,5,1000,300000,0.459743,0.591468,96.8691,0.457478,0.654087,0.615915,0.560238,1596
T-B3-C,75,5,3000,30000,0.399655,0.555149,114.349,0.441537,0.657127,0.560226,0.406272,1596
T-B3-C,75,5,3000,300000,0.371753,0.503733,97.0572,0.409615,0.599003,0.518215,0.384459,1596
T-B3-C,75,5,8000,30000,0.322283,0.455744,98.1454,0.40763,0.579675,0.443354,0.247679,1596
T-B3-C,75,5,8000,300000,0.301235,0.416708,84.918,0.378077,0.531641,0.413556,0.238908,1596
T-B3-D,75,3,1000,30000,0.649225,0.653407,3.07523,0.901999,0.867777,0.780156,0.595491,1596
T-B3-D,75,3,1000,300000,0.588196,0.591468,2.4065,0.799283,0.777107,0.711936,0.559628,1596
T-B3-D,75,3,3000,30000,0.551618,0.555149,2.59691,0.84892,0.792022,0.653088,0.405328,1596
T-B3-D,75,3,3000,300000,0.500803,0.503733,2.15466,0.757156,0.713587,0.599328,0.383586,1596
T-B3-D,75,3,8000,30000,0.452935,0.455744,2.06525,0.761827,0.689583,0.509475,0.246444,1596
T-B3-D,75,3,8000,300000,0.414322,0.416708,1.75447,0.685866,0.626983,0.472589,0.237756,1596
T-B3-D,75,4,1000,30000,0.614651,0.653407,28.5004,0.831701,0.818173,0.744674,0.592127,1596
T-B3-D,75,4,1000,300000,0.560869,0.591468,22.5024,0.744169,0.737458,0.682521,0.556714,1596
T-B3-D,75,4,3000,30000,0.521834,0.555149,24.4994,0.786707,0.749564,0.625112,0.403093,1596
T-B3-D,75,4,3000,300000,0.475959,0.503733,20.4249,0.705538,0.677794,0.57504,0.381577,1596
T-B3-D,75,4,8000,30000,0.429068,0.455744,19.6168,0.710305,0.655592,0.489719,0.245247,1596
T-B3-D,75,4,8000,300000,0.39396,0.416708,16.7289,0.642104,0.597674,0.455035,0.23665,1596
T-B3-D,75,4.5,1000,30000,0.548979,0.653407,76.795,0.701846,0.720028,0.671684,0.584713,1596
T-B3-D,75,4.5,1000,300000,0.507634,0.591468,61.6509,0.639596,0.657542,0.621248,0.550257,1596
T-B3-D,75,4.5,3000,30000,0.462362,0.555149,68.2349,0.664875,0.66171,0.565402,0.398072,1596
T-B3-D,75,4.5,3000,300000,0.425646,0.503733,57.4244,0.602965,0.602999,0.522877,0.377052,1596
T-B3-D,75,4.5,8000,30000,0.380434,0.455744,55.3822,0.606891,0.583908,0.4468,0.242534,1596
T-B3-D,75,4.5,8000,300000,0.351991,0.416708,47.5923,0.553234,0.535381,0.416721,0.234141,1596
T-B3-D,75,5,1000,30000,0.426725,0.653407,166.699,0.475636,0.525486,0.514969,0.566094,1596
T-B3-D,75,5,1000,300000,0.403941,0.591468,137.906,0.448287,0.493063,0.48608,0.533827,1596
T-B3-D,75,5,3000,30000,0.341891,0.555149,156.828,0.43016,0.47162,0.426947,0.384885,1596
T-B3-D,75,5,3000,300000,0.320917,0.503733,134.442,0.399592,0.437694,0.400169,0.365094,1596
T-B3-D,75,5,8000,30000,0.277836,0.455744,130.832,0.397276,0.42204,0.343044,0.235264,1596
T-B3-D,75,5,8000,300000,0.261443,0.416708,114.18,0.368844,0.39231,0.323091,0.227384,1596
T-B3-C,76,3,1000,30000,0.6505,0.653407,2.1373,0.902852,0.872208,0.782879,0.595878,3118
T-B3-C,76,3,1000,300000,0.589232,0.591468,1.64466,0.799949,0.780626,0.714182,0.559963,3118
T-B3-C,76,3,3000,30000,0.552642,0.555149,1.84359,0.849655,0.795751,0.655212,0.405588,3118
T-B3-C,76,3,3000,300000,0.501678,0.503733,1.51129,0.757766,0.71672,0.601166,0.38382,3118
T-B3-C,76,3,8000,30000,0.453697,0.455744,1.50517,0.762429,0.692548,0.510972,0.246591,3118
T-B3-C,76,3,8000,300000,0.414987,0.416708,1.26559,0.686377,0.629532,0.473917,0.237891,3118
T-B3-C,76,4,1000,30000,0.626565,0.653407,19.739,0.839097,0.859228,0.770223,0.595903,3118
T-B3-C,76,4,1000,300000,0.570616,0.591468,15.3347,0.750033,0.770314,0.703713,0.559988,3118
T-B3-C,76,4,3000,30000,0.531554,0.555149,17.3518,0.793312,0.784776,0.64536,0.40565,3118
T-B3-C,76,4,3000,300000,0.484292,0.503733,14.297,0.711057,0.707495,0.59262,0.383878,3118
T-B3-C,76,4,8000,30000,0.436337,0.455744,14.2715,0.715783,0.683795,0.504095,0.246689,3118
T-B3-C,76,4,8000,300000,0.400324,0.416708,12.0485,0.646785,0.622004,0.467809,0.237983,3118
T-B3-C,76,4.5,1000,30000,0.581475,0.653407,52.8978,0.719097,0.829699,0.741705,0.595963,3118
T-B3-C,76,4.5,1000,300000,0.534597,0.591468,41.8223,0.653689,0.746725,0.679998,0.560049,3118
T-B3-C,76,4.5,3000,30000,0.489699,0.555149,48.1315,0.681327,0.75946,0.622803,0.4058,3118
T-B3-C,76,4.5,3000,300000,0.449267,0.503733,40.0536,0.61694,0.686158,0.573001,0.384017,3118
T-B3-C,76,4.5,8000,30000,0.401128,0.455744,40.1637,0.620931,0.663498,0.488232,0.246925,3118
T-B3-C,76,4.5,8000,300000,0.370228,0.416708,34.1807,0.565389,0.604506,0.453692,0.238203,3118
T-B3-C,76,5,1000,30000,0.497655,0.653407,114.538,0.501787,0.749549,0.66576,0.596154,3118
T-B3-C,76,5,1000,300000,0.464511,0.591468,93.3628,0.47091,0.681747,0.616018,0.560239,3118
T-B3-C,76,5,3000,30000,0.405257,0.555149,110.23,0.458135,0.688212,0.560327,0.406272,3118
T-B3-C,76,5,3000,300000,0.376609,0.503733,93.4858,0.424179,0.62564,0.518304,0.384459,3118
T-B3-C,76,5,8000,30000,0.327139,0.455744,94.5744,0.422678,0.605509,0.443428,0.247679,3118
T-B3-C,76,5,8000,300000,0.305514,0.416708,81.7707,0.391451,0.554205,0.413622,0.238908,3118
T-B3-D,76,3,1000,30000,0.649418,0.653407,2.93322,0.902332,0.868351,0.780474,0.595541,3118
T-B3-D,76,3,1000,300000,0.588351,0.591468,2.29217,0.799542,0.777563,0.712198,0.559672,3118
T-B3-D,76,3,3000,30000,0.551776,0.555149,2.48096,0.849207,0.792506,0.653337,0.405362,3118
T-B3-D,76,3,3000,300000,0.500937,0.503733,2.05636,0.757394,0.713994,0.599543,0.383616,3118
T-B3-D,76,3,8000,30000,0.453055,0.455744,1.97711,0.762063,0.689968,0.50965,0.246463,3118
T-B3-D,76,3,8000,300000,0.414426,0.416708,1.67809,0.686066,0.627314,0.472745,0.237774,3118
T-B3-D,76,4,1000,30000,0.616375,0.653407,27.2324,0.834539,0.823281,0.747573,0.59261,3118
T-B3-D,76,4,1000,300000,0.562274,0.591468,21.4691,0.746418,0.741564,0.684932,0.557133,3118
T-B3-D,76,4,3000,30000,0.523279,0.555149,23.4369,0.789256,0.753997,0.627427,0.403422,3118
T-B3-D,76,4,3000,300000,0.477192,0.503733,19.5181,0.707667,0.681541,0.577053,0.381873,3118
T-B3-D,76,4,8000,30000,0.430178,0.455744,18.801,0.712427,0.659164,0.491368,0.245433,3118
T-B3-D,76,4,8000,300000,0.394926,0.416708,16.0183,0.643916,0.60076,0.456502,0.236822,3118
T-B3-D,76,4.5,1000,30000,0.553254,0.653407,73.6508,0.70825,0.732542,0.679144,0.586079,3118
T-B3-D,76,4.5,1000,300000,0.5112,0.591468,59.0281,0.644843,0.667842,0.627556,0.551451,3118
T-B3-D,76,4.5,3000,30000,0.466127,0.555149,65.4657,0.671058,0.673209,0.57165,0.399027,3118
T-B3-D,76,4.5,3000,300000,0.428902,0.503733,55.0302,0.608223,0.612844,0.528355,0.377915,3118
T-B3-D,76,4.5,8000,30000,0.383384,0.455744,53.2125,0.612201,0.593404,0.451357,0.243082,3118
T-B3-D,76,4.5,8000,300000,0.354589,0.416708,45.682,0.557834,0.54367,0.4208,0.234648,3118
T-B3-D,76,5,1000,30000,0.434175,0.653407,161.221,0.484725,0.546231,0.528685,0.569234,3118
T-B3-D,76,5,1000,300000,0.410441,0.591468,133.125,0.456201,0.511008,0.498111,0.536623,3118
T-B3-D,76,5,3000,30000,0.349066,0.555149,151.552,0.440041,0.492913,0.439646,0.387227,3118
T-B3-D,76,5,3000,300000,0.32729,0.503733,129.754,0.408308,0.456453,0.411525,0.367228,3118
T-B3-D,76,5,8000,30000,0.283715,0.455744,126.508,0.406347,0.440678,0.352857,0.236661,3118
T-B3-D,76,5,8000,300000,0.266737,0.416708,110.288,0.37694,0.408952,0.332004,0.228687,3118
T-B3-C,77,3,1000,30000,0.650143,0.653407,2.39987,0.901785,0.870273,0.782867,0.595878,1792
T-B3-C,77,3,1000,300000,0.588951,0.591468,1.85129,0.799116,0.779091,0.714172,0.559963,1792
T-B3-C,77,3,3000,30000,0.552338,0.555149,2.06735,0.848734,0.794119,0.655203,0.405588,1792
T-B3-C,77,3,3000,300000,0.501424,0.503733,1.69795,0.757002,0.71535,0.601158,0.38382,1792
T-B3-C,77,3,8000,30000,0.453452,0.455744,1.68557,0.761675,0.691245,0.510965,0.246591,1792
T-B3-C,77,3,8000,300000,0.414778,0.416708,1.41967,0.685737,0.628414,0.473911,0.237891,1792
T-B3-C,77,4,1000,30000,0.623334,0.653407,22.1153,0.829881,0.840958,0.770107,0.595903,1792
T-B3-C,77,4,1000,300000,0.568044,0.591468,17.2255,0.742728,0.755741,0.703617,0.559988,1792
T-B3-C,77,4,3000,30000,0.528734,0.555149,19.4255,0.785068,0.769144,0.645269,0.40565,1792
T-B3-C,77,4,3000,300000,0.481926,0.503733,16.037,0.704171,0.694337,0.592541,0.383878,1792
T-B3-C,77,4,8000,30000,0.434043,0.455744,15.9588,0.708941,0.671254,0.504031,0.246689,1792
T-B3-C,77,4,8000,300000,0.398355,0.416708,13.4964,0.64094,0.611205,0.467752,0.237983,1792
T-B3-C,77,4.5,1000,30000,0.573186,0.653407,58.9936,0.697788,0.778941,0.741359,0.595962,1792
T-B3-C,77,4.5,1000,300000,0.527865,0.591468,46.773,0.636271,0.705722,0.679711,0.560048,1792
T-B3-C,77,4.5,3000,30000,0.482142,0.555149,53.6885,0.660941,0.714701,0.622527,0.405799,1792
T-B3-C,77,4.5,3000,300000,0.442854,0.503733,44.7702,0.59962,0.648227,0.572761,0.384017,1792
T-B3-C,77,4.5,8000,30000,0.394866,0.455744,44.7689,0.60351,0.627137,0.488035,0.246925,1792
T-B3-C,77,4.5,8000,300000,0.364804,0.416708,38.1697,0.550305,0.573029,0.453517,0.238203,1792
T-B3-C,77,5,1000,30000,0.481607,0.653407,126.34,0.469986,0.636246,0.664844,0.59615,1792
T-B3-C,77,5,1000,300000,0.450986,0.591468,103.309,0.443365,0.587461,0.615247,0.560235,1792
T-B3-C,77,5,3000,30000,0.389497,0.555149,121.819,0.423996,0.581141,0.559567,0.40627,1792
T-B3-C,77,5,3000,300000,0.362931,0.503733,103.545,0.394154,0.533388,0.517639,0.384457,1792
T-B3-C,77,5,8000,30000,0.313578,0.455744,104.547,0.391606,0.515715,0.442874,0.247678,1792
T-B3-C,77,5,8000,300000,0.293547,0.416708,90.5711,0.363784,0.475428,0.413127,0.238906,1792
T-B3-D,77,3,1000,30000,0.648697,0.653407,3.46301,0.901605,0.866262,0.778942,0.595274,1792
T-B3-D,77,3,1000,300000,0.587766,0.591468,2.72273,0.798976,0.775904,0.710933,0.55944,1792
T-B3-D,77,3,3000,30000,0.551197,0.555149,2.9061,0.848579,0.790745,0.65214,0.405181,1792
T-B3-D,77,3,3000,300000,0.500443,0.503733,2.41947,0.756874,0.712514,0.598506,0.383454,1792
T-B3-D,77,3,8000,30000,0.452626,0.455744,2.29236,0.761548,0.688567,0.508807,0.246362,1792
T-B3-D,77,3,8000,300000,0.414052,0.416708,1.95319,0.68563,0.626109,0.471997,0.23768,1792
T-B3-D,77,4,1000,30000,0.609961,0.653407,31.9494,0.82836,0.804966,0.733791,0.590096,1792
T-B3-D,77,4,1000,300000,0.557,0.591468,25.3477,0.741516,0.726818,0.673452,0.554948,1792
T-B3-D,77,4,3000,30000,0.517991,0.555149,27.3255,0.783701,0.738049,0.61638,0.401702,1792
T-B3-D,77,4,3000,300000,0.472648,0.503733,22.86,0.703025,0.668047,0.567442,0.380324,1792
T-B3-D,77,4,8000,30000,0.426215,0.455744,21.7152,0.707805,0.646305,0.483486,0.244459,1792
T-B3-D,77,4,8000,300000,0.391451,0.416708,18.574,0.639967,0.589641,0.449488,0.235921,1792
T-B3-D,77,4.5,1000,30000,0.537462,0.653407,85.2648,0.694414,0.688944,0.644659,0.579184,1792
T-B3-D,77,4.5,1000,300000,0.497917,0.591468,68.7965,0.633491,0.63181,0.598299,0.545404,1792
T-B3-D,77,4.5,3000,30000,0.452416,0.555149,75.5492,0.657672,0.632801,0.5425,0.394156,1792
T-B3-D,77,4.5,3000,300000,0.41697,0.503733,63.8048,0.596828,0.578168,0.502754,0.373509,1792
T-B3-D,77,4.5,8000,30000,0.37288,0.455744,60.9372,0.6007,0.559914,0.429999,0.240272,1792
T-B3-D,77,4.5,8000,300000,0.345282,0.416708,52.526,0.547861,0.514386,0.40166,0.232042,1792
T-B3-D,77,5,1000,30000,0.407227,0.653407,181.038,0.465389,0.47783,0.468892,0.554515,1792
T-B3-D,77,5,1000,300000,0.386756,0.591468,150.543,0.439333,0.451465,0.445354,0.523436,1792
T-B3-D,77,5,3000,30000,0.323383,0.555149,170.438,0.418957,0.421891,0.383523,0.376038,1792
T-B3-D,77,5,3000,300000,0.304352,0.503733,146.623,0.389688,0.393636,0.361164,0.356999,1792
T-B3-D,77,5,8000,30000,0.263048,0.455744,141.706,0.386958,0.37805,0.309077,0.229898,1792
T-B3-D,77,5,8000,300000,0.248032,0.416708,124.043,0.359619,0.352855,0.292136,0.222369,1792
T-B3-C,78,3,1000,30000,0.649944,0.653407,2.54666,0.901525,0.868661,0.782848,0.595878,640
T-B3-C,78,3,1000,300000,0.588792,0.591468,1.96764,0.798914,0.777812,0.714157,0.559963,640
T-B3-C,78,3,3000,30000,0.55217,0.555149,2.19119,0.84851,0.79276,0.655188,0.405588,640
T-B3-C,78,3,3000,300000,0.501283,0.503733,1.8019,0.756817,0.714209,0.601146,0.38382,640
T-B3-C,78,3,8000,30000,0.453318,0.455744,1.78406,0.761492,0.690164,0.510955,0.246591,640
T-B3-C,78,3,8000,300000,0.414663,0.416708,1.50426,0.685582,0.627484,0.473901,0.237891,640
T-B3-C,78,4,1000,30000,0.621526,0.653407,23.4444,0.82769,0.826226,0.769923,0.595902,640
T-B3-C,78,4,1000,300000,0.566597,0.591468,18.2901,0.740985,0.74394,0.703465,0.559988,640
T-B3-C,78,4,3000,30000,0.527172,0.555149,20.574,0.783098,0.756449,0.645124,0.40565,640
T-B3-C,78,4,3000,300000,0.480608,0.503733,17.0062,0.702521,0.683625,0.592415,0.383877,640
T-B3-C,78,4,8000,30000,0.432789,0.455744,16.8804,0.707305,0.661058,0.503928,0.246688,640
T-B3-C,78,4,8000,300000,0.397274,0.416708,14.2915,0.63954,0.602407,0.467661,0.237982,640
T-B3-C,78,4.5,1000,30000,0.568554,0.653407,62.4,0.69294,0.740713,0.740811,0.59596,640
T-B3-C,78,4.5,1000,300000,0.524081,0.591468,49.5554,0.632284,0.674519,0.679256,0.560046,640
T-B3-C,78,4.5,3000,30000,0.477956,0.555149,56.7667,0.656235,0.680263,0.62209,0.405798,640
T-B3-C,78,4.5,3000,300000,0.439284,0.503733,47.3955,0.595606,0.618875,0.572381,0.384016,640
T-B3-C,78,4.5,8000,30000,0.391444,0.455744,47.285,0.59947,0.598947,0.487724,0.246924,640
T-B3-C,78,4.5,8000,300000,0.361826,0.416708,40.3596,0.546795,0.548511,0.45324,0.238202,640
T-B3-C,78,5,1000,30000,0.472732,0.653407,132.866,0.463418,0.563398,0.663397,0.596144,640
T-B3-C,78,5,1000,300000,0.443469,0.591468,108.837,0.43762,0.52556,0.614028,0.56023,640
T-B3-C,78,5,3000,30000,0.380827,0.555149,128.194,0.416774,0.509254,0.558365,0.406266,640
T-B3-C,78,5,3000,300000,0.355378,0.503733,109.099,0.387767,0.470694,0.516587,0.384453,640
T-B3-C,78,5,8000,30000,0.306202,0.455744,109.971,0.384945,0.45416,0.441999,0.247676,640
T-B3-C,78,5,8000,300000,0.287014,0.416708,95.3756,0.357825,0.420897,0.412345,0.238904,640
T-B3-D,78,3,1000,30000,0.648349,0.653407,3.7191,0.90142,0.865476,0.778029,0.595074,640
T-B3-D,78,3,1000,300000,0.58748,0.591468,2.93307,0.798832,0.775278,0.71018,0.559267,640
T-B3-D,78,3,3000,30000,0.550924,0.555149,3.1071,0.848419,0.790081,0.651428,0.405047,640
T-B3-D,78,3,3000,300000,0.500208,0.503733,2.59263,0.756742,0.711956,0.597889,0.383333,640
T-B3-D,78,3,8000,30000,0.452431,0.455744,2.43635,0.761418,0.688039,0.508305,0.246286,640
T-B3-D,78,3,8000,300000,0.41388,0.416708,2.0799,0.685519,0.625655,0.471552,0.23761,640
T-B3-D,78,4,1000,30000,0.60692,0.653407,34.1857,0.826813,0.79826,0.725808,0.588274,640
T-B3-D,78,4,1000,300000,0.554471,0.591468,27.2075,0.740287,0.7214,0.666785,0.55336,640
T-B3-D,78,4,3000,30000,0.515527,0.555149,29.1379,0.782306,0.732169,0.609938,0.400446,640
T-B3-D,78,4,3000,300000,0.470511,0.503733,24.4313,0.701858,0.663063,0.561829,0.379191,640
T-B3-D,78,4,8000,30000,0.424426,0.455744,23.0307,0.706646,0.641554,0.478879,0.243744,640
T-B3-D,78,4,8000,300000,0.389868,0.416708,19.7377,0.638976,0.585526,0.445384,0.23526,640
T-B3-D,78,4.5,1000,30000,0.530273,0.653407,90.5512,0.691033,0.673834,0.625759,0.574502,640
T-B3-D,78,4.5,1000,300000,0.491795,0.591468,73.2982,0.630712,0.619229,0.58216,0.541274,640
T-B3-D,78,4.5,3000,30000,0.446225,0.555149,80.1018,0.654372,0.618558,0.526247,0.39078,640
T-B3-D,78,4.5,3000,300000,0.411534,0.503733,67.8022,0.594015,0.565895,0.488431,0.370447,640
T-B3-D,78,4.5,8000,30000,0.368261,0.455744,64.3336,0.597865,0.548025,0.417995,0.238302,640
T-B3-D,78,4.5,8000,300000,0.341154,0.416708,55.5615,0.545399,0.503955,0.390874,0.230211,640
T-B3-D,78,5,1000,30000,0.396069,0.653407,189.244,0.460918,0.456523,0.439644,0.545938,640
T-B3-D,78,5,1000,300000,0.376817,0.591468,157.852,0.435427,0.432694,0.419256,0.515656,640
T-B3-D,78,5,3000,30000,0.312731,0.555149,178.272,0.414005,0.399285,0.3554,0.369282,640
T-B3-D,78,5,3000,300000,0.294754,0.503733,153.681,0.385314,0.373496,0.335763,0.350783,640
T-B3-D,78,5,8000,30000,0.254597,0.455744,147.921,0.382376,0.357822,0.286759,0.225706,640
T-B3-D,78,5,8000,300000,0.240322,0.416708,129.713,0.355523,0.334631,0.271712,0.218436,640
T-B3-C,79,3,1000,30000,0.650913,0.653407,1.83353,0.904616,0.873163,0.782884,0.595878,110
T-B3-C,79,3,1000,300000,0.589553,0.591468,1.40808,0.801321,0.781383,0.714186,0.559963,110
T-B3-C,79,3,3000,30000,0.552998,0.555149,1.58216,0.85118,0.796557,0.655216,0.405588,110
T-B3-C,79,3,3000,300000,0.501972,0.503733,1.295,0.759026,0.717396,0.60117,0.38382,110
T-B3-C,79,3,8000,30000,0.453987,0.455744,1.29198,0.763679,0.693191,0.510974,0.246591,110
T-B3-C,79,3,8000,300000,0.415233,0.416708,1.08486,0.687436,0.630085,0.473919,0.237891,110
T-B3-C,79,4,1000,30000,0.630275,0.653407,17.0104,0.854673,0.868564,0.770271,0.595903,110
T-B3-C,79,4,1000,300000,0.573542,0.591468,13.1828,0.762318,0.777731,0.703753,0.559989,110
T-B3-C,79,4,3000,30000,0.534829,0.555149,14.9434,0.807187,0.792695,0.645398,0.405651,110
T-B3-C,79,4,3000,300000,0.48702,0.503733,12.2909,0.72261,0.714148,0.592653,0.383878,110
T-B3-C,79,4,8000,30000,0.439034,0.455744,12.2878,0.727295,0.690132,0.504122,0.246689,110
T-B3-C,79,4,8000,300000,0.402623,0.416708,10.3578,0.656592,0.627452,0.467833,0.237983,110
T-B3-C,79,4.5,1000,30000,0.590888,0.653407,45.9755,0.75691,0.857643,0.741848,0.595964,110
T-B3-C,79,4.5,1000,300000,0.542189,0.591468,36.239,0.684313,0.769051,0.680116,0.560049,110
T-B3-C,79,4.5,3000,30000,0.498387,0.555149,41.7423,0.71698,0.783494,0.622916,0.4058,110
T-B3-C,79,4.5,3000,300000,0.456598,0.503733,34.6629,0.647066,0.706405,0.573099,0.384018,110
T-B3-C,79,4.5,8000,30000,0.408423,0.455744,34.7995,0.651242,0.682835,0.488313,0.246925,110
T-B3-C,79,4.5,8000,300000,0.376511,0.416708,29.5606,0.591516,0.621168,0.453764,0.238203,110
T-B3-C,79,5,1000,30000,0.51586,0.653407,101.15,0.56517,0.824489,0.666137,0.596156,110
T-B3-C,79,5,1000,300000,0.479748,0.591468,82.1575,0.524891,0.742583,0.616336,0.56024,110
T-B3-C,79,5,3000,30000,0.423229,0.555149,97.0126,0.524204,0.755204,0.56064,0.406273,110
T-B3-C,79,5,3000,300000,0.39213,0.503733,82.0718,0.481706,0.682552,0.518578,0.38446,110
T-B3-C,79,5,8000,30000,0.342774,0.455744,83.0768,0.481879,0.660294,0.443655,0.24768,110
T-B3-C,79,5,8000,300000,0.319246,0.416708,71.6728,0.443741,0.601729,0.413825,0.238908,110
T-B3-D,79,3,1000,30000,0.650442,0.653407,2.17982,0.904149,0.871409,0.78202,0.595765,110
T-B3-D,79,3,1000,300000,0.589173,0.591468,1.68787,0.800957,0.779991,0.713474,0.559866,110
T-B3-D,79,3,3000,30000,0.552616,0.555149,1.86271,0.850778,0.795082,0.654543,0.405512,110
T-B3-D,79,3,3000,300000,0.501648,0.503733,1.53365,0.758693,0.716157,0.600587,0.383752,110
T-B3-D,79,3,8000,30000,0.453699,0.455744,1.50343,0.76335,0.692018,0.5105,0.246548,110
T-B3-D,79,3,8000,300000,0.414983,0.416708,1.26872,0.687157,0.629077,0.473498,0.237852,110
T-B3-D,79,4,1000,30000,0.625739,0.653407,20.3468,0.850408,0.851529,0.761984,0.594782,110
T-B3-D,79,4,1000,300000,0.569861,0.591468,15.8899,0.758957,0.764172,0.696893,0.559017,110
T-B3-D,79,4,3000,30000,0.531122,0.555149,17.6696,0.803431,0.778263,0.638869,0.404895,110
T-B3-D,79,4,3000,300000,0.483859,0.503733,14.6152,0.719482,0.702009,0.586991,0.383198,110
T-B3-D,79,4,8000,30000,0.436232,0.455744,14.3489,0.724198,0.678627,0.499499,0.246264,110
T-B3-D,79,4,8000,300000,0.400182,0.416708,12.1532,0.653952,0.617549,0.463728,0.23759,110
T-B3-D,79,4.5,1000,30000,0.577673,0.653407,55.6938,0.74582,0.807364,0.718022,0.592481,110
T-B3-D,79,4.5,1000,300000,0.531375,0.591468,44.1916,0.675399,0.728753,0.660242,0.557029,110
T-B3-D,79,4.5,3000,30000,0.487398,0.555149,49.8238,0.706783,0.740171,0.603703,0.403441,110
T-B3-D,79,4.5,3000,300000,0.447184,0.503733,41.5855,0.638479,0.669836,0.556372,0.381896,110
T-B3-D,79,4.5,8000,30000,0.400059,0.455744,40.9496,0.642678,0.648057,0.474554,0.245595,110
T-B3-D,79,4.5,8000,300000,0.369197,0.416708,34.9392,0.584153,0.591149,0.441514,0.236974,110
T-B3-D,79,5,1000,30000,0.482228,0.653407,125.883,0.543704,0.694301,0.608615,0.585732,110
T-B3-D,79,5,1000,300000,0.45169,0.591468,102.791,0.506908,0.636283,0.56738,0.551171,110
T-B3-D,79,5,3000,30000,0.394123,0.555149,118.417,0.502684,0.637857,0.511427,0.399117,110
T-B3-D,79,5,3000,300000,0.36692,0.503733,100.611,0.463144,0.582513,0.475288,0.378012,110
T-B3-D,79,5,8000,30000,0.320258,0.455744,99.6348,0.46303,0.564233,0.40731,0.24361,110
T-B3-D,79,5,8000,300000,0.299371,0.416708,86.2887,0.427216,0.518155,0.381216,0.235143,110
T-B3-C,80,3,1000,30000,0.650274,0.653407,2.30382,0.902124,0.87108,0.78287,0.595878,1012
T-B3-C,80,3,1000,300000,0.589053,0.591468,1.7756,0.799381,0.779731,0.714174,0.559963,1012
T-B3-C,80,3,3000,30000,0.552449,0.555149,1.98559,0.849027,0.7948,0.655205,0.405588,1012
T-B3-C,80,3,3000,300000,0.501517,0.503733,1.62967,0.757245,0.715922,0.60116,0.38382,1012
T-B3-C,80,3,8000,30000,0.453541,0.455744,1.61978,0.761915,0.691788,0.510966,0.246591,1012
T-B3-C,80,3,8000,300000,0.414854,0.416708,1.36342,0.685941,0.62888,0.473912,0.237891,1012
T-B3-C,80,4,1000,30000,0.624508,0.653407,21.2518,0.83278,0.848478,0.770132,0.595903,1012
T-B3-C,80,4,1000,300000,0.56898,0.591468,16.5373,0.745028,0.761748,0.703637,0.559988,1012
T-B3-C,80,4,3000,30000,0.529759,0.555149,18.6715,0.787667,0.7756,0.645288,0.40565,1012
T-B3-C,80,4,3000,300000,0.482787,0.503733,15.4035,0.706344,0.699775,0.592558,0.383878,1012
T-B3-C,80,4,8000,30000,0.434876,0.455744,15.3461,0.7111,0.67644,0.504044,0.246689,1012
T-B3-C,80,4,8000,300000,0.399071,0.416708,12.97,0.642786,0.615673,0.467764,0.237983,1012
T-B3-C,80,4.5,1000,30000,0.576153,0.653407,56.8118,0.704347,0.799264,0.741433,0.595962,1012
T-B3-C,80,4.5,1000,300000,0.530281,0.591468,44.996,0.64165,0.722206,0.679772,0.560047,1012
T-B3-C,80,4.5,3000,30000,0.484858,0.555149,51.6911,0.667259,0.732791,0.622585,0.405799,1012
T-B3-C,80,4.5,3000,300000,0.445163,0.503733,43.0718,0.604999,0.663591,0.572812,0.384017,1012
T-B3-C,80,4.5,8000,30000,0.397117,0.455744,43.1132,0.608924,0.64189,0.488077,0.246925,1012
T-B3-C,80,4.5,8000,300000,0.366758,0.416708,36.7331,0.554999,0.585822,0.453554,0.238203,1012
T-B3-C,80,5,1000,30000,0.487128,0.653407,122.279,0.479322,0.678656,0.665041,0.59615,1012
T-B3-C,80,5,1000,300000,0.455664,0.591468,99.869,0.451498,0.62307,0.615412,0.560235,1012
T-B3-C,80,5,3000,30000,0.394979,0.555149,117.788,0.434132,0.622026,0.559729,0.406269,1012
T-B3-C,80,5,3000,300000,0.367703,0.503733,100.035,0.403099,0.568793,0.517781,0.384457,1012
T-B3-C,80,5,8000,30000,0.318316,0.455744,101.063,0.400894,0.550334,0.442992,0.247678,1012
T-B3-C,80,5,8000,300000,0.297739,0.416708,87.4888,0.372077,0.505923,0.413233,0.238906,1012
T-B3-D,80,3,1000,30000,0.648875,0.653407,3.33248,0.901784,0.866722,0.779335,0.595349,1012
T-B3-D,80,3,1000,300000,0.58791,0.591468,2.61645,0.799116,0.776269,0.711258,0.559505,1012
T-B3-D,80,3,3000,30000,0.551339,0.555149,2.80179,0.848734,0.791133,0.652447,0.405232,1012
T-B3-D,80,3,3000,300000,0.500565,0.503733,2.33026,0.757002,0.71284,0.598772,0.3835,1012
T-B3-D,80,3,8000,30000,0.452731,0.455744,2.21554,0.761676,0.688876,0.509023,0.246391,1012
T-B3-D,80,3,8000,300000,0.414143,0.416708,1.88608,0.685737,0.626375,0.472189,0.237706,1012
T-B3-D,80,4,1000,30000,0.611522,0.653407,30.8014,0.829874,0.808935,0.737282,0.590794,1012
T-B3-D,80,4,1000,300000,0.558287,0.591468,24.4012,0.742718,0.730019,0.676364,0.555555,1012
T-B3-D,80,4,3000,30000,0.519277,0.555149,26.3803,0.785066,0.74152,0.619187,0.402182,1012
T-B3-D,80,4,3000,300000,0.473754,0.503733,22.0461,0.704166,0.670986,0.569886,0.380756,1012
T-B3-D,80,4,8000,30000,0.427173,0.455744,21.0109,0.708941,0.649108,0.485492,0.244731,1012
T-B3-D,80,4,8000,300000,0.392292,0.416708,17.9553,0.640938,0.592066,0.451274,0.236173,1012
T-B3-D,80,4.5,1000,30000,0.541209,0.653407,82.5093,0.697752,0.698093,0.653164,0.581047,1012
T-B3-D,80,4.5,1000,300000,0.501082,0.591468,66.4687,0.636234,0.639405,0.605538,0.547042,1012
T-B3-D,80,4.5,3000,30000,0.455682,0.555149,73.1475,0.660919,0.641368,0.549752,0.395484,1012
T-B3-D,80,4.5,3000,300000,0.41982,0.503733,61.7092,0.599595,0.585538,0.509134,0.374712,1012
T-B3-D,80,4.5,8000,30000,0.375374,0.455744,59.1031,0.603496,0.567048,0.435335,0.241042,1012
T-B3-D,80,4.5,8000,300000,0.347497,0.416708,50.8971,0.550287,0.520635,0.406448,0.232757,1012
T-B3-D,80,5,1000,30000,0.413265,0.653407,176.597,0.469909,0.491298,0.48282,0.558226,1012
T-B3-D,80,5,1000,300000,0.392098,0.591468,146.615,0.443285,0.463275,0.457715,0.52678,1012
T-B3-D,80,5,3000,30000,0.329193,0.555149,166.166,0.423924,0.436068,0.396769,0.378909,1012
T-B3-D,80,5,3000,300000,0.30956,0.503733,142.793,0.39408,0.406232,0.37309,0.359632,1012
T-B3-D,80,5,8000,30000,0.267734,0.455744,138.26,0.391546,0.390669,0.319505,0.231654,1012
T-B3-D,80,5,8000,300000,0.252286,0.416708,120.914,0.363722,0.364198,0.301656,0.224013,1012
T-B3-C,81,3,1000,30000,0.650091,0.653407,2.43812,0.901718,0.869863,0.78286,0.595878,466
T-B3-C,81,3,1000,300000,0.588909,0.591468,1.88163,0.799065,0.778766,0.714166,0.559963,466
T-B3-C,81,3,3000,30000,0.552294,0.555149,2.09959,0.848677,0.793774,0.655197,0.405588,466
T-B3-C,81,3,3000,300000,0.501388,0.503733,1.72502,0.756955,0.715061,0.601153,0.38382,466
T-B3-C,81,3,8000,30000,0.453417,0.455744,1.71121,0.761629,0.69097,0.510961,0.246591,466
T-B3-C,81,3,8000,300000,0.414748,0.416708,1.44169,0.685698,0.628178,0.473907,0.237891,466
T-B3-C,81,4,1000,30000,0.622858,0.653407,22.4653,0.82932,0.83717,0.770034,0.595902,466
T-B3-C,81,4,1000,300000,0.567663,0.591468,17.5058,0.742281,0.752711,0.703557,0.559988,466
T-B3-C,81,4,3000,30000,0.528324,0.555149,19.7268,0.784565,0.765889,0.645212,0.40565,466
T-B3-C,81,4,3000,300000,0.48158,0.503733,16.2912,0.703749,0.691593,0.592491,0.383878,466
T-B3-C,81,4,8000,30000,0.433714,0.455744,16.2003,0.708523,0.668643,0.50399,0.246688,466
T-B3-C,81,4,8000,300000,0.398072,0.416708,13.7048,0.640582,0.608953,0.467716,0.237982,466
T-B3-C,81,4.5,1000,30000,0.571939,0.653407,59.9104,0.696535,0.768865,0.741143,0.595961,466
T-B3-C,81,4.5,1000,300000,0.526848,0.591468,47.5205,0.63524,0.697527,0.679531,0.560046,466
T-B3-C,81,4.5,3000,30000,0.481025,0.555149,54.5099,0.659729,0.705698,0.622355,0.405798,466
T-B3-C,81,4.5,3000,300000,0.441902,0.503733,45.47,0.598586,0.640568,0.572611,0.384016,466
T-B3-C,81,4.5,8000,30000,0.393956,0.455744,45.4381,0.60247,0.619793,0.487912,0.246924,466
T-B3-C,81,4.5,8000,300000,0.364013,0.416708,38.7516,0.549401,0.566651,0.453408,0.238202,466
T-B3-C,81,5,1000,30000,0.479092,0.653407,128.189,0.468254,0.61597,0.664275,0.596147,466
T-B3-C,81,5,1000,300000,0.448865,0.591468,104.868,0.44185,0.570347,0.614768,0.560232,466
T-B3-C,81,5,3000,30000,0.38708,0.555149,123.597,0.422102,0.561425,0.559094,0.406267,466
T-B3-C,81,5,3000,300000,0.360829,0.503733,105.09,0.392479,0.516261,0.517225,0.384455,466
T-B3-C,81,5,8000,30000,0.311538,0.455744,106.047,0.389864,0.498965,0.44253,0.247677,466
T-B3-C,81,5,8000,300000,0.291744,0.416708,91.8972,0.362226,0.460637,0.412819,0.238905,466
T-B3-D,81,3,1000,30000,0.648527,0.653407,3.58866,0.901539,0.865861,0.778484,0.595177,466
T-B3-D,81,3,1000,300000,0.587625,0.591468,2.82603,0.798925,0.775585,0.710555,0.559357,466
T-B3-D,81,3,3000,30000,0.551063,0.555149,3.00462,0.848522,0.790406,0.651783,0.405116,466
T-B3-D,81,3,3000,300000,0.500328,0.503733,2.50439,0.756827,0.712229,0.598197,0.383396,466
T-B3-D,81,3,8000,30000,0.452531,0.455744,2.36289,0.761502,0.688298,0.508555,0.246325,466
T-B3-D,81,3,8000,300000,0.413968,0.416708,2.01531,0.68559,0.625877,0.471773,0.237646,466
T-B3-D,81,4,1000,30000,0.60846,0.653407,33.0531,0.827811,0.801529,0.729767,0.589212,466
T-B3-D,81,4,1000,300000,0.555751,0.591468,26.2662,0.741079,0.724042,0.670093,0.554178,466
T-B3-D,81,4,3000,30000,0.516778,0.555149,28.2177,0.783207,0.735039,0.613136,0.401094,466
T-B3-D,81,4,3000,300000,0.471595,0.503733,23.6338,0.702611,0.665496,0.564616,0.379775,466
T-B3-D,81,4,8000,30000,0.425335,0.455744,22.362,0.707393,0.643873,0.481166,0.244113,466
T-B3-D,81,4,8000,300000,0.390672,0.416708,19.1466,0.639615,0.587535,0.447421,0.235601,466
T-B3-D,81,4.5,1000,30000,0.533871,0.653407,87.9055,0.693207,0.681142,0.635039,0.576882,466
T-B3-D,81,4.5,1000,300000,0.494859,0.591468,71.0453,0.632497,0.62532,0.590093,0.543376,466
T-B3-D,81,4.5,3000,30000,0.44934,0.555149,77.8112,0.656497,0.625464,0.53425,0.392503,466
T-B3-D,81,4.5,3000,300000,0.414269,0.503733,65.7914,0.595826,0.571849,0.495488,0.37201,466
T-B3-D,81,4.5,8000,30000,0.37059,0.455744,62.6212,0.59969,0.553796,0.423911,0.23931,466
T-B3-D,81,4.5,8000,300000,0.343235,0.416708,54.0315,0.546983,0.50902,0.396193,0.231148,466
T-B3-D,81,5,1000,30000,0.4015,0.653407,185.25,0.463763,0.466677,0.453721,0.55017,466
T-B3-D,81,5,1000,300000,0.381658,0.591468,154.292,0.437909,0.441651,0.43184,0.519504,466
T-B3-D,81,5,3000,30000,0.31796,0.555149,174.427,0.417171,0.41009,0.368983,0.372636,466
T-B3-D,81,5,3000,300000,0.299463,0.503733,150.218,0.388107,0.38313,0.348045,0.353873,466
T-B3-D,81,5,8000,30000,0.258767,0.455744,144.855,0.385308,0.36751,0.297564,0.227796,466
T-B3-D,81,5,8000,300000,0.244124,0.416708,126.916,0.358142,0.343364,0.281608,0.220399,466
T-B3-C,82,3,1000,30000,0.650047,0.653407,2.4705,0.901657,0.869515,0.782855,0.595878,1517
T-B3-C,82,3,1000,300000,0.588874,0.591468,1.90729,0.799017,0.77849,0.714162,0.559963,1517
T-B3-C,82,3,3000,30000,0.552257,0.555149,2.12692,0.848624,0.79348,0.655193,0.405588,1517
T-B3-C,82,3,3000,300000,0.501356,0.503733,1.74795,0.756911,0.714814,0.60115,0.38382,1517
T-B3-C,82,3,8000,30000,0.453387,0.455744,1.73298,0.761585,0.690736,0.510958,0.246591,1517
T-B3-C,82,3,8000,300000,0.414722,0.416708,1.46038,0.685661,0.627976,0.473905,0.237891,1517
T-B3-C,82,4,1000,30000,0.622458,0.653407,22.7589,0.828802,0.833972,0.769991,0.595902,1517
T-B3-C,82,4,1000,300000,0.567343,0.591468,17.741,0.741869,0.75015,0.703521,0.559988,1517
T-B3-C,82,4,3000,30000,0.527979,0.555149,19.9805,0.784099,0.763136,0.645178,0.40565,1517
T-B3-C,82,4,3000,300000,0.481289,0.503733,16.5053,0.703359,0.68927,0.592462,0.383878,1517
T-B3-C,82,4,8000,30000,0.433437,0.455744,16.4042,0.708136,0.666432,0.503966,0.246688,1517
T-B3-C,82,4,8000,300000,0.397833,0.416708,13.8806,0.640251,0.607046,0.467695,0.237982,1517
T-B3-C,82,4.5,1000,30000,0.570912,0.653407,60.6655,0.695384,0.760504,0.741016,0.595961,1517
T-B3-C,82,4.5,1000,300000,0.52601,0.591468,48.1371,0.634294,0.69071,0.679425,0.560046,1517
T-B3-C,82,4.5,3000,30000,0.480099,0.555149,55.1915,0.658614,0.698182,0.622253,0.405798,1517
T-B3-C,82,4.5,3000,300000,0.441112,0.503733,46.0513,0.597635,0.634167,0.572523,0.384016,1517
T-B3-C,82,4.5,8000,30000,0.393198,0.455744,45.9958,0.601513,0.613647,0.48784,0.246924,1517
T-B3-C,82,4.5,8000,300000,0.363353,0.416708,39.2369,0.54857,0.561308,0.453343,0.238202,1517
T-B3-C,82,5,1000,30000,0.477108,0.653407,129.648,0.466682,0.59979,0.663939,0.596145,1517
T-B3-C,82,5,1000,300000,0.447185,0.591468,106.104,0.440475,0.556625,0.614484,0.560231,1517
T-B3-C,82,5,3000,30000,0.385146,0.555149,125.018,0.420379,0.545517,0.558814,0.406266,1517
T-B3-C,82,5,3000,300000,0.359145,0.503733,106.329,0.390954,0.502403,0.51698,0.384454,1517
T-B3-C,82,5,8000,30000,0.309894,0.455744,107.256,0.388276,0.485371,0.442326,0.247676,1517
T-B3-C,82,5,8000,300000,0.290288,0.416708,92.9682,0.360805,0.448605,0.412637,0.238904,1517
T-B3-D,82,3,1000,30000,0.648577,0.653407,3.55153,0.901533,0.865965,0.77864,0.595211,1517
T-B3-D,82,3,1000,300000,0.587667,0.591468,2.79527,0.798919,0.775667,0.710684,0.559386,1517
T-B3-D,82,3,3000,30000,0.551102,0.555149,2.97596,0.848516,0.790494,0.651904,0.405139,1517
T-B3-D,82,3,3000,300000,0.500362,0.503733,2.47954,0.756822,0.712303,0.598302,0.383416,1517
T-B3-D,82,3,8000,30000,0.452558,0.455744,2.34285,0.761497,0.688367,0.50864,0.246338,1517
T-B3-D,82,3,8000,300000,0.413992,0.416708,1.99754,0.685586,0.625937,0.471849,0.237658,1517
T-B3-D,82,4,1000,30000,0.608905,0.653407,32.7262,0.827754,0.802416,0.731129,0.589523,1517
T-B3-D,82,4,1000,300000,0.556123,0.591468,25.9922,0.741035,0.724759,0.67123,0.554449,1517
T-B3-D,82,4,3000,30000,0.517132,0.555149,27.9576,0.783155,0.735816,0.614235,0.401308,1517
T-B3-D,82,4,3000,300000,0.471904,0.503733,23.407,0.702568,0.666155,0.565574,0.379969,1517
T-B3-D,82,4,8000,30000,0.425586,0.455744,22.1778,0.707351,0.644501,0.481952,0.244235,1517
T-B3-D,82,4,8000,300000,0.390895,0.416708,18.9825,0.639579,0.588078,0.448122,0.235714,1517
T-B3-D,82,4.5,1000,30000,0.534939,0.653407,87.1198,0.693085,0.683147,0.638274,0.577686,1517
T-B3-D,82,4.5,1000,300000,0.495774,0.591468,70.3722,0.632398,0.626989,0.592855,0.544084,1517
T-B3-D,82,4.5,3000,30000,0.45024,0.555149,77.1493,0.656377,0.627351,0.53703,0.393082,1517
T-B3-D,82,4.5,3000,300000,0.415063,0.503733,65.2072,0.595725,0.573475,0.497937,0.372535,1517
T-B3-D,82,4.5,8000,30000,0.371245,0.455744,62.1391,0.599586,0.555369,0.425965,0.239647,1517
T-B3-D,82,4.5,8000,300000,0.343824,0.416708,53.5982,0.546894,0.5104,0.398037,0.231462,1517
T-B3-D,82,5,1000,30000,0.403218,0.653407,183.986,0.463609,0.469516,0.458755,0.551658,1517
T-B3-D,82,5,1000,300000,0.383194,0.591468,153.163,0.437775,0.444153,0.43633,0.520852,1517
T-B3-D,82,5,3000,30000,0.319559,0.555149,173.25,0.416997,0.413097,0.373821,0.373806,1517
T-B3-D,82,5,3000,300000,0.300911,0.503733,149.153,0.387954,0.385809,0.352413,0.354948,1517
T-B3-D,82,5,8000,30000,0.260004,0.455744,143.945,0.385145,0.370198,0.301402,0.228521,1517
T-B3-D,82,5,8000,300000,0.245259,0.416708,126.082,0.357997,0.345786,0.28512,0.221079,1517
T-B3-C,83,3,1000,30000,0.65027,0.653407,2.30637,0.902038,0.87117,0.782875,0.595878,1076
T-B3-C,83,3,1000,300000,0.589051,0.591468,1.77738,0.799314,0.779803,0.714179,0.559963,1076
T-B3-C,83,3,3000,30000,0.552446,0.555149,1.98811,0.848952,0.794875,0.655209,0.405588,1076
T-B3-C,83,3,3000,300000,0.501515,0.503733,1.63162,0.757184,0.715985,0.601164,0.38382,1076
T-B3-C,83,3,8000,30000,0.453538,0.455744,1.62212,0.761854,0.691848,0.51097,0.246591,1076
T-B3-C,83,3,8000,300000,0.414852,0.416708,1.3653,0.685889,0.628932,0.473915,0.237891,1076
T-B3-C,83,4,1000,30000,0.624491,0.653407,21.2641,0.832047,0.849342,0.770188,0.595903,1076
T-B3-C,83,4,1000,300000,0.568969,0.591468,16.5458,0.744448,0.762438,0.703684,0.559988,1076
T-B3-C,83,4,3000,30000,0.529737,0.555149,18.6877,0.787009,0.776333,0.645333,0.40565,1076
T-B3-C,83,4,3000,300000,0.48277,0.503733,15.4161,0.705794,0.700393,0.592596,0.383878,1076
T-B3-C,83,4,8000,30000,0.434853,0.455744,15.3629,0.710552,0.677023,0.504076,0.246689,1076
T-B3-C,83,4,8000,300000,0.399053,0.416708,12.9836,0.642318,0.616175,0.467792,0.237983,1076
T-B3-C,83,4.5,1000,30000,0.576189,0.653407,56.7849,0.702694,0.801734,0.741601,0.595963,1076
T-B3-C,83,4.5,1000,300000,0.530309,0.591468,44.9755,0.640296,0.724197,0.679912,0.560048,1076
T-B3-C,83,4.5,3000,30000,0.484856,0.555149,51.693,0.665663,0.734936,0.62272,0.4058,1076
T-B3-C,83,4.5,3000,300000,0.445162,0.503733,43.0729,0.603641,0.665407,0.572929,0.384017,1076
T-B3-C,83,4.5,8000,30000,0.397096,0.455744,43.1291,0.607554,0.643612,0.488173,0.246925,1076
T-B3-C,83,4.5,8000,300000,0.36674,0.416708,36.7462,0.553813,0.587312,0.453639,0.238203,1076
T-B3-C,83,5,1000,30000,0.487547,0.653407,121.971,0.476967,0.684535,0.665485,0.596153,1076
T-B3-C,83,5,1000,300000,0.455994,0.591468,99.6262,0.44945,0.627933,0.615786,0.560238,1076
T-B3-C,83,5,3000,30000,0.395269,0.555149,117.574,0.431575,0.627451,0.560099,0.406272,1076
T-B3-C,83,5,3000,300000,0.367944,0.503733,99.8577,0.400845,0.573453,0.518104,0.384459,1076
T-B3-C,83,5,8000,30000,0.318497,0.455744,100.93,0.398549,0.554808,0.443262,0.247679,1076
T-B3-C,83,5,8000,300000,0.297892,0.416708,87.3759,0.369985,0.509839,0.413473,0.238907,1076
T-B3-D,83,3,1000,30000,0.648745,0.653407,3.42835,0.901702,0.866403,0.77901,0.595287,1076
T-B3-D,83,3,1000,300000,0.587803,0.591468,2.69487,0.799051,0.776016,0.71099,0.559452,1076
T-B3-D,83,3,3000,30000,0.551236,0.555149,2.87771,0.848663,0.790864,0.652194,0.40519,1076
T-B3-D,83,3,3000,300000,0.500476,0.503733,2.39543,0.756943,0.712614,0.598553,0.383462,1076
T-B3-D,83,3,8000,30000,0.452656,0.455744,2.27072,0.761617,0.688662,0.508844,0.246367,1076
T-B3-D,83,3,8000,300000,0.414078,0.416708,1.93447,0.685688,0.626191,0.47203,0.237685,1076
T-B3-D,83,4,1000,30000,0.61037,0.653407,31.649,0.829177,0.806178,0.734396,0.590219,1076
T-B3-D,83,4,1000,300000,0.557333,0.591468,25.1028,0.742164,0.727795,0.673956,0.555055,1076
T-B3-D,83,4,3000,30000,0.518337,0.555149,27.0711,0.784438,0.739111,0.616866,0.401787,1076
T-B3-D,83,4,3000,300000,0.472943,0.503733,22.6428,0.703641,0.668946,0.567865,0.3804,1076
T-B3-D,83,4,8000,30000,0.426482,0.455744,21.5187,0.708419,0.647165,0.483834,0.244507,1076
T-B3-D,83,4,8000,300000,0.391683,0.416708,18.4029,0.640491,0.590384,0.449797,0.235966,1076
T-B3-D,83,4.5,1000,30000,0.538413,0.653407,84.5648,0.696212,0.691718,0.646121,0.579511,1076
T-B3-D,83,4.5,1000,300000,0.498715,0.591468,68.2098,0.634968,0.634114,0.599545,0.545691,1076
T-B3-D,83,4.5,3000,30000,0.453275,0.555149,74.9175,0.659422,0.635407,0.54375,0.39439,1076
T-B3-D,83,4.5,3000,300000,0.417714,0.503733,63.2575,0.598319,0.580411,0.503854,0.373721,1076
T-B3-D,83,4.5,8000,30000,0.373561,0.455744,60.4362,0.602207,0.56209,0.43092,0.240408,1076
T-B3-D,83,4.5,8000,300000,0.345883,0.416708,52.0843,0.549169,0.516292,0.402487,0.232168,1076
T-B3-D,83,5,1000,30000,0.408669,0.653407,179.978,0.467811,0.481857,0.471251,0.555152,1076
T-B3-D,83,5,1000,300000,0.388028,0.591468,149.608,0.441451,0.455,0.447451,0.52401,1076
T-B3-D,83,5,3000,30000,0.324829,0.555149,169.375,0.421622,0.426147,0.385774,0.376533,1076
T-B3-D,83,5,3000,300000,0.305642,0.503733,145.674,0.392044,0.39742,0.363192,0.357454,1076
T-B3-D,83,5,8000,30000,0.264265,0.455744,140.811,0.389421,0.381851,0.310853,0.230201,1076
T-B3-D,83,5,8000,300000,0.249132,0.416708,123.234,0.361822,0.356273,0.293759,0.222653,1076
T-B3-C,84,3,1000,30000,0.650338,0.653407,2.25672,0.902227,0.871558,0.782878,0.595878,1166
T-B3-C,84,3,1000,300000,0.589104,0.591468,1.73827,0.799462,0.780111,0.714181,0.559963,1166
T-B3-C,84,3,3000,30000,0.552503,0.555149,1.94583,0.849116,0.795203,0.655211,0.405588,1166
T-B3-C,84,3,3000,300000,0.501563,0.503733,1.59632,0.757319,0.71626,0.601166,0.38382,1166
T-B3-C,84,3,8000,30000,0.453584,0.455744,1.58807,0.761987,0.69211,0.510971,0.246591,1166
T-B3-C,84,3,8000,300000,0.414891,0.416708,1.33619,0.686003,0.629156,0.473916,0.237891,1166
T-B3-C,84,4,1000,30000,0.625104,0.653407,20.8138,0.833677,0.853014,0.77021,0.595903,1166
T-B3-C,84,4,1000,300000,0.569456,0.591468,16.1873,0.745741,0.765366,0.703702,0.559988,1166
T-B3-C,84,4,3000,30000,0.530271,0.555149,18.2953,0.788468,0.779473,0.64535,0.40565,1166
T-B3-C,84,4,3000,300000,0.483218,0.503733,15.0866,0.707014,0.703036,0.592611,0.383878,1166
T-B3-C,84,4,8000,30000,0.435287,0.455744,15.044,0.711763,0.679542,0.504088,0.246689,1166
T-B3-C,84,4,8000,300000,0.399425,0.416708,12.7098,0.643353,0.618345,0.467802,0.237983,1166
T-B3-C,84,4.5,1000,30000,0.577766,0.653407,55.6253,0.706438,0.811967,0.741666,0.595963,1166
T-B3-C,84,4.5,1000,300000,0.53159,0.591468,44.0337,0.643361,0.732459,0.679966,0.560049,1166
T-B3-C,84,4.5,3000,30000,0.486291,0.555149,50.638,0.669252,0.743951,0.622772,0.4058,1166
T-B3-C,84,4.5,3000,300000,0.44638,0.503733,42.1772,0.606693,0.673045,0.572974,0.384017,1166
T-B3-C,84,4.5,8000,30000,0.398283,0.455744,42.2561,0.610622,0.650933,0.48821,0.246925,1166
T-B3-C,84,4.5,8000,300000,0.367768,0.416708,35.9898,0.556471,0.593649,0.453672,0.238203,1166
T-B3-C,84,5,1000,30000,0.490625,0.653407,119.708,0.482464,0.7075,0.665656,0.596154,1166
T-B3-C,84,5,1000,300000,0.458586,0.591468,97.7201,0.454223,0.647032,0.61593,0.560239,1166
T-B3-C,84,5,3000,30000,0.398283,0.555149,115.358,0.4375,0.649127,0.560241,0.406272,1166
T-B3-C,84,5,3000,300000,0.37056,0.503733,97.9345,0.406064,0.592122,0.518229,0.384459,1166
T-B3-C,84,5,8000,30000,0.321085,0.455744,99.0268,0.403953,0.572974,0.443365,0.247679,1166
T-B3-C,84,5,8000,300000,0.300176,0.416708,85.6965,0.374803,0.525771,0.413566,0.238908,1166
T-B3-D,84,3,1000,30000,0.648863,0.653407,3.34146,0.901808,0.86672,0.779278,0.595338,1166
T-B3-D,84,3,1000,300000,0.5879,0.591468,2.62404,0.799134,0.776268,0.71121,0.559496,1166
T-B3-D,84,3,3000,30000,0.55133,0.555149,2.80841,0.848754,0.791131,0.652402,0.405225,1166
T-B3-D,84,3,3000,300000,0.500557,0.503733,2.3361,0.757019,0.712838,0.598733,0.383493,1166
T-B3-D,84,3,8000,30000,0.452725,0.455744,2.2198,0.761692,0.688875,0.508991,0.246386,1166
T-B3-D,84,3,8000,300000,0.414138,0.416708,1.88994,0.685751,0.626374,0.472161,0.237703,1166
T-B3-D,84,4,1000,30000,0.61141,0.653407,30.8835,0.830072,0.808917,0.736769,0.590693,1166
T-B3-D,84,4,1000,300000,0.558192,0.591468,24.471,0.742874,0.730004,0.675936,0.555467,1166
T-B3-D,84,4,3000,30000,0.519192,0.555149,26.4422,0.785244,0.741505,0.618776,0.402112,1166
T-B3-D,84,4,3000,300000,0.47368,0.503733,22.101,0.704314,0.670974,0.569528,0.380693,1166
T-B3-D,84,4,8000,30000,0.427118,0.455744,21.0512,0.709089,0.649098,0.485198,0.244691,1166
T-B3-D,84,4,8000,300000,0.392242,0.416708,17.9919,0.641064,0.592057,0.451012,0.236136,1166
T-B3-D,84,4.5,1000,30000,0.54092,0.653407,82.7213,0.698192,0.698048,0.651906,0.580774,1166
T-B3-D,84,4.5,1000,300000,0.500834,0.591468,66.6514,0.636595,0.639367,0.604468,0.546802,1166
T-B3-D,84,4.5,3000,30000,0.455453,0.555149,73.3153,0.661345,0.641329,0.548682,0.39529,1166
T-B3-D,84,4.5,3000,300000,0.419617,0.503733,61.8586,0.599957,0.585504,0.508193,0.374536,1166
T-B3-D,84,4.5,8000,30000,0.375221,0.455744,59.2156,0.603862,0.567019,0.434549,0.24093,1166
T-B3-D,84,4.5,8000,300000,0.347358,0.416708,50.9996,0.550605,0.52061,0.405743,0.232653,1166
T-B3-D,84,5,1000,30000,0.412736,0.653407,176.987,0.470516,0.49122,0.480728,0.55767,1166
T-B3-D,84,5,1000,300000,0.391626,0.591468,146.962,0.443816,0.463206,0.455861,0.52628,1166
T-B3-D,84,5,3000,30000,0.328729,0.555149,166.507,0.424586,0.435993,0.394786,0.378481,1166
T-B3-D,84,5,3000,300000,0.30914,0.503733,143.102,0.394665,0.406165,0.371306,0.35924,1166
T-B3-D,84,5,8000,30000,0.267403,0.455744,138.504,0.392156,0.390609,0.317948,0.231393,1166
T-B3-D,84,5,8000,300000,0.251981,0.416708,121.138,0.364268,0.364144,0.300236,0.223769,1166
T-B3-C,85,3,1000,30000,0.650345,0.653407,2.25165,0.90225,0.871592,0.782878,0.595878,3899
T-B3-C,85,3,1000,300000,0.58911,0.591468,1.73429,0.79948,0.780138,0.714181,0.559963,3899
T-B3-C,85,3,3000,30000,0.552509,0.555149,1.9415,0.849136,0.795232,0.655211,0.405588,3899
T-B3-C,85,3,3000,300000,0.501567,0.503733,1.59271,0.757335,0.716284,0.601166,0.38382,3899
T-B3-C,85,3,8000,30000,0.453589,0.455744,1.58457,0.762004,0.692132,0.510971,0.246591,3899
T-B3-C,85,3,8000,300000,0.414895,0.416708,1.33321,0.686016,0.629176,0.473916,0.237891,3899
T-B3-C,85,4,1000,30000,0.625166,0.653407,20.7681,0.833875,0.853335,0.770211,0.595903,3899
T-B3-C,85,4,1000,300000,0.569505,0.591468,16.151,0.745898,0.765622,0.703703,0.559988,3899
T-B3-C,85,4,3000,30000,0.530325,0.555149,18.2553,0.788645,0.779748,0.645351,0.40565,3899
T-B3-C,85,4,3000,300000,0.483264,0.503733,15.0531,0.707162,0.703267,0.592612,0.383878,3899
T-B3-C,85,4,8000,30000,0.435331,0.455744,15.0114,0.71191,0.679762,0.504088,0.246689,3899
T-B3-C,85,4,8000,300000,0.399463,0.416708,12.6818,0.643479,0.618534,0.467803,0.237983,3899
T-B3-C,85,4.5,1000,30000,0.577924,0.653407,55.5089,0.706895,0.812869,0.741669,0.595963,3899
T-B3-C,85,4.5,1000,300000,0.531718,0.591468,43.9392,0.643735,0.733186,0.679968,0.560049,3899
T-B3-C,85,4.5,3000,30000,0.486435,0.555149,50.5314,0.669689,0.744744,0.622774,0.4058,3899
T-B3-C,85,4.5,3000,300000,0.446503,0.503733,42.0868,0.607065,0.673717,0.572975,0.384017,3899
T-B3-C,85,4.5,8000,30000,0.398403,0.455744,42.1674,0.610996,0.651577,0.488211,0.246925,3899
T-B3-C,85,4.5,8000,300000,0.367873,0.416708,35.913,0.556795,0.594206,0.453674,0.238203,3899
T-B3-C,85,5,1000,30000,0.490926,0.653407,119.487,0.483142,0.709559,0.665663,0.596154,3899
T-B3-C,85,5,1000,300000,0.45884,0.591468,97.5334,0.454811,0.648741,0.615937,0.560239,3899
T-B3-C,85,5,3000,30000,0.398581,0.555149,115.139,0.438229,0.651062,0.560247,0.406272,3899
T-B3-C,85,5,3000,300000,0.370818,0.503733,97.7445,0.406706,0.593787,0.518234,0.384459,3899
T-B3-C,85,5,8000,30000,0.321342,0.455744,98.8374,0.404617,0.574593,0.443369,0.247679,3899
T-B3-C,85,5,8000,300000,0.300403,0.416708,85.5294,0.375395,0.52719,0.41357,0.238908,3899
T-B3-D,85,3,1000,30000,0.648892,0.653407,3.3197,0.901828,0.866802,0.779348,0.595351,3899
T-B3-D,85,3,1000,300000,0.587924,0.591468,2.60627,0.799149,0.776332,0.711269,0.559507,3899
T-B3-D,85,3,3000,30000,0.551354,0.555149,2.79112,0.848771,0.7912,0.652457,0.405234,3899
T-B3-D,85,3,3000,300000,0.500577,0.503733,2.32127,0.757033,0.712896,0.598781,0.383501,3899
T-B3-D,85,3,8000,30000,0.452742,0.455744,2.20716,0.761706,0.688929,0.50903,0.246391,3899
T-B3-D,85,3,8000,300000,0.414153,0.416708,1.87886,0.685763,0.626421,0.472195,0.237707,3899
T-B3-D,85,4,1000,30000,0.611673,0.653407,30.6907,0.83024,0.809624,0.737399,0.590814,3899
T-B3-D,85,4,1000,300000,0.558408,0.591468,24.3116,0.743008,0.730574,0.676461,0.555573,3899
T-B3-D,85,4,3000,30000,0.519407,0.555149,26.2846,0.785395,0.742123,0.619281,0.402195,3899
T-B3-D,85,4,3000,300000,0.473865,0.503733,21.965,0.704441,0.671497,0.569968,0.380768,3899
T-B3-D,85,4,8000,30000,0.427276,0.455744,20.9347,0.709215,0.649596,0.485559,0.244739,3899
T-B3-D,85,4,8000,300000,0.392382,0.416708,17.8894,0.641172,0.592488,0.451334,0.23618,3899
T-B3-D,85,4.5,1000,30000,0.541559,0.653407,82.2514,0.698566,0.699695,0.653451,0.581102,3899
T-B3-D,85,4.5,1000,300000,0.501374,0.591468,66.2541,0.636902,0.640733,0.605782,0.54709,3899
T-B3-D,85,4.5,3000,30000,0.456005,0.555149,72.9099,0.661707,0.642866,0.549996,0.395523,3899
T-B3-D,85,4.5,3000,300000,0.420098,0.503733,61.5044,0.600266,0.586825,0.509348,0.374747,3899
T-B3-D,85,4.5,8000,30000,0.375638,0.455744,58.9087,0.604173,0.568297,0.435515,0.241065,3899
T-B3-D,85,4.5,8000,300000,0.347729,0.416708,50.7266,0.550875,0.521729,0.406609,0.232778,3899
T-B3-D,85,5,1000,30000,0.413797,0.653407,176.206,0.471032,0.493693,0.483299,0.558337,3899
T-B3-D,85,5,1000,300000,0.392564,0.591468,146.272,0.444267,0.465371,0.458139,0.526879,3899
T-B3-D,85,5,3000,30000,0.329738,0.555149,165.765,0.42515,0.438586,0.397222,0.378995,3899
T-B3-D,85,5,3000,300000,0.310045,0.503733,142.436,0.395164,0.408466,0.373498,0.35971,3899
T-B3-D,85,5,8000,30000,0.268208,0.455744,137.912,0.392675,0.39291,0.319862,0.231706,3899
T-B3-D,85,5,8000,300000,0.252713,0.416708,120.6,0.364732,0.36621,0.301981,0.224062,3899
T-B3-C,86,3,1000,30000,0.650526,0.653407,2.11803,0.902924,0.87237,0.782881,0.595878,80
T-B3-C,86,3,1000,300000,0.589252,0.591468,1.62942,0.800005,0.780754,0.714184,0.559963,80
T-B3-C,86,3,3000,30000,0.552664,0.555149,1.82725,0.849717,0.795888,0.655213,0.405588,80
T-B3-C,86,3,3000,300000,0.501697,0.503733,1.49762,0.757817,0.716835,0.601168,0.38382,80
T-B3-C,86,3,8000,30000,0.453715,0.455744,1.49206,0.76248,0.692656,0.510973,0.246591,80
T-B3-C,86,3,8000,300000,0.415002,0.416708,1.25436,0.68642,0.629626,0.473917,0.237891,80
T-B3-C,86,4,1000,30000,0.626811,0.653407,19.558,0.839734,0.860797,0.770242,0.595903,80
T-B3-C,86,4,1000,300000,0.570811,0.591468,15.1906,0.750537,0.771562,0.703729,0.559989,80
T-B3-C,86,4,3000,30000,0.531766,0.555149,17.196,0.793877,0.786109,0.645375,0.405651,80
T-B3-C,86,4,3000,300000,0.48447,0.503733,14.1661,0.711529,0.708616,0.592633,0.383878,80
T-B3-C,86,4,8000,30000,0.436508,0.455744,14.1458,0.716251,0.684862,0.504106,0.246689,80
T-B3-C,86,4,8000,300000,0.400471,0.416708,11.9405,0.647185,0.622922,0.467818,0.237983,80
T-B3-C,86,4.5,1000,30000,0.582155,0.653407,52.3978,0.720652,0.834292,0.741761,0.595964,80
T-B3-C,86,4.5,1000,300000,0.535145,0.591468,41.419,0.654952,0.750407,0.680044,0.560049,80
T-B3-C,86,4.5,3000,30000,0.490301,0.555149,47.6884,0.682787,0.763437,0.622847,0.4058,80
T-B3-C,86,4.5,3000,300000,0.449777,0.503733,39.6787,0.618177,0.689515,0.573039,0.384018,80
T-B3-C,86,4.5,8000,30000,0.40162,0.455744,39.8018,0.622167,0.666703,0.488263,0.246925,80
T-B3-C,86,4.5,8000,300000,0.370654,0.416708,33.8679,0.566457,0.607273,0.45372,0.238203,80
T-B3-C,86,5,1000,30000,0.499192,0.653407,113.408,0.504378,0.761177,0.665906,0.596155,80
T-B3-C,86,5,1000,300000,0.465786,0.591468,92.4254,0.473126,0.691265,0.616141,0.560239,80
T-B3-C,86,5,3000,30000,0.4067,0.555149,109.168,0.460841,0.698789,0.560449,0.406273,80
T-B3-C,86,5,3000,300000,0.37785,0.503733,92.5729,0.426541,0.634668,0.51841,0.38446,80
T-B3-C,86,5,8000,30000,0.32835,0.455744,93.6842,0.425099,0.614217,0.443516,0.24768,80
T-B3-C,86,5,8000,300000,0.306575,0.416708,80.9909,0.393594,0.561787,0.413701,0.238908,80
T-B3-D,86,3,1000,30000,0.649454,0.653407,2.90654,0.902382,0.868491,0.780536,0.595551,80
T-B3-D,86,3,1000,300000,0.58838,0.591468,2.2706,0.799581,0.777675,0.712249,0.55968,80
T-B3-D,86,3,3000,30000,0.551805,0.555149,2.45928,0.84925,0.792624,0.653384,0.405368,80
T-B3-D,86,3,3000,300000,0.500962,0.503733,2.03792,0.75743,0.714093,0.599584,0.383622,80
T-B3-D,86,3,8000,30000,0.453077,0.455744,1.96071,0.762098,0.690063,0.509684,0.246467,80
T-B3-D,86,3,8000,300000,0.414446,0.416708,1.66384,0.686096,0.627396,0.472775,0.237777,80
T-B3-D,86,4,1000,30000,0.616703,0.653407,26.9911,0.834968,0.824542,0.748135,0.592701,80
T-B3-D,86,4,1000,300000,0.562542,0.591468,21.2721,0.746759,0.742576,0.685399,0.557212,80
T-B3-D,86,4,3000,30000,0.523552,0.555149,23.2362,0.78964,0.755089,0.627875,0.403484,80
T-B3-D,86,4,3000,300000,0.477426,0.503733,19.3464,0.707988,0.682464,0.577443,0.381929,80
T-B3-D,86,4,8000,30000,0.430386,0.455744,18.6479,0.712745,0.660043,0.491688,0.245468,80
T-B3-D,86,4,8000,300000,0.395108,0.416708,15.8845,0.644188,0.601519,0.456787,0.236855,80
T-B3-D,86,4.5,1000,30000,0.554088,0.653407,73.0381,0.709241,0.735673,0.680605,0.586337,80
T-B3-D,86,4.5,1000,300000,0.511895,0.591468,58.5172,0.645654,0.670414,0.62879,0.551677,80
T-B3-D,86,4.5,3000,30000,0.466854,0.555149,64.9317,0.672006,0.676073,0.572871,0.399207,80
T-B3-D,86,4.5,3000,300000,0.42953,0.503733,54.5682,0.609029,0.615293,0.529425,0.378078,80
T-B3-D,86,4.5,8000,30000,0.383949,0.455744,52.7971,0.613011,0.595765,0.452246,0.243185,80
T-B3-D,86,4.5,8000,300000,0.355087,0.416708,45.3159,0.558536,0.545728,0.421595,0.234744,80
T-B3-D,86,5,1000,30000,0.435691,0.653407,160.106,0.48619,0.551573,0.531427,0.569842,80
T-B3-D,86,5,1000,300000,0.41176,0.591468,132.156,0.457473,0.515612,0.500512,0.537164,80
T-B3-D,86,5,3000,30000,0.35051,0.555149,150.49,0.441618,0.49836,0.442172,0.387678,80
T-B3-D,86,5,3000,300000,0.328571,0.503733,128.813,0.409697,0.461241,0.413782,0.367639,80
T-B3-D,86,5,8000,30000,0.284889,0.455744,125.645,0.407784,0.445426,0.354803,0.236929,80
T-B3-D,86,5,8000,300000,0.267792,0.416708,109.511,0.378221,0.413184,0.33377,0.228936,80
T-B3-C,87,3,1000,30000,0.650122,0.653407,2.4152,0.901724,0.870146,0.782869,0.595878,1199
T-B3-C,87,3,1000,300000,0.588934,0.591468,1.86333,0.799069,0.778991,0.714173,0.559963,1199
T-B3-C,87,3,3000,30000,0.55232,0.555149,2.08045,0.848681,0.794012,0.655204,0.405588,1199
T-B3-C,87,3,3000,300000,0.501409,0.503733,1.70888,0.756959,0.71526,0.601159,0.38382,1199
T-B3-C,87,3,8000,30000,0.453437,0.455744,1.69615,0.761632,0.69116,0.510966,0.246591,1199
T-B3-C,87,3,8000,300000,0.414765,0.416708,1.4287,0.685701,0.62834,0.473911,0.237891,1199
T-B3-C,87,4,1000,30000,0.62315,0.653407,22.2503,0.829364,0.839791,0.770121,0.595903,1199
T-B3-C,87,4,1000,300000,0.567898,0.591468,17.3329,0.742317,0.754808,0.703628,0.559988,1199
T-B3-C,87,4,3000,30000,0.528572,0.555149,19.5446,0.784604,0.768137,0.64528,0.40565,1199
T-B3-C,87,4,3000,300000,0.48179,0.503733,16.137,0.703782,0.693488,0.59255,0.383878,1199
T-B3-C,87,4,8000,30000,0.43391,0.455744,16.0561,0.708556,0.670443,0.504038,0.246689,1199
T-B3-C,87,4,8000,300000,0.398242,0.416708,13.5799,0.64061,0.610506,0.467758,0.237983,1199
T-B3-C,87,4.5,1000,30000,0.572743,0.653407,59.3189,0.696635,0.775881,0.7414,0.595963,1199
T-B3-C,87,4.5,1000,300000,0.527504,0.591468,47.0383,0.635324,0.703231,0.679745,0.560048,1199
T-B3-C,87,4.5,3000,30000,0.481728,0.555149,53.9932,0.659824,0.711947,0.62256,0.405799,1199
T-B3-C,87,4.5,3000,300000,0.442501,0.503733,45.0293,0.598668,0.645884,0.572789,0.384017,1199
T-B3-C,87,4.5,8000,30000,0.394519,0.455744,45.0239,0.602552,0.624878,0.488059,0.246925,1199
T-B3-C,87,4.5,8000,300000,0.364503,0.416708,38.391,0.549473,0.571067,0.453538,0.238203,1199
T-B3-C,87,5,1000,30000,0.480882,0.653407,126.873,0.468395,0.630284,0.664952,0.596151,1199
T-B3-C,87,5,1000,300000,0.450367,0.591468,103.764,0.441976,0.582413,0.615338,0.560236,1199
T-B3-C,87,5,3000,30000,0.388742,0.555149,122.374,0.422253,0.575275,0.559657,0.40627,1199
T-B3-C,87,5,3000,300000,0.362272,0.503733,104.029,0.392615,0.528284,0.517717,0.384458,1199
T-B3-C,87,5,8000,30000,0.312909,0.455744,105.039,0.390004,0.510691,0.44294,0.247678,1199
T-B3-C,87,5,8000,300000,0.292955,0.416708,91.0072,0.362352,0.470987,0.413186,0.238907,1199
T-B3-D,87,3,1000,30000,0.648496,0.653407,3.61084,0.901528,0.865802,0.778401,0.595158,1199
T-B3-D,87,3,1000,300000,0.5876,0.591468,2.84429,0.798915,0.775538,0.710487,0.55934,1199
T-B3-D,87,3,3000,30000,0.55104,0.555149,3.02193,0.848512,0.790356,0.651718,0.405104,1199
T-B3-D,87,3,3000,300000,0.500307,0.503733,2.51934,0.756818,0.712187,0.598141,0.383384,1199
T-B3-D,87,3,8000,30000,0.452514,0.455744,2.37518,0.761494,0.688258,0.508509,0.246318,1199
T-B3-D,87,3,8000,300000,0.413953,0.416708,2.02615,0.685583,0.625843,0.471733,0.23764,1199
T-B3-D,87,4,1000,30000,0.608197,0.653407,33.247,0.827711,0.801029,0.729042,0.589041,1199
T-B3-D,87,4,1000,300000,0.555531,0.591468,26.4277,0.741,0.723638,0.669487,0.554029,1199
T-B3-D,87,4,3000,30000,0.516566,0.555149,28.3739,0.783117,0.7346,0.612551,0.400976,1199
T-B3-D,87,4,3000,300000,0.471411,0.503733,23.7695,0.702536,0.665124,0.564106,0.379669,1199
T-B3-D,87,4,8000,30000,0.425182,0.455744,22.4744,0.707319,0.643519,0.480747,0.244046,1199
T-B3-D,87,4,8000,300000,0.390537,0.416708,19.2461,0.639551,0.587228,0.447048,0.235539,1199
T-B3-D,87,4.5,1000,30000,0.533247,0.653407,88.3643,0.692989,0.680017,0.633325,0.576444,1199
T-B3-D,87,4.5,1000,300000,0.494327,0.591468,71.4365,0.632318,0.624382,0.588629,0.542989,1199
T-B3-D,87,4.5,3000,30000,0.448805,0.555149,78.2041,0.656284,0.624404,0.532775,0.392187,1199
T-B3-D,87,4.5,3000,300000,0.413799,0.503733,66.1369,0.595645,0.570935,0.494188,0.371724,1199
T-B3-D,87,4.5,8000,30000,0.370195,0.455744,62.9117,0.599507,0.552911,0.422821,0.239125,1199
T-B3-D,87,4.5,8000,300000,0.342881,0.416708,54.2916,0.546825,0.508243,0.395213,0.230977,1199
T-B3-D,87,5,1000,30000,0.400531,0.653407,185.962,0.463478,0.465093,0.451079,0.549372,1199
T-B3-D,87,5,1000,300000,0.380794,0.591468,154.927,0.437661,0.440255,0.429481,0.518779,1199
T-B3-D,87,5,3000,30000,0.31704,0.555149,175.103,0.416854,0.40841,0.366441,0.372006,1199
T-B3-D,87,5,3000,300000,0.298634,0.503733,150.828,0.387827,0.381632,0.345747,0.353293,1199
T-B3-D,87,5,8000,30000,0.258043,0.455744,145.387,0.385014,0.366007,0.295544,0.227405,1199
T-B3-D,87,5,8000,300000,0.243463,0.416708,127.403,0.357879,0.342009,0.279759,0.220032,1199
T-B3-C,88,3,1000,30000,0.650459,0.653407,2.16769,0.902659,0.872109,0.78288,0.595878,138
T-B3-C,88,3,1000,300000,0.589199,0.591468,1.66836,0.799799,0.780548,0.714182,0.559963,138
T-B3-C,88,3,3000,30000,0.552607,0.555149,1.86976,0.849489,0.795668,0.655212,0.405588,138
T-B3-C,88,3,3000,300000,0.501649,0.503733,1.53297,0.757628,0.71665,0.601167,0.38382,138
T-B3-C,88,3,8000,30000,0.453668,0.455744,1.52652,0.762293,0.692481,0.510972,0.246591,138
T-B3-C,88,3,8000,300000,0.414963,0.416708,1.2837,0.686262,0.629475,0.473917,0.237891,138
T-B3-C,88,4,1000,30000,0.626199,0.653407,20.0084,0.837424,0.858279,0.770229,0.595903,138
T-B3-C,88,4,1000,300000,0.570326,0.591468,15.5477,0.748709,0.769559,0.703718,0.559988,138
T-B3-C,88,4,3000,30000,0.531229,0.555149,17.5905,0.791815,0.783966,0.645365,0.405651,138
T-B3-C,88,4,3000,300000,0.484021,0.503733,14.4962,0.709809,0.706815,0.592624,0.383878,138
T-B3-C,88,4,8000,30000,0.436069,0.455744,14.4685,0.714541,0.683145,0.504098,0.246689,138
T-B3-C,88,4,8000,300000,0.400096,0.416708,12.2166,0.645725,0.621445,0.467812,0.237983,138
T-B3-C,88,4.5,1000,30000,0.580574,0.653407,53.5601,0.715178,0.826959,0.741722,0.595964,138
T-B3-C,88,4.5,1000,300000,0.533867,0.591468,42.3592,0.650496,0.744524,0.680012,0.560049,138
T-B3-C,88,4.5,3000,30000,0.488858,0.555149,48.75,0.677589,0.75707,0.622816,0.4058,138
T-B3-C,88,4.5,3000,300000,0.448556,0.503733,40.577,0.613771,0.684139,0.573012,0.384018,138
T-B3-C,88,4.5,8000,30000,0.400418,0.455744,40.6857,0.617739,0.661561,0.488241,0.246925,138
T-B3-C,88,4.5,8000,300000,0.369616,0.416708,34.6314,0.56263,0.602834,0.4537,0.238203,138
T-B3-C,88,5,1000,30000,0.496067,0.653407,115.706,0.495753,0.742891,0.665804,0.596155,138
T-B3-C,88,5,1000,300000,0.463165,0.591468,94.3526,0.465708,0.676269,0.616055,0.560239,138
T-B3-C,88,5,3000,30000,0.40364,0.555149,111.419,0.451703,0.682056,0.560364,0.406273,138
T-B3-C,88,5,3000,300000,0.375203,0.503733,94.5196,0.418539,0.620372,0.518336,0.384459,138
T-B3-C,88,5,8000,30000,0.325711,0.455744,95.625,0.416846,0.600393,0.443454,0.24768,138
T-B3-C,88,5,8000,300000,0.304253,0.416708,82.6982,0.38627,0.549742,0.413646,0.238908,138
T-B3-D,88,3,1000,30000,0.648931,0.653407,3.29138,0.901982,0.866887,0.779366,0.595354,138
T-B3-D,88,3,1000,300000,0.587954,0.591468,2.584,0.799269,0.7764,0.711283,0.55951,138
T-B3-D,88,3,3000,30000,0.551387,0.555149,2.76705,0.848905,0.791272,0.652471,0.405236,138
T-B3-D,88,3,3000,300000,0.500604,0.503733,2.30122,0.757143,0.712957,0.598793,0.383503,138
T-B3-D,88,3,8000,30000,0.452769,0.455744,2.18789,0.761816,0.688987,0.50904,0.246393,138
T-B3-D,88,3,8000,300000,0.414176,0.416708,1.86243,0.685856,0.62647,0.472203,0.237708,138
T-B3-D,88,4,1000,30000,0.612002,0.653407,30.4484,0.831543,0.810366,0.737554,0.590844,138
T-B3-D,88,4,1000,300000,0.558672,0.591468,24.1179,0.744041,0.731172,0.67659,0.555598,138
T-B3-D,88,4,3000,30000,0.519697,0.555149,26.0709,0.78657,0.742772,0.619406,0.402215,138
T-B3-D,88,4,3000,300000,0.474109,0.503733,21.7853,0.705421,0.672046,0.570076,0.380786,138
T-B3-D,88,4,8000,30000,0.427512,0.455744,20.7611,0.710194,0.650122,0.485648,0.24475,138
T-B3-D,88,4,8000,300000,0.392585,0.416708,17.7402,0.642008,0.592943,0.451413,0.236191,138
T-B3-D,88,4.5,1000,30000,0.542308,0.653407,81.7008,0.701455,0.701425,0.653833,0.58118,138
T-B3-D,88,4.5,1000,300000,0.501992,0.591468,65.7995,0.639272,0.642165,0.606106,0.547159,138
T-B3-D,88,4.5,3000,30000,0.456712,0.555149,72.3895,0.664516,0.644484,0.55032,0.395579,138
T-B3-D,88,4.5,3000,300000,0.420704,0.503733,61.0592,0.602656,0.588215,0.509634,0.374798,138
T-B3-D,88,4.5,8000,30000,0.376231,0.455744,58.4731,0.606593,0.569647,0.435753,0.241097,138
T-B3-D,88,4.5,8000,300000,0.348245,0.416708,50.3472,0.552972,0.522909,0.406823,0.232808,138
T-B3-D,88,5,1000,30000,0.414878,0.653407,175.411,0.474995,0.496294,0.483937,0.558498,138
T-B3-D,88,5,1000,300000,0.39351,0.591468,145.576,0.447728,0.467645,0.458704,0.527025,138
T-B3-D,88,5,3000,30000,0.330882,0.555149,164.924,0.429495,0.44132,0.397827,0.379119,138
T-B3-D,88,5,3000,300000,0.311058,0.503733,141.692,0.399003,0.41089,0.374042,0.359824,138
T-B3-D,88,5,8000,30000,0.269228,0.455744,137.162,0.396687,0.395343,0.320336,0.231782,138
T-B3-D,88,5,8000,300000,0.253627,0.416708,119.929,0.368317,0.368393,0.302414,0.224132,138
T-B3-C,89,3,1000,30000,0.650347,0.653407,2.24972,0.902272,0.871587,0.782877,0.595878,3230
T-B3-C,89,3,1000,300000,0.589112,0.591468,1.73281,0.799497,0.780134,0.71418,0.559963,3230
T-B3-C,89,3,3000,30000,0.552511,0.555149,1.9398,0.849155,0.795227,0.65521,0.405588,3230
T-B3-C,89,3,3000,300000,0.501569,0.503733,1.59132,0.757351,0.716281,0.601165,0.38382,3230
T-B3-C,89,3,8000,30000,0.453591,0.455744,1.58315,0.762019,0.692129,0.51097,0.246591,3230
T-B3-C,89,3,8000,300000,0.414897,0.416708,1.33202,0.68603,0.629173,0.473916,0.237891,3230
T-B3-C,89,4,1000,30000,0.625187,0.653407,20.7523,0.834065,0.853284,0.770204,0.595903,3230
T-B3-C,89,4,1000,300000,0.569522,0.591468,16.1386,0.746049,0.765581,0.703697,0.559988,3230
T-B3-C,89,4,3000,30000,0.530345,0.555149,18.2407,0.788815,0.779705,0.645345,0.40565,3230
T-B3-C,89,4,3000,300000,0.48328,0.503733,15.041,0.707304,0.703231,0.592607,0.383878,3230
T-B3-C,89,4,8000,30000,0.435348,0.455744,14.9989,0.712052,0.67973,0.504084,0.246689,3230
T-B3-C,89,4,8000,300000,0.399478,0.416708,12.6712,0.6436,0.618506,0.467799,0.237983,3230
T-B3-C,89,4.5,1000,30000,0.577967,0.653407,55.4778,0.707331,0.812713,0.741647,0.595963,3230
T-B3-C,89,4.5,1000,300000,0.531753,0.591468,43.9136,0.644091,0.733062,0.679949,0.560048,3230
T-B3-C,89,4.5,3000,30000,0.48648,0.555149,50.4989,0.670107,0.744614,0.622756,0.4058,3230
T-B3-C,89,4.5,3000,300000,0.44654,0.503733,42.0592,0.60742,0.673606,0.57296,0.384017,3230
T-B3-C,89,4.5,8000,30000,0.398443,0.455744,42.1381,0.611354,0.651474,0.488199,0.246925,3230
T-B3-C,89,4.5,8000,300000,0.367907,0.416708,35.8877,0.557105,0.594117,0.453662,0.238203,3230
T-B3-C,89,5,1000,30000,0.49095,0.653407,119.469,0.483781,0.709124,0.665605,0.596154,3230
T-B3-C,89,5,1000,300000,0.458865,0.591468,97.5151,0.455365,0.648387,0.615888,0.560238,3230
T-B3-C,89,5,3000,30000,0.398625,0.555149,115.106,0.438918,0.650683,0.560199,0.406272,3230
T-B3-C,89,5,3000,300000,0.370858,0.503733,97.7148,0.407312,0.593464,0.518192,0.384459,3230
T-B3-C,89,5,8000,30000,0.321392,0.455744,98.8011,0.405246,0.574291,0.443334,0.247679,3230
T-B3-C,89,5,8000,300000,0.300448,0.416708,85.4965,0.375955,0.526927,0.413538,0.238907,3230
T-B3-D,89,3,1000,30000,0.648777,0.653407,3.40455,0.901787,0.866481,0.779051,0.595295,3230
T-B3-D,89,3,1000,300000,0.587829,0.591468,2.67586,0.799117,0.776077,0.711023,0.559458,3230
T-B3-D,89,3,3000,30000,0.551263,0.555149,2.85804,0.848736,0.790929,0.652225,0.405196,3230
T-B3-D,89,3,3000,300000,0.500498,0.503733,2.37885,0.757004,0.712669,0.59858,0.383467,3230
T-B3-D,89,3,8000,30000,0.452677,0.455744,2.25554,0.761677,0.688714,0.508867,0.24637,3230
T-B3-D,89,3,8000,300000,0.414095,0.416708,1.92139,0.685739,0.626236,0.47205,0.237688,3230
T-B3-D,89,4,1000,30000,0.610649,0.653407,31.4435,0.829895,0.806846,0.734753,0.590292,3230
T-B3-D,89,4,1000,300000,0.557559,0.591468,24.9361,0.742733,0.728334,0.674255,0.555118,3230
T-B3-D,89,4,3000,30000,0.518576,0.555149,26.8953,0.785086,0.739696,0.617154,0.401837,3230
T-B3-D,89,4,3000,300000,0.473146,0.503733,22.4935,0.704181,0.669442,0.568116,0.380445,3230
T-B3-D,89,4,8000,30000,0.426669,0.455744,21.3812,0.708958,0.647638,0.484039,0.244535,3230
T-B3-D,89,4,8000,300000,0.391846,0.416708,18.2837,0.640952,0.590794,0.449981,0.235992,3230
T-B3-D,89,4.5,1000,30000,0.53906,0.653407,84.0891,0.697792,0.693253,0.646988,0.579703,3230
T-B3-D,89,4.5,1000,300000,0.499255,0.591468,67.8125,0.636265,0.635388,0.600283,0.545861,3230
T-B3-D,89,4.5,3000,30000,0.453865,0.555149,74.4835,0.660961,0.636847,0.54449,0.394527,3230
T-B3-D,89,4.5,3000,300000,0.418224,0.503733,62.8827,0.599629,0.58165,0.504505,0.373845,3230
T-B3-D,89,4.5,8000,30000,0.374035,0.455744,60.0875,0.603534,0.563292,0.431465,0.240488,3230
T-B3-D,89,4.5,8000,300000,0.346299,0.416708,51.7778,0.550319,0.517345,0.402976,0.232242,3230
T-B3-D,89,5,1000,30000,0.409638,0.653407,179.265,0.469952,0.484103,0.472657,0.555531,3230
T-B3-D,89,5,1000,300000,0.388881,0.591468,148.98,0.443322,0.456971,0.4487,0.524352,3230
T-B3-D,89,5,3000,30000,0.325812,0.555149,168.652,0.423976,0.428517,0.387113,0.376827,3230
T-B3-D,89,5,3000,300000,0.306518,0.503733,145.03,0.394125,0.399526,0.364399,0.357723,3230
T-B3-D,89,5,8000,30000,0.265103,0.455744,140.195,0.391598,0.383966,0.31191,0.230382,3230
T-B3-D,89,5,8000,300000,0.249887,0.416708,122.679,0.363768,0.358175,0.294723,0.222822,3230
T-B3-C,90,3,1000,30000,0.650607,0.653407,2.05848,0.903289,0.872586,0.782881,0.595878,3669
T-B3-C,90,3,1000,300000,0.589315,0.591468,1.58293,0.800289,0.780926,0.714184,0.559963,3669
T-B3-C,90,3,3000,30000,0.552734,0.555149,1.77607,0.850033,0.79607,0.655214,0.405588,3669
T-B3-C,90,3,3000,300000,0.501754,0.503733,1.45519,0.758078,0.716988,0.601168,0.38382,3669
T-B3-C,90,3,8000,30000,0.453771,0.455744,1.45038,0.762738,0.692802,0.510973,0.246591,3669
T-B3-C,90,3,8000,300000,0.415051,0.416708,1.21896,0.686639,0.629751,0.473918,0.237891,3669
T-B3-C,90,4,1000,30000,0.627538,0.653407,19.0234,0.842931,0.862895,0.770246,0.595903,3669
T-B3-C,90,4,1000,300000,0.571386,0.591468,14.768,0.753063,0.77323,0.703732,0.559989,3669
T-B3-C,90,4,3000,30000,0.532407,0.555149,16.7247,0.79673,0.787893,0.645378,0.405651,3669
T-B3-C,90,4,3000,300000,0.485005,0.503733,13.7728,0.713907,0.710115,0.592635,0.383878,3669
T-B3-C,90,4,8000,30000,0.437035,0.455744,13.7581,0.718618,0.686291,0.504108,0.246689,3669
T-B3-C,90,4,8000,300000,0.400921,0.416708,11.6095,0.649203,0.624151,0.46782,0.237983,3669
T-B3-C,90,4.5,1000,30000,0.583993,0.653407,51.046,0.728268,0.840484,0.741773,0.595964,3669
T-B3-C,90,4.5,1000,300000,0.536632,0.591468,40.3261,0.661142,0.755364,0.680054,0.560049,3669
T-B3-C,90,4.5,3000,30000,0.491998,0.555149,46.4406,0.690009,0.768792,0.622857,0.4058,3669
T-B3-C,90,4.5,3000,300000,0.451212,0.503733,38.6239,0.624291,0.694031,0.573048,0.384018,3669
T-B3-C,90,4.5,8000,30000,0.403044,0.455744,38.755,0.628321,0.671023,0.48827,0.246925,3669
T-B3-C,90,4.5,8000,300000,0.371882,0.416708,32.9649,0.57177,0.610998,0.453726,0.238203,3669
T-B3-C,90,5,1000,30000,0.502683,0.653407,110.841,0.516569,0.777116,0.665939,0.596155,3669
T-B3-C,90,5,1000,300000,0.468719,0.591468,90.2681,0.483581,0.70428,0.616169,0.560239,3669
T-B3-C,90,5,3000,30000,0.410168,0.555149,106.618,0.473706,0.713241,0.560476,0.406273,3669
T-B3-C,90,5,3000,300000,0.380852,0.503733,90.3654,0.437788,0.646984,0.518434,0.38446,3669
T-B3-C,90,5,8000,30000,0.331372,0.455744,91.4617,0.4367,0.626113,0.443536,0.24768,3669
T-B3-C,90,5,8000,300000,0.309234,0.416708,79.0351,0.403873,0.572132,0.413719,0.238908,3669
T-B3-D,90,3,1000,30000,0.649629,0.653407,2.77825,0.90268,0.869003,0.780823,0.595595,3669
T-B3-D,90,3,1000,300000,0.588521,0.591468,2.16738,0.799813,0.778081,0.712486,0.559718,3669
T-B3-D,90,3,3000,30000,0.551948,0.555149,2.35448,0.849508,0.793056,0.653609,0.405398,3669
T-B3-D,90,3,3000,300000,0.501083,0.503733,1.94911,0.757643,0.714456,0.599778,0.383649,3669
T-B3-D,90,3,8000,30000,0.453186,0.455744,1.88096,0.762309,0.690406,0.509842,0.246484,3669
T-B3-D,90,3,8000,300000,0.41454,0.416708,1.59476,0.686275,0.627691,0.472915,0.237792,3669
T-B3-D,90,4,1000,30000,0.618276,0.653407,25.8346,0.837531,0.829159,0.750776,0.593123,3669
T-B3-D,90,4,1000,300000,0.563822,0.591468,20.3309,0.748788,0.746281,0.687594,0.557578,3669
T-B3-D,90,4,3000,30000,0.524868,0.555149,22.2687,0.791939,0.759081,0.62998,0.403771,3669
T-B3-D,90,4,3000,300000,0.478547,0.503733,18.5215,0.709906,0.685836,0.579272,0.382187,3669
T-B3-D,90,4,8000,30000,0.431396,0.455744,17.905,0.714657,0.663253,0.493185,0.24563,3669
T-B3-D,90,4,8000,300000,0.395987,0.416708,15.2379,0.64582,0.604291,0.458118,0.237004,3669
T-B3-D,90,4.5,1000,30000,0.558066,0.653407,70.1123,0.715119,0.747308,0.687524,0.58755,3669
T-B3-D,90,4.5,1000,300000,0.515204,0.591468,56.0836,0.650458,0.679954,0.634628,0.552736,3669
T-B3-D,90,4.5,3000,30000,0.470337,0.555149,62.3697,0.677654,0.686664,0.578632,0.400051,3669
T-B3-D,90,4.5,3000,300000,0.432537,0.503733,52.3568,0.613825,0.624342,0.53447,0.378839,3669
T-B3-D,90,4.5,8000,30000,0.386674,0.455744,50.7933,0.617851,0.604474,0.456436,0.243668,3669
T-B3-D,90,4.5,8000,300000,0.357482,0.416708,43.5542,0.562724,0.553317,0.425342,0.235191,3669
T-B3-D,90,5,1000,30000,0.442941,0.653407,154.774,0.494801,0.572024,0.544665,0.572757,3669
T-B3-D,90,5,1000,300000,0.418054,0.591468,127.527,0.464942,0.533181,0.512075,0.53975,3669
T-B3-D,90,5,3000,30000,0.357419,0.555149,145.409,0.450918,0.519052,0.454304,0.389824,3669
T-B3-D,90,5,3000,300000,0.33469,0.503733,124.313,0.417881,0.479397,0.424605,0.369592,3669
T-B3-D,90,5,8000,30000,0.290518,0.455744,121.505,0.416285,0.46338,0.364117,0.2382,3669
T-B3-D,90,5,8000,300000,0.272849,0.416708,105.793,0.385792,0.429163,0.342214,0.230119,3669
T-B3-C,91,3,1000,30000,0.650179,0.653407,2.37365,0.901845,0.870543,0.78287,0.595878,3867
T-B3-C,91,3,1000,300000,0.588979,0.591468,1.83053,0.799164,0.779306,0.714174,0.559963,3867
T-B3-C,91,3,3000,30000,0.552368,0.555149,2.04516,0.848786,0.794347,0.655205,0.405588,3867
T-B3-C,91,3,3000,300000,0.50145,0.503733,1.67936,0.757046,0.715542,0.60116,0.38382,3867
T-B3-C,91,3,8000,30000,0.453476,0.455744,1.66784,0.761718,0.691427,0.510966,0.246591,3867
T-B3-C,91,3,8000,300000,0.414798,0.416708,1.40446,0.685774,0.62857,0.473912,0.237891,3867
T-B3-C,91,4,1000,30000,0.623658,0.653407,21.8765,0.830397,0.84347,0.770133,0.595903,3867
T-B3-C,91,4,1000,300000,0.568304,0.591468,17.0345,0.743138,0.757749,0.703638,0.559988,3867
T-B3-C,91,4,3000,30000,0.529015,0.555149,19.2189,0.785531,0.7713,0.645289,0.40565,3867
T-B3-C,91,4,3000,300000,0.482162,0.503733,15.8629,0.704558,0.696154,0.592558,0.383878,3867
T-B3-C,91,4,8000,30000,0.434269,0.455744,15.7923,0.709326,0.672985,0.504045,0.246689,3867
T-B3-C,91,4,8000,300000,0.39855,0.416708,13.353,0.641269,0.612697,0.467764,0.237983,3867
T-B3-C,91,4.5,1000,30000,0.574029,0.653407,58.3734,0.698948,0.785687,0.741436,0.595963,3867
T-B3-C,91,4.5,1000,300000,0.528552,0.591468,46.2677,0.637224,0.7112,0.679775,0.560048,3867
T-B3-C,91,4.5,3000,30000,0.482903,0.555149,53.1293,0.66206,0.720713,0.622588,0.405799,3867
T-B3-C,91,4.5,3000,300000,0.443501,0.503733,44.2941,0.600574,0.653337,0.572814,0.384017,3867
T-B3-C,91,4.5,8000,30000,0.39549,0.455744,44.3103,0.60447,0.632039,0.488079,0.246925,3867
T-B3-C,91,4.5,8000,300000,0.365346,0.416708,37.7712,0.551138,0.577282,0.453556,0.238203,3867
T-B3-C,91,5,1000,30000,0.483274,0.653407,125.114,0.471613,0.650133,0.665048,0.596151,3867
T-B3-C,91,5,1000,300000,0.452393,0.591468,102.274,0.444786,0.599144,0.615418,0.560236,3867
T-B3-C,91,5,3000,30000,0.391115,0.555149,120.629,0.425767,0.594566,0.559736,0.40627,3867
T-B3-C,91,5,3000,300000,0.364337,0.503733,102.51,0.39572,0.545028,0.517787,0.384458,3867
T-B3-C,91,5,8000,30000,0.314954,0.455744,103.536,0.393233,0.527091,0.442998,0.247678,3867
T-B3-C,91,5,8000,300000,0.294764,0.416708,89.6765,0.365238,0.48546,0.413237,0.238907,3867
T-B3-D,91,3,1000,30000,0.648591,0.653407,3.5415,0.901594,0.866016,0.778636,0.59521,3867
T-B3-D,91,3,1000,300000,0.587677,0.591468,2.78746,0.798967,0.775708,0.710681,0.559385,3867
T-B3-D,91,3,3000,30000,0.551114,0.555149,2.96728,0.848569,0.790537,0.651902,0.405139,3867
T-B3-D,91,3,3000,300000,0.500371,0.503733,2.47234,0.756866,0.712339,0.5983,0.383416,3867
T-B3-D,91,3,8000,30000,0.452567,0.455744,2.33577,0.76154,0.688402,0.508639,0.246338,3867
T-B3-D,91,3,8000,300000,0.414,0.416708,1.99153,0.685623,0.625967,0.471847,0.237658,3867
T-B3-D,91,4,1000,30000,0.609019,0.653407,32.6419,0.828266,0.802852,0.7311,0.589515,3867
T-B3-D,91,4,1000,300000,0.556214,0.591468,25.9254,0.74144,0.72511,0.671206,0.554442,3867
T-B3-D,91,4,3000,30000,0.517235,0.555149,27.8814,0.783617,0.736199,0.614211,0.401303,3867
T-B3-D,91,4,3000,300000,0.471991,0.503733,23.3432,0.702954,0.666479,0.565553,0.379964,3867
T-B3-D,91,4,8000,30000,0.425672,0.455744,22.1146,0.707735,0.644811,0.481935,0.244232,3867
T-B3-D,91,4,8000,300000,0.390969,0.416708,18.9284,0.639907,0.588347,0.448107,0.235711,3867
T-B3-D,91,4.5,1000,30000,0.535189,0.653407,86.9358,0.694205,0.684129,0.638204,0.577664,3867
T-B3-D,91,4.5,1000,300000,0.495979,0.591468,70.2217,0.633318,0.627806,0.592795,0.544065,3867
T-B3-D,91,4.5,3000,30000,0.450486,0.555149,76.9686,0.65747,0.628279,0.53697,0.393066,3867
T-B3-D,91,4.5,3000,300000,0.415272,0.503733,65.0534,0.596655,0.574274,0.497885,0.372521,3867
T-B3-D,91,4.5,8000,30000,0.371456,0.455744,61.9841,0.600527,0.556147,0.425921,0.239638,3867
T-B3-D,91,4.5,8000,300000,0.344007,0.416708,53.4637,0.54771,0.511082,0.397998,0.231453,3867
T-B3-D,91,5,1000,30000,0.403541,0.653407,183.749,0.465098,0.470905,0.458646,0.551618,3867
T-B3-D,91,5,1000,300000,0.383474,0.591468,152.957,0.439077,0.445375,0.436233,0.520816,3867
T-B3-D,91,5,3000,30000,0.319925,0.555149,172.982,0.418642,0.414575,0.373716,0.373774,3867
T-B3-D,91,5,3000,300000,0.301232,0.503733,148.917,0.389408,0.387125,0.352318,0.35492,3867
T-B3-D,91,5,8000,30000,0.260345,0.455744,143.694,0.386669,0.371524,0.301319,0.228502,3867
T-B3-D,91,5,8000,300000,0.245562,0.416708,125.859,0.359359,0.34698,0.285044,0.221061,3867
T-B3-C,92,3,1000,30000,0.650311,0.653407,2.27615,0.902177,0.87137,0.782875,0.595878,3583
T-B3-C,92,3,1000,300000,0.589083,0.591468,1.75365,0.799423,0.779962,0.714179,0.559963,3583
T-B3-C,92,3,3000,30000,0.552481,0.555149,1.96227,0.849073,0.795044,0.655209,0.405588,3583
T-B3-C,92,3,3000,300000,0.501544,0.503733,1.6101,0.757283,0.716127,0.601164,0.38382,3583
T-B3-C,92,3,8000,30000,0.453566,0.455744,1.60121,0.761952,0.691983,0.510969,0.246591,3583
T-B3-C,92,3,8000,300000,0.414876,0.416708,1.34747,0.685973,0.629048,0.473915,0.237891,3583
T-B3-C,92,4,1000,30000,0.624859,0.653407,20.9939,0.833244,0.851227,0.770186,0.595903,3583
T-B3-C,92,4,1000,300000,0.569261,0.591468,16.331,0.745398,0.763941,0.703682,0.559988,3583
T-B3-C,92,4,3000,30000,0.53006,0.555149,18.4505,0.788082,0.777947,0.645331,0.40565,3583
T-B3-C,92,4,3000,300000,0.483041,0.503733,15.2172,0.706691,0.701752,0.592595,0.383878,3583
T-B3-C,92,4,8000,30000,0.435117,0.455744,15.169,0.711443,0.67832,0.504074,0.246689,3583
T-B3-C,92,4,8000,300000,0.399279,0.416708,12.8173,0.643079,0.617292,0.467791,0.237983,3583
T-B3-C,92,4.5,1000,30000,0.577107,0.653407,56.11,0.70543,0.806936,0.741594,0.595963,3583
T-B3-C,92,4.5,1000,300000,0.531056,0.591468,44.4266,0.642537,0.728402,0.679906,0.560048,3583
T-B3-C,92,4.5,3000,30000,0.485703,0.555149,51.07,0.668291,0.739538,0.622714,0.405799,3583
T-B3-C,92,4.5,3000,300000,0.445881,0.503733,42.5439,0.605876,0.669308,0.572924,0.384017,3583
T-B3-C,92,4.5,8000,30000,0.397803,0.455744,42.6089,0.609803,0.647358,0.488169,0.246925,3583
T-B3-C,92,4.5,8000,300000,0.367353,0.416708,36.2956,0.555761,0.590556,0.453636,0.238203,3583
T-B3-C,92,5,1000,30000,0.489213,0.653407,120.746,0.480946,0.695933,0.665466,0.596153,3583
T-B3-C,92,5,1000,300000,0.457406,0.591468,98.5878,0.452907,0.63744,0.61577,0.560238,3583
T-B3-C,92,5,3000,30000,0.396943,0.555149,116.343,0.435874,0.638297,0.560083,0.406271,3583
T-B3-C,92,5,3000,300000,0.369401,0.503733,98.7867,0.404633,0.58281,0.51809,0.384459,3583
T-B3-C,92,5,8000,30000,0.319957,0.455744,99.8562,0.402476,0.563941,0.44325,0.247679,3583
T-B3-C,92,5,8000,300000,0.299184,0.416708,86.4264,0.373487,0.517858,0.413463,0.238907,3583
T-B3-D,92,3,1000,30000,0.648733,0.653407,3.43722,0.901742,0.866363,0.778952,0.595275,3583
T-B3-D,92,3,1000,300000,0.587793,0.591468,2.70247,0.799082,0.775983,0.710942,0.559442,3583
T-B3-D,92,3,3000,30000,0.551227,0.555149,2.88413,0.848697,0.790829,0.652148,0.405183,3583
T-B3-D,92,3,3000,300000,0.500468,0.503733,2.40117,0.756972,0.712585,0.598513,0.383455,3583
T-B3-D,92,3,8000,30000,0.45265,0.455744,2.27474,0.761645,0.688635,0.508813,0.246363,3583
T-B3-D,92,3,8000,300000,0.414073,0.416708,1.93817,0.685712,0.626167,0.472002,0.237681,3583
T-B3-D,92,4,1000,30000,0.610259,0.653407,31.7303,0.829513,0.805825,0.733885,0.590114,3583
T-B3-D,92,4,1000,300000,0.557237,0.591468,25.1728,0.74243,0.72751,0.67353,0.554963,3583
T-B3-D,92,4,3000,30000,0.518255,0.555149,27.1314,0.784742,0.738803,0.616455,0.401715,3583
T-B3-D,92,4,3000,300000,0.47287,0.503733,22.6968,0.703894,0.668685,0.567508,0.380335,3583
T-B3-D,92,4,8000,30000,0.42643,0.455744,21.5571,0.708671,0.646916,0.48354,0.244466,3583
T-B3-D,92,4,8000,300000,0.391635,0.416708,18.4383,0.640707,0.590169,0.449536,0.235928,3583
T-B3-D,92,4.5,1000,30000,0.538127,0.653407,84.7751,0.696947,0.690906,0.644886,0.579232,3583
T-B3-D,92,4.5,1000,300000,0.498466,0.591468,68.3927,0.635571,0.63344,0.598492,0.545446,3583
T-B3-D,92,4.5,3000,30000,0.453051,0.555149,75.0816,0.66014,0.634648,0.542694,0.39419,3583
T-B3-D,92,4.5,3000,300000,0.417514,0.503733,63.4049,0.59893,0.579757,0.502925,0.37354,3583
T-B3-D,92,4.5,8000,30000,0.373414,0.455744,60.5445,0.602827,0.561459,0.430142,0.240292,3583
T-B3-D,92,4.5,8000,300000,0.345747,0.416708,52.1839,0.549706,0.515739,0.401789,0.232061,3583
T-B3-D,92,5,1000,30000,0.408146,0.653407,180.362,0.468796,0.480668,0.469257,0.554607,3583
T-B3-D,92,5,1000,300000,0.387559,0.591468,149.953,0.442312,0.453956,0.445679,0.523519,3583
T-B3-D,92,5,3000,30000,0.324375,0.555149,169.709,0.42271,0.424896,0.383871,0.37611,3583
T-B3-D,92,5,3000,300000,0.305228,0.503733,145.978,0.393006,0.396308,0.361478,0.357065,3583
T-B3-D,92,5,8000,30000,0.263943,0.455744,141.049,0.39043,0.38074,0.309352,0.229942,3583
T-B3-D,92,5,8000,300000,0.248832,0.416708,123.454,0.362723,0.355274,0.292388,0.22241,3583
T-B3-C,93,3,1000,30000,0.64993,0.653407,2.55668,0.901514,0.868553,0.782845,0.595878,368
T-B3-C,93,3,1000,300000,0.588781,0.591468,1.97561,0.798905,0.777727,0.714154,0.559963,368
T-B3-C,93,3,3000,30000,0.552158,0.555149,2.19959,0.8485,0.79267,0.655185,0.405588,368
T-B3-C,93,3,3000,300000,0.501273,0.503733,1.80897,0.756809,0.714133,0.601143,0.38382,368
T-B3-C,93,3,8000,30000,0.453309,0.455744,1.79065,0.761484,0.690092,0.510953,0.246591,368
T-B3-C,93,3,8000,300000,0.414655,0.416708,1.50993,0.685575,0.627422,0.4739,0.237891,368
T-B3-C,93,4,1000,30000,0.621402,0.653407,23.5355,0.827597,0.825257,0.76989,0.595902,368
T-B3-C,93,4,1000,300000,0.566497,0.591468,18.3631,0.740912,0.743163,0.703437,0.559987,368
T-B3-C,93,4,3000,30000,0.527066,0.555149,20.6522,0.783014,0.755612,0.645098,0.40565,368
T-B3-C,93,4,3000,300000,0.480518,0.503733,17.0723,0.702451,0.682918,0.592393,0.383877,368
T-B3-C,93,4,8000,30000,0.432705,0.455744,16.9422,0.707236,0.660386,0.50391,0.246688,368
T-B3-C,93,4,8000,300000,0.397202,0.416708,14.3449,0.639481,0.601827,0.467644,0.237982,368
T-B3-C,93,4.5,1000,30000,0.568235,0.653407,62.6344,0.692738,0.738264,0.740714,0.59596,368
T-B3-C,93,4.5,1000,300000,0.523821,0.591468,49.7467,0.632118,0.672512,0.679175,0.560045,368
T-B3-C,93,4.5,3000,30000,0.47767,0.555149,56.9774,0.656037,0.67804,0.622012,0.405797,368
T-B3-C,93,4.5,3000,300000,0.439039,0.503733,47.5753,0.595438,0.616975,0.572314,0.384015,368
T-B3-C,93,4.5,8000,30000,0.391214,0.455744,47.4545,0.599301,0.597124,0.487668,0.246924,368
T-B3-C,93,4.5,8000,300000,0.361625,0.416708,40.5074,0.546648,0.546921,0.453191,0.238202,368
T-B3-C,93,5,1000,30000,0.472119,0.653407,133.317,0.463161,0.559006,0.663141,0.596142,368
T-B3-C,93,5,1000,300000,0.442952,0.591468,109.217,0.437398,0.521798,0.613812,0.560229,368
T-B3-C,93,5,3000,30000,0.380231,0.555149,128.633,0.416484,0.504854,0.558152,0.406264,368
T-B3-C,93,5,3000,300000,0.354861,0.503733,109.479,0.387512,0.466838,0.5164,0.384452,368
T-B3-C,93,5,8000,30000,0.305701,0.455744,110.34,0.384676,0.450364,0.441843,0.247675,368
T-B3-C,93,5,8000,300000,0.286571,0.416708,95.7014,0.357585,0.417521,0.412206,0.238904,368
T-B3-D,93,3,1000,30000,0.648362,0.653407,3.70987,0.901424,0.865505,0.778066,0.595081,368
T-B3-D,93,3,1000,300000,0.58749,0.591468,2.92544,0.798835,0.775302,0.710209,0.559274,368
T-B3-D,93,3,3000,30000,0.550934,0.555149,3.0999,0.848423,0.790106,0.651456,0.405052,368
T-B3-D,93,3,3000,300000,0.500216,0.503733,2.58642,0.756744,0.711977,0.597913,0.383338,368
T-B3-D,93,3,8000,30000,0.452438,0.455744,2.43122,0.761421,0.688059,0.508325,0.246289,368
T-B3-D,93,3,8000,300000,0.413886,0.416708,2.07537,0.685521,0.625672,0.471569,0.237613,368
T-B3-D,93,4,1000,30000,0.607029,0.653407,34.1057,0.826844,0.798508,0.726122,0.588345,368
T-B3-D,93,4,1000,300000,0.554562,0.591468,27.1405,0.740312,0.721601,0.667047,0.553422,368
T-B3-D,93,4,3000,30000,0.515614,0.555149,29.0735,0.782335,0.732387,0.610192,0.400495,368
T-B3-D,93,4,3000,300000,0.470587,0.503733,24.3753,0.701882,0.663247,0.56205,0.379235,368
T-B3-D,93,4,8000,30000,0.42449,0.455744,22.984,0.70667,0.64173,0.47906,0.243772,368
T-B3-D,93,4,8000,300000,0.389925,0.416708,19.6962,0.638997,0.585679,0.445545,0.235286,368
T-B3-D,93,4.5,1000,30000,0.530527,0.653407,90.364,0.691103,0.674385,0.626487,0.57468,368
T-B3-D,93,4.5,1000,300000,0.492014,0.591468,73.1375,0.63077,0.619688,0.582783,0.541431,368
T-B3-D,93,4.5,3000,30000,0.446442,0.555149,79.9419,0.654439,0.61908,0.526876,0.390909,368
T-B3-D,93,4.5,3000,300000,0.411726,0.503733,67.6611,0.594073,0.566344,0.488986,0.370564,368
T-B3-D,93,4.5,8000,30000,0.368424,0.455744,64.2143,0.597924,0.548461,0.418459,0.238377,368
T-B3-D,93,4.5,8000,300000,0.3413,0.416708,55.4545,0.545451,0.504337,0.391291,0.230281,368
T-B3-D,93,5,1000,30000,0.396462,0.653407,188.954,0.46102,0.457277,0.440727,0.546246,368
T-B3-D,93,5,1000,300000,0.377172,0.591468,157.591,0.435519,0.43336,0.420225,0.515937,368
T-B3-D,93,5,3000,30000,0.313101,0.555149,178,0.414112,0.400089,0.356448,0.369527,368
T-B3-D,93,5,3000,300000,0.295091,0.503733,153.433,0.38541,0.374214,0.336711,0.351009,368
T-B3-D,93,5,8000,30000,0.25489,0.455744,147.706,0.382474,0.358544,0.287591,0.225859,368
T-B3-D,93,5,8000,300000,0.240591,0.416708,129.515,0.355612,0.335282,0.272475,0.21858,368
T-B3-C,94,3,1000,30000,0.650115,0.653407,2.42037,0.901757,0.870046,0.782862,0.595878,2968
T-B3-C,94,3,1000,300000,0.588928,0.591468,1.86758,0.799095,0.778912,0.714168,0.559963,2968
T-B3-C,94,3,3000,30000,0.552315,0.555149,2.08459,0.84871,0.793928,0.655199,0.405588,2968
T-B3-C,94,3,3000,300000,0.501405,0.503733,1.71244,0.756983,0.71519,0.601155,0.38382,2968
T-B3-C,94,3,8000,30000,0.453433,0.455744,1.69924,0.761656,0.691093,0.510962,0.246591,2968
T-B3-C,94,3,8000,300000,0.414762,0.416708,1.43143,0.685721,0.628283,0.473908,0.237891,2968
T-B3-C,94,4,1000,30000,0.623076,0.653407,22.3044,0.829646,0.838857,0.770056,0.595902,2968
T-B3-C,94,4,1000,300000,0.567838,0.591468,17.3771,0.74254,0.754061,0.703575,0.559988,2968
T-B3-C,94,4,3000,30000,0.528514,0.555149,19.5876,0.784857,0.76734,0.645229,0.40565,2968
T-B3-C,94,4,3000,300000,0.48174,0.503733,16.1739,0.703994,0.692816,0.592506,0.383878,2968
T-B3-C,94,4,8000,30000,0.433867,0.455744,16.0883,0.708766,0.669809,0.504002,0.246688,2968
T-B3-C,94,4,8000,300000,0.398203,0.416708,13.6082,0.64079,0.609958,0.467727,0.237982,2968
T-B3-C,94,4.5,1000,30000,0.572501,0.653407,59.497,0.69726,0.773317,0.741208,0.595961,2968
T-B3-C,94,4.5,1000,300000,0.527307,0.591468,47.1832,0.635837,0.701151,0.679585,0.560047,2968
T-B3-C,94,4.5,3000,30000,0.481534,0.555149,54.136,0.660431,0.709688,0.622407,0.405798,2968
T-B3-C,94,4.5,3000,300000,0.442335,0.503733,45.1515,0.599185,0.643964,0.572656,0.384016,2968
T-B3-C,94,4.5,8000,30000,0.394373,0.455744,45.1317,0.603073,0.623053,0.487949,0.246924,2968
T-B3-C,94,4.5,8000,300000,0.364375,0.416708,38.4852,0.549925,0.569483,0.453441,0.238202,2968
T-B3-C,94,5,1000,30000,0.480178,0.653407,127.39,0.469254,0.624769,0.664447,0.596148,2968
T-B3-C,94,5,1000,300000,0.449784,0.591468,104.193,0.442724,0.57779,0.614912,0.560233,2968
T-B3-C,94,5,3000,30000,0.388139,0.555149,122.817,0.423196,0.570028,0.559237,0.406268,2968
T-B3-C,94,5,3000,300000,0.361752,0.503733,104.412,0.393446,0.523743,0.51735,0.384455,2968
T-B3-C,94,5,8000,30000,0.312441,0.455744,105.383,0.390871,0.506296,0.442634,0.247677,2968
T-B3-C,94,5,8000,300000,0.292543,0.416708,91.3096,0.363126,0.467117,0.412912,0.238905,2968
T-B3-D,94,3,1000,30000,0.648683,0.653407,3.47403,0.901593,0.866216,0.778909,0.595267,2968
T-B3-D,94,3,1000,300000,0.587753,0.591468,2.73171,0.798966,0.775867,0.710906,0.559435,2968
T-B3-D,94,3,3000,30000,0.551185,0.555149,2.91489,0.848568,0.790705,0.652115,0.405177,2968
T-B3-D,94,3,3000,300000,0.500433,0.503733,2.427,0.756865,0.712481,0.598484,0.38345,2968
T-B3-D,94,3,8000,30000,0.452618,0.455744,2.29883,0.76154,0.688536,0.508789,0.24636,2968
T-B3-D,94,3,8000,300000,0.414044,0.416708,1.95885,0.685622,0.626082,0.471981,0.237678,2968
T-B3-D,94,4,1000,30000,0.60983,0.653407,32.0459,0.828257,0.804567,0.733504,0.590037,2968
T-B3-D,94,4,1000,300000,0.556891,0.591468,25.4274,0.741434,0.726495,0.673213,0.554896,2968
T-B3-D,94,4,3000,30000,0.517883,0.555149,27.405,0.783609,0.737699,0.616149,0.401662,2968
T-B3-D,94,4,3000,300000,0.472555,0.503733,22.9285,0.702948,0.667751,0.56724,0.380287,2968
T-B3-D,94,4,8000,30000,0.426134,0.455744,21.7744,0.707728,0.646022,0.483321,0.244436,2968
T-B3-D,94,4,8000,300000,0.39138,0.416708,18.6261,0.639901,0.589396,0.449341,0.2359,2968
T-B3-D,94,4.5,1000,30000,0.537149,0.653407,85.4946,0.694188,0.688032,0.643966,0.579029,2968
T-B3-D,94,4.5,1000,300000,0.497653,0.591468,68.9909,0.633305,0.631053,0.597709,0.545267,2968
T-B3-D,94,4.5,3000,30000,0.452143,0.555149,75.7499,0.657451,0.631944,0.541908,0.394045,2968
T-B3-D,94,4.5,3000,300000,0.416732,0.503733,63.9801,0.59664,0.577431,0.502233,0.373408,2968
T-B3-D,94,4.5,8000,30000,0.372671,0.455744,61.0906,0.60051,0.5592,0.429563,0.240208,2968
T-B3-D,94,4.5,8000,300000,0.345097,0.416708,52.6624,0.547696,0.51376,0.401269,0.231982,2968
T-B3-D,94,5,1000,30000,0.406732,0.653407,181.402,0.465084,0.476513,0.46778,0.554213,2968
T-B3-D,94,5,1000,300000,0.386318,0.591468,150.865,0.439065,0.450307,0.444365,0.523163,2968
T-B3-D,94,5,3000,30000,0.322906,0.555149,170.789,0.418622,0.420498,0.38246,0.375803,2968
T-B3-D,94,5,3000,300000,0.303923,0.503733,146.938,0.389391,0.392397,0.360206,0.356784,2968
T-B3-D,94,5,8000,30000,0.262662,0.455744,141.99,0.386648,0.376807,0.308238,0.229753,2968
T-B3-D,94,5,8000,300000,0.247681,0.416708,124.301,0.359341,0.351737,0.29137,0.222233,2968
T-B3-C,95,3,1000,30000,0.650311,0.653407,2.27645,0.902206,0.871325,0.782873,0.595878,493
T-B3-C,95,3,1000,300000,0.589083,0.591468,1.75397,0.799445,0.779926,0.714177,0.559963,493
T-B3-C,95,3,3000,30000,0.552481,0.555149,1.96239,0.849097,0.795007,0.655207,0.405588,493
T-B3-C,95,3,3000,300000,0.501544,0.503733,1.61026,0.757304,0.716095,0.601162,0.38382,493
T-B3-C,95,3,8000,30000,0.453566,0.455744,1.6012,0.761972,0.691953,0.510968,0.246591,493
T-B3-C,95,3,8000,300000,0.414876,0.416708,1.3475,0.68599,0.629022,0.473914,0.237891,493
T-B3-C,95,4,1000,30000,0.624849,0.653407,21.0007,0.833485,0.850798,0.770165,0.595903,493
T-B3-C,95,4,1000,300000,0.569253,0.591468,16.3368,0.745588,0.763599,0.703665,0.559988,493
T-B3-C,95,4,3000,30000,0.530055,0.555149,18.4543,0.788298,0.777583,0.645315,0.40565,493
T-B3-C,95,4,3000,300000,0.483036,0.503733,15.2208,0.706871,0.701445,0.59258,0.383878,493
T-B3-C,95,4,8000,30000,0.435114,0.455744,15.1707,0.711623,0.67803,0.504063,0.246689,493
T-B3-C,95,4,8000,300000,0.399276,0.416708,12.8191,0.643233,0.617042,0.46778,0.237983,493
T-B3-C,95,4.5,1000,30000,0.577054,0.653407,56.1491,0.705974,0.805712,0.741532,0.595963,493
T-B3-C,95,4.5,1000,300000,0.531013,0.591468,44.4578,0.642982,0.727415,0.679855,0.560048,493
T-B3-C,95,4.5,3000,30000,0.485668,0.555149,51.0958,0.668816,0.738473,0.622665,0.405799,493
T-B3-C,95,4.5,3000,300000,0.445851,0.503733,42.566,0.606322,0.668406,0.572881,0.384017,493
T-B3-C,95,4.5,8000,30000,0.397781,0.455744,42.6249,0.610254,0.646501,0.488133,0.246925,493
T-B3-C,95,4.5,8000,300000,0.367333,0.416708,36.3097,0.556152,0.589814,0.453605,0.238203,493
T-B3-C,95,5,1000,30000,0.488979,0.653407,120.918,0.481724,0.693026,0.665303,0.596152,493
T-B3-C,95,5,1000,300000,0.457218,0.591468,98.7262,0.453584,0.635037,0.615633,0.560237,493
T-B3-C,95,5,3000,30000,0.396758,0.555149,116.479,0.436718,0.63561,0.559948,0.406271,493
T-B3-C,95,5,3000,300000,0.369245,0.503733,98.9013,0.405377,0.580503,0.517972,0.384458,493
T-B3-C,95,5,8000,30000,0.319824,0.455744,99.9539,0.40325,0.56172,0.443151,0.247678,493
T-B3-C,95,5,8000,300000,0.299069,0.416708,86.5108,0.374178,0.515915,0.413375,0.238907,493
T-B3-D,95,3,1000,30000,0.648773,0.653407,3.40751,0.90177,0.86646,0.779052,0.595295,493
T-B3-D,95,3,1000,300000,0.587826,0.591468,2.67818,0.799104,0.77606,0.711024,0.559459,493
T-B3-D,95,3,3000,30000,0.551259,0.555149,2.86059,0.848722,0.790911,0.652226,0.405196,493
T-B3-D,95,3,3000,300000,0.500496,0.503733,2.38097,0.756992,0.712654,0.598581,0.383467,493
T-B3-D,95,3,8000,30000,0.452674,0.455744,2.25763,0.761666,0.6887,0.508867,0.24637,493
T-B3-D,95,3,8000,300000,0.414093,0.416708,1.92317,0.685729,0.626223,0.47205,0.237688,493
T-B3-D,95,4,1000,30000,0.610615,0.653407,31.4687,0.829753,0.806661,0.734763,0.590295,493
T-B3-D,95,4,1000,300000,0.557532,0.591468,24.9562,0.74262,0.728185,0.674263,0.555121,493
T-B3-D,95,4,3000,30000,0.518546,0.555149,26.9179,0.784958,0.739534,0.617163,0.401839,493
T-B3-D,95,4,3000,300000,0.47312,0.503733,22.5124,0.704074,0.669304,0.568123,0.380447,493
T-B3-D,95,4,8000,30000,0.426643,0.455744,21.4,0.708851,0.647506,0.484045,0.244536,493
T-B3-D,95,4,8000,300000,0.391824,0.416708,18.2998,0.640861,0.59068,0.449986,0.235993,493
T-B3-D,95,4.5,1000,30000,0.538984,0.653407,84.1455,0.697477,0.692827,0.647013,0.579711,493
T-B3-D,95,4.5,1000,300000,0.499192,0.591468,67.859,0.636006,0.635035,0.600304,0.545868,493
T-B3-D,95,4.5,3000,30000,0.453791,0.555149,74.538,0.660655,0.636448,0.544511,0.394533,493
T-B3-D,95,4.5,3000,300000,0.418161,0.503733,62.9293,0.599369,0.581306,0.504524,0.37385,493
T-B3-D,95,4.5,8000,30000,0.373972,0.455744,60.1343,0.603271,0.562958,0.431481,0.240491,493
T-B3-D,95,4.5,8000,300000,0.346244,0.416708,51.8186,0.550091,0.517052,0.40299,0.232245,493
T-B3-D,95,5,1000,30000,0.409531,0.653407,179.343,0.469518,0.483481,0.472698,0.555546,493
T-B3-D,95,5,1000,300000,0.388787,0.591468,149.049,0.442943,0.456425,0.448736,0.524366,493
T-B3-D,95,5,3000,30000,0.325695,0.555149,168.738,0.423502,0.42786,0.387152,0.376839,493
T-B3-D,95,5,3000,300000,0.306415,0.503733,145.106,0.393706,0.398942,0.364434,0.357734,493
T-B3-D,95,5,8000,30000,0.264996,0.455744,140.274,0.391161,0.383379,0.31194,0.230389,493
T-B3-D,95,5,8000,300000,0.24979,0.416708,122.75,0.363377,0.357646,0.294751,0.222829,493
