fold,task,model,sample_id,day,output,observed,predicted,extrapolation
primary,inverse,mean,sgris_2021:050821-S2,sgris_2021:2005-08-21,log10_cells_ml,4.0553783313750005,3.84441166765351,False
primary,inverse,mean,sgris_2021:050821-S3,sgris_2021:2005-08-21,log10_cells_ml,4.395850376018781,3.84441166765351,False
primary,inverse,mean,sgris_2021:050821-S4,sgris_2021:2005-08-21,log10_cells_ml,4.669502834104343,3.84441166765351,False
primary,inverse,mean,sgris_2021:050821-S7,sgris_2021:2005-08-21,log10_cells_ml,4.912753303671323,3.84441166765351,False
primary,inverse,mean,sgris_2021:050821-S8,sgris_2021:2005-08-21,log10_cells_ml,4.886716274116478,3.84441166765351,False
primary,inverse,mean,sgris_2021:060821-S1,sgris_2021:2006-08-21,log10_cells_ml,4.468937805665461,3.84441166765351,False
primary,inverse,mean,sgris_2021:060821-S2,sgris_2021:2006-08-21,log10_cells_ml,4.354108439147401,3.84441166765351,False
primary,inverse,mean,sgris_2021:060821-S3,sgris_2021:2006-08-21,log10_cells_ml,4.107209969647869,3.84441166765351,False
primary,inverse,mean,sgris_2021:060821-S5,sgris_2021:2006-08-21,log10_cells_ml,4.42781057267599,3.84441166765351,False
primary,inverse,mean,sgris_2021:060821-S6,sgris_2021:2006-08-21,log10_cells_ml,4.467163965969091,3.84441166765351,False
primary,inverse,mean,sgris_2021:060821-S7,sgris_2021:2006-08-21,log10_cells_ml,4.98263299439485,3.84441166765351,False
primary,inverse,mean,sgris_2021:060821-S9,sgris_2021:2006-08-21,log10_cells_ml,4.707570176097937,3.84441166765351,False
primary,inverse,mean,sgris_2021:060821-S11,sgris_2021:2006-08-21,log10_cells_ml,3.49789674291322,3.84441166765351,False
primary,inverse,mean,sgris_2021:060821-S12,sgris_2021:2006-08-21,log10_cells_ml,3.946452265013073,3.84441166765351,False
primary,inverse,mean,sgris_2021:060821-S13,sgris_2021:2006-08-21,log10_cells_ml,4.5550097589461,3.84441166765351,False
primary,inverse,mean,sgris_2021:060821-S14,sgris_2021:2006-08-21,log10_cells_ml,4.286905352972375,3.84441166765351,False
primary,inverse,mean,sgris_2021:060821-S15,sgris_2021:2006-08-21,log10_cells_ml,4.548512256341035,3.84441166765351,False
primary,inverse,mean,sgris_2021:060821-S16,sgris_2021:2006-08-21,log10_cells_ml,4.81504617606463,3.84441166765351,False
primary,inverse,ridge,sgris_2021:050821-S2,sgris_2021:2005-08-21,log10_cells_ml,4.0553783313750005,3.4695117983161885,False
primary,inverse,ridge,sgris_2021:050821-S3,sgris_2021:2005-08-21,log10_cells_ml,4.395850376018781,3.8826288426902513,False
primary,inverse,ridge,sgris_2021:050821-S4,sgris_2021:2005-08-21,log10_cells_ml,4.669502834104343,3.8774001969688454,False
primary,inverse,ridge,sgris_2021:050821-S7,sgris_2021:2005-08-21,log10_cells_ml,4.912753303671323,4.340741331933161,False
primary,inverse,ridge,sgris_2021:050821-S8,sgris_2021:2005-08-21,log10_cells_ml,4.886716274116478,4.1370723752804945,False
primary,inverse,ridge,sgris_2021:060821-S1,sgris_2021:2006-08-21,log10_cells_ml,4.468937805665461,4.3711979886962204,False
primary,inverse,ridge,sgris_2021:060821-S2,sgris_2021:2006-08-21,log10_cells_ml,4.354108439147401,4.235009597120982,False
primary,inverse,ridge,sgris_2021:060821-S3,sgris_2021:2006-08-21,log10_cells_ml,4.107209969647869,3.8338299713906436,False
primary,inverse,ridge,sgris_2021:060821-S5,sgris_2021:2006-08-21,log10_cells_ml,4.42781057267599,4.411235305208475,False
primary,inverse,ridge,sgris_2021:060821-S6,sgris_2021:2006-08-21,log10_cells_ml,4.467163965969091,4.425403792815749,False
primary,inverse,ridge,sgris_2021:060821-S7,sgris_2021:2006-08-21,log10_cells_ml,4.98263299439485,4.034312240802601,False
primary,inverse,ridge,sgris_2021:060821-S9,sgris_2021:2006-08-21,log10_cells_ml,4.707570176097937,4.780191172311283,False
primary,inverse,ridge,sgris_2021:060821-S11,sgris_2021:2006-08-21,log10_cells_ml,3.49789674291322,3.5021538013757483,False
primary,inverse,ridge,sgris_2021:060821-S12,sgris_2021:2006-08-21,log10_cells_ml,3.946452265013073,3.7604070541952686,False
primary,inverse,ridge,sgris_2021:060821-S13,sgris_2021:2006-08-21,log10_cells_ml,4.5550097589461,4.222740026502922,False
primary,inverse,ridge,sgris_2021:060821-S14,sgris_2021:2006-08-21,log10_cells_ml,4.286905352972375,4.092094167252824,False
primary,inverse,ridge,sgris_2021:060821-S15,sgris_2021:2006-08-21,log10_cells_ml,4.548512256341035,4.4628159072428355,False
primary,inverse,ridge,sgris_2021:060821-S16,sgris_2021:2006-08-21,log10_cells_ml,4.81504617606463,4.231559158206911,False
primary,inverse,random_forest,sgris_2021:050821-S2,sgris_2021:2005-08-21,log10_cells_ml,4.0553783313750005,3.590300261133412,False
primary,inverse,random_forest,sgris_2021:050821-S3,sgris_2021:2005-08-21,log10_cells_ml,4.395850376018781,3.8349567883098663,False
primary,inverse,random_forest,sgris_2021:050821-S4,sgris_2021:2005-08-21,log10_cells_ml,4.669502834104343,4.000345608992294,False
primary,inverse,random_forest,sgris_2021:050821-S7,sgris_2021:2005-08-21,log10_cells_ml,4.912753303671323,4.434638058616816,False
primary,inverse,random_forest,sgris_2021:050821-S8,sgris_2021:2005-08-21,log10_cells_ml,4.886716274116478,4.211666200122384,False
primary,inverse,random_forest,sgris_2021:060821-S1,sgris_2021:2006-08-21,log10_cells_ml,4.468937805665461,4.383383180863639,False
primary,inverse,random_forest,sgris_2021:060821-S2,sgris_2021:2006-08-21,log10_cells_ml,4.354108439147401,4.3693222630531405,False
primary,inverse,random_forest,sgris_2021:060821-S3,sgris_2021:2006-08-21,log10_cells_ml,4.107209969647869,3.622957380830399,False
primary,inverse,random_forest,sgris_2021:060821-S5,sgris_2021:2006-08-21,log10_cells_ml,4.42781057267599,4.426723306123793,False
primary,inverse,random_forest,sgris_2021:060821-S6,sgris_2021:2006-08-21,log10_cells_ml,4.467163965969091,4.1420156468707185,False
primary,inverse,random_forest,sgris_2021:060821-S7,sgris_2021:2006-08-21,log10_cells_ml,4.98263299439485,4.041255428400465,False
primary,inverse,random_forest,sgris_2021:060821-S9,sgris_2021:2006-08-21,log10_cells_ml,4.707570176097937,4.521075929942228,False
primary,inverse,random_forest,sgris_2021:060821-S11,sgris_2021:2006-08-21,log10_cells_ml,3.49789674291322,3.7180283204904563,False
primary,inverse,random_forest,sgris_2021:060821-S12,sgris_2021:2006-08-21,log10_cells_ml,3.946452265013073,3.8983753357426156,False
primary,inverse,random_forest,sgris_2021:060821-S13,sgris_2021:2006-08-21,log10_cells_ml,4.5550097589461,4.384899226651701,False
primary,inverse,random_forest,sgris_2021:060821-S14,sgris_2021:2006-08-21,log10_cells_ml,4.286905352972375,4.037346329599191,False
primary,inverse,random_forest,sgris_2021:060821-S15,sgris_2021:2006-08-21,log10_cells_ml,4.548512256341035,4.140769834695033,False
primary,inverse,random_forest,sgris_2021:060821-S16,sgris_2021:2006-08-21,log10_cells_ml,4.81504617606463,4.370004538917432,False
primary,inverse,gaussian_process,sgris_2021:050821-S2,sgris_2021:2005-08-21,log10_cells_ml,4.0553783313750005,3.631750084701478,False
primary,inverse,gaussian_process,sgris_2021:050821-S3,sgris_2021:2005-08-21,log10_cells_ml,4.395850376018781,3.974346710922629,False
primary,inverse,gaussian_process,sgris_2021:050821-S4,sgris_2021:2005-08-21,log10_cells_ml,4.669502834104343,3.786078426488769,False
primary,inverse,gaussian_process,sgris_2021:050821-S7,sgris_2021:2005-08-21,log10_cells_ml,4.912753303671323,4.349505532497098,False
primary,inverse,gaussian_process,sgris_2021:050821-S8,sgris_2021:2005-08-21,log10_cells_ml,4.886716274116478,4.032311401332345,False
primary,inverse,gaussian_process,sgris_2021:060821-S1,sgris_2021:2006-08-21,log10_cells_ml,4.468937805665461,4.280090557544261,False
primary,inverse,gaussian_process,sgris_2021:060821-S2,sgris_2021:2006-08-21,log10_cells_ml,4.354108439147401,4.262364328853537,False
primary,inverse,gaussian_process,sgris_2021:060821-S3,sgris_2021:2006-08-21,log10_cells_ml,4.107209969647869,3.863814102118722,False
primary,inverse,gaussian_process,sgris_2021:060821-S5,sgris_2021:2006-08-21,log10_cells_ml,4.42781057267599,4.35696651681181,False
primary,inverse,gaussian_process,sgris_2021:060821-S6,sgris_2021:2006-08-21,log10_cells_ml,4.467163965969091,4.282181837550346,False
primary,inverse,gaussian_process,sgris_2021:060821-S7,sgris_2021:2006-08-21,log10_cells_ml,4.98263299439485,4.053265077563396,False
primary,inverse,gaussian_process,sgris_2021:060821-S9,sgris_2021:2006-08-21,log10_cells_ml,4.707570176097937,4.70126927337374,False
primary,inverse,gaussian_process,sgris_2021:060821-S11,sgris_2021:2006-08-21,log10_cells_ml,3.49789674291322,3.5923640036089037,False
primary,inverse,gaussian_process,sgris_2021:060821-S12,sgris_2021:2006-08-21,log10_cells_ml,3.946452265013073,3.8769123142554722,False
primary,inverse,gaussian_process,sgris_2021:060821-S13,sgris_2021:2006-08-21,log10_cells_ml,4.5550097589461,4.145691758546291,False
primary,inverse,gaussian_process,sgris_2021:060821-S14,sgris_2021:2006-08-21,log10_cells_ml,4.286905352972375,4.175354121555641,False
primary,inverse,gaussian_process,sgris_2021:060821-S15,sgris_2021:2006-08-21,log10_cells_ml,4.548512256341035,4.346365901273619,False
primary,inverse,gaussian_process,sgris_2021:060821-S16,sgris_2021:2006-08-21,log10_cells_ml,4.81504617606463,4.212937720978737,False
primary,forward,mean,sgris_2021:050821-S2,sgris_2021:2005-08-21,B2,0.4387950828793022,0.35594568109604313,False
primary,forward,mean,sgris_2021:050821-S2,sgris_2021:2005-08-21,B3,0.42894706761172985,0.35067304104731883,False
primary,forward,mean,sgris_2021:050821-S2,sgris_2021:2005-08-21,B4,0.4114632114136311,0.3554640937250955,False
primary,forward,mean,sgris_2021:050821-S2,sgris_2021:2005-08-21,B8,0.31313673733313657,0.3096037054410612,False
primary,forward,mean,sgris_2021:050821-S3,sgris_2021:2005-08-21,B2,0.3462672945901762,0.35594568109604313,False
primary,forward,mean,sgris_2021:050821-S3,sgris_2021:2005-08-21,B3,0.33768088153599984,0.35067304104731883,False
primary,forward,mean,sgris_2021:050821-S3,sgris_2021:2005-08-21,B4,0.35283523300696035,0.3554640937250955,False
primary,forward,mean,sgris_2021:050821-S3,sgris_2021:2005-08-21,B8,0.30459415372996046,0.3096037054410612,False
primary,forward,mean,sgris_2021:050821-S4,sgris_2021:2005-08-21,B2,0.2885389504154407,0.35594568109604313,False
primary,forward,mean,sgris_2021:050821-S4,sgris_2021:2005-08-21,B3,0.27393564759195976,0.35067304104731883,False
primary,forward,mean,sgris_2021:050821-S4,sgris_2021:2005-08-21,B4,0.25553891935749257,0.3554640937250955,False
primary,forward,mean,sgris_2021:050821-S4,sgris_2021:2005-08-21,B8,0.17470739076688113,0.3096037054410612,False
primary,forward,mean,sgris_2021:050821-S7,sgris_2021:2005-08-21,B2,0.2271624111687256,0.35594568109604313,False
primary,forward,mean,sgris_2021:050821-S7,sgris_2021:2005-08-21,B3,0.22048773599276802,0.35067304104731883,False
primary,forward,mean,sgris_2021:050821-S7,sgris_2021:2005-08-21,B4,0.24106245152934078,0.3554640937250955,False
primary,forward,mean,sgris_2021:050821-S7,sgris_2021:2005-08-21,B8,0.25585190491170096,0.3096037054410612,False
primary,forward,mean,sgris_2021:050821-S8,sgris_2021:2005-08-21,B2,0.2245994315568052,0.35594568109604313,False
primary,forward,mean,sgris_2021:050821-S8,sgris_2021:2005-08-21,B3,0.2108346196051222,0.35067304104731883,False
primary,forward,mean,sgris_2021:050821-S8,sgris_2021:2005-08-21,B4,0.19494550206185732,0.3554640937250955,False
primary,forward,mean,sgris_2021:050821-S8,sgris_2021:2005-08-21,B8,0.1536432612335535,0.3096037054410612,False
primary,forward,mean,sgris_2021:060821-S1,sgris_2021:2006-08-21,B2,0.1727608572865341,0.35594568109604313,False
primary,forward,mean,sgris_2021:060821-S1,sgris_2021:2006-08-21,B3,0.16591109274308938,0.35067304104731883,False
primary,forward,mean,sgris_2021:060821-S1,sgris_2021:2006-08-21,B4,0.16654827975811906,0.3554640937250955,False
primary,forward,mean,sgris_2021:060821-S1,sgris_2021:2006-08-21,B8,0.15644565320972822,0.3096037054410612,False
primary,forward,mean,sgris_2021:060821-S2,sgris_2021:2006-08-21,B2,0.2562487336772976,0.35594568109604313,False
primary,forward,mean,sgris_2021:060821-S2,sgris_2021:2006-08-21,B3,0.24942398279936018,0.35067304104731883,False
primary,forward,mean,sgris_2021:060821-S2,sgris_2021:2006-08-21,B4,0.26942166582633054,0.3554640937250955,False
primary,forward,mean,sgris_2021:060821-S2,sgris_2021:2006-08-21,B8,0.27071501816296367,0.3096037054410612,False
primary,forward,mean,sgris_2021:060821-S3,sgris_2021:2006-08-21,B2,0.33558512706785376,0.35594568109604313,False
primary,forward,mean,sgris_2021:060821-S3,sgris_2021:2006-08-21,B3,0.32208155121624493,0.35067304104731883,False
primary,forward,mean,sgris_2021:060821-S3,sgris_2021:2006-08-21,B4,0.3085209294219238,0.3554640937250955,False
primary,forward,mean,sgris_2021:060821-S3,sgris_2021:2006-08-21,B8,0.25188142916418343,0.3096037054410612,False
primary,forward,mean,sgris_2021:060821-S5,sgris_2021:2006-08-21,B2,0.18223308299125093,0.35594568109604313,False
primary,forward,mean,sgris_2021:060821-S5,sgris_2021:2006-08-21,B3,0.17586601483598513,0.35067304104731883,False
primary,forward,mean,sgris_2021:060821-S5,sgris_2021:2006-08-21,B4,0.18516973609747805,0.3554640937250955,False
primary,forward,mean,sgris_2021:060821-S5,sgris_2021:2006-08-21,B8,0.19340557618927462,0.3096037054410612,False
primary,forward,mean,sgris_2021:060821-S6,sgris_2021:2006-08-21,B2,0.13862132566519333,0.35594568109604313,False
primary,forward,mean,sgris_2021:060821-S6,sgris_2021:2006-08-21,B3,0.13176753345659284,0.35067304104731883,False
primary,forward,mean,sgris_2021:060821-S6,sgris_2021:2006-08-21,B4,0.1281979706831126,0.3554640937250955,False
primary,forward,mean,sgris_2021:060821-S6,sgris_2021:2006-08-21,B8,0.11005951539136336,0.3096037054410612,False
primary,forward,mean,sgris_2021:060821-S7,sgris_2021:2006-08-21,B2,0.2901635783922148,0.35594568109604313,True
primary,forward,mean,sgris_2021:060821-S7,sgris_2021:2006-08-21,B3,0.28542406142635796,0.35067304104731883,True
primary,forward,mean,sgris_2021:060821-S7,sgris_2021:2006-08-21,B4,0.2883791068593841,0.3554640937250955,True
primary,forward,mean,sgris_2021:060821-S7,sgris_2021:2006-08-21,B8,0.256040982200905,0.3096037054410612,True
primary,forward,mean,sgris_2021:060821-S9,sgris_2021:2006-08-21,B2,0.12474855621202696,0.35594568109604313,False
primary,forward,mean,sgris_2021:060821-S9,sgris_2021:2006-08-21,B3,0.12247666947986853,0.35067304104731883,False
primary,forward,mean,sgris_2021:060821-S9,sgris_2021:2006-08-21,B4,0.15398433381878673,0.3554640937250955,False
primary,forward,mean,sgris_2021:060821-S9,sgris_2021:2006-08-21,B8,0.23652487262623667,0.3096037054410612,False
primary,forward,mean,sgris_2021:060821-S11,sgris_2021:2006-08-21,B2,0.46650928103627365,0.35594568109604313,False
primary,forward,mean,sgris_2021:060821-S11,sgris_2021:2006-08-21,B3,0.4580848476029187,0.35067304104731883,False
primary,forward,mean,sgris_2021:060821-S11,sgris_2021:2006-08-21,B4,0.4525288217681412,0.3554640937250955,False
primary,forward,mean,sgris_2021:060821-S11,sgris_2021:2006-08-21,B8,0.38468247619829243,0.3096037054410612,False
primary,forward,mean,sgris_2021:060821-S12,sgris_2021:2006-08-21,B2,0.3793314224620313,0.35594568109604313,False
primary,forward,mean,sgris_2021:060821-S12,sgris_2021:2006-08-21,B3,0.37491808100747975,0.35067304104731883,False
primary,forward,mean,sgris_2021:060821-S12,sgris_2021:2006-08-21,B4,0.3730526577652799,0.3554640937250955,False
primary,forward,mean,sgris_2021:060821-S12,sgris_2021:2006-08-21,B8,0.32151758251690266,0.3096037054410612,False
primary,forward,mean,sgris_2021:060821-S13,sgris_2021:2006-08-21,B2,0.211425808076732,0.35594568109604313,False
primary,forward,mean,sgris_2021:060821-S13,sgris_2021:2006-08-21,B3,0.20399392812112768,0.35067304104731883,False
primary,forward,mean,sgris_2021:060821-S13,sgris_2021:2006-08-21,B4,0.21302199761242907,0.3554640937250955,False
primary,forward,mean,sgris_2021:060821-S13,sgris_2021:2006-08-21,B8,0.1749253524529318,0.3096037054410612,False
primary,forward,mean,sgris_2021:060821-S14,sgris_2021:2006-08-21,B2,0.3104832568595826,0.35594568109604313,False
primary,forward,mean,sgris_2021:060821-S14,sgris_2021:2006-08-21,B3,0.30500315402114175,0.35067304104731883,False
primary,forward,mean,sgris_2021:060821-S14,sgris_2021:2006-08-21,B4,0.33129503993348386,0.3554640937250955,False
primary,forward,mean,sgris_2021:060821-S14,sgris_2021:2006-08-21,B8,0.3234370371617444,0.3096037054410612,False
primary,forward,mean,sgris_2021:060821-S15,sgris_2021:2006-08-21,B2,0.14202182566538044,0.35594568109604313,False
primary,forward,mean,sgris_2021:060821-S15,sgris_2021:2006-08-21,B3,0.13622338463151037,0.35067304104731883,False
primary,forward,mean,sgris_2021:060821-S15,sgris_2021:2006-08-21,B4,0.15282597931852546,0.3554640937250955,False
primary,forward,mean,sgris_2021:060821-S15,sgris_2021:2006-08-21,B8,0.13761382378576717,0.3096037054410612,False
primary,forward,mean,sgris_2021:060821-S16,sgris_2021:2006-08-21,B2,0.23787970029158195,0.35594568109604313,False
primary,forward,mean,sgris_2021:060821-S16,sgris_2021:2006-08-21,B3,0.22893382354580327,0.35067304104731883,False
primary,forward,mean,sgris_2021:060821-S16,sgris_2021:2006-08-21,B4,0.23942856917539712,0.3554640937250955,False
primary,forward,mean,sgris_2021:060821-S16,sgris_2021:2006-08-21,B8,0.2287399118866861,0.3096037054410612,False
primary,forward,ridge,sgris_2021:050821-S2,sgris_2021:2005-08-21,B2,0.4387950828793022,0.31199791984012804,False
primary,forward,ridge,sgris_2021:050821-S2,sgris_2021:2005-08-21,B3,0.42894706761172985,0.3074588620886094,False
primary,forward,ridge,sgris_2021:050821-S2,sgris_2021:2005-08-21,B4,0.4114632114136311,0.3167758785430957,False
primary,forward,ridge,sgris_2021:050821-S2,sgris_2021:2005-08-21,B8,0.31313673733313657,0.2842343596964391,False
primary,forward,ridge,sgris_2021:050821-S3,sgris_2021:2005-08-21,B2,0.3462672945901762,0.2410720973980022,False
primary,forward,ridge,sgris_2021:050821-S3,sgris_2021:2005-08-21,B3,0.33768088153599984,0.2377169435876949,False
primary,forward,ridge,sgris_2021:050821-S3,sgris_2021:2005-08-21,B4,0.35283523300696035,0.25433826165010887,False
primary,forward,ridge,sgris_2021:050821-S3,sgris_2021:2005-08-21,B8,0.30459415372996046,0.24329162085524755,False
primary,forward,ridge,sgris_2021:050821-S4,sgris_2021:2005-08-21,B2,0.2885389504154407,0.18406587336767208,False
primary,forward,ridge,sgris_2021:050821-S4,sgris_2021:2005-08-21,B3,0.27393564759195976,0.1816622755771509,False
primary,forward,ridge,sgris_2021:050821-S4,sgris_2021:2005-08-21,B4,0.25553891935749257,0.20415438426996446,False
primary,forward,ridge,sgris_2021:050821-S4,sgris_2021:2005-08-21,B8,0.17470739076688113,0.21038412873979473,False
primary,forward,ridge,sgris_2021:050821-S7,sgris_2021:2005-08-21,B2,0.2271624111687256,0.13339287426279092,False
primary,forward,ridge,sgris_2021:050821-S7,sgris_2021:2005-08-21,B3,0.22048773599276802,0.13183511739857298,False
primary,forward,ridge,sgris_2021:050821-S7,sgris_2021:2005-08-21,B4,0.24106245152934078,0.15954578903638897,False
primary,forward,ridge,sgris_2021:050821-S7,sgris_2021:2005-08-21,B8,0.25585190491170096,0.1811325628472174,False
primary,forward,ridge,sgris_2021:050821-S8,sgris_2021:2005-08-21,B2,0.2245994315568052,0.13881680778150157,False
primary,forward,ridge,sgris_2021:050821-S8,sgris_2021:2005-08-21,B3,0.2108346196051222,0.13716851384561396,False
primary,forward,ridge,sgris_2021:050821-S8,sgris_2021:2005-08-21,B4,0.19494550206185732,0.16432060124770487,False
primary,forward,ridge,sgris_2021:050821-S8,sgris_2021:2005-08-21,B8,0.1536432612335535,0.18426359024883493,False
primary,forward,ridge,sgris_2021:060821-S1,sgris_2021:2006-08-21,B2,0.1727608572865341,0.22584680610192723,False
primary,forward,ridge,sgris_2021:060821-S1,sgris_2021:2006-08-21,B3,0.16591109274308938,0.22274579502484268,False
primary,forward,ridge,sgris_2021:060821-S1,sgris_2021:2006-08-21,B4,0.16654827975811906,0.24093509095294624,False
primary,forward,ridge,sgris_2021:060821-S1,sgris_2021:2006-08-21,B8,0.15644565320972822,0.23450264804037582,False
primary,forward,ridge,sgris_2021:060821-S2,sgris_2021:2006-08-21,B2,0.2562487336772976,0.2497676166028973,False
primary,forward,ridge,sgris_2021:060821-S2,sgris_2021:2006-08-21,B3,0.24942398279936018,0.2462673159461653,False
primary,forward,ridge,sgris_2021:060821-S2,sgris_2021:2006-08-21,B4,0.26942166582633054,0.2619931252541773,False
primary,forward,ridge,sgris_2021:060821-S2,sgris_2021:2006-08-21,B8,0.27071501816296367,0.24831120835717735,False
primary,forward,ridge,sgris_2021:060821-S3,sgris_2021:2006-08-21,B2,0.33558512706785376,0.3012005529759199,False
primary,forward,ridge,sgris_2021:060821-S3,sgris_2021:2006-08-21,B3,0.32208155121624493,0.29684172641164863,False
primary,forward,ridge,sgris_2021:060821-S3,sgris_2021:2006-08-21,B4,0.3085209294219238,0.3072707105731287,False
primary,forward,ridge,sgris_2021:060821-S3,sgris_2021:2006-08-21,B8,0.25188142916418343,0.27800145669338217,False
primary,forward,ridge,sgris_2021:060821-S5,sgris_2021:2006-08-21,B2,0.18223308299125093,0.23441427256631503,False
primary,forward,ridge,sgris_2021:060821-S5,sgris_2021:2006-08-21,B3,0.17586601483598513,0.23117025211740883,False
primary,forward,ridge,sgris_2021:060821-S5,sgris_2021:2006-08-21,B4,0.18516973609747805,0.2484772268130338,False
primary,forward,ridge,sgris_2021:060821-S5,sgris_2021:2006-08-21,B8,0.19340557618927462,0.23944831563934266,False
primary,forward,ridge,sgris_2021:060821-S6,sgris_2021:2006-08-21,B2,0.13862132566519333,0.226216325542142,False
primary,forward,ridge,sgris_2021:060821-S6,sgris_2021:2006-08-21,B3,0.13176753345659284,0.22310914639387322,False
primary,forward,ridge,sgris_2021:060821-S6,sgris_2021:2006-08-21,B4,0.1281979706831126,0.24126038733229338,False
primary,forward,ridge,sgris_2021:060821-S6,sgris_2021:2006-08-21,B8,0.11005951539136336,0.2347159573460212,False
primary,forward,ridge,sgris_2021:060821-S7,sgris_2021:2006-08-21,B2,0.2901635783922148,0.11883580676036787,True
primary,forward,ridge,sgris_2021:060821-S7,sgris_2021:2006-08-21,B3,0.28542406142635796,0.11752103854252985,True
primary,forward,ridge,sgris_2021:060821-S7,sgris_2021:2006-08-21,B4,0.2883791068593841,0.14673087096415519,True
primary,forward,ridge,sgris_2021:060821-S7,sgris_2021:2006-08-21,B8,0.256040982200905,0.17272932982821879,True
primary,forward,ridge,sgris_2021:060821-S9,sgris_2021:2006-08-21,B2,0.12474855621202696,0.17613583158727827,False
primary,forward,ridge,sgris_2021:060821-S9,sgris_2021:2006-08-21,B3,0.12247666947986853,0.1738646031848659,False
primary,forward,ridge,sgris_2021:060821-S9,sgris_2021:2006-08-21,B4,0.15398433381878673,0.19717338787709743,False
primary,forward,ridge,sgris_2021:060821-S9,sgris_2021:2006-08-21,B8,0.23652487262623667,0.2058064217998529,False
primary,forward,ridge,sgris_2021:060821-S11,sgris_2021:2006-08-21,B2,0.46650928103627365,0.4281303330001076,False
primary,forward,ridge,sgris_2021:060821-S11,sgris_2021:2006-08-21,B3,0.4580848476029187,0.42165277644930227,False
primary,forward,ridge,sgris_2021:060821-S11,sgris_2021:2006-08-21,B4,0.4525288217681412,0.4190098868643609,False
primary,forward,ridge,sgris_2021:060821-S11,sgris_2021:2006-08-21,B8,0.38468247619829243,0.35127311792707105,False
primary,forward,ridge,sgris_2021:060821-S12,sgris_2021:2006-08-21,B2,0.3793314224620313,0.3346889776336931,False
primary,forward,ridge,sgris_2021:060821-S12,sgris_2021:2006-08-21,B3,0.37491808100747975,0.32977115751006414,False
primary,forward,ridge,sgris_2021:060821-S12,sgris_2021:2006-08-21,B4,0.3730526577652799,0.3367513335273125,False
primary,forward,ridge,sgris_2021:060821-S12,sgris_2021:2006-08-21,B8,0.32151758251690266,0.2973330312561576,False
primary,forward,ridge,sgris_2021:060821-S13,sgris_2021:2006-08-21,B2,0.211425808076732,0.2079166289503299,False
primary,forward,ridge,sgris_2021:060821-S13,sgris_2021:2006-08-21,B3,0.20399392812112768,0.20511491094684647,False
primary,forward,ridge,sgris_2021:060821-S13,sgris_2021:2006-08-21,B4,0.21302199761242907,0.2251507476310436,False
primary,forward,ridge,sgris_2021:060821-S13,sgris_2021:2006-08-21,B8,0.1749253524529318,0.22415224905708353,False
primary,forward,ridge,sgris_2021:060821-S14,sgris_2021:2006-08-21,B2,0.3104832568595826,0.2637671041749231,False
primary,forward,ridge,sgris_2021:060821-S14,sgris_2021:2006-08-21,B3,0.30500315402114175,0.2600331220755122,False
primary,forward,ridge,sgris_2021:060821-S14,sgris_2021:2006-08-21,B4,0.33129503993348386,0.2743171930143153,False
primary,forward,ridge,sgris_2021:060821-S14,sgris_2021:2006-08-21,B8,0.3234370371617444,0.25639257201058663,False
primary,forward,ridge,sgris_2021:060821-S15,sgris_2021:2006-08-21,B2,0.14202182566538044,0.20927016361884052,False
primary,forward,ridge,sgris_2021:060821-S15,sgris_2021:2006-08-21,B3,0.13622338463151037,0.2064458522216757,False
primary,forward,ridge,sgris_2021:060821-S15,sgris_2021:2006-08-21,B4,0.15282597931852546,0.22634229502766073,False
primary,forward,ridge,sgris_2021:060821-S15,sgris_2021:2006-08-21,B8,0.13761382378576717,0.22493359236107618,False
primary,forward,ridge,sgris_2021:060821-S16,sgris_2021:2006-08-21,B2,0.23787970029158195,0.15374684602929212,False
primary,forward,ridge,sgris_2021:060821-S16,sgris_2021:2006-08-21,B3,0.22893382354580327,0.1518493377661626,False
primary,forward,ridge,sgris_2021:060821-S16,sgris_2021:2006-08-21,B4,0.23942856917539712,0.17746385396181816,False
primary,forward,ridge,sgris_2021:060821-S16,sgris_2021:2006-08-21,B8,0.2287399118866861,0.19288212487868825,False
primary,forward,random_forest,sgris_2021:050821-S2,sgris_2021:2005-08-21,B2,0.4387950828793022,0.33216340999132604,False
primary,forward,random_forest,sgris_2021:050821-S2,sgris_2021:2005-08-21,B3,0.42894706761172985,0.32807294403809384,False
primary,forward,random_forest,sgris_2021:050821-S2,sgris_2021:2005-08-21,B4,0.4114632114136311,0.33771063164764237,False
primary,forward,random_forest,sgris_2021:050821-S2,sgris_2021:2005-08-21,B8,0.31313673733313657,0.2846998042630301,False
primary,forward,random_forest,sgris_2021:050821-S3,sgris_2021:2005-08-21,B2,0.3462672945901762,0.21623892466267244,False
primary,forward,random_forest,sgris_2021:050821-S3,sgris_2021:2005-08-21,B3,0.33768088153599984,0.2136525487359348,False
primary,forward,random_forest,sgris_2021:050821-S3,sgris_2021:2005-08-21,B4,0.35283523300696035,0.23505018485889959,False
primary,forward,random_forest,sgris_2021:050821-S3,sgris_2021:2005-08-21,B8,0.30459415372996046,0.24531613125535817,False
primary,forward,random_forest,sgris_2021:050821-S4,sgris_2021:2005-08-21,B2,0.2885389504154407,0.1947665104757332,False
primary,forward,random_forest,sgris_2021:050821-S4,sgris_2021:2005-08-21,B3,0.27393564759195976,0.19338894795904127,False
primary,forward,random_forest,sgris_2021:050821-S4,sgris_2021:2005-08-21,B4,0.25553891935749257,0.21831692905976025,False
primary,forward,random_forest,sgris_2021:050821-S4,sgris_2021:2005-08-21,B8,0.17470739076688113,0.2424371245407693,False
primary,forward,random_forest,sgris_2021:050821-S7,sgris_2021:2005-08-21,B2,0.2271624111687256,0.1947665104757332,False
primary,forward,random_forest,sgris_2021:050821-S7,sgris_2021:2005-08-21,B3,0.22048773599276802,0.19338894795904127,False
primary,forward,random_forest,sgris_2021:050821-S7,sgris_2021:2005-08-21,B4,0.24106245152934078,0.21831692905976025,False
primary,forward,random_forest,sgris_2021:050821-S7,sgris_2021:2005-08-21,B8,0.25585190491170096,0.2424371245407693,False
primary,forward,random_forest,sgris_2021:050821-S8,sgris_2021:2005-08-21,B2,0.2245994315568052,0.1947665104757332,False
primary,forward,random_forest,sgris_2021:050821-S8,sgris_2021:2005-08-21,B3,0.2108346196051222,0.19338894795904127,False
primary,forward,random_forest,sgris_2021:050821-S8,sgris_2021:2005-08-21,B4,0.19494550206185732,0.21831692905976025,False
primary,forward,random_forest,sgris_2021:050821-S8,sgris_2021:2005-08-21,B8,0.1536432612335535,0.2424371245407693,False
primary,forward,random_forest,sgris_2021:060821-S1,sgris_2021:2006-08-21,B2,0.1727608572865341,0.19682439484321806,False
primary,forward,random_forest,sgris_2021:060821-S1,sgris_2021:2006-08-21,B3,0.16591109274308938,0.19508741492533677,False
primary,forward,random_forest,sgris_2021:060821-S1,sgris_2021:2006-08-21,B4,0.16654827975811906,0.2189767329453674,False
primary,forward,random_forest,sgris_2021:060821-S1,sgris_2021:2006-08-21,B8,0.15644565320972822,0.24090445977874153,False
primary,forward,random_forest,sgris_2021:060821-S2,sgris_2021:2006-08-21,B2,0.2562487336772976,0.22923337850348033,False
primary,forward,random_forest,sgris_2021:060821-S2,sgris_2021:2006-08-21,B3,0.24942398279936018,0.22605458726638922,False
primary,forward,random_forest,sgris_2021:060821-S2,sgris_2021:2006-08-21,B4,0.26942166582633054,0.2451570712281131,False
primary,forward,random_forest,sgris_2021:060821-S2,sgris_2021:2006-08-21,B8,0.27071501816296367,0.24583971940787436,False
primary,forward,random_forest,sgris_2021:060821-S3,sgris_2021:2006-08-21,B2,0.33558512706785376,0.32188817699435107,False
primary,forward,random_forest,sgris_2021:060821-S3,sgris_2021:2006-08-21,B3,0.32208155121624493,0.31822399218232444,False
primary,forward,random_forest,sgris_2021:060821-S3,sgris_2021:2006-08-21,B4,0.3085209294219238,0.32919040083356027,False
primary,forward,random_forest,sgris_2021:060821-S3,sgris_2021:2006-08-21,B8,0.25188142916418343,0.2794353561215469,False
primary,forward,random_forest,sgris_2021:060821-S5,sgris_2021:2006-08-21,B2,0.18223308299125093,0.21294529786326244,False
primary,forward,random_forest,sgris_2021:060821-S5,sgris_2021:2006-08-21,B3,0.17586601483598513,0.21044772944688675,False
primary,forward,random_forest,sgris_2021:060821-S5,sgris_2021:2006-08-21,B4,0.18516973609747805,0.23216743970380505,False
primary,forward,random_forest,sgris_2021:060821-S5,sgris_2021:2006-08-21,B8,0.19340557618927462,0.24422501566070162,False
primary,forward,random_forest,sgris_2021:060821-S6,sgris_2021:2006-08-21,B2,0.13862132566519333,0.2119349252303225,False
primary,forward,random_forest,sgris_2021:060821-S6,sgris_2021:2006-08-21,B3,0.13176753345659284,0.20947051431785277,False
primary,forward,random_forest,sgris_2021:060821-S6,sgris_2021:2006-08-21,B4,0.1281979706831126,0.2313211633223834,False
primary,forward,random_forest,sgris_2021:060821-S6,sgris_2021:2006-08-21,B8,0.11005951539136336,0.24404938584689437,False
primary,forward,random_forest,sgris_2021:060821-S7,sgris_2021:2006-08-21,B2,0.2901635783922148,0.1947665104757332,True
primary,forward,random_forest,sgris_2021:060821-S7,sgris_2021:2006-08-21,B3,0.28542406142635796,0.19338894795904127,True
primary,forward,random_forest,sgris_2021:060821-S7,sgris_2021:2006-08-21,B4,0.2883791068593841,0.21831692905976025,True
primary,forward,random_forest,sgris_2021:060821-S7,sgris_2021:2006-08-21,B8,0.256040982200905,0.2424371245407693,True
primary,forward,random_forest,sgris_2021:060821-S9,sgris_2021:2006-08-21,B2,0.12474855621202696,0.1947665104757332,False
primary,forward,random_forest,sgris_2021:060821-S9,sgris_2021:2006-08-21,B3,0.12247666947986853,0.19338894795904127,False
primary,forward,random_forest,sgris_2021:060821-S9,sgris_2021:2006-08-21,B4,0.15398433381878673,0.21831692905976025,False
primary,forward,random_forest,sgris_2021:060821-S9,sgris_2021:2006-08-21,B8,0.23652487262623667,0.2424371245407693,False
primary,forward,random_forest,sgris_2021:060821-S11,sgris_2021:2006-08-21,B2,0.46650928103627365,0.3944412255945536,False
primary,forward,random_forest,sgris_2021:060821-S11,sgris_2021:2006-08-21,B3,0.4580848476029187,0.385614329701506,False
primary,forward,random_forest,sgris_2021:060821-S11,sgris_2021:2006-08-21,B4,0.4525288217681412,0.37716239315725764,False
primary,forward,random_forest,sgris_2021:060821-S11,sgris_2021:2006-08-21,B8,0.38468247619829243,0.2969375685293428,False
primary,forward,random_forest,sgris_2021:060821-S12,sgris_2021:2006-08-21,B2,0.3793314224620313,0.33377654729799316,False
primary,forward,random_forest,sgris_2021:060821-S12,sgris_2021:2006-08-21,B3,0.37491808100747975,0.32854580069723915,False
primary,forward,random_forest,sgris_2021:060821-S12,sgris_2021:2006-08-21,B4,0.3730526577652799,0.33381522017147003,False
primary,forward,random_forest,sgris_2021:060821-S12,sgris_2021:2006-08-21,B8,0.32151758251690266,0.275326538402995,False
primary,forward,random_forest,sgris_2021:060821-S13,sgris_2021:2006-08-21,B2,0.211425808076732,0.1947665104757332,False
primary,forward,random_forest,sgris_2021:060821-S13,sgris_2021:2006-08-21,B3,0.20399392812112768,0.19338894795904127,False
primary,forward,random_forest,sgris_2021:060821-S13,sgris_2021:2006-08-21,B4,0.21302199761242907,0.21831692905976025,False
primary,forward,random_forest,sgris_2021:060821-S13,sgris_2021:2006-08-21,B8,0.1749253524529318,0.2424371245407693,False
primary,forward,random_forest,sgris_2021:060821-S14,sgris_2021:2006-08-21,B2,0.3104832568595826,0.24474289317496078,False
primary,forward,random_forest,sgris_2021:060821-S14,sgris_2021:2006-08-21,B3,0.30500315402114175,0.24086902973617297,False
primary,forward,random_forest,sgris_2021:060821-S14,sgris_2021:2006-08-21,B4,0.33129503993348386,0.2563067026135857,False
primary,forward,random_forest,sgris_2021:060821-S14,sgris_2021:2006-08-21,B8,0.3234370371617444,0.24265600173019364,False
primary,forward,random_forest,sgris_2021:060821-S15,sgris_2021:2006-08-21,B2,0.14202182566538044,0.1947665104757332,False
primary,forward,random_forest,sgris_2021:060821-S15,sgris_2021:2006-08-21,B3,0.13622338463151037,0.19338894795904127,False
primary,forward,random_forest,sgris_2021:060821-S15,sgris_2021:2006-08-21,B4,0.15282597931852546,0.21831692905976025,False
primary,forward,random_forest,sgris_2021:060821-S15,sgris_2021:2006-08-21,B8,0.13761382378576717,0.2424371245407693,False
primary,forward,random_forest,sgris_2021:060821-S16,sgris_2021:2006-08-21,B2,0.23787970029158195,0.1947665104757332,False
primary,forward,random_forest,sgris_2021:060821-S16,sgris_2021:2006-08-21,B3,0.22893382354580327,0.19338894795904127,False
primary,forward,random_forest,sgris_2021:060821-S16,sgris_2021:2006-08-21,B4,0.23942856917539712,0.21831692905976025,False
primary,forward,random_forest,sgris_2021:060821-S16,sgris_2021:2006-08-21,B8,0.2287399118866861,0.2424371245407693,False
primary,forward,gaussian_process,sgris_2021:050821-S2,sgris_2021:2005-08-21,B2,0.4387950828793022,0.3030212067130152,False
primary,forward,gaussian_process,sgris_2021:050821-S2,sgris_2021:2005-08-21,B3,0.42894706761172985,0.297211088010658,False
primary,forward,gaussian_process,sgris_2021:050821-S2,sgris_2021:2005-08-21,B4,0.4114632114136311,0.30353122879458655,False
primary,forward,gaussian_process,sgris_2021:050821-S2,sgris_2021:2005-08-21,B8,0.31313673733313657,0.2594024698538953,False
primary,forward,gaussian_process,sgris_2021:050821-S3,sgris_2021:2005-08-21,B2,0.3462672945901762,0.23846475064805508,False
primary,forward,gaussian_process,sgris_2021:050821-S3,sgris_2021:2005-08-21,B3,0.33768088153599984,0.2356900605629766,False
primary,forward,gaussian_process,sgris_2021:050821-S3,sgris_2021:2005-08-21,B4,0.35283523300696035,0.2546244299601072,False
primary,forward,gaussian_process,sgris_2021:050821-S3,sgris_2021:2005-08-21,B8,0.30459415372996046,0.24928582304408448,False
primary,forward,gaussian_process,sgris_2021:050821-S4,sgris_2021:2005-08-21,B2,0.2885389504154407,0.19763500403223577,False
primary,forward,gaussian_process,sgris_2021:050821-S4,sgris_2021:2005-08-21,B3,0.27393564759195976,0.19743430042776364,False
primary,forward,gaussian_process,sgris_2021:050821-S4,sgris_2021:2005-08-21,B4,0.25553891935749257,0.22577252838599435,False
primary,forward,gaussian_process,sgris_2021:050821-S4,sgris_2021:2005-08-21,B8,0.17470739076688113,0.2519311727206652,False
primary,forward,gaussian_process,sgris_2021:050821-S7,sgris_2021:2005-08-21,B2,0.2271624111687256,0.17133463403794524,False
primary,forward,gaussian_process,sgris_2021:050821-S7,sgris_2021:2005-08-21,B3,0.22048773599276802,0.17313928047322752,False
primary,forward,gaussian_process,sgris_2021:050821-S7,sgris_2021:2005-08-21,B4,0.24106245152934078,0.20805708473185305,False
primary,forward,gaussian_process,sgris_2021:050821-S7,sgris_2021:2005-08-21,B8,0.25585190491170096,0.25845121289184125,False
primary,forward,gaussian_process,sgris_2021:050821-S8,sgris_2021:2005-08-21,B2,0.2245994315568052,0.17366664984964467,False
primary,forward,gaussian_process,sgris_2021:050821-S8,sgris_2021:2005-08-21,B3,0.2108346196051222,0.1752780363733485,False
primary,forward,gaussian_process,sgris_2021:050821-S8,sgris_2021:2005-08-21,B4,0.19494550206185732,0.2095962884004324,False
primary,forward,gaussian_process,sgris_2021:050821-S8,sgris_2021:2005-08-21,B8,0.1536432612335535,0.2576583749303699,False
primary,forward,gaussian_process,sgris_2021:060821-S1,sgris_2021:2006-08-21,B2,0.1727608572865341,0.22648759306797375,False
primary,forward,gaussian_process,sgris_2021:060821-S1,sgris_2021:2006-08-21,B3,0.16591109274308938,0.22441093771628007,False
primary,forward,gaussian_process,sgris_2021:060821-S1,sgris_2021:2006-08-21,B4,0.16654827975811906,0.2459964239402164,False
primary,forward,gaussian_process,sgris_2021:060821-S1,sgris_2021:2006-08-21,B8,0.15644565320972822,0.24927253606170474,False
primary,forward,gaussian_process,sgris_2021:060821-S2,sgris_2021:2006-08-21,B2,0.2562487336772976,0.24563058430841406,False
primary,forward,gaussian_process,sgris_2021:060821-S2,sgris_2021:2006-08-21,B3,0.24942398279936018,0.242459363820972,False
primary,forward,gaussian_process,sgris_2021:060821-S2,sgris_2021:2006-08-21,B4,0.26942166582633054,0.25985223239870725,False
primary,forward,gaussian_process,sgris_2021:060821-S2,sgris_2021:2006-08-21,B8,0.27071501816296367,0.24958547721359298,False
primary,forward,gaussian_process,sgris_2021:060821-S3,sgris_2021:2006-08-21,B2,0.33558512706785376,0.29236999752964066,False
primary,forward,gaussian_process,sgris_2021:060821-S3,sgris_2021:2006-08-21,B3,0.32208155121624493,0.2869798111467679,False
primary,forward,gaussian_process,sgris_2021:060821-S3,sgris_2021:2006-08-21,B4,0.3085209294219238,0.2951787154069143,False
primary,forward,gaussian_process,sgris_2021:060821-S3,sgris_2021:2006-08-21,B8,0.25188142916418343,0.2566162016538982,False
primary,forward,gaussian_process,sgris_2021:060821-S5,sgris_2021:2006-08-21,B2,0.18223308299125093,0.23313635336229627,False
primary,forward,gaussian_process,sgris_2021:060821-S5,sgris_2021:2006-08-21,B3,0.17586601483598513,0.2306666820092816,False
primary,forward,gaussian_process,sgris_2021:060821-S5,sgris_2021:2006-08-21,B4,0.18516973609747805,0.2507690772289884,False
primary,forward,gaussian_process,sgris_2021:060821-S5,sgris_2021:2006-08-21,B8,0.19340557618927462,0.24920353529784173,False
primary,forward,gaussian_process,sgris_2021:060821-S6,sgris_2021:2006-08-21,B2,0.13862132566519333,0.22676944248597306,False
primary,forward,gaussian_process,sgris_2021:060821-S6,sgris_2021:2006-08-21,B3,0.13176753345659284,0.2246758428926928,False
primary,forward,gaussian_process,sgris_2021:060821-S6,sgris_2021:2006-08-21,B4,0.1281979706831126,0.24619788762067796,False
primary,forward,gaussian_process,sgris_2021:060821-S6,sgris_2021:2006-08-21,B8,0.11005951539136336,0.24926568561797574,False
primary,forward,gaussian_process,sgris_2021:060821-S7,sgris_2021:2006-08-21,B2,0.2901635783922148,0.16566633924113988,True
primary,forward,gaussian_process,sgris_2021:060821-S7,sgris_2021:2006-08-21,B3,0.28542406142635796,0.16795899218671342,True
primary,forward,gaussian_process,sgris_2021:060821-S7,sgris_2021:2006-08-21,B4,0.2883791068593841,0.2043485154896304,True
primary,forward,gaussian_process,sgris_2021:060821-S7,sgris_2021:2006-08-21,B8,0.256040982200905,0.2606324644755561,True
primary,forward,gaussian_process,sgris_2021:060821-S9,sgris_2021:2006-08-21,B2,0.12474855621202696,0.19286645011943132,False
primary,forward,gaussian_process,sgris_2021:060821-S9,sgris_2021:2006-08-21,B3,0.12247666947986853,0.19300512323445068,False
primary,forward,gaussian_process,sgris_2021:060821-S9,sgris_2021:2006-08-21,B4,0.15398433381878673,0.22250696736211156,False
primary,forward,gaussian_process,sgris_2021:060821-S9,sgris_2021:2006-08-21,B8,0.23652487262623667,0.25277705017340557,False
primary,forward,gaussian_process,sgris_2021:060821-S11,sgris_2021:2006-08-21,B2,0.46650928103627365,0.4289195559886484,False
primary,forward,gaussian_process,sgris_2021:060821-S11,sgris_2021:2006-08-21,B3,0.4580848476029187,0.4203576901851144,False
primary,forward,gaussian_process,sgris_2021:060821-S11,sgris_2021:2006-08-21,B4,0.4525288217681412,0.41084640501693376,False
primary,forward,gaussian_process,sgris_2021:060821-S11,sgris_2021:2006-08-21,B8,0.38468247619829243,0.32290396788083686,False
primary,forward,gaussian_process,sgris_2021:060821-S12,sgris_2021:2006-08-21,B2,0.3793314224620313,0.32619653953732947,False
primary,forward,gaussian_process,sgris_2021:060821-S12,sgris_2021:2006-08-21,B3,0.37491808100747975,0.31957832415289533,False
primary,forward,gaussian_process,sgris_2021:060821-S12,sgris_2021:2006-08-21,B4,0.3730526577652799,0.3220968480409766,False
primary,forward,gaussian_process,sgris_2021:060821-S12,sgris_2021:2006-08-21,B8,0.32151758251690266,0.26692334913014387,False
primary,forward,gaussian_process,sgris_2021:060821-S13,sgris_2021:2006-08-21,B2,0.211425808076732,0.21335976722846067,False
primary,forward,gaussian_process,sgris_2021:060821-S13,sgris_2021:2006-08-21,B3,0.20399392812112768,0.21210100000551488,False
primary,forward,gaussian_process,sgris_2021:060821-S13,sgris_2021:2006-08-21,B4,0.21302199761242907,0.23669640467595437,False
primary,forward,gaussian_process,sgris_2021:060821-S13,sgris_2021:2006-08-21,B8,0.1749253524529318,0.24998832390173947,False
primary,forward,gaussian_process,sgris_2021:060821-S14,sgris_2021:2006-08-21,B2,0.3104832568595826,0.2576402245530585,False
primary,forward,gaussian_process,sgris_2021:060821-S14,sgris_2021:2006-08-21,B3,0.30500315402114175,0.25383882995200036,False
primary,forward,gaussian_process,sgris_2021:060821-S14,sgris_2021:2006-08-21,B4,0.33129503993348386,0.26872507546937396,False
primary,forward,gaussian_process,sgris_2021:060821-S14,sgris_2021:2006-08-21,B8,0.3234370371617444,0.25056301953473953,False
primary,forward,gaussian_process,sgris_2021:060821-S15,sgris_2021:2006-08-21,B2,0.14202182566538044,0.21431260192422402,False
primary,forward,gaussian_process,sgris_2021:060821-S15,sgris_2021:2006-08-21,B3,0.13622338463151037,0.2129925413737968,False
primary,forward,gaussian_process,sgris_2021:060821-S15,sgris_2021:2006-08-21,B4,0.15282597931852546,0.23736590518344033,False
primary,forward,gaussian_process,sgris_2021:060821-S15,sgris_2021:2006-08-21,B8,0.13761382378576717,0.24990965704783946,False
primary,forward,gaussian_process,sgris_2021:060821-S16,sgris_2021:2006-08-21,B2,0.23787970029158195,0.18069389403293973,False
primary,forward,gaussian_process,sgris_2021:060821-S16,sgris_2021:2006-08-21,B3,0.22893382354580327,0.18174403837295153,False
primary,forward,gaussian_process,sgris_2021:060821-S16,sgris_2021:2006-08-21,B4,0.23942856917539712,0.2142750259540178,False
primary,forward,gaussian_process,sgris_2021:060821-S16,sgris_2021:2006-08-21,B8,0.2287399118866861,0.25556303451360307,False
secondary,inverse,mean,s6_2017:13_7_SB1,s6_2017:2017-07-13,log10_cells_ml,3.4293484729236616,4.4491920886186085,False
secondary,inverse,mean,s6_2017:13_7_SB2,s6_2017:2017-07-13,log10_cells_ml,4.126293790693266,4.4491920886186085,False
secondary,inverse,mean,s6_2017:13_7_SB3,s6_2017:2017-07-13,log10_cells_ml,2.9719712763997563,4.4491920886186085,True
secondary,inverse,mean,s6_2017:13_7_SB4,s6_2017:2017-07-13,log10_cells_ml,3.6532125137753435,4.4491920886186085,False
secondary,inverse,mean,s6_2017:14_7_SB1,s6_2017:2017-07-14,log10_cells_ml,4.481621755946339,4.4491920886186085,False
secondary,inverse,mean,s6_2017:14_7_SB2,s6_2017:2017-07-14,log10_cells_ml,3.486076097372589,4.4491920886186085,False
secondary,inverse,mean,s6_2017:14_7_SB3,s6_2017:2017-07-14,log10_cells_ml,3.8996837383000322,4.4491920886186085,False
secondary,inverse,mean,s6_2017:14_7_SB4,s6_2017:2017-07-14,log10_cells_ml,4.253761914078067,4.4491920886186085,True
secondary,inverse,mean,s6_2017:14_7_SB5,s6_2017:2017-07-14,log10_cells_ml,4.6127838567197355,4.4491920886186085,False
secondary,inverse,mean,s6_2017:14_7_SB7,s6_2017:2017-07-14,log10_cells_ml,4.094733093753782,4.4491920886186085,True
secondary,inverse,mean,s6_2017:14_7_SB9,s6_2017:2017-07-14,log10_cells_ml,4.339948061694351,4.4491920886186085,False
secondary,inverse,mean,s6_2017:14_7_SB10,s6_2017:2017-07-14,log10_cells_ml,4.3957630894177635,4.4491920886186085,False
secondary,inverse,mean,s6_2017:15_7_SB1,s6_2017:2017-07-15,log10_cells_ml,3.157607853361668,4.4491920886186085,True
secondary,inverse,mean,s6_2017:15_7_SB2,s6_2017:2017-07-15,log10_cells_ml,3.8603380065709936,4.4491920886186085,False
secondary,inverse,mean,s6_2017:15_7_SB3,s6_2017:2017-07-15,log10_cells_ml,4.481621755946339,4.4491920886186085,False
secondary,inverse,mean,s6_2017:15_7_SB4,s6_2017:2017-07-15,log10_cells_ml,3.6283889300503116,4.4491920886186085,True
secondary,inverse,mean,s6_2017:15_7_SB5,s6_2017:2017-07-15,log10_cells_ml,2.9719712763997563,4.4491920886186085,True
secondary,inverse,mean,s6_2017:20_7_SB1,s6_2017:2017-07-20,log10_cells_ml,4.05595140532915,4.4491920886186085,True
secondary,inverse,mean,s6_2017:20_7_SB2,s6_2017:2017-07-20,log10_cells_ml,3.8786653876605253,4.4491920886186085,False
secondary,inverse,mean,s6_2017:20_7_SB3,s6_2017:2017-07-20,log10_cells_ml,3.8822398480188234,4.4491920886186085,False
secondary,inverse,mean,s6_2017:21_7_SB1,s6_2017:2017-07-21,log10_cells_ml,4.964966374831098,4.4491920886186085,True
secondary,inverse,mean,s6_2017:21_7_SB2,s6_2017:2017-07-21,log10_cells_ml,4.651870025899834,4.4491920886186085,False
secondary,inverse,mean,s6_2017:21_7_SB3,s6_2017:2017-07-21,log10_cells_ml,2.8750612633917,4.4491920886186085,True
secondary,inverse,mean,s6_2017:21_7_SB4,s6_2017:2017-07-21,log10_cells_ml,4.155715499683963,4.4491920886186085,False
secondary,inverse,mean,s6_2017:21_7_SB5,s6_2017:2017-07-21,log10_cells_ml,3.026328938722349,4.4491920886186085,False
secondary,inverse,mean,s6_2017:21_7_SB7,s6_2017:2017-07-21,log10_cells_ml,4.521519450017613,4.4491920886186085,False
secondary,inverse,mean,s6_2017:21_7_SB8,s6_2017:2017-07-21,log10_cells_ml,3.0746336182969043,4.4491920886186085,False
secondary,inverse,mean,s6_2017:21_7_SB9,s6_2017:2017-07-21,log10_cells_ml,2.494850021680094,4.4491920886186085,True
secondary,inverse,mean,s6_2017:21_7_SB10,s6_2017:2017-07-21,log10_cells_ml,4.244586337249155,4.4491920886186085,False
secondary,inverse,mean,s6_2017:22_7_SB1,s6_2017:2017-07-22,log10_cells_ml,3.3399480616943507,4.4491920886186085,False
secondary,inverse,mean,s6_2017:22_7_SB2,s6_2017:2017-07-22,log10_cells_ml,4.185046101708608,4.4491920886186085,False
secondary,inverse,mean,s6_2017:22_7_SB3,s6_2017:2017-07-22,log10_cells_ml,3.8252637950292847,4.4491920886186085,False
secondary,inverse,mean,s6_2017:22_7_SB4,s6_2017:2017-07-22,log10_cells_ml,4.7565093254448,4.4491920886186085,False
secondary,inverse,mean,s6_2017:22_7_SB5,s6_2017:2017-07-22,log10_cells_ml,4.35817288180055,4.4491920886186085,False
secondary,inverse,mean,s6_2017:23_7_SB1,s6_2017:2017-07-23,log10_cells_ml,2.3979400086720375,4.4491920886186085,True
secondary,inverse,mean,s6_2017:23_7_SB2,s6_2017:2017-07-23,log10_cells_ml,2.9719712763997563,4.4491920886186085,True
secondary,inverse,mean,s6_2017:23_7_SB3,s6_2017:2017-07-23,log10_cells_ml,3.932600584500482,4.4491920886186085,False
secondary,inverse,mean,s6_2017:23_7_SB4,s6_2017:2017-07-23,log10_cells_ml,4.32479671762173,4.4491920886186085,False
secondary,inverse,mean,s6_2017:23_7_SB5,s6_2017:2017-07-23,log10_cells_ml,4.455796217413925,4.4491920886186085,False
secondary,inverse,mean,s6_2017:24_7_SB1,s6_2017:2017-07-24,log10_cells_ml,3.2730012720637376,4.4491920886186085,False
secondary,inverse,mean,s6_2017:24_7_SB2,s6_2017:2017-07-24,log10_cells_ml,4.128318477259681,4.4491920886186085,False
secondary,inverse,ridge,s6_2017:13_7_SB1,s6_2017:2017-07-13,log10_cells_ml,3.4293484729236616,4.290203622341953,False
secondary,inverse,ridge,s6_2017:13_7_SB2,s6_2017:2017-07-13,log10_cells_ml,4.126293790693266,4.485860790929576,False
secondary,inverse,ridge,s6_2017:13_7_SB3,s6_2017:2017-07-13,log10_cells_ml,2.9719712763997563,3.4079075794885902,True
secondary,inverse,ridge,s6_2017:13_7_SB4,s6_2017:2017-07-13,log10_cells_ml,3.6532125137753435,4.65117566106605,False
secondary,inverse,ridge,s6_2017:14_7_SB1,s6_2017:2017-07-14,log10_cells_ml,4.481621755946339,4.549067302659963,False
secondary,inverse,ridge,s6_2017:14_7_SB2,s6_2017:2017-07-14,log10_cells_ml,3.486076097372589,4.056507194418816,False
secondary,inverse,ridge,s6_2017:14_7_SB3,s6_2017:2017-07-14,log10_cells_ml,3.8996837383000322,4.276913986758204,False
secondary,inverse,ridge,s6_2017:14_7_SB4,s6_2017:2017-07-14,log10_cells_ml,4.253761914078067,4.818325181016655,True
secondary,inverse,ridge,s6_2017:14_7_SB5,s6_2017:2017-07-14,log10_cells_ml,4.6127838567197355,4.58734499973566,False
secondary,inverse,ridge,s6_2017:14_7_SB7,s6_2017:2017-07-14,log10_cells_ml,4.094733093753782,4.20226009446557,True
secondary,inverse,ridge,s6_2017:14_7_SB9,s6_2017:2017-07-14,log10_cells_ml,4.339948061694351,4.4079812639349525,False
secondary,inverse,ridge,s6_2017:14_7_SB10,s6_2017:2017-07-14,log10_cells_ml,4.3957630894177635,4.487744408940308,False
secondary,inverse,ridge,s6_2017:15_7_SB1,s6_2017:2017-07-15,log10_cells_ml,3.157607853361668,3.5430827951564576,True
secondary,inverse,ridge,s6_2017:15_7_SB2,s6_2017:2017-07-15,log10_cells_ml,3.8603380065709936,4.177695859169061,False
secondary,inverse,ridge,s6_2017:15_7_SB3,s6_2017:2017-07-15,log10_cells_ml,4.481621755946339,4.69500132546638,False
secondary,inverse,ridge,s6_2017:15_7_SB4,s6_2017:2017-07-15,log10_cells_ml,3.6283889300503116,3.96736388378978,True
secondary,inverse,ridge,s6_2017:15_7_SB5,s6_2017:2017-07-15,log10_cells_ml,2.9719712763997563,3.619683757457364,True
secondary,inverse,ridge,s6_2017:20_7_SB1,s6_2017:2017-07-20,log10_cells_ml,4.05595140532915,4.048472121657117,True
secondary,inverse,ridge,s6_2017:20_7_SB2,s6_2017:2017-07-20,log10_cells_ml,3.8786653876605253,4.128854554393925,False
secondary,inverse,ridge,s6_2017:20_7_SB3,s6_2017:2017-07-20,log10_cells_ml,3.8822398480188234,4.1192346904634505,False
secondary,inverse,ridge,s6_2017:21_7_SB1,s6_2017:2017-07-21,log10_cells_ml,4.964966374831098,4.71900995920612,True
secondary,inverse,ridge,s6_2017:21_7_SB2,s6_2017:2017-07-21,log10_cells_ml,4.651870025899834,4.464036165239565,False
secondary,inverse,ridge,s6_2017:21_7_SB3,s6_2017:2017-07-21,log10_cells_ml,2.8750612633917,3.384333864009375,True
secondary,inverse,ridge,s6_2017:21_7_SB4,s6_2017:2017-07-21,log10_cells_ml,4.155715499683963,4.241606963772861,False
secondary,inverse,ridge,s6_2017:21_7_SB5,s6_2017:2017-07-21,log10_cells_ml,3.026328938722349,4.352291464198191,False
secondary,inverse,ridge,s6_2017:21_7_SB7,s6_2017:2017-07-21,log10_cells_ml,4.521519450017613,4.630056151900885,False
secondary,inverse,ridge,s6_2017:21_7_SB8,s6_2017:2017-07-21,log10_cells_ml,3.0746336182969043,4.375378578746935,False
secondary,inverse,ridge,s6_2017:21_7_SB9,s6_2017:2017-07-21,log10_cells_ml,2.494850021680094,3.422300764962777,True
secondary,inverse,ridge,s6_2017:21_7_SB10,s6_2017:2017-07-21,log10_cells_ml,4.244586337249155,4.488750968636977,False
secondary,inverse,ridge,s6_2017:22_7_SB1,s6_2017:2017-07-22,log10_cells_ml,3.3399480616943507,4.436101705781744,False
secondary,inverse,ridge,s6_2017:22_7_SB2,s6_2017:2017-07-22,log10_cells_ml,4.185046101708608,4.142635818695426,False
secondary,inverse,ridge,s6_2017:22_7_SB3,s6_2017:2017-07-22,log10_cells_ml,3.8252637950292847,4.09818290182038,False
secondary,inverse,ridge,s6_2017:22_7_SB4,s6_2017:2017-07-22,log10_cells_ml,4.7565093254448,4.495939880284675,False
secondary,inverse,ridge,s6_2017:22_7_SB5,s6_2017:2017-07-22,log10_cells_ml,4.35817288180055,4.4307780206072565,False
secondary,inverse,ridge,s6_2017:23_7_SB1,s6_2017:2017-07-23,log10_cells_ml,2.3979400086720375,3.7002717247783132,True
secondary,inverse,ridge,s6_2017:23_7_SB2,s6_2017:2017-07-23,log10_cells_ml,2.9719712763997563,3.6741854197462493,True
secondary,inverse,ridge,s6_2017:23_7_SB3,s6_2017:2017-07-23,log10_cells_ml,3.932600584500482,4.622082565707308,False
secondary,inverse,ridge,s6_2017:23_7_SB4,s6_2017:2017-07-23,log10_cells_ml,4.32479671762173,4.351159689149751,False
secondary,inverse,ridge,s6_2017:23_7_SB5,s6_2017:2017-07-23,log10_cells_ml,4.455796217413925,4.393548140818969,False
secondary,inverse,ridge,s6_2017:24_7_SB1,s6_2017:2017-07-24,log10_cells_ml,3.2730012720637376,4.12548334713322,False
secondary,inverse,ridge,s6_2017:24_7_SB2,s6_2017:2017-07-24,log10_cells_ml,4.128318477259681,4.453848846974912,False
secondary,inverse,random_forest,s6_2017:13_7_SB1,s6_2017:2017-07-13,log10_cells_ml,3.4293484729236616,4.120878393995143,False
secondary,inverse,random_forest,s6_2017:13_7_SB2,s6_2017:2017-07-13,log10_cells_ml,4.126293790693266,4.61873402143205,False
secondary,inverse,random_forest,s6_2017:13_7_SB3,s6_2017:2017-07-13,log10_cells_ml,2.9719712763997563,3.8914315137555486,True
secondary,inverse,random_forest,s6_2017:13_7_SB4,s6_2017:2017-07-13,log10_cells_ml,3.6532125137753435,4.529666785749518,False
secondary,inverse,random_forest,s6_2017:14_7_SB1,s6_2017:2017-07-14,log10_cells_ml,4.481621755946339,4.693271301944472,False
secondary,inverse,random_forest,s6_2017:14_7_SB2,s6_2017:2017-07-14,log10_cells_ml,3.486076097372589,3.8914315137555486,False
secondary,inverse,random_forest,s6_2017:14_7_SB3,s6_2017:2017-07-14,log10_cells_ml,3.8996837383000322,4.133108247480868,False
secondary,inverse,random_forest,s6_2017:14_7_SB4,s6_2017:2017-07-14,log10_cells_ml,4.253761914078067,4.539599551763757,True
secondary,inverse,random_forest,s6_2017:14_7_SB5,s6_2017:2017-07-14,log10_cells_ml,4.6127838567197355,4.580999082493336,False
secondary,inverse,random_forest,s6_2017:14_7_SB7,s6_2017:2017-07-14,log10_cells_ml,4.094733093753782,4.084737549030242,True
secondary,inverse,random_forest,s6_2017:14_7_SB9,s6_2017:2017-07-14,log10_cells_ml,4.339948061694351,4.560580074396804,False
secondary,inverse,random_forest,s6_2017:14_7_SB10,s6_2017:2017-07-14,log10_cells_ml,4.3957630894177635,4.742187399138534,False
secondary,inverse,random_forest,s6_2017:15_7_SB1,s6_2017:2017-07-15,log10_cells_ml,3.157607853361668,3.8914315137555486,True
secondary,inverse,random_forest,s6_2017:15_7_SB2,s6_2017:2017-07-15,log10_cells_ml,3.8603380065709936,3.999343107076597,False
secondary,inverse,random_forest,s6_2017:15_7_SB3,s6_2017:2017-07-15,log10_cells_ml,4.481621755946339,4.543386201169155,False
secondary,inverse,random_forest,s6_2017:15_7_SB4,s6_2017:2017-07-15,log10_cells_ml,3.6283889300503116,3.8914315137555486,True
secondary,inverse,random_forest,s6_2017:15_7_SB5,s6_2017:2017-07-15,log10_cells_ml,2.9719712763997563,3.8914315137555486,True
secondary,inverse,random_forest,s6_2017:20_7_SB1,s6_2017:2017-07-20,log10_cells_ml,4.05595140532915,3.894701827833547,True
secondary,inverse,random_forest,s6_2017:20_7_SB2,s6_2017:2017-07-20,log10_cells_ml,3.8786653876605253,3.8914315137555486,False
secondary,inverse,random_forest,s6_2017:20_7_SB3,s6_2017:2017-07-20,log10_cells_ml,3.8822398480188234,3.894701827833547,False
secondary,inverse,random_forest,s6_2017:21_7_SB1,s6_2017:2017-07-21,log10_cells_ml,4.964966374831098,4.6249244763849475,True
secondary,inverse,random_forest,s6_2017:21_7_SB2,s6_2017:2017-07-21,log10_cells_ml,4.651870025899834,4.611030629031686,False
secondary,inverse,random_forest,s6_2017:21_7_SB3,s6_2017:2017-07-21,log10_cells_ml,2.8750612633917,3.8914315137555486,True
secondary,inverse,random_forest,s6_2017:21_7_SB4,s6_2017:2017-07-21,log10_cells_ml,4.155715499683963,4.124131741240506,False
secondary,inverse,random_forest,s6_2017:21_7_SB5,s6_2017:2017-07-21,log10_cells_ml,3.026328938722349,4.293860008140582,False
secondary,inverse,random_forest,s6_2017:21_7_SB7,s6_2017:2017-07-21,log10_cells_ml,4.521519450017613,4.555936854369045,False
secondary,inverse,random_forest,s6_2017:21_7_SB8,s6_2017:2017-07-21,log10_cells_ml,3.0746336182969043,4.265997314032442,False
secondary,inverse,random_forest,s6_2017:21_7_SB9,s6_2017:2017-07-21,log10_cells_ml,2.494850021680094,3.8914315137555486,True
secondary,inverse,random_forest,s6_2017:21_7_SB10,s6_2017:2017-07-21,log10_cells_ml,4.244586337249155,4.789300086209752,False
secondary,inverse,random_forest,s6_2017:22_7_SB1,s6_2017:2017-07-22,log10_cells_ml,3.3399480616943507,4.667329544185989,False
secondary,inverse,random_forest,s6_2017:22_7_SB2,s6_2017:2017-07-22,log10_cells_ml,4.185046101708608,3.9047290952636273,False
secondary,inverse,random_forest,s6_2017:22_7_SB3,s6_2017:2017-07-22,log10_cells_ml,3.8252637950292847,3.8914315137555486,False
secondary,inverse,random_forest,s6_2017:22_7_SB4,s6_2017:2017-07-22,log10_cells_ml,4.7565093254448,4.744456288751875,False
secondary,inverse,random_forest,s6_2017:22_7_SB5,s6_2017:2017-07-22,log10_cells_ml,4.35817288180055,4.609646777159241,False
secondary,inverse,random_forest,s6_2017:23_7_SB1,s6_2017:2017-07-23,log10_cells_ml,2.3979400086720375,3.8914315137555486,True
secondary,inverse,random_forest,s6_2017:23_7_SB2,s6_2017:2017-07-23,log10_cells_ml,2.9719712763997563,3.8914315137555486,True
secondary,inverse,random_forest,s6_2017:23_7_SB3,s6_2017:2017-07-23,log10_cells_ml,3.932600584500482,4.5809302550852085,False
secondary,inverse,random_forest,s6_2017:23_7_SB4,s6_2017:2017-07-23,log10_cells_ml,4.32479671762173,4.293860008140582,False
secondary,inverse,random_forest,s6_2017:23_7_SB5,s6_2017:2017-07-23,log10_cells_ml,4.455796217413925,4.45441191551062,False
secondary,inverse,random_forest,s6_2017:24_7_SB1,s6_2017:2017-07-24,log10_cells_ml,3.2730012720637376,3.8914315137555486,False
secondary,inverse,random_forest,s6_2017:24_7_SB2,s6_2017:2017-07-24,log10_cells_ml,4.128318477259681,4.6176311219953785,False
secondary,inverse,gaussian_process,s6_2017:13_7_SB1,s6_2017:2017-07-13,log10_cells_ml,3.4293484729236616,4.402495619589912,False
secondary,inverse,gaussian_process,s6_2017:13_7_SB2,s6_2017:2017-07-13,log10_cells_ml,4.126293790693266,4.6787192914702596,False
secondary,inverse,gaussian_process,s6_2017:13_7_SB3,s6_2017:2017-07-13,log10_cells_ml,2.9719712763997563,4.417961289427138,True
secondary,inverse,gaussian_process,s6_2017:13_7_SB4,s6_2017:2017-07-13,log10_cells_ml,3.6532125137753435,4.591941228225063,False
secondary,inverse,gaussian_process,s6_2017:14_7_SB1,s6_2017:2017-07-14,log10_cells_ml,4.481621755946339,4.710173834417743,False
secondary,inverse,gaussian_process,s6_2017:14_7_SB2,s6_2017:2017-07-14,log10_cells_ml,3.486076097372589,3.816174755452737,False
secondary,inverse,gaussian_process,s6_2017:14_7_SB3,s6_2017:2017-07-14,log10_cells_ml,3.8996837383000322,4.362095386790514,False
secondary,inverse,gaussian_process,s6_2017:14_7_SB4,s6_2017:2017-07-14,log10_cells_ml,4.253761914078067,4.431453491090257,True
secondary,inverse,gaussian_process,s6_2017:14_7_SB5,s6_2017:2017-07-14,log10_cells_ml,4.6127838567197355,4.689230084782886,False
secondary,inverse,gaussian_process,s6_2017:14_7_SB7,s6_2017:2017-07-14,log10_cells_ml,4.094733093753782,4.090572458630966,True
secondary,inverse,gaussian_process,s6_2017:14_7_SB9,s6_2017:2017-07-14,log10_cells_ml,4.339948061694351,4.612282989226477,False
secondary,inverse,gaussian_process,s6_2017:14_7_SB10,s6_2017:2017-07-14,log10_cells_ml,4.3957630894177635,4.701070141884312,False
secondary,inverse,gaussian_process,s6_2017:15_7_SB1,s6_2017:2017-07-15,log10_cells_ml,3.157607853361668,4.3349817285358005,True
secondary,inverse,gaussian_process,s6_2017:15_7_SB2,s6_2017:2017-07-15,log10_cells_ml,3.8603380065709936,4.115925890723773,False
secondary,inverse,gaussian_process,s6_2017:15_7_SB3,s6_2017:2017-07-15,log10_cells_ml,4.481621755946339,4.556761440798666,False
secondary,inverse,gaussian_process,s6_2017:15_7_SB4,s6_2017:2017-07-15,log10_cells_ml,3.6283889300503116,3.771908330020509,True
secondary,inverse,gaussian_process,s6_2017:15_7_SB5,s6_2017:2017-07-15,log10_cells_ml,2.9719712763997563,4.2289750740137775,True
secondary,inverse,gaussian_process,s6_2017:20_7_SB1,s6_2017:2017-07-20,log10_cells_ml,4.05595140532915,3.773978192356469,True
secondary,inverse,gaussian_process,s6_2017:20_7_SB2,s6_2017:2017-07-20,log10_cells_ml,3.8786653876605253,3.9399247457232742,False
secondary,inverse,gaussian_process,s6_2017:20_7_SB3,s6_2017:2017-07-20,log10_cells_ml,3.8822398480188234,3.8811885496490257,False
secondary,inverse,gaussian_process,s6_2017:21_7_SB1,s6_2017:2017-07-21,log10_cells_ml,4.964966374831098,4.576037857258918,True
secondary,inverse,gaussian_process,s6_2017:21_7_SB2,s6_2017:2017-07-21,log10_cells_ml,4.651870025899834,4.666095831640507,False
secondary,inverse,gaussian_process,s6_2017:21_7_SB3,s6_2017:2017-07-21,log10_cells_ml,2.8750612633917,4.429544120191784,True
secondary,inverse,gaussian_process,s6_2017:21_7_SB4,s6_2017:2017-07-21,log10_cells_ml,4.155715499683963,4.195998776328061,False
secondary,inverse,gaussian_process,s6_2017:21_7_SB5,s6_2017:2017-07-21,log10_cells_ml,3.026328938722349,4.515904149334964,False
secondary,inverse,gaussian_process,s6_2017:21_7_SB7,s6_2017:2017-07-21,log10_cells_ml,4.521519450017613,4.635209027583445,False
secondary,inverse,gaussian_process,s6_2017:21_7_SB8,s6_2017:2017-07-21,log10_cells_ml,3.0746336182969043,4.558467586307928,False
secondary,inverse,gaussian_process,s6_2017:21_7_SB9,s6_2017:2017-07-21,log10_cells_ml,2.494850021680094,4.419839731344526,True
secondary,inverse,gaussian_process,s6_2017:21_7_SB10,s6_2017:2017-07-21,log10_cells_ml,4.244586337249155,4.703512556847566,False
secondary,inverse,gaussian_process,s6_2017:22_7_SB1,s6_2017:2017-07-22,log10_cells_ml,3.3399480616943507,4.6593306819238,False
secondary,inverse,gaussian_process,s6_2017:22_7_SB2,s6_2017:2017-07-22,log10_cells_ml,4.185046101708608,3.9428909449488376,False
secondary,inverse,gaussian_process,s6_2017:22_7_SB3,s6_2017:2017-07-22,log10_cells_ml,3.8252637950292847,3.8508498976498986,False
secondary,inverse,gaussian_process,s6_2017:22_7_SB4,s6_2017:2017-07-22,log10_cells_ml,4.7565093254448,4.706728256300492,False
secondary,inverse,gaussian_process,s6_2017:22_7_SB5,s6_2017:2017-07-22,log10_cells_ml,4.35817288180055,4.637226321063317,False
secondary,inverse,gaussian_process,s6_2017:23_7_SB1,s6_2017:2017-07-23,log10_cells_ml,2.3979400086720375,4.085400780388598,True
secondary,inverse,gaussian_process,s6_2017:23_7_SB2,s6_2017:2017-07-23,log10_cells_ml,2.9719712763997563,4.134510024341822,True
secondary,inverse,gaussian_process,s6_2017:23_7_SB3,s6_2017:2017-07-23,log10_cells_ml,3.932600584500482,4.6184339384434265,False
secondary,inverse,gaussian_process,s6_2017:23_7_SB4,s6_2017:2017-07-23,log10_cells_ml,4.32479671762173,4.51697776695523,False
secondary,inverse,gaussian_process,s6_2017:23_7_SB5,s6_2017:2017-07-23,log10_cells_ml,4.455796217413925,4.5739040218114635,False
secondary,inverse,gaussian_process,s6_2017:24_7_SB1,s6_2017:2017-07-24,log10_cells_ml,3.2730012720637376,3.9365665754291843,False
secondary,inverse,gaussian_process,s6_2017:24_7_SB2,s6_2017:2017-07-24,log10_cells_ml,4.128318477259681,4.673531080267657,False
secondary,forward,mean,s6_2017:13_7_SB1,s6_2017:2017-07-13,B2,0.3714892778712326,0.26518754034968905,True
secondary,forward,mean,s6_2017:13_7_SB1,s6_2017:2017-07-13,B3,0.35762437405574843,0.2573330042902811,True
secondary,forward,mean,s6_2017:13_7_SB1,s6_2017:2017-07-13,B4,0.33417502384816483,0.26212335585598184,True
secondary,forward,mean,s6_2017:13_7_SB1,s6_2017:2017-07-13,B8,0.20748433646327727,0.23599570438456735,True
secondary,forward,mean,s6_2017:13_7_SB2,s6_2017:2017-07-13,B2,0.26460508127099286,0.26518754034968905,False
secondary,forward,mean,s6_2017:13_7_SB2,s6_2017:2017-07-13,B3,0.2614783507349483,0.2573330042902811,False
secondary,forward,mean,s6_2017:13_7_SB2,s6_2017:2017-07-13,B4,0.2646861639188565,0.26212335585598184,False
secondary,forward,mean,s6_2017:13_7_SB2,s6_2017:2017-07-13,B8,0.16563473004092244,0.23599570438456735,False
secondary,forward,mean,s6_2017:13_7_SB3,s6_2017:2017-07-13,B2,0.7254261263669698,0.26518754034968905,True
secondary,forward,mean,s6_2017:13_7_SB3,s6_2017:2017-07-13,B3,0.7126760544565279,0.2573330042902811,True
secondary,forward,mean,s6_2017:13_7_SB3,s6_2017:2017-07-13,B4,0.6951168716409699,0.26212335585598184,True
secondary,forward,mean,s6_2017:13_7_SB3,s6_2017:2017-07-13,B8,0.5708479297231773,0.23599570438456735,True
secondary,forward,mean,s6_2017:13_7_SB4,s6_2017:2017-07-13,B2,0.18945248062969594,0.26518754034968905,False
secondary,forward,mean,s6_2017:13_7_SB4,s6_2017:2017-07-13,B3,0.18361458161883457,0.2573330042902811,False
secondary,forward,mean,s6_2017:13_7_SB4,s6_2017:2017-07-13,B4,0.18376163076371294,0.26212335585598184,False
secondary,forward,mean,s6_2017:13_7_SB4,s6_2017:2017-07-13,B8,0.13404826758060384,0.23599570438456735,False
secondary,forward,mean,s6_2017:14_7_SB1,s6_2017:2017-07-14,B2,0.21191630954381063,0.26518754034968905,False
secondary,forward,mean,s6_2017:14_7_SB1,s6_2017:2017-07-14,B3,0.2067091341829213,0.2573330042902811,False
secondary,forward,mean,s6_2017:14_7_SB1,s6_2017:2017-07-14,B4,0.2169456854011825,0.26212335585598184,False
secondary,forward,mean,s6_2017:14_7_SB1,s6_2017:2017-07-14,B8,0.22540146440554643,0.23599570438456735,False
secondary,forward,mean,s6_2017:14_7_SB2,s6_2017:2017-07-14,B2,0.4475343712291257,0.26518754034968905,True
secondary,forward,mean,s6_2017:14_7_SB2,s6_2017:2017-07-14,B3,0.4396264572841009,0.2573330042902811,True
secondary,forward,mean,s6_2017:14_7_SB2,s6_2017:2017-07-14,B4,0.42678286254074643,0.26212335585598184,True
secondary,forward,mean,s6_2017:14_7_SB2,s6_2017:2017-07-14,B8,0.3394845570038069,0.23599570438456735,True
secondary,forward,mean,s6_2017:14_7_SB3,s6_2017:2017-07-14,B2,0.37328381854382164,0.26518754034968905,False
secondary,forward,mean,s6_2017:14_7_SB3,s6_2017:2017-07-14,B3,0.3607237019006295,0.2573330042902811,False
secondary,forward,mean,s6_2017:14_7_SB3,s6_2017:2017-07-14,B4,0.3336259507309148,0.26212335585598184,False
secondary,forward,mean,s6_2017:14_7_SB3,s6_2017:2017-07-14,B8,0.22570458013522152,0.23599570438456735,False
secondary,forward,mean,s6_2017:14_7_SB4,s6_2017:2017-07-14,B2,0.13331471463297617,0.26518754034968905,False
secondary,forward,mean,s6_2017:14_7_SB4,s6_2017:2017-07-14,B3,0.11592864532250365,0.2573330042902811,False
secondary,forward,mean,s6_2017:14_7_SB4,s6_2017:2017-07-14,B4,0.09208762421609484,0.26212335585598184,False
secondary,forward,mean,s6_2017:14_7_SB4,s6_2017:2017-07-14,B8,0.07896182273198707,0.23599570438456735,False
secondary,forward,mean,s6_2017:14_7_SB5,s6_2017:2017-07-14,B2,0.154285354866093,0.26518754034968905,False
secondary,forward,mean,s6_2017:14_7_SB5,s6_2017:2017-07-14,B3,0.15560571621641864,0.2573330042902811,False
secondary,forward,mean,s6_2017:14_7_SB5,s6_2017:2017-07-14,B4,0.19515439817388344,0.26212335585598184,False
secondary,forward,mean,s6_2017:14_7_SB5,s6_2017:2017-07-14,B8,0.30173068105790085,0.23599570438456735,False
secondary,forward,mean,s6_2017:14_7_SB7,s6_2017:2017-07-14,B2,0.3245838183813135,0.26518754034968905,False
secondary,forward,mean,s6_2017:14_7_SB7,s6_2017:2017-07-14,B3,0.3310761801042479,0.2573330042902811,False
secondary,forward,mean,s6_2017:14_7_SB7,s6_2017:2017-07-14,B4,0.3692898212498411,0.26212335585598184,False
secondary,forward,mean,s6_2017:14_7_SB7,s6_2017:2017-07-14,B8,0.4024786131493492,0.23599570438456735,False
secondary,forward,mean,s6_2017:14_7_SB9,s6_2017:2017-07-14,B2,0.2707426216840476,0.26518754034968905,False
secondary,forward,mean,s6_2017:14_7_SB9,s6_2017:2017-07-14,B3,0.26444786265667103,0.2573330042902811,False
secondary,forward,mean,s6_2017:14_7_SB9,s6_2017:2017-07-14,B4,0.28220192324774024,0.26212335585598184,False
secondary,forward,mean,s6_2017:14_7_SB9,s6_2017:2017-07-14,B8,0.2719414343152269,0.23599570438456735,False
secondary,forward,mean,s6_2017:14_7_SB10,s6_2017:2017-07-14,B2,0.2253594362209261,0.26518754034968905,False
secondary,forward,mean,s6_2017:14_7_SB10,s6_2017:2017-07-14,B3,0.22085016326235715,0.2573330042902811,False
secondary,forward,mean,s6_2017:14_7_SB10,s6_2017:2017-07-14,B4,0.24603185012524603,0.26212335585598184,False
secondary,forward,mean,s6_2017:14_7_SB10,s6_2017:2017-07-14,B8,0.2701863377822551,0.23599570438456735,False
secondary,forward,mean,s6_2017:15_7_SB1,s6_2017:2017-07-15,B2,0.6518040008031724,0.26518754034968905,True
secondary,forward,mean,s6_2017:15_7_SB1,s6_2017:2017-07-15,B3,0.644953808918165,0.2573330042902811,True
secondary,forward,mean,s6_2017:15_7_SB1,s6_2017:2017-07-15,B4,0.6339338750728944,0.26212335585598184,True
secondary,forward,mean,s6_2017:15_7_SB1,s6_2017:2017-07-15,B8,0.5572914105703217,0.23599570438456735,True
secondary,forward,mean,s6_2017:15_7_SB2,s6_2017:2017-07-15,B2,0.4187309429908236,0.26518754034968905,False
secondary,forward,mean,s6_2017:15_7_SB2,s6_2017:2017-07-15,B3,0.401690398314234,0.2573330042902811,False
secondary,forward,mean,s6_2017:15_7_SB2,s6_2017:2017-07-15,B4,0.36429546268972607,0.26212335585598184,False
secondary,forward,mean,s6_2017:15_7_SB2,s6_2017:2017-07-15,B8,0.2699819104117282,0.23599570438456735,False
secondary,forward,mean,s6_2017:15_7_SB3,s6_2017:2017-07-15,B2,0.15633870666840963,0.26518754034968905,False
secondary,forward,mean,s6_2017:15_7_SB3,s6_2017:2017-07-15,B3,0.15157883709740366,0.2573330042902811,False
secondary,forward,mean,s6_2017:15_7_SB3,s6_2017:2017-07-15,B4,0.16012310393677484,0.26212335585598184,False
secondary,forward,mean,s6_2017:15_7_SB3,s6_2017:2017-07-15,B8,0.15498707505760692,0.23599570438456735,False
secondary,forward,mean,s6_2017:15_7_SB4,s6_2017:2017-07-15,B2,0.49919419183147484,0.26518754034968905,False
secondary,forward,mean,s6_2017:15_7_SB4,s6_2017:2017-07-15,B3,0.4816910783901836,0.2573330042902811,False
secondary,forward,mean,s6_2017:15_7_SB4,s6_2017:2017-07-15,B4,0.4593239134261029,0.26212335585598184,False
secondary,forward,mean,s6_2017:15_7_SB4,s6_2017:2017-07-15,B8,0.3563826424354914,0.23599570438456735,False
secondary,forward,mean,s6_2017:15_7_SB5,s6_2017:2017-07-15,B2,0.6299263566355111,0.26518754034968905,True
secondary,forward,mean,s6_2017:15_7_SB5,s6_2017:2017-07-15,B3,0.6201087119434877,0.2573330042902811,True
secondary,forward,mean,s6_2017:15_7_SB5,s6_2017:2017-07-15,B4,0.6061329660680511,0.26212335585598184,True
secondary,forward,mean,s6_2017:15_7_SB5,s6_2017:2017-07-15,B8,0.5057255406744251,0.23599570438456735,True
secondary,forward,mean,s6_2017:20_7_SB1,s6_2017:2017-07-20,B2,0.4071214720572213,0.26518754034968905,False
secondary,forward,mean,s6_2017:20_7_SB1,s6_2017:2017-07-20,B3,0.40436147033903463,0.2573330042902811,False
secondary,forward,mean,s6_2017:20_7_SB1,s6_2017:2017-07-20,B4,0.4397478249286752,0.26212335585598184,False
secondary,forward,mean,s6_2017:20_7_SB1,s6_2017:2017-07-20,B8,0.4225296598477104,0.23599570438456735,False
secondary,forward,mean,s6_2017:20_7_SB2,s6_2017:2017-07-20,B2,0.4160016614327963,0.26518754034968905,False
secondary,forward,mean,s6_2017:20_7_SB2,s6_2017:2017-07-20,B3,0.4044423020287485,0.2573330042902811,False
secondary,forward,mean,s6_2017:20_7_SB2,s6_2017:2017-07-20,B4,0.3963389275066313,0.26212335585598184,False
secondary,forward,mean,s6_2017:20_7_SB2,s6_2017:2017-07-20,B8,0.3201166793780451,0.23599570438456735,False
secondary,forward,mean,s6_2017:20_7_SB3,s6_2017:2017-07-20,B2,0.3981114695229891,0.26518754034968905,False
secondary,forward,mean,s6_2017:20_7_SB3,s6_2017:2017-07-20,B3,0.3972505244712511,0.2573330042902811,False
secondary,forward,mean,s6_2017:20_7_SB3,s6_2017:2017-07-20,B4,0.40572908959085263,0.26212335585598184,False
secondary,forward,mean,s6_2017:20_7_SB3,s6_2017:2017-07-20,B8,0.35400915683317,0.23599570438456735,False
secondary,forward,mean,s6_2017:21_7_SB1,s6_2017:2017-07-21,B2,0.11291869644741159,0.26518754034968905,False
secondary,forward,mean,s6_2017:21_7_SB1,s6_2017:2017-07-21,B3,0.11483301263619625,0.2573330042902811,False
secondary,forward,mean,s6_2017:21_7_SB1,s6_2017:2017-07-21,B4,0.1439962821956646,0.26212335585598184,False
secondary,forward,mean,s6_2017:21_7_SB1,s6_2017:2017-07-21,B8,0.21858289703906608,0.23599570438456735,False
secondary,forward,mean,s6_2017:21_7_SB2,s6_2017:2017-07-21,B2,0.2135723191363,0.26518754034968905,False
secondary,forward,mean,s6_2017:21_7_SB2,s6_2017:2017-07-21,B3,0.21774194445009906,0.2573330042902811,False
secondary,forward,mean,s6_2017:21_7_SB2,s6_2017:2017-07-21,B4,0.26410573918564423,0.26212335585598184,False
secondary,forward,mean,s6_2017:21_7_SB2,s6_2017:2017-07-21,B8,0.3080456524698936,0.23599570438456735,False
secondary,forward,mean,s6_2017:21_7_SB3,s6_2017:2017-07-21,B2,0.7061127465044669,0.26518754034968905,True
secondary,forward,mean,s6_2017:21_7_SB3,s6_2017:2017-07-21,B3,0.7055172484291006,0.2573330042902811,True
secondary,forward,mean,s6_2017:21_7_SB3,s6_2017:2017-07-21,B4,0.7034567838509526,0.26212335585598184,True
secondary,forward,mean,s6_2017:21_7_SB3,s6_2017:2017-07-21,B8,0.631551222739401,0.23599570438456735,True
secondary,forward,mean,s6_2017:21_7_SB4,s6_2017:2017-07-21,B2,0.343394340117139,0.26518754034968905,False
secondary,forward,mean,s6_2017:21_7_SB4,s6_2017:2017-07-21,B3,0.34040964702448345,0.2573330042902811,False
secondary,forward,mean,s6_2017:21_7_SB4,s6_2017:2017-07-21,B4,0.3533442924339246,0.26212335585598184,False
secondary,forward,mean,s6_2017:21_7_SB4,s6_2017:2017-07-21,B8,0.32068373442633724,0.23599570438456735,False
secondary,forward,mean,s6_2017:21_7_SB5,s6_2017:2017-07-21,B2,0.32106092773367906,0.26518754034968905,True
secondary,forward,mean,s6_2017:21_7_SB5,s6_2017:2017-07-21,B3,0.3165876666683802,0.2573330042902811,True
secondary,forward,mean,s6_2017:21_7_SB5,s6_2017:2017-07-21,B4,0.3037733528919655,0.26212335585598184,True
secondary,forward,mean,s6_2017:21_7_SB5,s6_2017:2017-07-21,B8,0.23272206318762506,0.23599570438456735,True
secondary,forward,mean,s6_2017:21_7_SB7,s6_2017:2017-07-21,B2,0.17973857265815604,0.26518754034968905,False
secondary,forward,mean,s6_2017:21_7_SB7,s6_2017:2017-07-21,B3,0.17729933445057328,0.2573330042902811,False
secondary,forward,mean,s6_2017:21_7_SB7,s6_2017:2017-07-21,B4,0.19457186712920946,0.26212335585598184,False
secondary,forward,mean,s6_2017:21_7_SB7,s6_2017:2017-07-21,B8,0.17659282610649055,0.23599570438456735,False
secondary,forward,mean,s6_2017:21_7_SB8,s6_2017:2017-07-21,B2,0.33425069315614425,0.26518754034968905,True
secondary,forward,mean,s6_2017:21_7_SB8,s6_2017:2017-07-21,B3,0.3266875033168097,0.2573330042902811,True
secondary,forward,mean,s6_2017:21_7_SB8,s6_2017:2017-07-21,B4,0.30433918435767215,0.26212335585598184,True
secondary,forward,mean,s6_2017:21_7_SB8,s6_2017:2017-07-21,B8,0.16657386178001718,0.23599570438456735,True
secondary,forward,mean,s6_2017:21_7_SB9,s6_2017:2017-07-21,B2,0.6850701729187292,0.26518754034968905,True
secondary,forward,mean,s6_2017:21_7_SB9,s6_2017:2017-07-21,B3,0.6821105288549321,0.2573330042902811,True
secondary,forward,mean,s6_2017:21_7_SB9,s6_2017:2017-07-21,B4,0.6915968759652743,0.26212335585598184,True
secondary,forward,mean,s6_2017:21_7_SB9,s6_2017:2017-07-21,B8,0.6273511239727043,0.23599570438456735,True
secondary,forward,mean,s6_2017:21_7_SB10,s6_2017:2017-07-21,B2,0.23072584887674946,0.26518754034968905,False
secondary,forward,mean,s6_2017:21_7_SB10,s6_2017:2017-07-21,B3,0.22675176848014855,0.2573330042902811,False
secondary,forward,mean,s6_2017:21_7_SB10,s6_2017:2017-07-21,B4,0.23999800102576993,0.26212335585598184,False
secondary,forward,mean,s6_2017:21_7_SB10,s6_2017:2017-07-21,B8,0.2625204779819493,0.23599570438456735,False
secondary,forward,mean,s6_2017:22_7_SB1,s6_2017:2017-07-22,B2,0.26434028803051396,0.26518754034968905,True
secondary,forward,mean,s6_2017:22_7_SB1,s6_2017:2017-07-22,B3,0.26117767161101657,0.2573330042902811,True
secondary,forward,mean,s6_2017:22_7_SB1,s6_2017:2017-07-22,B4,0.2766038252099636,0.26212335585598184,True
secondary,forward,mean,s6_2017:22_7_SB1,s6_2017:2017-07-22,B8,0.23974177995697346,0.23599570438456735,True
secondary,forward,mean,s6_2017:22_7_SB2,s6_2017:2017-07-22,B2,0.38517513484471355,0.26518754034968905,False
secondary,forward,mean,s6_2017:22_7_SB2,s6_2017:2017-07-22,B3,0.3861454557924048,0.2573330042902811,False
secondary,forward,mean,s6_2017:22_7_SB2,s6_2017:2017-07-22,B4,0.40465583238224523,0.26212335585598184,False
secondary,forward,mean,s6_2017:22_7_SB2,s6_2017:2017-07-22,B8,0.3409583819480239,0.23599570438456735,False
secondary,forward,mean,s6_2017:22_7_SB3,s6_2017:2017-07-22,B2,0.4175444106095249,0.26518754034968905,False
secondary,forward,mean,s6_2017:22_7_SB3,s6_2017:2017-07-22,B3,0.40972782137068686,0.2573330042902811,False
secondary,forward,mean,s6_2017:22_7_SB3,s6_2017:2017-07-22,B4,0.41327626284473856,0.26212335585598184,False
secondary,forward,mean,s6_2017:22_7_SB3,s6_2017:2017-07-22,B8,0.34752366458989026,0.23599570438456735,False
secondary,forward,mean,s6_2017:22_7_SB4,s6_2017:2017-07-22,B2,0.21712898875059358,0.26518754034968905,False
secondary,forward,mean,s6_2017:22_7_SB4,s6_2017:2017-07-22,B3,0.21890136838327792,0.2573330042902811,False
secondary,forward,mean,s6_2017:22_7_SB4,s6_2017:2017-07-22,B4,0.2527207112256166,0.26212335585598184,False
secondary,forward,mean,s6_2017:22_7_SB4,s6_2017:2017-07-22,B8,0.2598257018034794,0.23599570438456735,False
secondary,forward,mean,s6_2017:22_7_SB5,s6_2017:2017-07-22,B2,0.2437624647869645,0.26518754034968905,False
secondary,forward,mean,s6_2017:22_7_SB5,s6_2017:2017-07-22,B3,0.24226113579645558,0.2573330042902811,False
secondary,forward,mean,s6_2017:22_7_SB5,s6_2017:2017-07-22,B4,0.2735435028473704,0.26212335585598184,False
secondary,forward,mean,s6_2017:22_7_SB5,s6_2017:2017-07-22,B8,0.2956104826331583,0.23599570438456735,False
secondary,forward,mean,s6_2017:23_7_SB1,s6_2017:2017-07-23,B2,0.6006290690452497,0.26518754034968905,True
secondary,forward,mean,s6_2017:23_7_SB1,s6_2017:2017-07-23,B3,0.5929340957655345,0.2573330042902811,True
secondary,forward,mean,s6_2017:23_7_SB1,s6_2017:2017-07-23,B4,0.5707505231508505,0.26212335585598184,True
secondary,forward,mean,s6_2017:23_7_SB1,s6_2017:2017-07-23,B8,0.4659654350795241,0.23599570438456735,True
secondary,forward,mean,s6_2017:23_7_SB2,s6_2017:2017-07-23,B2,0.611780362095914,0.26518754034968905,True
secondary,forward,mean,s6_2017:23_7_SB2,s6_2017:2017-07-23,B3,0.6030160603526651,0.2573330042902811,True
secondary,forward,mean,s6_2017:23_7_SB2,s6_2017:2017-07-23,B4,0.5801500010859392,0.26212335585598184,True
secondary,forward,mean,s6_2017:23_7_SB2,s6_2017:2017-07-23,B8,0.47780405775257995,0.23599570438456735,True
secondary,forward,mean,s6_2017:23_7_SB3,s6_2017:2017-07-23,B2,0.20283406399193335,0.26518754034968905,False
secondary,forward,mean,s6_2017:23_7_SB3,s6_2017:2017-07-23,B3,0.19826530148425017,0.2573330042902811,False
secondary,forward,mean,s6_2017:23_7_SB3,s6_2017:2017-07-23,B4,0.2034743663646979,0.26212335585598184,False
secondary,forward,mean,s6_2017:23_7_SB3,s6_2017:2017-07-23,B8,0.13250380298646322,0.23599570438456735,False
secondary,forward,mean,s6_2017:23_7_SB4,s6_2017:2017-07-23,B2,0.3212180970663367,0.26518754034968905,False
secondary,forward,mean,s6_2017:23_7_SB4,s6_2017:2017-07-23,B3,0.31389856287374623,0.2573330042902811,False
secondary,forward,mean,s6_2017:23_7_SB4,s6_2017:2017-07-23,B4,0.31487927535904287,0.26212335585598184,False
secondary,forward,mean,s6_2017:23_7_SB4,s6_2017:2017-07-23,B8,0.22562196303677912,0.23599570438456735,False
secondary,forward,mean,s6_2017:23_7_SB5,s6_2017:2017-07-23,B2,0.2508665165706538,0.26518754034968905,False
secondary,forward,mean,s6_2017:23_7_SB5,s6_2017:2017-07-23,B3,0.2570480776547852,0.2573330042902811,False
secondary,forward,mean,s6_2017:23_7_SB5,s6_2017:2017-07-23,B4,0.30105128734271136,0.26212335585598184,False
secondary,forward,mean,s6_2017:23_7_SB5,s6_2017:2017-07-23,B8,0.30639507437305485,0.23599570438456735,False
secondary,forward,mean,s6_2017:24_7_SB1,s6_2017:2017-07-24,B2,0.41558730583287695,0.26518754034968905,True
secondary,forward,mean,s6_2017:24_7_SB1,s6_2017:2017-07-24,B3,0.40689441587120384,0.2573330042902811,True
secondary,forward,mean,s6_2017:24_7_SB1,s6_2017:2017-07-24,B4,0.4005524145465975,0.26212335585598184,True
secondary,forward,mean,s6_2017:24_7_SB1,s6_2017:2017-07-24,B8,0.31912884281788295,0.23599570438456735,True
secondary,forward,mean,s6_2017:24_7_SB2,s6_2017:2017-07-24,B2,0.26683969258031337,0.26518754034968905,False
secondary,forward,mean,s6_2017:24_7_SB2,s6_2017:2017-07-24,B3,0.2629477083749059,0.2573330042902811,False
secondary,forward,mean,s6_2017:24_7_SB2,s6_2017:2017-07-24,B4,0.2777024922560034,0.26212335585598184,False
secondary,forward,mean,s6_2017:24_7_SB2,s6_2017:2017-07-24,B8,0.20312004680444212,0.23599570438456735,False
secondary,forward,ridge,s6_2017:13_7_SB1,s6_2017:2017-07-13,B2,0.3714892778712326,0.38270489300447963,True
secondary,forward,ridge,s6_2017:13_7_SB1,s6_2017:2017-07-13,B3,0.35762437405574843,0.37471038386372035,True
secondary,forward,ridge,s6_2017:13_7_SB1,s6_2017:2017-07-13,B4,0.33417502384816483,0.37269895170496636,True
secondary,forward,ridge,s6_2017:13_7_SB1,s6_2017:2017-07-13,B8,0.20748433646327727,0.3149625584561856,True
secondary,forward,ridge,s6_2017:13_7_SB2,s6_2017:2017-07-13,B2,0.26460508127099286,0.3023953559058679,False
secondary,forward,ridge,s6_2017:13_7_SB2,s6_2017:2017-07-13,B3,0.2614783507349483,0.294496502199099,False
secondary,forward,ridge,s6_2017:13_7_SB2,s6_2017:2017-07-13,B4,0.2646861639188565,0.2971333035991833,False
secondary,forward,ridge,s6_2017:13_7_SB2,s6_2017:2017-07-13,B8,0.16563473004092244,0.2609978344953386,False
secondary,forward,ridge,s6_2017:13_7_SB3,s6_2017:2017-07-13,B2,0.7254261263669698,0.4354088139517444,True
secondary,forward,ridge,s6_2017:13_7_SB3,s6_2017:2017-07-13,B3,0.7126760544565279,0.4273515299947761,True
secondary,forward,ridge,s6_2017:13_7_SB3,s6_2017:2017-07-13,B4,0.6951168716409699,0.4222896489991843,True
secondary,forward,ridge,s6_2017:13_7_SB3,s6_2017:2017-07-13,B8,0.5708479297231773,0.3503774375393651,True
secondary,forward,ridge,s6_2017:13_7_SB4,s6_2017:2017-07-13,B2,0.18945248062969594,0.35690886993719134,False
secondary,forward,ridge,s6_2017:13_7_SB4,s6_2017:2017-07-13,B3,0.18361458161883457,0.34894508603618407,False
secondary,forward,ridge,s6_2017:13_7_SB4,s6_2017:2017-07-13,B4,0.18376163076371294,0.34842670120951347,False
secondary,forward,ridge,s6_2017:13_7_SB4,s6_2017:2017-07-13,B8,0.13404826758060384,0.29762868611167775,False
secondary,forward,ridge,s6_2017:14_7_SB1,s6_2017:2017-07-14,B2,0.21191630954381063,0.2614506452089243,False
secondary,forward,ridge,s6_2017:14_7_SB1,s6_2017:2017-07-14,B3,0.2067091341829213,0.2536005601068918,False
secondary,forward,ridge,s6_2017:14_7_SB1,s6_2017:2017-07-14,B4,0.2169456854011825,0.2586071993269197,False
secondary,forward,ridge,s6_2017:14_7_SB1,s6_2017:2017-07-14,B8,0.22540146440554643,0.23348466370337922,False
secondary,forward,ridge,s6_2017:14_7_SB2,s6_2017:2017-07-14,B2,0.4475343712291257,0.3761681258521056,True
secondary,forward,ridge,s6_2017:14_7_SB2,s6_2017:2017-07-14,B3,0.4396264572841009,0.36818140255249854,True
secondary,forward,ridge,s6_2017:14_7_SB2,s6_2017:2017-07-14,B4,0.42678286254074643,0.3665483117656624,True
secondary,forward,ridge,s6_2017:14_7_SB2,s6_2017:2017-07-14,B8,0.3394845570038069,0.3105701183087465,True
secondary,forward,ridge,s6_2017:14_7_SB3,s6_2017:2017-07-14,B2,0.37328381854382164,0.32850780396396495,False
secondary,forward,ridge,s6_2017:14_7_SB3,s6_2017:2017-07-14,B3,0.3607237019006295,0.32057784812858486,False
secondary,forward,ridge,s6_2017:14_7_SB3,s6_2017:2017-07-14,B4,0.3336259507309148,0.3217032878429701,False
secondary,forward,ridge,s6_2017:14_7_SB3,s6_2017:2017-07-14,B8,0.22570458013522152,0.278544331490669,False
secondary,forward,ridge,s6_2017:14_7_SB4,s6_2017:2017-07-14,B2,0.13331471463297617,0.2877071074552969,False
secondary,forward,ridge,s6_2017:14_7_SB4,s6_2017:2017-07-14,B3,0.11592864532250365,0.2798257486916052,False
secondary,forward,ridge,s6_2017:14_7_SB4,s6_2017:2017-07-14,B4,0.09208762421609484,0.28331269083256644,False
secondary,forward,ridge,s6_2017:14_7_SB4,s6_2017:2017-07-14,B8,0.07896182273198707,0.2511279323424957,False
secondary,forward,ridge,s6_2017:14_7_SB5,s6_2017:2017-07-14,B2,0.154285354866093,0.24633673694463906,False
secondary,forward,ridge,s6_2017:14_7_SB5,s6_2017:2017-07-14,B3,0.15560571621641864,0.23850465378243263,False
secondary,forward,ridge,s6_2017:14_7_SB5,s6_2017:2017-07-14,B4,0.19515439817388344,0.24438607049635885,False
secondary,forward,ridge,s6_2017:14_7_SB5,s6_2017:2017-07-14,B8,0.30173068105790085,0.22332873556684638,False
secondary,forward,ridge,s6_2017:14_7_SB7,s6_2017:2017-07-14,B2,0.3245838183813135,0.30603211893030563,False
secondary,forward,ridge,s6_2017:14_7_SB7,s6_2017:2017-07-14,B3,0.3310761801042479,0.29812893353195946,False
secondary,forward,ridge,s6_2017:14_7_SB7,s6_2017:2017-07-14,B4,0.3692898212498411,0.3005552428218106,False
secondary,forward,ridge,s6_2017:14_7_SB7,s6_2017:2017-07-14,B8,0.4024786131493492,0.2634415904901442,False
secondary,forward,ridge,s6_2017:14_7_SB9,s6_2017:2017-07-14,B2,0.2707426216840476,0.277775812355235,False
secondary,forward,ridge,s6_2017:14_7_SB9,s6_2017:2017-07-14,B3,0.26444786265667103,0.26990628260186017,False
secondary,forward,ridge,s6_2017:14_7_SB9,s6_2017:2017-07-14,B4,0.28220192324774024,0.2739680379074167,False
secondary,forward,ridge,s6_2017:14_7_SB9,s6_2017:2017-07-14,B8,0.2719414343152269,0.24445450826347911,False
secondary,forward,ridge,s6_2017:14_7_SB10,s6_2017:2017-07-14,B2,0.2253594362209261,0.2713442044150906,False
secondary,forward,ridge,s6_2017:14_7_SB10,s6_2017:2017-07-14,B3,0.22085016326235715,0.2634823352493744,False
secondary,forward,ridge,s6_2017:14_7_SB10,s6_2017:2017-07-14,B4,0.24603185012524603,0.26791634541960485,False
secondary,forward,ridge,s6_2017:14_7_SB10,s6_2017:2017-07-14,B8,0.2701863377822551,0.2401327308052414,False
secondary,forward,ridge,s6_2017:15_7_SB1,s6_2017:2017-07-15,B2,0.6518040008031724,0.41401777051652566,True
secondary,forward,ridge,s6_2017:15_7_SB1,s6_2017:2017-07-15,B3,0.644953808918165,0.40598596509694185,True
secondary,forward,ridge,s6_2017:15_7_SB1,s6_2017:2017-07-15,B4,0.6339338750728944,0.4021621757346273,True
secondary,forward,ridge,s6_2017:15_7_SB1,s6_2017:2017-07-15,B8,0.5572914105703217,0.336003531326973,True
secondary,forward,ridge,s6_2017:15_7_SB2,s6_2017:2017-07-15,B2,0.4187309429908236,0.3330416424465557,False
secondary,forward,ridge,s6_2017:15_7_SB2,s6_2017:2017-07-15,B3,0.401690398314234,0.325106286427046,False
secondary,forward,ridge,s6_2017:15_7_SB2,s6_2017:2017-07-15,B4,0.36429546268972607,0.32596931222464753,False
secondary,forward,ridge,s6_2017:15_7_SB2,s6_2017:2017-07-15,B8,0.2699819104117282,0.2815908854995116,False
secondary,forward,ridge,s6_2017:15_7_SB3,s6_2017:2017-07-15,B2,0.15633870666840963,0.2614506452089243,False
secondary,forward,ridge,s6_2017:15_7_SB3,s6_2017:2017-07-15,B3,0.15157883709740366,0.2536005601068918,False
secondary,forward,ridge,s6_2017:15_7_SB3,s6_2017:2017-07-15,B4,0.16012310393677484,0.2586071993269197,False
secondary,forward,ridge,s6_2017:15_7_SB3,s6_2017:2017-07-15,B8,0.15498707505760692,0.23348466370337922,False
secondary,forward,ridge,s6_2017:15_7_SB4,s6_2017:2017-07-15,B2,0.49919419183147484,0.35976931030067044,False
secondary,forward,ridge,s6_2017:15_7_SB4,s6_2017:2017-07-15,B3,0.4816910783901836,0.3518021193738695,False
secondary,forward,ridge,s6_2017:15_7_SB4,s6_2017:2017-07-15,B4,0.4593239134261029,0.3511181751955835,False
secondary,forward,ridge,s6_2017:15_7_SB4,s6_2017:2017-07-15,B8,0.3563826424354914,0.29955078503290644,False
secondary,forward,ridge,s6_2017:15_7_SB5,s6_2017:2017-07-15,B2,0.6299263566355111,0.4354088139517444,True
secondary,forward,ridge,s6_2017:15_7_SB5,s6_2017:2017-07-15,B3,0.6201087119434877,0.4273515299947761,True
secondary,forward,ridge,s6_2017:15_7_SB5,s6_2017:2017-07-15,B4,0.6061329660680511,0.4222896489991843,True
secondary,forward,ridge,s6_2017:15_7_SB5,s6_2017:2017-07-15,B8,0.5057255406744251,0.3503774375393651,True
secondary,forward,ridge,s6_2017:20_7_SB1,s6_2017:2017-07-20,B2,0.4071214720572213,0.3105009622755082,False
secondary,forward,ridge,s6_2017:20_7_SB1,s6_2017:2017-07-20,B3,0.40436147033903463,0.3025924541077244,False
secondary,forward,ridge,s6_2017:20_7_SB1,s6_2017:2017-07-20,B4,0.4397478249286752,0.30476011133261777,False
secondary,forward,ridge,s6_2017:20_7_SB1,s6_2017:2017-07-20,B8,0.4225296598477104,0.2664444704252135,False
secondary,forward,ridge,s6_2017:20_7_SB2,s6_2017:2017-07-20,B2,0.4160016614327963,0.3309297644354652,False
secondary,forward,ridge,s6_2017:20_7_SB2,s6_2017:2017-07-20,B3,0.4044423020287485,0.322996923840835,False
secondary,forward,ridge,s6_2017:20_7_SB2,s6_2017:2017-07-20,B4,0.3963389275066313,0.32398218296959463,False
secondary,forward,ridge,s6_2017:20_7_SB2,s6_2017:2017-07-20,B8,0.3201166793780451,0.2801717898600044,False
secondary,forward,ridge,s6_2017:20_7_SB3,s6_2017:2017-07-20,B2,0.3981114695229891,0.33051787665971977,False
secondary,forward,ridge,s6_2017:20_7_SB3,s6_2017:2017-07-20,B3,0.3972505244712511,0.32258552665817947,False
secondary,forward,ridge,s6_2017:20_7_SB3,s6_2017:2017-07-20,B4,0.40572908959085263,0.32359462542854156,False
secondary,forward,ridge,s6_2017:20_7_SB3,s6_2017:2017-07-20,B8,0.35400915683317,0.27989501812250017,False
secondary,forward,ridge,s6_2017:21_7_SB1,s6_2017:2017-07-21,B2,0.11291869644741159,0.2057544785053953,False
secondary,forward,ridge,s6_2017:21_7_SB1,s6_2017:2017-07-21,B3,0.11483301263619625,0.19797073223670805,False
secondary,forward,ridge,s6_2017:21_7_SB1,s6_2017:2017-07-21,B4,0.1439962821956646,0.20620100840600777,False
secondary,forward,ridge,s6_2017:21_7_SB1,s6_2017:2017-07-21,B8,0.21858289703906608,0.19605911786636776,False
secondary,forward,ridge,s6_2017:21_7_SB2,s6_2017:2017-07-21,B2,0.2135723191363,0.24183280805125432,False
secondary,forward,ridge,s6_2017:21_7_SB2,s6_2017:2017-07-21,B3,0.21774194445009906,0.2340060894483334,False
secondary,forward,ridge,s6_2017:21_7_SB2,s6_2017:2017-07-21,B4,0.26410573918564423,0.24014818894272624,False
secondary,forward,ridge,s6_2017:21_7_SB2,s6_2017:2017-07-21,B8,0.3080456524698936,0.2203022795785327,False
secondary,forward,ridge,s6_2017:21_7_SB3,s6_2017:2017-07-21,B2,0.7061127465044669,0.4465758281872433,True
secondary,forward,ridge,s6_2017:21_7_SB3,s6_2017:2017-07-21,B3,0.7055172484291006,0.4385052433742165,True
secondary,forward,ridge,s6_2017:21_7_SB3,s6_2017:2017-07-21,B4,0.7034567838509526,0.4327970270591005,True
secondary,forward,ridge,s6_2017:21_7_SB3,s6_2017:2017-07-21,B8,0.631551222739401,0.3578812143317227,True
secondary,forward,ridge,s6_2017:21_7_SB4,s6_2017:2017-07-21,B2,0.343394340117139,0.29900507008365357,False
secondary,forward,ridge,s6_2017:21_7_SB4,s6_2017:2017-07-21,B3,0.34040964702448345,0.29111025449332,False
secondary,forward,ridge,s6_2017:21_7_SB4,s6_2017:2017-07-21,B4,0.3533442924339246,0.2939432821562144,False
secondary,forward,ridge,s6_2017:21_7_SB4,s6_2017:2017-07-21,B8,0.32068373442633724,0.2587197010985601,False
secondary,forward,ridge,s6_2017:21_7_SB5,s6_2017:2017-07-21,B2,0.32106092773367906,0.4291451393311005,True
secondary,forward,ridge,s6_2017:21_7_SB5,s6_2017:2017-07-21,B3,0.3165876666683802,0.42109531593903965,True
secondary,forward,ridge,s6_2017:21_7_SB5,s6_2017:2017-07-21,B4,0.3037733528919655,0.41639596999999506,True
secondary,forward,ridge,s6_2017:21_7_SB5,s6_2017:2017-07-21,B8,0.23272206318762506,0.3461685044027121,True
secondary,forward,ridge,s6_2017:21_7_SB7,s6_2017:2017-07-21,B2,0.17973857265815604,0.25685320368737113,False
secondary,forward,ridge,s6_2017:21_7_SB7,s6_2017:2017-07-21,B3,0.17729933445057328,0.24900859452605348,False
secondary,forward,ridge,s6_2017:21_7_SB7,s6_2017:2017-07-21,B4,0.19457186712920946,0.25428132894146327,False
secondary,forward,ridge,s6_2017:21_7_SB7,s6_2017:2017-07-21,B8,0.17659282610649055,0.2303953710539631,False
secondary,forward,ridge,s6_2017:21_7_SB8,s6_2017:2017-07-21,B2,0.33425069315614425,0.4235789544993491,True
secondary,forward,ridge,s6_2017:21_7_SB8,s6_2017:2017-07-21,B3,0.3266875033168097,0.41553576090301353,True
secondary,forward,ridge,s6_2017:21_7_SB8,s6_2017:2017-07-21,B4,0.30433918435767215,0.4111585800276011,True
secondary,forward,ridge,s6_2017:21_7_SB8,s6_2017:2017-07-21,B8,0.16657386178001718,0.3424282558741758,True
secondary,forward,ridge,s6_2017:21_7_SB9,s6_2017:2017-07-21,B2,0.6850701729187292,0.49038785768658133,True
secondary,forward,ridge,s6_2017:21_7_SB9,s6_2017:2017-07-21,B3,0.6821105288549321,0.4822650890502234,True
secondary,forward,ridge,s6_2017:21_7_SB9,s6_2017:2017-07-21,B4,0.6915968759652743,0.47402107744656563,True
secondary,forward,ridge,s6_2017:21_7_SB9,s6_2017:2017-07-21,B8,0.6273511239727043,0.3873211060745072,True
secondary,forward,ridge,s6_2017:21_7_SB10,s6_2017:2017-07-21,B2,0.23072584887674946,0.2887644161263716,False
secondary,forward,ridge,s6_2017:21_7_SB10,s6_2017:2017-07-21,B3,0.22675176848014855,0.2808817980188529,False
secondary,forward,ridge,s6_2017:21_7_SB10,s6_2017:2017-07-21,B4,0.23999800102576993,0.2843075442194004,False
secondary,forward,ridge,s6_2017:21_7_SB10,s6_2017:2017-07-21,B8,0.2625204779819493,0.2518384005214605,False
secondary,forward,ridge,s6_2017:22_7_SB1,s6_2017:2017-07-22,B2,0.26434028803051396,0.39300657013637896,True
secondary,forward,ridge,s6_2017:22_7_SB1,s6_2017:2017-07-22,B3,0.26117767161101657,0.3849997908290557,True
secondary,forward,ridge,s6_2017:22_7_SB1,s6_2017:2017-07-22,B4,0.2766038252099636,0.38239210817395014,True
secondary,forward,ridge,s6_2017:22_7_SB1,s6_2017:2017-07-22,B8,0.23974177995697346,0.3218848641105452,True
secondary,forward,ridge,s6_2017:22_7_SB2,s6_2017:2017-07-22,B2,0.38517513484471355,0.29562528258617665,False
secondary,forward,ridge,s6_2017:22_7_SB2,s6_2017:2017-07-22,B3,0.3861454557924048,0.287734492607888,False
secondary,forward,ridge,s6_2017:22_7_SB2,s6_2017:2017-07-22,B4,0.40465583238224523,0.29076313890133465,False
secondary,forward,ridge,s6_2017:22_7_SB2,s6_2017:2017-07-22,B8,0.3409583819480239,0.2564486221465832,False
secondary,forward,ridge,s6_2017:22_7_SB3,s6_2017:2017-07-22,B2,0.4175444106095249,0.33708327042108294,False
secondary,forward,ridge,s6_2017:22_7_SB3,s6_2017:2017-07-22,B3,0.40972782137068686,0.32914310048168405,False
secondary,forward,ridge,s6_2017:22_7_SB3,s6_2017:2017-07-22,B4,0.41327626284473856,0.32977220100138904,False
secondary,forward,ridge,s6_2017:22_7_SB3,s6_2017:2017-07-22,B8,0.34752366458989026,0.2843066941802414,False
secondary,forward,ridge,s6_2017:22_7_SB4,s6_2017:2017-07-22,B2,0.21712898875059358,0.22977514227099974,False
secondary,forward,ridge,s6_2017:22_7_SB4,s6_2017:2017-07-22,B3,0.21890136838327792,0.22196278536526684,False
secondary,forward,ridge,s6_2017:22_7_SB4,s6_2017:2017-07-22,B4,0.2527207112256166,0.22880277017622197,False
secondary,forward,ridge,s6_2017:22_7_SB4,s6_2017:2017-07-22,B8,0.2598257018034794,0.21220002137917823,False
secondary,forward,ridge,s6_2017:22_7_SB5,s6_2017:2017-07-22,B2,0.2437624647869645,0.2756757525239727,False
secondary,forward,ridge,s6_2017:22_7_SB5,s6_2017:2017-07-22,B3,0.24226113579645558,0.26780872411902823,False
secondary,forward,ridge,s6_2017:22_7_SB5,s6_2017:2017-07-22,B4,0.2735435028473704,0.27199202873162726,False
secondary,forward,ridge,s6_2017:22_7_SB5,s6_2017:2017-07-22,B8,0.2956104826331583,0.24304335395740737,False
secondary,forward,ridge,s6_2017:23_7_SB1,s6_2017:2017-07-23,B2,0.6006290690452497,0.5015548719220801,True
secondary,forward,ridge,s6_2017:23_7_SB1,s6_2017:2017-07-23,B3,0.5929340957655345,0.4934188024296638,True
secondary,forward,ridge,s6_2017:23_7_SB1,s6_2017:2017-07-23,B4,0.5707505231508505,0.4845284555064818,True
secondary,forward,ridge,s6_2017:23_7_SB1,s6_2017:2017-07-23,B8,0.4659654350795241,0.3948248828668648,True
secondary,forward,ridge,s6_2017:23_7_SB2,s6_2017:2017-07-23,B2,0.611780362095914,0.4354088139517444,True
secondary,forward,ridge,s6_2017:23_7_SB2,s6_2017:2017-07-23,B3,0.6030160603526651,0.4273515299947761,True
secondary,forward,ridge,s6_2017:23_7_SB2,s6_2017:2017-07-23,B4,0.5801500010859392,0.4222896489991843,True
secondary,forward,ridge,s6_2017:23_7_SB2,s6_2017:2017-07-23,B8,0.47780405775257995,0.3503774375393651,True
secondary,forward,ridge,s6_2017:23_7_SB3,s6_2017:2017-07-23,B2,0.20283406399193335,0.32471477083252176,False
secondary,forward,ridge,s6_2017:23_7_SB3,s6_2017:2017-07-23,B3,0.19826530148425017,0.31678933281960003,False
secondary,forward,ridge,s6_2017:23_7_SB3,s6_2017:2017-07-23,B4,0.2034743663646979,0.3181343093975798,False
secondary,forward,ridge,s6_2017:23_7_SB3,s6_2017:2017-07-23,B8,0.13250380298646322,0.275995568376005,False
secondary,forward,ridge,s6_2017:23_7_SB4,s6_2017:2017-07-23,B2,0.3212180970663367,0.27952171321412594,False
secondary,forward,ridge,s6_2017:23_7_SB4,s6_2017:2017-07-23,B3,0.31389856287374623,0.2716501039455354,False
secondary,forward,ridge,s6_2017:23_7_SB4,s6_2017:2017-07-23,B4,0.31487927535904287,0.2756108083017789,False
secondary,forward,ridge,s6_2017:23_7_SB4,s6_2017:2017-07-23,B8,0.22562196303677912,0.24562768222658346,False
secondary,forward,ridge,s6_2017:23_7_SB5,s6_2017:2017-07-23,B2,0.2508665165706538,0.26442654158412043,False
secondary,forward,ridge,s6_2017:23_7_SB5,s6_2017:2017-07-23,B3,0.2570480776547852,0.2565729119384439,False
secondary,forward,ridge,s6_2017:23_7_SB5,s6_2017:2017-07-23,B4,0.30105128734271136,0.2614073093314292,False
secondary,forward,ridge,s6_2017:23_7_SB5,s6_2017:2017-07-23,B8,0.30639507437305485,0.23548434434188611,False
secondary,forward,ridge,s6_2017:24_7_SB1,s6_2017:2017-07-24,B2,0.41558730583287695,0.40072089943652933,True
secondary,forward,ridge,s6_2017:24_7_SB1,s6_2017:2017-07-24,B3,0.40689441587120384,0.392704931712191,True
secondary,forward,ridge,s6_2017:24_7_SB1,s6_2017:2017-07-24,B4,0.4005524145465975,0.3896507515969786,True
secondary,forward,ridge,s6_2017:24_7_SB1,s6_2017:2017-07-24,B8,0.31912884281788295,0.32706857785446225,True
secondary,forward,ridge,s6_2017:24_7_SB2,s6_2017:2017-07-24,B2,0.26683969258031337,0.3021620497385506,False
secondary,forward,ridge,s6_2017:24_7_SB2,s6_2017:2017-07-24,B3,0.2629477083749059,0.29426347391910984,False
secondary,forward,ridge,s6_2017:24_7_SB2,s6_2017:2017-07-24,B4,0.2777024922560034,0.29691377884063863,False
secondary,forward,ridge,s6_2017:24_7_SB2,s6_2017:2017-07-24,B8,0.20312004680444212,0.2608410622940223,False
secondary,forward,random_forest,s6_2017:13_7_SB1,s6_2017:2017-07-13,B2,0.3714892778712326,0.40783776000460514,True
secondary,forward,random_forest,s6_2017:13_7_SB1,s6_2017:2017-07-13,B3,0.35762437405574843,0.4000382376941568,True
secondary,forward,random_forest,s6_2017:13_7_SB1,s6_2017:2017-07-13,B4,0.33417502384816483,0.39508870169808796,True
secondary,forward,random_forest,s6_2017:13_7_SB1,s6_2017:2017-07-13,B8,0.20748433646327727,0.33127201027078546,True
secondary,forward,random_forest,s6_2017:13_7_SB2,s6_2017:2017-07-13,B2,0.26460508127099286,0.3631047386814387,False
secondary,forward,random_forest,s6_2017:13_7_SB2,s6_2017:2017-07-13,B3,0.2614783507349483,0.35434498203498316,False
secondary,forward,random_forest,s6_2017:13_7_SB2,s6_2017:2017-07-13,B4,0.2646861639188565,0.35511351276908176,False
secondary,forward,random_forest,s6_2017:13_7_SB2,s6_2017:2017-07-13,B8,0.16563473004092244,0.30581925100066254,False
secondary,forward,random_forest,s6_2017:13_7_SB3,s6_2017:2017-07-13,B2,0.7254261263669698,0.40783776000460514,True
secondary,forward,random_forest,s6_2017:13_7_SB3,s6_2017:2017-07-13,B3,0.7126760544565279,0.4000382376941568,True
secondary,forward,random_forest,s6_2017:13_7_SB3,s6_2017:2017-07-13,B4,0.6951168716409699,0.39508870169808796,True
secondary,forward,random_forest,s6_2017:13_7_SB3,s6_2017:2017-07-13,B8,0.5708479297231773,0.33127201027078546,True
secondary,forward,random_forest,s6_2017:13_7_SB4,s6_2017:2017-07-13,B2,0.18945248062969594,0.40783776000460514,False
secondary,forward,random_forest,s6_2017:13_7_SB4,s6_2017:2017-07-13,B3,0.18361458161883457,0.4000382376941568,False
secondary,forward,random_forest,s6_2017:13_7_SB4,s6_2017:2017-07-13,B4,0.18376163076371294,0.39508870169808796,False
secondary,forward,random_forest,s6_2017:13_7_SB4,s6_2017:2017-07-13,B8,0.13404826758060384,0.33127201027078546,False
secondary,forward,random_forest,s6_2017:14_7_SB1,s6_2017:2017-07-14,B2,0.21191630954381063,0.16772271135231998,False
secondary,forward,random_forest,s6_2017:14_7_SB1,s6_2017:2017-07-14,B3,0.2067091341829213,0.16116271643506103,False
secondary,forward,random_forest,s6_2017:14_7_SB1,s6_2017:2017-07-14,B4,0.2169456854011825,0.16834643050838333,False
secondary,forward,random_forest,s6_2017:14_7_SB1,s6_2017:2017-07-14,B8,0.22540146440554643,0.16132562529675615,False
secondary,forward,random_forest,s6_2017:14_7_SB2,s6_2017:2017-07-14,B2,0.4475343712291257,0.40783776000460514,True
secondary,forward,random_forest,s6_2017:14_7_SB2,s6_2017:2017-07-14,B3,0.4396264572841009,0.4000382376941568,True
secondary,forward,random_forest,s6_2017:14_7_SB2,s6_2017:2017-07-14,B4,0.42678286254074643,0.39508870169808796,True
secondary,forward,random_forest,s6_2017:14_7_SB2,s6_2017:2017-07-14,B8,0.3394845570038069,0.33127201027078546,True
secondary,forward,random_forest,s6_2017:14_7_SB3,s6_2017:2017-07-14,B2,0.37328381854382164,0.40783776000460514,False
secondary,forward,random_forest,s6_2017:14_7_SB3,s6_2017:2017-07-14,B3,0.3607237019006295,0.4000382376941568,False
secondary,forward,random_forest,s6_2017:14_7_SB3,s6_2017:2017-07-14,B4,0.3336259507309148,0.39508870169808796,False
secondary,forward,random_forest,s6_2017:14_7_SB3,s6_2017:2017-07-14,B8,0.22570458013522152,0.33127201027078546,False
secondary,forward,random_forest,s6_2017:14_7_SB4,s6_2017:2017-07-14,B2,0.13331471463297617,0.3297132008264732,False
secondary,forward,random_forest,s6_2017:14_7_SB4,s6_2017:2017-07-14,B3,0.11592864532250365,0.32143762116850905,False
secondary,forward,random_forest,s6_2017:14_7_SB4,s6_2017:2017-07-14,B4,0.09208762421609484,0.33033260463605235,False
secondary,forward,random_forest,s6_2017:14_7_SB4,s6_2017:2017-07-14,B8,0.07896182273198707,0.2950048703787895,False
secondary,forward,random_forest,s6_2017:14_7_SB5,s6_2017:2017-07-14,B2,0.154285354866093,0.20303349315739205,False
secondary,forward,random_forest,s6_2017:14_7_SB5,s6_2017:2017-07-14,B3,0.15560571621641864,0.19484430675688047,False
secondary,forward,random_forest,s6_2017:14_7_SB5,s6_2017:2017-07-14,B4,0.19515439817388344,0.20118689412124058,False
secondary,forward,random_forest,s6_2017:14_7_SB5,s6_2017:2017-07-14,B8,0.30173068105790085,0.1900991894246163,False
secondary,forward,random_forest,s6_2017:14_7_SB7,s6_2017:2017-07-14,B2,0.3245838183813135,0.3631047386814387,False
secondary,forward,random_forest,s6_2017:14_7_SB7,s6_2017:2017-07-14,B3,0.3310761801042479,0.35434498203498316,False
secondary,forward,random_forest,s6_2017:14_7_SB7,s6_2017:2017-07-14,B4,0.3692898212498411,0.35511351276908176,False
secondary,forward,random_forest,s6_2017:14_7_SB7,s6_2017:2017-07-14,B8,0.4024786131493492,0.30581925100066254,False
secondary,forward,random_forest,s6_2017:14_7_SB9,s6_2017:2017-07-14,B2,0.2707426216840476,0.3010877066030536,False
secondary,forward,random_forest,s6_2017:14_7_SB9,s6_2017:2017-07-14,B3,0.26444786265667103,0.29312693099359294,False
secondary,forward,random_forest,s6_2017:14_7_SB9,s6_2017:2017-07-14,B4,0.28220192324774024,0.30475219751430976,False
secondary,forward,random_forest,s6_2017:14_7_SB9,s6_2017:2017-07-14,B8,0.2719414343152269,0.2777226575548868,False
secondary,forward,random_forest,s6_2017:14_7_SB10,s6_2017:2017-07-14,B2,0.2253594362209261,0.2719920652739857,False
secondary,forward,random_forest,s6_2017:14_7_SB10,s6_2017:2017-07-14,B3,0.22085016326235715,0.2643202421133777,False
secondary,forward,random_forest,s6_2017:14_7_SB10,s6_2017:2017-07-14,B4,0.24603185012524603,0.27623369074274867,False
secondary,forward,random_forest,s6_2017:14_7_SB10,s6_2017:2017-07-14,B8,0.2701863377822551,0.254658973397913,False
secondary,forward,random_forest,s6_2017:15_7_SB1,s6_2017:2017-07-15,B2,0.6518040008031724,0.40783776000460514,True
secondary,forward,random_forest,s6_2017:15_7_SB1,s6_2017:2017-07-15,B3,0.644953808918165,0.4000382376941568,True
secondary,forward,random_forest,s6_2017:15_7_SB1,s6_2017:2017-07-15,B4,0.6339338750728944,0.39508870169808796,True
secondary,forward,random_forest,s6_2017:15_7_SB1,s6_2017:2017-07-15,B8,0.5572914105703217,0.33127201027078546,True
secondary,forward,random_forest,s6_2017:15_7_SB2,s6_2017:2017-07-15,B2,0.4187309429908236,0.40783776000460514,False
secondary,forward,random_forest,s6_2017:15_7_SB2,s6_2017:2017-07-15,B3,0.401690398314234,0.4000382376941568,False
secondary,forward,random_forest,s6_2017:15_7_SB2,s6_2017:2017-07-15,B4,0.36429546268972607,0.39508870169808796,False
secondary,forward,random_forest,s6_2017:15_7_SB2,s6_2017:2017-07-15,B8,0.2699819104117282,0.33127201027078546,False
secondary,forward,random_forest,s6_2017:15_7_SB3,s6_2017:2017-07-15,B2,0.15633870666840963,0.16772271135231998,False
secondary,forward,random_forest,s6_2017:15_7_SB3,s6_2017:2017-07-15,B3,0.15157883709740366,0.16116271643506103,False
secondary,forward,random_forest,s6_2017:15_7_SB3,s6_2017:2017-07-15,B4,0.16012310393677484,0.16834643050838333,False
secondary,forward,random_forest,s6_2017:15_7_SB3,s6_2017:2017-07-15,B8,0.15498707505760692,0.16132562529675615,False
secondary,forward,random_forest,s6_2017:15_7_SB4,s6_2017:2017-07-15,B2,0.49919419183147484,0.40783776000460514,False
secondary,forward,random_forest,s6_2017:15_7_SB4,s6_2017:2017-07-15,B3,0.4816910783901836,0.4000382376941568,False
secondary,forward,random_forest,s6_2017:15_7_SB4,s6_2017:2017-07-15,B4,0.4593239134261029,0.39508870169808796,False
secondary,forward,random_forest,s6_2017:15_7_SB4,s6_2017:2017-07-15,B8,0.3563826424354914,0.33127201027078546,False
secondary,forward,random_forest,s6_2017:15_7_SB5,s6_2017:2017-07-15,B2,0.6299263566355111,0.40783776000460514,True
secondary,forward,random_forest,s6_2017:15_7_SB5,s6_2017:2017-07-15,B3,0.6201087119434877,0.4000382376941568,True
secondary,forward,random_forest,s6_2017:15_7_SB5,s6_2017:2017-07-15,B4,0.6061329660680511,0.39508870169808796,True
secondary,forward,random_forest,s6_2017:15_7_SB5,s6_2017:2017-07-15,B8,0.5057255406744251,0.33127201027078546,True
secondary,forward,random_forest,s6_2017:20_7_SB1,s6_2017:2017-07-20,B2,0.4071214720572213,0.39729161241533945,False
secondary,forward,random_forest,s6_2017:20_7_SB1,s6_2017:2017-07-20,B3,0.40436147033903463,0.38905194409666494,False
secondary,forward,random_forest,s6_2017:20_7_SB1,s6_2017:2017-07-20,B4,0.4397478249286752,0.3849825349162218,False
secondary,forward,random_forest,s6_2017:20_7_SB1,s6_2017:2017-07-20,B8,0.4225296598477104,0.32305676166340414,False
secondary,forward,random_forest,s6_2017:20_7_SB2,s6_2017:2017-07-20,B2,0.4160016614327963,0.40783776000460514,False
secondary,forward,random_forest,s6_2017:20_7_SB2,s6_2017:2017-07-20,B3,0.4044423020287485,0.4000382376941568,False
secondary,forward,random_forest,s6_2017:20_7_SB2,s6_2017:2017-07-20,B4,0.3963389275066313,0.39508870169808796,False
secondary,forward,random_forest,s6_2017:20_7_SB2,s6_2017:2017-07-20,B8,0.3201166793780451,0.33127201027078546,False
secondary,forward,random_forest,s6_2017:20_7_SB3,s6_2017:2017-07-20,B2,0.3981114695229891,0.40783776000460514,False
secondary,forward,random_forest,s6_2017:20_7_SB3,s6_2017:2017-07-20,B3,0.3972505244712511,0.4000382376941568,False
secondary,forward,random_forest,s6_2017:20_7_SB3,s6_2017:2017-07-20,B4,0.40572908959085263,0.39508870169808796,False
secondary,forward,random_forest,s6_2017:20_7_SB3,s6_2017:2017-07-20,B8,0.35400915683317,0.33127201027078546,False
secondary,forward,random_forest,s6_2017:21_7_SB1,s6_2017:2017-07-21,B2,0.11291869644741159,0.23682946184319006,False
secondary,forward,random_forest,s6_2017:21_7_SB1,s6_2017:2017-07-21,B3,0.11483301263619625,0.2290270008174809,False
secondary,forward,random_forest,s6_2017:21_7_SB1,s6_2017:2017-07-21,B4,0.1439962821956646,0.23621271073567618,False
secondary,forward,random_forest,s6_2017:21_7_SB1,s6_2017:2017-07-21,B8,0.21858289703906608,0.225898661243929,False
secondary,forward,random_forest,s6_2017:21_7_SB2,s6_2017:2017-07-21,B2,0.2135723191363,0.2025589660525357,False
secondary,forward,random_forest,s6_2017:21_7_SB2,s6_2017:2017-07-21,B3,0.21774194445009906,0.19445655089823505,False
secondary,forward,random_forest,s6_2017:21_7_SB2,s6_2017:2017-07-21,B4,0.26410573918564423,0.20124361359185083,False
secondary,forward,random_forest,s6_2017:21_7_SB2,s6_2017:2017-07-21,B8,0.3080456524698936,0.19249393012662283,False
secondary,forward,random_forest,s6_2017:21_7_SB3,s6_2017:2017-07-21,B2,0.7061127465044669,0.40783776000460514,True
secondary,forward,random_forest,s6_2017:21_7_SB3,s6_2017:2017-07-21,B3,0.7055172484291006,0.4000382376941568,True
secondary,forward,random_forest,s6_2017:21_7_SB3,s6_2017:2017-07-21,B4,0.7034567838509526,0.39508870169808796,True
secondary,forward,random_forest,s6_2017:21_7_SB3,s6_2017:2017-07-21,B8,0.631551222739401,0.33127201027078546,True
secondary,forward,random_forest,s6_2017:21_7_SB4,s6_2017:2017-07-21,B2,0.343394340117139,0.3604535472826948,False
secondary,forward,random_forest,s6_2017:21_7_SB4,s6_2017:2017-07-21,B3,0.34040964702448345,0.3516780844757442,False
secondary,forward,random_forest,s6_2017:21_7_SB4,s6_2017:2017-07-21,B4,0.3533442924339246,0.35288157655207325,False
secondary,forward,random_forest,s6_2017:21_7_SB4,s6_2017:2017-07-21,B8,0.32068373442633724,0.30435242989823635,False
secondary,forward,random_forest,s6_2017:21_7_SB5,s6_2017:2017-07-21,B2,0.32106092773367906,0.40783776000460514,True
secondary,forward,random_forest,s6_2017:21_7_SB5,s6_2017:2017-07-21,B3,0.3165876666683802,0.4000382376941568,True
secondary,forward,random_forest,s6_2017:21_7_SB5,s6_2017:2017-07-21,B4,0.3037733528919655,0.39508870169808796,True
secondary,forward,random_forest,s6_2017:21_7_SB5,s6_2017:2017-07-21,B8,0.23272206318762506,0.33127201027078546,True
secondary,forward,random_forest,s6_2017:21_7_SB7,s6_2017:2017-07-21,B2,0.17973857265815604,0.16856500057076526,False
secondary,forward,random_forest,s6_2017:21_7_SB7,s6_2017:2017-07-21,B3,0.17729933445057328,0.16193720524233296,False
secondary,forward,random_forest,s6_2017:21_7_SB7,s6_2017:2017-07-21,B4,0.19457186712920946,0.16967417351826572,False
secondary,forward,random_forest,s6_2017:21_7_SB7,s6_2017:2017-07-21,B8,0.17659282610649055,0.16154034908447024,False
secondary,forward,random_forest,s6_2017:21_7_SB8,s6_2017:2017-07-21,B2,0.33425069315614425,0.40783776000460514,True
secondary,forward,random_forest,s6_2017:21_7_SB8,s6_2017:2017-07-21,B3,0.3266875033168097,0.4000382376941568,True
secondary,forward,random_forest,s6_2017:21_7_SB8,s6_2017:2017-07-21,B4,0.30433918435767215,0.39508870169808796,True
secondary,forward,random_forest,s6_2017:21_7_SB8,s6_2017:2017-07-21,B8,0.16657386178001718,0.33127201027078546,True
secondary,forward,random_forest,s6_2017:21_7_SB9,s6_2017:2017-07-21,B2,0.6850701729187292,0.40783776000460514,True
secondary,forward,random_forest,s6_2017:21_7_SB9,s6_2017:2017-07-21,B3,0.6821105288549321,0.4000382376941568,True
secondary,forward,random_forest,s6_2017:21_7_SB9,s6_2017:2017-07-21,B4,0.6915968759652743,0.39508870169808796,True
secondary,forward,random_forest,s6_2017:21_7_SB9,s6_2017:2017-07-21,B8,0.6273511239727043,0.33127201027078546,True
secondary,forward,random_forest,s6_2017:21_7_SB10,s6_2017:2017-07-21,B2,0.23072584887674946,0.3297132008264732,False
secondary,forward,random_forest,s6_2017:21_7_SB10,s6_2017:2017-07-21,B3,0.22675176848014855,0.32143762116850905,False
secondary,forward,random_forest,s6_2017:21_7_SB10,s6_2017:2017-07-21,B4,0.23999800102576993,0.33033260463605235,False
secondary,forward,random_forest,s6_2017:21_7_SB10,s6_2017:2017-07-21,B8,0.2625204779819493,0.2950048703787895,False
secondary,forward,random_forest,s6_2017:22_7_SB1,s6_2017:2017-07-22,B2,0.26434028803051396,0.40783776000460514,True
secondary,forward,random_forest,s6_2017:22_7_SB1,s6_2017:2017-07-22,B3,0.26117767161101657,0.4000382376941568,True
secondary,forward,random_forest,s6_2017:22_7_SB1,s6_2017:2017-07-22,B4,0.2766038252099636,0.39508870169808796,True
secondary,forward,random_forest,s6_2017:22_7_SB1,s6_2017:2017-07-22,B8,0.23974177995697346,0.33127201027078546,True
secondary,forward,random_forest,s6_2017:22_7_SB2,s6_2017:2017-07-22,B2,0.38517513484471355,0.35176717442135286,False
secondary,forward,random_forest,s6_2017:22_7_SB2,s6_2017:2017-07-22,B3,0.3861454557924048,0.34303497588865406,False
secondary,forward,random_forest,s6_2017:22_7_SB2,s6_2017:2017-07-22,B4,0.40465583238224523,0.3465344939180747,False
secondary,forward,random_forest,s6_2017:22_7_SB2,s6_2017:2017-07-22,B8,0.3409583819480239,0.30176297323662865,False
secondary,forward,random_forest,s6_2017:22_7_SB3,s6_2017:2017-07-22,B2,0.4175444106095249,0.40783776000460514,False
secondary,forward,random_forest,s6_2017:22_7_SB3,s6_2017:2017-07-22,B3,0.40972782137068686,0.4000382376941568,False
secondary,forward,random_forest,s6_2017:22_7_SB3,s6_2017:2017-07-22,B4,0.41327626284473856,0.39508870169808796,False
secondary,forward,random_forest,s6_2017:22_7_SB3,s6_2017:2017-07-22,B8,0.34752366458989026,0.33127201027078546,False
secondary,forward,random_forest,s6_2017:22_7_SB4,s6_2017:2017-07-22,B2,0.21712898875059358,0.20089819112812354,False
secondary,forward,random_forest,s6_2017:22_7_SB4,s6_2017:2017-07-22,B3,0.21890136838327792,0.19312754622328024,False
secondary,forward,random_forest,s6_2017:22_7_SB4,s6_2017:2017-07-22,B4,0.2527207112256166,0.20206196166286386,False
secondary,forward,random_forest,s6_2017:22_7_SB4,s6_2017:2017-07-22,B8,0.2598257018034794,0.20206316390503765,False
secondary,forward,random_forest,s6_2017:22_7_SB5,s6_2017:2017-07-22,B2,0.2437624647869645,0.2835725904490548,False
secondary,forward,random_forest,s6_2017:22_7_SB5,s6_2017:2017-07-22,B3,0.24226113579645558,0.27579785719477784,False
secondary,forward,random_forest,s6_2017:22_7_SB5,s6_2017:2017-07-22,B4,0.2735435028473704,0.2873881570652777,False
secondary,forward,random_forest,s6_2017:22_7_SB5,s6_2017:2017-07-22,B8,0.2956104826331583,0.2635734128433605,False
secondary,forward,random_forest,s6_2017:23_7_SB1,s6_2017:2017-07-23,B2,0.6006290690452497,0.40783776000460514,True
secondary,forward,random_forest,s6_2017:23_7_SB1,s6_2017:2017-07-23,B3,0.5929340957655345,0.4000382376941568,True
secondary,forward,random_forest,s6_2017:23_7_SB1,s6_2017:2017-07-23,B4,0.5707505231508505,0.39508870169808796,True
secondary,forward,random_forest,s6_2017:23_7_SB1,s6_2017:2017-07-23,B8,0.4659654350795241,0.33127201027078546,True
secondary,forward,random_forest,s6_2017:23_7_SB2,s6_2017:2017-07-23,B2,0.611780362095914,0.40783776000460514,True
secondary,forward,random_forest,s6_2017:23_7_SB2,s6_2017:2017-07-23,B3,0.6030160603526651,0.4000382376941568,True
secondary,forward,random_forest,s6_2017:23_7_SB2,s6_2017:2017-07-23,B4,0.5801500010859392,0.39508870169808796,True
secondary,forward,random_forest,s6_2017:23_7_SB2,s6_2017:2017-07-23,B8,0.47780405775257995,0.33127201027078546,True
secondary,forward,random_forest,s6_2017:23_7_SB3,s6_2017:2017-07-23,B2,0.20283406399193335,0.40783776000460514,False
secondary,forward,random_forest,s6_2017:23_7_SB3,s6_2017:2017-07-23,B3,0.19826530148425017,0.4000382376941568,False
secondary,forward,random_forest,s6_2017:23_7_SB3,s6_2017:2017-07-23,B4,0.2034743663646979,0.39508870169808796,False
secondary,forward,random_forest,s6_2017:23_7_SB3,s6_2017:2017-07-23,B8,0.13250380298646322,0.33127201027078546,False
secondary,forward,random_forest,s6_2017:23_7_SB4,s6_2017:2017-07-23,B2,0.3212180970663367,0.3010877066030536,False
secondary,forward,random_forest,s6_2017:23_7_SB4,s6_2017:2017-07-23,B3,0.31389856287374623,0.29312693099359294,False
secondary,forward,random_forest,s6_2017:23_7_SB4,s6_2017:2017-07-23,B4,0.31487927535904287,0.30475219751430976,False
secondary,forward,random_forest,s6_2017:23_7_SB4,s6_2017:2017-07-23,B8,0.22562196303677912,0.2777226575548868,False
secondary,forward,random_forest,s6_2017:23_7_SB5,s6_2017:2017-07-23,B2,0.2508665165706538,0.16809999029069653,False
secondary,forward,random_forest,s6_2017:23_7_SB5,s6_2017:2017-07-23,B3,0.2570480776547852,0.16147025596680897,False
secondary,forward,random_forest,s6_2017:23_7_SB5,s6_2017:2017-07-23,B4,0.30105128734271136,0.16790193355369232,False
secondary,forward,random_forest,s6_2017:23_7_SB5,s6_2017:2017-07-23,B8,0.30639507437305485,0.1603707523753817,False
secondary,forward,random_forest,s6_2017:24_7_SB1,s6_2017:2017-07-24,B2,0.41558730583287695,0.40783776000460514,True
secondary,forward,random_forest,s6_2017:24_7_SB1,s6_2017:2017-07-24,B3,0.40689441587120384,0.4000382376941568,True
secondary,forward,random_forest,s6_2017:24_7_SB1,s6_2017:2017-07-24,B4,0.4005524145465975,0.39508870169808796,True
secondary,forward,random_forest,s6_2017:24_7_SB1,s6_2017:2017-07-24,B8,0.31912884281788295,0.33127201027078546,True
secondary,forward,random_forest,s6_2017:24_7_SB2,s6_2017:2017-07-24,B2,0.26683969258031337,0.3631047386814387,False
secondary,forward,random_forest,s6_2017:24_7_SB2,s6_2017:2017-07-24,B3,0.2629477083749059,0.35434498203498316,False
secondary,forward,random_forest,s6_2017:24_7_SB2,s6_2017:2017-07-24,B4,0.2777024922560034,0.35511351276908176,False
secondary,forward,random_forest,s6_2017:24_7_SB2,s6_2017:2017-07-24,B8,0.20312004680444212,0.30581925100066254,False
secondary,forward,gaussian_process,s6_2017:13_7_SB1,s6_2017:2017-07-13,B2,0.3714892778712326,0.457359663097363,True
secondary,forward,gaussian_process,s6_2017:13_7_SB1,s6_2017:2017-07-13,B3,0.35762437405574843,0.44903354940766216,True
secondary,forward,gaussian_process,s6_2017:13_7_SB1,s6_2017:2017-07-13,B4,0.33417502384816483,0.4411032582702645,True
secondary,forward,gaussian_process,s6_2017:13_7_SB1,s6_2017:2017-07-13,B8,0.20748433646327727,0.37098023952093195,True
secondary,forward,gaussian_process,s6_2017:13_7_SB2,s6_2017:2017-07-13,B2,0.26460508127099286,0.32493361956668876,False
secondary,forward,gaussian_process,s6_2017:13_7_SB2,s6_2017:2017-07-13,B3,0.2614783507349483,0.3170501542714973,False
secondary,forward,gaussian_process,s6_2017:13_7_SB2,s6_2017:2017-07-13,B4,0.2646861639188565,0.3183811133907926,False
secondary,forward,gaussian_process,s6_2017:13_7_SB2,s6_2017:2017-07-13,B8,0.16563473004092244,0.27416365834732304,False
secondary,forward,gaussian_process,s6_2017:13_7_SB3,s6_2017:2017-07-13,B2,0.7254261263669698,0.4026498816259235,True
secondary,forward,gaussian_process,s6_2017:13_7_SB3,s6_2017:2017-07-13,B3,0.7126760544565279,0.3945027197066686,True
secondary,forward,gaussian_process,s6_2017:13_7_SB3,s6_2017:2017-07-13,B4,0.6951168716409699,0.3917240679627443,True
secondary,forward,gaussian_process,s6_2017:13_7_SB3,s6_2017:2017-07-13,B8,0.5708479297231773,0.33881597484880516,True
secondary,forward,gaussian_process,s6_2017:13_7_SB4,s6_2017:2017-07-13,B2,0.18945248062969594,0.4446922621880195,False
secondary,forward,gaussian_process,s6_2017:13_7_SB4,s6_2017:2017-07-13,B3,0.18361458161883457,0.43641421375189293,False
secondary,forward,gaussian_process,s6_2017:13_7_SB4,s6_2017:2017-07-13,B4,0.18376163076371294,0.42900952760256195,False
secondary,forward,gaussian_process,s6_2017:13_7_SB4,s6_2017:2017-07-13,B8,0.13404826758060384,0.35901137720996024,False
secondary,forward,gaussian_process,s6_2017:14_7_SB1,s6_2017:2017-07-14,B2,0.21191630954381063,0.2308391689259146,False
secondary,forward,gaussian_process,s6_2017:14_7_SB1,s6_2017:2017-07-14,B3,0.2067091341829213,0.22312822566775728,False
secondary,forward,gaussian_process,s6_2017:14_7_SB1,s6_2017:2017-07-14,B4,0.2169456854011825,0.2307516748534669,False
secondary,forward,gaussian_process,s6_2017:14_7_SB1,s6_2017:2017-07-14,B8,0.22540146440554643,0.21174462264716518,False
secondary,forward,gaussian_process,s6_2017:14_7_SB2,s6_2017:2017-07-14,B2,0.4475343712291257,0.45728247304393493,True
secondary,forward,gaussian_process,s6_2017:14_7_SB2,s6_2017:2017-07-14,B3,0.4396264572841009,0.4489571824072688,True
secondary,forward,gaussian_process,s6_2017:14_7_SB2,s6_2017:2017-07-14,B4,0.42678286254074643,0.44090153099008844,True
secondary,forward,gaussian_process,s6_2017:14_7_SB2,s6_2017:2017-07-14,B8,0.3394845570038069,0.370052054604616,True
secondary,forward,gaussian_process,s6_2017:14_7_SB3,s6_2017:2017-07-14,B2,0.37328381854382164,0.39361131118852843,False
secondary,forward,gaussian_process,s6_2017:14_7_SB3,s6_2017:2017-07-14,B3,0.3607237019006295,0.38551401014694586,False
secondary,forward,gaussian_process,s6_2017:14_7_SB3,s6_2017:2017-07-14,B4,0.3336259507309148,0.38177418449873507,False
secondary,forward,gaussian_process,s6_2017:14_7_SB3,s6_2017:2017-07-14,B8,0.22570458013522152,0.32163592315028827,False
secondary,forward,gaussian_process,s6_2017:14_7_SB4,s6_2017:2017-07-14,B2,0.13331471463297617,0.28572744729349536,False
secondary,forward,gaussian_process,s6_2017:14_7_SB4,s6_2017:2017-07-14,B3,0.11592864532250365,0.2779424914129695,False
secondary,forward,gaussian_process,s6_2017:14_7_SB4,s6_2017:2017-07-14,B4,0.09208762421609484,0.28206525753922806,False
secondary,forward,gaussian_process,s6_2017:14_7_SB4,s6_2017:2017-07-14,B8,0.07896182273198707,0.24775510646775128,False
secondary,forward,gaussian_process,s6_2017:14_7_SB5,s6_2017:2017-07-14,B2,0.154285354866093,0.21381808436314778,False
secondary,forward,gaussian_process,s6_2017:14_7_SB5,s6_2017:2017-07-14,B3,0.15560571621641864,0.20607882604946504,False
secondary,forward,gaussian_process,s6_2017:14_7_SB5,s6_2017:2017-07-14,B4,0.19515439817388344,0.21442589227798678,False
secondary,forward,gaussian_process,s6_2017:14_7_SB5,s6_2017:2017-07-14,B8,0.30173068105790085,0.20119749568011897,False
secondary,forward,gaussian_process,s6_2017:14_7_SB7,s6_2017:2017-07-14,B2,0.3245838183813135,0.3349304023149313,False
secondary,forward,gaussian_process,s6_2017:14_7_SB7,s6_2017:2017-07-14,B3,0.3310761801042479,0.32701853965324645,False
secondary,forward,gaussian_process,s6_2017:14_7_SB7,s6_2017:2017-07-14,B4,0.3692898212498411,0.3276201777319674,False
secondary,forward,gaussian_process,s6_2017:14_7_SB7,s6_2017:2017-07-14,B8,0.4024786131493492,0.2809702704135091,False
secondary,forward,gaussian_process,s6_2017:14_7_SB9,s6_2017:2017-07-14,B2,0.2707426216840476,0.26187714644667115,False
secondary,forward,gaussian_process,s6_2017:14_7_SB9,s6_2017:2017-07-14,B3,0.26444786265667103,0.25413795163649766,False
secondary,forward,gaussian_process,s6_2017:14_7_SB9,s6_2017:2017-07-14,B4,0.28220192324774024,0.2598730769036212,False
secondary,forward,gaussian_process,s6_2017:14_7_SB9,s6_2017:2017-07-14,B8,0.2719414343152269,0.2319294208715011,False
secondary,forward,gaussian_process,s6_2017:14_7_SB10,s6_2017:2017-07-14,B2,0.2253594362209261,0.2482606332668425,False
secondary,forward,gaussian_process,s6_2017:14_7_SB10,s6_2017:2017-07-14,B3,0.22085016326235715,0.24053990369699688,False
secondary,forward,gaussian_process,s6_2017:14_7_SB10,s6_2017:2017-07-14,B4,0.24603185012524603,0.24714517932715396,False
secondary,forward,gaussian_process,s6_2017:14_7_SB10,s6_2017:2017-07-14,B8,0.2701863377822551,0.2229991880066658,False
secondary,forward,gaussian_process,s6_2017:15_7_SB1,s6_2017:2017-07-15,B2,0.6518040008031724,0.43355453362369656,True
secondary,forward,gaussian_process,s6_2017:15_7_SB1,s6_2017:2017-07-15,B3,0.644953808918165,0.425308779001067,True
secondary,forward,gaussian_process,s6_2017:15_7_SB1,s6_2017:2017-07-15,B4,0.6339338750728944,0.4198622924341274,True
secondary,forward,gaussian_process,s6_2017:15_7_SB1,s6_2017:2017-07-15,B8,0.5572914105703217,0.3584494902773789,True
secondary,forward,gaussian_process,s6_2017:15_7_SB2,s6_2017:2017-07-15,B2,0.4187309429908236,0.40398444391338495,False
secondary,forward,gaussian_process,s6_2017:15_7_SB2,s6_2017:2017-07-15,B3,0.401690398314234,0.39585167487391093,False
secondary,forward,gaussian_process,s6_2017:15_7_SB2,s6_2017:2017-07-15,B4,0.36429546268972607,0.39134507384189443,False
secondary,forward,gaussian_process,s6_2017:15_7_SB2,s6_2017:2017-07-15,B8,0.2699819104117282,0.32899427280289606,False
secondary,forward,gaussian_process,s6_2017:15_7_SB3,s6_2017:2017-07-15,B2,0.15633870666840963,0.2308391689259146,False
secondary,forward,gaussian_process,s6_2017:15_7_SB3,s6_2017:2017-07-15,B3,0.15157883709740366,0.22312822566775728,False
secondary,forward,gaussian_process,s6_2017:15_7_SB3,s6_2017:2017-07-15,B4,0.16012310393677484,0.2307516748534669,False
secondary,forward,gaussian_process,s6_2017:15_7_SB3,s6_2017:2017-07-15,B8,0.15498707505760692,0.21174462264716518,False
secondary,forward,gaussian_process,s6_2017:15_7_SB4,s6_2017:2017-07-15,B2,0.49919419183147484,0.44775586248996563,False
secondary,forward,gaussian_process,s6_2017:15_7_SB4,s6_2017:2017-07-15,B3,0.4816910783901836,0.4394665022410949,False
secondary,forward,gaussian_process,s6_2017:15_7_SB4,s6_2017:2017-07-15,B4,0.4593239134261029,0.4318656455318963,False
secondary,forward,gaussian_process,s6_2017:15_7_SB4,s6_2017:2017-07-15,B8,0.3563826424354914,0.36144112218507196,False
secondary,forward,gaussian_process,s6_2017:15_7_SB5,s6_2017:2017-07-15,B2,0.6299263566355111,0.4026498816259235,True
secondary,forward,gaussian_process,s6_2017:15_7_SB5,s6_2017:2017-07-15,B3,0.6201087119434877,0.3945027197066686,True
secondary,forward,gaussian_process,s6_2017:15_7_SB5,s6_2017:2017-07-15,B4,0.6061329660680511,0.3917240679627443,True
secondary,forward,gaussian_process,s6_2017:15_7_SB5,s6_2017:2017-07-15,B8,0.5057255406744251,0.33881597484880516,True
secondary,forward,gaussian_process,s6_2017:20_7_SB1,s6_2017:2017-07-20,B2,0.4071214720572213,0.34717386508121195,False
secondary,forward,gaussian_process,s6_2017:20_7_SB1,s6_2017:2017-07-20,B3,0.40436147033903463,0.33922578157454863,False
secondary,forward,gaussian_process,s6_2017:20_7_SB1,s6_2017:2017-07-20,B4,0.4397478249286752,0.33892788021007264,False
secondary,forward,gaussian_process,s6_2017:20_7_SB1,s6_2017:2017-07-20,B8,0.4225296598477104,0.28934889435981054,False
secondary,forward,gaussian_process,s6_2017:20_7_SB2,s6_2017:2017-07-20,B2,0.4160016614327963,0.3992387460935607,False
secondary,forward,gaussian_process,s6_2017:20_7_SB2,s6_2017:2017-07-20,B3,0.4044423020287485,0.39112228874931554,False
secondary,forward,gaussian_process,s6_2017:20_7_SB2,s6_2017:2017-07-20,B4,0.3963389275066313,0.38696600090328115,False
secondary,forward,gaussian_process,s6_2017:20_7_SB2,s6_2017:2017-07-20,B8,0.3201166793780451,0.3256191499583056,False
secondary,forward,gaussian_process,s6_2017:20_7_SB3,s6_2017:2017-07-20,B2,0.3981114695229891,0.3982953056206296,False
secondary,forward,gaussian_process,s6_2017:20_7_SB3,s6_2017:2017-07-20,B3,0.3972505244712511,0.39018207409786865,False
secondary,forward,gaussian_process,s6_2017:20_7_SB3,s6_2017:2017-07-20,B4,0.40572908959085263,0.3860955355523688,False
secondary,forward,gaussian_process,s6_2017:20_7_SB3,s6_2017:2017-07-20,B8,0.35400915683317,0.3249499810274683,False
secondary,forward,gaussian_process,s6_2017:21_7_SB1,s6_2017:2017-07-21,B2,0.11291869644741159,0.22585670450255696,False
secondary,forward,gaussian_process,s6_2017:21_7_SB1,s6_2017:2017-07-21,B3,0.11483301263619625,0.21787124078574405,False
secondary,forward,gaussian_process,s6_2017:21_7_SB1,s6_2017:2017-07-21,B4,0.1439962821956646,0.22366591635838365,False
secondary,forward,gaussian_process,s6_2017:21_7_SB1,s6_2017:2017-07-21,B8,0.21858289703906608,0.2120837559937973,False
secondary,forward,gaussian_process,s6_2017:21_7_SB2,s6_2017:2017-07-21,B2,0.2135723191363,0.21113980232079146,False
secondary,forward,gaussian_process,s6_2017:21_7_SB2,s6_2017:2017-07-21,B3,0.21774194445009906,0.20338289811371832,False
secondary,forward,gaussian_process,s6_2017:21_7_SB2,s6_2017:2017-07-21,B4,0.26410573918564423,0.21174688941139705,False
secondary,forward,gaussian_process,s6_2017:21_7_SB2,s6_2017:2017-07-21,B8,0.3080456524698936,0.1996952045111895,False
secondary,forward,gaussian_process,s6_2017:21_7_SB3,s6_2017:2017-07-21,B2,0.7061127465044669,0.384876926006439,True
secondary,forward,gaussian_process,s6_2017:21_7_SB3,s6_2017:2017-07-21,B3,0.7055172484291006,0.37678268260294884,True
secondary,forward,gaussian_process,s6_2017:21_7_SB3,s6_2017:2017-07-21,B4,0.7034567838509526,0.3754228489757916,True
secondary,forward,gaussian_process,s6_2017:21_7_SB3,s6_2017:2017-07-21,B8,0.631551222739401,0.32698025703393413,True
secondary,forward,gaussian_process,s6_2017:21_7_SB4,s6_2017:2017-07-21,B2,0.343394340117139,0.31565351895377575,False
secondary,forward,gaussian_process,s6_2017:21_7_SB4,s6_2017:2017-07-21,B3,0.34040964702448345,0.3077953618003034,False
secondary,forward,gaussian_process,s6_2017:21_7_SB4,s6_2017:2017-07-21,B4,0.3533442924339246,0.30979818399899195,False
secondary,forward,gaussian_process,s6_2017:21_7_SB4,s6_2017:2017-07-21,B8,0.32068373442633724,0.26787171702271745,False
secondary,forward,gaussian_process,s6_2017:21_7_SB5,s6_2017:2017-07-21,B2,0.32106092773367906,0.41233451204785715,True
secondary,forward,gaussian_process,s6_2017:21_7_SB5,s6_2017:2017-07-21,B3,0.3165876666683802,0.40415730972306796,True
secondary,forward,gaussian_process,s6_2017:21_7_SB5,s6_2017:2017-07-21,B4,0.3037733528919655,0.4005722318532747,True
secondary,forward,gaussian_process,s6_2017:21_7_SB5,s6_2017:2017-07-21,B8,0.23272206318762506,0.34511727585489055,True
secondary,forward,gaussian_process,s6_2017:21_7_SB7,s6_2017:2017-07-21,B2,0.17973857265815604,0.22437707623101644,False
secondary,forward,gaussian_process,s6_2017:21_7_SB7,s6_2017:2017-07-21,B3,0.17729933445057328,0.21666290243784408,False
secondary,forward,gaussian_process,s6_2017:21_7_SB7,s6_2017:2017-07-21,B4,0.19457186712920946,0.2246155756427087,False
secondary,forward,gaussian_process,s6_2017:21_7_SB7,s6_2017:2017-07-21,B8,0.17659282610649055,0.20765160143932132,False
secondary,forward,gaussian_process,s6_2017:21_7_SB8,s6_2017:2017-07-21,B2,0.33425069315614425,0.42058314915037,True
secondary,forward,gaussian_process,s6_2017:21_7_SB8,s6_2017:2017-07-21,B3,0.3266875033168097,0.41237973078277723,True
secondary,forward,gaussian_process,s6_2017:21_7_SB8,s6_2017:2017-07-21,B4,0.30433918435767215,0.4080879113246517,True
secondary,forward,gaussian_process,s6_2017:21_7_SB8,s6_2017:2017-07-21,B8,0.16657386178001718,0.35038811063476444,True
secondary,forward,gaussian_process,s6_2017:21_7_SB9,s6_2017:2017-07-21,B2,0.6850701729187292,0.3222685590261506,True
secondary,forward,gaussian_process,s6_2017:21_7_SB9,s6_2017:2017-07-21,B3,0.6821105288549321,0.3143329711531191,True
secondary,forward,gaussian_process,s6_2017:21_7_SB9,s6_2017:2017-07-21,B4,0.6915968759652743,0.31728023483906076,True
secondary,forward,gaussian_process,s6_2017:21_7_SB9,s6_2017:2017-07-21,B8,0.6273511239727043,0.2826940149652498,True
secondary,forward,gaussian_process,s6_2017:21_7_SB10,s6_2017:2017-07-21,B2,0.23072584887674946,0.28842825855565873,False
secondary,forward,gaussian_process,s6_2017:21_7_SB10,s6_2017:2017-07-21,B3,0.22675176848014855,0.2806373144342934,False
secondary,forward,gaussian_process,s6_2017:21_7_SB10,s6_2017:2017-07-21,B4,0.23999800102576993,0.2845724043518328,False
secondary,forward,gaussian_process,s6_2017:21_7_SB10,s6_2017:2017-07-21,B8,0.2625204779819493,0.2495594727569029,False
secondary,forward,gaussian_process,s6_2017:22_7_SB1,s6_2017:2017-07-22,B2,0.26434028803051396,0.4535475638413747,True
secondary,forward,gaussian_process,s6_2017:22_7_SB1,s6_2017:2017-07-22,B3,0.26117767161101657,0.4452342472361391,True
secondary,forward,gaussian_process,s6_2017:22_7_SB1,s6_2017:2017-07-22,B4,0.2766038252099636,0.4378171218477923,True
secondary,forward,gaussian_process,s6_2017:22_7_SB1,s6_2017:2017-07-22,B8,0.23974177995697346,0.36972945705007587,True
secondary,forward,gaussian_process,s6_2017:22_7_SB2,s6_2017:2017-07-22,B2,0.38517513484471355,0.30649704982626275,False
secondary,forward,gaussian_process,s6_2017:22_7_SB2,s6_2017:2017-07-22,B3,0.3861454557924048,0.2986627594505282,False
secondary,forward,gaussian_process,s6_2017:22_7_SB2,s6_2017:2017-07-22,B4,0.40465583238224523,0.30132264394179087,False
secondary,forward,gaussian_process,s6_2017:22_7_SB2,s6_2017:2017-07-22,B8,0.3409583819480239,0.261688374139995,False
secondary,forward,gaussian_process,s6_2017:22_7_SB3,s6_2017:2017-07-22,B2,0.4175444106095249,0.4126124171564246,False
secondary,forward,gaussian_process,s6_2017:22_7_SB3,s6_2017:2017-07-22,B3,0.40972782137068686,0.4044496395340365,False
secondary,forward,gaussian_process,s6_2017:22_7_SB3,s6_2017:2017-07-22,B4,0.41327626284473856,0.39930922234081045,False
secondary,forward,gaussian_process,s6_2017:22_7_SB3,s6_2017:2017-07-22,B8,0.34752366458989026,0.33517384235734715,False
secondary,forward,gaussian_process,s6_2017:22_7_SB4,s6_2017:2017-07-22,B2,0.21712898875059358,0.20932874012454297,False
secondary,forward,gaussian_process,s6_2017:22_7_SB4,s6_2017:2017-07-22,B3,0.21890136838327792,0.20150806626692713,False
secondary,forward,gaussian_process,s6_2017:22_7_SB4,s6_2017:2017-07-22,B4,0.2527207112256166,0.20949578663447313,False
secondary,forward,gaussian_process,s6_2017:22_7_SB4,s6_2017:2017-07-22,B8,0.2598257018034794,0.19931321461642823,False
secondary,forward,gaussian_process,s6_2017:22_7_SB5,s6_2017:2017-07-22,B2,0.2437624647869645,0.2572525917722619,False
secondary,forward,gaussian_process,s6_2017:22_7_SB5,s6_2017:2017-07-22,B3,0.24226113579645558,0.24952044340183882,False
secondary,forward,gaussian_process,s6_2017:22_7_SB5,s6_2017:2017-07-22,B4,0.2735435028473704,0.25555630357966047,False
secondary,forward,gaussian_process,s6_2017:22_7_SB5,s6_2017:2017-07-22,B8,0.2956104826331583,0.22888642446036736,False
secondary,forward,gaussian_process,s6_2017:23_7_SB1,s6_2017:2017-07-23,B2,0.6006290690452497,0.31027090899774296,True
secondary,forward,gaussian_process,s6_2017:23_7_SB1,s6_2017:2017-07-23,B3,0.5929340957655345,0.30235933691949707,True
secondary,forward,gaussian_process,s6_2017:23_7_SB1,s6_2017:2017-07-23,B4,0.5707505231508505,0.3059674571742339,True
secondary,forward,gaussian_process,s6_2017:23_7_SB1,s6_2017:2017-07-23,B8,0.4659654350795241,0.27366528980887034,True
secondary,forward,gaussian_process,s6_2017:23_7_SB2,s6_2017:2017-07-23,B2,0.611780362095914,0.4026498816259235,True
secondary,forward,gaussian_process,s6_2017:23_7_SB2,s6_2017:2017-07-23,B3,0.6030160603526651,0.3945027197066686,True
secondary,forward,gaussian_process,s6_2017:23_7_SB2,s6_2017:2017-07-23,B4,0.5801500010859392,0.3917240679627443,True
secondary,forward,gaussian_process,s6_2017:23_7_SB2,s6_2017:2017-07-23,B8,0.47780405775257995,0.33881597484880516,True
secondary,forward,gaussian_process,s6_2017:23_7_SB3,s6_2017:2017-07-23,B2,0.20283406399193335,0.3844363240470725,False
secondary,forward,gaussian_process,s6_2017:23_7_SB3,s6_2017:2017-07-23,B3,0.19826530148425017,0.3763698029009643,False
secondary,forward,gaussian_process,s6_2017:23_7_SB3,s6_2017:2017-07-23,B4,0.2034743663646979,0.37331052823723443,False
secondary,forward,gaussian_process,s6_2017:23_7_SB3,s6_2017:2017-07-23,B8,0.13250380298646322,0.31518057376641423,False
secondary,forward,gaussian_process,s6_2017:23_7_SB4,s6_2017:2017-07-23,B2,0.3212180970663367,0.26584380707345107,False
secondary,forward,gaussian_process,s6_2017:23_7_SB4,s6_2017:2017-07-23,B3,0.31389856287374623,0.2580980255147529,False
secondary,forward,gaussian_process,s6_2017:23_7_SB4,s6_2017:2017-07-23,B4,0.31487927535904287,0.26357160586458084,False
secondary,forward,gaussian_process,s6_2017:23_7_SB4,s6_2017:2017-07-23,B8,0.22562196303677912,0.23454680045073314,False
secondary,forward,gaussian_process,s6_2017:23_7_SB5,s6_2017:2017-07-23,B2,0.2508665165706538,0.23559176696848239,False
secondary,forward,gaussian_process,s6_2017:23_7_SB5,s6_2017:2017-07-23,B3,0.2570480776547852,0.2278802917331523,False
secondary,forward,gaussian_process,s6_2017:23_7_SB5,s6_2017:2017-07-23,B4,0.30105128734271136,0.23524093198007118,False
secondary,forward,gaussian_process,s6_2017:23_7_SB5,s6_2017:2017-07-23,B8,0.30639507437305485,0.2147892200819979,False
secondary,forward,gaussian_process,s6_2017:24_7_SB1,s6_2017:2017-07-24,B2,0.41558730583287695,0.4478847627669392,True
secondary,forward,gaussian_process,s6_2017:24_7_SB1,s6_2017:2017-07-24,B3,0.40689441587120384,0.4395907983372318,True
secondary,forward,gaussian_process,s6_2017:24_7_SB1,s6_2017:2017-07-24,B4,0.4005524145465975,0.43277577636220166,True
secondary,forward,gaussian_process,s6_2017:24_7_SB1,s6_2017:2017-07-24,B8,0.31912884281788295,0.3668132323798734,True
secondary,forward,gaussian_process,s6_2017:24_7_SB2,s6_2017:2017-07-24,B2,0.26683969258031337,0.3242931017619086,False
secondary,forward,gaussian_process,s6_2017:24_7_SB2,s6_2017:2017-07-24,B3,0.2629477083749059,0.31641141706601317,False
secondary,forward,gaussian_process,s6_2017:24_7_SB2,s6_2017:2017-07-24,B4,0.2777024922560034,0.3177889197921061,False
secondary,forward,gaussian_process,s6_2017:24_7_SB2,s6_2017:2017-07-24,B8,0.20312004680444212,0.27372856698761205,False
