dE_ev,f_scale,fwhm_ev,cell_volume_um3,cell_aspect,c_internal,conc_size_exponent,ice_ssa,rho_top,conc_cells_ml,dust_ppb,transmissivity,fe_fraction,bba_clean,bba_A,rf_A,eff_A,bba_B,rf_B,eff_B,bba_C,rf_C,eff_C,bba_D,rf_D,eff_D,d_CB,d_DC,d_BA,d_CA,d_DA,pigment_pg_per_cell,cell_diameter_um,cell_length_um,ice_radius_um,sw_down,c_internal_eff
0.061014538,42.247377,0.61875284,3366.3576,1.7169472,6.5575721,-0.86786916,0.39465895,399.10841,15769.572,360288.83,0.90060753,0.45200529,0.50848578,0.45958845,38.874905,24.651846,0.39914202,86.931698,55.126226,0.47247178,28.632253,18.156646,0.44937015,46.998771,29.803454,-58.299445,18.366518,48.056793,-10.242652,8.1238658,13.817487,13.565563,23.291355,2727.1356,803.28825,4.1045808
0.055581657,38.865793,0.62469811,2915.3212,1.7182715,15.583076,-0.45150168,0.5550579,478.24817,39.115995,460397.12,0.87087856,0.46433866,0.49688307,0.49673199,0.11454671,29.283855,0.49529707,1.2024563,307.40781,0.49676649,0.088383978,22.595354,0.49668285,0.15180259,38.808316,-1.1140723,0.063418612,1.0879095,-0.026162735,0.037255877,37.991886,12.927114,22.212292,1939.0562,766.04635,13.031801
0.064681946,36.586386,0.6275202,2755.4432,2.2491833,12.607559,-0.9845847,0.19076362,330.76819,4831.0629,548171.14,0.9452254,0.52403461,0.43986575,0.4284821,9.6908965,20.059553,0.38581109,46.016698,95.251705,0.43148842,7.1316126,14.761995,0.42570177,12.057788,24.958872,-38.885085,4.9261753,36.325802,-2.5592839,2.3668914,24.866353,11.597354,26.084575,5642.0005,860.14097,9.0244474
0.056882001,39.862585,0.61967333,2147.9831,2.3179293,29.638987,-0.62981415,0.28256705,466.69322,751.28897,241949.9,0.9719793,0.49701997,0.4847559,0.48176278,2.6506343,35.281156,0.44485583,35.334476,470.31805,0.48262788,1.8845226,25.083858,0.48130576,3.0553565,40.668194,-33.449954,1.1708339,32.683842,-0.76611174,0.40472219,60.135073,10.566884,24.49329,3808.9667,894.77164,27.996064
0.063438385,38.99503,0.61940488,2686.6957,1.8434662,30.606277,-0.054200754,0.35224751,435.12424,7646.4593,593455.09,0.89173289,0.52760411,0.4543271,0.4315397,17.864738,23.363412,0.32633024,100.34627,131.23234,0.43618474,14.223145,18.600956,0.42447952,23.399737,30.602055,-86.123127,9.1765915,82.481535,-3.6415927,5.5349988,80.840688,12.28847,22.653379,3055.4892,792.11673,30.089261
0.057218265,40.147607,0.62722731,2268.741,2.2644566,17.831635,-1.1534571,0.66930152,500.8285,591.7653,446018.86,0.90391715,0.46107804,0.50633618,0.50392858,1.9240687,32.514051,0.48602527,16.231788,274.29436,0.50470743,1.3016418,21.995912,0.50350069,2.2660265,38.292657,-14.930146,0.96438478,14.30772,-0.62242697,0.34195782,34.215197,10.845353,24.55883,1608.0771,807.46617,15.081138
0.056042078,40.33413,0.62806101,2666.7848,1.6096782,25.963783,-0.59299588,0.34015933,360.08751,966.88601,306430.69,0.86763296,0.47250948,0.51328817,0.51017464,2.348163,24.28583,0.4730276,30.363684,314.03582,0.5108802,1.8160427,18.782387,0.50935783,2.9641804,30.656979,-28.547641,1.1481378,28.015521,-0.53212028,0.61601749,57.71932,12.824871,20.643915,3164.0716,762.01202,21.643787
0.058043484,39.62073,0.62129369,2746.0051,1.9274638,11.801647,-2.2143903,0.29731452,490.16735,20567.287,237290.44,0.99609756,0.52917379,0.48572506,0.41267939,66.968959,32.560911,0.35244032,122.19671,59.413141,0.43743814,44.269902,21.524425,0.40255098,76.254785,37.075763,-77.926809,31.984883,55.227751,-22.699057,9.285826,15.394187,12.195747,23.506861,3620.0333,926.33125,5.6060301
0.062675094,39.524148,0.61990813,1357.2372,2.224924,21.569491,0.53056037,0.88385251,347.07006,5860.8945,428416.78,0.84738696,0.49549629,0.58134843,0.56330521,13.160942,22.455518,0.5131513,49.743801,84.874076,0.57279741,6.2372178,10.642092,0.56604219,11.164555,19.049233,-43.506583,4.9273368,36.582859,-6.9237242,-1.9963874,24.075678,9.1921458,20.451826,1217.7241,736.98747,17.73874
0.056115845,37.8061,0.6252281,1619.8923,1.6067571,20.862808,-0.78533655,0.56910815,471.23551,6836.7982,506284.46,0.9173633,0.48393686,0.49286862,0.46899384,19.482527,28.496566,0.3907498,83.332001,121.88747,0.47971932,10.730221,15.694804,0.4706812,18.105594,26.482562,-72.601781,7.3753727,63.849474,-8.7523065,-1.3769338,39.284003,10.867976,17.462198,1891.1844,824.50503,24.250996
0.058445702,37.472132,0.6223088,2794.0725,1.7302981,24.910827,-0.93424569,0.58863268,554.93124,22818.788,739269.39,0.94913491,0.51822832,0.42930513,0.36471348,55.308752,24.238252,0.2896765,119.56166,52.396147,0.38148463,40.947894,17.944816,0.34526102,71.965562,31.537855,-78.613762,31.017668,64.252903,-14.360859,16.65681,50.025447,12.715759,22.002054,1828.4552,865.17647,17.904133
0.062886707,41.738882,0.62434895,867.81721,2.0453751,13.945585,-0.52682468,0.28376824,543.5877,4599.6054,348805.59,0.94115934,0.43273501,0.45105923,0.43269436,15.538975,33.783278,0.38442722,56.379022,122.57361,0.44420526,5.7993136,12.608285,0.43982168,9.5083694,20.672141,-50.579708,3.7090558,40.840047,-9.7396611,-6.0306053,18.599791,8.1443258,16.658201,3792.8433,854.91297,21.432844
0.058624289,41.600665,0.61715595,3015.4205,1.8882117,36.892579,-0.48405945,0.15695023,475.38128,7291.511,238997.68,0.9008337,0.44057735,0.42858803,0.40398692,19.565597,26.833391,0.28012396,118.07549,161.93555,0.40685555,17.284139,23.704468,0.39490607,26.787717,36.738225,-100.79135,9.5035777,98.509892,-2.2814576,7.2221201,90.352856,12.668809,23.921393,6857.5142,803.57356,29.9636
0.063271257,38.020211,0.61623798,2894.2439,1.8836087,26.419022,-1.1206702,0.23508092,532.51735,8532.2082,455911.26,0.91002936,0.48726971,0.42050742,0.3913171,23.551303,27.602823,0.29954377,97.595778,114.38513,0.39775735,18.355192,21.512827,0.38197124,31.09172,36.440414,-79.240586,12.736528,74.044474,-5.1961112,7.540417,49.459741,12.506953,23.558205,4578.3744,815.19859,17.089002
0.05355448,38.690579,0.61550802,2542.98,1.4712617,24.369393,-1.196269,0.30345016,488.49577,2567.9196,304761.8,0.90319756,0.50404307,0.47540914,0.46529554,8.0733488,31.439258,0.40020622,60.031979,233.77671,0.46818171,5.769415,22.467272,0.46329552,9.6699016,37.656558,-54.262564,3.9004866,51.958631,-2.3039337,1.5965528,45.440745,13.007317,19.137166,3546.8377,806.55725,17.869093
0.059095985,37.959722,0.62076116,2751.4718,1.5853248,19.506123,-0.82711529,0.64491026,362.75828,2246.881,484626.04,0.93055662,0.4881358,0.54127281,0.53426044,5.8390334,25.987284,0.48973075,42.917853,191.0108,0.53614396,4.2706682,19.007096,0.53232434,7.4511766,33.162311,-38.647185,3.1805085,37.078819,-1.5683653,1.6121432,40.575879,13.025237,20.649231,1668.8965,841.32438,14.746972
0.057658328,39.716623,0.6114947,1343.7039,1.9222362,22.415561,0.26516517,0.28115018,338.25221,396.81656,442650.3,0.89039058,0.47989702,0.48291457,0.4818149,0.86028433,21.679648,0.47478664,6.3585341,160.23863,0.48239332,0.40778176,10.276329,0.48203086,0.69133384,17.422,-5.9507524,0.28355208,5.4982498,-0.45250257,-0.16895049,27.243255,9.6191269,18.490234,3828.1621,790.431,20.274745
0.062622007,35.080897,0.62251478,2375.3983,1.5745278,6.3108683,-1.3047841,0.51760935,535.88562,8750.4703,233460.86,0.93604187,0.47967586,0.52244914,0.48272636,33.352287,38.11485,0.43940116,69.729258,79.686297,0.49894231,19.736948,22.555299,0.48424042,32.081046,36.662082,-49.99231,12.344098,36.376971,-13.615339,-1.2712407,11.68129,12.43079,19.572625,2079.3451,848.34639,4.9176132
0.059136746,35.557236,0.61847683,3022.0823,2.0419763,19.14809,-0.32452416,0.30649649,421.65762,2452.5487,137604.07,0.94156846,0.42683612,0.51850228,0.50885298,8.1695397,33.310408,0.44134804,65.322293,266.34453,0.51047072,6.799885,27.72579,0.5053349,11.148109,45.455199,-58.522408,4.3482238,57.152754,-1.3696547,2.978569,50.298081,12.351562,25.221598,3511.5849,855.43858,16.643518
0.058460173,37.974723,0.61136653,1929.2992,1.618983,21.620705,0.19454648,0.48771692,516.96173,1755.528,608301.46,0.94623418,0.47044942,0.45075487,0.44454244,5.2966215,30.171102,0.40381455,40.020602,227.96903,0.44705406,3.1552607,17.973286,0.44436367,5.4490397,31.039321,-36.865341,2.293779,34.72398,-2.1413608,0.15241823,41.576478,11.490947,18.603647,2206.7893,861.43947,21.550042
0.061874062,39.831205,0.62819896,1498.9961,2.3270438,22.806362,-1.9743159,0.56311204,380.64758,11690.061,376808.67,0.89390335,0.44016968,0.54112175,0.5039393,29.250484,25.021668,0.39369342,115.9781,99.210854,0.51913106,17.299517,14.798483,0.50599865,27.630447,23.635844,-98.67858,10.33093,86.727614,-11.950967,-1.6200364,58.165837,9.3605641,21.782443,1911.3221,794.8447,38.803194
0.064066246,40.080542,0.60888696,2414.6623,2.037381,14.256677,-0.76147954,0.68123177,542.85968,239.55301,393693.1,0.94474934,0.51445167,0.50587068,0.50479162,0.91795033,38.319299,0.49743619,7.1751659,299.5231,0.50514735,0.61533623,25.686851,0.50458128,1.0968882,45.788954,-6.5598297,0.48155194,6.2572156,-0.3026141,0.17893784,29.391937,11.470035,23.368832,1579.9153,859.52839,12.172276
0.054102664,37.631807,0.62028373,1936.1565,1.4616181,27.743754,-0.46197933,0.19528005,548.7815,541.86664,427663.9,0.93773328,0.41645263,0.40772698,0.4057323,1.6790695,30.986766,0.38295893,20.849068,384.76382,0.40647373,1.0549509,19.468829,0.40572838,1.6823679,31.047638,-19.794117,0.62741701,19.169998,-0.62411858,0.0032984363,54.046798,11.903433,17.398273,5511.5126,850.51511,27.914478
0.05941263,37.543538,0.62255641,1853.534,1.5199911,28.031037,-0.29448788,0.70377009,453.18133,84.497667,206085.11,0.87373405,0.48192331,0.57182571,0.57143507,0.29754585,35.213499,0.56655388,4.0155048,475.22079,0.571591,0.1787752,21.157413,0.57143418,0.29822732,35.294148,-3.8367296,0.11945212,3.7179589,-0.11877066,0.0006814613,52.834259,11.579502,17.60074,1529.3183,769.60093,28.504608
0.063424056,40.11152,0.62756804,1819.5925,1.8557562,11.378541,0.57490034,0.36440855,533.38594,373.36911,323736.7,0.9300734,0.46189154,0.47718946,0.47556406,1.3524365,36.222505,0.4681483,7.5228337,201.48517,0.47628721,0.75072936,20.106895,0.4756704,1.2639575,33.852761,-6.7721044,0.51322818,6.1703973,-0.60170711,-0.08847893,19.826327,10.767654,19.982142,2953.5214,840.7066,10.896026
0.057252709,43.007669,0.61775831,2190.3769,1.8381215,24.983975,0.011471383,0.43327912,542.16301,369.87339,244412.47,0.89998406,0.45338546,0.50507001,0.50328757,1.4157078,38.27547,0.47967052,20.173615,545.41948,0.50383737,0.97902242,26.469123,0.50304676,1.6069729,43.446569,-19.194592,0.62795052,18.757907,-0.43668534,0.19126517,54.793475,11.490835,21.12155,2484.0534,802.50193,25.015547
0.06632782,39.425863,0.63181905,2081.2392,1.9974404,23.989259,-0.99162398,0.282053,419.58657,2902.6804,176049.91,0.93464683,0.46179906,0.50421036,0.49333525,9.1117844,31.390932,0.42159925,69.216298,238.45649,0.49691758,6.1103041,21.050558,0.49237145,9.9193142,34.172947,-63.105994,3.80901,60.104513,-3.0014803,0.80752978,47.091112,10.98802,21.947915,3815.9086,846.5589,22.626477
0.05165902,40.072787,0.62278894,3493.7493,1.8314276,12.022936,-2.4060651,0.60328243,495.06829,3376.9488,414637.81,0.92062725,0.55084543,0.50675964,0.49327015,11.063257,32.761103,0.47283645,27.821726,82.387172,0.49772829,7.4069601,21.933883,0.49073158,13.145232,38.926359,-20.414766,5.7382721,16.75847,-3.6562966,2.0819755,10.480462,13.442211,24.618436,1784.0541,828.65678,2.999775
0.051550438,42.833374,0.62527193,2652.8691,1.7815912,30.445059,-0.4362338,0.31593431,537.22207,12372.627,187819.49,0.93962656,0.48639633,0.49231807,0.43995805,44.20113,35.724936,0.30901775,154.73793,125.06473,0.45046063,35.335087,28.559083,0.42609569,55.903417,45.183144,-119.40284,20.56833,110.5368,-8.8660428,11.702287,70.808014,12.376731,22.050275,3406.6843,852.9446,26.691108
0.064262332,39.31062,0.62936108,2259.288,1.7407764,35.391595,-0.92297421,0.76719194,528.85576,14053.653,320918.32,0.8563976,0.52980652,0.53400736,0.47604865,42.912909,30.535056,0.36368747,126.10568,89.731597,0.49315495,30.247322,21.522747,0.46583146,50.477767,35.917897,-95.858353,20.230445,83.192766,-12.665588,7.5648577,70.198302,11.822598,20.580499,1402.8933,748.0946,31.070984
0.057681012,40.429264,0.62568909,1390.197,1.4910648,23.700473,-1.0721641,0.47157742,352.99111,7308.8807,370668.96,0.92536778,0.46963882,0.53489527,0.51247734,18.519851,25.338833,0.41867079,96.015099,131.36772,0.52317704,9.6806369,13.245033,0.51605798,15.561821,21.29166,-86.334463,5.8811837,77.495249,-8.8392137,-2.95803,47.671913,10.588391,15.787977,2282.3155,834.69758,34.29148
0.064535911,37.206802,0.61738341,2969.4049,1.5001896,12.551427,-1.4034553,0.35363483,499.96641,3691.1828,403098.93,0.87171799,0.4431046,0.46777579,0.45377152,10.632121,28.804103,0.41262089,41.873914,113.44308,0.45803413,7.3959173,20.036714,0.4511347,12.634011,34.227541,-34.477997,5.2380937,31.241793,-3.2362035,2.0018902,20.835029,13.608527,20.415371,3043.5024,767.09079,7.0165672
0.056812537,42.008351,0.60759078,2175.6229,2.0362315,39.452071,0.3912095,0.70503242,547.16682,5694.8976,156361.82,0.92358531,0.4746083,0.56235435,0.53230411,24.757435,43.473012,0.39926296,134.3658,235.94067,0.54069298,17.84611,31.337017,0.52719704,28.964984,50.86129,-116.51969,11.118874,109.60836,-6.9113248,4.2075491,89.373623,11.080402,22.562264,1526.5801,832.4247,41.079556
0.058187968,36.258643,0.61962564,2850.192,1.8449613,11.429211,-0.58040676,0.21768111,396.14608,14351.283,199557.24,0.94128333,0.42908575,0.47976985,0.43552976,37.439627,26.087999,0.35009871,109.73847,76.46596,0.44690439,27.813475,19.38048,0.42649525,45.085381,31.415575,-81.92499,17.271906,72.298839,-9.6261511,7.6457549,26.228159,12.529459,23.116367,4944.3356,855.07225,9.2022431
0.058665714,42.632594,0.61821937,1836.9402,2.3387959,16.572244,0.38554998,0.22487697,378.23904,69090.266,691530.45,0.91979902,0.45418433,0.42325444,0.30105913,100.08965,14.486795,0.25489059,137.9061,19.960279,0.34588249,63.375028,9.1727868,0.29527931,104.82388,15.172018,-74.531073,41.448848,37.816452,-36.714621,4.7342273,29.678695,10.000098,23.388189,4786.1214,827.60269,16.156592
0.058536408,36.480609,0.61815432,2307.896,2.1447262,23.849659,-1.3013095,0.47282353,556.62554,289.26837,330102.54,0.97188007,0.49636854,0.48985245,0.48851121,1.1875963,41.055174,0.47575935,12.478688,431.38791,0.48892753,0.81896751,28.311686,0.48826001,1.4100202,48.74436,-11.65972,0.59105266,11.291091,-0.3686288,0.22242386,44.559961,11.106695,23.820819,2276.3006,894.64246,19.307613
0.06182041,37.075822,0.61649498,2645.6568,1.8658302,26.844525,-0.89339596,0.63305595,448.73867,768.82498,153017.34,0.92403141,0.48485926,0.57549204,0.57188355,2.97495,38.694763,0.53586242,32.67188,424.95862,0.57278572,2.2311729,29.020557,0.5708735,3.8076637,49.525754,-30.440707,1.5764908,29.69693,-0.74377711,0.83271367,54.375499,12.176538,22.719353,1700.1475,832.99336,20.552741
0.062614813,42.476621,0.62082883,3593.318,2.2609418,21.183014,-0.95318987,0.79635893,502.54418,3485.9834,312513.39,0.87205016,0.48891543,0.54579494,0.5302115,11.837417,33.957182,0.4538173,69.867589,200.42433,0.53201892,10.464472,30.018708,0.52122394,18.664504,53.541575,-59.403118,8.2000322,58.030172,-1.3729453,6.827087,42.75594,12.648493,28.597508,1351.5118,767.5042,11.898735
0.058942219,36.639491,0.61736746,1532.0079,1.5084756,20.491104,-0.12325629,0.23809978,445.28012,14909.852,253993.65,0.86167936,0.51702281,0.47137796,0.42214118,36.773528,24.663912,0.33300581,103.34614,69.313996,0.44520368,19.548815,13.111341,0.42833001,32.151269,21.563775,-83.797325,12.602454,66.572613,-17.224713,-4.6222587,32.364569,10.894591,16.434225,4520.3254,754.62785,21.125589
0.060997538,38.208308,0.62340726,2822.6785,2.1902922,27.291129,-1.5822099,0.40371054,555.77563,119.38987,336257.94,0.93716846,0.540869,0.47727052,0.47673144,0.45339662,37.976139,0.47123106,5.0795247,425.45692,0.47685386,0.35043467,29.352128,0.47654095,0.61360994,51.395478,-4.72909,0.26317527,4.626128,-0.10296196,0.16021332,43.327813,11.794779,25.834014,2665.9905,849.79072,15.349893
0.062012427,38.280548,0.61631571,3066.1971,2.005815,24.215846,-0.25834574,0.37790481,486.67379,1627.2533,559007.06,0.91605351,0.44768076,0.45000546,0.44440283,4.5626808,28.039156,0.38933733,49.407073,303.62252,0.44524861,3.8738999,23.806373,0.44198818,6.5291342,40.123651,-45.533174,2.6552344,44.844393,-0.6887809,1.9664535,66.161967,12.485514,25.043631,2848.0412,822.84071,21.577859
0.061341902,38.656557,0.61828855,1720.6384,1.9112625,8.9349449,-1.4915763,0.26483891,415.31619,3537.0444,322581.37,0.88957737,0.56691711,0.47605964,0.46423379,9.2394827,26.122043,0.42695441,38.365705,108.46826,0.46956631,5.0732123,14.343083,0.46522536,8.4647771,23.931781,-33.292493,3.3915649,29.126223,-4.1662704,-0.77470554,18.699419,10.465496,20.002309,4063.9363,789.41026,10.867722
0.061491116,37.952019,0.62357867,2792.0967,1.6982919,32.466349,-0.75379335,0.3069633,478.35527,1448.4305,314206.69,0.93610684,0.44936011,0.47676538,0.47111805,4.7421121,32.73966,0.41109414,55.144703,380.72041,0.47225448,3.7878425,26.151359,0.46937843,6.2028871,42.824887,-51.356861,2.4150445,50.402591,-0.95426953,1.460775,69.480912,12.792126,21.724765,3506.2447,848.42967,24.884852
0.056775164,37.591611,0.61761768,1391.0652,1.5093408,25.907127,0.21204807,0.40538977,423.64885,2590.8093,722461.92,0.95616338,0.50352939,0.4507333,0.44330096,6.4309394,24.822126,0.40514285,39.447788,152.26048,0.44718243,3.0724364,11.858983,0.44459463,5.3115675,20.501577,-36.375351,2.2391311,33.016848,-3.358503,-1.1193719,33.503888,10.547675,15.920037,2654.9473,874.25087,24.08506
0.061061333,39.941104,0.62770094,2250.0939,2.2354462,3.9776768,-1.3940959,0.49223058,414.28895,7032.5683,276954.79,0.94776454,0.57356231,0.53745691,0.51155367,22.135236,31.475323,0.4862527,43.755805,62.218813,0.52244225,12.83056,18.244487,0.51331818,20.6274,29.331247,-30.925245,7.7968401,21.620569,-9.304676,-1.5078359,7.3941979,10.862143,24.281737,2186.5535,863.41044,3.286173
0.062383147,41.204338,0.61722915,1898.8333,1.6524402,27.39555,-0.40950203,0.5648852,513.73289,19759.579,539141.77,0.8567466,0.48701855,0.4733891,0.40987056,47.056538,23.814544,0.31934493,114.12079,57.754666,0.43368867,29.411331,14.884594,0.40639379,49.632239,25.118064,-84.709461,20.220908,67.064254,-17.645207,2.5757007,52.721807,11.352471,18.75928,1905.3225,748.52579,27.765368
0.054846801,43.740209,0.62034015,1384.1113,2.0606704,23.414904,-1.4562368,0.40306495,402.97831,2156.6668,442309.9,0.88994238,0.45917087,0.49660011,0.48949761,5.5523688,25.74514,0.42663564,54.694663,253.60739,0.49272474,3.0295661,14.047447,0.49045429,4.8044873,22.277374,-51.665097,1.7749212,49.142295,-2.5228026,-0.74788147,53.868701,9.4919957,19.559875,2670.2606,789.86837,38.919342
0.057554552,40.401299,0.62338005,2187.2742,2.1022584,13.540795,0.37802143,0.32124737,518.82383,26616.831,1130901.2,0.95009371,0.53056961,0.35368407,0.2991472,46.765738,17.569988,0.24115652,96.493134,36.252676,0.31763502,30.912306,11.613819,0.29123356,53.551734,20.119501,-65.580827,22.639428,49.727396,-15.853432,6.785996,30.859462,10.982699,23.088471,3350.3417,866.41274,14.108639
0.061683316,39.731468,0.62608955,2515.5338,2.2792165,8.8071679,0.33140636,0.73827898,392.60331,1152.2905,428118.71,0.95181626,0.45323938,0.55109241,0.54707934,3.4500611,29.940895,0.52684618,20.844635,180.89739,0.54824573,2.4473075,21.238632,0.54626235,4.1524347,36.036352,-18.397328,1.7051273,17.394574,-1.0027536,0.70237366,24.056512,11.200865,25.529196,1457.8344,868.63507,9.5631839
0.065687659,41.652604,0.62305929,2943.1576,2.3534666,26.50988,-0.42713956,0.2429593,489.25211,4649.5743,376445.58,0.84265702,0.50666953,0.44491902,0.4284217,11.938465,25.676468,0.33010517,83.086271,178.69651,0.43073042,10.267736,22.083175,0.42166761,16.826133,36.188545,-72.818534,6.558397,71.147806,-1.6707284,4.8876686,65.614443,11.677195,27.481889,4429.9125,731.17653,22.293894
0.054732951,38.757358,0.62023408,1494.058,2.2571312,18.991839,-1.4977795,0.35522561,456.07436,25499.218,204773.13,0.93339427,0.53480432,0.51359765,0.42620472,73.084044,28.661288,0.32675228,156.25309,61.277599,0.46223788,42.950612,16.843894,0.43139467,68.743845,26.959197,-113.30247,25.793233,83.169041,-30.133432,-4.3401991,42.675819,9.4458328,21.320484,3029.8729,844.9549,28.563697
0.066586946,40.68142,0.61971075,2374.704,1.6573826,17.777764,-1.4448303,0.26385534,538.60719,14707.887,317632.28,0.90070428,0.46627175,0.4519531,0.39798124,42.915836,29.178792,0.30980783,113.02709,76.847949,0.41573431,28.799445,19.580954,0.39103416,48.439818,32.934587,-84.227648,19.640373,70.111256,-14.116391,5.5239811,32.0411,12.218905,20.2514,4079.0854,803.4103,13.492671
0.06053563,39.150751,0.62834531,1632.7891,1.6621638,41.305559,-1.134845,0.18873432,432.56161,2158.2841,256828.29,0.91041152,0.50160343,0.45508011,0.44772571,5.9371937,27.508861,0.3671279,71.003671,328.98204,0.4506013,3.6157375,16.752834,0.44828746,5.4836988,25.407678,-67.387934,1.8679613,65.066478,-2.3214562,-0.4534949,83.075634,10.774293,17.908641,5702.6643,815.68278,50.879586
0.061378863,40.358893,0.62499392,2106.0744,2.0804704,25.538309,-1.0902683,0.22740989,520.74705,1061.8549,143567.36,0.88885794,0.5096476,0.47504652,0.47031332,3.6938033,34.786328,0.42476071,39.243169,369.57185,0.47180285,2.531368,23.839113,0.46982298,4.076464,38.390028,-36.711801,1.545096,35.549366,-1.1624353,0.38266069,49.787749,10.882803,22.641349,4732.8129,788.50754,23.640072
0.061544243,42.11499,0.62719583,2386.7129,1.5364363,21.406516,-0.12041633,0.40326573,439.62215,1212.5831,529339.81,0.92318055,0.48861133,0.47284748,0.46880582,3.3277381,27.443383,0.42947058,35.714701,294.53406,0.46998887,2.3536621,19.410317,0.46807677,3.9280029,32.393681,-33.361039,1.5743408,32.386963,-0.97407598,0.60026477,49.899895,12.552549,19.286191,2668.9311,831.90883,20.907372
0.06499382,42.743648,0.6311486,2133.3136,1.7983816,16.996429,-0.55648717,0.18965797,523.67189,7355.8256,233737.32,0.93811212,0.51701324,0.44444833,0.41619982,23.79241,32.344989,0.32498371,100.6195,136.78886,0.42567973,15.80792,21.490341,0.41400093,25.644429,34.862747,-84.811583,9.8365083,76.827093,-7.9844897,1.8520186,34.60873,11.473458,20.633656,5674.8919,851.00108,16.222992
0.061671925,35.653162,0.62486384,2580.6474,1.4773465,16.468404,-0.5389375,0.48653189,428.97133,4853.8848,611189.18,0.878288,0.45448152,0.47803924,0.46303851,11.510219,23.713417,0.40247598,57.98049,119.45172,0.46761993,7.9948454,16.471024,0.46010855,13.758413,28.345157,-49.985645,5.7635672,46.470271,-3.5153738,2.2481934,36.663613,13.053254,19.28418,2212.1643,775.27974,14.207137
0.057762451,41.034825,0.62107939,1207.9165,2.299195,16.872936,-0.24545047,0.30232231,440.78912,13081.103,516187.86,0.8953905,0.50812309,0.45224737,0.4135152,30.541318,23.347662,0.34395628,85.390328,65.277619,0.4340589,14.342079,10.963968,0.42143237,24.298421,18.575208,-71.048248,9.9563421,54.84901,-16.199239,-6.2428964,22.958145,8.7456162,20.107877,3560.0696,796.71543,19.006401
0.060596717,41.344635,0.61956866,1979.5309,1.9245054,37.568702,-1.1768072,0.57039107,518.4928,14464.271,346939.27,0.93133013,0.51325213,0.50938515,0.45310043,46.922062,32.439977,0.33780875,143.03558,98.888898,0.47158454,31.512677,21.786564,0.44745994,51.624279,35.690896,-111.52291,20.111602,96.113521,-15.409384,4.7022178,73.595661,10.940851,21.055726,1886.9308,842.31357,37.178334
0.065240069,38.26323,0.62075457,2642.8556,1.7946737,10.807664,-1.0904167,0.80615012,392.10299,9518.1699,537809.07,0.96192412,0.48063863,0.54053069,0.51174527,25.119482,26.391083,0.45707105,72.830716,76.517562,0.52145564,16.645766,17.488411,0.50681639,29.420651,30.909988,-56.184949,12.774885,47.711234,-8.4737152,4.30117,20.641562,12.33103,22.130175,1335.0968,881.70913,7.8103253
0.0676855,41.091897,0.6147097,2589.4532,1.9584016,10.010154,-0.740539,0.50684254,414.77063,45968.537,179342.85,0.97481091,0.47695456,0.55821513,0.4214673,121.59957,26.452783,0.36740209,169.67571,36.91127,0.46495068,82.933068,18.041268,0.39989869,140.77892,30.625059,-86.742638,57.845848,48.076132,-38.666506,19.179342,21.106368,11.896124,23.297388,2123.5164,898.46027,8.1508975
0.0677695,37.038302,0.61987213,3289.2712,1.6506758,23.374387,-0.94861032,0.36120967,485.63876,761.22657,270443.26,0.95715646,0.50211158,0.49674338,0.49354098,2.7749897,36.454188,0.46465983,27.801539,365.22029,0.4941003,2.2903232,30.087273,0.49219273,3.9432985,51.801903,-25.511216,1.6529754,25.026549,-0.4846665,1.1683089,47.095481,13.639004,22.513575,2979.6779,875.53525,14.317908
0.06275851,38.196877,0.61905209,1840.9017,2.0469102,33.822727,-1.2159059,0.55874684,381.03219,28205.129,133919.93,0.90716076,0.51630141,0.58233156,0.4897702,74.34758,26.359596,0.37649465,165.3333,58.618168,0.52184324,48.585718,17.225845,0.48429014,78.749298,27.920204,-116.74758,30.163579,90.985722,-25.761861,4.4017177,67.280903,10.461982,21.414738,1926.2542,811.5669,36.547798
0.056698804,37.856719,0.62073488,2332.0942,2.0121379,32.41697,0.15707695,0.3165367,473.6909,10144.616,316501.71,0.9097473,0.38303532,0.47997953,0.44332447,29.561047,29.139642,0.32194039,127.45311,125.63621,0.45252818,22.138572,21.822977,0.4363526,35.183615,34.682058,-105.31454,13.045043,97.892065,-7.422475,5.6225685,77.679307,11.384994,22.908179,3400.2011,814.84129,33.30882
0.05988026,40.12297,0.61321361,2211.6109,1.8552501,25.053387,-0.085099858,0.30928428,519.96921,559.33299,675833.7,0.97454189,0.55708512,0.4092541,0.4074405,1.6120653,28.821209,0.38598915,20.679698,369.7207,0.40801484,1.1015513,19.694016,0.40715841,1.8628134,33.304194,-19.578147,0.76126211,19.067633,-0.510514,0.25074811,54.846621,11.492261,21.321017,3479.9327,898.10964,24.799399
0.061095066,37.513008,0.62126423,2545.7184,1.962801,25.549062,-1.637601,0.42442068,546.2729,23466.06,175112.79,0.9599183,0.51099933,0.51785595,0.42169643,83.665867,35.65399,0.33021092,163.265,69.574951,0.44911145,59.812778,25.489059,0.40096296,101.70551,43.341538,-103.45222,41.892736,79.59913,-23.853089,18.039647,42.458834,11.819925,23.200162,2535.9001,879.11015,16.678527
0.061338813,42.028956,0.6254537,2649.3924,1.6333004,16.730753,-0.36598549,0.34178057,496.32376,6749.7476,288150.37,0.92250954,0.53512013,0.48664489,0.45989445,22.002545,32.597582,0.36473963,100.26846,148.55142,0.46681082,16.313748,24.169419,0.45352024,27.2454,40.365065,-83.954714,10.931652,78.265917,-5.688797,5.2428548,39.712122,12.734936,20.799977,3149.0627,831.05382,14.989143
0.062770081,42.452231,0.61064709,3335.4785,2.2191111,23.811915,0.1784359,0.34992983,492.13156,4150.8618,183462.86,0.90443133,0.51669412,0.50968259,0.49156777,14.488403,34.904567,0.36858703,112.84951,271.87008,0.49247427,13.763377,33.157879,0.48201685,22.12731,53.307749,-99.086136,8.3639328,98.36111,-0.7250262,7.6389066,87.311837,12.415467,27.551301,3075.7266,808.11581,26.176705
0.063577302,38.892278,0.61863948,2256.0227,1.4782661,30.629525,-1.2502388,0.61066271,465.03782,7777.8447,394929.88,0.93664369,0.51763014,0.51994019,0.49085791,24.440448,31.423163,0.39088869,108.45355,139.43908,0.5003636,16.451964,21.152342,0.48657227,28.042053,36.053758,-92.001588,11.59009,84.013103,-7.9884845,3.6016053,58.032914,12.478632,18.446739,1762.4925,849.11785,25.723551
0.059759514,42.784812,0.62483093,1329.3781,1.5862444,27.655311,1.1392962,0.37215745,498.56391,41275.786,227018.69,0.94033339,0.45506315,0.50513277,0.37273489,111.88617,27.106976,0.32306577,153.86032,37.27617,0.43866339,56.171626,13.608857,0.39242013,95.250664,23.076644,-97.688697,39.079038,41.974149,-55.714549,-16.635511,23.594932,10.218712,16.209375,2892.0245,853.85213,17.74885
0.057514205,36.435878,0.61562761,3642.8325,2.2858544,20.948523,-1.3756286,0.47377871,406.0993,154.20689,367646.6,0.92752531,0.55863943,0.52099005,0.52043464,0.46034173,29.852216,0.51641608,3.7911007,245.8451,0.52051421,0.3943951,25.575713,0.52012863,0.71398032,46.300158,-3.3967056,0.31958522,3.330759,-0.065946631,0.25363859,32.577495,12.659996,28.938909,2271.7113,837.45115,8.9429022
0.06443513,41.383902,0.62051678,2946.772,1.7441139,10.58756,1.2242585,0.42181093,425.82699,1053.1106,291948.3,0.90982082,0.51116855,0.51909377,0.51505747,3.2555123,30.913298,0.47224079,37.789626,358.83813,0.51567075,2.7608672,26.216307,0.51359592,4.434332,42.106991,-35.028759,1.6734648,34.534113,-0.49464507,1.1788197,51.332708,12.90904,22.514836,2551.5898,814.93443,17.419979
0.059748997,37.775356,0.61898903,2416.49,2.2350337,13.117798,-0.36284909,0.45102348,487.25177,1477.1643,778353.32,0.96744824,0.49756075,0.42896931,0.42447871,3.9505618,26.744227,0.40038678,25.145242,170.22644,0.42589428,2.7052268,18.313649,0.42355797,4.7605765,32.227806,-22.440015,2.0553497,21.194681,-1.2453349,0.81001472,29.39113,11.12424,24.863051,2386.3247,888.87846,12.162736
0.061400569,39.470383,0.62908321,2078.1074,2.0387493,14.719476,0.59265743,0.22633317,330.25645,7129.7814,252845.45,0.8931922,0.47476348,0.48766316,0.46811886,15.357707,21.540222,0.39256632,74.726098,104.8084,0.47486687,10.055193,14.103087,0.46683635,16.36549,22.953705,-64.670906,6.3102971,59.368391,-5.3025147,1.0077824,31.648514,10.907823,22.238317,4755.328,793.95058,15.229489
0.068490793,37.429696,0.62413947,2549.9626,1.8277371,26.897235,-1.6284197,0.26842104,406.49639,623.54917,482111.58,0.90552203,0.46780513,0.45622744,0.45431083,1.5355356,24.625734,0.43651055,15.796647,253.33443,0.4548531,1.1010862,17.658371,0.45388799,1.8743018,30.058604,-14.695561,0.77321552,14.261112,-0.43444936,0.33876616,44.759429,12.110909,22.135558,4009.7024,809.49438,17.552975
0.063142005,39.90698,0.61510165,2410.8257,2.3320613,16.16229,-0.80078739,0.28040395,551.88234,6506.7589,507021.88,0.9632148,0.40457593,0.4207524,0.39777729,20.087192,30.871271,0.32492893,83.778681,128.75639,0.40461778,14.106543,21.679831,0.39349295,23.833,36.628067,-69.672138,9.7264571,63.691489,-5.9806487,3.7458084,33.039364,10.959195,25.557515,3838.3499,883.38268,13.704584
0.057346018,39.725045,0.61920589,2936.423,2.3127609,22.683809,-1.055941,0.52851831,353.08004,6208.2663,286256.62,0.87727071,0.47301727,0.55765575,0.53723253,15.645288,25.200736,0.45014002,82.362849,132.66642,0.54128585,12.540226,20.19924,0.52939589,21.648579,34.87057,-69.822623,9.1083522,66.717561,-3.1050618,6.0032904,43.513866,11.736339,27.143347,2036.4261,774.01011,14.818664
0.058855013,39.191213,0.62642973,2784.4187,2.309083,31.178797,-0.99383591,0.29380159,428.1027,84320.822,473545.9,0.94246776,0.52160471,0.45950978,0.29261541,141.49126,16.780109,0.24972002,177.8575,21.092952,0.32893273,110.70182,13.128646,0.24839593,178.98006,21.226081,-67.155682,68.278238,36.366243,-30.789439,37.488799,61.306147,11.536349,26.638387,3663.3174,856.59427,22.017575
0.061646235,41.375376,0.62274094,3235.5314,2.1098881,20.310362,-0.54838566,0.36539837,358.8008,10392.757,369421.89,0.96455391,0.5455195,0.5107439,0.48018593,26.769446,25.757789,0.37462012,119.2474,114.74086,0.48448725,23.001395,22.132139,0.46628338,38.948381,37.476465,-96.246002,15.946986,92.477951,-3.768051,12.178935,49.94972,12.498717,26.370894,2945.5207,885.12,15.437872
0.059328535,40.536528,0.62427962,3150.3574,2.2817875,18.386842,-0.23557928,0.20891924,457.99425,551.19339,147102.35,0.99760818,0.45639503,0.47775122,0.47556892,2.0050413,36.376366,0.44910175,26.32245,477.5538,0.47580063,1.7921563,32.51411,0.47461006,2.8860157,52.359403,-24.530294,1.0938594,24.317409,-0.21288497,0.88097442,51.810712,12.068823,27.538489,5151.6963,928.31859,16.445979
0.06071006,38.348264,0.61854139,2071.6098,1.7005446,17.924717,-1.9171296,0.4269105,398.49083,617.3423,633032.7,0.91362667,0.48118001,0.47501173,0.47317652,1.4889648,24.11895,0.46001649,12.166132,197.07271,0.47388542,0.91381005,14.802324,0.47306309,1.5809958,25.609711,-11.252322,0.66718573,10.677167,-0.57515475,0.092030978,33.459176,11.575596,19.684817,2521.1103,819.75955,16.151293
0.054141411,40.776304,0.61952477,1957.2052,2.0177463,2.2894296,-0.71853198,0.39948992,452.08499,3411.4558,618174.71,0.91700741,0.50385009,0.45522508,0.44448686,8.7578974,25.672024,0.43767582,14.31286,41.955285,0.44977519,4.4448282,13.029125,0.4472252,6.5245591,19.125439,-9.8680317,2.0797309,5.5549626,-4.3130692,-2.2333383,4.4888319,10.729018,21.648436,2694.1568,824.05272,2.2934907
0.056484569,40.474407,0.62066046,2767.3907,1.4855108,15.502588,-0.14563976,0.5019164,394.51367,26858.854,243986.04,0.89499339,0.39568346,0.55007953,0.46574887,66.455208,24.742383,0.3655604,145.40687,54.137404,0.48686229,49.817167,18.547763,0.4463039,81.778455,30.447484,-95.589698,31.961288,78.951658,-16.63804,15.323248,40.805764,13.336287,19.811198,2144.358,796.21577,14.745213
0.059108551,38.307481,0.61965961,2756.8588,2.2674012,10.550692,-1.1883665,1.278471,514.80407,1706.915,290465.12,0.92522144,0.49093224,0.58210787,0.57388992,6.7874823,39.764618,0.54729541,28.75276,168.44869,0.57641105,4.7051962,27.565498,0.57200845,8.3414448,48.868542,-24.047564,3.6362486,21.965278,-2.0822861,1.5539625,19.416255,11.56819,26.229728,841.85601,834.51091,7.0428906
0.063783139,41.157645,0.62049426,2441.0466,1.8533107,29.405593,-0.68325913,0.25611095,339.2171,130.40425,309006.1,0.85321716,0.56546985,0.4909632,0.49058217,0.28063714,21.520551,0.48434508,4.8743677,373.78901,0.49067914,0.20921475,16.043553,0.49049972,0.34135722,26.176847,-4.665153,0.13214247,4.5937306,-0.071422391,0.060720076,61.828149,11.880808,22.018829,4202.4304,744.16861,25.328541
0.060262942,39.965905,0.62224792,2026.2422,2.274656,20.186438,-0.086308106,0.93591902,417.06048,2782.9439,422006.86,0.89274535,0.46041024,0.5629629,0.55287269,7.9231773,28.470489,0.49719835,51.640539,185.56083,0.55646245,5.1043777,18.341648,0.55167883,8.8606353,31.839073,-46.536161,3.7562576,43.717361,-2.8187996,0.93745806,40.789101,10.428662,23.721618,1149.9803,793.38891,20.130417
0.053925027,40.274325,0.62399979,1777.0047,2.3025105,23.488329,-0.33876399,0.51826043,392.35521,182.33184,214374.91,0.91803444,0.49746982,0.55835993,0.55764461,0.58433185,32.047712,0.54984422,6.9562652,381.51675,0.55792126,0.35834488,19.653444,0.55763027,0.59604194,32.689953,-6.5979203,0.23769706,6.3719333,-0.22598697,0.01171009,43.163234,9.9418152,22.891134,2076.7328,825.35822,24.289882
0.058593442,37.287866,0.62378482,2276.2594,1.4868795,20.843201,-0.97656346,0.62076763,545.81989,144.98327,256638.54,0.9212503,0.42172275,0.52882719,0.52809514,0.60096177,41.450423,0.52122591,6.2400755,430.3997,0.5283457,0.39526953,27.263114,0.52801208,0.66914754,46.153432,-5.8448059,0.27387801,5.6391137,-0.20569224,0.068185769,41.03779,12.491618,18.573531,1733.8025,829.44999,18.028608
0.063954209,39.11219,0.6177772,2919.753,2.201475,13.805752,-3.4430198,0.27988736,383.84308,286.31115,263344.39,0.90007091,0.47836162,0.49623909,0.49527519,0.76568403,26.743074,0.49343634,2.2263941,77.76135,0.49563674,0.47848424,16.712037,0.49522805,0.80313208,28.051024,-1.7479099,0.32464784,1.4607101,-0.28719979,0.037448045,10.256714,11.908238,26.215687,3845.4343,802.61145,3.5128706
0.05832526,41.354817,0.62732571,2389.9618,1.8093759,35.91442,-0.3873818,0.52751721,423.21987,20758.708,423841.26,0.88034524,0.50751731,0.51549933,0.45156335,49.221338,23.711176,0.33532149,138.71055,66.820414,0.46756621,36.901481,17.776386,0.43774237,59.861469,28.836799,-101.80906,22.959988,89.489207,-12.319857,10.640131,79.5184,11.892069,21.517223,2040.2907,777.84914,33.271828
0.059741026,42.599984,0.62438197,1902.1893,1.5233086,23.028353,-0.39148731,0.32285733,419.84148,1208.4676,324091.07,0.86703164,0.48563318,0.49221353,0.48791963,3.2352013,26.771105,0.44869892,32.785657,271.29942,0.48957022,1.991582,16.480227,0.48789257,3.2555893,26.939814,-30.794075,1.2640073,29.550455,-1.2436193,0.020387954,44.338768,11.671464,17.779241,3333.6349,761.26525,23.309335
0.066987219,39.54398,0.61977961,2560.4434,1.9037996,22.525972,-0.60254729,0.45956665,380.35339,1518.2655,75693.556,0.93450484,0.52436844,0.57529872,0.56912447,5.1720238,34.065345,0.51651523,49.241576,324.32783,0.57070871,3.8449397,25.324554,0.5675899,6.4574987,42.532078,-45.396636,2.612559,44.069552,-1.3270841,1.2854749,49.129196,11.963769,22.776619,2341.9638,846.37702,19.187769
0.060230459,39.286955,0.61556159,3165.0399,1.7770616,35.983595,-0.66085732,0.35303762,416.71223,16202.444,340662.49,0.98438375,0.58649379,0.49782529,0.44645513,46.315302,28.58538,0.32332171,157.33232,97.104067,0.45380793,39.686028,24.493853,0.42523656,65.445956,40.392645,-117.64629,25.759928,111.01702,-6.6292747,19.130654,83.031412,13.13799,23.347019,3048.6509,910.9633,26.233923
0.064295825,40.227652,0.62309331,974.10537,1.9542074,21.159539,-1.1857482,0.33172021,486.47879,3104.2187,339496.1,0.96708954,0.53464045,0.47710262,0.46507576,10.574985,34.066495,0.39174786,75.050765,241.77022,0.47183326,4.6332505,14.925658,0.46890112,7.2114173,23.231022,-70.417515,2.5781667,64.47578,-5.9417345,-3.3635677,47.282463,8.593732,16.793934,3244.5671,888.41241,48.539372
0.062268373,36.60536,0.62494893,3011.8621,1.5883901,30.228637,-0.43829272,0.22806398,434.82522,1701.0787,393250.8,0.94544228,0.53301877,0.4483484,0.44278979,4.7335788,27.826924,0.38164674,56.801516,333.91468,0.44366528,3.9880327,23.444139,0.44075643,6.4651383,38.006109,-52.813484,2.4771057,52.067938,-0.74554616,1.7315595,75.452792,13.415165,21.308515,4719.2391,860.42009,25.051875
0.059531262,36.695058,0.61726683,1757.6435,1.9703755,16.053825,-0.20686112,0.33762301,361.19865,694.08846,398026.01,0.92941905,0.43652695,0.49914959,0.49701876,1.7712181,25.518622,0.48411854,12.494363,180.01111,0.49794621,1.0002898,14.411561,0.49713231,1.676832,24.158765,-11.494073,0.6765422,10.723145,-0.77092829,-0.09438609,28.86639,10.433515,20.557942,3187.841,839.87024,16.423347
0.064834956,40.44559,0.62247561,3086.1405,1.7735817,30.57196,0.21909417,0.44718947,412.87439,435.35664,347564.22,0.9426807,0.47222175,0.51753889,0.51594679,1.3501964,31.013571,0.4813069,30.726913,705.78715,0.51610559,1.2155291,27.920307,0.51524402,1.946194,44.70344,-29.511384,0.73066482,29.376716,-0.13466729,0.59599752,104.19253,13.036416,23.121149,2406.784,856.86799,33.761435
0.065365515,42.160941,0.62000344,1604.44,1.7810282,19.1069,-0.5176358,0.37333757,458.9963,1588.6707,747752.72,0.87957033,0.4732307,0.42987815,0.42519299,3.6023969,22.675542,0.39463649,27.097148,170.56492,0.42735851,1.9373395,12.194721,0.42556963,3.3127997,20.852653,-25.159809,1.3754602,23.494752,-1.6650573,-0.28959713,34.020981,10.467772,18.643397,2882.8828,776.88103,21.204271
0.061035463,42.36293,0.62872188,1919.1429,1.8971398,30.146641,-1.264051,0.276708,380.58027,31712.189,370996.31,0.91427161,0.53361004,0.4804879,0.39902737,66.15762,20.86189,0.29429973,151.21146,47.682441,0.4259357,44.304201,13.970717,0.3938487,70.363438,22.188136,-106.90726,26.059236,85.053842,-21.853419,4.2058178,59.495134,10.880262,20.641379,3889.6181,820.57805,31.000888
0.056210939,38.557728,0.62149931,3499.1117,1.6531364,28.70583,0.99697196,0.23871323,439.98676,12566.108,318718.68,0.93737408,0.54836256,0.46236479,0.42208242,33.890223,26.969547,0.26892024,162.74811,129.51354,0.42082993,34.943965,27.808106,0.4019405,50.835955,40.454814,-127.80415,15.891989,128.85789,1.053742,16.945731,178.82053,13.916171,23.005328,4508.709,850.05442,51.104548
0.059655777,39.209401,0.62534243,2159.2482,2.3308096,9.5006145,-1.8479147,0.46327144,449.79522,3345.1651,116153.68,0.94558848,0.45894205,0.55603985,0.54096055,12.843969,38.395621,0.49933299,48.300741,144.38971,0.54663669,8.0092484,23.94276,0.54038832,13.331376,39.852669,-40.291492,5.3221274,35.456772,-4.8347207,0.48740671,17.186611,10.56579,24.626844,2323.2351,860.60826,7.9595349
0.063997601,39.948907,0.62460684,1692.6682,1.8740629,54.451401,-1.8650054,0.41948904,390.69689,12121.109,234790.12,0.96974589,0.48036372,0.53630093,0.4950014,36.455005,30.075635,0.35084174,163.70442,135.0573,0.50937961,23.763385,19.604959,0.49531534,36.177887,29.84701,-139.94104,12.414502,127.24942,-12.69162,-0.2771183,121.3932,10.476895,19.63436,2565.713,891.8654,71.717071
0.057387742,38.60737,0.62684353,1423.7143,2.3141335,34.085801,-0.86718307,0.35110471,367.68958,4703.8733,201835.53,0.89616345,0.49453824,0.53015856,0.51416449,12.627138,26.844129,0.41438361,91.40302,194.31437,0.52106301,7.1808363,15.265794,0.51585775,11.290327,24.002193,-84.222183,4.1094911,78.775881,-5.4463021,-1.336811,64.088735,9.2182438,21.332247,3065.4344,797.68826,45.015165
0.064674819,40.041444,0.62070813,1796.0851,1.6264247,42.841144,-0.13205716,0.71687462,426.01492,11281.847,301110.82,0.92305536,0.54062547,0.56130283,0.5196151,34.317321,30.418176,0.40031082,132.52856,117.47063,0.53533153,21.379564,18.950412,0.51872546,35.049675,31.06732,-111.149,13.670111,98.211241,-12.937756,0.73235448,77.849603,11.203,18.220837,1501.3622,831.74929,43.344051
0.056170955,38.206594,0.62044518,1300.547,1.6305717,28.668113,-1.3006132,0.82013163,556.05361,20648.377,224223.19,0.89881115,0.46637916,0.55461129,0.46469767,71.282563,34.522114,0.35942444,154.74207,74.941518,0.50564844,38.817226,18.799165,0.47705397,61.486621,29.777943,-115.92485,22.669395,83.459511,-32.465337,-9.7959423,63.64886,10.051528,16.389738,1312.3362,801.02325,48.940068
0.056837094,38.902801,0.62856244,1985.1784,1.7431782,19.396214,-0.33500686,0.59370252,369.75924,6062.9619,84051.26,0.84934265,0.44882008,0.59991317,0.57597782,17.515737,28.889736,0.48538303,83.812443,138.2368,0.58483353,11.035188,18.200985,0.5749951,18.234885,30.075869,-72.777254,7.1996967,66.296706,-6.4805486,0.71914812,38.354,11.318511,19.730181,1812.8413,739.39404,19.320178
0.058710864,38.968745,0.61850404,1682.5067,1.7681006,30.920408,-0.84677769,0.62318823,492.20048,1099.3861,323228.16,0.893118,0.5186912,0.52772584,0.52290911,3.7844902,34.423667,0.47510959,41.340433,376.03196,0.5249154,2.2081526,20.085323,0.52306381,3.6629432,33.318076,-39.13228,1.4547905,37.555942,-1.5763376,-0.12154706,59.25501,10.660723,18.84923,1727.068,793.85731,35.218291
0.062897907,38.004974,0.61793871,2177.6491,1.6975778,17.785676,-1.7953802,0.40158033,375.20864,172554.68,423933.86,0.93900133,0.50401599,0.50679773,0.26407971,204.7042,11.86315,0.28169299,189.84946,11.002278,0.34316684,138.00347,7.9976661,0.23794434,226.74633,13.140549,-51.84599,88.742853,-14.854738,-66.700727,22.042126,32.119063,11.776677,19.991826,2680.1324,852.14206,14.749421
0.05503341,34.129867,0.61976661,2453.0083,1.5749497,12.754015,-1.1135146,0.35026899,404.05121,20308.662,167703.97,0.93884633,0.47175587,0.52883869,0.46103686,57.169544,28.150325,0.37971292,125.74075,61.914836,0.48412549,37.70154,18.564266,0.45429735,62.852206,30.948472,-88.039208,25.150666,68.571203,-19.468004,5.6826619,24.397456,12.563602,19.78704,3072.7483,851.94315,9.9459329
0.062168526,40.133438,0.63057778,2182.2927,1.7955023,20.104254,-1.2663247,0.60614912,543.81674,648.198,150784.29,0.9419043,0.48899762,0.55264146,0.54908771,3.0102889,46.440886,0.52048572,27.238247,420.21493,0.55030366,1.9802862,30.550638,0.54868907,3.3479662,51.650363,-25.257961,1.3676799,24.227958,-1.0300027,0.33767726,38.343333,11.566778,20.768176,1775.6166,855.87012,17.570206
0.061132221,39.797182,0.62303716,3032.8716,2.2435193,23.905726,-0.5687134,0.65121331,483.654,793.96062,437982.62,0.91587048,0.51518406,0.51124711,0.50808364,2.5755449,32.439202,0.47387863,30.423641,383.18829,0.50858955,2.1636564,27.251432,0.50662785,3.7607859,47.367411,-28.259985,1.5971295,27.848096,-0.41188851,1.185241,56.596013,11.984266,26.886932,1652.7433,822.6082,18.660867
0.063773269,38.224111,0.62454089,1995.849,1.5476943,18.416479,-0.66374846,0.314469,539.11955,1485.3107,296473.95,0.92954508,0.51920788,0.4698297,0.4634062,5.3404735,35.955263,0.42261564,39.253604,264.27875,0.46588924,3.2760817,22.056542,0.46325099,5.4695134,36.824036,-35.977523,2.1934317,33.913131,-2.0643918,0.12903987,36.34203,11.797343,18.25868,3422.5582,840.03131,18.208807
0.061076878,40.618531,0.61867108,2077.3059,1.4810237,36.981578,0.84835915,0.27282491,427.37366,296.81891,421041.47,0.9526515,0.45622966,0.46128617,0.4603012,0.84783827,28.56416,0.44147002,17.057217,574.66746,0.46061657,0.57637151,19.418288,0.46022509,0.91335127,30.77133,-16.480846,0.33697976,16.209379,-0.27146677,0.065512995,80.634181,12.132478,17.968488,3944.9788,869.71325,38.81671
0.054486768,37.926493,0.61036528,2592.356,2.172148,12.878084,-0.82094837,0.72324935,375.64808,7750.6297,421406.15,0.91316944,0.42101394,0.55611413,0.53125416,20.155444,26.004912,0.46615537,72.934876,94.101871,0.53876626,14.064944,18.146841,0.52611152,24.324887,31.384401,-58.869931,10.259942,52.779432,-6.0904997,4.1694428,26.559614,11.496663,24.972452,1488.1292,819.17943,10.245357
0.056763442,39.184131,0.62057318,2174.4499,2.1205477,10.680765,-1.7674432,0.21914144,499.10738,2742.1049,787416.28,0.94203053,0.50448902,0.37677526,0.36917819,6.4364891,23.472804,0.34317099,28.470651,103.82772,0.37206281,3.9925495,14.560163,0.36871565,6.8283706,24.901931,-24.478101,2.8358211,22.034162,-2.4439396,0.39188154,19.366442,10.929589,23.176714,4911.3871,856.03233,8.9063641
0.058964926,39.510036,0.61701512,2177.2046,1.7602904,37.875042,-1.179468,0.51669697,390.06655,83074.412,678608.3,0.88763972,0.44509011,0.48645893,0.33664081,116.69187,14.046668,0.28689014,155.44217,18.711197,0.38087463,82.238573,9.8993867,0.31426364,134.12123,16.14471,-73.203599,51.882654,38.750305,-34.453294,17.429359,72.937392,11.634338,20.479813,2083.0168,786.97966,33.500477
0.057964838,40.995883,0.61705511,3471.5404,2.1506466,7.2574038,-0.48753845,0.33593775,355.60581,2478.4384,944526.63,0.88178465,0.50772477,0.43464772,0.42901597,4.345648,17.533815,0.40700063,21.333441,86.076139,0.4300542,3.544517,14.301413,0.42679155,6.0620852,24.459294,-17.788924,2.5175682,16.987793,-0.80113098,1.7164372,19.075869,12.714163,27.343671,3203.8331,779.64838,5.4949294
0.063964386,40.395131,0.61196674,3452.5081,1.4827868,23.222363,-0.90654065,0.54033691,483.40477,26374.4,329958.33,0.91535452,0.43847177,0.51795292,0.42809857,73.096866,27.715082,0.3380911,146.3183,55.477396,0.44574158,58.744205,22.273192,0.39338204,101.33891,38.423208,-87.574096,42.5947,73.221435,-14.35266,28.242039,48.034297,14.365543,21.301037,1991.884,821.95291,13.91287
0.058777184,38.447707,0.61084719,1927.9235,2.3404768,17.359159,-1.2239386,0.42147836,510.20652,25813.473,294341.68,0.90842433,0.48590292,0.49934411,0.40817196,73.376026,28.425476,0.3274153,138.36958,53.603628,0.44150661,46.548047,18.032462,0.40151496,78.733622,30.50098,-91.821533,32.185575,64.993554,-26.827979,5.3575966,34.193389,10.160113,23.779508,2553.6031,813.16602,17.735864
0.057299528,39.438257,0.61630056,2922.1269,1.6121743,19.052078,-1.2137874,0.55971746,497.55426,6956.1098,302317.93,0.88849909,0.51570525,0.52268789,0.49352101,22.748913,32.703499,0.40930571,88.433213,127.13027,0.50114999,16.79864,24.149475,0.48482667,29.53012,42.452061,-71.634573,12.73148,65.684299,-5.9502732,6.7812064,34.329424,13.214956,21.304813,1922.9139,788.05739,11.748095
0.059459853,43.975967,0.62417251,2123.305,2.127998,29.249242,-1.4490051,0.23260522,350.53911,704.69645,373741.71,0.94924329,0.56858464,0.47103392,0.46903487,1.7120278,24.294542,0.44214005,24.745335,351.14885,0.46963571,1.1974549,16.992493,0.46877195,1.9371997,27.489846,-23.54788,0.73974477,23.033307,-0.51457281,0.22517195,55.388442,10.830548,23.047384,4627.1037,865.31619,26.085957
0.063262456,35.561994,0.62631015,2110.8886,2.1248732,19.384175,-1.8927323,0.39919776,525.7522,1290.9898,689508.76,0.99201665,0.45147093,0.42213024,0.41784368,3.9072097,30.265225,0.39192001,27.536689,213.29904,0.41940735,2.481924,19.22497,0.41740367,4.3082751,33.371876,-25.054765,1.8263511,23.629479,-1.4252858,0.40106539,35.629007,10.814692,22.979848,2696.1285,920.96875,16.878677
0.05835855,42.853496,0.62687198,2352.3312,1.833252,35.625331,-1.5892767,0.33615916,532.94824,2838.5215,291091.28,0.93278901,0.44731174,0.47734244,0.46514496,10.191025,35.902581,0.37516091,85.372943,300.76554,0.4684425,7.4359262,26.196477,0.46286196,12.098483,42.622481,-77.937017,4.6625566,75.181919,-2.7550983,1.9074583,62.811162,11.777745,21.591574,3201.7229,844.18014,26.701666
0.054805415,46.166072,0.62023675,2661.6415,1.754868,17.968865,-1.3565994,0.28154876,548.42846,2820.0273,325349.15,0.96358382,0.48603825,0.45383262,0.44213103,10.23627,36.298478,0.38037436,64.259533,227.86848,0.44529634,7.4673338,26.479651,0.43939388,12.630668,44.78917,-56.792199,5.1633344,54.023263,-2.768936,2.3943983,31.622738,12.452936,21.853258,3822.7426,883.86134,11.880916
0.060255728,36.986386,0.62352208,1151.7404,2.2175251,24.296981,-0.54425883,0.52355206,490.8381,40332.976,352289.24,0.86888453,0.47139203,0.50903486,0.38617472,92.847648,23.020282,0.32517819,138.94384,34.449191,0.44627319,47.43014,11.759643,0.40541324,78.308751,19.415565,-91.5137,30.878611,46.096192,-45.417508,-14.538897,37.395798,8.7122847,19.31971,2055.743,763.56701,32.468947
0.065840239,37.828043,0.61742407,1874.9141,1.8523167,20.456166,-0.88725062,0.25803277,553.6525,1319.741,184628.29,0.9212924,0.49379259,0.47328509,0.46715391,5.0335614,38.140525,0.42427924,40.232681,304.85286,0.46955872,3.0592641,23.180792,0.46716028,5.0283299,38.100885,-37.173417,1.9690657,35.19912,-1.9742973,-0.0052315546,39.93077,10.882418,20.157685,4171.1309,829.50359,21.297387
0.063357996,37.223822,0.61400921,3726.8162,1.8595828,17.465494,-0.58426651,0.47749471,363.61767,1907.2601,250591.64,0.90898559,0.40593043,0.55193417,0.54523756,5.3941917,28.282413,0.49656369,44.601513,233.85124,0.54591043,4.8521855,25.440607,0.54170814,8.2371792,43.188547,-39.749328,3.3849937,39.207322,-0.54200616,2.8429876,44.742932,13.665038,25.41127,2254.0322,813.87662,12.005672
0.056523425,45.24001,0.61639751,2956.0566,1.898191,13.146654,0.46349171,0.27417278,491.5631,8011.6423,91218.085,0.94929187,0.49944912,0.50643838,0.47197444,29.517802,36.843635,0.34879472,135.0192,168.52875,0.47740317,24.86818,31.040053,0.46023487,39.572545,49.3938,-110.15102,14.704366,105.5014,-4.6496222,10.054743,46.992864,12.563028,23.847026,3925.5847,865.37883,15.897146
0.062849825,41.409642,0.62282096,2404.6503,1.4927817,27.810767,-1.2278507,0.41490803,391.64627,135839.96,259844.94,0.94511074,0.4453479,0.53118227,0.2923812,203.25635,14.962928,0.28387139,210.49951,15.49614,0.35883904,146.69053,10.798776,0.25710224,233.28416,17.173456,-63.808981,86.593628,7.2431553,-56.565825,30.027803,52.09442,12.705407,18.966399,2594.041,859.99342,21.664031
0.062216722,41.220009,0.62558244,2158.5299,1.5936839,17.109369,-0.52938201,0.22853306,477.39808,94.494761,232222.02,0.92657857,0.47087243,0.4657897,0.46541765,0.30792384,32.58634,0.4619293,3.1950431,338.11854,0.46554685,0.20099298,21.270278,0.46539382,0.32764828,34.673698,-2.9940501,0.1266553,2.8871192,-0.10693086,0.019724437,35.111461,11.991919,19.111327,4709.5526,836.24255,16.266377
0.054572978,40.022862,0.6123778,2264.1977,2.0873901,8.2979893,-0.052101127,0.91794676,481.62615,12800.028,296661.84,0.9633628,0.4646741,0.56590382,0.51436266,45.072343,35.212691,0.44738984,103.63956,80.968229,0.53306568,28.716701,22.434874,0.50972084,49.131583,38.383965,-74.92286,20.414881,58.567218,-16.355641,4.0592399,18.648597,11.136284,23.245768,1172.4955,883.57465,8.2362937
0.059161293,39.135601,0.61845871,1586.7232,1.6318016,19.813384,-0.57317035,0.46989641,535.29488,271.19715,153471.27,0.86065223,0.5343611,0.5333472,0.53193179,1.0553459,38.914343,0.5202076,9.7970421,361.25166,0.53258879,0.56547916,20.851221,0.53208118,0.94395883,34.807108,-9.2315629,0.37847967,8.7416962,-0.48986672,-0.11138706,35.506658,10.737783,17.521932,2290.4803,753.35604,22.377349
0.064281028,35.709055,0.62761687,3248.4481,1.5608057,25.242167,-0.068803552,0.3632445,489.42079,37598.85,212563.02,0.87940517,0.56075791,0.50776591,0.38453713,94.724878,25.193557,0.28733349,169.44447,45.066396,0.40325586,80.335959,21.3666,0.34134065,127.92964,34.02488,-89.108507,47.593678,74.719588,-14.388918,33.20476,79.202114,13.838183,21.598715,2962.9863,776.67473,24.381523
0.057480384,38.712104,0.61390307,2974.2025,2.081307,31.744242,-0.41687423,0.40231549,356.53832,15152.547,413298.42,0.91486707,0.46222064,0.51358021,0.47103275,34.586467,22.825513,0.34993282,133.02755,87.792205,0.47765938,29.199739,19.270515,0.45434048,48.155473,31.780447,-103.82781,18.955734,98.441086,-5.3867281,13.569006,79.381947,12.208102,25.40881,2675.2349,821.33396,26.690163
0.059466574,41.866026,0.61627942,1842.4889,1.776573,25.020484,-1.2978626,0.25303051,507.00895,4285.5528,226537.18,0.94220926,0.53805009,0.47094702,0.45348147,14.801366,34.537822,0.36027506,93.790105,218.85182,0.46005812,9.2279162,21.532616,0.45340898,14.862801,34.681176,-84.562189,5.634885,78.988739,-5.5734501,0.061434922,50.019083,10.970943,19.490682,4253.5916,856.26202,27.147563
0.060755907,42.888479,0.62954033,3184.7659,1.9803302,24.45394,0.20373275,0.40247181,341.83599,47012.223,328331.21,0.96479714,0.45602368,0.53001404,0.41842811,97.78656,20.800242,0.30789963,194.64645,41.403371,0.43121141,86.58412,18.417364,0.37577572,135.16431,28.750886,-108.06233,48.580186,96.859887,-11.20244,37.377746,85.957862,12.698429,25.147083,2674.1959,885.43568,26.990323
0.068941246,39.087088,0.62705383,2095.9705,1.9930936,28.15119,-0.48948434,0.35830227,480.41082,964.64786,424521.17,0.94284722,0.48390501,0.46984248,0.46623953,3.0562873,31.682932,0.42840481,35.150418,364.38601,0.46741979,2.0551076,21.304226,0.4658185,3.4134297,35.385241,-33.095311,1.358322,32.094131,-1.0011796,0.35714238,57.127429,11.021885,21.967648,3003.8561,857.08205,27.255837
0.064447575,39.467491,0.61909068,2412.8584,1.5893967,19.9,0.83462793,0.64289898,534.72213,59768.958,97597.228,0.91521,0.50032306,0.57319068,0.37108945,164.37344,27.501473,0.31903329,206.71188,34.585157,0.424566,120.87977,20.224507,0.33705776,192.05217,32.132428,-85.832108,71.172403,42.338437,-43.493671,27.678732,57.06302,12.456706,19.798648,1674.1175,821.76939,23.649552
0.058199835,40.661183,0.61774841,2801.148,1.5020949,23.785073,-1.0058815,0.43179772,400.46129,645.63164,192656.11,0.97308816,0.4556009,0.54437669,0.54184271,2.2476509,34.813208,0.51559121,25.532816,395.47033,0.54245043,1.7086058,26.464096,0.54113366,2.8765841,44.554571,-23.82421,1.1679783,23.285165,-0.53904508,0.62893324,46.569612,13.340833,20.039196,2492.5756,896.21558,16.625188
0.057906661,42.17355,0.62188192,2325.0813,1.8441132,28.768628,-0.69523016,0.37633283,398.7463,7469.1316,158971.97,0.9206908,0.54141769,0.53795897,0.51035247,22.643374,30.315939,0.39209607,119.63952,160.17862,0.51793302,16.425667,21.991401,0.50537012,26.729993,35.787283,-103.21386,10.304326,96.996149,-6.2177071,4.0866186,59.442569,11.709011,21.592743,2859.9377,828.73767,25.565802
0.066046035,37.179844,0.62390598,2232.4116,2.1561831,27.945017,-0.79871747,0.33408039,452.77433,10672.71,289222.68,0.90926718,0.51685779,0.49373472,0.45551159,30.802635,28.861118,0.34667361,118.51121,111.04134,0.46680183,21.70424,20.336203,0.44910297,35.967107,33.700069,-96.806965,14.262867,87.708571,-9.098395,5.1644719,56.272628,10.964772,23.642055,3221.6451,814.23321,25.207102
0.06184776,35.177316,0.61119328,2302.0954,1.7346364,26.113173,-0.32584831,0.44479522,355.95358,252.21239,227562.83,0.97156076,0.54694807,0.55081554,0.54993147,0.78242984,31.022657,0.53909971,10.368913,411.11831,0.5502045,0.54078978,21.441841,0.54978775,0.90962406,36.065797,-9.8281232,0.36883428,9.5864832,-0.24164006,0.12719422,57.06423,11.91082,20.660942,2419.7393,894.2268,24.787952
0.056281183,39.788406,0.62311561,1433.7678,2.1060131,33.419996,-0.77079208,0.44404638,508.10424,64395.583,210670.72,0.94349823,0.45574713,0.52124828,0.3364717,156.89388,24.364074,0.28699226,198.90689,30.888281,0.40640599,97.512642,15.142753,0.34228554,151.95734,23.597479,-101.39425,54.444699,42.013013,-59.381235,-4.9365368,61.022395,9.5347495,20.080307,2423.8199,857.91909,42.560864
0.060360211,38.549571,0.62524419,2098.08,2.3584652,27.892292,-0.21375191,0.58380749,507.98196,39051.765,321448.6,0.89983929,0.48377686,0.51933705,0.3936012,99.843344,25.566922,0.31666713,160.93456,41.210571,0.43131539,69.895554,17.89818,0.37423212,115.2238,29.5054,-91.039002,45.328244,61.091213,-29.94779,15.380454,57.687667,10.423996,24.584632,1843.5674,802.31938,27.495456
0.06098185,36.927048,0.6197852,2735.0823,1.6012926,10.710785,-1.0460639,0.35951028,552.54369,205.76453,407810.69,0.950721,0.44356258,0.4558363,0.45497655,0.7379238,35.862537,0.4510944,4.0700083,197.79932,0.45525174,0.50173236,24.383812,0.4548514,0.84534016,41.082891,-3.568276,0.3436078,3.3320845,-0.23619144,0.10741636,20.695863,12.95597,20.746299,2993.7627,867.22184,7.5668158
0.064462796,37.13985,0.61808809,1742.7062,1.7653563,15.946664,-0.49899545,0.3293046,447.86752,2310.5302,148017.15,0.89244151,0.42277685,0.51890305,0.50926408,7.5651995,32.742266,0.46352871,43.460868,188.09911,0.51348972,4.2486889,18.388372,0.50998286,7.0010607,30.300668,-39.212179,2.7523719,35.895669,-3.3165106,-0.56413878,29.483838,10.791968,19.051668,3268.3676,793.00706,16.918421
0.05922534,36.669642,0.61139101,2532.4339,1.8771495,31.215669,-0.60238754,0.2511657,526.43056,4247.2675,420518.66,0.8245841,0.52590033,0.4325484,0.41704841,10.87803,25.61183,0.32670394,74.282592,174.89501,0.42086743,8.1978057,19.301364,0.41326221,13.53522,31.868065,-66.084786,5.3374142,63.404562,-2.6802239,2.6571904,67.78722,11.976129,22.480984,4285.1729,709.09785,26.767617
0.055312374,37.981108,0.62877218,2253.6905,1.5688398,22.544876,0.022241484,0.3345712,475.5998,62418.639,700572.83,0.9198468,0.44395407,0.42358003,0.2948344,105.46274,16.896033,0.24516273,146.15158,23.414733,0.33324624,73.997458,11.855026,0.27746898,119.68772,19.174997,-72.154118,45.690265,40.68884,-31.465278,14.224987,50.966026,12.229497,19.186122,3216.9191,827.66349,22.614474
0.061207105,41.500202,0.62213091,2890.3475,1.9707594,5.6311235,-0.18111714,0.51289186,559.4106,1347.4941,549893.87,0.9339078,0.44234085,0.45172694,0.44647529,4.3952107,32.617663,0.42940208,18.684124,138.6583,0.44796076,3.1519868,23.39147,0.4455325,5.1842493,38.473262,-15.532137,2.0322626,14.288913,-1.243224,0.78903862,15.173072,12.314275,24.268474,2098.4706,845.6124,5.2495666
0.058405155,41.355848,0.62773926,1949.1268,2.1710086,25.186618,-0.94751504,0.31877642,403.18612,782.90485,544458.79,0.9241593,0.49620914,0.46260369,0.46023104,1.9564641,24.989807,0.43435328,23.295072,297.54666,0.46105431,1.277604,16.318764,0.4600472,2.1080631,26.926172,-22.017469,0.83045908,21.338608,-0.67886017,0.15159891,49.399997,10.455935,22.699926,3376.3114,833.15642,25.344682
0.05634095,36.785071,0.61893086,1725.7673,1.787592,30.946772,0.078496084,0.30202333,342.48042,13878.856,265532.49,0.98302068,0.50168489,0.51189812,0.47239693,35.544531,25.610563,0.36273113,134.22558,96.712278,0.48820318,21.321521,15.362593,0.4734421,34.604047,24.932925,-112.90406,13.282526,98.681048,-14.22301,-0.94048365,52.871712,10.712101,19.148865,3563.5938,909.17992,30.63664
0.057230084,38.572912,0.61795953,2229.9915,1.7251919,27.035033,-1.2611093,0.43472289,491.84741,1224.1813,371526.45,0.88172975,0.52443845,0.49098729,0.48604333,3.8145985,31.160404,0.4421265,37.699346,307.95557,0.48765111,2.5740885,21.02702,0.48534396,4.3542071,35.568318,-35.125258,1.7801186,33.884748,-1.24051,0.53960861,51.300066,11.806612,20.368672,2475.8035,779.57974,23.004601
0.062313685,44.638679,0.6158003,2759.6441,1.8699019,0.91037703,-0.66980027,0.38160557,472.01504,4181.9089,213685.39,0.92295843,0.4789949,0.51503489,0.4974929,14.438415,34.525895,0.49503206,16.463876,39.369284,0.50537376,7.9518617,19.014909,0.50271171,10.142932,24.254313,-8.5120142,2.1910708,2.0254613,-6.4865529,-4.2954821,1.999155,12.339989,23.07457,2820.4212,831.62577,0.72442494
0.060284016,36.377659,0.62210504,2073.4664,2.341108,25.086796,-0.15992152,0.18313097,396.72229,1118.8266,473158.88,0.86402126,0.52810144,0.42498619,0.42186269,2.3418212,20.931046,0.39128815,25.26488,225.81587,0.42284789,1.6031766,14.329089,0.42150084,2.6131211,23.355907,-23.661704,1.0099445,22.923059,-0.73864453,0.27129993,51.559153,10.40867,24.36782,5877.1515,757.52996,24.866162
0.060852832,40.408685,0.61468058,2164.2506,1.8576847,12.968285,-0.056705588,0.4337304,345.07696,13849.738,209893.21,0.85309164,0.54180224,0.55379526,0.51056164,31.835764,22.986546,0.42097131,97.807037,70.620133,0.52593078,20.518452,14.815046,0.50647197,34.847257,25.16095,-77.288585,14.328806,65.971272,-11.317313,3.0114929,27.910939,11.404648,21.18624,2481.4688,744.01379,12.896353
0.061838111,40.423111,0.61231625,2444.8865,1.7009256,14.333726,-1.4316282,0.39207148,334.19532,1333.0546,330973.48,0.8684009,0.46481357,0.52892509,0.5248531,3.0748546,23.066232,0.5028687,19.675786,147.59925,0.5262364,2.0302874,15.230339,0.52430821,3.4863092,26.152786,-17.645499,1.4560218,16.600931,-1.0445672,0.4114546,25.575497,12.231916,20.80558,2745.1333,762.96601,10.460812
0.064586798,38.938236,0.62515837,1182.1139,2.0715062,17.400336,-0.47507582,0.38474339,348.06775,367.33271,286498.45,0.91742738,0.50679084,0.53017915,0.52898648,0.97334671,26.497687,0.52183871,6.8067215,185.30127,0.52964304,0.43752163,11.910773,0.52928227,0.73195051,19.926091,-6.3691999,0.29442887,5.8333748,-0.53582508,-0.2413962,26.167158,8.9900285,18.6229,2797.419,824.58648,22.135902
0.059603221,41.909824,0.62194507,2142.8479,2.0069976,9.8650345,-1.3141741,0.41663688,554.63018,3774.445,803884.07,0.89656619,0.47152492,0.39912424,0.38744177,9.2290425,24.451389,0.35288842,36.525858,96.771467,0.39205116,5.5876634,14.803934,0.38678226,9.7500445,25.83173,-30.938195,4.1623811,27.296816,-3.6413791,0.521002,18.826882,11.07775,22.233017,2583.277,798.19528,8.7859159
0.060513925,36.348476,0.62344357,1165.6453,1.7968882,20.669433,-0.6061643,0.36495182,373.423,325.80207,415871.68,0.89569727,0.49370926,0.50022467,0.499194,0.8131039,24.95699,0.49179676,6.6488527,204.07644,0.49976429,0.36320282,11.147959,0.49946351,0.60048951,18.431114,-6.2856499,0.23728669,5.8357488,-0.44990108,-0.21261439,33.034951,9.3824982,16.859301,2949.1248,797.10148,28.340483
0.061776173,43.915512,0.62111868,2243.24,1.5116392,9.6435331,-0.59817158,0.28757068,335.35452,3138.4604,311163.71,0.99986109,0.50120409,0.50260712,0.49350157,8.3926953,26.741441,0.45681823,42.204172,134.47413,0.49687602,5.2824271,16.831269,0.49303724,8.8206814,28.105122,-36.921745,3.5382543,33.811477,-3.1102682,0.4279861,19.967209,12.362678,18.687909,3742.692,931.28477,8.9010579
0.058719189,42.151135,0.62354051,2994.8379,2.2842348,17.695489,-0.83933168,0.46691374,376.86956,237.07638,353973.01,0.88196552,0.43187321,0.52966353,0.52885209,0.62632213,26.41858,0.52102241,6.6697184,281.33205,0.52900405,0.50902457,21.47091,0.52853629,0.87007068,36.700015,-6.1606938,0.3610461,6.0433963,-0.11729756,0.24374855,37.160316,11.862628,27.097026,2305.112,779.87455,12.408123
0.053877748,38.941996,0.62365124,2984.1189,1.5994285,36.60563,-1.7621381,0.38530198,332.56638,4215.9849,121937.51,0.90839489,0.4640385,0.55865253,0.54459702,11.311463,26.829942,0.45807292,80.943508,191.99193,0.54748426,8.9878973,21.318618,0.53989336,15.096825,35.808537,-71.955611,6.1089279,69.632045,-2.3235657,3.7853622,52.175134,13.34301,21.34119,2793.3634,813.12875,17.484268
0.061045589,44.204334,0.61228358,1942.6473,1.8186504,9.9682311,-0.75827112,0.20622419,374.65682,5408.5363,107046.08,0.9228269,0.49883925,0.49537084,0.47760725,14.61786,27.027387,0.42053293,61.584982,113.86626,0.48481901,8.6832202,16.054658,0.47803835,14.263106,26.371471,-52.901762,5.5798856,46.967121,-5.9346401,-0.35475449,19.511153,11.079452,20.14965,5219.0214,831.45817,10.04359
0.057643555,37.279223,0.62036707,2367.7963,1.7038331,17.457524,-1.5753281,0.24394141,351.21813,50.398995,352537.04,0.92780473,0.54165191,0.47812283,0.47797604,0.12171296,24.149879,0.47689098,1.021441,202.67091,0.47802489,0.081212585,16.11393,0.47795698,0.13751772,27.285806,-0.94022845,0.056305135,0.89972807,-0.040500377,0.015804758,30.741303,12.095091,20.608016,4412.0778,837.80796,12.983086
0.064227919,38.466458,0.61666972,1980.7904,2.0088897,22.954389,-0.7220607,0.27123148,393.18199,19175.363,196586.92,0.97389176,0.54493043,0.50177663,0.44227093,52.843402,27.557967,0.33540767,147.74219,77.047925,0.4630932,34.352406,17.914866,0.43821057,56.449167,29.438383,-113.38978,22.096761,94.898789,-18.490996,3.6057657,45.156624,10.787749,21.671398,3968.1547,897.26244,22.797275
0.055823016,42.084196,0.61307724,1828.7798,1.9199481,22.378407,-1.4999238,0.41410328,550.98243,842.84914,136893.38,0.85236395,0.4582793,0.52403007,0.5195885,3.2666713,38.757485,0.47786148,33.955969,402.87126,0.52129925,2.0084537,23.829337,0.51956434,3.2844451,38.968363,-31.947516,1.2759914,30.689298,-1.2582176,0.017773784,45.478641,10.664177,20.474666,2599.0822,743.11643,24.868298
0.061327487,42.816444,0.62186634,2245.923,2.3562323,15.885225,-0.8729849,0.3654739,501.47541,999.38047,157075.96,0.91116267,0.43801735,0.51750756,0.51281542,3.7923784,37.947293,0.48026828,30.098288,301.16947,0.51428117,2.6076971,26.093137,0.51212141,4.3533026,43.560013,-27.490591,1.7456055,26.30591,-1.1846812,0.56092428,31.706996,10.666672,25.133158,2944.9119,816.63469,14.117579
0.06456755,37.131972,0.61816715,3058.3827,2.3004745,17.112501,-1.4087441,0.38701046,428.88305,4777.6116,216360.17,0.91490248,0.41567663,0.52440323,0.50588694,15.052557,31.506447,0.44323323,65.986005,138.11505,0.51018072,11.561987,24.200349,0.50011231,19.746959,41.332281,-54.424019,8.184972,50.933449,-3.4905699,4.6944021,28.004099,11.917766,27.416516,2781.032,821.37892,9.1565058
0.064036676,36.973269,0.61546537,2285.3813,1.7113415,23.599835,-0.75418961,0.33478943,490.75069,4005.688,258968.8,0.92680653,0.49077611,0.49170807,0.47528716,13.595437,33.940329,0.39304266,81.688509,203.93128,0.4805355,9.2501581,23.092558,0.4730198,15.472664,38.626733,-72.438351,6.2225058,68.093072,-4.3452788,1.8772269,48.073057,11.935594,20.425878,3214.8221,836.53351,21.035026
0.063622118,41.671949,0.61609896,2017.4432,1.8706799,14.713099,-1.6217343,0.67686895,511.19379,1797.8093,546149.4,0.89732866,0.53795362,0.4854588,0.47868029,5.361402,29.821862,0.44464812,32.278833,179.54537,0.48139274,3.2160122,17.888506,0.4782116,5.7321061,31.883839,-29.062821,2.5160939,26.917431,-2.1453898,0.37070405,28.372174,11.11486,20.792345,1590.0987,799.15543,14.063431
0.057895609,38.822376,0.61077437,2808.3868,1.5072094,20.330358,-1.3169383,0.25222389,363.1638,26205.932,398552.91,0.92183748,0.5225042,0.47244614,0.40690807,53.850272,20.548886,0.31784049,127.0339,48.475245,0.42490301,39.064477,14.906731,0.39134454,66.638269,25.428696,-87.96942,27.573791,73.183626,-14.785794,12.787997,35.603251,13.337194,20.101944,4267.1947,830.19774,12.677474
0.0673416,39.408814,0.61529795,2583.0231,2.0876559,21.83447,-0.24318552,0.68496631,472.73847,8294.5965,267408.19,0.95894342,0.51210017,0.55187661,0.51718539,30.140569,36.337595,0.41236737,121.20902,146.13009,0.52593491,22.538773,27.172838,0.50738259,38.657485,46.605624,-98.670245,16.118712,91.068449,-7.601796,8.516916,52.75086,11.635717,24.291374,1571.3013,877.84779,20.422141
0.059350974,39.91697,0.62451874,3414.4745,1.5154621,13.522723,-1.1164872,0.70929113,439.85038,583.50838,199869.45,0.93110672,0.46577887,0.5768865,0.57425295,2.1947309,37.612671,0.55971016,14.314289,245.31421,0.57482287,1.7197733,29.472984,0.5733037,2.9858052,51.169877,-12.594516,1.2660319,12.119559,-0.47495757,0.79107431,24.873849,14.208982,21.533174,1517.4143,842.02783,7.2848249
0.058401187,41.043132,0.6208044,2782.5568,2.1224143,32.843036,-0.69658202,0.31521316,337.48638,9581.3491,249782.27,0.85111662,0.50829249,0.51928563,0.49115278,20.648285,21.550499,0.36848314,110.68243,115.51862,0.49606807,17.040672,17.785253,0.48152703,27.713162,28.924071,-93.641754,10.672491,90.034141,-3.6076134,7.0648771,71.645751,11.862457,25.177049,3414.4783,741.57899,25.748172
0.066152757,38.369589,0.62156457,2622.2073,2.1429878,16.77377,0.34126897,0.30464706,336.23354,11097.748,671419.74,0.91252112,0.44988361,0.46356733,0.43749085,21.120512,19.031349,0.34588762,95.314098,85.885982,0.44351347,16.242521,14.635871,0.4302733,26.966337,24.298927,-79.071577,10.723816,74.193586,-4.8779907,5.845825,48.560567,11.592733,24.843084,3532.9028,818.35706,18.518966
0.060165523,37.339696,0.62667263,2145.6876,2.3368888,11.570874,-1.5019674,0.42925369,339.56243,142341.28,382265.94,0.93250484,0.51225222,0.52853627,0.30902721,183.32141,12.879005,0.31400679,179.16274,12.586843,0.38353802,121.09424,8.5073168,0.28665018,202.00942,14.191906,-58.068504,80.915179,-4.1586628,-62.227167,18.688013,21.705401,10.534474,24.617894,2507.3482,843.81646,10.115825
0.06331872,36.7476,0.62810911,1944.5103,1.6041971,11.061074,-0.77744604,0.30950022,356.6952,23111.715,266493.34,0.8788454,0.49786025,0.51087008,0.44660784,49.353357,21.354259,0.37005683,108.14448,46.792062,0.47290706,29.155575,12.615063,0.44794215,48.328608,20.91087,-78.988906,19.173033,58.791124,-20.197781,-1.0247486,21.658956,11.556355,18.538671,3477.5047,775.97566,11.138514
0.06021079,38.884991,0.62025556,2030.887,1.8215096,24.582715,0.096234528,0.3306038,527.7667,664.97197,178213.01,0.95525454,0.52309321,0.49971254,0.4965736,2.7123592,40.789076,0.46422724,30.662899,461.11566,0.49766486,1.7694039,26.608698,0.49635323,2.9027857,43.652753,-28.893495,1.1333818,27.95054,-0.94295536,0.19042647,50.09069,11.238839,20.471654,3255.5235,873.07591,24.66444
0.058290178,37.968717,0.619522,2511.1855,2.0465784,36.752852,-1.3204154,0.62825375,362.36334,2483.885,274019.49,0.8631939,0.49334578,0.57271921,0.56390562,6.5989756,26.567154,0.4907976,61.337013,246.93983,0.5660988,4.9568852,19.956178,0.56151318,8.3902687,33.778813,-56.380128,3.4333835,54.738037,-1.6420904,1.7912931,66.628386,11.603442,23.747354,1713.1429,756.50431,26.532642
0.063083274,37.072476,0.62452452,2775.2963,2.2982186,14.169759,-0.63723432,0.24532352,466.07322,16958.515,109100.24,0.91715455,0.53157048,0.49586709,0.43307874,51.220675,30.203515,0.33531061,130.97672,77.233606,0.44804178,39.014322,23.005742,0.41634468,64.87178,38.253221,-91.962401,25.857459,79.756048,-12.206353,13.651105,31.528492,11.541866,26.525732,4387.2209,824.23971,11.360406
0.060298534,39.370887,0.62112839,2469.3438,1.4654281,28.100795,-0.32140001,0.23916707,445.97029,27225.627,223241.18,0.85139441,0.55509629,0.47667085,0.39252868,61.785179,22.693758,0.28319591,142.06769,52.181604,0.41419285,45.877287,16.850774,0.37735098,72.930092,26.787296,-96.190399,27.052805,80.282508,-15.907891,11.144913,64.446696,12.897605,18.900512,4500.1532,741.92132,26.098714
0.06913363,39.179815,0.61672486,1563.3745,2.3193824,30.891673,-0.42112061,0.3646451,411.53161,3735.4799,256214.57,0.97490902,0.54677251,0.51581167,0.50216868,12.133414,32.48154,0.42052375,84.744454,226.86363,0.50798722,6.9586924,18.628644,0.50288039,11.500454,30.787085,-77.785762,4.5417612,72.611041,-5.1747215,-0.63296026,53.142955,9.5031356,22.041405,2951.6055,898.58816,33.992467
0.060481476,37.312494,0.61818088,1907.006,2.1364003,39.013151,-1.1251831,0.54165509,438.81639,20196.128,478418.61,0.84065164,0.42497808,0.50367371,0.4419293,44.531692,22.049619,0.3355103,121.28388,60.053037,0.4627172,29.538914,14.626029,0.43638812,48.528135,24.028435,-91.744966,18.989221,76.752189,-14.992778,3.9964437,76.818406,10.435818,22.295085,1987.0365,728.71691,40.282205
0.06602233,44.253366,0.62409424,1848.857,2.1013982,12.496949,-0.90750539,0.16957432,509.55767,215.86077,324332.77,0.95610039,0.45241003,0.4170981,0.41631472,0.67776932,31.398448,0.41106778,5.2173298,241.69884,0.41662949,0.40543649,18.782314,0.41633571,0.65960463,30.556947,-4.8118933,0.25416814,4.5395604,-0.27233284,-0.018164694,24.385115,10.385682,21.824454,6347.0016,874.16941,13.189292
0.06248006,37.623519,0.616914,2844.8304,1.5276124,20.161747,-0.39938445,0.20850838,434.08796,16065.316,669092.7,0.88735372,0.49033245,0.40719799,0.36694431,31.338911,19.507186,0.27608464,102.07637,63.538356,0.37630992,24.047451,14.968552,0.35578773,40.024708,24.913739,-78.028923,15.977256,70.737464,-7.2914591,8.6857973,49.447499,13.334737,20.370309,5161.8474,786.62108,17.381528
0.0647715,36.07497,0.62228235,2252.1981,2.013519,31.2945,-0.50651244,0.24383622,522.3713,15363.71,213242.6,0.94104417,0.43969848,0.46770935,0.40941598,49.314955,32.098338,0.29460804,146.44004,95.315546,0.42581391,35.442656,23.069075,0.4006501,56.730703,36.925133,-110.99738,21.288046,97.125083,-13.872299,7.4157475,65.725666,11.250893,22.653887,4413.9811,854.76503,29.182898
0.061603325,38.64838,0.62201206,2830.7212,2.001977,28.968425,-1.4201894,0.26232438,435.3952,4045.9037,251079.24,0.86637826,0.47643019,0.48245138,0.46788918,10.960053,27.089257,0.38649307,72.221802,178.50598,0.47102322,8.6012558,21.259171,0.46327881,14.429986,35.665669,-63.620547,5.8287303,61.26175,-2.3587968,3.4699336,48.723972,12.16511,24.354271,4102.8915,760.45408,17.212565
0.063723659,38.186624,0.62595457,2116.8715,1.6705625,22.292296,-1.9421822,0.50238858,431.71714,1131.2535,229124.95,0.90402001,0.43219702,0.54414355,0.53945188,3.7500235,33.149275,0.50411624,31.993618,282.81563,0.54114629,2.395693,21.17733,0.53910536,4.0269929,35.597616,-29.597925,1.6312999,28.243595,-1.3543305,0.27696939,40.717646,11.72863,19.593409,2142.3426,807.59612,19.234822
0.060341184,43.764132,0.61334566,2500.8975,2.2784443,27.639461,-0.93117379,0.24606293,358.49683,162010.27,335748.71,0.9278936,0.47482156,0.47956175,0.24813619,191.92316,11.846358,0.24146605,197.45476,12.187793,0.30490929,144.84075,8.9402203,0.20574926,227.07499,14.016086,-52.614007,82.234237,5.5315985,-47.082409,35.151828,55.143029,11.180362,25.473832,4374.0374,837.92146,22.049296
0.061250436,40.59574,0.61835477,2224.8145,1.470164,11.275916,-0.082149912,0.29132701,507.7104,2133.3761,234961.73,0.88642683,0.48181377,0.48135561,0.47229623,7.0426318,33.011674,0.43099582,39.148968,183.50711,0.47560085,4.4736687,20.969901,0.47181447,7.417147,34.767179,-34.6753,2.9434783,32.106337,-2.5689631,0.37451524,24.829123,12.4436,18.294133,3694.4342,785.45931,11.160087
0.06229841,38.816318,0.62359781,1779.5833,1.488991,25.252055,-1.7399674,0.48294615,501.84142,483.48862,606956.98,0.95372776,0.59169383,0.45496655,0.45326471,1.4672453,30.34705,0.43422109,17.885679,369.92967,0.45396657,0.86213432,17.831533,0.45328399,1.4506198,30.003184,-17.023544,0.58848548,16.418433,-0.60511098,-0.016625503,53.256295,11.502144,17.126589,2228.589,871.10312,29.926273
0.062638552,36.802372,0.6301224,2778.5381,2.0328967,28.434924,-2.0674694,0.6077896,394.33946,1720.7513,231628.43,0.88040877,0.48300554,0.56886203,0.5621152,5.1945965,30.187956,0.52039752,37.314381,216.84935,0.56386596,3.8466331,22.354381,0.56007863,6.7626159,39.300368,-33.467747,2.9159828,32.119784,-1.3479634,1.5680194,38.481823,12.028285,24.452261,1770.8241,777.92853,13.849665
0.060277225,41.717578,0.61602793,2905.2314,2.1737094,28.056186,-1.3353617,0.40083234,515.51387,693.53001,149431.02,0.90888171,0.4176547,0.52436229,0.52094873,2.7492106,39.640831,0.48588699,30.987254,446.8048,0.52161105,2.2157902,31.94945,0.51970848,3.7480833,54.043563,-28.771464,1.532293,28.238043,-0.53342038,0.99887266,48.257633,11.938867,25.951628,2685.1338,813.74508,16.610599
0.067605156,41.336029,0.62039644,2806.2033,1.7121673,25.674063,-0.52045728,0.43149713,440.57431,3316.3155,235836.91,0.94484949,0.48343335,0.52794824,0.51460392,11.35362,34.235644,0.42473148,87.818957,264.80881,0.51741793,8.9594073,27.016149,0.51037826,14.948904,45.076845,-78.85955,5.9894968,76.465337,-2.3942125,3.5952843,59.803782,12.778926,21.879659,2494.312,859.65724,21.311279
0.055213444,41.002345,0.62709283,2150.3514,2.0916655,13.992081,-0.6003898,0.41285839,520.33055,24221.898,378370.11,0.93023146,0.50133969,0.47889606,0.39650091,68.574589,28.310989,0.31808245,133.83952,55.255588,0.42457068,45.213109,18.666212,0.38725248,76.27173,31.48875,-88.626415,31.058621,65.264935,-23.36148,7.6971409,28.477057,10.938954,22.880632,2606.9192,840.90866,13.242978
0.057826946,40.180423,0.6200921,2570.225,2.1403307,17.037962,0.80657547,0.26953075,383.25848,1070.4066,373364.06,0.93619549,0.51338785,0.47727094,0.47392946,2.8062475,26.216648,0.43634598,34.369641,321.08957,0.47463041,2.2175736,20.717113,0.4730056,3.5821244,33.46508,-32.152068,1.3645508,31.563394,-0.58867389,0.7758769,54.446594,11.52038,24.657422,3993.1936,848.54329,21.18359
0.064207393,42.801586,0.61718796,3345.1313,1.9497218,32.01111,-0.94133878,0.46614842,407.6987,33975.594,734099.01,0.95331094,0.51634679,0.46475314,0.38671417,67.239638,19.79057,0.29975739,142.163,41.842684,0.39957768,56.156232,16.528404,0.35225594,96.929406,28.529128,-86.00677,40.773173,74.923364,-11.083406,29.689768,64.803794,12.975284,25.298194,2308.8965,870.56476,19.372571
0.064335947,39.494756,0.61109244,2282.518,1.4731939,38.373576,-1.8152042,0.35033156,401.2881,1111.4282,139321.15,0.92331544,0.51350401,0.53429197,0.52994831,3.5771242,32.184932,0.4786916,45.788446,411.97844,0.5312931,2.4696547,22.220551,0.52935117,4.0688894,36.609557,-43.318792,1.5992347,42.211322,-1.1074695,0.49176524,66.554205,12.541654,18.476288,3072.1996,832.08073,29.158238
0.06787933,40.191246,0.62117519,1281.2013,2.3208281,24.838701,-0.83237047,0.6385244,553.51553,17431.647,218878.02,0.89833735,0.55989696,0.53774912,0.46078162,60.973537,34.978643,0.36173334,139.43943,79.992115,0.49693623,32.331905,18.54782,0.47032929,53.409885,30.639609,-107.10753,21.07798,78.465897,-28.641631,-7.5636515,45.374291,8.891223,20.635,1685.5871,800.42616,35.415427
0.059380716,39.068466,0.61792446,1770.12,1.8072184,35.329787,-1.666129,0.39506983,489.69216,8774.0069,409478.43,0.9690673,0.4566539,0.47762214,0.4458305,28.034646,31.95193,0.33316839,127.38284,145.18207,0.45767109,17.593326,20.051644,0.44559264,28.244393,32.190985,-109.78952,10.651067,99.348199,-10.44132,0.20974705,74.238261,10.763844,19.452617,2724.2993,890.98293,41.939678
0.063692089,37.640697,0.62079051,3548.0767,2.1926623,20.00625,-2.1059778,0.39691351,409.70309,2692.21,382609.15,0.96226716,0.49923951,0.50284122,0.49359238,8.0750305,29.994059,0.46363691,34.228741,127.13994,0.4957235,6.2143849,23.082839,0.49009972,11.124424,41.320788,-28.014356,4.9100389,26.153711,-1.8606457,3.0493933,20.385496,12.72459,27.900728,2711.6448,882.15384,5.745506
0.062228446,38.948495,0.62061724,1580.6615,1.5449587,21.985324,-1.0657928,0.62520307,420.4547,3310.1908,303882.64,0.89077719,0.47010666,0.5511591,0.53833017,10.042307,30.337546,0.46916866,64.181008,193.88915,0.54416609,5.4740324,16.536909,0.53952504,9.1069848,27.511963,-58.706975,3.6329524,54.138701,-4.5682742,-0.93532181,43.753853,10.921376,16.873075,1721.5022,790.91642,27.680723
0.064100462,35.926422,0.60273037,1553.1877,1.7216419,39.530777,-0.69377808,0.40991489,539.48436,3186.2986,372511.48,0.90739115,0.48041051,0.4749036,0.46157613,10.708801,33.608907,0.37539806,79.954016,250.9307,0.4675004,5.9485701,18.669217,0.4627136,9.7948259,30.740452,-74.005446,3.8462558,69.245215,-4.7602313,-0.91397548,72.204856,10.472823,18.03045,2625.6389,811.85841,46.48817
0.060002243,45.426437,0.61658412,2151.4024,2.3156721,29.132955,-0.22010781,0.36089841,436.42567,10269.688,297290.03,0.93497479,0.50705728,0.50248246,0.46628163,30.346173,29.549264,0.34689672,130.4233,126.99831,0.47654743,21.740634,21.169712,0.46024042,35.410357,34.48046,-108.68267,13.669723,100.07713,-8.605539,5.0641843,61.41844,10.575922,24.490368,2982.2477,846.97901,28.548094
0.055205288,35.72509,0.62043458,2769.6852,1.6862156,29.859868,-1.3886863,0.30070667,430.7733,51059.957,319256.81,0.91524359,0.51736045,0.48432331,0.35338697,106.49897,20.857631,0.28485508,162.24038,31.774485,0.38677328,79.343732,15.539326,0.32222109,131.8482,25.82223,-82.896649,52.504464,55.741406,-27.155243,25.349222,51.23895,12.788192,21.563649,3579.1972,821.81204,18.499919
0.060146581,41.051343,0.62536892,910.8944,2.2314117,25.87046,-0.53420198,0.37958869,476.25435,4630.9065,172314.54,0.98932232,0.52952011,0.52182717,0.50177788,18.204818,39.311564,0.42030923,92.178588,199.05085,0.51354449,7.5207001,16.240233,0.5085047,12.096848,26.121987,-84.657888,4.5761478,73.97377,-10.684118,-6.1079698,35.50499,8.040187,17.940967,2835.4071,917.43328,38.978163
0.054664204,36.390796,0.62627149,3308.1724,1.9641121,21.330335,-0.47047147,0.74562798,524.31784,13672.901,215064.62,0.91905186,0.50946466,0.55752134,0.4961309,50.226885,36.734624,0.38391169,142.03958,103.88402,0.50549577,42.564969,31.130899,0.46917186,72.283559,52.866295,-99.474613,29.71859,91.812697,-7.6619164,22.056674,55.188042,12.895672,25.328547,1443.4658,826.65211,16.682335
0.06364602,42.959038,0.61586602,2156.6833,1.7889082,10.159778,-0.31517572,0.29082895,528.12471,9946.9964,358986.55,0.93381606,0.47453798,0.45423687,0.41718182,31.007813,31.173042,0.34415851,92.114011,92.604849,0.43102495,19.423826,19.527328,0.415305,32.578341,32.751938,-72.690185,13.154515,61.106197,-11.583988,1.5705276,21.267848,11.535493,20.635938,3700.761,845.49493,9.8613684
0.062516458,40.339956,0.6217697,2075.7818,1.9178822,45.838538,-0.49336701,0.55701895,498.67585,9627.8268,138819.17,0.91233717,0.47852223,0.55784726,0.51303115,36.288236,37.690994,0.37383903,148.99407,154.75358,0.52626303,25.574198,26.562794,0.5074976,40.768831,42.34479,-123.41987,15.194633,112.70583,-10.714039,4.4805946,92.541755,11.128158,21.342497,1932.2295,818.12377,44.581638
0.056228297,42.313146,0.62041036,2342.7587,1.8721072,24.613325,-0.76964537,0.49517092,405.52559,100114.48,225189.4,0.99184793,0.53216194,0.54965022,0.33608052,194.62239,19.439984,0.30591842,222.1086,22.185462,0.39505725,140.87791,14.071682,0.30087935,226.70061,22.644139,-81.230683,85.822699,27.486206,-53.744477,32.078222,50.305996,11.679807,21.86585,2173.5696,920.74725,21.472974
0.066487926,42.21171,0.62138672,1510.3988,1.9075241,28.710043,-2.283016,0.72548445,426.4824,473.12328,293866.19,0.92079524,0.49101226,0.56364659,0.56170384,1.5937402,33.685516,0.52914498,28.303415,598.22496,0.56251818,0.92569185,19.565553,0.56186308,1.4631006,30.9243,-27.377723,0.53740878,26.709675,-0.66804833,-0.13063955,78.797507,10.027144,19.127018,1483.5445,828.87062,52.170002
0.066238048,39.488441,0.61467331,1869.3486,2.0574206,19.972372,-1.0241892,0.53434083,404.61658,8967.1909,238325.59,0.8307048,0.47232733,0.55413563,0.52102629,23.480732,26.185159,0.42681184,90.296435,100.69646,0.53390037,14.350592,16.003442,0.51985618,24.310558,27.110562,-75.945844,9.959967,66.815703,-9.1301405,0.8298265,39.232466,10.497658,21.598099,2014.2359,716.55295,20.987239
0.064372452,43.706808,0.62240882,1904.7966,1.6239536,11.876806,-0.02186637,0.47334813,423.99858,22110.42,418939.04,0.91656712,0.54020084,0.5075701,0.44044668,54.707495,24.742856,0.36559935,115.71019,52.332878,0.46818375,32.10099,14.518489,0.43984453,55.19826,24.964817,-83.609204,23.09727,61.002699,-22.606505,0.49076468,22.637551,11.430407,18.562451,2273.7778,823.49322,11.884498
0.059633061,40.117857,0.61787442,1657.5495,1.617851,16.540805,-0.92492954,0.56099358,460.18307,8353.4644,291033.02,0.92837794,0.48551569,0.53430463,0.50128848,27.400778,32.801693,0.4159172,98.252165,117.61846,0.51606292,15.139172,18.123226,0.50355,25.523899,30.554866,-83.112993,10.384727,70.851387,-12.261606,-1.876879,32.04542,10.926457,17.67738,1918.5397,838.54007,19.33301
0.063516238,37.324523,0.62323231,2480.3195,1.5144266,25.30561,-0.10787965,0.25386309,553.922,1655.0342,452137.14,0.95647558,0.50593357,0.42233092,0.41607496,5.4155557,32.721715,0.35993008,54.018156,326.38695,0.41774847,3.9668583,23.968437,0.41483295,6.4907151,39.218013,-50.051297,2.5238569,48.6026,-1.4486974,1.0751595,61.198712,12.775851,19.348089,4239.6414,874.65458,24.673722
0.064119305,39.022667,0.62017695,2436.2168,2.1496609,31.430638,-1.8545693,0.31183999,426.22191,1283.2597,334802.27,0.88841452,0.47545364,0.48602229,0.48147164,3.5488305,27.654812,0.43949743,36.2825,282.737,0.48271623,2.5782365,20.091307,0.48043679,4.3558589,33.943706,-33.704263,1.7776224,32.733669,-0.970594,0.80702843,51.253567,11.30018,24.291555,3451.4126,787.9513,21.03818
0.054923353,44.396382,0.61840734,1988.1874,1.5447126,26.680596,-0.1685878,0.37407282,338.39011,1840.0702,305869.5,0.93947419,0.46988847,0.52713509,0.52144248,4.8044687,26.110248,0.46499455,52.445597,285.01955,0.52346263,3.0994973,16.844452,0.52117663,5.028843,27.329626,-49.346099,1.9293456,47.641128,-1.7049714,0.22437425,52.927757,11.789804,18.211859,2877.2164,852.74899,26.621112
0.060047245,38.395402,0.62264594,2578.5647,1.9286862,4.7382108,-0.56135092,0.26983132,545.32054,19726.735,277555.05,0.97588734,0.45702595,0.45999025,0.38774621,64.341541,32.616417,0.33776695,108.85376,55.180832,0.41308695,41.772728,21.175693,0.38714224,64.879447,32.889096,-67.081035,23.106719,44.512223,-22.568812,0.53790648,10.48037,11.940125,23.028753,3988.7455,899.86367,4.0644202
0.057278476,37.708148,0.63614128,2267.1498,2.0384088,16.931797,-0.1833327,0.61894705,427.55592,241.52403,449010.7,0.90919593,0.51123671,0.52245583,0.52157784,0.70746094,29.291534,0.51405132,6.7721354,280.39179,0.52185738,0.48220907,19.965263,0.52143127,0.82556295,34.1814,-6.2899263,0.34335388,6.0646744,-0.22525187,0.11810201,37.383072,11.229653,22.890625,1738.9023,814.14297,16.489017
0.060490443,37.611989,0.62927172,1815.5459,1.5026906,11.143589,-0.86152174,0.42133333,415.72962,48298.617,163822.02,0.96106217,0.451665,0.54441415,0.40386059,122.49809,25.36265,0.35071144,168.81971,34.953323,0.4613783,72.369083,14.983676,0.40839896,118.54271,24.543708,-96.45063,46.173631,46.321622,-50.129008,-3.955377,21.630467,11.543812,17.346778,2554.4821,880.592,11.914029
0.056604144,38.164787,0.61902685,2685.773,2.3667965,25.886641,-1.2031794,0.28846434,412.06612,9188.4146,172549.82,0.93127044,0.52121209,0.508319,0.47578443,27.120165,29.515608,0.3686854,116.39575,126.67664,0.48297201,21.12874,22.994979,0.46587476,35.38066,38.505728,-95.267008,14.25192,89.275583,-5.9914245,8.2604952,47.651586,11.305059,26.756774,3731.0971,842.23722,17.742224
0.056489694,38.056997,0.62640181,2950.6347,1.9256312,27.183076,-0.33186048,0.24932665,547.62278,19225.12,246336.06,0.91602701,0.46888069,0.45904558,0.38755886,58.215162,30.280779,0.27268556,151.76215,78.939507,0.39923834,48.703981,25.333512,0.36402493,77.380001,40.249423,-103.05817,28.67602,93.546992,-9.5111804,19.164839,70.049614,12.495419,24.061569,4316.7807,822.80704,23.740524
0.062444673,43.553543,0.6302446,2839.3712,2.1377647,19.255549,-1.4541722,0.28398801,365.1165,24624.3,168919.12,0.91191602,0.499742,0.51542521,0.44389685,57.879725,23.505125,0.34526699,137.68959,55.916143,0.46099365,44.04524,17.8869,0.42365061,74.262693,30.158296,-93.644349,30.217453,79.809864,-13.834485,16.382969,31.942006,11.913996,25.469321,3789.9081,817.58973,11.249676
0.062745557,44.909433,0.62087332,2199.2065,1.5312592,21.669093,-1.0796185,0.43421719,510.65853,458.66937,375029.9,0.91787429,0.55488841,0.48568844,0.48377871,1.5596219,34.003183,0.46383244,17.849194,389.15164,0.48443137,1.0266128,22.382414,0.48355371,1.7433765,38.009438,-16.822581,0.71676373,16.289572,-0.53300909,0.18375464,42.131074,12.228574,18.725116,2478.6869,825.15461,19.157398
0.063289355,37.668759,0.62046499,2099.5281,1.8509417,19.620128,-0.92150292,0.55135837,524.59415,159362.88,341936.51,0.96273823,0.57728124,0.5065567,0.23646783,235.97411,14.807344,0.26612277,210.06487,13.181543,0.31920681,163.68584,10.271265,0.2056171,262.9281,16.498704,-46.37903,99.242263,-25.909241,-72.288271,26.953992,38.700655,11.303502,20.922123,1952.067,882.76463,18.433026
0.055660621,43.665662,0.62693732,2709.5168,2.3168822,26.955974,-0.98817757,0.25699032,477.99282,5031.1034,271968.24,0.90782719,0.44964072,0.46917869,0.45023476,15.232048,30.27576,0.349825,95.967451,190.74832,0.45383036,12.340973,24.529356,0.44416579,20.111857,39.975041,-83.626479,7.7708841,80.735403,-2.8910756,4.8798086,53.090879,11.419121,26.456758,4188.0506,812.41019,19.594224
0.061468991,43.501996,0.62045533,1596.9079,1.6434869,29.45149,-1.4736155,0.31370866,467.80587,29591.018,1060224.7,0.87116372,0.55663501,0.37704424,0.3169758,45.5633,15.397679,0.23958906,104.26294,35.234657,0.34111904,27.250093,9.2089068,0.31888582,44.114505,14.908073,-77.012845,16.864412,58.699638,-18.313207,-1.4487951,63.704363,10.735145,17.64307,3430.8535,766.40111,39.892322
0.064604775,38.42549,0.62298856,2498.6616,2.0903761,20.530214,-1.1118422,0.45800634,535.48381,4230.0893,226141.83,0.93289053,0.42188367,0.51466036,0.49479605,16.599236,39.240865,0.41356662,84.477094,199.70523,0.50045308,11.872045,28.065707,0.49055426,20.143805,47.620284,-72.605049,8.2717605,67.877858,-4.7271916,3.544569,39.20646,11.502645,24.044854,2349.9423,844.31008,15.690984
0.05572153,36.167832,0.62029108,2408.0407,2.1662121,28.391333,-0.53915441,0.58170741,475.09902,16561.896,375794.34,0.9587348,0.46709297,0.51690301,0.45808597,51.085952,30.845473,0.35266939,142.64625,86.129179,0.47377883,37.455807,22.615651,0.44440417,62.969367,38.020626,-105.19045,25.51356,91.560301,-13.630145,11.883415,61.219313,11.227705,24.32159,1850.2231,877.57771,25.422873
0.064242623,40.93692,0.61565839,2188.9141,2.1813323,32.735892,-0.27943679,0.4141502,357.3415,50848.955,195627.77,0.90258822,0.49730338,0.54894582,0.41870575,103.86711,20.426597,0.32669381,177.2471,34.857569,0.45489717,75.004272,14.750406,0.39742936,120.83515,23.763546,-102.24283,45.830874,73.379986,-28.862839,16.968034,69.498228,10.851064,23.669777,2598.7878,805.78782,31.750094
0.060322603,37.419546,0.61858428,2468.4267,1.492266,33.196828,-0.34235584,0.28963164,333.69356,2808.1149,185464.52,0.94748601,0.5279462,0.52049891,0.51182071,7.4127508,26.397605,0.42918098,78.001976,277.77345,0.51401646,5.5371814,19.7185,0.51010293,8.8800483,31.622809,-72.464795,3.3428669,70.589225,-1.8755694,1.4672975,75.749473,12.818229,19.128208,3716.0597,863.05162,30.687349
0.061813688,38.02442,0.60861792,1600.3857,2.2525598,15.489623,-1.1065455,0.37765782,384.92028,10531.515,169650.19,0.93444319,0.48361545,0.53904793,0.50229794,30.781755,29.228232,0.41295423,105.61594,100.28561,0.51838554,17.306794,16.433338,0.50460429,28.849957,27.393929,-88.309146,11.543163,74.834184,-13.474961,-1.9317984,31.05817,9.6713289,21.785246,2849.9038,846.29805,19.406678
0.055183366,42.097945,0.62232455,2629.1129,1.7878264,23.11767,-0.65417721,0.511839,509.19853,143.90542,562790,0.89480091,0.52697711,0.46418029,0.46364835,0.4190572,29.120321,0.4567373,5.8635266,407.45697,0.46378135,0.31427899,21.839274,0.46349418,0.54050886,37.560007,-5.5492476,0.22622987,5.4444694,-0.10477821,0.12145166,50.188739,12.325314,22.035523,2102.7871,795.97361,19.08961
0.060469795,40.452269,0.61754873,2388.5515,2.2796741,12.71346,-1.0663007,0.33312594,457.50272,31043.186,241217.48,0.89419108,0.59455411,0.5010271,0.40180524,78.09083,25.155546,0.32852519,135.76461,43.734111,0.43327301,53.324675,17.177578,0.38482102,91.457966,29.461527,-82.439938,38.133292,57.673783,-24.766156,13.367136,24.6211,11.008395,25.095552,3230.8755,795.20655,10.307963
0.056951989,43.839434,0.61946254,1950.5457,1.7757417,6.1585102,-1.3532659,0.24245031,476.71532,102902.89,158547.27,0.88412381,0.48660929,0.4842489,0.26046291,173.32913,16.843952,0.27091424,165.23425,16.0573,0.34481674,107.99449,10.494797,0.26203291,172.11312,16.725781,-57.239759,64.118624,-8.0948779,-65.334637,-1.2160126,12.108339,11.183099,19.858294,4439.2126,782.57489,6.2076674
0.05838702,40.862255,0.62346084,2126.0254,2.0426001,15.25473,0.15526237,0.24951721,390.48094,3888.1527,587391.4,0.86428402,0.46560876,0.4407443,0.43013908,7.9546083,20.45858,0.37621779,48.399117,124.47844,0.43376605,5.2341436,13.461775,0.42914152,8.7028429,22.382976,-43.164973,3.4686993,40.444508,-2.7204647,0.7482346,32.83867,10.984115,22.436155,4313.484,757.85578,15.446039
0.060770947,38.926712,0.62013228,2152.6267,2.3640254,26.517343,-0.34923533,0.59928979,540.2338,2972.6515,162692.91,0.96090089,0.54894219,0.54951281,0.53391244,13.593117,45.727246,0.44308746,92.731968,311.95035,0.53863375,9.4792819,31.888305,0.53122808,15.93209,53.595551,-83.252686,6.4528077,79.138851,-4.1138348,2.3389729,55.263464,10.505311,24.834821,1795.9399,880.38303,25.672572
0.058950842,43.176875,0.61788646,2287.9141,1.9774169,21.405492,-1.3121189,0.35623291,385.18043,11753.44,238536.1,0.94447396,0.47807048,0.52223469,0.48355231,32.893272,27.986082,0.37875938,122.00316,103.80209,0.49546029,22.767418,19.370855,0.47746575,38.068933,32.389611,-99.235746,15.301516,89.109892,-10.125855,5.175661,40.031735,11.37847,22.499979,3021.3055,859.17409,17.497045
0.05870253,40.246071,0.62142794,3787.6308,1.9683947,22.782732,0.03291547,0.5603784,512.63968,5270.7249,217711.9,0.89459872,0.46545415,0.5373163,0.5127673,19.333314,36.680559,0.38429544,120.51004,228.64036,0.51278312,19.320859,36.656928,0.4974377,31.405994,59.58572,-101.18918,12.085135,101.17673,-0.012454797,12.07268,88.181215,13.480992,26.535914,1920.6459,795.71927,23.281365
0.055265514,44.365894,0.62067642,2440.6074,1.6214573,30.679729,-1.2549368,0.43901142,427.17841,9694.4478,283907.42,0.94369666,0.49955413,0.52358926,0.48852137,29.785023,30.723795,0.37215904,128.61771,132.67152,0.49807653,21.669318,22.352297,0.48141454,35.821227,36.95025,-106.9484,14.151909,98.83269,-8.1157054,6.0362036,56.936863,12.421313,20.140629,2451.6184,858.17427,23.328972
0.055386995,39.359702,0.61451096,2869.8597,2.0276499,39.17182,-0.72563435,0.47782133,408.54665,1366.9344,556279.99,0.94979275,0.52354009,0.49145907,0.48710964,3.7279961,27.272678,0.43030743,52.414461,383.44533,0.48783179,3.1090242,22.744502,0.48535532,5.2316684,38.273003,-49.305437,2.1226442,48.686465,-0.61897193,1.5036723,85.308765,12.169123,24.67472,2252.4915,866.02463,29.725762
0.061297573,39.039345,0.61841701,2771.8148,1.6229499,2.2329163,-0.49724794,0.39620804,482.46431,73661.576,390746.61,0.96172935,0.57633421,0.48273197,0.30933631,151.26969,20.535766,0.3171337,144.46728,19.612298,0.37399467,94.861993,12.878084,0.31783965,143.85141,19.52869,-49.605287,48.989417,-6.8024061,-56.407693,-7.4182767,5.2122027,12.955566,21.026236,2716.473,881.45667,1.8804296
0.060895448,39.393799,0.60959971,2225.4837,2.1784741,21.435159,-0.75140767,0.53194612,429.45523,277.94081,341459.51,0.91724746,0.46289829,0.52876753,0.52769106,0.87827902,31.599498,0.51681053,9.7555285,350.99302,0.52803832,0.59494987,21.405632,0.52751349,1.0231552,36.811981,-9.1605786,0.42820531,8.8772495,-0.28332914,0.14487617,43.394678,10.915929,23.780069,2023.3035,824.3578,19.498987
0.058076198,38.293865,0.62423455,3194.999,2.2484182,26.554904,-0.004027793,0.29592426,493.11749,1010.8434,201311.15,0.89368576,0.44245405,0.4915104,0.48715721,3.423369,33.866462,0.42586738,51.621908,510.68155,0.48743867,3.2020217,31.676734,0.4850339,5.0931413,50.385068,-48.419886,1.8911196,48.198539,-0.22134726,1.6697723,84.676427,12.185254,27.397547,3637.0403,794.5711,26.502802
0.061726139,38.334747,0.61683119,2980.5243,1.9909432,30.803386,0.054071719,0.20788519,557.64948,2795.0257,552961.38,0.91829836,0.52038555,0.39355416,0.38404636,7.7698398,27.798813,0.29813988,77.973166,278.97119,0.38521911,6.8114641,24.369951,0.3801847,10.925615,39.089498,-71.161701,4.1141511,70.203326,-0.95837569,3.1557754,93.909545,12.398847,24.6854,5177.3215,825.6938,31.507727
0.063570795,38.071793,0.62261965,1954.0936,2.0206174,15.429709,-0.018906534,0.64202295,337.73255,5892.7673,573612.41,0.93703785,0.5158183,0.53714902,0.5209713,13.603684,23.085391,0.4640339,61.481768,104.33429,0.52740737,8.1916596,13.90121,0.52010719,14.330304,24.318462,-53.290108,6.1386442,47.878084,-5.4120243,0.72661992,30.153408,10.718248,21.657478,1676.4019,849.62324,15.430892
0.059649598,40.851175,0.61169837,2289.312,1.7637484,17.512703,-1.0075953,0.49034683,435.60754,17119.548,257869.6,0.92586253,0.43978617,0.53584284,0.47477705,50.485673,29.490073,0.37977858,129.02493,75.36702,0.49521072,33.592293,19.622184,0.4668599,57.031117,33.313447,-95.432641,23.438824,78.539261,-16.893381,6.5454437,34.320364,11.822958,20.852724,2194.9535,835.32878,14.991562
0.059771679,43.050018,0.63406517,2343.727,2.1160704,25.737912,-1.3230465,0.5501526,468.5169,303148.76,295515.4,0.84657814,0.47879282,0.52968878,0.20196511,238.72293,7.8747785,0.2472245,205.75475,6.7872535,0.2811613,181.03425,5.9717958,0.15971491,269.49914,8.8899964,-24.7205,88.464892,-32.968186,-57.688686,30.776206,47.680616,11.214046,23.729711,1956.3453,735.99284,20.343929
0.060170794,37.850699,0.62110426,2389.8162,2.2455937,26.255755,-0.23018604,0.25652034,503.48965,945.60281,326574.83,0.9252711,0.49041078,0.45475803,0.45106742,3.0484238,32.237888,0.41036038,36.672262,387.81888,0.45198898,2.2872182,24.187938,0.45023832,3.7332572,39.480183,-34.385044,1.446039,33.623838,-0.76120557,0.68483341,59.961429,11.065757,24.849195,4195.7237,834.57426,25.090394
0.061226754,36.712307,0.62058534,3533.3402,1.7135824,29.211338,-0.18943758,0.30413364,485.73721,14815.892,479247.27,0.9293943,0.47504882,0.44691839,0.40000661,38.993344,26.318593,0.2833531,135.95642,91.76391,0.40369923,35.924019,24.246949,0.37691744,58.185194,39.27215,-100.0324,22.261175,96.963076,-3.0693251,19.19185,92.329352,13.79527,23.639331,3538.8668,839.83862,26.130898
0.05576775,40.878105,0.61350962,2592.0969,1.7060463,22.127954,-0.85552484,0.36880323,335.12689,2301.1079,278389.24,0.90830177,0.5556176,0.5305336,0.52340399,5.7368678,24.930894,0.46821038,50.148616,217.93249,0.52528967,4.2195511,18.337042,0.52167337,7.129417,30.982541,-45.929065,2.9098659,44.411748,-1.5173167,1.3925492,45.198308,12.460157,21.257605,2918.3271,813.01088,17.436967
0.058500301,37.576433,0.61439467,2499.7691,2.0937243,6.0354571,-1.1032484,0.36736107,419.18227,66997.752,634459.96,0.88490447,0.45347785,0.45667033,0.32183856,104.56177,15.606758,0.30533574,117.35968,17.516958,0.37134862,66.166822,9.8759764,0.31704585,108.27852,16.161515,-51.192861,42.111693,12.797911,-38.39495,3.7167427,11.54933,11.498208,24.074078,2929.7837,783.55229,4.6201586
0.05916902,37.861178,0.62268458,1223.2247,1.5411741,7.8284549,-0.87070789,0.2732633,541.31046,3472.9385,497694.7,0.89229592,0.52709855,0.42288809,0.41040604,9.7943459,28.201899,0.38186438,32.190261,92.688833,0.41750492,4.2240331,12.162706,0.41399193,6.9805864,20.099943,-27.966228,2.7565533,22.395916,-5.5703128,-2.8137595,14.449496,10.035097,15.465831,3938.6499,792.82411,11.812626
0.065161013,39.820824,0.61581251,2874.6779,1.6601508,26.338107,-1.480705,0.27679969,456.51676,414.40469,166371.84,0.96370251,0.43514579,0.49813986,0.49643479,1.4918162,35.999019,0.47950488,16.304273,393.43842,0.49683786,1.1391581,27.489024,0.4959485,1.917289,46.266102,-15.165114,0.7781309,14.812456,-0.35265816,0.42547274,43.008273,13.015192,21.607182,3888.3298,884.01531,14.961075
0.058878322,39.012693,0.62428517,2014.3857,2.2217467,33.963404,-0.89606002,0.47946283,536.47427,925.28055,151121.41,0.98191144,0.46922169,0.53549181,0.53066169,4.3393733,46.897919,0.47539917,53.987151,583.46791,0.5321954,2.9614852,32.006349,0.53013302,4.814328,52.031008,-51.025666,1.8528428,49.647778,-1.377888,0.47495473,66.820133,10.490255,23.306691,2244.7798,907.72938,33.17147
0.06415093,40.870928,0.62102417,3186.5602,1.6371068,24.100408,-2.0584468,0.45915525,373.79627,3810.0334,231478.45,0.95412517,0.40839308,0.54913563,0.53557137,11.701298,30.711799,0.47996479,59.670709,156.61466,0.53895819,8.7796363,23.043463,0.53141531,15.286556,40.121842,-50.891073,6.5069195,47.969411,-2.9216618,3.5852577,28.301381,13.532719,22.154508,2344.0622,871.6165,8.881483
0.066439672,36.903408,0.62063969,1078.8009,1.7158572,18.995663,-1.5633772,0.55770624,345.48612,815.03843,385354.5,0.91961605,0.48991836,0.54944693,0.54684395,2.1314911,26.152032,0.52045702,23.738838,291.26035,0.54826037,0.97163845,11.921382,0.54757876,1.5297861,18.769497,-22.767199,0.55814769,21.607347,-1.1598526,-0.60170496,52.204557,9.285175,15.932035,1929.8484,827.36988,48.39128
0.056296018,38.492454,0.61837188,1574.4751,2.2519682,33.415521,0.65823439,0.24716504,418.75132,4670.0736,624790.48,0.92827745,0.58877532,0.42763414,0.41467502,10.753396,23.026181,0.34683382,67.047588,143.56859,0.42032116,6.0682677,12.993945,0.41537698,10.17092,21.778929,-60.97932,4.1026526,56.294192,-4.6851282,-0.58247558,45.517188,9.6196933,21.663243,4354.5337,838.41171,28.909436
0.047513858,40.181138,0.61719865,2752.7128,2.3110662,31.767607,-0.044407098,0.2659644,417.36003,13611.081,342741.8,0.90866104,0.53866826,0.4728082,0.43081523,33.808703,24.839102,0.30185044,137.63877,101.12258,0.43698922,28.838,21.187148,0.41623372,45.548332,33.464154,-108.80077,16.710332,103.83007,-4.9707033,11.739629,86.142049,11.489105,26.552083,4046.7388,813.46569,31.293511
0.058520619,40.814703,0.62419283,1965.3196,1.7030978,40.435516,0.6768906,0.39039345,409.01398,2380.5894,265067.79,0.83760707,0.55229137,0.52074524,0.51195223,6.3092943,26.503077,0.42496675,68.72443,288.68662,0.51487533,4.2118655,17.692533,0.51139894,6.7062966,28.170741,-64.512565,2.4944311,62.415136,-2.0974288,0.39700228,79.558641,11.36845,19.361581,2756.9327,724.98734,40.481273
0.061180602,44.071698,0.62620903,3625.7534,1.555886,19.239305,-0.10307612,0.54305998,554.2043,12444.669,319975.87,0.87609014,0.43881196,0.50275937,0.45049035,39.964704,32.113915,0.32988647,132.17801,106.21256,0.45506007,36.470716,29.306297,0.42452333,59.819001,48.067973,-95.707294,23.348285,92.213306,-3.493988,19.854297,65.478421,14.369562,22.3574,1981.8961,772.53747,18.059259
0.053823279,43.965623,0.62133013,2888.0357,2.0195027,23.713527,-2.521236,0.26048306,456.02564,8259.8856,446539.78,0.91944127,0.56269785,0.44695226,0.4206125,21.562923,26.105595,0.34881553,80.33916,97.264254,0.4276682,15.786802,19.112615,0.41278724,27.969028,33.861278,-64.552359,12.182226,58.776238,-5.7761209,6.4061053,25.840196,12.211136,24.660423,4131.8943,827.14751,8.9473255
0.061552995,43.101328,0.62531806,3168.4059,2.0996666,16.780472,-1.463508,0.47030513,532.02649,932.08746,263157.42,0.8979046,0.49259194,0.50933759,0.50494893,3.4743225,37.274641,0.47962857,23.519411,252.33052,0.50589773,2.7231992,29.216133,0.50328284,4.7933005,51.425437,-20.796212,2.0701014,20.045088,-0.75112339,1.318978,26.365761,12.431786,26.102606,2288.4898,799.88092,8.3214593
0.061730638,38.680395,0.61879695,3214.7847,2.1154811,12.809185,-0.422195,0.42884203,481.15472,41536.972,239687.98,0.87487141,0.5259949,0.51783142,0.3863966,100.29695,24.146427,0.3182956,152.26433,36.657541,0.4144508,78.889001,18.992477,0.34338705,133.11723,32.047888,-73.375325,54.228225,51.967377,-21.407948,32.820277,33.429976,12.460944,26.360892,2509.7551,771.01808,10.398823
0.061173478,37.571785,0.61177037,1881.3042,1.7566303,14.40687,-1.4644005,0.25283751,332.03474,865.80311,643946.63,0.93156895,0.44439318,0.45193679,0.44983214,1.7551835,20.272317,0.4368596,12.573738,145.2263,0.45071168,1.0216881,11.800468,0.44988748,1.7090339,19.73929,-11.55205,0.68734576,10.818554,-0.73349536,-0.046149605,28.823839,11.089099,19.479447,4256.8386,842.61905,15.321201
0.059286873,36.3624,0.62864503,2385.3329,1.8015691,9.1273265,-2.1264077,0.30557665,515.12444,4332.752,641577.86,0.90364358,0.45003433,0.41484727,0.4009759,11.080781,25.574464,0.37310592,33.343998,76.958013,0.40645549,6.7035567,15.471822,0.40085886,11.174274,25.790246,-26.640442,4.4707173,22.263218,-4.3772241,0.093493249,14.370938,11.901528,21.441426,3522.1554,807.12059,6.0247094
0.056241435,40.196361,0.62475586,1910.1549,2.161621,7.9023161,-0.26407265,0.33686052,555.55505,44810.603,383497.92,0.92485726,0.54505455,0.454808,0.32298987,108.81233,24.28272,0.28858831,137.20989,30.619961,0.37539201,65.555768,14.629522,0.32167619,109.89674,24.524717,-71.654124,44.340967,28.397561,-43.256563,1.0844047,15.201853,10.400791,22.482569,3195.0567,834.04642,7.9584397
0.059816297,38.11283,0.62124568,1218.3086,1.6550278,18.818948,-0.32920599,0.29628743,384.07974,11324.816,386819.41,0.94646282,0.43306329,0.48357275,0.45026381,28.4084,25.085088,0.37538646,92.269497,81.475494,0.46831999,13.00872,11.486915,0.45842166,21.450766,18.941382,-79.260778,8.4420468,63.861097,-15.39968,-6.9576336,26.82143,9.7863494,16.19668,3632.5823,861.73385,22.015299
0.06321553,37.883666,0.62843883,2056.7821,1.5140006,38.599272,-0.89090667,0.41048936,529.67843,2649.7243,149173.66,0.91448105,0.47208409,0.52418597,0.51106121,10.662638,40.240558,0.41123356,91.763255,346.31247,0.51536697,7.1646066,27.039065,0.51010437,11.439977,43.174217,-84.598649,4.2753704,81.100617,-3.4980318,0.7773386,76.123892,12.003948,18.173985,2621.9644,820.8439,37.01116
0.057702212,41.068609,0.62266889,2256.8493,2.0500926,15.616745,-0.69086133,0.26675985,552.92882,123.8534,187677.71,0.89146934,0.51484836,0.47568374,0.47509951,0.45782908,36.965404,0.47017398,4.3176992,348.61371,0.47528579,0.31184963,25.178932,0.4750234,0.51747101,41.78093,-4.0058496,0.20562138,3.8598701,-0.14597945,0.059641927,31.99574,11.191279,22.943159,4034.6719,791.78566,14.177171
0.066883339,35.234132,0.62717242,1990.7901,2.1686863,19.661987,0.51238188,0.34655156,505.67353,34751.163,331801.45,0.88446502,0.46899021,0.47755735,0.36878641,84.292425,24.256001,0.29698566,139.93466,40.267619,0.40671458,54.899853,15.79799,0.36003204,91.076654,26.208232,-85.034809,36.176801,55.642237,-29.392572,6.7842285,39.435745,10.533668,22.844221,3105.7095,783.00204,19.809093
0.059825065,38.459103,0.62317875,3570.8004,1.8271368,17.079975,-1.6913146,0.25846707,406.95834,31216.539,176249.22,0.86908528,0.48097974,0.49819015,0.40609411,69.621396,22.302728,0.33554295,122.95561,39.387971,0.42789695,53.139203,17.022772,0.37777364,91.030685,29.161044,-69.81641,37.891482,53.334216,-16.482194,21.409288,22.151998,13.550902,24.759352,4164.1221,763.8165,6.2036506
0.061994298,40.087359,0.62545992,1960.0304,1.5253962,22.062611,-1.3654245,0.41860529,402.79541,6112.3422,311798.18,0.94565145,0.52846901,0.52057675,0.49931472,18.111895,29.631678,0.41062781,93.659148,153.22956,0.50735835,11.259992,18.421731,0.4985769,18.740399,30.659931,-82.399156,7.4804069,75.547253,-6.8519031,0.62850387,43.303898,11.783205,17.974055,2571.1296,860.6893,22.093483
0.060332543,39.666329,0.61596952,2415.5738,1.6152995,19.171578,-0.28868927,0.32730128,460.95052,1812.8678,500234.81,0.89544394,0.59823295,0.45548573,0.44934755,4.8405194,26.700895,0.4037317,40.812836,225.12858,0.45120303,3.3773029,18.629615,0.44820442,5.741983,31.673478,-37.435533,2.36468,35.972317,-1.4632164,0.90146361,43.611984,12.394408,20.020681,3288.3723,796.78268,18.054503
0.058809332,38.589296,0.63220763,2595.4414,1.7510786,17.668265,-0.30370445,0.34847066,381.35894,4521.5051,528527.19,0.92039354,0.46850782,0.47836622,0.46522146,10.776658,23.834227,0.39623548,67.334433,148.92039,0.46864587,7.9691779,17.625055,0.4621558,13.290024,29.39292,-59.365255,5.320846,56.557775,-2.8074803,2.5133657,42.121509,12.357726,21.63935,3088.6057,828.3593,16.229035
0.061269391,37.159838,0.61414623,3219.4102,2.3361126,35.837217,-0.99597047,0.31309318,388.92151,588.33681,516424.9,0.95802449,0.56388358,0.4689736,0.46720843,1.5315427,26.031733,0.44225881,23.179005,393.97509,0.46741007,1.3565946,23.058129,0.4662919,2.3267714,39.548289,-21.82241,0.97017682,21.647462,-0.17494809,0.79522873,70.454455,12.061395,28.176778,3437.5979,876.65836,21.884274
0.058242661,37.201055,0.62097527,1945.0194,1.5841956,16.199383,-1.3909594,0.56740017,447.5687,25705.395,359117.8,0.97244259,0.57496983,0.52554959,0.44280773,73.323453,28.524539,0.36408132,143.08853,55.664785,0.47524653,44.577124,17.341544,0.43936833,76.371352,29.710243,-98.511403,31.794228,69.765074,-28.746329,3.0478986,31.892259,11.6058,18.385857,1896.8772,895.37485,16.396884
0.06189542,39.311563,0.62355155,2331.1944,1.8545983,27.857489,-0.48170054,0.44010467,396.33429,4428.5187,508681.53,0.9508246,0.44638667,0.49559047,0.48182444,11.817308,26.684561,0.39858065,83.277092,188.04728,0.48577648,8.4247184,19.023784,0.47921994,14.053115,31.733219,-74.852373,5.6283968,71.459784,-3.3925894,2.2358074,59.766125,11.697137,21.693491,2445.5284,867.35548,25.637555
0.063173153,37.397152,0.62397169,1973.1622,2.2726738,26.177462,-1.6360908,0.18729001,404.45496,810.49996,285629.64,0.89190781,0.40025901,0.45574697,0.45314755,2.0384464,25.150481,0.42597911,23.343722,288.01633,0.45402229,1.3524826,16.687016,0.45298576,2.1653259,26.715928,-21.99124,0.8128433,21.305276,-0.68596385,0.12687946,51.176827,10.339795,23.498981,5746.6412,792.33648,25.936453
0.066295258,35.355934,0.61929004,2409.3083,1.9694315,23.138804,-0.57772823,0.29438502,370.26103,5639.1167,475207.87,0.93486856,0.54524089,0.47430863,0.45831591,13.40411,23.769875,0.38065583,78.493985,139.19553,0.46292774,9.5387537,16.915333,0.45506537,16.12851,28.601129,-68.955231,6.5897565,65.089875,-3.8653564,2.7244001,49.511799,11.59188,22.829413,3656.0572,846.84293,20.550213
0.06478908,37.439113,0.6256837,2472.0194,2.2083598,18.674739,0.71294844,0.26017043,414.90289,14378.105,194897.84,0.98512656,0.48085319,0.49431598,0.44664545,43.025597,29.924386,0.32923991,148.99134,103.62377,0.45775834,32.995531,22.948455,0.4357956,52.81826,36.735202,-115.99581,19.822729,105.96575,-10.030066,9.7926626,54.431052,11.253753,24.852336,4136.8592,911.93559,22.018862
0.057664383,39.398084,0.6251791,2530.9037,2.3600192,26.077838,-1.7426279,0.48848796,442.2851,9394.236,485207.12,0.87863961,0.47911034,0.49383583,0.46289145,23.757392,25.289328,0.37404981,91.96512,97.895263,0.47122509,17.359287,18.478658,0.45447429,30.219628,32.168265,-74.605833,12.860341,68.207728,-6.3981048,6.4622357,42.351444,11.094049,26.182168,2203.306,775.71871,16.733724
0.067235025,39.231228,0.62071086,1849.2424,1.7322261,23.300218,-0.58231434,0.38839378,529.18425,14276.161,273433.12,0.92433726,0.47202724,0.49299894,0.43601783,46.998975,32.921299,0.33469498,130.57177,91.461407,0.45811506,28.772812,20.154447,0.43519607,47.676778,33.396079,-101.79896,18.903966,83.572798,-18.226163,0.67780312,44.599224,11.07728,19.188354,2771.127,833.38331,24.117565
0.062716103,40.73831,0.61949361,2510.1464,1.9411584,17.148675,-1.2833642,0.58044192,522.15424,1140.7603,365479.82,0.91690265,0.46004765,0.5061941,0.50119419,4.0771832,35.740927,0.47080413,28.858769,252.97837,0.50274593,2.8118108,24.648568,0.50015684,4.9230923,43.156237,-26.046958,2.1112815,24.781586,-1.2653724,0.84590913,31.377661,11.808174,22.921535,1854.2569,823.91958,12.500331
0.057793266,39.925361,0.61684756,1947.6523,1.9182955,22.511201,-0.127512,0.38383088,331.37826,1163.7755,221789.89,0.9191244,0.55052391,0.54352931,0.53979133,3.0585918,26.281631,0.50615315,30.5829,262.79038,0.54116927,1.9310971,16.593382,0.53960283,3.2128286,27.606945,-28.651803,1.2817315,27.524308,-1.1274947,0.15423678,43.885154,10.893531,20.897011,2804.0695,826.74439,22.532335
0.065496508,39.996268,0.61741201,1843.0191,1.7987961,28.476623,-2.4257889,0.30802564,506.49647,16689.18,126357.18,0.93142514,0.51606147,0.50802725,0.44008612,56.647656,33.942744,0.31981732,156.92485,94.027896,0.4643183,36.443455,21.836576,0.43850676,57.964489,34.731777,-120.48139,21.521034,100.27719,-20.204201,1.3168329,61.08657,10.926624,19.654769,3494.1522,842.43509,33.144838
0.064634393,38.316895,0.61491184,2345.3808,1.5325685,11.324147,0.28300413,0.6342993,491.18352,3277.5376,305102.94,0.96812829,0.47172293,0.53305722,0.51879861,12.556365,38.310361,0.46408243,60.740315,185.32302,0.52376393,8.1838162,24.969405,0.51717681,13.984544,42.667837,-52.556498,5.8007275,48.18395,-4.3725483,1.4281792,27.935298,12.490156,19.14202,1696.8148,889.76222,11.910773
0.058555206,37.877712,0.634651,2029.7133,2.2046777,13.776007,-0.075348456,0.37981967,418.8699,2738.4951,131509.14,0.87070359,0.50113928,0.54029555,0.52912087,8.4699221,30.929111,0.47871562,46.674919,170.44003,0.53316621,5.4037305,19.732482,0.52845847,8.971994,32.762497,-41.271188,3.5682635,38.204997,-3.0661916,0.5020719,27.889992,10.543867,23.245828,2833.6828,765.82871,13.740853
0.053764792,42.347874,0.62584706,1715.4196,2.1794355,8.6855563,-1.0000204,0.63695466,448.33415,2281.2895,144182.66,0.89878999,0.43084853,0.57800463,0.5673849,8.4189336,36.904276,0.53266758,35.941541,157.54924,0.57212904,4.6579566,20.418087,0.56829413,7.6981263,33.744627,-31.283585,3.0401697,27.522608,-3.760977,-0.72080737,17.041444,10.00719,21.810026,1689.7411,800.99658,9.9342714
0.056852742,39.006575,0.63168476,2748.6276,1.549395,24.262016,-1.4083083,0.51461751,389.50184,1935.1315,117648.71,0.88711507,0.5063504,0.57639634,0.56846597,6.17172,31.893026,0.51410945,48.474101,250.49513,0.57048863,4.5976086,23.758637,0.56638051,7.7947096,40.28,-43.876492,3.197101,42.302381,-1.5741114,1.6229897,41.481524,13.120628,20.329036,2091.4338,786.3219,15.091723
0.065764209,37.783185,0.61302135,1803.7251,2.2099991,22.222033,-1.3487277,0.37568803,488.98054,1298.8077,254787.97,0.93804047,0.46687017,0.50244898,0.49688364,4.6869215,36.086338,0.4539733,40.824402,314.32214,0.49906585,2.8491435,21.936607,0.49680325,4.7546214,36.607585,-37.975259,1.9054779,36.137481,-1.837778,0.0676999,44.898609,10.128912,22.384886,2864.8463,850.90916,24.892158
0.053466228,34.844481,0.61925795,2574.4872,1.6440192,18.195091,-0.35731091,0.45896945,405.18477,555.86848,835334.58,0.9481696,0.55764233,0.45132934,0.44983433,1.2783043,22.996525,0.43716154,12.114197,217.9328,0.45026768,0.90777009,16.330663,0.44947251,1.5876797,28.562146,-11.206427,0.67990958,10.835893,-0.37053424,0.30937534,42.509724,12.586297,20.692115,2345.0111,863.93234,16.511919
0.065633045,39.62559,0.62664416,2501.928,1.5665243,13.238288,-0.72693145,0.5059595,353.95422,1082.4289,555283.09,0.8793089,0.51087087,0.51412316,0.51096931,2.4239636,22.393744,0.49264208,16.509764,152.52515,0.51200263,1.6297836,15.056726,0.51043336,2.8358815,26.199239,-14.87998,1.2060979,14.0858,-0.79418008,0.41191784,27.756614,12.669202,19.846613,2127.2226,776.55449,11.09409
0.062198451,35.689644,0.61500078,3078.4304,1.9305777,10.323103,0.13055274,0.24842116,331.08031,1269.4977,274773.79,0.92263573,0.51167524,0.49409775,0.49044918,3.0015729,23.643784,0.46560274,23.442,184.65571,0.49111262,2.4557829,19.344524,0.48919377,4.0343648,31.77922,-20.986218,1.5785818,20.440428,-0.54578997,1.0327919,33.703777,12.66244,24.445823,4332.5153,831.2146,10.948364
0.066663402,37.757858,0.62284791,2637.7436,1.6009296,17.58635,0.41157647,0.31705452,340.86425,1247.4857,114038.72,0.8901938,0.49833014,0.53892435,0.53472359,3.2852519,26.334987,0.49301047,35.907485,287.83886,0.53571301,2.5114632,20.132201,0.53372445,4.0666404,32.598695,-33.396022,1.5551773,32.622233,-0.77378875,0.78138853,52.39697,12.801381,20.49411,3394.6479,790.18396,19.864315
0.057938374,38.255819,0.61917088,2072.597,1.9361497,18.947724,-0.38424691,0.32663861,548.24297,5304.9318,353411.74,0.88901591,0.48173452,0.45979329,0.43822436,16.836672,31.737773,0.35748883,79.858708,150.53673,0.44585735,10.878371,20.506146,0.43648445,18.194843,34.297976,-68.980337,7.3164719,63.022036,-5.9583013,1.3581706,38.452452,11.087374,21.466815,3295.0436,788.70572,18.552787
0.059540184,38.82931,0.61595035,3656.4454,2.3298092,22.331973,-0.27505362,0.47534148,452.39488,11195.505,258370.74,0.90202527,0.55276435,0.52921627,0.48636746,34.142001,30.496167,0.36362211,131.94571,117.85596,0.48869316,32.288881,28.840932,0.46107457,54.295425,48.49752,-99.656825,22.006544,97.803705,-1.8531191,20.153425,68.805796,12.595525,29.34517,2264.2427,805.07717,18.817674
0.057002893,41.905086,0.62415123,1426.5013,1.879235,8.2215469,-1.3069723,0.37016128,466.90873,7721.7944,235689.31,0.86390573,0.49688971,0.50914378,0.47863284,22.871041,29.618817,0.41302065,72.054037,93.312556,0.4937156,11.564986,14.977071,0.48392402,18.904769,24.482353,-60.489051,7.3397832,49.182995,-11.306055,-3.9662722,17.789221,9.8870576,18.580105,2907.6204,757.38672,12.470526
0.062779708,39.532127,0.6191314,2818.2957,1.5682777,28.557049,-0.87554108,0.45811389,430.02371,3054.9838,895100.08,0.9215964,0.52187404,0.43460919,0.42657024,6.6028696,21.613436,0.36818505,54.558139,178.58733,0.42848009,5.0341946,16.47863,0.42387518,8.8164886,28.859363,-49.523944,3.7822939,47.955269,-1.568675,2.213619,58.61323,13.177243,20.665578,2349.3906,829.89071,20.797402
0.05787683,43.190215,0.61877584,2516.2719,1.6542221,19.29126,-2.2377495,0.74228757,393.66525,1784.6425,204469.15,0.91862157,0.45948669,0.5912805,0.58401413,5.9410766,33.29001,0.54564831,37.309475,209.05853,0.58641035,3.9818967,22.312013,0.58274004,6.9827875,39.127094,-33.327578,3.0008908,31.368398,-1.9591799,1.0417109,27.818218,12.464972,20.619831,1449.9616,826.10483,11.055331
0.065607276,37.302503,0.62001912,1690.3311,1.6058596,26.203138,-1.5144006,0.52526378,540.92257,13965.259,570179.02,0.97847177,0.39234048,0.45503715,0.40798527,42.062086,30.119088,0.31656724,123.78535,88.63806,0.42749862,24.618104,17.628105,0.40935304,40.839363,29.243542,-99.167241,16.221259,81.723259,-17.443982,-1.2227229,55.508692,11.025326,17.705126,2049.0437,903.23573,32.838946
0.061219098,40.626802,0.62125065,1922.328,1.5703071,10.966179,0.24673212,0.63175376,385.30249,1149.7163,481002.4,0.99539322,0.52067145,0.53274411,0.52896346,3.4626695,30.1176,0.51231691,18.709128,162.72822,0.53061733,1.947904,16.942475,0.52903769,3.3946881,29.526311,-16.761224,1.4467841,15.246459,-1.5147655,-0.067981426,20.974511,11.594473,18.206883,1703.6519,925.40507,10.910995
0.052941651,42.460294,0.60644567,2528.4874,2.0339209,17.992028,-0.5499246,0.2936439,472.59253,5102.2313,914982.93,0.92757585,0.49112745,0.38802048,0.37491848,10.860337,21.285466,0.31289146,62.274954,122.05435,0.37855744,7.8439774,15.373622,0.37163209,13.584441,26.624511,-54.430977,5.7404639,51.414617,-3.0163599,2.724104,39.569899,11.654106,23.703529,3665.2847,837.51569,15.649633
0.059948927,41.179626,0.61479314,1557.6086,1.9645893,35.452465,-0.71638174,0.37888789,544.30264,29306.057,255756.07,0.95129082,0.52642231,0.49162594,0.38561925,91.063479,31.073262,0.29111812,172.24327,58.773947,0.4272064,55.338652,18.883008,0.38915183,88.028866,30.037772,-116.90461,32.690214,81.179787,-35.724827,-3.0346133,65.151061,10.031493,19.707763,2840.6515,867.957,41.82762
0.062279029,41.76123,0.62646068,2959.264,2.107145,20.914628,0.25415909,0.29797416,431.22539,6148.4737,253156.83,0.97551069,0.52097609,0.49432463,0.47222635,19.670286,31.992144,0.35548744,123.58284,200.99759,0.47506807,17.140797,27.878133,0.46353268,27.408767,44.578164,-106.44204,10.26797,103.91255,-2.5294889,7.7384814,68.706084,12.137609,25.575702,3612.0194,899.37254,23.217288
0.059013451,38.275409,0.63320585,2453.5997,1.9562596,39.234974,-0.035981765,0.47597601,488.38146,13368.958,101113.5,0.96964671,0.55022178,0.55494082,0.49535313,52.590315,39.337632,0.35126747,179.75602,134.45776,0.50797722,41.44867,31.003665,0.48122443,65.059879,48.664884,-138.30735,23.611209,127.16571,-11.141645,12.469564,95.495607,11.688599,22.865934,2261.2242,891.73641,38.920614
0.062033072,38.7422,0.62818092,3025.8896,1.9163603,20.990054,-0.73424171,0.48541492,515.73571,489.90127,339810.71,0.94112087,0.45908316,0.49958665,0.49744604,1.8111194,36.969069,0.47628899,19.711595,402.35853,0.49785323,1.4666011,29.936668,0.49662344,2.5071006,51.175631,-18.244994,1.0404995,17.900476,-0.34451822,0.69598129,46.208551,12.621046,24.186471,2217.2546,854.86355,15.271063
0.060944129,38.980358,0.62477158,3464.4226,2.1315225,26.293734,-0.60724675,0.49190039,342.92226,37494.216,145933.96,0.9487589,0.48785018,0.57630112,0.47086262,90.234645,24.066284,0.36126379,184.02971,49.082162,0.48435844,78.68487,20.985869,0.42409342,130.25989,34.74133,-105.34484,51.57502,93.795069,-11.549776,40.025245,64.497035,12.743352,27.162742,2188.0212,864.6918,18.616965
0.06354994,39.780623,0.62404351,1868.2274,1.7073559,31.077696,0.048011269,0.36698912,494.76045,385.3787,353153.67,0.88230392,0.48693627,0.48076571,0.47920777,1.2031647,31.220321,0.45904011,16.77818,435.36864,0.4797991,0.74649321,19.370381,0.47918157,1.2234002,31.745402,-16.031687,0.47690698,15.575015,-0.45667147,0.020235511,57.923789,11.168768,19.069062,2932.7531,780.29776,31.004679
0.058119132,39.174646,0.61655535,2220.6839,1.55171,18.539249,0.64236703,0.48088144,379.85404,49325.592,292584.52,0.93572397,0.47097376,0.54141647,0.41416789,106.78992,21.650004,0.33752306,171.11202,34.690313,0.45432374,73.090211,14.817909,0.39861094,119.84568,24.296855,-98.021808,46.755465,64.322096,-33.699712,13.055753,44.578438,12.214118,18.952768,2238.1576,847.93896,20.074193
0.062819768,38.190282,0.61447121,2128.9185,1.6394499,32.235365,-0.37717707,0.25727278,413.62876,7406.1541,313778.33,0.91966136,0.45726897,0.47513823,0.45115161,19.643175,26.522774,0.34317769,108.06543,145.91302,0.45885076,13.338175,18.009583,0.4488967,21.489776,29.016107,-94.727257,8.1516008,88.422256,-6.3050001,1.8466007,66.545722,11.824705,19.386013,4183.4526,827.42752,31.257994
0.055066795,38.911015,0.61531446,2548.7809,1.9999658,22.058464,-0.20127466,0.27543947,358.05558,2443.3453,271026.75,0.896413,0.54387819,0.49892096,0.49132069,6.0026937,24.567521,0.42797094,56.036302,229.34254,0.49312204,4.5799894,18.744749,0.48939923,7.5202637,30.778555,-51.456313,2.9402743,50.033609,-1.4227043,1.51757,53.338149,11.75096,23.501518,3907.5317,798.0024,20.926926
0.063452627,44.03157,0.61349192,2897.0904,2.1271519,28.588216,-0.94408069,0.71859154,526.91325,2036.389,212170.81,0.86540211,0.47258997,0.5544937,0.54413062,7.7872182,38.240326,0.46491095,67.315914,330.5651,0.54610409,6.3042776,30.95812,0.54002745,10.870494,53.381223,-61.011636,4.5662161,59.528696,-1.4829406,3.0832755,57.326999,12.014099,25.555814,1497.775,759.24266,19.787784
0.06236946,39.299052,0.61612125,2273.5163,2.305893,8.9662006,0.17236781,0.33869593,367.17569,18161.149,279775.52,0.85177549,0.43589584,0.51501601,0.46146089,39.350155,21.667216,0.38297364,97.019435,53.421419,0.47941183,26.160524,14.404664,0.45641683,43.056322,23.707928,-70.858911,16.895798,57.66928,-13.189631,3.7061672,20.909152,10.787555,24.874947,3177.7425,742.39099,9.1968342
0.065172765,36.626518,0.62711228,2363.7801,1.7685867,24.434705,-0.26138107,0.40812527,340.29342,2629.8963,246751.09,0.89062918,0.43670174,0.54338673,0.53487316,6.6627462,25.334635,0.47010076,57.353786,218.08383,0.53731853,4.7489924,18.057718,0.53340323,7.8131128,29.708825,-52.604793,3.0641204,50.69104,-1.9137538,1.1503666,55.013411,11.938881,21.114946,2637.1523,790.73057,23.273489
0.06330961,36.468409,0.62146155,2129.2704,1.5504018,24.929799,-1.3995569,0.58470627,436.94476,3930.2232,356088.4,0.93521912,0.5464901,0.53159176,0.51667212,12.511353,31.833697,0.44296392,74.321773,189.10319,0.52204459,8.0060904,20.370575,0.51520221,13.743995,34.970011,-66.315682,5.7379042,61.810419,-4.5052631,1.2326411,47.340493,12.047554,18.67855,1840.7336,847.29205,22.2332
0.057255783,40.034127,0.62990893,2654.4481,1.9658906,15.714081,-0.71059702,0.4485409,446.18472,174.57986,885434.4,0.9272478,0.61206606,0.42848431,0.42800447,0.39754254,22.771386,0.42407213,3.6554576,209.38598,0.4281355,0.28898646,16.553253,0.42786239,0.51525878,29.514216,-3.3664711,0.22627231,3.257915,-0.10855607,0.11771624,33.650034,11.979582,23.550548,2399.5325,837.09684,12.676847
0.058767299,41.808617,0.62159433,2338.9489,1.848402,21.888197,-0.77340772,0.3053259,533.74514,22936.341,267082.73,0.91149295,0.44092685,0.47405354,0.39106177,67.11169,29.259981,0.29403042,145.57656,63.469827,0.41526099,47.542878,20.728187,0.37802781,77.651667,33.855298,-98.033683,30.108789,78.464871,-19.568812,10.539977,44.689915,11.723163,21.669118,3525.048,817.05336,19.106837
0.058566545,37.763252,0.6151186,2990.9077,2.3431736,12.398935,-0.22444578,0.4264662,354.24953,3872.3893,337057.58,0.95479154,0.48138247,0.53069513,0.51841612,10.603041,27.381133,0.45923229,61.708821,159.35593,0.5207879,8.5549853,22.092266,0.51387755,14.522139,37.501755,-53.153835,5.967154,51.10578,-2.0480555,3.9190986,33.735907,11.757173,27.549096,2523.7369,872.47751,11.279488
0.061244503,35.506975,0.62920237,1688.4379,2.2284755,23.952994,-1.6552458,0.19996535,464.29944,801.17355,299776.36,0.97661342,0.51067958,0.44320414,0.44036287,2.533134,31.617793,0.41194697,27.867368,347.83185,0.44147039,1.5457297,19.29332,0.44045605,2.4500638,30.580937,-26.321638,0.90433403,25.334234,-0.98740424,-0.083070212,51.85661,9.8808835,22.019307,5382.3748,900.81065,30.712774
0.058059955,39.516342,0.62440112,2853.1463,2.1819709,15.10283,-0.31623771,0.2544014,519.33265,491.44733,385884.88,0.86464979,0.4414237,0.44091011,0.43902363,1.4158345,28.809486,0.42225051,14.00431,284.96056,0.43939981,1.1335066,23.06466,0.4384123,1.8746446,38.145381,-12.870804,0.74113802,12.588476,-0.28232792,0.4588101,38.278676,11.852094,25.860923,4230.6704,758.3094,13.416303
0.059684331,39.224534,0.63204905,2434.0815,1.900991,17.266181,-0.47818499,0.38601368,438.772,1767.3296,134830.79,0.8935079,0.55618077,0.53751313,0.5299466,5.9486751,33.659115,0.47947017,45.63235,258.19943,0.53209416,4.2603028,24.105876,0.52847665,7.1043236,40.198068,-41.372047,2.8440208,39.683675,-1.6883723,1.1556485,37.910552,11.76942,22.373562,2788.2133,794.34747,15.57489
0.06102144,40.549012,0.61822999,2573.1214,2.2566538,25.219105,-1.2364003,0.44665495,460.73079,831.84245,304006.81,0.96030943,0.52210283,0.51335448,0.50996356,2.9520513,35.488106,0.47785735,30.902915,371.49962,0.51081332,2.2122705,26.594825,0.50897676,3.8111315,45.815545,-28.690645,1.598861,27.950864,-0.7397808,0.85908021,46.408811,11.323182,25.552501,2409.6642,879.61676,18.035997
0.065141396,37.501705,0.6180057,1705.2406,1.7199106,29.618066,-0.99723742,0.17312208,386.21318,4987.4136,253339.11,0.88311133,0.52828816,0.45488242,0.43994475,11.550952,23.160205,0.35138128,80.035013,160.47398,0.44593975,6.9151571,13.865217,0.44074803,10.929794,21.914754,-73.119856,4.0146372,68.48406,-4.6357953,-0.62115803,58.089275,10.807618,18.588136,6216.9336,781.30778,34.065148
0.061608519,37.220018,0.61797883,1859.1121,2.2185058,15.033284,-0.71451911,0.39360271,437.87544,1427.1632,429330.37,0.95821594,0.51914678,0.48733912,0.48230416,4.3698039,30.61881,0.45539045,27.728001,194.28753,0.48435714,2.5880324,18.134103,0.48221716,4.4453106,31.147878,-25.139969,1.8572781,23.358197,-1.7817715,0.075506616,29.045616,10.21845,22.669691,2734.4539,876.90612,15.623381
0.059405823,41.058375,0.62114592,2724.6762,2.1047721,16.376218,-1.698904,0.31226697,417.4677,100.41734,237729.84,0.91340613,0.48916913,0.50366422,0.50328831,0.30488685,30.361972,0.50082587,2.3020612,229.24937,0.50339211,0.22070192,21.978467,0.50319682,0.3790877,37.751218,-2.0813593,0.15838578,1.9971744,-0.08418493,0.074200851,25.54185,11.81245,24.862515,3446.6933,819.47972,9.3742699
0.06058408,38.238664,0.62798389,2429.6924,2.3566569,25.812136,-0.058014792,0.3813578,409.23076,4712.0043,597732.26,0.88369699,0.46943677,0.46776358,0.45383376,10.781709,22.881365,0.37053832,75.252543,159.70389,0.45717038,8.1991546,17.400567,0.4501447,13.637046,28.941072,-67.053389,5.4378912,64.470834,-2.5825544,2.8553368,61.942527,10.94935,25.803862,2822.2537,782.04066,25.493979
0.061710635,34.379539,0.62782096,1506.1408,1.9241391,31.995855,-0.91951245,0.38502491,488.02215,95.53635,466231.2,0.88065335,0.44194587,0.4660774,0.46572087,0.27460904,28.743933,0.46098891,3.9193295,410.24485,0.46588023,0.15187076,15.896647,0.4657574,0.24647709,25.799299,-3.7674588,0.094606325,3.6447205,-0.12273828,-0.028131954,61.4551,9.9887943,19.21983,2795.3736,778.23418,40.803025
0.063392216,41.291435,0.62891088,2166.9399,2.0751185,19.531826,-1.1294861,0.35067714,357.13001,5485.4046,389523.1,0.96755603,0.45871717,0.50479939,0.48846679,14.370735,26.198132,0.41323286,80.567584,146.87628,0.49383819,9.6445419,17.582189,0.48646459,16.132433,29.409741,-70.923042,6.487891,66.196849,-4.7261935,1.7616975,37.832451,10.996083,22.818176,3069.172,889.01852,17.458929
0.060014069,39.212209,0.61183537,2747.3358,1.5595978,34.599878,-0.6151721,0.50864717,443.45744,682.83923,206919.58,0.94344432,0.46662608,0.54664904,0.54369202,2.5106067,36.767171,0.50067535,39.033126,571.62981,0.5443234,1.9745417,28.916641,0.54279651,3.2709259,47.901845,-37.058584,1.2963842,36.522519,-0.53606503,0.76031921,77.276168,13.089903,20.414984,2115.9824,857.84977,28.127674
0.050600194,41.482108,0.62207172,1415.524,1.563821,26.378147,-0.042940427,0.50717482,399.25868,44300.088,162978.69,0.89953942,0.53313072,0.56458365,0.4332255,104.25871,23.534651,0.35728312,164.53403,37.140789,0.49189906,57.68962,13.022462,0.44582655,94.257277,21.276995,-106.84441,36.567657,60.275314,-46.569092,-10.001435,37.866054,10.484477,16.395845,2122.1252,801.94128,26.750556
0.06055705,38.357294,0.63150924,1050.9483,1.5867985,12.25496,0.040134027,0.28010813,418.01901,62.200502,250690.58,0.91434325,0.57586315,0.49172567,0.49149904,0.18407071,29.593122,0.49090806,0.66408633,106.76543,0.49164085,0.068890907,11.075619,0.49158155,0.1170521,18.818513,-0.59519542,0.04816119,0.48001562,-0.1151798,-0.067018609,12.560642,9.4476376,14.991497,3842.4035,820.66898,11.951722
0.05816387,41.306892,0.62050964,1741.2552,2.1083637,46.816107,-0.26777825,0.4457545,410.07861,1378.9291,578944.92,0.82818257,0.46909704,0.48232039,0.47801362,3.0412004,22.054799,0.42068122,43.526143,315.65179,0.47960281,1.9190038,13.916624,0.47792426,3.1043054,22.512437,-41.607139,1.1853016,40.484943,-1.1221967,0.063104929,84.166781,10.16894,21.439823,2414.5319,713.47807,48.336844
0.05707405,38.436943,0.6382121,2478.7637,1.6764598,12.261435,-0.97123856,0.21271792,487.32531,537.6089,298427.92,0.93935833,0.52421485,0.44776736,0.44574257,1.7085956,31.781386,0.43445776,11.231125,208.90884,0.44638302,1.1681551,21.728716,0.44547894,1.9310556,35.919339,-10.06297,0.76290052,9.5225297,-0.54044047,0.22246005,24.219709,12.347642,20.700325,5059.6981,852.60027,9.7708827
0.061971232,39.759532,0.62052537,2445.3461,1.9480401,18.751201,-0.32745571,0.26768853,370.49664,22374.504,238034.18,0.91555485,0.51181493,0.49850464,0.43493731,51.728274,23.119294,0.32909172,137.86074,61.615104,0.45238625,37.529105,16.773156,0.42272521,61.66594,27.560808,-100.33163,24.136835,86.132464,-14.199169,9.937666,42.663251,11.691876,22.776243,4020.6745,822.20732,17.446712
0.061905645,38.601426,0.61715433,2047.2191,2.2296712,21.529758,-1.5768187,0.46271064,446.50603,21481.606,198293.05,0.88567103,0.44410625,0.53960487,0.46176686,60.437185,28.134389,0.36306592,137.07336,63.809644,0.48833204,39.810695,18.532458,0.45373779,66.67134,31.036478,-97.262668,26.860644,76.636178,-20.62649,6.2341548,41.21929,10.534434,23.488324,2326.0508,784.51237,20.134284
0.062705181,38.624802,0.62986354,2040.7569,2.1321763,21.485543,-0.55290027,0.22345544,437.42715,1956.6954,615496.86,0.98108988,0.47312955,0.41586465,0.41025139,5.0369805,25.742282,0.36902748,42.028678,214.79417,0.41217182,3.3137095,16.935234,0.40976433,5.4740408,27.975947,-38.714968,2.1603313,36.991697,-1.723271,0.43706031,42.90343,10.681349,22.774519,4816.5686,906.65548,21.023293
0.062062717,39.888339,0.62430954,2814.9652,2.1307529,24.635974,-1.2303487,0.36643951,533.80048,15381.19,418654.82,0.92644521,0.48260143,0.45943591,0.40481788,45.195232,29.383444,0.31018108,123.50512,80.29621,0.41754591,34.663066,22.536011,0.38764657,59.404116,38.621275,-88.842059,24.74105,78.309892,-10.532166,14.208883,44.480184,11.892779,25.340574,2937.1518,836.07234,15.801326
0.065422432,39.93586,0.61973269,2648.3904,1.4646998,17.748469,0.35916986,0.3525215,449.39212,9781.3978,123166,0.94782203,0.54045292,0.52982716,0.49028451,33.793498,34.548741,0.37015151,136.46019,139.50991,0.49980884,25.653921,26.227255,0.48105689,41.679502,42.610987,-110.80627,16.02558,102.6667,-8.1395764,7.886004,52.352032,13.204273,19.340296,3053.1144,863.48451,19.767491
0.058435027,44.595387,0.62815141,2765.4479,1.6033346,11.448365,-2.297638,0.34089309,444.5141,6449.8453,508448.57,0.92842475,0.47495339,0.46170092,0.44110876,17.091073,26.498423,0.39839194,52.545173,81.467337,0.44829369,11.127726,17.252702,0.43855874,19.20754,29.779846,-41.417446,8.0798142,35.4541,-5.9633466,2.1164676,14.388907,12.998218,20.840492,3157.261,838.59986,5.2031018
0.064737637,44.534083,0.61288879,2624.8968,1.8245417,19.073554,0.72245606,0.3396203,376.03494,1828.3794,380156.4,0.89495527,0.4687047,0.49842152,0.49261837,4.5727939,25.010094,0.43002775,53.893191,294.75934,0.49384878,3.6032498,19.707342,0.49100559,5.8436333,31.960726,-50.289941,2.2403835,49.320397,-0.96954413,1.2708394,61.782529,12.235532,22.324238,3169.0934,796.1678,23.537127
0.061758119,36.640888,0.62094757,1963.5872,1.792306,30.989562,0.76081464,0.80275531,506.6993,6001.6212,241623.94,0.93307936,0.49283035,0.5610944,0.53314496,23.362118,38.926346,0.42942711,110.05681,183.37847,0.54323642,14.92696,24.871546,0.53108706,25.082252,41.79246,-95.12985,10.155292,86.694692,-8.4351583,1.7201333,60.887242,11.173332,20.026031,1340.7429,844.55177,31.008169
0.065737269,40.972975,0.61507664,2212.7531,1.7358148,34.749647,-0.2393596,0.46210973,523.06661,1461.557,426139.41,0.90410154,0.4511174,0.47748117,0.47154109,4.7484831,32.489208,0.40742531,56.002422,383.1696,0.4733458,3.3058005,22.618347,0.47063308,5.4743421,37.455549,-52.696622,2.1685417,51.253939,-1.4426826,0.72585906,74.710681,11.752039,20.399363,2329.0755,807.69912,33.763678
0.063745556,39.025783,0.61567147,1017.0402,2.2898836,24.319327,-0.25140721,0.3202837,462.18642,8673.1171,351254.06,0.86942131,0.43550906,0.47750163,0.44695965,23.101295,26.635516,0.37140269,80.250959,92.528393,0.46447995,9.8493177,11.356145,0.45576696,16.439638,18.954705,-70.401642,6.5903203,57.149665,-13.251977,-6.6616566,29.176528,8.2694814,18.93615,3360.4222,764.2342,28.687684
0.059911826,41.495889,0.62258838,3301.0486,1.6916713,25.946717,0.96143307,0.31812685,400.09494,6013.9652,440094.84,0.94164365,0.51452619,0.47809798,0.45956531,15.692374,26.093224,0.32504266,129.59822,215.49547,0.45985364,15.448233,25.687266,0.4505797,23.300854,38.744577,-114.14999,7.852621,113.90585,-0.24414163,7.6084794,141.24228,13.544054,22.912088,3383.2054,855.53518,42.787094
0.069628743,40.04629,0.61945276,2305.3557,2.3485587,31.14649,-1.218181,0.21515857,336.80257,45.85467,217011.22,0.93351029,0.48793277,0.48605961,0.48592522,0.11240327,24.512939,0.48384065,1.8559782,404.75227,0.48596084,0.082611174,18.015869,0.48589853,0.1347305,29.382066,-1.773367,0.052119323,1.7435749,-0.0297921,0.022327223,58.998012,10.771649,25.297851,5002.3034,845.10343,25.591718
0.061306683,42.548095,0.61416439,3018.9801,1.8569549,30.097714,-2.2326558,0.3844404,375.96512,19551.528,342935.8,0.91838148,0.482558,0.51485714,0.45771374,46.70393,23.887611,0.36596611,121.69028,62.240804,0.47218975,34.872527,17.836215,0.43937845,61.689566,31.552299,-86.817756,26.817039,74.986353,-11.831403,14.985636,34.717323,12.744506,23.665973,2799.6237,825.7995,11.499686
0.060495613,37.815274,0.62788701,2669.5129,2.3496904,14.038336,-0.54511128,0.3139117,514.68594,74.084585,486540.44,0.93090214,0.4761502,0.44102783,0.44075386,0.22824992,30.809367,0.43867079,1.9636812,265.05935,0.44082222,0.17129792,23.121939,0.4406784,0.29111239,39.294596,-1.7923832,0.11981446,1.7354312,-0.056951995,0.062862468,31.684944,11.309511,26.57385,3428.6344,841.76619,11.869185
0.058084906,43.275987,0.61896128,2861.6494,1.9210279,34.914231,-0.15661581,0.20659717,517.94631,1550.7895,368503.48,0.88351769,0.55322876,0.43069925,0.42492577,4.4674037,28.807286,0.34649531,65.155317,420.14287,0.42568464,3.8802032,25.020824,0.42282206,6.0952074,39.303899,-61.275113,2.2150043,60.687913,-0.58720051,1.6278038,94.177722,12.378394,23.77924,5209.5993,781.81627,32.910294
0.062975021,39.929632,0.61343893,2459.5055,2.2400998,35.04514,0.39491689,0.39419811,504.10761,4616.6566,363090.09,0.96836997,0.49389345,0.48223614,0.46398413,16.078687,34.827556,0.35038512,116.15114,251.59147,0.46783224,12.688781,27.484785,0.45895082,20.512669,44.431871,-103.46236,7.8238876,100.07245,-3.3899053,4.4339823,94.239472,11.181417,25.04749,2730.3238,890.07635,38.31643
0.060991501,36.898067,0.62133535,2258.1587,1.5805876,21.931238,-1.2435597,0.31032627,428.64995,3660.5789,125245.32,0.97622028,0.40933584,0.52069372,0.5060853,13.01674,35.559238,0.43091704,79.994936,218.53084,0.51093665,8.6939744,23.750272,0.50471486,14.237862,38.895112,-71.300962,5.543888,66.978197,-4.3227651,1.2211229,41.581692,12.20718,19.294517,3468.248,900.29786,18.413981
0.055401579,39.74887,0.62066872,2605.8089,1.5096332,26.147674,-0.78791429,0.37082288,505.0464,10621.335,476699.94,0.86130986,0.51479371,0.45731549,0.42073813,27.302,25.704866,0.31937197,102.96354,96.940296,0.43028979,20.172469,18.992404,0.41201121,33.815934,31.837743,-82.791069,13.643465,75.661538,-7.1295309,6.5139345,54.485006,13.001509,19.627509,2902.4327,754.17026,20.909057
0.064852034,42.705915,0.62637602,2495.7248,1.5926389,19.696543,-1.0329573,0.30842191,540.11124,1764.9368,453977.63,0.99294337,0.49161808,0.43925094,0.43248859,6.1720391,34.970313,0.38625903,48.366052,274.03844,0.43449785,4.3381689,24.579741,0.4311969,7.3509685,41.650039,-44.027883,3.0127996,42.194013,-1.8338702,1.1789293,38.340157,12.589153,20.049974,3489.6628,922.18571,15.362333
0.063066216,39.355611,0.62472034,2234.8769,1.8713732,14.138817,-1.9521455,0.86598387,426.6244,3233.7332,416843.21,0.89854307,0.54617166,0.55477849,0.54288049,9.4286269,29.157096,0.50077921,42.791997,132.33002,0.54737291,5.8685867,18.148024,0.54149236,10.528662,32.558846,-36.923411,4.6600753,33.36337,-3.5600402,1.1000351,24.50646,11.499204,21.519302,1242.8505,800.6854,10.965463
0.061526051,41.752456,0.62598068,2631.2077,2.2122748,24.511915,0.56525878,0.36385677,375.33927,851.94847,513004.92,0.90773944,0.56581619,0.48581004,0.4832595,2.0505002,24.06836,0.44369684,33.856884,397.4053,0.48370703,1.6907122,19.845241,0.48240388,2.7383813,32.14257,-32.166171,1.0476691,31.806383,-0.359788,0.68788105,76.133051,11.483529,25.404723,2958.0004,812.29914,28.934641
0.062399627,38.00177,0.61985854,2485.0889,1.9544952,26.013954,-0.37950584,0.42481572,445.17666,6880.257,1244233.9,0.90475542,0.49720546,0.38413928,0.36948098,11.729782,17.048465,0.30242824,65.38635,95.034749,0.37350472,8.5099237,12.368613,0.36553257,14.889357,21.640699,-56.876426,6.3794332,53.656568,-3.2198586,3.1595746,59.101426,11.741921,22.949528,2533.542,808.52536,23.782419
0.067517129,40.865524,0.62729747,2382.708,1.91534,27.773611,-0.11409057,0.27242161,377.67889,162.75943,174756.75,0.93923177,0.47714465,0.50833162,0.5077653,0.47779572,29.355947,0.49827896,8.4811825,521.08701,0.50790815,0.35727449,21.951078,0.50765407,0.57163327,35.121361,-8.123908,0.21435878,8.0033868,-0.12052122,0.093837559,64.725904,11.656773,22.326685,3950.819,852.43784,27.164849
0.062844186,43.451265,0.62141425,2420.7378,2.2303731,13.815608,-0.43965739,0.40949997,481.50942,1093.6867,564735.86,0.87642586,0.50887345,0.45630718,0.45252629,2.8924217,26.446528,0.42728892,22.199287,202.97666,0.4536539,2.0297939,18.559189,0.45170103,3.5237606,32.219104,-20.169493,1.4939668,19.306866,-0.86262778,0.63133898,30.493223,11.138502,24.843015,2628.2992,772.95616,12.596665
0.056261787,36.708943,0.62363092,2277.2233,1.7910657,32.096341,-0.63248066,0.49307409,382.22736,474.32991,628926.31,0.8902859,0.4638912,0.49238455,0.490987,1.0931311,23.045796,0.47194412,15.988015,337.06529,0.49140321,0.76758405,16.182493,0.49073877,1.2872929,27.139189,-15.220431,0.51970887,14.894884,-0.325547,0.19416187,66.51826,11.741802,21.030338,2182.8129,790.29958,29.210248
0.060816644,40.067631,0.62842571,2002.0864,2.0350962,18.860971,-0.39896073,0.51258841,517.03259,19401.943,196262.19,0.88256583,0.49541478,0.5340719,0.45399048,61.871003,31.889075,0.35670287,137.03553,70.629793,0.48213135,40.12933,20.68315,0.44741142,66.953987,34.508907,-96.906195,26.824657,75.164522,-21.741673,5.0829839,37.458111,10.7796,21.937524,2099.7128,780.62536,18.709538
0.059492973,39.839164,0.61249175,3313.9306,2.1672817,18.706015,0.2492729,0.2207415,531.62655,11826.138,219642.6,0.92216598,0.5036546,0.45627033,0.41056361,37.574496,31.772414,0.28527837,140.56875,118.86277,0.41423011,34.560348,29.223697,0.38960752,54.802039,46.339758,-106.0084,20.24169,102.99426,-3.014148,17.227542,70.642838,12.486653,27.062095,4875.7867,830.61615,21.316933
0.062025991,38.784201,0.62433744,2540.6596,1.6913312,23.105702,-0.46408865,0.12081793,553.1259,52073.461,287954.07,0.96592193,0.49411025,0.38736153,0.25815046,113.41881,21.78054,0.19989852,164.55116,31.599813,0.29002295,85.441794,16.407935,0.2362946,132.60343,25.464685,-79.10937,47.161636,51.132357,-27.977013,19.184622,52.068712,12.412978,20.994457,8908.3507,886.89588,20.494171
0.062563387,39.345698,0.61894612,1813.0501,2.1582885,18.079255,-1.3960541,0.23984917,465.30461,110.77344,458822.16,0.87699958,0.51153545,0.43625023,0.4358854,0.27935662,25.218738,0.43248192,2.8854686,260.4838,0.43602837,0.16988801,15.33653,0.43587925,0.28407014,25.644247,-2.7155806,0.11418213,2.606112,-0.10946861,0.0047135173,36.599223,10.22673,22.072234,4487.3553,773.67183,20.186548
0.060078754,40.727922,0.62224148,2287.3522,2.0027079,28.24875,-0.85264585,0.5867832,448.16421,2392.7106,198060.01,0.97990093,0.52854674,0.5598446,0.54928662,9.4578163,39.527624,0.47118513,79.421007,331.92902,0.55234329,6.7196552,28.083862,0.54728024,11.255127,47.039234,-72.701352,4.5354719,69.963191,-2.7381611,1.7973109,56.692334,11.329442,22.689563,1834.2183,905.10202,24.785135
0.055911027,38.665333,0.61539851,2154.0787,2.2697734,9.8083079,-0.36978284,0.53000249,416.43158,331.27216,193683.54,0.94638301,0.47654348,0.55891515,0.5575267,1.1840331,35.742006,0.55097396,6.7720378,204.4252,0.55803806,0.74795666,22.578313,0.55743428,1.2628492,38.121201,-6.0240812,0.51489257,5.5880047,-0.43607648,0.07881609,20.410775,10.651147,24.175691,2030.7234,861.63109,9.4754078
0.062238282,40.560901,0.62682206,1112.1183,1.4663558,14.618533,-1.1896581,0.35721889,442.5749,10842.417,304601.27,0.90134115,0.44040129,0.49900324,0.46081545,30.395466,28.033847,0.36959592,103.0014,94.998555,0.48155712,13.886194,12.807286,0.47140863,21.963854,20.257341,-89.115204,8.0776603,72.605931,-16.509272,-8.4316121,31.942788,9.8841786,14.493722,3012.9663,804.2138,28.722473
0.057160988,35.010786,0.61638443,2191.991,2.3161623,24.027465,-0.44376104,0.4548707,529.99091,1554.1258,522515.57,0.91205909,0.44446367,0.45691836,0.45101046,4.7816495,30.767454,0.4071191,40.305786,259.34699,0.45288194,3.2669388,21.02107,0.45001436,5.5878588,35.954996,-37.038847,2.32092,35.524137,-1.5147107,0.80620931,50.140419,10.641266,24.646899,2366.1416,817.77113,22.874373
0.060834309,38.217131,0.62041945,2237.0972,2.0196711,5.0765861,-0.28241086,0.37184052,393.99862,13259.793,228148.63,0.93116919,0.54460548,0.52609388,0.48160567,37.078772,27.96331,0.43230051,78.17223,58.954334,0.49905894,22.532314,16.99296,0.48221722,36.569074,27.578917,-55.639915,14.03676,41.093457,-14.546458,-0.50969824,10.943736,11.214281,22.64916,2894.4895,842.10772,4.8919358
0.05800698,37.055736,0.62373985,2143.693,1.6657748,20.236919,-0.1357959,0.46422576,341.42433,12235.798,270289.33,0.90215838,0.52171202,0.55152956,0.51416946,29.774807,24.334176,0.41371568,109.83325,89.763858,0.52695645,19.583985,16.005482,0.51048346,32.712428,26.735017,-90.249263,13.128443,80.05844,-10.190822,2.9376207,42.863235,11.789231,19.638204,2318.4592,805.24519,19.995043
0.059214382,39.275547,0.61362193,3387.6718,1.5344135,31.899613,-0.27018454,0.34532553,404.28045,389.38007,170612.63,0.92232744,0.53991821,0.52678553,0.52528003,1.2379439,31.792689,0.49464301,26.430204,678.77651,0.52539578,1.1427646,29.348308,0.52454146,1.8452573,47.389619,-25.28744,0.70249269,25.19226,-0.095179306,0.60731338,93.239653,14.113119,21.655361,3116.7358,830.82183,27.523225
0.066285087,39.305222,0.62313572,2533.8548,1.709356,38.420245,1.0382512,0.3475404,354.52166,153539,229392.29,0.8983864,0.52135873,0.52770879,0.28398982,193.08871,12.575874,0.24914506,220.69481,14.37386,0.32920189,157.26902,10.242936,0.23913619,228.62443,14.890316,-63.425795,71.355417,27.6061,-35.819695,35.535722,126.95936,12.35814,21.12446,3096.8729,800.48797,50.105223
0.059194065,35.413604,0.62136585,2111.7456,1.6626155,8.5126694,-1.3367326,0.29519339,439.2121,634.5261,278099.74,0.88096643,0.47007722,0.48760843,0.48523341,1.8302491,28.844347,0.47747051,7.8125056,123.12347,0.48621965,1.0702254,16.866532,0.48533848,1.7492766,27.568238,-6.7422801,0.67905118,5.9822565,-0.76002365,-0.080972472,16.293714,11.737798,19.515444,3646.0453,778.62547,7.7157563
0.065818272,40.355222,0.61660524,1953.0735,2.3314731,23.540792,-1.7482509,0.27815399,474.4286,314.68488,171356.93,0.91936445,0.4939761,0.4948233,0.49348837,1.0927052,34.723791,0.47862168,13.261808,421.43136,0.49395273,0.71260399,22.645003,0.49339207,1.1715268,37.228571,-12.549204,0.45892285,12.169103,-0.3801012,0.078821651,46.346494,10.21722,23.821175,3869.3978,827.04978,23.730031
0.059239174,41.366578,0.62889211,1668.5732,2.2278403,22.930119,-1.1465432,0.35853005,469.78146,8967442.3,377413.03,0.85715222,0.48966633,0.4804568,0.13761579,254.15753,0.28342255,0.14055698,251.97714,0.2809911,0.14208991,250.84074,0.27972385,0.091346103,288.45853,0.32167314,-1.1364016,37.617786,-2.1803859,-3.3167876,34.300998,46.070718,9.8429159,21.928445,3001.9477,749.027,27.610846
0.053197105,41.017997,0.61812284,2670.8038,2.1120988,9.27437,-1.1711198,0.31190606,424.52369,575.98928,250058.76,0.99103684,0.46973175,0.50021419,0.49805405,1.9662234,34.136459,0.48912197,10.096463,175.28908,0.49871001,1.369152,23.770443,0.4977118,2.2777532,39.545062,-8.7273107,0.90860111,8.1302394,-0.59707138,0.31152973,17.261286,11.720495,24.754844,3450.6814,919.6826,6.4629554
0.056467258,34.979243,0.61374273,2393.3508,1.5106216,19.932426,-1.0042023,0.23800743,410.66164,1183.9463,264481.94,0.96663348,0.49121251,0.47601052,0.47196381,3.5558199,30.033626,0.44274439,29.230748,246.89252,0.47325946,2.417346,20.4177,0.47143732,4.0184488,33.941141,-26.813402,1.6011028,25.674928,-1.1384739,0.46262882,39.075548,12.63534,19.087218,4522.0793,887.81997,16.326711
0.05471752,33.026378,0.62191108,2883.4419,2.0566152,15.565127,-0.74719976,0.442064,514.24288,513.16899,138394.93,0.85378932,0.49361238,0.53569258,0.5330996,1.9115898,37.250688,0.51631819,14.283143,278.33215,0.53370851,1.4626889,28.503064,0.53232738,2.4808864,48.344432,-12.820454,1.0181975,12.371553,-0.44890093,0.56929655,33.661181,12.1308,24.948387,2434.6892,744.87446,11.673959
0.056902052,40.173827,0.61849019,2820.393,1.9347984,13.483317,0.17934892,0.90435489,403.59234,10902.184,465526.65,0.87013535,0.48945195,0.55744328,0.5225829,26.398277,24.21375,0.43332597,93.988732,86.210918,0.53057606,20.3454,18.661765,0.51118335,35.030666,32.131787,-73.643331,14.685266,67.590455,-6.0528765,8.632389,40.585616,12.289324,23.777365,1190.1174,765.12198,14.390057
0.056687841,40.623572,0.62676709,1451.8896,1.847273,31.321485,-2.8635141,0.23000581,436.07798,33842.049,334262.63,0.95362748,0.49501687,0.45751294,0.36539324,79.409092,23.464623,0.24886546,179.85845,53.146442,0.39842573,50.934401,15.050626,0.37293957,72.904002,21.542431,-128.92405,21.9696,100.44936,-28.474691,-6.5050901,107.70826,10.0024,18.477163,4679.3969,870.97359,74.184883
0.055155029,38.744975,0.61889216,1266.8725,2.1569046,26.828134,0.61922414,0.69824772,366.20523,4278.4401,401276.38,0.90282658,0.51029164,0.55968022,0.54567113,11.176493,26.122822,0.49783221,49.34252,115.32829,0.55328182,5.1046604,11.931125,0.54834831,9.0406311,21.130671,-44.237859,3.9359708,38.166027,-6.0718326,-2.1358618,25.923075,9.0768961,19.577999,1541.4135,806.08878,20.46226
0.058796066,36.80744,0.6211876,1710.3362,2.164857,15.308078,0.067589641,0.5056323,463.51753,26038.449,415348.84,0.97325453,0.5421961,0.50210805,0.42058295,72.330509,27.778348,0.35253939,132.69997,50.963085,0.45545514,41.391284,15.896217,0.42132729,71.670117,27.524726,-91.308684,30.278834,60.369458,-30.939226,-0.66039198,25.940124,10.019686,21.691188,2128.5991,896.43228,15.166681
0.069361344,38.535307,0.62017322,2736.9555,2.2236447,23.25426,-2.08601,0.47093601,543.13922,520.78518,449776.93,0.90449435,0.50187814,0.46899403,0.46684103,1.7221585,33.0685,0.45278901,12.962201,248.89728,0.4674519,1.2335324,23.686013,0.46620195,2.2333532,42.884347,-11.728669,0.9998208,11.240043,-0.48862601,0.51119479,31.784567,11.615489,25.828719,2285.424,808.19545,11.613111
0.053320979,39.155083,0.62259954,2339.7388,1.4675664,20.107258,-0.57132932,0.21102256,548.63664,392.21544,198630.7,0.94691004,0.46361784,0.455569,0.45382732,1.4864328,37.898376,0.43632796,16.421189,418.67777,0.45435984,1.0319477,26.310735,0.4536226,1.6611467,42.352915,-15.389241,0.62919908,14.934756,-0.45448518,0.1747139,42.543821,12.661736,18.581938,5100.3479,862.30975,18.18315
0.056418285,39.570665,0.62688577,3161.6285,2.0221953,40.169153,-0.88590953,0.25920093,540.88872,33243.596,271000,0.90877866,0.53906469,0.45882433,0.3499088,87.704386,26.38234,0.25217118,166.40773,50.05708,0.36517528,75.411028,22.684378,0.30994824,119.88268,36.061887,-90.996704,44.47165,78.703346,-12.293358,32.178292,83.222385,12.579575,25.438356,4152.3326,813.61461,26.322632
0.060234704,40.76601,0.61519066,2558.7555,2.0662646,32.760601,-1.9984176,0.33217046,499.3369,8464.165,180445.71,0.89202396,0.41068922,0.50464788,0.46896772,27.985253,33.063217,0.35911732,114.14492,134.85668,0.47827254,20.687137,24.440848,0.46046909,34.651037,40.938517,-93.45778,13.9639,86.159664,-7.2981159,6.6657838,49.308374,11.639053,24.049364,3240.1691,792.4824,19.270451
0.059300122,40.052996,0.62172073,1142.1611,2.3547308,28.933523,-1.1938308,0.29062979,356.35815,150.54801,451589.73,0.904611,0.42542413,0.48012198,0.47968672,0.34822654,23.130597,0.47267761,5.9557468,395.60448,0.47990477,0.17377624,11.542912,0.47978663,0.26829143,17.820988,-5.7819705,0.094515184,5.6075202,-0.1744503,-0.079935113,63.045673,8.5159297,20.052722,3703.2971,808.34286,55.198584
0.060431882,42.40044,0.62589473,2356.8806,2.2214839,28.330937,0.22119041,0.32539876,364.63839,2238.1408,518524.47,0.93589607,0.46759244,0.47880349,0.47242408,5.3551409,23.926738,0.40484046,62.087621,277.40713,0.47394054,4.0821646,18.239088,0.47093952,6.6013408,29.494752,-58.005456,2.5191761,56.73248,-1.2729762,1.2461999,69.536355,11.054392,24.557153,3307.5985,848.15953,29.503554
0.059709685,44.307412,0.61825621,2292.1085,1.5291957,33.700538,0.16539208,0.3916995,341.25376,6820.575,324826.91,0.92807046,0.51308265,0.52797248,0.50749711,16.984971,24.902551,0.38870187,115.52942,169.3837,0.51306499,12.366243,18.130793,0.50416748,19.747007,28.952115,-103.16318,7.3807643,98.54445,-4.6187283,2.762036,79.25753,12.403971,18.968099,2747.7402,838.14734,34.578438
0.062076654,40.495565,0.61551257,1858.1651,1.9750027,20.414146,-0.44698743,0.23308051,546.92829,3359.4869,350103.98,0.85412424,0.47274595,0.43469665,0.42155613,9.6928001,28.852025,0.35412561,59.431355,176.90605,0.42666507,5.9243036,17.634549,0.42146025,9.7635238,29.062544,-53.507052,3.8392202,49.738555,-3.7684965,0.070723711,38.866445,10.620434,20.975385,4617.6682,745.28772,20.916572
0.066531729,39.195732,0.61910106,2121.7144,2.0099961,25.372918,0.12013502,0.24123837,382.06141,33036.437,496374.36,0.93752504,0.50539419,0.45146233,0.37384789,65.313188,19.770046,0.28099221,143.45201,43.422362,0.39804694,44.949488,13.606034,0.36440636,73.25832,22.175006,-98.502522,28.308831,78.138822,-20.363699,7.9451317,54.342478,11.035718,22.181751,4461.5144,850.24803,25.612533
0.058644287,36.210701,0.61935271,2464.8932,1.6582057,1.7976899,-0.9679516,0.46817584,429.20239,3920.0857,295045.82,0.90354996,0.5095005,0.52643683,0.51149974,11.93036,30.433927,0.50671627,15.75095,40.180116,0.51848247,6.3531991,16.206786,0.51548804,8.7448707,22.307856,-9.3977505,2.3916716,3.8205894,-5.5771611,-3.1854895,3.5530231,12.369627,20.511386,2298.8979,807.00234,1.4414511
0.063076448,39.854515,0.62847191,2998.5708,1.8880336,30.783694,-0.77879809,0.29238255,379.06752,6372.8202,268552.38,0.89861156,0.53272453,0.50063431,0.48018659,16.205647,25.429317,0.371311,102.49397,160.82984,0.48341001,13.65096,21.420595,0.47238316,22.390184,35.133871,-88.843006,8.7392241,86.288319,-2.5546866,6.1845375,66.339957,12.645565,23.875252,3681.0968,800.77171,22.123858
0.059805064,41.124661,0.6164549,1516.7788,1.5420182,5.9193083,-1.4930023,1.0941689,351.87536,324.77251,585324.43,0.93583519,0.50154845,0.57436188,0.5734138,0.7957826,24.50277,0.570556,3.1945135,98.361574,0.57391076,0.37865144,11.658974,0.57359172,0.6464424,19.904468,-2.8158621,0.26779096,2.3987309,-0.41713116,-0.14934019,13.185267,10.779062,16.62151,983.65846,848.08149,8.6929401
0.060456545,44.774429,0.62466397,2459.0058,1.7833336,22.900489,0.1090814,0.45280507,397.6905,157.01492,364255.07,0.99378393,0.49859376,0.51985328,0.51929881,0.50667747,32.269383,0.51034804,8.6858829,553.18838,0.51943816,0.3793384,24.159385,0.51917084,0.62361663,39.71703,-8.3065445,0.24427824,8.1792055,-0.12733907,0.11693917,57.716495,12.063658,21.513527,2376.9355,923.28992,23.471476
0.058106731,41.8061,0.62391986,2399.8525,1.8046492,17.31705,0.41843688,0.43244321,549.43331,85642.678,431124.63,0.79499336,0.46502428,0.46511515,0.271022,129.35508,15.104044,0.24977652,143.51432,16.757337,0.32316051,94.606914,11.046702,0.23906817,150.65099,17.590644,-48.907405,56.044075,14.159239,-34.748165,21.295909,45.212867,11.918839,21.509323,2488.855,673.38051,18.839853
0.056355667,39.707574,0.62182946,3406.6125,1.6611911,16.499555,-0.63517587,0.41919792,498.88213,2880.4445,379267.94,0.95828542,0.47778736,0.48510302,0.47365419,9.9373748,34.499448,0.40990385,65.271473,226.60208,0.475466,8.3647567,29.039812,0.46861902,14.307802,49.672202,-56.906717,5.9430454,55.334099,-1.5726181,4.3704274,39.591066,13.770121,22.874803,2567.4948,876.99605,11.621829
0.061593315,35.452387,0.61216924,2226.5074,1.9608713,25.577972,-1.642132,0.29231687,473.90807,71009.356,365026.05,0.94307355,0.48750666,0.46516374,0.29956736,140.51847,19.788726,0.26346968,171.14952,24.10239,0.35170195,96.279136,13.558655,0.27764419,159.12159,22.408539,-74.870382,62.842452,30.631052,-44.239329,18.603123,46.271116,11.307373,22.172303,3681.9239,857.37303,20.781927
0.061623095,40.330638,0.62479987,2763.4173,1.4639981,37.36238,-1.0391783,0.32179237,475.26314,9025.6247,648491.48,0.93379756,0.50339587,0.4284717,0.4017141,22.390241,24.807415,0.30080471,106.82925,118.36217,0.40765617,17.418032,19.298423,0.39382206,28.994146,32.124254,-89.411218,11.576114,84.439009,-4.9722092,6.603905,72.329384,13.394876,19.610073,3344.6675,845.47124,26.173891
0.060135016,39.691431,0.61969651,3146.8043,1.5790671,33.023178,-0.68259525,0.3897078,472.23184,498.43671,369647.69,0.90348792,0.4386086,0.48782692,0.48588459,1.5511961,31.121225,0.4553518,25.935583,520.33854,0.48616582,1.3265983,26.615179,0.48507212,2.2000613,44.13923,-24.608985,0.87346301,24.384387,-0.22459786,0.64886515,75.274152,13.639332,21.537419,2761.7832,806.92397,23.920824
0.064823408,40.011986,0.62579137,1884.4612,2.1968446,40.776486,-0.3962335,0.33553601,438.11641,27922.825,662083.73,0.89470618,0.49519104,0.44029152,0.37066256,54.844913,19.641606,0.27436692,130.69446,46.805601,0.39337236,36.956998,13.235408,0.36460034,59.619961,21.351694,-93.737464,22.662963,75.849549,-17.887915,4.7750478,78.079883,10.298311,22.623788,3207.669,795.85445,41.433532
0.066814615,38.997622,0.61721856,2575.9629,2.1177173,25.848187,0.30225578,0.48429414,397.61426,6423.7462,174016.41,0.95017118,0.45014614,0.55871971,0.53410744,21.10762,32.85874,0.41600767,122.39065,190.52847,0.5393585,16.604277,25.848277,0.52709755,27.11934,42.217329,-105.78638,10.515063,101.28303,-4.5033431,6.0117202,72.294626,11.569837,24.501644,2222.3859,866.51265,28.065088
0.065388594,41.278554,0.62607813,2047.2496,2.034627,37.152789,-1.2722817,0.54806975,484.12267,12274.486,297697.9,0.9472671,0.50005687,0.52536811,0.47718039,41.147551,33.52283,0.35730706,143.50752,116.9153,0.49227107,28.2616,23.024671,0.47118257,46.269097,37.695344,-115.24592,18.007496,102.35997,-12.885951,5.1215458,72.056271,10.860889,22.097858,1963.7801,862.76964,35.196622
0.070639841,40.804146,0.61861322,2136.2778,2.1213085,21.289869,-0.90092366,0.64843225,340.49496,1341.4162,227345.11,0.93633329,0.45057782,0.58895734,0.58424147,3.961309,29.530797,0.54683446,35.38304,263.77377,0.58584362,2.6155083,19.498112,0.583635,4.4707415,33.328519,-32.767532,1.8552331,31.421731,-1.3458006,0.5094325,42.125148,10.863956,23.045803,1659.8318,848.71993,19.718946
0.062015754,41.576719,0.6175621,2682.4974,1.6749806,34.058649,-1.1570253,0.3300725,437.81878,173.82158,407309.68,0.86864106,0.46018972,0.4765538,0.47594202,0.46215067,26.587646,0.46602535,7.9533829,457.56015,0.47608367,0.35514191,20.431405,0.47576997,0.59212061,34.06485,-7.598241,0.23697869,7.4912323,-0.10700876,0.12996994,63.621801,12.680797,21.240089,3260.7639,763.26444,23.717376
0.05759153,39.769363,0.6265993,3046.6319,1.9950862,29.96083,-1.0872138,0.55220177,457.09724,14797.069,350351.21,0.91626209,0.44556818,0.52253585,0.46978954,42.969512,29.039204,0.36111046,131.50437,88.871902,0.47962927,34.953631,23.621996,0.44958127,59.432078,40.164762,-96.550739,24.478447,88.534858,-8.0158813,16.462566,56.570989,12.481194,24.901059,1949.0855,823.10568,18.56837
0.063920765,42.074161,0.61652354,2728.8646,1.5306741,8.621496,-1.0124527,0.68763113,372.02409,2995.7125,312998.69,0.88145981,0.51809631,0.57076778,0.5601545,8.1853032,27.323393,0.52821958,32.81454,109.53835,0.56370139,5.4498253,18.192084,0.558471,9.4836716,31.657483,-27.364715,4.0338463,24.629237,-2.7354779,1.2983685,16.846358,13.142252,20.116505,1565.2119,779.24223,6.1733948
0.060782402,39.899617,0.63061304,2507.2331,1.8929985,15.732179,-1.0775779,0.34631473,467.54556,1015.4892,257295.16,0.9142257,0.53595782,0.49933488,0.49518563,3.3695427,33.181474,0.4687892,24.805709,244.2735,0.49641639,2.3700602,23.339099,0.49437214,4.0301682,39.686965,-22.435649,1.660108,21.436166,-0.99948243,0.66062559,30.285546,11.902865,22.532107,3107.8333,820.51978,12.07927
0.05460129,38.84091,0.6216079,2651.1491,1.8494413,21.775426,-1.9605733,0.39742951,510.50242,71824.647,392068.36,0.84416455,0.48107974,0.47590952,0.30141492,126.59448,17.625493,0.27904486,142.82378,19.885066,0.35421693,88.287029,12.292024,0.26857408,150.42026,20.942708,-54.536753,62.13323,16.229301,-38.307452,23.825778,31.996447,12.220845,22.601736,2708.1241,733.02712,12.068897
0.060374316,38.701087,0.61941097,2102.1254,2.0675718,7.6371238,-0.62166579,0.43768248,388.02764,2353.6305,372177.6,0.87688617,0.4782762,0.51839506,0.51044938,6.0830501,25.845391,0.48783921,23.392921,99.390797,0.51365437,3.6293729,15.420317,0.51048082,6.0589755,25.743104,-19.763548,2.4296026,17.309871,-2.4536772,-0.024074556,15.380445,10.898567,22.533569,2459.0623,773.53034,7.3166162
0.063503147,40.990185,0.62265575,2638.9497,1.6409033,25.407852,0.5494285,0.42638921,557.71743,1911.1379,290143.57,0.81602084,0.48517841,0.49072377,0.48183396,6.1475122,32.166764,0.39555443,65.811881,344.35966,0.48366059,4.8843564,25.55732,0.4793688,7.852231,41.086679,-60.927524,2.9678746,59.664368,-1.2631558,1.7047188,78.908439,12.69851,20.837026,2524.1925,698.7061,29.901456
0.066682804,35.970149,0.61689818,2378.2259,2.1594351,14.537926,-0.52449579,0.44633081,476.74618,1037.5066,167224.38,0.92037238,0.51739191,0.53698365,0.53218624,3.9330066,37.908256,0.50453937,26.598402,256.36851,0.5337027,2.6897812,25.925436,0.53136133,4.6092784,44.426497,-23.908621,1.9194972,22.665395,-1.2432255,0.67627177,31.256207,11.192859,24.170252,2411.4142,828.33237,13.142657
0.055856337,36.027318,0.61668226,469.34531,1.9046099,19.920902,-1.5292688,0.42008414,443.67078,11415.223,459858.77,0.8972314,0.45224569,0.48588497,0.44877961,29.343645,25.705714,0.32972046,123.49795,108.18707,0.47369863,9.6371947,8.4424063,0.46931308,13.105375,11.480613,-113.86076,3.4681806,94.154305,-19.706451,-16.23827,83.330946,6.7951469,12.942104,2562.0783,799.03294,177.5472
0.062341347,38.149361,0.6122245,2527.1317,1.9145131,19.762214,-1.6008259,0.38331457,502.9375,125.59294,714321.03,0.89946689,0.53180754,0.42263291,0.42222997,0.31977765,25.461435,0.41917248,2.7462251,218.66078,0.4223582,0.21801366,17.358751,0.4221393,0.39173208,31.190613,-2.5282114,0.17371843,2.4264474,-0.10176399,0.071954435,33.304291,11.889398,22.762409,2807.8465,801.84984,13.178692
0.065791265,40.517621,0.62099508,2678.2482,2.0263426,26.130258,-0.096102827,0.50481677,529.00735,609.9561,404659.72,0.90594915,0.5727521,0.48644965,0.4838621,2.0744586,34.009966,0.44905181,29.98215,491.54603,0.48439988,1.6433185,26.941587,0.48299337,2.7709329,45.428398,-28.338832,1.1276143,27.907692,-0.43114009,0.69647426,67.921437,11.894587,24.102508,2132.0378,810.03441,25.360397
0.059337048,40.695048,0.61771198,1787.3493,1.9430527,25.147657,-1.807732,0.23145938,410.31486,1190.256,283152.67,0.87681321,0.46523485,0.4706744,0.46667667,3.0602162,25.710571,0.42458705,35.279358,296.40142,0.46819041,1.9014611,15.975227,0.46671938,3.0275182,25.435856,-33.377897,1.1260571,32.219142,-1.1587551,-0.032698029,53.200624,10.540915,20.481554,4650.0102,773.43932,29.765096
0.058453825,37.822432,0.62803545,3233.2385,1.8248094,17.895928,-0.50757737,0.32083593,484.76233,1732.2654,412219.3,0.88612665,0.49021369,0.46231906,0.45590749,4.981872,28.759288,0.40812062,42.112902,243.10883,0.45690729,4.2050189,24.27468,0.45320913,7.0785354,40.86288,-37.907883,2.8735165,37.13103,-0.77685317,2.0966634,44.903802,13.115256,23.932843,3354.6382,785.08317,13.888181
0.049953989,37.940093,0.61804389,2422.5241,2.3469234,29.565094,-0.44634963,0.36411845,484.94937,263.35916,334443.34,0.94427452,0.51934998,0.48559016,0.48452705,0.90373721,34.315769,0.46860672,14.437427,548.20296,0.48477648,0.69170005,26.264515,0.4842484,1.1406148,43.310237,-13.745727,0.44891473,13.53369,-0.21203716,0.23687757,65.189757,10.953673,25.707431,2955.8746,858.91752,26.909848
0.061439404,41.960519,0.62246655,1608.6733,1.7474506,10.118296,-0.89837715,0.41566186,382.97247,17736.109,312919.06,0.95540739,0.48217775,0.52461315,0.47002287,47.182214,26.602347,0.39544447,111.6401,62.945091,0.4953206,25.317466,14.274532,0.47565862,42.311253,23.855995,-86.322637,16.993788,64.457889,-21.864748,-4.8709604,19.455886,10.543651,18.424509,2589.3366,873.27347,12.094367
0.057777996,37.671062,0.62851303,2682.9984,2.0794626,24.881502,-0.29169863,0.28673363,370.99806,3288.4212,132029.25,0.96562296,0.48921859,0.52116423,0.50975885,10.007022,30.431084,0.4236303,85.575803,260.23371,0.51197789,8.060054,24.510407,0.50637029,12.98013,39.472225,-77.515749,4.920076,75.568781,-1.9469679,2.9731081,60.932839,11.799397,24.536404,3753.6178,886.50769,22.710725
0.059766183,39.847436,0.61732396,2428.0295,1.7492847,10.24605,0.073523601,0.18494108,466.31506,955.96487,186247.41,0.95490563,0.51553201,0.45268993,0.44910701,3.0944114,32.369509,0.42847094,20.916854,218.80358,0.45021486,2.1376077,22.360735,0.4486658,3.4754578,36.355497,-18.779246,1.3378501,17.822443,-0.95680366,0.3810464,25.270555,12.090229,21.149253,5819.629,872.62495,10.407845
0.063730042,41.92657,0.62385461,3054.9505,1.8085313,22.580816,-0.70520682,0.18614249,341.72982,1277.317,128743.66,0.9417864,0.51010115,0.47766804,0.47390455,3.187382,24.953727,0.43341236,37.481132,293.43641,0.47449539,2.6869832,21.036149,0.47252726,4.3538376,34.085803,-34.794149,1.6668544,34.29375,-0.50039887,1.1664556,50.48181,12.908113,23.344726,5782.0677,855.71861,16.524592
0.062903211,38.696962,0.61584235,2524.8943,1.8411997,18.50123,-0.7638391,0.46107186,525.02291,64844.621,178938.94,0.96390344,0.46737337,0.52798618,0.33478596,169.08621,26.075595,0.30158686,198.14161,30.556368,0.39084155,120.02711,18.509957,0.30091701,198.72786,30.646776,-78.114495,78.700742,29.055404,-49.059091,29.641651,38.527976,12.041598,22.170988,2334.3183,884.27597,15.259244
0.065030963,37.027636,0.61871778,2361.2973,2.1385578,13.41395,-1.5521492,0.17204863,464.55719,9276.4848,307462.13,0.9324392,0.45592168,0.42695912,0.397396,24.686974,26.612424,0.33017038,80.824374,87.128234,0.40722321,16.480663,17.766064,0.39435755,27.22426,29.347604,-64.343711,10.743597,56.137399,-8.2063118,2.5372856,23.760066,11.202456,23.957101,6255.7222,843.73246,10.062293
0.056657819,39.107676,0.62333144,1939.7858,2.2633981,18.725708,-0.78087344,0.38664174,525.96945,132909.29,381172.15,0.94383305,0.41863366,0.47233929,0.23037818,205.55241,15.465616,0.24613871,192.16341,14.458238,0.30607932,141.24227,10.626968,0.20830685,224.30259,16.876366,-50.921141,83.060316,-13.388994,-64.310135,18.75018,36.648845,10.295189,23.302111,2783.6841,858.34968,18.893244
0.057816015,37.910877,0.62742643,1275.836,2.1537487,32.556247,-1.86237,0.66001717,415.9251,1530.6359,211564.42,0.9390643,0.51785311,0.57442945,0.56799989,5.4230906,35.430311,0.49053612,70.760896,462.29738,0.57089198,2.9837175,19.49332,0.56905285,4.5349575,29.627931,-67.777179,1.5512399,65.337806,-2.439373,-0.88813311,92.582693,9.1026948,19.604917,1630.6977,852.22289,72.566297
0.060407357,39.672442,0.61706641,1314.1512,1.6595614,25.390742,-0.014621763,0.3487229,530.71614,2529.4952,284291.21,0.93221738,0.46318504,0.4818966,0.47090459,9.1758976,36.275608,0.41603747,54.977794,217.3469,0.47667236,4.3610829,17.240922,0.47318455,7.2726337,28.751324,-50.616711,2.9115508,45.801897,-4.8148146,-1.9032639,33.563389,10.027378,16.641049,3086.3717,843.44862,25.539976
0.062153382,36.224545,0.62253145,2062.1124,1.5584958,22.830521,-2.0208798,0.29330631,391.393,8059.3607,511869.67,0.88325116,0.51651105,0.46353189,0.44064283,17.703542,21.966435,0.35894517,80.89258,100.37096,0.44909731,11.164427,13.852745,0.43929703,18.744454,23.257991,-69.728153,7.5800267,63.189037,-6.5391155,1.0409112,42.576261,11.898867,18.544334,3669.5032,781.48275,20.646916
0.061068144,41.300718,0.62331755,1753.1185,1.727175,26.445453,-2.1991033,0.26653948,536.60393,2580.2286,168392.86,0.87919887,0.47420005,0.48191292,0.47014559,9.0424371,35.0451,0.38195646,76.810157,297.68741,0.4746258,5.5996853,21.702284,0.47051051,8.7620199,33.958308,-71.210472,3.1623346,67.76772,-3.4427518,-0.28041722,59.386849,10.89252,18.813287,4038.0077,776.41707,33.874978
0.058159594,42.439297,0.619189,2604.2827,2.1887038,27.24857,-0.90464283,0.56966634,374.93299,168.11087,453112.74,0.93983619,0.5432812,0.53177961,0.53122805,0.46576101,27.705585,0.52333111,7.1342793,424.37941,0.53135556,0.35808427,21.300482,0.53105047,0.61571711,36.625657,-6.7761951,0.25763285,6.6685183,-0.10767674,0.14995611,54.926049,11.485161,25.137615,1889.3313,853.21372,21.090663
0.062825043,36.318761,0.61244972,1259.4863,1.5276464,29.754236,-0.66139837,0.58971065,372.57101,495304.83,489391.91,0.92568103,0.56046993,0.52972068,0.2043437,268.92835,5.4295524,0.25979625,223.09609,4.5042178,0.30443355,186.20277,3.7593571,0.19390792,277.55366,5.6036937,-36.893314,91.350886,-45.832268,-82.725582,8.6253038,50.242446,10.163117,15.525649,1825.1128,835.09721,39.891221
0.064308596,35.844902,0.61527654,2466.6768,1.4867134,31.394402,0.046670005,0.40444322,418.46749,58.022802,759146.9,0.89900442,0.48056417,0.44736138,0.4471966,0.13066971,22.520408,0.44428531,2.4394154,420.42358,0.44724138,0.095159277,16.400324,0.44716001,0.15969135,27.522172,-2.3442561,0.064532076,2.3087457,-0.035510438,0.029021638,78.271504,12.831134,19.076219,2661.1608,801.26685,31.73156
0.060096482,35.594094,0.63130062,2811.5516,1.6716625,22.874966,-0.36796852,0.24635303,559.02669,3400.7463,409352.65,0.93030922,0.4755738,0.42632323,0.41326801,10.866685,31.953824,0.33555251,75.554214,222.16951,0.41600825,8.5858123,25.246847,0.40946176,14.034875,41.269984,-66.968402,5.4490623,64.687529,-2.2808725,3.1681898,56.339847,12.889494,21.546883,4368.8866,841.00807,20.038703
0.057395814,39.333627,0.61573641,2318.9226,2.1625118,16.631538,-2.7092195,0.25988877,479.1729,13216.377,356695.31,0.95393364,0.53145722,0.45575597,0.41146312,38.198693,28.902545,0.33547015,103.73596,78.490466,0.42672024,25.04077,18.946774,0.40556652,43.283994,32.750273,-78.695186,18.243224,65.537263,-13.157923,5.0853012,24.52376,11.093773,23.990416,4141.3427,871.36906,10.575497
0.059790419,40.890214,0.62373041,2608.3279,1.9310952,25.449276,-1.5509041,0.45004686,456.76312,545.03209,427008.71,0.91502903,0.49851825,0.49308186,0.49104897,1.6529373,30.327338,0.47156741,17.493289,320.95888,0.49159404,1.2097409,22.195775,0.49050231,2.0974246,38.482589,-16.283548,0.88768365,15.840352,-0.44319632,0.44448733,42.683611,11.980903,23.136263,2391.5031,821.5396,16.364358
0.065973272,39.328126,0.62382441,2872.2415,1.7619533,21.274471,-0.30790096,0.35402119,512.40679,4377.2228,293756.73,0.88477302,0.52221563,0.48510437,0.46695169,14.074413,32.153751,0.37334185,86.653413,197.96436,0.47062036,11.229966,25.655459,0.46095977,18.720155,42.767197,-75.423447,7.4901888,72.578999,-2.8444472,4.6457415,54.339795,12.755933,22.475358,3040.1809,783.38768,18.91895
0.059246729,45.590444,0.62019711,2639.5593,2.1349518,35.224988,0.31197017,0.85313365,452.19247,399499.81,71736.291,0.89554398,0.4924505,0.61896267,0.23184213,305.32858,7.6427715,0.25868961,284.15351,7.112732,0.29553081,255.09623,6.3853903,0.17980332,346.37248,8.6701537,-29.057286,91.276252,-21.175067,-50.232354,41.043898,101.99326,11.632806,24.83548,1261.5708,796.90857,38.640261
0.062092569,40.590944,0.61561688,2668.8696,1.8612638,38.215693,-1.3691995,0.52471696,492.86211,688.70808,274444.97,0.8761522,0.52564067,0.52447427,0.5213837,2.3632815,34.314706,0.48148523,32.872563,477.30764,0.52209919,1.81616,26.370533,0.52043122,3.0916118,44.890018,-31.056403,1.2754519,30.509281,-0.54712159,0.7283303,66.929402,12.222025,22.748413,2051.1791,772.61486,25.077809
0.05828943,40.130708,0.62942736,1736.3981,1.8393746,12.946164,-0.41878149,0.29690246,458.16058,712.45249,281766.5,0.94334623,0.49598372,0.48366888,0.48091918,2.334235,32.763377,0.4660588,14.949321,209.82903,0.48213141,1.3051703,18.319401,0.48111787,2.1655713,30.39601,-13.644151,0.86040098,12.615086,-1.0290646,-0.16866367,23.659754,10.632362,19.556897,3625.0574,857.72363,13.625765
0.058512607,41.137874,0.61865677,2714.7504,2.187433,31.277942,-1.2592695,0.77008977,536.82849,974.08719,302985.77,0.97679789,0.54269002,0.53587438,0.53115333,4.2101736,43.221733,0.48431331,45.98161,472.0482,0.53220303,3.2740631,33.611602,0.52946212,5.7183793,58.705005,-42.707547,2.4443162,41.771436,-0.93611051,1.5082057,56.413487,11.647564,25.478265,1397.6143,901.05128,20.780359
0.056001615,38.175683,0.62010442,2930.206,1.7151021,33.34632,-1.0537165,0.34388808,422.24384,882.70659,514880.82,0.90587935,0.47658105,0.46758932,0.46475217,2.2743205,25.765305,0.43025974,29.924168,339.00469,0.46529837,1.8364742,20.805036,0.46372898,3.0945306,35.057295,-28.087694,1.2580563,27.649847,-0.43784624,0.8202101,64.03222,12.957049,22.222661,3129.7638,809.94615,21.852463
0.06381573,39.875952,0.61734856,2732.5382,1.9327274,27.990597,-0.65334711,0.34504727,460.07961,91874.101,550299.79,0.8940971,0.4712571,0.45210518,0.27654777,138.14885,15.036757,0.24647247,161.81558,17.612752,0.31858145,105.0719,11.436509,0.23565733,170.32618,18.539085,-56.743682,65.254281,23.666726,-33.076956,32.177324,61.60114,12.164714,23.511077,3119.2493,795.08835,22.54356
0.059614513,40.846794,0.62755829,3090.3693,1.4721359,15.073001,0.48626686,0.29184119,464.85319,45086.847,249073.22,0.88805781,0.48146853,0.48663814,0.35720782,100.87916,22.374411,0.26809593,170.33378,37.779041,0.37865365,84.164095,18.667106,0.31901205,130.6493,28.977253,-86.169688,46.485204,69.45462,-16.715068,29.770136,58.096762,13.877914,20.430176,3687.9252,787.50392,18.799295
0.056629576,42.270999,0.6289558,2939.5939,2.3482971,16.886586,-1.0094837,0.42588205,373.20798,1423.7305,160630.41,0.95188004,0.53632112,0.55404763,0.54872272,4.5782916,32.15701,0.51177849,36.342483,255.26237,0.54976501,3.6821443,25.862649,0.54671328,6.305984,44.291977,-32.660339,2.6238397,31.764191,-0.89614736,1.7276924,33.005344,11.681039,27.43055,2527.1985,868.71738,11.227858
0.063712533,41.541991,0.61959511,1647.0864,2.1467342,24.489311,-1.5662086,0.19420618,501.07804,53321.799,395531.97,0.91844578,0.52145429,0.42182778,0.29154688,106.49056,19.9713,0.2302223,156.61678,29.371998,0.33804553,68.482939,12.843329,0.29111059,106.84718,20.03818,-88.133839,38.364243,50.126215,-38.007624,0.35661944,53.053129,9.9223849,21.300723,5541.9887,825.88127,32.210289
0.059070077,38.158488,0.62329495,2738.0295,2.3070488,26.350098,-1.6112791,0.45245896,524.40498,7829.7931,175626.35,0.87303682,0.58146847,0.52711767,0.49080105,27.6308,35.28931,0.38909216,105.01404,134.12109,0.49947835,21.02884,26.857466,0.47911348,36.52306,46.646264,-83.985201,15.49422,77.383241,-6.6019601,8.8922599,42.171497,11.475294,26.474063,2378.7538,768.73255,15.402134
0.060747879,40.919661,0.62735572,1749.3656,1.6193457,27.253253,-1.2704489,0.55380262,374.45829,311.33929,724134.61,0.96474716,0.51886515,0.49158298,0.49071762,0.7582905,24.35576,0.47935883,10.711657,344.05093,0.49107185,0.4478896,14.385901,0.4907281,0.74911301,24.060986,-10.263768,0.30122341,9.9533666,-0.3104009,-0.009177491,55.157117,11.121167,18.009014,1943.4514,885.37082,31.529783
0.056071536,36.96274,0.62032186,2585.6949,1.7594381,26.694562,0.026274236,0.51104865,526.74826,422.4921,285083.55,0.93768244,0.4236959,0.51208603,0.5101138,1.6600396,39.291613,0.48246746,24.930189,590.07469,0.51057002,1.2760327,30.202522,0.50959629,2.0956314,49.601671,-23.654157,0.81959875,23.27015,-0.38400694,0.43559181,69.526371,12.32266,21.680958,2106.0391,850.4499,26.888853
0.051906537,41.894538,0.62135775,2417.6036,1.7856132,29.38742,-1.1529695,0.35906962,422.46139,11385.427,86706.625,0.9175634,0.43251566,0.54267266,0.49825095,36.260626,31.84828,0.37086443,140.24389,123.17843,0.50997557,26.690038,23.442282,0.48991616,43.064165,37.823936,-113.55386,16.374127,103.98327,-9.5705877,6.803539,55.846778,11.990463,21.410328,2997.4367,824.75938,23.100056
0.061152739,36.084302,0.6177332,3377.119,1.4878981,28.279553,-0.1637838,0.46803383,555.07056,4945.7814,208375.5,0.90761268,0.48527256,0.51639831,0.49230848,19.363181,39.150904,0.37008349,117.60649,237.79152,0.49486784,17.305991,34.99142,0.48115783,28.325973,57.272999,-100.30049,11.019982,98.243304,-2.05719,8.9627917,87.376034,14.243862,21.193415,2299.5954,812.13873,25.872951
0.06385183,39.094899,0.62254232,1631.5268,2.079265,22.031728,0.32850385,0.3004088,530.99812,115699.17,225032.88,0.93226306,0.50458983,0.48170126,0.23743996,203.91826,17.624868,0.25189185,191.8533,16.582081,0.32616579,129.8467,11.222786,0.23165318,208.74928,18.042418,-62.006602,78.90258,-12.064963,-74.071565,4.8310155,33.831809,9.9968881,20.786179,3582.7461,843.50707,20.736288
0.0620718,40.677346,0.6190064,1961.1952,1.9403818,2.660947,-0.93251556,0.489763,383.37565,137.58401,146740.98,0.88467094,0.40359526,0.56746345,0.56691408,0.42587454,30.953783,0.56638592,0.83530589,60.712427,0.56717986,0.2198364,15.97834,0.5670632,0.31027884,22.551956,-0.6154695,0.090442443,0.40943135,-0.20603814,-0.1155957,5.2207294,10.877137,21.105798,2197.57,783.25986,2.6620142
0.05554225,40.740899,0.62501566,2446.9892,1.8004731,16.023906,-1.9770734,0.39258007,481.07899,5468.263,327552.73,0.95855414,0.54570337,0.49389686,0.47259236,18.499243,33.8302,0.40700468,75.450702,137.97928,0.47968726,12.338556,22.563941,0.46917259,21.468714,39.260573,-63.112146,9.1301576,56.951459,-6.1606868,2.9694708,25.336737,12.005636,21.615825,2741.5769,877.34386,10.35425
0.065705723,38.54225,0.62290294,2134.3552,1.8480981,20.804528,-1.5234291,0.45391932,365.86738,1400.2828,322111.4,0.93047275,0.51466746,0.53534927,0.53063301,3.9266229,28.041642,0.4964916,32.351741,231.03719,0.53230658,2.5332589,18.091052,0.53015341,4.3259182,30.893175,-29.818482,1.7926593,28.425118,-1.393364,0.39929523,39.059738,11.371487,21.015624,2371.1008,841.21714,18.300486
0.063337677,38.416294,0.62262949,2923.7559,1.9317351,36.522401,-1.0158958,0.25896082,378.75375,953.10212,406456.6,0.86734435,0.43115266,0.47008182,0.46720592,2.1679221,22.745959,0.42854601,31.310712,328.51371,0.46768987,1.8031079,18.918308,0.46614999,2.9639134,31.097543,-29.507604,1.1608055,29.14279,-0.36481422,0.7959913,71.205445,12.444226,24.038948,4156.1827,761.65357,24.3541
0.060528506,37.266973,0.6202663,2599.7613,1.5666151,25.162302,-0.14280314,0.70058244,374.0173,9078.8563,362436.07,0.88273184,0.51269633,0.56351371,0.5337155,23.028259,25.364713,0.42852103,104.32325,114.90792,0.5412919,17.173164,18.915558,0.52606892,28.937582,31.873599,-87.150089,11.764419,81.294993,-5.8550953,5.9093234,62.839049,12.831983,20.102777,1536.2767,780.83301,24.171084
0.063386286,38.453968,0.62239609,1718.0469,1.5643836,18.039583,-1.520829,0.4169334,470.38015,6659.8336,197741.99,0.88595385,0.50496919,0.52611615,0.49815793,21.717914,32.610296,0.40622513,93.131216,139.84015,0.5100571,12.474652,18.731177,0.49965684,20.553568,30.861985,-80.656563,8.0789158,71.413302,-9.2432617,-1.164346,37.929016,11.182373,17.49352,2581.4398,784.86668,22.076822
0.051363444,40.320287,0.61942941,2181.4844,2.040637,21.009241,-1.5422715,0.4971447,558.11888,1083.3244,280423.84,0.95594975,0.48612787,0.50419742,0.49895803,4.5320195,41.83437,0.45988425,38.330486,353.82278,0.50070284,3.0227763,27.90278,0.49825466,5.1404311,47.450524,-35.30771,2.1176548,33.798467,-1.5092432,0.60841164,38.917889,11.082358,22.615069,2164.9401,873.97464,17.840095
0.06065913,38.877787,0.61590573,3810.7506,2.1515978,17.596033,-0.87490121,0.35158828,526.26836,2409.932,357008.55,0.92195613,0.39921897,0.46959235,0.4597071,8.1238317,33.709796,0.40433508,53.629312,222.53454,0.46066104,7.3398738,30.456767,0.45435393,12.52314,51.964701,-46.289438,5.1832659,45.50548,-0.78395787,4.3993081,37.513595,13.113537,28.215057,3061.2182,830.34886,9.8441486
0.057470771,39.341353,0.62100122,2908.2726,1.5013277,21.029346,-1.0208959,0.37672943,528.59915,2123.0361,165518.43,0.89440428,0.4784738,0.51336671,0.50310397,8.079829,38.057897,0.43943789,58.204,274.15454,0.50550475,6.1897042,29.154964,0.50011418,10.433684,49.145111,-52.014295,4.2439802,50.124171,-1.8901248,2.3538554,40.922452,13.511075,20.284551,2856.927,795.47469,14.071051
0.052356209,43.231472,0.61700163,3279.6039,1.5731283,33.081694,-1.1010833,0.64757643,346.85533,229.67773,203463.97,0.89515034,0.48458954,0.59133589,0.59049533,0.66254783,28.846847,0.57687827,11.395885,496.16848,0.59061243,0.57024806,24.828183,0.59010767,0.96811577,42.151051,-10.825637,0.39786771,10.733337,-0.09229977,0.30556794,61.622912,13.84594,21.78144,1662.0254,796.41323,18.789742
0.057444545,40.486147,0.6131826,2358.465,2.1232584,24.954933,-0.86565883,0.34039843,344.67068,8208.4901,140202.32,0.88627161,0.46045226,0.54131509,0.51473745,20.655956,25.164136,0.40653643,104.74903,127.61059,0.52207019,14.956998,18.221376,0.5095655,24.675558,30.061019,-89.792029,9.7185593,84.093072,-5.6989576,4.0196016,50.188102,11.224808,23.833167,3161.8491,785.26481,21.279985
0.064174127,39.164537,0.6211645,2522.8983,1.98149,16.295443,-1.4885695,0.8287226,367.34173,245.10861,320291.11,0.90615931,0.42316315,0.58685307,0.58596647,0.71102132,29.008419,0.58022026,5.3193168,217.01877,0.58624987,0.48374217,19.735829,0.58579927,0.84511725,34.479297,-4.8355746,0.36137508,4.6082954,-0.22727915,0.13409593,28.276506,11.747334,23.277225,1298.7319,810.30017,11.207945
0.061779009,43.38854,0.62167374,2033.2602,2.1807165,21.201385,-0.79223636,0.50976036,349.51094,440.51387,192243.07,0.9128127,0.55906074,0.57069736,0.56911449,1.2826124,29.116278,0.55239329,14.831985,336.69734,0.56965661,0.84332802,19.144188,0.56894509,1.4198834,32.232434,-13.988657,0.57655542,13.549372,-0.43928442,0.13727099,41.907244,10.588504,23.090526,2111.3616,818.72689,20.610861
0.057579236,40.710276,0.61360019,2426.7562,1.5814513,31.813028,-1.8384805,0.45158827,482.24615,4438.8213,245591.2,0.90422375,0.49188462,0.5207875,0.50185412,15.138173,34.104039,0.40744437,90.623447,204.16106,0.50750719,10.618266,23.921363,0.49829254,17.985834,40.519393,-80.005181,7.3675689,75.485274,-4.5199077,2.8476612,52.228221,12.501443,19.770423,2383.3402,807.85353,21.521825
0.067160363,37.934341,0.61385456,2274.3924,1.6354163,26.413729,0.57859832,0.27633142,512.16217,715.0151,242475.12,0.8850544,0.50536219,0.4746727,0.47162233,2.3661197,33.091884,0.43379067,31.711532,443.50857,0.47252572,1.6653751,23.291468,0.47119507,2.697539,37.727021,-30.046157,1.0321638,29.345413,-0.70074458,0.33141926,65.435998,12.09806,19.785365,3894.9189,783.74004,28.77076
0.066551384,39.101499,0.62533565,2477.0708,1.7335612,6.9767911,-1.0172065,0.27927137,486.25565,15207.272,366747.4,0.84182598,0.48734673,0.45854773,0.40759845,36.81858,24.211167,0.35194006,77.040203,50.660109,0.42621748,23.363506,15.363378,0.40543074,38.385074,25.241263,-53.676697,15.021569,40.221624,-13.455074,1.5664948,13.633942,12.207773,21.162922,3853.9163,730.15695,5.5040585
0.05857095,38.580233,0.61968621,1440.6477,1.5356918,16.320008,-0.67251598,0.31436715,374.31323,2709.6222,190868.87,0.95638479,0.52867291,0.5203353,0.51097372,8.1028876,29.904123,0.46521586,47.708503,176.07069,0.51563587,4.0675814,15.011618,0.51260263,6.6929884,24.700818,-43.640922,2.625407,39.605616,-4.0353061,-1.4098992,28.939833,10.610144,16.293912,3423.6671,874.53717,20.088071
0.060718972,37.25806,0.62501338,2535.4865,1.6350379,22.72002,-0.84929844,0.20255138,408.84995,17642.672,361565.71,0.92739982,0.45549601,0.44454323,0.39573354,40.447826,22.926134,0.29521334,123.74734,70.140927,0.40900362,29.451115,16.693115,0.38677186,47.874229,27.135475,-94.296223,18.423114,83.299512,-10.99671,7.4264036,46.33375,12.545304,20.512048,5313.6565,837.29092,18.274106
0.062920978,36.342283,0.62234872,2614.016,2.2858027,19.040457,-0.67633339,0.54604087,550.21449,9728.8597,439237.27,0.96075145,0.48872426,0.47944691,0.44143741,33.111666,34.034478,0.35419866,109.10899,112.14982,0.45150947,24.337468,25.015746,0.43078216,42.3939,43.575405,-84.771517,18.056432,75.99732,-8.7741975,9.2822341,40.993407,11.334261,25.907884,1971.0768,880.1894,15.682156
0.06022201,39.985799,0.61918263,2952.0933,1.6206374,14.070412,-0.70990362,0.45300906,344.10736,23807.318,456754.75,0.96899208,0.53386038,0.52147908,0.46018993,54.040344,22.699047,0.37368497,130.31415,54.737012,0.47598398,40.114289,16.849562,0.4427397,69.42669,29.161911,-90.199859,29.312401,76.273804,-13.926055,15.386346,31.080215,13.236854,21.45214,2375.8652,890.88513,10.528195
0.052495135,40.290155,0.6211553,1872.5374,2.3020447,37.17334,-0.56213432,0.33135128,535.80982,2863.3702,396473.76,0.93507425,0.56247965,0.45564733,0.44425757,9.5491621,33.34938,0.35609548,83.464163,291.48925,0.44805831,6.3626225,22.220747,0.44342534,10.246899,35.786148,-77.10154,3.8842765,73.915001,-3.1865396,0.69773692,71.459591,10.117556,23.291067,3248.1796,847.10644,38.161902
0.059052884,41.791881,0.61728916,1975.8167,1.6802194,36.677474,-0.53329803,0.24487735,497.95459,10238.51,141090.4,0.99711948,0.49775839,0.4852855,0.44408118,37.831327,36.950033,0.31420219,157.07841,153.41921,0.45755667,25.458949,24.865874,0.44195533,39.783154,38.856392,-131.61946,14.324205,119.24708,-12.372378,1.9518271,72.198027,11.440112,19.221897,4395.2145,927.67552,36.540853
0.061391527,39.645426,0.61521352,2065.8727,2.0164051,20.465304,-1.1735022,0.29274595,424.55763,2679.2597,322965.49,0.93300432,0.49306274,0.48268117,0.47334938,7.7992739,29.109809,0.41609361,55.65225,207.71503,0.47663071,5.0568238,18.873959,0.47256375,8.4558876,31.560537,-50.595426,3.3990638,47.852976,-2.7424501,0.65661365,39.796053,10.926439,22.032127,3676.5272,844.45572,19.263555
0.058248473,38.844999,0.61336992,2641.4836,2.2339703,27.080239,-0.40592601,0.36580749,536.20089,29798.282,159704.56,0.94449218,0.52362777,0.51102464,0.39748911,96.546729,32.400099,0.29894574,180.34463,60.521823,0.42258558,75.205549,25.238216,0.36691434,122.54647,41.125347,-105.13908,47.34092,83.797904,-21.34118,25.99974,63.398499,11.461115,25.603791,2942.2264,859.19754,24.001095
0.061584366,38.586603,0.62670845,1372.8852,1.8104223,14.837432,-0.64227848,0.21233609,384.35011,4393.881,200121.92,0.92634013,0.52331909,0.48040656,0.46629338,11.676474,26.574398,0.41220446,56.426701,128.42109,0.4733991,5.7975931,13.194698,0.46903274,9.410076,21.416319,-50.629108,3.6124829,44.750227,-5.878881,-2.2663981,25.620833,9.8837439,17.893751,5068.7966,835.93823,18.662036
0.061515451,39.146571,0.61902643,2587.7545,1.9890762,19.851189,-0.13350976,0.24159978,529.43168,2907.862,154123.68,0.91378883,0.42989248,0.47729329,0.46432322,10.525688,36.197345,0.38261973,76.831084,264.21847,0.4673516,8.0680512,27.745647,0.46125018,13.019573,44.773698,-68.763033,4.9515221,66.305396,-2.4576372,2.4938849,49.506207,11.832066,23.534881,4454.8403,819.96533,19.130952
0.062984713,37.890743,0.61934219,2210.1414,1.7584135,33.044532,-1.0513297,0.52672572,459.15368,1579.1144,174495.69,0.94418059,0.52470862,0.55320277,0.54601594,6.1085787,38.683574,0.47990117,62.304091,394.55085,0.54826083,4.2004929,26.600308,0.54498396,6.985734,44.238303,-58.103598,2.7852411,56.195512,-1.9080858,0.87715531,64.439591,11.696872,20.567937,2043.3566,858.79669,29.156321
0.067924971,39.605225,0.62859381,1665.1288,1.6899729,18.464086,-0.025209259,0.19178396,502.29231,21950.992,447533.18,0.94530313,0.55797022,0.41376646,0.35000201,54.28896,24.731893,0.27240148,120.35794,54.830295,0.37749676,30.879967,14.067686,0.35384511,51.016953,23.241297,-89.477972,20.136986,66.068979,-23.408993,-3.2720074,30.872518,10.785147,18.226606,5611.9837,860.24101,18.540619
0.059674818,40.808709,0.62512269,2227.9557,2.1753107,22.708058,-1.4287395,0.5171627,381.74621,2284.0841,410954.86,0.88338495,0.42813529,0.52823944,0.52064495,5.8752123,25.722399,0.46871436,46.049525,201.61046,0.52304372,4.0194868,17.597805,0.51941212,6.8289482,29.897971,-42.030038,2.8094614,40.174313,-1.8557256,0.95373588,42.19117,10.92526,23.765836,2081.1409,781.65016,18.937168
0.059034038,38.565133,0.62369668,1582.3841,2.1109993,20.942034,0.31654004,0.2899216,422.05263,1639.751,346830.37,0.86988754,0.45995825,0.47880245,0.47316154,4.2698996,26.039928,0.44062757,28.896562,176.22531,0.47574081,2.3175166,14.133345,0.47368797,3.871418,23.609793,-26.579045,1.5539014,24.626662,-1.952383,-0.39848164,30.9576,9.8456557,20.784172,3712.3431,764.81383,19.563898
0.059716611,36.274521,0.61615941,2380.6124,1.9450329,5.4226573,-1.1079437,0.35790567,530.41901,77122.709,223551.33,0.90689603,0.55217161,0.49639414,0.29343525,162.95433,21.129228,0.30209469,156.00172,20.227728,0.36900554,102.27945,13.261911,0.28845792,166.95059,21.647397,-53.722274,64.671141,-6.9526057,-60.674879,3.9962619,10.419683,11.593751,22.550226,3007.1847,811.23199,4.3768918
0.054962864,37.329124,0.62221346,4210.5902,2.1195794,21.858501,-0.10562662,0.15000844,519.28349,6989.6542,349637.06,0.8657898,0.51775787,0.40523679,0.38174263,17.665597,25.273921,0.26693757,103.98918,148.77586,0.37989915,19.051736,27.25705,0.36530414,30.025933,42.95768,-84.937443,10.974197,86.323581,1.3861386,12.360336,84.905111,13.624936,28.879134,7174.8529,759.72372,20.164658
0.052765746,39.293452,0.61687515,2304.1081,2.2940716,21.493138,-0.46766281,0.2707143,449.97983,2544.814,441134.39,0.93826282,0.46819183,0.45216851,0.44368389,7.1478244,28.087807,0.38458592,56.93461,223.72798,0.44607511,5.1333556,20.17183,0.44206333,8.5130571,33.452571,-51.801254,3.3797014,49.786786,-2.0144687,1.3652327,45.936935,10.854305,24.900552,3975.7356,851.19443,19.93697
0.064047084,41.855531,0.61622803,1490.9347,1.629772,17.642016,-0.5151089,0.22270768,398.96759,765.20854,505309.96,0.82134188,0.5431564,0.43932924,0.43711667,1.5441677,20.179697,0.42141473,12.502706,163.38953,0.43819629,0.79069053,10.333007,0.43744671,1.3138349,17.169631,-11.712016,0.52314433,10.958539,-0.75347713,-0.2303328,30.299329,10.521572,17.147763,4832.7407,705.15804,20.322372
0.058373905,39.074035,0.61408516,2146.973,1.5539756,20.295009,-0.33557269,0.35914106,386.54311,1052.7737,414699.81,0.91071781,0.4884022,0.49544125,0.49204934,2.7395876,26.022569,0.46306831,26.147057,248.3635,0.4932479,1.7715299,16.827262,0.49176023,2.9730952,28.240591,-24.375527,1.2015653,23.407469,-0.96805777,0.23350753,42.275482,12.071582,18.758943,2996.8405,816.0709,19.690737
0.061134475,38.658473,0.61636403,2126.9387,2.0633917,30.47491,0.27274089,0.56374515,389.33909,89.274468,281061.76,0.91142965,0.55396532,0.5547409,0.55440418,0.2722665,30.497689,0.54894177,4.6890358,525.23816,0.55450892,0.18757641,21.011204,0.55435427,0.31262475,35.018382,-4.5014594,0.12504834,4.4167693,-0.084690092,0.040358245,66.260738,10.948664,22.591383,1909.1755,816.97311,31.153102
0.056981852,40.653755,0.62593874,2461.4678,1.6116252,28.270297,-0.5356547,0.23733057,423.14175,76046.444,500882.89,0.86036612,0.5477563,0.4394393,0.28973312,111.57028,14.671335,0.23631983,151.37717,19.905884,0.32762905,83.327895,10.957501,0.26307492,131.43762,17.283862,-68.04927,48.109727,39.80688,-28.24239,19.867336,61.626814,12.481882,20.116116,4534.9762,753.00189,25.036612
0.060413267,38.913705,0.62191937,1914.616,1.7447619,15.666663,0.25674925,0.51349458,522.67544,2688.4994,260554.79,0.95756795,0.45480049,0.51864906,0.50620226,10.792154,40.141925,0.45186972,57.901856,215.36867,0.51129131,6.3796283,23.729327,0.50619155,10.80144,40.176464,-51.522228,4.4218117,47.109702,-4.4125261,0.0092856472,29.807805,11.179401,19.505393,2096.0074,876.06761,15.568555
0.056967997,41.549391,0.61544157,3257.7148,1.624777,29.364172,-1.8897618,0.33886235,552.68209,2103.7401,249411.48,0.93554589,0.52922007,0.48241372,0.47274759,8.1098505,38.549678,0.41603115,55.694778,264.74172,0.47475129,6.4287529,30.558683,0.46894859,11.297198,53.700541,-49.266025,4.8684454,47.584927,-1.6810976,3.1873478,36.693986,13.667103,22.205995,3176.1819,847.71075,11.26372
0.063901344,38.059541,0.61863198,1994.52,1.7229891,15.98119,-1.7553316,0.32652238,521.11215,42067.887,272530.08,0.90380312,0.46376645,0.480865,0.34974741,104.76605,24.904044,0.29245795,150.54168,35.785415,0.39807,66.155158,15.725809,0.34374621,109.56115,26.043892,-84.38652,43.405994,45.775629,-38.610892,4.7951025,30.969238,11.380342,19.608206,3296.2165,807.32212,15.527163
0.059204864,38.725356,0.62121487,2397.6924,2.1603282,9.6886231,-0.31230811,0.38184239,351.84823,381.07556,301347.67,0.8784099,0.39782328,0.52642481,0.52518852,0.94879996,24.897948,0.51883249,5.8268044,152.90418,0.5255876,0.64251979,16.860693,0.52505624,1.0503213,27.562023,-5.1842846,0.40780153,4.8780045,-0.30628016,0.10152136,21.820158,11.221768,24.242702,2818.672,775.43192,9.1004827
0.061411572,37.646338,0.61885593,839.56298,2.0886067,39.917443,0.47962993,0.7865356,450.90224,58242.293,291433.38,0.92578082,0.45183039,0.56349818,0.40443892,131.48461,22.575453,0.38618092,146.57739,25.166831,0.49751306,54.545889,9.3653402,0.44690082,96.383944,16.548789,-92.031506,41.838056,15.09278,-76.938726,-35.10067,22.304802,7.9989978,16.70676,1368.3913,835.22453,26.567158
0.06011898,40.514471,0.62487957,1475.0686,2.0553277,21.555203,-0.70139725,0.32875606,393.44831,23733.072,133044.73,0.89451576,0.48081065,0.53069251,0.45403231,60.365052,25.434993,0.35003958,142.25275,59.938617,0.48738967,34.098242,14.367395,0.46101026,54.870364,23.11979,-108.15451,20.772122,81.887697,-26.26681,-5.4946879,38.838656,9.7039173,19.94473,3273.8209,795.61491,26.330068
0.059427155,42.179771,0.61251869,1923.9135,1.9336771,16.968366,-1.728659,0.65545989,434.48438,8896.6728,186785.29,0.98483646,0.51654522,0.57452793,0.5377255,33.202629,37.320277,0.44361687,118.10611,132.75312,0.55194205,20.376665,22.903691,0.5359817,34.775867,39.08862,-97.729443,14.399202,84.903479,-12.825965,1.5732373,33.772036,10.820249,20.922867,1642.0356,911.55584,17.553822
0.064068479,40.302625,0.62337067,2566.448,2.183188,11.699063,-2.2616895,0.2042699,396.52284,2081.9507,338613.57,0.95557749,0.55140985,0.45000626,0.4436791,5.4699229,26.273066,0.42324582,23.134795,111.12076,0.44579839,3.6377693,17.472888,0.44280499,6.2256065,29.902756,-19.497026,2.5878372,17.664872,-1.8321536,0.75568364,16.357398,11.438888,24.973243,5268.9529,873.49337,6.3735554
0.06480213,37.903457,0.6242176,3128.869,1.6815824,9.3130976,-1.1830549,0.3629032,406.76393,826.64359,417964.67,0.86098812,0.47132066,0.49046817,0.48770068,2.0646197,24.975935,0.47816036,9.1819212,111.07473,0.4884881,1.4771815,17.86963,0.48713902,2.4836295,30.044744,-7.7047396,1.006448,7.1173015,-0.58743811,0.41900984,16.776455,13.33091,22.417023,2965.7728,753.77187,5.3618271
0.061915405,34.779345,0.61654676,2739.5341,2.053472,28.641065,-0.88200806,0.32772458,330.02824,1033.9259,381845.6,0.83904508,0.44861732,0.50694511,0.50397936,2.1332002,20.632042,0.472795,24.563421,237.57429,0.50463162,1.6640398,16.094383,0.5030534,2.7992229,27.07373,-22.899381,1.1351831,22.43022,-0.46916037,0.66602273,58.452342,11.931618,24.501244,3284.125,726.74819,21.336599
0.059473312,42.372419,0.62356518,2568.2402,2.3664498,14.973582,-1.3859353,0.39122068,379.95501,34271.827,224444.48,0.94054907,0.46772449,0.53422589,0.43589747,83.12188,24.253706,0.3565994,150.15646,43.81338,0.46421802,59.18112,17.268155,0.41522952,100.59351,29.351664,-90.975337,41.412394,67.034578,-23.940759,17.471635,26.479306,11.138229,26.358061,2751.1032,854.12911,10.310292
0.061642346,39.641665,0.62245366,1854.8385,2.199076,29.983198,0.92960297,0.43295008,491.44841,227859.73,195319,0.92595333,0.51873298,0.52546135,0.20393002,265.86043,11.667723,0.24719997,230.08238,10.097544,0.29361237,191.70596,8.4133319,0.17427557,290.38043,12.743824,-38.376422,98.67447,-35.778058,-74.154479,24.51999,52.783767,10.240598,22.519853,2485.9412,835.44464,28.457339
0.05717827,34.646152,0.61819714,2217.1492,2.2364926,11.522333,0.19956786,0.28447566,559.84827,1607.2396,170963.95,0.87759137,0.44724236,0.48355147,0.4758154,5.9293145,36.891292,0.4412522,32.420279,201.71404,0.47843006,3.9253053,24.422652,0.47517572,6.4195993,39.94177,-28.494973,2.494294,26.490964,-2.0040091,0.49028485,26.177602,10.807184,24.170186,3783.4114,774.41025,11.806874
0.059992815,38.532337,0.62368153,2351.2294,1.6078143,21.210821,-0.82170491,0.23468298,546.71218,803.7945,394159.17,0.89331714,0.55825558,0.42764474,0.42452377,2.4529086,30.516613,0.39724808,23.890095,297.21646,0.42549208,1.6918697,21.048535,0.4240617,2.8160719,35.034725,-22.198226,1.1242022,21.437187,-0.76103895,0.36316329,42.981028,12.302397,19.77997,4586.1377,794.10765,18.280236
0.057380052,45.066864,0.61187915,2269.4405,1.8515938,27.614809,-0.76809761,0.32229217,400.61102,35321.723,358246.11,0.88948236,0.50520956,0.49107782,0.39678196,73.661834,20.854541,0.29958194,149.59233,42.351368,0.42387388,52.498224,14.862871,0.38161741,85.508041,24.208344,-97.094106,33.009818,75.930496,-21.16361,11.846207,56.041332,11.599192,21.476992,3339.4807,789.29102,24.693898
0.062998929,40.913694,0.62014237,2730.7288,2.0442334,24.798921,-1.0281269,0.50034026,337.33762,5967.9337,141701.01,0.90020525,0.4611773,0.57991292,0.55940462,16.294434,27.30331,0.4630779,92.828809,155.54598,0.56409475,12.567994,21.059205,0.55315193,21.262378,35.627705,-80.260815,8.6943841,76.534374,-3.7264406,4.9679435,48.206115,11.936749,24.401502,2151.113,802.78087,17.653205
0.058786396,35.946744,0.62604627,2360.2039,1.8673403,27.04716,-0.73387366,0.27157478,545.59867,9115.7282,93627.18,0.87229173,0.51992511,0.49822928,0.45617037,31.96109,35.061477,0.33686716,122.6211,134.51597,0.46776156,23.152802,25.398741,0.44905116,37.37107,40.996253,-99.468297,14.218268,90.66001,-8.8082877,5.4099804,55.742153,11.718681,21.882765,3963.1385,767.8049,23.617515
0.061941088,38.917483,0.6173039,2723.4901,1.4990642,20.13318,0.42400323,0.57407877,358.22294,725.27988,259109.59,0.86303808,0.51372734,0.5684425,0.56585634,1.9358343,26.690859,0.53293099,26.581675,366.50231,0.56642253,1.5120225,20.847435,0.56510556,2.4978195,34.439389,-25.069653,0.98579706,24.645841,-0.42381182,0.56198524,63.012101,13.225291,19.82556,1874.8097,756.31119,23.136527
0.063686161,40.203609,0.63034218,1938.8753,1.5295923,32.82623,-0.38201562,0.67946024,398.22728,844.78654,360385.1,0.94615505,0.40669311,0.55436325,0.55125468,2.6500099,31.368989,0.5136409,34.715145,410.93393,0.5523932,1.6794359,19.880004,0.55112495,2.7605981,32.678055,-33.035709,1.0811622,32.065135,-0.97057398,0.11058819,63.935373,11.729913,17.941984,1584.0345,861.33759,32.975494
0.060814289,44.490826,0.61707915,2065.165,2.3130568,6.373712,-0.63976145,0.3409941,546.02828,1381.3985,477658.38,0.9551265,0.50989596,0.44081226,0.43547854,4.6080063,33.357544,0.4202625,17.753715,128.51986,0.43764252,2.7384621,19.823838,0.4354717,4.6139173,33.400334,-15.015253,1.8754552,13.145709,-1.8695443,0.0059109769,12.738383,10.436612,24.140475,3156.3257,872.91041,6.1682156
0.061150634,37.604925,0.61703534,3520.3927,1.6464967,27.88215,-0.89499156,0.2294837,379.50509,109904.38,145085.47,0.95203382,0.50623351,0.4955562,0.28671189,179.60281,16.341733,0.25533386,206.58741,18.797013,0.32643471,145.4418,13.233485,0.22522833,232.47769,21.152723,-61.145608,87.035887,26.984607,-34.161001,52.874886,58.169286,13.963044,22.990107,4690.0432,868.91587,16.523522
0.060504194,38.312624,0.6219284,2611.8852,2.2536008,9.3564597,-0.64783487,0.47177519,480.783,258.3135,281590.14,0.92798561,0.48156809,0.51742008,0.5163001,0.92893598,35.961573,0.51108982,5.250475,203.2598,0.51663545,0.6507921,25.193886,0.51609162,1.1018532,42.655658,-4.5996829,0.45106115,4.321539,-0.27814388,0.17291727,20.303664,11.384896,25.657011,2281.3588,838.03896,7.7735665
0.057287703,38.226267,0.62441109,1750.1412,2.0686651,19.784998,-1.362628,0.21822451,470.19854,500.27318,240453.12,0.94227417,0.59072915,0.46148652,0.4595764,1.6189139,32.360598,0.44206424,16.46122,329.04462,0.4603334,0.9773221,19.535769,0.45962003,1.5819326,31.621375,-15.483897,0.60461046,14.842306,-0.64159183,-0.036981366,40.461541,10.250955,21.205793,4932.0237,856.34545,23.119016
0.066780459,40.832504,0.62153115,2376.5045,1.5246431,20.744131,-1.2410338,0.32717665,433.30758,633.04238,98582.128,0.91403864,0.50803878,0.52997756,0.5272858,2.1853059,34.520688,0.50361712,21.400736,338.06167,0.52813936,1.4923439,23.574154,0.52690615,2.4935269,39.389572,-19.908392,1.001183,19.21543,-0.69296199,0.308221,38.863446,12.566862,19.15998,3289.6249,820.28235,16.353196
0.058658529,39.869041,0.61502649,1710.6364,1.594141,16.245551,-0.089804543,0.60079301,431.95259,56846.253,333814.31,0.90945113,0.46748015,0.53925333,0.39062694,119.80686,21.075596,0.34751446,154.55958,27.189054,0.45229527,70.096388,12.330872,0.39214043,118.58685,20.86098,-84.463197,48.490467,34.75272,-49.710477,-1.22001,28.134551,11.096356,17.689155,1791.4464,814.46617,16.446833
0.062754324,42.04083,0.61856192,2169.3923,1.4689135,15.366323,-0.69919354,0.49627012,499.66075,3683.5114,533513.49,0.91812676,0.48825917,0.46975783,0.45648074,10.847255,29.448137,0.39977372,57.176349,155.2224,0.46145943,6.7797083,18.405558,0.45537562,11.750124,31.899246,-50.396641,4.9704154,46.329094,-4.0675467,0.90286866,31.074336,12.342903,18.130657,2168.7553,825.47561,14.323982
0.066113557,34.067241,0.62147285,1900.4761,2.2415675,15.907418,-0.93712449,0.4273233,333.67528,2208.8468,299371.38,0.87394435,0.5097648,0.54158786,0.53468381,5.2605362,23.815759,0.50048822,31.31585,141.77466,0.53742995,3.1681216,14.342876,0.5344966,5.4031823,24.461553,-28.147728,2.2350607,26.055313,-2.0924146,0.14264613,31.148472,10.258257,22.994575,2518.6749,769.86291,16.389826
0.058587537,35.257286,0.6136761,2231.1725,2.2836626,33.157529,-2.1164793,0.19262508,346.04007,16592.426,236841.62,0.955002,0.4915528,0.47235911,0.42876142,37.65875,22.69635,0.31886513,132.58479,79.906814,0.44146924,26.682002,16.080833,0.42189826,43.586993,26.269211,-105.90279,16.90499,94.926039,-10.976747,5.9282431,56.358783,10.754836,24.560416,5587.4784,872.7495,25.259716
0.055340733,38.777557,0.62496834,1834.7977,1.6781097,7.9539288,0.007947313,0.3725363,331.75636,3911.4086,526979.17,0.93930061,0.50376281,0.49927451,0.48879392,8.8431339,22.608566,0.46234527,31.159526,79.663183,0.49362293,4.7685945,12.191502,0.48981195,7.9841562,20.412483,-26.390931,3.2155617,22.316392,-4.0745394,-0.85897768,14.586076,11.165872,18.737558,2889.0835,852.52619,7.9496916
0.058211986,37.898581,0.61535407,2564.2012,2.3342232,18.233475,0.90567245,0.40511334,534.02476,1004.499,284490.25,0.89816908,0.53566106,0.49287091,0.48831442,3.6086849,35.925222,0.44058512,41.40975,412.24282,0.48925836,2.8610949,28.482805,0.48692665,4.7077858,46.867004,-38.548655,1.8466909,37.801065,-0.74759001,1.0991009,59.58007,11.183385,26.104516,2656.7589,800.21414,23.235334
0.057980324,34.580272,0.62375852,1800.6532,1.8348487,17.878749,-0.45974623,0.50303934,436.95833,415.0608,262721.1,0.92852852,0.49345972,0.53654953,0.53484178,1.4176217,34.154556,0.52326785,11.025267,265.63018,0.53556826,0.8145601,19.625079,0.53488904,1.378385,33.209231,-10.210707,0.56382489,9.6076457,-0.60306163,-0.039236741,33.489248,10.770767,19.762729,2139.5712,838.73242,18.598389
0.066722617,40.347748,0.62635599,2347.2301,1.5127287,22.237579,-0.039494836,0.61700446,423.40453,36965.101,479531.45,0.92350047,0.51501651,0.51866231,0.41944252,81.733402,22.110964,0.33684648,149.77281,40.517355,0.4492485,57.1804,15.468753,0.40235413,95.810158,25.919085,-92.59241,38.629758,68.039408,-24.553002,14.076756,51.828492,12.547819,18.981446,1744.3771,832.31656,22.080704
0.06182763,39.281132,0.61789181,1931.6667,2.1483972,29.23127,-0.19332115,0.46009172,525.28835,34989.934,177303.53,0.91459747,0.47193617,0.52795624,0.39944306,104.42372,29.843932,0.31476661,173.2278,49.507895,0.44205865,69.796312,19.94754,0.38816273,113.58959,32.463504,-103.43149,43.793276,68.804077,-34.62741,9.1658667,56.635625,10.461065,22.474523,2339.2911,820.99169,29.319564
0.060539694,36.725175,0.63043682,2463.6328,2.2024976,18.157543,-1.2667968,0.68706532,391.61207,157.9675,379646.38,0.85841351,0.5557451,0.5536055,0.55303545,0.42347702,26.807858,0.54876319,3.5972094,227.71832,0.55320722,0.29587074,18.729849,0.55290168,0.52284841,33.09848,-3.3013386,0.22697767,3.1737323,-0.12760628,0.099371389,33.526396,11.250976,24.780249,1566.5009,750.58621,13.60852
0.065434509,43.590612,0.62379818,1322.2946,2.1140978,28.600321,0.18456177,0.31110031,378.81004,219.9028,432962.75,0.91765104,0.5043243,0.48261511,0.48193579,0.55459754,25.220122,0.47565299,5.6838193,258.46962,0.48228037,0.27328522,12.427546,0.48205495,0.45731285,20.796136,-5.4105341,0.18402764,5.1292217,-0.28131232,-0.097284688,35.161635,9.2691039,19.595793,3459.6187,824.87079,26.591378
0.056655505,38.73588,0.616336,2828.2721,2.0252339,12.64511,-2.482352,0.26582008,468.89205,16460.939,523973.49,0.96120361,0.48761681,0.43395878,0.38581475,41.968198,25.495629,0.33654481,84.917877,51.587506,0.40247752,27.442903,16.67153,0.37958594,47.397991,28.794221,-57.474973,19.955088,42.949678,-14.525295,5.4297926,14.42821,12.114869,24.535443,4048.9359,880.77529,5.101422
0.059636125,42.71426,0.61958719,3038.5843,2.0545776,24.718139,-1.1977301,0.28101386,509.66542,19901.109,212897.62,0.98122543,0.46162344,0.48205408,0.40864017,65.889805,33.108609,0.30479675,159.09044,79.940487,0.42315476,52.862797,26.562739,0.38367937,88.292401,44.365567,-106.22764,35.429604,93.200632,-13.027009,22.402596,44.479693,12.348654,25.371268,3830.0191,906.83264,14.638295
0.05439038,43.086405,0.62613086,2091.9661,1.7015708,27.345671,-0.5516341,0.52091298,542.52222,6496.2352,408770.12,0.90369543,0.5854102,0.48411763,0.45767462,21.125026,32.518874,0.35538093,102.84632,158.3168,0.46638874,14.163413,21.802494,0.45465699,23.535775,36.229869,-88.682906,9.3723619,81.721294,-6.9616125,2.4107493,55.218147,11.611052,19.757028,2066.1579,807.18608,26.395335
0.060740888,43.427081,0.63292607,1716.4407,2.0964116,33.850212,-0.45767274,0.25543993,525.22839,2553.3556,483800.31,0.92561048,0.38594387,0.42394011,0.41486933,7.4963179,29.358692,0.34000966,69.362151,271.65097,0.41827389,4.682705,18.339416,0.4149926,7.3944397,28.959694,-64.679446,2.7117347,61.865833,-2.8136129,-0.10187818,61.7691,10.139599,21.256773,4213.47,835.0072,35.986736
0.057811044,36.513598,0.60969032,2700.0113,1.7263246,25.987549,-1.4602763,0.33254173,525.51203,989.63191,218196.14,0.93534377,0.44798349,0.4923517,0.48783399,3.7891931,38.288913,0.45196824,33.871253,342.26112,0.48903836,2.7790377,28.081529,0.48671881,4.7245327,47.740303,-31.092215,1.945495,30.08206,-1.0101553,0.93533963,44.020187,12.581075,21.719019,3236.5516,847.45175,16.303705
0.059092422,40.079347,0.61646661,2336.9441,2.246525,30.020376,-1.9877044,0.61552753,342.20759,1618.6814,767269.24,0.86792026,0.47752795,0.50715716,0.50301726,3.1236867,19.297725,0.46707797,30.241046,186.8252,0.50426652,2.1810841,13.47445,0.50204769,3.8552598,23.817287,-28.059962,1.6741756,27.117359,-0.94260258,0.73157305,49.558331,10.982024,24.671392,1748.5627,762.36888,21.206469
0.058316026,40.542975,0.62393096,1909.1271,1.6929861,25.728527,-0.50300598,0.44144412,373.6344,10756.336,482632.45,0.95669033,0.46951945,0.50664941,0.47542621,27.037378,25.136233,0.37619469,112.9658,105.02256,0.4870601,16.963137,15.770367,0.47420886,28.091525,26.116257,-96.002662,11.128387,85.928422,-10.074241,1.0541468,49.799137,11.281422,19.099292,2438.1081,874.93231,26.084767
0.060071112,39.687188,0.61765007,2462.205,1.5378934,16.226282,-1.3618077,0.22518658,533.1692,9130.822,435070.34,0.93560401,0.47295803,0.42046474,0.3891555,26.270672,28.77142,0.31270727,90.416143,99.023005,0.39937873,17.692654,19.376847,0.38492063,29.824028,32.663027,-72.723489,12.131374,64.145471,-8.5780177,3.5533563,29.32556,12.679517,19.499745,4779.5408,847.78523,11.910284
0.056724921,39.247246,0.6271235,1611.1555,1.4737818,1.6135375,-0.17101465,0.97255781,513.97758,941.69861,253751.64,0.93044534,0.51585837,0.57047925,0.56578162,3.9109446,41.530746,0.56518192,4.4102186,46.832591,0.56856455,1.5940593,16.927489,0.56780804,2.2238766,23.615587,-2.8161594,0.62981731,0.49927402,-2.3168853,-1.687068,2.688749,11.165327,16.455256,1106.6576,841.18211,1.6688327
0.062567343,41.169142,0.61950701,1982.9691,1.836858,16.439867,-0.68538131,0.40778372,349.0534,8091.314,519286.23,0.92171466,0.42732404,0.50259871,0.48039741,18.238573,22.540929,0.40579518,79.524994,98.284399,0.48894072,11.220162,13.866922,0.47953104,18.950307,23.420556,-68.304832,7.7301449,61.286421,-7.0184111,0.71173383,32.363519,11.118601,20.423292,2639.361,830.04131,16.320738
0.056589767,42.497327,0.61498539,2521.6878,1.9989896,24.381561,0.11752001,0.28482763,469.28905,1611.0744,394548.2,0.92343275,0.46208158,0.45917643,0.45338699,4.7686255,29.59904,0.3918451,55.459182,344.23725,0.45469201,3.6937139,22.927023,0.45190615,5.9883522,37.16993,-51.765468,2.2946383,50.690556,-1.0749116,1.2197266,63.322869,11.71108,23.410328,3778.7361,832.23024,25.111305
0.060062372,41.125713,0.61748577,2405.8948,1.5628663,20.03391,-1.2898666,0.20164961,494.61187,257.52215,575568.86,0.90027377,0.40966057,0.39724876,0.39644215,0.64094158,24.888794,0.38893013,6.6101015,256.68089,0.39669715,0.43831135,17.020335,0.39633255,0.72802659,28.270445,-6.1717902,0.28971525,5.96916,-0.20263023,0.087085016,37.051011,12.514735,19.558857,5337.419,802.86729,15.400096
0.061364427,37.453408,0.61770391,2663.9312,1.9600505,24.538482,-2.340626,0.31907938,540.48972,1846.5586,246644.9,0.88427643,0.5501797,0.48060754,0.47230433,6.4326635,34.835957,0.42957798,39.533615,214.09348,0.47474415,4.5424875,24.599748,0.47029655,7.9881303,43.259555,-34.991127,3.4456427,33.100951,-1.8901759,1.5554668,31.952102,12.005731,23.53184,3373.1057,782.76594,11.994342
0.065316456,39.202032,0.62651303,1913.0422,1.6759959,33.673314,-0.47665246,0.51988589,378.39616,791.87929,681198.85,0.98324049,0.46812133,0.49073346,0.48848024,2.0281696,25.612106,0.46001916,27.646529,349.12554,0.48931888,1.2732928,16.07938,0.48836943,2.1279092,26.871635,-26.373236,0.85461637,25.618359,-0.75487683,0.09973954,65.199684,11.327148,18.984253,2070.2398,909.46743,34.081675
0.060956276,38.10404,0.62166501,1956.0837,2.2498974,21.582465,-0.27087953,0.50903776,503.87851,32127.132,1609020,0.95057962,0.52270387,0.33589801,0.28617463,42.668984,13.281292,0.23695243,84.907884,26.428716,0.30467364,26.794484,8.3401418,0.27977916,48.157105,14.989544,-58.113401,21.362621,42.238901,-15.8745,5.488121,42.251884,10.34455,23.274177,2114.3588,867.03946,21.600243
0.062093555,42.759125,0.62552952,2349.5527,1.5260418,23.000536,-1.9033999,0.3938431,538.26055,5377.4953,553087.05,0.863664,0.45526162,0.43983202,0.42065879,14.36659,26.716137,0.34581405,70.44812,131.00545,0.42701513,9.6037524,17.859155,0.41780241,16.50689,30.696242,-60.844367,6.9031375,56.08153,-4.7628376,2.1402999,38.346835,12.515349,19.098945,2732.7849,757.08703,16.320909
0.066223453,39.057635,0.61677036,2448.9076,2.0479882,30.753259,-0.094366263,0.48142762,371.85256,5251.6105,337517.92,0.9064157,0.5025969,0.53627679,0.51891373,13.930244,26.525661,0.41639343,96.181454,183.14659,0.52317294,10.513114,20.018838,0.51454747,17.433259,33.196024,-85.66834,6.920145,82.251209,-3.4171301,3.5030149,73.752948,11.504075,23.560209,2235.6184,810.62442,30.116673
0.06088964,40.298985,0.61871377,2457.7274,1.6282229,25.804416,-0.79049306,0.53021631,334.56965,1121.7956,203116.51,0.92682195,0.56404358,0.57599525,0.57213798,3.193642,28.469019,0.5323025,36.175595,322.47939,0.57322577,2.2930049,20.440488,0.57132743,3.8647387,34.451363,-33.88259,1.5717338,32.981953,-0.90063706,0.67109672,53.075838,12.433021,20.243729,2029.9045,836.5532,21.595495
0.059969404,36.289574,0.62577967,2586.6732,1.9849038,8.4392139,0.43645287,0.24892497,362.05416,569.04598,209277.62,0.94793169,0.49714119,0.49722262,0.49538961,1.5667676,27.533234,0.48511774,10.346632,181.82418,0.49588939,1.1395823,20.02619,0.49506826,1.8414348,32.360035,-9.2070498,0.70185253,8.7798645,-0.42718531,0.27466722,24.628204,11.838702,23.498684,4323.7464,863.6258,9.5211889
0.058302995,40.322606,0.61806229,3694.7154,2.1975068,11.901307,0.084507162,0.3229122,421.77955,2171.3855,310973.13,0.9067352,0.48850145,0.49389268,0.48614616,6.2180712,28.636422,0.42552605,54.87734,252.7296,0.4864326,5.9881454,27.577532,0.48159544,9.8708936,45.458964,-48.889195,3.8827482,48.659269,-0.22992582,3.6528224,46.38787,12.888043,28.321561,3333.0684,811.02854,12.555194
0.068161773,39.814131,0.62647123,2689.8605,1.9863897,32.351016,-0.092930866,0.27190103,352.2126,17486.539,286749.35,0.9192349,0.42394674,0.4967609,0.44849984,39.496148,22.5866,0.31900087,145.4762,83.193245,0.45734493,32.257453,18.447019,0.43447613,50.972945,29.149819,-113.21874,18.715492,105.98005,-7.2386947,11.476798,84.505329,11.991085,23.818967,3958.3831,826.88496,31.416249
0.05708361,40.956915,0.62977785,2059.5897,1.4788401,24.746786,-1.5583174,0.43271707,355.0617,121277.55,223764.24,0.93100039,0.504815,0.54898705,0.32780494,184.29733,15.196327,0.3031095,204.8745,16.893028,0.39616014,127.34118,10.49998,0.30678661,201.81059,16.640392,-77.533322,74.469415,20.577172,-56.95615,17.513265,47.256425,12.103841,17.899645,2487.2799,841.89185,22.944582
0.059118682,41.454017,0.62069828,2572.3534,2.2924051,19.491303,-1.435806,0.55554856,461.4216,15942.616,543074.77,0.93836019,0.52513993,0.48783601,0.43811379,41.894378,26.278233,0.35577532,111.27018,69.794178,0.45232269,29.922403,18.768816,0.42475654,53.148775,33.33755,-81.347775,23.226372,69.3758,-11.971974,11.254398,33.985025,11.262889,25.819104,1937.3436,851.31935,13.211647
0.052739892,38.477804,0.6147732,1663.5995,1.7327122,28.892856,-1.417789,0.21721511,517.89953,14540.178,307003.86,0.90156156,0.47929504,0.44179629,0.39108403,40.378243,27.770116,0.28035865,128.54028,88.40351,0.41089857,24.60146,16.919641,0.39349297,38.460189,26.450975,-103.93882,13.858729,88.162033,-15.776784,-1.9180543,60.734615,10.692456,18.526949,4954.943,804.49193,36.507956
0.068738205,40.236074,0.61758792,2505.8129,1.7396925,7.1032497,-0.41497534,0.41358192,370.00189,9428.7211,366499.08,0.93075281,0.59920742,0.51934556,0.49026757,24.219773,25.68723,0.43505732,70.205745,74.459456,0.50039822,15.781701,16.737902,0.48676231,27.13939,28.783744,-54.424044,11.357689,45.985972,-8.4380722,2.9196165,16.081194,12.240395,21.294523,2602.3586,841.57524,6.4175558
0.068401818,42.64193,0.62184142,2578.2309,1.5823577,15.21788,-0.55928863,0.27920423,400.17281,2139.0513,652161.68,0.90098299,0.46451596,0.43902123,0.43311992,4.6944905,21.946601,0.39541896,34.685607,162.15416,0.43484956,3.3185682,15.514205,0.4319402,5.63296,26.333917,-31.367039,2.3143918,29.991117,-1.3759223,0.93846948,33.677231,12.753883,20.181204,3854.843,803.7619,13.062147
0.059861963,39.772977,0.62238472,1767.9836,1.5795751,18.9121,-1.6804859,0.39488651,496.19649,85.151339,577065.78,0.91347717,0.43765566,0.44750751,0.44720904,0.24210477,28.432291,0.44424733,2.644481,310.56247,0.44733547,0.13954769,16.388197,0.44722051,0.23280039,27.339604,-2.5049333,0.093252696,2.4023762,-0.10255707,-0.0093043755,39.831371,11.253372,17.775546,2725.564,819.56986,22.529265
0.056090792,35.871197,0.62229632,1896.5708,2.1633652,28.168701,-1.6881748,0.27471957,501.26298,1438.2994,248590.86,0.9386015,0.51050162,0.47482476,0.4688644,5.0238403,34.929029,0.41580975,49.742278,345.84091,0.4709613,3.2564114,22.640706,0.46857904,5.2643661,36.601322,-46.485867,2.0079547,44.718438,-1.7674289,0.24052579,56.574022,10.373288,22.441211,3917.7714,851.62897,29.829639
0.068836687,39.076075,0.62335143,2513.305,2.3539373,17.218582,-0.98272153,0.3456531,557.14185,4400.2181,468226.03,0.86673163,0.51393446,0.44092256,0.4240419,12.712345,28.890262,0.35888566,61.779649,140.40133,0.42883723,9.1011205,20.683339,0.41989562,15.834791,35.986377,-52.678528,6.7336702,49.067303,-3.611225,3.1224452,33.928373,11.077799,26.076443,3113.7822,760.89276,13.499505
0.068574597,39.980676,0.62364445,2120.0639,2.282657,22.100447,-1.2496456,0.36844001,554.46828,5586.9608,263756.92,0.94079417,0.53648598,0.48576086,0.46084315,21.071937,37.716277,0.36907413,98.677413,176.62091,0.46903006,14.148579,25.324285,0.4574723,23.922529,42.818501,-84.528833,9.7739497,77.605476,-6.9233574,2.8505923,42.53145,10.574816,24.138677,2921.2041,854.4439,20.061401
0.065196643,39.676921,0.62258028,2007.5811,1.8198385,29.697657,-0.81556057,0.41466032,484.0162,2014.6091,273214.18,0.95396233,0.4706284,0.50773235,0.4992098,7.3502623,36.484806,0.42983188,67.18517,333.48985,0.50217147,4.7959729,23.805973,0.49858265,7.8911532,39.169649,-62.389197,3.0951803,59.834908,-2.5542894,0.54089084,58.515078,11.199109,20.380569,2595.5907,871.40613,29.147055
0.057569564,40.567094,0.62105672,2369.4832,1.5422615,11.119389,0.87040764,0.35544773,430.09393,165.58222,350967.14,0.96798435,0.43478899,0.49353305,0.49292964,0.53125644,32.084148,0.48804517,4.8317002,291.80067,0.49312011,0.36356487,21.956758,0.49285655,0.59560654,35.970441,-4.4681353,0.23204167,4.3004437,-0.16769157,0.064350099,31.04996,12.506484,19.288269,3027.9796,889.57513,13.104106
0.060970566,42.379156,0.62830679,2698.0216,2.085743,11.752334,0.37145592,0.50350689,442.91329,7958.522,1002559.6,0.9226232,0.53423056,0.42282904,0.40347787,15.919334,20.002878,0.3367667,70.799581,88.960716,0.40817098,12.058519,15.151707,0.39732412,20.981743,26.363869,-58.741062,8.9232238,54.880247,-3.860815,5.0624088,35.690775,11.809502,24.631586,2137.5844,831.19863,13.228498
0.056518739,40.375186,0.62171012,2559.5672,1.8180661,14.469215,-1.0359902,0.20517102,363.36955,3169.5848,377841.07,0.88128884,0.41508415,0.4605344,0.45159576,6.8918752,21.743779,0.4069818,41.290168,130.26996,0.45420829,4.8775616,15.388645,0.45013834,8.0155783,25.289048,-36.412606,3.1380166,34.398292,-2.0143136,1.1237031,28.118823,12.147558,22.085064,5245.8114,779.0285,10.985772
0.056919553,38.618972,0.62967882,2089.0768,1.6451643,26.969565,-0.79307892,0.23227113,444.13466,876.70485,220112.49,0.84299804,0.47033102,0.47487633,0.47158658,2.3820236,27.170189,0.43607435,28.095535,320.46744,0.47268576,1.5861384,18.092045,0.47138838,2.5255318,28.807092,-26.509397,0.93939337,25.713512,-0.79588522,0.14350815,53.606748,11.736855,19.309055,4633.7591,731.59503,25.660496
0.059897702,39.43009,0.63226115,2987.0628,2.3233629,42.730239,-0.87981822,0.34791107,439.36926,113.94447,663342.09,0.92877426,0.47986388,0.44253942,0.44219334,0.28739133,25.222051,0.43468654,6.5211975,572.31362,0.44223309,0.25438537,22.32538,0.44203207,0.4213104,36.975061,-6.2668121,0.16692503,6.2338061,-0.033005968,0.13391906,88.18211,11.78544,27.381854,3093.5735,839.04635,29.521344
0.065081504,40.639095,0.62218348,3354.6236,1.5488154,14.359628,-0.69033091,0.43650877,555.33897,8835.0667,183684.62,0.88678454,0.52231855,0.51644938,0.47465656,32.507678,36.793925,0.37684378,108.58931,122.90718,0.48281364,26.162866,29.612528,0.45877688,44.859358,50.774215,-82.426448,18.696492,76.081636,-6.3448121,12.35168,33.264723,14.023338,21.719563,2465.6743,785.90761,9.9160821
0.058225029,40.841496,0.62320163,2971.2728,1.605312,18.254839,-0.062350111,0.37270979,357.385,18622.796,315860.72,0.9770019,0.50226497,0.52070183,0.4672694,47.664547,25.594732,0.35155444,150.88839,81.023487,0.47741417,38.614879,20.735275,0.44983106,63.220461,33.947889,-112.27351,24.605582,103.22384,-9.049668,15.555914,52.854609,13.307538,21.362752,2887.7386,901.31744,17.788541
0.057722123,41.943617,0.63403092,2188.5801,1.597056,34.380199,0.23171597,0.3420926,521.2062,19031.46,657062.2,0.98975855,0.48285287,0.41832058,0.36345826,49.846207,26.191479,0.26182063,142.19103,74.713673,0.37903409,35.694487,18.755517,0.35577588,56.826185,29.859079,-106.49654,21.131698,92.344818,-14.15172,6.979978,77.173266,12.038826,19.226679,3146.1904,918.00542,35.261797
0.060551602,39.252367,0.62275783,2471.0896,1.5725429,13.216321,-1.2061471,0.59642302,356.19968,35633.419,228656.01,0.91060826,0.51245665,0.57745567,0.47652834,81.503362,22.872731,0.40485549,139.38241,39.115644,0.51053373,54.042483,15.166236,0.46225827,93.027088,26.106697,-85.339931,38.984605,57.879052,-27.460879,11.523726,24.726698,12.600817,19.815325,1804.5723,815.93208,10.006395
0.057764122,36.85823,0.62400857,2283.7913,1.522013,29.718389,0.43065833,0.26465071,342.15519,3013.7832,605202.41,0.90509547,0.51040543,0.45715048,0.44957324,6.0666337,20.129628,0.37975162,61.968604,205.61732,0.45173452,4.3362293,14.387993,0.4484504,6.9656282,23.112572,-57.632375,2.6293989,55.90197,-1.7304043,0.89899452,72.457458,12.408408,18.885758,4066.8263,808.95516,31.72683
0.063349882,46.52873,0.62168697,2208.2261,1.723335,25.322645,-0.73844342,0.38359211,440.21057,2332.6899,239206.7,0.91328949,0.47802218,0.51697729,0.50771695,7.509304,32.191609,0.43279998,68.260199,292.62441,0.51059145,5.1783392,22.199004,0.50650281,8.4938598,36.412298,-63.081859,3.3155207,60.750895,-2.3309648,0.98455586,51.244103,11.7723,20.287616,2805.8149,819.33173,23.206004
0.060385214,38.14187,0.62143448,764.08208,1.8802353,20.275629,-1.4849169,0.26405013,450.31446,6309.3592,200313.18,0.91994142,0.52543293,0.4887815,0.46511429,19.389948,30.73204,0.35249895,111.65288,176.9639,0.47917763,7.8682047,12.470688,0.47496252,11.321538,17.944037,-103.78468,3.453333,92.262936,-11.521743,-8.0684102,62.847517,8.0280976,15.094712,4076.0762,827.7839,82.252312
0.062437263,37.661198,0.60934941,2726.9452,2.0735259,25.601573,-0.98622031,0.32481524,432.15362,202.57939,143180.39,0.84578997,0.5333697,0.52129297,0.520457,0.60814347,30.020007,0.51061644,7.7668389,383.3973,0.52064733,0.46967977,23.184974,0.52019875,0.7960113,39.293796,-7.2971592,0.32633153,7.1586955,-0.1384637,0.18786783,50.459656,11.874783,24.62267,3313.5405,735.02398,18.504096
0.059433153,37.800919,0.61890294,1986.2266,1.4803737,18.331956,-1.8008945,0.48716986,402.34451,3210.0978,218675.46,0.82730906,0.53729172,0.54994905,0.5375612,8.7345628,27.209647,0.47654467,51.756772,161.23114,0.54244739,5.2893524,16.477231,0.53724722,8.9559479,27.8993,-46.467419,3.6665956,43.022209,-3.4452104,0.22138519,35.616777,11.954255,17.696765,2209.2674,712.41406,17.93188
0.065221475,39.048225,0.62089547,2674.4507,1.793476,12.065123,-0.015547032,0.22412413,470.03902,3713.6672,318224.01,0.92398534,0.45260898,0.45125324,0.438056,10.879443,29.295687,0.37697302,61.23459,164.88982,0.44147731,8.0590094,21.700947,0.43525457,13.188864,35.514395,-53.175581,5.129855,50.355147,-2.8204338,2.3094212,32.112555,12.382729,22.208128,4802.1981,832.93463,12.007159
0.062328051,38.509455,0.62539353,2322.761,1.6456305,35.69418,-1.1510367,0.40614961,362.98023,223.27783,179684.48,0.92490267,0.45932872,0.54856214,0.54775498,0.66632938,29.84306,0.53476074,11.39347,510.28217,0.54798543,0.476088,21.322672,0.54762296,0.77532185,34.724533,-10.917382,0.29923386,10.72714,-0.19024138,0.10899247,68.270714,12.157962,20.007513,2649.9803,834.10434,29.392053
0.051997167,41.23373,0.620481,2051.3878,1.6569565,18.341164,0.11295163,0.28875707,538.85497,5213.3567,220409.76,0.92087793,0.51616217,0.47784528,0.45515394,18.617219,35.710619,0.36498187,92.59932,177.61938,0.46321241,12.005607,23.028554,0.45392505,19.625464,37.644583,-80.593713,7.6198571,73.9821,-6.6116127,1.0082444,37.814569,11.638105,19.283833,3727.3147,828.9759,18.433652
0.06185662,36.746607,0.62405307,1545.58,2.1425636,10.844867,0.013738391,0.38928366,503.38819,699.88482,102907.28,0.90656053,0.53693412,0.53447607,0.5309869,2.7999626,40.006048,0.51943509,12.069986,172.45674,0.53272146,1.4080277,20.117992,0.53151043,2.3798419,34.003336,-10.661958,0.97181417,9.2700232,-1.3919349,-0.42012069,16.70676,9.7205155,20.826823,2764.7923,810.8076,10.809379
0.064614699,41.818649,0.62477982,2311.0678,2.012976,3.032626,0.75939968,0.33992644,478.67337,2510.3228,348101.97,0.87794562,0.52508316,0.47907597,0.469434,7.3943046,29.455592,0.45373702,19.432122,77.408856,0.47315474,4.5409172,18.088977,0.46996237,6.9891059,27.841463,-14.891205,2.4481888,12.037817,-2.8533874,-0.40519866,7.9364949,11.349099,22.845465,3166.2393,774.85237,3.4341247
0.056377486,37.563258,0.62032454,3225.992,2.3276994,14.663207,-1.7527876,0.4518208,537.71519,15676.497,244961.24,0.88729006,0.49318176,0.50907539,0.44397288,50.679468,32.328311,0.37546855,104.0071,66.345876,0.46117837,37.285741,23.784484,0.42520526,65.28924,41.64785,-66.721354,28.0035,53.327627,-13.393727,14.609772,19.786444,12.084133,28.12823,2382.1136,786.54127,6.1334448
0.063408447,39.522909,0.61712787,2220.9571,1.912517,16.71459,-1.1272182,0.21595448,368.53843,139.4947,173160.12,0.95162593,0.47279998,0.4871376,0.48668524,0.38878573,27.871003,0.4829842,3.5696931,255.90169,0.48683759,0.25784567,18.484263,0.48664256,0.42547481,30.501145,-3.3118474,0.16762914,3.1809073,-0.13094006,0.036689082,32.281582,11.392394,21.788147,4983.8674,868.38943,14.534987
0.059779825,39.658695,0.62082252,1974.1458,2.0742445,5.2955253,0.10288118,0.37430209,539.55191,97865.205,470438.64,0.91139458,0.4871431,0.45017757,0.25021765,161.67387,16.520056,0.2688853,146.58048,14.977793,0.32850909,98.372782,10.051865,0.25275517,159.6222,16.310414,-48.2077,61.249423,-15.093384,-63.301084,-2.0516616,10.460757,10.661291,22.114124,2875.454,816.92866,5.2988778
0.05918759,41.708799,0.62059588,1639.9501,1.7575737,23.992869,-0.25418656,0.16144794,401.03886,2065.1218,357785.94,0.90855299,0.50690125,0.43111814,0.42508249,4.8585108,23.52651,0.37869914,42.195653,204.32525,0.42766854,2.7768168,13.446262,0.42559813,4.443433,21.516566,-39.418836,1.6666162,37.337142,-2.081694,-0.41507778,41.182061,10.591132,18.614696,6666.4737,813.3289,25.111777
0.062459209,37.773493,0.62702603,2539.3111,2.3186463,29.828617,-0.91278884,0.28305576,385.89162,5145.6985,236411.6,0.96510433,0.45398199,0.50111566,0.48401825,14.989786,29.130711,0.3872278,99.848767,194.04317,0.48783723,11.641578,22.623902,0.47939033,19.047221,37.015812,-88.207189,7.4056434,84.858981,-3.3482081,4.0574353,59.856188,11.171989,25.903891,3802.3902,885.8344,23.571822
0.061805757,40.55383,0.62541312,2265.5827,1.7502851,16.325141,-0.81252925,0.33246418,411.41189,1565.9476,187097.5,0.92381672,0.53015303,0.5191246,0.51314475,4.9283527,31.472015,0.47453817,36.746359,234.65893,0.51513149,3.2909591,21.015768,0.51243861,5.5103237,35.18843,-33.4554,2.2193646,31.818006,-1.6373936,0.58197101,32.906086,11.812099,20.674541,3237.3065,832.71967,14.524337
0.056888199,38.403355,0.61327728,2741.2133,2.2878359,31.569392,-0.20363603,0.33368631,507.54342,981.50246,701769.56,0.95032173,0.45125074,0.41391197,0.41079594,2.6729283,27.233027,0.36819747,39.213803,399.52832,0.4113399,2.2063155,22.478961,0.40962461,3.6776923,37.470026,-37.007488,1.4713768,36.540875,-0.46661277,1.004764,80.841416,11.511786,26.337076,3225.4499,866.70682,29.491107
0.058930935,41.039076,0.62376736,2042.9974,1.9833744,9.753518,0.68755588,0.4988302,358.71641,7975.9265,296052.66,0.91078968,0.4868518,0.54952963,0.52363573,20.916385,26.224395,0.45977222,72.503575,90.903013,0.53368912,12.795531,16.042689,0.52279183,21.598063,27.079065,-59.708044,8.8025324,51.58719,-8.1208539,0.68167854,20.488151,10.946058,21.710131,2157.6249,816.16197,10.028476
0.064940032,41.073146,0.6200789,2280.0174,1.9464746,16.025606,-1.3321484,0.48864048,457.81011,18782.271,437272.11,0.86815445,0.48484204,0.49739542,0.4367954,45.742129,24.353886,0.3556264,107.01014,56.974017,0.4575687,30.06202,16.00553,0.42827933,52.170234,27.776318,-76.948125,22.108214,61.268016,-15.680109,6.4281053,29.912712,11.425271,22.239,2202.6183,762.65982,13.11951
0.05813073,38.434778,0.62005448,2123.9905,2.0666267,27.496944,-0.54180028,0.48166921,391.08487,36450.666,163643.03,0.93363428,0.46350724,0.56157035,0.45002701,93.314224,25.600142,0.35206362,175.26781,48.083568,0.48418411,64.739287,17.760797,0.43525407,105.67287,28.990656,-110.52852,40.933585,81.953586,-28.574937,12.358647,55.946728,10.93789,22.604535,2234.4971,845.26218,26.340385
0.053501699,37.499778,0.63077667,2183.8161,1.9766363,13.868125,-1.771896,0.31681442,343.73695,282201.33,260612.85,0.87252465,0.50655354,0.5167025,0.21631447,228.35484,8.0919122,0.2626915,193.09904,6.8425985,0.3068999,159.49184,5.6517038,0.18682983,250.76904,8.886175,-33.607207,91.277209,-35.255798,-68.863005,22.414204,25.051029,11.204689,22.147595,3397.2206,768.09485,11.471217
0.061570797,40.414324,0.6188084,2301.4019,2.0171281,25.484989,-0.47359237,0.35311814,471.16344,16870.246,331927.81,0.9601894,0.43022675,0.48673191,0.42876289,50.457462,29.909144,0.32077498,144.45244,85.625567,0.44533421,36.033432,21.359163,0.41868677,59.227931,35.107924,-108.419,23.194498,93.994973,-14.424029,8.7704689,54.383119,11.325473,22.844931,3047.9557,879.46129,23.630432
0.062203651,40.140469,0.61791504,2254.2302,2.076844,25.519668,-0.52012378,0.12998329,435.87922,407.72326,232320.76,0.90042945,0.47545952,0.41603359,0.41474071,1.0275919,25.203171,0.39793263,14.386806,352.85713,0.4151013,0.74099577,18.173988,0.41455912,1.1719282,28.743225,-13.64581,0.43093239,13.359214,-0.28659613,0.14433626,53.519821,11.138708,23.13336,8280.2065,803.06364,23.74195
0.062729855,38.613842,0.61593565,2004.1122,1.4982743,31.600885,-1.7113785,0.32212983,347.83913,2316.9167,279044.88,0.96253832,0.51408523,0.51488085,0.50765497,6.3113279,27.240202,0.44278127,62.974223,271.80185,0.51023987,4.0535846,17.495599,0.50730915,6.6133757,28.543865,-58.920639,2.559791,56.662895,-2.2577433,0.30204779,61.073363,11.942088,17.892524,3341.1636,882.50541,30.474024
0.061978047,40.312053,0.62293717,2196.0119,1.8161674,6.6052663,-0.026976106,0.36175558,397.32687,6920.232,282044.68,0.91412587,0.49771303,0.51377294,0.49018514,19.152353,27.675883,0.442069,58.220742,84.131201,0.49934573,11.714325,16.927647,0.49004304,19.267738,27.842618,-46.506418,7.5534133,39.068389,-7.4380286,0.11538466,14.461228,11.546836,20.970986,2975.1814,820.39307,6.5852227
0.059723829,39.735252,0.61123877,2114.2786,1.7211376,10.496163,0.28977834,0.30308796,496.78426,6352.4183,215953.58,0.94955064,0.46241867,0.49023379,0.4641585,22.341666,35.170331,0.39497065,81.622766,128.49085,0.47407939,13.841311,21.789042,0.46348296,22.920482,36.081505,-67.781455,9.0791706,59.2811,-8.5003548,0.57881584,22.677617,11.607862,19.978728,3551.0763,865.71244,10.725936
0.065242892,36.823296,0.61339925,2562.1025,1.9556441,15.826418,-1.2760464,0.31485741,521.79304,907.16982,287191.25,0.89754772,0.51422502,0.47502762,0.4711481,3.0695281,33.836312,0.4495164,20.184835,222.50338,0.47234568,2.121992,23.391343,0.47039178,3.6679378,40.432758,-18.062843,1.5459458,17.115307,-0.94753607,0.59840968,28.846922,11.859661,23.193276,3418.3361,799.43135,11.259082
0.060084892,40.498278,0.6168541,2614.3205,1.8359339,12.661964,-1.2799455,0.34938339,379.31733,5288.8085,181582.49,0.98663704,0.50586481,0.53082454,0.51224613,16.804527,31.773749,0.45237678,70.957517,134.16541,0.51800232,11.597944,21.929219,0.50893828,19.796545,37.431011,-59.359573,8.1986008,54.15299,-5.2065834,2.9920174,22.925197,12.193751,22.38692,3080.537,913.91366,8.7690845
0.063982264,41.663509,0.62323993,2316.8824,2.1758307,33.933685,-0.23742093,0.38999736,545.12427,274.94605,188483.13,0.97092176,0.50196748,0.50829433,0.50692382,1.2118276,44.075104,0.48252717,22.783632,828.65827,0.50726383,0.91118001,33.14032,0.50663016,1.47148,53.518863,-21.872452,0.56029999,21.571804,-0.30064758,0.25965241,75.57777,11.067843,24.081753,2759.7327,893.39516,32.62046
0.060923753,35.145762,0.61764556,2679.7387,2.25805,8.0559203,-1.6604415,0.46491593,449.1798,7122.2345,232821.49,0.9347084,0.42454515,0.53266452,0.50417814,23.869734,33.51439,0.46419772,57.370731,80.55159,0.51421538,15.459182,21.705522,0.50292117,24.922992,34.99322,-41.911549,9.4638105,33.500997,-8.4105525,1.053258,12.864974,11.475096,25.911341,2315.0174,846.63777,4.8008318
0.061669863,42.984251,0.61204449,1861.6539,2.1959796,27.548815,-0.74402437,0.42536684,541.95929,18915.996,386075.21,0.90500082,0.49511381,0.47449066,0.40593439,54.880765,29.012887,0.30710702,133.99419,70.836447,0.43035404,35.332311,18.678536,0.40118371,58.683786,31.023367,-98.661882,23.351475,79.113428,-19.548454,3.8030217,53.330055,10.257942,22.526232,2530.2595,808.83553,28.6466
0.062346832,41.963269,0.62918177,2368.7364,1.7390923,13.900414,-0.28427576,0.59691055,545.01462,12923.663,129521.09,0.95682854,0.46655015,0.55691183,0.49366786,54.776598,42.384729,0.39248448,142.41311,110.19562,0.51359676,37.515859,29.028811,0.48438187,62.819338,48.607996,-104.89725,25.303479,87.636514,-17.260739,8.0427404,31.209592,12.014381,20.894118,1803.0984,875.11107,13.175629
0.059853823,37.984649,0.62180534,2658.0744,1.7532338,18.888261,-0.51102103,0.37154906,377.47669,30625.578,166888.47,0.91575904,0.55423225,0.53929673,0.44755303,74.680517,24.385014,0.34759454,156.04797,50.953477,0.47129544,55.353898,18.074401,0.42616047,92.094324,30.071048,-100.69407,36.740426,81.367453,-19.326619,17.413807,42.990856,12.451236,21.829928,2896.7601,822.46666,16.173684
0.067806875,41.84532,0.61812643,3123.6006,1.6137469,21.657507,-0.29855889,0.44360365,365.40235,7598.0948,582936.86,0.94884667,0.46671638,0.49569406,0.47467478,17.990728,23.677947,0.37897218,99.904065,131.48568,0.4783144,14.875515,19.577954,0.4662541,25.198112,33.163725,-85.02855,10.322598,81.913336,-3.1152138,7.2073841,58.88038,13.507555,21.797774,2426.239,864.80492,18.850163
0.05817829,43.536446,0.62131647,2095.5252,1.6857652,13.366119,-1.0628197,0.46145294,523.37568,11130.35,231074.5,0.92115008,0.51983066,0.51676305,0.46879401,39.372877,35.374337,0.37942504,112.72672,101.27868,0.48671346,24.664633,22.159799,0.46574908,41.87215,37.619795,-88.062092,17.207518,73.353848,-14.708244,2.4992735,26.116631,11.653829,19.645619,2332.3905,829.32239,12.463048
0.059486765,35.631349,0.61423804,2023.2609,1.9916231,22.399413,-2.1585836,0.73120845,468.09104,1861.7687,444550.09,0.8727814,0.50319154,0.52334846,0.51614908,5.4752434,29.408827,0.47235343,38.78253,208.31014,0.518868,3.4074618,18.302283,0.5154898,5.9766381,32.101937,-35.375069,2.5691763,33.307287,-2.0677817,0.50139461,42.411506,10.895612,21.699952,1471.9311,768.41451,20.961957
0.060106919,38.147566,0.62222753,3124.6691,1.6671765,25.121328,-2.0111104,0.2861488,461.11695,4075.9617,773312.43,0.93793113,0.44705545,0.40742596,0.39615213,9.4928274,23.289785,0.3499796,48.371201,118.67432,0.39904256,7.059024,17.318671,0.392574,12.5057,30.681593,-41.312177,5.4466758,38.878373,-2.4338034,3.0128724,30.789903,13.363212,22.278833,3761.2894,850.7689,9.8538124
0.054548463,37.42301,0.60986776,1826.8528,1.7829019,16.094717,-1.0928664,0.53087097,441.87928,821.43208,215725.24,0.89810405,0.50935439,0.54893721,0.54539631,2.8040692,34.136349,0.52269157,20.784118,253.02296,0.54689227,1.6194024,19.71438,0.54546144,2.7524913,33.508446,-19.164715,1.1330889,17.980049,-1.1846668,-0.051577918,31.788507,10.926861,19.48152,2027.4012,800.1322,17.400694
0.06030618,36.763155,0.62290732,1878.2767,1.9291036,28.027367,-0.16761719,0.2198101,334.94288,6126.5794,310083.83,0.9494952,0.4843361,0.476811,0.4602838,14.159558,23.111686,0.37250595,89.36261,145.86053,0.46632953,8.9799246,14.657322,0.45995511,14.441165,23.571334,-80.382685,5.4612404,75.203052,-5.1796335,0.28160698,53.029543,10.742484,20.723365,4896.4468,865.64096,28.233083
0.065288981,38.238176,0.61617601,2205.4248,2.0398094,24.857093,-0.67916672,0.54226707,425.0655,12866.476,566622.45,0.89911674,0.52379643,0.49432098,0.45573965,30.601577,23.78396,0.3632118,103.99196,80.823961,0.46825962,20.671108,16.065865,0.44924936,35.749484,27.784984,-83.320851,15.078376,73.390382,-9.9304689,5.1479072,50.635058,11.124255,22.691359,1984.7941,801.40843,22.959323
0.059952305,36.112127,0.62272556,2802.968,2.0524759,22.352061,-2.4549633,0.35582553,482.69412,200856.29,278817.96,0.9290077,0.41437175,0.49468282,0.20362697,241.78502,12.037712,0.26034827,194.66567,9.6917888,0.29427587,166.48144,8.2885848,0.16416828,274.56401,13.669675,-28.184234,108.08258,-47.119343,-75.303577,32.778999,26.099725,12.024953,24.680927,3024.7646,839.34461,9.3114603
0.07003873,43.153094,0.6219668,2833.465,1.8976075,27.526805,-2.1451804,0.61152337,408.35709,1238.8267,539929.48,0.9288633,0.42799941,0.51308115,0.50901406,3.3778571,27.266584,0.48041992,27.126267,218.96741,0.51011857,2.4605263,19.861748,0.50774628,4.4307875,35.766001,-24.665741,1.9702612,23.74841,-0.91733072,1.0529305,35.455268,12.388171,23.507886,1760.012,839.16011,12.513043
0.059365771,39.318332,0.6200466,1400.4319,2.0593839,6.7595467,-1.1337007,0.3010728,346.58428,1178.8959,275040.3,0.95463147,0.54735528,0.50942519,0.505768,3.1572633,26.781527,0.49474182,12.67622,107.5262,0.5076615,1.5226016,12.915488,0.50653229,2.4974546,21.184691,-11.153618,0.97485296,9.5189565,-1.6346617,-0.65980871,13.874106,9.5311418,19.62828,3574.8445,872.27066,9.9070195
0.065948184,41.695875,0.61913539,2333.9582,1.7126323,21.465205,-2.1746997,0.51471712,495.62741,3500.6496,255906.82,0.97239818,0.56986673,0.52615384,0.5106254,13.759973,39.306913,0.44195646,74.608474,213.12751,0.51591775,9.0703417,25.910453,0.50819226,15.91601,45.465875,-65.538132,6.8456679,60.848501,-4.689631,2.1560369,34.346878,12.016547,20.579926,2091.0291,895.31702,14.71615
0.059967163,40.901979,0.61557927,2867.9134,1.5432748,24.691433,0.13945645,0.41827466,541.46751,62772.516,694146.15,0.85991322,0.50253557,0.4198998,0.28306027,101.90535,16.234071,0.23331998,138.94728,22.135051,0.31171831,80.563508,12.834201,0.24613834,129.40137,20.614335,-58.383776,48.837858,37.041938,-21.341837,27.49602,74.662566,13.325319,20.56463,2573.162,752.44138,26.033759
0.05962251,37.10643,0.62217788,3181.5054,1.6647539,44.937836,-1.374284,0.46066949,463.24779,78646.555,520149.74,0.88754107,0.49529708,0.47729199,0.31077689,129.6766,16.488529,0.27035828,161.15331,20.490829,0.34671329,101.69049,12.930063,0.26032502,168.96689,21.484334,-59.462816,67.276396,31.476708,-27.986108,39.290288,73.578022,13.450267,22.391385,2336.3572,786.85597,23.126795
0.064187434,37.742153,0.61996772,2019.3898,2.0619777,13.047162,-1.2349024,0.54983248,430.55578,4313.7675,247605.46,0.89296378,0.57158103,0.5483213,0.53100203,13.604381,31.53712,0.47432227,58.126633,134.74679,0.53778374,8.2773107,19.188124,0.5300009,14.39077,33.360096,-49.849322,6.1134593,44.522253,-5.3270698,0.78638949,25.426371,10.763382,22.193855,1957.4843,793.66345,12.591116
0.069771186,38.708238,0.61460992,1522.0852,1.7661421,23.897233,-1.1177916,0.57580536,330.49854,859898.34,462835.42,0.95116719,0.49651793,0.5458326,0.187897,307.42276,3.5751059,0.24537724,258.05429,3.000986,0.27464783,232.91444,2.7086276,0.16308736,328.7312,3.8229077,-25.139849,95.816756,-49.368471,-74.50832,21.308436,48.310763,10.314333,18.216578,1869.188,867.79748,31.739855
0.057960844,36.916205,0.62649455,2310.3335,2.3287026,18.267823,-0.76073272,0.32450172,366.61997,13019.857,541860.6,0.92504702,0.47379311,0.47494547,0.44064113,28.325522,21.755633,0.35414242,99.748609,76.612678,0.45097089,19.796107,15.204551,0.43448387,33.409651,25.660536,-79.952501,13.613543,71.423087,-8.5294144,5.0841289,37.271294,10.809948,25.173153,3316.7419,834.28844,16.13243
0.054165459,39.261585,0.62308245,1654.8647,2.3335472,32.580128,-1.1695268,0.53476372,538.12733,1105.1866,590284.16,0.87810272,0.52688251,0.45363898,0.44952742,3.1538968,28.537234,0.40460815,37.610649,340.3104,0.45114062,1.9164467,17.340481,0.44950225,3.1732034,28.711925,-35.694202,1.2567567,34.456752,-1.2374501,0.019306625,65.795474,9.6653742,22.554607,2012.643,775.04845,39.758825
0.063989322,38.409825,0.61781984,3043.3615,2.1943638,28.761986,-0.56403765,0.42087978,420.06063,624.65676,308075.22,0.90541596,0.50105688,0.51734156,0.51499047,1.8833215,30.149702,0.48302361,27.49008,440.08296,0.51532331,1.6167006,25.881423,0.51393895,2.7256331,43.634093,-25.873379,1.1089326,25.606758,-0.26662095,0.8423116,68.334638,12.086995,26.523265,2557.2349,809.36029,22.453671
0.064084122,38.899938,0.61463819,3112.6254,1.7842333,15.007457,-0.11853211,0.40466678,495.27415,3645.6148,186286.9,0.99817213,0.45966157,0.52105613,0.50462284,15.110591,41.448677,0.42025391,92.688744,254.24722,0.50754129,12.427047,34.087658,0.4985133,20.728376,56.858381,-80.261696,8.3013284,77.578153,-2.6835437,5.6177846,44.22602,13.047534,23.279845,2659.6907,929.06083,14.20859
0.060448988,44.134223,0.62423822,1826.4801,1.6161803,23.633369,-0.16191945,0.667192,474.1301,7206.4515,299412.62,0.93974472,0.49656927,0.5429074,0.51320506,25.078499,34.800066,0.41494713,108.04035,149.9217,0.52502826,15.095846,20.947682,0.51291044,25.327254,35.14525,-92.944501,10.231409,82.961848,-9.9826533,0.24875527,43.669184,11.289597,18.246023,1613.1615,853.09629,23.908929
0.05784109,37.254182,0.61948151,1759.0814,2.2470009,22.931781,-0.99013798,0.49441566,514.0167,6272.0064,227714.37,0.9230932,0.53843183,0.52475171,0.49647492,23.278791,37.115381,0.39981937,102.85022,163.98296,0.50754483,14.165517,22.585303,0.49596467,23.698852,37.785121,-88.684703,9.5333355,79.571429,-9.1132739,0.4200616,44.944616,9.9892053,22.445753,2176.8899,831.79751,25.550049
0.061564748,38.554658,0.62053949,3250.8532,2.3084602,22.273276,-1.3407098,0.26132467,347.36293,2050.3349,808905.3,0.95785816,0.49822258,0.43222952,0.42748071,4.119281,20.090771,0.39590758,31.506889,153.66703,0.42830618,3.4032355,16.598437,0.42531965,5.9938572,29.233551,-28.103653,2.5906217,27.387608,-0.71604556,1.8745761,36.794041,12.14866,28.044697,4118.5873,876.44311,11.318272
0.06111178,40.946329,0.63099519,2625.9307,2.2555531,19.726837,-1.0749566,0.43720365,497.39972,6245.9778,620270.64,0.91181869,0.47594714,0.44749756,0.42705869,16.536342,26.475185,0.35309318,76.379143,122.28532,0.43234359,12.260526,19.629474,0.42114664,21.319568,34.133275,-64.118617,9.0590419,59.842801,-4.2758157,4.7832263,37.868433,11.401976,25.717761,2461.7554,817.46633,14.420957
0.064347556,38.931145,0.62586504,2903.0423,2.1245463,21.867049,-0.85792806,0.48938278,462.48331,5562.5217,864508.69,0.94319376,0.45718626,0.43114673,0.41593691,12.90877,23.206687,0.34990789,68.948459,123.9518,0.41930829,10.047437,18.062737,0.41020412,17.774269,31.953618,-58.901023,7.7268324,56.039689,-2.8613335,4.8654989,45.359753,12.027234,25.552415,2199.2774,857.5276,15.624903
0.060854569,41.733528,0.62506762,2027.0293,1.9853416,25.63951,0.81412137,0.32964651,426.85602,5754.2153,207952.09,0.88871739,0.44300724,0.51205094,0.49047979,16.83042,29.248853,0.38612724,98.249189,170.74298,0.49754889,11.314908,19.663686,0.48868106,18.233837,31.68779,-86.93428,6.9189286,81.418769,-5.5155116,1.4034169,53.369308,10.913858,21.667737,3264.9776,788.33122,26.328829
0.0590286,37.699086,0.62241888,2807.6281,1.7282407,33.578168,0.072044927,0.66417903,339.94698,377.99554,265860.72,0.92274836,0.47966233,0.58498482,0.58367653,1.0764758,28.478532,0.55737467,22.717976,601.01175,0.58389331,0.89811058,23.759819,0.58321359,1.4573945,38.555865,-21.819866,0.55928393,21.6415,-0.17836523,0.3809187,96.740669,12.741342,22.020105,1620.4795,831.3581,34.456368
0.060646618,41.021604,0.62035402,2364.1269,2.1286978,26.614531,-0.12702245,0.38237609,463.07009,4191.0129,387193.99,0.92665008,0.48808199,0.4856002,0.47022215,12.728987,30.372101,0.37748586,89.490242,213.52891,0.47421676,9.4224984,22.482628,0.4668043,15.55806,37.122435,-80.067744,6.1355618,76.761255,-3.3064881,2.8290737,61.447675,11.224206,23.892943,2814.7379,836.33381,25.991699
0.058028573,41.188674,0.6239534,2859.0335,1.8949541,22.978814,-0.84201547,0.26875951,542.30544,27.0002,264763.09,0.94045081,0.48951287,0.46277405,0.46265556,0.10015059,37.092535,0.46110339,1.4120772,522.98768,0.4626791,0.080250615,29.722229,0.46261661,0.13306866,49.284324,-1.3318266,0.052818047,1.3119266,-0.019899974,0.032918073,47.848408,12.431119,23.5564,4004.6526,854.00292,16.735868
0.060396773,39.631401,0.61984474,2488.6272,1.7192528,4.691301,-0.95107565,0.49814956,515.35026,480.95293,344368.27,0.88428798,0.51723158,0.5008194,0.49871894,1.6273041,33.834997,0.49469152,4.7474831,98.709932,0.49955284,0.98124685,20.402139,0.49876825,1.5890943,33.040537,-3.7662362,0.60784747,3.120179,-0.64605724,-0.038209768,9.3122026,12.260553,21.078991,2160.573,782.7804,3.7419034
0.060917109,39.594586,0.62231165,1290.3604,1.6691466,40.855735,-0.50061936,0.2777228,332.15777,21001.693,205804.26,0.88786726,0.4549104,0.5137947,0.45703074,44.228916,21.05969,0.33529837,139.07944,66.222967,0.48370993,23.441222,11.161587,0.46715725,36.338615,17.302707,-115.63822,12.897393,94.850527,-20.787694,-7.8903005,65.024204,9.9473842,16.603642,3875.4056,787.26497,50.392281
0.062118355,37.832692,0.61371915,2348.976,1.637576,22.173091,-1.0587988,0.25764524,515.99649,7075.0353,320460.67,0.91127549,0.45033068,0.45380086,0.42703462,21.637348,30.582672,0.3364903,94.831741,134.03713,0.43552675,14.772457,20.879693,0.42340432,24.572013,34.730587,-80.059284,9.7995566,73.194393,-6.8648916,2.934665,43.046461,12.223505,20.016918,4177.4048,816.7777,18.325628
0.063761941,41.086844,0.61807546,2359.6456,2.2043042,29.289543,-0.95950836,0.38274231,337.93796,15033.194,561154.92,0.90942344,0.45291609,0.49544349,0.45784986,30.302704,20.157197,0.35286075,114.93017,76.450937,0.46810056,22.040033,14.660912,0.44954634,36.995833,24.60943,-92.890141,14.9558,84.62747,-8.2626715,6.6931287,57.898209,11.087368,24.439932,2812.0447,814.4311,24.536824
0.05786012,38.249712,0.62314907,2536.8918,1.8647768,37.754288,-1.5978122,0.323334,470.84943,14.391968,194353.62,0.91159844,0.52004894,0.50453671,0.50447509,0.049835604,34.627373,0.50347466,0.8589762,596.84416,0.50449018,0.037638067,26.152134,0.50445994,0.062095336,43.145827,-0.82133814,0.024457268,0.8091406,-0.012197537,0.012259732,63.52744,12.009596,22.395216,3328.7204,817.18709,25.041446
0.056410225,40.163006,0.62484404,2762.3181,2.2136345,20.749495,-0.19832958,0.29003125,402.20518,2959.8689,225610.95,0.91677534,0.42580919,0.50192011,0.49147386,8.5167329,28.774021,0.4134626,72.118555,243.65456,0.49336909,6.971565,23.553628,0.48807898,11.284542,38.125142,-65.14699,4.312977,63.601822,-1.545168,2.767809,53.556991,11.668794,25.830444,3710.9397,823.7578,19.388423
0.064217493,38.045016,0.63274278,1592.7472,2.3226479,21.917537,-0.34458057,0.49771447,510.94047,11618.678,303360.91,0.98560957,0.48273049,0.51019221,0.46333836,42.317816,36.422231,0.37005835,126.56717,108.93423,0.48332483,24.266287,20.885584,0.46508715,40.738331,35.062795,-102.30088,16.472044,84.249352,-18.051529,-1.5794855,37.50974,9.5577983,22.1994,2162.4617,912.56798,23.550341
0.065099727,35.444811,0.62382573,2391.9498,2.169148,38.854775,-1.1378448,0.41886145,368.74161,67885.706,474322.34,0.89344803,0.56479176,0.50497465,0.36401113,110.81252,16.323394,0.29809815,162.62722,23.956033,0.40102628,81.714621,12.037088,0.33403693,134.37547,19.794369,-80.912601,52.660852,51.814707,-29.097894,23.562957,74.180743,11.197584,24.289217,2569.5572,794.2722,31.012667
0.058731754,40.212881,0.61924632,3053.6654,2.1730526,21.350427,-1.0835448,0.20356368,338.66244,11917.912,430290.56,0.91306222,0.50619901,0.45081476,0.42188006,23.45517,19.680604,0.32931533,98.490398,82.640649,0.42721701,19.128911,16.050556,0.41112939,32.169923,26.992919,-79.361486,13.041012,75.035227,-4.326259,8.714753,40.370489,12.140049,26.380965,5287.2323,819.04341,13.220338
0.063183996,39.794983,0.61931985,2593.8032,1.8636516,28.201743,0.47263642,0.37867947,534.9822,21334.45,940871.21,0.97520577,0.54719892,0.38075721,0.32909204,45.968282,21.546504,0.24264422,122.88387,57.5988,0.34048412,35.832355,16.795537,0.3142935,59.135043,27.7181,-87.051517,23.302688,76.91559,-10.135927,13.166761,83.46616,12.101173,22.55237,2842.215,898.97499,32.179064
0.065015522,41.155779,0.62216477,2365.8682,2.2869715,1.0234554,-2.3727004,0.59455723,335.73848,727.99368,210740.26,0.94859325,0.51895416,0.58505463,0.58251135,2.176014,29.890562,0.58295063,1.8001738,24.727876,0.5839225,0.9686453,13.305683,0.58357991,1.2617625,17.332053,-0.83152846,0.29311721,-0.37584027,-1.2073687,-0.91425152,1.5530996,10.961752,25.069214,1810.2353,864.4783,0.65646076
0.059933168,40.284629,0.61961396,1809.5175,1.8053278,15.152963,0.30407517,0.43675058,508.48053,25152.053,584647.42,0.89909078,0.49425292,0.44994848,0.37639952,58.334497,23.192738,0.31037455,110.70143,44.01288,0.40722749,33.883653,13.471526,0.37629262,58.419285,23.226448,-76.817775,24.535632,52.366931,-24.450843,0.084788294,26.753075,10.846899,19.582209,2464.3092,801.3757,14.784646
0.066464618,40.466342,0.62432443,3198.3137,1.7696655,20.68349,-1.1229105,0.21151236,409.99088,9891.8736,595294.32,0.85854017,0.55189248,0.42246879,0.39651815,19.282001,19.492769,0.31484756,79.965362,80.83945,0.4016496,15.469201,15.638292,0.38660864,26.645018,26.93627,-64.496161,11.175817,60.683361,-3.8128,7.3630168,38.216255,13.202211,23.363497,5088.5369,750.74284,11.948876
0.055450843,41.625743,0.62321633,1830.8451,1.8852208,21.700836,-0.191078,0.28585539,350.03028,212.06264,214027.15,0.90237666,0.46419566,0.51207516,0.51139259,0.54417119,25.66087,0.50407597,6.377276,300.72605,0.51165776,0.33276437,15.691796,0.51139801,0.53985487,25.457331,-6.0445117,0.2070905,5.8331049,-0.21140682,-0.0043163142,40.259753,10.733298,20.234636,3765.1501,805.52074,21.98971
0.062392385,36.031186,0.62581722,1625.2841,1.6132086,14.864868,-0.97146536,0.34592824,388.43485,266.37796,436057.51,0.9072878,0.5371562,0.48877313,0.4879222,0.68362686,25.663792,0.48252579,5.0190172,188.41713,0.48832034,0.36376894,13.65612,0.4880129,0.61076035,22.928336,-4.6552482,0.24699141,4.3353903,-0.31985792,-0.072866513,29.009157,10.865498,17.528314,3111.3056,811.72763,17.848669
0.064887061,36.248636,0.61576279,3009.9132,1.8602988,18.022459,0.087091565,0.60022162,376.47428,30416.619,169891.24,0.90222893,0.46696484,0.5834601,0.48752801,76.463257,25.138645,0.38182397,160.71532,52.837996,0.5063836,61.434291,20.197607,0.45586094,101.70369,33.436883,-99.281025,40.2694,84.252059,-15.028966,25.240435,56.305869,12.724102,23.670631,1793.1518,805.33425,18.706808
0.058099491,39.897272,0.62256778,2706.3092,1.8627854,19.179877,-1.3592769,0.29910008,334.73238,2024.9829,436783.15,0.95142977,0.48226599,0.49019455,0.48460722,4.8007016,23.707368,0.44887042,35.506215,175.34081,0.48609853,3.5193547,17.379676,0.48320627,6.0044173,29.651694,-31.986861,2.4850626,30.705514,-1.2813469,1.2037157,33.525343,12.275567,22.866748,3598.4225,868.1363,12.387847
0.062044761,40.76092,0.61962892,3028.1392,1.6876145,26.649589,0.64822824,0.14338078,372.15757,1865.3635,282942.39,0.91017107,0.48937121,0.43132855,0.42616654,4.1657238,22.331968,0.34651561,68.443769,366.91921,0.42660368,3.8129559,20.44082,0.42422828,5.729888,30.717274,-64.630813,1.9169322,64.278045,-0.35276792,1.5641642,106.91455,13.17056,22.226828,7506.5045,815.37813,35.307013
0.053803036,38.67242,0.62120192,1627.7447,1.4822553,24.209125,-0.69987445,0.57795754,407.27167,1415.5968,275502.87,0.94465314,0.44885257,0.55333356,0.54782515,4.6852948,33.097665,0.50436606,41.650323,294.22449,0.55028152,2.5959819,18.338428,0.5482991,4.2821654,30.249895,-39.054341,1.6861835,36.965029,-2.0893129,-0.4031294,44.909693,11.182128,16.574769,1862.2276,859.40462,27.590133
0.057933774,40.579291,0.6164976,1723.1981,2.0308214,20.650079,-1.9349045,0.38730872,421.05366,8616.0563,336527.17,0.91615058,0.47914277,0.50532829,0.47576834,24.076719,27.944013,0.37580407,105.49809,122.44359,0.48744413,14.566736,16.906501,0.47607329,23.828337,27.655735,-90.93135,9.2616013,81.421367,-9.5099828,-0.24838153,45.743781,10.261036,20.838331,2778.8903,822.96402,26.545864
0.063098329,35.294116,0.62339529,2962.5643,1.9968414,37.624558,-1.2858749,0.32894973,494.34198,15578.376,338033.34,0.95986521,0.46500456,0.47490699,0.41995277,47.810479,30.690285,0.31178805,141.91439,91.09704,0.43072948,38.434674,24.671811,0.40068593,64.572739,41.450238,-103.47972,26.138065,94.103913,-9.3758052,16.762259,65.617357,12.361697,24.684349,3271.8935,879.04138,22.148838
0.060908604,43.301798,0.61897396,1971.7755,1.806342,38.632909,-0.30582418,0.32983273,551.9967,1402.9811,445290.77,0.92508725,0.50089497,0.44291992,0.43736275,4.5889093,32.708275,0.37194407,58.60926,417.74802,0.43921874,3.0562967,21.784303,0.43695722,4.923775,35.095091,-55.552963,1.8674784,54.02035,-1.5326126,0.33486574,76.060186,11.159786,20.15839,3263.1342,834.33976,38.574466
0.060345855,40.058742,0.61769369,2398.9406,2.3356067,33.240132,0.004962808,0.29424509,389.70862,2942.587,118864.77,0.89528989,0.48979016,0.52273226,0.511918,8.525973,28.974412,0.41310455,86.430556,293.72302,0.51426433,6.676126,22.687947,0.50927646,10.608563,36.051824,-79.75443,3.932437,77.904583,-1.8498469,2.0825901,79.820704,10.935617,25.541301,3657.7958,796.58883,33.273314
0.057118561,40.599102,0.62615461,2583.637,2.0953606,29.908343,0.2339837,0.47433989,459.80504,2928.791,399490.7,0.88775437,0.48448618,0.501027,0.49000346,8.5876981,29.321649,0.39636195,81.537479,278.39979,0.49212275,6.936699,23.684514,0.48660753,11.233234,38.35451,-74.60078,4.2965353,72.949781,-1.6509991,2.6455362,82.412008,11.622359,24.353032,2269.0237,787.12341,31.897673
0.059591872,39.801921,0.62972783,2863.8762,2.3112712,28.995392,0.3206502,0.50003011,466.4142,2599.1193,221750.49,0.92098556,0.42614305,0.53745408,0.52609708,9.3194458,35.856168,0.42080648,95.719902,368.27821,0.5273809,8.265956,31.802911,0.52143671,13.143701,50.569824,-87.453946,4.8777447,86.400456,-1.0534898,3.8242549,93.745183,11.641381,26.906388,2152.4473,829.11292,32.733671
0.063547569,33.957344,0.61291841,1811.4014,2.3451459,18.836837,-0.52214175,0.33341836,415.4585,36200.568,462373.85,0.91104547,0.51801411,0.47460026,0.38146662,75.260683,20.789918,0.31142467,131.86112,36.425151,0.41760644,46.056333,12.722544,0.37781632,78.210467,21.604762,-85.804785,32.154134,56.600435,-29.20435,2.9497836,35.574374,9.9445464,23.321413,3228.042,816.48614,19.639145
0.058692382,41.234642,0.61998705,1360.4529,1.9524779,14.762432,-0.8840104,0.57168482,556.78296,1678.8974,246056.79,0.98838933,0.49017667,0.52259905,0.51415107,7.6605616,45.628529,0.4720965,45.795317,272.7702,0.51842734,3.7828745,22.531899,0.51559825,6.3482727,37.812155,-42.012442,2.5653981,38.134755,-3.8776871,-1.312289,27.760055,9.6088004,18.76097,1882.6606,916.20995,20.40501
0.057604514,39.828536,0.62437781,2314.9032,1.7719725,22.749595,-1.4270766,0.42369799,442.20725,5014.4666,976504.95,0.96542425,0.53510324,0.41490409,0.40239108,10.975656,21.887982,0.34376457,62.399304,124.43857,0.4065075,7.3649841,14.687473,0.40013322,12.956118,25.837479,-55.034319,5.5911335,51.423648,-3.6106715,1.9804619,41.591669,11.848462,20.995149,2540.2256,886.24971,17.966915
0.066386766,39.460392,0.61975196,2063.006,2.2315375,16.926865,-0.40754789,0.32434664,406.29777,207.58746,135172.19,0.92549174,0.44469049,0.52673052,0.52591455,0.67421541,32.47862,0.51907156,6.3284004,304.85466,0.52620041,0.43801558,21.100291,0.52585095,0.72676999,35.010303,-5.8903849,0.28875441,5.654185,-0.23619983,0.052554583,34.21333,10.558498,23.561684,3318.3278,834.85572,16.584213
0.056708557,40.440906,0.61440043,2482.4602,1.5699739,29.013001,-0.41211844,0.303547,339.16452,7536.3161,229843.78,0.89717809,0.49591764,0.51783437,0.49525838,17.852029,23.688005,0.38169776,107.65045,142.84227,0.5010196,13.296329,17.643009,0.49065887,21.48911,28.514077,-94.354122,8.1927804,89.798422,-4.5556999,3.6370805,65.368251,12.626994,19.824052,3545.7062,798.9658,26.332044
0.059981806,38.868534,0.62248587,1822.7059,1.8207546,32.648175,-0.79570822,0.25022868,454.76057,1800.618,155794.14,0.87896159,0.44657468,0.4909919,0.48379249,5.5301796,30.712676,0.41512404,58.277358,323.65198,0.48644238,3.4946827,19.408241,0.48382648,5.5040697,30.567671,-54.782675,2.009387,52.747179,-2.0354968,-0.026109874,63.100236,10.842392,19.741335,4301.2195,776.12075,34.61899
0.059306657,40.247765,0.62425366,2659.1381,2.2652618,7.3757995,-1.7771215,0.40685232,549.98896,3329.3787,247905.19,0.89130005,0.54406299,0.49756549,0.48204204,12.161631,36.528229,0.45372652,34.345044,103.15752,0.48749309,7.8910805,23.701361,0.48054625,13.333492,40.047988,-26.453964,5.4424113,22.183414,-4.2705501,1.1718612,11.426434,11.433456,25.899772,2645.4033,791.57304,4.2970445
0.0588174,37.552069,0.62525677,2503.4707,1.9421966,32.923679,-0.17601425,0.42783781,495.44396,602.40913,443696.05,0.91292573,0.51845633,0.47582105,0.4734923,1.8873414,31.329893,0.43886937,29.947597,497.13053,0.47402631,1.4545522,24.145587,0.47286832,2.3930486,39.724641,-28.493045,0.93849645,28.060256,-0.43278917,0.50570728,78.962778,11.795594,22.909362,2515.646,818.87026,31.541323
0.059831515,40.206324,0.61394606,2900.8462,1.7958152,23.329332,-0.67952243,0.24707793,349.28142,250227.31,502052.1,0.91659285,0.45362614,0.46116541,0.20287931,210.51888,8.4131056,0.22308525,194.04981,7.7549411,0.26314624,161.39767,6.4500419,0.15567766,248.99109,9.9505961,-32.652141,87.593426,-16.469074,-49.121215,38.472211,51.883881,12.717187,22.837717,4356.0688,823.52591,17.885775
0.063024099,38.682881,0.61523982,2437.373,2.3610605,14.222103,-0.6125941,0.36222642,336.1968,572.59632,292407.57,0.98052692,0.50346316,0.5267044,0.52492312,1.5971082,27.892394,0.51264487,12.605879,220.15299,0.52544502,1.1291645,19.720079,0.52455317,1.9288052,33.685253,-11.476715,0.79964072,11.008771,-0.46794375,0.33169697,30.350833,10.954057,25.863191,2971.3141,905.91984,12.452272
0.057335683,41.888121,0.61757155,2193.0874,2.3042659,18.573245,-0.42501161,0.46534016,431.18336,5808.5357,152600.64,0.89148595,0.58205803,0.55246475,0.52836329,18.887526,32.516846,0.43408143,92.773159,159.71867,0.53586383,13.009601,22.397386,0.52440023,21.993248,37.863671,-79.763558,8.9836469,73.885633,-5.8779245,3.1057225,38.850366,10.661324,24.566526,2312.9069,791.80654,17.714919
0.067222262,40.030958,0.63085458,1413.5632,1.7249243,17.726949,-2.7721838,0.45657192,425.57429,3265.6709,636389.59,0.94757444,0.53250864,0.47058363,0.46063122,8.5022691,26.035291,0.38718375,71.24793,218.17241,0.46503571,4.7395475,14.513243,0.46192333,7.3984357,22.655178,-66.508382,2.6588882,62.74566,-3.7627217,-1.1038334,62.18519,10.142658,17.495317,2357.3251,863.16553,43.991801
0.056450739,39.808705,0.61537936,1704.9245,1.6850913,15.334919,0.53733265,0.28639932,550.41848,462.56122,314614.45,0.8620672,0.53080974,0.45670615,0.4547165,1.4869574,32.146175,0.44366714,9.7446564,210.66739,0.45563579,0.79992366,17.293358,0.45489073,1.3567445,29.331133,-8.9447328,0.55682083,8.257699,-0.68703374,-0.13021291,24.244211,10.880878,18.335273,3757.9994,755.10824,14.220108
0.062942439,38.484254,0.62662122,2432.6079,1.4761586,24.166579,-1.4408841,0.58236532,517.35301,79.574283,240107.31,0.90094792,0.53756807,0.53414395,0.53375547,0.30901698,38.833775,0.52973279,3.5088789,440.9564,0.53387807,0.21149171,26.577897,0.53368583,0.36441272,45.795288,-3.2973872,0.15292101,3.1998619,-0.097525274,0.055395737,43.128047,12.802155,18.89801,1848.1328,803.71765,17.729141
0.060021616,40.702633,0.62387264,1700.6011,1.7552698,31.693449,-0.90263737,0.57332197,388.71679,3624.9098,367554.93,0.91049744,0.49058349,0.54159376,0.52904617,10.131001,27.948283,0.4448454,78.115211,215.4956,0.53410491,6.0465406,16.680527,0.52934231,9.8918953,27.288666,-72.06867,3.8453547,67.98421,-4.08446,-0.23910525,61.323982,10.724809,18.824933,1877.2845,815.79164,36.060181
0.062871152,41.640105,0.61267783,2433.9134,2.36527,3.6543101,-0.25560032,0.52228013,476.02054,21195.623,188745.41,0.87770418,0.48540569,0.54583558,0.46369929,62.964808,29.706514,0.41837215,97.712109,46.100135,0.4937495,39.928636,18.838152,0.4642029,62.578745,29.524371,-57.783473,22.650108,34.747301,-23.036171,-0.38606303,8.4175742,10.942373,25.881666,2060.7494,774.55103,3.4584527
0.064022996,40.983063,0.61571897,2278.3901,2.2662344,14.872638,0.042383011,0.28694001,348.83869,48579.426,466771.42,0.92906398,0.54872936,0.47899482,0.37490286,86.478356,17.801436,0.30147199,147.48385,30.359323,0.40658976,60.153257,12.382455,0.35769626,100.77339,20.744048,-87.330593,40.620137,61.005494,-26.3251,14.295037,34.101041,10.857866,24.606468,3750.9181,839.41652,14.967165
0.062791284,36.006796,0.61981994,1672.3857,2.1644241,48.803697,-0.35399569,0.3382393,371.45415,659.79602,207155.89,0.90664323,0.46301952,0.52524315,0.52293397,1.8532967,28.088935,0.48610734,31.409496,476.04858,0.52381733,1.1443287,17.343673,0.52298447,1.8127686,27.474682,-30.265167,0.6684399,29.556199,-0.70896807,-0.040528172,86.366684,9.9456858,21.526682,3182.0326,810.91221,51.642801
0.059527283,35.119099,0.62455833,2544.4115,1.5987063,37.420543,-1.6069496,0.30716547,390.87982,8713.4854,330565.97,0.93211184,0.50780826,0.49338457,0.46596278,22.887457,26.266707,0.36046067,110.94427,127.3248,0.47326523,16.792504,19.271856,0.45997645,27.883924,32.000884,-94.151771,11.09142,88.056818,-6.0949531,4.9964669,62.705453,12.65444,20.230733,3503.937,843.31358,24.644383
0.069154973,42.283781,0.62472769,2519.8705,2.0833251,16.39722,-1.3284874,0.32578373,446.94989,1495.2601,289732.79,0.93411548,0.49229849,0.49278425,0.48709295,4.7646624,31.865108,0.45315026,33.180923,221.90737,0.4887689,3.3615808,22.481579,0.48590157,5.7620684,38.535559,-29.819342,2.4004876,28.41626,-1.4030816,0.99740596,29.633357,11.548097,24.058441,3303.6901,845.87835,11.759873
0.06315347,37.168182,0.63094196,1782.6011,2.2001517,36.339633,0.45654597,0.319942,447.14712,1046.4661,156448.66,0.9004854,0.55939417,0.51495495,0.51059465,3.4659122,33.120156,0.46343323,40.953525,391.3507,0.51220513,2.1857795,20.887246,0.51052366,3.5223381,33.65936,-38.767746,1.3365586,37.487613,-1.2801326,0.056425926,62.003759,10.104245,22.230873,3364.0111,803.13421,34.782745
0.062948457,40.757785,0.6175253,1567.6439,2.2686741,23.571901,0.29521157,0.3261458,532.2947,4117.4871,197279.21,0.98771198,0.49567972,0.49393274,0.47526657,16.909936,41.068583,0.39875494,86.222844,209.40647,0.48360278,9.3580492,22.727574,0.47662652,15.677935,38.076463,-76.864795,6.3198855,69.312908,-7.5518872,-1.2320017,34.583637,9.5821245,21.738718,3300.0225,915.32211,22.060901
0.057620912,39.413451,0.61798977,2846.4517,1.5061396,43.823906,-0.27460431,0.20983924,420.78223,7894.815,329137.41,0.93319978,0.48362695,0.45535949,0.43066031,20.649084,26.155247,0.30064369,129.34598,163.83662,0.43440996,17.514288,22.184545,0.42292798,27.113494,34.343419,-111.8317,9.5992064,108.6969,-3.1347959,6.4644105,112.62631,13.400353,20.182802,5129.1095,844.70592,39.567267
0.058422193,39.971271,0.62300593,1533.7207,1.9736615,13.080045,-1.2763499,0.2410267,493.41964,251775.26,166124.75,0.91582254,0.48002927,0.47977852,0.16174098,258.9119,10.283453,0.21569905,214.98505,8.538768,0.26013154,178.8129,7.1020841,0.1523775,266.53463,10.586212,-36.172145,87.721729,-43.926852,-80.098998,7.6227311,27.471067,9.9646314,19.666809,4465.4325,822.54732,17.911389
0.056616814,37.731161,0.61803623,2001.0339,1.7104391,13.322392,-1.0816812,0.43801488,485.3407,1669.3901,300180.19,0.80855211,0.49842593,0.50666763,0.49965098,4.7894954,28.690091,0.46683504,27.189328,162.86983,0.50248299,2.8563896,17.110378,0.49955073,4.8579224,29.099983,-24.332939,2.0015329,22.399833,-1.9331058,0.068427012,26.097064,11.420514,19.534094,2457.1961,689.67939,13.04179
0.071503336,39.57739,0.6153373,2419.3865,2.1776565,28.48335,-0.96421011,0.17942636,539.88145,2490.9987,503887.95,0.87569181,0.48416432,0.39114159,0.38281829,6.3598682,25.531399,0.3205847,53.91286,216.4307,0.38502199,4.676011,18.771631,0.3809832,7.7620738,31.160489,-49.236849,3.0860627,47.552992,-1.6838572,1.4022055,56.306098,11.225577,24.44545,5998.497,772.04077,23.272882
0.060043565,41.587249,0.61825262,3048.3508,1.5903833,15.450773,-0.80689294,0.29869933,544.74897,23332.937,287401.08,0.94994529,0.51133979,0.46644372,0.38271511,71.781989,30.764233,0.29678241,145.45358,62.33831,0.40268024,54.665538,23.428486,0.35883484,92.254956,39.538511,-90.788045,37.589419,73.671594,-17.116452,20.472967,33.007318,13.463493,21.412115,3603.2504,866.22134,10.827926
0.057627972,42.930072,0.61455345,2049.0022,1.4681754,22.313459,-0.65648587,0.31759947,482.7637,1257.0178,429801.91,0.9057195,0.55283735,0.45894978,0.45435481,3.6824975,29.295508,0.41372872,36.241088,288.31006,0.4560317,2.3386075,18.60441,0.45408269,3.9005814,31.030438,-33.902481,1.5619738,32.558591,-1.34389,0.21808388,44.436976,12.112251,17.782909,3388.8232,809.74404,21.68713
0.060634166,38.036645,0.61326577,2136.5631,2.0646253,11.174401,-0.72420574,0.73223169,497.75044,4105.3519,434626.23,0.86596246,0.53058611,0.51598804,0.49967953,12.266066,29.878233,0.45260051,47.675442,116.12998,0.5060072,7.5068551,18.285534,0.49829436,13.307889,32.415952,-40.168587,5.8010343,35.409376,-4.7592112,1.0418231,22.445974,10.962969,22.634424,1469.8742,759.938,10.505645
0.062321681,38.954153,0.62276208,2825.3744,2.1838285,32.046723,-1.3833693,0.38800061,359.47648,355329.01,181258.31,0.92470958,0.48341336,0.54482753,0.2062363,279.43486,7.8641163,0.2549975,239.19289,6.7315891,0.28617975,213.45859,6.0073506,0.15368392,322.80564,9.0846972,-25.734297,109.34705,-40.241976,-65.976272,43.370779,54.673589,11.810162,25.791369,2773.935,833.85807,19.350919
0.067414553,38.125178,0.62198604,1685.2749,2.0584818,16.410271,-1.1303079,0.27202664,537.3786,11535.246,277715.71,0.84598969,0.51109081,0.46201266,0.41711627,32.671627,28.323303,0.32754266,97.855373,84.831629,0.43594799,18.967565,16.443139,0.41896421,31.326856,27.15751,-78.887808,12.359291,65.183746,-13.704062,-1.3447709,32.841912,10.139377,20.871724,3956.5554,735.26945,19.48757
0.065471665,36.448724,0.61781372,2933.1064,2.1082506,40.341465,-0.50410136,0.62207053,530.21264,1929.5045,352000.76,0.99397225,0.50765369,0.51168694,0.50305731,7.887863,40.880252,0.41897871,84.739418,439.17709,0.50436736,6.6904137,34.674258,0.49935327,11.273515,58.426995,-78.049004,4.5831014,76.851555,-1.1974493,3.3856521,96.616918,12.099625,25.509041,1730.1711,923.53736,32.940134
0.059887207,40.387748,0.63252039,2490.3457,1.5033302,28.358064,-0.28780192,0.37738348,518.97792,1826.0793,345642.36,0.89700437,0.4342604,0.47878904,0.47118409,6.0119897,32.922939,0.39999018,62.293379,341.13185,0.47309894,4.49823,24.633268,0.46959285,7.2699248,39.811661,-57.795149,2.7716948,56.28139,-1.5137597,1.2579351,65.937691,12.824441,19.27937,2851.9755,798.74702,26.477324
0.057211922,41.722673,0.61159054,1791.0825,2.3427719,12.832544,-0.371986,0.27441485,395.89377,670.01114,260156.31,0.94659628,0.48778261,0.4926539,0.49035136,1.9641691,29.315469,0.47709419,13.273152,198.10345,0.49130722,1.148783,17.14573,0.49039974,1.9229066,28.699622,-12.124369,0.77412358,11.308983,-0.81538603,-0.041262455,23.776943,9.9105684,23.218202,3922.1218,861.9057,13.27518
0.05772728,43.061678,0.626697,2486.9713,2.1129849,22.103727,-0.35522213,0.32810375,543.21107,1982.1216,316271.73,0.87648416,0.48232095,0.46842911,0.45992137,6.5091242,32.839176,0.39227977,58.260548,293.93023,0.4619735,4.939073,24.918113,0.45781906,8.1175672,40.953931,-53.321475,3.1784942,51.751424,-1.5700512,1.608443,50.531416,11.443569,24.180089,3280.3297,773.02887,20.318456
0.06224557,39.422397,0.61659341,1852.7051,2.0301496,9.453784,-1.1488433,0.31125539,506.38397,354.48466,222520.69,0.95689817,0.47032358,0.48944237,0.48788367,1.3501508,38.087706,0.48111177,7.2160023,203.56317,0.48855428,0.76926548,21.700952,0.48797053,1.2749171,35.965366,-6.4467368,0.50565159,5.8658515,-0.58088528,-0.075233695,18.707667,10.513068,21.3431,3457.895,875.20114,10.097487
0.06080105,41.271808,0.61589363,1615.9287,1.7729258,23.276903,0.13565132,0.69273851,344.72399,3979.7862,342313.35,0.91634382,0.46534592,0.5752473,0.56229706,10.551177,26.511919,0.49969924,61.552607,154.6631,0.5682203,5.7252392,14.385796,0.56321641,9.8021407,24.629817,-55.827368,4.0769016,51.00143,-4.8259378,-0.74903621,36.636499,10.508658,18.631071,1553.6721,823.20951,22.672101
0.066358277,47.570194,0.60682199,1542.7939,2.3003237,8.8420501,0.5187448,0.39788983,461.95886,1971.2349,282291.93,0.86656259,0.49087391,0.5077745,0.49981681,5.9910542,30.392392,0.47934326,21.404852,108.586,0.50388112,2.9311803,14.869767,0.50105489,5.058951,25.663868,-18.473671,2.1277707,15.413798,-3.0598739,-0.93210315,12.042152,9.4873086,21.82388,2704.9911,760.6829,7.8054185
0.059503365,37.384224,0.61736146,2443.0504,2.05823,27.469611,-0.70350496,0.34135743,433.03442,2615.2666,210213.25,0.89114235,0.5090389,0.51356305,0.50334113,8.0062251,30.613419,0.42788928,67.103161,256.58249,0.50599631,5.9265771,22.661465,0.50102171,9.8228896,37.559802,-61.176584,3.8963125,59.096936,-2.0796481,1.8166644,57.516675,11.475798,23.619831,3152.9663,791.37498,23.542976
0.056938713,37.727333,0.61972962,2490.2021,2.1005945,24.397888,-1.6178989,0.46724022,549.40387,22198.296,591779.41,0.90314279,0.44570848,0.44136701,0.37258399,54.902482,24.732747,0.29652268,115.61448,52.082591,0.39305729,38.560728,17.371031,0.35734496,67.066245,30.21234,-77.053747,28.505517,60.711993,-16.341754,12.163763,41.313364,11.470988,24.095895,2303.5013,806.48808,16.590366
0.063533374,42.619504,0.61779958,2743.2651,2.226347,22.463503,-0.9362667,0.45713488,455.07227,5511.0236,868440.08,0.9400278,0.51381521,0.42889734,0.41403134,12.557115,22.78545,0.34578273,70.205825,127.39163,0.41757376,9.5648784,17.355902,0.40875201,17.016501,30.877206,-60.640947,7.4516227,57.64871,-2.9922371,4.4593856,45.025865,11.619703,25.86949,2354.4221,853.45973,16.413239
0.064319058,36.140121,0.63122675,2237.9663,2.3057018,23.212794,-0.37386394,0.52382248,478.81572,835.23888,309570.79,0.84826255,0.48975401,0.52080711,0.51724203,2.6042133,31.179264,0.48531839,25.92373,310.37504,0.51830984,1.8242003,21.840462,0.51658243,3.0860359,36.947944,-24.09953,1.2618356,23.319517,-0.78001305,0.4818226,49.455675,10.731329,24.743245,2054.6817,738.06464,22.09849
0.059081639,41.983771,0.61830423,2054.3052,2.2332873,42.300819,-1.6138407,0.36962738,503.04575,96971.954,364597.3,0.88607352,0.50549364,0.47730131,0.27010136,160.98345,16.601031,0.24398668,181.27318,18.693361,0.32604461,117.51848,12.118812,0.24249596,182.43139,18.812799,-63.754694,64.912902,20.289732,-43.464961,21.44794,80.687391,10.540879,23.540812,2911.8202,785.01661,39.277217
0.065346017,42.251068,0.62996934,1883.0557,2.2159402,20.199591,0.19886464,0.6130938,473.29268,1543.258,375400.07,0.90686853,0.52047765,0.52127069,0.51499581,5.0378402,32.644187,0.47233483,39.288587,254.5821,0.51739808,3.1091566,20.146706,0.51462342,5.3368201,34.581516,-36.17943,2.2276636,34.250747,-1.9286837,0.29897989,37.727421,10.26609,22.749043,1755.5038,811.1972,20.035213
0.056392811,38.765019,0.62418834,2395.0298,1.7788778,30.870972,-0.22697427,0.38909574,455.27627,17305.461,302586.85,0.96421493,0.53819693,0.50345509,0.44357465,52.430499,30.297084,0.32462747,156.57903,90.479551,0.45895391,38.964626,22.515798,0.43153287,62.97412,36.389739,-117.61441,24.009494,104.14853,-13.465873,10.543621,70.66502,11.968094,21.289776,2766.1276,884.68013,29.50486
0.054415418,39.220737,0.62137784,3207.4392,2.0981768,4.4891529,0.19044823,0.44100507,360.18433,3567.3443,161004.6,0.92442483,0.56092443,0.56001031,0.54720904,10.560123,29.602197,0.50810407,42.818881,120.03013,0.5497173,8.4909894,23.801991,0.54342981,13.67771,38.341434,-34.327892,5.1867202,32.258759,-2.0691332,3.117587,15.81154,12.485583,26.196961,2440.5353,833.49498,4.9296461
0.063191665,41.834263,0.623265,1128.523,1.979535,24.113325,-0.21786011,0.41638404,360.92442,17132.39,339023.83,0.88071388,0.53541351,0.52655037,0.47645483,38.58907,22.524043,0.38838443,106.43054,62.122412,0.50356376,17.706806,10.335281,0.48805767,29.651294,17.307155,-88.723735,11.944488,67.841471,-20.882264,-8.9377762,30.697068,8.9870906,17.79026,2584.8456,778.30982,27.201101
0.061626988,41.328459,0.61931357,2676.3517,1.648163,18.0555,-2.602603,0.29660511,346.34121,5773.8608,198957.29,0.8896769,0.45212686,0.51863411,0.50062045,14.076227,24.379229,0.44534547,57.269174,99.186966,0.50653763,9.4524286,16.371071,0.4979057,16.197588,28.053306,-47.816745,6.7451598,43.192946,-4.6237987,2.1213611,21.539178,12.739461,20.996707,3628.6916,789.53517,8.0479625
0.062600468,36.829886,0.61606664,2087.8691,1.5333533,13.585536,0.050993408,0.27497365,468.93554,87883.535,262380.86,0.92452929,0.44621027,0.47850659,0.28213992,162.01413,18.435095,0.26692885,174.56417,19.863125,0.35008118,105.95857,12.056704,0.2708777,171.30613,19.492403,-68.605591,65.347555,12.550035,-56.055556,9.2919994,28.454874,12.013154,18.420409,3914.1513,833.62816,13.628667
0.060948552,39.553552,0.62211943,1764.3629,1.9678034,21.316793,-0.92583613,0.16546198,352.5537,55700.29,293472.12,0.85899129,0.47884209,0.44762797,0.33382665,84.620168,15.192052,0.25884011,140.37852,25.202475,0.37534726,53.746349,9.6492044,0.33348872,84.871442,15.237163,-86.632167,31.125093,55.758347,-30.873819,0.25127401,41.496266,10.451343,20.566189,6504.7477,751.30078,23.519122
0.063586742,37.119448,0.62388565,3327.3098,2.3634163,26.723323,-1.0543643,0.48477978,349.9019,406.44178,272778.88,0.91712217,0.50605914,0.55301296,0.55163015,1.1279977,27.752995,0.53640448,13.54798,333.33139,0.55180027,0.98922593,24.338687,0.55090377,1.7205277,42.331468,-12.558754,0.73130179,12.419983,-0.13877175,0.59253004,50.948058,12.147522,28.709652,2220.1596,824.19856,15.312087
0.060033287,38.04225,0.62366468,2213.9333,1.8638042,9.0770187,-1.0354663,0.34735748,395.49299,4893.9773,354249.59,0.94241127,0.51297192,0.4993912,0.48332598,13.618774,27.827619,0.44109776,49.416369,100.97384,0.48948139,8.4007224,17.16543,0.48270213,14.147615,28.908215,-41.015647,5.7468924,35.797595,-5.2180512,0.52884123,17.733332,11.478667,21.393988,3098.5038,856.52166,8.009876
0.053629978,38.813033,0.62900244,2295.6895,1.9195785,23.658886,0.10746518,0.25061915,451.69121,106298.33,659680.91,0.88520469,0.45866136,0.4152959,0.24141254,134.91091,12.691724,0.21674045,154.05325,14.492537,0.28712729,99.442206,9.3550109,0.2150826,155.33953,14.613543,-54.611049,55.897322,19.142342,-35.468706,20.428616,55.237902,11.504625,22.08403,4294.5181,783.92825,24.061573
0.05581995,39.401496,0.61504042,2058.2621,2.3375353,26.636711,-1.0261514,0.44956317,350.85502,10703.128,265144.3,0.93670183,0.48647995,0.54725759,0.51357016,28.313058,26.453068,0.4048075,119.72409,111.85897,0.52438961,19.219705,17.957091,0.5091819,32.001229,29.89895,-100.50439,12.781524,91.411035,-9.0933527,3.6881712,52.196861,10.388453,24.283375,2394.0761,849.1924,25.359676
0.055935701,38.527091,0.61619741,2241.4042,1.5209392,34.236758,0.35387447,0.37033537,474.57825,4479.4825,103791.43,0.87443199,0.44104821,0.53404066,0.51376307,15.462696,34.518933,0.39173675,108.51395,242.24663,0.51952672,11.067622,24.707368,0.51112418,17.474978,39.011155,-97.446332,6.4073561,93.051259,-4.3950734,2.0122827,80.439848,12.334063,18.759359,2906.2535,770.47046,35.888148
0.06248896,42.059409,0.61418868,1739.1418,2.0629129,26.926111,-1.2531746,0.31953614,507.19197,4756.987,472372.65,0.93988216,0.53092448,0.44648617,0.42954179,14.309564,30.081151,0.34179385,88.412865,185.85896,0.43615096,8.7281042,18.347968,0.42948985,14.353425,30.173354,-79.684761,5.625321,74.103301,-5.58146,0.043861048,54.467896,10.238934,21.122029,3368.284,853.27274,31.318835
0.058046575,39.957099,0.62793023,2483.7509,2.0111613,27.702909,-1.7321123,0.35776207,358.99921,2045.0385,346240.92,0.96658427,0.51359804,0.51220993,0.50578084,5.6487987,27.621967,0.45538707,49.926306,244.13382,0.5075227,4.1183427,20.138216,0.50428563,6.9625319,34.04597,-45.807964,2.8441892,44.277508,-1.530456,1.3137332,45.736643,11.628501,23.386792,3008.3918,887.75606,18.414344
0.058339959,36.505129,0.62507768,2085.4293,1.5836923,24.258412,-0.80333005,0.40587237,502.06991,3957.8492,329343.97,0.91389058,0.49273615,0.49135752,0.47520097,13.113703,33.133408,0.39502707,78.188019,197.55179,0.4809275,8.465677,21.38959,0.47399513,14.09244,35.606309,-69.722342,5.6267633,65.074316,-4.6480264,0.97873688,48.170295,11.879867,18.814054,2651.7904,820.09446,23.098503
0.061490118,38.082208,0.62554811,2843.6498,2.2430704,7.0331465,-0.62033194,0.15141217,441.02788,90543.424,357504.32,0.90606997,0.43386479,0.41719748,0.24851433,135.26014,14.938704,0.23417772,146.75607,16.208364,0.29674735,96.584042,10.667151,0.22799048,151.71737,16.756311,-50.172031,55.133333,11.495936,-38.676095,16.457237,15.887215,11.730444,26.312211,7108.3354,810.1872,5.5869098
0.055982362,42.661792,0.61410747,2881.6283,1.7740472,17.021869,-0.84106061,0.45058917,413.44057,47486.245,285873.93,0.88667378,0.46340235,0.52862887,0.39890287,100.88685,21.245489,0.32982638,154.60707,32.558285,0.43209711,75.071963,15.809202,0.36570928,126.70123,26.68167,-79.535104,51.629267,53.720217,-25.814888,25.81438,35.501494,12.74073,22.602656,2388.6248,785.76879,12.319942
0.059176058,37.242931,0.61609604,1653.0787,1.7800182,31.634418,1.0817353,0.50385188,453.62458,284.10946,343197.03,0.92979725,0.51156855,0.51742753,0.51629093,0.94532254,33.273181,0.50554025,9.8868352,347.99387,0.51680422,0.51841483,18.24701,0.51635962,0.88819785,31.262523,-9.3684204,0.36978302,8.9415127,-0.42690772,-0.057124692,43.446729,10.574497,18.822798,2136.1208,840.35361,26.282311
0.065541052,34.442098,0.62145087,2139.092,1.7465387,26.073564,0.24123405,0.35992405,353.41749,1455.9514,412786.32,0.92364179,0.55108126,0.50491308,0.50052949,3.6118112,24.807225,0.46030948,36.750667,252.41686,0.50199593,2.403554,16.508477,0.50004647,4.0097954,27.540724,-34.347113,1.6062414,33.138855,-1.2082573,0.39798418,56.948387,11.596327,20.253434,2990.3211,832.49669,26.622691
0.057496865,42.140295,0.62591958,2607.7354,1.7162969,32.19592,-1.676118,0.51046424,508.81265,3253.8883,495215.29,0.90301638,0.51196883,0.47575788,0.46348658,9.7929879,30.096264,0.38857157,69.578165,213.83084,0.46671736,7.2146975,22.172542,0.46016629,12.442712,38.239517,-62.363468,5.2280141,59.785177,-2.5782905,2.6497236,52.11587,12.460259,21.385504,2108.4503,806.32845,19.985107
0.064401953,39.841143,0.61964358,3103.5673,2.2805574,27.691103,-0.38578106,0.30431069,521.92244,9.9213998,161560.82,0.89162508,0.51317063,0.49708395,0.49703715,0.036676254,36.966814,0.49613463,0.74411234,750.00741,0.49704205,0.032837998,33.09815,0.49701538,0.053742969,54.168737,-0.71127434,0.020904972,0.70743609,-0.0038382565,0.017066715,72.006506,12.010933,27.391623,3536.808,791.98129,23.201207
0.057524075,36.943697,0.61448893,2909.0189,1.989866,15.643551,-0.23342031,0.4012405,443.02409,5905.6346,461157.03,0.93692406,0.53457449,0.4822838,0.46239112,16.724685,28.319878,0.38299182,83.479281,141.35531,0.46666868,13.128342,22.230197,0.45551164,22.508575,38.113729,-70.350939,9.3802332,66.754596,-3.596343,5.7838902,41.510496,12.301109,24.477559,2682.4023,849.47733,14.269586
0.060669158,37.520496,0.61851269,2524.0411,1.7781602,9.5839422,-0.35897086,0.44908227,558.63869,6780.5291,189193.31,0.87983325,0.50490943,0.51682633,0.48394926,25.289718,37.297558,0.41152678,80.998565,119.45759,0.49457387,17.117049,25.244414,0.47931436,28.854973,42.555637,-63.881516,11.737925,55.708847,-8.1726692,3.5652555,22.099029,12.180877,21.65955,2396.6399,777.20945,8.7554157
0.061273659,40.481985,0.62765098,1862.8069,1.6686293,20.721074,-1.650109,0.29980451,364.1715,8920.7876,276714.73,0.89088952,0.45852301,0.50487535,0.47760526,21.350467,23.933387,0.37997668,97.786429,109.61636,0.48805478,13.169263,14.762444,0.47765168,21.314125,23.892649,-84.617166,8.1448618,76.435962,-8.1812035,-0.03634165,42.050687,11.243617,18.761428,3589.9676,791.05747,22.57383
0.062532073,42.953205,0.62292675,3175.1875,1.8955271,27.017136,-1.0960941,0.71311122,340.78143,46054.143,298845.27,0.92917189,0.49668041,0.58561115,0.47044471,95.694622,20.778722,0.38406445,167.4701,36.363742,0.49427391,75.894355,16.479376,0.42895186,130.17205,28.265003,-91.575744,54.277694,71.775477,-19.800267,34.477427,50.612439,12.872113,24.399438,1509.2856,839.5544,15.939985
0.054440247,37.537792,0.6178583,1467.3278,2.0707312,18.44277,0.1684186,0.19633088,523.89831,6199.2852,384477.72,0.9129887,0.54987603,0.41926253,0.39756051,17.590184,28.374535,0.33577304,67.67091,109.15921,0.40808667,9.0583939,14.611997,0.40055199,15.165495,24.463296,-58.612517,6.1071011,50.080727,-8.53179,-2.4246889,25.769273,9.6628338,20.009131,5482.0131,818.95015,17.562042
0.062288229,42.563667,0.61482315,2789.0155,2.2074674,23.460475,0.14156452,0.26255655,372.84976,25017.599,251455.79,0.95573733,0.38992628,0.49423344,0.42471304,60.115622,24.029333,0.3033579,165.05374,65.97505,0.43663159,49.809431,19.909757,0.40290956,78.969515,31.565585,-115.2443,29.160084,104.93811,-10.306191,18.853893,68.77186,11.717157,25.865242,4099.2634,873.7,24.658113
0.059558946,41.937058,0.62089879,1978.4915,1.4976554,34.132536,-2.0542938,0.26903843,350.98376,4949.9596,490058.97,0.86491413,0.46228681,0.46980648,0.45652999,9.9685061,20.13856,0.36468159,78.93188,159.45964,0.46113439,6.5113428,13.154335,0.45594265,10.409507,21.029478,-72.420537,3.8981639,68.963374,-3.4571633,0.44100064,66.382345,11.892618,17.811044,4000.5008,758.63727,33.551999
0.057196216,37.008796,0.62003173,2423.7793,1.7631113,14.926761,0.59517818,0.35482528,476.43962,604903.58,128144.18,0.91774005,0.48310469,0.52503782,0.13555324,318.01566,5.257295,0.19284653,271.23547,4.4839455,0.20753329,259.24368,4.2857025,0.10045,346.67759,5.7311215,-11.991795,87.433914,-46.780186,-58.771981,28.661933,41.028663,12.051501,21.248138,3033.2913,824.98394,16.927558
0.064987624,38.097767,0.61435904,2877.8545,1.8145159,21.729483,-0.20473535,0.42856142,412.61456,23.621742,269829.33,0.85544997,0.50276699,0.52739673,0.52730609,0.067005603,28.366072,0.52599884,1.0333885,437.47345,0.52732397,0.053785351,22.769426,0.52727441,0.090423925,38.279957,-0.97960314,0.036638574,0.96638289,-0.013220252,0.023418323,57.817352,12.639776,22.935075,2511.3984,746.92421,20.090436
0.062364875,43.118583,0.62174872,2354.4809,1.8304538,17.499624,0.33940051,0.21657113,471.8349,895.27124,390258.37,0.91241964,0.4943309,0.43677582,0.43367927,2.5076431,28.00987,0.40297819,27.369918,305.71649,0.43455488,1.7985535,20.089481,0.43316424,2.9247188,32.668522,-25.571365,1.1261653,24.862275,-0.70908966,0.41707568,43.832901,11.787332,21.576166,4969.6764,818.22836,18.6168
0.062257269,39.140028,0.62723917,2156.1598,2.3525019,28.801888,-0.82859145,0.29742709,531.14329,200.19049,410029.9,0.89607959,0.50879783,0.44621655,0.44542661,0.62356618,31.148642,0.4346292,9.1468719,456.90842,0.4456596,0.43964435,21.961301,0.44529723,0.72569375,36.250161,-8.7072276,0.2860494,8.5233058,-0.18392184,0.10212756,57.431705,10.528189,24.767586,3618.6632,797.58269,26.636108
0.054763695,39.387323,0.62302211,1998.4963,1.5534534,31.530038,-1.1444662,0.28337106,520.14419,1689.2408,524959.95,0.89964696,0.57814036,0.426076,0.42013364,4.7172412,27.925214,0.363764,49.465278,292.82549,0.42221585,3.0643135,18.140181,0.41978562,4.9935089,29.560669,-46.400964,1.9291954,44.748037,-1.6529277,0.27626773,61.698831,11.787953,18.312036,3798.1594,802.07687,30.872628
0.0580201,43.385424,0.61693499,1774.6371,1.9884796,11.217821,-0.65936477,0.57466836,474.67546,1074.8453,276356.84,0.91451007,0.43159115,0.53572936,0.53101186,3.8326936,35.658095,0.5086844,21.972479,204.42457,0.53308999,2.1443325,19.95015,0.53125996,3.6311322,33.782835,-19.828146,1.4867997,18.139785,-1.6883611,-0.20156142,21.269881,10.435169,20.750122,1872.8863,820.88074,11.985482
0.055692123,40.668237,0.62086627,2634.334,2.2093477,32.655223,-0.64517402,0.56701699,420.37046,3591.081,194720.04,0.93069444,0.41277005,0.56358336,0.54873677,12.364992,34.432506,0.4463472,97.64022,271.89645,0.5516935,9.9024739,27.575189,0.54403128,16.28396,45.345565,-87.737746,6.3814861,85.275228,-2.4625182,3.9189679,71.131984,11.493147,25.392358,1898.1591,841.50061,27.001885
0.073546759,34.695277,0.62457916,1970.0759,1.8407313,20.063627,0.01729846,0.54555407,489.90203,432.4317,1020946.6,0.89653547,0.4579784,0.40787512,0.40672554,0.90811125,21.000108,0.39820525,7.6387331,176.646,0.40719317,0.53870565,12.457589,0.40665823,0.9612832,22.229712,-7.1000275,0.42257754,6.7306219,-0.3694056,0.053171943,39.529663,11.086664,20.40757,1972.8355,798.1566,20.065046
0.055554873,38.967161,0.62443348,2055.4609,1.5549076,5.6996991,-1.2388701,0.43093316,551.18422,17892.559,182130.17,0.90995301,0.5029685,0.51661678,0.4394003,62.292344,34.814664,0.38626806,105.15536,58.770441,0.47245713,35.624625,19.910301,0.44490789,57.84924,32.331451,-69.530736,22.224615,42.863017,-26.667719,-4.4431041,11.05946,11.895196,18.49593,2497.5764,815.10188,5.3805255
0.061706823,36.994183,0.61937972,2512.8864,2.1257616,7.2917941,0.40440652,0.38087011,410.86134,916.79331,214731.28,0.94702551,0.49129978,0.52678415,0.52324595,3.0201844,32.942915,0.50794967,16.076986,175.36107,0.5243118,2.1103839,23.01919,0.52273156,3.4592609,37.732178,-13.966602,1.348877,13.056801,-0.90980052,0.43907643,20.251953,11.460128,24.3615,2825.8675,862.45847,8.0592395
0.065775034,36.596055,0.61698345,2777.9141,1.9363974,22.487591,-0.14233125,0.53775524,521.43023,188921.76,203809.7,0.93512756,0.5710085,0.53533277,0.22533182,259.92542,13.758363,0.25457987,235.40191,12.460286,0.29626992,200.4462,10.610011,0.17182263,304.79109,16.133191,-34.955706,104.34489,-24.523514,-59.47922,44.865667,59.452228,12.223948,23.670421,2001.4467,847.17474,21.401752
0.060246727,37.479465,0.61642074,2814.321,1.5389245,26.763111,0.061990398,0.41173493,418.11324,8442.1548,261921.73,0.8892772,0.47766388,0.5241298,0.4935998,23.841581,28.241109,0.37163513,119.0866,141.06185,0.49957224,19.177565,22.716433,0.48425298,31.14073,36.887182,-99.909036,11.963165,95.24502,-4.6640167,7.2991483,77.023283,13.25426,20.397306,2614.0325,789.03357,27.368336
0.054861183,37.150847,0.61980765,1932.7481,2.2771056,13.707805,-2.0792403,0.3512666,387.84268,105.59466,332778.31,0.90277406,0.4948298,0.50566038,0.50530109,0.28661786,27.143215,0.50298536,2.1339629,202.09004,0.50544045,0.17544421,16.614875,0.50529003,0.29544275,27.978948,-1.9585187,0.11999854,1.8473451,-0.11117365,0.0088248904,27.335398,10.262049,23.367769,3064.0217,806.02247,14.14328
0.061925253,43.643875,0.6191464,1871.0158,1.8297942,27.308679,-1.9660738,0.49125228,360.61434,5715.1891,602424.9,0.83656975,0.53031305,0.50316992,0.48730857,11.361146,19.878863,0.40065582,73.428669,128.47986,0.49320427,7.1381864,12.489852,0.4865556,11.900487,20.822561,-66.290483,4.7623011,62.067522,-4.2229601,0.539341,56.096848,10.919308,19.980086,2190.9078,723.71791,29.982029
0.067670513,41.389051,0.62219753,2718.0445,1.59143,30.32403,-0.90973042,0.36915357,504.60467,39840.004,251979.65,0.90964817,0.47705181,0.49811328,0.37046551,102.92765,25.835252,0.28873934,168.82683,42.376208,0.4013859,77.995273,19.577125,0.34001179,127.48374,31.998929,-90.831555,49.488471,65.899173,-24.932382,24.556089,61.27341,12.955665,20.618034,2915.5575,814.71573,22.543196
0.064746162,40.394515,0.62078542,2108.3544,1.5617858,4.3375897,-1.4005733,0.26297111,346.30417,21711.812,305733.46,0.93262388,0.40184208,0.49239965,0.43553112,47.501916,21.878375,0.39485553,81.477981,37.527029,0.46049948,26.64601,12.272587,0.44436173,40.125765,18.481076,-54.831971,13.479755,33.976065,-20.855906,-7.3761508,8.2688233,11.978729,18.70821,4092.8011,843.9688,3.9219324
0.054059049,36.57614,0.62203215,2010.437,1.8811412,34.295431,-0.97908236,0.3339293,369.09335,418.84796,496046.46,0.87515777,0.49256434,0.48283268,0.48159358,0.94598726,22.585457,0.46373493,14.580102,348.10011,0.48200934,0.6285758,15.007255,0.48149105,1.0242656,24.454353,-13.951526,0.39568977,13.634115,-0.31741146,0.078278306,67.32327,11.08136,20.845603,3223.1028,771.37501,33.486883
0.062461249,38.501285,0.62243579,2353.5771,1.5581585,23.363712,-0.21260116,0.34308849,394.96515,773.24428,269708.4,0.97767773,0.49563249,0.51159625,0.50885048,2.4517667,31.707531,0.47904425,29.066515,375.9034,0.50966448,1.7249247,22.30763,0.50841852,2.8374796,36.695772,-27.34159,1.1125548,26.614748,-0.72684197,0.38571287,52.901787,12.435855,19.377033,3137.0579,902.1993,22.477185
0.054286079,36.681403,0.62867553,2787.7539,1.7420592,16.533411,-0.43021469,0.59138258,387.69434,59090.926,310767.76,0.90194451,0.52339399,0.55416933,0.40810309,116.3711,19.693564,0.34642412,165.51078,28.009509,0.44562998,86.473388,14.633954,0.3728826,144.43129,24.442211,-79.037394,57.957903,49.139686,-29.897707,28.060196,39.626798,12.677508,22.084969,1819.9529,804.97524,14.214597
0.058140606,39.614075,0.61844271,1988.9513,2.2370291,25.350208,-0.50916777,0.52186596,508.26024,3145.2236,344861.34,0.95348094,0.51221113,0.50604024,0.49271526,11.483906,36.512209,0.41561462,77.931816,247.7783,0.4973292,7.5074611,23.869404,0.49131836,12.687804,40.339913,-70.424355,5.1803433,66.44791,-3.9764449,1.2038985,50.071793,10.422075,23.314486,2062.3849,870.78432,25.174973
0.061207946,37.409332,0.62825619,1728.9827,1.8892613,35.004277,0.065476973,0.44803035,500.36318,1393.9166,184146.55,0.96780455,0.43039144,0.52916734,0.52257308,5.8042687,41.639999,0.46255364,58.63337,420.63757,0.52519651,3.4951258,25.074138,0.52273147,5.6648566,40.639852,-55.138245,2.1697308,52.829102,-2.309143,-0.13941214,60.022759,10.522919,19.880545,2402.2668,889.34146,34.715651
0.061947179,39.558998,0.62520653,1480.5045,1.8996307,20.526805,-0.30064512,0.43027371,427.93646,42845.369,145647.29,0.92139763,0.45428214,0.54734459,0.41421768,109.31179,25.513093,0.34486914,166.25455,38.803388,0.47223457,61.673563,14.394453,0.42422462,101.095,23.595315,-104.58098,39.421432,56.942758,-47.638225,-8.216793,33.074961,9.9743261,18.947536,2501.4042,829.63759,22.340331
0.065579949,39.017322,0.61553815,1779.0985,1.5955148,17.834232,-0.5862901,0.40187397,546.47229,1568.719,454534.8,0.87180125,0.4201006,0.45635628,0.45005991,4.7808878,30.47638,0.41358168,32.479113,207.04226,0.45282182,2.6837446,17.107873,0.4503713,4.5444461,28.969152,-29.795368,1.8607015,27.698225,-2.0971432,-0.23644172,33.602855,11.239227,17.932352,2678.1741,767.19442,18.887575
0.064502663,39.536025,0.6274017,3201.5091,1.6731886,34.470797,0.93890585,0.34476333,452.93651,1310.7297,110766.86,0.96240498,0.53188105,0.52960088,0.52383314,5.03675,38.427068,0.41329238,101.56791,774.89588,0.52390717,4.9721017,37.933844,0.52118069,7.3530378,56.09881,-96.595804,2.3809361,96.531156,-0.064648322,2.3162877,174.76793,13.455711,22.513943,3121.8183,882.33253,54.589235
0.056754241,39.128602,0.62226861,2244.3411,1.9869066,34.570779,-1.4376764,0.40013288,371.25443,564.79623,440567.08,0.90895861,0.51842265,0.50519109,0.50341627,1.4295709,25.311268,0.47902555,21.075738,373.1565,0.50393492,1.0118142,17.914676,0.50310363,1.6813975,29.769984,-20.063924,0.6695833,19.646167,-0.41775674,0.25182656,63.953544,11.287745,22.427694,2689.8276,813.84246,28.495466
0.059844545,42.576508,0.62062977,2781.8657,2.1168361,19.21273,-0.048353341,0.84925355,441.15069,338.28031,239527.73,0.91221031,0.54824035,0.58289453,0.58138507,1.22199,36.123591,0.56221188,16.743742,494.9665,0.58168098,0.98244135,29.042227,0.58082514,1.6752846,49.523561,-15.761301,0.69284323,15.521752,-0.23954862,0.45329461,52.552513,11.871885,25.130834,1267.3347,817.96289,18.891104
0.056150442,41.590348,0.62371922,3104.9699,1.8906866,42.075303,0.2151685,0.75395704,472.8529,2185.6302,370027.19,0.91950475,0.53406497,0.53815498,0.52914809,7.374164,33.739304,0.42042871,96.385449,440.99615,0.52973096,6.8969536,31.555904,0.52479885,10.934994,50.03131,-89.488495,4.0380405,89.011284,-0.47721048,3.56083,144.20438,12.787412,24.176989,1427.5196,827.22827,46.443084
0.058610382,46.006397,0.61055744,2602.2342,1.5173019,21.100361,-1.3102072,0.41238363,534.26391,38191.487,431875.33,0.92869474,0.53132972,0.46545515,0.351042,94.999663,24.874565,0.2861308,148.89681,38.986909,0.38468195,67.067696,17.560902,0.32714044,114.84563,30.071003,-81.829109,47.777937,53.897142,-27.931966,19.84597,37.927481,12.97363,19.684913,2609.9205,838.94477,14.574968
0.052855089,42.777644,0.62154481,1803.3245,2.244997,15.855449,-0.45366517,0.33635886,351.5864,28617.528,469727.84,0.88811251,0.48887375,0.49182031,0.42202878,54.40089,19.00964,0.33633954,121.19368,42.34946,0.44893916,33.424874,11.679861,0.42027806,55.765539,19.486498,-87.76881,22.340664,66.792795,-20.976015,1.3646492,29.707892,10.075256,22.618919,3199.822,787.57252,16.473959
0.06257987,37.597094,0.62412195,2493.882,1.939326,15.519249,0.1461486,0.33692775,369.23023,11951.474,359576.31,0.89765233,0.49172749,0.50253779,0.46726331,27.914256,23.356329,0.3707397,104.29767,87.267624,0.47689303,20.293836,16.980195,0.45994438,33.706048,28.20242,-84.003835,13.412212,76.383415,-7.62042,5.791792,40.083962,11.786325,22.857526,3194.4192,799.56312,16.072919
0.062595598,41.414773,0.62297481,3401.7236,2.0062762,23.313457,-0.65086551,0.29470174,333.12222,747.21461,566290.02,0.92705629,0.477941,0.47377024,0.47183065,1.6064704,21.499451,0.44745309,21.797189,291.71256,0.47202736,1.4435445,19.319008,0.47083106,2.4343814,32.579414,-20.353644,0.99083694,20.190718,-0.16292593,0.82791101,55.431214,12.924273,25.929663,3652.128,836.85234,16.295038
0.060628348,40.376057,0.62283285,3035.42,1.4757246,23.043465,-1.4712241,0.34920217,366.97097,194.84596,487851.1,0.94200967,0.47333393,0.48831662,0.48773519,0.49258786,25.280887,0.48241993,4.9957107,256.39283,0.48787249,0.37626991,19.311148,0.48754671,0.6522706,33.476219,-4.6194408,0.27600068,4.5031229,-0.11631795,0.15968273,36.808921,13.783977,20.341354,3082.1357,856.00552,12.126467
0.058634492,38.796527,0.62235073,1816.5871,2.3032153,9.934363,-0.68722079,0.33794614,397.88248,4344.334,343869.04,0.8853248,0.52877329,0.49819051,0.48377822,11.184211,25.744362,0.44118651,44.23619,101.82502,0.48989788,6.4352428,14.812956,0.48418154,10.871227,25.023921,-37.800947,4.4359844,33.051979,-4.7489679,-0.31298346,19.02763,10.014069,23.064558,3184.7929,784.07869,10.474384
0.062139298,42.68633,0.61979722,2474.467,1.6794584,13.002328,-1.1420954,0.53367085,463.90694,3455.7639,157451.14,0.91875409,0.50743856,0.55669577,0.54089378,12.922553,37.394202,0.48161499,61.399565,177.67292,0.54610887,8.6577578,25.053094,0.53846137,14.911728,43.150308,-52.741807,6.2539698,48.477012,-4.2647953,1.9891745,24.683637,12.333155,20.71302,2016.7646,826.27337,9.9753348
0.06342765,41.460994,0.62209607,2312.7952,1.8921181,36.093995,-0.73710514,0.42219514,441.38417,721.22067,388360.98,0.87342912,0.46131856,0.49864359,0.49597444,2.0320634,28.175335,0.45673685,31.904201,442.36393,0.49670006,1.4796353,20.515708,0.4954537,2.4285103,33.672222,-30.424566,0.948875,29.872138,-0.55242813,0.39644687,73.947075,11.588655,21.927103,2549.2678,769.22111,31.973032
0.058890257,40.525252,0.61626588,2067.386,1.4939797,24.06069,-0.4035829,0.37614803,556.40449,77.587037,756930.79,0.95244025,0.49139109,0.39942059,0.39916661,0.21854982,28.168342,0.39605962,2.892126,372.75892,0.39926004,0.13814842,17.805606,0.39914663,0.23574121,30.384098,-2.7539776,0.097592792,2.6735762,-0.080401399,0.017191394,48.703779,12.078018,18.044313,2861.3428,869.44051,23.558145
0.056026312,42.192971,0.62566019,1487.5454,2.1869978,11.964311,-1.1599684,0.30637715,504.87459,7679.5041,745371.3,0.97903066,0.44330838,0.40304116,0.38084872,19.85499,25.85452,0.32052992,73.820615,96.126799,0.39121777,10.578073,13.774422,0.3833386,17.627359,22.953773,-63.242542,7.0492864,53.965625,-9.2769165,-2.2276301,24.53745,9.5318529,20.846141,3512.9527,903.96542,16.495262
0.0680148,33.311827,0.62411075,1798.8372,2.0077651,6.8796606,-0.0059106971,0.50756291,459.62059,5159.4491,411682.77,0.9515739,0.47625873,0.50420166,0.48517626,16.350365,31.690136,0.45725065,40.34954,78.205131,0.49428884,8.5190399,16.51153,0.48787948,14.027228,27.187452,-31.8305,5.5081878,23.999175,-7.8313248,-2.323137,12.381743,10.448718,20.978572,2120.5026,868.32229,6.8831929
0.062414941,42.214099,0.6229486,3144.1235,2.1356723,14.285831,-0.44223163,0.36030902,345.81762,183.96343,712642.22,0.96289892,0.46439479,0.46928312,0.46881227,0.41146833,22.366854,0.46427801,4.3739457,237.76169,0.46889201,0.34178989,18.57923,0.46861183,0.58663475,31.88866,-4.0321558,0.24484486,3.9624774,-0.069678435,0.17516642,36.461925,12.329866,26.332554,2987.1261,882.97301,11.596849
0.067060194,36.057371,0.62074405,2396.5585,2.1295293,18.117579,-0.8445073,0.43850426,425.23747,183140.32,189913.75,0.91647196,0.48248881,0.54121996,0.25197786,235.70593,12.870236,0.28283188,210.56272,11.497343,0.33505177,168.00826,9.1737451,0.21141666,268.7596,14.675064,-42.554453,100.75134,-25.143209,-67.697662,33.053677,36.670515,11.273831,24.007953,2454.4538,823.37232,15.301323
0.062424958,38.756325,0.62563575,2999.8765,1.7676119,22.852415,-1.3722985,0.45551655,392.92944,5337.8403,127647.24,0.93176404,0.49612931,0.56260452,0.54172873,17.414677,32.62495,0.45723693,87.898132,164.66984,0.54646149,13.466591,25.228538,0.53484015,23.161166,43.39052,-74.431542,9.6945758,70.483455,-3.9480866,5.7464892,38.281539,12.928323,22.852258,2362.7867,842.8686,12.761038
0.067027186,36.54673,0.61428414,2627.5923,2.3506547,27.788127,-0.7319497,0.62972426,412.16269,4871.2604,526673.42,0.87573561,0.48466526,0.51610356,0.50031981,12.06129,24.760102,0.42066503,72.930198,149.71525,0.50410957,9.1653135,18.815076,0.49507521,16.068995,32.987345,-63.764885,6.9036812,60.868908,-2.8959769,4.0077043,58.961583,11.24846,26.441246,1709.1425,772.09538,22.439396
0.054904378,39.11971,0.61852647,3116.3599,2.0007764,19.877871,-1.1796064,0.41027446,335.86997,14168.469,613172.41,0.96608776,0.49676809,0.49558923,0.46074457,30.593354,21.592561,0.37617442,104.84531,73.999037,0.46826807,23.987776,16.930394,0.44766514,42.077,29.697633,-80.857532,18.089224,74.251955,-6.6055773,11.483647,35.891144,12.563763,25.13728,2623.3377,887.11122,11.517009
0.068058515,38.718566,0.60999372,1439.5269,1.695692,41.113255,-0.40310179,0.46276939,467.20606,12142.031,211092.2,0.85953429,0.50071435,0.53272176,0.48413623,36.159431,29.78038,0.36640283,123.78168,101.94479,0.50629031,19.671417,16.201092,0.48972185,32.002376,26.35669,-104.11027,12.330959,87.622251,-16.488015,-4.1570556,67.052336,10.262685,17.402352,2325.7555,751.9725,46.579425
0.057141128,34.923554,0.62836833,2702.8978,1.8289678,21.140554,-0.24893464,0.83596974,369.36574,6679.1384,392302.23,0.97000901,0.446842,0.5747996,0.55293482,19.307404,28.907027,0.46616511,95.928224,143.62365,0.55819264,14.664557,21.955761,0.54657568,24.922757,37.314329,-81.263668,10.2582,76.620821,-4.6428468,5.6153535,52.761081,12.345572,22.579654,1287.473,892.20764,19.520191
0.055505775,39.479038,0.61297652,2115.7868,1.9021514,41.642446,-0.77418533,0.55307278,360.5625,638.6329,318112.77,0.9429265,0.44183957,0.55452763,0.55233066,1.8638524,29.185036,0.51615273,32.556224,509.77994,0.55300169,1.2945693,20.270946,0.55203671,2.1132252,33.089827,-31.261655,0.81865592,30.692372,-0.56928316,0.24937276,83.107929,11.22998,21.361122,1946.016,857.18398,39.279917
0.061452379,33.620093,0.63020301,2935.2823,1.993264,22.011844,-0.36037431,0.2509429,544.45536,982.95345,292845.25,0.90262674,0.54114411,0.45139879,0.44725599,3.3041075,33.614079,0.40855996,34.166243,347.5876,0.44798425,2.7232764,27.705039,0.44576421,4.4938816,45.718152,-31.442967,1.7706052,30.862136,-0.58083118,1.189774,55.880667,12.331003,24.578943,4288.9775,805.83645,19.037579
0.060443215,38.639704,0.62912351,3070.2254,1.808406,2.8317358,-1.8338971,0.50115836,347.57932,1232.3468,389094.33,0.91351834,0.49576761,0.53887757,0.53498984,3.1537115,25.591103,0.53369064,4.2076211,34.143157,0.53672857,1.7432589,14.145846,0.53578505,2.5086429,20.356631,-2.4643622,0.76538403,1.0539096,-1.4104526,-0.64506859,3.8247092,12.92989,23.382489,2147.6015,819.62209,1.2457422
0.063799994,38.595191,0.6194439,2172.7622,1.9104371,14.101274,0.34785042,0.40398494,487.7227,610.96472,124123.82,0.91513445,0.49309675,0.53562087,0.53268209,2.3898973,39.11678,0.51241617,18.870704,308.86732,0.5337021,1.5604032,25.539989,0.53241223,2.6093602,42.708853,-17.3103,1.048957,16.480806,-0.82949402,0.21946297,31.745483,11.313488,21.613707,2664.1797,821.67346,14.610657
0.064386185,42.876093,0.62105992,1097.4736,1.7642762,22.200904,-0.114843,0.35422444,363.91546,1271.7744,221393.54,0.9881086,0.41726642,0.52879981,0.52444509,3.9472415,31.037277,0.49974604,26.335152,207.07409,0.52696345,1.6645275,13.088229,0.52575858,2.756656,21.675668,-24.670625,1.0921285,22.387911,-2.282714,-1.1905855,26.046008,9.2522184,16.323469,3038.4365,915.84195,23.732697
0.060291342,42.904341,0.61751881,1349.3807,2.2588179,12.505587,-0.57064105,0.61419686,339.72313,1445.4136,280859.44,0.95888822,0.45983639,0.57579199,0.5709167,4.235424,29.302506,0.54895556,23.314241,161.29807,0.57343303,2.0493544,14.178325,0.57177941,3.4859403,24.117252,-21.264887,1.436586,19.078817,-2.1860696,-0.74948365,20.893416,9.1282557,20.619067,1752.351,877.77632,15.483708
0.06070069,38.016411,0.61614235,2319.8842,1.8023125,23.082518,-1.555261,0.54475798,361.35795,5668.54,171854.48,0.88659582,0.52111823,0.57734644,0.55680396,15.973732,28.179623,0.47242754,81.58442,143.92492,0.56346692,10.792647,19.039554,0.55353403,18.516413,32.665224,-70.791772,7.7237659,65.610688,-5.1810848,2.5426811,41.265837,11.790045,21.249344,1975.7186,785.67109,17.787887
0.06195988,40.74707,0.62351835,2480.4398,2.2510548,31.051726,-1.0430037,0.17726736,460.53963,8571.8179,222276.67,0.96526285,0.50043392,0.44780991,0.4185546,25.654929,29.929391,0.30582719,124.50926,145.2542,0.42519874,19.828463,23.132156,0.41159747,31.755863,37.046824,-104.68079,11.9274,98.854327,-5.8264665,6.1009336,60.313513,11.194832,25.20018,6071.5546,886.04017,24.315653
0.062540431,37.94394,0.61484548,2609.6834,1.6513954,29.521747,0.4519554,0.38024884,361.7794,359.14421,235419.9,0.92612728,0.4394876,0.53377089,0.53253354,1.0233852,28.495104,0.50891771,20.555484,572.34624,0.53279272,0.80901619,22.526221,0.53220781,1.2927883,35.996356,-19.746468,0.48377208,19.532099,-0.21436898,0.2694031,87.643204,12.624542,20.84811,2830.4845,835.6666,33.583845
0.065996835,38.344856,0.619271,3109.5718,2.0517208,15.768847,-0.5126895,0.34421757,508.9455,61332.115,311901.65,0.97356091,0.49291539,0.48005711,0.31617722,145.46188,23.717082,0.27333569,183.48858,29.91721,0.35353024,112.30687,18.311266,0.26989887,186.53914,30.414594,-71.181708,74.232269,38.026693,-33.155014,41.077254,38.72275,12.449851,25.543618,3126.768,896.8314,12.45276
0.060418835,37.090568,0.62503782,2407.0507,1.9006193,17.180857,-2.1294153,0.65773499,556.15174,10410.851,294755.13,0.9017143,0.47405729,0.5214097,0.47493822,37.010506,35.549935,0.39808653,98.216208,94.340234,0.49109325,24.144423,23.191595,0.46815751,42.410754,40.737069,-74.071785,18.266331,61.205702,-12.866083,5.4002482,26.759964,11.726455,22.287526,1636.3558,804.68469,11.117325
0.058833043,39.649864,0.62304661,2403.4035,1.7373798,7.5527737,-0.75046889,0.47678104,353.67282,1781.0227,180967.27,0.90582216,0.52902507,0.56525124,0.55887358,5.1120057,28.702641,0.53861837,21.347549,119.86118,0.56119182,3.2538207,18.269395,0.5584398,5.4597044,30.654883,-18.093728,2.2058836,16.235543,-1.858185,0.34769866,15.588434,12.076674,20.98177,2257.4062,809.87384,6.485983
0.057135749,41.144362,0.62037867,1699.9314,1.6422435,27.452005,-1.0496808,0.24769845,451.55461,102.6435,122482.58,0.90913799,0.50561831,0.49628105,0.49585883,0.34018208,33.142098,0.48966877,5.3275283,519.03224,0.49602954,0.20263901,19.742022,0.49588539,0.3187859,31.057584,-5.1248893,0.11614688,4.9873462,-0.13754307,-0.021396184,54.246981,10.963974,18.005514,4345.1563,814.0696,31.911276
0.060797181,37.489645,0.62173399,3084.914,2.1529039,33.283937,0.54713235,0.47985887,505.93304,65.0157,558490.09,0.88924758,0.49901041,0.46145982,0.46122099,0.18649866,28.685173,0.45381834,5.9671246,917.79749,0.46123583,0.1749103,26.902779,0.46110118,0.2800523,43.074565,-5.7922143,0.105142,5.780626,-0.01158836,0.093553636,131.52511,12.219202,26.306767,2242.9271,788.99641,42.634937
0.057914691,36.884376,0.62491779,3097.1716,1.7610279,13.674501,-1.0311309,0.37465417,450.717,1308.2916,297613.51,0.96135692,0.45388143,0.50241442,0.497304,4.4558662,34.058662,0.47165055,26.823577,205.0275,0.49852316,3.3928606,25.933519,0.49582158,5.7484146,43.938328,-23.430716,2.3555541,22.36771,-1.0630057,1.2925484,26.451306,13.082871,23.0393,2872.7519,880.97397,8.5404716
0.059358084,40.000315,0.62460252,2687.8322,1.886423,14.956642,-1.2101878,0.54662164,366.4617,1598.7307,189549.75,0.87553267,0.50009004,0.57357468,0.56758155,4.5782041,28.636494,0.53549184,29.091811,181.96818,0.56929009,3.2730356,20.472714,0.56617559,5.6522319,35.354498,-25.818775,2.3791963,24.513606,-1.3051684,1.0740279,27.46693,12.196196,23.007184,1968.9825,771.84236,10.21899
0.063661055,39.237967,0.62575072,3005.6365,2.1045586,10.37853,-1.2266444,0.3711112,520.62947,49838.527,536525.39,0.89679649,0.49990895,0.44319316,0.31663121,100.01906,20.068623,0.28464983,125.29323,25.139834,0.35450296,70.089871,14.063391,0.29003989,121.03358,24.285144,-55.203357,50.943711,25.274164,-29.929193,21.014518,18.486824,12.205676,25.687561,2900.1778,798.48524,6.1507186
0.059253994,38.085607,0.62342469,2380.038,1.9476066,26.490364,-1.5165324,0.77733714,354.77779,3082.1756,362943.92,0.96867629,0.46069723,0.57870934,0.56845038,9.0414412,29.334607,0.50686833,63.315011,205.42311,0.57156303,6.2981935,20.434246,0.56634634,10.895778,35.350932,-57.016818,4.5975848,54.27357,-2.7432477,1.8543371,47.040362,11.587709,22.568299,1384.5839,890.47455,19.764543
0.059123108,35.499646,0.62031082,2334.6309,2.1343671,24.038036,0.035027713,0.36772461,416.03165,18541.777,150171.07,0.88692069,0.49224928,0.53412949,0.46889395,50.753127,27.37231,0.35238242,141.39888,76.259615,0.48664644,36.941725,19.923509,0.45659841,60.319032,32.53142,-104.45715,23.377307,90.645748,-13.811402,9.5659048,56.462771,11.167426,23.835386,2926.8872,786.07826,24.184881
0.055878075,42.062845,0.62011331,2450.0554,2.1846475,24.667935,0.28829508,0.4451172,364.93613,1197.6955,308860.9,0.87476986,0.52468454,0.53580423,0.53175199,3.0917288,25.81398,0.48186521,41.153721,343.60753,0.53267393,2.3883204,19.940964,0.53068299,3.907339,32.623808,-38.7654,1.5190186,38.061992,-0.70340848,0.81561014,64.434736,11.260773,24.60082,2417.9889,770.89151,26.299298
0.059570599,39.035643,0.61357672,1894.7362,2.1031318,31.112626,-0.60972114,0.29860158,366.01662,68.655713,193284.98,0.91029832,0.51236849,0.51658417,0.51634956,0.1893693,27.582453,0.51272885,3.1118477,453.254,0.51643262,0.12232295,17.816865,0.51633854,0.19826542,28.878211,-2.9895247,0.075942461,2.9224784,-0.067046345,0.0088961158,60.21824,10.46801,22.015605,3604.4299,815.53935,31.78186
0.059666163,40.157984,0.6288369,3156.8366,1.640585,12.359856,-1.5313046,0.42261949,461.69769,2721.2172,464104.38,0.92027219,0.52079587,0.48051479,0.47080901,7.955747,29.235987,0.43943414,33.673459,123.74411,0.47351983,5.7337042,21.070366,0.46821357,10.083202,37.054016,-27.939754,4.3494982,25.717712,-2.2220428,2.1274555,18.835749,13.48097,22.116679,2546.7081,828.20484,5.9666531
0.06110364,41.51643,0.63164274,1996.8609,2.262644,17.437763,-1.7040944,0.47476529,549.03,10056.364,326331.27,0.91801814,0.47733078,0.49273707,0.45064929,34.379556,34.186866,0.35858022,109.58653,108.97232,0.46562497,22.14662,22.022493,0.44695686,37.395731,37.186136,-87.439905,15.24911,75.20697,-12.232935,3.016175,33.792387,10.396342,23.523221,2266.9906,825.33751,16.922755
0.064516663,42.666914,0.62154811,2013.2179,2.2062932,29.048707,-1.2876513,0.3967743,344.28633,1174.0084,254818.65,0.89936814,0.50870384,0.53880389,0.53496026,3.0498584,25.978164,0.49136909,37.638772,320.60052,0.5362185,2.0514677,17.474045,0.53455112,3.3745067,28.743462,-35.587304,1.323039,34.588913,-0.99839071,0.32464828,56.57408,10.512659,23.194007,2712.5962,801.72534,28.10132
0.058270961,35.777075,0.63045832,2298.0768,1.9068454,29.074811,-0.96629858,0.78470197,531.90722,39219.613,599512.16,0.91874223,0.50728355,0.47902264,0.37240784,87.185864,22.230169,0.30718379,140.52381,35.829983,0.40454491,60.905284,15.529293,0.35217606,103.7307,26.448681,-79.618524,42.825419,53.337944,-26.280579,16.54484,57.350644,11.534171,21.993881,1371.5888,826.25829,24.95593
0.056112326,41.005976,0.62745108,3095.1184,2.2617083,27.10653,-1.3506748,0.66209791,481.80894,2110.9713,432453.23,0.94582695,0.49797142,0.5137316,0.50540511,7.09472,33.608794,0.44909843,55.071715,260.88329,0.50687854,5.8392589,27.661479,0.50160163,10.335538,48.961052,-49.232456,4.4962787,47.976995,-1.2554611,3.2408176,45.327159,12.033268,27.215743,1625.573,860.91521,14.644726
0.060725594,43.866197,0.62467624,2673.0258,2.0899357,19.590057,0.030814379,0.38070335,488.90287,1470.2657,310024.78,0.92989948,0.54593611,0.49279557,0.48674411,5.0338761,34.237866,0.42886847,53.177427,361.68583,0.48797764,4.0077666,27.258791,0.48482774,6.6279978,45.080272,-49.16966,2.6202313,48.143551,-1.0261095,1.5941218,52.866078,11.765041,24.588179,2827.1053,840.48429,19.777616
0.058260679,40.952392,0.61605573,951.96233,1.9232858,15.378544,-0.11162988,0.5662854,496.00197,301.40897,243264.66,0.94837679,0.51257267,0.53629262,0.53487988,1.2083419,40.08978,0.52991467,5.4551675,180.98889,0.535777,0.44101592,14.631811,0.535396,0.76689672,25.443726,-5.0141516,0.3258808,4.2468256,-0.76732602,-0.44144522,15.870718,8.5735764,16.489437,1900.6114,864.19934,16.671582
0.063476245,39.743433,0.62571213,2552.3437,1.9980865,20.898672,-0.63073999,0.23641617,444.63419,3115.1054,283367.07,0.8824361,0.49217364,0.46618949,0.45518491,8.500382,27.287622,0.38564693,62.214349,199.71828,0.45793988,6.3723328,20.456235,0.45259868,10.498092,33.700599,-55.842016,4.1257592,53.713967,-2.1280492,1.9977099,45.186366,11.760117,23.497732,4552.5162,780.46308,17.703872
0.055281941,41.173995,0.62728745,2438.8428,1.7084437,3.823717,-0.62408159,0.43537994,332.8835,469.09529,193921.42,0.90802398,0.43772486,0.55935309,0.55777701,1.267647,27.02323,0.55487051,3.605364,76.857817,0.55839658,0.76932786,16.400247,0.55791111,1.1597888,24.723948,-2.8360362,0.39046092,2.337717,-0.49831915,-0.10785823,8.1415794,12.203875,20.849633,2472.0672,812.65926,3.3382962
0.064484936,40.003233,0.61843309,1471.8704,2.0511187,17.190426,-0.47024491,0.42361188,492.48198,456.8011,151798.62,0.93846004,0.45782359,0.53283211,0.5306435,1.8443283,40.374866,0.51622809,13.99213,306.30684,0.53170407,0.95059152,20.809747,0.53094658,1.5889217,34.783665,-13.041539,0.63833014,12.147802,-0.89373679,-0.25540665,28.964141,9.7035274,19.903086,2540.742,851.44746,19.678459
0.068667934,38.418811,0.62127717,1562.9372,2.2754103,11.766863,-1.7840347,0.27857113,544.00736,6628.7028,626967.56,0.9201527,0.49635082,0.40333972,0.38198446,17.501513,26.402622,0.32078098,67.660282,102.07168,0.39156049,9.6535693,14.563286,0.38365118,16.13557,24.341972,-58.006713,6.4820005,50.158769,-7.847944,-1.3659435,27.593339,9.5630694,21.759906,3863.6037,828.05277,17.654797
0.057456566,41.569904,0.61783148,3135.4935,1.6023451,19.639807,-0.59558905,0.39564079,429.76694,54.695983,251737.46,0.93358362,0.51537821,0.5197689,0.5195523,0.18118358,33.125573,0.51679963,2.4838149,454.11286,0.51959028,0.14941651,27.317638,0.51946723,0.25234345,46.135646,-2.3343984,0.10292694,2.3026313,-0.03176707,0.071159873,46.578144,13.556679,21.722479,2720.3678,845.19731,14.855124
0.05774438,37.125541,0.61695118,2021.3525,2.0776101,25.711549,-1.3805781,0.16766667,496.5737,4509.0064,729959.04,0.9217689,0.46727574,0.36479998,0.35270707,9.9352707,22.03428,0.28740035,63.589803,141.02842,0.35685741,6.5254397,14.472013,0.351753,10.719112,23.77267,-57.064363,4.1936723,53.654532,-3.409831,0.78384133,49.878481,10.739796,22.313109,6419.2155,830.11039,24.675796
0.070465019,39.476964,0.61895248,2993.2991,2.3576039,31.947704,-1.9079147,0.53992604,469.42321,2429.1533,280086.11,0.86225235,0.46613729,0.53131169,0.52098396,7.7207363,31.783652,0.46078772,52.721841,217.03794,0.52318924,6.0721238,24.996874,0.51680737,10.843045,44.637138,-46.649718,4.7709212,45.001105,-1.6486125,3.1223087,42.716633,11.736262,27.669457,1993.3998,755.3376,14.270753
0.050877418,40.631762,0.61673281,2044.5902,2.1441814,19.355672,-0.66647116,0.65717618,404.76177,343.30711,493395.04,0.97275867,0.48012811,0.52715068,0.52598141,1.0366503,30.196003,0.51518733,10.606451,308.94936,0.5263991,0.66634008,19.409446,0.52585431,1.149338,33.478422,-9.9401112,0.48299795,9.569801,-0.37031018,0.11268777,38.5022,10.668048,22.87423,1637.7472,895.78646,18.831255
0.063242297,40.785536,0.61954016,1549.7662,1.6263169,16.132762,-1.3249232,0.33519393,355.39689,598.21627,406689.53,0.93419776,0.49737349,0.49892745,0.4971225,1.5112629,25.262818,0.48256322,13.701569,229.0404,0.49796341,0.80717747,13.493071,0.49734181,1.327637,22.193261,-12.894392,0.52045952,12.190306,-0.70408541,-0.18362589,34.174477,10.665725,17.345848,3210.9426,845.98372,22.051376
0.063825406,37.348357,0.6231598,1588.7521,2.3459608,4.8945199,-0.71239643,0.54854839,446.76911,738.14246,173524.83,0.93198531,0.46079222,0.5594174,0.55608433,2.7813959,37.681017,0.55052784,7.4181988,100.4982,0.55777676,1.3690833,18.547684,0.55683319,2.1564859,29.215037,-6.0491154,0.78740263,4.6368029,-1.4123126,-0.62490994,9.0377097,9.5180615,22.328999,1962.0666,843.15169,5.6885586
0.062807765,41.996415,0.62692863,2554.1922,1.9623629,32.950555,-1.4162845,0.45369406,557.40548,348.86356,201393.58,0.93191348,0.47348881,0.51521327,0.51342065,1.4957505,42.874941,0.48924319,21.669274,621.13894,0.51385632,1.1322297,32.454798,0.51294568,1.892059,54.234928,-20.537045,0.75982936,20.173524,-0.36352081,0.39630855,57.927737,11.833906,23.222418,2372.2781,843.05979,22.679475
0.062109728,37.444669,0.62529716,2618.9116,2.2721755,24.768916,-0.74197034,0.48354263,333.96567,57388.49,378579.28,0.88213434,0.53655733,0.54119941,0.41498664,97.444722,16.979837,0.33861608,156.40792,27.254232,0.44619609,73.348935,12.781123,0.38178929,123.07531,21.445992,-83.058988,49.726374,58.9632,-24.095787,25.630587,52.357019,11.36396,25.820912,2225.8399,780.08567,19.9919
0.062691755,36.65269,0.6082904,1026.8117,2.1330821,34.465436,-1.0970283,0.34443687,457.23648,2516.3801,317284.39,0.95430396,0.47513495,0.49053906,0.48096601,8.2604484,32.826711,0.40219922,76.227185,302.92397,0.48613449,3.8006468,15.103628,0.48368766,5.9119753,23.493968,-72.426538,2.1113285,67.966736,-4.4598016,-2.3484731,72.007433,8.4943689,18.119187,3124.7772,871.84748,70.127201
0.065669113,42.533349,0.62448579,2912.922,1.9757999,12.431006,-0.55576151,0.67350444,336.61586,22664.993,230789.33,0.85003186,0.52652099,0.59271111,0.52515851,49.491312,21.836014,0.43430714,116.05208,51.203227,0.54187514,37.244145,16.432453,0.504832,64.383192,28.406446,-78.807936,27.139047,66.560769,-12.247167,14.89188,29.070642,12.335744,24.372961,1598.0421,740.2427,9.9798904
0.053121024,41.431402,0.61642405,2328.0158,1.5877277,26.048626,-1.0696776,0.5326802,389.8998,11004.896,438698.74,0.98999439,0.49059954,0.52385834,0.4895904,31.145282,28.301296,0.38756766,123.87123,112.56012,0.50017321,21.526826,19.561136,0.48383014,36.380642,33.058597,-102.34441,14.853816,92.725953,-9.6184555,5.23536,50.502962,12.313268,19.550117,2020.5153,918.31479,21.693565
0.058473667,39.95399,0.62653803,2841.5501,2.1409598,30.29687,-0.065653066,0.53681786,401.34551,3549.0481,244713.39,0.9641124,0.45753495,0.55419522,0.54062418,11.880835,33.476118,0.43516837,104.20262,293.60725,0.54258532,10.163944,28.638509,0.53538157,16.470503,46.408229,-94.038679,6.306559,92.321788,-1.7168906,4.5896685,84.021983,11.911112,25.501212,2004.9416,884.5471,29.569066
0.060608357,38.518217,0.62297168,2140.234,2.1474491,28.837633,-1.0221223,0.47665129,516.4599,2191.8702,228927.61,0.92003817,0.5320765,0.52110348,0.51083864,8.4109757,38.373512,0.43623535,69.540683,317.26643,0.51404785,5.7813567,26.376365,0.50932517,9.6511134,44.03141,-63.759326,3.8697567,61.129707,-2.6296189,1.2401378,56.471844,10.826369,23.249077,2258.0207,827.90702,26.385827
0.064123736,39.58176,0.62559155,1519.5952,1.8132589,31.490365,-1.4240649,0.28553646,558.46246,43750.045,192782.49,0.90785281,0.5299642,0.47937433,0.3346856,116.34297,26.592652,0.25822255,177.82625,40.645959,0.38877696,72.84857,16.651084,0.34110258,111.18313,25.413261,-104.97768,38.33456,61.483282,-43.494402,-5.1598417,68.856959,10.218631,18.529025,3769.3557,812.44261,45.312698
0.059006669,40.71433,0.627868,2215.409,2.2734232,29.176364,-0.18680577,0.2555374,511.51092,319.26503,302095.6,0.92154462,0.54376606,0.45730298,0.45601388,1.0587262,33.161358,0.43648455,17.09807,535.54472,0.45635885,0.7754046,24.287176,0.45578598,1.2459005,39.024022,-16.322665,0.47049593,16.039344,-0.28332157,0.18717435,63.187585,10.745532,24.429142,4211.8628,829.82476,28.52186
0.061759806,36.422403,0.62085541,2323.9007,1.7914647,23.522915,-1.6475159,0.40824279,377.93482,16339.364,298335.01,0.84476966,0.57022115,0.52647527,0.47586988,36.751043,22.492334,0.37802027,107.81215,65.983076,0.49224151,24.861508,15.215713,0.46782047,42.596748,26.070016,-82.950642,17.73524,71.061108,-11.889534,5.8457052,41.361836,11.820608,21.176202,2636.3931,733.77033,17.798452
0.061369214,37.387747,0.62162217,2037.7684,1.4901857,21.631726,0.26740173,0.41786058,534.59413,224.0582,340975.97,0.91777244,0.58381739,0.4836518,0.48266669,0.80438565,35.900746,0.47279432,8.8656175,395.68369,0.4830355,0.50323419,22.459976,0.48261113,0.84975068,37.925444,-8.3623833,0.34651648,8.0612319,-0.30115145,0.045365028,44.52911,12.030256,17.927314,2575.7119,825.02512,21.851899
0.05617678,41.443052,0.61671145,1866.3482,2.2414406,21.375026,-0.033900924,0.41726423,387.03438,24491.551,269231.08,0.87287912,0.52393783,0.53104031,0.45660596,56.617467,23.117142,0.35740836,132.07077,53.925032,0.48371755,35.995405,14.69707,0.45209653,60.047502,24.517639,-96.075363,24.052097,75.4533,-20.622062,3.4300349,39.96092,10.196674,22.855238,2579.393,768.53618,21.411288
0.050262659,38.327808,0.62174476,2208.758,2.1853758,17.944481,-0.10108649,0.31940011,370.16126,3427.8907,191331.88,0.95950622,0.47759706,0.52245362,0.51075251,10.174651,29.681958,0.44380696,68.38685,199.50125,0.51434165,7.0537301,20.577465,0.50913957,11.577173,33.773459,-61.33312,4.5234424,58.212199,-3.1209206,1.4025218,39.163283,10.87704,23.770419,3369.7185,878.57648,17.730907
0.061747802,37.189964,0.61746631,2632.443,2.3439154,7.7259506,0.14892094,0.30186242,494.21366,2419.7342,337433.64,0.89577784,0.45751504,0.46798911,0.4585912,7.4150325,30.643996,0.42357139,35.045958,144.83392,0.46116119,5.3872908,22.263977,0.45683276,8.8024581,36.377789,-29.658668,3.4151673,27.630926,-2.0277418,1.3874255,21.248138,11.266155,26.406914,3565.4933,797.20288,8.071642
0.063891034,38.366574,0.62657447,1243.9717,2.0762882,14.183835,0.36813868,0.44845538,454.25505,12688.305,490896.89,0.93741355,0.48833204,0.48279161,0.44189351,34.410305,27.119702,0.39423093,74.512009,58.724951,0.46495962,15.003245,11.824468,0.45154807,26.287278,20.717722,-59.508764,11.284033,40.101704,-19.40706,-8.1230274,14.919375,9.137155,18.971368,2399.9901,850.10503,11.993339
0.058856986,37.467359,0.61936003,2218.7995,1.908228,27.59377,0.44911714,0.40921879,484.42399,2092.085,261802.53,0.85452516,0.45815268,0.50893,0.50002157,6.5754535,31.430145,0.42563843,61.47888,293.86416,0.50264654,4.6379206,22.168892,0.4986762,7.5684988,36.176822,-56.840959,2.9305782,54.903426,-1.937533,0.99304528,64.701848,11.39723,21.748513,2630.1052,745.78251,29.160745
0.066150752,38.853514,0.62679554,2248.0024,1.6831293,27.417993,-1.2122704,0.32065727,367.77114,7573.7219,455363.69,0.95296111,0.50320333,0.48501414,0.46339079,18.621354,24.586794,0.37063306,98.501443,130.05685,0.47023696,12.725644,16.802366,0.46042599,21.174552,27.957921,-85.775799,8.4489075,79.880089,-5.8957093,2.5531982,52.263723,11.936119,20.090031,3356.5073,870.11301,23.248963
0.062667819,38.979473,0.62181338,2272.866,1.9128319,19.709493,-0.83480539,0.3426766,391.96526,6592.1842,683608.24,0.90804894,0.49907659,0.45347037,0.43583673,14.183391,21.515465,0.36451428,71.550685,108.53866,0.44158483,9.5599761,14.501986,0.43311534,16.372307,24.835937,-61.990709,6.8123308,57.367294,-4.6234144,2.1889164,39.621725,11.479837,21.958998,3140.8286,812.69085,17.432495
0.058922323,35.827725,0.61674876,1407.2712,2.1458882,34.823845,-1.3277789,0.45709104,357.60368,1220.3005,220887.08,0.91562195,0.50997782,0.55421535,0.54991669,3.4984224,28.668532,0.49780898,45.905767,376.18412,0.55182379,1.9463481,15.949744,0.55043491,3.0766702,25.212398,-43.959419,1.1303221,42.407345,-1.5520743,-0.42175217,76.189044,9.416589,20.206947,2354.6479,822.29254,54.139559
0.065578315,41.559244,0.62795855,2857.0109,2.0649962,15.170795,-1.5703627,0.4392314,441.64925,4057.4765,180171.47,0.90431746,0.53352638,0.5397774,0.52283666,13.546939,33.387596,0.46435129,60.315742,148.65333,0.52740947,9.8902225,24.375304,0.51812746,17.312734,42.668722,-50.425519,7.4225111,46.768803,-3.6567164,3.7657948,24.023166,12.077237,24.939448,2450.3905,807.97193,8.4084965
0.060680287,41.780614,0.6138121,2691.9282,1.6337684,29.489631,-1.2470234,0.56227804,492.64512,1018.4925,130476.32,0.92651296,0.49444002,0.56183043,0.55666247,4.276812,41.99159,0.50570504,46.44734,456.04008,0.55795083,3.2106148,31.523205,0.55523473,5.458362,53.592559,-43.236725,2.2477472,42.170528,-1.0661972,1.1815499,53.511457,12.801505,20.914695,1914.157,836.15881,19.878486
0.062190111,41.476787,0.6147508,2008.3167,2.2966172,23.647423,0.020970471,0.47224817,424.91118,528.05936,215314.6,0.94605863,0.53887046,0.54282082,0.5406457,1.8539857,35.109418,0.51707255,21.946814,415.61264,0.54138752,1.2216908,23.135483,0.54040888,2.0558434,38.932052,-20.725124,0.8341526,20.092829,-0.63229486,0.20185774,47.514739,10.364569,23.803447,2279.0739,861.21346,23.658987
0.062649154,40.897078,0.61867531,1602.3965,2.2033959,18.798042,-1.8802169,0.2339546,421.08733,2465.1487,413521.93,0.9527752,0.47395841,0.45064851,0.4428757,6.6918572,27.145857,0.38684274,54.932389,222.83601,0.44609584,3.9195384,15.899805,0.44334644,6.2865827,25.50184,-51.012851,2.3670443,48.240532,-2.7723188,-0.40527454,44.078245,9.7468105,21.476083,4600.4159,869.87296,27.507701
0.064875571,38.320198,0.62386137,1527.2852,1.9382657,11.633071,-1.2329268,0.45462019,399.65591,2372.9438,361176.06,0.93160485,0.48633098,0.52017992,0.51189646,6.9084301,29.113332,0.47726436,35.791707,150.83251,0.51586896,3.5953532,15.151447,0.51294916,6.0304693,25.413452,-32.196354,2.4351161,28.883277,-3.3130769,-0.87796075,24.195882,10.010881,19.403748,2367.4454,842.66496,15.842413
0.056802838,35.856737,0.61834132,2239.4783,1.6106377,22.603381,-0.66705487,0.62718262,385.70666,1978.8116,120446.03,0.91676242,0.5277491,0.59441611,0.58617135,6.7217385,33.968562,0.53003932,52.484731,265.2336,0.58891995,4.4808739,22.644267,0.58514006,7.5625208,38.217488,-48.003858,3.0816469,45.762993,-2.2408646,0.84078224,46.345236,12.097242,19.484275,1716.0687,823.74139,20.694657
0.068220358,38.383773,0.62084268,2835.6163,2.1988162,18.575708,-1.5914627,0.39860124,559.56782,2754.3879,217927.22,0.90112443,0.52617757,0.50080705,0.48744124,10.634861,38.610615,0.43252093,54.333666,197.26221,0.4909545,7.8394414,28.461646,0.48344477,13.814755,50.155444,-46.494224,5.9753134,43.698805,-2.7954197,3.1798937,29.312608,11.797488,25.940508,2700.1633,803.94035,10.337297
0.061169698,36.8643,0.61995884,2018.0067,2.0987735,30.692481,-0.85469557,0.27038134,437.40042,3090.6913,185675.3,0.94405745,0.51425227,0.49575256,0.48395791,10.023237,32.430405,0.40084067,80.657287,260.96843,0.48782691,6.7353131,21.792255,0.48293311,10.894125,35.248182,-73.921974,4.1588116,70.63405,-3.2879238,0.8708878,60.466447,10.697666,22.451979,3980.6314,858.63831,29.963452
0.054648517,37.691349,0.62403311,2600.4381,1.4965853,20.791448,-0.84855738,0.22204743,447.48645,4146.4231,242710.47,0.89260131,0.51549059,0.46639399,0.45158747,11.62392,28.033608,0.37468914,71.993297,173.62747,0.45555051,8.5127205,20.530275,0.44861697,13.955924,33.657743,-63.480576,5.443204,60.369377,-3.1111994,2.3320046,42.571567,13.030219,19.500835,4847.1107,793.20788,16.370921
0.061699996,39.045812,0.61577104,2130.8502,2.139313,15.935874,-1.2945528,0.74859766,549.74297,7387.2975,268333.23,0.91229633,0.56166627,0.53853294,0.50361001,28.275802,38.276247,0.42208381,94.284542,127.63063,0.51628614,18.012403,24.38294,0.49927637,31.784591,43.026006,-76.27214,13.772188,66.00874,-10.2634,3.5087881,30.515824,10.824211,23.156375,1437.7396,818.07198,14.320962
0.062181241,38.284714,0.6126448,2201.8651,1.5717068,16.617154,-0.21081096,0.28919392,453.28624,9259.9198,284654.05,0.93720511,0.50846396,0.48203734,0.44917964,27.636678,29.845483,0.35871319,103.7282,112.01847,0.46063715,17.999744,19.438337,0.44629632,30.061847,32.464478,-85.728461,12.062103,76.091527,-9.6369339,2.4251688,35.709953,12.127644,19.0611,3721.6842,849.83772,16.218048
0.05542537,36.975009,0.61396916,2721.2494,2.2198169,18.767575,-0.49351759,0.37369296,459.48223,112215.31,219411.61,0.85793056,0.54960558,0.51459705,0.28003913,174.10762,15.515496,0.27272118,179.53959,15.999562,0.33891671,130.40398,11.620872,0.23084162,210.62594,18.769804,-49.135605,80.221963,5.4319622,-43.703643,36.51832,43.457728,11.599887,25.749626,2880.1412,749.98907,15.96977
0.054323869,41.250314,0.62617231,2167.9945,2.0037858,30.499338,-0.91087256,0.38780195,486.06291,517.46905,208814.98,0.8502534,0.56174775,0.51447235,0.512161,1.6939988,32.736235,0.48095163,24.567456,474.76185,0.51284396,1.1934553,23.063318,0.5118235,1.9413496,37.516245,-23.374001,0.74789421,22.873458,-0.50054347,0.24735073,60.375634,11.126852,22.295829,2775.356,740.51556,27.848611
0.063246746,43.208231,0.62510821,2053.2733,1.8031315,35.574904,-0.37564369,0.54362959,343.24752,929.87468,205097.05,0.87521446,0.52495427,0.57591342,0.57263345,2.5043076,26.931667,0.52575916,38.293576,411.81437,0.57367975,1.7054429,18.340567,0.57229612,2.7618647,29.701473,-36.588133,1.0564218,35.789268,-0.79886465,0.25755719,71.808456,11.318177,20.408162,1979.8195,771.44567,34.972673
0.057363843,40.505458,0.61887697,1806.4786,1.7519489,8.1656657,0.093161153,0.35660726,506.08899,672.30714,387831.38,0.85525877,0.53546506,0.46954406,0.46687048,1.9758076,29.388466,0.45819717,8.3854986,124.7272,0.46811561,1.0556408,15.701764,0.46711944,1.791824,26.651866,-7.3298577,0.73618317,6.409691,-0.92016674,-0.18398357,14.638018,10.949825,19.183533,3018.1339,746.68812,8.1030676
0.060933882,41.200002,0.61514,3062.3602,2.3401727,21.061926,-1.5467728,0.19826901,464.54268,1502.0953,252490.25,0.8837319,0.50839254,0.45052297,0.44506282,4.2264043,28.136725,0.40971301,31.588754,210.29793,0.44612336,3.405496,22.671637,0.44299909,5.8238254,38.771344,-28.183258,2.4183294,27.36235,-0.82090831,1.5974211,32.395734,11.855126,27.743041,5428.4251,782.08435,10.578682
0.069415336,39.874537,0.61664507,2693.7188,1.6994092,35.265074,-2.0392954,0.27382198,477.70572,27616.575,212014.67,0.90520333,0.49491912,0.48542459,0.39364557,73.494328,26.612398,0.30032631,148.22204,53.671404,0.41828062,53.767197,19.469177,0.37222355,90.648538,32.823961,-94.454838,36.881341,74.727707,-19.727131,17.15421,49.773578,12.637315,21.475969,3930.6139,809.09149,18.477644
0.061658674,39.658961,0.62407197,1755.181,1.9941819,21.795121,-0.33986537,0.42980618,421.46416,32.636544,247247.53,0.89247636,0.56813521,0.52971736,0.52958798,0.10155038,31.115543,0.52827533,1.1318454,346.80308,0.52964124,0.059742977,18.305547,0.52958962,0.10026186,30.720735,-1.0721024,0.040518885,1.030295,-0.041807402,-0.0012885162,39.730662,10.386975,20.713518,2504.1251,793.05086,22.636219
0.060196032,39.763903,0.6216513,2618.3666,2.0940751,18.631645,-1.2001041,0.28809274,413.89423,752.88039,316725.6,0.89688704,0.44588411,0.48452541,0.48191248,2.0652378,27.431154,0.46187811,17.900208,237.75634,0.48260483,1.5180086,20.162679,0.48128951,2.5576251,33.971202,-16.3822,1.0396166,15.83497,-0.54722919,0.49238737,34.50493,11.676592,24.451661,3735.9097,798.59927,13.178036
0.063133344,43.324927,0.61911648,2321.4529,2.1670651,21.097902,-1.6839489,0.57745045,403.76846,66180.627,209525.45,0.97029254,0.37643225,0.56640152,0.39621279,150.345,22.717373,0.34783561,193.08147,29.174924,0.44844371,104.20412,15.745412,0.36941212,174.02075,26.294818,-88.877351,69.816631,42.736475,-46.140876,23.675755,36.896297,11.090029,24.032814,1863.8629,892.57648,15.893623
0.065891878,40.463518,0.61905472,1772.7931,2.3095554,14.791257,-0.67061128,0.3101815,407.28132,1723.7806,182374.67,0.88980238,0.54192495,0.51429971,0.50784515,5.0447196,29.265439,0.47257203,32.613322,189.19648,0.51050171,2.9684223,17.220419,0.50791465,4.9904028,28.950337,-29.6449,2.0219805,27.568603,-2.0762973,-0.054316743,28.067469,9.9238441,22.919667,3469.8668,789.69265,15.832343
0.06684208,39.365676,0.61801401,1194.3841,1.6637041,14.648246,-0.42797155,0.38617882,430.48825,3767.0119,233047.12,0.94257825,0.55442284,0.52074505,0.5061502,12.37541,32.852061,0.45951979,51.914718,137.81406,0.51439821,5.3816756,14.286325,0.50998742,9.1217158,24.214725,-46.533043,3.7400402,39.539308,-6.9937348,-3.2536946,21.636385,9.7049361,16.146142,2787.021,856.73629,18.115098
0.063875438,43.258148,0.6188166,1898.1347,1.5050737,27.948522,0.27503372,0.1589029,473.26904,3804.2716,349263.86,0.96202316,0.50719475,0.41285622,0.40056835,10.724517,28.190723,0.32031161,80.770434,212.31511,0.40512136,6.7507767,17.745254,0.40060604,10.691623,28.104258,-74.019657,3.9408463,70.045917,-3.9737401,-0.032893766,52.569122,11.710078,17.624531,6773.246,881.83752,27.695149
0.063007773,35.74005,0.62122969,2165.228,1.6879988,16.139799,-0.34772238,0.2311956,377.08801,28057.779,335223.8,0.98385763,0.49347985,0.46970645,0.39744013,65.10603,23.20427,0.31080546,143.15677,51.022132,0.42251337,42.517099,15.153408,0.39198828,70.017698,24.954825,-100.63967,27.500599,78.050742,-22.588931,4.9116683,33.769187,11.776436,19.87861,4655.3155,910.27482,15.596135
0.065865242,39.750669,0.62091171,2316.2876,2.2230014,32.471685,-1.7165852,0.29548166,537.59273,1952.119,268002.83,0.89930893,0.45469929,0.47067359,0.46219586,6.7263157,34.456483,0.39434078,60.563243,310.2436,0.46456397,4.8474349,24.831656,0.46053783,8.0418146,41.195309,-55.715808,3.1943797,53.836928,-1.8788808,1.3154989,56.566252,10.988058,24.426469,3642.4882,801.6507,24.421083
0.059915957,42.336762,0.62286147,2261.5542,1.8729685,18.200016,0.12871993,0.51928618,448.48408,3605.5855,649260.91,0.90245078,0.4995889,0.47065464,0.45932365,9.0345797,25.057178,0.39665263,59.004269,163.64685,0.46293714,6.1534227,17.066362,0.45741151,10.559186,29.285634,-52.850846,4.405763,49.969689,-2.8811569,1.5246061,41.919947,11.541499,21.616864,2072.6307,805.6143,18.535902
0.062693287,38.266132,0.61211056,1462.2581,2.2144125,19.953355,-0.13886043,0.25178383,458.69547,400.70669,236513.26,0.87438079,0.46152785,0.47705421,0.47546701,1.2102169,30.202064,0.46470175,9.4185986,235.0497,0.47604329,0.77081224,19.236321,0.47551096,1.1767078,29.365812,-8.6477864,0.40589551,8.2083817,-0.43940469,-0.033509177,30.392759,9.4382586,20.900198,4274.6529,770.40668,20.784812
0.063469561,42.289323,0.62189484,1642.7319,1.789879,21.235996,-1.3414437,0.33720883,485.065,21578.571,142039.25,0.94358786,0.47941087,0.51618751,0.43400638,69.789409,32.341997,0.32707068,160.60076,74.426041,0.46695663,41.807578,19.374581,0.43752165,66.804188,30.958578,-118.79318,24.99661,90.811353,-27.981831,-2.9852205,44.271012,10.532975,18.852751,3191.7565,858.03436,26.949627
0.05853117,39.711388,0.61832848,2262.4091,1.6776849,12.903771,-1.5090263,0.26194492,359.41155,5948.1988,135957.51,0.86963429,0.56603572,0.51324338,0.49395138,14.59711,24.540386,0.43115217,62.113549,104.42413,0.50087982,9.3547733,15.727069,0.49241287,15.761212,26.497453,-52.758775,6.4064384,47.516439,-5.2423362,1.1641022,23.546916,11.974488,20.089418,4108.8351,764.49897,10.407895
0.059444107,38.471149,0.61766831,1680.7258,1.4955925,24.990061,-0.78252297,0.39778234,331.55607,32584.074,380789.72,0.98723623,0.4851313,0.5240995,0.44425234,72.285342,22.184255,0.34799949,159.4227,48.92657,0.47705296,42.591057,13.071127,0.4471061,69.701843,21.391383,-116.83164,27.110785,87.137358,-29.694285,-2.5834995,47.408705,11.26846,16.853024,2705.7221,914.69867,28.207281
0.053984066,38.390561,0.62515308,3273.3165,2.2956375,24.464573,0.098072689,0.40670741,393.7186,31580.065,254205.83,0.96150776,0.50790925,0.52961266,0.43643651,81.260024,25.73143,0.31653254,185.8297,58.843987,0.44510751,73.697947,23.336857,0.39543984,117.01371,37.053028,-112.13175,43.315758,104.56967,-7.5620776,35.753681,84.202556,12.199207,28.004957,2646.3458,881.16945,25.723927
0.059318732,36.195721,0.61601424,2795.447,1.8346352,28.872663,-0.76654689,0.65287881,501.65789,24754.01,268742.13,0.94023833,0.46256008,0.54039826,0.4478038,78.238107,31.606235,0.34997759,160.8968,64.998276,0.46971003,59.72834,24.128753,0.42079013,101.06343,40.827095,-101.16846,41.335093,82.658693,-18.509767,22.825326,61.529919,12.472032,22.88163,1648.5272,853.73007,22.010762
0.062126501,44.987773,0.62588773,2068.7873,2.2258031,13.461192,-1.2208844,0.27843889,436.65504,16000.521,267442.13,0.92378162,0.49930353,0.48470764,0.4319489,43.47931,27.173683,0.34129588,118.1879,73.865029,0.45039339,28.278918,17.673748,0.42753642,47.115709,29.446358,-89.90898,18.836791,74.708588,-15.200392,3.636399,26.104111,10.57742,23.543254,3865.4387,832.67493,12.618074
0.058900889,40.611427,0.62623425,1635.6081,1.5767517,21.038562,-2.0038899,0.25469255,498.1937,1167.8295,257543.21,0.92052254,0.4272606,0.46724358,0.46251447,3.8778982,33.206029,0.41728217,40.968702,350.81063,0.46449308,2.2554314,19.313019,0.46294464,3.5251595,30.185565,-38.713271,1.2697281,37.090804,-1.6224668,-0.35273871,49.551787,10.971736,17.299704,4225.8341,828.52349,30.295635
0.067429622,43.614663,0.61025218,2118.2193,2.2542449,27.217131,-1.1910049,0.36763871,395.1189,2664.4547,521406.95,0.94733609,0.44759206,0.47967447,0.47154629,6.941376,26.051769,0.40805459,61.162597,229.55015,0.47416504,4.7049946,17.658377,0.4703567,7.9572719,29.864542,-56.457602,3.2522772,54.221221,-2.2363813,1.0158959,52.625525,10.615977,23.931013,2927.5711,862.8585,24.844229
0.064660386,38.807393,0.61305811,3264.832,1.6840543,12.159617,-1.7878388,0.49310425,522.81603,1871.4434,464929.9,0.94499041,0.50230274,0.47503914,0.46762796,6.3069172,33.700818,0.44747946,23.453294,125.32195,0.46989338,4.379043,23.399281,0.46588618,7.789174,41.621211,-19.074251,3.410131,17.146377,-1.9278742,1.4822568,15.973288,13.514655,22.759412,2182.6794,859.83857,4.89253
0.055111777,38.831812,0.62777902,3435.5372,1.9059585,19.113894,-0.59006418,0.34314831,462.81996,1359.5719,217167.18,0.95286867,0.49866275,0.50687374,0.50123261,4.8573074,35.726742,0.45291542,46.460861,341.73156,0.50185018,4.3255482,31.815517,0.49848262,7.2251828,53.143074,-42.135313,2.8996346,41.603554,-0.53175918,2.3678754,47.183355,13.190576,25.140692,3136.5111,869.99364,13.733909
0.059554616,38.486596,0.61992516,2497.1991,2.2886044,19.451446,-2.3171104,0.22023043,483.08734,4579.5192,191725.87,0.83421058,0.47368106,0.46849444,0.45063696,12.739948,27.8194,0.38689049,58.218196,127.12731,0.45599211,8.9194571,19.476842,0.44737196,15.069277,32.905807,-49.298739,6.1498204,45.478248,-3.8204905,2.3293299,27.777805,11.158287,25.536904,4887.1015,720.8333,11.123585
0.05969619,38.379239,0.62164716,2293.4286,2.0224183,28.394565,-1.1679095,0.31314165,465.84643,901.45337,402340.36,0.85994337,0.54919191,0.46629114,0.46301418,2.4404996,27.072944,0.4288937,27.851515,308.96234,0.46397505,1.7248972,19.134625,0.46241575,2.886173,32.016887,-26.126617,1.1612759,25.411015,-0.71560246,0.44567339,54.270307,11.302507,22.858397,3437.0658,752.47868,23.663394
0.059267862,37.527571,0.62625251,2773.694,1.5471336,19.419171,-0.53105311,0.44179244,512.1366,871.03393,333371.8,0.94839922,0.5277663,0.49458743,0.49084338,3.2024554,36.766138,0.4588543,30.564151,350.89507,0.49176148,2.4171688,27.75057,0.48978629,4.1066373,47.146697,-28.146982,1.6894684,27.361696,-0.78528655,0.90418188,44.817217,13.166801,20.370801,2436.1858,864.22824,16.157953
0.057313495,37.993864,0.61598953,1456.0777,1.9135236,43.439702,-1.1643036,0.35187369,541.63322,3449.662,115157.29,0.92713217,0.463285,0.51677336,0.4995362,14.278331,41.390523,0.37979658,113.46418,328.9139,0.50683329,8.2338117,23.868459,0.50151781,12.636871,36.632199,-105.23037,4.4030589,99.185849,-6.0445198,-1.6414609,89.510812,9.8951022,18.934511,3058.7352,836.9492,61.473926
0.06456141,37.83948,0.62700336,2720.4141,1.7068428,11.583188,-0.91466536,0.69296801,479.91604,32667.385,202668.82,0.87030002,0.44489268,0.56517122,0.44761436,89.044607,27.257954,0.3857198,135.92725,41.609468,0.48429823,61.258049,18.752052,0.42775253,104.08914,31.863322,-74.669202,42.831093,46.882644,-27.786558,15.044535,23.36937,12.660491,21.609467,1553.1575,765.32675,8.5903722
0.060571426,37.915268,0.61403706,1968.3857,1.9499502,24.654174,-1.4136452,0.5357038,348.34078,3995.2196,255225.96,0.90188106,0.43351057,0.56516956,0.55167828,10.747444,26.900759,0.47599214,71.040651,177.81413,0.55662414,6.8074628,17.03902,0.55085067,11.406737,28.550965,-64.233188,4.5992747,60.293207,-3.9399815,0.65929317,48.307862,10.872571,21.200973,2009.1111,804.89515,24.541868
0.061984788,40.724575,0.62494339,2425.3824,1.7525384,29.939933,-0.80857895,0.36158295,519.63639,42638.789,580266.87,0.9459676,0.5151192,0.43444183,0.32444569,93.743656,21.985534,0.25554406,152.46473,35.757284,0.35428553,68.312805,16.021282,0.30270208,112.27454,26.331549,-84.151923,43.961733,58.721071,-25.430851,18.530882,61.176274,12.07835,21.167771,2976.6018,861.09628,25.223353
0.05595436,41.095109,0.62020792,2305.9486,2.2389797,24.342687,-0.56607832,0.31059973,454.48306,1648.1961,325917.31,0.88294961,0.49894456,0.48077666,0.47463506,4.7479225,28.806782,0.41992308,47.044461,285.43001,0.47631516,3.4490753,20.926366,0.47341316,5.6925435,34.538024,-43.595386,2.2434681,42.296539,-1.2988472,0.94462098,51.22857,10.945523,24.506804,3465.1945,781.10546,22.215833
0.058747281,39.503684,0.61280528,2712.1262,1.822312,17.244515,-0.17785676,0.52898432,552.19082,3157.371,417188.36,0.93179087,0.49458838,0.48124822,0.46788585,11.147402,35.305961,0.3971187,70.184097,222.28651,0.4712158,8.3694309,26.507594,0.46399441,14.393795,45.587912,-61.814666,6.0243643,59.036696,-2.7779708,3.2463935,44.152348,12.374636,22.550448,2034.6321,842.90293,16.279607
0.06065308,34.868806,0.6246341,2616.5343,1.8910924,30.204997,0.63380242,0.49558739,359.8736,4026.844,493333.94,0.91167465,0.47428382,0.51922003,0.50720387,9.7196705,24.137192,0.41256814,86.268881,214.23448,0.50955762,7.8157572,19.409138,0.50357948,12.651375,31.417593,-78.453124,4.8356173,76.54921,-1.9039133,2.931704,94.851125,12.077432,22.83954,2171.743,817.28371,36.250671
0.059929462,40.365,0.6151691,1450.1913,2.1525787,14.393393,-0.94636039,0.49948623,516.66307,7160.4583,405198.61,0.86912628,0.53610166,0.48891435,0.46084758,21.218919,29.633466,0.38784662,76.408782,106.70935,0.47429114,11.055381,15.439488,0.46394172,18.879698,26.366605,-65.353401,7.8243165,55.189862,-10.163538,-2.3392219,27.786178,9.501499,20.452724,2154.7911,763.86747,19.160354
0.063487159,38.122195,0.62749302,3320.2745,1.5225051,34.866834,-1.6046406,0.41148387,448.96468,7477.9232,344673.94,0.95940376,0.41939747,0.50205591,0.47490018,23.609584,31.572381,0.37912039,106.88189,142.92991,0.47996229,19.208514,25.686963,0.46403883,33.052595,44.200234,-87.673373,13.844082,83.272303,-4.4010703,9.4430112,49.771415,14.055354,21.399348,2615.6273,878.4438,14.990151
0.060119687,39.241965,0.61831282,2342.0695,1.7864005,21.970099,-0.06900468,0.42046405,467.45167,4797.3345,205489.45,0.90167795,0.5051207,0.5258173,0.50552481,16.160285,33.685967,0.40857055,93.371543,194.63213,0.51145024,11.441462,23.849624,0.50200858,18.960498,39.522984,-81.930081,7.5190355,77.211257,-4.7188231,2.8002124,50.830675,11.862522,21.191215,2559.7634,804.63881,21.703316
0.06111704,37.701854,0.62310249,1734.4965,1.8783474,33.504584,-0.15143246,0.43594996,411.72619,3029.5537,502896.77,0.88396853,0.51945607,0.49115395,0.48136768,7.5778804,25.013191,0.41209318,61.219786,202.07526,0.48530974,4.5253963,14.937502,0.48144256,7.5199027,24.821817,-56.69439,2.9945063,53.641906,-3.0524841,-0.057977779,59.208555,10.554456,19.824936,2468.8348,782.38051,34.135874
0.061505594,38.787739,0.62347273,2197.8021,1.649034,20.562568,-0.80489659,0.31607045,370.92745,1512.9751,208162.96,0.9817732,0.48436235,0.51857389,0.51338953,4.6566995,30.778428,0.47320056,40.75523,269.37145,0.5151335,3.090226,20.42483,0.51289254,5.1031066,33.728953,-37.665004,2.0128806,36.098531,-1.5664735,0.44640709,41.247708,11.927691,19.669167,3405.217,907.54866,18.767708
0.054248888,39.061488,0.6261118,2161.708,1.6736168,12.120918,0.0016760765,0.36827176,412.4242,1135.7665,295751.82,0.89741022,0.52667998,0.50990343,0.5057587,3.2786612,28.867387,0.48270336,21.516413,189.44398,0.50727253,2.0811554,18.323796,0.50549266,3.4891101,30.720311,-19.435258,1.4079547,18.237752,-1.1975058,0.21044891,26.206142,11.80367,19.754819,2922.5387,799.25815,12.122887
0.063840891,41.98579,0.62104216,1846.5256,1.6088091,30.388494,1.1179751,0.41102271,456.37888,8224.9142,177016.81,0.88892055,0.4361319,0.53163994,0.49794738,26.296373,31.971608,0.38458712,114.7718,139.54164,0.5109078,16.181024,19.673183,0.49783161,26.386729,32.081465,-98.59078,10.205705,88.475432,-10.115348,0.090356624,52.432839,11.348026,18.256807,2618.562,788.58609,28.395403
0.055905208,36.402045,0.6169606,2032.5115,1.7287459,26.24229,-1.1395704,0.39302435,513.09267,3215.1681,202224.17,0.95964291,0.47678916,0.51185633,0.49715455,12.786446,39.769136,0.4144175,84.744566,263.57741,0.50237842,8.24313,25.638255,0.49621466,13.603886,42.311584,-76.501436,5.3607556,71.95812,-4.5433158,0.81743978,51.235421,11.43942,19.775849,2738.4778,878.75349,25.207937
0.061788,40.015436,0.61993427,3072.2195,2.0148003,19.453954,-0.87740695,0.36058168,493.80484,3064.0297,234351.17,0.97086547,0.44162912,0.50205236,0.48893332,11.599053,37.85555,0.41773394,74.549231,243.30453,0.49142894,9.3925842,30.654351,0.48406155,15.90638,51.913269,-65.156647,6.5137959,62.950178,-2.206469,4.3073269,40.326432,12.475083,25.134802,2984.8673,893.32192,13.126156
0.065124277,38.857091,0.6198546,2011.4333,1.8115084,14.518528,-0.8303805,0.39278114,382.87285,12018.131,368972.59,0.91265159,0.4679822,0.51101719,0.47403716,29.95785,24.927213,0.39294742,95.649362,79.587555,0.48837996,18.338617,15.259126,0.47269342,31.04642,25.832986,-77.310746,12.707804,65.691512,-11.619234,1.08857,28.606302,11.223418,20.331316,2740.1735,818.52254,14.221849
0.061889677,45.828569,0.60778627,2290.6623,1.5045792,23.753809,-0.46470027,0.63999161,462.2554,4464.991,148493.34,0.83478855,0.55353997,0.57462477,0.55382481,14.853728,33.267096,0.45120076,88.139916,197.40223,0.56037772,10.174147,22.78649,0.55061026,17.149313,38.408394,-77.965769,6.9751661,73.286187,-4.6795813,2.2955848,50.633925,12.468629,18.76004,1681.7228,721.53969,22.104492
0.066080587,34.248059,0.61891722,1794.6624,1.5779274,24.133687,-0.72960621,0.23696296,377.3056,8153.9203,165150.24,0.86528505,0.42940092,0.49615612,0.47000125,19.650009,24.098849,0.37544791,90.687418,111.21941,0.48064445,11.653829,14.292301,0.47115033,18.786712,23.040098,-79.033589,7.1328835,71.037409,-7.9961806,-0.86329713,46.22323,11.31363,17.852086,4542.0114,759.09742,25.755947
0.066643709,41.525955,0.61162362,2103.6273,1.6663355,38.073136,-2.029752,0.40714158,468.40471,247.68265,398830.26,0.8857315,0.50443309,0.48715547,0.48620698,0.73653006,29.736845,0.47049444,12.937683,522.34916,0.48652562,0.48909952,19.747024,0.48610581,0.81509258,32.908747,-12.448583,0.32599306,12.201152,-0.24743055,0.078562514,69.528784,11.714007,19.519466,2643.5238,784.58812,33.051854
0.057871666,36.871784,0.62349134,1934.7474,1.9031172,14.450653,-1.6712593,0.58561734,490.35139,55111.453,248336.39,0.94811337,0.52312155,0.53906454,0.37510459,140.18251,25.436184,0.33522451,174.27919,31.623044,0.43563167,88.43306,16.046222,0.36528014,148.58222,26.960317,-85.84613,60.149164,34.096683,-51.749447,8.3997167,28.620584,10.898238,20.740624,1837.8699,863.85989,14.79293
0.055630056,36.490916,0.62348008,1835.1773,2.0286117,26.792041,-0.4345811,0.44723316,338.95201,1897.6706,271589.1,0.92618134,0.48500978,0.5484559,0.54230155,5.09054,26.825204,0.49244235,46.331329,244.14843,0.54464363,3.1532973,16.616674,0.54216359,5.2046555,27.426549,-43.178032,2.0513582,41.240789,-1.9372426,0.11411557,50.617363,10.482457,21.264834,2406.5489,835.73558,27.581729
0.059148029,39.166411,0.62006924,2850.8773,1.8589166,22.61185,0.40155705,0.60869302,402.5557,11538.072,327859.29,0.89006059,0.5434466,0.54941163,0.50974776,31.013022,26.878859,0.38761045,126.5117,109.64717,0.51663455,25.628269,22.211915,0.49568275,42.010397,36.410239,-100.88343,16.382129,95.49868,-5.3847536,10.997375,74.89894,12.499028,23.234651,1768.1958,790.01675,26.272243
0.056827089,39.381352,0.61710216,2171.782,2.1111045,23.872063,-0.81167976,0.34354515,383.74084,9819.7142,340303.17,0.90483208,0.53926528,0.50350983,0.4728684,24.522649,24.972875,0.37123731,105.85907,107.80259,0.48248562,16.825889,17.134805,0.46842331,28.080099,28.595638,-89.033177,11.25421,81.336417,-7.69676,3.5574497,47.74238,10.941382,23.098402,3132.888,808.62225,21.983045
0.062146314,40.253815,0.62674044,1367.5927,2.043944,20.577125,-1.0439322,0.39126644,479.68326,451.87447,532510.67,0.9189443,0.52028898,0.45875094,0.45715821,1.3028893,28.832993,0.44224425,13.5028,298.8175,0.45792974,0.67175885,14.86605,0.45739644,1.1080096,24.520296,-12.831041,0.43625074,12.199911,-0.63113049,-0.19487975,41.018394,9.4798029,19.376186,2750.7814,826.5153,29.993135
0.06323196,40.962897,0.62158286,2966.1033,2.270634,16.851089,0.057318616,0.36993146,387.47578,526.839,190450.12,0.87100279,0.48672271,0.53309352,0.53113022,1.4888214,28.259513,0.50750058,19.407772,368.38146,0.53141822,1.2704234,24.114072,0.53033015,2.0955337,39.775599,-18.137348,0.82511031,17.91895,-0.21839799,0.60671232,51.180168,11.848128,26.902763,2909.4267,766.20089,17.255019
0.064483318,41.872888,0.61750645,1501.9,2.0856337,34.210168,-0.22928403,0.42841998,381.95324,7241.5447,397163.54,0.9406371,0.53002101,0.51448623,0.49158846,19.359182,26.733498,0.39352891,102.26473,141.2195,0.50170547,10.805642,14.921737,0.49337152,17.851668,24.651741,-91.459091,7.0460258,82.905551,-8.5535396,-1.5075139,54.627137,9.7148859,20.261693,2512.2275,854.24217,36.372019
0.055083716,38.069908,0.61930316,2452.0791,1.9090674,30.518784,0.78057826,0.43988145,336.92962,10009.701,419851.35,0.92975549,0.47075961,0.52621482,0.49807528,23.402606,23.379926,0.37545704,125.37962,125.25811,0.50432297,18.206637,18.188992,0.49124889,29.079859,29.051677,-107.17298,10.873222,101.97702,-5.1959697,5.6772524,89.059999,11.781695,22.49205,2446.7694,840.30024,36.320198
0.053016094,41.398458,0.6227169,2455.4725,1.8778174,27.13566,0.50396605,0.17576496,480.17971,675.79007,569748.22,0.95746089,0.45281868,0.39452485,0.39248175,1.7712155,26.209553,0.35943347,30.421605,450.16354,0.39292855,1.3838679,20.477779,0.39202765,2.1648792,32.034788,-29.037737,0.78101122,28.65039,-0.3873476,0.39366362,74.606319,11.852154,22.25618,6123.4529,875.9291,30.383692
0.062496886,38.77126,0.62151516,2927.7875,1.704421,18.305318,1.2799038,0.67114506,558.31664,735.84898,422886.53,0.90123334,0.45795262,0.49454835,0.49127556,2.6045304,35.394904,0.44176276,42.00744,570.87039,0.49170652,2.2615638,30.734076,0.48998346,3.6327959,49.36877,-39.745876,1.3712321,39.402909,-0.3429666,1.0282655,89.455093,12.980485,22.124212,1603.66,804.07776,30.55382
0.064960087,38.629193,0.62094663,2620.8672,1.9722058,44.37987,-1.3441668,0.29945271,531.39744,350.75682,361719.1,0.95322496,0.6199794,0.45539453,0.45396051,1.2354243,35.221676,0.42997581,21.89839,624.31827,0.45427125,0.96771317,27.58929,0.45352983,1.6064552,45.799684,-20.930676,0.63874201,20.662965,-0.26771115,0.37103086,78.816825,11.916104,23.50101,3594.1851,870.45372,30.072804
0.060362561,36.94176,0.62464733,1962.7446,1.8428543,25.281847,-0.4834573,0.36228441,477.56327,6408.9815,400347.38,0.87745289,0.5206565,0.47543746,0.45226366,17.757595,27.707359,0.36165479,87.189268,136.04232,0.46068676,11.303156,17.636431,0.45090925,18.795455,29.326742,-75.886112,7.4922986,69.431673,-6.4544387,1.0378599,49.613179,11.068641,20.397893,2970.8385,774.23744,25.277451
0.0590479,35.32796,0.62601924,1790.5756,2.0927052,25.658985,-1.1585348,0.31840033,486.95964,3020.0006,241492.89,0.92237303,0.56337334,0.49138936,0.47892795,10.247504,33.932127,0.4041159,71.768392,237.64364,0.48369038,6.3311734,20.964146,0.47881537,10.340086,34.238687,-65.437219,4.0089121,61.520888,-3.9163309,0.092581274,51.0791,10.289594,21.533087,3380.2995,830.87991,28.526637
0.058487376,39.611506,0.62021996,1730.5703,2.3513761,15.271526,-0.92923984,0.19719331,538.65953,43.187034,288875.55,0.90955698,0.47114439,0.43250832,0.43233437,0.14024398,32.473631,0.43100214,1.2143217,281.17739,0.43240562,0.082798804,19.172144,0.43234074,0.13510652,31.284048,-1.1315229,0.052307719,1.0740778,-0.057445175,-0.0051374555,29.698347,9.7857118,23.009888,5458.0374,814.60023,17.161017
0.058912634,36.535687,0.62280039,2326.9867,2.2127489,29.654387,1.4996725,0.52591722,348.626,1742.9794,313595.73,0.9803037,0.52619894,0.55414074,0.54836969,5.1727098,29.6774,0.47896052,67.385472,386.61083,0.54970647,3.9745282,22.80307,0.54701334,6.3884269,36.652337,-63.410944,2.4138987,62.212762,-1.1981817,1.2157171,89.122652,11.021921,24.388744,2046.4979,905.62818,38.299597
0.067317931,39.452098,0.61923583,1993.1143,1.8686365,7.461136,-0.072972791,0.36617523,433.71013,1362.9075,792050.5,0.9074819,0.45645918,0.43081143,0.42701568,3.0503732,22.381367,0.4157871,12.073957,88.589704,0.42867629,1.7158597,12.5897,0.42721042,2.8938736,21.233089,-10.358097,1.1780139,9.0235838,-1.3345136,-0.15649962,14.853854,11.074034,20.693343,2939.2716,811.97324,7.4525851
0.052248567,39.497494,0.62101398,2271.1547,1.8321369,23.820671,-0.31016793,0.33914465,388.20721,341.88072,345749.1,0.93429343,0.51062217,0.5004952,0.4993488,0.96000733,28.080183,0.48506688,12.919819,377.90429,0.49968895,0.67516528,19.748563,0.49916949,1.1101628,32.472227,-12.244654,0.43499756,11.959812,-0.28484204,0.15015552,51.700279,11.643038,21.331639,3173.5381,846.10625,22.763874
0.055686015,38.728847,0.61883366,2179.18,1.7360672,23.164276,-2.5764024,0.30965169,445.65043,334.75542,363949.04,0.98263812,0.48617334,0.47623468,0.47502264,1.090039,32.562251,0.46414755,10.870431,324.72757,0.47544735,0.70808269,21.15224,0.47490598,1.1949575,35.696435,-10.162348,0.48687481,9.7803921,-0.3819563,0.10491851,38.518124,11.691733,20.297635,3475.8037,908.67957,17.675513
0.059577603,39.977557,0.6263353,2554.4988,1.7458308,24.171918,-1.5251732,0.22163401,401.86505,20123.705,816836.61,0.90815196,0.51755378,0.40132633,0.3572144,35.486557,17.634207,0.27438681,102.11855,50.745405,0.36971267,25.43212,12.637892,0.34770257,43.138503,21.436661,-76.686434,17.706383,66.631997,-10.054437,7.6519458,41.289042,12.304706,21.481933,4856.1521,812.82124,16.163266
0.060614332,40.104995,0.62015843,2281.8535,1.6707478,17.54353,-1.4701786,0.37939861,559.20711,133.51174,160003.77,0.97876798,0.51015781,0.50994781,0.50925706,0.61775606,46.269793,0.50370471,5.5834113,418.19627,0.50949372,0.40610262,30.416996,0.50917809,0.68837866,51.55941,-5.1773086,0.28227604,4.9656552,-0.21165345,0.070622598,32.061965,12.025293,20.091231,2836.8276,903.62244,14.050843
0.06087887,37.021493,0.61956266,2915.9829,1.7310714,12.203758,-0.30184463,0.30021697,397.0626,427.31545,331295.94,0.8999379,0.47606655,0.4896208,0.48818276,1.1420857,26.726994,0.47790559,9.3041605,217.73518,0.48851927,0.87483165,20.472736,0.4877833,1.4593358,34.151254,-8.4293288,0.5845042,8.1620747,-0.26725408,0.31725012,31.574604,12.896149,22.324154,3585.0354,802.44372,10.828117
0.063864942,36.31254,0.62450087,3008.3396,1.5398557,10.318265,-1.9276605,0.32821681,517.66991,230.8311,177823.98,0.96639397,0.56924245,0.50099317,0.49991222,0.94949493,41.133753,0.49702223,3.4880223,151.10712,0.50027696,0.62911301,27.254257,0.4997648,1.0789884,46.743632,-2.8589092,0.44987538,2.5385273,-0.32038192,0.12949346,13.618289,13.549366,20.864069,3279.1997,887.50889,4.5268457
0.062651091,42.516812,0.62549957,2530.5096,1.483411,12.316861,0.15967131,0.46603324,511.34192,1995.3633,204146.29,0.94893819,0.52723492,0.52578925,0.51634105,8.0879614,40.53378,0.46208243,54.535089,273.30908,0.51909528,5.7302555,28.717856,0.51457062,9.603508,48.129121,-48.804834,3.8732525,46.447128,-2.3577059,1.5155465,32.460245,12.95047,19.21087,2309.4672,864.9229,12.827553
0.060869435,45.203741,0.61906848,2707.7288,2.0231448,16.669042,-0.61634573,0.28215301,435.06594,144848.7,307587.75,0.90143566,0.52290909,0.47988459,0.23898747,191.76982,13.239319,0.24389637,187.86201,12.969534,0.29972532,143.41853,9.9012646,0.19374282,227.78751,15.725893,-44.443482,84.368985,-3.9078084,-48.351291,36.017694,37.007565,11.944357,24.165164,3814.5561,804.33305,13.667382
0.063205687,39.915121,0.61678866,2758.7157,2.0487159,26.770794,-1.8281689,0.48407065,349.67427,10339.16,328563.65,0.89103428,0.54074456,0.54448735,0.51281041,24.806407,23.992672,0.42141179,96.381215,93.219579,0.52108199,18.328882,17.727631,0.50310976,32.403041,31.34011,-78.052334,14.074159,71.574808,-6.4775256,7.5966337,39.609588,11.968648,24.52036,2223.4119,791.23925,14.357981
0.052571658,39.12368,0.62949798,2105.8504,2.0828947,18.142004,-0.88993371,0.53894931,444.93402,12705.925,572528.64,0.90488259,0.4917988,0.48614021,0.44715917,31.199386,24.55499,0.36323085,98.373393,77.423244,0.46063462,20.413994,16.066515,0.44246012,34.960381,27.515022,-77.959399,14.546387,67.174007,-10.785392,3.7609951,35.873525,10.878193,22.658131,1997.0124,808.68609,17.035172
0.054201997,39.694292,0.62398097,1926.2106,1.6382003,21.811298,-0.39064447,0.32142391,407.97253,52826.21,216528.65,0.93875062,0.54272782,0.51171972,0.37281701,117.10392,22.167769,0.30152579,177.20701,33.545283,0.42124887,76.272746,14.438429,0.36589311,122.94122,23.272769,-100.93427,46.668471,60.103093,-40.831175,5.8372963,42.316713,11.439726,18.740563,3348.5016,851.82033,21.968892
0.06301554,41.689999,0.61884851,1620.2679,2.0049903,37.980317,-0.1742562,0.39993787,547.37185,533.49214,434081.11,0.95921501,0.50694369,0.45966234,0.45746456,1.9102494,35.806514,0.42787113,27.632045,517.94662,0.45838265,1.1122765,20.848975,0.45755985,1.8274322,34.254154,-26.519769,0.71515577,25.721796,-0.79797295,-0.082817185,63.625281,10.095509,20.241398,2691.1391,878.19941,39.268371
0.055007757,40.583178,0.61727955,3429.9273,1.9666552,29.784497,-1.9181462,0.443034,387.13161,2365.4531,266256.89,0.92422366,0.48325228,0.53682505,0.52829968,7.0306461,29.722196,0.47871569,47.921255,202.58806,0.52980794,5.786828,24.46393,0.52438154,10.261836,43.382114,-42.134427,4.4750076,40.890609,-1.2438181,3.2311895,34.992612,13.046347,25.657667,2429.3586,833.23847,10.202144
0.052116082,40.827182,0.62179411,2005.4785,2.0242152,19.553409,-1.6267332,0.38561896,409.43564,2631.9205,264148.54,0.94393558,0.47867061,0.51985579,0.51015741,8.2402964,31.309063,0.45092333,58.568951,222.53313,0.51361989,5.2983755,20.131214,0.50949794,8.8006178,33.438008,-53.270575,3.5022423,50.328654,-2.9419208,0.56032145,37.841605,10.804976,21.871597,2791.0673,858.48155,18.869115
0.061312467,39.084651,0.61991421,2194.4576,1.5756535,29.308539,-0.86275044,0.38288778,493.6353,2256.7633,288604.47,0.88546741,0.44272746,0.49638489,0.48694219,7.3293827,32.47741,0.41415241,63.828505,282.83208,0.48999427,4.9603677,21.980009,0.48587531,8.1574878,36.146848,-58.868137,3.1971201,56.499122,-2.369015,0.82810517,58.394879,12.103906,19.071562,2810.9763,784.25731,26.610165
0.058874975,36.837598,0.62205972,2556.794,2.259681,36.388508,-0.61751096,0.40046161,548.00431,10102.68,245202.95,0.89381023,0.46580123,0.49737823,0.45340679,34.58611,34.234591,0.32940453,132.12114,130.77832,0.46274703,27.239459,26.962609,0.4408945,44.427758,43.976212,-104.88168,17.188298,97.535032,-7.3466509,9.8416471,79.00481,11.294133,25.521138,2687.6196,794.7276,30.899951
0.063675185,41.106211,0.61101027,2716.7772,2.2915307,5.2485253,-1.8208127,0.34812121,505.33405,2227.7237,308318.92,0.91544621,0.53685371,0.48252048,0.47331285,7.4915035,33.628513,0.46103029,17.484832,78.487434,0.4768072,4.648439,20.866318,0.47323499,7.5548521,33.912878,-12.836393,2.906413,9.9933282,-2.8430644,0.063348623,7.8836237,11.471305,26.286848,3091.706,822.06936,2.9018293
0.057025289,40.790427,0.62237083,2084.3407,2.1914257,31.850978,-1.6645931,0.37684621,352.51667,94806.708,301559.45,0.91848423,0.4133155,0.5249467,0.34146685,149.98383,15.81996,0.29309018,189.52887,19.991083,0.39442052,106.69736,11.2542,0.31771586,169.39885,17.867813,-82.83151,62.701488,39.545038,-43.286472,19.415016,60.031245,10.659022,23.358455,2856.0416,825.93017,28.801071
0.061878729,40.231831,0.6127282,1916.764,1.5185046,33.769742,-1.1107575,0.47852392,405.24838,5197.7134,300759.94,0.90299382,0.57922279,0.53322714,0.51447315,14.965908,28.793253,0.41228779,96.511044,185.67981,0.52139839,9.4394843,18.16084,0.51373923,15.551585,29.920051,-87.071559,6.1121008,81.545136,-5.5264236,0.58567718,66.429085,11.713523,17.787039,2249.1843,806.29996,34.656893
0.065464275,37.046315,0.61711894,2518.7767,1.8236571,9.1760047,0.49883809,0.37835623,551.66998,5621.9173,469027.57,0.91092687,0.52204114,0.44839852,0.42694574,17.33266,30.830515,0.36444965,67.826038,120.64574,0.43352028,12.020791,21.382014,0.42319422,20.363679,36.221948,-55.805247,8.342888,50.493378,-5.311869,3.0310191,26.179316,12.070322,22.012129,2844.6432,816.33583,10.393663
0.061052628,38.958848,0.62490856,2860.6266,1.7378524,13.626334,-0.95693278,0.36313816,443.28371,210355.83,234068.39,0.91370742,0.49005547,0.51275372,0.21586542,240.90544,11.452283,0.25917722,205.76074,9.7815564,0.29759713,174.5855,8.2995324,0.17129873,277.06839,13.171415,-31.175238,102.48289,-35.144699,-66.319937,36.162954,27.173089,12.797333,22.239876,2963.8539,819.86203,9.498999
0.05536942,36.776103,0.62779159,1572.1207,1.8751623,16.821364,-0.27793879,0.26107769,504.44261,2076.9179,499267.56,0.97748923,0.49811673,0.42786971,0.42069416,6.4054852,30.841302,0.38670759,36.744685,176.91929,0.42405726,3.4033124,16.38636,0.42150545,5.6812632,27.354299,-33.341372,2.2779508,30.3392,-3.0021727,-0.72422194,28.12489,10.220035,19.164224,4122.4836,901.9533,17.889777
0.06360577,40.689563,0.61376405,3361.5857,2.1547785,26.278426,-0.83351334,0.27577327,528.26044,74957.598,321838.9,0.89803524,0.58012689,0.45677745,0.27492294,143.99636,19.210375,0.24075417,171.05193,22.819826,0.30957072,116.56149,15.550323,0.21588886,190.74083,25.446496,-54.490442,74.179336,27.055575,-27.434868,46.744468,56.394609,12.570442,27.086519,3902.802,800.04551,16.776192
0.062957018,35.973778,0.6199736,2034.8489,2.1767353,23.564512,0.69470749,0.22597818,532.77488,4923.1961,258237.84,0.90708282,0.42043789,0.45114307,0.43134541,15.900036,32.296167,0.34298545,86.864315,176.43887,0.43795226,10.593891,21.518319,0.4297964,17.144089,34.823088,-76.270424,6.5501985,70.964279,-5.3061458,1.2440526,49.179498,10.597715,23.06842,4762.7982,811.46829,24.168624
0.057540018,40.907633,0.62325238,1886.9518,1.5466135,13.947487,-1.0116935,0.33124466,518.23251,13515.702,206279.72,0.90562891,0.50289624,0.49582965,0.44092489,43.995584,32.551459,0.34943057,117.31065,86.795819,0.46303544,26.278236,19.442746,0.44160158,43.453344,32.150266,-91.03241,17.175107,73.315063,-17.717347,-0.54224006,27.377998,11.581453,17.912031,3249.2251,809.6295,14.509113
0.056550123,37.36219,0.62548934,1762.6238,2.3261119,17.386593,-1.8032342,0.42321846,332.33537,5530.9784,319298.55,0.92608602,0.43726677,0.53834912,0.52170281,13.766911,24.890553,0.44897675,73.913148,133.63485,0.52823311,8.366194,15.126065,0.52167445,13.790368,24.932963,-65.546954,5.424174,60.146237,-5.4007168,0.023457121,37.180132,9.8812765,22.984955,2543.1038,835.61395,21.093628
0.06827356,37.866346,0.61859279,1889.267,2.0973844,25.471769,-0.97741846,0.31275734,395.7106,443.43646,354730.6,0.95439312,0.50046348,0.49018923,0.48871019,1.276417,28.784666,0.47263573,15.148671,341.61988,0.48926236,0.79988858,18.038404,0.48864909,1.3291447,29.973736,-14.348782,0.52925615,13.872254,-0.47652846,0.052727685,49.93396,10.467472,21.954313,3441.2892,871.96268,26.430335
0.063635504,38.640491,0.61680839,2090.7904,1.9830134,22.658849,0.081541714,0.26535795,434.20858,191.83033,470895.44,0.95047339,0.47435626,0.44993212,0.4493101,0.53368113,27.820476,0.44221867,6.6180673,344.99587,0.44952097,0.35275805,18.389065,0.44924962,0.58557481,30.525663,-6.2653093,0.23281677,6.0843862,-0.18092308,0.051893683,47.62107,11.031426,21.875465,4055.9872,866.90243,22.776587
0.06416526,42.236293,0.62628509,2185.7435,1.5960712,24.574077,-0.1492078,0.25340346,381.22916,4543.0908,154597.23,0.91271312,0.4758376,0.50365626,0.48827998,12.457654,27.4211,0.39379272,89.009913,195.9237,0.49306525,8.5806895,18.887339,0.48674809,13.69877,30.152976,-80.429223,5.118081,76.552258,-3.8769649,1.2411161,52.854238,12.036097,19.210468,4247.3313,818.60058,24.181354
0.057421776,38.297786,0.61457684,1675.8152,1.875505,10.425767,-1.6994364,0.52066103,368.10862,891.90115,112546.75,0.97424533,0.50245244,0.5823653,0.5788399,3.1322954,35.119311,0.56155002,18.494274,207.35789,0.58043859,1.7118667,19.193458,0.57915412,2.8531173,31.989165,-16.782407,1.1412506,15.361979,-1.4204287,-0.27917804,22.840941,10.439331,19.579018,2067.1577,897.72315,13.629749
0.061288809,37.680208,0.61546249,2372.5632,2.2162571,16.685153,-0.22044027,0.4152761,343.98055,24020.349,365959.43,0.94143287,0.53763034,0.52681062,0.46267001,54.293296,22.603042,0.3683065,134.16946,55.85658,0.48167108,38.209401,15.907096,0.44996671,65.04629,27.07966,-95.960057,26.836889,79.876163,-16.083895,10.752994,37.962902,11.087558,24.57288,2591.7419,855.26438,16.000797
0.058997798,37.09363,0.61020479,1891.2186,1.9590614,22.160437,-1.0993861,0.34690463,453.818,5440.874,638619.23,0.94969914,0.49200136,0.44143488,0.42502679,14.061783,25.844714,0.35452045,74.485948,136.9007,0.43142582,8.5777945,15.765472,0.42438819,14.609067,26.850589,-65.908153,6.0312725,60.424165,-5.4839889,0.54728359,43.638785,10.711935,20.985339,3102.5485,865.90392,23.074427
0.063366006,38.351439,0.62109586,1876.1094,2.0283356,28.50615,-0.029654529,0.20075612,550.67692,28869.063,403969.14,0.89288296,0.48204893,0.41117143,0.32506536,67.628118,23.42581,0.24212894,132.76678,45.989291,0.35498595,44.128346,15.285687,0.32116394,70.692307,24.487219,-88.63843,26.563961,65.138659,-23.499772,3.0641892,53.551729,10.560298,21.419827,5361.1739,793.56186,28.544033
0.058754048,39.546821,0.62129724,2475.4246,1.9270653,29.532587,-0.96180925,0.45588705,504.18881,6062.0836,405625.3,0.98607713,0.41796233,0.48527205,0.46189414,21.12881,34.854039,0.36321605,110.31344,181.97281,0.4680783,15.539601,25.634093,0.45645794,26.04201,42.958843,-94.773835,10.502408,89.184627,-5.5892085,4.9131998,58.460713,11.782057,22.704794,2360.8665,913.18027,23.616439
0.053713625,37.747421,0.61256482,2109.6095,1.8124776,18.664385,-0.96161318,0.24048814,422.7128,10474.518,383954.21,0.87415625,0.50062125,0.45678575,0.42482457,24.361153,23.257541,0.33628175,91.849442,87.688467,0.43607315,15.787368,15.072167,0.42238482,26.220762,25.032906,-76.062074,10.433394,67.488289,-8.5737849,1.8596089,36.722328,11.401094,20.664227,4475.4327,770.1269,17.407169
0.061420367,38.504021,0.62195352,2200.4162,1.9437256,13.346396,1.7603276,0.42488491,333.30542,12511.797,348285.88,0.83173089,0.45677869,0.53434313,0.49882096,25.235893,20.169679,0.40522865,91.726362,73.3119,0.51029598,17.083733,13.6541,0.49460551,28.230666,22.563238,-74.642629,11.146933,66.490469,-8.1521603,2.9947726,35.935884,11.296052,21.956425,2533.1294,717.80498,16.331403
0.0576953,42.42686,0.61988397,2703.7822,1.8665398,18.524133,0.74105483,0.29162026,401.58956,857.18598,154872.76,0.90526436,0.53281471,0.51405544,0.51084612,2.5701923,29.984069,0.46670975,37.916848,442.34097,0.51142103,2.1097738,24.612789,0.50988538,3.339603,38.960075,-35.807074,1.2298292,35.346655,-0.46041855,0.76941066,63.520217,12.263512,22.890333,3690.7191,809.16864,23.493097
0.057432746,42.507441,0.62201718,2430.5148,2.3251266,19.310797,-1.7240457,0.30140124,362.63794,6539.5987,183059.53,0.97805095,0.54798961,0.51956687,0.49823375,19.059173,29.144255,0.41572027,92.777347,141.87009,0.50430104,13.638609,20.855423,0.49364185,23.161612,35.417482,-79.138737,9.5230024,73.718174,-5.4205636,4.1024388,32.447277,10.999863,25.576073,3570.9491,902.68639,13.349961
0.061005534,39.589047,0.60917101,3243.654,1.8260002,10.892765,-1.0399052,0.23555527,511.85899,504.26005,545182.01,0.89214839,0.50917665,0.41148652,0.40978856,1.3320368,26.415671,0.40171753,7.6636847,151.97882,0.41019464,1.0134676,20.098113,0.40925888,1.747565,34.656027,-6.6502172,0.73409743,6.3316479,-0.31856923,0.4155282,20.947553,13.12647,23.968936,4569.1547,792.63874,6.4580108
0.071282594,42.124285,0.62961172,2082.5409,1.9570167,20.056104,-1.8762319,0.3545649,384.52921,279.73461,220747.81,0.87995062,0.50861258,0.52463681,0.52362602,0.77766787,27.800202,0.51405706,8.1397004,290.97939,0.52398207,0.50373609,18.007643,0.52353888,0.84471315,30.196949,-7.6359644,0.34097706,7.3620326,-0.27393178,0.067045282,37.3484,11.065466,21.655302,3035.5189,777.35608,17.934053
0.060191448,38.797259,0.62698027,2799.0706,1.8000488,36.220258,-1.2920904,0.29827938,345.40682,1024.3959,400178.65,0.92731929,0.5443392,0.49182865,0.48886244,2.4577472,23.992162,0.45198132,33.016799,322.30507,0.48946277,1.9603236,19.136387,0.48789144,3.2623034,31.846119,-31.056475,1.3019798,30.559052,-0.4974236,0.80455618,64.060115,12.556827,22.602901,3608.3234,837.18811,22.88621
0.064914847,41.614404,0.62148964,2542.1597,2.1700392,18.363935,-0.95435902,0.28513357,523.48949,13398.751,119521.28,0.93678696,0.57327052,0.50006588,0.44307329,47.906347,35.754338,0.33704988,137.02661,102.26819,0.4582358,35.161176,26.24213,0.4298807,58.995665,44.03072,-101.86543,23.834489,89.120258,-12.745171,11.089318,36.459248,11.425673,24.794158,3774.6817,849.30154,14.34184
0.058356372,41.473152,0.62444689,2329.7977,1.6936869,21.741691,-0.58887979,0.18076629,417.85443,81387.411,225783.59,0.93404962,0.46273294,0.45368616,0.2842393,141.84396,17.428244,0.23727312,181.15935,22.258891,0.33098041,102.71698,12.620745,0.26222711,160.27037,19.69228,-78.442373,57.553394,39.315387,-39.126986,18.426408,45.7799,12.054015,20.415728,5954.0329,845.79401,19.649731
0.060695181,36.562409,0.61810953,2891.4984,1.7483137,30.137712,-1.72075,0.39587387,424.28791,18324.026,158410.43,0.92479982,0.50645826,0.53793524,0.47200521,54.418695,29.698001,0.36791759,140.33268,76.583976,0.48847686,40.822979,22.278389,0.45288314,70.202058,38.311481,-99.5097,29.379078,85.913984,-13.595716,15.783363,44.712859,12.817537,22.409076,2718.7661,833.97316,15.46356
0.065324292,38.989148,0.6193951,2093.8021,2.2056563,29.101487,-0.44956742,0.76114231,413.95907,6720.8813,240808.41,0.9326628,0.49466473,0.58132728,0.55476463,22.18892,33.014896,0.45125728,108.65305,161.66488,0.56329724,15.061259,22.409649,0.5508603,25.45037,37.867609,-93.591787,10.389111,86.464126,-7.1276604,3.2614508,59.178014,10.652118,23.494911,1414.0437,844.01862,28.263423
0.061189101,43.015407,0.6226955,1916.4295,1.5185839,35.761982,-0.75680688,0.24308569,479.29073,1881.8103,184910.74,0.92697221,0.51284681,0.47930504,0.47165224,6.3376166,33.678297,0.39224268,72.100173,383.14262,0.47432404,4.1249875,21.920315,0.47152209,6.445406,34.251093,-67.975186,2.3204185,65.762557,-2.2126291,0.10778943,69.766187,11.712638,17.786624,4427.6092,836.745,36.404254
0.059398617,39.259452,0.61820269,2335.7633,1.8174351,36.181885,-2.3636616,0.22718436,343.48326,2262.3335,447447.68,0.9110084,0.53971628,0.46155225,0.45554581,4.8534865,21.453453,0.40114878,48.808839,215.74555,0.45731057,3.4274762,15.150181,0.45451317,5.6879059,25.141766,-45.381363,2.2604297,43.955352,-1.4260103,0.8344194,55.9681,11.784017,21.416685,4737.5114,816.43917,23.961375
0.066927047,38.095517,0.62447404,2876.9502,1.6219188,15.127347,0.12424004,0.51561261,353.80181,2344.5461,243179.64,0.93864486,0.48582369,0.56221072,0.55407131,6.8609521,29.263456,0.49679966,55.136951,235.17111,0.55582014,5.3868184,22.975954,0.55154035,8.9943744,38.362967,-49.750133,3.607556,48.275999,-1.4741337,2.1334222,45.640131,13.120119,21.279768,2087.3975,851.68461,15.864067
0.057014715,36.124233,0.62932049,2796.6686,2.0841442,12.009287,-0.74662125,0.41205179,411.1332,595.62053,315409.28,0.93538916,0.52947282,0.51661472,0.5144259,1.8359819,30.824692,0.502509,11.831854,198.64752,0.51499667,1.3572174,22.786612,0.51384736,2.3212623,38.972168,-10.474637,0.96404496,9.9958721,-0.47876456,0.4852804,25.776756,11.954767,24.915458,2612.0223,847.50992,9.2169507
0.063114202,39.883054,0.62249602,2695.1329,1.6969294,8.3812211,-0.43263657,0.44049293,463.76069,5058.7281,374304.42,0.91472955,0.43710436,0.49881593,0.47985132,15.412889,30.467912,0.42791177,57.625125,113.91228,0.48571416,10.648047,21.048861,0.47700701,17.724511,35.037485,-46.977079,7.0764644,42.212237,-4.7648419,2.3116225,19.689684,12.64568,21.458826,2443.3728,821.15937,7.3056449
0.064702201,40.097738,0.6233396,3138.7099,1.4629121,23.444928,-0.24689979,0.32515732,527.27889,7861.1745,164346.93,0.84892635,0.47531692,0.50143893,0.46643913,25.59488,32.558595,0.34178106,116.75565,148.52189,0.47185882,21.631538,27.516929,0.45357537,35.001972,44.525118,-95.124109,13.370434,91.160767,-3.9633421,9.4070922,65.527222,13.979158,20.45028,3310.0545,738.88157,20.87712
0.065522762,38.872108,0.61869457,2383.4558,2.0312946,23.72864,-1.4520063,0.35635905,454.06284,782.26607,530618.15,0.93010898,0.47949008,0.45920098,0.4565746,2.18544,27.937298,0.43385851,21.087726,269.5723,0.45737893,1.5161481,19.381489,0.45605332,2.6192022,33.482242,-19.571578,1.1030541,18.902286,-0.6692919,0.43376216,42.636945,11.431804,23.221361,3020.2361,840.75208,17.888708
0.067497993,41.777231,0.61387272,2233.7684,1.6556915,20.246834,-1.0018191,0.32369804,386.78888,15463.498,389968.9,0.90724002,0.52735973,0.49026062,0.4452451,36.16205,23.385427,0.34810616,114.19609,73.848808,0.46042098,23.970897,15.5016,0.43975647,40.571196,26.236751,-90.225194,16.600299,78.034041,-12.191153,4.4091457,39.715699,11.976308,19.829071,3324.9767,811.66718,17.779685
0.06147321,44.140417,0.61662767,1239.9208,1.8841205,18.61759,-1.0708236,0.30589852,477.06347,2892.5937,355419.42,0.8962447,0.50019542,0.46970574,0.45890009,8.5320359,29.496144,0.39511529,58.895874,203.60922,0.46442675,4.168239,14.41004,0.46121862,6.7013427,23.167245,-54.727635,2.5331037,50.363838,-4.3637969,-1.8306932,37.735241,9.4275416,17.762624,3518.4494,797.79054,30.433591
0.065264396,41.284845,0.62328559,2163.2912,1.5164296,17.297575,-0.62680853,0.49371659,450.1329,38322.427,396606.02,0.95101598,0.43925505,0.50731244,0.39779022,94.044995,24.540459,0.3274876,154.41275,40.29305,0.43585615,61.358385,16.01109,0.38736669,102.99552,26.876042,-93.054363,41.63713,60.367753,-32.68661,8.9505202,35.198072,12.201155,18.502193,2179.9723,867.60239,16.270612
0.05897314,39.44537,0.62508707,2222.8287,1.7703918,28.118881,-0.85883438,0.48220511,513.50794,3755.7374,306488.92,0.94717215,0.48317233,0.5065066,0.49025414,13.876031,36.946222,0.4000579,90.883784,241.98653,0.49531161,9.5580648,25.449236,0.48789028,15.894243,42.319899,-81.32572,6.3361781,77.007754,-4.317966,2.0182121,56.150879,11.692721,20.700697,2232.0138,862.64733,25.261001
0.058682436,41.519953,0.61275879,1821.6183,1.9509025,32.157846,-0.29622152,0.2138344,372.51034,2844.0363,273789.04,0.97044214,0.45080559,0.4722205,0.46357143,7.6422656,26.871196,0.3888814,73.637942,258.92055,0.46675187,4.8320504,16.990115,0.46352994,7.6789247,27.000094,-68.805892,2.8468743,65.995677,-2.8102152,0.036659124,59.882169,10.59361,20.6671,5033.2801,892.7711,32.873061
0.06285769,37.355209,0.62215044,1659.1428,1.8939886,14.578604,-0.57503847,0.38872578,443.88956,27313.694,448580.55,0.94015166,0.50308221,0.48148068,0.40241234,66.800437,24.456757,0.33195093,126.32936,46.25129,0.43700569,37.574438,13.75663,0.40614523,63.64673,23.302132,-88.754919,26.072292,59.528921,-29.225998,-3.1537066,26.636441,10.370639,19.641871,2768.7602,853.61878,16.054339
0.058841864,35.897526,0.61568593,1303.8838,1.9459887,22.442551,-0.49011584,0.39079811,399.81065,1661.8647,200899.53,0.8883579,0.47568355,0.53404369,0.52772388,4.9280692,29.653854,0.48960676,34.651094,208.50732,0.53098242,2.3871168,14.364087,0.52897638,3.9513915,23.776855,-32.263977,1.5642747,29.723025,-2.5409524,-0.97667762,35.751256,9.4842479,18.456239,2754.078,787.88029,27.419051
0.06135271,39.444429,0.63353653,2296.3601,2.2114328,23.943826,-1.0195116,0.30889459,385.46723,18239.03,248720.11,0.86269421,0.43417541,0.50750961,0.451704,41.749022,22.889935,0.34172125,124.02879,68.001858,0.46738692,30.01639,16.457229,0.44207888,48.949726,26.8379,-94.012403,18.933336,82.279771,-11.732632,7.2007036,46.834711,10.975529,24.271644,3484.3228,755.88506,20.395194
0.055793801,40.932069,0.61487366,2884.6335,1.4847321,13.723901,-1.5398968,0.40894696,407.88475,3520.3579,355715.69,0.90642915,0.46929794,0.51014232,0.49791138,9.8129892,27.874976,0.45434754,44.764643,127.15935,0.50159916,6.854257,19.470341,0.49534998,11.868028,33.712561,-37.910386,5.013771,34.951654,-2.9587322,2.0550388,21.868326,13.524386,20.08009,2631.8534,810.64144,7.5809721
0.060768841,40.435185,0.62207903,2697.6427,1.6279368,23.396646,-0.7849718,0.57943723,470.75714,13749.354,230219.81,0.95215354,0.50084434,0.54662664,0.49138075,47.519047,34.560931,0.38128633,142.21534,103.4342,0.50544927,35.41819,25.759894,0.47694273,59.937721,43.593118,-106.79715,24.519531,94.696292,-12.100856,12.418674,49.158044,12.825836,20.87965,1857.4721,869.0704,18.222593
0.06329982,41.258007,0.61743719,2566.3337,1.5573809,34.649758,-0.39475955,0.2635767,451.07963,29004.1,391664.58,0.93786825,0.46592093,0.45740306,0.37516372,69.240908,23.8728,0.26956856,158.14612,54.525434,0.39430614,53.124065,18.316053,0.35707382,84.47159,29.124017,-105.02205,31.347525,88.905209,-16.116843,15.230682,79.980143,12.80195,19.937513,4083.3975,850.68824,31.165138
0.06312287,42.408236,0.61495832,2665.1605,1.5528221,23.178829,-1.0606976,0.23447433,405.84703,1527.3547,279405.49,0.96931005,0.60289812,0.47326702,0.46816961,4.4966123,29.440525,0.4235791,43.831539,286.97682,0.4694826,3.338373,21.857222,0.46691888,5.5999265,36.664218,-40.493166,2.2615535,39.334927,-1.1582393,1.1033142,44.640116,12.976889,20.1508,4590.2187,891.29858,16.749504
0.066939217,41.622242,0.62318278,2491.83,2.3220019,39.712504,-0.31877937,0.21408151,416.50766,18026.081,272191.22,0.92225825,0.46836868,0.46444311,0.4105326,44.324925,24.58933,0.28210327,149.91881,83.167725,0.42097781,35.736929,19.825124,0.39658914,55.78916,30.949135,-114.18188,20.052232,105.59389,-8.5879965,11.464235,91.696536,11.096567,25.76625,5027.4705,830.7337,36.798873
0.060177753,42.303866,0.61426126,2548.2863,2.1188633,15.794162,-0.079672579,0.46408832,500.44018,508.04165,325131.91,0.92925242,0.50422542,0.50284868,0.50066425,1.8153237,35.73179,0.48029994,18.738598,368.83981,0.50123083,1.3444745,26.463864,0.50009011,2.2924498,45.123266,-17.394124,0.94797534,16.923275,-0.47084925,0.47712609,39.418377,11.526173,24.422385,2319.1458,839.65731,15.468582
0.06126064,40.532557,0.61745005,2024.9001,2.2968922,26.589978,-1.5861665,0.37536236,433.93531,40831.105,425336.74,0.91202647,0.52271999,0.48501329,0.37692104,87.481678,21.425253,0.29800402,151.35114,37.067608,0.41168526,59.346155,14.534545,0.36346146,98.374842,24.093113,-92.004985,39.028686,63.869463,-28.135522,10.893164,51.215024,10.392604,23.870691,2867.3319,817.72978,25.292618
0.063936271,43.818989,0.62601143,2508.4319,1.8153241,33.534488,-1.0857064,0.26719096,465.62475,3614.1819,222966.67,0.87146021,0.50144897,0.48332408,0.46927114,10.664614,29.507685,0.370033,85.975273,237.88308,0.47260414,8.1352336,22.509198,0.46603301,13.121988,36.306939,-77.840039,4.9867548,75.310658,-2.5293807,2.457374,64.425057,12.072191,21.914938,4028.162,766.77001,25.683399
0.065918337,41.428275,0.61443581,2041.9567,1.978184,4.210003,-0.79766777,0.24441648,361.57116,3836.2364,509887.47,0.9062546,0.51962924,0.4562039,0.44590399,8.261457,21.535318,0.43025401,20.814155,54.256706,0.45047611,4.5942021,11.975806,0.44711207,7.2924685,19.009435,-16.219953,2.6982664,12.552698,-3.6672549,-0.96898852,8.3271848,10.953762,21.668558,4403.502,810.42068,4.0780419
0.057098805,40.793778,0.61724398,2646.3684,1.6894743,20.390463,0.60710751,0.60280427,497.07568,128619.16,403337.79,0.96684942,0.44913138,0.50794739,0.27195656,207.42923,16.127398,0.26141723,216.693,16.847646,0.32467556,161.09073,12.524629,0.22654889,247.34129,19.230517,-55.602276,86.250557,9.2637711,-46.338504,39.912052,64.709284,12.587407,21.266101,1785.4692,888.10047,24.452108
0.062923319,39.699262,0.62060303,2711.2791,1.9730054,19.330769,-0.72029765,0.30486785,438.50046,54383.743,601761.61,0.84007408,0.49978943,0.44136952,0.32249829,85.649779,15.749151,0.26528187,126.87568,23.329707,0.35341583,63.372891,11.652911,0.29355938,106.501,19.583242,-63.502786,43.128111,41.225899,-22.276888,20.851223,41.518873,12.049953,23.774622,3530.3443,728.00897,15.313389
0.053233893,37.721625,0.62541962,2300.0754,2.1923229,22.769861,-0.91803025,0.37315008,394.85102,2776.3243,450854.19,0.97940079,0.52527946,0.4913218,0.48248853,7.907117,28.480524,0.42448184,59.831906,215.50763,0.48507884,5.5883904,20.128738,0.48078769,9.4296273,33.96443,-54.243516,3.8412369,51.924789,-2.3187266,1.5225103,45.261265,11.01326,24.144622,2884.3313,904.44877,19.678166
0.059388999,35.785428,0.62361188,2979.2524,1.95187,20.594505,-1.1624982,0.37508571,365.55553,6952.0488,230538,0.85584059,0.46856818,0.53240625,0.5093756,17.036317,24.505462,0.4267873,78.128863,112.3825,0.5145448,13.212537,19.005242,0.50195287,22.52709,32.403527,-64.916326,9.3145528,61.092546,-3.8237795,5.4907733,37.755635,12.47926,24.357894,2869.4468,747.40659,12.672855
0.063037787,42.020988,0.6216111,2309.4816,1.5371205,5.8200271,-1.5343672,0.17885733,414.6315,30062.436,276170.23,0.89402503,0.53945085,0.44708732,0.36724368,62.823042,20.897522,0.31841688,101.24123,33.676987,0.39877318,38.014814,12.645287,0.36879973,61.598702,20.490256,-63.226415,23.583887,38.418187,-24.808227,-1.2243401,10.46636,12.413824,19.081542,6017.5808,794.99772,4.5319088
0.066190772,41.317596,0.6205548,2100.627,2.3240873,25.779563,-0.81664561,0.58739395,480.5402,1919.6911,401452.7,0.92812448,0.41191457,0.51134827,0.50366972,6.3701271,33.183084,0.44515529,54.91371,286.05493,0.50616597,4.299239,22.395473,0.50254022,7.307157,38.064234,-50.614471,3.0079181,48.543583,-2.0708882,0.93702989,51.217454,10.479379,24.354991,1832.3111,838.21632,24.381984
0.06711035,39.564877,0.6109111,2824.3017,1.8388701,10.757208,-0.35020938,0.19880249,455.50322,872.64663,534360.95,0.93651225,0.53951703,0.41158287,0.40893685,2.2232473,25.477063,0.39323625,15.415258,176.64948,0.4096197,1.6495028,18.9023,0.40825598,2.7953335,32.032823,-13.765755,1.1458307,13.19201,-0.5737445,0.57208618,26.742764,12.505183,22.995408,5413.8581,848.94935,9.4688056
0.05703781,39.26992,0.62178076,1745.6066,1.5650452,10.072481,-0.83729598,0.26815747,364.47385,119658.61,492076.41,0.96053581,0.42874497,0.46575246,0.27678526,164.56498,13.752874,0.27142317,169.23464,14.143122,0.35156602,99.441007,8.3103928,0.28159531,160.37608,13.402803,-69.79363,60.935072,4.6696586,-65.123972,-4.1888998,19.39032,11.240265,17.591522,4013.6435,879.91003,11.10807
0.058617585,40.283275,0.61921266,3993.944,2.0724939,18.962946,-0.67525478,0.27720806,368.26262,306.56398,706876.24,0.87325201,0.53240763,0.44150077,0.44071189,0.6004077,19.58507,0.43156001,7.5658659,246.79565,0.4407375,0.58092153,18.949438,0.44017807,1.0066971,32.838076,-6.9849444,0.42577561,6.9654582,-0.019486166,0.40628944,46.866272,13.487753,27.953286,3882.6017,769.00053,11.734334
0.057988971,43.343197,0.62561748,2597.4914,1.9371875,20.365896,-0.011342651,1.0116426,419.25254,3850.9798,168793.74,0.95719937,0.55673429,0.61833034,0.60130487,14.754113,38.312621,0.50891572,94.817671,246.21701,0.60526338,11.323701,29.404727,0.59633427,19.061586,49.498018,-83.49397,7.7378855,80.063558,-3.4304119,4.3074736,52.732163,11.951732,23.152746,1063.9019,875.59076,20.301189
0.059518632,37.791528,0.61838754,2371.7143,1.6475995,20.633081,-0.63820428,0.30809126,509.96078,308.67416,831023.87,0.85755765,0.48133913,0.39040257,0.38950219,0.66792129,21.638393,0.38082376,7.1057861,230.20346,0.38979011,0.45433968,14.71907,0.38934994,0.78086653,25.297437,-6.6514465,0.32652685,6.4378648,-0.21358162,0.11294524,43.357804,12.237901,20.16316,3493.4079,749.5281,18.281208
0.06084289,44.740329,0.60897098,2142.0353,1.8463109,20.437569,-1.8438922,0.46903804,433.23106,117.46894,511505.87,0.97131399,0.44948074,0.48925589,0.48885293,0.3564981,30.348286,0.48473514,3.9995798,340.47977,0.48899744,0.22865174,19.464868,0.48880876,0.39557971,33.67526,-3.7709281,0.16692797,3.6430817,-0.12784637,0.039081605,37.236463,11.388783,21.027233,2294.672,893.90561,17.383683
0.055743129,40.216935,0.61875919,1538.3374,2.3627296,30.360521,-0.64456614,0.31735349,483.53316,5824.8829,289580.93,0.90334281,0.44823092,0.48296166,0.46041355,18.003494,30.907907,0.35903125,98.952001,169.87809,0.4697654,10.536529,18.088826,0.46176649,16.923242,29.05336,-88.415471,6.3867129,80.948507,-7.4669646,-1.0802517,54.634009,9.3939712,22.195414,3391.4499,806.7407,35.514973
0.059276151,37.586835,0.62204442,2249.4166,1.5977194,32.28406,-0.62510883,0.43511787,471.66171,5128.8685,275725.98,0.89597624,0.50464946,0.51417193,0.49336144,16.424798,32.024213,0.38853364,99.160712,193.33838,0.49967342,11.44303,22.311023,0.49036828,18.787164,36.630232,-87.717682,7.3441341,82.735915,-4.9817673,2.3623668,66.673019,12.147675,19.408577,2473.5561,797.4526,29.640138
0.06250686,40.267323,0.62096908,3282.7613,2.2934961,19.829543,-0.15464684,0.59251687,428.37325,8397.5183,487421.62,0.92204708,0.50906136,0.51229764,0.48458752,22.775729,27.121976,0.38244641,106.7284,127.09517,0.48776943,20.160429,24.007603,0.47036614,34.46469,41.041518,-86.567968,14.304261,83.952669,-2.6152997,11.688961,60.115095,12.214728,28.014431,1816.4689,830.4647,18.312356
0.064714865,37.377657,0.62556912,1649.4418,1.4945016,30.058912,-2.1787842,0.30767382,455.77097,910.87541,372856.64,0.91887593,0.48020679,0.47201697,0.46870305,2.7105652,29.757804,0.42622521,37.45461,411.19356,0.47005815,1.6021889,17.58955,0.46894285,2.5144241,27.604479,-35.852421,0.91223527,34.744045,-1.1083763,-0.19614105,72.364645,11.200831,16.73966,3498.1477,826.42834,43.872202
0.059872256,40.647425,0.6176109,2206.2085,2.23815,27.363478,-1.2067096,0.28787578,527.81722,1695.7727,458113.07,0.921064,0.47677196,0.43630947,0.42998985,5.1864442,30.584549,0.37640113,49.166128,289.93349,0.43188949,3.6274316,21.391025,0.42893488,6.0522465,35.6902,-45.538696,2.424815,43.979684,-1.5590126,0.86580234,52.402171,10.786714,24.142284,3738.7253,829.21278,23.752139
0.065065101,41.2119,0.62140349,2832.378,2.0699651,25.073213,-0.26314506,0.44285263,458.41883,446.43738,261303.23,0.92866872,0.51971583,0.52125721,0.51938343,1.5557811,34.848809,0.49231691,24.028791,538.23429,0.51971261,1.2824602,28.726541,0.518685,2.135673,47.83813,-22.74633,0.85321277,22.473009,-0.27332093,0.57989184,64.476935,12.032784,24.907442,2430.3535,838.91152,22.764241
0.062552769,38.171431,0.62286709,2038.8752,2.1578434,30.269494,-0.59339562,0.41329906,376.32573,5358.911,259324.96,0.94084952,0.48747746,0.53445841,0.51610747,15.519963,28.961038,0.41811884,98.392022,183.60451,0.52205412,10.490701,19.576181,0.51406338,17.248718,32.186983,-87.901321,6.7580168,82.87206,-5.0292617,1.7287551,60.324834,10.635558,22.949869,2604.1397,854.515,29.58731
0.060156362,37.649039,0.63004715,1920.4765,1.8826312,27.166126,-0.64941464,0.32385762,350.25945,9353.7599,207308.84,0.95773419,0.5675726,0.52532813,0.49622125,25.243682,26.987738,0.3878994,119.18854,127.42313,0.50654792,16.287613,17.412904,0.49488347,26.403905,28.228119,-102.90093,10.116293,93.944857,-8.9560696,1.160223,52.902394,10.910667,20.540761,3323.3384,876.2827,27.546494
0.058988853,37.230855,0.61433435,2079.1987,1.6168232,3.3166579,-0.80938273,0.30275061,512.91957,9485.7358,622417.56,0.92964098,0.54244749,0.41748627,0.38811871,24.419651,25.743549,0.36743929,41.614953,43.871086,0.40188585,12.972021,13.675292,0.39321831,20.179236,21.273243,-28.642932,7.2072154,17.195302,-11.44763,-4.2404143,6.5797531,11.7864,19.056526,3555.0332,840.15388,3.164562
0.061431986,41.242011,0.62482065,1696.1764,1.682135,13.288866,-0.94031896,0.47925263,342.82088,1329.7073,190340.14,0.89779817,0.48407449,0.56653258,0.56190357,3.6639887,27.554852,0.53623792,23.979019,180.33307,0.56398634,2.0154199,15.156869,0.56228169,3.3646979,25.30405,-21.9636,1.349278,20.315031,-1.6485688,-0.29929084,25.847674,10.868596,18.282445,2245.7643,799.74683,15.238788
0.064418496,41.655882,0.62766645,2241.4956,2.2910091,32.320562,-0.70725635,0.43077925,500.05086,189.60556,260978.99,0.89064837,0.46095338,0.5098394,0.5089902,0.66460589,35.052026,0.4950199,11.598125,611.69754,0.50921926,0.48533673,25.597179,0.50882282,0.7955956,41.960564,-11.112788,0.31025887,10.933519,-0.17926916,0.1309897,65.934987,10.759871,24.650962,2498.4687,790.75467,29.415622
0.053380999,40.093203,0.61493703,1889.0804,2.1939587,19.577334,-0.19543928,0.48619362,451.2457,1251.4681,326930.8,0.9246163,0.45092302,0.51844672,0.51346553,4.1103224,32.844003,0.47763966,33.672725,269.06578,0.51537465,2.534978,20.256033,0.51325455,4.2844219,34.235166,-31.137747,1.749444,29.562403,-1.5753444,0.17409954,37.258071,10.311236,22.622425,2213.7034,833.73913,19.722861
0.063054888,39.602522,0.6257382,1786.1152,2.3603208,20.835844,-0.6109191,0.46931345,355.25885,2983.8348,314914.07,0.91023906,0.531074,0.54230401,0.53251234,7.9026752,26.484963,0.47479266,54.487195,182.60795,0.53633882,4.8143942,16.134922,0.53223959,8.1228095,27.222719,-49.672801,3.3084152,46.58452,-3.0882809,0.22013429,39.41349,9.8767983,23.312413,2293.3254,815.46427,22.0666
0.056569667,37.296177,0.6227823,2656.1557,1.8861364,36.862115,-0.45500173,0.53715401,432.58384,179.15029,243807.46,0.95239589,0.52567656,0.54686541,0.54611575,0.64504615,36.005866,0.53161218,13.124594,732.60242,0.54626517,0.51647995,28.829422,0.54588088,0.8471341,47.286225,-12.608114,0.33065415,12.479548,-0.1285662,0.20208795,85.306111,12.148711,22.914125,2003.6869,869.38324,32.116382
0.060593308,39.373761,0.62092472,2963.504,2.0156308,24.824772,-0.82419788,0.23039831,413.23078,2203.1175,846445.57,0.92771048,0.47725533,0.39762969,0.39220939,4.493845,20.397664,0.34646733,42.417539,192.53416,0.39321794,3.6576854,16.602316,0.39013812,6.211088,28.192269,-38.759853,2.5534027,37.923694,-0.83615965,1.717243,52.369525,12.324469,24.841579,4671.4251,837.6876,17.671488
0.055608175,38.134548,0.61873754,2636.0897,1.9810791,22.635847,-1.478627,0.35689086,487.94726,364.74715,107903.98,0.93647414,0.37111874,0.52773597,0.52599552,1.4622804,40.090249,0.51073864,14.280725,391.52396,0.5264525,1.0783353,29.563912,0.52561027,1.7859542,48.964172,-13.20239,0.70761897,12.818445,-0.38394516,0.32367381,38.558413,11.921278,23.616995,3015.7355,848.90049,14.627125
0.061534906,40.262297,0.61827626,1677.4575,1.6317191,26.889809,-0.57963838,0.44459792,527.41816,651.77429,332588.38,0.89674765,0.50572239,0.49177444,0.48890323,2.2688744,34.810738,0.45962426,25.405606,389.79148,0.49014097,1.2907891,19.804234,0.48906324,2.1424309,32.870749,-24.114817,0.85164183,23.136732,-0.97808532,-0.12644349,49.395472,10.93886,17.849147,2420.8131,798.42376,29.446631
0.061457823,39.324109,0.62288629,2401.0767,2.2679535,35.102605,0.2276736,0.6057448,516.27707,4739.2901,178318.32,0.88005868,0.50201141,0.5515974,0.52831928,17.912491,37.795726,0.40327356,114.13507,240.82736,0.53348426,13.938046,29.409566,0.52226629,22.570259,47.623713,-100.19703,8.6322126,96.222582,-3.9744446,4.657768,88.249451,11.046567,25.053101,1776.8018,777.49109,36.754115
0.057060134,40.15283,0.61313855,1336.8208,1.6946648,17.613842,-0.8180525,0.39852402,431.62003,5070.5523,196903.8,0.94678713,0.44832618,0.53000698,0.50995168,17.112976,33.749727,0.43350069,82.34779,162.40398,0.520125,8.4321906,16.629728,0.5138399,13.795199,27.206501,-73.915599,5.363008,65.234814,-8.6807853,-3.3177773,32.228713,10.01459,16.971373,2700.6866,862.15146,24.108477
0.056315183,43.468883,0.61857244,3075.5245,1.4744529,8.5458082,-0.97481849,0.31558285,382.64059,293.7112,384841.44,0.88102066,0.48571532,0.48969566,0.48875465,0.72522889,24.691905,0.48456085,3.9573418,134.73581,0.48901261,0.52642295,17.923149,0.48854796,0.8845236,30.11542,-3.4309188,0.35810065,3.2321129,-0.19880593,0.15929472,16.95807,13.848396,20.418807,3410.4784,778.69326,5.5138791
0.055486754,36.185358,0.62185951,2202.8774,2.1890593,10.991881,-1.5070715,0.34222141,445.82137,2006.982,162048.12,0.88134233,0.47366155,0.52002506,0.51168429,6.4314617,32.045438,0.48179954,29.475198,146.86329,0.51473255,4.0809873,20.333951,0.51122454,6.785968,33.811804,-25.394211,2.7049807,23.043736,-2.3504743,0.35450636,20.336801,10.861279,23.775984,3145.0063,779.09537,9.2319259
0.064926093,41.1154,0.62199143,2945.1019,2.2760162,31.472523,-0.0028062064,0.33073209,551.30729,10924.652,457786.24,0.93325527,0.43533148,0.44107662,0.40170984,32.914298,30.128465,0.28321381,131.98805,120.81671,0.4066706,28.766642,26.331862,0.38572016,46.28317,42.365809,-103.22141,17.516529,99.073753,-4.1476561,13.368872,92.584201,11.810774,26.881514,3254.2607,844.77695,31.436672
