station,year,scene_id,datetime,day,processing_baseline,tile_cloud,hours,sw_down,absorbed_obs,albedo_obs,cloud_cover,lat,lon,sza,scl,B2,B3,B4,B8,B2_sd3x3,B3_sd3x3,B4_sd3x3,B8_sd3x3,scaling,status,reason
KAN_L,2017,S2A_22WEV_20170603_0_L2A,2017-06-03 15:09:13.462000+00:00,2017-06-03,00.01,3.79716,"14,15,16",782.344,350.937,0.551429,0.197633,67.0953,-49.9525,44.8785,"[11, 11, 11, 11, 11, 11, 11, 11, 11]",0.6922,0.6775,0.657,0.5099,0.0395545,0.035411,0.0281716,0.0210438,"{""B2"": {""scale"": 0.0001, ""offset"": 0.0, ""source"": ""recorded (baseline < 04.00)""}, ""B3"": {""scale"": 0.0001, ""offset"": 0.0, ""source"": ""recorded (baseline < 04.00)""}, ""B4"": {""scale"": 0.0001, ""offset"": 0.0, ""source"": ""recorded (baseline < 04.00)""}, ""B8"": {""scale"": 0.0001, ""offset"": 0.0, ""source"": ""recorded (baseline < 04.00)""}}",valid,
KAN_L,2017,S2A_22WEV_20170606_0_L2A,2017-06-06 15:19:11.457000+00:00,2017-06-06,00.01,41.8658,"14,15,16",721.483,314.091,0.564659,0.405433,67.0953,-49.9526,44.5046,"[11, 11, 11, 11, 11, 11, 11, 11, 11]",0.7225,0.7303,0.7029,0.57,0.0397066,0.0341948,0.0274644,0.0209311,"{""B2"": {""scale"": 0.0001, ""offset"": 0.0, ""source"": ""recorded (baseline < 04.00)""}, ""B3"": {""scale"": 0.0001, ""offset"": 0.0, ""source"": ""recorded (baseline < 04.00)""}, ""B4"": {""scale"": 0.0001, ""offset"": 0.0, ""source"": ""recorded (baseline < 04.00)""}, ""B8"": {""scale"": 0.0001, ""offset"": 0.0, ""source"": ""recorded (baseline < 04.00)""}}",valid,
KAN_L,2017,S2A_22WEV_20170610_0_L2A,2017-06-10 15:03:46.039000+00:00,2017-06-10,00.01,0.534407,"14,15,16",805.312,368.076,0.54294,0.0970667,67.0953,-49.9526,44.1896,"[11, 11, 11, 11, 11, 11, 11, 11, 11]",0.6858,0.6791,0.6516,0.5122,0.0465357,0.0429868,0.0351214,0.0233594,"{""B2"": {""scale"": 0.0001, ""offset"": 0.0, ""source"": ""recorded (baseline < 04.00)""}, ""B3"": {""scale"": 0.0001, ""offset"": 0.0, ""source"": ""recorded (baseline < 04.00)""}, ""B4"": {""scale"": 0.0001, ""offset"": 0.0, ""source"": ""recorded (baseline < 04.00)""}, ""B8"": {""scale"": 0.0001, ""offset"": 0.0, ""source"": ""recorded (baseline < 04.00)""}}",valid,
KAN_L,2017,S2A_22WEV_20170613_0_L2A,2017-06-13 15:09:11.460000+00:00,2017-06-13,00.01,1.45307,"14,15,16",813.527,398.065,0.510692,0.1918,67.0953,-49.9526,43.9412,"[11, 11, 11, 11, 11, 11, 11, 11, 11]",0.6639,0.6392,0.5993,0.4471,0.0484739,0.0453134,0.0378004,0.0249031,"{""B2"": {""scale"": 0.0001, ""offset"": 0.0, ""source"": ""recorded (baseline < 04.00)""}, ""B3"": {""scale"": 0.0001, ""offset"": 0.0, ""source"": ""recorded (baseline < 04.00)""}, ""B4"": {""scale"": 0.0001, ""offset"": 0.0, ""source"": ""recorded (baseline < 04.00)""}, ""B8"": {""scale"": 0.0001, ""offset"": 0.0, ""source"": ""recorded (baseline < 04.00)""}}",valid,
KAN_L,2017,S2A_22WEV_20170616_0_L2A,2017-06-16 15:20:36.042000+00:00,2017-06-16,00.01,60.6629,"14,15,16",456.824,215.288,0.528728,0.7326,67.0953,-49.9526,43.7588,"[9, 9, 9, 9, 9, 9, 9, 9, 9]",0.6024,0.5734,0.5588,0.5004,0.00971477,0.0102441,0.0139325,0.0125173,"{""B2"": {""scale"": 0.0001, ""offset"": 0.0, ""source"": ""recorded (baseline < 04.00)""}, ""B3"": {""scale"": 0.0001, ""offset"": 0.0, ""source"": ""recorded (baseline < 04.00)""}, ""B4"": {""scale"": 0.0001, ""offset"": 0.0, ""source"": ""recorded (baseline < 04.00)""}, ""B8"": {""scale"": 0.0001, ""offset"": 0.0, ""source"": ""recorded (baseline < 04.00)""}}",excluded,SCL != 11 within 30 m
KAN_L,2017,S2A_22WEV_20170620_0_L2A,2017-06-20 15:00:40.042000+00:00,2017-06-20,00.01,61.6628,"14,15,16",578.096,261.279,0.548036,0.9419,67.0953,-49.9526,43.7678,"[9, 9, 9, 9, 9, 9, 9, 9, 9]",0.7026,0.7117,0.7312,0.7098,0.00779403,0.00823026,0.0081024,0.00829351,"{""B2"": {""scale"": 0.0001, ""offset"": 0.0, ""source"": ""recorded (baseline < 04.00)""}, ""B3"": {""scale"": 0.0001, ""offset"": 0.0, ""source"": ""recorded (baseline < 04.00)""}, ""B4"": {""scale"": 0.0001, ""offset"": 0.0, ""source"": ""recorded (baseline < 04.00)""}, ""B8"": {""scale"": 0.0001, ""offset"": 0.0, ""source"": ""recorded (baseline < 04.00)""}}",excluded,SCL != 11 within 30 m
KAN_L,2017,S2A_22WEV_20170623_1_L2A,2017-06-23 15:13:48.262000+00:00,2017-06-23,00.01,53.0673,"14,15,16",582.053,283.409,0.513087,0.748767,67.0953,-49.9527,43.6613,"[11, 11, 11, 11, 11, 11, 11, 11, 11]",0.6285,0.6237,0.613,0.5338,0.00224697,0.00141431,0.00162208,0.00455513,"{""B2"": {""scale"": 0.0001, ""offset"": 0.0, ""source"": ""recorded (baseline < 04.00)""}, ""B3"": {""scale"": 0.0001, ""offset"": 0.0, ""source"": ""recorded (baseline < 04.00)""}, ""B4"": {""scale"": 0.0001, ""offset"": 0.0, ""source"": ""recorded (baseline < 04.00)""}, ""B8"": {""scale"": 0.0001, ""offset"": 0.0, ""source"": ""recorded (baseline < 04.00)""}}",valid,
KAN_L,2017,S2A_22WEV_20170626_0_L2A,2017-06-26 15:23:38.046000+00:00,2017-06-26,00.01,5.65564,"14,15,16",811.419,454.678,0.439651,0.1262,67.0953,-49.9527,43.6992,"[11, 11, 11, 11, 11, 11, 11, 11, 11]",0.5966,0.5747,0.5218,0.3296,0.0483386,0.0454118,0.0373957,0.0221885,"{""B2"": {""scale"": 0.0001, ""offset"": 0.0, ""source"": ""recorded (baseline < 04.00)""}, ""B3"": {""scale"": 0.0001, ""offset"": 0.0, ""source"": ""recorded (baseline < 04.00)""}, ""B4"": {""scale"": 0.0001, ""offset"": 0.0, ""source"": ""recorded (baseline < 04.00)""}, ""B8"": {""scale"": 0.0001, ""offset"": 0.0, ""source"": ""recorded (baseline < 04.00)""}}",valid,
KAN_L,2017,S2A_22WEV_20170630_0_L2A,2017-06-30 15:03:32.219000+00:00,2017-06-30,00.01,51.0397,"14,15,16",695.611,342.84,0.507139,0.473733,67.0953,-49.9527,43.9743,"[11, 11, 11, 11, 11, 11, 11, 11, 11]",0.7593,0.7473,0.7167,0.5524,0.0603215,0.0572419,0.0489388,0.0345976,"{""B2"": {""scale"": 0.0001, ""offset"": 0.0, ""source"": ""recorded (baseline < 04.00)""}, ""B3"": {""scale"": 0.0001, ""offset"": 0.0, ""source"": ""recorded (baseline < 04.00)""}, ""B4"": {""scale"": 0.0001, ""offset"": 0.0, ""source"": ""recorded (baseline < 04.00)""}, ""B8"": {""scale"": 0.0001, ""offset"": 0.0, ""source"": ""recorded (baseline < 04.00)""}}",valid,
KAN_L,2017,S2A_22WEV_20170703_0_L2A,2017-07-03 15:11:20.336000+00:00,2017-07-03,00.01,55.549,"14,15,16",644.671,118.501,0.816184,0.520233,67.0953,-49.9527,44.108,"[8, 8, 8, 8, 8, 8, 8, 8, 8]",0.814,0.8215,0.8376,0.8194,0.00226764,0.00142343,0.00230747,0.00100086,"{""B2"": {""scale"": 0.0001, ""offset"": 0.0, ""source"": ""recorded (baseline < 04.00)""}, ""B3"": {""scale"": 0.0001, ""offset"": 0.0, ""source"": ""recorded (baseline < 04.00)""}, ""B4"": {""scale"": 0.0001, ""offset"": 0.0, ""source"": ""recorded (baseline < 04.00)""}, ""B8"": {""scale"": 0.0001, ""offset"": 0.0, ""source"": ""recorded (baseline < 04.00)""}}",excluded,SCL != 11 within 30 m
KAN_L,2017,S2A_22WEV_20170706_0_L2A,2017-07-06 15:20:02.577000+00:00,2017-07-06,00.01,6.26146,"14,15,16",807.177,223.009,0.723717,0.171667,67.0953,-49.9527,44.3292,"[11, 11, 11, 11, 11, 11, 11, 11, 11]",0.8121,0.8201,0.8266,0.758,0.031926,0.0350177,0.0325574,0.0268798,"{""B2"": {""scale"": 0.0001, ""offset"": 0.0, ""source"": ""recorded (baseline < 04.00)""}, ""B3"": {""scale"": 0.0001, ""offset"": 0.0, ""source"": ""recorded (baseline < 04.00)""}, ""B4"": {""scale"": 0.0001, ""offset"": 0.0, ""source"": ""recorded (baseline < 04.00)""}, ""B8"": {""scale"": 0.0001, ""offset"": 0.0, ""source"": ""recorded (baseline < 04.00)""}}",valid,
KAN_L,2017,S2B_22WEV_20170708_0_L2A,2017-07-08 15:09:29.502000+00:00,2017-07-08,00.01,52.6435,,,,,,,,,,,,,,,,,,,excluded,station: dsr_cor/usr_cor missing in the 3 overpass hours
KAN_L,2017,S2A_22WEV_20170710_0_L2A,2017-07-10 15:01:20.729000+00:00,2017-07-10,00.01,0.77365,"14,15,16",797.81,412.952,0.482393,0.141967,67.0953,-49.9528,44.9148,"[11, 11, 11, 11, 11, 11, 11, 11, 11]",0.6174,0.6164,0.5879,0.4382,0.0465235,0.0435167,0.0361708,0.0231514,"{""B2"": {""scale"": 0.0001, ""offset"": 0.0, ""source"": ""recorded (baseline < 04.00)""}, ""B3"": {""scale"": 0.0001, ""offset"": 0.0, ""source"": ""recorded (baseline < 04.00)""}, ""B4"": {""scale"": 0.0001, ""offset"": 0.0, ""source"": ""recorded (baseline < 04.00)""}, ""B8"": {""scale"": 0.0001, ""offset"": 0.0, ""source"": ""recorded (baseline < 04.00)""}}",valid,
KAN_L,2017,S2B_22WEV_20170711_0_L2A,2017-07-11 15:23:00.354000+00:00,2017-07-11,00.01,0.252496,"14,15,16",796.776,413.85,0.480595,0.1409,67.0953,-49.9528,44.8886,"[11, 11, 11, 11, 11, 11, 11, 11, 11]",0.5613,0.5501,0.5267,0.398,0.0521923,0.049104,0.0436253,0.0285982,"{""B2"": {""scale"": 0.0001, ""offset"": 0.0, ""source"": ""recorded (baseline < 04.00)""}, ""B3"": {""scale"": 0.0001, ""offset"": 0.0, ""source"": ""recorded (baseline < 04.00)""}, ""B4"": {""scale"": 0.0001, ""offset"": 0.0, ""source"": ""recorded (baseline < 04.00)""}, ""B8"": {""scale"": 0.0001, ""offset"": 0.0, ""source"": ""recorded (baseline < 04.00)""}}",valid,
KAN_L,2017,S2B_22WEV_20170715_0_L2A,2017-07-15 15:03:01.745000+00:00,2017-07-15,00.01,33.7365,"14,15,16",780.297,417.376,0.465106,0.189067,67.0953,-49.9528,45.5918,"[11, 11, 11, 11, 11, 11, 11, 11, 11]",0.5635,0.54,0.5,0.368,0.0552314,0.0499147,0.0448637,0.030739,"{""B2"": {""scale"": 0.0001, ""offset"": 0.0, ""source"": ""recorded (baseline < 04.00)""}, ""B3"": {""scale"": 0.0001, ""offset"": 0.0, ""source"": ""recorded (baseline < 04.00)""}, ""B4"": {""scale"": 0.0001, ""offset"": 0.0, ""source"": ""recorded (baseline < 04.00)""}, ""B8"": {""scale"": 0.0001, ""offset"": 0.0, ""source"": ""recorded (baseline < 04.00)""}}",valid,
KAN_L,2017,S2A_22WEV_20170720_0_L2A,2017-07-20 15:02:44.713000+00:00,2017-07-20,00.01,39.8289,"14,15,16",785.372,431.782,0.450219,0.3375,67.0952,-49.9528,46.4453,"[11, 11, 11, 11, 11, 11, 11, 11, 11]",0.6588,0.6479,0.6096,0.446,0.0142333,0.01449,0.00999355,0.00854869,"{""B2"": {""scale"": 0.0001, ""offset"": 0.0, ""source"": ""recorded (baseline < 04.00)""}, ""B3"": {""scale"": 0.0001, ""offset"": 0.0, ""source"": ""recorded (baseline < 04.00)""}, ""B4"": {""scale"": 0.0001, ""offset"": 0.0, ""source"": ""recorded (baseline < 04.00)""}, ""B8"": {""scale"": 0.0001, ""offset"": 0.0, ""source"": ""recorded (baseline < 04.00)""}}",valid,
KAN_L,2017,S2B_22WEV_20170721_0_L2A,2017-07-21 15:20:03.572000+00:00,2017-07-21,00.01,2.27546,"14,15,16",782.275,400.606,0.487897,0,67.0952,-49.9528,46.4951,"[11, 11, 11, 11, 11, 11, 11, 11, 11]",0.6463,0.6279,0.5863,0.437,0.0479157,0.0466429,0.0375429,0.0250092,"{""B2"": {""scale"": 0.0001, ""offset"": 0.0, ""source"": ""recorded (baseline < 04.00)""}, ""B3"": {""scale"": 0.0001, ""offset"": 0.0, ""source"": ""recorded (baseline < 04.00)""}, ""B4"": {""scale"": 0.0001, ""offset"": 0.0, ""source"": ""recorded (baseline < 04.00)""}, ""B8"": {""scale"": 0.0001, ""offset"": 0.0, ""source"": ""recorded (baseline < 04.00)""}}",valid,
KAN_L,2017,S2A_22WEV_20170723_0_L2A,2017-07-23 15:11:15.126000+00:00,2017-07-23,00.01,43.2784,"14,15,16",623.375,318.117,0.489686,0.5154,67.0952,-49.9529,46.9363,"[11, 11, 11, 11, 11, 11, 11, 11, 11]",0.6436,0.6414,0.6105,0.4783,0.0268326,0.0225476,0.017152,0.0121305,"{""B2"": {""scale"": 0.0001, ""offset"": 0.0, ""source"": ""recorded (baseline < 04.00)""}, ""B3"": {""scale"": 0.0001, ""offset"": 0.0, ""source"": ""recorded (baseline < 04.00)""}, ""B4"": {""scale"": 0.0001, ""offset"": 0.0, ""source"": ""recorded (baseline < 04.00)""}, ""B8"": {""scale"": 0.0001, ""offset"": 0.0, ""source"": ""recorded (baseline < 04.00)""}}",valid,
KAN_L,2017,S2B_22WEV_20170725_0_L2A,2017-07-25 15:02:39.100000+00:00,2017-07-25,00.01,10.7096,"14,15,16",734.958,423.801,0.423367,0.1727,67.0952,-49.9529,47.4395,"[11, 11, 11, 11, 11, 11, 11, 11, 11]",0.6352,0.6094,0.5169,0.2922,0.0490691,0.0430632,0.03458,0.0191002,"{""B2"": {""scale"": 0.0001, ""offset"": 0.0, ""source"": ""recorded (baseline < 04.00)""}, ""B3"": {""scale"": 0.0001, ""offset"": 0.0, ""source"": ""recorded (baseline < 04.00)""}, ""B4"": {""scale"": 0.0001, ""offset"": 0.0, ""source"": ""recorded (baseline < 04.00)""}, ""B8"": {""scale"": 0.0001, ""offset"": 0.0, ""source"": ""recorded (baseline < 04.00)""}}",valid,
KAN_L,2017,S2B_22WEV_20170728_0_L2A,2017-07-28 15:11:49.206000+00:00,2017-07-28,00.01,0.22051,"14,15,16",752.668,430.951,0.427435,0.232133,67.0952,-49.9529,48.0071,"[11, 11, 11, 11, 11, 11, 11, 11, 11]",0.6208,0.5887,0.5189,0.33,0.0503967,0.0453938,0.0358378,0.0207123,"{""B2"": {""scale"": 0.0001, ""offset"": 0.0, ""source"": ""recorded (baseline < 04.00)""}, ""B3"": {""scale"": 0.0001, ""offset"": 0.0, ""source"": ""recorded (baseline < 04.00)""}, ""B4"": {""scale"": 0.0001, ""offset"": 0.0, ""source"": ""recorded (baseline < 04.00)""}, ""B8"": {""scale"": 0.0001, ""offset"": 0.0, ""source"": ""recorded (baseline < 04.00)""}}",valid,
KAN_L,2017,S2A_22WEV_20170730_0_L2A,2017-07-30 15:01:03.694000+00:00,2017-07-30,00.01,0.272241,"14,15,16",744.663,420.108,0.435842,0.272433,67.0952,-49.9529,48.5874,"[11, 11, 11, 11, 11, 11, 11, 11, 11]",0.6272,0.612,0.5499,0.3574,0.0449475,0.0430864,0.0352673,0.0204417,"{""B2"": {""scale"": 0.0001, ""offset"": 0.0, ""source"": ""recorded (baseline < 04.00)""}, ""B3"": {""scale"": 0.0001, ""offset"": 0.0, ""source"": ""recorded (baseline < 04.00)""}, ""B4"": {""scale"": 0.0001, ""offset"": 0.0, ""source"": ""recorded (baseline < 04.00)""}, ""B8"": {""scale"": 0.0001, ""offset"": 0.0, ""source"": ""recorded (baseline < 04.00)""}}",valid,
KAN_L,2017,S2B_22WEV_20170731_0_L2A,2017-07-31 15:23:31.824000+00:00,2017-07-31,00.01,0.272537,"14,15,16",742.555,421.195,0.432776,0.306333,67.0952,-49.9529,48.6627,"[11, 11, 11, 11, 11, 11, 11, 11, 11]",0.6367,0.6147,0.5521,0.3586,0.0445956,0.0417512,0.0364717,0.0215129,"{""B2"": {""scale"": 0.0001, ""offset"": 0.0, ""source"": ""recorded (baseline < 04.00)""}, ""B3"": {""scale"": 0.0001, ""offset"": 0.0, ""source"": ""recorded (baseline < 04.00)""}, ""B4"": {""scale"": 0.0001, ""offset"": 0.0, ""source"": ""recorded (baseline < 04.00)""}, ""B8"": {""scale"": 0.0001, ""offset"": 0.0, ""source"": ""recorded (baseline < 04.00)""}}",valid,
KAN_L,2017,S2A_22WEV_20170802_0_L2A,2017-08-02 15:09:12.461000+00:00,2017-08-02,00.01,44.3525,"14,15,16",631.567,365.108,0.421901,0.6993,67.0952,-49.9529,49.2335,"[11, 11, 11, 11, 11, 11, 11, 11, 11]",0.6196,0.6122,0.5699,0.3914,0.0217145,0.0228761,0.0205638,0.00849951,"{""B2"": {""scale"": 0.0001, ""offset"": 0.0, ""source"": ""recorded (baseline < 04.00)""}, ""B3"": {""scale"": 0.0001, ""offset"": 0.0, ""source"": ""recorded (baseline < 04.00)""}, ""B4"": {""scale"": 0.0001, ""offset"": 0.0, ""source"": ""recorded (baseline < 04.00)""}, ""B8"": {""scale"": 0.0001, ""offset"": 0.0, ""source"": ""recorded (baseline < 04.00)""}}",valid,
KAN_L,2017,S2A_22WEV_20170805_0_L2A,2017-08-05 15:19:11.462000+00:00,2017-08-05,00.01,11.0314,"14,15,16",720.199,388.27,0.460885,0.2842,67.0952,-49.9529,49.9532,"[11, 11, 11, 11, 11, 11, 11, 11, 11]",0.6496,0.6581,0.6239,0.466,0.0208078,0.0232593,0.0190656,0.00996237,"{""B2"": {""scale"": 0.0001, ""offset"": 0.0, ""source"": ""recorded (baseline < 04.00)""}, ""B3"": {""scale"": 0.0001, ""offset"": 0.0, ""source"": ""recorded (baseline < 04.00)""}, ""B4"": {""scale"": 0.0001, ""offset"": 0.0, ""source"": ""recorded (baseline < 04.00)""}, ""B8"": {""scale"": 0.0001, ""offset"": 0.0, ""source"": ""recorded (baseline < 04.00)""}}",valid,
KAN_L,2017,S2B_22WEV_20170807_0_L2A,2017-08-07 15:09:09.456000+00:00,2017-08-07,00.01,26.5195,"14,15,16",664.598,365.765,0.449644,0.343933,67.0952,-49.9529,50.5575,"[11, 11, 11, 11, 11, 11, 11, 11, 11]",0.6379,0.6091,0.5608,0.3826,0.0492429,0.0470585,0.038253,0.0252977,"{""B2"": {""scale"": 0.0001, ""offset"": 0.0, ""source"": ""recorded (baseline < 04.00)""}, ""B3"": {""scale"": 0.0001, ""offset"": 0.0, ""source"": ""recorded (baseline < 04.00)""}, ""B4"": {""scale"": 0.0001, ""offset"": 0.0, ""source"": ""recorded (baseline < 04.00)""}, ""B8"": {""scale"": 0.0001, ""offset"": 0.0, ""source"": ""recorded (baseline < 04.00)""}}",valid,
KAN_L,2017,S2A_22WEV_20170809_0_L2A,2017-08-09 15:02:05.026000+00:00,2017-08-09,00.01,0.293378,,,,,,,,,,,,,,,,,,,excluded,station: dsr_cor/usr_cor missing in the 3 overpass hours
KAN_L,2017,S2B_22WEV_20170810_0_L2A,2017-08-10 15:19:07.459000+00:00,2017-08-10,00.01,38.9611,"14,15,16",680.409,390.872,0.425534,0.284367,67.0952,-49.953,51.3475,"[11, 11, 11, 11, 11, 11, 11, 11, 11]",0.6546,0.6352,0.5716,0.3674,0.0498496,0.046386,0.0377327,0.022853,"{""B2"": {""scale"": 0.0001, ""offset"": 0.0, ""source"": ""recorded (baseline < 04.00)""}, ""B3"": {""scale"": 0.0001, ""offset"": 0.0, ""source"": ""recorded (baseline < 04.00)""}, ""B4"": {""scale"": 0.0001, ""offset"": 0.0, ""source"": ""recorded (baseline < 04.00)""}, ""B8"": {""scale"": 0.0001, ""offset"": 0.0, ""source"": ""recorded (baseline < 04.00)""}}",valid,
KAN_L,2017,S2A_22WEV_20170812_0_L2A,2017-08-12 15:09:12.460000+00:00,2017-08-12,00.01,2.20183,"14,15,16",670.833,370.263,0.448055,0.2869,67.0952,-49.953,51.9896,"[11, 11, 11, 11, 11, 11, 11, 11, 11]",0.6155,0.6127,0.5669,0.3931,0.0424456,0.0401624,0.0342605,0.0218608,"{""B2"": {""scale"": 0.0001, ""offset"": 0.0, ""source"": ""recorded (baseline < 04.00)""}, ""B3"": {""scale"": 0.0001, ""offset"": 0.0, ""source"": ""recorded (baseline < 04.00)""}, ""B4"": {""scale"": 0.0001, ""offset"": 0.0, ""source"": ""recorded (baseline < 04.00)""}, ""B8"": {""scale"": 0.0001, ""offset"": 0.0, ""source"": ""recorded (baseline < 04.00)""}}",valid,
KAN_L,2017,S2B_22WEV_20170814_0_L2A,2017-08-14 15:02:11.849000+00:00,2017-08-14,00.01,1.9449,"14,15,16",657.291,351.384,0.465406,0.0757,67.0952,-49.953,52.6587,"[11, 11, 11, 11, 11, 11, 11, 11, 11]",0.6164,0.5945,0.5464,0.3974,0.0455777,0.0467261,0.0375165,0.0273197,"{""B2"": {""scale"": 0.0001, ""offset"": 0.0, ""source"": ""recorded (baseline < 04.00)""}, ""B3"": {""scale"": 0.0001, ""offset"": 0.0, ""source"": ""recorded (baseline < 04.00)""}, ""B4"": {""scale"": 0.0001, ""offset"": 0.0, ""source"": ""recorded (baseline < 04.00)""}, ""B8"": {""scale"": 0.0001, ""offset"": 0.0, ""source"": ""recorded (baseline < 04.00)""}}",valid,
KAN_L,2017,S2A_22WEV_20170815_0_L2A,2017-08-15 15:21:31.159000+00:00,2017-08-15,00.01,0.353227,"14,15,16",645.845,333.252,0.484005,0.156533,67.0952,-49.953,52.8406,"[11, 11, 11, 11, 11, 11, 11, 11, 11]",0.6637,0.6497,0.6084,0.4465,0.048496,0.0481351,0.0406917,0.0291602,"{""B2"": {""scale"": 0.0001, ""offset"": 0.0, ""source"": ""recorded (baseline < 04.00)""}, ""B3"": {""scale"": 0.0001, ""offset"": 0.0, ""source"": ""recorded (baseline < 04.00)""}, ""B4"": {""scale"": 0.0001, ""offset"": 0.0, ""source"": ""recorded (baseline < 04.00)""}, ""B8"": {""scale"": 0.0001, ""offset"": 0.0, ""source"": ""recorded (baseline < 04.00)""}}",valid,
KAN_L,2017,S2A_22WEV_20170819_0_L2A,2017-08-19 15:00:45.655000+00:00,2017-08-19,00.01,47.7741,,,,,,,,,,,,,,,,,,,excluded,station: snow_height >= 0.02 m or missing
KAN_L,2017,S2B_22WEV_20170824_0_L2A,2017-08-24 14:59:09.459000+00:00,2017-08-24,00.01,0.774722,,,,,,,,,,,,,,,,,,,excluded,station: snow_height >= 0.02 m or missing
KAN_L,2017,S2A_22WEV_20170825_0_L2A,2017-08-25 15:21:02.297000+00:00,2017-08-25,00.01,3.41059,,,,,,,,,,,,,,,,,,,excluded,station: snow_height >= 0.02 m or missing
KAN_L,2017,S2B_22WEV_20170827_0_L2A,2017-08-27 15:09:06.458000+00:00,2017-08-27,00.01,27.2792,,,,,,,,,,,,,,,,,,,excluded,station: snow_height >= 0.02 m or missing
KAN_L,2017,S2B_22WEV_20170830_0_L2A,2017-08-30 15:21:49.413000+00:00,2017-08-30,00.01,79.8555,,,,,,,,,,,,,,,,,,,excluded,station: snow_height >= 0.02 m or missing
KAN_L,2018,S2A_22WEV_20180601_0_L2A,2018-06-01 15:19:10.464000+00:00,2018-06-01,00.01,77.1585,,,,,,,,,,,,,,,,,,,excluded,station: snow_height >= 0.02 m or missing
KAN_L,2018,S2B_22WEV_20180603_0_L2A,2018-06-03 15:09:08.458000+00:00,2018-06-03,00.01,48.4057,"14,15,16",755.246,262.301,0.652695,0.5769,67.095,-49.9549,44.8787,"[11, 11, 11, 11, 11, 11, 11, 11, 11]",0.8318,0.8154,0.7846,0.6946,0.00346281,0.00378536,0.00427578,0.0020483,"{""B2"": {""scale"": 0.0001, ""offset"": 0.0, ""source"": ""recorded (baseline < 04.00)""}, ""B3"": {""scale"": 0.0001, ""offset"": 0.0, ""source"": ""recorded (baseline < 04.00)""}, ""B4"": {""scale"": 0.0001, ""offset"": 0.0, ""source"": ""recorded (baseline < 04.00)""}, ""B8"": {""scale"": 0.0001, ""offset"": 0.0, ""source"": ""recorded (baseline < 04.00)""}}",valid,
KAN_L,2018,S2B_22WEV_20180603_1_L2A,2018-06-03 15:13:55.523000+00:00,2018-06-03,05.00,75.3159,"14,15,16",755.246,262.301,0.652695,0.5769,67.095,-49.9549,,,,,,,,,,,,excluded,station-day already has an acquisition
KAN_L,2018,S2A_22WEV_20180605_0_L2A,2018-06-05 14:59:14.461000+00:00,2018-06-05,00.01,39.8373,,,,,,,,,,,,,,,,,,,excluded,station: snow_height >= 0.02 m or missing
KAN_L,2018,S2A_22WEV_20180605_1_L2A,2018-06-05 15:04:00.767000+00:00,2018-06-05,05.00,53.1565,,,,,,,,,,,,,,,,,,,excluded,station: snow_height >= 0.02 m or missing
KAN_L,2018,S2A_22WEV_20180608_0_L2A,2018-06-08 15:09:11.456000+00:00,2018-06-08,00.01,46.5819,,,,,,,,,,,,,,,,,,,excluded,station: snow_height >= 0.02 m or missing
KAN_L,2018,S2B_22WEV_20180610_0_L2A,2018-06-10 15:00:05.460000+00:00,2018-06-10,00.01,4.98489,,,,,,,,,,,,,,,,,,,excluded,station: snow_height >= 0.02 m or missing
KAN_L,2018,S2B_22WEV_20180610_1_L2A,2018-06-10 15:03:58.385000+00:00,2018-06-10,05.00,19.7738,,,,,,,,,,,,,,,,,,,excluded,station: snow_height >= 0.02 m or missing
KAN_L,2018,S2A_22WEV_20180611_0_L2A,2018-06-11 15:19:08.464000+00:00,2018-06-11,00.01,1.09197,,,,,,,,,,,,,,,,,,,excluded,station: snow_height >= 0.02 m or missing
KAN_L,2018,S2A_22WEV_20180611_1_L2A,2018-06-11 15:23:54.374000+00:00,2018-06-11,05.00,1.314,,,,,,,,,,,,,,,,,,,excluded,station: snow_height >= 0.02 m or missing
KAN_L,2018,S2B_22WEV_20180613_0_L2A,2018-06-13 15:07:57.459000+00:00,2018-06-13,00.01,53.1593,,,,,,,,,,,,,,,,,,,excluded,station: snow_height >= 0.02 m or missing
KAN_L,2018,S2A_22WEV_20180615_0_L2A,2018-06-15 14:59:13.460000+00:00,2018-06-15,00.01,28.7579,,,,,,,,,,,,,,,,,,,excluded,station: snow_height >= 0.02 m or missing
KAN_L,2018,S2B_22WEV_20180616_0_L2A,2018-06-16 15:21:46.205000+00:00,2018-06-16,00.01,33.4055,,,,,,,,,,,,,,,,,,,excluded,station: snow_height >= 0.02 m or missing
KAN_L,2018,S2B_22WEV_20180616_1_L2A,2018-06-16 15:23:53.559000+00:00,2018-06-16,05.00,36.9451,,,,,,,,,,,,,,,,,,,excluded,station: snow_height >= 0.02 m or missing
KAN_L,2018,S2A_22WEV_20180618_0_L2A,2018-06-18 15:09:10.457000+00:00,2018-06-18,00.01,5.08842,,,,,,,,,,,,,,,,,,,excluded,station: snow_height >= 0.02 m or missing
KAN_L,2018,S2B_22WEV_20180620_0_L2A,2018-06-20 15:00:06.456000+00:00,2018-06-20,00.01,58.9678,,,,,,,,,,,,,,,,,,,excluded,station: snow_height >= 0.02 m or missing
KAN_L,2018,S2A_22WEV_20180621_0_L2A,2018-06-21 15:21:19.337000+00:00,2018-06-21,00.01,55.6436,,,,,,,,,,,,,,,,,,,excluded,station: snow_height >= 0.02 m or missing
KAN_L,2018,S2B_22WEV_20180626_0_L2A,2018-06-26 15:18:02.456000+00:00,2018-06-26,00.01,13.0135,,,,,,,,,,,,,,,,,,,excluded,station: snow_height >= 0.02 m or missing
KAN_L,2018,S2A_22WEV_20180628_0_L2A,2018-06-28 15:09:11.462000+00:00,2018-06-28,00.01,82.3697,,,,,,,,,,,,,,,,,,,excluded,station: snow_height >= 0.02 m or missing
KAN_L,2018,S2B_22WEV_20180630_0_L2A,2018-06-30 15:00:06.462000+00:00,2018-06-30,00.01,71.9405,,,,,,,,,,,,,,,,,,,excluded,station: snow_height >= 0.02 m or missing
KAN_L,2018,S2A_22WEV_20180701_0_L2A,2018-07-01 15:21:41.989000+00:00,2018-07-01,00.01,68.6386,,,,,,,,,,,,,,,,,,,excluded,station: snow_height >= 0.02 m or missing
KAN_L,2018,S2B_22WEV_20180703_0_L2A,2018-07-03 15:09:10.464000+00:00,2018-07-03,00.01,41.4767,,,,,,,,,,,,,,,,,,,excluded,station: snow_height >= 0.02 m or missing
KAN_L,2018,S2A_22WEV_20180705_0_L2A,2018-07-05 15:00:38.437000+00:00,2018-07-05,00.01,28.9078,,,,,,,,,,,,,,,,,,,excluded,station: snow_height >= 0.02 m or missing
KAN_L,2018,S2B_22WEV_20180706_0_L2A,2018-07-06 15:18:16.891000+00:00,2018-07-06,00.01,48.7822,,,,,,,,,,,,,,,,,,,excluded,station: snow_height >= 0.02 m or missing
KAN_L,2018,S2B_22WEV_20180706_1_L2A,2018-07-06 15:23:53.937000+00:00,2018-07-06,05.00,54.7172,,,,,,,,,,,,,,,,,,,excluded,station: snow_height >= 0.02 m or missing
KAN_L,2018,S2A_22WEV_20180708_0_L2A,2018-07-08 15:09:12.456000+00:00,2018-07-08,00.01,53.9838,,,,,,,,,,,,,,,,,,,excluded,station: snow_height >= 0.02 m or missing
KAN_L,2018,S2A_22WEV_20180708_1_L2A,2018-07-08 15:13:59.456000+00:00,2018-07-08,05.00,76.7158,,,,,,,,,,,,,,,,,,,excluded,station: snow_height >= 0.02 m or missing
KAN_L,2018,S2B_22WEV_20180710_0_L2A,2018-07-10 15:00:06.455000+00:00,2018-07-10,00.01,0.991716,,,,,,,,,,,,,,,,,,,excluded,station: snow_height >= 0.02 m or missing
KAN_L,2018,S2B_22WEV_20180713_0_L2A,2018-07-13 15:11:37.464000+00:00,2018-07-13,00.01,1.85797,,,,,,,,,,,,,,,,,,,excluded,station: snow_height >= 0.02 m or missing
KAN_L,2018,S2A_22WEV_20180715_0_L2A,2018-07-15 14:59:15.459000+00:00,2018-07-15,00.01,11.7234,,,,,,,,,,,,,,,,,,,excluded,station: snow_height >= 0.02 m or missing
KAN_L,2018,S2A_22WEV_20180715_1_L2A,2018-07-15 15:04:01.626000+00:00,2018-07-15,05.00,24.5093,,,,,,,,,,,,,,,,,,,excluded,station: snow_height >= 0.02 m or missing
KAN_L,2018,S2B_22WEV_20180716_0_L2A,2018-07-16 15:20:19.463000+00:00,2018-07-16,00.01,92.314,,,,,,,,,,,,,,,,,,,excluded,station: snow_height >= 0.02 m or missing
KAN_L,2018,S2A_22WEV_20180718_0_L2A,2018-07-18 15:12:18.285000+00:00,2018-07-18,00.01,33.1988,,,,,,,,,,,,,,,,,,,excluded,station: snow_height >= 0.02 m or missing
KAN_L,2018,S2B_22WEV_20180720_0_L2A,2018-07-20 15:01:39.266000+00:00,2018-07-20,00.01,58.5775,"14,15,16",459.069,230.291,0.498352,0.983833,67.095,-49.9552,46.4591,"[11, 11, 11, 11, 11, 11, 11, 11, 11]",0.7153,0.6828,0.6238,0.513,0.00151658,0.00135055,0.00152323,0.00152542,"{""B2"": {""scale"": 0.0001, ""offset"": 0.0, ""source"": ""recorded (baseline < 04.00)""}, ""B3"": {""scale"": 0.0001, ""offset"": 0.0, ""source"": ""recorded (baseline < 04.00)""}, ""B4"": {""scale"": 0.0001, ""offset"": 0.0, ""source"": ""recorded (baseline < 04.00)""}, ""B8"": {""scale"": 0.0001, ""offset"": 0.0, ""source"": ""recorded (baseline < 04.00)""}}",valid,
KAN_L,2018,S2A_22WEV_20180721_0_L2A,2018-07-21 15:19:10.462000+00:00,2018-07-21,00.01,58.3121,"14,15,16",579.496,293.585,0.493378,0.8033,67.095,-49.9552,46.4979,"[11, 11, 11, 11, 11, 11, 11, 11, 11]",0.6976,0.6817,0.6334,0.5218,0.00182764,0.00215097,0.00264074,0.00283823,"{""B2"": {""scale"": 0.0001, ""offset"": 0.0, ""source"": ""recorded (baseline < 04.00)""}, ""B3"": {""scale"": 0.0001, ""offset"": 0.0, ""source"": ""recorded (baseline < 04.00)""}, ""B4"": {""scale"": 0.0001, ""offset"": 0.0, ""source"": ""recorded (baseline < 04.00)""}, ""B8"": {""scale"": 0.0001, ""offset"": 0.0, ""source"": ""recorded (baseline < 04.00)""}}",valid,
KAN_L,2018,S2A_22WEV_20180721_1_L2A,2018-07-21 15:23:56.130000+00:00,2018-07-21,05.00,92.6845,"14,15,16",579.496,293.585,0.493378,0.8033,67.095,-49.9552,,,,,,,,,,,,excluded,station-day already has an acquisition
KAN_L,2018,S2B_22WEV_20180723_0_L2A,2018-07-23 15:11:53.894000+00:00,2018-07-23,00.01,42.2836,"14,15,16",712.334,356.635,0.499342,0.1881,67.095,-49.9552,46.9311,"[11, 11, 11, 11, 11, 11, 11, 11, 11]",0.7216,0.7002,0.6207,0.4143,0.0461307,0.044626,0.036026,0.0210333,"{""B2"": {""scale"": 0.0001, ""offset"": 0.0, ""source"": ""recorded (baseline < 04.00)""}, ""B3"": {""scale"": 0.0001, ""offset"": 0.0, ""source"": ""recorded (baseline < 04.00)""}, ""B4"": {""scale"": 0.0001, ""offset"": 0.0, ""source"": ""recorded (baseline < 04.00)""}, ""B8"": {""scale"": 0.0001, ""offset"": 0.0, ""source"": ""recorded (baseline < 04.00)""}}",valid,
KAN_L,2018,S2B_22WEV_20180723_1_L2A,2018-07-23 15:13:56.077000+00:00,2018-07-23,05.00,64.0552,"14,15,16",712.334,356.635,0.499342,0.1881,67.095,-49.9552,,,,,,,,,,,,excluded,station-day already has an acquisition
KAN_L,2018,S2A_22WEV_20180725_0_L2A,2018-07-25 14:59:14.464000+00:00,2018-07-25,00.01,62.3595,,,,,,,,,,,,,,,,,,,excluded,station: snow_height >= 0.02 m or missing
KAN_L,2018,S2B_22WEV_20180726_0_L2A,2018-07-26 15:23:52.442000+00:00,2018-07-26,05.00,100,,,,,,,,,,,,,,,,,,,excluded,station: snow_height >= 0.02 m or missing
KAN_L,2018,S2A_22WEV_20180728_0_L2A,2018-07-28 15:10:24.615000+00:00,2018-07-28,00.01,40.7357,,,,,,,,,,,,,,,,,,,excluded,station: snow_height >= 0.02 m or missing
KAN_L,2018,S2A_22WEV_20180728_1_L2A,2018-07-28 15:13:59.128000+00:00,2018-07-28,05.00,64.3147,,,,,,,,,,,,,,,,,,,excluded,station: snow_height >= 0.02 m or missing
KAN_L,2018,S2B_22WEV_20180730_0_L2A,2018-07-30 15:00:04.459000+00:00,2018-07-30,00.01,1.03765,,,,,,,,,,,,,,,,,,,excluded,station: snow_height >= 0.02 m or missing
KAN_L,2018,S2A_22WEV_20180731_0_L2A,2018-07-31 15:23:18.394000+00:00,2018-07-31,00.01,41.1315,,,,,,,,,,,,,,,,,,,excluded,station: snow_height >= 0.02 m or missing
KAN_L,2018,S2A_22WEV_20180731_1_L2A,2018-07-31 15:23:55.620000+00:00,2018-07-31,05.00,65.4769,,,,,,,,,,,,,,,,,,,excluded,station: snow_height >= 0.02 m or missing
KAN_L,2018,S2B_22WEV_20180802_0_L2A,2018-08-02 15:10:27.985000+00:00,2018-08-02,00.01,46.4228,,,,,,,,,,,,,,,,,,,excluded,station: snow_height >= 0.02 m or missing
KAN_L,2018,S2B_22WEV_20180802_1_L2A,2018-08-02 15:13:54.791000+00:00,2018-08-02,05.00,71.9586,,,,,,,,,,,,,,,,,,,excluded,station: snow_height >= 0.02 m or missing
KAN_L,2018,S2B_22WEV_20180805_0_L2A,2018-08-05 15:22:50.556000+00:00,2018-08-05,00.01,0.318241,,,,,,,,,,,,,,,,,,,excluded,station: snow_height >= 0.02 m or missing
KAN_L,2018,S2B_22WEV_20180805_1_L2A,2018-08-05 15:23:51.009000+00:00,2018-08-05,05.00,0.074274,,,,,,,,,,,,,,,,,,,excluded,station: snow_height >= 0.02 m or missing
KAN_L,2018,S2A_22WEV_20180807_0_L2A,2018-08-07 15:09:11.464000+00:00,2018-08-07,00.01,77.8161,,,,,,,,,,,,,,,,,,,excluded,station: snow_height >= 0.02 m or missing
KAN_L,2018,S2B_22WEV_20180809_0_L2A,2018-08-09 15:00:02.456000+00:00,2018-08-09,00.01,36.6003,,,,,,,,,,,,,,,,,,,excluded,station: snow_height >= 0.02 m or missing
KAN_L,2018,S2B_22WEV_20180809_1_L2A,2018-08-09 15:03:55.686000+00:00,2018-08-09,05.00,56.3974,,,,,,,,,,,,,,,,,,,excluded,station: snow_height >= 0.02 m or missing
KAN_L,2018,S2A_22WEV_20180810_0_L2A,2018-08-10 15:19:08.456000+00:00,2018-08-10,00.01,2.79664,,,,,,,,,,,,,,,,,,,excluded,station: snow_height >= 0.02 m or missing
KAN_L,2018,S2A_22WEV_20180810_1_L2A,2018-08-10 15:23:54.638000+00:00,2018-08-10,05.00,10.1644,,,,,,,,,,,,,,,,,,,excluded,station: snow_height >= 0.02 m or missing
KAN_L,2018,S2B_22WEV_20180812_0_L2A,2018-08-12 15:11:45.360000+00:00,2018-08-12,00.01,20.5785,,,,,,,,,,,,,,,,,,,excluded,station: snow_height >= 0.02 m or missing
KAN_L,2018,S2B_22WEV_20180812_1_L2A,2018-08-12 15:13:53.076000+00:00,2018-08-12,05.00,24.5497,,,,,,,,,,,,,,,,,,,excluded,station: snow_height >= 0.02 m or missing
KAN_L,2018,S2A_22WEV_20180814_0_L2A,2018-08-14 14:59:13.464000+00:00,2018-08-14,00.01,63.0405,,,,,,,,,,,,,,,,,,,excluded,station: snow_height >= 0.02 m or missing
KAN_L,2018,S2A_22WEV_20180814_1_L2A,2018-08-14 15:03:59.778000+00:00,2018-08-14,05.00,73.6776,,,,,,,,,,,,,,,,,,,excluded,station: snow_height >= 0.02 m or missing
KAN_L,2018,S2B_22WEV_20180815_0_L2A,2018-08-15 15:23:49.163000+00:00,2018-08-15,05.00,99.9971,"14,15,16",257.82,124.318,0.517811,0.9502,67.095,-49.9553,52.8384,"[9, 9, 9, 9, 9, 9, 9, 9, 9]",0.7228,0.6846,0.6762,0.6476,0.00913018,0.00736927,0.00439372,0.0106615,"{""B2"": {""scale"": 0.0001, ""offset"": -0.1, ""source"": ""recorded (boa_offset_applied)""}, ""B3"": {""scale"": 0.0001, ""offset"": -0.1, ""source"": ""recorded (boa_offset_applied)""}, ""B4"": {""scale"": 0.0001, ""offset"": -0.1, ""source"": ""recorded (boa_offset_applied)""}, ""B8"": {""scale"": 0.0001, ""offset"": -0.1, ""source"": ""recorded (boa_offset_applied)""}}",excluded,SCL != 11 within 30 m
KAN_L,2018,S2A_22WEV_20180817_0_L2A,2018-08-17 15:13:57.603000+00:00,2018-08-17,05.00,98.6452,"14,15,16",281.207,136.409,0.514915,0.9528,67.095,-49.9553,53.4905,"[9, 9, 9, 9, 9, 9, 9, 9, 9]",0.9068,0.8558,0.8454,0.8286,0.011721,0.00995054,0.00540707,0.0132309,"{""B2"": {""scale"": 0.0001, ""offset"": -0.1, ""source"": ""recorded (boa_offset_applied)""}, ""B3"": {""scale"": 0.0001, ""offset"": -0.1, ""source"": ""recorded (boa_offset_applied)""}, ""B4"": {""scale"": 0.0001, ""offset"": -0.1, ""source"": ""recorded (boa_offset_applied)""}, ""B8"": {""scale"": 0.0001, ""offset"": -0.1, ""source"": ""recorded (boa_offset_applied)""}}",excluded,SCL != 11 within 30 m
KAN_L,2018,S2B_22WEV_20180819_0_L2A,2018-08-19 15:02:50.029000+00:00,2018-08-19,00.01,22.7953,,,,,,,,,,,,,,,,,,,excluded,station: snow_height >= 0.02 m or missing
KAN_L,2018,S2B_22WEV_20180819_1_L2A,2018-08-19 15:03:53.640000+00:00,2018-08-19,05.00,34.8581,,,,,,,,,,,,,,,,,,,excluded,station: snow_height >= 0.02 m or missing
KAN_L,2018,S2A_22WEV_20180820_0_L2A,2018-08-20 15:20:31.438000+00:00,2018-08-20,00.01,2.07482,,,,,,,,,,,,,,,,,,,excluded,station: snow_height >= 0.02 m or missing
KAN_L,2018,S2A_22WEV_20180820_1_L2A,2018-08-20 15:23:54.164000+00:00,2018-08-20,05.00,1.27054,,,,,,,,,,,,,,,,,,,excluded,station: snow_height >= 0.02 m or missing
KAN_L,2018,S2B_22WEV_20180822_0_L2A,2018-08-22 15:07:52.457000+00:00,2018-08-22,00.01,63.9654,"14,15,16",309.535,136.715,0.558321,0.5939,67.0949,-49.9554,55.149,"[9, 9, 9, 9, 9, 9, 9, 9, 9]",0.5721,0.556,0.5466,0.5037,0.0166749,0.015035,0.0126309,0.0200203,"{""B2"": {""scale"": 0.0001, ""offset"": 0.0, ""source"": ""recorded (baseline < 04.00)""}, ""B3"": {""scale"": 0.0001, ""offset"": 0.0, ""source"": ""recorded (baseline < 04.00)""}, ""B4"": {""scale"": 0.0001, ""offset"": 0.0, ""source"": ""recorded (baseline < 04.00)""}, ""B8"": {""scale"": 0.0001, ""offset"": 0.0, ""source"": ""recorded (baseline < 04.00)""}}",excluded,SCL != 11 within 30 m
KAN_L,2018,S2B_22WEV_20180822_1_L2A,2018-08-22 15:13:50.882000+00:00,2018-08-22,05.00,75.0416,"14,15,16",309.535,136.715,0.558321,0.5939,67.0949,-49.9554,55.1134,"[9, 9, 9, 9, 9, 9, 9, 9, 9]",0.5642,0.5138,0.476,0.4051,0.0168506,0.0132004,0.011671,0.0181445,"{""B2"": {""scale"": 0.0001, ""offset"": -0.1, ""source"": ""recorded (boa_offset_applied)""}, ""B3"": {""scale"": 0.0001, ""offset"": -0.1, ""source"": ""recorded (boa_offset_applied)""}, ""B4"": {""scale"": 0.0001, ""offset"": -0.1, ""source"": ""recorded (boa_offset_applied)""}, ""B8"": {""scale"": 0.0001, ""offset"": -0.1, ""source"": ""recorded (boa_offset_applied)""}}",excluded,SCL != 11 within 30 m
KAN_L,2018,S2A_22WEV_20180824_0_L2A,2018-08-24 14:59:12.462000+00:00,2018-08-24,00.01,29.2435,,,,,,,,,,,,,,,,,,,excluded,station: snow_height >= 0.02 m or missing
KAN_L,2018,S2A_22WEV_20180824_1_L2A,2018-08-24 15:03:59.280000+00:00,2018-08-24,05.00,48.0392,,,,,,,,,,,,,,,,,,,excluded,station: snow_height >= 0.02 m or missing
KAN_L,2018,S2B_22WEV_20180825_0_L2A,2018-08-25 15:23:46.857000+00:00,2018-08-25,05.00,99.9731,,,,,,,,,,,,,,,,,,,excluded,station: snow_height >= 0.02 m or missing
KAN_L,2018,S2A_22WEV_20180827_0_L2A,2018-08-27 15:09:09.460000+00:00,2018-08-27,00.01,28.3501,,,,,,,,,,,,,,,,,,,excluded,station: snow_height >= 0.02 m or missing
KAN_L,2018,S2A_22WEV_20180827_1_L2A,2018-08-27 15:13:56.995000+00:00,2018-08-27,05.00,63.7552,,,,,,,,,,,,,,,,,,,excluded,station: snow_height >= 0.02 m or missing
KAN_L,2018,S2B_22WEV_20180829_0_L2A,2018-08-29 15:03:51.159000+00:00,2018-08-29,05.00,88.4872,,,,,,,,,,,,,,,,,,,excluded,station: snow_height >= 0.02 m or missing
KAN_L,2018,S2A_22WEV_20180830_0_L2A,2018-08-30 15:23:53.406000+00:00,2018-08-30,05.00,99.65,,,,,,,,,,,,,,,,,,,excluded,station: snow_height >= 0.02 m or missing
KAN_L,2019,S2B_22WEV_20190601_1_L2A,2019-06-01 15:24:03.496000+00:00,2019-06-01,05.00,27.0443,,,,,,,,,,,,,,,,,,,excluded,station: snow_height >= 0.02 m or missing
KAN_L,2019,S2B_22WEV_20190601_0_L2A,2019-06-01 15:24:03.501000+00:00,2019-06-01,02.12,17.6013,,,,,,,,,,,,,,,,,,,excluded,station: snow_height >= 0.02 m or missing
KAN_L,2019,S2A_22WEV_20190603_0_L2A,2019-06-03 15:14:00.723000+00:00,2019-06-03,02.12,44.0278,,,,,,,,,,,,,,,,,,,excluded,station: snow_height >= 0.02 m or missing
KAN_L,2019,S2A_22WEV_20190603_1_L2A,2019-06-03 15:14:00.725000+00:00,2019-06-03,05.00,67.8316,,,,,,,,,,,,,,,,,,,excluded,station: snow_height >= 0.02 m or missing
KAN_L,2019,S2B_22WEV_20190605_1_L2A,2019-06-05 15:04:08.595000+00:00,2019-06-05,05.00,12.3917,,,,,,,,,,,,,,,,,,,excluded,station: snow_height >= 0.02 m or missing
KAN_L,2019,S2B_22WEV_20190605_0_L2A,2019-06-05 15:04:08.599000+00:00,2019-06-05,02.12,1.47211,,,,,,,,,,,,,,,,,,,excluded,station: snow_height >= 0.02 m or missing
KAN_L,2019,S2A_22WEV_20190606_1_L2A,2019-06-06 15:23:57.295000+00:00,2019-06-06,05.00,97.1081,,,,,,,,,,,,,,,,,,,excluded,station: snow_height >= 0.02 m or missing
KAN_L,2019,S2A_22WEV_20190606_0_L2A,2019-06-06 15:23:57.297000+00:00,2019-06-06,02.12,78.1263,,,,,,,,,,,,,,,,,,,excluded,station: snow_height >= 0.02 m or missing
KAN_L,2019,S2B_22WEV_20190608_1_L2A,2019-06-08 15:14:06.269000+00:00,2019-06-08,05.00,14.5564,"14,15,16",804.308,382.389,0.524573,0.145833,67.0947,-49.9573,44.3065,"[11, 11, 11, 11, 11, 11, 11, 11, 11]",0.5836,0.5699,0.5155,0.3627,0.0684573,0.0621341,0.0501697,0.0342002,"{""B2"": {""scale"": 0.0001, ""offset"": -0.1, ""source"": ""recorded (boa_offset_applied)""}, ""B3"": {""scale"": 0.0001, ""offset"": -0.1, ""source"": ""recorded (boa_offset_applied)""}, ""B4"": {""scale"": 0.0001, ""offset"": -0.1, ""source"": ""recorded (boa_offset_applied)""}, ""B8"": {""scale"": 0.0001, ""offset"": -0.1, ""source"": ""recorded (boa_offset_applied)""}}",valid,
KAN_L,2019,S2B_22WEV_20190608_0_L2A,2019-06-08 15:14:06.271000+00:00,2019-06-08,02.12,9.78997,"14,15,16",804.308,382.389,0.524573,0.145833,67.0947,-49.9573,,,,,,,,,,,,excluded,station-day already has an acquisition
KAN_L,2019,S2A_22WEV_20190610_1_L2A,2019-06-10 15:04:03.253000+00:00,2019-06-10,05.00,3.1072,"14,15,16",800.053,385.643,0.517978,0.0833333,67.0947,-49.9573,44.1868,"[11, 11, 11, 11, 11, 11, 11, 11, 11]",0.5775,0.5556,0.4997,0.3522,0.0652641,0.0582819,0.0496703,0.0321192,"{""B2"": {""scale"": 0.0001, ""offset"": -0.1, ""source"": ""recorded (boa_offset_applied)""}, ""B3"": {""scale"": 0.0001, ""offset"": -0.1, ""source"": ""recorded (boa_offset_applied)""}, ""B4"": {""scale"": 0.0001, ""offset"": -0.1, ""source"": ""recorded (boa_offset_applied)""}, ""B8"": {""scale"": 0.0001, ""offset"": -0.1, ""source"": ""recorded (boa_offset_applied)""}}",valid,
KAN_L,2019,S2A_22WEV_20190610_0_L2A,2019-06-10 15:04:03.254000+00:00,2019-06-10,02.12,2.07639,"14,15,16",800.053,385.643,0.517978,0.0833333,67.0947,-49.9573,,,,,,,,,,,,excluded,station-day already has an acquisition
KAN_L,2019,S2B_22WEV_20190611_1_L2A,2019-06-11 15:24:02.656000+00:00,2019-06-11,05.00,0.042053,"14,15,16",800.341,414.61,0.481958,0.0411333,67.0947,-49.9573,44.0531,"[11, 11, 11, 11, 11, 11, 11, 11, 11]",0.486,0.4583,0.4043,0.236,0.053397,0.0514372,0.0410988,0.0243292,"{""B2"": {""scale"": 0.0001, ""offset"": -0.1, ""source"": ""recorded (boa_offset_applied)""}, ""B3"": {""scale"": 0.0001, ""offset"": -0.1, ""source"": ""recorded (boa_offset_applied)""}, ""B4"": {""scale"": 0.0001, ""offset"": -0.1, ""source"": ""recorded (boa_offset_applied)""}, ""B8"": {""scale"": 0.0001, ""offset"": -0.1, ""source"": ""recorded (boa_offset_applied)""}}",valid,
KAN_L,2019,S2B_22WEV_20190611_0_L2A,2019-06-11 15:24:02.662000+00:00,2019-06-11,02.12,0.326379,"14,15,16",800.341,414.61,0.481958,0.0411333,67.0947,-49.9573,,,,,,,,,,,,excluded,station-day already has an acquisition
KAN_L,2019,S2A_22WEV_20190613_0_L2A,2019-06-13 15:14:01.602000+00:00,2019-06-13,02.12,46.3557,"14,15,16",714.011,369.059,0.483119,0.1628,67.0947,-49.9573,43.9192,"[11, 11, 11, 11, 11, 11, 11, 11, 11]",0.6981,0.6736,0.6125,0.4356,0.0442105,0.0382976,0.0284843,0.0163406,"{""B2"": {""scale"": 0.0001, ""offset"": 0.0, ""source"": ""recorded (baseline < 04.00)""}, ""B3"": {""scale"": 0.0001, ""offset"": 0.0, ""source"": ""recorded (baseline < 04.00)""}, ""B4"": {""scale"": 0.0001, ""offset"": 0.0, ""source"": ""recorded (baseline < 04.00)""}, ""B8"": {""scale"": 0.0001, ""offset"": 0.0, ""source"": ""recorded (baseline < 04.00)""}}",valid,
KAN_L,2019,S2A_22WEV_20190613_1_L2A,2019-06-13 15:14:01.603000+00:00,2019-06-13,05.00,51.3581,"14,15,16",714.011,369.059,0.483119,0.1628,67.0947,-49.9573,,,,,,,,,,,,excluded,station-day already has an acquisition
KAN_L,2019,S2B_22WEV_20190615_1_L2A,2019-06-15 15:04:08.012000+00:00,2019-06-15,05.00,42.0954,"14,15,16",795.127,398.175,0.499231,0.3942,67.0947,-49.9573,43.8725,"[10, 10, 10, 10, 10, 10, 10, 10, 10]",0.8044,0.7272,0.6125,0.4013,0.0437274,0.0402954,0.0343975,0.0187026,"{""B2"": {""scale"": 0.0001, ""offset"": -0.1, ""source"": ""recorded (boa_offset_applied)""}, ""B3"": {""scale"": 0.0001, ""offset"": -0.1, ""source"": ""recorded (boa_offset_applied)""}, ""B4"": {""scale"": 0.0001, ""offset"": -0.1, ""source"": ""recorded (boa_offset_applied)""}, ""B8"": {""scale"": 0.0001, ""offset"": -0.1, ""source"": ""recorded (boa_offset_applied)""}}",excluded,SCL != 11 within 30 m
KAN_L,2019,S2B_22WEV_20190615_0_L2A,2019-06-15 15:04:08.014000+00:00,2019-06-15,02.12,21.9652,"14,15,16",795.127,398.175,0.499231,0.3942,67.0947,-49.9573,43.8725,"[11, 11, 11, 11, 11, 11, 11, 11, 11]",0.6573,0.6478,0.595,0.4492,0.0362317,0.0343763,0.0278584,0.0158685,"{""B2"": {""scale"": 0.0001, ""offset"": 0.0, ""source"": ""recorded (baseline < 04.00)""}, ""B3"": {""scale"": 0.0001, ""offset"": 0.0, ""source"": ""recorded (baseline < 04.00)""}, ""B4"": {""scale"": 0.0001, ""offset"": 0.0, ""source"": ""recorded (baseline < 04.00)""}, ""B8"": {""scale"": 0.0001, ""offset"": 0.0, ""source"": ""recorded (baseline < 04.00)""}}",valid,
KAN_L,2019,S2A_22WEV_20190616_1_L2A,2019-06-16 15:23:58.684000+00:00,2019-06-16,05.00,9.06829,"14,15,16",825.926,415.249,0.497232,0.189533,67.0947,-49.9573,43.7623,"[11, 11, 11, 11, 11, 11, 11, 11, 11]",0.5369,0.5209,0.4658,0.309,0.0609312,0.0575445,0.0466247,0.0289602,"{""B2"": {""scale"": 0.0001, ""offset"": -0.1, ""source"": ""recorded (boa_offset_applied)""}, ""B3"": {""scale"": 0.0001, ""offset"": -0.1, ""source"": ""recorded (boa_offset_applied)""}, ""B4"": {""scale"": 0.0001, ""offset"": -0.1, ""source"": ""recorded (boa_offset_applied)""}, ""B8"": {""scale"": 0.0001, ""offset"": -0.1, ""source"": ""recorded (boa_offset_applied)""}}",valid,
KAN_L,2019,S2A_22WEV_20190616_0_L2A,2019-06-16 15:23:58.686000+00:00,2019-06-16,02.12,2.71244,"14,15,16",825.926,415.249,0.497232,0.189533,67.0947,-49.9573,,,,,,,,,,,,excluded,station-day already has an acquisition
KAN_L,2019,S2B_22WEV_20190618_1_L2A,2019-06-18 15:14:06.267000+00:00,2019-06-18,05.00,4.54971,"14,15,16",818.313,437.707,0.46511,0.249167,67.0947,-49.9573,43.7027,"[11, 11, 11, 11, 11, 11, 11, 11, 11]",0.5119,0.4826,0.4245,0.2436,0.0702904,0.0635927,0.0504582,0.027516,"{""B2"": {""scale"": 0.0001, ""offset"": -0.1, ""source"": ""recorded (boa_offset_applied)""}, ""B3"": {""scale"": 0.0001, ""offset"": -0.1, ""source"": ""recorded (boa_offset_applied)""}, ""B4"": {""scale"": 0.0001, ""offset"": -0.1, ""source"": ""recorded (boa_offset_applied)""}, ""B8"": {""scale"": 0.0001, ""offset"": -0.1, ""source"": ""recorded (boa_offset_applied)""}}",valid,
KAN_L,2019,S2B_22WEV_20190618_0_L2A,2019-06-18 15:14:06.268000+00:00,2019-06-18,02.12,3.18885,"14,15,16",818.313,437.707,0.46511,0.249167,67.0947,-49.9573,,,,,,,,,,,,excluded,station-day already has an acquisition
KAN_L,2019,S2A_22WEV_20190620_0_L2A,2019-06-20 15:04:04.487000+00:00,2019-06-20,02.12,1.77726,,,,,,,,,,,,,,,,,,,excluded,station: dsr_cor/usr_cor missing in the 3 overpass hours
KAN_L,2019,S2A_22WEV_20190620_1_L2A,2019-06-20 15:04:04.488000+00:00,2019-06-20,05.00,3.49106,,,,,,,,,,,,,,,,,,,excluded,station: dsr_cor/usr_cor missing in the 3 overpass hours
KAN_L,2019,S2B_22WEV_20190621_1_L2A,2019-06-21 15:24:03.236000+00:00,2019-06-21,05.00,86.9193,"14,15,16",642.968,341.52,0.468838,0.702867,67.0947,-49.9573,43.6441,"[8, 8, 8, 8, 8, 10, 10, 10, 10]",1.0654,0.8792,0.7178,0.4847,0.0116893,0.00668848,0.00501651,0.00318589,"{""B2"": {""scale"": 0.0001, ""offset"": -0.1, ""source"": ""recorded (boa_offset_applied)""}, ""B3"": {""scale"": 0.0001, ""offset"": -0.1, ""source"": ""recorded (boa_offset_applied)""}, ""B4"": {""scale"": 0.0001, ""offset"": -0.1, ""source"": ""recorded (boa_offset_applied)""}, ""B8"": {""scale"": 0.0001, ""offset"": -0.1, ""source"": ""recorded (boa_offset_applied)""}}",excluded,SCL != 11 within 30 m
KAN_L,2019,S2B_22WEV_20190621_0_L2A,2019-06-21 15:24:03.242000+00:00,2019-06-21,02.12,78.3316,"14,15,16",642.968,341.52,0.468838,0.702867,67.0947,-49.9573,43.6441,"[8, 8, 8, 8, 8, 11, 11, 11, 11]",0.6268,0.5989,0.5594,0.4717,0.0072912,0.00478565,0.00405329,0.00187228,"{""B2"": {""scale"": 0.0001, ""offset"": 0.0, ""source"": ""recorded (baseline < 04.00)""}, ""B3"": {""scale"": 0.0001, ""offset"": 0.0, ""source"": ""recorded (baseline < 04.00)""}, ""B4"": {""scale"": 0.0001, ""offset"": 0.0, ""source"": ""recorded (baseline < 04.00)""}, ""B8"": {""scale"": 0.0001, ""offset"": 0.0, ""source"": ""recorded (baseline < 04.00)""}}",excluded,SCL != 11 within 30 m
KAN_L,2019,S2A_22WEV_20190623_0_L2A,2019-06-23 15:14:02.706000+00:00,2019-06-23,02.12,67.5092,"14,15,16",423.025,212.703,0.497185,0.863367,67.0947,-49.9574,43.6598,"[9, 9, 9, 9, 9, 9, 9, 9, 9]",0.624,0.6258,0.626,0.5755,0.0118584,0.00944082,0.0101998,0.0130103,"{""B2"": {""scale"": 0.0001, ""offset"": 0.0, ""source"": ""recorded (baseline < 04.00)""}, ""B3"": {""scale"": 0.0001, ""offset"": 0.0, ""source"": ""recorded (baseline < 04.00)""}, ""B4"": {""scale"": 0.0001, ""offset"": 0.0, ""source"": ""recorded (baseline < 04.00)""}, ""B8"": {""scale"": 0.0001, ""offset"": 0.0, ""source"": ""recorded (baseline < 04.00)""}}",excluded,SCL != 11 within 30 m
KAN_L,2019,S2A_22WEV_20190623_1_L2A,2019-06-23 15:14:02.707000+00:00,2019-06-23,05.00,98.4853,"14,15,16",423.025,212.703,0.497185,0.863367,67.0947,-49.9574,43.6598,"[9, 9, 9, 9, 9, 9, 9, 9, 9]",0.5439,0.5365,0.5271,0.4678,0.00921373,0.00785193,0.0087899,0.0114298,"{""B2"": {""scale"": 0.0001, ""offset"": -0.1, ""source"": ""recorded (boa_offset_applied)""}, ""B3"": {""scale"": 0.0001, ""offset"": -0.1, ""source"": ""recorded (boa_offset_applied)""}, ""B4"": {""scale"": 0.0001, ""offset"": -0.1, ""source"": ""recorded (boa_offset_applied)""}, ""B8"": {""scale"": 0.0001, ""offset"": -0.1, ""source"": ""recorded (boa_offset_applied)""}}",excluded,SCL != 11 within 30 m
KAN_L,2019,S2B_22WEV_20190625_1_L2A,2019-06-25 15:04:08.883000+00:00,2019-06-25,05.00,99.9832,"14,15,16",261.173,130.255,0.501268,0.999267,67.0947,-49.9574,43.7633,"[9, 9, 9, 9, 9, 9, 9, 9, 9]",0.7762,0.766,0.7574,0.7434,0.00429757,0.0037677,0.0053459,0.00378548,"{""B2"": {""scale"": 0.0001, ""offset"": -0.1, ""source"": ""recorded (boa_offset_applied)""}, ""B3"": {""scale"": 0.0001, ""offset"": -0.1, ""source"": ""recorded (boa_offset_applied)""}, ""B4"": {""scale"": 0.0001, ""offset"": -0.1, ""source"": ""recorded (boa_offset_applied)""}, ""B8"": {""scale"": 0.0001, ""offset"": -0.1, ""source"": ""recorded (boa_offset_applied)""}}",excluded,SCL != 11 within 30 m
KAN_L,2019,S2B_22WEV_20190625_0_L2A,2019-06-25 15:04:08.887000+00:00,2019-06-25,02.12,84.206,"14,15,16",261.173,130.255,0.501268,0.999267,67.0947,-49.9574,43.7633,"[9, 9, 9, 9, 9, 9, 9, 9, 9]",0.8732,0.8622,0.8504,0.8354,0.0048587,0.00403209,0.00563779,0.00388514,"{""B2"": {""scale"": 0.0001, ""offset"": 0.0, ""source"": ""recorded (baseline < 04.00)""}, ""B3"": {""scale"": 0.0001, ""offset"": 0.0, ""source"": ""recorded (baseline < 04.00)""}, ""B4"": {""scale"": 0.0001, ""offset"": 0.0, ""source"": ""recorded (baseline < 04.00)""}, ""B8"": {""scale"": 0.0001, ""offset"": 0.0, ""source"": ""recorded (baseline < 04.00)""}}",excluded,SCL != 11 within 30 m
KAN_L,2019,S2A_22WEV_20190626_1_L2A,2019-06-26 15:23:59.647000+00:00,2019-06-26,05.00,35.9556,"14,15,16",807.013,433.072,0.463364,0.3344,67.0947,-49.9574,43.6989,"[11, 11, 11, 11, 11, 11, 11, 11, 11]",0.7,0.6482,0.5481,0.3173,0.0496707,0.0458296,0.0371104,0.021668,"{""B2"": {""scale"": 0.0001, ""offset"": -0.1, ""source"": ""recorded (boa_offset_applied)""}, ""B3"": {""scale"": 0.0001, ""offset"": -0.1, ""source"": ""recorded (boa_offset_applied)""}, ""B4"": {""scale"": 0.0001, ""offset"": -0.1, ""source"": ""recorded (boa_offset_applied)""}, ""B8"": {""scale"": 0.0001, ""offset"": -0.1, ""source"": ""recorded (boa_offset_applied)""}}",valid,
KAN_L,2019,S2A_22WEV_20190626_0_L2A,2019-06-26 15:23:59.650000+00:00,2019-06-26,02.12,28.6241,"14,15,16",807.013,433.072,0.463364,0.3344,67.0947,-49.9574,,,,,,,,,,,,excluded,station-day already has an acquisition
KAN_L,2019,S2B_22WEV_20190628_1_L2A,2019-06-28 15:14:06.998000+00:00,2019-06-28,05.00,58.0714,"14,15,16",705.248,351.493,0.501603,0.399133,67.0947,-49.9574,43.7894,"[10, 10, 10, 10, 10, 10, 10, 10, 10]",0.6137,0.5583,0.5119,0.4046,0.00719951,0.00480834,0.00526416,0.00790262,"{""B2"": {""scale"": 0.0001, ""offset"": -0.1, ""source"": ""recorded (boa_offset_applied)""}, ""B3"": {""scale"": 0.0001, ""offset"": -0.1, ""source"": ""recorded (boa_offset_applied)""}, ""B4"": {""scale"": 0.0001, ""offset"": -0.1, ""source"": ""recorded (boa_offset_applied)""}, ""B8"": {""scale"": 0.0001, ""offset"": -0.1, ""source"": ""recorded (boa_offset_applied)""}}",excluded,SCL != 11 within 30 m
KAN_L,2019,S2B_22WEV_20190628_0_L2A,2019-06-28 15:14:07.001000+00:00,2019-06-28,02.12,30.0933,"14,15,16",705.248,351.493,0.501603,0.399133,67.0947,-49.9574,43.7894,"[11, 11, 11, 11, 11, 11, 11, 11, 11]",0.5772,0.5585,0.5481,0.4788,0.00710343,0.00471399,0.00528877,0.00802604,"{""B2"": {""scale"": 0.0001, ""offset"": 0.0, ""source"": ""recorded (baseline < 04.00)""}, ""B3"": {""scale"": 0.0001, ""offset"": 0.0, ""source"": ""recorded (baseline < 04.00)""}, ""B4"": {""scale"": 0.0001, ""offset"": 0.0, ""source"": ""recorded (baseline < 04.00)""}, ""B8"": {""scale"": 0.0001, ""offset"": 0.0, ""source"": ""recorded (baseline < 04.00)""}}",valid,
KAN_L,2019,S2A_22WEV_20190630_1_L2A,2019-06-30 15:04:05.290000+00:00,2019-06-30,05.00,51.3204,"14,15,16",723.663,333.641,0.538956,0.7546,67.0947,-49.9574,43.9681,"[11, 11, 11, 11, 11, 11, 11, 11, 11]",0.6756,0.6842,0.685,0.59,0.0162847,0.0161734,0.0174454,0.0149723,"{""B2"": {""scale"": 0.0001, ""offset"": -0.1, ""source"": ""recorded (boa_offset_applied)""}, ""B3"": {""scale"": 0.0001, ""offset"": -0.1, ""source"": ""recorded (boa_offset_applied)""}, ""B4"": {""scale"": 0.0001, ""offset"": -0.1, ""source"": ""recorded (boa_offset_applied)""}, ""B8"": {""scale"": 0.0001, ""offset"": -0.1, ""source"": ""recorded (boa_offset_applied)""}}",valid,
KAN_L,2019,S2A_22WEV_20190630_0_L2A,2019-06-30 15:04:05.290000+00:00,2019-06-30,02.12,40.1885,"14,15,16",723.663,333.641,0.538956,0.7546,67.0947,-49.9574,,,,,,,,,,,,excluded,station-day already has an acquisition
KAN_L,2019,S2B_22WEV_20190701_1_L2A,2019-07-01 15:24:03.858000+00:00,2019-07-01,05.00,81.0563,"14,15,16",666.65,305.822,0.541255,0.511233,67.0947,-49.9574,43.9265,"[10, 10, 10, 10, 10, 10, 10, 10, 10]",0.5152,0.4585,0.4122,0.3082,0.00686505,0.0065134,0.00619193,0.00718683,"{""B2"": {""scale"": 0.0001, ""offset"": -0.1, ""source"": ""recorded (boa_offset_applied)""}, ""B3"": {""scale"": 0.0001, ""offset"": -0.1, ""source"": ""recorded (boa_offset_applied)""}, ""B4"": {""scale"": 0.0001, ""offset"": -0.1, ""source"": ""recorded (boa_offset_applied)""}, ""B8"": {""scale"": 0.0001, ""offset"": -0.1, ""source"": ""recorded (boa_offset_applied)""}}",excluded,SCL != 11 within 30 m
KAN_L,2019,S2B_22WEV_20190701_0_L2A,2019-07-01 15:24:03.865000+00:00,2019-07-01,02.12,61.4041,"14,15,16",666.65,305.822,0.541255,0.511233,67.0947,-49.9574,43.9265,"[10, 10, 10, 10, 10, 10, 10, 10, 10]",0.4987,0.478,0.4612,0.393,0.00809697,0.00778072,0.00680833,0.00813467,"{""B2"": {""scale"": 0.0001, ""offset"": 0.0, ""source"": ""recorded (baseline < 04.00)""}, ""B3"": {""scale"": 0.0001, ""offset"": 0.0, ""source"": ""recorded (baseline < 04.00)""}, ""B4"": {""scale"": 0.0001, ""offset"": 0.0, ""source"": ""recorded (baseline < 04.00)""}, ""B8"": {""scale"": 0.0001, ""offset"": 0.0, ""source"": ""recorded (baseline < 04.00)""}}",excluded,SCL != 11 within 30 m
KAN_L,2019,S2A_22WEV_20190703_0_L2A,2019-07-03 15:14:03.415000+00:00,2019-07-03,02.12,15.5371,"14,15,16",768.159,381.477,0.503388,0.173567,67.0947,-49.9574,44.091,"[11, 11, 11, 11, 11, 11, 11, 11, 11]",0.7698,0.7282,0.6729,0.4827,0.0590641,0.0545394,0.0445627,0.029716,"{""B2"": {""scale"": 0.0001, ""offset"": 0.0, ""source"": ""recorded (baseline < 04.00)""}, ""B3"": {""scale"": 0.0001, ""offset"": 0.0, ""source"": ""recorded (baseline < 04.00)""}, ""B4"": {""scale"": 0.0001, ""offset"": 0.0, ""source"": ""recorded (baseline < 04.00)""}, ""B8"": {""scale"": 0.0001, ""offset"": 0.0, ""source"": ""recorded (baseline < 04.00)""}}",valid,
KAN_L,2019,S2A_22WEV_20190703_1_L2A,2019-07-03 15:14:03.416000+00:00,2019-07-03,05.00,18.2781,"14,15,16",768.159,381.477,0.503388,0.173567,67.0947,-49.9574,,,,,,,,,,,,excluded,station-day already has an acquisition
KAN_L,2019,S2B_22WEV_20190705_1_L2A,2019-07-05 15:04:09.363000+00:00,2019-07-05,05.00,83.1962,"14,15,16",671.195,361.947,0.460743,0.593467,67.0947,-49.9574,44.3412,"[11, 11, 11, 11, 11, 11, 11, 11, 11]",0.6022,0.5867,0.556,0.4116,0.00594501,0.00651478,0.00559691,0.00347194,"{""B2"": {""scale"": 0.0001, ""offset"": -0.1, ""source"": ""recorded (boa_offset_applied)""}, ""B3"": {""scale"": 0.0001, ""offset"": -0.1, ""source"": ""recorded (boa_offset_applied)""}, ""B4"": {""scale"": 0.0001, ""offset"": -0.1, ""source"": ""recorded (boa_offset_applied)""}, ""B8"": {""scale"": 0.0001, ""offset"": -0.1, ""source"": ""recorded (boa_offset_applied)""}}",valid,
KAN_L,2019,S2B_22WEV_20190705_0_L2A,2019-07-05 15:04:09.367000+00:00,2019-07-05,02.12,67.4978,"14,15,16",671.195,361.947,0.460743,0.593467,67.0947,-49.9574,,,,,,,,,,,,excluded,station-day already has an acquisition
KAN_L,2019,S2A_22WEV_20190706_1_L2A,2019-07-06 15:24:00.239000+00:00,2019-07-06,05.00,31.7235,"14,15,16",797.373,438.726,0.449786,0.203867,67.0947,-49.9574,44.324,"[11, 11, 11, 11, 11, 11, 11, 11, 11]",0.5042,0.494,0.435,0.259,0.0501529,0.0410216,0.0354587,0.0203346,"{""B2"": {""scale"": 0.0001, ""offset"": -0.1, ""source"": ""recorded (boa_offset_applied)""}, ""B3"": {""scale"": 0.0001, ""offset"": -0.1, ""source"": ""recorded (boa_offset_applied)""}, ""B4"": {""scale"": 0.0001, ""offset"": -0.1, ""source"": ""recorded (boa_offset_applied)""}, ""B8"": {""scale"": 0.0001, ""offset"": -0.1, ""source"": ""recorded (boa_offset_applied)""}}",valid,
KAN_L,2019,S2A_22WEV_20190706_0_L2A,2019-07-06 15:24:00.242000+00:00,2019-07-06,02.12,27.7104,"14,15,16",797.373,438.726,0.449786,0.203867,67.0947,-49.9574,,,,,,,,,,,,excluded,station-day already has an acquisition
KAN_L,2019,S2B_22WEV_20190708_1_L2A,2019-07-08 15:14:07.343000+00:00,2019-07-08,05.00,0.970385,"14,15,16",806.247,447.083,0.445476,0.0887,67.0947,-49.9575,44.5597,"[11, 11, 11, 11, 11, 11, 11, 11, 11]",0.558,0.5303,0.4567,0.2624,0.0532345,0.0471959,0.0355228,0.0201021,"{""B2"": {""scale"": 0.0001, ""offset"": -0.1, ""source"": ""recorded (boa_offset_applied)""}, ""B3"": {""scale"": 0.0001, ""offset"": -0.1, ""source"": ""recorded (boa_offset_applied)""}, ""B4"": {""scale"": 0.0001, ""offset"": -0.1, ""source"": ""recorded (boa_offset_applied)""}, ""B8"": {""scale"": 0.0001, ""offset"": -0.1, ""source"": ""recorded (boa_offset_applied)""}}",valid,
KAN_L,2019,S2B_22WEV_20190708_0_L2A,2019-07-08 15:14:07.345000+00:00,2019-07-08,02.13,1.2974,"14,15,16",806.247,447.083,0.445476,0.0887,67.0947,-49.9575,,,,,,,,,,,,excluded,station-day already has an acquisition
KAN_L,2019,S2A_22WEV_20190710_0_L2A,2019-07-10 15:04:05.696000+00:00,2019-07-10,02.13,10.5045,"14,15,16",780.617,426.071,0.454187,0.231467,67.0947,-49.9575,44.8808,"[11, 11, 11, 11, 11, 11, 11, 11, 11]",0.649,0.6244,0.5773,0.3991,0.042726,0.0379121,0.027461,0.0176649,"{""B2"": {""scale"": 0.0001, ""offset"": 0.0, ""source"": ""recorded (baseline < 04.00)""}, ""B3"": {""scale"": 0.0001, ""offset"": 0.0, ""source"": ""recorded (baseline < 04.00)""}, ""B4"": {""scale"": 0.0001, ""offset"": 0.0, ""source"": ""recorded (baseline < 04.00)""}, ""B8"": {""scale"": 0.0001, ""offset"": 0.0, ""source"": ""recorded (baseline < 04.00)""}}",valid,
KAN_L,2019,S2A_22WEV_20190710_1_L2A,2019-07-10 15:04:05.697000+00:00,2019-07-10,05.00,23.0296,"14,15,16",780.617,426.071,0.454187,0.231467,67.0947,-49.9575,,,,,,,,,,,,excluded,station-day already has an acquisition
KAN_L,2019,S2B_22WEV_20190711_1_L2A,2019-07-11 15:24:04.056000+00:00,2019-07-11,05.00,46.5231,"14,15,16",802.294,449.735,0.439439,0.2271,67.0947,-49.9575,44.8872,"[11, 11, 11, 11, 11, 11, 11, 11, 11]",0.5308,0.4991,0.4306,0.2394,0.0512313,0.0455422,0.0369003,0.0194288,"{""B2"": {""scale"": 0.0001, ""offset"": -0.1, ""source"": ""recorded (boa_offset_applied)""}, ""B3"": {""scale"": 0.0001, ""offset"": -0.1, ""source"": ""recorded (boa_offset_applied)""}, ""B4"": {""scale"": 0.0001, ""offset"": -0.1, ""source"": ""recorded (boa_offset_applied)""}, ""B8"": {""scale"": 0.0001, ""offset"": -0.1, ""source"": ""recorded (boa_offset_applied)""}}",valid,
KAN_L,2019,S2B_22WEV_20190711_0_L2A,2019-07-11 15:24:04.062000+00:00,2019-07-11,02.13,27.103,"14,15,16",802.294,449.735,0.439439,0.2271,67.0947,-49.9575,,,,,,,,,,,,excluded,station-day already has an acquisition
KAN_L,2019,S2A_22WEV_20190713_0_L2A,2019-07-13 15:14:03.671000+00:00,2019-07-13,02.13,68.784,,,,,,,,,,,,,,,,,,,excluded,station: dsr_cor/usr_cor missing in the 3 overpass hours
KAN_L,2019,S2A_22WEV_20190713_1_L2A,2019-07-13 15:14:03.672000+00:00,2019-07-13,05.00,75.4254,,,,,,,,,,,,,,,,,,,excluded,station: dsr_cor/usr_cor missing in the 3 overpass hours
KAN_L,2019,S2B_22WEV_20190715_1_L2A,2019-07-15 15:04:09.388000+00:00,2019-07-15,05.00,1.5225,"14,15,16",803.664,452.025,0.437544,0.181333,67.0947,-49.9575,45.5779,"[11, 11, 11, 11, 11, 11, 11, 11, 11]",0.5355,0.5117,0.452,0.2697,0.052114,0.0475193,0.0386694,0.0216709,"{""B2"": {""scale"": 0.0001, ""offset"": -0.1, ""source"": ""recorded (boa_offset_applied)""}, ""B3"": {""scale"": 0.0001, ""offset"": -0.1, ""source"": ""recorded (boa_offset_applied)""}, ""B4"": {""scale"": 0.0001, ""offset"": -0.1, ""source"": ""recorded (boa_offset_applied)""}, ""B8"": {""scale"": 0.0001, ""offset"": -0.1, ""source"": ""recorded (boa_offset_applied)""}}",valid,
KAN_L,2019,S2B_22WEV_20190715_0_L2A,2019-07-15 15:04:09.392000+00:00,2019-07-15,02.13,1.48793,"14,15,16",803.664,452.025,0.437544,0.181333,67.0947,-49.9575,,,,,,,,,,,,excluded,station-day already has an acquisition
KAN_L,2019,S2A_22WEV_20190716_1_L2A,2019-07-16 15:24:00.397000+00:00,2019-07-16,05.00,11.9705,"14,15,16",797.461,454.656,0.429871,0.190467,67.0947,-49.9575,45.6104,"[11, 11, 11, 11, 11, 11, 11, 11, 11]",0.525,0.5021,0.4494,0.2453,0.0463568,0.0410597,0.0304748,0.0179224,"{""B2"": {""scale"": 0.0001, ""offset"": -0.1, ""source"": ""recorded (boa_offset_applied)""}, ""B3"": {""scale"": 0.0001, ""offset"": -0.1, ""source"": ""recorded (boa_offset_applied)""}, ""B4"": {""scale"": 0.0001, ""offset"": -0.1, ""source"": ""recorded (boa_offset_applied)""}, ""B8"": {""scale"": 0.0001, ""offset"": -0.1, ""source"": ""recorded (boa_offset_applied)""}}",valid,
KAN_L,2019,S2A_22WEV_20190716_0_L2A,2019-07-16 15:24:00.399000+00:00,2019-07-16,02.13,11.2669,"14,15,16",797.461,454.656,0.429871,0.190467,67.0947,-49.9575,,,,,,,,,,,,excluded,station-day already has an acquisition
KAN_L,2019,S2B_22WEV_20190718_1_L2A,2019-07-18 15:14:07.260000+00:00,2019-07-18,05.00,98.9167,"14,15,16",483.373,266.616,0.448425,0.599967,67.0947,-49.9575,45.9791,"[8, 8, 8, 8, 8, 8, 8, 8, 8]",0.4631,0.4404,0.4076,0.36,0.0010768,0.000719223,0.000948679,0.00107232,"{""B2"": {""scale"": 0.0001, ""offset"": -0.1, ""source"": ""recorded (boa_offset_applied)""}, ""B3"": {""scale"": 0.0001, ""offset"": -0.1, ""source"": ""recorded (boa_offset_applied)""}, ""B4"": {""scale"": 0.0001, ""offset"": -0.1, ""source"": ""recorded (boa_offset_applied)""}, ""B8"": {""scale"": 0.0001, ""offset"": -0.1, ""source"": ""recorded (boa_offset_applied)""}}",excluded,SCL != 11 within 30 m
KAN_L,2019,S2B_22WEV_20190718_0_L2A,2019-07-18 15:14:07.263000+00:00,2019-07-18,02.13,94.471,"14,15,16",483.373,266.616,0.448425,0.599967,67.0947,-49.9575,45.9791,"[8, 8, 8, 8, 8, 8, 8, 8, 8]",0.5616,0.5415,0.5122,0.4718,0.00145305,0.000767547,0.00119887,0.0011907,"{""B2"": {""scale"": 0.0001, ""offset"": 0.0, ""source"": ""recorded (baseline < 04.00)""}, ""B3"": {""scale"": 0.0001, ""offset"": 0.0, ""source"": ""recorded (baseline < 04.00)""}, ""B4"": {""scale"": 0.0001, ""offset"": 0.0, ""source"": ""recorded (baseline < 04.00)""}, ""B8"": {""scale"": 0.0001, ""offset"": 0.0, ""source"": ""recorded (baseline < 04.00)""}}",excluded,SCL != 11 within 30 m
KAN_L,2019,S2A_22WEV_20190720_1_L2A,2019-07-20 15:04:05.710000+00:00,2019-07-20,05.00,21.1882,"14,15,16",783.824,441.423,0.436835,0.330567,67.0947,-49.9575,46.4284,"[11, 11, 11, 11, 11, 11, 11, 11, 11]",0.5855,0.557,0.4549,0.2131,0.0390596,0.039067,0.0292732,0.0145021,"{""B2"": {""scale"": 0.0001, ""offset"": -0.1, ""source"": ""recorded (boa_offset_applied)""}, ""B3"": {""scale"": 0.0001, ""offset"": -0.1, ""source"": ""recorded (boa_offset_applied)""}, ""B4"": {""scale"": 0.0001, ""offset"": -0.1, ""source"": ""recorded (boa_offset_applied)""}, ""B8"": {""scale"": 0.0001, ""offset"": -0.1, ""source"": ""recorded (boa_offset_applied)""}}",valid,
KAN_L,2019,S2A_22WEV_20190720_0_L2A,2019-07-20 15:04:05.710000+00:00,2019-07-20,02.13,4.70272,"14,15,16",783.824,441.423,0.436835,0.330567,67.0947,-49.9575,,,,,,,,,,,,excluded,station-day already has an acquisition
KAN_L,2019,S2B_22WEV_20190721_1_L2A,2019-07-21 15:24:03.853000+00:00,2019-07-21,05.00,13.9918,,,,,,,,,,,,,,,,,,,excluded,station: dsr_cor/usr_cor missing in the 3 overpass hours
KAN_L,2019,S2B_22WEV_20190721_0_L2A,2019-07-21 15:24:03.859000+00:00,2019-07-21,02.13,7.26721,,,,,,,,,,,,,,,,,,,excluded,station: dsr_cor/usr_cor missing in the 3 overpass hours
KAN_L,2019,S2A_22WEV_20190723_0_L2A,2019-07-23 15:14:03.547000+00:00,2019-07-23,02.13,2.58156,"14,15,16",781.594,422.98,0.458824,0.177533,67.0947,-49.9576,46.9155,"[11, 11, 11, 11, 11, 11, 11, 11, 11]",0.6903,0.6745,0.5947,0.375,0.0426461,0.0400957,0.0319339,0.0190111,"{""B2"": {""scale"": 0.0001, ""offset"": 0.0, ""source"": ""recorded (baseline < 04.00)""}, ""B3"": {""scale"": 0.0001, ""offset"": 0.0, ""source"": ""recorded (baseline < 04.00)""}, ""B4"": {""scale"": 0.0001, ""offset"": 0.0, ""source"": ""recorded (baseline < 04.00)""}, ""B8"": {""scale"": 0.0001, ""offset"": 0.0, ""source"": ""recorded (baseline < 04.00)""}}",valid,
KAN_L,2019,S2A_22WEV_20190723_1_L2A,2019-07-23 15:14:03.548000+00:00,2019-07-23,05.00,5.09811,"14,15,16",781.594,422.98,0.458824,0.177533,67.0947,-49.9576,,,,,,,,,,,,excluded,station-day already has an acquisition
KAN_L,2019,S2B_22WEV_20190725_3_L2A,2019-07-25 15:04:07.182000+00:00,2019-07-25,05.00,26.116,"14,15,16",787.755,427.929,0.456774,0.2366,67.0947,-49.9576,47.4211,"[11, 11, 11, 11, 11, 11, 11, 11, 11]",0.6638,0.6297,0.5327,0.3125,0.0551492,0.0498904,0.0394543,0.0213982,"{""B2"": {""scale"": 0.0001, ""offset"": -0.1, ""source"": ""recorded (boa_offset_applied)""}, ""B3"": {""scale"": 0.0001, ""offset"": -0.1, ""source"": ""recorded (boa_offset_applied)""}, ""B4"": {""scale"": 0.0001, ""offset"": -0.1, ""source"": ""recorded (boa_offset_applied)""}, ""B8"": {""scale"": 0.0001, ""offset"": -0.1, ""source"": ""recorded (boa_offset_applied)""}}",valid,
KAN_L,2019,S2B_22WEV_20190725_1_L2A,2019-07-25 15:04:07.185000+00:00,2019-07-25,02.13,24.5229,"14,15,16",787.755,427.929,0.456774,0.2366,67.0947,-49.9576,,,,,,,,,,,,excluded,station-day already has an acquisition
KAN_L,2019,S2A_22WEV_20190726_1_L2A,2019-07-26 15:24:00.126000+00:00,2019-07-26,05.00,37.6535,"14,15,16",751.949,408.11,0.457264,0.250133,67.0947,-49.9576,47.5063,"[11, 11, 11, 11, 11, 11, 11, 11, 11]",0.6109,0.5833,0.5054,0.2966,0.0278262,0.030162,0.0221972,0.0133496,"{""B2"": {""scale"": 0.0001, ""offset"": -0.1, ""source"": ""recorded (boa_offset_applied)""}, ""B3"": {""scale"": 0.0001, ""offset"": -0.1, ""source"": ""recorded (boa_offset_applied)""}, ""B4"": {""scale"": 0.0001, ""offset"": -0.1, ""source"": ""recorded (boa_offset_applied)""}, ""B8"": {""scale"": 0.0001, ""offset"": -0.1, ""source"": ""recorded (boa_offset_applied)""}}",valid,
KAN_L,2019,S2A_22WEV_20190726_0_L2A,2019-07-26 15:24:00.128000+00:00,2019-07-26,02.13,30.0508,"14,15,16",751.949,408.11,0.457264,0.250133,67.0947,-49.9576,,,,,,,,,,,,excluded,station-day already has an acquisition
KAN_L,2019,S2B_22WEV_20190728_1_L2A,2019-07-28 15:14:06.734000+00:00,2019-07-28,05.00,61.6778,"14,15,16",683.9,360.892,0.472302,0.1843,67.0947,-49.9576,47.9905,"[10, 10, 10, 10, 10, 10, 10, 10, 10]",0.7188,0.6197,0.5043,0.3,0.0293135,0.0250139,0.020122,0.0124869,"{""B2"": {""scale"": 0.0001, ""offset"": -0.1, ""source"": ""recorded (boa_offset_applied)""}, ""B3"": {""scale"": 0.0001, ""offset"": -0.1, ""source"": ""recorded (boa_offset_applied)""}, ""B4"": {""scale"": 0.0001, ""offset"": -0.1, ""source"": ""recorded (boa_offset_applied)""}, ""B8"": {""scale"": 0.0001, ""offset"": -0.1, ""source"": ""recorded (boa_offset_applied)""}}",excluded,SCL != 11 within 30 m
KAN_L,2019,S2B_22WEV_20190728_0_L2A,2019-07-28 15:14:06.736000+00:00,2019-07-28,02.13,58.2444,"14,15,16",683.9,360.892,0.472302,0.1843,67.0947,-49.9576,47.9905,"[11, 11, 10, 11, 11, 11, 11, 11, 11]",0.5929,0.5632,0.5004,0.3673,0.0260761,0.023195,0.0187382,0.0122397,"{""B2"": {""scale"": 0.0001, ""offset"": 0.0, ""source"": ""recorded (baseline < 04.00)""}, ""B3"": {""scale"": 0.0001, ""offset"": 0.0, ""source"": ""recorded (baseline < 04.00)""}, ""B4"": {""scale"": 0.0001, ""offset"": 0.0, ""source"": ""recorded (baseline < 04.00)""}, ""B8"": {""scale"": 0.0001, ""offset"": 0.0, ""source"": ""recorded (baseline < 04.00)""}}",excluded,SCL != 11 within 30 m
KAN_L,2019,S2A_22WEV_20190730_1_L2A,2019-07-30 15:04:05.286000+00:00,2019-07-30,05.00,86.6511,"14,15,16",559.77,305.447,0.454336,0.478567,67.0947,-49.9576,48.5489,"[11, 11, 11, 11, 11, 11, 11, 11, 11]",0.4061,0.3702,0.2902,0.1401,0.0182375,0.016804,0.0118954,0.00572191,"{""B2"": {""scale"": 0.0001, ""offset"": -0.1, ""source"": ""recorded (boa_offset_applied)""}, ""B3"": {""scale"": 0.0001, ""offset"": -0.1, ""source"": ""recorded (boa_offset_applied)""}, ""B4"": {""scale"": 0.0001, ""offset"": -0.1, ""source"": ""recorded (boa_offset_applied)""}, ""B8"": {""scale"": 0.0001, ""offset"": -0.1, ""source"": ""recorded (boa_offset_applied)""}}",valid,
KAN_L,2019,S2A_22WEV_20190730_0_L2A,2019-07-30 15:04:05.287000+00:00,2019-07-30,02.13,71.8543,"14,15,16",559.77,305.447,0.454336,0.478567,67.0947,-49.9576,,,,,,,,,,,,excluded,station-day already has an acquisition
KAN_L,2019,S2B_22WEV_20190731_1_L2A,2019-07-31 15:24:03.229000+00:00,2019-07-31,05.00,11.7025,"14,15,16",736.159,417.931,0.432281,0.232633,67.0947,-49.9576,48.6615,"[11, 11, 11, 11, 11, 11, 11, 11, 11]",0.5497,0.5285,0.4357,0.1982,0.0468426,0.0428106,0.0351261,0.0193802,"{""B2"": {""scale"": 0.0001, ""offset"": -0.1, ""source"": ""recorded (boa_offset_applied)""}, ""B3"": {""scale"": 0.0001, ""offset"": -0.1, ""source"": ""recorded (boa_offset_applied)""}, ""B4"": {""scale"": 0.0001, ""offset"": -0.1, ""source"": ""recorded (boa_offset_applied)""}, ""B8"": {""scale"": 0.0001, ""offset"": -0.1, ""source"": ""recorded (boa_offset_applied)""}}",valid,
KAN_L,2019,S2B_22WEV_20190731_0_L2A,2019-07-31 15:24:03.235000+00:00,2019-07-31,02.13,7.05945,"14,15,16",736.159,417.931,0.432281,0.232633,67.0947,-49.9576,,,,,,,,,,,,excluded,station-day already has an acquisition
KAN_L,2019,S2A_22WEV_20190802_0_L2A,2019-08-02 15:14:03.036000+00:00,2019-08-02,02.13,2.47573,"14,15,16",743.459,417.368,0.438614,0.202033,67.0947,-49.9576,49.1961,"[11, 11, 11, 11, 11, 11, 11, 11, 11]",0.6981,0.6675,0.5818,0.3547,0.041133,0.0413428,0.032551,0.0189846,"{""B2"": {""scale"": 0.0001, ""offset"": 0.0, ""source"": ""recorded (baseline < 04.00)""}, ""B3"": {""scale"": 0.0001, ""offset"": 0.0, ""source"": ""recorded (baseline < 04.00)""}, ""B4"": {""scale"": 0.0001, ""offset"": 0.0, ""source"": ""recorded (baseline < 04.00)""}, ""B8"": {""scale"": 0.0001, ""offset"": 0.0, ""source"": ""recorded (baseline < 04.00)""}}",valid,
KAN_L,2019,S2A_22WEV_20190802_1_L2A,2019-08-02 15:14:03.037000+00:00,2019-08-02,05.00,0.133862,"14,15,16",743.459,417.368,0.438614,0.202033,67.0947,-49.9576,,,,,,,,,,,,excluded,station-day already has an acquisition
KAN_L,2019,S2B_22WEV_20190804_1_L2A,2019-08-04 15:04:08.226000+00:00,2019-08-04,05.00,12.3932,"14,15,16",744.492,411.392,0.44742,0.2441,67.0947,-49.9576,49.8002,"[11, 11, 11, 11, 11, 11, 11, 11, 11]",0.5884,0.5653,0.4809,0.2584,0.0495058,0.0466175,0.039185,0.025355,"{""B2"": {""scale"": 0.0001, ""offset"": -0.1, ""source"": ""recorded (boa_offset_applied)""}, ""B3"": {""scale"": 0.0001, ""offset"": -0.1, ""source"": ""recorded (boa_offset_applied)""}, ""B4"": {""scale"": 0.0001, ""offset"": -0.1, ""source"": ""recorded (boa_offset_applied)""}, ""B8"": {""scale"": 0.0001, ""offset"": -0.1, ""source"": ""recorded (boa_offset_applied)""}}",valid,
KAN_L,2019,S2B_22WEV_20190804_0_L2A,2019-08-04 15:04:08.230000+00:00,2019-08-04,02.13,4.73994,"14,15,16",744.492,411.392,0.44742,0.2441,67.0947,-49.9576,,,,,,,,,,,,excluded,station-day already has an acquisition
KAN_L,2019,S2A_22WEV_20190805_1_L2A,2019-08-05 15:23:59.486000+00:00,2019-08-05,05.00,31.9464,"14,15,16",674.985,366.737,0.456673,0.3857,67.0947,-49.9576,49.9422,"[11, 11, 11, 11, 11, 11, 11, 11, 11]",0.6872,0.6418,0.5542,0.3115,0.0631021,0.0599649,0.0454281,0.0250033,"{""B2"": {""scale"": 0.0001, ""offset"": -0.1, ""source"": ""recorded (boa_offset_applied)""}, ""B3"": {""scale"": 0.0001, ""offset"": -0.1, ""source"": ""recorded (boa_offset_applied)""}, ""B4"": {""scale"": 0.0001, ""offset"": -0.1, ""source"": ""recorded (boa_offset_applied)""}, ""B8"": {""scale"": 0.0001, ""offset"": -0.1, ""source"": ""recorded (boa_offset_applied)""}}",valid,
KAN_L,2019,S2A_22WEV_20190805_0_L2A,2019-08-05 15:23:59.488000+00:00,2019-08-05,02.13,27.503,"14,15,16",674.985,366.737,0.456673,0.3857,67.0947,-49.9576,,,,,,,,,,,,excluded,station-day already has an acquisition
KAN_L,2019,S2B_22WEV_20190807_1_L2A,2019-08-07 15:14:05.835000+00:00,2019-08-07,05.00,60.5117,"14,15,16",669.57,371.836,0.444665,0.396533,67.0947,-49.9576,50.5211,"[11, 11, 11, 11, 11, 11, 11, 11, 11]",0.4939,0.4521,0.3685,0.1708,0.056831,0.0558229,0.0453473,0.0258475,"{""B2"": {""scale"": 0.0001, ""offset"": -0.1, ""source"": ""recorded (boa_offset_applied)""}, ""B3"": {""scale"": 0.0001, ""offset"": -0.1, ""source"": ""recorded (boa_offset_applied)""}, ""B4"": {""scale"": 0.0001, ""offset"": -0.1, ""source"": ""recorded (boa_offset_applied)""}, ""B8"": {""scale"": 0.0001, ""offset"": -0.1, ""source"": ""recorded (boa_offset_applied)""}}",valid,
KAN_L,2019,S2B_22WEV_20190807_0_L2A,2019-08-07 15:14:05.837000+00:00,2019-08-07,02.13,41.4371,"14,15,16",669.57,371.836,0.444665,0.396533,67.0947,-49.9576,,,,,,,,,,,,excluded,station-day already has an acquisition
KAN_L,2019,S2A_22WEV_20190809_0_L2A,2019-08-09 15:04:04.449000+00:00,2019-08-09,02.13,2.01387,"14,15,16",699.448,359.274,0.486346,0.105167,67.0947,-49.9577,51.1673,"[11, 11, 11, 11, 11, 11, 11, 11, 11]",0.7263,0.7006,0.6351,0.4342,0.0571795,0.0545558,0.0436079,0.0278711,"{""B2"": {""scale"": 0.0001, ""offset"": 0.0, ""source"": ""recorded (baseline < 04.00)""}, ""B3"": {""scale"": 0.0001, ""offset"": 0.0, ""source"": ""recorded (baseline < 04.00)""}, ""B4"": {""scale"": 0.0001, ""offset"": 0.0, ""source"": ""recorded (baseline < 04.00)""}, ""B8"": {""scale"": 0.0001, ""offset"": 0.0, ""source"": ""recorded (baseline < 04.00)""}}",valid,
KAN_L,2019,S2A_22WEV_20190809_1_L2A,2019-08-09 15:04:04.450000+00:00,2019-08-09,05.00,1.1676,"14,15,16",699.448,359.274,0.486346,0.105167,67.0947,-49.9577,,,,,,,,,,,,excluded,station-day already has an acquisition
KAN_L,2019,S2B_22WEV_20190810_1_L2A,2019-08-10 15:24:02.176000+00:00,2019-08-10,05.00,1.4112,"14,15,16",698.8,355.542,0.491211,0.125967,67.0947,-49.9577,51.3379,"[11, 11, 11, 11, 11, 11, 11, 11, 11]",0.6144,0.594,0.516,0.3253,0.051094,0.0495765,0.0414908,0.0266028,"{""B2"": {""scale"": 0.0001, ""offset"": -0.1, ""source"": ""recorded (boa_offset_applied)""}, ""B3"": {""scale"": 0.0001, ""offset"": -0.1, ""source"": ""recorded (boa_offset_applied)""}, ""B4"": {""scale"": 0.0001, ""offset"": -0.1, ""source"": ""recorded (boa_offset_applied)""}, ""B8"": {""scale"": 0.0001, ""offset"": -0.1, ""source"": ""recorded (boa_offset_applied)""}}",valid,
KAN_L,2019,S2B_22WEV_20190810_0_L2A,2019-08-10 15:24:02.180000+00:00,2019-08-10,02.13,2.05716,"14,15,16",698.8,355.542,0.491211,0.125967,67.0947,-49.9577,,,,,,,,,,,,excluded,station-day already has an acquisition
KAN_L,2019,S2A_22WEV_20190812_0_L2A,2019-08-12 15:14:02.065000+00:00,2019-08-12,02.13,1.92853,"14,15,16",694.4,357.618,0.484998,0,67.0947,-49.9577,51.9561,"[11, 11, 11, 11, 11, 11, 11, 11, 11]",0.7499,0.7134,0.6469,0.4433,0.0571263,0.0535726,0.0455398,0.0312812,"{""B2"": {""scale"": 0.0001, ""offset"": 0.0, ""source"": ""recorded (baseline < 04.00)""}, ""B3"": {""scale"": 0.0001, ""offset"": 0.0, ""source"": ""recorded (baseline < 04.00)""}, ""B4"": {""scale"": 0.0001, ""offset"": 0.0, ""source"": ""recorded (baseline < 04.00)""}, ""B8"": {""scale"": 0.0001, ""offset"": 0.0, ""source"": ""recorded (baseline < 04.00)""}}",valid,
KAN_L,2019,S2A_22WEV_20190812_1_L2A,2019-08-12 15:14:02.066000+00:00,2019-08-12,05.00,0.251336,"14,15,16",694.4,357.618,0.484998,0,67.0947,-49.9577,,,,,,,,,,,,excluded,station-day already has an acquisition
KAN_L,2019,S2B_22WEV_20190814_1_L2A,2019-08-14 15:04:07.025000+00:00,2019-08-14,05.00,71.0486,"14,15,16",605.707,299.51,0.50552,0.230567,67.0947,-49.9577,52.6371,"[8, 8, 8, 8, 8, 8, 8, 8, 8]",0.4649,0.4215,0.3756,0.2751,0.0117029,0.0116807,0.00969616,0.00626373,"{""B2"": {""scale"": 0.0001, ""offset"": -0.1, ""source"": ""recorded (boa_offset_applied)""}, ""B3"": {""scale"": 0.0001, ""offset"": -0.1, ""source"": ""recorded (boa_offset_applied)""}, ""B4"": {""scale"": 0.0001, ""offset"": -0.1, ""source"": ""recorded (boa_offset_applied)""}, ""B8"": {""scale"": 0.0001, ""offset"": -0.1, ""source"": ""recorded (boa_offset_applied)""}}",excluded,SCL != 11 within 30 m
KAN_L,2019,S2B_22WEV_20190814_0_L2A,2019-08-14 15:04:07.029000+00:00,2019-08-14,02.13,66.2589,"14,15,16",605.707,299.51,0.50552,0.230567,67.0947,-49.9577,52.6371,"[8, 8, 8, 8, 8, 8, 8, 8, 8]",0.5823,0.5356,0.4838,0.3779,0.0145349,0.0138492,0.0112184,0.00684448,"{""B2"": {""scale"": 0.0001, ""offset"": 0.0, ""source"": ""recorded (baseline < 04.00)""}, ""B3"": {""scale"": 0.0001, ""offset"": 0.0, ""source"": ""recorded (baseline < 04.00)""}, ""B4"": {""scale"": 0.0001, ""offset"": 0.0, ""source"": ""recorded (baseline < 04.00)""}, ""B8"": {""scale"": 0.0001, ""offset"": 0.0, ""source"": ""recorded (baseline < 04.00)""}}",excluded,SCL != 11 within 30 m
KAN_L,2019,S2A_22WEV_20190815_1_L2A,2019-08-15 15:23:58.425000+00:00,2019-08-15,05.00,85.5425,"14,15,16",218.504,99.4228,0.544984,0.978333,67.0947,-49.9577,52.8382,"[9, 9, 9, 9, 9, 9, 9, 9, 9]",0.9496,0.902,0.888,0.8538,0.00995656,0.00808894,0.00928978,0.0113764,"{""B2"": {""scale"": 0.0001, ""offset"": -0.1, ""source"": ""recorded (boa_offset_applied)""}, ""B3"": {""scale"": 0.0001, ""offset"": -0.1, ""source"": ""recorded (boa_offset_applied)""}, ""B4"": {""scale"": 0.0001, ""offset"": -0.1, ""source"": ""recorded (boa_offset_applied)""}, ""B8"": {""scale"": 0.0001, ""offset"": -0.1, ""source"": ""recorded (boa_offset_applied)""}}",excluded,SCL != 11 within 30 m
KAN_L,2019,S2A_22WEV_20190815_0_L2A,2019-08-15 15:23:58.427000+00:00,2019-08-15,02.13,77.6182,"14,15,16",218.504,99.4228,0.544984,0.978333,67.0947,-49.9577,52.8382,"[9, 9, 9, 9, 9, 9, 9, 9, 9]",1.0036,0.9602,0.9478,0.9278,0.010474,0.00813333,0.0089764,0.0114442,"{""B2"": {""scale"": 0.0001, ""offset"": 0.0, ""source"": ""recorded (baseline < 04.00)""}, ""B3"": {""scale"": 0.0001, ""offset"": 0.0, ""source"": ""recorded (baseline < 04.00)""}, ""B4"": {""scale"": 0.0001, ""offset"": 0.0, ""source"": ""recorded (baseline < 04.00)""}, ""B8"": {""scale"": 0.0001, ""offset"": 0.0, ""source"": ""recorded (baseline < 04.00)""}}",excluded,SCL != 11 within 30 m
KAN_L,2019,S2B_22WEV_20190817_1_L2A,2019-08-17 15:14:04.533000+00:00,2019-08-17,05.00,55.5017,"14,15,16",502.777,253.36,0.49608,0.3654,67.0947,-49.9577,53.4897,"[8, 8, 8, 8, 8, 8, 8, 8, 8]",0.6584,0.5721,0.5014,0.3741,0.0121907,0.0109186,0.00883944,0.00587224,"{""B2"": {""scale"": 0.0001, ""offset"": -0.1, ""source"": ""recorded (boa_offset_applied)""}, ""B3"": {""scale"": 0.0001, ""offset"": -0.1, ""source"": ""recorded (boa_offset_applied)""}, ""B4"": {""scale"": 0.0001, ""offset"": -0.1, ""source"": ""recorded (boa_offset_applied)""}, ""B8"": {""scale"": 0.0001, ""offset"": -0.1, ""source"": ""recorded (boa_offset_applied)""}}",excluded,SCL != 11 within 30 m
KAN_L,2019,S2B_22WEV_20190817_0_L2A,2019-08-17 15:14:04.535000+00:00,2019-08-17,02.13,42.6858,"14,15,16",502.777,253.36,0.49608,0.3654,67.0947,-49.9577,53.4897,"[8, 8, 8, 8, 8, 8, 8, 8, 8]",0.6149,0.5786,0.5406,0.4503,0.0120129,0.0108841,0.00884954,0.00600212,"{""B2"": {""scale"": 0.0001, ""offset"": 0.0, ""source"": ""recorded (baseline < 04.00)""}, ""B3"": {""scale"": 0.0001, ""offset"": 0.0, ""source"": ""recorded (baseline < 04.00)""}, ""B4"": {""scale"": 0.0001, ""offset"": 0.0, ""source"": ""recorded (baseline < 04.00)""}, ""B8"": {""scale"": 0.0001, ""offset"": 0.0, ""source"": ""recorded (baseline < 04.00)""}}",excluded,SCL != 11 within 30 m
KAN_L,2019,S2A_22WEV_20190819_1_L2A,2019-08-19 15:04:03.238000+00:00,2019-08-19,05.00,87.7018,"14,15,16",382.486,202.46,0.470674,0.978533,67.0947,-49.9577,54.2019,"[9, 9, 9, 9, 9, 9, 9, 9, 9]",0.6173,0.5919,0.5709,0.4858,0.0125599,0.0136368,0.0162097,0.0202879,"{""B2"": {""scale"": 0.0001, ""offset"": -0.1, ""source"": ""recorded (boa_offset_applied)""}, ""B3"": {""scale"": 0.0001, ""offset"": -0.1, ""source"": ""recorded (boa_offset_applied)""}, ""B4"": {""scale"": 0.0001, ""offset"": -0.1, ""source"": ""recorded (boa_offset_applied)""}, ""B8"": {""scale"": 0.0001, ""offset"": -0.1, ""source"": ""recorded (boa_offset_applied)""}}",excluded,SCL != 11 within 30 m
KAN_L,2019,S2A_22WEV_20190819_0_L2A,2019-08-19 15:04:03.238000+00:00,2019-08-19,02.13,63.6251,"14,15,16",382.486,202.46,0.470674,0.978533,67.0947,-49.9577,54.2019,"[9, 9, 9, 9, 9, 9, 9, 9, 9]",0.7324,0.7108,0.6896,0.6039,0.0165205,0.0166026,0.019013,0.0232962,"{""B2"": {""scale"": 0.0001, ""offset"": 0.0, ""source"": ""recorded (baseline < 04.00)""}, ""B3"": {""scale"": 0.0001, ""offset"": 0.0, ""source"": ""recorded (baseline < 04.00)""}, ""B4"": {""scale"": 0.0001, ""offset"": 0.0, ""source"": ""recorded (baseline < 04.00)""}, ""B8"": {""scale"": 0.0001, ""offset"": 0.0, ""source"": ""recorded (baseline < 04.00)""}}",excluded,SCL != 11 within 30 m
KAN_L,2019,S2B_22WEV_20190820_1_L2A,2019-08-20 15:24:00.757000+00:00,2019-08-20,05.00,8.50936,"14,15,16",637.018,314.608,0.506124,0.116567,67.0947,-49.9577,54.4324,"[11, 11, 11, 11, 11, 11, 11, 11, 11]",0.595,0.584,0.5203,0.3525,0.0544385,0.0513409,0.0463496,0.031973,"{""B2"": {""scale"": 0.0001, ""offset"": -0.1, ""source"": ""recorded (boa_offset_applied)""}, ""B3"": {""scale"": 0.0001, ""offset"": -0.1, ""source"": ""recorded (boa_offset_applied)""}, ""B4"": {""scale"": 0.0001, ""offset"": -0.1, ""source"": ""recorded (boa_offset_applied)""}, ""B8"": {""scale"": 0.0001, ""offset"": -0.1, ""source"": ""recorded (boa_offset_applied)""}}",valid,
KAN_L,2019,S2B_22WEV_20190820_0_L2A,2019-08-20 15:24:00.762000+00:00,2019-08-20,02.13,8.12656,"14,15,16",637.018,314.608,0.506124,0.116567,67.0947,-49.9577,,,,,,,,,,,,excluded,station-day already has an acquisition
KAN_L,2019,S2A_22WEV_20190822_0_L2A,2019-08-22 15:14:00.713000+00:00,2019-08-22,02.13,53.6258,"14,15,16",483.049,238.88,0.505475,0.819933,67.0947,-49.9577,55.1125,"[11, 11, 11, 11, 11, 11, 11, 11, 11]",0.6523,0.6408,0.615,0.5184,0.00671946,0.0073533,0.00578545,0.00422401,"{""B2"": {""scale"": 0.0001, ""offset"": 0.0, ""source"": ""recorded (baseline < 04.00)""}, ""B3"": {""scale"": 0.0001, ""offset"": 0.0, ""source"": ""recorded (baseline < 04.00)""}, ""B4"": {""scale"": 0.0001, ""offset"": 0.0, ""source"": ""recorded (baseline < 04.00)""}, ""B8"": {""scale"": 0.0001, ""offset"": 0.0, ""source"": ""recorded (baseline < 04.00)""}}",valid,
KAN_L,2019,S2A_22WEV_20190822_1_L2A,2019-08-22 15:14:00.714000+00:00,2019-08-22,05.00,90.6163,"14,15,16",483.049,238.88,0.505475,0.819933,67.0947,-49.9577,,,,,,,,,,,,excluded,station-day already has an acquisition
KAN_L,2019,S2B_22WEV_20190824_1_L2A,2019-08-24 15:04:05.408000+00:00,2019-08-24,05.00,10.2846,"14,15,16",616.708,259.482,0.579248,0.0518333,67.0947,-49.9578,55.8491,"[11, 11, 11, 11, 11, 11, 11, 11, 11]",0.6748,0.6792,0.6213,0.494,0.058294,0.0577476,0.0547361,0.0436857,"{""B2"": {""scale"": 0.0001, ""offset"": -0.1, ""source"": ""recorded (boa_offset_applied)""}, ""B3"": {""scale"": 0.0001, ""offset"": -0.1, ""source"": ""recorded (boa_offset_applied)""}, ""B4"": {""scale"": 0.0001, ""offset"": -0.1, ""source"": ""recorded (boa_offset_applied)""}, ""B8"": {""scale"": 0.0001, ""offset"": -0.1, ""source"": ""recorded (boa_offset_applied)""}}",valid,
KAN_L,2019,S2B_22WEV_20190824_0_L2A,2019-08-24 15:04:05.410000+00:00,2019-08-24,02.13,5.56893,"14,15,16",616.708,259.482,0.579248,0.0518333,67.0947,-49.9578,,,,,,,,,,,,excluded,station-day already has an acquisition
KAN_L,2019,S2A_22WEV_20190825_1_L2A,2019-08-25 15:23:56.924000+00:00,2019-08-25,05.00,5.45927,"14,15,16",603.289,259.191,0.57037,0.0535,67.0947,-49.9578,56.1098,"[11, 11, 11, 11, 11, 11, 11, 11, 11]",0.6864,0.6538,0.6197,0.4756,0.0606558,0.0579401,0.0542681,0.0413233,"{""B2"": {""scale"": 0.0001, ""offset"": -0.1, ""source"": ""recorded (boa_offset_applied)""}, ""B3"": {""scale"": 0.0001, ""offset"": -0.1, ""source"": ""recorded (boa_offset_applied)""}, ""B4"": {""scale"": 0.0001, ""offset"": -0.1, ""source"": ""recorded (boa_offset_applied)""}, ""B8"": {""scale"": 0.0001, ""offset"": -0.1, ""source"": ""recorded (boa_offset_applied)""}}",valid,
KAN_L,2019,S2A_22WEV_20190825_0_L2A,2019-08-25 15:23:56.925000+00:00,2019-08-25,02.13,6.54306,"14,15,16",603.289,259.191,0.57037,0.0535,67.0947,-49.9578,,,,,,,,,,,,excluded,station-day already has an acquisition
KAN_L,2019,S2B_22WEV_20190827_1_L2A,2019-08-27 15:14:02.797000+00:00,2019-08-27,05.00,49.8401,"14,15,16",472.236,208.638,0.558191,0.250767,67.0947,-49.9578,56.8129,"[8, 8, 8, 8, 8, 8, 8, 8, 8]",0.6634,0.5822,0.5124,0.3958,0.00768836,0.0102644,0.00864677,0.00565154,"{""B2"": {""scale"": 0.0001, ""offset"": -0.1, ""source"": ""recorded (boa_offset_applied)""}, ""B3"": {""scale"": 0.0001, ""offset"": -0.1, ""source"": ""recorded (boa_offset_applied)""}, ""B4"": {""scale"": 0.0001, ""offset"": -0.1, ""source"": ""recorded (boa_offset_applied)""}, ""B8"": {""scale"": 0.0001, ""offset"": -0.1, ""source"": ""recorded (boa_offset_applied)""}}",excluded,SCL != 11 within 30 m
KAN_L,2019,S2B_22WEV_20190827_0_L2A,2019-08-27 15:14:02.800000+00:00,2019-08-27,02.13,43.5364,"14,15,16",472.236,208.638,0.558191,0.250767,67.0947,-49.9578,56.8129,"[8, 8, 8, 8, 8, 8, 8, 8, 8]",0.6209,0.592,0.5583,0.4754,0.00823057,0.0108383,0.00943277,0.00605899,"{""B2"": {""scale"": 0.0001, ""offset"": 0.0, ""source"": ""recorded (baseline < 04.00)""}, ""B3"": {""scale"": 0.0001, ""offset"": 0.0, ""source"": ""recorded (baseline < 04.00)""}, ""B4"": {""scale"": 0.0001, ""offset"": 0.0, ""source"": ""recorded (baseline < 04.00)""}, ""B8"": {""scale"": 0.0001, ""offset"": 0.0, ""source"": ""recorded (baseline < 04.00)""}}",excluded,SCL != 11 within 30 m
KAN_L,2019,S2A_22WEV_20190829_0_L2A,2019-08-29 15:04:01.592000+00:00,2019-08-29,02.13,1.72209,"14,15,16",597.394,200.604,0.664202,0.00233333,67.0947,-49.9578,57.5704,"[11, 11, 11, 11, 11, 11, 11, 11, 11]",0.8798,0.8594,0.8191,0.7401,0.0645578,0.0650429,0.0622145,0.0550401,"{""B2"": {""scale"": 0.0001, ""offset"": 0.0, ""source"": ""recorded (baseline < 04.00)""}, ""B3"": {""scale"": 0.0001, ""offset"": 0.0, ""source"": ""recorded (baseline < 04.00)""}, ""B4"": {""scale"": 0.0001, ""offset"": 0.0, ""source"": ""recorded (baseline < 04.00)""}, ""B8"": {""scale"": 0.0001, ""offset"": 0.0, ""source"": ""recorded (baseline < 04.00)""}}",valid,
KAN_L,2019,S2A_22WEV_20190829_1_L2A,2019-08-29 15:04:01.593000+00:00,2019-08-29,05.00,24.6216,"14,15,16",597.394,200.604,0.664202,0.00233333,67.0947,-49.9578,,,,,,,,,,,,excluded,station-day already has an acquisition
KAN_L,2019,S2B_22WEV_20190830_1_L2A,2019-08-30 15:23:58.923000+00:00,2019-08-30,05.00,23.6237,"14,15,16",605.126,261.722,0.567491,0,67.0947,-49.9578,57.8601,"[11, 11, 11, 11, 11, 11, 11, 11, 11]",0.7178,0.696,0.6486,0.478,0.0678744,0.0672024,0.0622295,0.0499321,"{""B2"": {""scale"": 0.0001, ""offset"": -0.1, ""source"": ""recorded (boa_offset_applied)""}, ""B3"": {""scale"": 0.0001, ""offset"": -0.1, ""source"": ""recorded (boa_offset_applied)""}, ""B4"": {""scale"": 0.0001, ""offset"": -0.1, ""source"": ""recorded (boa_offset_applied)""}, ""B8"": {""scale"": 0.0001, ""offset"": -0.1, ""source"": ""recorded (boa_offset_applied)""}}",valid,
KAN_L,2019,S2B_22WEV_20190830_0_L2A,2019-08-30 15:23:58.927000+00:00,2019-08-30,02.13,23.2648,"14,15,16",605.126,261.722,0.567491,0,67.0947,-49.9578,,,,,,,,,,,,excluded,station-day already has an acquisition
KAN_L,2020,S2B_22WEV_20200602_0_L2A,2020-06-02 15:14:00.256000+00:00,2020-06-02,02.14,93.7144,,,,,,,,,,,,,,,,,,,excluded,station: dsr_cor/usr_cor missing in the 3 overpass hours
KAN_L,2020,S2B_22WEV_20200602_1_L2A,2020-06-02 15:14:00.257000+00:00,2020-06-02,05.00,99.1124,,,,,,,,,,,,,,,,,,,excluded,station: dsr_cor/usr_cor missing in the 3 overpass hours
KAN_L,2020,S2A_22WEV_20200604_0_L2A,2020-06-04 15:04:06.893000+00:00,2020-06-04,02.14,8.28878,,,,,,,,,,,,,,,,,,,excluded,station: dsr_cor/usr_cor missing in the 3 overpass hours
KAN_L,2020,S2A_22WEV_20200604_1_L2A,2020-06-04 15:04:06.894000+00:00,2020-06-04,05.00,23.6967,,,,,,,,,,,,,,,,,,,excluded,station: dsr_cor/usr_cor missing in the 3 overpass hours
KAN_L,2020,S2B_22WEV_20200605_1_L2A,2020-06-05 15:23:57.212000+00:00,2020-06-05,05.00,76.5716,,,,,,,,,,,,,,,,,,,excluded,station: dsr_cor/usr_cor missing in the 3 overpass hours
KAN_L,2020,S2B_22WEV_20200605_0_L2A,2020-06-05 15:23:57.214000+00:00,2020-06-05,02.14,48.3967,,,,,,,,,,,,,,,,,,,excluded,station: dsr_cor/usr_cor missing in the 3 overpass hours
KAN_L,2020,S2A_22WEV_20200607_0_L2A,2020-06-07 15:14:04.849000+00:00,2020-06-07,02.14,61.0949,,,,,,,,,,,,,,,,,,,excluded,station: dsr_cor/usr_cor missing in the 3 overpass hours
KAN_L,2020,S2A_22WEV_20200607_1_L2A,2020-06-07 15:14:04.850000+00:00,2020-06-07,05.00,95.2181,,,,,,,,,,,,,,,,,,,excluded,station: dsr_cor/usr_cor missing in the 3 overpass hours
KAN_L,2020,S2B_22WEV_20200609_1_L2A,2020-06-09 15:04:02.825000+00:00,2020-06-09,05.00,71.5287,,,,,,,,,,,,,,,,,,,excluded,station: dsr_cor/usr_cor missing in the 3 overpass hours
KAN_L,2020,S2B_22WEV_20200609_0_L2A,2020-06-09 15:04:02.826000+00:00,2020-06-09,02.14,52.7652,,,,,,,,,,,,,,,,,,,excluded,station: dsr_cor/usr_cor missing in the 3 overpass hours
KAN_L,2020,S2A_22WEV_20200610_1_L2A,2020-06-10 15:24:01.507000+00:00,2020-06-10,05.00,99.9298,,,,,,,,,,,,,,,,,,,excluded,station: dsr_cor/usr_cor missing in the 3 overpass hours
KAN_L,2020,S2A_22WEV_20200610_0_L2A,2020-06-10 15:24:01.510000+00:00,2020-06-10,02.14,95.9242,,,,,,,,,,,,,,,,,,,excluded,station: dsr_cor/usr_cor missing in the 3 overpass hours
KAN_L,2020,S2B_22WEV_20200612_0_L2A,2020-06-12 15:14:00.892000+00:00,2020-06-12,02.14,0.824477,,,,,,,,,,,,,,,,,,,excluded,station: dsr_cor/usr_cor missing in the 3 overpass hours
KAN_L,2020,S2B_22WEV_20200612_1_L2A,2020-06-12 15:14:00.894000+00:00,2020-06-12,05.00,6.29108,,,,,,,,,,,,,,,,,,,excluded,station: dsr_cor/usr_cor missing in the 3 overpass hours
KAN_L,2020,S2A_22WEV_20200614_0_L2A,2020-06-14 15:04:06.750000+00:00,2020-06-14,02.14,49.0169,,,,,,,,,,,,,,,,,,,excluded,station: dsr_cor/usr_cor missing in the 3 overpass hours
KAN_L,2020,S2A_22WEV_20200614_1_L2A,2020-06-14 15:04:06.751000+00:00,2020-06-14,05.00,93.3683,,,,,,,,,,,,,,,,,,,excluded,station: dsr_cor/usr_cor missing in the 3 overpass hours
KAN_L,2020,S2B_22WEV_20200615_1_L2A,2020-06-15 15:23:57.685000+00:00,2020-06-15,05.00,64.1479,,,,,,,,,,,,,,,,,,,excluded,station: dsr_cor/usr_cor missing in the 3 overpass hours
KAN_L,2020,S2B_22WEV_20200615_0_L2A,2020-06-15 15:23:57.686000+00:00,2020-06-15,02.14,36.7867,,,,,,,,,,,,,,,,,,,excluded,station: dsr_cor/usr_cor missing in the 3 overpass hours
KAN_L,2020,S2A_22WEV_20200617_0_L2A,2020-06-17 15:14:04.562000+00:00,2020-06-17,02.14,21.0588,,,,,,,,,,,,,,,,,,,excluded,station: dsr_cor/usr_cor missing in the 3 overpass hours
KAN_L,2020,S2A_22WEV_20200617_1_L2A,2020-06-17 15:14:04.563000+00:00,2020-06-17,05.00,57.352,,,,,,,,,,,,,,,,,,,excluded,station: dsr_cor/usr_cor missing in the 3 overpass hours
KAN_L,2020,S2B_22WEV_20200619_1_L2A,2020-06-19 15:04:03.130000+00:00,2020-06-19,05.00,23.1341,,,,,,,,,,,,,,,,,,,excluded,station: dsr_cor/usr_cor missing in the 3 overpass hours
KAN_L,2020,S2B_22WEV_20200619_0_L2A,2020-06-19 15:04:03.131000+00:00,2020-06-19,02.14,13.5507,,,,,,,,,,,,,,,,,,,excluded,station: dsr_cor/usr_cor missing in the 3 overpass hours
KAN_L,2020,S2A_22WEV_20200620_1_L2A,2020-06-20 15:24:01.111000+00:00,2020-06-20,05.00,6.68499,,,,,,,,,,,,,,,,,,,excluded,station: dsr_cor/usr_cor missing in the 3 overpass hours
KAN_L,2020,S2A_22WEV_20200620_0_L2A,2020-06-20 15:24:01.113000+00:00,2020-06-20,02.14,3.79496,,,,,,,,,,,,,,,,,,,excluded,station: dsr_cor/usr_cor missing in the 3 overpass hours
KAN_L,2020,S2B_22WEV_20200622_0_L2A,2020-06-22 15:14:01.084000+00:00,2020-06-22,02.14,54.3544,,,,,,,,,,,,,,,,,,,excluded,station: dsr_cor/usr_cor missing in the 3 overpass hours
KAN_L,2020,S2B_22WEV_20200622_1_L2A,2020-06-22 15:14:01.086000+00:00,2020-06-22,05.00,59.0639,,,,,,,,,,,,,,,,,,,excluded,station: dsr_cor/usr_cor missing in the 3 overpass hours
KAN_L,2020,S2A_22WEV_20200624_2_L2A,2020-06-24 15:04:06.209000+00:00,2020-06-24,05.00,47.8141,,,,,,,,,,,,,,,,,,,excluded,station: snow_height >= 0.02 m or missing
KAN_L,2020,S2A_22WEV_20200624_1_L2A,2020-06-24 15:04:06.209000+00:00,2020-06-24,05.00,47.8141,,,,,,,,,,,,,,,,,,,excluded,station: snow_height >= 0.02 m or missing
KAN_L,2020,S2A_22WEV_20200624_0_L2A,2020-06-24 15:04:06.209000+00:00,2020-06-24,02.14,27.9998,,,,,,,,,,,,,,,,,,,excluded,station: snow_height >= 0.02 m or missing
KAN_L,2020,S2B_22WEV_20200625_1_L2A,2020-06-25 15:23:57.750000+00:00,2020-06-25,05.00,21.9346,,,,,,,,,,,,,,,,,,,excluded,station: snow_height >= 0.02 m or missing
KAN_L,2020,S2B_22WEV_20200625_0_L2A,2020-06-25 15:23:57.753000+00:00,2020-06-25,02.14,19.657,,,,,,,,,,,,,,,,,,,excluded,station: snow_height >= 0.02 m or missing
KAN_L,2020,S2A_22WEV_20200627_0_L2A,2020-06-27 15:14:03.885000+00:00,2020-06-27,02.14,9.48602,,,,,,,,,,,,,,,,,,,excluded,station: snow_height >= 0.02 m or missing
KAN_L,2020,S2A_22WEV_20200627_1_L2A,2020-06-27 15:14:03.886000+00:00,2020-06-27,05.00,11.9738,,,,,,,,,,,,,,,,,,,excluded,station: snow_height >= 0.02 m or missing
KAN_L,2020,S2B_22WEV_20200629_1_L2A,2020-06-29 15:04:02.992000+00:00,2020-06-29,05.00,47.1933,"14,15,16",768.505,390.12,0.492365,0.164833,67.0944,-49.9597,43.9684,"[11, 11, 11, 11, 11, 11, 11, 11, 11]",0.4771,0.4464,0.4137,0.2598,0.0509229,0.0486767,0.0408421,0.0279787,"{""B2"": {""scale"": 0.0001, ""offset"": -0.1, ""source"": ""recorded (boa_offset_applied)""}, ""B3"": {""scale"": 0.0001, ""offset"": -0.1, ""source"": ""recorded (boa_offset_applied)""}, ""B4"": {""scale"": 0.0001, ""offset"": -0.1, ""source"": ""recorded (boa_offset_applied)""}, ""B8"": {""scale"": 0.0001, ""offset"": -0.1, ""source"": ""recorded (boa_offset_applied)""}}",valid,
KAN_L,2020,S2B_22WEV_20200629_0_L2A,2020-06-29 15:04:02.993000+00:00,2020-06-29,02.14,18.5407,"14,15,16",768.505,390.12,0.492365,0.164833,67.0944,-49.9597,,,,,,,,,,,,excluded,station-day already has an acquisition
KAN_L,2020,S2A_22WEV_20200630_1_L2A,2020-06-30 15:24:00.288000+00:00,2020-06-30,05.00,22.1222,"14,15,16",740.543,366.263,0.505413,0.215367,67.0944,-49.9597,43.9262,"[11, 11, 11, 11, 11, 11, 11, 11, 11]",0.5286,0.5061,0.4693,0.3184,0.0475047,0.0460692,0.0373125,0.0239227,"{""B2"": {""scale"": 0.0001, ""offset"": -0.1, ""source"": ""recorded (boa_offset_applied)""}, ""B3"": {""scale"": 0.0001, ""offset"": -0.1, ""source"": ""recorded (boa_offset_applied)""}, ""B4"": {""scale"": 0.0001, ""offset"": -0.1, ""source"": ""recorded (boa_offset_applied)""}, ""B8"": {""scale"": 0.0001, ""offset"": -0.1, ""source"": ""recorded (boa_offset_applied)""}}",valid,
KAN_L,2020,S2A_22WEV_20200630_0_L2A,2020-06-30 15:24:00.290000+00:00,2020-06-30,02.14,13.2327,"14,15,16",740.543,366.263,0.505413,0.215367,67.0944,-49.9597,,,,,,,,,,,,excluded,station-day already has an acquisition
KAN_L,2020,S2B_22WEV_20200702_0_L2A,2020-07-02 15:14:00.810000+00:00,2020-07-02,02.14,0.29975,"14,15,16",750.039,389.951,0.480093,0.0917,67.0944,-49.9597,44.091,"[11, 11, 11, 11, 11, 11, 11, 11, 11]",0.5969,0.5773,0.5242,0.3477,0.0415362,0.0404789,0.0326814,0.0198418,"{""B2"": {""scale"": 0.0001, ""offset"": 0.0, ""source"": ""recorded (baseline < 04.00)""}, ""B3"": {""scale"": 0.0001, ""offset"": 0.0, ""source"": ""recorded (baseline < 04.00)""}, ""B4"": {""scale"": 0.0001, ""offset"": 0.0, ""source"": ""recorded (baseline < 04.00)""}, ""B8"": {""scale"": 0.0001, ""offset"": 0.0, ""source"": ""recorded (baseline < 04.00)""}}",valid,
KAN_L,2020,S2B_22WEV_20200702_1_L2A,2020-07-02 15:14:00.811000+00:00,2020-07-02,05.00,0.039366,"14,15,16",750.039,389.951,0.480093,0.0917,67.0944,-49.9597,,,,,,,,,,,,excluded,station-day already has an acquisition
KAN_L,2020,S2A_22WEV_20200704_1_L2A,2020-07-04 15:04:05.235000+00:00,2020-07-04,05.00,24.4511,"14,15,16",638.625,326.099,0.489374,0.353533,67.0944,-49.9598,44.3417,"[10, 10, 10, 10, 10, 10, 10, 10, 10]",0.5978,0.5511,0.5116,0.394,0.00235984,0.00262637,0.00394164,0.00428324,"{""B2"": {""scale"": 0.0001, ""offset"": -0.1, ""source"": ""recorded (boa_offset_applied)""}, ""B3"": {""scale"": 0.0001, ""offset"": -0.1, ""source"": ""recorded (boa_offset_applied)""}, ""B4"": {""scale"": 0.0001, ""offset"": -0.1, ""source"": ""recorded (boa_offset_applied)""}, ""B8"": {""scale"": 0.0001, ""offset"": -0.1, ""source"": ""recorded (boa_offset_applied)""}}",excluded,SCL != 11 within 30 m
KAN_L,2020,S2A_22WEV_20200704_0_L2A,2020-07-04 15:04:05.235000+00:00,2020-07-04,02.14,9.98053,"14,15,16",638.625,326.099,0.489374,0.353533,67.0944,-49.9598,44.3417,"[11, 11, 11, 11, 11, 11, 11, 11, 11]",0.6231,0.6072,0.5868,0.4917,0.00196644,0.00250544,0.00405215,0.00378754,"{""B2"": {""scale"": 0.0001, ""offset"": 0.0, ""source"": ""recorded (baseline < 04.00)""}, ""B3"": {""scale"": 0.0001, ""offset"": 0.0, ""source"": ""recorded (baseline < 04.00)""}, ""B4"": {""scale"": 0.0001, ""offset"": 0.0, ""source"": ""recorded (baseline < 04.00)""}, ""B8"": {""scale"": 0.0001, ""offset"": 0.0, ""source"": ""recorded (baseline < 04.00)""}}",valid,
KAN_L,2020,S2B_22WEV_20200705_1_L2A,2020-07-05 15:23:57.369000+00:00,2020-07-05,05.00,70.1354,"14,15,16",625.868,320.869,0.487321,0.215933,67.0944,-49.9598,44.3237,"[10, 10, 10, 10, 10, 10, 10, 10, 10]",0.7058,0.6311,0.5413,0.3182,0.0421427,0.0370693,0.030496,0.0163738,"{""B2"": {""scale"": 0.0001, ""offset"": -0.1, ""source"": ""recorded (boa_offset_applied)""}, ""B3"": {""scale"": 0.0001, ""offset"": -0.1, ""source"": ""recorded (boa_offset_applied)""}, ""B4"": {""scale"": 0.0001, ""offset"": -0.1, ""source"": ""recorded (boa_offset_applied)""}, ""B8"": {""scale"": 0.0001, ""offset"": -0.1, ""source"": ""recorded (boa_offset_applied)""}}",excluded,SCL != 11 within 30 m
KAN_L,2020,S2B_22WEV_20200705_0_L2A,2020-07-05 15:23:57.370000+00:00,2020-07-05,02.14,66.5139,"14,15,16",625.868,320.869,0.487321,0.215933,67.0944,-49.9598,44.3237,"[11, 11, 10, 11, 11, 11, 11, 11, 11]",0.6242,0.6117,0.5577,0.3907,0.0416738,0.0376664,0.0316354,0.0171099,"{""B2"": {""scale"": 0.0001, ""offset"": 0.0, ""source"": ""recorded (baseline < 04.00)""}, ""B3"": {""scale"": 0.0001, ""offset"": 0.0, ""source"": ""recorded (baseline < 04.00)""}, ""B4"": {""scale"": 0.0001, ""offset"": 0.0, ""source"": ""recorded (baseline < 04.00)""}, ""B8"": {""scale"": 0.0001, ""offset"": 0.0, ""source"": ""recorded (baseline < 04.00)""}}",excluded,SCL != 11 within 30 m
KAN_L,2020,S2A_22WEV_20200707_0_L2A,2020-07-07 15:14:02.808000+00:00,2020-07-07,02.14,55.2387,"14,15,16",549.92,287.851,0.476558,0.571167,67.0944,-49.9598,44.5599,"[11, 11, 11, 11, 11, 11, 11, 11, 11]",0.4957,0.4909,0.4767,0.3751,0.00893927,0.0143944,0.0137761,0.0207719,"{""B2"": {""scale"": 0.0001, ""offset"": 0.0, ""source"": ""recorded (baseline < 04.00)""}, ""B3"": {""scale"": 0.0001, ""offset"": 0.0, ""source"": ""recorded (baseline < 04.00)""}, ""B4"": {""scale"": 0.0001, ""offset"": 0.0, ""source"": ""recorded (baseline < 04.00)""}, ""B8"": {""scale"": 0.0001, ""offset"": 0.0, ""source"": ""recorded (baseline < 04.00)""}}",valid,
KAN_L,2020,S2A_22WEV_20200707_1_L2A,2020-07-07 15:14:02.810000+00:00,2020-07-07,05.00,84.6722,"14,15,16",549.92,287.851,0.476558,0.571167,67.0944,-49.9598,,,,,,,,,,,,excluded,station-day already has an acquisition
KAN_L,2020,S2B_22WEV_20200709_0_L2A,2020-07-09 15:04:04.535000+00:00,2020-07-09,02.14,99.6405,,,,,,,,,,,,,,,,,,,excluded,station: dsr_cor/usr_cor missing in the 3 overpass hours
KAN_L,2020,S2B_22WEV_20200709_2_L2A,2020-07-09 15:04:04.540000+00:00,2020-07-09,05.00,99.8738,,,,,,,,,,,,,,,,,,,excluded,station: dsr_cor/usr_cor missing in the 3 overpass hours
KAN_L,2020,S2A_22WEV_20200710_1_L2A,2020-07-10 15:23:59.328000+00:00,2020-07-10,05.00,99.2349,"14,15,16",311.937,156.857,0.497152,1,67.0944,-49.9598,44.887,"[9, 9, 9, 9, 9, 9, 9, 9, 9]",0.9112,0.877,0.8622,0.847,0.00105878,0.00130299,0.00188562,0.00289213,"{""B2"": {""scale"": 0.0001, ""offset"": -0.1, ""source"": ""recorded (boa_offset_applied)""}, ""B3"": {""scale"": 0.0001, ""offset"": -0.1, ""source"": ""recorded (boa_offset_applied)""}, ""B4"": {""scale"": 0.0001, ""offset"": -0.1, ""source"": ""recorded (boa_offset_applied)""}, ""B8"": {""scale"": 0.0001, ""offset"": -0.1, ""source"": ""recorded (boa_offset_applied)""}}",excluded,SCL != 11 within 30 m
KAN_L,2020,S2A_22WEV_20200710_0_L2A,2020-07-10 15:23:59.329000+00:00,2020-07-10,02.14,90.9084,"14,15,16",311.937,156.857,0.497152,1,67.0944,-49.9598,44.887,"[9, 9, 9, 9, 9, 9, 9, 9, 9]",1.0164,0.9916,0.9864,0.984,0.00158884,0.00147305,0.00190621,0.00322767,"{""B2"": {""scale"": 0.0001, ""offset"": 0.0, ""source"": ""recorded (baseline < 04.00)""}, ""B3"": {""scale"": 0.0001, ""offset"": 0.0, ""source"": ""recorded (baseline < 04.00)""}, ""B4"": {""scale"": 0.0001, ""offset"": 0.0, ""source"": ""recorded (baseline < 04.00)""}, ""B8"": {""scale"": 0.0001, ""offset"": 0.0, ""source"": ""recorded (baseline < 04.00)""}}",excluded,SCL != 11 within 30 m
KAN_L,2020,S2B_22WEV_20200712_0_L2A,2020-07-12 15:14:00.134000+00:00,2020-07-12,02.14,1.2424,"14,15,16",736.316,339.815,0.538493,0.1003,67.0944,-49.9598,45.1919,"[11, 11, 11, 11, 11, 11, 11, 11, 11]",0.7129,0.6769,0.6327,0.4547,0.0412201,0.0377017,0.0323755,0.0195364,"{""B2"": {""scale"": 0.0001, ""offset"": 0.0, ""source"": ""recorded (baseline < 04.00)""}, ""B3"": {""scale"": 0.0001, ""offset"": 0.0, ""source"": ""recorded (baseline < 04.00)""}, ""B4"": {""scale"": 0.0001, ""offset"": 0.0, ""source"": ""recorded (baseline < 04.00)""}, ""B8"": {""scale"": 0.0001, ""offset"": 0.0, ""source"": ""recorded (baseline < 04.00)""}}",valid,
KAN_L,2020,S2B_22WEV_20200712_1_L2A,2020-07-12 15:14:00.135000+00:00,2020-07-12,05.00,1.34171,"14,15,16",736.316,339.815,0.538493,0.1003,67.0944,-49.9598,,,,,,,,,,,,excluded,station-day already has an acquisition
KAN_L,2020,S2A_22WEV_20200714_0_L2A,2020-07-14 15:04:05.144000+00:00,2020-07-14,02.14,33.9685,"14,15,16",757.371,360.947,0.523422,0.2238,67.0944,-49.9598,45.5785,"[11, 11, 11, 11, 11, 11, 11, 11, 11]",0.703,0.7,0.6358,0.443,0.0404776,0.036733,0.0291229,0.0175155,"{""B2"": {""scale"": 0.0001, ""offset"": 0.0, ""source"": ""recorded (baseline < 04.00)""}, ""B3"": {""scale"": 0.0001, ""offset"": 0.0, ""source"": ""recorded (baseline < 04.00)""}, ""B4"": {""scale"": 0.0001, ""offset"": 0.0, ""source"": ""recorded (baseline < 04.00)""}, ""B8"": {""scale"": 0.0001, ""offset"": 0.0, ""source"": ""recorded (baseline < 04.00)""}}",valid,
KAN_L,2020,S2A_22WEV_20200714_1_L2A,2020-07-14 15:04:05.145000+00:00,2020-07-14,05.00,58.6837,"14,15,16",757.371,360.947,0.523422,0.2238,67.0944,-49.9598,,,,,,,,,,,,excluded,station-day already has an acquisition
KAN_L,2020,S2A_22WEV_20200717_0_L2A,2020-07-17 15:14:03.396000+00:00,2020-07-17,02.14,4.8763,"14,15,16",733.458,370.232,0.495224,0.1812,67.0944,-49.9598,45.9793,"[11, 11, 11, 11, 11, 11, 11, 11, 11]",0.6392,0.6387,0.5732,0.3856,0.0399586,0.040498,0.0318933,0.0183384,"{""B2"": {""scale"": 0.0001, ""offset"": 0.0, ""source"": ""recorded (baseline < 04.00)""}, ""B3"": {""scale"": 0.0001, ""offset"": 0.0, ""source"": ""recorded (baseline < 04.00)""}, ""B4"": {""scale"": 0.0001, ""offset"": 0.0, ""source"": ""recorded (baseline < 04.00)""}, ""B8"": {""scale"": 0.0001, ""offset"": 0.0, ""source"": ""recorded (baseline < 04.00)""}}",valid,
KAN_L,2020,S2A_22WEV_20200717_1_L2A,2020-07-17 15:14:03.397000+00:00,2020-07-17,05.00,6.86263,"14,15,16",733.458,370.232,0.495224,0.1812,67.0944,-49.9598,,,,,,,,,,,,excluded,station-day already has an acquisition
KAN_L,2020,S2B_22WEV_20200719_1_L2A,2020-07-19 15:04:02.196000+00:00,2020-07-19,05.00,53.749,"14,15,16",618.995,337.994,0.453963,0.6513,67.0944,-49.9599,46.4288,"[9, 9, 9, 9, 9, 9, 9, 9, 9]",0.6522,0.6056,0.5607,0.4229,0.0113906,0.0164025,0.0174102,0.0172015,"{""B2"": {""scale"": 0.0001, ""offset"": -0.1, ""source"": ""recorded (boa_offset_applied)""}, ""B3"": {""scale"": 0.0001, ""offset"": -0.1, ""source"": ""recorded (boa_offset_applied)""}, ""B4"": {""scale"": 0.0001, ""offset"": -0.1, ""source"": ""recorded (boa_offset_applied)""}, ""B8"": {""scale"": 0.0001, ""offset"": -0.1, ""source"": ""recorded (boa_offset_applied)""}}",excluded,SCL != 11 within 30 m
KAN_L,2020,S2B_22WEV_20200719_0_L2A,2020-07-19 15:04:02.197000+00:00,2020-07-19,02.14,32.9778,"14,15,16",618.995,337.994,0.453963,0.6513,67.0944,-49.9599,46.4288,"[9, 9, 9, 9, 9, 9, 9, 9, 9]",0.6411,0.6311,0.6099,0.5077,0.0101792,0.0153115,0.0166824,0.0161315,"{""B2"": {""scale"": 0.0001, ""offset"": 0.0, ""source"": ""recorded (baseline < 04.00)""}, ""B3"": {""scale"": 0.0001, ""offset"": 0.0, ""source"": ""recorded (baseline < 04.00)""}, ""B4"": {""scale"": 0.0001, ""offset"": 0.0, ""source"": ""recorded (baseline < 04.00)""}, ""B8"": {""scale"": 0.0001, ""offset"": 0.0, ""source"": ""recorded (baseline < 04.00)""}}",excluded,SCL != 11 within 30 m
KAN_L,2020,S2A_22WEV_20200720_1_L2A,2020-07-20 15:24:00.372000+00:00,2020-07-20,05.00,16.0111,"14,15,16",705.099,370.665,0.474308,0.254567,67.0944,-49.9599,46.4859,"[11, 11, 11, 11, 11, 11, 11, 11, 11]",0.5575,0.5055,0.4324,0.2238,0.0395683,0.034493,0.0269875,0.0142166,"{""B2"": {""scale"": 0.0001, ""offset"": -0.1, ""source"": ""recorded (boa_offset_applied)""}, ""B3"": {""scale"": 0.0001, ""offset"": -0.1, ""source"": ""recorded (boa_offset_applied)""}, ""B4"": {""scale"": 0.0001, ""offset"": -0.1, ""source"": ""recorded (boa_offset_applied)""}, ""B8"": {""scale"": 0.0001, ""offset"": -0.1, ""source"": ""recorded (boa_offset_applied)""}}",valid,
KAN_L,2020,S2A_22WEV_20200720_0_L2A,2020-07-20 15:24:00.373000+00:00,2020-07-20,02.14,13.4233,"14,15,16",705.099,370.665,0.474308,0.254567,67.0944,-49.9599,,,,,,,,,,,,excluded,station-day already has an acquisition
KAN_L,2020,S2B_22WEV_20200722_0_L2A,2020-07-22 15:14:00.519000+00:00,2020-07-22,02.14,1.03422,"14,15,16",728.602,398.149,0.453544,0.318767,67.0944,-49.9599,46.9156,"[11, 11, 11, 11, 11, 11, 11, 11, 11]",0.6561,0.6352,0.5412,0.3103,0.0472268,0.0446675,0.032594,0.0154298,"{""B2"": {""scale"": 0.0001, ""offset"": 0.0, ""source"": ""recorded (baseline < 04.00)""}, ""B3"": {""scale"": 0.0001, ""offset"": 0.0, ""source"": ""recorded (baseline < 04.00)""}, ""B4"": {""scale"": 0.0001, ""offset"": 0.0, ""source"": ""recorded (baseline < 04.00)""}, ""B8"": {""scale"": 0.0001, ""offset"": 0.0, ""source"": ""recorded (baseline < 04.00)""}}",valid,
KAN_L,2020,S2B_22WEV_20200722_1_L2A,2020-07-22 15:14:00.520000+00:00,2020-07-22,05.00,0.921271,"14,15,16",728.602,398.149,0.453544,0.318767,67.0944,-49.9599,,,,,,,,,,,,excluded,station-day already has an acquisition
KAN_L,2020,S2A_22WEV_20200724_1_L2A,2020-07-24 15:04:06.043000+00:00,2020-07-24,05.00,99.9817,"14,15,16",304.275,165.511,0.456049,0.982467,67.0944,-49.9599,47.4212,"[9, 9, 9, 9, 9, 9, 9, 9, 9]",0.7474,0.7496,0.7446,0.718,0.0112647,0.00799988,0.00791255,0.0143598,"{""B2"": {""scale"": 0.0001, ""offset"": -0.1, ""source"": ""recorded (boa_offset_applied)""}, ""B3"": {""scale"": 0.0001, ""offset"": -0.1, ""source"": ""recorded (boa_offset_applied)""}, ""B4"": {""scale"": 0.0001, ""offset"": -0.1, ""source"": ""recorded (boa_offset_applied)""}, ""B8"": {""scale"": 0.0001, ""offset"": -0.1, ""source"": ""recorded (boa_offset_applied)""}}",excluded,SCL != 11 within 30 m
KAN_L,2020,S2A_22WEV_20200724_0_L2A,2020-07-24 15:04:06.043000+00:00,2020-07-24,02.14,79.1335,"14,15,16",304.275,165.511,0.456049,0.982467,67.0944,-49.9599,47.4212,"[9, 9, 9, 9, 9, 9, 9, 9, 9]",0.8072,0.823,0.8244,0.8012,0.0115766,0.00843482,0.00833815,0.0142794,"{""B2"": {""scale"": 0.0001, ""offset"": 0.0, ""source"": ""recorded (baseline < 04.00)""}, ""B3"": {""scale"": 0.0001, ""offset"": 0.0, ""source"": ""recorded (baseline < 04.00)""}, ""B4"": {""scale"": 0.0001, ""offset"": 0.0, ""source"": ""recorded (baseline < 04.00)""}, ""B8"": {""scale"": 0.0001, ""offset"": 0.0, ""source"": ""recorded (baseline < 04.00)""}}",excluded,SCL != 11 within 30 m
KAN_L,2020,S2B_22WEV_20200725_1_L2A,2020-07-25 15:23:57.533000+00:00,2020-07-25,05.00,99.9915,"14,15,16",213.474,109.538,0.486878,0.975633,67.0944,-49.9599,47.5061,"[9, 9, 9, 9, 9, 9, 9, 9, 9]",0.735,0.6924,0.6994,0.6964,0.011223,0.00799111,0.0115755,0.0129813,"{""B2"": {""scale"": 0.0001, ""offset"": -0.1, ""source"": ""recorded (boa_offset_applied)""}, ""B3"": {""scale"": 0.0001, ""offset"": -0.1, ""source"": ""recorded (boa_offset_applied)""}, ""B4"": {""scale"": 0.0001, ""offset"": -0.1, ""source"": ""recorded (boa_offset_applied)""}, ""B8"": {""scale"": 0.0001, ""offset"": -0.1, ""source"": ""recorded (boa_offset_applied)""}}",excluded,SCL != 11 within 30 m
KAN_L,2020,S2B_22WEV_20200725_0_L2A,2020-07-25 15:23:57.534000+00:00,2020-07-25,02.14,86.1989,"14,15,16",213.474,109.538,0.486878,0.975633,67.0944,-49.9599,47.5061,"[9, 9, 9, 9, 9, 9, 9, 9, 9]",0.8122,0.7716,0.7807,0.7788,0.0120899,0.00837934,0.0119393,0.0133716,"{""B2"": {""scale"": 0.0001, ""offset"": 0.0, ""source"": ""recorded (baseline < 04.00)""}, ""B3"": {""scale"": 0.0001, ""offset"": 0.0, ""source"": ""recorded (baseline < 04.00)""}, ""B4"": {""scale"": 0.0001, ""offset"": 0.0, ""source"": ""recorded (baseline < 04.00)""}, ""B8"": {""scale"": 0.0001, ""offset"": 0.0, ""source"": ""recorded (baseline < 04.00)""}}",excluded,SCL != 11 within 30 m
KAN_L,2020,S2A_22WEV_20200727_0_L2A,2020-07-27 15:14:04.150000+00:00,2020-07-27,02.14,95.1208,"14,15,16",219.216,111.565,0.491074,0.990767,67.0944,-49.9599,47.9905,"[8, 8, 8, 11, 11, 8, 11, 11, 11]",0.8486,0.8404,0.8372,0.8258,0.00955721,0.00887383,0.010516,0.00860568,"{""B2"": {""scale"": 0.0001, ""offset"": 0.0, ""source"": ""recorded (baseline < 04.00)""}, ""B3"": {""scale"": 0.0001, ""offset"": 0.0, ""source"": ""recorded (baseline < 04.00)""}, ""B4"": {""scale"": 0.0001, ""offset"": 0.0, ""source"": ""recorded (baseline < 04.00)""}, ""B8"": {""scale"": 0.0001, ""offset"": 0.0, ""source"": ""recorded (baseline < 04.00)""}}",excluded,SCL != 11 within 30 m
KAN_L,2020,S2A_22WEV_20200727_1_L2A,2020-07-27 15:14:04.151000+00:00,2020-07-27,05.00,99.9782,"14,15,16",219.216,111.565,0.491074,0.990767,67.0944,-49.9599,47.9905,"[8, 8, 8, 10, 10, 8, 10, 10, 10]",0.772,0.7616,0.757,0.7458,0.00217892,0.00154632,0.00353871,0.00254927,"{""B2"": {""scale"": 0.0001, ""offset"": -0.1, ""source"": ""recorded (boa_offset_applied)""}, ""B3"": {""scale"": 0.0001, ""offset"": -0.1, ""source"": ""recorded (boa_offset_applied)""}, ""B4"": {""scale"": 0.0001, ""offset"": -0.1, ""source"": ""recorded (boa_offset_applied)""}, ""B8"": {""scale"": 0.0001, ""offset"": -0.1, ""source"": ""recorded (boa_offset_applied)""}}",excluded,SCL != 11 within 30 m
KAN_L,2020,S2B_22WEV_20200729_1_L2A,2020-07-29 15:04:03.246000+00:00,2020-07-29,05.00,19.4559,"14,15,16",717.089,351.772,0.509445,0.1215,67.0944,-49.9599,48.5491,"[11, 11, 11, 11, 11, 11, 11, 11, 11]",0.6723,0.6265,0.5374,0.3375,0.044132,0.0419373,0.0331239,0.0192954,"{""B2"": {""scale"": 0.0001, ""offset"": -0.1, ""source"": ""recorded (boa_offset_applied)""}, ""B3"": {""scale"": 0.0001, ""offset"": -0.1, ""source"": ""recorded (boa_offset_applied)""}, ""B4"": {""scale"": 0.0001, ""offset"": -0.1, ""source"": ""recorded (boa_offset_applied)""}, ""B8"": {""scale"": 0.0001, ""offset"": -0.1, ""source"": ""recorded (boa_offset_applied)""}}",valid,
KAN_L,2020,S2B_22WEV_20200729_0_L2A,2020-07-29 15:04:03.248000+00:00,2020-07-29,02.14,14.097,"14,15,16",717.089,351.772,0.509445,0.1215,67.0944,-49.9599,,,,,,,,,,,,excluded,station-day already has an acquisition
KAN_L,2020,S2A_22WEV_20200730_1_L2A,2020-07-30 15:24:00.985000+00:00,2020-07-30,05.00,20.9276,"14,15,16",711.603,346.939,0.512455,0.137367,67.0944,-49.9599,48.6613,"[11, 11, 11, 11, 11, 11, 11, 11, 11]",0.6161,0.6017,0.5236,0.3296,0.0464549,0.0419123,0.0315642,0.0186277,"{""B2"": {""scale"": 0.0001, ""offset"": -0.1, ""source"": ""recorded (boa_offset_applied)""}, ""B3"": {""scale"": 0.0001, ""offset"": -0.1, ""source"": ""recorded (boa_offset_applied)""}, ""B4"": {""scale"": 0.0001, ""offset"": -0.1, ""source"": ""recorded (boa_offset_applied)""}, ""B8"": {""scale"": 0.0001, ""offset"": -0.1, ""source"": ""recorded (boa_offset_applied)""}}",valid,
KAN_L,2020,S2A_22WEV_20200730_0_L2A,2020-07-30 15:24:00.987000+00:00,2020-07-30,02.14,14.1889,"14,15,16",711.603,346.939,0.512455,0.137367,67.0944,-49.9599,,,,,,,,,,,,excluded,station-day already has an acquisition
KAN_L,2020,S2B_22WEV_20200801_0_L2A,2020-08-01 15:14:01.442000+00:00,2020-08-01,02.14,88.0087,"14,15,16",302.038,156.44,0.482051,0.876067,67.0944,-49.9599,49.1961,"[9, 9, 9, 9, 9, 9, 9, 9, 9]",0.4995,0.5133,0.5114,0.4876,0.00828936,0.0076203,0.0074081,0.00825951,"{""B2"": {""scale"": 0.0001, ""offset"": 0.0, ""source"": ""recorded (baseline < 04.00)""}, ""B3"": {""scale"": 0.0001, ""offset"": 0.0, ""source"": ""recorded (baseline < 04.00)""}, ""B4"": {""scale"": 0.0001, ""offset"": 0.0, ""source"": ""recorded (baseline < 04.00)""}, ""B8"": {""scale"": 0.0001, ""offset"": 0.0, ""source"": ""recorded (baseline < 04.00)""}}",excluded,SCL != 11 within 30 m
KAN_L,2020,S2B_22WEV_20200801_1_L2A,2020-08-01 15:14:01.443000+00:00,2020-08-01,05.00,99.8431,"14,15,16",302.038,156.44,0.482051,0.876067,67.0944,-49.9599,49.1961,"[9, 9, 9, 9, 9, 9, 9, 9, 9]",0.4878,0.4735,0.4523,0.404,0.00657368,0.00606851,0.00651752,0.0074399,"{""B2"": {""scale"": 0.0001, ""offset"": -0.1, ""source"": ""recorded (boa_offset_applied)""}, ""B3"": {""scale"": 0.0001, ""offset"": -0.1, ""source"": ""recorded (boa_offset_applied)""}, ""B4"": {""scale"": 0.0001, ""offset"": -0.1, ""source"": ""recorded (boa_offset_applied)""}, ""B8"": {""scale"": 0.0001, ""offset"": -0.1, ""source"": ""recorded (boa_offset_applied)""}}",excluded,SCL != 11 within 30 m
KAN_L,2020,S2A_22WEV_20200803_0_L2A,2020-08-03 15:04:06.510000+00:00,2020-08-03,02.14,29.5338,"14,15,16",564.179,273.388,0.515423,0.6835,67.0944,-49.9599,49.8004,"[11, 11, 11, 11, 11, 11, 11, 11, 11]",0.7063,0.6994,0.6653,0.5728,0.00819983,0.00774775,0.00829176,0.0138998,"{""B2"": {""scale"": 0.0001, ""offset"": 0.0, ""source"": ""recorded (baseline < 04.00)""}, ""B3"": {""scale"": 0.0001, ""offset"": 0.0, ""source"": ""recorded (baseline < 04.00)""}, ""B4"": {""scale"": 0.0001, ""offset"": 0.0, ""source"": ""recorded (baseline < 04.00)""}, ""B8"": {""scale"": 0.0001, ""offset"": 0.0, ""source"": ""recorded (baseline < 04.00)""}}",valid,
KAN_L,2020,S2A_22WEV_20200803_1_L2A,2020-08-03 15:04:06.511000+00:00,2020-08-03,05.00,57.8417,"14,15,16",564.179,273.388,0.515423,0.6835,67.0944,-49.9599,,,,,,,,,,,,excluded,station-day already has an acquisition
KAN_L,2020,S2B_22WEV_20200804_1_L2A,2020-08-04 15:23:58.357000+00:00,2020-08-04,05.00,99.7721,"14,15,16",420.409,202.069,0.519352,0.8213,67.0944,-49.96,49.942,"[8, 8, 8, 8, 8, 8, 8, 8, 8]",0.5373,0.5028,0.4531,0.3347,0.00300777,0.00342018,0.00198724,0.00496968,"{""B2"": {""scale"": 0.0001, ""offset"": -0.1, ""source"": ""recorded (boa_offset_applied)""}, ""B3"": {""scale"": 0.0001, ""offset"": -0.1, ""source"": ""recorded (boa_offset_applied)""}, ""B4"": {""scale"": 0.0001, ""offset"": -0.1, ""source"": ""recorded (boa_offset_applied)""}, ""B8"": {""scale"": 0.0001, ""offset"": -0.1, ""source"": ""recorded (boa_offset_applied)""}}",excluded,SCL != 11 within 30 m
KAN_L,2020,S2B_22WEV_20200804_0_L2A,2020-08-04 15:23:58.358000+00:00,2020-08-04,02.14,95.6749,"14,15,16",420.409,202.069,0.519352,0.8213,67.0944,-49.96,49.942,"[11, 11, 11, 11, 11, 11, 11, 11, 11]",0.6224,0.5951,0.5459,0.4286,0.00390303,0.00381191,0.00251048,0.00530976,"{""B2"": {""scale"": 0.0001, ""offset"": 0.0, ""source"": ""recorded (baseline < 04.00)""}, ""B3"": {""scale"": 0.0001, ""offset"": 0.0, ""source"": ""recorded (baseline < 04.00)""}, ""B4"": {""scale"": 0.0001, ""offset"": 0.0, ""source"": ""recorded (baseline < 04.00)""}, ""B8"": {""scale"": 0.0001, ""offset"": 0.0, ""source"": ""recorded (baseline < 04.00)""}}",valid,
KAN_L,2020,S2A_22WEV_20200806_1_L2A,2020-08-06 15:14:04.500000+00:00,2020-08-06,05.00,98.3167,"14,15,16",470.099,221.277,0.529298,0.6763,67.0944,-49.96,50.5209,"[9, 9, 9, 9, 9, 9, 9, 9, 9]",0.5739,0.5796,0.5771,0.4872,0.0204276,0.0207131,0.0161292,0.0295915,"{""B2"": {""scale"": 0.0001, ""offset"": -0.1, ""source"": ""recorded (boa_offset_applied)""}, ""B3"": {""scale"": 0.0001, ""offset"": -0.1, ""source"": ""recorded (boa_offset_applied)""}, ""B4"": {""scale"": 0.0001, ""offset"": -0.1, ""source"": ""recorded (boa_offset_applied)""}, ""B8"": {""scale"": 0.0001, ""offset"": -0.1, ""source"": ""recorded (boa_offset_applied)""}}",excluded,SCL != 11 within 30 m
KAN_L,2020,S2A_22WEV_20200806_0_L2A,2020-08-06 15:14:04.500000+00:00,2020-08-06,02.14,65.0118,"14,15,16",470.099,221.277,0.529298,0.6763,67.0944,-49.96,50.5209,"[9, 9, 9, 9, 9, 9, 9, 9, 9]",0.6451,0.6725,0.6801,0.5927,0.0258697,0.0249999,0.0187675,0.0330636,"{""B2"": {""scale"": 0.0001, ""offset"": 0.0, ""source"": ""recorded (baseline < 04.00)""}, ""B3"": {""scale"": 0.0001, ""offset"": 0.0, ""source"": ""recorded (baseline < 04.00)""}, ""B4"": {""scale"": 0.0001, ""offset"": 0.0, ""source"": ""recorded (baseline < 04.00)""}, ""B8"": {""scale"": 0.0001, ""offset"": 0.0, ""source"": ""recorded (baseline < 04.00)""}}",excluded,SCL != 11 within 30 m
KAN_L,2020,S2B_22WEV_20200808_0_L2A,2020-08-08 15:04:03.911000+00:00,2020-08-08,02.14,96.8477,"14,15,16",471.744,178.206,0.62224,0.561267,67.0944,-49.96,51.1673,"[8, 8, 8, 8, 8, 8, 8, 8, 8]",0.8394,0.7644,0.7131,0.6549,0.00229975,0.00239139,0.00191588,0.00186217,"{""B2"": {""scale"": 0.0001, ""offset"": 0.0, ""source"": ""recorded (baseline < 04.00)""}, ""B3"": {""scale"": 0.0001, ""offset"": 0.0, ""source"": ""recorded (baseline < 04.00)""}, ""B4"": {""scale"": 0.0001, ""offset"": 0.0, ""source"": ""recorded (baseline < 04.00)""}, ""B8"": {""scale"": 0.0001, ""offset"": 0.0, ""source"": ""recorded (baseline < 04.00)""}}",excluded,SCL != 11 within 30 m
KAN_L,2020,S2B_22WEV_20200808_1_L2A,2020-08-08 15:04:03.912000+00:00,2020-08-08,05.00,98.0944,"14,15,16",471.744,178.206,0.62224,0.561267,67.0944,-49.96,51.1673,"[8, 8, 8, 8, 8, 8, 8, 8, 8]",0.6526,0.6072,0.5737,0.5336,0.00197641,0.00190962,0.00164008,0.0017681,"{""B2"": {""scale"": 0.0001, ""offset"": -0.1, ""source"": ""recorded (boa_offset_applied)""}, ""B3"": {""scale"": 0.0001, ""offset"": -0.1, ""source"": ""recorded (boa_offset_applied)""}, ""B4"": {""scale"": 0.0001, ""offset"": -0.1, ""source"": ""recorded (boa_offset_applied)""}, ""B8"": {""scale"": 0.0001, ""offset"": -0.1, ""source"": ""recorded (boa_offset_applied)""}}",excluded,SCL != 11 within 30 m
KAN_L,2020,S2A_22WEV_20200809_1_L2A,2020-08-09 15:24:01.205000+00:00,2020-08-09,05.00,97.1901,"14,15,16",228.402,79.0246,0.654012,0.966367,67.0944,-49.96,51.3376,"[8, 8, 8, 8, 8, 8, 8, 8, 8]",0.6628,0.6836,0.668,0.677,0.00148773,0.000722818,0.00139665,0.000923768,"{""B2"": {""scale"": 0.0001, ""offset"": -0.1, ""source"": ""recorded (boa_offset_applied)""}, ""B3"": {""scale"": 0.0001, ""offset"": -0.1, ""source"": ""recorded (boa_offset_applied)""}, ""B4"": {""scale"": 0.0001, ""offset"": -0.1, ""source"": ""recorded (boa_offset_applied)""}, ""B8"": {""scale"": 0.0001, ""offset"": -0.1, ""source"": ""recorded (boa_offset_applied)""}}",excluded,SCL != 11 within 30 m
KAN_L,2020,S2A_22WEV_20200809_0_L2A,2020-08-09 15:24:01.207000+00:00,2020-08-09,02.14,86.0876,"14,15,16",228.402,79.0246,0.654012,0.966367,67.0944,-49.96,51.3376,"[8, 8, 8, 8, 8, 8, 8, 8, 8]",0.7682,0.7563,0.7663,0.7711,0.00156213,0.00100566,0.00137518,0.00090034,"{""B2"": {""scale"": 0.0001, ""offset"": 0.0, ""source"": ""recorded (baseline < 04.00)""}, ""B3"": {""scale"": 0.0001, ""offset"": 0.0, ""source"": ""recorded (baseline < 04.00)""}, ""B4"": {""scale"": 0.0001, ""offset"": 0.0, ""source"": ""recorded (baseline < 04.00)""}, ""B8"": {""scale"": 0.0001, ""offset"": 0.0, ""source"": ""recorded (baseline < 04.00)""}}",excluded,SCL != 11 within 30 m
KAN_L,2020,S2B_22WEV_20200811_0_L2A,2020-08-11 15:14:01.941000+00:00,2020-08-11,02.14,11.9113,"14,15,16",685.805,172.393,0.748627,0.0272,67.0944,-49.96,51.9559,"[11, 11, 11, 11, 11, 11, 11, 11, 11]",0.8625,0.8487,0.846,0.7895,0.0470265,0.0488823,0.0454339,0.0397939,"{""B2"": {""scale"": 0.0001, ""offset"": 0.0, ""source"": ""recorded (baseline < 04.00)""}, ""B3"": {""scale"": 0.0001, ""offset"": 0.0, ""source"": ""recorded (baseline < 04.00)""}, ""B4"": {""scale"": 0.0001, ""offset"": 0.0, ""source"": ""recorded (baseline < 04.00)""}, ""B8"": {""scale"": 0.0001, ""offset"": 0.0, ""source"": ""recorded (baseline < 04.00)""}}",valid,
KAN_L,2020,S2B_22WEV_20200811_1_L2A,2020-08-11 15:14:01.942000+00:00,2020-08-11,05.00,34.3023,"14,15,16",685.805,172.393,0.748627,0.0272,67.0944,-49.96,,,,,,,,,,,,excluded,station-day already has an acquisition
KAN_L,2020,S2A_22WEV_20200813_0_L2A,2020-08-13 15:04:06.502000+00:00,2020-08-13,02.14,11.7923,"14,15,16",668.996,260.666,0.610362,0.0864667,67.0944,-49.96,52.6371,"[11, 11, 11, 11, 11, 11, 11, 11, 11]",0.8594,0.8454,0.8063,0.646,0.0409005,0.0403608,0.029525,0.0182086,"{""B2"": {""scale"": 0.0001, ""offset"": 0.0, ""source"": ""recorded (baseline < 04.00)""}, ""B3"": {""scale"": 0.0001, ""offset"": 0.0, ""source"": ""recorded (baseline < 04.00)""}, ""B4"": {""scale"": 0.0001, ""offset"": 0.0, ""source"": ""recorded (baseline < 04.00)""}, ""B8"": {""scale"": 0.0001, ""offset"": 0.0, ""source"": ""recorded (baseline < 04.00)""}}",valid,
KAN_L,2020,S2A_22WEV_20200813_1_L2A,2020-08-13 15:04:06.503000+00:00,2020-08-13,05.00,30.5873,"14,15,16",668.996,260.666,0.610362,0.0864667,67.0944,-49.96,,,,,,,,,,,,excluded,station-day already has an acquisition
KAN_L,2020,S2B_22WEV_20200814_1_L2A,2020-08-14 15:23:58.703000+00:00,2020-08-14,05.00,94.2979,"14,15,16",490.303,209.866,0.571967,0.777467,67.0944,-49.96,52.8379,"[10, 10, 10, 10, 10, 10, 10, 10, 10]",0.6992,0.6604,0.6312,0.5478,0.00242212,0.00152154,0.00186137,0.00173334,"{""B2"": {""scale"": 0.0001, ""offset"": -0.1, ""source"": ""recorded (boa_offset_applied)""}, ""B3"": {""scale"": 0.0001, ""offset"": -0.1, ""source"": ""recorded (boa_offset_applied)""}, ""B4"": {""scale"": 0.0001, ""offset"": -0.1, ""source"": ""recorded (boa_offset_applied)""}, ""B8"": {""scale"": 0.0001, ""offset"": -0.1, ""source"": ""recorded (boa_offset_applied)""}}",excluded,SCL != 11 within 30 m
KAN_L,2020,S2B_22WEV_20200814_0_L2A,2020-08-14 15:23:58.704000+00:00,2020-08-14,02.14,44.9135,"14,15,16",490.303,209.866,0.571967,0.777467,67.0944,-49.96,52.8379,"[11, 11, 11, 11, 11, 11, 11, 11, 11]",0.7207,0.7002,0.6845,0.616,0.00356156,0.00175,0.00200283,0.00137256,"{""B2"": {""scale"": 0.0001, ""offset"": 0.0, ""source"": ""recorded (baseline < 04.00)""}, ""B3"": {""scale"": 0.0001, ""offset"": 0.0, ""source"": ""recorded (baseline < 04.00)""}, ""B4"": {""scale"": 0.0001, ""offset"": 0.0, ""source"": ""recorded (baseline < 04.00)""}, ""B8"": {""scale"": 0.0001, ""offset"": 0.0, ""source"": ""recorded (baseline < 04.00)""}}",valid,
KAN_L,2020,S2A_22WEV_20200816_0_L2A,2020-08-16 15:14:04.371000+00:00,2020-08-16,02.14,0.461727,"14,15,16",658.105,236.432,0.640738,0.00633333,67.0944,-49.96,,,,,,,,,,,,excluded,"read failed: RasterioIOError: '/vsis3/sentinel-s2-l2a/tiles/22/W/EV/2020/8/16/0/R10m/B02.jp2' does not exist in the file system, and is not recognized as a supported dataset name."
KAN_L,2020,S2A_22WEV_20200816_1_L2A,2020-08-16 15:14:04.372000+00:00,2020-08-16,05.00,0.363244,"14,15,16",658.105,236.432,0.640738,0.00633333,67.0944,-49.96,53.4895,"[11, 11, 11, 11, 11, 11, 11, 11, 11]",0.6832,0.6644,0.6244,0.5015,0.0556393,0.0500214,0.045678,0.0366439,"{""B2"": {""scale"": 0.0001, ""offset"": -0.1, ""source"": ""recorded (boa_offset_applied)""}, ""B3"": {""scale"": 0.0001, ""offset"": -0.1, ""source"": ""recorded (boa_offset_applied)""}, ""B4"": {""scale"": 0.0001, ""offset"": -0.1, ""source"": ""recorded (boa_offset_applied)""}, ""B8"": {""scale"": 0.0001, ""offset"": -0.1, ""source"": ""recorded (boa_offset_applied)""}}",valid,
KAN_L,2020,S2B_22WEV_20200818_1_L2A,2020-08-18 15:04:04.114000+00:00,2020-08-18,05.00,9.50733,"14,15,16",641.99,286.094,0.554364,0.238033,67.0944,-49.96,54.2016,"[11, 11, 11, 11, 11, 11, 11, 11, 11]",0.6602,0.6202,0.5484,0.3413,0.0519691,0.053055,0.0428067,0.0268814,"{""B2"": {""scale"": 0.0001, ""offset"": -0.1, ""source"": ""recorded (boa_offset_applied)""}, ""B3"": {""scale"": 0.0001, ""offset"": -0.1, ""source"": ""recorded (boa_offset_applied)""}, ""B4"": {""scale"": 0.0001, ""offset"": -0.1, ""source"": ""recorded (boa_offset_applied)""}, ""B8"": {""scale"": 0.0001, ""offset"": -0.1, ""source"": ""recorded (boa_offset_applied)""}}",valid,
KAN_L,2020,S2B_22WEV_20200818_0_L2A,2020-08-18 15:04:04.114000+00:00,2020-08-18,02.14,2.2079,"14,15,16",641.99,286.094,0.554364,0.238033,67.0944,-49.96,,,,,,,,,,,,excluded,station-day already has an acquisition
KAN_L,2020,S2A_22WEV_20200819_1_L2A,2020-08-19 15:24:00.976000+00:00,2020-08-19,05.00,7.37979,"14,15,16",639.726,298.909,0.532754,0.1803,67.0944,-49.96,54.4321,"[11, 11, 11, 11, 11, 11, 11, 11, 11]",0.6398,0.6078,0.5197,0.2947,0.057095,0.051892,0.0439974,0.0248573,"{""B2"": {""scale"": 0.0001, ""offset"": -0.1, ""source"": ""recorded (boa_offset_applied)""}, ""B3"": {""scale"": 0.0001, ""offset"": -0.1, ""source"": ""recorded (boa_offset_applied)""}, ""B4"": {""scale"": 0.0001, ""offset"": -0.1, ""source"": ""recorded (boa_offset_applied)""}, ""B8"": {""scale"": 0.0001, ""offset"": -0.1, ""source"": ""recorded (boa_offset_applied)""}}",valid,
KAN_L,2020,S2A_22WEV_20200819_0_L2A,2020-08-19 15:24:00.979000+00:00,2020-08-19,02.14,2.38719,"14,15,16",639.726,298.909,0.532754,0.1803,67.0944,-49.96,,,,,,,,,,,,excluded,station-day already has an acquisition
KAN_L,2020,S2B_22WEV_20200821_0_L2A,2020-08-21 15:14:02.037000+00:00,2020-08-21,02.14,2.15395,"14,15,16",626.057,289.454,0.537656,0.128033,67.0944,-49.9601,55.1121,"[11, 11, 11, 11, 11, 11, 11, 11, 11]",0.6784,0.6462,0.5745,0.3821,0.0651486,0.0599844,0.0514608,0.0336659,"{""B2"": {""scale"": 0.0001, ""offset"": 0.0, ""source"": ""recorded (baseline < 04.00)""}, ""B3"": {""scale"": 0.0001, ""offset"": 0.0, ""source"": ""recorded (baseline < 04.00)""}, ""B4"": {""scale"": 0.0001, ""offset"": 0.0, ""source"": ""recorded (baseline < 04.00)""}, ""B8"": {""scale"": 0.0001, ""offset"": 0.0, ""source"": ""recorded (baseline < 04.00)""}}",valid,
KAN_L,2020,S2B_22WEV_20200821_1_L2A,2020-08-21 15:14:02.039000+00:00,2020-08-21,05.00,2.28515,"14,15,16",626.057,289.454,0.537656,0.128033,67.0944,-49.9601,,,,,,,,,,,,excluded,station-day already has an acquisition
KAN_L,2020,S2A_22WEV_20200823_1_L2A,2020-08-23 15:04:06.111000+00:00,2020-08-23,05.00,0.128183,"14,15,16",617.505,292.725,0.525956,0.154867,67.0944,-49.9601,55.8488,"[11, 11, 11, 11, 11, 11, 11, 11, 11]",0.6146,0.5862,0.5117,0.3157,0.0684621,0.0631927,0.054664,0.0336764,"{""B2"": {""scale"": 0.0001, ""offset"": -0.1, ""source"": ""recorded (boa_offset_applied)""}, ""B3"": {""scale"": 0.0001, ""offset"": -0.1, ""source"": ""recorded (boa_offset_applied)""}, ""B4"": {""scale"": 0.0001, ""offset"": -0.1, ""source"": ""recorded (boa_offset_applied)""}, ""B8"": {""scale"": 0.0001, ""offset"": -0.1, ""source"": ""recorded (boa_offset_applied)""}}",valid,
KAN_L,2020,S2A_22WEV_20200823_0_L2A,2020-08-23 15:04:06.111000+00:00,2020-08-23,02.14,0.421995,"14,15,16",617.505,292.725,0.525956,0.154867,67.0944,-49.9601,,,,,,,,,,,,excluded,station-day already has an acquisition
KAN_L,2020,S2B_22WEV_20200824_1_L2A,2020-08-24 15:23:58.665000+00:00,2020-08-24,05.00,4.54504,"14,15,16",572.704,270.221,0.528166,0.264067,67.0944,-49.9601,56.1096,"[11, 11, 11, 11, 11, 11, 11, 11, 11]",0.5708,0.5523,0.4871,0.3146,0.0541922,0.051738,0.0439605,0.0290481,"{""B2"": {""scale"": 0.0001, ""offset"": -0.1, ""source"": ""recorded (boa_offset_applied)""}, ""B3"": {""scale"": 0.0001, ""offset"": -0.1, ""source"": ""recorded (boa_offset_applied)""}, ""B4"": {""scale"": 0.0001, ""offset"": -0.1, ""source"": ""recorded (boa_offset_applied)""}, ""B8"": {""scale"": 0.0001, ""offset"": -0.1, ""source"": ""recorded (boa_offset_applied)""}}",valid,
KAN_L,2020,S2B_22WEV_20200824_0_L2A,2020-08-24 15:23:58.667000+00:00,2020-08-24,02.14,3.75583,"14,15,16",572.704,270.221,0.528166,0.264067,67.0944,-49.9601,,,,,,,,,,,,excluded,station-day already has an acquisition
KAN_L,2020,S2A_22WEV_20200826_2_L2A,2020-08-26 15:14:02.201000+00:00,2020-08-26,05.00,20.309,"14,15,16",608.472,276.391,0.545763,0.220467,67.0944,-49.9601,56.8127,"[11, 11, 11, 11, 11, 11, 11, 11, 11]",0.7024,0.6426,0.5744,0.3951,0.121689,0.113115,0.0944368,0.0754046,"{""B2"": {""scale"": 0.0001, ""offset"": -0.1, ""source"": ""recorded (boa_offset_applied)""}, ""B3"": {""scale"": 0.0001, ""offset"": -0.1, ""source"": ""recorded (boa_offset_applied)""}, ""B4"": {""scale"": 0.0001, ""offset"": -0.1, ""source"": ""recorded (boa_offset_applied)""}, ""B8"": {""scale"": 0.0001, ""offset"": -0.1, ""source"": ""recorded (boa_offset_applied)""}}",valid,
KAN_L,2020,S2A_22WEV_20200826_0_L2A,2020-08-26 15:14:02.205000+00:00,2020-08-26,02.14,15.6855,"14,15,16",608.472,276.391,0.545763,0.220467,67.0944,-49.9601,,,,,,,,,,,,excluded,station-day already has an acquisition
KAN_L,2020,S2B_22WEV_20200828_1_L2A,2020-08-28 15:04:03.878000+00:00,2020-08-28,05.00,62.4717,"14,15,16",491.415,225.517,0.541086,0.402367,67.0944,-49.9601,57.5699,"[8, 8, 8, 8, 8, 8, 8, 8, 8]",0.5368,0.4698,0.4156,0.3388,0.00371634,0.00636928,0.00666575,0.0100311,"{""B2"": {""scale"": 0.0001, ""offset"": -0.1, ""source"": ""recorded (boa_offset_applied)""}, ""B3"": {""scale"": 0.0001, ""offset"": -0.1, ""source"": ""recorded (boa_offset_applied)""}, ""B4"": {""scale"": 0.0001, ""offset"": -0.1, ""source"": ""recorded (boa_offset_applied)""}, ""B8"": {""scale"": 0.0001, ""offset"": -0.1, ""source"": ""recorded (boa_offset_applied)""}}",excluded,SCL != 11 within 30 m
KAN_L,2020,S2B_22WEV_20200828_0_L2A,2020-08-28 15:04:03.879000+00:00,2020-08-28,02.14,35.9071,"14,15,16",491.415,225.517,0.541086,0.402367,67.0944,-49.9601,57.5699,"[8, 8, 8, 8, 8, 8, 8, 8, 8]",0.6216,0.5738,0.5238,0.4482,0.00449092,0.00766228,0.0080857,0.0110022,"{""B2"": {""scale"": 0.0001, ""offset"": 0.0, ""source"": ""recorded (baseline < 04.00)""}, ""B3"": {""scale"": 0.0001, ""offset"": 0.0, ""source"": ""recorded (baseline < 04.00)""}, ""B4"": {""scale"": 0.0001, ""offset"": 0.0, ""source"": ""recorded (baseline < 04.00)""}, ""B8"": {""scale"": 0.0001, ""offset"": 0.0, ""source"": ""recorded (baseline < 04.00)""}}",excluded,SCL != 11 within 30 m
KAN_L,2020,S2A_22WEV_20200829_3_L2A,2020-08-29 15:24:00.295000+00:00,2020-08-29,05.00,99.9924,"14,15,16",133.95,60.4806,0.548483,0.9565,67.0944,-49.9601,57.8598,"[8, 8, 8, 8, 8, 8, 8, 8, 8]",0.785,0.775,0.774,0.7876,0.00174355,0.00164654,0.00100664,0.00128927,"{""B2"": {""scale"": 0.0001, ""offset"": -0.1, ""source"": ""recorded (boa_offset_applied)""}, ""B3"": {""scale"": 0.0001, ""offset"": -0.1, ""source"": ""recorded (boa_offset_applied)""}, ""B4"": {""scale"": 0.0001, ""offset"": -0.1, ""source"": ""recorded (boa_offset_applied)""}, ""B8"": {""scale"": 0.0001, ""offset"": -0.1, ""source"": ""recorded (boa_offset_applied)""}}",excluded,SCL != 11 within 30 m
KAN_L,2020,S2A_22WEV_20200829_0_L2A,2020-08-29 15:24:00.296000+00:00,2020-08-29,02.14,95.6817,"14,15,16",133.95,60.4806,0.548483,0.9565,67.0944,-49.9601,57.8598,"[8, 8, 8, 8, 8, 8, 8, 8, 8]",0.8936,0.883,0.8726,0.8792,0.00201207,0.00202014,0.00111467,0.00106666,"{""B2"": {""scale"": 0.0001, ""offset"": 0.0, ""source"": ""recorded (baseline < 04.00)""}, ""B3"": {""scale"": 0.0001, ""offset"": 0.0, ""source"": ""recorded (baseline < 04.00)""}, ""B4"": {""scale"": 0.0001, ""offset"": 0.0, ""source"": ""recorded (baseline < 04.00)""}, ""B8"": {""scale"": 0.0001, ""offset"": 0.0, ""source"": ""recorded (baseline < 04.00)""}}",excluded,SCL != 11 within 30 m
KAN_L,2020,S2B_22WEV_20200831_0_L2A,2020-08-31 15:14:01.688000+00:00,2020-08-31,02.14,45.1447,"14,15,16",479.714,245.527,0.488181,0.6784,67.0944,-49.9601,58.5811,"[9, 9, 9, 9, 9, 9, 9, 9, 9]",0.6895,0.6621,0.6355,0.56,0.0101443,0.0100463,0.0108459,0.0126644,"{""B2"": {""scale"": 0.0001, ""offset"": 0.0, ""source"": ""recorded (baseline < 04.00)""}, ""B3"": {""scale"": 0.0001, ""offset"": 0.0, ""source"": ""recorded (baseline < 04.00)""}, ""B4"": {""scale"": 0.0001, ""offset"": 0.0, ""source"": ""recorded (baseline < 04.00)""}, ""B8"": {""scale"": 0.0001, ""offset"": 0.0, ""source"": ""recorded (baseline < 04.00)""}}",excluded,SCL != 11 within 30 m
KAN_L,2020,S2B_22WEV_20200831_1_L2A,2020-08-31 15:14:01.690000+00:00,2020-08-31,05.00,57.2104,"14,15,16",479.714,245.527,0.488181,0.6784,67.0944,-49.9601,58.5811,"[9, 9, 9, 9, 9, 9, 9, 9, 9]",0.6818,0.6226,0.5767,0.4806,0.0106025,0.00950473,0.00950041,0.0116407,"{""B2"": {""scale"": 0.0001, ""offset"": -0.1, ""source"": ""recorded (boa_offset_applied)""}, ""B3"": {""scale"": 0.0001, ""offset"": -0.1, ""source"": ""recorded (boa_offset_applied)""}, ""B4"": {""scale"": 0.0001, ""offset"": -0.1, ""source"": ""recorded (boa_offset_applied)""}, ""B8"": {""scale"": 0.0001, ""offset"": -0.1, ""source"": ""recorded (boa_offset_applied)""}}",excluded,SCL != 11 within 30 m
KAN_L,2021,S2A_22WEV_20210602_1_L2A,2021-06-02 15:13:59.360000+00:00,2021-06-02,05.00,44.8895,,,,,,,,,,,,,,,,,,,excluded,station: snow_height >= 0.02 m or missing
KAN_L,2021,S2A_22WEV_20210602_0_L2A,2021-06-02 15:13:59.360000+00:00,2021-06-02,03.00,1.09086,,,,,,,,,,,,,,,,,,,excluded,station: snow_height >= 0.02 m or missing
KAN_L,2021,S2B_22WEV_20210604_1_L2A,2021-06-04 15:04:01.553000+00:00,2021-06-04,05.00,2.01393,,,,,,,,,,,,,,,,,,,excluded,station: dsr_cor/usr_cor missing in the 3 overpass hours
KAN_L,2021,S2B_22WEV_20210604_0_L2A,2021-06-04 15:04:01.554000+00:00,2021-06-04,03.00,1.29475,,,,,,,,,,,,,,,,,,,excluded,station: dsr_cor/usr_cor missing in the 3 overpass hours
KAN_L,2021,S2A_22WEV_20210605_1_L2A,2021-06-05 15:23:56.015000+00:00,2021-06-05,05.00,39.0285,"14,15,16",753.174,373.534,0.504053,0.401667,67.0942,-49.9619,44.6242,"[11, 11, 11, 11, 11, 11, 11, 11, 11]",0.7022,0.6966,0.6276,0.4177,0.0188748,0.0209356,0.0157852,0.00692438,"{""B2"": {""scale"": 0.0001, ""offset"": -0.1, ""source"": ""recorded (boa_offset_applied)""}, ""B3"": {""scale"": 0.0001, ""offset"": -0.1, ""source"": ""recorded (boa_offset_applied)""}, ""B4"": {""scale"": 0.0001, ""offset"": -0.1, ""source"": ""recorded (boa_offset_applied)""}, ""B8"": {""scale"": 0.0001, ""offset"": -0.1, ""source"": ""recorded (boa_offset_applied)""}}",valid,
KAN_L,2021,S2A_22WEV_20210605_0_L2A,2021-06-05 15:23:56.015000+00:00,2021-06-05,03.00,31.3662,"14,15,16",753.174,373.534,0.504053,0.401667,67.0942,-49.9619,,,,,,,,,,,,excluded,station-day already has an acquisition
KAN_L,2021,S2B_22WEV_20210607_2_L2A,2021-06-07 15:13:56.332000+00:00,2021-06-07,05.00,9.19896,"14,15,16",790.66,388.793,0.508269,0.144033,67.0942,-49.9619,44.4041,"[11, 11, 11, 11, 11, 11, 11, 11, 11]",0.6252,0.6156,0.5465,0.3673,0.038743,0.0339775,0.0256721,0.0146357,"{""B2"": {""scale"": 0.0001, ""offset"": -0.1, ""source"": ""recorded (boa_offset_applied)""}, ""B3"": {""scale"": 0.0001, ""offset"": -0.1, ""source"": ""recorded (boa_offset_applied)""}, ""B4"": {""scale"": 0.0001, ""offset"": -0.1, ""source"": ""recorded (boa_offset_applied)""}, ""B8"": {""scale"": 0.0001, ""offset"": -0.1, ""source"": ""recorded (boa_offset_applied)""}}",valid,
KAN_L,2021,S2B_22WEV_20210607_0_L2A,2021-06-07 15:13:56.333000+00:00,2021-06-07,03.00,2.47372,"14,15,16",790.66,388.793,0.508269,0.144033,67.0942,-49.9619,,,,,,,,,,,,excluded,station-day already has an acquisition
KAN_L,2021,S2B_22WEV_20210607_1_L2A,2021-06-07 15:14:02.716000+00:00,2021-06-07,03.00,23.0472,"14,15,16",790.66,388.793,0.508269,0.144033,67.0942,-49.9619,,,,,,,,,,,,excluded,station-day already has an acquisition
KAN_L,2021,S2B_22WEV_20210607_3_L2A,2021-06-07 15:14:02.717000+00:00,2021-06-07,05.00,32.3105,"14,15,16",790.66,388.793,0.508269,0.144033,67.0942,-49.9619,,,,,,,,,,,,excluded,station-day already has an acquisition
KAN_L,2021,S2A_22WEV_20210609_1_L2A,2021-06-09 15:04:01.274000+00:00,2021-06-09,05.00,28.5551,"14,15,16",794.437,396.72,0.500627,0.178333,67.0942,-49.9619,44.2699,"[11, 11, 11, 11, 11, 11, 11, 11, 11]",0.7486,0.7022,0.6046,0.3942,0.0281243,0.0265959,0.0194815,0.0113114,"{""B2"": {""scale"": 0.0001, ""offset"": -0.1, ""source"": ""recorded (boa_offset_applied)""}, ""B3"": {""scale"": 0.0001, ""offset"": -0.1, ""source"": ""recorded (boa_offset_applied)""}, ""B4"": {""scale"": 0.0001, ""offset"": -0.1, ""source"": ""recorded (boa_offset_applied)""}, ""B8"": {""scale"": 0.0001, ""offset"": -0.1, ""source"": ""recorded (boa_offset_applied)""}}",valid,
KAN_L,2021,S2A_22WEV_20210609_0_L2A,2021-06-09 15:04:01.275000+00:00,2021-06-09,03.00,10.7978,"14,15,16",794.437,396.72,0.500627,0.178333,67.0942,-49.9619,,,,,,,,,,,,excluded,station-day already has an acquisition
KAN_L,2021,S2B_22WEV_20210610_0_L2A,2021-06-10 15:23:56.306000+00:00,2021-06-10,03.00,5.7591,"14,15,16",795.784,392.253,0.507087,0.13,67.0942,-49.9619,44.1308,"[11, 11, 11, 11, 11, 11, 11, 11, 11]",0.7406,0.7122,0.6422,0.4748,0.0480848,0.0417273,0.0363778,0.0232431,"{""B2"": {""scale"": 0.0001, ""offset"": 0.0, ""source"": ""recorded (baseline < 04.00)""}, ""B3"": {""scale"": 0.0001, ""offset"": 0.0, ""source"": ""recorded (baseline < 04.00)""}, ""B4"": {""scale"": 0.0001, ""offset"": 0.0, ""source"": ""recorded (baseline < 04.00)""}, ""B8"": {""scale"": 0.0001, ""offset"": 0.0, ""source"": ""recorded (baseline < 04.00)""}}",valid,
KAN_L,2021,S2B_22WEV_20210610_1_L2A,2021-06-10 15:23:56.307000+00:00,2021-06-10,05.00,19.8015,"14,15,16",795.784,392.253,0.507087,0.13,67.0942,-49.9619,,,,,,,,,,,,excluded,station-day already has an acquisition
KAN_L,2021,S2A_22WEV_20210612_1_L2A,2021-06-12 15:13:59.066000+00:00,2021-06-12,05.00,89.7519,"14,15,16",449.82,210.884,0.531182,0.740933,67.0942,-49.9619,43.9827,"[9, 9, 9, 9, 9, 9, 9, 9, 9]",0.6534,0.6358,0.626,0.5971,0.00358489,0.00323468,0.0047124,0.0050837,"{""B2"": {""scale"": 0.0001, ""offset"": -0.1, ""source"": ""recorded (boa_offset_applied)""}, ""B3"": {""scale"": 0.0001, ""offset"": -0.1, ""source"": ""recorded (boa_offset_applied)""}, ""B4"": {""scale"": 0.0001, ""offset"": -0.1, ""source"": ""recorded (boa_offset_applied)""}, ""B8"": {""scale"": 0.0001, ""offset"": -0.1, ""source"": ""recorded (boa_offset_applied)""}}",excluded,SCL != 11 within 30 m
KAN_L,2021,S2A_22WEV_20210612_0_L2A,2021-06-12 15:13:59.066000+00:00,2021-06-12,03.00,57.5358,"14,15,16",449.82,210.884,0.531182,0.740933,67.0942,-49.9619,43.9827,"[9, 9, 9, 9, 9, 9, 9, 9, 9]",0.6719,0.6861,0.706,0.7078,0.003931,0.00411766,0.00526182,0.00564298,"{""B2"": {""scale"": 0.0001, ""offset"": 0.0, ""source"": ""recorded (baseline < 04.00)""}, ""B3"": {""scale"": 0.0001, ""offset"": 0.0, ""source"": ""recorded (baseline < 04.00)""}, ""B4"": {""scale"": 0.0001, ""offset"": 0.0, ""source"": ""recorded (baseline < 04.00)""}, ""B8"": {""scale"": 0.0001, ""offset"": 0.0, ""source"": ""recorded (baseline < 04.00)""}}",excluded,SCL != 11 within 30 m
KAN_L,2021,S2B_22WEV_20210614_1_L2A,2021-06-14 15:04:01.615000+00:00,2021-06-14,05.00,23.172,"14,15,16",788.43,356.079,0.548369,0.0175333,67.0942,-49.9619,43.9221,"[11, 11, 11, 11, 11, 11, 11, 11, 11]",0.6419,0.6217,0.5692,0.4337,0.0469447,0.0474022,0.0340865,0.0257186,"{""B2"": {""scale"": 0.0001, ""offset"": -0.1, ""source"": ""recorded (boa_offset_applied)""}, ""B3"": {""scale"": 0.0001, ""offset"": -0.1, ""source"": ""recorded (boa_offset_applied)""}, ""B4"": {""scale"": 0.0001, ""offset"": -0.1, ""source"": ""recorded (boa_offset_applied)""}, ""B8"": {""scale"": 0.0001, ""offset"": -0.1, ""source"": ""recorded (boa_offset_applied)""}}",valid,
KAN_L,2021,S2B_22WEV_20210614_0_L2A,2021-06-14 15:04:01.616000+00:00,2021-06-14,03.00,5.60362,"14,15,16",788.43,356.079,0.548369,0.0175333,67.0942,-49.9619,,,,,,,,,,,,excluded,station-day already has an acquisition
KAN_L,2021,S2A_22WEV_20210615_1_L2A,2021-06-15 15:23:55.548000+00:00,2021-06-15,05.00,95.3188,"14,15,16",487.767,221.013,0.546889,0.755433,67.0942,-49.962,43.806,"[8, 8, 8, 8, 8, 8, 8, 8, 8]",0.522,0.4777,0.4362,0.3414,0.00217511,0.00120625,0.00226918,0.00258801,"{""B2"": {""scale"": 0.0001, ""offset"": -0.1, ""source"": ""recorded (boa_offset_applied)""}, ""B3"": {""scale"": 0.0001, ""offset"": -0.1, ""source"": ""recorded (boa_offset_applied)""}, ""B4"": {""scale"": 0.0001, ""offset"": -0.1, ""source"": ""recorded (boa_offset_applied)""}, ""B8"": {""scale"": 0.0001, ""offset"": -0.1, ""source"": ""recorded (boa_offset_applied)""}}",excluded,SCL != 11 within 30 m
KAN_L,2021,S2A_22WEV_20210615_0_L2A,2021-06-15 15:23:55.548000+00:00,2021-06-15,03.00,55.6966,"14,15,16",487.767,221.013,0.546889,0.755433,67.0942,-49.962,43.806,"[11, 11, 11, 11, 11, 11, 11, 11, 11]",0.5357,0.5112,0.4843,0.4095,0.00298283,0.00159242,0.00287673,0.00283353,"{""B2"": {""scale"": 0.0001, ""offset"": 0.0, ""source"": ""recorded (baseline < 04.00)""}, ""B3"": {""scale"": 0.0001, ""offset"": 0.0, ""source"": ""recorded (baseline < 04.00)""}, ""B4"": {""scale"": 0.0001, ""offset"": 0.0, ""source"": ""recorded (baseline < 04.00)""}, ""B8"": {""scale"": 0.0001, ""offset"": 0.0, ""source"": ""recorded (baseline < 04.00)""}}",valid,
KAN_L,2021,S2B_22WEV_20210617_0_L2A,2021-06-17 15:13:59.437000+00:00,2021-06-17,03.00,43.0128,"14,15,16",654.288,281.546,0.569691,0.3876,67.0942,-49.962,43.7321,"[8, 8, 8, 8, 8, 8, 8, 8, 8]",0.7686,0.7424,0.7165,0.6272,0.0177859,0.0118043,0.010959,0.0122775,"{""B2"": {""scale"": 0.0001, ""offset"": 0.0, ""source"": ""recorded (baseline < 04.00)""}, ""B3"": {""scale"": 0.0001, ""offset"": 0.0, ""source"": ""recorded (baseline < 04.00)""}, ""B4"": {""scale"": 0.0001, ""offset"": 0.0, ""source"": ""recorded (baseline < 04.00)""}, ""B8"": {""scale"": 0.0001, ""offset"": 0.0, ""source"": ""recorded (baseline < 04.00)""}}",excluded,SCL != 11 within 30 m
KAN_L,2021,S2B_22WEV_20210617_1_L2A,2021-06-17 15:13:59.438000+00:00,2021-06-17,05.00,78.878,"14,15,16",654.288,281.546,0.569691,0.3876,67.0942,-49.962,43.7321,"[8, 8, 8, 8, 8, 8, 8, 8, 8]",0.7622,0.7102,0.6596,0.5461,0.0146385,0.0103307,0.00974191,0.00974585,"{""B2"": {""scale"": 0.0001, ""offset"": -0.1, ""source"": ""recorded (boa_offset_applied)""}, ""B3"": {""scale"": 0.0001, ""offset"": -0.1, ""source"": ""recorded (boa_offset_applied)""}, ""B4"": {""scale"": 0.0001, ""offset"": -0.1, ""source"": ""recorded (boa_offset_applied)""}, ""B8"": {""scale"": 0.0001, ""offset"": -0.1, ""source"": ""recorded (boa_offset_applied)""}}",excluded,SCL != 11 within 30 m
KAN_L,2021,S2A_22WEV_20210619_1_L2A,2021-06-19 15:04:01.063000+00:00,2021-06-19,05.00,81.0369,"14,15,16",621.983,288.625,0.53596,0.487333,67.0942,-49.962,43.7464,"[8, 8, 8, 8, 8, 8, 8, 8, 8]",0.7594,0.674,0.5962,0.469,0.00817482,0.00691373,0.00468661,0.0029925,"{""B2"": {""scale"": 0.0001, ""offset"": -0.1, ""source"": ""recorded (boa_offset_applied)""}, ""B3"": {""scale"": 0.0001, ""offset"": -0.1, ""source"": ""recorded (boa_offset_applied)""}, ""B4"": {""scale"": 0.0001, ""offset"": -0.1, ""source"": ""recorded (boa_offset_applied)""}, ""B8"": {""scale"": 0.0001, ""offset"": -0.1, ""source"": ""recorded (boa_offset_applied)""}}",excluded,SCL != 11 within 30 m
KAN_L,2021,S2A_22WEV_20210619_0_L2A,2021-06-19 15:04:01.063000+00:00,2021-06-19,03.00,62.1416,"14,15,16",621.983,288.625,0.53596,0.487333,67.0942,-49.962,43.7464,"[8, 8, 8, 8, 8, 8, 8, 8, 8]",0.5838,0.587,0.5759,0.5151,0.00751943,0.00651818,0.00451122,0.00300398,"{""B2"": {""scale"": 0.0001, ""offset"": 0.0, ""source"": ""recorded (baseline < 04.00)""}, ""B3"": {""scale"": 0.0001, ""offset"": 0.0, ""source"": ""recorded (baseline < 04.00)""}, ""B4"": {""scale"": 0.0001, ""offset"": 0.0, ""source"": ""recorded (baseline < 04.00)""}, ""B8"": {""scale"": 0.0001, ""offset"": 0.0, ""source"": ""recorded (baseline < 04.00)""}}",excluded,SCL != 11 within 30 m
KAN_L,2021,S2B_22WEV_20210620_0_L2A,2021-06-20 15:23:55.963000+00:00,2021-06-20,03.00,76.0079,"14,15,16",282.04,116.364,0.587419,0.976233,67.0942,-49.962,43.6531,"[9, 9, 9, 9, 9, 9, 9, 9, 9]",0.7794,0.7432,0.7429,0.7686,0.00644575,0.00608386,0.0101322,0.00621449,"{""B2"": {""scale"": 0.0001, ""offset"": 0.0, ""source"": ""recorded (baseline < 04.00)""}, ""B3"": {""scale"": 0.0001, ""offset"": 0.0, ""source"": ""recorded (baseline < 04.00)""}, ""B4"": {""scale"": 0.0001, ""offset"": 0.0, ""source"": ""recorded (baseline < 04.00)""}, ""B8"": {""scale"": 0.0001, ""offset"": 0.0, ""source"": ""recorded (baseline < 04.00)""}}",excluded,SCL != 11 within 30 m
KAN_L,2021,S2B_22WEV_20210620_1_L2A,2021-06-20 15:23:55.965000+00:00,2021-06-20,05.00,98.2601,"14,15,16",282.04,116.364,0.587419,0.976233,67.0942,-49.962,43.6531,"[9, 9, 9, 9, 9, 9, 9, 9, 9]",0.715,0.67,0.6526,0.6604,0.00477121,0.00521006,0.0103233,0.00563797,"{""B2"": {""scale"": 0.0001, ""offset"": -0.1, ""source"": ""recorded (boa_offset_applied)""}, ""B3"": {""scale"": 0.0001, ""offset"": -0.1, ""source"": ""recorded (boa_offset_applied)""}, ""B4"": {""scale"": 0.0001, ""offset"": -0.1, ""source"": ""recorded (boa_offset_applied)""}, ""B8"": {""scale"": 0.0001, ""offset"": -0.1, ""source"": ""recorded (boa_offset_applied)""}}",excluded,SCL != 11 within 30 m
KAN_L,2021,S2A_22WEV_20210622_1_L2A,2021-06-22 15:13:59.487000+00:00,2021-06-22,05.00,19.1484,"14,15,16",775.714,364.024,0.530724,0.0141333,67.0942,-49.962,43.6543,"[11, 11, 11, 11, 11, 11, 11, 11, 11]",0.6399,0.6223,0.5673,0.3956,0.0421794,0.0422863,0.032864,0.0188907,"{""B2"": {""scale"": 0.0001, ""offset"": -0.1, ""source"": ""recorded (boa_offset_applied)""}, ""B3"": {""scale"": 0.0001, ""offset"": -0.1, ""source"": ""recorded (boa_offset_applied)""}, ""B4"": {""scale"": 0.0001, ""offset"": -0.1, ""source"": ""recorded (boa_offset_applied)""}, ""B8"": {""scale"": 0.0001, ""offset"": -0.1, ""source"": ""recorded (boa_offset_applied)""}}",valid,
KAN_L,2021,S2A_22WEV_20210622_0_L2A,2021-06-22 15:13:59.487000+00:00,2021-06-22,03.00,0.839586,"14,15,16",775.714,364.024,0.530724,0.0141333,67.0942,-49.962,,,,,,,,,,,,excluded,station-day already has an acquisition
KAN_L,2021,S2B_22WEV_20210624_1_L2A,2021-06-24 15:04:01.058000+00:00,2021-06-24,05.00,85.3081,"14,15,16",573.87,306.243,0.466354,0.617933,67.0942,-49.962,43.7438,"[10, 10, 10, 10, 10, 10, 10, 10, 10]",0.6876,0.5187,0.399,0.2591,0.0467749,0.034298,0.0247885,0.0674749,"{""B2"": {""scale"": 0.0001, ""offset"": -0.1, ""source"": ""recorded (boa_offset_applied)""}, ""B3"": {""scale"": 0.0001, ""offset"": -0.1, ""source"": ""recorded (boa_offset_applied)""}, ""B4"": {""scale"": 0.0001, ""offset"": -0.1, ""source"": ""recorded (boa_offset_applied)""}, ""B8"": {""scale"": 0.0001, ""offset"": -0.1, ""source"": ""recorded (boa_offset_applied)""}}",excluded,SCL != 11 within 30 m
KAN_L,2021,S2B_22WEV_20210624_0_L2A,2021-06-24 15:04:01.059000+00:00,2021-06-24,03.00,67.4396,"14,15,16",573.87,306.243,0.466354,0.617933,67.0942,-49.962,43.7438,"[11, 11, 11, 11, 11, 11, 11, 11, 11]",0.6501,0.5232,0.4352,0.3308,0.0463681,0.0341063,0.0247926,0.0681101,"{""B2"": {""scale"": 0.0001, ""offset"": 0.0, ""source"": ""recorded (baseline < 04.00)""}, ""B3"": {""scale"": 0.0001, ""offset"": 0.0, ""source"": ""recorded (baseline < 04.00)""}, ""B4"": {""scale"": 0.0001, ""offset"": 0.0, ""source"": ""recorded (baseline < 04.00)""}, ""B8"": {""scale"": 0.0001, ""offset"": 0.0, ""source"": ""recorded (baseline < 04.00)""}}",valid,
KAN_L,2021,S2A_22WEV_20210625_1_L2A,2021-06-25 15:23:56.627000+00:00,2021-06-25,05.00,96.0744,"14,15,16",598.918,308.53,0.484854,0.611,67.0942,-49.962,43.6734,"[8, 8, 8, 8, 8, 8, 8, 8, 8]",0.4912,0.4729,0.4267,0.3339,0.00225142,0.0032666,0.0050952,0.00507349,"{""B2"": {""scale"": 0.0001, ""offset"": -0.1, ""source"": ""recorded (boa_offset_applied)""}, ""B3"": {""scale"": 0.0001, ""offset"": -0.1, ""source"": ""recorded (boa_offset_applied)""}, ""B4"": {""scale"": 0.0001, ""offset"": -0.1, ""source"": ""recorded (boa_offset_applied)""}, ""B8"": {""scale"": 0.0001, ""offset"": -0.1, ""source"": ""recorded (boa_offset_applied)""}}",excluded,SCL != 11 within 30 m
KAN_L,2021,S2A_22WEV_20210625_0_L2A,2021-06-25 15:23:56.627000+00:00,2021-06-25,03.00,81.4096,"14,15,16",598.918,308.53,0.484854,0.611,67.0942,-49.962,43.6734,"[8, 8, 8, 8, 8, 8, 8, 8, 8]",0.5032,0.5132,0.4888,0.4151,0.0030399,0.0039263,0.00593342,0.00571548,"{""B2"": {""scale"": 0.0001, ""offset"": 0.0, ""source"": ""recorded (baseline < 04.00)""}, ""B3"": {""scale"": 0.0001, ""offset"": 0.0, ""source"": ""recorded (baseline < 04.00)""}, ""B4"": {""scale"": 0.0001, ""offset"": 0.0, ""source"": ""recorded (baseline < 04.00)""}, ""B8"": {""scale"": 0.0001, ""offset"": 0.0, ""source"": ""recorded (baseline < 04.00)""}}",excluded,SCL != 11 within 30 m
KAN_L,2021,S2B_22WEV_20210627_1_L2A,2021-06-27 15:13:59.363000+00:00,2021-06-27,05.00,97.6398,"14,15,16",476.422,252.298,0.470431,0.6694,67.0942,-49.962,43.7497,"[8, 8, 8, 8, 8, 8, 8, 8, 8]",0.452,0.4113,0.3652,0.2731,0.00244847,0.00261878,0.0023375,0.000941758,"{""B2"": {""scale"": 0.0001, ""offset"": -0.1, ""source"": ""recorded (boa_offset_applied)""}, ""B3"": {""scale"": 0.0001, ""offset"": -0.1, ""source"": ""recorded (boa_offset_applied)""}, ""B4"": {""scale"": 0.0001, ""offset"": -0.1, ""source"": ""recorded (boa_offset_applied)""}, ""B8"": {""scale"": 0.0001, ""offset"": -0.1, ""source"": ""recorded (boa_offset_applied)""}}",excluded,SCL != 11 within 30 m
KAN_L,2021,S2B_22WEV_20210627_0_L2A,2021-06-27 15:13:59.363000+00:00,2021-06-27,03.00,85.8727,"14,15,16",476.422,252.298,0.470431,0.6694,67.0942,-49.962,43.7497,"[11, 11, 11, 11, 11, 11, 11, 11, 11]",0.5149,0.4772,0.4382,0.3541,0.00284565,0.00281661,0.00251003,0.00107909,"{""B2"": {""scale"": 0.0001, ""offset"": 0.0, ""source"": ""recorded (baseline < 04.00)""}, ""B3"": {""scale"": 0.0001, ""offset"": 0.0, ""source"": ""recorded (baseline < 04.00)""}, ""B4"": {""scale"": 0.0001, ""offset"": 0.0, ""source"": ""recorded (baseline < 04.00)""}, ""B8"": {""scale"": 0.0001, ""offset"": 0.0, ""source"": ""recorded (baseline < 04.00)""}}",valid,
KAN_L,2021,S2A_22WEV_20210629_1_L2A,2021-06-29 15:04:02.410000+00:00,2021-06-29,05.00,85.0218,"14,15,16",447.101,119.409,0.732926,0.889967,67.0942,-49.962,43.9137,"[8, 8, 8, 8, 8, 8, 8, 8, 8]",0.83,0.7926,0.7896,0.77,0.0155496,0.0156738,0.0146885,0.0184528,"{""B2"": {""scale"": 0.0001, ""offset"": -0.1, ""source"": ""recorded (boa_offset_applied)""}, ""B3"": {""scale"": 0.0001, ""offset"": -0.1, ""source"": ""recorded (boa_offset_applied)""}, ""B4"": {""scale"": 0.0001, ""offset"": -0.1, ""source"": ""recorded (boa_offset_applied)""}, ""B8"": {""scale"": 0.0001, ""offset"": -0.1, ""source"": ""recorded (boa_offset_applied)""}}",excluded,SCL != 11 within 30 m
KAN_L,2021,S2A_22WEV_20210629_0_L2A,2021-06-29 15:04:02.410000+00:00,2021-06-29,03.00,45.7635,"14,15,16",447.101,119.409,0.732926,0.889967,67.0942,-49.962,43.9137,"[8, 8, 8, 8, 8, 8, 8, 8, 8]",0.8498,0.8416,0.866,0.8712,0.0180692,0.0181362,0.0161135,0.020223,"{""B2"": {""scale"": 0.0001, ""offset"": 0.0, ""source"": ""recorded (baseline < 04.00)""}, ""B3"": {""scale"": 0.0001, ""offset"": 0.0, ""source"": ""recorded (baseline < 04.00)""}, ""B4"": {""scale"": 0.0001, ""offset"": 0.0, ""source"": ""recorded (baseline < 04.00)""}, ""B8"": {""scale"": 0.0001, ""offset"": 0.0, ""source"": ""recorded (baseline < 04.00)""}}",excluded,SCL != 11 within 30 m
KAN_L,2021,S2B_22WEV_20210630_0_L2A,2021-06-30 15:23:56.387000+00:00,2021-06-30,03.01,61.4221,"14,15,16",681.088,173.232,0.745654,0.840167,67.0942,-49.962,43.8667,"[11, 11, 11, 11, 11, 11, 11, 11, 11]",0.8254,0.8187,0.829,0.7598,0.00358763,0.0029284,0.00380461,0.00438177,"{""B2"": {""scale"": 0.0001, ""offset"": 0.0, ""source"": ""recorded (baseline < 04.00)""}, ""B3"": {""scale"": 0.0001, ""offset"": 0.0, ""source"": ""recorded (baseline < 04.00)""}, ""B4"": {""scale"": 0.0001, ""offset"": 0.0, ""source"": ""recorded (baseline < 04.00)""}, ""B8"": {""scale"": 0.0001, ""offset"": 0.0, ""source"": ""recorded (baseline < 04.00)""}}",valid,
KAN_L,2021,S2B_22WEV_20210630_1_L2A,2021-06-30 15:23:56.388000+00:00,2021-06-30,05.00,97.6919,"14,15,16",681.088,173.232,0.745654,0.840167,67.0942,-49.962,,,,,,,,,,,,excluded,station-day already has an acquisition
KAN_L,2021,S2A_22WEV_20210702_1_L2A,2021-07-02 15:14:00.708000+00:00,2021-07-02,05.00,0.192395,"14,15,16",764.254,354.665,0.535934,0.0835,67.0942,-49.9621,44.0169,"[11, 11, 11, 11, 11, 11, 11, 11, 11]",0.5751,0.5616,0.5254,0.3694,0.0316094,0.0338275,0.0230066,0.0114562,"{""B2"": {""scale"": 0.0001, ""offset"": -0.1, ""source"": ""recorded (boa_offset_applied)""}, ""B3"": {""scale"": 0.0001, ""offset"": -0.1, ""source"": ""recorded (boa_offset_applied)""}, ""B4"": {""scale"": 0.0001, ""offset"": -0.1, ""source"": ""recorded (boa_offset_applied)""}, ""B8"": {""scale"": 0.0001, ""offset"": -0.1, ""source"": ""recorded (boa_offset_applied)""}}",valid,
KAN_L,2021,S2A_22WEV_20210702_0_L2A,2021-07-02 15:14:00.708000+00:00,2021-07-02,03.01,0.666996,"14,15,16",764.254,354.665,0.535934,0.0835,67.0942,-49.9621,,,,,,,,,,,,excluded,station-day already has an acquisition
KAN_L,2021,S2B_22WEV_20210704_1_L2A,2021-07-04 15:04:02.099000+00:00,2021-07-04,05.00,99.9888,"14,15,16",279.656,136.478,0.511978,0.927267,67.0942,-49.9621,44.254,"[8, 8, 8, 8, 8, 8, 8, 8, 8]",0.5235,0.5136,0.5052,0.4726,0.001375,0.00129281,0.00162488,0.00133344,"{""B2"": {""scale"": 0.0001, ""offset"": -0.1, ""source"": ""recorded (boa_offset_applied)""}, ""B3"": {""scale"": 0.0001, ""offset"": -0.1, ""source"": ""recorded (boa_offset_applied)""}, ""B4"": {""scale"": 0.0001, ""offset"": -0.1, ""source"": ""recorded (boa_offset_applied)""}, ""B8"": {""scale"": 0.0001, ""offset"": -0.1, ""source"": ""recorded (boa_offset_applied)""}}",excluded,SCL != 11 within 30 m
KAN_L,2021,S2B_22WEV_20210704_0_L2A,2021-07-04 15:04:02.101000+00:00,2021-07-04,03.01,92.2415,"14,15,16",279.656,136.478,0.511978,0.927267,67.0942,-49.9621,44.254,"[8, 8, 8, 8, 8, 8, 8, 8, 8]",0.6183,0.6055,0.5958,0.5617,0.00155571,0.00135245,0.00171853,0.00143528,"{""B2"": {""scale"": 0.0001, ""offset"": 0.0, ""source"": ""recorded (baseline < 04.00)""}, ""B3"": {""scale"": 0.0001, ""offset"": 0.0, ""source"": ""recorded (baseline < 04.00)""}, ""B4"": {""scale"": 0.0001, ""offset"": 0.0, ""source"": ""recorded (baseline < 04.00)""}, ""B8"": {""scale"": 0.0001, ""offset"": 0.0, ""source"": ""recorded (baseline < 04.00)""}}",excluded,SCL != 11 within 30 m
KAN_L,2021,S2A_22WEV_20210705_1_L2A,2021-07-05 15:23:57.716000+00:00,2021-07-05,05.00,96.0342,"14,15,16",327.771,157.747,0.518727,0.9986,67.0942,-49.9621,44.2305,"[10, 10, 10, 10, 10, 10, 10, 10, 10]",0.5135,0.4666,0.4285,0.342,0.00156165,0.00167318,0.00220477,0.00274717,"{""B2"": {""scale"": 0.0001, ""offset"": -0.1, ""source"": ""recorded (boa_offset_applied)""}, ""B3"": {""scale"": 0.0001, ""offset"": -0.1, ""source"": ""recorded (boa_offset_applied)""}, ""B4"": {""scale"": 0.0001, ""offset"": -0.1, ""source"": ""recorded (boa_offset_applied)""}, ""B8"": {""scale"": 0.0001, ""offset"": -0.1, ""source"": ""recorded (boa_offset_applied)""}}",excluded,SCL != 11 within 30 m
KAN_L,2021,S2A_22WEV_20210705_0_L2A,2021-07-05 15:23:57.716000+00:00,2021-07-05,03.01,52.1996,"14,15,16",327.771,157.747,0.518727,0.9986,67.0942,-49.9621,44.2305,"[11, 11, 11, 11, 11, 11, 11, 11, 11]",0.5452,0.5137,0.4902,0.4177,0.0025118,0.00292499,0.00328163,0.00381579,"{""B2"": {""scale"": 0.0001, ""offset"": 0.0, ""source"": ""recorded (baseline < 04.00)""}, ""B3"": {""scale"": 0.0001, ""offset"": 0.0, ""source"": ""recorded (baseline < 04.00)""}, ""B4"": {""scale"": 0.0001, ""offset"": 0.0, ""source"": ""recorded (baseline < 04.00)""}, ""B8"": {""scale"": 0.0001, ""offset"": 0.0, ""source"": ""recorded (baseline < 04.00)""}}",valid,
KAN_L,2021,S2B_22WEV_20210707_0_L2A,2021-07-07 15:14:00.263000+00:00,2021-07-07,03.01,57.5825,,,,,,,,,,,,,,,,,,,excluded,station: dsr_cor/usr_cor missing in the 3 overpass hours
KAN_L,2021,S2B_22WEV_20210707_1_L2A,2021-07-07 15:14:00.264000+00:00,2021-07-07,05.00,91.9307,,,,,,,,,,,,,,,,,,,excluded,station: dsr_cor/usr_cor missing in the 3 overpass hours
KAN_L,2021,S2A_22WEV_20210709_1_L2A,2021-07-09 15:04:03.444000+00:00,2021-07-09,05.00,32.4705,,,,,,,,,,,,,,,,,,,excluded,station: dsr_cor/usr_cor missing in the 3 overpass hours
KAN_L,2021,S2A_22WEV_20210709_0_L2A,2021-07-09 15:04:03.445000+00:00,2021-07-09,03.01,0.48367,,,,,,,,,,,,,,,,,,,excluded,station: dsr_cor/usr_cor missing in the 3 overpass hours
KAN_L,2021,S2B_22WEV_20210710_0_L2A,2021-07-10 15:23:57.141000+00:00,2021-07-10,03.01,0.319147,,,,,,,,,,,,,,,,,,,excluded,station: dsr_cor/usr_cor missing in the 3 overpass hours
KAN_L,2021,S2B_22WEV_20210710_1_L2A,2021-07-10 15:23:57.143000+00:00,2021-07-10,05.00,0.206743,,,,,,,,,,,,,,,,,,,excluded,station: dsr_cor/usr_cor missing in the 3 overpass hours
KAN_L,2021,S2A_22WEV_20210712_1_L2A,2021-07-12 15:14:01.588000+00:00,2021-07-12,05.00,25.2109,,,,,,,,,,,,,,,,,,,excluded,station: dsr_cor/usr_cor missing in the 3 overpass hours
KAN_L,2021,S2A_22WEV_20210712_0_L2A,2021-07-12 15:14:01.588000+00:00,2021-07-12,03.01,4.08039,,,,,,,,,,,,,,,,,,,excluded,station: dsr_cor/usr_cor missing in the 3 overpass hours
KAN_L,2021,S2B_22WEV_20210714_1_L2A,2021-07-14 15:04:02.642000+00:00,2021-07-14,05.00,99.9455,,,,,,,,,,,,,,,,,,,excluded,station: dsr_cor/usr_cor missing in the 3 overpass hours
KAN_L,2021,S2B_22WEV_20210714_0_L2A,2021-07-14 15:04:02.643000+00:00,2021-07-14,03.01,88.27,,,,,,,,,,,,,,,,,,,excluded,station: dsr_cor/usr_cor missing in the 3 overpass hours
KAN_L,2021,S2A_22WEV_20210715_0_L2A,2021-07-15 15:23:58.440000+00:00,2021-07-15,03.01,33.2259,,,,,,,,,,,,,,,,,,,excluded,station: dsr_cor/usr_cor missing in the 3 overpass hours
KAN_L,2021,S2A_22WEV_20210715_1_L2A,2021-07-15 15:23:58.441000+00:00,2021-07-15,05.00,39.2285,,,,,,,,,,,,,,,,,,,excluded,station: dsr_cor/usr_cor missing in the 3 overpass hours
KAN_L,2021,S2B_22WEV_20210717_1_L2A,2021-07-17 15:14:00.612000+00:00,2021-07-17,05.00,66.4775,,,,,,,,,,,,,,,,,,,excluded,station: dsr_cor/usr_cor missing in the 3 overpass hours
KAN_L,2021,S2B_22WEV_20210717_0_L2A,2021-07-17 15:14:00.612000+00:00,2021-07-17,03.01,49.582,,,,,,,,,,,,,,,,,,,excluded,station: dsr_cor/usr_cor missing in the 3 overpass hours
KAN_L,2021,S2A_22WEV_20210719_1_L2A,2021-07-19 15:04:03.929000+00:00,2021-07-19,05.00,98.1829,,,,,,,,,,,,,,,,,,,excluded,station: dsr_cor/usr_cor missing in the 3 overpass hours
KAN_L,2021,S2A_22WEV_20210719_0_L2A,2021-07-19 15:04:03.929000+00:00,2021-07-19,03.01,89.1075,,,,,,,,,,,,,,,,,,,excluded,station: dsr_cor/usr_cor missing in the 3 overpass hours
KAN_L,2021,S2B_22WEV_20210720_1_L2A,2021-07-20 15:23:57.321000+00:00,2021-07-20,05.00,78.6704,,,,,,,,,,,,,,,,,,,excluded,station: dsr_cor/usr_cor missing in the 3 overpass hours
KAN_L,2021,S2B_22WEV_20210720_0_L2A,2021-07-20 15:23:57.321000+00:00,2021-07-20,03.01,68.7725,,,,,,,,,,,,,,,,,,,excluded,station: dsr_cor/usr_cor missing in the 3 overpass hours
KAN_L,2021,S2A_22WEV_20210722_1_L2A,2021-07-22 15:14:01.923000+00:00,2021-07-22,05.00,81.4766,,,,,,,,,,,,,,,,,,,excluded,station: dsr_cor/usr_cor missing in the 3 overpass hours
KAN_L,2021,S2A_22WEV_20210722_0_L2A,2021-07-22 15:14:01.923000+00:00,2021-07-22,03.01,64.7511,,,,,,,,,,,,,,,,,,,excluded,station: dsr_cor/usr_cor missing in the 3 overpass hours
KAN_L,2021,S2B_22WEV_20210724_1_L2A,2021-07-24 15:04:02.630000+00:00,2021-07-24,05.00,89.4655,,,,,,,,,,,,,,,,,,,excluded,station: dsr_cor/usr_cor missing in the 3 overpass hours
KAN_L,2021,S2B_22WEV_20210724_0_L2A,2021-07-24 15:04:02.631000+00:00,2021-07-24,03.01,49.8924,,,,,,,,,,,,,,,,,,,excluded,station: dsr_cor/usr_cor missing in the 3 overpass hours
KAN_L,2021,S2A_22WEV_20210725_0_L2A,2021-07-25 15:24:00.414000+00:00,2021-07-25,03.01,26.1681,,,,,,,,,,,,,,,,,,,excluded,station: dsr_cor/usr_cor missing in the 3 overpass hours
KAN_L,2021,S2A_22WEV_20210725_2_L2A,2021-07-25 15:24:00.416000+00:00,2021-07-25,05.00,44.2531,,,,,,,,,,,,,,,,,,,excluded,station: dsr_cor/usr_cor missing in the 3 overpass hours
KAN_L,2021,S2B_22WEV_20210727_1_L2A,2021-07-27 15:14:00.448000+00:00,2021-07-27,05.00,65.1973,,,,,,,,,,,,,,,,,,,excluded,station: dsr_cor/usr_cor missing in the 3 overpass hours
KAN_L,2021,S2B_22WEV_20210727_0_L2A,2021-07-27 15:14:00.448000+00:00,2021-07-27,03.01,61.0904,,,,,,,,,,,,,,,,,,,excluded,station: dsr_cor/usr_cor missing in the 3 overpass hours
KAN_L,2021,S2A_22WEV_20210729_1_L2A,2021-07-29 15:04:03.897000+00:00,2021-07-29,05.00,8.20154,"14,15,16",718.204,394.134,0.451222,0.226867,67.0941,-49.9622,48.3132,"[11, 11, 11, 11, 11, 11, 11, 11, 11]",0.5942,0.5673,0.4649,0.2258,0.0502185,0.0509687,0.0356154,0.0197368,"{""B2"": {""scale"": 0.0001, ""offset"": -0.1, ""source"": ""recorded (boa_offset_applied)""}, ""B3"": {""scale"": 0.0001, ""offset"": -0.1, ""source"": ""recorded (boa_offset_applied)""}, ""B4"": {""scale"": 0.0001, ""offset"": -0.1, ""source"": ""recorded (boa_offset_applied)""}, ""B8"": {""scale"": 0.0001, ""offset"": -0.1, ""source"": ""recorded (boa_offset_applied)""}}",valid,
KAN_L,2021,S2A_22WEV_20210729_0_L2A,2021-07-29 15:04:03.897000+00:00,2021-07-29,03.01,4.65913,"14,15,16",718.204,394.134,0.451222,0.226867,67.0941,-49.9622,,,,,,,,,,,,excluded,station-day already has an acquisition
KAN_L,2021,S2B_22WEV_20210730_0_L2A,2021-07-30 15:23:56.965000+00:00,2021-07-30,03.01,2.18232,"14,15,16",722.825,387.432,0.464003,0.1418,67.0941,-49.9622,48.4197,"[11, 11, 11, 11, 11, 11, 11, 11, 11]",0.6745,0.6423,0.5567,0.3422,0.0535482,0.0495739,0.0414764,0.0237872,"{""B2"": {""scale"": 0.0001, ""offset"": 0.0, ""source"": ""recorded (baseline < 04.00)""}, ""B3"": {""scale"": 0.0001, ""offset"": 0.0, ""source"": ""recorded (baseline < 04.00)""}, ""B4"": {""scale"": 0.0001, ""offset"": 0.0, ""source"": ""recorded (baseline < 04.00)""}, ""B8"": {""scale"": 0.0001, ""offset"": 0.0, ""source"": ""recorded (baseline < 04.00)""}}",valid,
KAN_L,2021,S2B_22WEV_20210730_1_L2A,2021-07-30 15:23:56.966000+00:00,2021-07-30,05.00,3.8323,"14,15,16",722.825,387.432,0.464003,0.1418,67.0941,-49.9622,,,,,,,,,,,,excluded,station-day already has an acquisition
KAN_L,2021,S2A_22WEV_20210801_1_L2A,2021-08-01 15:14:01.688000+00:00,2021-08-01,05.00,3.30443,"14,15,16",709.956,384.093,0.45899,0.128,67.0941,-49.9623,48.9449,"[11, 11, 11, 11, 11, 11, 11, 11, 11]",0.583,0.558,0.4669,0.2386,0.0531334,0.0517924,0.0398307,0.0214031,"{""B2"": {""scale"": 0.0001, ""offset"": -0.1, ""source"": ""recorded (boa_offset_applied)""}, ""B3"": {""scale"": 0.0001, ""offset"": -0.1, ""source"": ""recorded (boa_offset_applied)""}, ""B4"": {""scale"": 0.0001, ""offset"": -0.1, ""source"": ""recorded (boa_offset_applied)""}, ""B8"": {""scale"": 0.0001, ""offset"": -0.1, ""source"": ""recorded (boa_offset_applied)""}}",valid,
KAN_L,2021,S2A_22WEV_20210801_0_L2A,2021-08-01 15:14:01.688000+00:00,2021-08-01,03.01,1.81017,"14,15,16",709.956,384.093,0.45899,0.128,67.0941,-49.9623,,,,,,,,,,,,excluded,station-day already has an acquisition
KAN_L,2021,S2B_22WEV_20210803_2_L2A,2021-08-03 15:04:02.007000+00:00,2021-08-03,05.00,14.7328,"14,15,16",698.68,373.933,0.464802,0.220533,67.0941,-49.9623,49.5412,"[11, 11, 11, 11, 11, 11, 11, 11, 11]",0.6226,0.5741,0.4765,0.2547,0.0536764,0.0515376,0.0382619,0.0226428,"{""B2"": {""scale"": 0.0001, ""offset"": -0.1, ""source"": ""recorded (boa_offset_applied)""}, ""B3"": {""scale"": 0.0001, ""offset"": -0.1, ""source"": ""recorded (boa_offset_applied)""}, ""B4"": {""scale"": 0.0001, ""offset"": -0.1, ""source"": ""recorded (boa_offset_applied)""}, ""B8"": {""scale"": 0.0001, ""offset"": -0.1, ""source"": ""recorded (boa_offset_applied)""}}",valid,
KAN_L,2021,S2B_22WEV_20210803_1_L2A,2021-08-03 15:04:02.007000+00:00,2021-08-03,05.00,14.7328,"14,15,16",698.68,373.933,0.464802,0.220533,67.0941,-49.9623,,,,,,,,,,,,excluded,station-day already has an acquisition
KAN_L,2021,S2B_22WEV_20210803_0_L2A,2021-08-03 15:04:02.007000+00:00,2021-08-03,03.01,8.34292,"14,15,16",698.68,373.933,0.464802,0.220533,67.0941,-49.9623,,,,,,,,,,,,excluded,station-day already has an acquisition
KAN_L,2021,S2A_22WEV_20210804_0_L2A,2021-08-04 15:23:58.204000+00:00,2021-08-04,03.01,8.83336,"14,15,16",699.173,372.632,0.467039,0.273967,67.0941,-49.9623,49.676,"[11, 11, 11, 11, 11, 11, 11, 11, 11]",0.7212,0.6821,0.5932,0.3609,0.0494532,0.0447934,0.0379351,0.0222507,"{""B2"": {""scale"": 0.0001, ""offset"": 0.0, ""source"": ""recorded (baseline < 04.00)""}, ""B3"": {""scale"": 0.0001, ""offset"": 0.0, ""source"": ""recorded (baseline < 04.00)""}, ""B4"": {""scale"": 0.0001, ""offset"": 0.0, ""source"": ""recorded (baseline < 04.00)""}, ""B8"": {""scale"": 0.0001, ""offset"": 0.0, ""source"": ""recorded (baseline < 04.00)""}}",valid,
KAN_L,2021,S2A_22WEV_20210804_1_L2A,2021-08-04 15:23:58.205000+00:00,2021-08-04,05.00,12.9404,"14,15,16",699.173,372.632,0.467039,0.273967,67.0941,-49.9623,,,,,,,,,,,,excluded,station-day already has an acquisition
KAN_L,2021,S2B_22WEV_20210806_1_L2A,2021-08-06 15:13:59.672000+00:00,2021-08-06,05.00,65.9276,"14,15,16",589.101,314.641,0.465896,0.2737,67.0941,-49.9623,50.2471,"[11, 11, 11, 11, 11, 11, 11, 11, 11]",0.4856,0.456,0.3781,0.2076,0.0309156,0.0315075,0.024452,0.0138306,"{""B2"": {""scale"": 0.0001, ""offset"": -0.1, ""source"": ""recorded (boa_offset_applied)""}, ""B3"": {""scale"": 0.0001, ""offset"": -0.1, ""source"": ""recorded (boa_offset_applied)""}, ""B4"": {""scale"": 0.0001, ""offset"": -0.1, ""source"": ""recorded (boa_offset_applied)""}, ""B8"": {""scale"": 0.0001, ""offset"": -0.1, ""source"": ""recorded (boa_offset_applied)""}}",valid,
KAN_L,2021,S2B_22WEV_20210806_0_L2A,2021-08-06 15:13:59.672000+00:00,2021-08-06,03.01,52.578,"14,15,16",589.101,314.641,0.465896,0.2737,67.0941,-49.9623,,,,,,,,,,,,excluded,station-day already has an acquisition
KAN_L,2021,S2A_22WEV_20210808_1_L2A,2021-08-08 15:04:03.283000+00:00,2021-08-08,05.00,81.9961,"14,15,16",584.511,288.677,0.506122,0.913133,67.0941,-49.9623,50.8852,"[11, 11, 11, 11, 11, 11, 11, 11, 11]",0.5477,0.5184,0.4714,0.3367,0.0220593,0.0228928,0.0222407,0.0184806,"{""B2"": {""scale"": 0.0001, ""offset"": -0.1, ""source"": ""recorded (boa_offset_applied)""}, ""B3"": {""scale"": 0.0001, ""offset"": -0.1, ""source"": ""recorded (boa_offset_applied)""}, ""B4"": {""scale"": 0.0001, ""offset"": -0.1, ""source"": ""recorded (boa_offset_applied)""}, ""B8"": {""scale"": 0.0001, ""offset"": -0.1, ""source"": ""recorded (boa_offset_applied)""}}",valid,
KAN_L,2021,S2A_22WEV_20210808_0_L2A,2021-08-08 15:04:03.283000+00:00,2021-08-08,03.01,50.8212,"14,15,16",584.511,288.677,0.506122,0.913133,67.0941,-49.9623,,,,,,,,,,,,excluded,station-day already has an acquisition
KAN_L,2021,S2B_22WEV_20210809_0_L2A,2021-08-09 15:23:56.054000+00:00,2021-08-09,03.01,38.2419,"14,15,16",580.332,269.316,0.535929,0.161333,67.0941,-49.9623,51.0495,"[11, 11, 11, 11, 11, 11, 11, 11, 11]",0.6793,0.6493,0.5983,0.4606,0.0562695,0.0540634,0.0497088,0.0354784,"{""B2"": {""scale"": 0.0001, ""offset"": 0.0, ""source"": ""recorded (baseline < 04.00)""}, ""B3"": {""scale"": 0.0001, ""offset"": 0.0, ""source"": ""recorded (baseline < 04.00)""}, ""B4"": {""scale"": 0.0001, ""offset"": 0.0, ""source"": ""recorded (baseline < 04.00)""}, ""B8"": {""scale"": 0.0001, ""offset"": 0.0, ""source"": ""recorded (baseline < 04.00)""}}",valid,
KAN_L,2021,S2B_22WEV_20210809_1_L2A,2021-08-09 15:23:56.055000+00:00,2021-08-09,05.00,41.3172,"14,15,16",580.332,269.316,0.535929,0.161333,67.0941,-49.9623,,,,,,,,,,,,excluded,station-day already has an acquisition
KAN_L,2021,S2A_22WEV_20210811_1_L2A,2021-08-11 15:14:01.109000+00:00,2021-08-11,05.00,66.54,"14,15,16",656.39,352.529,0.462927,0.267667,67.0941,-49.9623,51.6605,"[9, 9, 9, 9, 9, 9, 9, 9, 9]",0.7504,0.6844,0.6266,0.4722,0.00826655,0.00960994,0.0120396,0.0158258,"{""B2"": {""scale"": 0.0001, ""offset"": -0.1, ""source"": ""recorded (boa_offset_applied)""}, ""B3"": {""scale"": 0.0001, ""offset"": -0.1, ""source"": ""recorded (boa_offset_applied)""}, ""B4"": {""scale"": 0.0001, ""offset"": -0.1, ""source"": ""recorded (boa_offset_applied)""}, ""B8"": {""scale"": 0.0001, ""offset"": -0.1, ""source"": ""recorded (boa_offset_applied)""}}",excluded,SCL != 11 within 30 m
KAN_L,2021,S2A_22WEV_20210811_0_L2A,2021-08-11 15:14:01.109000+00:00,2021-08-11,03.01,39.7372,"14,15,16",656.39,352.529,0.462927,0.267667,67.0941,-49.9623,51.6605,"[9, 9, 9, 9, 9, 9, 9, 9, 9]",0.7053,0.6894,0.6664,0.5557,0.00795811,0.00929982,0.0117488,0.0156613,"{""B2"": {""scale"": 0.0001, ""offset"": 0.0, ""source"": ""recorded (baseline < 04.00)""}, ""B3"": {""scale"": 0.0001, ""offset"": 0.0, ""source"": ""recorded (baseline < 04.00)""}, ""B4"": {""scale"": 0.0001, ""offset"": 0.0, ""source"": ""recorded (baseline < 04.00)""}, ""B8"": {""scale"": 0.0001, ""offset"": 0.0, ""source"": ""recorded (baseline < 04.00)""}}",excluded,SCL != 11 within 30 m
KAN_L,2021,S2B_22WEV_20210813_1_L2A,2021-08-13 15:04:00.889000+00:00,2021-08-13,05.00,88.5283,"14,15,16",373.85,204.829,0.45211,0.8794,67.0941,-49.9623,52.3361,"[9, 9, 9, 9, 9, 9, 9, 9, 9]",0.724,0.6824,0.6538,0.6348,0.00225575,0.00416594,0.00535587,0.0045993,"{""B2"": {""scale"": 0.0001, ""offset"": -0.1, ""source"": ""recorded (boa_offset_applied)""}, ""B3"": {""scale"": 0.0001, ""offset"": -0.1, ""source"": ""recorded (boa_offset_applied)""}, ""B4"": {""scale"": 0.0001, ""offset"": -0.1, ""source"": ""recorded (boa_offset_applied)""}, ""B8"": {""scale"": 0.0001, ""offset"": -0.1, ""source"": ""recorded (boa_offset_applied)""}}",excluded,SCL != 11 within 30 m
KAN_L,2021,S2B_22WEV_20210813_0_L2A,2021-08-13 15:04:00.890000+00:00,2021-08-13,03.01,64.5333,"14,15,16",373.85,204.829,0.45211,0.8794,67.0941,-49.9623,52.3361,"[9, 9, 9, 9, 9, 9, 9, 9, 9]",0.8288,0.7928,0.7609,0.7436,0.00272183,0.00490827,0.00612689,0.00517711,"{""B2"": {""scale"": 0.0001, ""offset"": 0.0, ""source"": ""recorded (baseline < 04.00)""}, ""B3"": {""scale"": 0.0001, ""offset"": 0.0, ""source"": ""recorded (baseline < 04.00)""}, ""B4"": {""scale"": 0.0001, ""offset"": 0.0, ""source"": ""recorded (baseline < 04.00)""}, ""B8"": {""scale"": 0.0001, ""offset"": 0.0, ""source"": ""recorded (baseline < 04.00)""}}",excluded,SCL != 11 within 30 m
KAN_L,2021,S2A_22WEV_20210814_1_L2A,2021-08-14 15:23:57.746000+00:00,2021-08-14,05.00,92.7877,"14,15,16",289.514,155.596,0.462562,0.8387,67.0941,-49.9623,52.5297,"[9, 9, 9, 9, 9, 9, 9, 9, 9]",1.1554,1.0988,1.0728,1.1336,0.0170604,0.0171617,0.0232366,0.0174896,"{""B2"": {""scale"": 0.0001, ""offset"": -0.1, ""source"": ""recorded (boa_offset_applied)""}, ""B3"": {""scale"": 0.0001, ""offset"": -0.1, ""source"": ""recorded (boa_offset_applied)""}, ""B4"": {""scale"": 0.0001, ""offset"": -0.1, ""source"": ""recorded (boa_offset_applied)""}, ""B8"": {""scale"": 0.0001, ""offset"": -0.1, ""source"": ""recorded (boa_offset_applied)""}}",excluded,SCL != 11 within 30 m
KAN_L,2021,S2A_22WEV_20210814_0_L2A,2021-08-14 15:23:57.746000+00:00,2021-08-14,03.01,84.3083,"14,15,16",289.514,155.596,0.462562,0.8387,67.0941,-49.9623,52.5297,"[9, 9, 9, 9, 9, 9, 9, 9, 9]",1.4362,1.3536,1.2932,1.332,0.0211473,0.0207803,0.0268346,0.019492,"{""B2"": {""scale"": 0.0001, ""offset"": 0.0, ""source"": ""recorded (baseline < 04.00)""}, ""B3"": {""scale"": 0.0001, ""offset"": 0.0, ""source"": ""recorded (baseline < 04.00)""}, ""B4"": {""scale"": 0.0001, ""offset"": 0.0, ""source"": ""recorded (baseline < 04.00)""}, ""B8"": {""scale"": 0.0001, ""offset"": 0.0, ""source"": ""recorded (baseline < 04.00)""}}",excluded,SCL != 11 within 30 m
KAN_L,2021,S2B_22WEV_20210816_0_L2A,2021-08-16 15:13:58.368000+00:00,2021-08-16,03.01,77.9207,"14,15,16",469.662,261.483,0.443253,0.802,67.0941,-49.9623,53.1756,"[11, 11, 11, 11, 11, 11, 11, 11, 11]",0.6424,0.5937,0.4847,0.2555,0.0276198,0.0195888,0.0154509,0.0139276,"{""B2"": {""scale"": 0.0001, ""offset"": 0.0, ""source"": ""recorded (baseline < 04.00)""}, ""B3"": {""scale"": 0.0001, ""offset"": 0.0, ""source"": ""recorded (baseline < 04.00)""}, ""B4"": {""scale"": 0.0001, ""offset"": 0.0, ""source"": ""recorded (baseline < 04.00)""}, ""B8"": {""scale"": 0.0001, ""offset"": 0.0, ""source"": ""recorded (baseline < 04.00)""}}",valid,
KAN_L,2021,S2B_22WEV_20210816_1_L2A,2021-08-16 15:13:58.369000+00:00,2021-08-16,05.00,90.9692,"14,15,16",469.662,261.483,0.443253,0.802,67.0941,-49.9623,,,,,,,,,,,,excluded,station-day already has an acquisition
KAN_L,2021,S2A_22WEV_20210818_1_L2A,2021-08-18 15:04:02.954000+00:00,2021-08-18,05.00,80.4865,,,,,,,,,,,,,,,,,,,excluded,station: snow_height >= 0.02 m or missing
KAN_L,2021,S2A_22WEV_20210818_0_L2A,2021-08-18 15:04:02.954000+00:00,2021-08-18,03.01,56.6844,,,,,,,,,,,,,,,,,,,excluded,station: snow_height >= 0.02 m or missing
KAN_L,2021,S2B_22WEV_20210819_1_L2A,2021-08-19 15:23:54.590000+00:00,2021-08-19,05.00,87.4822,,,,,,,,,,,,,,,,,,,excluded,station: snow_height >= 0.02 m or missing
KAN_L,2021,S2B_22WEV_20210819_0_L2A,2021-08-19 15:23:54.590000+00:00,2021-08-19,03.01,77.5011,,,,,,,,,,,,,,,,,,,excluded,station: snow_height >= 0.02 m or missing
KAN_L,2021,S2A_22WEV_20210821_1_L2A,2021-08-21 15:14:00.751000+00:00,2021-08-21,05.00,50.1014,,,,,,,,,,,,,,,,,,,excluded,station: snow_height >= 0.02 m or missing
KAN_L,2021,S2A_22WEV_20210821_0_L2A,2021-08-21 15:14:00.751000+00:00,2021-08-21,03.01,42.7217,,,,,,,,,,,,,,,,,,,excluded,station: snow_height >= 0.02 m or missing
KAN_L,2021,S2B_22WEV_20210823_1_L2A,2021-08-23 15:03:59.253000+00:00,2021-08-23,05.00,3.81111,,,,,,,,,,,,,,,,,,,excluded,station: snow_height >= 0.02 m or missing
KAN_L,2021,S2B_22WEV_20210823_0_L2A,2021-08-23 15:03:59.256000+00:00,2021-08-23,03.01,2.06788,,,,,,,,,,,,,,,,,,,excluded,station: snow_height >= 0.02 m or missing
KAN_L,2021,S2A_22WEV_20210824_0_L2A,2021-08-24 15:23:57.257000+00:00,2021-08-24,03.01,61.8828,"14,15,16",276.142,136.991,0.50391,0.383867,67.0941,-49.9624,55.7676,"[8, 8, 8, 8, 8, 8, 8, 8, 8]",0.7197,0.6454,0.555,0.4425,0.00810572,0.00644391,0.00564633,0.010209,"{""B2"": {""scale"": 0.0001, ""offset"": 0.0, ""source"": ""recorded (baseline < 04.00)""}, ""B3"": {""scale"": 0.0001, ""offset"": 0.0, ""source"": ""recorded (baseline < 04.00)""}, ""B4"": {""scale"": 0.0001, ""offset"": 0.0, ""source"": ""recorded (baseline < 04.00)""}, ""B8"": {""scale"": 0.0001, ""offset"": 0.0, ""source"": ""recorded (baseline < 04.00)""}}",excluded,SCL != 11 within 30 m
KAN_L,2021,S2A_22WEV_20210824_1_L2A,2021-08-24 15:23:57.258000+00:00,2021-08-24,05.00,81.4337,"14,15,16",276.142,136.991,0.50391,0.383867,67.0941,-49.9624,55.7676,"[8, 8, 8, 8, 8, 8, 8, 8, 8]",0.6724,0.5744,0.4688,0.3414,0.00790218,0.0064941,0.00555946,0.00988882,"{""B2"": {""scale"": 0.0001, ""offset"": -0.1, ""source"": ""recorded (boa_offset_applied)""}, ""B3"": {""scale"": 0.0001, ""offset"": -0.1, ""source"": ""recorded (boa_offset_applied)""}, ""B4"": {""scale"": 0.0001, ""offset"": -0.1, ""source"": ""recorded (boa_offset_applied)""}, ""B8"": {""scale"": 0.0001, ""offset"": -0.1, ""source"": ""recorded (boa_offset_applied)""}}",excluded,SCL != 11 within 30 m
KAN_L,2021,S2B_22WEV_20210826_2_L2A,2021-08-26 15:13:56.594000+00:00,2021-08-26,05.00,96.8569,"14,15,16",340.241,174.248,0.487868,0.597533,67.0941,-49.9624,56.467,"[9, 9, 9, 9, 9, 9, 9, 9, 9]",0.6206,0.5781,0.5399,0.5172,0.00570233,0.00610715,0.00274267,0.00618883,"{""B2"": {""scale"": 0.0001, ""offset"": -0.1, ""source"": ""recorded (boa_offset_applied)""}, ""B3"": {""scale"": 0.0001, ""offset"": -0.1, ""source"": ""recorded (boa_offset_applied)""}, ""B4"": {""scale"": 0.0001, ""offset"": -0.1, ""source"": ""recorded (boa_offset_applied)""}, ""B8"": {""scale"": 0.0001, ""offset"": -0.1, ""source"": ""recorded (boa_offset_applied)""}}",excluded,SCL != 11 within 30 m
KAN_L,2021,S2B_22WEV_20210826_1_L2A,2021-08-26 15:13:56.594000+00:00,2021-08-26,05.00,96.8569,"14,15,16",340.241,174.248,0.487868,0.597533,67.0941,-49.9624,56.467,"[9, 9, 9, 9, 9, 9, 9, 9, 9]",0.6206,0.5781,0.5399,0.5172,0.00570233,0.00610715,0.00274267,0.00618883,"{""B2"": {""scale"": 0.0001, ""offset"": -0.1, ""source"": ""recorded (boa_offset_applied)""}, ""B3"": {""scale"": 0.0001, ""offset"": -0.1, ""source"": ""recorded (boa_offset_applied)""}, ""B4"": {""scale"": 0.0001, ""offset"": -0.1, ""source"": ""recorded (boa_offset_applied)""}, ""B8"": {""scale"": 0.0001, ""offset"": -0.1, ""source"": ""recorded (boa_offset_applied)""}}",excluded,SCL != 11 within 30 m
KAN_L,2021,S2B_22WEV_20210826_0_L2A,2021-08-26 15:13:56.594000+00:00,2021-08-26,03.01,94.7987,"14,15,16",340.241,174.248,0.487868,0.597533,67.0941,-49.9624,56.467,"[9, 9, 9, 9, 9, 9, 9, 9, 9]",0.8272,0.7618,0.7047,0.6676,0.00760614,0.00779042,0.00327686,0.00706586,"{""B2"": {""scale"": 0.0001, ""offset"": 0.0, ""source"": ""recorded (baseline < 04.00)""}, ""B3"": {""scale"": 0.0001, ""offset"": 0.0, ""source"": ""recorded (baseline < 04.00)""}, ""B4"": {""scale"": 0.0001, ""offset"": 0.0, ""source"": ""recorded (baseline < 04.00)""}, ""B8"": {""scale"": 0.0001, ""offset"": 0.0, ""source"": ""recorded (baseline < 04.00)""}}",excluded,SCL != 11 within 30 m
KAN_L,2021,S2A_22WEV_20210828_1_L2A,2021-08-28 15:04:02.245000+00:00,2021-08-28,05.00,91.6255,"14,15,16",397.24,191.288,0.518458,0.579933,67.0941,-49.9624,57.2203,"[8, 8, 8, 8, 8, 8, 8, 8, 8]",0.6107,0.5675,0.4929,0.3671,0.00278254,0.00214533,0.00148557,0.00178914,"{""B2"": {""scale"": 0.0001, ""offset"": -0.1, ""source"": ""recorded (boa_offset_applied)""}, ""B3"": {""scale"": 0.0001, ""offset"": -0.1, ""source"": ""recorded (boa_offset_applied)""}, ""B4"": {""scale"": 0.0001, ""offset"": -0.1, ""source"": ""recorded (boa_offset_applied)""}, ""B8"": {""scale"": 0.0001, ""offset"": -0.1, ""source"": ""recorded (boa_offset_applied)""}}",excluded,SCL != 11 within 30 m
KAN_L,2021,S2A_22WEV_20210828_0_L2A,2021-08-28 15:04:02.246000+00:00,2021-08-28,03.01,63.2562,"14,15,16",397.24,191.288,0.518458,0.579933,67.0941,-49.9624,57.2203,"[8, 8, 8, 8, 8, 8, 8, 8, 8]",0.683,0.6615,0.5947,0.4715,0.0032624,0.0025513,0.00175127,0.00188234,"{""B2"": {""scale"": 0.0001, ""offset"": 0.0, ""source"": ""recorded (baseline < 04.00)""}, ""B3"": {""scale"": 0.0001, ""offset"": 0.0, ""source"": ""recorded (baseline < 04.00)""}, ""B4"": {""scale"": 0.0001, ""offset"": 0.0, ""source"": ""recorded (baseline < 04.00)""}, ""B8"": {""scale"": 0.0001, ""offset"": 0.0, ""source"": ""recorded (baseline < 04.00)""}}",excluded,SCL != 11 within 30 m
KAN_L,2021,S2B_22WEV_20210829_1_L2A,2021-08-29 15:23:52.630000+00:00,2021-08-29,05.00,98.2762,"14,15,16",384.82,115.615,0.699561,0.646367,67.0941,-49.9624,57.504,"[9, 9, 9, 9, 9, 9, 9, 9, 9]",0.7946,0.7472,0.7224,0.6878,0.00311286,0.00181543,0.0017075,0.00222266,"{""B2"": {""scale"": 0.0001, ""offset"": -0.1, ""source"": ""recorded (boa_offset_applied)""}, ""B3"": {""scale"": 0.0001, ""offset"": -0.1, ""source"": ""recorded (boa_offset_applied)""}, ""B4"": {""scale"": 0.0001, ""offset"": -0.1, ""source"": ""recorded (boa_offset_applied)""}, ""B8"": {""scale"": 0.0001, ""offset"": -0.1, ""source"": ""recorded (boa_offset_applied)""}}",excluded,SCL != 11 within 30 m
KAN_L,2021,S2B_22WEV_20210829_0_L2A,2021-08-29 15:23:52.630000+00:00,2021-08-29,03.01,90.1161,"14,15,16",384.82,115.615,0.699561,0.646367,67.0941,-49.9624,57.504,"[9, 9, 9, 9, 9, 9, 9, 9, 9]",0.8514,0.8262,0.8142,0.794,0.00397436,0.00214165,0.00213547,0.00246266,"{""B2"": {""scale"": 0.0001, ""offset"": 0.0, ""source"": ""recorded (baseline < 04.00)""}, ""B3"": {""scale"": 0.0001, ""offset"": 0.0, ""source"": ""recorded (baseline < 04.00)""}, ""B4"": {""scale"": 0.0001, ""offset"": 0.0, ""source"": ""recorded (baseline < 04.00)""}, ""B8"": {""scale"": 0.0001, ""offset"": 0.0, ""source"": ""recorded (baseline < 04.00)""}}",excluded,SCL != 11 within 30 m
KAN_L,2021,S2A_22WEV_20210831_0_L2A,2021-08-31 15:13:59.836000+00:00,2021-08-31,03.01,31.4975,"14,15,16",559.14,145.529,0.739728,0.0733,67.0941,-49.9624,58.2223,"[11, 11, 11, 11, 11, 11, 11, 11, 11]",0.8408,0.8195,0.8073,0.745,0.0762402,0.0770707,0.0722981,0.0638806,"{""B2"": {""scale"": 0.0001, ""offset"": 0.0, ""source"": ""recorded (baseline < 04.00)""}, ""B3"": {""scale"": 0.0001, ""offset"": 0.0, ""source"": ""recorded (baseline < 04.00)""}, ""B4"": {""scale"": 0.0001, ""offset"": 0.0, ""source"": ""recorded (baseline < 04.00)""}, ""B8"": {""scale"": 0.0001, ""offset"": 0.0, ""source"": ""recorded (baseline < 04.00)""}}",valid,
KAN_L,2021,S2A_22WEV_20210831_1_L2A,2021-08-31 15:13:59.837000+00:00,2021-08-31,05.00,37.9202,"14,15,16",559.14,145.529,0.739728,0.0733,67.0941,-49.9624,,,,,,,,,,,,excluded,station-day already has an acquisition
KAN_L,2022,S2A_22WEV_20220604_0_L2A,2022-06-04 15:04:08.478000+00:00,2022-06-04,04.00,0.957621,,,,,,,,,,,,,,,,,,,excluded,station: dsr_cor/usr_cor missing in the 3 overpass hours
KAN_L,2022,S2B_22WEV_20220605_0_L2A,2022-06-05 15:23:55.965000+00:00,2022-06-05,04.00,23.0956,,,,,,,,,,,,,,,,,,,excluded,station: dsr_cor/usr_cor missing in the 3 overpass hours
KAN_L,2022,S2A_22WEV_20220607_0_L2A,2022-06-07 15:14:06.815000+00:00,2022-06-07,04.00,19.9318,,,,,,,,,,,,,,,,,,,excluded,station: dsr_cor/usr_cor missing in the 3 overpass hours
KAN_L,2022,S2B_22WEV_20220609_0_L2A,2022-06-09 15:04:02.623000+00:00,2022-06-09,04.00,74.9857,,,,,,,,,,,,,,,,,,,excluded,station: dsr_cor/usr_cor missing in the 3 overpass hours
KAN_L,2022,S2A_22WEV_20220610_0_L2A,2022-06-10 15:24:04.555000+00:00,2022-06-10,04.00,94.2252,,,,,,,,,,,,,,,,,,,excluded,station: dsr_cor/usr_cor missing in the 3 overpass hours
KAN_L,2022,S2B_22WEV_20220612_0_L2A,2022-06-12 15:14:01.431000+00:00,2022-06-12,04.00,97.1589,,,,,,,,,,,,,,,,,,,excluded,station: dsr_cor/usr_cor missing in the 3 overpass hours
KAN_L,2022,S2A_22WEV_20220614_0_L2A,2022-06-14 15:04:11.152000+00:00,2022-06-14,04.00,94.6916,,,,,,,,,,,,,,,,,,,excluded,station: dsr_cor/usr_cor missing in the 3 overpass hours
KAN_L,2022,S2B_22WEV_20220615_0_L2A,2022-06-15 15:23:58.879000+00:00,2022-06-15,04.00,39.6534,,,,,,,,,,,,,,,,,,,excluded,station: dsr_cor/usr_cor missing in the 3 overpass hours
KAN_L,2022,S2A_22WEV_20220617_0_L2A,2022-06-17 15:14:09.837000+00:00,2022-06-17,04.00,85.6977,,,,,,,,,,,,,,,,,,,excluded,station: dsr_cor/usr_cor missing in the 3 overpass hours
KAN_L,2022,S2B_22WEV_20220619_0_L2A,2022-06-19 15:04:04.964000+00:00,2022-06-19,04.00,34.2778,,,,,,,,,,,,,,,,,,,excluded,station: dsr_cor/usr_cor missing in the 3 overpass hours
KAN_L,2022,S2A_22WEV_20220620_0_L2A,2022-06-20 15:24:07.118000+00:00,2022-06-20,04.00,99.9987,,,,,,,,,,,,,,,,,,,excluded,station: dsr_cor/usr_cor missing in the 3 overpass hours
KAN_L,2022,S2B_22WEV_20220622_0_L2A,2022-06-22 15:14:03.269000+00:00,2022-06-22,04.00,99.7215,,,,,,,,,,,,,,,,,,,excluded,station: dsr_cor/usr_cor missing in the 3 overpass hours
KAN_L,2022,S2A_22WEV_20220624_0_L2A,2022-06-24 15:04:13.050000+00:00,2022-06-24,04.00,89.3271,,,,,,,,,,,,,,,,,,,excluded,station: dsr_cor/usr_cor missing in the 3 overpass hours
KAN_L,2022,S2B_22WEV_20220625_0_L2A,2022-06-25 15:24:00.222000+00:00,2022-06-25,04.00,41.1237,,,,,,,,,,,,,,,,,,,excluded,station: dsr_cor/usr_cor missing in the 3 overpass hours
KAN_L,2022,S2A_22WEV_20220627_0_L2A,2022-06-27 15:14:11.292000+00:00,2022-06-27,04.00,63.4524,,,,,,,,,,,,,,,,,,,excluded,station: dsr_cor/usr_cor missing in the 3 overpass hours
KAN_L,2022,S2B_22WEV_20220629_0_L2A,2022-06-29 15:04:05.760000+00:00,2022-06-29,04.00,99.7521,,,,,,,,,,,,,,,,,,,excluded,station: dsr_cor/usr_cor missing in the 3 overpass hours
KAN_L,2022,S2A_22WEV_20220630_0_L2A,2022-06-30 15:24:08.197000+00:00,2022-06-30,04.00,2.56528,,,,,,,,,,,,,,,,,,,excluded,station: dsr_cor/usr_cor missing in the 3 overpass hours
KAN_L,2022,S2B_22WEV_20220702_0_L2A,2022-07-02 15:14:03.707000+00:00,2022-07-02,04.00,69.389,,,,,,,,,,,,,,,,,,,excluded,station: dsr_cor/usr_cor missing in the 3 overpass hours
KAN_L,2022,S2A_22WEV_20220704_0_L2A,2022-07-04 15:04:13.680000+00:00,2022-07-04,04.00,34.0634,,,,,,,,,,,,,,,,,,,excluded,station: dsr_cor/usr_cor missing in the 3 overpass hours
KAN_L,2022,S2B_22WEV_20220705_0_L2A,2022-07-05 15:24:00.320000+00:00,2022-07-05,04.00,89.9624,,,,,,,,,,,,,,,,,,,excluded,station: dsr_cor/usr_cor missing in the 3 overpass hours
KAN_L,2022,S2A_22WEV_20220707_0_L2A,2022-07-07 15:14:11.584000+00:00,2022-07-07,04.00,98.3642,,,,,,,,,,,,,,,,,,,excluded,station: dsr_cor/usr_cor missing in the 3 overpass hours
KAN_L,2022,S2B_22WEV_20220709_0_L2A,2022-07-09 15:04:05.392000+00:00,2022-07-09,04.00,66.8327,,,,,,,,,,,,,,,,,,,excluded,station: dsr_cor/usr_cor missing in the 3 overpass hours
KAN_L,2022,S2A_22WEV_20220710_0_L2A,2022-07-10 15:24:08.139000+00:00,2022-07-10,04.00,95.0771,,,,,,,,,,,,,,,,,,,excluded,station: dsr_cor/usr_cor missing in the 3 overpass hours
KAN_L,2022,S2B_22WEV_20220712_0_L2A,2022-07-12 15:14:03+00:00,2022-07-12,04.00,81.0393,,,,,,,,,,,,,,,,,,,excluded,station: dsr_cor/usr_cor missing in the 3 overpass hours
KAN_L,2022,S2A_22WEV_20220714_0_L2A,2022-07-14 15:04:13.156000+00:00,2022-07-14,04.00,0.513291,,,,,,,,,,,,,,,,,,,excluded,station: dsr_cor/usr_cor missing in the 3 overpass hours
KAN_L,2022,S2B_22WEV_20220715_0_L2A,2022-07-15 15:23:59.752000+00:00,2022-07-15,04.00,28.455,,,,,,,,,,,,,,,,,,,excluded,station: dsr_cor/usr_cor missing in the 3 overpass hours
KAN_L,2022,S2A_22WEV_20220717_1_L2A,2022-07-17 15:14:10.556000+00:00,2022-07-17,04.00,6.27436,,,,,,,,,,,,,,,,,,,excluded,station: dsr_cor/usr_cor missing in the 3 overpass hours
KAN_L,2022,S2B_22WEV_20220719_0_L2A,2022-07-19 15:04:05.518000+00:00,2022-07-19,04.00,23.0859,,,,,,,,,,,,,,,,,,,excluded,station: dsr_cor/usr_cor missing in the 3 overpass hours
KAN_L,2022,S2A_22WEV_20220720_1_L2A,2022-07-20 15:24:06.726000+00:00,2022-07-20,04.00,71.9561,,,,,,,,,,,,,,,,,,,excluded,station: dsr_cor/usr_cor missing in the 3 overpass hours
KAN_L,2022,S2B_22WEV_20220722_0_L2A,2022-07-22 15:14:03.589000+00:00,2022-07-22,04.00,95.5729,,,,,,,,,,,,,,,,,,,excluded,station: dsr_cor/usr_cor missing in the 3 overpass hours
KAN_L,2022,S2A_22WEV_20220724_0_L2A,2022-07-24 15:04:11.090000+00:00,2022-07-24,04.00,24.8163,"14,15,16",764.267,406.091,0.468653,0.285833,67.0939,-49.9645,47.2102,"[11, 11, 11, 11, 11, 11, 11, 11, 11]",0.5913,0.5581,0.4848,0.2901,0.0345195,0.0325323,0.0189396,0.00974487,"{""B2"": {""scale"": 0.0001, ""offset"": -0.1, ""source"": ""recorded (boa_offset_applied)""}, ""B3"": {""scale"": 0.0001, ""offset"": -0.1, ""source"": ""recorded (boa_offset_applied)""}, ""B4"": {""scale"": 0.0001, ""offset"": -0.1, ""source"": ""recorded (boa_offset_applied)""}, ""B8"": {""scale"": 0.0001, ""offset"": -0.1, ""source"": ""recorded (boa_offset_applied)""}}",valid,
KAN_L,2022,S2B_22WEV_20220725_0_L2A,2022-07-25 15:24:00.308000+00:00,2022-07-25,04.00,96.7015,"14,15,16",375.947,184.1,0.510302,0.790133,67.0939,-49.9645,47.2903,"[9, 9, 9, 9, 9, 9, 9, 9, 9]",0.82,0.754,0.6952,0.6928,0.0173103,0.0161402,0.0219576,0.0162258,"{""B2"": {""scale"": 0.0001, ""offset"": -0.1, ""source"": ""recorded (boa_offset_applied)""}, ""B3"": {""scale"": 0.0001, ""offset"": -0.1, ""source"": ""recorded (boa_offset_applied)""}, ""B4"": {""scale"": 0.0001, ""offset"": -0.1, ""source"": ""recorded (boa_offset_applied)""}, ""B8"": {""scale"": 0.0001, ""offset"": -0.1, ""source"": ""recorded (boa_offset_applied)""}}",excluded,SCL != 11 within 30 m
KAN_L,2022,S2A_22WEV_20220727_0_L2A,2022-07-27 15:14:08.161000+00:00,2022-07-27,04.00,32.1151,"14,15,16",764.29,386.976,0.493679,0.184867,67.0939,-49.9645,47.7639,"[11, 11, 11, 11, 11, 11, 11, 11, 11]",0.6062,0.5809,0.5264,0.3408,0.0376,0.0324022,0.020087,0.0115305,"{""B2"": {""scale"": 0.0001, ""offset"": -0.1, ""source"": ""recorded (boa_offset_applied)""}, ""B3"": {""scale"": 0.0001, ""offset"": -0.1, ""source"": ""recorded (boa_offset_applied)""}, ""B4"": {""scale"": 0.0001, ""offset"": -0.1, ""source"": ""recorded (boa_offset_applied)""}, ""B8"": {""scale"": 0.0001, ""offset"": -0.1, ""source"": ""recorded (boa_offset_applied)""}}",valid,
KAN_L,2022,S2B_22WEV_20220729_0_L2A,2022-07-29 15:04:05.563000+00:00,2022-07-29,04.00,48.2604,"14,15,16",620.306,311.388,0.498008,0.557733,67.0939,-49.9646,48.3126,"[11, 11, 11, 11, 11, 11, 11, 11, 11]",0.6242,0.6075,0.5446,0.362,0.0365683,0.0314036,0.0229213,0.0136207,"{""B2"": {""scale"": 0.0001, ""offset"": -0.1, ""source"": ""recorded (boa_offset_applied)""}, ""B3"": {""scale"": 0.0001, ""offset"": -0.1, ""source"": ""recorded (boa_offset_applied)""}, ""B4"": {""scale"": 0.0001, ""offset"": -0.1, ""source"": ""recorded (boa_offset_applied)""}, ""B8"": {""scale"": 0.0001, ""offset"": -0.1, ""source"": ""recorded (boa_offset_applied)""}}",valid,
KAN_L,2022,S2A_22WEV_20220730_0_L2A,2022-07-30 15:24:05.034000+00:00,2022-07-30,04.00,99.667,"14,15,16",384.24,199.133,0.48175,0.912667,67.0939,-49.9646,48.4193,"[9, 9, 9, 9, 9, 9, 9, 9, 9]",0.52,0.4913,0.4461,0.3479,0.00220997,0.00155382,0.00226076,0.0019211,"{""B2"": {""scale"": 0.0001, ""offset"": -0.1, ""source"": ""recorded (boa_offset_applied)""}, ""B3"": {""scale"": 0.0001, ""offset"": -0.1, ""source"": ""recorded (boa_offset_applied)""}, ""B4"": {""scale"": 0.0001, ""offset"": -0.1, ""source"": ""recorded (boa_offset_applied)""}, ""B8"": {""scale"": 0.0001, ""offset"": -0.1, ""source"": ""recorded (boa_offset_applied)""}}",excluded,SCL != 11 within 30 m
KAN_L,2022,S2B_22WEV_20220801_0_L2A,2022-08-01 15:14:03.324000+00:00,2022-08-01,04.00,2.00841,"14,15,16",742.552,393.788,0.469684,0.211467,67.0939,-49.9646,48.9445,"[11, 11, 11, 11, 11, 11, 11, 11, 11]",0.5951,0.5823,0.4987,0.2894,0.0451343,0.0374053,0.0275935,0.0146801,"{""B2"": {""scale"": 0.0001, ""offset"": -0.1, ""source"": ""recorded (boa_offset_applied)""}, ""B3"": {""scale"": 0.0001, ""offset"": -0.1, ""source"": ""recorded (boa_offset_applied)""}, ""B4"": {""scale"": 0.0001, ""offset"": -0.1, ""source"": ""recorded (boa_offset_applied)""}, ""B8"": {""scale"": 0.0001, ""offset"": -0.1, ""source"": ""recorded (boa_offset_applied)""}}",valid,
KAN_L,2022,S2A_22WEV_20220803_0_L2A,2022-08-03 15:04:11.305000+00:00,2022-08-03,04.00,48.1682,"14,15,16",576.124,319.812,0.44489,0.3851,67.0939,-49.9646,49.5393,"[11, 11, 11, 11, 11, 11, 11, 11, 11]",0.4017,0.3883,0.3229,0.1654,0.0265819,0.0211242,0.0136921,0.00618045,"{""B2"": {""scale"": 0.0001, ""offset"": -0.1, ""source"": ""recorded (boa_offset_applied)""}, ""B3"": {""scale"": 0.0001, ""offset"": -0.1, ""source"": ""recorded (boa_offset_applied)""}, ""B4"": {""scale"": 0.0001, ""offset"": -0.1, ""source"": ""recorded (boa_offset_applied)""}, ""B8"": {""scale"": 0.0001, ""offset"": -0.1, ""source"": ""recorded (boa_offset_applied)""}}",valid,
KAN_L,2022,S2B_22WEV_20220804_1_L2A,2022-08-04 15:23:58.188000+00:00,2022-08-04,04.00,97.2137,"14,15,16",319.691,162.705,0.491055,0.905833,67.0939,-49.9646,49.6757,"[9, 9, 9, 9, 9, 9, 9, 9, 9]",0.5336,0.4896,0.4468,0.369,0.00754512,0.00695493,0.00577762,0.00921136,"{""B2"": {""scale"": 0.0001, ""offset"": -0.1, ""source"": ""recorded (boa_offset_applied)""}, ""B3"": {""scale"": 0.0001, ""offset"": -0.1, ""source"": ""recorded (boa_offset_applied)""}, ""B4"": {""scale"": 0.0001, ""offset"": -0.1, ""source"": ""recorded (boa_offset_applied)""}, ""B8"": {""scale"": 0.0001, ""offset"": -0.1, ""source"": ""recorded (boa_offset_applied)""}}",excluded,SCL != 11 within 30 m
KAN_L,2022,S2A_22WEV_20220806_0_L2A,2022-08-06 15:14:09.817000+00:00,2022-08-06,04.00,19.6904,"14,15,16",725.861,387.81,0.465724,0.186,67.0939,-49.9646,50.2458,"[11, 11, 11, 11, 11, 11, 11, 11, 11]",0.6356,0.6022,0.4943,0.247,0.036711,0.0337706,0.0245124,0.0174757,"{""B2"": {""scale"": 0.0001, ""offset"": -0.1, ""source"": ""recorded (boa_offset_applied)""}, ""B3"": {""scale"": 0.0001, ""offset"": -0.1, ""source"": ""recorded (boa_offset_applied)""}, ""B4"": {""scale"": 0.0001, ""offset"": -0.1, ""source"": ""recorded (boa_offset_applied)""}, ""B8"": {""scale"": 0.0001, ""offset"": -0.1, ""source"": ""recorded (boa_offset_applied)""}}",valid,
KAN_L,2022,S2B_22WEV_20220808_0_L2A,2022-08-08 15:04:04.636000+00:00,2022-08-08,04.00,96.9065,"14,15,16",282.014,129.97,0.539137,0.8569,67.0938,-49.9646,50.8848,"[8, 8, 8, 8, 8, 8, 8, 8, 8]",0.5836,0.561,0.5446,0.5343,0.000955678,0.00216783,0.00178374,0.00140563,"{""B2"": {""scale"": 0.0001, ""offset"": -0.1, ""source"": ""recorded (boa_offset_applied)""}, ""B3"": {""scale"": 0.0001, ""offset"": -0.1, ""source"": ""recorded (boa_offset_applied)""}, ""B4"": {""scale"": 0.0001, ""offset"": -0.1, ""source"": ""recorded (boa_offset_applied)""}, ""B8"": {""scale"": 0.0001, ""offset"": -0.1, ""source"": ""recorded (boa_offset_applied)""}}",excluded,SCL != 11 within 30 m
KAN_L,2022,S2A_22WEV_20220809_0_L2A,2022-08-09 15:24:07.026000+00:00,2022-08-09,04.00,98.0404,"14,15,16",242.626,108.551,0.552598,0.9988,67.0938,-49.9646,51.0491,"[9, 9, 9, 9, 9, 9, 9, 9, 9]",0.6338,0.628,0.6328,0.6478,0.00406443,0.00525526,0.00354205,0.00690214,"{""B2"": {""scale"": 0.0001, ""offset"": -0.1, ""source"": ""recorded (boa_offset_applied)""}, ""B3"": {""scale"": 0.0001, ""offset"": -0.1, ""source"": ""recorded (boa_offset_applied)""}, ""B4"": {""scale"": 0.0001, ""offset"": -0.1, ""source"": ""recorded (boa_offset_applied)""}, ""B8"": {""scale"": 0.0001, ""offset"": -0.1, ""source"": ""recorded (boa_offset_applied)""}}",excluded,SCL != 11 within 30 m
KAN_L,2022,S2B_22WEV_20220811_0_L2A,2022-08-11 15:14:02.104000+00:00,2022-08-11,04.00,76.4998,"14,15,16",653.287,326.063,0.500888,0.463067,67.0938,-49.9646,51.6602,"[8, 8, 8, 8, 8, 8, 8, 8, 8]",0.6842,0.6151,0.5291,0.3272,0.0184363,0.0175177,0.0167453,0.0169785,"{""B2"": {""scale"": 0.0001, ""offset"": -0.1, ""source"": ""recorded (boa_offset_applied)""}, ""B3"": {""scale"": 0.0001, ""offset"": -0.1, ""source"": ""recorded (boa_offset_applied)""}, ""B4"": {""scale"": 0.0001, ""offset"": -0.1, ""source"": ""recorded (boa_offset_applied)""}, ""B8"": {""scale"": 0.0001, ""offset"": -0.1, ""source"": ""recorded (boa_offset_applied)""}}",excluded,SCL != 11 within 30 m
KAN_L,2022,S2A_22WEV_20220813_1_L2A,2022-08-13 15:04:15.246000+00:00,2022-08-13,04.00,7.55569,"14,15,16",688.105,331.928,0.51762,0.0962333,67.0938,-49.9646,52.3333,"[11, 11, 11, 11, 11, 11, 11, 11, 11]",0.6602,0.638,0.5682,0.3742,0.0433131,0.0410586,0.031042,0.0239561,"{""B2"": {""scale"": 0.0001, ""offset"": -0.1, ""source"": ""recorded (boa_offset_applied)""}, ""B3"": {""scale"": 0.0001, ""offset"": -0.1, ""source"": ""recorded (boa_offset_applied)""}, ""B4"": {""scale"": 0.0001, ""offset"": -0.1, ""source"": ""recorded (boa_offset_applied)""}, ""B8"": {""scale"": 0.0001, ""offset"": -0.1, ""source"": ""recorded (boa_offset_applied)""}}",valid,
KAN_L,2022,S2B_22WEV_20220814_0_L2A,2022-08-14 15:23:58.214000+00:00,2022-08-14,04.00,99.9997,"14,15,16",265.134,133.229,0.497503,0.722533,67.0938,-49.9647,52.5294,"[8, 8, 8, 8, 8, 8, 8, 8, 8]",0.7996,0.812,0.836,0.8712,0.006361,0.00601783,0.0017775,0.0068914,"{""B2"": {""scale"": 0.0001, ""offset"": -0.1, ""source"": ""recorded (boa_offset_applied)""}, ""B3"": {""scale"": 0.0001, ""offset"": -0.1, ""source"": ""recorded (boa_offset_applied)""}, ""B4"": {""scale"": 0.0001, ""offset"": -0.1, ""source"": ""recorded (boa_offset_applied)""}, ""B8"": {""scale"": 0.0001, ""offset"": -0.1, ""source"": ""recorded (boa_offset_applied)""}}",excluded,SCL != 11 within 30 m
KAN_L,2022,S2A_22WEV_20220816_0_L2A,2022-08-16 15:14:11.062000+00:00,2022-08-16,04.00,92.3035,"14,15,16",484.072,254.625,0.473994,0.484567,67.0938,-49.9647,53.1742,"[10, 10, 10, 10, 10, 10, 10, 10, 10]",0.6478,0.5925,0.5042,0.3379,0.010207,0.00917848,0.00706169,0.00410556,"{""B2"": {""scale"": 0.0001, ""offset"": -0.1, ""source"": ""recorded (boa_offset_applied)""}, ""B3"": {""scale"": 0.0001, ""offset"": -0.1, ""source"": ""recorded (boa_offset_applied)""}, ""B4"": {""scale"": 0.0001, ""offset"": -0.1, ""source"": ""recorded (boa_offset_applied)""}, ""B8"": {""scale"": 0.0001, ""offset"": -0.1, ""source"": ""recorded (boa_offset_applied)""}}",excluded,SCL != 11 within 30 m
KAN_L,2022,S2B_22WEV_20220818_0_L2A,2022-08-18 15:04:02.602000+00:00,2022-08-18,04.00,96.1427,"14,15,16",504.743,237.964,0.528544,0.7455,67.0938,-49.9647,53.8817,"[10, 10, 10, 10, 10, 10, 10, 10, 10]",0.693,0.625,0.5652,0.4691,0.00209573,0.00330487,0.00476422,0.00443019,"{""B2"": {""scale"": 0.0001, ""offset"": -0.1, ""source"": ""recorded (boa_offset_applied)""}, ""B3"": {""scale"": 0.0001, ""offset"": -0.1, ""source"": ""recorded (boa_offset_applied)""}, ""B4"": {""scale"": 0.0001, ""offset"": -0.1, ""source"": ""recorded (boa_offset_applied)""}, ""B8"": {""scale"": 0.0001, ""offset"": -0.1, ""source"": ""recorded (boa_offset_applied)""}}",excluded,SCL != 11 within 30 m
KAN_L,2022,S2A_22WEV_20220819_0_L2A,2022-08-19 15:24:07.886000+00:00,2022-08-19,04.00,43.4258,"14,15,16",669.593,289.045,0.568327,0.0908333,67.0938,-49.9647,54.1057,"[8, 8, 8, 8, 8, 8, 8, 8, 8]",0.9196,0.855,0.759,0.5702,0.0308988,0.0273454,0.0226925,0.0176643,"{""B2"": {""scale"": 0.0001, ""offset"": -0.1, ""source"": ""recorded (boa_offset_applied)""}, ""B3"": {""scale"": 0.0001, ""offset"": -0.1, ""source"": ""recorded (boa_offset_applied)""}, ""B4"": {""scale"": 0.0001, ""offset"": -0.1, ""source"": ""recorded (boa_offset_applied)""}, ""B8"": {""scale"": 0.0001, ""offset"": -0.1, ""source"": ""recorded (boa_offset_applied)""}}",excluded,SCL != 11 within 30 m
KAN_L,2022,S2B_22WEV_20220821_0_L2A,2022-08-21 15:13:59.680000+00:00,2022-08-21,04.00,86.259,"14,15,16",509.146,204.236,0.598865,0.562133,67.0938,-49.9647,54.7808,"[10, 10, 10, 10, 10, 10, 10, 10, 10]",0.6176,0.5679,0.5309,0.4589,0.00334166,0.00403342,0.00369776,0.00432076,"{""B2"": {""scale"": 0.0001, ""offset"": -0.1, ""source"": ""recorded (boa_offset_applied)""}, ""B3"": {""scale"": 0.0001, ""offset"": -0.1, ""source"": ""recorded (boa_offset_applied)""}, ""B4"": {""scale"": 0.0001, ""offset"": -0.1, ""source"": ""recorded (boa_offset_applied)""}, ""B8"": {""scale"": 0.0001, ""offset"": -0.1, ""source"": ""recorded (boa_offset_applied)""}}",excluded,SCL != 11 within 30 m
KAN_L,2022,S2A_22WEV_20220823_1_L2A,2022-08-23 15:04:13.813000+00:00,2022-08-23,04.00,99.6321,"14,15,16",181.72,84.2461,0.536396,0.861033,67.0938,-49.9647,55.5116,"[8, 8, 8, 8, 8, 8, 8, 8, 8]",0.7154,0.6646,0.6332,0.5968,0.00210208,0.00454877,0.00931116,0.0042227,"{""B2"": {""scale"": 0.0001, ""offset"": -0.1, ""source"": ""recorded (boa_offset_applied)""}, ""B3"": {""scale"": 0.0001, ""offset"": -0.1, ""source"": ""recorded (boa_offset_applied)""}, ""B4"": {""scale"": 0.0001, ""offset"": -0.1, ""source"": ""recorded (boa_offset_applied)""}, ""B8"": {""scale"": 0.0001, ""offset"": -0.1, ""source"": ""recorded (boa_offset_applied)""}}",excluded,SCL != 11 within 30 m
KAN_L,2022,S2B_22WEV_20220824_0_L2A,2022-08-24 15:23:55.446000+00:00,2022-08-24,04.00,88.2356,"14,15,16",503.347,248.678,0.50595,0.2563,67.0938,-49.9647,55.7673,"[8, 8, 8, 8, 8, 8, 8, 8, 8]",0.5923,0.5604,0.493,0.3714,0.00839397,0.00731089,0.00581921,0.00329549,"{""B2"": {""scale"": 0.0001, ""offset"": -0.1, ""source"": ""recorded (boa_offset_applied)""}, ""B3"": {""scale"": 0.0001, ""offset"": -0.1, ""source"": ""recorded (boa_offset_applied)""}, ""B4"": {""scale"": 0.0001, ""offset"": -0.1, ""source"": ""recorded (boa_offset_applied)""}, ""B8"": {""scale"": 0.0001, ""offset"": -0.1, ""source"": ""recorded (boa_offset_applied)""}}",excluded,SCL != 11 within 30 m
KAN_L,2022,S2A_22WEV_20220826_0_L2A,2022-08-26 15:14:11.118000+00:00,2022-08-26,04.00,58.9073,"14,15,16",533.718,254.175,0.523765,0.2253,67.0938,-49.9647,56.4658,"[11, 11, 11, 11, 11, 11, 11, 11, 11]",0.5668,0.5346,0.4663,0.3035,0.0218263,0.0217793,0.0158247,0.011059,"{""B2"": {""scale"": 0.0001, ""offset"": -0.1, ""source"": ""recorded (boa_offset_applied)""}, ""B3"": {""scale"": 0.0001, ""offset"": -0.1, ""source"": ""recorded (boa_offset_applied)""}, ""B4"": {""scale"": 0.0001, ""offset"": -0.1, ""source"": ""recorded (boa_offset_applied)""}, ""B8"": {""scale"": 0.0001, ""offset"": -0.1, ""source"": ""recorded (boa_offset_applied)""}}",valid,
KAN_L,2022,S2B_22WEV_20220828_0_L2A,2022-08-28 15:04:01.023000+00:00,2022-08-28,04.00,0.647553,"14,15,16",582.442,253.963,0.563969,0.00896667,67.0938,-49.9647,57.2203,"[11, 11, 11, 11, 11, 11, 11, 11, 11]",0.6932,0.6616,0.5929,0.3919,0.0516117,0.048456,0.0446883,0.0337545,"{""B2"": {""scale"": 0.0001, ""offset"": -0.1, ""source"": ""recorded (boa_offset_applied)""}, ""B3"": {""scale"": 0.0001, ""offset"": -0.1, ""source"": ""recorded (boa_offset_applied)""}, ""B4"": {""scale"": 0.0001, ""offset"": -0.1, ""source"": ""recorded (boa_offset_applied)""}, ""B8"": {""scale"": 0.0001, ""offset"": -0.1, ""source"": ""recorded (boa_offset_applied)""}}",valid,
KAN_L,2022,S2A_22WEV_20220829_0_L2A,2022-08-29 15:24:07.673000+00:00,2022-08-29,04.00,94.5026,"14,15,16",314.489,145.153,0.538449,0.67,67.0938,-49.9647,57.5041,"[3, 3, 3, 3, 3, 3, 3, 3, 3]",0.4201,0.3759,0.3159,0.1693,0.0176167,0.0162467,0.0141715,0.0107906,"{""B2"": {""scale"": 0.0001, ""offset"": -0.1, ""source"": ""recorded (boa_offset_applied)""}, ""B3"": {""scale"": 0.0001, ""offset"": -0.1, ""source"": ""recorded (boa_offset_applied)""}, ""B4"": {""scale"": 0.0001, ""offset"": -0.1, ""source"": ""recorded (boa_offset_applied)""}, ""B8"": {""scale"": 0.0001, ""offset"": -0.1, ""source"": ""recorded (boa_offset_applied)""}}",excluded,SCL != 11 within 30 m
KAN_L,2022,S2B_22WEV_20220831_0_L2A,2022-08-31 15:13:59.493000+00:00,2022-08-31,04.00,99.8922,"14,15,16",284.523,17.1639,0.939675,1,67.0938,-49.9648,58.2221,"[8, 8, 9, 8, 8, 8, 8, 8, 8]",0.7756,0.7342,0.7224,0.7204,0.0114725,0.0155291,0.0177599,0.0188562,"{""B2"": {""scale"": 0.0001, ""offset"": -0.1, ""source"": ""recorded (boa_offset_applied)""}, ""B3"": {""scale"": 0.0001, ""offset"": -0.1, ""source"": ""recorded (boa_offset_applied)""}, ""B4"": {""scale"": 0.0001, ""offset"": -0.1, ""source"": ""recorded (boa_offset_applied)""}, ""B8"": {""scale"": 0.0001, ""offset"": -0.1, ""source"": ""recorded (boa_offset_applied)""}}",excluded,SCL != 11 within 30 m
KAN_L,2023,S2A_22WEV_20230602_0_L2A,2023-06-02 15:14:02.427000+00:00,2023-06-02,05.09,99.1806,"14,15,16",555.597,80.7463,0.854667,0.942967,67.0936,-49.9665,44.9912,"[9, 9, 9, 9, 9, 9, 9, 9, 9]",0.9268,0.8898,0.8838,0.8606,0.00112524,0.00180369,0.00229353,0.00194771,"{""B2"": {""scale"": 0.0001, ""offset"": -0.1, ""source"": ""recorded (boa_offset_applied)""}, ""B3"": {""scale"": 0.0001, ""offset"": -0.1, ""source"": ""recorded (boa_offset_applied)""}, ""B4"": {""scale"": 0.0001, ""offset"": -0.1, ""source"": ""recorded (boa_offset_applied)""}, ""B8"": {""scale"": 0.0001, ""offset"": -0.1, ""source"": ""recorded (boa_offset_applied)""}}",excluded,SCL != 11 within 30 m
KAN_L,2023,S2B_22WEV_20230604_0_L2A,2023-06-04 15:04:04.909000+00:00,2023-06-04,05.09,97.3132,"14,15,16",581.857,109.483,0.811839,0.709133,67.0936,-49.9665,44.7858,"[9, 8, 8, 9, 8, 8, 8, 8, 8]",0.8462,0.8044,0.7898,0.726,0.0039573,0.00840129,0.00372193,0.0104406,"{""B2"": {""scale"": 0.0001, ""offset"": -0.1, ""source"": ""recorded (boa_offset_applied)""}, ""B3"": {""scale"": 0.0001, ""offset"": -0.1, ""source"": ""recorded (boa_offset_applied)""}, ""B4"": {""scale"": 0.0001, ""offset"": -0.1, ""source"": ""recorded (boa_offset_applied)""}, ""B8"": {""scale"": 0.0001, ""offset"": -0.1, ""source"": ""recorded (boa_offset_applied)""}}",excluded,SCL != 11 within 30 m
KAN_L,2023,S2A_22WEV_20230605_0_L2A,2023-06-05 15:23:58.945000+00:00,2023-06-05,05.09,99.1947,"14,15,16",546.716,100.753,0.815713,0.984033,67.0936,-49.9665,44.6237,"[9, 9, 9, 9, 9, 9, 9, 9, 9]",0.873,0.8372,0.8204,0.7696,0.00859756,0.00893422,0.00960694,0.00833467,"{""B2"": {""scale"": 0.0001, ""offset"": -0.1, ""source"": ""recorded (boa_offset_applied)""}, ""B3"": {""scale"": 0.0001, ""offset"": -0.1, ""source"": ""recorded (boa_offset_applied)""}, ""B4"": {""scale"": 0.0001, ""offset"": -0.1, ""source"": ""recorded (boa_offset_applied)""}, ""B8"": {""scale"": 0.0001, ""offset"": -0.1, ""source"": ""recorded (boa_offset_applied)""}}",excluded,SCL != 11 within 30 m
KAN_L,2023,S2B_22WEV_20230607_0_L2A,2023-06-07 15:14:03.325000+00:00,2023-06-07,05.09,97.3534,"14,15,16",639.628,70.9878,0.889017,0.861567,67.0936,-49.9665,44.4033,"[9, 9, 9, 9, 9, 9, 9, 9, 9]",0.8788,0.8698,0.8952,0.892,0.00203524,0.00218683,0.00284878,0.00239629,"{""B2"": {""scale"": 0.0001, ""offset"": -0.1, ""source"": ""recorded (boa_offset_applied)""}, ""B3"": {""scale"": 0.0001, ""offset"": -0.1, ""source"": ""recorded (boa_offset_applied)""}, ""B4"": {""scale"": 0.0001, ""offset"": -0.1, ""source"": ""recorded (boa_offset_applied)""}, ""B8"": {""scale"": 0.0001, ""offset"": -0.1, ""source"": ""recorded (boa_offset_applied)""}}",excluded,SCL != 11 within 30 m
KAN_L,2023,S2A_22WEV_20230609_0_L2A,2023-06-09 15:04:04.396000+00:00,2023-06-09,05.09,99.9827,"14,15,16",391.1,43.9491,0.887627,0.9591,67.0936,-49.9666,44.2691,"[9, 9, 9, 9, 9, 9, 9, 9, 9]",0.7846,0.7942,0.8128,0.836,0.00175653,0.00303282,0.00258332,0.00502527,"{""B2"": {""scale"": 0.0001, ""offset"": -0.1, ""source"": ""recorded (boa_offset_applied)""}, ""B3"": {""scale"": 0.0001, ""offset"": -0.1, ""source"": ""recorded (boa_offset_applied)""}, ""B4"": {""scale"": 0.0001, ""offset"": -0.1, ""source"": ""recorded (boa_offset_applied)""}, ""B8"": {""scale"": 0.0001, ""offset"": -0.1, ""source"": ""recorded (boa_offset_applied)""}}",excluded,SCL != 11 within 30 m
KAN_L,2023,S2B_22WEV_20230610_0_L2A,2023-06-10 15:24:00.263000+00:00,2023-06-10,05.09,99.9938,"14,15,16",383.659,77.4185,0.79821,0.708,67.0936,-49.9666,44.1304,"[8, 8, 8, 8, 8, 8, 8, 8, 8]",0.803,0.7996,0.8004,0.803,0.00358405,0.00189216,0.000938081,0.00367951,"{""B2"": {""scale"": 0.0001, ""offset"": -0.1, ""source"": ""recorded (boa_offset_applied)""}, ""B3"": {""scale"": 0.0001, ""offset"": -0.1, ""source"": ""recorded (boa_offset_applied)""}, ""B4"": {""scale"": 0.0001, ""offset"": -0.1, ""source"": ""recorded (boa_offset_applied)""}, ""B8"": {""scale"": 0.0001, ""offset"": -0.1, ""source"": ""recorded (boa_offset_applied)""}}",excluded,SCL != 11 within 30 m
KAN_L,2023,S2A_22WEV_20230612_0_L2A,2023-06-12 15:14:02.662000+00:00,2023-06-12,05.09,97.0811,"14,15,16",286.749,121.055,0.577835,0.741033,67.0936,-49.9666,43.9821,"[9, 9, 9, 9, 9, 9, 9, 9, 9]",0.5969,0.5453,0.5092,0.4532,0.00627658,0.00463632,0.00820379,0.00815998,"{""B2"": {""scale"": 0.0001, ""offset"": -0.1, ""source"": ""recorded (boa_offset_applied)""}, ""B3"": {""scale"": 0.0001, ""offset"": -0.1, ""source"": ""recorded (boa_offset_applied)""}, ""B4"": {""scale"": 0.0001, ""offset"": -0.1, ""source"": ""recorded (boa_offset_applied)""}, ""B8"": {""scale"": 0.0001, ""offset"": -0.1, ""source"": ""recorded (boa_offset_applied)""}}",excluded,SCL != 11 within 30 m
KAN_L,2023,S2B_22WEV_20230614_0_L2A,2023-06-14 15:04:05.601000+00:00,2023-06-14,05.09,84.8295,"14,15,16",732.038,306.171,0.581756,0.466,67.0936,-49.9666,43.9211,"[10, 10, 10, 10, 10, 10, 10, 10, 10]",0.791,0.7386,0.659,0.5362,0.00978242,0.0123452,0.0160783,0.0267722,"{""B2"": {""scale"": 0.0001, ""offset"": -0.1, ""source"": ""recorded (boa_offset_applied)""}, ""B3"": {""scale"": 0.0001, ""offset"": -0.1, ""source"": ""recorded (boa_offset_applied)""}, ""B4"": {""scale"": 0.0001, ""offset"": -0.1, ""source"": ""recorded (boa_offset_applied)""}, ""B8"": {""scale"": 0.0001, ""offset"": -0.1, ""source"": ""recorded (boa_offset_applied)""}}",excluded,SCL != 11 within 30 m
KAN_L,2023,S2A_22WEV_20230615_0_L2A,2023-06-15 15:23:59.482000+00:00,2023-06-15,05.09,78.5242,"14,15,16",785.423,336.844,0.571131,0.186833,67.0936,-49.9666,43.8055,"[11, 11, 11, 11, 11, 11, 11, 11, 11]",0.7406,0.7292,0.6666,0.5067,0.018765,0.0194614,0.0177049,0.0157454,"{""B2"": {""scale"": 0.0001, ""offset"": -0.1, ""source"": ""recorded (boa_offset_applied)""}, ""B3"": {""scale"": 0.0001, ""offset"": -0.1, ""source"": ""recorded (boa_offset_applied)""}, ""B4"": {""scale"": 0.0001, ""offset"": -0.1, ""source"": ""recorded (boa_offset_applied)""}, ""B8"": {""scale"": 0.0001, ""offset"": -0.1, ""source"": ""recorded (boa_offset_applied)""}}",valid,
KAN_L,2023,S2B_22WEV_20230617_0_L2A,2023-06-17 15:14:03.265000+00:00,2023-06-17,05.09,62.4985,"14,15,16",725.616,153.306,0.788723,0.189367,67.0936,-49.9666,43.7313,"[11, 11, 11, 11, 11, 11, 11, 11, 11]",0.7466,0.726,0.7238,0.6852,0.0318991,0.0333777,0.0372017,0.0374697,"{""B2"": {""scale"": 0.0001, ""offset"": -0.1, ""source"": ""recorded (boa_offset_applied)""}, ""B3"": {""scale"": 0.0001, ""offset"": -0.1, ""source"": ""recorded (boa_offset_applied)""}, ""B4"": {""scale"": 0.0001, ""offset"": -0.1, ""source"": ""recorded (boa_offset_applied)""}, ""B8"": {""scale"": 0.0001, ""offset"": -0.1, ""source"": ""recorded (boa_offset_applied)""}}",valid,
KAN_L,2023,S2A_22WEV_20230619_0_L2A,2023-06-19 15:04:04.637000+00:00,2023-06-19,05.09,43.6881,"14,15,16",681.825,253.4,0.628351,0.252833,67.0936,-49.9666,43.7455,"[11, 11, 11, 11, 11, 11, 11, 11, 11]",0.7312,0.7298,0.6944,0.5575,0.0307011,0.0307048,0.0254729,0.021469,"{""B2"": {""scale"": 0.0001, ""offset"": -0.1, ""source"": ""recorded (boa_offset_applied)""}, ""B3"": {""scale"": 0.0001, ""offset"": -0.1, ""source"": ""recorded (boa_offset_applied)""}, ""B4"": {""scale"": 0.0001, ""offset"": -0.1, ""source"": ""recorded (boa_offset_applied)""}, ""B8"": {""scale"": 0.0001, ""offset"": -0.1, ""source"": ""recorded (boa_offset_applied)""}}",valid,
KAN_L,2023,S2B_22WEV_20230620_0_L2A,2023-06-20 15:23:59.445000+00:00,2023-06-20,05.09,99.9321,"14,15,16",432.276,185.803,0.570176,0.604367,67.0936,-49.9666,43.6526,"[8, 8, 8, 8, 8, 8, 8, 8, 8]",0.7228,0.6484,0.6408,0.6288,0.00161383,0.00144531,0.000550657,0.002226,"{""B2"": {""scale"": 0.0001, ""offset"": -0.1, ""source"": ""recorded (boa_offset_applied)""}, ""B3"": {""scale"": 0.0001, ""offset"": -0.1, ""source"": ""recorded (boa_offset_applied)""}, ""B4"": {""scale"": 0.0001, ""offset"": -0.1, ""source"": ""recorded (boa_offset_applied)""}, ""B8"": {""scale"": 0.0001, ""offset"": -0.1, ""source"": ""recorded (boa_offset_applied)""}}",excluded,SCL != 11 within 30 m
KAN_L,2023,S2A_22WEV_20230622_0_L2A,2023-06-22 15:14:02.121000+00:00,2023-06-22,05.09,95.2075,"14,15,16",492.439,178.692,0.637129,0.873367,67.0936,-49.9666,43.6536,"[9, 9, 9, 9, 9, 9, 9, 9, 9]",0.6648,0.6364,0.607,0.541,0.00250353,0.00252806,0.0031163,0.00152243,"{""B2"": {""scale"": 0.0001, ""offset"": -0.1, ""source"": ""recorded (boa_offset_applied)""}, ""B3"": {""scale"": 0.0001, ""offset"": -0.1, ""source"": ""recorded (boa_offset_applied)""}, ""B4"": {""scale"": 0.0001, ""offset"": -0.1, ""source"": ""recorded (boa_offset_applied)""}, ""B8"": {""scale"": 0.0001, ""offset"": -0.1, ""source"": ""recorded (boa_offset_applied)""}}",excluded,SCL != 11 within 30 m
KAN_L,2023,S2B_22WEV_20230624_0_L2A,2023-06-24 15:04:04.840000+00:00,2023-06-24,05.09,66.9799,"14,15,16",720.15,284.778,0.604557,0.5617,67.0936,-49.9666,43.7429,"[8, 8, 8, 8, 8, 8, 8, 8, 8]",1.035,0.9222,0.7994,0.6099,0.00360096,0.00318065,0.00321263,0.00410528,"{""B2"": {""scale"": 0.0001, ""offset"": -0.1, ""source"": ""recorded (boa_offset_applied)""}, ""B3"": {""scale"": 0.0001, ""offset"": -0.1, ""source"": ""recorded (boa_offset_applied)""}, ""B4"": {""scale"": 0.0001, ""offset"": -0.1, ""source"": ""recorded (boa_offset_applied)""}, ""B8"": {""scale"": 0.0001, ""offset"": -0.1, ""source"": ""recorded (boa_offset_applied)""}}",excluded,SCL != 11 within 30 m
KAN_L,2023,S2A_22WEV_20230625_1_L2A,2023-06-25 15:23:57.701000+00:00,2023-06-25,05.09,67.2573,"14,15,16",827,355.851,0.569709,0.332767,67.0936,-49.9667,43.6729,"[11, 11, 11, 11, 11, 11, 11, 11, 11]",0.7368,0.7322,0.6724,0.4902,0.0227023,0.0241501,0.022761,0.0130522,"{""B2"": {""scale"": 0.0001, ""offset"": -0.1, ""source"": ""recorded (boa_offset_applied)""}, ""B3"": {""scale"": 0.0001, ""offset"": -0.1, ""source"": ""recorded (boa_offset_applied)""}, ""B4"": {""scale"": 0.0001, ""offset"": -0.1, ""source"": ""recorded (boa_offset_applied)""}, ""B8"": {""scale"": 0.0001, ""offset"": -0.1, ""source"": ""recorded (boa_offset_applied)""}}",valid,
KAN_L,2023,S2B_22WEV_20230627_0_L2A,2023-06-27 15:14:03.353000+00:00,2023-06-27,05.09,90.7447,"14,15,16",535.487,239.679,0.55241,0.732967,67.0936,-49.9667,43.7489,"[9, 9, 9, 9, 9, 9, 9, 9, 9]",0.7578,0.7182,0.6822,0.602,0.00604723,0.00874568,0.0143527,0.0106083,"{""B2"": {""scale"": 0.0001, ""offset"": -0.1, ""source"": ""recorded (boa_offset_applied)""}, ""B3"": {""scale"": 0.0001, ""offset"": -0.1, ""source"": ""recorded (boa_offset_applied)""}, ""B4"": {""scale"": 0.0001, ""offset"": -0.1, ""source"": ""recorded (boa_offset_applied)""}, ""B8"": {""scale"": 0.0001, ""offset"": -0.1, ""source"": ""recorded (boa_offset_applied)""}}",excluded,SCL != 11 within 30 m
KAN_L,2023,S2A_22WEV_20230629_0_L2A,2023-06-29 15:04:04.851000+00:00,2023-06-29,05.09,99.5226,"14,15,16",350.87,151.589,0.567963,0.822433,67.0936,-49.9667,43.913,"[8, 8, 8, 8, 8, 8, 8, 8, 8]",0.6842,0.6854,0.6826,0.6796,0.00146969,0.00109139,0.00180861,0.00318436,"{""B2"": {""scale"": 0.0001, ""offset"": -0.1, ""source"": ""recorded (boa_offset_applied)""}, ""B3"": {""scale"": 0.0001, ""offset"": -0.1, ""source"": ""recorded (boa_offset_applied)""}, ""B4"": {""scale"": 0.0001, ""offset"": -0.1, ""source"": ""recorded (boa_offset_applied)""}, ""B8"": {""scale"": 0.0001, ""offset"": -0.1, ""source"": ""recorded (boa_offset_applied)""}}",excluded,SCL != 11 within 30 m
KAN_L,2023,S2B_22WEV_20230630_0_L2A,2023-06-30 15:24:00.411000+00:00,2023-06-30,05.09,92.915,"14,15,16",463.346,180.385,0.610691,0.7778,67.0936,-49.9667,43.8661,"[9, 9, 9, 9, 9, 9, 9, 9, 9]",0.8176,0.7774,0.7606,0.7412,0.00150849,0.0025626,0.00197316,0.00313042,"{""B2"": {""scale"": 0.0001, ""offset"": -0.1, ""source"": ""recorded (boa_offset_applied)""}, ""B3"": {""scale"": 0.0001, ""offset"": -0.1, ""source"": ""recorded (boa_offset_applied)""}, ""B4"": {""scale"": 0.0001, ""offset"": -0.1, ""source"": ""recorded (boa_offset_applied)""}, ""B8"": {""scale"": 0.0001, ""offset"": -0.1, ""source"": ""recorded (boa_offset_applied)""}}",excluded,SCL != 11 within 30 m
KAN_L,2023,S2A_22WEV_20230702_0_L2A,2023-07-02 15:14:03.322000+00:00,2023-07-02,05.09,5.8369,"14,15,16",813.002,338.915,0.583131,0,67.0936,-49.9667,44.0162,"[11, 11, 11, 11, 11, 11, 11, 11, 11]",0.6826,0.6762,0.6274,0.4876,0.0220069,0.0236053,0.0201325,0.0143533,"{""B2"": {""scale"": 0.0001, ""offset"": -0.1, ""source"": ""recorded (boa_offset_applied)""}, ""B3"": {""scale"": 0.0001, ""offset"": -0.1, ""source"": ""recorded (boa_offset_applied)""}, ""B4"": {""scale"": 0.0001, ""offset"": -0.1, ""source"": ""recorded (boa_offset_applied)""}, ""B8"": {""scale"": 0.0001, ""offset"": -0.1, ""source"": ""recorded (boa_offset_applied)""}}",valid,
KAN_L,2023,S2B_22WEV_20230704_0_L2A,2023-07-04 15:04:05.985000+00:00,2023-07-04,05.09,99.7543,"14,15,16",352.582,160.148,0.545784,0.929967,67.0936,-49.9667,44.2531,"[9, 9, 9, 9, 9, 9, 9, 9, 9]",0.8396,0.8018,0.7632,0.7506,0.00349574,0.00601684,0.00835709,0.00708425,"{""B2"": {""scale"": 0.0001, ""offset"": -0.1, ""source"": ""recorded (boa_offset_applied)""}, ""B3"": {""scale"": 0.0001, ""offset"": -0.1, ""source"": ""recorded (boa_offset_applied)""}, ""B4"": {""scale"": 0.0001, ""offset"": -0.1, ""source"": ""recorded (boa_offset_applied)""}, ""B8"": {""scale"": 0.0001, ""offset"": -0.1, ""source"": ""recorded (boa_offset_applied)""}}",excluded,SCL != 11 within 30 m
KAN_L,2023,S2A_22WEV_20230705_0_L2A,2023-07-05 15:24:00.366000+00:00,2023-07-05,05.09,99.9971,"14,15,16",121.678,48.4919,0.601474,0.9992,67.0936,-49.9667,44.23,"[8, 8, 8, 8, 8, 8, 8, 8, 8]",0.7604,0.7592,0.7684,0.7864,0.00090976,0.00113137,0.00133592,0.00150554,"{""B2"": {""scale"": 0.0001, ""offset"": -0.1, ""source"": ""recorded (boa_offset_applied)""}, ""B3"": {""scale"": 0.0001, ""offset"": -0.1, ""source"": ""recorded (boa_offset_applied)""}, ""B4"": {""scale"": 0.0001, ""offset"": -0.1, ""source"": ""recorded (boa_offset_applied)""}, ""B8"": {""scale"": 0.0001, ""offset"": -0.1, ""source"": ""recorded (boa_offset_applied)""}}",excluded,SCL != 11 within 30 m
KAN_L,2023,S2B_22WEV_20230707_0_L2A,2023-07-07 15:14:03.848000+00:00,2023-07-07,05.09,99.4173,"14,15,16",88.6948,35.9745,0.594402,0.891467,67.0936,-49.9667,44.4521,"[9, 9, 9, 9, 9, 9, 9, 9, 9]",0.8246,0.8054,0.793,0.8282,0.00145891,0.0027752,0.00227449,0.0034176,"{""B2"": {""scale"": 0.0001, ""offset"": -0.1, ""source"": ""recorded (boa_offset_applied)""}, ""B3"": {""scale"": 0.0001, ""offset"": -0.1, ""source"": ""recorded (boa_offset_applied)""}, ""B4"": {""scale"": 0.0001, ""offset"": -0.1, ""source"": ""recorded (boa_offset_applied)""}, ""B8"": {""scale"": 0.0001, ""offset"": -0.1, ""source"": ""recorded (boa_offset_applied)""}}",excluded,SCL != 11 within 30 m
KAN_L,2023,S2A_22WEV_20230709_0_L2A,2023-07-09 15:04:05.870000+00:00,2023-07-09,05.09,75.3331,"14,15,16",528.121,260.073,0.507551,0.992533,67.0936,-49.9667,44.7594,"[9, 9, 9, 9, 9, 9, 9, 9, 9]",0.9266,0.8342,0.7346,0.5539,0.00744939,0.00612174,0.00939079,0.00862464,"{""B2"": {""scale"": 0.0001, ""offset"": -0.1, ""source"": ""recorded (boa_offset_applied)""}, ""B3"": {""scale"": 0.0001, ""offset"": -0.1, ""source"": ""recorded (boa_offset_applied)""}, ""B4"": {""scale"": 0.0001, ""offset"": -0.1, ""source"": ""recorded (boa_offset_applied)""}, ""B8"": {""scale"": 0.0001, ""offset"": -0.1, ""source"": ""recorded (boa_offset_applied)""}}",excluded,SCL != 11 within 30 m
KAN_L,2023,S2B_22WEV_20230710_0_L2A,2023-07-10 15:24:00.277000+00:00,2023-07-10,05.09,77.0042,"14,15,16",654,332.945,0.490909,0.6808,67.0936,-49.9667,44.7605,"[11, 11, 11, 11, 11, 11, 11, 11, 11]",0.9356,0.842,0.6574,0.3255,0.0250322,0.0216247,0.0189164,0.0115952,"{""B2"": {""scale"": 0.0001, ""offset"": -0.1, ""source"": ""recorded (boa_offset_applied)""}, ""B3"": {""scale"": 0.0001, ""offset"": -0.1, ""source"": ""recorded (boa_offset_applied)""}, ""B4"": {""scale"": 0.0001, ""offset"": -0.1, ""source"": ""recorded (boa_offset_applied)""}, ""B8"": {""scale"": 0.0001, ""offset"": -0.1, ""source"": ""recorded (boa_offset_applied)""}}",valid,
KAN_L,2023,S2A_22WEV_20230712_0_L2A,2023-07-12 15:14:03.693000+00:00,2023-07-12,05.09,12.4704,,,,,,,,,,,,,,,,,,,excluded,station: snow_height >= 0.02 m or missing
KAN_L,2023,S2B_22WEV_20230714_0_L2A,2023-07-14 15:04:05.443000+00:00,2023-07-14,05.09,99.9527,"14,15,16",203.033,88.4419,0.564396,1,67.0936,-49.9668,45.426,"[9, 9, 9, 9, 9, 9, 9, 9, 9]",0.789,0.797,0.8098,0.8052,0.00377764,0.00578359,0.00865458,0.00695957,"{""B2"": {""scale"": 0.0001, ""offset"": -0.1, ""source"": ""recorded (boa_offset_applied)""}, ""B3"": {""scale"": 0.0001, ""offset"": -0.1, ""source"": ""recorded (boa_offset_applied)""}, ""B4"": {""scale"": 0.0001, ""offset"": -0.1, ""source"": ""recorded (boa_offset_applied)""}, ""B8"": {""scale"": 0.0001, ""offset"": -0.1, ""source"": ""recorded (boa_offset_applied)""}}",excluded,SCL != 11 within 30 m
KAN_L,2023,S2A_22WEV_20230715_0_L2A,2023-07-15 15:24:00.092000+00:00,2023-07-15,05.09,79.1444,"14,15,16",469.763,236.05,0.497512,0.819433,67.0936,-49.9668,45.4522,"[9, 9, 9, 9, 9, 9, 9, 9, 9]",1.0204,0.9378,0.8942,0.8162,0.0164679,0.0161076,0.0135161,0.0188069,"{""B2"": {""scale"": 0.0001, ""offset"": -0.1, ""source"": ""recorded (boa_offset_applied)""}, ""B3"": {""scale"": 0.0001, ""offset"": -0.1, ""source"": ""recorded (boa_offset_applied)""}, ""B4"": {""scale"": 0.0001, ""offset"": -0.1, ""source"": ""recorded (boa_offset_applied)""}, ""B8"": {""scale"": 0.0001, ""offset"": -0.1, ""source"": ""recorded (boa_offset_applied)""}}",excluded,SCL != 11 within 30 m
KAN_L,2023,S2B_22WEV_20230717_0_L2A,2023-07-17 15:14:04.009000+00:00,2023-07-17,05.09,99.976,"14,15,16",217.528,94.7204,0.564559,1,67.0936,-49.9668,45.8089,"[9, 9, 9, 9, 9, 9, 9, 9, 9]",0.6382,0.6107,0.59,0.5695,0.00252474,0.00106609,0.00409186,0.00339185,"{""B2"": {""scale"": 0.0001, ""offset"": -0.1, ""source"": ""recorded (boa_offset_applied)""}, ""B3"": {""scale"": 0.0001, ""offset"": -0.1, ""source"": ""recorded (boa_offset_applied)""}, ""B4"": {""scale"": 0.0001, ""offset"": -0.1, ""source"": ""recorded (boa_offset_applied)""}, ""B8"": {""scale"": 0.0001, ""offset"": -0.1, ""source"": ""recorded (boa_offset_applied)""}}",excluded,SCL != 11 within 30 m
KAN_L,2023,S2A_22WEV_20230719_0_L2A,2023-07-19 15:04:04.683000+00:00,2023-07-19,05.09,56.5977,"14,15,16",559.793,295.426,0.472258,0.666767,67.0936,-49.9668,46.2462,"[9, 9, 9, 9, 9, 9, 9, 9, 9]",1.1456,1.0184,0.8476,0.5675,0.0184724,0.0193007,0.014839,0.0307104,"{""B2"": {""scale"": 0.0001, ""offset"": -0.1, ""source"": ""recorded (boa_offset_applied)""}, ""B3"": {""scale"": 0.0001, ""offset"": -0.1, ""source"": ""recorded (boa_offset_applied)""}, ""B4"": {""scale"": 0.0001, ""offset"": -0.1, ""source"": ""recorded (boa_offset_applied)""}, ""B8"": {""scale"": 0.0001, ""offset"": -0.1, ""source"": ""recorded (boa_offset_applied)""}}",excluded,SCL != 11 within 30 m
KAN_L,2023,S2B_22WEV_20230720_0_L2A,2023-07-20 15:24:01.094000+00:00,2023-07-20,05.09,55.2515,,,,,,,,,,,,,,,,,,,excluded,station: snow_height >= 0.02 m or missing
KAN_L,2023,S2A_22WEV_20230722_0_L2A,2023-07-22 15:14:02.843000+00:00,2023-07-22,05.09,99.9634,"14,15,16",274.035,123.18,0.550493,0.945533,67.0936,-49.9668,46.7161,"[8, 8, 8, 8, 8, 8, 8, 8, 8]",0.7602,0.7504,0.7386,0.7536,0.00293904,0.00378183,0.00209926,0.00331878,"{""B2"": {""scale"": 0.0001, ""offset"": -0.1, ""source"": ""recorded (boa_offset_applied)""}, ""B3"": {""scale"": 0.0001, ""offset"": -0.1, ""source"": ""recorded (boa_offset_applied)""}, ""B4"": {""scale"": 0.0001, ""offset"": -0.1, ""source"": ""recorded (boa_offset_applied)""}, ""B8"": {""scale"": 0.0001, ""offset"": -0.1, ""source"": ""recorded (boa_offset_applied)""}}",excluded,SCL != 11 within 30 m
KAN_L,2023,S2B_22WEV_20230724_0_L2A,2023-07-24 15:04:06.582000+00:00,2023-07-24,05.09,60.6798,"14,15,16",741.522,345.37,0.534242,0.449133,67.0936,-49.9668,47.211,"[11, 11, 11, 11, 11, 11, 11, 11, 11]",0.7878,0.7256,0.6253,0.4133,0.0104665,0.00928947,0.00913637,0.00615866,"{""B2"": {""scale"": 0.0001, ""offset"": -0.1, ""source"": ""recorded (boa_offset_applied)""}, ""B3"": {""scale"": 0.0001, ""offset"": -0.1, ""source"": ""recorded (boa_offset_applied)""}, ""B4"": {""scale"": 0.0001, ""offset"": -0.1, ""source"": ""recorded (boa_offset_applied)""}, ""B8"": {""scale"": 0.0001, ""offset"": -0.1, ""source"": ""recorded (boa_offset_applied)""}}",valid,
KAN_L,2023,S2A_22WEV_20230725_0_L2A,2023-07-25 15:24:00.103000+00:00,2023-07-25,05.09,41.6828,"14,15,16",708.185,329.418,0.534841,0.396133,67.0936,-49.9668,47.2901,"[11, 11, 11, 11, 11, 11, 11, 11, 11]",0.72,0.7002,0.6094,0.3831,0.0352156,0.0354368,0.0314074,0.0282173,"{""B2"": {""scale"": 0.0001, ""offset"": -0.1, ""source"": ""recorded (boa_offset_applied)""}, ""B3"": {""scale"": 0.0001, ""offset"": -0.1, ""source"": ""recorded (boa_offset_applied)""}, ""B4"": {""scale"": 0.0001, ""offset"": -0.1, ""source"": ""recorded (boa_offset_applied)""}, ""B8"": {""scale"": 0.0001, ""offset"": -0.1, ""source"": ""recorded (boa_offset_applied)""}}",valid,
KAN_L,2023,S2B_22WEV_20230727_0_L2A,2023-07-27 15:14:04.330000+00:00,2023-07-27,05.09,23.3256,"14,15,16",725.055,334.337,0.53888,0.1948,67.0936,-49.9669,47.7641,"[11, 11, 11, 11, 11, 11, 11, 11, 11]",0.6722,0.6428,0.555,0.3431,0.0427697,0.0422354,0.0379425,0.0294454,"{""B2"": {""scale"": 0.0001, ""offset"": -0.1, ""source"": ""recorded (boa_offset_applied)""}, ""B3"": {""scale"": 0.0001, ""offset"": -0.1, ""source"": ""recorded (boa_offset_applied)""}, ""B4"": {""scale"": 0.0001, ""offset"": -0.1, ""source"": ""recorded (boa_offset_applied)""}, ""B8"": {""scale"": 0.0001, ""offset"": -0.1, ""source"": ""recorded (boa_offset_applied)""}}",valid,
KAN_L,2023,S2A_22WEV_20230729_0_L2A,2023-07-29 15:04:05.847000+00:00,2023-07-29,05.09,31.4934,,,,,,,,,,,,,,,,,,,excluded,station: snow_height >= 0.02 m or missing
KAN_L,2023,S2B_22WEV_20230730_0_L2A,2023-07-30 15:24:00.634000+00:00,2023-07-30,05.09,54.0184,"14,15,16",686.838,306.682,0.553486,0.3721,67.0936,-49.9669,48.4191,"[11, 11, 11, 11, 11, 11, 11, 11, 11]",0.6916,0.6598,0.5713,0.3603,0.0505989,0.0483719,0.044059,0.033182,"{""B2"": {""scale"": 0.0001, ""offset"": -0.1, ""source"": ""recorded (boa_offset_applied)""}, ""B3"": {""scale"": 0.0001, ""offset"": -0.1, ""source"": ""recorded (boa_offset_applied)""}, ""B4"": {""scale"": 0.0001, ""offset"": -0.1, ""source"": ""recorded (boa_offset_applied)""}, ""B8"": {""scale"": 0.0001, ""offset"": -0.1, ""source"": ""recorded (boa_offset_applied)""}}",valid,
KAN_L,2023,S2A_22WEV_20230801_0_L2A,2023-08-01 15:14:03.820000+00:00,2023-08-01,05.09,99.9866,"14,15,16",285.191,114.965,0.596883,1,67.0936,-49.9669,48.9443,"[9, 9, 9, 9, 9, 9, 9, 9, 9]",0.7472,0.724,0.722,0.7014,0.00409818,0.00383318,0.004774,0.00461827,"{""B2"": {""scale"": 0.0001, ""offset"": -0.1, ""source"": ""recorded (boa_offset_applied)""}, ""B3"": {""scale"": 0.0001, ""offset"": -0.1, ""source"": ""recorded (boa_offset_applied)""}, ""B4"": {""scale"": 0.0001, ""offset"": -0.1, ""source"": ""recorded (boa_offset_applied)""}, ""B8"": {""scale"": 0.0001, ""offset"": -0.1, ""source"": ""recorded (boa_offset_applied)""}}",excluded,SCL != 11 within 30 m
KAN_L,2023,S2B_22WEV_20230803_0_L2A,2023-08-03 15:04:05.104000+00:00,2023-08-03,05.09,22.3618,,,,,,,,,,,,,,,,,,,excluded,station: snow_height >= 0.02 m or missing
KAN_L,2023,S2A_22WEV_20230804_0_L2A,2023-08-04 15:24:00.291000+00:00,2023-08-04,05.09,89.7233,,,,,,,,,,,,,,,,,,,excluded,station: snow_height >= 0.02 m or missing
KAN_L,2023,S2B_22WEV_20230806_0_L2A,2023-08-06 15:14:03.615000+00:00,2023-08-06,05.09,0.332238,,,,,,,,,,,,,,,,,,,excluded,station: snow_height >= 0.02 m or missing
KAN_L,2023,S2A_22WEV_20230808_0_L2A,2023-08-08 15:04:04.927000+00:00,2023-08-08,05.09,14.5416,,,,,,,,,,,,,,,,,,,excluded,station: snow_height >= 0.02 m or missing
KAN_L,2023,S2B_22WEV_20230809_0_L2A,2023-08-09 15:24:00.663000+00:00,2023-08-09,05.09,31.8553,,,,,,,,,,,,,,,,,,,excluded,station: snow_height >= 0.02 m or missing
KAN_L,2023,S2A_22WEV_20230811_0_L2A,2023-08-11 15:14:03.250000+00:00,2023-08-11,05.09,10.5344,"14,15,16",674.523,317.63,0.529105,0.230667,67.0936,-49.967,51.6599,"[11, 11, 11, 11, 11, 11, 11, 11, 11]",0.6572,0.6367,0.5467,0.3125,0.0453402,0.0413249,0.0381787,0.0269063,"{""B2"": {""scale"": 0.0001, ""offset"": -0.1, ""source"": ""recorded (boa_offset_applied)""}, ""B3"": {""scale"": 0.0001, ""offset"": -0.1, ""source"": ""recorded (boa_offset_applied)""}, ""B4"": {""scale"": 0.0001, ""offset"": -0.1, ""source"": ""recorded (boa_offset_applied)""}, ""B8"": {""scale"": 0.0001, ""offset"": -0.1, ""source"": ""recorded (boa_offset_applied)""}}",valid,
KAN_L,2023,S2B_22WEV_20230813_0_L2A,2023-08-13 15:04:06.194000+00:00,2023-08-13,05.09,92.7529,,,,,,,,,,,,,,,,,,,excluded,station: snow_height >= 0.02 m or missing
KAN_L,2023,S2A_22WEV_20230814_0_L2A,2023-08-14 15:24:00.650000+00:00,2023-08-14,05.09,17.5063,"14,15,16",660.986,307.69,0.534499,0.255367,67.0936,-49.967,52.5291,"[11, 11, 11, 11, 11, 11, 11, 11, 11]",0.6896,0.6575,0.5638,0.3388,0.0576882,0.0568073,0.0490207,0.0362262,"{""B2"": {""scale"": 0.0001, ""offset"": -0.1, ""source"": ""recorded (boa_offset_applied)""}, ""B3"": {""scale"": 0.0001, ""offset"": -0.1, ""source"": ""recorded (boa_offset_applied)""}, ""B4"": {""scale"": 0.0001, ""offset"": -0.1, ""source"": ""recorded (boa_offset_applied)""}, ""B8"": {""scale"": 0.0001, ""offset"": -0.1, ""source"": ""recorded (boa_offset_applied)""}}",valid,
KAN_L,2023,S2B_22WEV_20230816_0_L2A,2023-08-16 15:14:04.012000+00:00,2023-08-16,05.09,68.2231,,,,,,,,,,,,,,,,,,,excluded,station: snow_height >= 0.02 m or missing
KAN_L,2023,S2A_22WEV_20230818_0_L2A,2023-08-18 15:04:06.605000+00:00,2023-08-18,05.09,2.41301,,,,,,,,,,,,,,,,,,,excluded,station: snow_height >= 0.02 m or missing
KAN_L,2023,S2B_22WEV_20230819_0_L2A,2023-08-19 15:24:00.356000+00:00,2023-08-19,05.09,92.3473,"14,15,16",357.421,169.582,0.525539,0.736033,67.0936,-49.967,54.1054,"[9, 9, 9, 9, 9, 9, 9, 9, 9]",0.6402,0.6011,0.5542,0.4913,0.00215567,0.00205432,0.0022255,0.00197372,"{""B2"": {""scale"": 0.0001, ""offset"": -0.1, ""source"": ""recorded (boa_offset_applied)""}, ""B3"": {""scale"": 0.0001, ""offset"": -0.1, ""source"": ""recorded (boa_offset_applied)""}, ""B4"": {""scale"": 0.0001, ""offset"": -0.1, ""source"": ""recorded (boa_offset_applied)""}, ""B8"": {""scale"": 0.0001, ""offset"": -0.1, ""source"": ""recorded (boa_offset_applied)""}}",excluded,SCL != 11 within 30 m
KAN_L,2023,S2A_22WEV_20230821_0_L2A,2023-08-21 15:14:04.693000+00:00,2023-08-21,05.09,82.1897,"14,15,16",419.07,213.727,0.489995,0.636933,67.0936,-49.967,54.7802,"[6, 6, 6, 6, 6, 6, 6, 6, 6]",0.3105,0.2595,0.1804,0.0394,0.0189556,0.0149739,0.0114059,0.00573677,"{""B2"": {""scale"": 0.0001, ""offset"": -0.1, ""source"": ""recorded (boa_offset_applied)""}, ""B3"": {""scale"": 0.0001, ""offset"": -0.1, ""source"": ""recorded (boa_offset_applied)""}, ""B4"": {""scale"": 0.0001, ""offset"": -0.1, ""source"": ""recorded (boa_offset_applied)""}, ""B8"": {""scale"": 0.0001, ""offset"": -0.1, ""source"": ""recorded (boa_offset_applied)""}}",excluded,SCL != 11 within 30 m
KAN_L,2023,S2B_22WEV_20230823_0_L2A,2023-08-23 15:04:04.846000+00:00,2023-08-23,05.09,90.8651,"14,15,16",388.119,200.173,0.484249,0.673467,67.1051,-49.9303,55.5229,"[8, 8, 8, 8, 8, 8, 8, 8, 8]",0.7108,0.5994,0.476,0.3924,0.00475545,0.00881666,0.00876683,0.00944198,"{""B2"": {""scale"": 0.0001, ""offset"": -0.1, ""source"": ""recorded (boa_offset_applied)""}, ""B3"": {""scale"": 0.0001, ""offset"": -0.1, ""source"": ""recorded (boa_offset_applied)""}, ""B4"": {""scale"": 0.0001, ""offset"": -0.1, ""source"": ""recorded (boa_offset_applied)""}, ""B8"": {""scale"": 0.0001, ""offset"": -0.1, ""source"": ""recorded (boa_offset_applied)""}}",excluded,SCL != 11 within 30 m
KAN_L,2023,S2A_22WEV_20230824_0_L2A,2023-08-24 15:24:01.311000+00:00,2023-08-24,05.09,35.6689,"14,15,16",582.525,310.802,0.466458,0.311367,67.1051,-49.9303,55.7787,"[11, 11, 11, 11, 11, 11, 11, 11, 11]",0.6098,0.5707,0.4607,0.2081,0.0199966,0.0184807,0.0138249,0.00756739,"{""B2"": {""scale"": 0.0001, ""offset"": -0.1, ""source"": ""recorded (boa_offset_applied)""}, ""B3"": {""scale"": 0.0001, ""offset"": -0.1, ""source"": ""recorded (boa_offset_applied)""}, ""B4"": {""scale"": 0.0001, ""offset"": -0.1, ""source"": ""recorded (boa_offset_applied)""}, ""B8"": {""scale"": 0.0001, ""offset"": -0.1, ""source"": ""recorded (boa_offset_applied)""}}",valid,
KAN_L,2023,S2B_22WEV_20230826_0_L2A,2023-08-26 15:14:02.822000+00:00,2023-08-26,05.09,88.2454,"14,15,16",392.403,194.321,0.504793,0.647667,67.1051,-49.9303,56.477,"[10, 10, 8, 10, 8, 8, 8, 8, 8]",0.3845,0.333,0.2676,0.1649,0.00456801,0.00489953,0.00634544,0.00387875,"{""B2"": {""scale"": 0.0001, ""offset"": -0.1, ""source"": ""recorded (boa_offset_applied)""}, ""B3"": {""scale"": 0.0001, ""offset"": -0.1, ""source"": ""recorded (boa_offset_applied)""}, ""B4"": {""scale"": 0.0001, ""offset"": -0.1, ""source"": ""recorded (boa_offset_applied)""}, ""B8"": {""scale"": 0.0001, ""offset"": -0.1, ""source"": ""recorded (boa_offset_applied)""}}",excluded,SCL != 11 within 30 m
KAN_L,2023,S2A_22WEV_20230828_0_L2A,2023-08-28 15:04:06.262000+00:00,2023-08-28,05.09,100,"14,15,16",136.179,58.2169,0.572496,0.790333,67.1051,-49.9303,57.2296,"[8, 8, 8, 8, 8, 8, 8, 8, 8]",0.6326,0.6272,0.6194,0.6314,0.00149071,0.00105596,0.00209644,0.00112261,"{""B2"": {""scale"": 0.0001, ""offset"": -0.1, ""source"": ""recorded (boa_offset_applied)""}, ""B3"": {""scale"": 0.0001, ""offset"": -0.1, ""source"": ""recorded (boa_offset_applied)""}, ""B4"": {""scale"": 0.0001, ""offset"": -0.1, ""source"": ""recorded (boa_offset_applied)""}, ""B8"": {""scale"": 0.0001, ""offset"": -0.1, ""source"": ""recorded (boa_offset_applied)""}}",excluded,SCL != 11 within 30 m
KAN_L,2023,S2B_22WEV_20230829_0_L2A,2023-08-29 15:23:59.876000+00:00,2023-08-29,05.09,100,"14,15,16",72.0445,29.4647,0.591021,0.837133,67.1051,-49.9303,57.5153,"[9, 9, 9, 9, 9, 9, 9, 9, 9]",0.8078,0.79,0.7988,0.8406,0.00344867,0.00365635,0.00270382,0.00305214,"{""B2"": {""scale"": 0.0001, ""offset"": -0.1, ""source"": ""recorded (boa_offset_applied)""}, ""B3"": {""scale"": 0.0001, ""offset"": -0.1, ""source"": ""recorded (boa_offset_applied)""}, ""B4"": {""scale"": 0.0001, ""offset"": -0.1, ""source"": ""recorded (boa_offset_applied)""}, ""B8"": {""scale"": 0.0001, ""offset"": -0.1, ""source"": ""recorded (boa_offset_applied)""}}",excluded,SCL != 11 within 30 m
KAN_L,2023,S2A_22WEV_20230831_1_L2A,2023-08-31 15:14:03.667000+00:00,2023-08-31,05.09,86.6061,"14,15,16",437.996,135.866,0.6898,0.306667,67.1051,-49.9304,58.2327,"[8, 8, 8, 8, 8, 8, 8, 8, 8]",0.8646,0.8182,0.7828,0.7316,0.00400346,0.00407487,0.00277769,0.00201133,"{""B2"": {""scale"": 0.0001, ""offset"": -0.1, ""source"": ""recorded (boa_offset_applied)""}, ""B3"": {""scale"": 0.0001, ""offset"": -0.1, ""source"": ""recorded (boa_offset_applied)""}, ""B4"": {""scale"": 0.0001, ""offset"": -0.1, ""source"": ""recorded (boa_offset_applied)""}, ""B8"": {""scale"": 0.0001, ""offset"": -0.1, ""source"": ""recorded (boa_offset_applied)""}}",excluded,SCL != 11 within 30 m
KAN_M,2017,S2A_22WEV_20170603_0_L2A,2017-06-03 15:09:13.462000+00:00,2017-06-03,00.01,3.79716,,,,,,,,,,,,,,,,,,,excluded,station: snow_height >= 0.02 m or missing
KAN_M,2017,S2A_22WEV_20170607_0_L2A,2017-06-07 14:49:20.458000+00:00,2017-06-07,00.01,2.2e-05,,,,,,,,,,,,,,,,,,,excluded,station: snow_height >= 0.02 m or missing
KAN_M,2017,S2A_22WEV_20170610_0_L2A,2017-06-10 15:03:46.039000+00:00,2017-06-10,00.01,0.534407,,,,,,,,,,,,,,,,,,,excluded,station: snow_height >= 0.02 m or missing
KAN_M,2017,S2A_22WEV_20170613_0_L2A,2017-06-13 15:09:11.460000+00:00,2017-06-13,00.01,1.45307,,,,,,,,,,,,,,,,,,,excluded,station: snow_height >= 0.02 m or missing
KAN_M,2017,S2A_22WEV_20170620_0_L2A,2017-06-20 15:00:40.042000+00:00,2017-06-20,00.01,61.6628,,,,,,,,,,,,,,,,,,,excluded,station: snow_height >= 0.02 m or missing
KAN_M,2017,S2A_22WEV_20170623_1_L2A,2017-06-23 15:13:48.262000+00:00,2017-06-23,00.01,53.0673,,,,,,,,,,,,,,,,,,,excluded,station: snow_height >= 0.02 m or missing
KAN_M,2017,S2A_22WEV_20170627_0_L2A,2017-06-27 14:53:25.392000+00:00,2017-06-27,00.01,0.36,,,,,,,,,,,,,,,,,,,excluded,station: snow_height >= 0.02 m or missing
KAN_M,2017,S2A_22WEV_20170630_0_L2A,2017-06-30 15:03:32.219000+00:00,2017-06-30,00.01,51.0397,,,,,,,,,,,,,,,,,,,excluded,station: snow_height >= 0.02 m or missing
KAN_M,2017,S2B_22WEV_20170702_0_L2A,2017-07-02 14:49:18.458000+00:00,2017-07-02,00.01,18.1828,,,,,,,,,,,,,,,,,,,excluded,station: snow_height >= 0.02 m or missing
KAN_M,2017,S2A_22WEV_20170703_0_L2A,2017-07-03 15:11:20.336000+00:00,2017-07-03,00.01,55.549,,,,,,,,,,,,,,,,,,,excluded,station: snow_height >= 0.02 m or missing
KAN_M,2017,S2A_22WEV_20170707_0_L2A,2017-07-07 14:52:54.924000+00:00,2017-07-07,00.01,15.9901,,,,,,,,,,,,,,,,,,,excluded,station: snow_height >= 0.02 m or missing
KAN_M,2017,S2B_22WEV_20170708_0_L2A,2017-07-08 15:09:29.502000+00:00,2017-07-08,00.01,52.6435,,,,,,,,,,,,,,,,,,,excluded,station: snow_height >= 0.02 m or missing
KAN_M,2017,S2A_22WEV_20170710_0_L2A,2017-07-10 15:01:20.729000+00:00,2017-07-10,00.01,0.77365,,,,,,,,,,,,,,,,,,,excluded,station: snow_height >= 0.02 m or missing
KAN_M,2017,S2B_22WEV_20170712_0_L2A,2017-07-12 14:52:54.929000+00:00,2017-07-12,00.01,0.022611,,,,,,,,,,,,,,,,,,,excluded,station: snow_height >= 0.02 m or missing
KAN_M,2017,S2B_22WEV_20170715_0_L2A,2017-07-15 15:03:01.745000+00:00,2017-07-15,00.01,33.7365,,,,,,,,,,,,,,,,,,,excluded,station: snow_height >= 0.02 m or missing
KAN_M,2017,S2A_22WEV_20170717_0_L2A,2017-07-17 14:52:55.925000+00:00,2017-07-17,00.01,21.3845,,,,,,,,,,,,,,,,,,,excluded,station: snow_height >= 0.02 m or missing
KAN_M,2017,S2A_22WEV_20170720_0_L2A,2017-07-20 15:02:44.713000+00:00,2017-07-20,00.01,39.8289,,,,,,,,,,,,,,,,,,,excluded,station: snow_height >= 0.02 m or missing
KAN_M,2017,S2B_22WEV_20170722_0_L2A,2017-07-22 14:49:29.284000+00:00,2017-07-22,00.01,0.105617,,,,,,,,,,,,,,,,,,,excluded,station: snow_height >= 0.02 m or missing
KAN_M,2017,S2A_22WEV_20170723_0_L2A,2017-07-23 15:11:15.126000+00:00,2017-07-23,00.01,43.2784,,,,,,,,,,,,,,,,,,,excluded,station: snow_height >= 0.02 m or missing
KAN_M,2017,S2B_22WEV_20170725_0_L2A,2017-07-25 15:02:39.100000+00:00,2017-07-25,00.01,10.7096,,,,,,,,,,,,,,,,,,,excluded,station: snow_height >= 0.02 m or missing
KAN_M,2017,S2A_22WEV_20170727_0_L2A,2017-07-27 14:49:20.463000+00:00,2017-07-27,00.01,13.5756,,,,,,,,,,,,,,,,,,,excluded,station: snow_height >= 0.02 m or missing
KAN_M,2017,S2B_22WEV_20170728_0_L2A,2017-07-28 15:11:49.206000+00:00,2017-07-28,00.01,0.22051,,,,,,,,,,,,,,,,,,,excluded,station: snow_height >= 0.02 m or missing
KAN_M,2017,S2A_22WEV_20170730_0_L2A,2017-07-30 15:01:03.694000+00:00,2017-07-30,00.01,0.272241,"14,15,16",731.062,299.099,0.59087,0.259367,67.067,-48.8373,48.5042,"[11, 11, 11, 11, 11, 11, 11, 11, 11]",0.6764,0.6633,0.6494,0.5335,0.0648487,0.0659217,0.0661416,0.0606698,"{""B2"": {""scale"": 0.0001, ""offset"": 0.0, ""source"": ""recorded (baseline < 04.00)""}, ""B3"": {""scale"": 0.0001, ""offset"": 0.0, ""source"": ""recorded (baseline < 04.00)""}, ""B4"": {""scale"": 0.0001, ""offset"": 0.0, ""source"": ""recorded (baseline < 04.00)""}, ""B8"": {""scale"": 0.0001, ""offset"": 0.0, ""source"": ""recorded (baseline < 04.00)""}}",valid,
KAN_M,2017,S2B_22WEV_20170801_0_L2A,2017-08-01 14:53:26.399000+00:00,2017-08-01,00.01,0,"13,14,15",700.474,287.624,0.589386,0.238767,67.0671,-48.8373,49.0894,"[11, 11, 11, 11, 11, 11, 11, 11, 11]",0.6306,0.6203,0.6013,0.5093,0.0558122,0.0537757,0.0529602,0.049369,"{""B2"": {""scale"": 0.0001, ""offset"": 0.0, ""source"": ""recorded (baseline < 04.00)""}, ""B3"": {""scale"": 0.0001, ""offset"": 0.0, ""source"": ""recorded (baseline < 04.00)""}, ""B4"": {""scale"": 0.0001, ""offset"": 0.0, ""source"": ""recorded (baseline < 04.00)""}, ""B8"": {""scale"": 0.0001, ""offset"": 0.0, ""source"": ""recorded (baseline < 04.00)""}}",valid,
KAN_M,2017,S2A_22WEV_20170802_0_L2A,2017-08-02 15:09:12.461000+00:00,2017-08-02,00.01,44.3525,"14,15,16",354.715,145.909,0.588659,1,67.0671,-48.8373,49.1701,"[9, 9, 9, 9, 9, 9, 9, 9, 9]",0.8492,0.8128,0.7913,0.7228,0.0160255,0.0150039,0.0150653,0.0169387,"{""B2"": {""scale"": 0.0001, ""offset"": 0.0, ""source"": ""recorded (baseline < 04.00)""}, ""B3"": {""scale"": 0.0001, ""offset"": 0.0, ""source"": ""recorded (baseline < 04.00)""}, ""B4"": {""scale"": 0.0001, ""offset"": 0.0, ""source"": ""recorded (baseline < 04.00)""}, ""B8"": {""scale"": 0.0001, ""offset"": 0.0, ""source"": ""recorded (baseline < 04.00)""}}",excluded,SCL != 11 within 30 m
KAN_M,2017,S2A_22WEV_20170806_0_L2A,2017-08-06 14:52:17.243000+00:00,2017-08-06,00.01,0,,,,,,,,,,,,,,,,,,,excluded,station: snow_height >= 0.02 m or missing
KAN_M,2017,S2B_22WEV_20170807_0_L2A,2017-08-07 15:09:09.456000+00:00,2017-08-07,00.01,26.5195,"14,15,16",595.275,275.888,0.536536,0.6554,67.0671,-48.8374,50.4954,"[11, 11, 11, 11, 11, 11, 11, 11, 11]",0.5748,0.5533,0.5419,0.4527,0.0324179,0.0284354,0.0244796,0.0209034,"{""B2"": {""scale"": 0.0001, ""offset"": 0.0, ""source"": ""recorded (baseline < 04.00)""}, ""B3"": {""scale"": 0.0001, ""offset"": 0.0, ""source"": ""recorded (baseline < 04.00)""}, ""B4"": {""scale"": 0.0001, ""offset"": 0.0, ""source"": ""recorded (baseline < 04.00)""}, ""B8"": {""scale"": 0.0001, ""offset"": 0.0, ""source"": ""recorded (baseline < 04.00)""}}",valid,
KAN_M,2017,S2A_22WEV_20170809_0_L2A,2017-08-09 15:02:05.026000+00:00,2017-08-09,00.01,0.293378,"14,15,16",686.649,367.197,0.465234,0.2397,67.0671,-48.8374,51.1128,"[11, 11, 11, 11, 11, 11, 11, 11, 11]",0.5101,0.5054,0.4942,0.3924,0.0505211,0.047747,0.0450791,0.0365251,"{""B2"": {""scale"": 0.0001, ""offset"": 0.0, ""source"": ""recorded (baseline < 04.00)""}, ""B3"": {""scale"": 0.0001, ""offset"": 0.0, ""source"": ""recorded (baseline < 04.00)""}, ""B4"": {""scale"": 0.0001, ""offset"": 0.0, ""source"": ""recorded (baseline < 04.00)""}, ""B8"": {""scale"": 0.0001, ""offset"": 0.0, ""source"": ""recorded (baseline < 04.00)""}}",valid,
KAN_M,2017,S2B_22WEV_20170811_0_L2A,2017-08-11 14:49:20.072000+00:00,2017-08-11,00.01,4.2926,"13,14,15",602.751,346.506,0.425126,0.398533,67.0671,-48.8374,51.854,"[11, 11, 11, 11, 11, 11, 11, 11, 11]",0.5186,0.5018,0.4855,0.402,0.0209685,0.0210535,0.0184484,0.0159273,"{""B2"": {""scale"": 0.0001, ""offset"": 0.0, ""source"": ""recorded (baseline < 04.00)""}, ""B3"": {""scale"": 0.0001, ""offset"": 0.0, ""source"": ""recorded (baseline < 04.00)""}, ""B4"": {""scale"": 0.0001, ""offset"": 0.0, ""source"": ""recorded (baseline < 04.00)""}, ""B8"": {""scale"": 0.0001, ""offset"": 0.0, ""source"": ""recorded (baseline < 04.00)""}}",valid,
KAN_M,2017,S2A_22WEV_20170812_0_L2A,2017-08-12 15:09:12.460000+00:00,2017-08-12,00.01,2.20183,,,,,,,,,,,,,,,,,,,excluded,station: snow_height >= 0.02 m or missing
KAN_M,2017,S2B_22WEV_20170814_0_L2A,2017-08-14 15:02:11.849000+00:00,2017-08-14,00.01,1.9449,"14,15,16",639.78,342.044,0.465372,0.123267,67.0671,-48.8374,52.5836,"[11, 11, 11, 11, 11, 11, 11, 11, 11]",0.5444,0.527,0.5225,0.4641,0.0295636,0.0277508,0.0244083,0.019831,"{""B2"": {""scale"": 0.0001, ""offset"": 0.0, ""source"": ""recorded (baseline < 04.00)""}, ""B3"": {""scale"": 0.0001, ""offset"": 0.0, ""source"": ""recorded (baseline < 04.00)""}, ""B4"": {""scale"": 0.0001, ""offset"": 0.0, ""source"": ""recorded (baseline < 04.00)""}, ""B8"": {""scale"": 0.0001, ""offset"": 0.0, ""source"": ""recorded (baseline < 04.00)""}}",valid,
KAN_M,2017,S2A_22WEV_20170816_0_L2A,2017-08-16 14:50:06.358000+00:00,2017-08-16,00.01,6.4e-05,"13,14,15",632.65,344.477,0.455501,0.1089,67.0671,-48.8374,53.3447,"[11, 11, 11, 11, 11, 11, 11, 11, 11]",0.5118,0.5089,0.5081,0.4524,0.020838,0.0193072,0.0161191,0.0116939,"{""B2"": {""scale"": 0.0001, ""offset"": 0.0, ""source"": ""recorded (baseline < 04.00)""}, ""B3"": {""scale"": 0.0001, ""offset"": 0.0, ""source"": ""recorded (baseline < 04.00)""}, ""B4"": {""scale"": 0.0001, ""offset"": 0.0, ""source"": ""recorded (baseline < 04.00)""}, ""B8"": {""scale"": 0.0001, ""offset"": 0.0, ""source"": ""recorded (baseline < 04.00)""}}",valid,
KAN_M,2017,S2A_22WEV_20170819_0_L2A,2017-08-19 15:00:45.655000+00:00,2017-08-19,00.01,47.7741,"14,15,16",362.24,91.9738,0.746097,0.9452,67.0671,-48.8374,54.1621,"[11, 11, 11, 11, 11, 11, 11, 11, 11]",0.7324,0.6787,0.6545,0.6146,0.0115747,0.0107487,0.0119639,0.011049,"{""B2"": {""scale"": 0.0001, ""offset"": 0.0, ""source"": ""recorded (baseline < 04.00)""}, ""B3"": {""scale"": 0.0001, ""offset"": 0.0, ""source"": ""recorded (baseline < 04.00)""}, ""B4"": {""scale"": 0.0001, ""offset"": 0.0, ""source"": ""recorded (baseline < 04.00)""}, ""B8"": {""scale"": 0.0001, ""offset"": 0.0, ""source"": ""recorded (baseline < 04.00)""}}",valid,
KAN_M,2017,S2B_22WEV_20170821_0_L2A,2017-08-21 14:51:06.303000+00:00,2017-08-21,00.01,17.1689,,,,,,,,,,,,,,,,,,,excluded,station: snow_height >= 0.02 m or missing
KAN_M,2017,S2B_22WEV_20170824_0_L2A,2017-08-24 14:59:09.459000+00:00,2017-08-24,00.01,0.774722,,,,,,,,,,,,,,,,,,,excluded,station: snow_height >= 0.02 m or missing
KAN_M,2017,S2B_22WEV_20170827_0_L2A,2017-08-27 15:09:06.458000+00:00,2017-08-27,00.01,27.2792,,,,,,,,,,,,,,,,,,,excluded,station: snow_height >= 0.02 m or missing
KAN_M,2018,S2B_22WEV_20180603_0_L2A,2018-06-03 15:09:08.458000+00:00,2018-06-03,00.01,48.4057,,,,,,,,,,,,,,,,,,,excluded,station: snow_height >= 0.02 m or missing
KAN_M,2018,S2B_22WEV_20180603_1_L2A,2018-06-03 15:13:55.523000+00:00,2018-06-03,05.00,75.3159,,,,,,,,,,,,,,,,,,,excluded,station: snow_height >= 0.02 m or missing
KAN_M,2018,S2A_22WEV_20180605_0_L2A,2018-06-05 14:59:14.461000+00:00,2018-06-05,00.01,39.8373,,,,,,,,,,,,,,,,,,,excluded,station: snow_height >= 0.02 m or missing
KAN_M,2018,S2A_22WEV_20180605_1_L2A,2018-06-05 15:04:00.767000+00:00,2018-06-05,05.00,53.1565,,,,,,,,,,,,,,,,,,,excluded,station: snow_height >= 0.02 m or missing
KAN_M,2018,S2B_22WEV_20180607_0_L2A,2018-06-07 14:49:23.679000+00:00,2018-06-07,00.01,7.84198,,,,,,,,,,,,,,,,,,,excluded,station: snow_height >= 0.02 m or missing
KAN_M,2018,S2A_22WEV_20180608_0_L2A,2018-06-08 15:09:11.456000+00:00,2018-06-08,00.01,46.5819,,,,,,,,,,,,,,,,,,,excluded,station: snow_height >= 0.02 m or missing
KAN_M,2018,S2B_22WEV_20180610_0_L2A,2018-06-10 15:00:05.460000+00:00,2018-06-10,00.01,4.98489,,,,,,,,,,,,,,,,,,,excluded,station: snow_height >= 0.02 m or missing
KAN_M,2018,S2B_22WEV_20180610_1_L2A,2018-06-10 15:03:58.385000+00:00,2018-06-10,05.00,19.7738,,,,,,,,,,,,,,,,,,,excluded,station: snow_height >= 0.02 m or missing
KAN_M,2018,S2A_22WEV_20180612_0_L2A,2018-06-12 14:53:22.787000+00:00,2018-06-12,00.01,0,,,,,,,,,,,,,,,,,,,excluded,station: snow_height >= 0.02 m or missing
KAN_M,2018,S2B_22WEV_20180613_0_L2A,2018-06-13 15:07:57.459000+00:00,2018-06-13,00.01,53.1593,,,,,,,,,,,,,,,,,,,excluded,station: snow_height >= 0.02 m or missing
KAN_M,2018,S2A_22WEV_20180615_0_L2A,2018-06-15 14:59:13.460000+00:00,2018-06-15,00.01,28.7579,,,,,,,,,,,,,,,,,,,excluded,station: snow_height >= 0.02 m or missing
KAN_M,2018,S2B_22WEV_20180617_0_L2A,2018-06-17 14:53:44.022000+00:00,2018-06-17,00.01,31.6807,,,,,,,,,,,,,,,,,,,excluded,station: snow_height >= 0.02 m or missing
KAN_M,2018,S2B_22WEV_20180617_1_L2A,2018-06-17 14:54:02.065000+00:00,2018-06-17,05.00,92.7111,,,,,,,,,,,,,,,,,,,excluded,station: snow_height >= 0.02 m or missing
KAN_M,2018,S2A_22WEV_20180618_0_L2A,2018-06-18 15:09:10.457000+00:00,2018-06-18,00.01,5.08842,,,,,,,,,,,,,,,,,,,excluded,station: snow_height >= 0.02 m or missing
KAN_M,2018,S2B_22WEV_20180620_0_L2A,2018-06-20 15:00:06.456000+00:00,2018-06-20,00.01,58.9678,,,,,,,,,,,,,,,,,,,excluded,station: snow_height >= 0.02 m or missing
KAN_M,2018,S2A_22WEV_20180622_0_L2A,2018-06-22 14:49:18.461000+00:00,2018-06-22,00.01,0.087779,,,,,,,,,,,,,,,,,,,excluded,station: snow_height >= 0.02 m or missing
KAN_M,2018,S2B_22WEV_20180627_0_L2A,2018-06-27 14:47:50.459000+00:00,2018-06-27,00.01,0.068406,,,,,,,,,,,,,,,,,,,excluded,station: snow_height >= 0.02 m or missing
KAN_M,2018,S2A_22WEV_20180628_0_L2A,2018-06-28 15:09:11.462000+00:00,2018-06-28,00.01,82.3697,,,,,,,,,,,,,,,,,,,excluded,station: snow_height >= 0.02 m or missing
KAN_M,2018,S2B_22WEV_20180630_0_L2A,2018-06-30 15:00:06.462000+00:00,2018-06-30,00.01,71.9405,,,,,,,,,,,,,,,,,,,excluded,station: snow_height >= 0.02 m or missing
KAN_M,2018,S2A_22WEV_20180702_0_L2A,2018-07-02 14:49:19.456000+00:00,2018-07-02,00.01,85.6474,,,,,,,,,,,,,,,,,,,excluded,station: snow_height >= 0.02 m or missing
KAN_M,2018,S2B_22WEV_20180703_0_L2A,2018-07-03 15:09:10.464000+00:00,2018-07-03,00.01,41.4767,,,,,,,,,,,,,,,,,,,excluded,station: snow_height >= 0.02 m or missing
KAN_M,2018,S2A_22WEV_20180705_0_L2A,2018-07-05 15:00:38.437000+00:00,2018-07-05,00.01,28.9078,,,,,,,,,,,,,,,,,,,excluded,station: snow_height >= 0.02 m or missing
KAN_M,2018,S2B_22WEV_20180707_0_L2A,2018-07-07 14:52:42.457000+00:00,2018-07-07,00.01,29.6052,,,,,,,,,,,,,,,,,,,excluded,station: snow_height >= 0.02 m or missing
KAN_M,2018,S2B_22WEV_20180707_1_L2A,2018-07-07 14:54:02.313000+00:00,2018-07-07,05.00,54.3179,,,,,,,,,,,,,,,,,,,excluded,station: snow_height >= 0.02 m or missing
KAN_M,2018,S2A_22WEV_20180708_0_L2A,2018-07-08 15:09:12.456000+00:00,2018-07-08,00.01,53.9838,,,,,,,,,,,,,,,,,,,excluded,station: snow_height >= 0.02 m or missing
KAN_M,2018,S2A_22WEV_20180708_1_L2A,2018-07-08 15:13:59.456000+00:00,2018-07-08,05.00,76.7158,,,,,,,,,,,,,,,,,,,excluded,station: snow_height >= 0.02 m or missing
KAN_M,2018,S2B_22WEV_20180710_0_L2A,2018-07-10 15:00:06.455000+00:00,2018-07-10,00.01,0.991716,,,,,,,,,,,,,,,,,,,excluded,station: snow_height >= 0.02 m or missing
KAN_M,2018,S2A_22WEV_20180712_0_L2A,2018-07-12 14:53:10.353000+00:00,2018-07-12,00.01,53.2555,,,,,,,,,,,,,,,,,,,excluded,station: snow_height >= 0.02 m or missing
KAN_M,2018,S2A_22WEV_20180712_1_L2A,2018-07-12 14:54:04.653000+00:00,2018-07-12,05.00,88.2813,,,,,,,,,,,,,,,,,,,excluded,station: snow_height >= 0.02 m or missing
KAN_M,2018,S2B_22WEV_20180713_0_L2A,2018-07-13 15:11:37.464000+00:00,2018-07-13,00.01,1.85797,,,,,,,,,,,,,,,,,,,excluded,station: snow_height >= 0.02 m or missing
KAN_M,2018,S2A_22WEV_20180715_0_L2A,2018-07-15 14:59:15.459000+00:00,2018-07-15,00.01,11.7234,,,,,,,,,,,,,,,,,,,excluded,station: snow_height >= 0.02 m or missing
KAN_M,2018,S2A_22WEV_20180715_1_L2A,2018-07-15 15:04:01.626000+00:00,2018-07-15,05.00,24.5093,,,,,,,,,,,,,,,,,,,excluded,station: snow_height >= 0.02 m or missing
KAN_M,2018,S2B_22WEV_20180717_0_L2A,2018-07-17 14:47:49.460000+00:00,2018-07-17,00.01,85.601,"13,14,15",505.918,350.553,0.307095,0.844133,67.0672,-48.8396,46.0509,"[8, 8, 8, 8, 8, 8, 8, 8, 8]",0.5649,0.5488,0.524,0.4469,0.00589764,0.00613607,0.00580232,0.0046104,"{""B2"": {""scale"": 0.0001, ""offset"": 0.0, ""source"": ""recorded (baseline < 04.00)""}, ""B3"": {""scale"": 0.0001, ""offset"": 0.0, ""source"": ""recorded (baseline < 04.00)""}, ""B4"": {""scale"": 0.0001, ""offset"": 0.0, ""source"": ""recorded (baseline < 04.00)""}, ""B8"": {""scale"": 0.0001, ""offset"": 0.0, ""source"": ""recorded (baseline < 04.00)""}}",excluded,SCL != 11 within 30 m
KAN_M,2018,S2A_22WEV_20180718_0_L2A,2018-07-18 15:12:18.285000+00:00,2018-07-18,00.01,33.1988,,,,,,,,,,,,,,,,,,,excluded,station: snow_height >= 0.02 m or missing
KAN_M,2018,S2B_22WEV_20180720_0_L2A,2018-07-20 15:01:39.266000+00:00,2018-07-20,00.01,58.5775,"14,15,16",483.326,339.767,0.297022,1,67.0672,-48.8396,46.3773,"[11, 11, 11, 11, 11, 11, 11, 11, 11]",0.6468,0.6291,0.6115,0.5559,0.00306159,0.00257336,0.00216476,0.00317559,"{""B2"": {""scale"": 0.0001, ""offset"": 0.0, ""source"": ""recorded (baseline < 04.00)""}, ""B3"": {""scale"": 0.0001, ""offset"": 0.0, ""source"": ""recorded (baseline < 04.00)""}, ""B4"": {""scale"": 0.0001, ""offset"": 0.0, ""source"": ""recorded (baseline < 04.00)""}, ""B8"": {""scale"": 0.0001, ""offset"": 0.0, ""source"": ""recorded (baseline < 04.00)""}}",valid,
KAN_M,2018,S2A_22WEV_20180722_0_L2A,2018-07-22 14:49:19.456000+00:00,2018-07-22,00.01,25.9814,,,,,,,,,,,,,,,,,,,excluded,station: snow_height >= 0.02 m or missing
KAN_M,2018,S2B_22WEV_20180723_0_L2A,2018-07-23 15:11:53.894000+00:00,2018-07-23,00.01,42.2836,,,,,,,,,,,,,,,,,,,excluded,station: snow_height >= 0.02 m or missing
KAN_M,2018,S2B_22WEV_20180723_1_L2A,2018-07-23 15:13:56.077000+00:00,2018-07-23,05.00,64.0552,,,,,,,,,,,,,,,,,,,excluded,station: snow_height >= 0.02 m or missing
KAN_M,2018,S2A_22WEV_20180725_0_L2A,2018-07-25 14:59:14.464000+00:00,2018-07-25,00.01,62.3595,,,,,,,,,,,,,,,,,,,excluded,station: snow_height >= 0.02 m or missing
KAN_M,2018,S2B_22WEV_20180727_0_L2A,2018-07-27 14:49:00.619000+00:00,2018-07-27,00.01,99.9412,,,,,,,,,,,,,,,,,,,excluded,station: snow_height >= 0.02 m or missing
KAN_M,2018,S2A_22WEV_20180728_0_L2A,2018-07-28 15:10:24.615000+00:00,2018-07-28,00.01,40.7357,,,,,,,,,,,,,,,,,,,excluded,station: snow_height >= 0.02 m or missing
KAN_M,2018,S2A_22WEV_20180728_1_L2A,2018-07-28 15:13:59.128000+00:00,2018-07-28,05.00,64.3147,,,,,,,,,,,,,,,,,,,excluded,station: snow_height >= 0.02 m or missing
KAN_M,2018,S2B_22WEV_20180730_0_L2A,2018-07-30 15:00:04.459000+00:00,2018-07-30,00.01,1.03765,,,,,,,,,,,,,,,,,,,excluded,station: snow_height >= 0.02 m or missing
KAN_M,2018,S2A_22WEV_20180801_0_L2A,2018-08-01 14:52:03.714000+00:00,2018-08-01,00.01,27.0897,,,,,,,,,,,,,,,,,,,excluded,station: snow_height >= 0.02 m or missing
KAN_M,2018,S2B_22WEV_20180802_0_L2A,2018-08-02 15:10:27.985000+00:00,2018-08-02,00.01,46.4228,,,,,,,,,,,,,,,,,,,excluded,station: snow_height >= 0.02 m or missing
KAN_M,2018,S2B_22WEV_20180802_1_L2A,2018-08-02 15:13:54.791000+00:00,2018-08-02,05.00,71.9586,,,,,,,,,,,,,,,,,,,excluded,station: snow_height >= 0.02 m or missing
KAN_M,2018,S2B_22WEV_20180806_0_L2A,2018-08-06 14:49:14.457000+00:00,2018-08-06,00.01,100,,,,,,,,,,,,,,,,,,,excluded,station: snow_height >= 0.02 m or missing
KAN_M,2018,S2B_22WEV_20180806_2_L2A,2018-08-06 14:53:59.257000+00:00,2018-08-06,05.00,99.999,,,,,,,,,,,,,,,,,,,excluded,station: snow_height >= 0.02 m or missing
KAN_M,2018,S2B_22WEV_20180806_1_L2A,2018-08-06 14:53:59.257000+00:00,2018-08-06,05.00,99.999,,,,,,,,,,,,,,,,,,,excluded,station: snow_height >= 0.02 m or missing
KAN_M,2018,S2A_22WEV_20180807_0_L2A,2018-08-07 15:09:11.464000+00:00,2018-08-07,00.01,77.8161,"14,15,16",392.684,254.798,0.351138,0.889367,67.0672,-48.8397,50.4954,"[9, 9, 9, 9, 9, 9, 9, 9, 9]",1.0034,0.9296,0.8928,0.8288,0.0128869,0.00802908,0.0145241,0.00812567,"{""B2"": {""scale"": 0.0001, ""offset"": 0.0, ""source"": ""recorded (baseline < 04.00)""}, ""B3"": {""scale"": 0.0001, ""offset"": 0.0, ""source"": ""recorded (baseline < 04.00)""}, ""B4"": {""scale"": 0.0001, ""offset"": 0.0, ""source"": ""recorded (baseline < 04.00)""}, ""B8"": {""scale"": 0.0001, ""offset"": 0.0, ""source"": ""recorded (baseline < 04.00)""}}",excluded,SCL != 11 within 30 m
KAN_M,2018,S2B_22WEV_20180809_0_L2A,2018-08-09 15:00:02.456000+00:00,2018-08-09,00.01,36.6003,"14,15,16",604.293,355.755,0.411288,0.563033,67.0672,-48.8398,51.1343,"[11, 11, 11, 11, 11, 11, 11, 11, 11]",0.4875,0.4832,0.476,0.4106,0.0273625,0.0244845,0.0211924,0.0196191,"{""B2"": {""scale"": 0.0001, ""offset"": 0.0, ""source"": ""recorded (baseline < 04.00)""}, ""B3"": {""scale"": 0.0001, ""offset"": 0.0, ""source"": ""recorded (baseline < 04.00)""}, ""B4"": {""scale"": 0.0001, ""offset"": 0.0, ""source"": ""recorded (baseline < 04.00)""}, ""B8"": {""scale"": 0.0001, ""offset"": 0.0, ""source"": ""recorded (baseline < 04.00)""}}",valid,
KAN_M,2018,S2B_22WEV_20180809_1_L2A,2018-08-09 15:03:55.686000+00:00,2018-08-09,05.00,56.3974,"14,15,16",604.293,355.755,0.411288,0.563033,67.0672,-48.8398,,,,,,,,,,,,excluded,station-day already has an acquisition
KAN_M,2018,S2A_22WEV_20180811_0_L2A,2018-08-11 14:49:54.533000+00:00,2018-08-11,00.01,16.0885,"13,14,15",613.64,412.646,0.327544,0.467633,67.0672,-48.8398,51.8452,"[11, 11, 11, 11, 11, 11, 11, 11, 11]",0.4056,0.3997,0.3947,0.319,0.0408009,0.0338833,0.0283196,0.0281932,"{""B2"": {""scale"": 0.0001, ""offset"": 0.0, ""source"": ""recorded (baseline < 04.00)""}, ""B3"": {""scale"": 0.0001, ""offset"": 0.0, ""source"": ""recorded (baseline < 04.00)""}, ""B4"": {""scale"": 0.0001, ""offset"": 0.0, ""source"": ""recorded (baseline < 04.00)""}, ""B8"": {""scale"": 0.0001, ""offset"": 0.0, ""source"": ""recorded (baseline < 04.00)""}}",valid,
KAN_M,2018,S2B_22WEV_20180812_0_L2A,2018-08-12 15:11:45.360000+00:00,2018-08-12,00.01,20.5785,"14,15,16",671.242,443.946,0.33862,0.2261,67.0672,-48.8398,51.9167,"[11, 11, 11, 11, 11, 11, 11, 11, 11]",0.3667,0.3447,0.3356,0.2759,0.0511314,0.0456513,0.0426876,0.0373075,"{""B2"": {""scale"": 0.0001, ""offset"": 0.0, ""source"": ""recorded (baseline < 04.00)""}, ""B3"": {""scale"": 0.0001, ""offset"": 0.0, ""source"": ""recorded (baseline < 04.00)""}, ""B4"": {""scale"": 0.0001, ""offset"": 0.0, ""source"": ""recorded (baseline < 04.00)""}, ""B8"": {""scale"": 0.0001, ""offset"": 0.0, ""source"": ""recorded (baseline < 04.00)""}}",valid,
KAN_M,2018,S2B_22WEV_20180812_1_L2A,2018-08-12 15:13:53.076000+00:00,2018-08-12,05.00,24.5497,"14,15,16",671.242,443.946,0.33862,0.2261,67.0672,-48.8398,,,,,,,,,,,,excluded,station-day already has an acquisition
KAN_M,2018,S2A_22WEV_20180814_0_L2A,2018-08-14 14:59:13.464000+00:00,2018-08-14,00.01,63.0405,"13,14,15",402.935,276.448,0.313914,0.6656,67.0672,-48.8398,52.6134,"[9, 9, 9, 9, 9, 9, 9, 9, 9]",0.5239,0.4948,0.4783,0.4318,0.004,0.00494053,0.0116211,0.00295213,"{""B2"": {""scale"": 0.0001, ""offset"": 0.0, ""source"": ""recorded (baseline < 04.00)""}, ""B3"": {""scale"": 0.0001, ""offset"": 0.0, ""source"": ""recorded (baseline < 04.00)""}, ""B4"": {""scale"": 0.0001, ""offset"": 0.0, ""source"": ""recorded (baseline < 04.00)""}, ""B8"": {""scale"": 0.0001, ""offset"": 0.0, ""source"": ""recorded (baseline < 04.00)""}}",excluded,SCL != 11 within 30 m
KAN_M,2018,S2A_22WEV_20180814_1_L2A,2018-08-14 15:03:59.778000+00:00,2018-08-14,05.00,73.6776,"14,15,16",436.249,302.018,0.307693,0.6593,67.0672,-48.8398,52.5681,"[9, 9, 9, 9, 9, 9, 9, 9, 9]",0.492,0.4268,0.3937,0.3193,0.00363133,0.00511732,0.0119643,0.00303717,"{""B2"": {""scale"": 0.0001, ""offset"": -0.1, ""source"": ""recorded (boa_offset_applied)""}, ""B3"": {""scale"": 0.0001, ""offset"": -0.1, ""source"": ""recorded (boa_offset_applied)""}, ""B4"": {""scale"": 0.0001, ""offset"": -0.1, ""source"": ""recorded (boa_offset_applied)""}, ""B8"": {""scale"": 0.0001, ""offset"": -0.1, ""source"": ""recorded (boa_offset_applied)""}}",excluded,SCL != 11 within 30 m
KAN_M,2018,S2B_22WEV_20180816_0_L2A,2018-08-16 14:47:45.460000+00:00,2018-08-16,00.01,99.6012,"13,14,15",243.881,155.79,0.361205,0.858,67.0672,-48.8398,53.382,"[9, 9, 9, 9, 9, 9, 9, 9, 9]",0.7175,0.721,0.7324,0.7493,0.00242417,0.00317691,0.00250245,0.00468807,"{""B2"": {""scale"": 0.0001, ""offset"": 0.0, ""source"": ""recorded (baseline < 04.00)""}, ""B3"": {""scale"": 0.0001, ""offset"": 0.0, ""source"": ""recorded (baseline < 04.00)""}, ""B4"": {""scale"": 0.0001, ""offset"": 0.0, ""source"": ""recorded (baseline < 04.00)""}, ""B8"": {""scale"": 0.0001, ""offset"": 0.0, ""source"": ""recorded (baseline < 04.00)""}}",excluded,SCL != 11 within 30 m
KAN_M,2018,S2B_22WEV_20180816_1_L2A,2018-08-16 14:53:57.376000+00:00,2018-08-16,05.00,99.9985,"13,14,15",243.881,155.79,0.361205,0.858,67.0672,-48.8398,53.2906,"[9, 9, 9, 9, 9, 9, 9, 9, 9]",0.5821,0.5781,0.588,0.5873,0.00227488,0.00274432,0.00291272,0.00399249,"{""B2"": {""scale"": 0.0001, ""offset"": -0.1, ""source"": ""recorded (boa_offset_applied)""}, ""B3"": {""scale"": 0.0001, ""offset"": -0.1, ""source"": ""recorded (boa_offset_applied)""}, ""B4"": {""scale"": 0.0001, ""offset"": -0.1, ""source"": ""recorded (boa_offset_applied)""}, ""B8"": {""scale"": 0.0001, ""offset"": -0.1, ""source"": ""recorded (boa_offset_applied)""}}",excluded,SCL != 11 within 30 m
KAN_M,2018,S2A_22WEV_20180817_0_L2A,2018-08-17 15:13:57.603000+00:00,2018-08-17,05.00,98.6452,"14,15,16",537.655,218.173,0.594215,0.884,67.0672,-48.8398,53.4443,"[8, 8, 8, 8, 8, 8, 8, 8, 8]",0.8104,0.7732,0.759,0.6968,0.00278798,0.00219854,0.00254171,0.00170606,"{""B2"": {""scale"": 0.0001, ""offset"": -0.1, ""source"": ""recorded (boa_offset_applied)""}, ""B3"": {""scale"": 0.0001, ""offset"": -0.1, ""source"": ""recorded (boa_offset_applied)""}, ""B4"": {""scale"": 0.0001, ""offset"": -0.1, ""source"": ""recorded (boa_offset_applied)""}, ""B8"": {""scale"": 0.0001, ""offset"": -0.1, ""source"": ""recorded (boa_offset_applied)""}}",excluded,SCL != 11 within 30 m
KAN_M,2018,S2B_22WEV_20180819_0_L2A,2018-08-19 15:02:50.029000+00:00,2018-08-19,00.01,22.7953,,,,,,,,,,,,,,,,,,,excluded,station: snow_height >= 0.02 m or missing
KAN_M,2018,S2B_22WEV_20180819_1_L2A,2018-08-19 15:03:53.640000+00:00,2018-08-19,05.00,34.8581,,,,,,,,,,,,,,,,,,,excluded,station: snow_height >= 0.02 m or missing
KAN_M,2018,S2A_22WEV_20180821_0_L2A,2018-08-21 14:49:17.463000+00:00,2018-08-21,00.01,30.5395,"13,14,15",463.456,132.057,0.715059,0.773967,67.0672,-48.8398,54.9484,"[11, 11, 11, 11, 11, 11, 11, 11, 11]",0.836,0.8252,0.8378,0.8286,0.00270637,0.00296765,0.00190775,0.00219494,"{""B2"": {""scale"": 0.0001, ""offset"": 0.0, ""source"": ""recorded (baseline < 04.00)""}, ""B3"": {""scale"": 0.0001, ""offset"": 0.0, ""source"": ""recorded (baseline < 04.00)""}, ""B4"": {""scale"": 0.0001, ""offset"": 0.0, ""source"": ""recorded (baseline < 04.00)""}, ""B8"": {""scale"": 0.0001, ""offset"": 0.0, ""source"": ""recorded (baseline < 04.00)""}}",valid,
KAN_M,2018,S2B_22WEV_20180822_0_L2A,2018-08-22 15:07:52.457000+00:00,2018-08-22,00.01,63.9654,"14,15,16",367.04,95.3281,0.740279,0.845267,67.0672,-48.8398,55.092,"[9, 9, 9, 9, 9, 9, 9, 9, 9]",0.9934,0.933,0.9108,0.8982,0.0029844,0.00288753,0.00193321,0.00174725,"{""B2"": {""scale"": 0.0001, ""offset"": 0.0, ""source"": ""recorded (baseline < 04.00)""}, ""B3"": {""scale"": 0.0001, ""offset"": 0.0, ""source"": ""recorded (baseline < 04.00)""}, ""B4"": {""scale"": 0.0001, ""offset"": 0.0, ""source"": ""recorded (baseline < 04.00)""}, ""B8"": {""scale"": 0.0001, ""offset"": 0.0, ""source"": ""recorded (baseline < 04.00)""}}",excluded,SCL != 11 within 30 m
KAN_M,2018,S2B_22WEV_20180822_1_L2A,2018-08-22 15:13:50.882000+00:00,2018-08-22,05.00,75.0416,"14,15,16",367.04,95.3281,0.740279,0.845267,67.0672,-48.8398,55.0698,"[9, 9, 9, 9, 9, 9, 9, 9, 9]",0.9472,0.86,0.8136,0.7568,0.00224192,0.00257012,0.00207418,0.00182439,"{""B2"": {""scale"": 0.0001, ""offset"": -0.1, ""source"": ""recorded (boa_offset_applied)""}, ""B3"": {""scale"": 0.0001, ""offset"": -0.1, ""source"": ""recorded (boa_offset_applied)""}, ""B4"": {""scale"": 0.0001, ""offset"": -0.1, ""source"": ""recorded (boa_offset_applied)""}, ""B8"": {""scale"": 0.0001, ""offset"": -0.1, ""source"": ""recorded (boa_offset_applied)""}}",excluded,SCL != 11 within 30 m
KAN_M,2018,S2A_22WEV_20180824_0_L2A,2018-08-24 14:59:12.462000+00:00,2018-08-24,00.01,29.2435,"13,14,15",574.459,158.725,0.723697,0.1672,67.0672,-48.8399,55.8245,"[11, 11, 11, 11, 11, 11, 11, 11, 11]",0.7883,0.775,0.7716,0.7475,0.0205011,0.0202692,0.0166928,0.0126407,"{""B2"": {""scale"": 0.0001, ""offset"": 0.0, ""source"": ""recorded (baseline < 04.00)""}, ""B3"": {""scale"": 0.0001, ""offset"": 0.0, ""source"": ""recorded (baseline < 04.00)""}, ""B4"": {""scale"": 0.0001, ""offset"": 0.0, ""source"": ""recorded (baseline < 04.00)""}, ""B8"": {""scale"": 0.0001, ""offset"": 0.0, ""source"": ""recorded (baseline < 04.00)""}}",valid,
KAN_M,2018,S2A_22WEV_20180824_1_L2A,2018-08-24 15:03:59.280000+00:00,2018-08-24,05.00,48.0392,"14,15,16",623.286,167.726,0.7309,0.1305,67.0672,-48.8399,,,,,,,,,,,,excluded,station-day already has an acquisition
KAN_M,2018,S2B_22WEV_20180826_0_L2A,2018-08-26 14:53:08.160000+00:00,2018-08-26,00.01,39.0681,,,,,,,,,,,,,,,,,,,excluded,station: snow_height >= 0.02 m or missing
KAN_M,2018,S2B_22WEV_20180826_1_L2A,2018-08-26 14:53:55.066000+00:00,2018-08-26,05.00,86.6301,,,,,,,,,,,,,,,,,,,excluded,station: snow_height >= 0.02 m or missing
KAN_M,2018,S2A_22WEV_20180827_0_L2A,2018-08-27 15:09:09.460000+00:00,2018-08-27,00.01,28.3501,,,,,,,,,,,,,,,,,,,excluded,station: snow_height >= 0.02 m or missing
KAN_M,2018,S2A_22WEV_20180827_1_L2A,2018-08-27 15:13:56.995000+00:00,2018-08-27,05.00,63.7552,,,,,,,,,,,,,,,,,,,excluded,station: snow_height >= 0.02 m or missing
KAN_M,2018,S2B_22WEV_20180829_0_L2A,2018-08-29 15:03:51.159000+00:00,2018-08-29,05.00,88.4872,,,,,,,,,,,,,,,,,,,excluded,station: snow_height >= 0.02 m or missing
KAN_M,2018,S2A_22WEV_20180831_0_L2A,2018-08-31 14:49:16.461000+00:00,2018-08-31,00.01,40.1357,,,,,,,,,,,,,,,,,,,excluded,station: snow_height >= 0.02 m or missing
KAN_M,2018,S2A_22WEV_20180831_1_L2A,2018-08-31 14:54:01.607000+00:00,2018-08-31,05.00,99.8526,,,,,,,,,,,,,,,,,,,excluded,station: snow_height >= 0.02 m or missing
KAN_M,2019,S2B_22WEV_20190602_0_L2A,2019-06-02 14:54:11.840000+00:00,2019-06-02,02.12,93.7112,,,,,,,,,,,,,,,,,,,excluded,station: dsr_cor/usr_cor missing in the 3 overpass hours
KAN_M,2019,S2B_22WEV_20190602_1_L2A,2019-06-02 14:54:11.861000+00:00,2019-06-02,05.00,99.9646,,,,,,,,,,,,,,,,,,,excluded,station: dsr_cor/usr_cor missing in the 3 overpass hours
KAN_M,2019,S2A_22WEV_20190603_0_L2A,2019-06-03 15:14:00.723000+00:00,2019-06-03,02.12,44.0278,,,,,,,,,,,,,,,,,,,excluded,station: dsr_cor/usr_cor missing in the 3 overpass hours
KAN_M,2019,S2A_22WEV_20190603_1_L2A,2019-06-03 15:14:00.725000+00:00,2019-06-03,05.00,67.8316,,,,,,,,,,,,,,,,,,,excluded,station: dsr_cor/usr_cor missing in the 3 overpass hours
KAN_M,2019,S2B_22WEV_20190605_1_L2A,2019-06-05 15:04:08.595000+00:00,2019-06-05,05.00,12.3917,,,,,,,,,,,,,,,,,,,excluded,station: dsr_cor/usr_cor missing in the 3 overpass hours
KAN_M,2019,S2B_22WEV_20190605_0_L2A,2019-06-05 15:04:08.599000+00:00,2019-06-05,02.12,1.47211,,,,,,,,,,,,,,,,,,,excluded,station: dsr_cor/usr_cor missing in the 3 overpass hours
KAN_M,2019,S2A_22WEV_20190607_0_L2A,2019-06-07 14:54:05.906000+00:00,2019-06-07,02.12,2.87985,,,,,,,,,,,,,,,,,,,excluded,station: dsr_cor/usr_cor missing in the 3 overpass hours
KAN_M,2019,S2A_22WEV_20190607_1_L2A,2019-06-07 14:54:05.917000+00:00,2019-06-07,05.00,33.6203,,,,,,,,,,,,,,,,,,,excluded,station: dsr_cor/usr_cor missing in the 3 overpass hours
KAN_M,2019,S2B_22WEV_20190608_1_L2A,2019-06-08 15:14:06.269000+00:00,2019-06-08,05.00,14.5564,,,,,,,,,,,,,,,,,,,excluded,station: dsr_cor/usr_cor missing in the 3 overpass hours
KAN_M,2019,S2B_22WEV_20190608_0_L2A,2019-06-08 15:14:06.271000+00:00,2019-06-08,02.12,9.78997,,,,,,,,,,,,,,,,,,,excluded,station: dsr_cor/usr_cor missing in the 3 overpass hours
KAN_M,2019,S2A_22WEV_20190610_1_L2A,2019-06-10 15:04:03.253000+00:00,2019-06-10,05.00,3.1072,,,,,,,,,,,,,,,,,,,excluded,station: dsr_cor/usr_cor missing in the 3 overpass hours
KAN_M,2019,S2A_22WEV_20190610_0_L2A,2019-06-10 15:04:03.254000+00:00,2019-06-10,02.12,2.07639,,,,,,,,,,,,,,,,,,,excluded,station: dsr_cor/usr_cor missing in the 3 overpass hours
KAN_M,2019,S2B_22WEV_20190612_0_L2A,2019-06-12 14:54:10.959000+00:00,2019-06-12,02.12,93.1045,,,,,,,,,,,,,,,,,,,excluded,station: dsr_cor/usr_cor missing in the 3 overpass hours
KAN_M,2019,S2B_22WEV_20190612_1_L2A,2019-06-12 14:54:10.979000+00:00,2019-06-12,05.00,99.7974,,,,,,,,,,,,,,,,,,,excluded,station: dsr_cor/usr_cor missing in the 3 overpass hours
KAN_M,2019,S2A_22WEV_20190613_0_L2A,2019-06-13 15:14:01.602000+00:00,2019-06-13,02.12,46.3557,,,,,,,,,,,,,,,,,,,excluded,station: dsr_cor/usr_cor missing in the 3 overpass hours
KAN_M,2019,S2A_22WEV_20190613_1_L2A,2019-06-13 15:14:01.603000+00:00,2019-06-13,05.00,51.3581,,,,,,,,,,,,,,,,,,,excluded,station: dsr_cor/usr_cor missing in the 3 overpass hours
KAN_M,2019,S2B_22WEV_20190615_1_L2A,2019-06-15 15:04:08.012000+00:00,2019-06-15,05.00,42.0954,,,,,,,,,,,,,,,,,,,excluded,station: dsr_cor/usr_cor missing in the 3 overpass hours
KAN_M,2019,S2B_22WEV_20190615_0_L2A,2019-06-15 15:04:08.014000+00:00,2019-06-15,02.12,21.9652,,,,,,,,,,,,,,,,,,,excluded,station: dsr_cor/usr_cor missing in the 3 overpass hours
KAN_M,2019,S2A_22WEV_20190617_0_L2A,2019-06-17 14:54:07.216000+00:00,2019-06-17,02.12,0,,,,,,,,,,,,,,,,,,,excluded,station: dsr_cor/usr_cor missing in the 3 overpass hours
KAN_M,2019,S2A_22WEV_20190617_1_L2A,2019-06-17 14:54:07.229000+00:00,2019-06-17,05.00,1.14771,,,,,,,,,,,,,,,,,,,excluded,station: dsr_cor/usr_cor missing in the 3 overpass hours
KAN_M,2019,S2B_22WEV_20190618_1_L2A,2019-06-18 15:14:06.267000+00:00,2019-06-18,05.00,4.54971,,,,,,,,,,,,,,,,,,,excluded,station: dsr_cor/usr_cor missing in the 3 overpass hours
KAN_M,2019,S2B_22WEV_20190618_0_L2A,2019-06-18 15:14:06.268000+00:00,2019-06-18,02.12,3.18885,,,,,,,,,,,,,,,,,,,excluded,station: dsr_cor/usr_cor missing in the 3 overpass hours
KAN_M,2019,S2A_22WEV_20190620_0_L2A,2019-06-20 15:04:04.487000+00:00,2019-06-20,02.12,1.77726,,,,,,,,,,,,,,,,,,,excluded,station: dsr_cor/usr_cor missing in the 3 overpass hours
KAN_M,2019,S2A_22WEV_20190620_1_L2A,2019-06-20 15:04:04.488000+00:00,2019-06-20,05.00,3.49106,,,,,,,,,,,,,,,,,,,excluded,station: dsr_cor/usr_cor missing in the 3 overpass hours
KAN_M,2019,S2B_22WEV_20190622_0_L2A,2019-06-22 14:54:11.696000+00:00,2019-06-22,02.12,99.9987,,,,,,,,,,,,,,,,,,,excluded,station: dsr_cor/usr_cor missing in the 3 overpass hours
KAN_M,2019,S2B_22WEV_20190622_1_L2A,2019-06-22 14:54:11.719000+00:00,2019-06-22,05.00,99.9998,,,,,,,,,,,,,,,,,,,excluded,station: dsr_cor/usr_cor missing in the 3 overpass hours
KAN_M,2019,S2A_22WEV_20190623_0_L2A,2019-06-23 15:14:02.706000+00:00,2019-06-23,02.12,67.5092,,,,,,,,,,,,,,,,,,,excluded,station: dsr_cor/usr_cor missing in the 3 overpass hours
KAN_M,2019,S2A_22WEV_20190623_1_L2A,2019-06-23 15:14:02.707000+00:00,2019-06-23,05.00,98.4853,,,,,,,,,,,,,,,,,,,excluded,station: dsr_cor/usr_cor missing in the 3 overpass hours
KAN_M,2019,S2B_22WEV_20190625_1_L2A,2019-06-25 15:04:08.883000+00:00,2019-06-25,05.00,99.9832,,,,,,,,,,,,,,,,,,,excluded,station: dsr_cor/usr_cor missing in the 3 overpass hours
KAN_M,2019,S2B_22WEV_20190625_0_L2A,2019-06-25 15:04:08.887000+00:00,2019-06-25,02.12,84.206,,,,,,,,,,,,,,,,,,,excluded,station: dsr_cor/usr_cor missing in the 3 overpass hours
KAN_M,2019,S2A_22WEV_20190627_0_L2A,2019-06-27 14:54:08.102000+00:00,2019-06-27,02.12,52.8983,,,,,,,,,,,,,,,,,,,excluded,station: dsr_cor/usr_cor missing in the 3 overpass hours
KAN_M,2019,S2A_22WEV_20190627_1_L2A,2019-06-27 14:54:08.115000+00:00,2019-06-27,05.00,72.9687,,,,,,,,,,,,,,,,,,,excluded,station: dsr_cor/usr_cor missing in the 3 overpass hours
KAN_M,2019,S2B_22WEV_20190628_1_L2A,2019-06-28 15:14:06.998000+00:00,2019-06-28,05.00,58.0714,,,,,,,,,,,,,,,,,,,excluded,station: dsr_cor/usr_cor missing in the 3 overpass hours
KAN_M,2019,S2B_22WEV_20190628_0_L2A,2019-06-28 15:14:07.001000+00:00,2019-06-28,02.12,30.0933,,,,,,,,,,,,,,,,,,,excluded,station: dsr_cor/usr_cor missing in the 3 overpass hours
KAN_M,2019,S2A_22WEV_20190630_1_L2A,2019-06-30 15:04:05.290000+00:00,2019-06-30,05.00,51.3204,,,,,,,,,,,,,,,,,,,excluded,station: dsr_cor/usr_cor missing in the 3 overpass hours
KAN_M,2019,S2A_22WEV_20190630_0_L2A,2019-06-30 15:04:05.290000+00:00,2019-06-30,02.12,40.1885,,,,,,,,,,,,,,,,,,,excluded,station: dsr_cor/usr_cor missing in the 3 overpass hours
KAN_M,2019,S2B_22WEV_20190702_0_L2A,2019-07-02 14:54:12.287000+00:00,2019-07-02,02.12,27.622,,,,,,,,,,,,,,,,,,,excluded,station: dsr_cor/usr_cor missing in the 3 overpass hours
KAN_M,2019,S2B_22WEV_20190702_1_L2A,2019-07-02 14:54:12.309000+00:00,2019-07-02,05.00,75.0256,,,,,,,,,,,,,,,,,,,excluded,station: dsr_cor/usr_cor missing in the 3 overpass hours
KAN_M,2019,S2A_22WEV_20190703_0_L2A,2019-07-03 15:14:03.415000+00:00,2019-07-03,02.12,15.5371,,,,,,,,,,,,,,,,,,,excluded,station: dsr_cor/usr_cor missing in the 3 overpass hours
KAN_M,2019,S2A_22WEV_20190703_1_L2A,2019-07-03 15:14:03.416000+00:00,2019-07-03,05.00,18.2781,,,,,,,,,,,,,,,,,,,excluded,station: dsr_cor/usr_cor missing in the 3 overpass hours
KAN_M,2019,S2B_22WEV_20190705_1_L2A,2019-07-05 15:04:09.363000+00:00,2019-07-05,05.00,83.1962,,,,,,,,,,,,,,,,,,,excluded,station: dsr_cor/usr_cor missing in the 3 overpass hours
KAN_M,2019,S2B_22WEV_20190705_0_L2A,2019-07-05 15:04:09.367000+00:00,2019-07-05,02.12,67.4978,,,,,,,,,,,,,,,,,,,excluded,station: dsr_cor/usr_cor missing in the 3 overpass hours
KAN_M,2019,S2A_22WEV_20190707_0_L2A,2019-07-07 14:54:08.629000+00:00,2019-07-07,02.12,6.58817,,,,,,,,,,,,,,,,,,,excluded,station: dsr_cor/usr_cor missing in the 3 overpass hours
KAN_M,2019,S2A_22WEV_20190707_1_L2A,2019-07-07 14:54:08.642000+00:00,2019-07-07,05.00,11.7244,,,,,,,,,,,,,,,,,,,excluded,station: dsr_cor/usr_cor missing in the 3 overpass hours
KAN_M,2019,S2B_22WEV_20190708_1_L2A,2019-07-08 15:14:07.343000+00:00,2019-07-08,05.00,0.970385,,,,,,,,,,,,,,,,,,,excluded,station: dsr_cor/usr_cor missing in the 3 overpass hours
KAN_M,2019,S2B_22WEV_20190708_0_L2A,2019-07-08 15:14:07.345000+00:00,2019-07-08,02.13,1.2974,,,,,,,,,,,,,,,,,,,excluded,station: dsr_cor/usr_cor missing in the 3 overpass hours
KAN_M,2019,S2A_22WEV_20190710_0_L2A,2019-07-10 15:04:05.696000+00:00,2019-07-10,02.13,10.5045,,,,,,,,,,,,,,,,,,,excluded,station: dsr_cor/usr_cor missing in the 3 overpass hours
KAN_M,2019,S2A_22WEV_20190710_1_L2A,2019-07-10 15:04:05.697000+00:00,2019-07-10,05.00,23.0296,,,,,,,,,,,,,,,,,,,excluded,station: dsr_cor/usr_cor missing in the 3 overpass hours
KAN_M,2019,S2B_22WEV_20190712_0_L2A,2019-07-12 14:54:12.410000+00:00,2019-07-12,02.13,0,,,,,,,,,,,,,,,,,,,excluded,station: dsr_cor/usr_cor missing in the 3 overpass hours
KAN_M,2019,S2B_22WEV_20190712_1_L2A,2019-07-12 14:54:12.433000+00:00,2019-07-12,05.00,0.047025,,,,,,,,,,,,,,,,,,,excluded,station: dsr_cor/usr_cor missing in the 3 overpass hours
KAN_M,2019,S2A_22WEV_20190713_0_L2A,2019-07-13 15:14:03.671000+00:00,2019-07-13,02.13,68.784,,,,,,,,,,,,,,,,,,,excluded,station: dsr_cor/usr_cor missing in the 3 overpass hours
KAN_M,2019,S2A_22WEV_20190713_1_L2A,2019-07-13 15:14:03.672000+00:00,2019-07-13,05.00,75.4254,,,,,,,,,,,,,,,,,,,excluded,station: dsr_cor/usr_cor missing in the 3 overpass hours
KAN_M,2019,S2B_22WEV_20190715_1_L2A,2019-07-15 15:04:09.388000+00:00,2019-07-15,05.00,1.5225,,,,,,,,,,,,,,,,,,,excluded,station: dsr_cor/usr_cor missing in the 3 overpass hours
KAN_M,2019,S2B_22WEV_20190715_0_L2A,2019-07-15 15:04:09.392000+00:00,2019-07-15,02.13,1.48793,,,,,,,,,,,,,,,,,,,excluded,station: dsr_cor/usr_cor missing in the 3 overpass hours
KAN_M,2019,S2A_22WEV_20190717_0_L2A,2019-07-17 14:54:08.742000+00:00,2019-07-17,02.13,39.1319,,,,,,,,,,,,,,,,,,,excluded,station: dsr_cor/usr_cor missing in the 3 overpass hours
KAN_M,2019,S2A_22WEV_20190717_1_L2A,2019-07-17 14:54:08.754000+00:00,2019-07-17,05.00,65.7881,,,,,,,,,,,,,,,,,,,excluded,station: dsr_cor/usr_cor missing in the 3 overpass hours
KAN_M,2019,S2B_22WEV_20190718_1_L2A,2019-07-18 15:14:07.260000+00:00,2019-07-18,05.00,98.9167,,,,,,,,,,,,,,,,,,,excluded,station: dsr_cor/usr_cor missing in the 3 overpass hours
KAN_M,2019,S2B_22WEV_20190718_0_L2A,2019-07-18 15:14:07.263000+00:00,2019-07-18,02.13,94.471,,,,,,,,,,,,,,,,,,,excluded,station: dsr_cor/usr_cor missing in the 3 overpass hours
KAN_M,2019,S2A_22WEV_20190720_1_L2A,2019-07-20 15:04:05.710000+00:00,2019-07-20,05.00,21.1882,,,,,,,,,,,,,,,,,,,excluded,station: dsr_cor/usr_cor missing in the 3 overpass hours
KAN_M,2019,S2A_22WEV_20190720_0_L2A,2019-07-20 15:04:05.710000+00:00,2019-07-20,02.13,4.70272,,,,,,,,,,,,,,,,,,,excluded,station: dsr_cor/usr_cor missing in the 3 overpass hours
KAN_M,2019,S2B_22WEV_20190722_0_L2A,2019-07-22 14:54:12.137000+00:00,2019-07-22,02.13,5.77154,,,,,,,,,,,,,,,,,,,excluded,station: dsr_cor/usr_cor missing in the 3 overpass hours
KAN_M,2019,S2B_22WEV_20190722_1_L2A,2019-07-22 14:54:12.159000+00:00,2019-07-22,05.00,6.98447,,,,,,,,,,,,,,,,,,,excluded,station: dsr_cor/usr_cor missing in the 3 overpass hours
KAN_M,2019,S2A_22WEV_20190723_0_L2A,2019-07-23 15:14:03.547000+00:00,2019-07-23,02.13,2.58156,,,,,,,,,,,,,,,,,,,excluded,station: dsr_cor/usr_cor missing in the 3 overpass hours
KAN_M,2019,S2A_22WEV_20190723_1_L2A,2019-07-23 15:14:03.548000+00:00,2019-07-23,05.00,5.09811,,,,,,,,,,,,,,,,,,,excluded,station: dsr_cor/usr_cor missing in the 3 overpass hours
KAN_M,2019,S2B_22WEV_20190725_3_L2A,2019-07-25 15:04:07.182000+00:00,2019-07-25,05.00,26.116,,,,,,,,,,,,,,,,,,,excluded,station: dsr_cor/usr_cor missing in the 3 overpass hours
KAN_M,2019,S2B_22WEV_20190725_1_L2A,2019-07-25 15:04:07.185000+00:00,2019-07-25,02.13,24.5229,,,,,,,,,,,,,,,,,,,excluded,station: dsr_cor/usr_cor missing in the 3 overpass hours
KAN_M,2019,S2A_22WEV_20190727_0_L2A,2019-07-27 14:54:08.415000+00:00,2019-07-27,02.13,33.7518,,,,,,,,,,,,,,,,,,,excluded,station: dsr_cor/usr_cor missing in the 3 overpass hours
KAN_M,2019,S2A_22WEV_20190727_1_L2A,2019-07-27 14:54:08.427000+00:00,2019-07-27,05.00,57.7035,,,,,,,,,,,,,,,,,,,excluded,station: dsr_cor/usr_cor missing in the 3 overpass hours
KAN_M,2019,S2B_22WEV_20190728_1_L2A,2019-07-28 15:14:06.734000+00:00,2019-07-28,05.00,61.6778,,,,,,,,,,,,,,,,,,,excluded,station: dsr_cor/usr_cor missing in the 3 overpass hours
KAN_M,2019,S2B_22WEV_20190728_0_L2A,2019-07-28 15:14:06.736000+00:00,2019-07-28,02.13,58.2444,,,,,,,,,,,,,,,,,,,excluded,station: dsr_cor/usr_cor missing in the 3 overpass hours
KAN_M,2019,S2A_22WEV_20190730_1_L2A,2019-07-30 15:04:05.286000+00:00,2019-07-30,05.00,86.6511,,,,,,,,,,,,,,,,,,,excluded,station: dsr_cor/usr_cor missing in the 3 overpass hours
KAN_M,2019,S2A_22WEV_20190730_0_L2A,2019-07-30 15:04:05.287000+00:00,2019-07-30,02.13,71.8543,,,,,,,,,,,,,,,,,,,excluded,station: dsr_cor/usr_cor missing in the 3 overpass hours
KAN_M,2019,S2B_22WEV_20190801_0_L2A,2019-08-01 14:54:11.507000+00:00,2019-08-01,02.13,0,,,,,,,,,,,,,,,,,,,excluded,station: dsr_cor/usr_cor missing in the 3 overpass hours
KAN_M,2019,S2B_22WEV_20190801_1_L2A,2019-08-01 14:54:11.530000+00:00,2019-08-01,05.00,0.088453,,,,,,,,,,,,,,,,,,,excluded,station: dsr_cor/usr_cor missing in the 3 overpass hours
KAN_M,2019,S2A_22WEV_20190802_0_L2A,2019-08-02 15:14:03.036000+00:00,2019-08-02,02.13,2.47573,,,,,,,,,,,,,,,,,,,excluded,station: dsr_cor/usr_cor missing in the 3 overpass hours
KAN_M,2019,S2A_22WEV_20190802_1_L2A,2019-08-02 15:14:03.037000+00:00,2019-08-02,05.00,0.133862,,,,,,,,,,,,,,,,,,,excluded,station: dsr_cor/usr_cor missing in the 3 overpass hours
KAN_M,2019,S2B_22WEV_20190804_1_L2A,2019-08-04 15:04:08.226000+00:00,2019-08-04,05.00,12.3932,,,,,,,,,,,,,,,,,,,excluded,station: dsr_cor/usr_cor missing in the 3 overpass hours
KAN_M,2019,S2B_22WEV_20190804_0_L2A,2019-08-04 15:04:08.230000+00:00,2019-08-04,02.13,4.73994,,,,,,,,,,,,,,,,,,,excluded,station: dsr_cor/usr_cor missing in the 3 overpass hours
KAN_M,2019,S2A_22WEV_20190806_0_L2A,2019-08-06 14:54:07.729000+00:00,2019-08-06,02.13,41.0538,,,,,,,,,,,,,,,,,,,excluded,station: dsr_cor/usr_cor missing in the 3 overpass hours
KAN_M,2019,S2A_22WEV_20190806_1_L2A,2019-08-06 14:54:07.741000+00:00,2019-08-06,05.00,80.8412,,,,,,,,,,,,,,,,,,,excluded,station: dsr_cor/usr_cor missing in the 3 overpass hours
KAN_M,2019,S2B_22WEV_20190807_1_L2A,2019-08-07 15:14:05.835000+00:00,2019-08-07,05.00,60.5117,,,,,,,,,,,,,,,,,,,excluded,station: dsr_cor/usr_cor missing in the 3 overpass hours
KAN_M,2019,S2B_22WEV_20190807_0_L2A,2019-08-07 15:14:05.837000+00:00,2019-08-07,02.13,41.4371,,,,,,,,,,,,,,,,,,,excluded,station: dsr_cor/usr_cor missing in the 3 overpass hours
KAN_M,2019,S2A_22WEV_20190809_0_L2A,2019-08-09 15:04:04.449000+00:00,2019-08-09,02.13,2.01387,,,,,,,,,,,,,,,,,,,excluded,station: dsr_cor/usr_cor missing in the 3 overpass hours
KAN_M,2019,S2A_22WEV_20190809_1_L2A,2019-08-09 15:04:04.450000+00:00,2019-08-09,05.00,1.1676,,,,,,,,,,,,,,,,,,,excluded,station: dsr_cor/usr_cor missing in the 3 overpass hours
KAN_M,2019,S2B_22WEV_20190811_0_L2A,2019-08-11 14:54:10.404000+00:00,2019-08-11,02.13,0.110394,,,,,,,,,,,,,,,,,,,excluded,station: dsr_cor/usr_cor missing in the 3 overpass hours
KAN_M,2019,S2B_22WEV_20190811_1_L2A,2019-08-11 14:54:10.425000+00:00,2019-08-11,05.00,0.419541,,,,,,,,,,,,,,,,,,,excluded,station: dsr_cor/usr_cor missing in the 3 overpass hours
KAN_M,2019,S2A_22WEV_20190812_0_L2A,2019-08-12 15:14:02.065000+00:00,2019-08-12,02.13,1.92853,,,,,,,,,,,,,,,,,,,excluded,station: dsr_cor/usr_cor missing in the 3 overpass hours
KAN_M,2019,S2A_22WEV_20190812_1_L2A,2019-08-12 15:14:02.066000+00:00,2019-08-12,05.00,0.251336,,,,,,,,,,,,,,,,,,,excluded,station: dsr_cor/usr_cor missing in the 3 overpass hours
KAN_M,2019,S2B_22WEV_20190814_1_L2A,2019-08-14 15:04:07.025000+00:00,2019-08-14,05.00,71.0486,,,,,,,,,,,,,,,,,,,excluded,station: dsr_cor/usr_cor missing in the 3 overpass hours
KAN_M,2019,S2B_22WEV_20190814_0_L2A,2019-08-14 15:04:07.029000+00:00,2019-08-14,02.13,66.2589,,,,,,,,,,,,,,,,,,,excluded,station: dsr_cor/usr_cor missing in the 3 overpass hours
KAN_M,2019,S2A_22WEV_20190816_0_L2A,2019-08-16 14:54:06.641000+00:00,2019-08-16,02.13,60.617,,,,,,,,,,,,,,,,,,,excluded,station: dsr_cor/usr_cor missing in the 3 overpass hours
KAN_M,2019,S2A_22WEV_20190816_1_L2A,2019-08-16 14:54:06.653000+00:00,2019-08-16,05.00,97.9477,,,,,,,,,,,,,,,,,,,excluded,station: dsr_cor/usr_cor missing in the 3 overpass hours
KAN_M,2019,S2B_22WEV_20190817_1_L2A,2019-08-17 15:14:04.533000+00:00,2019-08-17,05.00,55.5017,,,,,,,,,,,,,,,,,,,excluded,station: dsr_cor/usr_cor missing in the 3 overpass hours
KAN_M,2019,S2B_22WEV_20190817_0_L2A,2019-08-17 15:14:04.535000+00:00,2019-08-17,02.13,42.6858,,,,,,,,,,,,,,,,,,,excluded,station: dsr_cor/usr_cor missing in the 3 overpass hours
KAN_M,2019,S2A_22WEV_20190819_1_L2A,2019-08-19 15:04:03.238000+00:00,2019-08-19,05.00,87.7018,,,,,,,,,,,,,,,,,,,excluded,station: dsr_cor/usr_cor missing in the 3 overpass hours
KAN_M,2019,S2A_22WEV_20190819_0_L2A,2019-08-19 15:04:03.238000+00:00,2019-08-19,02.13,63.6251,,,,,,,,,,,,,,,,,,,excluded,station: dsr_cor/usr_cor missing in the 3 overpass hours
KAN_M,2019,S2B_22WEV_20190821_0_L2A,2019-08-21 14:54:08.931000+00:00,2019-08-21,02.13,97.6219,,,,,,,,,,,,,,,,,,,excluded,station: dsr_cor/usr_cor missing in the 3 overpass hours
KAN_M,2019,S2B_22WEV_20190821_1_L2A,2019-08-21 14:54:08.950000+00:00,2019-08-21,05.00,99.9948,,,,,,,,,,,,,,,,,,,excluded,station: dsr_cor/usr_cor missing in the 3 overpass hours
KAN_M,2019,S2A_22WEV_20190822_0_L2A,2019-08-22 15:14:00.713000+00:00,2019-08-22,02.13,53.6258,,,,,,,,,,,,,,,,,,,excluded,station: dsr_cor/usr_cor missing in the 3 overpass hours
KAN_M,2019,S2A_22WEV_20190822_1_L2A,2019-08-22 15:14:00.714000+00:00,2019-08-22,05.00,90.6163,,,,,,,,,,,,,,,,,,,excluded,station: dsr_cor/usr_cor missing in the 3 overpass hours
KAN_M,2019,S2B_22WEV_20190824_1_L2A,2019-08-24 15:04:05.408000+00:00,2019-08-24,05.00,10.2846,,,,,,,,,,,,,,,,,,,excluded,station: dsr_cor/usr_cor missing in the 3 overpass hours
KAN_M,2019,S2B_22WEV_20190824_0_L2A,2019-08-24 15:04:05.410000+00:00,2019-08-24,02.13,5.56893,,,,,,,,,,,,,,,,,,,excluded,station: dsr_cor/usr_cor missing in the 3 overpass hours
KAN_M,2019,S2A_22WEV_20190826_0_L2A,2019-08-26 14:54:05.097000+00:00,2019-08-26,02.13,3.62831,,,,,,,,,,,,,,,,,,,excluded,station: dsr_cor/usr_cor missing in the 3 overpass hours
KAN_M,2019,S2A_22WEV_20190826_1_L2A,2019-08-26 14:54:05.109000+00:00,2019-08-26,05.00,19.5178,,,,,,,,,,,,,,,,,,,excluded,station: dsr_cor/usr_cor missing in the 3 overpass hours
KAN_M,2019,S2B_22WEV_20190827_1_L2A,2019-08-27 15:14:02.797000+00:00,2019-08-27,05.00,49.8401,,,,,,,,,,,,,,,,,,,excluded,station: dsr_cor/usr_cor missing in the 3 overpass hours
KAN_M,2019,S2B_22WEV_20190827_0_L2A,2019-08-27 15:14:02.800000+00:00,2019-08-27,02.13,43.5364,,,,,,,,,,,,,,,,,,,excluded,station: dsr_cor/usr_cor missing in the 3 overpass hours
KAN_M,2019,S2A_22WEV_20190829_0_L2A,2019-08-29 15:04:01.592000+00:00,2019-08-29,02.13,1.72209,,,,,,,,,,,,,,,,,,,excluded,station: dsr_cor/usr_cor missing in the 3 overpass hours
KAN_M,2019,S2A_22WEV_20190829_1_L2A,2019-08-29 15:04:01.593000+00:00,2019-08-29,05.00,24.6216,,,,,,,,,,,,,,,,,,,excluded,station: dsr_cor/usr_cor missing in the 3 overpass hours
KAN_M,2019,S2B_22WEV_20190831_0_L2A,2019-08-31 14:54:07.077000+00:00,2019-08-31,02.13,0.023044,,,,,,,,,,,,,,,,,,,excluded,station: dsr_cor/usr_cor missing in the 3 overpass hours
KAN_M,2019,S2B_22WEV_20190831_1_L2A,2019-08-31 14:54:07.099000+00:00,2019-08-31,05.00,0.232919,,,,,,,,,,,,,,,,,,,excluded,station: dsr_cor/usr_cor missing in the 3 overpass hours
KAN_M,2020,S2A_22WEV_20200601_0_L2A,2020-06-01 14:54:09.816000+00:00,2020-06-01,02.14,1.07336,,,,,,,,,,,,,,,,,,,excluded,station: dsr_cor/usr_cor missing in the 3 overpass hours
KAN_M,2020,S2A_22WEV_20200601_1_L2A,2020-06-01 14:54:09.829000+00:00,2020-06-01,05.00,27.7378,,,,,,,,,,,,,,,,,,,excluded,station: dsr_cor/usr_cor missing in the 3 overpass hours
KAN_M,2020,S2B_22WEV_20200602_0_L2A,2020-06-02 15:14:00.256000+00:00,2020-06-02,02.14,93.7144,,,,,,,,,,,,,,,,,,,excluded,station: dsr_cor/usr_cor missing in the 3 overpass hours
KAN_M,2020,S2B_22WEV_20200602_1_L2A,2020-06-02 15:14:00.257000+00:00,2020-06-02,05.00,99.1124,,,,,,,,,,,,,,,,,,,excluded,station: dsr_cor/usr_cor missing in the 3 overpass hours
KAN_M,2020,S2A_22WEV_20200604_0_L2A,2020-06-04 15:04:06.893000+00:00,2020-06-04,02.14,8.28878,,,,,,,,,,,,,,,,,,,excluded,station: dsr_cor/usr_cor missing in the 3 overpass hours
KAN_M,2020,S2A_22WEV_20200604_1_L2A,2020-06-04 15:04:06.894000+00:00,2020-06-04,05.00,23.6967,,,,,,,,,,,,,,,,,,,excluded,station: dsr_cor/usr_cor missing in the 3 overpass hours
KAN_M,2020,S2B_22WEV_20200606_0_L2A,2020-06-06 14:54:05.722000+00:00,2020-06-06,02.14,52.2987,,,,,,,,,,,,,,,,,,,excluded,station: dsr_cor/usr_cor missing in the 3 overpass hours
KAN_M,2020,S2B_22WEV_20200606_1_L2A,2020-06-06 14:54:05.736000+00:00,2020-06-06,05.00,87.0594,,,,,,,,,,,,,,,,,,,excluded,station: dsr_cor/usr_cor missing in the 3 overpass hours
KAN_M,2020,S2A_22WEV_20200607_0_L2A,2020-06-07 15:14:04.849000+00:00,2020-06-07,02.14,61.0949,,,,,,,,,,,,,,,,,,,excluded,station: dsr_cor/usr_cor missing in the 3 overpass hours
KAN_M,2020,S2A_22WEV_20200607_1_L2A,2020-06-07 15:14:04.850000+00:00,2020-06-07,05.00,95.2181,,,,,,,,,,,,,,,,,,,excluded,station: dsr_cor/usr_cor missing in the 3 overpass hours
KAN_M,2020,S2B_22WEV_20200609_1_L2A,2020-06-09 15:04:02.825000+00:00,2020-06-09,05.00,71.5287,,,,,,,,,,,,,,,,,,,excluded,station: dsr_cor/usr_cor missing in the 3 overpass hours
KAN_M,2020,S2B_22WEV_20200609_0_L2A,2020-06-09 15:04:02.826000+00:00,2020-06-09,02.14,52.7652,,,,,,,,,,,,,,,,,,,excluded,station: dsr_cor/usr_cor missing in the 3 overpass hours
KAN_M,2020,S2A_22WEV_20200611_0_L2A,2020-06-11 14:54:09.840000+00:00,2020-06-11,02.14,12.6065,,,,,,,,,,,,,,,,,,,excluded,station: dsr_cor/usr_cor missing in the 3 overpass hours
KAN_M,2020,S2A_22WEV_20200611_1_L2A,2020-06-11 14:54:09.851000+00:00,2020-06-11,05.00,98.0898,,,,,,,,,,,,,,,,,,,excluded,station: dsr_cor/usr_cor missing in the 3 overpass hours
KAN_M,2020,S2B_22WEV_20200612_0_L2A,2020-06-12 15:14:00.892000+00:00,2020-06-12,02.14,0.824477,,,,,,,,,,,,,,,,,,,excluded,station: dsr_cor/usr_cor missing in the 3 overpass hours
KAN_M,2020,S2B_22WEV_20200612_1_L2A,2020-06-12 15:14:00.894000+00:00,2020-06-12,05.00,6.29108,,,,,,,,,,,,,,,,,,,excluded,station: dsr_cor/usr_cor missing in the 3 overpass hours
KAN_M,2020,S2A_22WEV_20200614_0_L2A,2020-06-14 15:04:06.750000+00:00,2020-06-14,02.14,49.0169,,,,,,,,,,,,,,,,,,,excluded,station: dsr_cor/usr_cor missing in the 3 overpass hours
KAN_M,2020,S2A_22WEV_20200614_1_L2A,2020-06-14 15:04:06.751000+00:00,2020-06-14,05.00,93.3683,,,,,,,,,,,,,,,,,,,excluded,station: dsr_cor/usr_cor missing in the 3 overpass hours
KAN_M,2020,S2B_22WEV_20200616_0_L2A,2020-06-16 14:54:06.176000+00:00,2020-06-16,02.14,11.5319,,,,,,,,,,,,,,,,,,,excluded,station: dsr_cor/usr_cor missing in the 3 overpass hours
KAN_M,2020,S2B_22WEV_20200616_1_L2A,2020-06-16 14:54:06.188000+00:00,2020-06-16,05.00,92.4498,,,,,,,,,,,,,,,,,,,excluded,station: dsr_cor/usr_cor missing in the 3 overpass hours
KAN_M,2020,S2A_22WEV_20200617_0_L2A,2020-06-17 15:14:04.562000+00:00,2020-06-17,02.14,21.0588,,,,,,,,,,,,,,,,,,,excluded,station: dsr_cor/usr_cor missing in the 3 overpass hours
KAN_M,2020,S2A_22WEV_20200617_1_L2A,2020-06-17 15:14:04.563000+00:00,2020-06-17,05.00,57.352,,,,,,,,,,,,,,,,,,,excluded,station: dsr_cor/usr_cor missing in the 3 overpass hours
KAN_M,2020,S2B_22WEV_20200619_1_L2A,2020-06-19 15:04:03.130000+00:00,2020-06-19,05.00,23.1341,,,,,,,,,,,,,,,,,,,excluded,station: dsr_cor/usr_cor missing in the 3 overpass hours
KAN_M,2020,S2B_22WEV_20200619_0_L2A,2020-06-19 15:04:03.131000+00:00,2020-06-19,02.14,13.5507,,,,,,,,,,,,,,,,,,,excluded,station: dsr_cor/usr_cor missing in the 3 overpass hours
KAN_M,2020,S2A_22WEV_20200621_0_L2A,2020-06-21 14:54:09.439000+00:00,2020-06-21,02.14,0.329295,,,,,,,,,,,,,,,,,,,excluded,station: dsr_cor/usr_cor missing in the 3 overpass hours
KAN_M,2020,S2A_22WEV_20200621_1_L2A,2020-06-21 14:54:09.452000+00:00,2020-06-21,05.00,7.56633,,,,,,,,,,,,,,,,,,,excluded,station: dsr_cor/usr_cor missing in the 3 overpass hours
KAN_M,2020,S2B_22WEV_20200622_0_L2A,2020-06-22 15:14:01.084000+00:00,2020-06-22,02.14,54.3544,,,,,,,,,,,,,,,,,,,excluded,station: dsr_cor/usr_cor missing in the 3 overpass hours
KAN_M,2020,S2B_22WEV_20200622_1_L2A,2020-06-22 15:14:01.086000+00:00,2020-06-22,05.00,59.0639,,,,,,,,,,,,,,,,,,,excluded,station: dsr_cor/usr_cor missing in the 3 overpass hours
KAN_M,2020,S2A_22WEV_20200624_2_L2A,2020-06-24 15:04:06.209000+00:00,2020-06-24,05.00,47.8141,,,,,,,,,,,,,,,,,,,excluded,station: dsr_cor/usr_cor missing in the 3 overpass hours
KAN_M,2020,S2A_22WEV_20200624_1_L2A,2020-06-24 15:04:06.209000+00:00,2020-06-24,05.00,47.8141,,,,,,,,,,,,,,,,,,,excluded,station: dsr_cor/usr_cor missing in the 3 overpass hours
KAN_M,2020,S2A_22WEV_20200624_0_L2A,2020-06-24 15:04:06.209000+00:00,2020-06-24,02.14,27.9998,,,,,,,,,,,,,,,,,,,excluded,station: dsr_cor/usr_cor missing in the 3 overpass hours
KAN_M,2020,S2B_22WEV_20200626_0_L2A,2020-06-26 14:54:06.185000+00:00,2020-06-26,02.14,42.2613,,,,,,,,,,,,,,,,,,,excluded,station: dsr_cor/usr_cor missing in the 3 overpass hours
KAN_M,2020,S2B_22WEV_20200626_1_L2A,2020-06-26 14:54:06.197000+00:00,2020-06-26,05.00,73.1119,,,,,,,,,,,,,,,,,,,excluded,station: dsr_cor/usr_cor missing in the 3 overpass hours
KAN_M,2020,S2A_22WEV_20200627_0_L2A,2020-06-27 15:14:03.885000+00:00,2020-06-27,02.14,9.48602,,,,,,,,,,,,,,,,,,,excluded,station: dsr_cor/usr_cor missing in the 3 overpass hours
KAN_M,2020,S2A_22WEV_20200627_1_L2A,2020-06-27 15:14:03.886000+00:00,2020-06-27,05.00,11.9738,,,,,,,,,,,,,,,,,,,excluded,station: dsr_cor/usr_cor missing in the 3 overpass hours
KAN_M,2020,S2B_22WEV_20200629_1_L2A,2020-06-29 15:04:02.992000+00:00,2020-06-29,05.00,47.1933,,,,,,,,,,,,,,,,,,,excluded,station: dsr_cor/usr_cor missing in the 3 overpass hours
KAN_M,2020,S2B_22WEV_20200629_0_L2A,2020-06-29 15:04:02.993000+00:00,2020-06-29,02.14,18.5407,,,,,,,,,,,,,,,,,,,excluded,station: dsr_cor/usr_cor missing in the 3 overpass hours
KAN_M,2020,S2A_22WEV_20200701_0_L2A,2020-07-01 14:54:08.607000+00:00,2020-07-01,02.14,0.000533,,,,,,,,,,,,,,,,,,,excluded,station: dsr_cor/usr_cor missing in the 3 overpass hours
KAN_M,2020,S2A_22WEV_20200701_1_L2A,2020-07-01 14:54:08.619000+00:00,2020-07-01,05.00,1.31289,,,,,,,,,,,,,,,,,,,excluded,station: dsr_cor/usr_cor missing in the 3 overpass hours
KAN_M,2020,S2B_22WEV_20200702_0_L2A,2020-07-02 15:14:00.810000+00:00,2020-07-02,02.14,0.29975,,,,,,,,,,,,,,,,,,,excluded,station: dsr_cor/usr_cor missing in the 3 overpass hours
KAN_M,2020,S2B_22WEV_20200702_1_L2A,2020-07-02 15:14:00.811000+00:00,2020-07-02,05.00,0.039366,,,,,,,,,,,,,,,,,,,excluded,station: dsr_cor/usr_cor missing in the 3 overpass hours
KAN_M,2020,S2A_22WEV_20200704_1_L2A,2020-07-04 15:04:05.235000+00:00,2020-07-04,05.00,24.4511,,,,,,,,,,,,,,,,,,,excluded,station: dsr_cor/usr_cor missing in the 3 overpass hours
KAN_M,2020,S2A_22WEV_20200704_0_L2A,2020-07-04 15:04:05.235000+00:00,2020-07-04,02.14,9.98053,,,,,,,,,,,,,,,,,,,excluded,station: dsr_cor/usr_cor missing in the 3 overpass hours
KAN_M,2020,S2B_22WEV_20200706_0_L2A,2020-07-06 14:54:05.795000+00:00,2020-07-06,02.14,60.5812,,,,,,,,,,,,,,,,,,,excluded,station: dsr_cor/usr_cor missing in the 3 overpass hours
KAN_M,2020,S2B_22WEV_20200706_1_L2A,2020-07-06 14:54:05.807000+00:00,2020-07-06,05.00,89.4199,,,,,,,,,,,,,,,,,,,excluded,station: dsr_cor/usr_cor missing in the 3 overpass hours
KAN_M,2020,S2A_22WEV_20200707_0_L2A,2020-07-07 15:14:02.808000+00:00,2020-07-07,02.14,55.2387,,,,,,,,,,,,,,,,,,,excluded,station: dsr_cor/usr_cor missing in the 3 overpass hours
KAN_M,2020,S2A_22WEV_20200707_1_L2A,2020-07-07 15:14:02.810000+00:00,2020-07-07,05.00,84.6722,,,,,,,,,,,,,,,,,,,excluded,station: dsr_cor/usr_cor missing in the 3 overpass hours
KAN_M,2020,S2B_22WEV_20200709_3_L2A,2020-07-09 15:03:57.934000+00:00,2020-07-09,05.00,99.8827,,,,,,,,,,,,,,,,,,,excluded,station: dsr_cor/usr_cor missing in the 3 overpass hours
KAN_M,2020,S2B_22WEV_20200709_1_L2A,2020-07-09 15:03:57.938000+00:00,2020-07-09,02.14,99.8451,,,,,,,,,,,,,,,,,,,excluded,station: dsr_cor/usr_cor missing in the 3 overpass hours
KAN_M,2020,S2B_22WEV_20200709_0_L2A,2020-07-09 15:04:04.535000+00:00,2020-07-09,02.14,99.6405,,,,,,,,,,,,,,,,,,,excluded,station: dsr_cor/usr_cor missing in the 3 overpass hours
KAN_M,2020,S2B_22WEV_20200709_2_L2A,2020-07-09 15:04:04.540000+00:00,2020-07-09,05.00,99.8738,,,,,,,,,,,,,,,,,,,excluded,station: dsr_cor/usr_cor missing in the 3 overpass hours
KAN_M,2020,S2A_22WEV_20200711_0_L2A,2020-07-11 14:54:07.877000+00:00,2020-07-11,02.14,0.271675,,,,,,,,,,,,,,,,,,,excluded,station: dsr_cor/usr_cor missing in the 3 overpass hours
KAN_M,2020,S2A_22WEV_20200711_1_L2A,2020-07-11 14:54:07.890000+00:00,2020-07-11,05.00,1.48034,,,,,,,,,,,,,,,,,,,excluded,station: dsr_cor/usr_cor missing in the 3 overpass hours
KAN_M,2020,S2B_22WEV_20200712_0_L2A,2020-07-12 15:14:00.134000+00:00,2020-07-12,02.14,1.2424,,,,,,,,,,,,,,,,,,,excluded,station: dsr_cor/usr_cor missing in the 3 overpass hours
KAN_M,2020,S2B_22WEV_20200712_1_L2A,2020-07-12 15:14:00.135000+00:00,2020-07-12,05.00,1.34171,,,,,,,,,,,,,,,,,,,excluded,station: dsr_cor/usr_cor missing in the 3 overpass hours
KAN_M,2020,S2A_22WEV_20200714_0_L2A,2020-07-14 15:04:05.144000+00:00,2020-07-14,02.14,33.9685,,,,,,,,,,,,,,,,,,,excluded,station: dsr_cor/usr_cor missing in the 3 overpass hours
KAN_M,2020,S2A_22WEV_20200714_1_L2A,2020-07-14 15:04:05.145000+00:00,2020-07-14,05.00,58.6837,,,,,,,,,,,,,,,,,,,excluded,station: dsr_cor/usr_cor missing in the 3 overpass hours
KAN_M,2020,S2B_22WEV_20200716_0_L2A,2020-07-16 14:54:04.960000+00:00,2020-07-16,02.14,15.5111,,,,,,,,,,,,,,,,,,,excluded,station: dsr_cor/usr_cor missing in the 3 overpass hours
KAN_M,2020,S2B_22WEV_20200716_1_L2A,2020-07-16 14:54:04.974000+00:00,2020-07-16,05.00,58.7377,,,,,,,,,,,,,,,,,,,excluded,station: dsr_cor/usr_cor missing in the 3 overpass hours
KAN_M,2020,S2A_22WEV_20200717_0_L2A,2020-07-17 15:14:03.396000+00:00,2020-07-17,02.14,4.8763,,,,,,,,,,,,,,,,,,,excluded,station: dsr_cor/usr_cor missing in the 3 overpass hours
KAN_M,2020,S2A_22WEV_20200717_1_L2A,2020-07-17 15:14:03.397000+00:00,2020-07-17,05.00,6.86263,,,,,,,,,,,,,,,,,,,excluded,station: dsr_cor/usr_cor missing in the 3 overpass hours
KAN_M,2020,S2B_22WEV_20200719_1_L2A,2020-07-19 15:04:02.196000+00:00,2020-07-19,05.00,53.749,,,,,,,,,,,,,,,,,,,excluded,station: dsr_cor/usr_cor missing in the 3 overpass hours
KAN_M,2020,S2B_22WEV_20200719_0_L2A,2020-07-19 15:04:02.197000+00:00,2020-07-19,02.14,32.9778,,,,,,,,,,,,,,,,,,,excluded,station: dsr_cor/usr_cor missing in the 3 overpass hours
KAN_M,2020,S2A_22WEV_20200721_0_L2A,2020-07-21 14:54:08.885000+00:00,2020-07-21,02.14,6.20093,,,,,,,,,,,,,,,,,,,excluded,station: dsr_cor/usr_cor missing in the 3 overpass hours
KAN_M,2020,S2A_22WEV_20200721_1_L2A,2020-07-21 14:54:08.897000+00:00,2020-07-21,05.00,52.4388,,,,,,,,,,,,,,,,,,,excluded,station: dsr_cor/usr_cor missing in the 3 overpass hours
KAN_M,2020,S2B_22WEV_20200722_0_L2A,2020-07-22 15:14:00.519000+00:00,2020-07-22,02.14,1.03422,,,,,,,,,,,,,,,,,,,excluded,station: dsr_cor/usr_cor missing in the 3 overpass hours
KAN_M,2020,S2B_22WEV_20200722_1_L2A,2020-07-22 15:14:00.520000+00:00,2020-07-22,05.00,0.921271,,,,,,,,,,,,,,,,,,,excluded,station: dsr_cor/usr_cor missing in the 3 overpass hours
KAN_M,2020,S2A_22WEV_20200724_1_L2A,2020-07-24 15:04:06.043000+00:00,2020-07-24,05.00,99.9817,,,,,,,,,,,,,,,,,,,excluded,station: dsr_cor/usr_cor missing in the 3 overpass hours
KAN_M,2020,S2A_22WEV_20200724_0_L2A,2020-07-24 15:04:06.043000+00:00,2020-07-24,02.14,79.1335,,,,,,,,,,,,,,,,,,,excluded,station: dsr_cor/usr_cor missing in the 3 overpass hours
KAN_M,2020,S2B_22WEV_20200726_0_L2A,2020-07-26 14:54:06.112000+00:00,2020-07-26,02.14,96.638,,,,,,,,,,,,,,,,,,,excluded,station: dsr_cor/usr_cor missing in the 3 overpass hours
KAN_M,2020,S2B_22WEV_20200726_1_L2A,2020-07-26 14:54:06.124000+00:00,2020-07-26,05.00,99.9991,,,,,,,,,,,,,,,,,,,excluded,station: dsr_cor/usr_cor missing in the 3 overpass hours
KAN_M,2020,S2A_22WEV_20200727_0_L2A,2020-07-27 15:14:04.150000+00:00,2020-07-27,02.14,95.1208,,,,,,,,,,,,,,,,,,,excluded,station: dsr_cor/usr_cor missing in the 3 overpass hours
KAN_M,2020,S2A_22WEV_20200727_1_L2A,2020-07-27 15:14:04.151000+00:00,2020-07-27,05.00,99.9782,,,,,,,,,,,,,,,,,,,excluded,station: dsr_cor/usr_cor missing in the 3 overpass hours
KAN_M,2020,S2B_22WEV_20200729_1_L2A,2020-07-29 15:04:03.246000+00:00,2020-07-29,05.00,19.4559,,,,,,,,,,,,,,,,,,,excluded,station: dsr_cor/usr_cor missing in the 3 overpass hours
KAN_M,2020,S2B_22WEV_20200729_0_L2A,2020-07-29 15:04:03.248000+00:00,2020-07-29,02.14,14.097,,,,,,,,,,,,,,,,,,,excluded,station: dsr_cor/usr_cor missing in the 3 overpass hours
KAN_M,2020,S2A_22WEV_20200731_0_L2A,2020-07-31 14:54:09.427000+00:00,2020-07-31,02.14,84.5868,,,,,,,,,,,,,,,,,,,excluded,station: dsr_cor/usr_cor missing in the 3 overpass hours
KAN_M,2020,S2A_22WEV_20200731_1_L2A,2020-07-31 14:54:09.439000+00:00,2020-07-31,05.00,99.7335,,,,,,,,,,,,,,,,,,,excluded,station: dsr_cor/usr_cor missing in the 3 overpass hours
KAN_M,2020,S2B_22WEV_20200801_0_L2A,2020-08-01 15:14:01.442000+00:00,2020-08-01,02.14,88.0087,,,,,,,,,,,,,,,,,,,excluded,station: dsr_cor/usr_cor missing in the 3 overpass hours
KAN_M,2020,S2B_22WEV_20200801_1_L2A,2020-08-01 15:14:01.443000+00:00,2020-08-01,05.00,99.8431,,,,,,,,,,,,,,,,,,,excluded,station: dsr_cor/usr_cor missing in the 3 overpass hours
KAN_M,2020,S2A_22WEV_20200803_0_L2A,2020-08-03 15:04:06.510000+00:00,2020-08-03,02.14,29.5338,,,,,,,,,,,,,,,,,,,excluded,station: dsr_cor/usr_cor missing in the 3 overpass hours
KAN_M,2020,S2A_22WEV_20200803_1_L2A,2020-08-03 15:04:06.511000+00:00,2020-08-03,05.00,57.8417,,,,,,,,,,,,,,,,,,,excluded,station: dsr_cor/usr_cor missing in the 3 overpass hours
KAN_M,2020,S2B_22WEV_20200805_1_L2A,2020-08-05 14:54:07.352000+00:00,2020-08-05,02.14,4.12277,,,,,,,,,,,,,,,,,,,excluded,station: dsr_cor/usr_cor missing in the 3 overpass hours
KAN_M,2020,S2B_22WEV_20200805_3_L2A,2020-08-05 14:54:07.356000+00:00,2020-08-05,05.00,16.3425,,,,,,,,,,,,,,,,,,,excluded,station: dsr_cor/usr_cor missing in the 3 overpass hours
KAN_M,2020,S2A_22WEV_20200806_1_L2A,2020-08-06 15:14:04.500000+00:00,2020-08-06,05.00,98.3167,,,,,,,,,,,,,,,,,,,excluded,station: dsr_cor/usr_cor missing in the 3 overpass hours
KAN_M,2020,S2A_22WEV_20200806_0_L2A,2020-08-06 15:14:04.500000+00:00,2020-08-06,02.14,65.0118,,,,,,,,,,,,,,,,,,,excluded,station: dsr_cor/usr_cor missing in the 3 overpass hours
KAN_M,2020,S2B_22WEV_20200808_0_L2A,2020-08-08 15:04:03.911000+00:00,2020-08-08,02.14,96.8477,,,,,,,,,,,,,,,,,,,excluded,station: dsr_cor/usr_cor missing in the 3 overpass hours
KAN_M,2020,S2B_22WEV_20200808_1_L2A,2020-08-08 15:04:03.912000+00:00,2020-08-08,05.00,98.0944,,,,,,,,,,,,,,,,,,,excluded,station: dsr_cor/usr_cor missing in the 3 overpass hours
KAN_M,2020,S2A_22WEV_20200810_0_L2A,2020-08-10 14:54:09.562000+00:00,2020-08-10,02.14,26.9926,,,,,,,,,,,,,,,,,,,excluded,station: dsr_cor/usr_cor missing in the 3 overpass hours
KAN_M,2020,S2A_22WEV_20200810_1_L2A,2020-08-10 14:54:09.576000+00:00,2020-08-10,05.00,83.2878,,,,,,,,,,,,,,,,,,,excluded,station: dsr_cor/usr_cor missing in the 3 overpass hours
KAN_M,2020,S2B_22WEV_20200811_0_L2A,2020-08-11 15:14:01.941000+00:00,2020-08-11,02.14,11.9113,,,,,,,,,,,,,,,,,,,excluded,station: dsr_cor/usr_cor missing in the 3 overpass hours
KAN_M,2020,S2B_22WEV_20200811_1_L2A,2020-08-11 15:14:01.942000+00:00,2020-08-11,05.00,34.3023,,,,,,,,,,,,,,,,,,,excluded,station: dsr_cor/usr_cor missing in the 3 overpass hours
KAN_M,2020,S2A_22WEV_20200813_0_L2A,2020-08-13 15:04:06.502000+00:00,2020-08-13,02.14,11.7923,,,,,,,,,,,,,,,,,,,excluded,station: dsr_cor/usr_cor missing in the 3 overpass hours
KAN_M,2020,S2A_22WEV_20200813_1_L2A,2020-08-13 15:04:06.503000+00:00,2020-08-13,05.00,30.5873,,,,,,,,,,,,,,,,,,,excluded,station: dsr_cor/usr_cor missing in the 3 overpass hours
KAN_M,2020,S2B_22WEV_20200815_0_L2A,2020-08-15 14:54:07.158000+00:00,2020-08-15,02.14,1.14528,"13,14,15",750.311,243.571,0.675373,0.0424333,67.0676,-48.8446,53.289,"[11, 11, 11, 11, 11, 11, 11, 11, 11]",0.9128,0.8964,0.8952,0.8592,0.00528291,0.00654964,0.00520351,0.00398306,"{""B2"": {""scale"": 0.0001, ""offset"": 0.0, ""source"": ""recorded (baseline < 04.00)""}, ""B3"": {""scale"": 0.0001, ""offset"": 0.0, ""source"": ""recorded (baseline < 04.00)""}, ""B4"": {""scale"": 0.0001, ""offset"": 0.0, ""source"": ""recorded (baseline < 04.00)""}, ""B8"": {""scale"": 0.0001, ""offset"": 0.0, ""source"": ""recorded (baseline < 04.00)""}}",valid,
KAN_M,2020,S2B_22WEV_20200815_1_L2A,2020-08-15 14:54:07.171000+00:00,2020-08-15,05.00,3.79552,"13,14,15",750.311,243.571,0.675373,0.0424333,67.0676,-48.8446,,,,,,,,,,,,excluded,station-day already has an acquisition
KAN_M,2020,S2A_22WEV_20200816_0_L2A,2020-08-16 15:14:04.371000+00:00,2020-08-16,02.14,0.461727,"14,15,16",672.698,161.926,0.759288,0.0912,67.0676,-48.8446,,,,,,,,,,,,excluded,"read failed: RasterioIOError: '/vsis3/sentinel-s2-l2a/tiles/22/W/EV/2020/8/16/0/R10m/B02.jp2' does not exist in the file system, and is not recognized as a supported dataset name."
KAN_M,2020,S2A_22WEV_20200816_1_L2A,2020-08-16 15:14:04.372000+00:00,2020-08-16,05.00,0.363244,"14,15,16",672.698,161.926,0.759288,0.0912,67.0676,-48.8446,53.4444,"[11, 11, 11, 11, 11, 11, 11, 11, 11]",0.8346,0.831,0.8266,0.7738,0.00756959,0.00780186,0.00744938,0.00517688,"{""B2"": {""scale"": 0.0001, ""offset"": -0.1, ""source"": ""recorded (boa_offset_applied)""}, ""B3"": {""scale"": 0.0001, ""offset"": -0.1, ""source"": ""recorded (boa_offset_applied)""}, ""B4"": {""scale"": 0.0001, ""offset"": -0.1, ""source"": ""recorded (boa_offset_applied)""}, ""B8"": {""scale"": 0.0001, ""offset"": -0.1, ""source"": ""recorded (boa_offset_applied)""}}",valid,
KAN_M,2020,S2B_22WEV_20200818_1_L2A,2020-08-18 15:04:04.114000+00:00,2020-08-18,05.00,9.50733,"14,15,16",627.84,205.809,0.672194,0.288667,67.0676,-48.8446,54.1349,"[11, 11, 11, 11, 11, 11, 11, 11, 11]",0.7768,0.7582,0.7406,0.6296,0.0176446,0.0158252,0.0149868,0.0115658,"{""B2"": {""scale"": 0.0001, ""offset"": -0.1, ""source"": ""recorded (boa_offset_applied)""}, ""B3"": {""scale"": 0.0001, ""offset"": -0.1, ""source"": ""recorded (boa_offset_applied)""}, ""B4"": {""scale"": 0.0001, ""offset"": -0.1, ""source"": ""recorded (boa_offset_applied)""}, ""B8"": {""scale"": 0.0001, ""offset"": -0.1, ""source"": ""recorded (boa_offset_applied)""}}",valid,
KAN_M,2020,S2B_22WEV_20200818_0_L2A,2020-08-18 15:04:04.114000+00:00,2020-08-18,02.14,2.2079,"14,15,16",627.84,205.809,0.672194,0.288667,67.0676,-48.8446,,,,,,,,,,,,excluded,station-day already has an acquisition
KAN_M,2020,S2A_22WEV_20200820_0_L2A,2020-08-20 14:54:09.287000+00:00,2020-08-20,02.14,0,"13,14,15",660.943,309.144,0.532268,0.221,67.0676,-48.8446,54.8831,"[11, 11, 11, 11, 11, 11, 11, 11, 11]",0.7629,0.7476,0.7267,0.635,0.0455913,0.0442804,0.0436609,0.0399507,"{""B2"": {""scale"": 0.0001, ""offset"": 0.0, ""source"": ""recorded (baseline < 04.00)""}, ""B3"": {""scale"": 0.0001, ""offset"": 0.0, ""source"": ""recorded (baseline < 04.00)""}, ""B4"": {""scale"": 0.0001, ""offset"": 0.0, ""source"": ""recorded (baseline < 04.00)""}, ""B8"": {""scale"": 0.0001, ""offset"": 0.0, ""source"": ""recorded (baseline < 04.00)""}}",valid,
KAN_M,2020,S2A_22WEV_20200820_1_L2A,2020-08-20 14:54:09.300000+00:00,2020-08-20,05.00,1.80476,"13,14,15",660.943,309.144,0.532268,0.221,67.0676,-48.8446,,,,,,,,,,,,excluded,station-day already has an acquisition
KAN_M,2020,S2B_22WEV_20200821_0_L2A,2020-08-21 15:14:02.037000+00:00,2020-08-21,02.14,2.15395,"14,15,16",633.288,298.605,0.528485,0.1439,67.0676,-48.8446,55.0698,"[11, 11, 11, 11, 11, 11, 11, 11, 11]",0.6558,0.6446,0.6302,0.5513,0.0481831,0.0497877,0.0449544,0.0392016,"{""B2"": {""scale"": 0.0001, ""offset"": 0.0, ""source"": ""recorded (baseline < 04.00)""}, ""B3"": {""scale"": 0.0001, ""offset"": 0.0, ""source"": ""recorded (baseline < 04.00)""}, ""B4"": {""scale"": 0.0001, ""offset"": 0.0, ""source"": ""recorded (baseline < 04.00)""}, ""B8"": {""scale"": 0.0001, ""offset"": 0.0, ""source"": ""recorded (baseline < 04.00)""}}",valid,
KAN_M,2020,S2B_22WEV_20200821_1_L2A,2020-08-21 15:14:02.039000+00:00,2020-08-21,05.00,2.28515,"14,15,16",633.288,298.605,0.528485,0.1439,67.0676,-48.8446,,,,,,,,,,,,excluded,station-day already has an acquisition
KAN_M,2020,S2A_22WEV_20200823_1_L2A,2020-08-23 15:04:06.111000+00:00,2020-08-23,05.00,0.128183,"14,15,16",629.161,308.542,0.509597,0.105667,67.0676,-48.8446,55.7856,"[11, 11, 11, 11, 11, 11, 11, 11, 11]",0.5878,0.5691,0.5601,0.4918,0.0474706,0.0458551,0.0432421,0.0371569,"{""B2"": {""scale"": 0.0001, ""offset"": -0.1, ""source"": ""recorded (boa_offset_applied)""}, ""B3"": {""scale"": 0.0001, ""offset"": -0.1, ""source"": ""recorded (boa_offset_applied)""}, ""B4"": {""scale"": 0.0001, ""offset"": -0.1, ""source"": ""recorded (boa_offset_applied)""}, ""B8"": {""scale"": 0.0001, ""offset"": -0.1, ""source"": ""recorded (boa_offset_applied)""}}",valid,
KAN_M,2020,S2A_22WEV_20200823_0_L2A,2020-08-23 15:04:06.111000+00:00,2020-08-23,02.14,0.421995,"14,15,16",629.161,308.542,0.509597,0.105667,67.0676,-48.8446,,,,,,,,,,,,excluded,station-day already has an acquisition
KAN_M,2020,S2B_22WEV_20200825_0_L2A,2020-08-25 14:54:07.035000+00:00,2020-08-25,02.14,0.007123,"13,14,15",643.311,356.308,0.446134,0.127467,67.0676,-48.8446,56.5569,"[11, 11, 11, 11, 11, 11, 11, 11, 11]",0.6617,0.6542,0.6396,0.5754,0.0490031,0.0465211,0.0410899,0.0318489,"{""B2"": {""scale"": 0.0001, ""offset"": 0.0, ""source"": ""recorded (baseline < 04.00)""}, ""B3"": {""scale"": 0.0001, ""offset"": 0.0, ""source"": ""recorded (baseline < 04.00)""}, ""B4"": {""scale"": 0.0001, ""offset"": 0.0, ""source"": ""recorded (baseline < 04.00)""}, ""B8"": {""scale"": 0.0001, ""offset"": 0.0, ""source"": ""recorded (baseline < 04.00)""}}",valid,
KAN_M,2020,S2B_22WEV_20200825_1_L2A,2020-08-25 14:54:07.048000+00:00,2020-08-25,05.00,7.09037,"13,14,15",643.311,356.308,0.446134,0.127467,67.0676,-48.8446,,,,,,,,,,,,excluded,station-day already has an acquisition
KAN_M,2020,S2A_22WEV_20200826_2_L2A,2020-08-26 15:14:02.201000+00:00,2020-08-26,05.00,20.309,"14,15,16",631.648,302.49,0.521109,0.0471667,67.0676,-48.8446,56.7737,"[11, 11, 11, 11, 11, 11, 11, 11, 11]",0.5992,0.5892,0.5836,0.5355,0.0393906,0.0356182,0.0314995,0.0268278,"{""B2"": {""scale"": 0.0001, ""offset"": -0.1, ""source"": ""recorded (boa_offset_applied)""}, ""B3"": {""scale"": 0.0001, ""offset"": -0.1, ""source"": ""recorded (boa_offset_applied)""}, ""B4"": {""scale"": 0.0001, ""offset"": -0.1, ""source"": ""recorded (boa_offset_applied)""}, ""B8"": {""scale"": 0.0001, ""offset"": -0.1, ""source"": ""recorded (boa_offset_applied)""}}",valid,
KAN_M,2020,S2A_22WEV_20200826_0_L2A,2020-08-26 15:14:02.205000+00:00,2020-08-26,02.14,15.6855,"14,15,16",631.648,302.49,0.521109,0.0471667,67.0676,-48.8446,,,,,,,,,,,,excluded,station-day already has an acquisition
KAN_M,2020,S2B_22WEV_20200828_1_L2A,2020-08-28 15:04:03.878000+00:00,2020-08-28,05.00,62.4717,"14,15,16",453.609,217.7,0.520073,0.590033,67.0676,-48.8447,57.5103,"[8, 8, 8, 10, 10, 10, 10, 10, 10]",0.8948,0.804,0.7508,0.6722,0.00289536,0.00411621,0.00522597,0.00299184,"{""B2"": {""scale"": 0.0001, ""offset"": -0.1, ""source"": ""recorded (boa_offset_applied)""}, ""B3"": {""scale"": 0.0001, ""offset"": -0.1, ""source"": ""recorded (boa_offset_applied)""}, ""B4"": {""scale"": 0.0001, ""offset"": -0.1, ""source"": ""recorded (boa_offset_applied)""}, ""B8"": {""scale"": 0.0001, ""offset"": -0.1, ""source"": ""recorded (boa_offset_applied)""}}",excluded,SCL != 11 within 30 m
KAN_M,2020,S2B_22WEV_20200828_0_L2A,2020-08-28 15:04:03.879000+00:00,2020-08-28,02.14,35.9071,"14,15,16",453.609,217.7,0.520073,0.590033,67.0676,-48.8447,57.5103,"[8, 8, 8, 11, 11, 11, 11, 11, 11]",0.9732,0.9168,0.868,0.7974,0.00305068,0.00385285,0.00512288,0.00338527,"{""B2"": {""scale"": 0.0001, ""offset"": 0.0, ""source"": ""recorded (baseline < 04.00)""}, ""B3"": {""scale"": 0.0001, ""offset"": 0.0, ""source"": ""recorded (baseline < 04.00)""}, ""B4"": {""scale"": 0.0001, ""offset"": 0.0, ""source"": ""recorded (baseline < 04.00)""}, ""B8"": {""scale"": 0.0001, ""offset"": 0.0, ""source"": ""recorded (baseline < 04.00)""}}",excluded,SCL != 11 within 30 m
KAN_M,2020,S2A_22WEV_20200830_0_L2A,2020-08-30 14:54:08.565000+00:00,2020-08-30,02.14,3.19618,,,,,,,,,,,,,,,,,,,excluded,station: snow_height >= 0.02 m or missing
KAN_M,2020,S2A_22WEV_20200830_1_L2A,2020-08-30 14:54:08.577000+00:00,2020-08-30,05.00,34.2338,,,,,,,,,,,,,,,,,,,excluded,station: snow_height >= 0.02 m or missing
KAN_M,2020,S2B_22WEV_20200831_0_L2A,2020-08-31 15:14:01.688000+00:00,2020-08-31,02.14,45.1447,,,,,,,,,,,,,,,,,,,excluded,station: snow_height >= 0.02 m or missing
KAN_M,2020,S2B_22WEV_20200831_1_L2A,2020-08-31 15:14:01.690000+00:00,2020-08-31,05.00,57.2104,,,,,,,,,,,,,,,,,,,excluded,station: snow_height >= 0.02 m or missing
KAN_M,2021,S2B_22WEV_20210601_0_L2A,2021-06-01 14:54:04.456000+00:00,2021-06-01,03.00,0.000215,,,,,,,,,,,,,,,,,,,excluded,station: dsr_cor/usr_cor missing in the 3 overpass hours
KAN_M,2021,S2B_22WEV_20210601_1_L2A,2021-06-01 14:54:04.468000+00:00,2021-06-01,05.00,6.88087,,,,,,,,,,,,,,,,,,,excluded,station: dsr_cor/usr_cor missing in the 3 overpass hours
KAN_M,2021,S2A_22WEV_20210602_1_L2A,2021-06-02 15:13:59.360000+00:00,2021-06-02,05.00,44.8895,,,,,,,,,,,,,,,,,,,excluded,station: dsr_cor/usr_cor missing in the 3 overpass hours
KAN_M,2021,S2A_22WEV_20210602_0_L2A,2021-06-02 15:13:59.360000+00:00,2021-06-02,03.00,1.09086,,,,,,,,,,,,,,,,,,,excluded,station: dsr_cor/usr_cor missing in the 3 overpass hours
KAN_M,2021,S2B_22WEV_20210604_1_L2A,2021-06-04 15:04:01.553000+00:00,2021-06-04,05.00,2.01393,,,,,,,,,,,,,,,,,,,excluded,station: dsr_cor/usr_cor missing in the 3 overpass hours
KAN_M,2021,S2B_22WEV_20210604_0_L2A,2021-06-04 15:04:01.554000+00:00,2021-06-04,03.00,1.29475,,,,,,,,,,,,,,,,,,,excluded,station: dsr_cor/usr_cor missing in the 3 overpass hours
KAN_M,2021,S2A_22WEV_20210606_0_L2A,2021-06-06 14:54:04.448000+00:00,2021-06-06,03.00,0,,,,,,,,,,,,,,,,,,,excluded,station: dsr_cor/usr_cor missing in the 3 overpass hours
KAN_M,2021,S2A_22WEV_20210606_1_L2A,2021-06-06 14:54:04.460000+00:00,2021-06-06,05.00,8.90116,,,,,,,,,,,,,,,,,,,excluded,station: dsr_cor/usr_cor missing in the 3 overpass hours
KAN_M,2021,S2B_22WEV_20210607_2_L2A,2021-06-07 15:13:56.332000+00:00,2021-06-07,05.00,9.19896,,,,,,,,,,,,,,,,,,,excluded,station: dsr_cor/usr_cor missing in the 3 overpass hours
KAN_M,2021,S2B_22WEV_20210607_0_L2A,2021-06-07 15:13:56.333000+00:00,2021-06-07,03.00,2.47372,,,,,,,,,,,,,,,,,,,excluded,station: dsr_cor/usr_cor missing in the 3 overpass hours
KAN_M,2021,S2A_22WEV_20210609_1_L2A,2021-06-09 15:04:01.274000+00:00,2021-06-09,05.00,28.5551,,,,,,,,,,,,,,,,,,,excluded,station: dsr_cor/usr_cor missing in the 3 overpass hours
KAN_M,2021,S2A_22WEV_20210609_0_L2A,2021-06-09 15:04:01.275000+00:00,2021-06-09,03.00,10.7978,,,,,,,,,,,,,,,,,,,excluded,station: dsr_cor/usr_cor missing in the 3 overpass hours
KAN_M,2021,S2B_22WEV_20210611_0_L2A,2021-06-11 14:54:04.696000+00:00,2021-06-11,03.00,82.1772,,,,,,,,,,,,,,,,,,,excluded,station: dsr_cor/usr_cor missing in the 3 overpass hours
KAN_M,2021,S2B_22WEV_20210611_1_L2A,2021-06-11 14:54:04.709000+00:00,2021-06-11,05.00,99.7323,,,,,,,,,,,,,,,,,,,excluded,station: dsr_cor/usr_cor missing in the 3 overpass hours
KAN_M,2021,S2A_22WEV_20210612_1_L2A,2021-06-12 15:13:59.066000+00:00,2021-06-12,05.00,89.7519,,,,,,,,,,,,,,,,,,,excluded,station: dsr_cor/usr_cor missing in the 3 overpass hours
KAN_M,2021,S2A_22WEV_20210612_0_L2A,2021-06-12 15:13:59.066000+00:00,2021-06-12,03.00,57.5358,,,,,,,,,,,,,,,,,,,excluded,station: dsr_cor/usr_cor missing in the 3 overpass hours
KAN_M,2021,S2B_22WEV_20210614_1_L2A,2021-06-14 15:04:01.615000+00:00,2021-06-14,05.00,23.172,,,,,,,,,,,,,,,,,,,excluded,station: dsr_cor/usr_cor missing in the 3 overpass hours
KAN_M,2021,S2B_22WEV_20210614_0_L2A,2021-06-14 15:04:01.616000+00:00,2021-06-14,03.00,5.60362,,,,,,,,,,,,,,,,,,,excluded,station: dsr_cor/usr_cor missing in the 3 overpass hours
KAN_M,2021,S2A_22WEV_20210616_0_L2A,2021-06-16 14:54:03.910000+00:00,2021-06-16,03.00,30.5924,,,,,,,,,,,,,,,,,,,excluded,station: dsr_cor/usr_cor missing in the 3 overpass hours
KAN_M,2021,S2A_22WEV_20210616_1_L2A,2021-06-16 14:54:03.923000+00:00,2021-06-16,05.00,72.9175,,,,,,,,,,,,,,,,,,,excluded,station: dsr_cor/usr_cor missing in the 3 overpass hours
KAN_M,2021,S2B_22WEV_20210617_0_L2A,2021-06-17 15:13:59.437000+00:00,2021-06-17,03.00,43.0128,,,,,,,,,,,,,,,,,,,excluded,station: dsr_cor/usr_cor missing in the 3 overpass hours
KAN_M,2021,S2B_22WEV_20210617_1_L2A,2021-06-17 15:13:59.438000+00:00,2021-06-17,05.00,78.878,,,,,,,,,,,,,,,,,,,excluded,station: dsr_cor/usr_cor missing in the 3 overpass hours
KAN_M,2021,S2A_22WEV_20210619_1_L2A,2021-06-19 15:04:01.063000+00:00,2021-06-19,05.00,81.0369,,,,,,,,,,,,,,,,,,,excluded,station: dsr_cor/usr_cor missing in the 3 overpass hours
KAN_M,2021,S2A_22WEV_20210619_0_L2A,2021-06-19 15:04:01.063000+00:00,2021-06-19,03.00,62.1416,,,,,,,,,,,,,,,,,,,excluded,station: dsr_cor/usr_cor missing in the 3 overpass hours
KAN_M,2021,S2B_22WEV_20210621_0_L2A,2021-06-21 14:54:04.335000+00:00,2021-06-21,03.00,0.017531,,,,,,,,,,,,,,,,,,,excluded,station: dsr_cor/usr_cor missing in the 3 overpass hours
KAN_M,2021,S2B_22WEV_20210621_1_L2A,2021-06-21 14:54:04.349000+00:00,2021-06-21,05.00,13.234,,,,,,,,,,,,,,,,,,,excluded,station: dsr_cor/usr_cor missing in the 3 overpass hours
KAN_M,2021,S2A_22WEV_20210622_1_L2A,2021-06-22 15:13:59.487000+00:00,2021-06-22,05.00,19.1484,,,,,,,,,,,,,,,,,,,excluded,station: dsr_cor/usr_cor missing in the 3 overpass hours
KAN_M,2021,S2A_22WEV_20210622_0_L2A,2021-06-22 15:13:59.487000+00:00,2021-06-22,03.00,0.839586,,,,,,,,,,,,,,,,,,,excluded,station: dsr_cor/usr_cor missing in the 3 overpass hours
KAN_M,2021,S2B_22WEV_20210624_1_L2A,2021-06-24 15:04:01.058000+00:00,2021-06-24,05.00,85.3081,,,,,,,,,,,,,,,,,,,excluded,station: dsr_cor/usr_cor missing in the 3 overpass hours
KAN_M,2021,S2B_22WEV_20210624_0_L2A,2021-06-24 15:04:01.059000+00:00,2021-06-24,03.00,67.4396,,,,,,,,,,,,,,,,,,,excluded,station: dsr_cor/usr_cor missing in the 3 overpass hours
KAN_M,2021,S2A_22WEV_20210626_0_L2A,2021-06-26 14:54:05.191000+00:00,2021-06-26,03.00,83.0063,,,,,,,,,,,,,,,,,,,excluded,station: dsr_cor/usr_cor missing in the 3 overpass hours
KAN_M,2021,S2A_22WEV_20210626_1_L2A,2021-06-26 14:54:05.203000+00:00,2021-06-26,05.00,99.8747,,,,,,,,,,,,,,,,,,,excluded,station: dsr_cor/usr_cor missing in the 3 overpass hours
KAN_M,2021,S2B_22WEV_20210627_1_L2A,2021-06-27 15:13:59.363000+00:00,2021-06-27,05.00,97.6398,,,,,,,,,,,,,,,,,,,excluded,station: dsr_cor/usr_cor missing in the 3 overpass hours
KAN_M,2021,S2B_22WEV_20210627_0_L2A,2021-06-27 15:13:59.363000+00:00,2021-06-27,03.00,85.8727,,,,,,,,,,,,,,,,,,,excluded,station: dsr_cor/usr_cor missing in the 3 overpass hours
KAN_M,2021,S2A_22WEV_20210629_1_L2A,2021-06-29 15:04:02.410000+00:00,2021-06-29,05.00,85.0218,,,,,,,,,,,,,,,,,,,excluded,station: dsr_cor/usr_cor missing in the 3 overpass hours
KAN_M,2021,S2A_22WEV_20210629_0_L2A,2021-06-29 15:04:02.410000+00:00,2021-06-29,03.00,45.7635,,,,,,,,,,,,,,,,,,,excluded,station: dsr_cor/usr_cor missing in the 3 overpass hours
KAN_M,2021,S2B_22WEV_20210701_0_L2A,2021-07-01 14:54:04.877000+00:00,2021-07-01,03.01,0.013901,,,,,,,,,,,,,,,,,,,excluded,station: dsr_cor/usr_cor missing in the 3 overpass hours
KAN_M,2021,S2B_22WEV_20210701_2_L2A,2021-07-01 14:54:04.890000+00:00,2021-07-01,05.00,0.078935,,,,,,,,,,,,,,,,,,,excluded,station: dsr_cor/usr_cor missing in the 3 overpass hours
KAN_M,2021,S2B_22WEV_20210701_1_L2A,2021-07-01 14:54:04.890000+00:00,2021-07-01,05.00,0.078935,,,,,,,,,,,,,,,,,,,excluded,station: dsr_cor/usr_cor missing in the 3 overpass hours
KAN_M,2021,S2A_22WEV_20210702_1_L2A,2021-07-02 15:14:00.708000+00:00,2021-07-02,05.00,0.192395,,,,,,,,,,,,,,,,,,,excluded,station: dsr_cor/usr_cor missing in the 3 overpass hours
KAN_M,2021,S2A_22WEV_20210702_0_L2A,2021-07-02 15:14:00.708000+00:00,2021-07-02,03.01,0.666996,,,,,,,,,,,,,,,,,,,excluded,station: dsr_cor/usr_cor missing in the 3 overpass hours
KAN_M,2021,S2B_22WEV_20210704_1_L2A,2021-07-04 15:04:02.099000+00:00,2021-07-04,05.00,99.9888,,,,,,,,,,,,,,,,,,,excluded,station: dsr_cor/usr_cor missing in the 3 overpass hours
KAN_M,2021,S2B_22WEV_20210704_0_L2A,2021-07-04 15:04:02.101000+00:00,2021-07-04,03.01,92.2415,,,,,,,,,,,,,,,,,,,excluded,station: dsr_cor/usr_cor missing in the 3 overpass hours
KAN_M,2021,S2A_22WEV_20210706_0_L2A,2021-07-06 14:54:06.249000+00:00,2021-07-06,03.01,55.7155,,,,,,,,,,,,,,,,,,,excluded,station: dsr_cor/usr_cor missing in the 3 overpass hours
KAN_M,2021,S2A_22WEV_20210706_1_L2A,2021-07-06 14:54:06.261000+00:00,2021-07-06,05.00,91.0645,,,,,,,,,,,,,,,,,,,excluded,station: dsr_cor/usr_cor missing in the 3 overpass hours
KAN_M,2021,S2B_22WEV_20210707_0_L2A,2021-07-07 15:14:00.263000+00:00,2021-07-07,03.01,57.5825,,,,,,,,,,,,,,,,,,,excluded,station: dsr_cor/usr_cor missing in the 3 overpass hours
KAN_M,2021,S2B_22WEV_20210707_1_L2A,2021-07-07 15:14:00.264000+00:00,2021-07-07,05.00,91.9307,,,,,,,,,,,,,,,,,,,excluded,station: dsr_cor/usr_cor missing in the 3 overpass hours
KAN_M,2021,S2A_22WEV_20210709_1_L2A,2021-07-09 15:04:03.444000+00:00,2021-07-09,05.00,32.4705,,,,,,,,,,,,,,,,,,,excluded,station: dsr_cor/usr_cor missing in the 3 overpass hours
KAN_M,2021,S2A_22WEV_20210709_0_L2A,2021-07-09 15:04:03.445000+00:00,2021-07-09,03.01,0.48367,,,,,,,,,,,,,,,,,,,excluded,station: dsr_cor/usr_cor missing in the 3 overpass hours
KAN_M,2021,S2B_22WEV_20210711_0_L2A,2021-07-11 14:54:05.577000+00:00,2021-07-11,03.01,4.9581,,,,,,,,,,,,,,,,,,,excluded,station: dsr_cor/usr_cor missing in the 3 overpass hours
KAN_M,2021,S2B_22WEV_20210711_1_L2A,2021-07-11 14:54:05.590000+00:00,2021-07-11,05.00,41.1567,,,,,,,,,,,,,,,,,,,excluded,station: dsr_cor/usr_cor missing in the 3 overpass hours
KAN_M,2021,S2A_22WEV_20210712_1_L2A,2021-07-12 15:14:01.588000+00:00,2021-07-12,05.00,25.2109,,,,,,,,,,,,,,,,,,,excluded,station: dsr_cor/usr_cor missing in the 3 overpass hours
KAN_M,2021,S2A_22WEV_20210712_0_L2A,2021-07-12 15:14:01.588000+00:00,2021-07-12,03.01,4.08039,,,,,,,,,,,,,,,,,,,excluded,station: dsr_cor/usr_cor missing in the 3 overpass hours
KAN_M,2021,S2B_22WEV_20210714_1_L2A,2021-07-14 15:04:02.642000+00:00,2021-07-14,05.00,99.9455,,,,,,,,,,,,,,,,,,,excluded,station: dsr_cor/usr_cor missing in the 3 overpass hours
KAN_M,2021,S2B_22WEV_20210714_0_L2A,2021-07-14 15:04:02.643000+00:00,2021-07-14,03.01,88.27,,,,,,,,,,,,,,,,,,,excluded,station: dsr_cor/usr_cor missing in the 3 overpass hours
KAN_M,2021,S2A_22WEV_20210716_0_L2A,2021-07-16 14:54:06.867000+00:00,2021-07-16,03.01,0.000286,,,,,,,,,,,,,,,,,,,excluded,station: dsr_cor/usr_cor missing in the 3 overpass hours
KAN_M,2021,S2A_22WEV_20210716_1_L2A,2021-07-16 14:54:06.880000+00:00,2021-07-16,05.00,1.09656,,,,,,,,,,,,,,,,,,,excluded,station: dsr_cor/usr_cor missing in the 3 overpass hours
KAN_M,2021,S2B_22WEV_20210717_1_L2A,2021-07-17 15:14:00.612000+00:00,2021-07-17,05.00,66.4775,,,,,,,,,,,,,,,,,,,excluded,station: dsr_cor/usr_cor missing in the 3 overpass hours
KAN_M,2021,S2B_22WEV_20210717_0_L2A,2021-07-17 15:14:00.612000+00:00,2021-07-17,03.01,49.582,,,,,,,,,,,,,,,,,,,excluded,station: dsr_cor/usr_cor missing in the 3 overpass hours
KAN_M,2021,S2A_22WEV_20210719_1_L2A,2021-07-19 15:04:03.929000+00:00,2021-07-19,05.00,98.1829,,,,,,,,,,,,,,,,,,,excluded,station: dsr_cor/usr_cor missing in the 3 overpass hours
KAN_M,2021,S2A_22WEV_20210719_0_L2A,2021-07-19 15:04:03.929000+00:00,2021-07-19,03.01,89.1075,,,,,,,,,,,,,,,,,,,excluded,station: dsr_cor/usr_cor missing in the 3 overpass hours
KAN_M,2021,S2B_22WEV_20210721_0_L2A,2021-07-21 14:54:05.701000+00:00,2021-07-21,03.01,0,,,,,,,,,,,,,,,,,,,excluded,station: dsr_cor/usr_cor missing in the 3 overpass hours
KAN_M,2021,S2B_22WEV_20210721_1_L2A,2021-07-21 14:54:05.714000+00:00,2021-07-21,05.00,0.19548,,,,,,,,,,,,,,,,,,,excluded,station: dsr_cor/usr_cor missing in the 3 overpass hours
KAN_M,2021,S2A_22WEV_20210722_1_L2A,2021-07-22 15:14:01.923000+00:00,2021-07-22,05.00,81.4766,,,,,,,,,,,,,,,,,,,excluded,station: dsr_cor/usr_cor missing in the 3 overpass hours
KAN_M,2021,S2A_22WEV_20210722_0_L2A,2021-07-22 15:14:01.923000+00:00,2021-07-22,03.01,64.7511,,,,,,,,,,,,,,,,,,,excluded,station: dsr_cor/usr_cor missing in the 3 overpass hours
KAN_M,2021,S2B_22WEV_20210724_1_L2A,2021-07-24 15:04:02.630000+00:00,2021-07-24,05.00,89.4655,,,,,,,,,,,,,,,,,,,excluded,station: dsr_cor/usr_cor missing in the 3 overpass hours
KAN_M,2021,S2B_22WEV_20210724_0_L2A,2021-07-24 15:04:02.631000+00:00,2021-07-24,03.01,49.8924,,,,,,,,,,,,,,,,,,,excluded,station: dsr_cor/usr_cor missing in the 3 overpass hours
KAN_M,2021,S2A_22WEV_20210726_0_L2A,2021-07-26 14:54:07.014000+00:00,2021-07-26,03.01,99.5654,,,,,,,,,,,,,,,,,,,excluded,station: dsr_cor/usr_cor missing in the 3 overpass hours
KAN_M,2021,S2A_22WEV_20210726_1_L2A,2021-07-26 14:54:07.027000+00:00,2021-07-26,05.00,100,,,,,,,,,,,,,,,,,,,excluded,station: dsr_cor/usr_cor missing in the 3 overpass hours
KAN_M,2021,S2B_22WEV_20210727_1_L2A,2021-07-27 15:14:00.448000+00:00,2021-07-27,05.00,65.1973,,,,,,,,,,,,,,,,,,,excluded,station: dsr_cor/usr_cor missing in the 3 overpass hours
KAN_M,2021,S2B_22WEV_20210727_0_L2A,2021-07-27 15:14:00.448000+00:00,2021-07-27,03.01,61.0904,,,,,,,,,,,,,,,,,,,excluded,station: dsr_cor/usr_cor missing in the 3 overpass hours
KAN_M,2021,S2A_22WEV_20210729_1_L2A,2021-07-29 15:04:03.897000+00:00,2021-07-29,05.00,8.20154,,,,,,,,,,,,,,,,,,,excluded,station: dsr_cor/usr_cor missing in the 3 overpass hours
KAN_M,2021,S2A_22WEV_20210729_0_L2A,2021-07-29 15:04:03.897000+00:00,2021-07-29,03.01,4.65913,,,,,,,,,,,,,,,,,,,excluded,station: dsr_cor/usr_cor missing in the 3 overpass hours
KAN_M,2021,S2B_22WEV_20210731_0_L2A,2021-07-31 14:54:05.271000+00:00,2021-07-31,03.01,0.014925,,,,,,,,,,,,,,,,,,,excluded,station: dsr_cor/usr_cor missing in the 3 overpass hours
KAN_M,2021,S2B_22WEV_20210731_1_L2A,2021-07-31 14:54:05.283000+00:00,2021-07-31,05.00,1.90377,,,,,,,,,,,,,,,,,,,excluded,station: dsr_cor/usr_cor missing in the 3 overpass hours
KAN_M,2021,S2A_22WEV_20210801_1_L2A,2021-08-01 15:14:01.688000+00:00,2021-08-01,05.00,3.30443,,,,,,,,,,,,,,,,,,,excluded,station: dsr_cor/usr_cor missing in the 3 overpass hours
KAN_M,2021,S2A_22WEV_20210801_0_L2A,2021-08-01 15:14:01.688000+00:00,2021-08-01,03.01,1.81017,,,,,,,,,,,,,,,,,,,excluded,station: dsr_cor/usr_cor missing in the 3 overpass hours
KAN_M,2021,S2B_22WEV_20210803_2_L2A,2021-08-03 15:04:02.007000+00:00,2021-08-03,05.00,14.7328,,,,,,,,,,,,,,,,,,,excluded,station: dsr_cor/usr_cor missing in the 3 overpass hours
KAN_M,2021,S2B_22WEV_20210803_1_L2A,2021-08-03 15:04:02.007000+00:00,2021-08-03,05.00,14.7328,,,,,,,,,,,,,,,,,,,excluded,station: dsr_cor/usr_cor missing in the 3 overpass hours
KAN_M,2021,S2B_22WEV_20210803_0_L2A,2021-08-03 15:04:02.007000+00:00,2021-08-03,03.01,8.34292,,,,,,,,,,,,,,,,,,,excluded,station: dsr_cor/usr_cor missing in the 3 overpass hours
KAN_M,2021,S2A_22WEV_20210805_0_L2A,2021-08-05 14:54:06.565000+00:00,2021-08-05,03.01,88.268,,,,,,,,,,,,,,,,,,,excluded,station: dsr_cor/usr_cor missing in the 3 overpass hours
KAN_M,2021,S2A_22WEV_20210805_1_L2A,2021-08-05 14:54:06.578000+00:00,2021-08-05,05.00,97.4283,,,,,,,,,,,,,,,,,,,excluded,station: dsr_cor/usr_cor missing in the 3 overpass hours
KAN_M,2021,S2B_22WEV_20210806_1_L2A,2021-08-06 15:13:59.672000+00:00,2021-08-06,05.00,65.9276,,,,,,,,,,,,,,,,,,,excluded,station: dsr_cor/usr_cor missing in the 3 overpass hours
KAN_M,2021,S2B_22WEV_20210806_0_L2A,2021-08-06 15:13:59.672000+00:00,2021-08-06,03.01,52.578,,,,,,,,,,,,,,,,,,,excluded,station: dsr_cor/usr_cor missing in the 3 overpass hours
KAN_M,2021,S2A_22WEV_20210808_1_L2A,2021-08-08 15:04:03.283000+00:00,2021-08-08,05.00,81.9961,,,,,,,,,,,,,,,,,,,excluded,station: dsr_cor/usr_cor missing in the 3 overpass hours
KAN_M,2021,S2A_22WEV_20210808_0_L2A,2021-08-08 15:04:03.283000+00:00,2021-08-08,03.01,50.8212,,,,,,,,,,,,,,,,,,,excluded,station: dsr_cor/usr_cor missing in the 3 overpass hours
KAN_M,2021,S2B_22WEV_20210810_0_L2A,2021-08-10 14:54:04.326000+00:00,2021-08-10,03.01,93.4549,,,,,,,,,,,,,,,,,,,excluded,station: dsr_cor/usr_cor missing in the 3 overpass hours
KAN_M,2021,S2B_22WEV_20210810_1_L2A,2021-08-10 14:54:04.338000+00:00,2021-08-10,05.00,99.9633,,,,,,,,,,,,,,,,,,,excluded,station: dsr_cor/usr_cor missing in the 3 overpass hours
KAN_M,2021,S2A_22WEV_20210811_1_L2A,2021-08-11 15:14:01.109000+00:00,2021-08-11,05.00,66.54,,,,,,,,,,,,,,,,,,,excluded,station: dsr_cor/usr_cor missing in the 3 overpass hours
KAN_M,2021,S2A_22WEV_20210811_0_L2A,2021-08-11 15:14:01.109000+00:00,2021-08-11,03.01,39.7372,,,,,,,,,,,,,,,,,,,excluded,station: dsr_cor/usr_cor missing in the 3 overpass hours
KAN_M,2021,S2B_22WEV_20210813_1_L2A,2021-08-13 15:04:00.889000+00:00,2021-08-13,05.00,88.5283,,,,,,,,,,,,,,,,,,,excluded,station: dsr_cor/usr_cor missing in the 3 overpass hours
KAN_M,2021,S2B_22WEV_20210813_0_L2A,2021-08-13 15:04:00.890000+00:00,2021-08-13,03.01,64.5333,,,,,,,,,,,,,,,,,,,excluded,station: dsr_cor/usr_cor missing in the 3 overpass hours
KAN_M,2021,S2A_22WEV_20210815_0_L2A,2021-08-15 14:54:06.101000+00:00,2021-08-15,03.01,88.9584,,,,,,,,,,,,,,,,,,,excluded,station: dsr_cor/usr_cor missing in the 3 overpass hours
KAN_M,2021,S2A_22WEV_20210815_1_L2A,2021-08-15 14:54:06.114000+00:00,2021-08-15,05.00,97.9651,,,,,,,,,,,,,,,,,,,excluded,station: dsr_cor/usr_cor missing in the 3 overpass hours
KAN_M,2021,S2B_22WEV_20210816_0_L2A,2021-08-16 15:13:58.368000+00:00,2021-08-16,03.01,77.9207,,,,,,,,,,,,,,,,,,,excluded,station: dsr_cor/usr_cor missing in the 3 overpass hours
KAN_M,2021,S2B_22WEV_20210816_1_L2A,2021-08-16 15:13:58.369000+00:00,2021-08-16,05.00,90.9692,,,,,,,,,,,,,,,,,,,excluded,station: dsr_cor/usr_cor missing in the 3 overpass hours
KAN_M,2021,S2A_22WEV_20210818_1_L2A,2021-08-18 15:04:02.954000+00:00,2021-08-18,05.00,80.4865,,,,,,,,,,,,,,,,,,,excluded,station: dsr_cor/usr_cor missing in the 3 overpass hours
KAN_M,2021,S2A_22WEV_20210818_0_L2A,2021-08-18 15:04:02.954000+00:00,2021-08-18,03.01,56.6844,,,,,,,,,,,,,,,,,,,excluded,station: dsr_cor/usr_cor missing in the 3 overpass hours
KAN_M,2021,S2B_22WEV_20210820_0_L2A,2021-08-20 14:54:02.840000+00:00,2021-08-20,03.01,0.002277,,,,,,,,,,,,,,,,,,,excluded,station: dsr_cor/usr_cor missing in the 3 overpass hours
KAN_M,2021,S2B_22WEV_20210820_1_L2A,2021-08-20 14:54:02.853000+00:00,2021-08-20,05.00,0.199323,,,,,,,,,,,,,,,,,,,excluded,station: dsr_cor/usr_cor missing in the 3 overpass hours
KAN_M,2021,S2A_22WEV_20210821_1_L2A,2021-08-21 15:14:00.751000+00:00,2021-08-21,05.00,50.1014,,,,,,,,,,,,,,,,,,,excluded,station: dsr_cor/usr_cor missing in the 3 overpass hours
KAN_M,2021,S2A_22WEV_20210821_0_L2A,2021-08-21 15:14:00.751000+00:00,2021-08-21,03.01,42.7217,,,,,,,,,,,,,,,,,,,excluded,station: dsr_cor/usr_cor missing in the 3 overpass hours
KAN_M,2021,S2B_22WEV_20210823_1_L2A,2021-08-23 15:03:59.253000+00:00,2021-08-23,05.00,3.81111,,,,,,,,,,,,,,,,,,,excluded,station: dsr_cor/usr_cor missing in the 3 overpass hours
KAN_M,2021,S2B_22WEV_20210823_0_L2A,2021-08-23 15:03:59.256000+00:00,2021-08-23,03.01,2.06788,,,,,,,,,,,,,,,,,,,excluded,station: dsr_cor/usr_cor missing in the 3 overpass hours
KAN_M,2021,S2A_22WEV_20210825_0_L2A,2021-08-25 14:54:05.551000+00:00,2021-08-25,03.01,68.4877,,,,,,,,,,,,,,,,,,,excluded,station: dsr_cor/usr_cor missing in the 3 overpass hours
KAN_M,2021,S2A_22WEV_20210825_1_L2A,2021-08-25 14:54:05.564000+00:00,2021-08-25,05.00,98.9421,,,,,,,,,,,,,,,,,,,excluded,station: dsr_cor/usr_cor missing in the 3 overpass hours
KAN_M,2021,S2B_22WEV_20210826_2_L2A,2021-08-26 15:13:56.594000+00:00,2021-08-26,05.00,96.8569,,,,,,,,,,,,,,,,,,,excluded,station: dsr_cor/usr_cor missing in the 3 overpass hours
KAN_M,2021,S2B_22WEV_20210826_1_L2A,2021-08-26 15:13:56.594000+00:00,2021-08-26,05.00,96.8569,,,,,,,,,,,,,,,,,,,excluded,station: dsr_cor/usr_cor missing in the 3 overpass hours
KAN_M,2021,S2B_22WEV_20210826_0_L2A,2021-08-26 15:13:56.594000+00:00,2021-08-26,03.01,94.7987,,,,,,,,,,,,,,,,,,,excluded,station: dsr_cor/usr_cor missing in the 3 overpass hours
KAN_M,2021,S2A_22WEV_20210828_1_L2A,2021-08-28 15:04:02.245000+00:00,2021-08-28,05.00,91.6255,,,,,,,,,,,,,,,,,,,excluded,station: dsr_cor/usr_cor missing in the 3 overpass hours
KAN_M,2021,S2A_22WEV_20210828_0_L2A,2021-08-28 15:04:02.246000+00:00,2021-08-28,03.01,63.2562,,,,,,,,,,,,,,,,,,,excluded,station: dsr_cor/usr_cor missing in the 3 overpass hours
KAN_M,2021,S2B_22WEV_20210830_0_L2A,2021-08-30 14:54:00.801000+00:00,2021-08-30,03.01,0.030496,,,,,,,,,,,,,,,,,,,excluded,station: dsr_cor/usr_cor missing in the 3 overpass hours
KAN_M,2021,S2B_22WEV_20210830_1_L2A,2021-08-30 14:54:00.814000+00:00,2021-08-30,05.00,4.60976,,,,,,,,,,,,,,,,,,,excluded,station: dsr_cor/usr_cor missing in the 3 overpass hours
KAN_M,2021,S2A_22WEV_20210831_0_L2A,2021-08-31 15:13:59.836000+00:00,2021-08-31,03.01,31.4975,,,,,,,,,,,,,,,,,,,excluded,station: dsr_cor/usr_cor missing in the 3 overpass hours
KAN_M,2021,S2A_22WEV_20210831_1_L2A,2021-08-31 15:13:59.837000+00:00,2021-08-31,05.00,37.9202,,,,,,,,,,,,,,,,,,,excluded,station: dsr_cor/usr_cor missing in the 3 overpass hours
KAN_M,2022,S2A_22WEV_20220601_0_L2A,2022-06-01 14:54:11.496000+00:00,2022-06-01,04.00,11.0385,,,,,,,,,,,,,,,,,,,excluded,station: dsr_cor/usr_cor missing in the 3 overpass hours
KAN_M,2022,S2A_22WEV_20220604_0_L2A,2022-06-04 15:04:08.478000+00:00,2022-06-04,04.00,0.957621,,,,,,,,,,,,,,,,,,,excluded,station: dsr_cor/usr_cor missing in the 3 overpass hours
KAN_M,2022,S2B_22WEV_20220606_0_L2A,2022-06-06 14:54:04.708000+00:00,2022-06-06,04.00,14.7841,,,,,,,,,,,,,,,,,,,excluded,station: dsr_cor/usr_cor missing in the 3 overpass hours
KAN_M,2022,S2A_22WEV_20220607_0_L2A,2022-06-07 15:14:06.815000+00:00,2022-06-07,04.00,19.9318,,,,,,,,,,,,,,,,,,,excluded,station: dsr_cor/usr_cor missing in the 3 overpass hours
KAN_M,2022,S2B_22WEV_20220609_0_L2A,2022-06-09 15:04:02.623000+00:00,2022-06-09,04.00,74.9857,,,,,,,,,,,,,,,,,,,excluded,station: dsr_cor/usr_cor missing in the 3 overpass hours
KAN_M,2022,S2A_22WEV_20220611_0_L2A,2022-06-11 14:54:13.690000+00:00,2022-06-11,04.00,86.3172,,,,,,,,,,,,,,,,,,,excluded,station: dsr_cor/usr_cor missing in the 3 overpass hours
KAN_M,2022,S2B_22WEV_20220612_0_L2A,2022-06-12 15:14:01.431000+00:00,2022-06-12,04.00,97.1589,,,,,,,,,,,,,,,,,,,excluded,station: dsr_cor/usr_cor missing in the 3 overpass hours
KAN_M,2022,S2A_22WEV_20220614_0_L2A,2022-06-14 15:04:11.152000+00:00,2022-06-14,04.00,94.6916,,,,,,,,,,,,,,,,,,,excluded,station: dsr_cor/usr_cor missing in the 3 overpass hours
KAN_M,2022,S2B_22WEV_20220616_0_L2A,2022-06-16 14:54:07.462000+00:00,2022-06-16,04.00,3.56219,,,,,,,,,,,,,,,,,,,excluded,station: dsr_cor/usr_cor missing in the 3 overpass hours
KAN_M,2022,S2A_22WEV_20220617_0_L2A,2022-06-17 15:14:09.837000+00:00,2022-06-17,04.00,85.6977,,,,,,,,,,,,,,,,,,,excluded,station: dsr_cor/usr_cor missing in the 3 overpass hours
KAN_M,2022,S2B_22WEV_20220619_0_L2A,2022-06-19 15:04:04.964000+00:00,2022-06-19,04.00,34.2778,,,,,,,,,,,,,,,,,,,excluded,station: dsr_cor/usr_cor missing in the 3 overpass hours
KAN_M,2022,S2A_22WEV_20220621_0_L2A,2022-06-21 14:54:15.618000+00:00,2022-06-21,04.00,99.7805,,,,,,,,,,,,,,,,,,,excluded,station: dsr_cor/usr_cor missing in the 3 overpass hours
KAN_M,2022,S2B_22WEV_20220622_0_L2A,2022-06-22 15:14:03.269000+00:00,2022-06-22,04.00,99.7215,,,,,,,,,,,,,,,,,,,excluded,station: dsr_cor/usr_cor missing in the 3 overpass hours
KAN_M,2022,S2A_22WEV_20220624_0_L2A,2022-06-24 15:04:13.050000+00:00,2022-06-24,04.00,89.3271,,,,,,,,,,,,,,,,,,,excluded,station: dsr_cor/usr_cor missing in the 3 overpass hours
KAN_M,2022,S2B_22WEV_20220626_0_L2A,2022-06-26 14:54:08.667000+00:00,2022-06-26,04.00,99.9412,,,,,,,,,,,,,,,,,,,excluded,station: dsr_cor/usr_cor missing in the 3 overpass hours
KAN_M,2022,S2A_22WEV_20220627_0_L2A,2022-06-27 15:14:11.292000+00:00,2022-06-27,04.00,63.4524,,,,,,,,,,,,,,,,,,,excluded,station: dsr_cor/usr_cor missing in the 3 overpass hours
KAN_M,2022,S2B_22WEV_20220629_0_L2A,2022-06-29 15:04:05.760000+00:00,2022-06-29,04.00,99.7521,,,,,,,,,,,,,,,,,,,excluded,station: dsr_cor/usr_cor missing in the 3 overpass hours
KAN_M,2022,S2A_22WEV_20220701_0_L2A,2022-07-01 14:54:16.575000+00:00,2022-07-01,04.00,99.8505,,,,,,,,,,,,,,,,,,,excluded,station: dsr_cor/usr_cor missing in the 3 overpass hours
KAN_M,2022,S2B_22WEV_20220702_0_L2A,2022-07-02 15:14:03.707000+00:00,2022-07-02,04.00,69.389,,,,,,,,,,,,,,,,,,,excluded,station: dsr_cor/usr_cor missing in the 3 overpass hours
KAN_M,2022,S2A_22WEV_20220704_0_L2A,2022-07-04 15:04:13.680000+00:00,2022-07-04,04.00,34.0634,,,,,,,,,,,,,,,,,,,excluded,station: dsr_cor/usr_cor missing in the 3 overpass hours
KAN_M,2022,S2B_22WEV_20220706_0_L2A,2022-07-06 14:54:08.640000+00:00,2022-07-06,04.00,61.1708,,,,,,,,,,,,,,,,,,,excluded,station: dsr_cor/usr_cor missing in the 3 overpass hours
KAN_M,2022,S2A_22WEV_20220707_0_L2A,2022-07-07 15:14:11.584000+00:00,2022-07-07,04.00,98.3642,,,,,,,,,,,,,,,,,,,excluded,station: dsr_cor/usr_cor missing in the 3 overpass hours
KAN_M,2022,S2B_22WEV_20220709_0_L2A,2022-07-09 15:04:05.392000+00:00,2022-07-09,04.00,66.8327,,,,,,,,,,,,,,,,,,,excluded,station: dsr_cor/usr_cor missing in the 3 overpass hours
KAN_M,2022,S2A_22WEV_20220711_0_L2A,2022-07-11 14:54:16.442000+00:00,2022-07-11,04.00,40.3463,,,,,,,,,,,,,,,,,,,excluded,station: dsr_cor/usr_cor missing in the 3 overpass hours
KAN_M,2022,S2B_22WEV_20220712_0_L2A,2022-07-12 15:14:03+00:00,2022-07-12,04.00,81.0393,,,,,,,,,,,,,,,,,,,excluded,station: dsr_cor/usr_cor missing in the 3 overpass hours
KAN_M,2022,S2A_22WEV_20220714_0_L2A,2022-07-14 15:04:13.156000+00:00,2022-07-14,04.00,0.513291,,,,,,,,,,,,,,,,,,,excluded,station: dsr_cor/usr_cor missing in the 3 overpass hours
KAN_M,2022,S2B_22WEV_20220716_0_L2A,2022-07-16 14:54:08.293000+00:00,2022-07-16,04.00,28.3252,,,,,,,,,,,,,,,,,,,excluded,station: dsr_cor/usr_cor missing in the 3 overpass hours
KAN_M,2022,S2A_22WEV_20220717_1_L2A,2022-07-17 15:14:10.556000+00:00,2022-07-17,04.00,6.27436,,,,,,,,,,,,,,,,,,,excluded,station: dsr_cor/usr_cor missing in the 3 overpass hours
KAN_M,2022,S2B_22WEV_20220719_0_L2A,2022-07-19 15:04:05.518000+00:00,2022-07-19,04.00,23.0859,,,,,,,,,,,,,,,,,,,excluded,station: dsr_cor/usr_cor missing in the 3 overpass hours
KAN_M,2022,S2A_22WEV_20220721_0_L2A,2022-07-21 14:54:11.255000+00:00,2022-07-21,04.00,99.9993,,,,,,,,,,,,,,,,,,,excluded,station: dsr_cor/usr_cor missing in the 3 overpass hours
KAN_M,2022,S2A_22WEV_20220721_1_L2A,2022-07-21 14:54:16.458000+00:00,2022-07-21,04.00,100,,,,,,,,,,,,,,,,,,,excluded,station: dsr_cor/usr_cor missing in the 3 overpass hours
KAN_M,2022,S2B_22WEV_20220722_0_L2A,2022-07-22 15:14:03.589000+00:00,2022-07-22,04.00,95.5729,,,,,,,,,,,,,,,,,,,excluded,station: dsr_cor/usr_cor missing in the 3 overpass hours
KAN_M,2022,S2A_22WEV_20220724_0_L2A,2022-07-24 15:04:11.090000+00:00,2022-07-24,04.00,24.8163,,,,,,,,,,,,,,,,,,,excluded,station: dsr_cor/usr_cor missing in the 3 overpass hours
KAN_M,2022,S2B_22WEV_20220726_0_L2A,2022-07-26 14:54:08.711000+00:00,2022-07-26,04.00,96.2596,,,,,,,,,,,,,,,,,,,excluded,station: dsr_cor/usr_cor missing in the 3 overpass hours
KAN_M,2022,S2A_22WEV_20220727_0_L2A,2022-07-27 15:14:08.161000+00:00,2022-07-27,04.00,32.1151,"14,15,16",661.796,250.582,0.62136,0.340633,67.068,-48.8492,47.7137,"[11, 11, 11, 11, 11, 11, 11, 11, 11]",0.696,0.6852,0.6797,0.5768,0.0663145,0.0653439,0.0643844,0.0522111,"{""B2"": {""scale"": 0.0001, ""offset"": -0.1, ""source"": ""recorded (boa_offset_applied)""}, ""B3"": {""scale"": 0.0001, ""offset"": -0.1, ""source"": ""recorded (boa_offset_applied)""}, ""B4"": {""scale"": 0.0001, ""offset"": -0.1, ""source"": ""recorded (boa_offset_applied)""}, ""B8"": {""scale"": 0.0001, ""offset"": -0.1, ""source"": ""recorded (boa_offset_applied)""}}",valid,
KAN_M,2022,S2B_22WEV_20220729_0_L2A,2022-07-29 15:04:05.563000+00:00,2022-07-29,04.00,48.2604,,,,,,,,,,,,,,,,,,,excluded,station: snow_height >= 0.02 m or missing
KAN_M,2022,S2A_22WEV_20220731_0_L2A,2022-07-31 14:54:13.702000+00:00,2022-07-31,04.00,1.68204,"13,14,15",733.345,360.361,0.508606,0.206133,67.068,-48.8493,48.8341,"[11, 11, 11, 11, 11, 11, 11, 11, 11]",0.5052,0.5025,0.4752,0.368,0.0624922,0.0633166,0.0665606,0.0590517,"{""B2"": {""scale"": 0.0001, ""offset"": -0.1, ""source"": ""recorded (boa_offset_applied)""}, ""B3"": {""scale"": 0.0001, ""offset"": -0.1, ""source"": ""recorded (boa_offset_applied)""}, ""B4"": {""scale"": 0.0001, ""offset"": -0.1, ""source"": ""recorded (boa_offset_applied)""}, ""B8"": {""scale"": 0.0001, ""offset"": -0.1, ""source"": ""recorded (boa_offset_applied)""}}",valid,
KAN_M,2022,S2B_22WEV_20220801_0_L2A,2022-08-01 15:14:03.324000+00:00,2022-08-01,04.00,2.00841,"14,15,16",685.247,334.112,0.512421,0.180233,67.068,-48.8493,48.8946,"[11, 11, 11, 11, 11, 11, 11, 11, 11]",0.505,0.4915,0.4769,0.3747,0.0637987,0.0658355,0.0644755,0.0563741,"{""B2"": {""scale"": 0.0001, ""offset"": -0.1, ""source"": ""recorded (boa_offset_applied)""}, ""B3"": {""scale"": 0.0001, ""offset"": -0.1, ""source"": ""recorded (boa_offset_applied)""}, ""B4"": {""scale"": 0.0001, ""offset"": -0.1, ""source"": ""recorded (boa_offset_applied)""}, ""B8"": {""scale"": 0.0001, ""offset"": -0.1, ""source"": ""recorded (boa_offset_applied)""}}",valid,
KAN_M,2022,S2A_22WEV_20220803_0_L2A,2022-08-03 15:04:11.305000+00:00,2022-08-03,04.00,48.1682,"14,15,16",444.645,227.349,0.488696,0.6415,67.068,-48.8493,49.4665,"[11, 11, 11, 11, 11, 11, 11, 11, 11]",0.404,0.3796,0.3551,0.2599,0.0465105,0.0484651,0.0524079,0.04981,"{""B2"": {""scale"": 0.0001, ""offset"": -0.1, ""source"": ""recorded (boa_offset_applied)""}, ""B3"": {""scale"": 0.0001, ""offset"": -0.1, ""source"": ""recorded (boa_offset_applied)""}, ""B4"": {""scale"": 0.0001, ""offset"": -0.1, ""source"": ""recorded (boa_offset_applied)""}, ""B8"": {""scale"": 0.0001, ""offset"": -0.1, ""source"": ""recorded (boa_offset_applied)""}}",valid,
KAN_M,2022,S2B_22WEV_20220805_0_L2A,2022-08-05 14:54:08.046000+00:00,2022-08-05,04.00,99.9551,"13,14,15",123.733,75.1735,0.392453,0.995633,67.068,-48.8493,50.109,"[9, 9, 9, 9, 9, 9, 9, 9, 9]",0.7948,0.769,0.757,0.7578,0.0024976,0.00159165,0.00215911,0.00232474,"{""B2"": {""scale"": 0.0001, ""offset"": -0.1, ""source"": ""recorded (boa_offset_applied)""}, ""B3"": {""scale"": 0.0001, ""offset"": -0.1, ""source"": ""recorded (boa_offset_applied)""}, ""B4"": {""scale"": 0.0001, ""offset"": -0.1, ""source"": ""recorded (boa_offset_applied)""}, ""B8"": {""scale"": 0.0001, ""offset"": -0.1, ""source"": ""recorded (boa_offset_applied)""}}",excluded,SCL != 11 within 30 m
KAN_M,2022,S2A_22WEV_20220806_0_L2A,2022-08-06 15:14:09.817000+00:00,2022-08-06,04.00,19.6904,"14,15,16",640.388,316.896,0.50515,0.193467,67.068,-48.8493,50.1973,"[11, 11, 11, 11, 11, 11, 11, 11, 11]",0.4697,0.4507,0.4398,0.3767,0.0235637,0.0232718,0.0223614,0.0208865,"{""B2"": {""scale"": 0.0001, ""offset"": -0.1, ""source"": ""recorded (boa_offset_applied)""}, ""B3"": {""scale"": 0.0001, ""offset"": -0.1, ""source"": ""recorded (boa_offset_applied)""}, ""B4"": {""scale"": 0.0001, ""offset"": -0.1, ""source"": ""recorded (boa_offset_applied)""}, ""B8"": {""scale"": 0.0001, ""offset"": -0.1, ""source"": ""recorded (boa_offset_applied)""}}",valid,
KAN_M,2022,S2B_22WEV_20220808_0_L2A,2022-08-08 15:04:04.636000+00:00,2022-08-08,04.00,96.9065,,,,,,,,,,,,,,,,,,,excluded,station: snow_height >= 0.02 m or missing
KAN_M,2022,S2A_22WEV_20220810_0_L2A,2022-08-10 14:54:15.551000+00:00,2022-08-10,04.00,98.5431,"13,14,15",448.542,92.9054,0.792872,0.967267,67.068,-48.8493,51.4926,"[9, 9, 9, 9, 9, 9, 9, 9, 9]",0.8272,0.8116,0.8224,0.788,0.00355902,0.00538485,0.00864448,0.00674539,"{""B2"": {""scale"": 0.0001, ""offset"": -0.1, ""source"": ""recorded (boa_offset_applied)""}, ""B3"": {""scale"": 0.0001, ""offset"": -0.1, ""source"": ""recorded (boa_offset_applied)""}, ""B4"": {""scale"": 0.0001, ""offset"": -0.1, ""source"": ""recorded (boa_offset_applied)""}, ""B8"": {""scale"": 0.0001, ""offset"": -0.1, ""source"": ""recorded (boa_offset_applied)""}}",excluded,SCL != 11 within 30 m
KAN_M,2022,S2B_22WEV_20220811_0_L2A,2022-08-11 15:14:02.104000+00:00,2022-08-11,04.00,76.4998,"14,15,16",471.706,151.428,0.678979,0.7994,67.068,-48.8493,51.6131,"[8, 9, 9, 8, 9, 9, 8, 8, 9]",0.9216,0.8366,0.7882,0.7096,0.0162788,0.0146679,0.0159606,0.0180227,"{""B2"": {""scale"": 0.0001, ""offset"": -0.1, ""source"": ""recorded (boa_offset_applied)""}, ""B3"": {""scale"": 0.0001, ""offset"": -0.1, ""source"": ""recorded (boa_offset_applied)""}, ""B4"": {""scale"": 0.0001, ""offset"": -0.1, ""source"": ""recorded (boa_offset_applied)""}, ""B8"": {""scale"": 0.0001, ""offset"": -0.1, ""source"": ""recorded (boa_offset_applied)""}}",excluded,SCL != 11 within 30 m
KAN_M,2022,S2A_22WEV_20220813_0_L2A,2022-08-13 15:04:10.561000+00:00,2022-08-13,04.00,22.3927,,,,,,,,,,,,,,,,,,,excluded,station: snow_height >= 0.02 m or missing
KAN_M,2022,S2A_22WEV_20220813_1_L2A,2022-08-13 15:04:15.246000+00:00,2022-08-13,04.00,7.55569,,,,,,,,,,,,,,,,,,,excluded,station: snow_height >= 0.02 m or missing
KAN_M,2022,S2B_22WEV_20220815_0_L2A,2022-08-15 14:54:06.432000+00:00,2022-08-15,04.00,99.9999,"13,14,15",318.935,181.201,0.431855,0.7924,67.068,-48.8493,52.9813,"[9, 9, 9, 9, 9, 9, 9, 9, 9]",0.61,0.6033,0.6122,0.612,0.000944509,0.00165984,0.00160331,0.00160554,"{""B2"": {""scale"": 0.0001, ""offset"": -0.1, ""source"": ""recorded (boa_offset_applied)""}, ""B3"": {""scale"": 0.0001, ""offset"": -0.1, ""source"": ""recorded (boa_offset_applied)""}, ""B4"": {""scale"": 0.0001, ""offset"": -0.1, ""source"": ""recorded (boa_offset_applied)""}, ""B8"": {""scale"": 0.0001, ""offset"": -0.1, ""source"": ""recorded (boa_offset_applied)""}}",excluded,SCL != 11 within 30 m
KAN_M,2022,S2A_22WEV_20220816_0_L2A,2022-08-16 15:14:11.062000+00:00,2022-08-16,04.00,92.3035,,,,,,,,,,,,,,,,,,,excluded,station: snow_height >= 0.02 m or missing
KAN_M,2022,S2B_22WEV_20220818_0_L2A,2022-08-18 15:04:02.602000+00:00,2022-08-18,04.00,96.1427,"14,15,16",495.122,101.597,0.794804,0.801233,67.068,-48.8494,53.8153,"[9, 9, 9, 9, 9, 9, 9, 9, 9]",0.9726,0.8838,0.847,0.8008,0.00443421,0.00322551,0.00415705,0.0057992,"{""B2"": {""scale"": 0.0001, ""offset"": -0.1, ""source"": ""recorded (boa_offset_applied)""}, ""B3"": {""scale"": 0.0001, ""offset"": -0.1, ""source"": ""recorded (boa_offset_applied)""}, ""B4"": {""scale"": 0.0001, ""offset"": -0.1, ""source"": ""recorded (boa_offset_applied)""}, ""B8"": {""scale"": 0.0001, ""offset"": -0.1, ""source"": ""recorded (boa_offset_applied)""}}",excluded,SCL != 11 within 30 m
KAN_M,2022,S2A_22WEV_20220820_0_L2A,2022-08-20 14:54:16.217000+00:00,2022-08-20,04.00,99.9999,,,,,,,,,,,,,,,,,,,excluded,station: snow_height >= 0.02 m or missing
KAN_M,2022,S2B_22WEV_20220821_0_L2A,2022-08-21 15:13:59.680000+00:00,2022-08-21,04.00,86.259,,,,,,,,,,,,,,,,,,,excluded,station: snow_height >= 0.02 m or missing
KAN_M,2022,S2A_22WEV_20220823_1_L2A,2022-08-23 15:04:13.813000+00:00,2022-08-23,04.00,99.6321,,,,,,,,,,,,,,,,,,,excluded,station: snow_height >= 0.02 m or missing
KAN_M,2022,S2B_22WEV_20220825_0_L2A,2022-08-25 14:54:03.625000+00:00,2022-08-25,04.00,99.069,,,,,,,,,,,,,,,,,,,excluded,station: snow_height >= 0.02 m or missing
KAN_M,2022,S2A_22WEV_20220826_0_L2A,2022-08-26 15:14:11.118000+00:00,2022-08-26,04.00,58.9073,,,,,,,,,,,,,,,,,,,excluded,station: snow_height >= 0.02 m or missing
KAN_M,2022,S2B_22WEV_20220828_0_L2A,2022-08-28 15:04:01.023000+00:00,2022-08-28,04.00,0.647553,"14,15,16",677.28,287.301,0.575802,0,67.068,-48.8494,57.1607,"[11, 11, 11, 11, 11, 11, 11, 11, 11]",0.7094,0.685,0.6738,0.6087,0.026329,0.0255376,0.0232654,0.0242861,"{""B2"": {""scale"": 0.0001, ""offset"": -0.1, ""source"": ""recorded (boa_offset_applied)""}, ""B3"": {""scale"": 0.0001, ""offset"": -0.1, ""source"": ""recorded (boa_offset_applied)""}, ""B4"": {""scale"": 0.0001, ""offset"": -0.1, ""source"": ""recorded (boa_offset_applied)""}, ""B8"": {""scale"": 0.0001, ""offset"": -0.1, ""source"": ""recorded (boa_offset_applied)""}}",valid,
KAN_M,2022,S2A_22WEV_20220830_0_L2A,2022-08-30 14:54:15.896000+00:00,2022-08-30,04.00,5.32556,"13,14,15",647.254,281.867,0.564518,0.0116,67.068,-48.8494,57.9447,"[11, 11, 11, 11, 11, 11, 11, 11, 11]",0.6978,0.6784,0.6616,0.5863,0.0305592,0.0290922,0.0269854,0.0249875,"{""B2"": {""scale"": 0.0001, ""offset"": -0.1, ""source"": ""recorded (boa_offset_applied)""}, ""B3"": {""scale"": 0.0001, ""offset"": -0.1, ""source"": ""recorded (boa_offset_applied)""}, ""B4"": {""scale"": 0.0001, ""offset"": -0.1, ""source"": ""recorded (boa_offset_applied)""}, ""B8"": {""scale"": 0.0001, ""offset"": -0.1, ""source"": ""recorded (boa_offset_applied)""}}",valid,
KAN_M,2022,S2B_22WEV_20220831_0_L2A,2022-08-31 15:13:59.493000+00:00,2022-08-31,04.00,99.8922,,,,,,,,,,,,,,,,,,,excluded,station: snow_height >= 0.02 m or missing
KAN_M,2023,S2B_22WEV_20230601_0_L2A,2023-06-01 14:54:07.294000+00:00,2023-06-01,05.09,99.9882,,,,,,,,,,,,,,,,,,,excluded,station: snow_height >= 0.02 m or missing
KAN_M,2023,S2A_22WEV_20230602_0_L2A,2023-06-02 15:14:02.427000+00:00,2023-06-02,05.09,99.1806,,,,,,,,,,,,,,,,,,,excluded,station: snow_height >= 0.02 m or missing
KAN_M,2023,S2B_22WEV_20230604_0_L2A,2023-06-04 15:04:04.909000+00:00,2023-06-04,05.09,97.3132,,,,,,,,,,,,,,,,,,,excluded,station: snow_height >= 0.02 m or missing
KAN_M,2023,S2A_22WEV_20230606_0_L2A,2023-06-06 14:54:07.228000+00:00,2023-06-06,05.09,99.9997,,,,,,,,,,,,,,,,,,,excluded,station: snow_height >= 0.02 m or missing
KAN_M,2023,S2B_22WEV_20230607_0_L2A,2023-06-07 15:14:03.325000+00:00,2023-06-07,05.09,97.3534,,,,,,,,,,,,,,,,,,,excluded,station: snow_height >= 0.02 m or missing
KAN_M,2023,S2A_22WEV_20230609_0_L2A,2023-06-09 15:04:04.396000+00:00,2023-06-09,05.09,99.9827,,,,,,,,,,,,,,,,,,,excluded,station: snow_height >= 0.02 m or missing
KAN_M,2023,S2B_22WEV_20230611_0_L2A,2023-06-11 14:54:08.673000+00:00,2023-06-11,05.09,98.608,,,,,,,,,,,,,,,,,,,excluded,station: snow_height >= 0.02 m or missing
KAN_M,2023,S2A_22WEV_20230612_0_L2A,2023-06-12 15:14:02.662000+00:00,2023-06-12,05.09,97.0811,,,,,,,,,,,,,,,,,,,excluded,station: snow_height >= 0.02 m or missing
KAN_M,2023,S2B_22WEV_20230614_0_L2A,2023-06-14 15:04:05.601000+00:00,2023-06-14,05.09,84.8295,,,,,,,,,,,,,,,,,,,excluded,station: snow_height >= 0.02 m or missing
KAN_M,2023,S2A_22WEV_20230616_0_L2A,2023-06-16 14:54:07.860000+00:00,2023-06-16,05.09,99.7838,,,,,,,,,,,,,,,,,,,excluded,station: snow_height >= 0.02 m or missing
KAN_M,2023,S2B_22WEV_20230617_0_L2A,2023-06-17 15:14:03.265000+00:00,2023-06-17,05.09,62.4985,,,,,,,,,,,,,,,,,,,excluded,station: snow_height >= 0.02 m or missing
KAN_M,2023,S2A_22WEV_20230619_0_L2A,2023-06-19 15:04:04.637000+00:00,2023-06-19,05.09,43.6881,,,,,,,,,,,,,,,,,,,excluded,station: snow_height >= 0.02 m or missing
KAN_M,2023,S2B_22WEV_20230621_0_L2A,2023-06-21 14:54:07.649000+00:00,2023-06-21,05.09,99.9991,,,,,,,,,,,,,,,,,,,excluded,station: snow_height >= 0.02 m or missing
KAN_M,2023,S2A_22WEV_20230622_0_L2A,2023-06-22 15:14:02.121000+00:00,2023-06-22,05.09,95.2075,,,,,,,,,,,,,,,,,,,excluded,station: snow_height >= 0.02 m or missing
KAN_M,2023,S2B_22WEV_20230624_0_L2A,2023-06-24 15:04:04.840000+00:00,2023-06-24,05.09,66.9799,,,,,,,,,,,,,,,,,,,excluded,station: snow_height >= 0.02 m or missing
KAN_M,2023,S2A_22WEV_20230626_0_L2A,2023-06-26 14:54:07.177000+00:00,2023-06-26,05.09,99.6701,,,,,,,,,,,,,,,,,,,excluded,station: snow_height >= 0.02 m or missing
KAN_M,2023,S2B_22WEV_20230627_0_L2A,2023-06-27 15:14:03.353000+00:00,2023-06-27,05.09,90.7447,,,,,,,,,,,,,,,,,,,excluded,station: snow_height >= 0.02 m or missing
KAN_M,2023,S2A_22WEV_20230629_0_L2A,2023-06-29 15:04:04.851000+00:00,2023-06-29,05.09,99.5226,,,,,,,,,,,,,,,,,,,excluded,station: snow_height >= 0.02 m or missing
KAN_M,2023,S2B_22WEV_20230701_0_L2A,2023-07-01 14:54:08.908000+00:00,2023-07-01,05.09,11.0499,,,,,,,,,,,,,,,,,,,excluded,station: snow_height >= 0.02 m or missing
KAN_M,2023,S2A_22WEV_20230702_0_L2A,2023-07-02 15:14:03.322000+00:00,2023-07-02,05.09,5.8369,,,,,,,,,,,,,,,,,,,excluded,station: snow_height >= 0.02 m or missing
KAN_M,2023,S2B_22WEV_20230704_0_L2A,2023-07-04 15:04:05.985000+00:00,2023-07-04,05.09,99.7543,,,,,,,,,,,,,,,,,,,excluded,station: snow_height >= 0.02 m or missing
KAN_M,2023,S2A_22WEV_20230706_0_L2A,2023-07-06 14:54:08.818000+00:00,2023-07-06,05.09,99.9925,,,,,,,,,,,,,,,,,,,excluded,station: snow_height >= 0.02 m or missing
KAN_M,2023,S2B_22WEV_20230707_0_L2A,2023-07-07 15:14:03.848000+00:00,2023-07-07,05.09,99.4173,,,,,,,,,,,,,,,,,,,excluded,station: snow_height >= 0.02 m or missing
KAN_M,2023,S2A_22WEV_20230709_0_L2A,2023-07-09 15:04:05.870000+00:00,2023-07-09,05.09,75.3331,,,,,,,,,,,,,,,,,,,excluded,station: snow_height >= 0.02 m or missing
KAN_M,2023,S2B_22WEV_20230711_0_L2A,2023-07-11 14:54:08.555000+00:00,2023-07-11,05.09,99.9735,,,,,,,,,,,,,,,,,,,excluded,station: snow_height >= 0.02 m or missing
KAN_M,2023,S2A_22WEV_20230712_0_L2A,2023-07-12 15:14:03.693000+00:00,2023-07-12,05.09,12.4704,,,,,,,,,,,,,,,,,,,excluded,station: snow_height >= 0.02 m or missing
KAN_M,2023,S2B_22WEV_20230714_0_L2A,2023-07-14 15:04:05.443000+00:00,2023-07-14,05.09,99.9527,,,,,,,,,,,,,,,,,,,excluded,station: snow_height >= 0.02 m or missing
KAN_M,2023,S2A_22WEV_20230716_1_L2A,2023-07-16 14:54:08.560000+00:00,2023-07-16,05.09,100,,,,,,,,,,,,,,,,,,,excluded,station: snow_height >= 0.02 m or missing
KAN_M,2023,S2B_22WEV_20230717_0_L2A,2023-07-17 15:14:04.009000+00:00,2023-07-17,05.09,99.976,,,,,,,,,,,,,,,,,,,excluded,station: snow_height >= 0.02 m or missing
KAN_M,2023,S2A_22WEV_20230719_0_L2A,2023-07-19 15:04:04.683000+00:00,2023-07-19,05.09,56.5977,,,,,,,,,,,,,,,,,,,excluded,station: snow_height >= 0.02 m or missing
KAN_M,2023,S2B_22WEV_20230721_0_L2A,2023-07-21 14:54:09.545000+00:00,2023-07-21,05.09,99.9999,"13,14,15",128.227,63.6714,0.503447,1,67.0681,-48.8516,46.6629,"[9, 9, 9, 9, 9, 9, 9, 9, 9]",0.8972,0.8826,0.8874,0.894,0.00231986,0.00267665,0.00399123,0.00295146,"{""B2"": {""scale"": 0.0001, ""offset"": -0.1, ""source"": ""recorded (boa_offset_applied)""}, ""B3"": {""scale"": 0.0001, ""offset"": -0.1, ""source"": ""recorded (boa_offset_applied)""}, ""B4"": {""scale"": 0.0001, ""offset"": -0.1, ""source"": ""recorded (boa_offset_applied)""}, ""B8"": {""scale"": 0.0001, ""offset"": -0.1, ""source"": ""recorded (boa_offset_applied)""}}",excluded,SCL != 11 within 30 m
KAN_M,2023,S2A_22WEV_20230722_0_L2A,2023-07-22 15:14:02.843000+00:00,2023-07-22,05.09,99.9634,"14,15,16",286.442,142.432,0.502756,1,67.0681,-48.8516,46.6662,"[8, 8, 8, 8, 8, 8, 8, 8, 8]",0.5406,0.52,0.4853,0.4475,0.00743402,0.00710238,0.00554698,0.0109912,"{""B2"": {""scale"": 0.0001, ""offset"": -0.1, ""source"": ""recorded (boa_offset_applied)""}, ""B3"": {""scale"": 0.0001, ""offset"": -0.1, ""source"": ""recorded (boa_offset_applied)""}, ""B4"": {""scale"": 0.0001, ""offset"": -0.1, ""source"": ""recorded (boa_offset_applied)""}, ""B8"": {""scale"": 0.0001, ""offset"": -0.1, ""source"": ""recorded (boa_offset_applied)""}}",excluded,SCL != 11 within 30 m
KAN_M,2023,S2B_22WEV_20230724_0_L2A,2023-07-24 15:04:06.582000+00:00,2023-07-24,05.09,60.6798,"14,15,16",772.073,353.578,0.542041,0.344833,67.0681,-48.8516,47.1371,"[11, 11, 11, 11, 11, 11, 11, 11, 11]",0.6734,0.6466,0.6068,0.4832,0.0221371,0.0233016,0.0242572,0.0169915,"{""B2"": {""scale"": 0.0001, ""offset"": -0.1, ""source"": ""recorded (boa_offset_applied)""}, ""B3"": {""scale"": 0.0001, ""offset"": -0.1, ""source"": ""recorded (boa_offset_applied)""}, ""B4"": {""scale"": 0.0001, ""offset"": -0.1, ""source"": ""recorded (boa_offset_applied)""}, ""B8"": {""scale"": 0.0001, ""offset"": -0.1, ""source"": ""recorded (boa_offset_applied)""}}",valid,
KAN_M,2023,S2A_22WEV_20230726_0_L2A,2023-07-26 14:54:08.613000+00:00,2023-07-26,05.09,1.51021,"13,14,15",821.286,384.557,0.531762,0.0012,67.0681,-48.8516,47.6836,"[11, 11, 11, 11, 11, 11, 11, 11, 11]",0.5579,0.5414,0.4995,0.3937,0.022904,0.0232524,0.0216608,0.0142519,"{""B2"": {""scale"": 0.0001, ""offset"": -0.1, ""source"": ""recorded (boa_offset_applied)""}, ""B3"": {""scale"": 0.0001, ""offset"": -0.1, ""source"": ""recorded (boa_offset_applied)""}, ""B4"": {""scale"": 0.0001, ""offset"": -0.1, ""source"": ""recorded (boa_offset_applied)""}, ""B8"": {""scale"": 0.0001, ""offset"": -0.1, ""source"": ""recorded (boa_offset_applied)""}}",valid,
KAN_M,2023,S2B_22WEV_20230727_0_L2A,2023-07-27 15:14:04.330000+00:00,2023-07-27,05.09,23.3256,"14,15,16",820.363,407.469,0.503306,0.0884333,67.0681,-48.8516,47.7142,"[11, 11, 11, 11, 11, 11, 11, 11, 11]",0.5637,0.5398,0.4929,0.3606,0.0295738,0.0278007,0.0247926,0.0171576,"{""B2"": {""scale"": 0.0001, ""offset"": -0.1, ""source"": ""recorded (boa_offset_applied)""}, ""B3"": {""scale"": 0.0001, ""offset"": -0.1, ""source"": ""recorded (boa_offset_applied)""}, ""B4"": {""scale"": 0.0001, ""offset"": -0.1, ""source"": ""recorded (boa_offset_applied)""}, ""B8"": {""scale"": 0.0001, ""offset"": -0.1, ""source"": ""recorded (boa_offset_applied)""}}",valid,
KAN_M,2023,S2A_22WEV_20230729_0_L2A,2023-07-29 15:04:05.847000+00:00,2023-07-29,05.09,31.4934,"14,15,16",813.306,406.398,0.500313,0.0477667,67.0681,-48.8516,48.2389,"[11, 11, 11, 11, 11, 11, 11, 11, 11]",0.5545,0.533,0.492,0.3656,0.0255914,0.0236638,0.0211757,0.0140323,"{""B2"": {""scale"": 0.0001, ""offset"": -0.1, ""source"": ""recorded (boa_offset_applied)""}, ""B3"": {""scale"": 0.0001, ""offset"": -0.1, ""source"": ""recorded (boa_offset_applied)""}, ""B4"": {""scale"": 0.0001, ""offset"": -0.1, ""source"": ""recorded (boa_offset_applied)""}, ""B8"": {""scale"": 0.0001, ""offset"": -0.1, ""source"": ""recorded (boa_offset_applied)""}}",valid,
KAN_M,2023,S2B_22WEV_20230731_0_L2A,2023-07-31 14:54:08.864000+00:00,2023-07-31,05.09,96.6458,"13,14,15",517.374,239.791,0.536524,0.907333,67.0681,-48.8516,48.8356,"[9, 9, 9, 9, 9, 9, 9, 9, 9]",0.68,0.6708,0.6744,0.6145,0.00711583,0.00659996,0.00639152,0.0084907,"{""B2"": {""scale"": 0.0001, ""offset"": -0.1, ""source"": ""recorded (boa_offset_applied)""}, ""B3"": {""scale"": 0.0001, ""offset"": -0.1, ""source"": ""recorded (boa_offset_applied)""}, ""B4"": {""scale"": 0.0001, ""offset"": -0.1, ""source"": ""recorded (boa_offset_applied)""}, ""B8"": {""scale"": 0.0001, ""offset"": -0.1, ""source"": ""recorded (boa_offset_applied)""}}",excluded,SCL != 11 within 30 m
KAN_M,2023,S2A_22WEV_20230801_0_L2A,2023-08-01 15:14:03.820000+00:00,2023-08-01,05.09,99.9866,"14,15,16",472.538,70.9333,0.849889,1,67.0681,-48.8516,48.8948,"[9, 9, 9, 9, 9, 9, 9, 9, 9]",0.8362,0.8112,0.8096,0.767,0.00557136,0.00730566,0.00636309,0.0109617,"{""B2"": {""scale"": 0.0001, ""offset"": -0.1, ""source"": ""recorded (boa_offset_applied)""}, ""B3"": {""scale"": 0.0001, ""offset"": -0.1, ""source"": ""recorded (boa_offset_applied)""}, ""B4"": {""scale"": 0.0001, ""offset"": -0.1, ""source"": ""recorded (boa_offset_applied)""}, ""B8"": {""scale"": 0.0001, ""offset"": -0.1, ""source"": ""recorded (boa_offset_applied)""}}",excluded,SCL != 11 within 30 m
KAN_M,2023,S2B_22WEV_20230803_0_L2A,2023-08-03 15:04:05.104000+00:00,2023-08-03,05.09,22.3618,"14,15,16",796.31,300.421,0.622733,0.0474,67.0681,-48.8517,49.4677,"[11, 11, 11, 11, 11, 11, 11, 11, 11]",0.708,0.6846,0.6698,0.599,0.0258986,0.0244276,0.0247007,0.022847,"{""B2"": {""scale"": 0.0001, ""offset"": -0.1, ""source"": ""recorded (boa_offset_applied)""}, ""B3"": {""scale"": 0.0001, ""offset"": -0.1, ""source"": ""recorded (boa_offset_applied)""}, ""B4"": {""scale"": 0.0001, ""offset"": -0.1, ""source"": ""recorded (boa_offset_applied)""}, ""B8"": {""scale"": 0.0001, ""offset"": -0.1, ""source"": ""recorded (boa_offset_applied)""}}",valid,
KAN_M,2023,S2A_22WEV_20230805_0_L2A,2023-08-05 14:54:08.549000+00:00,2023-08-05,05.09,73.0071,"13,14,15",606.674,261.043,0.569714,0.731467,67.0681,-48.8517,50.1093,"[8, 8, 8, 8, 8, 8, 8, 8, 8]",0.5382,0.5302,0.5156,0.4442,0.00890814,0.00925443,0.00929839,0.0129667,"{""B2"": {""scale"": 0.0001, ""offset"": -0.1, ""source"": ""recorded (boa_offset_applied)""}, ""B3"": {""scale"": 0.0001, ""offset"": -0.1, ""source"": ""recorded (boa_offset_applied)""}, ""B4"": {""scale"": 0.0001, ""offset"": -0.1, ""source"": ""recorded (boa_offset_applied)""}, ""B8"": {""scale"": 0.0001, ""offset"": -0.1, ""source"": ""recorded (boa_offset_applied)""}}",excluded,SCL != 11 within 30 m
KAN_M,2023,S2B_22WEV_20230806_0_L2A,2023-08-06 15:14:03.615000+00:00,2023-08-06,05.09,0.332238,"14,15,16",787.974,362.236,0.540295,0.0181,67.0681,-48.8517,50.1979,"[11, 11, 11, 11, 11, 11, 11, 11, 11]",0.5867,0.562,0.5406,0.4403,0.0323374,0.0323085,0.0321849,0.0282689,"{""B2"": {""scale"": 0.0001, ""offset"": -0.1, ""source"": ""recorded (boa_offset_applied)""}, ""B3"": {""scale"": 0.0001, ""offset"": -0.1, ""source"": ""recorded (boa_offset_applied)""}, ""B4"": {""scale"": 0.0001, ""offset"": -0.1, ""source"": ""recorded (boa_offset_applied)""}, ""B8"": {""scale"": 0.0001, ""offset"": -0.1, ""source"": ""recorded (boa_offset_applied)""}}",valid,
KAN_M,2023,S2A_22WEV_20230808_0_L2A,2023-08-08 15:04:04.927000+00:00,2023-08-08,05.09,14.5416,,,,,,,,,,,,,,,,,,,excluded,station: snow_height >= 0.02 m or missing
KAN_M,2023,S2B_22WEV_20230810_0_L2A,2023-08-10 14:54:09.123000+00:00,2023-08-10,05.09,89.8605,"13,14,15",560.768,254.177,0.546734,0.594733,67.0681,-48.8517,51.4943,"[10, 10, 10, 10, 10, 10, 10, 10, 10]",0.5373,0.5122,0.4766,0.3953,0.00706626,0.00751116,0.00661883,0.00557298,"{""B2"": {""scale"": 0.0001, ""offset"": -0.1, ""source"": ""recorded (boa_offset_applied)""}, ""B3"": {""scale"": 0.0001, ""offset"": -0.1, ""source"": ""recorded (boa_offset_applied)""}, ""B4"": {""scale"": 0.0001, ""offset"": -0.1, ""source"": ""recorded (boa_offset_applied)""}, ""B8"": {""scale"": 0.0001, ""offset"": -0.1, ""source"": ""recorded (boa_offset_applied)""}}",excluded,SCL != 11 within 30 m
KAN_M,2023,S2A_22WEV_20230811_0_L2A,2023-08-11 15:14:03.250000+00:00,2023-08-11,05.09,10.5344,"14,15,16",737.778,372.339,0.495324,0.138133,67.0681,-48.8517,51.6132,"[11, 11, 11, 11, 11, 11, 11, 11, 11]",0.5181,0.4963,0.4527,0.3165,0.0280741,0.0284368,0.0271366,0.0231739,"{""B2"": {""scale"": 0.0001, ""offset"": -0.1, ""source"": ""recorded (boa_offset_applied)""}, ""B3"": {""scale"": 0.0001, ""offset"": -0.1, ""source"": ""recorded (boa_offset_applied)""}, ""B4"": {""scale"": 0.0001, ""offset"": -0.1, ""source"": ""recorded (boa_offset_applied)""}, ""B8"": {""scale"": 0.0001, ""offset"": -0.1, ""source"": ""recorded (boa_offset_applied)""}}",valid,
KAN_M,2023,S2B_22WEV_20230813_0_L2A,2023-08-13 15:04:06.194000+00:00,2023-08-13,05.09,92.7529,,,,,,,,,,,,,,,,,,,excluded,station: snow_height >= 0.02 m or missing
KAN_M,2023,S2A_22WEV_20230815_0_L2A,2023-08-15 14:54:09.200000+00:00,2023-08-15,05.09,72.4246,"13,14,15",533.015,228.108,0.572042,0.792567,67.0681,-48.8517,52.9809,"[8, 8, 8, 8, 8, 8, 8, 8, 8]",0.5835,0.5628,0.5297,0.4261,0.00352928,0.00460314,0.00360126,0.00465524,"{""B2"": {""scale"": 0.0001, ""offset"": -0.1, ""source"": ""recorded (boa_offset_applied)""}, ""B3"": {""scale"": 0.0001, ""offset"": -0.1, ""source"": ""recorded (boa_offset_applied)""}, ""B4"": {""scale"": 0.0001, ""offset"": -0.1, ""source"": ""recorded (boa_offset_applied)""}, ""B8"": {""scale"": 0.0001, ""offset"": -0.1, ""source"": ""recorded (boa_offset_applied)""}}",excluded,SCL != 11 within 30 m
KAN_M,2023,S2B_22WEV_20230816_0_L2A,2023-08-16 15:14:04.012000+00:00,2023-08-16,05.09,68.2231,"14,15,16",685.067,339.875,0.50388,0.0107,67.0681,-48.8517,53.1303,"[11, 11, 11, 11, 11, 11, 11, 11, 11]",0.5111,0.5079,0.4881,0.3871,0.00787428,0.00950371,0.0102893,0.00988802,"{""B2"": {""scale"": 0.0001, ""offset"": -0.1, ""source"": ""recorded (boa_offset_applied)""}, ""B3"": {""scale"": 0.0001, ""offset"": -0.1, ""source"": ""recorded (boa_offset_applied)""}, ""B4"": {""scale"": 0.0001, ""offset"": -0.1, ""source"": ""recorded (boa_offset_applied)""}, ""B8"": {""scale"": 0.0001, ""offset"": -0.1, ""source"": ""recorded (boa_offset_applied)""}}",valid,
KAN_M,2023,S2A_22WEV_20230818_0_L2A,2023-08-18 15:04:06.605000+00:00,2023-08-18,05.09,2.41301,"14,15,16",673.356,304.002,0.548527,0.0734667,67.0681,-48.8518,53.815,"[11, 11, 11, 11, 11, 11, 11, 11, 11]",0.6077,0.588,0.5668,0.467,0.0208671,0.0200501,0.0207244,0.0207801,"{""B2"": {""scale"": 0.0001, ""offset"": -0.1, ""source"": ""recorded (boa_offset_applied)""}, ""B3"": {""scale"": 0.0001, ""offset"": -0.1, ""source"": ""recorded (boa_offset_applied)""}, ""B4"": {""scale"": 0.0001, ""offset"": -0.1, ""source"": ""recorded (boa_offset_applied)""}, ""B8"": {""scale"": 0.0001, ""offset"": -0.1, ""source"": ""recorded (boa_offset_applied)""}}",valid,
KAN_M,2023,S2B_22WEV_20230820_0_L2A,2023-08-20 14:54:08.540000+00:00,2023-08-20,05.09,100,"13,14,15",183.752,103.221,0.438259,1,67.0681,-48.8518,54.5587,"[8, 8, 8, 8, 8, 8, 8, 8, 8]",0.6752,0.6628,0.651,0.6276,0.00122,0.00177137,0.00145889,0.00106852,"{""B2"": {""scale"": 0.0001, ""offset"": -0.1, ""source"": ""recorded (boa_offset_applied)""}, ""B3"": {""scale"": 0.0001, ""offset"": -0.1, ""source"": ""recorded (boa_offset_applied)""}, ""B4"": {""scale"": 0.0001, ""offset"": -0.1, ""source"": ""recorded (boa_offset_applied)""}, ""B8"": {""scale"": 0.0001, ""offset"": -0.1, ""source"": ""recorded (boa_offset_applied)""}}",excluded,SCL != 11 within 30 m
KAN_M,2023,S2A_22WEV_20230821_0_L2A,2023-08-21 15:14:04.693000+00:00,2023-08-21,05.09,82.1897,"14,15,16",444.405,264.146,0.405618,0.524233,67.0681,-48.8518,54.7387,"[8, 8, 8, 8, 8, 8, 8, 8, 8]",0.7856,0.6732,0.5789,0.4641,0.00609828,0.00664848,0.00453533,0.0064147,"{""B2"": {""scale"": 0.0001, ""offset"": -0.1, ""source"": ""recorded (boa_offset_applied)""}, ""B3"": {""scale"": 0.0001, ""offset"": -0.1, ""source"": ""recorded (boa_offset_applied)""}, ""B4"": {""scale"": 0.0001, ""offset"": -0.1, ""source"": ""recorded (boa_offset_applied)""}, ""B8"": {""scale"": 0.0001, ""offset"": -0.1, ""source"": ""recorded (boa_offset_applied)""}}",excluded,SCL != 11 within 30 m
KAN_M,2023,S2B_22WEV_20230823_0_L2A,2023-08-23 15:04:04.846000+00:00,2023-08-23,05.09,90.8651,"14,15,16",297.995,168.994,0.432897,0.936333,67.0681,-48.8518,55.4502,"[8, 8, 8, 8, 8, 8, 8, 8, 8]",0.764,0.6786,0.6157,0.5411,0.00263649,0.00192528,0.00162208,0.00188325,"{""B2"": {""scale"": 0.0001, ""offset"": -0.1, ""source"": ""recorded (boa_offset_applied)""}, ""B3"": {""scale"": 0.0001, ""offset"": -0.1, ""source"": ""recorded (boa_offset_applied)""}, ""B4"": {""scale"": 0.0001, ""offset"": -0.1, ""source"": ""recorded (boa_offset_applied)""}, ""B8"": {""scale"": 0.0001, ""offset"": -0.1, ""source"": ""recorded (boa_offset_applied)""}}",excluded,SCL != 11 within 30 m
KAN_M,2023,S2A_22WEV_20230825_0_L2A,2023-08-25 14:54:09.556000+00:00,2023-08-25,05.09,52.2898,"13,14,15",440.596,223.945,0.491724,0.5242,67.0681,-48.8518,56.2169,"[11, 11, 11, 11, 11, 11, 11, 11, 11]",0.4605,0.441,0.3869,0.2607,0.0158245,0.0176523,0.0174472,0.0153541,"{""B2"": {""scale"": 0.0001, ""offset"": -0.1, ""source"": ""recorded (boa_offset_applied)""}, ""B3"": {""scale"": 0.0001, ""offset"": -0.1, ""source"": ""recorded (boa_offset_applied)""}, ""B4"": {""scale"": 0.0001, ""offset"": -0.1, ""source"": ""recorded (boa_offset_applied)""}, ""B8"": {""scale"": 0.0001, ""offset"": -0.1, ""source"": ""recorded (boa_offset_applied)""}}",valid,
KAN_M,2023,S2B_22WEV_20230826_0_L2A,2023-08-26 15:14:02.822000+00:00,2023-08-26,05.09,88.2454,"14,15,16",407.481,169.141,0.584911,0.799067,67.0681,-48.8518,56.4277,"[8, 8, 8, 8, 8, 8, 8, 8, 8]",0.688,0.6452,0.6053,0.5091,0.00779047,0.0086896,0.00859451,0.0100958,"{""B2"": {""scale"": 0.0001, ""offset"": -0.1, ""source"": ""recorded (boa_offset_applied)""}, ""B3"": {""scale"": 0.0001, ""offset"": -0.1, ""source"": ""recorded (boa_offset_applied)""}, ""B4"": {""scale"": 0.0001, ""offset"": -0.1, ""source"": ""recorded (boa_offset_applied)""}, ""B8"": {""scale"": 0.0001, ""offset"": -0.1, ""source"": ""recorded (boa_offset_applied)""}}",excluded,SCL != 11 within 30 m
KAN_M,2023,S2A_22WEV_20230828_0_L2A,2023-08-28 15:04:06.262000+00:00,2023-08-28,05.09,100,,,,,,,,,,,,,,,,,,,excluded,station: snow_height >= 0.02 m or missing
KAN_M,2023,S2B_22WEV_20230830_0_L2A,2023-08-30 14:54:08.289000+00:00,2023-08-30,05.09,99.9998,"13,14,15",147.173,64.1087,0.564399,1,67.0682,-48.8518,57.9462,"[8, 8, 8, 8, 8, 8, 8, 8, 8]",0.7604,0.7534,0.7414,0.7322,0.00172333,0.00139841,0.00178498,0.00138278,"{""B2"": {""scale"": 0.0001, ""offset"": -0.1, ""source"": ""recorded (boa_offset_applied)""}, ""B3"": {""scale"": 0.0001, ""offset"": -0.1, ""source"": ""recorded (boa_offset_applied)""}, ""B4"": {""scale"": 0.0001, ""offset"": -0.1, ""source"": ""recorded (boa_offset_applied)""}, ""B8"": {""scale"": 0.0001, ""offset"": -0.1, ""source"": ""recorded (boa_offset_applied)""}}",excluded,SCL != 11 within 30 m
KAN_M,2023,S2A_22WEV_20230831_1_L2A,2023-08-31 15:14:03.667000+00:00,2023-08-31,05.09,86.6061,"14,15,16",514.029,119.605,0.767319,0.4692,67.0682,-48.8518,58.1869,"[8, 8, 8, 8, 8, 8, 8, 8, 8]",0.7544,0.7118,0.6916,0.6271,0.00746335,0.0077739,0.00628256,0.0106121,"{""B2"": {""scale"": 0.0001, ""offset"": -0.1, ""source"": ""recorded (boa_offset_applied)""}, ""B3"": {""scale"": 0.0001, ""offset"": -0.1, ""source"": ""recorded (boa_offset_applied)""}, ""B4"": {""scale"": 0.0001, ""offset"": -0.1, ""source"": ""recorded (boa_offset_applied)""}, ""B8"": {""scale"": 0.0001, ""offset"": -0.1, ""source"": ""recorded (boa_offset_applied)""}}",excluded,SCL != 11 within 30 m
