treatment,draw,log_b,r_um,dust_ppb,bba,bba_clean,absorbed_algal_W,B2,B3,B4,B8
T-MEAS,mean,3,1000,30000,0.648663,0.653407,3.48846,0.901505,0.865555,0.778388,0.59588
T-MEAS,mean,3,1000,300000,0.587745,0.591468,2.73813,0.798897,0.775341,0.710476,0.559965
T-MEAS,mean,3,3000,30000,0.551151,0.555149,2.94012,0.848492,0.790148,0.651708,0.405589
T-MEAS,mean,3,3000,300000,0.500408,0.503733,2.44548,0.756802,0.712012,0.598132,0.383821
T-MEAS,mean,3,8000,30000,0.452574,0.455744,2.33074,0.761478,0.688092,0.508502,0.246591
T-MEAS,mean,3,8000,300000,0.414009,0.416708,1.98476,0.685569,0.625701,0.471726,0.237892
T-MEAS,mean,4,1000,30000,0.609797,0.653407,32.0699,0.827517,0.798929,0.728928,0.595918
T-MEAS,mean,4,1000,300000,0.556921,0.591468,25.4055,0.740844,0.721942,0.669392,0.560001
T-MEAS,mean,4,3000,30000,0.51765,0.555149,27.5769,0.782944,0.732757,0.612458,0.405661
T-MEAS,mean,4,3000,300000,0.472389,0.503733,23.0502,0.70239,0.663561,0.564025,0.383887
T-MEAS,mean,4,8000,30000,0.425778,0.455744,22.0367,0.707175,0.642028,0.480679,0.246694
T-MEAS,mean,4,8000,300000,0.39109,0.416708,18.839,0.639427,0.585937,0.446988,0.237987
T-MEAS,mean,4.5,1000,30000,0.537858,0.653407,84.9734,0.692557,0.675323,0.633059,0.596006
T-MEAS,mean,4.5,1000,300000,0.498345,0.591468,68.4813,0.631959,0.62047,0.588403,0.560085
T-MEAS,mean,4.5,3000,30000,0.452016,0.555149,75.8432,0.655872,0.619967,0.532543,0.405829
T-MEAS,mean,4.5,3000,300000,0.416697,0.503733,64.0059,0.59529,0.567109,0.493984,0.384043
T-MEAS,mean,4.5,8000,30000,0.371999,0.455744,61.5848,0.599151,0.5492,0.422646,0.246939
T-MEAS,mean,4.5,8000,300000,0.344557,0.416708,53.0595,0.546514,0.504987,0.395057,0.238216
T-MEAS,mean,5,1000,30000,0.411696,0.653407,177.751,0.462859,0.458563,0.45068,0.596255
T-MEAS,mean,5,1000,300000,0.390641,0.591468,147.686,0.437109,0.434493,0.429126,0.560326
T-MEAS,mean,5,3000,30000,0.3253,0.555149,169.029,0.416201,0.401461,0.36605,0.406343
T-MEAS,mean,5,3000,300000,0.306118,0.503733,145.324,0.38724,0.375436,0.345395,0.384522
T-MEAS,mean,5,8000,30000,0.262937,0.455744,141.788,0.384417,0.359773,0.295228,0.247712
T-MEAS,mean,5,8000,300000,0.248006,0.416708,124.062,0.357339,0.336389,0.279471,0.238937
T-B3-C,0,3,1000,30000,0.650402,0.653407,2.20954,0.902461,0.871847,0.782878,0.595878
T-B3-C,0,3,1000,300000,0.589155,0.591468,1.70124,0.799644,0.78034,0.714181,0.559963
T-B3-C,0,3,3000,30000,0.552558,0.555149,1.90549,0.849317,0.795447,0.655211,0.405588
T-B3-C,0,3,3000,300000,0.501608,0.503733,1.56273,0.757486,0.716465,0.601166,0.38382
T-B3-C,0,3,8000,30000,0.453629,0.455744,1.5554,0.762152,0.692305,0.510971,0.246591
T-B3-C,0,3,8000,300000,0.414929,0.416708,1.30835,0.686142,0.629324,0.473916,0.237891
T-B3-C,0,4,1000,30000,0.625681,0.653407,20.3889,0.835693,0.855767,0.770213,0.595903
T-B3-C,0,4,1000,300000,0.569915,0.591468,15.8498,0.747339,0.767559,0.703705,0.559988
T-B3-C,0,4,3000,30000,0.530777,0.555149,17.9228,0.79027,0.781826,0.645352,0.40565
T-B3-C,0,4,3000,300000,0.483642,0.503733,14.7746,0.708519,0.705015,0.592613,0.383878
T-B3-C,0,4,8000,30000,0.435701,0.455744,14.7395,0.713259,0.68143,0.504089,0.246689
T-B3-C,0,4,8000,300000,0.39978,0.416708,12.4489,0.644631,0.619969,0.467804,0.237983
T-B3-C,0,4.5,1000,30000,0.579233,0.653407,54.5466,0.711113,0.819743,0.741674,0.595963
T-B3-C,0,4.5,1000,300000,0.53278,0.591468,43.1582,0.647181,0.738725,0.679973,0.560048
T-B3-C,0,4.5,3000,30000,0.487637,0.555149,49.6478,0.67372,0.750777,0.622778,0.4058
T-B3-C,0,4.5,3000,300000,0.447522,0.503733,41.3376,0.610488,0.678821,0.572979,0.384017
T-B3-C,0,4.5,8000,30000,0.399405,0.455744,41.4307,0.614439,0.656471,0.488214,0.246925
T-B3-C,0,4.5,8000,300000,0.36874,0.416708,35.2755,0.559776,0.598437,0.453676,0.238203
T-B3-C,0,5,1000,30000,0.493397,0.653407,117.669,0.489479,0.725485,0.665679,0.596154
T-B3-C,0,5,1000,300000,0.460925,0.591468,95.9998,0.460296,0.66193,0.615949,0.560238
T-B3-C,0,5,3000,30000,0.401034,0.555149,113.335,0.445022,0.665971,0.56026,0.406272
T-B3-C,0,5,3000,300000,0.372948,0.503733,96.178,0.412678,0.606594,0.518245,0.384459
T-B3-C,0,5,8000,30000,0.323472,0.455744,97.2714,0.410794,0.587045,0.443379,0.247679
T-B3-C,0,5,8000,300000,0.302282,0.416708,84.1476,0.380892,0.538087,0.413578,0.238908
T-B3-C,1,3,1000,30000,0.650103,0.653407,2.42915,0.90172,0.86997,0.782864,0.595878
T-B3-C,1,3,1000,300000,0.588919,0.591468,1.87446,0.799066,0.778851,0.71417,0.559963
T-B3-C,1,3,3000,30000,0.552304,0.555149,2.09211,0.848678,0.793864,0.6552,0.405588
T-B3-C,1,3,3000,300000,0.501396,0.503733,1.71871,0.756956,0.715136,0.601156,0.38382
T-B3-C,1,3,8000,30000,0.453425,0.455744,1.70534,0.761629,0.691042,0.510963,0.246591
T-B3-C,1,3,8000,300000,0.414755,0.416708,1.43663,0.685699,0.628239,0.473909,0.237891
T-B3-C,1,4,1000,30000,0.622972,0.653407,22.3811,0.829331,0.838161,0.770075,0.595903
T-B3-C,1,4,1000,300000,0.567755,0.591468,17.438,0.74229,0.753504,0.703591,0.559988
T-B3-C,1,4,3000,30000,0.528421,0.555149,19.6555,0.784574,0.766739,0.645244,0.40565
T-B3-C,1,4,3000,300000,0.481662,0.503733,16.2309,0.703757,0.692309,0.592519,0.383878
T-B3-C,1,4,8000,30000,0.433791,0.455744,16.1441,0.708531,0.669323,0.504013,0.246689
T-B3-C,1,4,8000,300000,0.398138,0.416708,13.6561,0.640589,0.60954,0.467736,0.237982
T-B3-C,1,4.5,1000,30000,0.572255,0.653407,59.6781,0.696558,0.771512,0.741266,0.595962
T-B3-C,1,4.5,1000,300000,0.527106,0.591468,47.3312,0.63526,0.69968,0.679633,0.560047
T-B3-C,1,4.5,3000,30000,0.481301,0.555149,54.3073,0.659751,0.708056,0.622452,0.405799
T-B3-C,1,4.5,3000,300000,0.442137,0.503733,45.2972,0.598606,0.642575,0.572696,0.384016
T-B3-C,1,4.5,8000,30000,0.394176,0.455744,45.2763,0.60249,0.621712,0.487982,0.246924
T-B3-C,1,4.5,8000,300000,0.364204,0.416708,38.6107,0.549418,0.568318,0.45347,0.238203
T-B3-C,1,5,1000,30000,0.479798,0.653407,127.67,0.468285,0.621347,0.664597,0.596149
T-B3-C,1,5,1000,300000,0.449457,0.591468,104.433,0.441878,0.574883,0.615039,0.560234
T-B3-C,1,5,3000,30000,0.387734,0.555149,123.115,0.422136,0.566633,0.559362,0.406269
T-B3-C,1,5,3000,300000,0.361397,0.503733,104.673,0.39251,0.520784,0.517459,0.384456
T-B3-C,1,5,8000,30000,0.312076,0.455744,105.652,0.389896,0.503376,0.442725,0.247678
T-B3-C,1,5,8000,300000,0.292219,0.416708,91.5481,0.362254,0.464532,0.412994,0.238906
T-B3-C,2,3,1000,30000,0.650031,0.653407,2.48224,0.901607,0.869404,0.78286,0.595878
T-B3-C,2,3,1000,300000,0.588862,0.591468,1.91647,0.798978,0.778402,0.714166,0.559963
T-B3-C,2,3,3000,30000,0.552243,0.555149,2.13701,0.848581,0.793386,0.655197,0.405588
T-B3-C,2,3,3000,300000,0.501345,0.503733,1.75635,0.756875,0.714735,0.601153,0.38382
T-B3-C,2,3,8000,30000,0.453376,0.455744,1.74115,0.76155,0.690662,0.510961,0.246591
T-B3-C,2,3,8000,300000,0.414713,0.416708,1.46734,0.685631,0.627912,0.473907,0.237891
T-B3-C,2,4,1000,30000,0.622321,0.653407,22.8598,0.828379,0.832972,0.770033,0.595903
T-B3-C,2,4,1000,300000,0.567235,0.591468,17.821,0.741533,0.74935,0.703556,0.559988
T-B3-C,2,4,3000,30000,0.527857,0.555149,20.0707,0.783718,0.762269,0.645211,0.40565
T-B3-C,2,4,3000,300000,0.481186,0.503733,16.5809,0.70304,0.688539,0.59249,0.383878
T-B3-C,2,4,8000,30000,0.433336,0.455744,16.4782,0.70782,0.665732,0.503989,0.246688
T-B3-C,2,4,8000,300000,0.397747,0.416708,13.9441,0.639981,0.606442,0.467715,0.237982
T-B3-C,2,4.5,1000,30000,0.570601,0.653407,60.8945,0.69445,0.757979,0.741139,0.595962
T-B3-C,2,4.5,1000,300000,0.525756,0.591468,48.3242,0.633527,0.688644,0.679528,0.560047
T-B3-C,2,4.5,3000,30000,0.479798,0.555149,55.4127,0.657705,0.69588,0.622352,0.405798
T-B3-C,2,4.5,3000,300000,0.440856,0.503733,46.2394,0.596861,0.632202,0.572609,0.384016
T-B3-C,2,4.5,8000,30000,0.392943,0.455744,46.1833,0.600734,0.611746,0.48791,0.246924
T-B3-C,2,4.5,8000,300000,0.363132,0.416708,39.3996,0.547893,0.559654,0.453406,0.238202
T-B3-C,2,5,1000,30000,0.476691,0.653407,129.955,0.465425,0.595272,0.664262,0.596148
T-B3-C,2,5,1000,300000,0.446825,0.591468,106.369,0.439377,0.552759,0.614757,0.560233
T-B3-C,2,5,3000,30000,0.384673,0.555149,125.366,0.418992,0.540965,0.559084,0.406268
T-B3-C,2,5,3000,300000,0.358731,0.503733,106.633,0.389729,0.498418,0.517216,0.384456
T-B3-C,2,5,8000,30000,0.309457,0.455744,107.578,0.386996,0.48142,0.442523,0.247677
T-B3-C,2,5,8000,300000,0.289899,0.416708,93.254,0.359661,0.445095,0.412813,0.238905
T-B3-C,3,3,1000,30000,0.649697,0.653407,2.72814,0.901401,0.866759,0.78278,0.595878
T-B3-C,3,3,1000,300000,0.588595,0.591468,2.11241,0.798817,0.7763,0.7141,0.559963
T-B3-C,3,3,3000,30000,0.551964,0.555149,2.34264,0.848403,0.791159,0.655134,0.405588
T-B3-C,3,3,3000,300000,0.501109,0.503733,1.92972,0.756728,0.712864,0.601099,0.38382
T-B3-C,3,3,8000,30000,0.453157,0.455744,1.90252,0.761405,0.688893,0.510917,0.246591
T-B3-C,3,3,8000,300000,0.414524,0.416708,1.60652,0.685508,0.626391,0.473868,0.237891
T-B3-C,3,4,1000,30000,0.619289,0.653407,25.0897,0.826652,0.809315,0.769256,0.5959
T-B3-C,3,4,1000,300000,0.564794,0.591468,19.6154,0.740162,0.730337,0.702913,0.559985
T-B3-C,3,4,3000,30000,0.52526,0.555149,21.9805,0.782161,0.741803,0.6446,0.405648
T-B3-C,3,4,3000,300000,0.478986,0.503733,18.1991,0.701737,0.671236,0.591961,0.383876
T-B3-C,3,4,8000,30000,0.43128,0.455744,17.9902,0.706531,0.649296,0.503557,0.246687
T-B3-C,3,4,8000,300000,0.395966,0.416708,15.2536,0.638878,0.592237,0.467331,0.237981
T-B3-C,3,4.5,1000,30000,0.562813,0.653407,66.6219,0.690693,0.699263,0.738834,0.595952
T-B3-C,3,4.5,1000,300000,0.51937,0.591468,53.0199,0.630441,0.640382,0.677612,0.560039
T-B3-C,3,4.5,3000,30000,0.472821,0.555149,60.5434,0.654029,0.642292,0.620511,0.405792
T-B3-C,3,4.5,3000,300000,0.434886,0.503733,50.6299,0.593727,0.586345,0.57101,0.384011
T-B3-C,3,4.5,8000,30000,0.387317,0.455744,50.3206,0.597585,0.567698,0.486597,0.246921
T-B3-C,3,4.5,8000,300000,0.358218,0.416708,43.0132,0.545158,0.521218,0.452238,0.238199
T-B3-C,3,5,1000,30000,0.461773,0.653407,140.925,0.460571,0.493832,0.658205,0.596119
T-B3-C,3,5,1000,300000,0.434157,0.591468,115.685,0.435149,0.46547,0.609652,0.560209
T-B3-C,3,5,3000,30000,0.37021,0.555149,136.002,0.413556,0.438422,0.554038,0.406249
T-B3-C,3,5,3000,300000,0.346106,0.503733,115.918,0.38494,0.408317,0.512801,0.384438
T-B3-C,3,5,8000,30000,0.2973,0.455744,116.518,0.381958,0.39252,0.438842,0.247666
T-B3-C,3,5,8000,300000,0.279107,0.416708,101.191,0.355163,0.365862,0.409523,0.238895
T-B3-C,4,3,1000,30000,0.650388,0.653407,2.22009,0.902434,0.871742,0.782876,0.595878
T-B3-C,4,3,1000,300000,0.589143,0.591468,1.70959,0.799623,0.780256,0.71418,0.559963
T-B3-C,4,3,3000,30000,0.552546,0.555149,1.91439,0.849294,0.795358,0.65521,0.405588
T-B3-C,4,3,3000,300000,0.501598,0.503733,1.5702,0.757467,0.71639,0.601165,0.38382
T-B3-C,4,3,8000,30000,0.453619,0.455744,1.56251,0.762134,0.692234,0.51097,0.246591
T-B3-C,4,3,8000,300000,0.414921,0.416708,1.31445,0.686127,0.629263,0.473915,0.237891
T-B3-C,4,4,1000,30000,0.625547,0.653407,20.4879,0.835459,0.854755,0.770198,0.595903
T-B3-C,4,4,1000,300000,0.569808,0.591468,15.9288,0.747153,0.766753,0.703692,0.559988
T-B3-C,4,4,3000,30000,0.530662,0.555149,18.0077,0.790062,0.780963,0.64534,0.40565
T-B3-C,4,4,3000,300000,0.483545,0.503733,14.846,0.708345,0.70429,0.592603,0.383878
T-B3-C,4,4,8000,30000,0.435608,0.455744,14.8077,0.713087,0.68074,0.504081,0.246689
T-B3-C,4,4,8000,300000,0.3997,0.416708,12.5076,0.644484,0.619375,0.467796,0.237983
T-B3-C,4,4.5,1000,30000,0.578861,0.653407,54.8197,0.710552,0.816849,0.74163,0.595963
T-B3-C,4,4.5,1000,300000,0.53248,0.591468,43.3791,0.646723,0.736396,0.679935,0.560048
T-B3-C,4,4.5,3000,30000,0.487309,0.555149,49.889,0.67319,0.748252,0.622743,0.4058
T-B3-C,4,4.5,3000,300000,0.447243,0.503733,41.5421,0.610039,0.676685,0.572948,0.384017
T-B3-C,4,4.5,8000,30000,0.399139,0.455744,41.6267,0.61399,0.65443,0.488189,0.246925
T-B3-C,4,4.5,8000,300000,0.368509,0.416708,35.4454,0.559387,0.596673,0.453654,0.238203
T-B3-C,4,5,1000,30000,0.492563,0.653407,118.283,0.488588,0.718572,0.665561,0.596153
T-B3-C,4,5,1000,300000,0.460232,0.591468,96.5099,0.459528,0.656226,0.61585,0.560238
T-B3-C,4,5,3000,30000,0.400252,0.555149,113.909,0.444079,0.659572,0.560162,0.406272
T-B3-C,4,5,3000,300000,0.372274,0.503733,96.6737,0.411851,0.601107,0.518159,0.384459
T-B3-C,4,5,8000,30000,0.322819,0.455744,97.7518,0.409945,0.581736,0.443307,0.247679
T-B3-C,4,5,8000,300000,0.301709,0.416708,84.5694,0.380138,0.533447,0.413514,0.238907
T-B3-C,5,3,1000,30000,0.65018,0.653407,2.37284,0.901849,0.87055,0.78287,0.595878
T-B3-C,5,3,1000,300000,0.58898,0.591468,1.8299,0.799166,0.779311,0.714174,0.559963
T-B3-C,5,3,3000,30000,0.552369,0.555149,2.04447,0.848789,0.794353,0.655205,0.405588
T-B3-C,5,3,3000,300000,0.50145,0.503733,1.67879,0.757048,0.715547,0.60116,0.38382
T-B3-C,5,3,8000,30000,0.453476,0.455744,1.66728,0.76172,0.691432,0.510966,0.246591
T-B3-C,5,3,8000,300000,0.414799,0.416708,1.40398,0.685776,0.628574,0.473912,0.237891
T-B3-C,5,4,1000,30000,0.623668,0.653407,21.8694,0.830429,0.843535,0.770131,0.595903
T-B3-C,5,4,1000,300000,0.568312,0.591468,17.0289,0.743163,0.757801,0.703637,0.559988
T-B3-C,5,4,3000,30000,0.529023,0.555149,19.2126,0.78556,0.771356,0.645288,0.40565
T-B3-C,5,4,3000,300000,0.48217,0.503733,15.8577,0.704582,0.696201,0.592557,0.383878
T-B3-C,5,4,8000,30000,0.434276,0.455744,15.7871,0.709349,0.67303,0.504044,0.246689
T-B3-C,5,4,8000,300000,0.398557,0.416708,13.3485,0.641289,0.612736,0.467763,0.237983
T-B3-C,5,4.5,1000,30000,0.574052,0.653407,58.3564,0.69902,0.785858,0.74143,0.595962
T-B3-C,5,4.5,1000,300000,0.528571,0.591468,46.2537,0.637284,0.71134,0.67977,0.560048
T-B3-C,5,4.5,3000,30000,0.482924,0.555149,53.1134,0.66213,0.720867,0.622584,0.405799
T-B3-C,5,4.5,3000,300000,0.44352,0.503733,44.2805,0.600633,0.653468,0.57281,0.384017
T-B3-C,5,4.5,8000,30000,0.395508,0.455744,44.2968,0.604529,0.632165,0.488076,0.246925
T-B3-C,5,4.5,8000,300000,0.365362,0.416708,37.7595,0.551189,0.577392,0.453553,0.238203
T-B3-C,5,5,1000,30000,0.483311,0.653407,125.086,0.471714,0.650473,0.665033,0.596151
T-B3-C,5,5,1000,300000,0.452426,0.591468,102.25,0.444875,0.599431,0.615405,0.560236
T-B3-C,5,5,3000,30000,0.391154,0.555149,120.6,0.425878,0.594899,0.559723,0.40627
T-B3-C,5,5,3000,300000,0.364372,0.503733,102.485,0.395818,0.545318,0.517776,0.384457
T-B3-C,5,5,8000,30000,0.314989,0.455744,103.51,0.393334,0.527376,0.442988,0.247678
T-B3-C,5,5,8000,300000,0.294795,0.416708,89.6534,0.365329,0.485712,0.413229,0.238907
T-B3-C,6,3,1000,30000,0.650697,0.653407,1.99255,0.903706,0.872773,0.782882,0.595878
T-B3-C,6,3,1000,300000,0.589385,0.591468,1.53158,0.800614,0.781074,0.714184,0.559963
T-B3-C,6,3,3000,30000,0.552811,0.555149,1.71929,0.850394,0.796228,0.655214,0.405588
T-B3-C,6,3,3000,300000,0.501818,0.503733,1.40821,0.758376,0.717121,0.601168,0.38382
T-B3-C,6,3,8000,30000,0.453834,0.455744,1.40404,0.763034,0.692928,0.510973,0.246591
T-B3-C,6,3,8000,300000,0.415104,0.416708,1.17967,0.68689,0.629859,0.473918,0.237891
T-B3-C,6,4,1000,30000,0.62834,0.653407,18.4337,0.8466,0.864725,0.770249,0.595903
T-B3-C,6,4,1000,300000,0.572019,0.591468,14.3028,0.755958,0.774684,0.703734,0.559989
T-B3-C,6,4,3000,30000,0.533116,0.555149,16.2032,0.800002,0.789446,0.64538,0.405651
T-B3-C,6,4,3000,300000,0.485595,0.503733,13.3384,0.716632,0.71142,0.592637,0.383878
T-B3-C,6,4,8000,30000,0.43762,0.455744,13.328,0.721334,0.687535,0.504109,0.246689
T-B3-C,6,4,8000,300000,0.40142,0.416708,11.2429,0.651517,0.62522,0.467821,0.237983
T-B3-C,6,4.5,1000,30000,0.586008,0.653407,49.5641,0.737091,0.845955,0.74178,0.595964
T-B3-C,6,4.5,1000,300000,0.538259,0.591468,39.1294,0.668298,0.759736,0.68006,0.560049
T-B3-C,6,4.5,3000,30000,0.493866,0.555149,45.0671,0.698354,0.773502,0.622862,0.4058
T-B3-C,6,4.5,3000,300000,0.452788,0.503733,37.4644,0.631349,0.697998,0.573052,0.384018
T-B3-C,6,4.5,8000,30000,0.404616,0.455744,37.5991,0.635425,0.674816,0.488274,0.246925
T-B3-C,6,4.5,8000,300000,0.373236,0.416708,31.9689,0.577897,0.614266,0.45373,0.238203
T-B3-C,6,5,1000,30000,0.506476,0.653407,108.051,0.531027,0.791683,0.665958,0.596155
T-B3-C,6,5,1000,300000,0.471905,0.591468,87.9254,0.495934,0.716119,0.616185,0.560239
T-B3-C,6,5,3000,30000,0.413948,0.555149,103.838,0.488872,0.726309,0.560492,0.406273
T-B3-C,6,5,3000,300000,0.384123,0.503733,87.9601,0.451018,0.658091,0.518448,0.38446
T-B3-C,6,5,8000,30000,0.334678,0.455744,89.0302,0.450335,0.636819,0.443547,0.24768
T-B3-C,6,5,8000,300000,0.312142,0.416708,76.8967,0.415934,0.581422,0.413729,0.238908
T-B3-C,7,3,1000,30000,0.649949,0.653407,2.54248,0.90152,0.868702,0.782853,0.595878
T-B3-C,7,3,1000,300000,0.588797,0.591468,1.96427,0.79891,0.777844,0.71416,0.559963
T-B3-C,7,3,3000,30000,0.552174,0.555149,2.18777,0.848506,0.792794,0.655192,0.405588
T-B3-C,7,3,3000,300000,0.501287,0.503733,1.79898,0.756813,0.714238,0.601149,0.38382
T-B3-C,7,3,8000,30000,0.453321,0.455744,1.78143,0.761489,0.690191,0.510957,0.246591
T-B3-C,7,3,8000,300000,0.414666,0.416708,1.50197,0.685579,0.627507,0.473904,0.237891
T-B3-C,7,4,1000,30000,0.621581,0.653407,23.4042,0.827647,0.826599,0.769968,0.595902
T-B3-C,7,4,1000,300000,0.566641,0.591468,18.2575,0.740951,0.74424,0.703502,0.559988
T-B3-C,7,4,3000,30000,0.527217,0.555149,20.5407,0.783059,0.756769,0.645159,0.40565
T-B3-C,7,4,3000,300000,0.480646,0.503733,16.9779,0.702489,0.683895,0.592446,0.383878
T-B3-C,7,4,8000,30000,0.432824,0.455744,16.8548,0.707273,0.661313,0.503953,0.246688
T-B3-C,7,4,8000,300000,0.397305,0.416708,14.2692,0.639513,0.602628,0.467683,0.237982
T-B3-C,7,4.5,1000,30000,0.568711,0.653407,62.284,0.692845,0.741686,0.740945,0.595961
T-B3-C,7,4.5,1000,300000,0.52421,0.591468,49.4605,0.632206,0.675315,0.679366,0.560047
T-B3-C,7,4.5,3000,30000,0.47809,0.555149,56.6686,0.656142,0.681134,0.622197,0.405798
T-B3-C,7,4.5,3000,300000,0.439398,0.503733,47.3115,0.595527,0.619618,0.572474,0.384016
T-B3-C,7,4.5,8000,30000,0.391548,0.455744,47.2087,0.599391,0.599655,0.4878,0.246924
T-B3-C,7,4.5,8000,300000,0.361917,0.416708,40.2928,0.546726,0.549127,0.453308,0.238202
T-B3-C,7,5,1000,30000,0.473112,0.653407,132.587,0.463291,0.565264,0.663747,0.596147
T-B3-C,7,5,1000,300000,0.443788,0.591468,108.603,0.43751,0.527149,0.614323,0.560232
T-B3-C,7,5,3000,30000,0.381169,0.555149,127.943,0.416633,0.511087,0.558656,0.406267
T-B3-C,7,5,3000,300000,0.355675,0.503733,108.881,0.387643,0.472294,0.516842,0.384455
T-B3-C,7,5,8000,30000,0.306475,0.455744,109.771,0.384815,0.45572,0.442211,0.247677
T-B3-C,7,5,8000,300000,0.287255,0.416708,95.1983,0.357709,0.42228,0.412535,0.238905
T-B3-C,8,3,1000,30000,0.650272,0.653407,2.30535,0.902042,0.871176,0.782876,0.595878
T-B3-C,8,3,1000,300000,0.589052,0.591468,1.77658,0.799317,0.779808,0.714179,0.559963
T-B3-C,8,3,3000,30000,0.552447,0.555149,1.98724,0.848956,0.794881,0.655209,0.405588
T-B3-C,8,3,3000,300000,0.501516,0.503733,1.63089,0.757187,0.71599,0.601164,0.38382
T-B3-C,8,3,8000,30000,0.453539,0.455744,1.62142,0.761857,0.691853,0.51097,0.246591
T-B3-C,8,3,8000,300000,0.414852,0.416708,1.3647,0.685892,0.628936,0.473915,0.237891
T-B3-C,8,4,1000,30000,0.624504,0.653407,21.255,0.832083,0.849404,0.770189,0.595903
T-B3-C,8,4,1000,300000,0.568978,0.591468,16.5386,0.744476,0.762487,0.703685,0.559988
T-B3-C,8,4,3000,30000,0.529748,0.555149,18.6798,0.787041,0.776385,0.645333,0.40565
T-B3-C,8,4,3000,300000,0.482779,0.503733,15.4094,0.705821,0.700437,0.592597,0.383878
T-B3-C,8,4,8000,30000,0.434862,0.455744,15.3564,0.710579,0.677065,0.504076,0.246689
T-B3-C,8,4,8000,300000,0.39906,0.416708,12.9781,0.642341,0.616212,0.467792,0.237983
T-B3-C,8,4.5,1000,30000,0.57622,0.653407,56.7622,0.702775,0.801904,0.741603,0.595963
T-B3-C,8,4.5,1000,300000,0.530334,0.591468,44.957,0.640363,0.724335,0.679913,0.560048
T-B3-C,8,4.5,3000,30000,0.484884,0.555149,51.6721,0.665741,0.735087,0.622721,0.4058
T-B3-C,8,4.5,3000,300000,0.445186,0.503733,43.0551,0.603708,0.665535,0.57293,0.384017
T-B3-C,8,4.5,8000,30000,0.397119,0.455744,43.1116,0.607621,0.643734,0.488174,0.246925
T-B3-C,8,4.5,8000,300000,0.36676,0.416708,36.7311,0.553871,0.587419,0.45364,0.238203
T-B3-C,8,5,1000,30000,0.487604,0.653407,121.929,0.477083,0.68491,0.66549,0.596153
T-B3-C,8,5,1000,300000,0.456042,0.591468,99.591,0.449551,0.628245,0.61579,0.560238
T-B3-C,8,5,3000,30000,0.395326,0.555149,117.533,0.431701,0.627806,0.560103,0.406272
T-B3-C,8,5,3000,300000,0.367994,0.503733,99.8215,0.400956,0.57376,0.518108,0.384459
T-B3-C,8,5,8000,30000,0.318546,0.455744,100.894,0.398664,0.555107,0.443265,0.247679
T-B3-C,8,5,8000,300000,0.297936,0.416708,87.344,0.370088,0.510102,0.413476,0.238907
T-B3-C,9,3,1000,30000,0.650113,0.653407,2.42204,0.901751,0.87003,0.782862,0.595878
T-B3-C,9,3,1000,300000,0.588927,0.591468,1.86889,0.79909,0.778899,0.714168,0.559963
T-B3-C,9,3,3000,30000,0.552313,0.555149,2.08601,0.848705,0.793914,0.655199,0.405588
T-B3-C,9,3,3000,300000,0.501403,0.503733,1.71363,0.756978,0.715178,0.601155,0.38382
T-B3-C,9,3,8000,30000,0.453431,0.455744,1.7004,0.761651,0.691082,0.510962,0.246591
T-B3-C,9,3,8000,300000,0.41476,0.416708,1.43241,0.685717,0.628274,0.473908,0.237891
T-B3-C,9,4,1000,30000,0.623057,0.653407,22.3191,0.829592,0.838706,0.77006,0.595902
T-B3-C,9,4,1000,300000,0.567822,0.591468,17.3888,0.742498,0.75394,0.703578,0.559988
T-B3-C,9,4,3000,30000,0.528496,0.555149,19.6005,0.784809,0.76721,0.645232,0.40565
T-B3-C,9,4,3000,300000,0.481725,0.503733,16.1847,0.703954,0.692706,0.592509,0.383878
T-B3-C,9,4,8000,30000,0.433852,0.455744,16.0989,0.708726,0.669703,0.504005,0.246688
T-B3-C,9,4,8000,300000,0.398191,0.416708,13.6173,0.640756,0.609868,0.467729,0.237982
T-B3-C,9,4.5,1000,30000,0.572453,0.653407,59.5324,0.697141,0.772923,0.74122,0.595961
T-B3-C,9,4.5,1000,300000,0.527268,0.591468,47.2121,0.635739,0.70083,0.679595,0.560047
T-B3-C,9,4.5,3000,30000,0.481489,0.555149,54.1691,0.660316,0.709332,0.622416,0.405798
T-B3-C,9,4.5,3000,300000,0.442297,0.503733,45.1797,0.599087,0.643662,0.572665,0.384016
T-B3-C,9,4.5,8000,30000,0.394335,0.455744,45.1596,0.602974,0.622762,0.487956,0.246924
T-B3-C,9,4.5,8000,300000,0.364342,0.416708,38.5094,0.549839,0.56923,0.453447,0.238202
T-B3-C,9,5,1000,30000,0.480099,0.653407,127.448,0.469088,0.624012,0.664479,0.596148
T-B3-C,9,5,1000,300000,0.449716,0.591468,104.243,0.442579,0.577148,0.614939,0.560233
T-B3-C,9,5,3000,30000,0.388057,0.555149,122.878,0.423015,0.56928,0.559263,0.406268
T-B3-C,9,5,3000,300000,0.36168,0.503733,104.465,0.393286,0.523092,0.517373,0.384456
T-B3-C,9,5,8000,30000,0.312368,0.455744,105.437,0.390705,0.505655,0.442653,0.247677
T-B3-C,9,5,8000,300000,0.292478,0.416708,91.3575,0.362977,0.466549,0.412929,0.238905
T-B3-C,10,3,1000,30000,0.650323,0.653407,2.26765,0.902185,0.871476,0.782877,0.595878
T-B3-C,10,3,1000,300000,0.589093,0.591468,1.74688,0.799429,0.780046,0.71418,0.559963
T-B3-C,10,3,3000,30000,0.552491,0.555149,1.95514,0.849079,0.795134,0.65521,0.405588
T-B3-C,10,3,3000,300000,0.501552,0.503733,1.60409,0.757289,0.716202,0.601165,0.38382
T-B3-C,10,3,8000,30000,0.453574,0.455744,1.59556,0.761958,0.692054,0.51097,0.246591
T-B3-C,10,3,8000,300000,0.414882,0.416708,1.3426,0.685977,0.629109,0.473916,0.237891
T-B3-C,10,4,1000,30000,0.624969,0.653407,20.9131,0.833312,0.852233,0.770204,0.595903
T-B3-C,10,4,1000,300000,0.569349,0.591468,16.2663,0.745452,0.764743,0.703697,0.559988
T-B3-C,10,4,3000,30000,0.530153,0.555149,18.3818,0.788141,0.778806,0.645345,0.40565
T-B3-C,10,4,3000,300000,0.483119,0.503733,15.1592,0.706741,0.702474,0.592607,0.383878
T-B3-C,10,4,8000,30000,0.435191,0.455744,15.1143,0.711492,0.679007,0.504085,0.246689
T-B3-C,10,4,8000,300000,0.399343,0.416708,12.7702,0.643122,0.617884,0.467799,0.237983
T-B3-C,10,4.5,1000,30000,0.577417,0.653407,55.8819,0.705597,0.809772,0.741648,0.595963
T-B3-C,10,4.5,1000,300000,0.531307,0.591468,44.2419,0.642673,0.730689,0.679951,0.560048
T-B3-C,10,4.5,3000,30000,0.485973,0.555149,50.8712,0.668446,0.742023,0.622757,0.4058
T-B3-C,10,4.5,3000,300000,0.446111,0.503733,42.3751,0.606009,0.671413,0.572961,0.384017
T-B3-C,10,4.5,8000,30000,0.398021,0.455744,42.4489,0.609934,0.649369,0.488199,0.246925
T-B3-C,10,4.5,8000,300000,0.367541,0.416708,36.1568,0.555875,0.592296,0.453663,0.238203
T-B3-C,10,5,1000,30000,0.489936,0.653407,120.214,0.481218,0.70248,0.665608,0.596154
T-B3-C,10,5,1000,300000,0.458007,0.591468,98.1459,0.453143,0.642868,0.61589,0.560238
T-B3-C,10,5,3000,30000,0.397611,0.555149,115.852,0.43616,0.644416,0.560202,0.406272
T-B3-C,10,5,3000,300000,0.369977,0.503733,98.363,0.404885,0.58807,0.518194,0.384459
T-B3-C,10,5,8000,30000,0.320509,0.455744,99.4505,0.402732,0.569037,0.443336,0.247679
T-B3-C,10,5,8000,300000,0.299668,0.416708,86.0701,0.373715,0.522322,0.41354,0.238908
T-B3-C,11,3,1000,30000,0.650513,0.653407,2.1277,0.902897,0.872268,0.78288,0.595878
T-B3-C,11,3,1000,300000,0.589242,0.591468,1.63711,0.799984,0.780674,0.714183,0.559963
T-B3-C,11,3,3000,30000,0.552653,0.555149,1.8354,0.849694,0.795802,0.655212,0.405588
T-B3-C,11,3,3000,300000,0.501687,0.503733,1.50447,0.757798,0.716763,0.601167,0.38382
T-B3-C,11,3,8000,30000,0.453706,0.455744,1.49856,0.762461,0.692588,0.510972,0.246591
T-B3-C,11,3,8000,300000,0.414995,0.416708,1.25995,0.686404,0.629567,0.473917,0.237891
T-B3-C,11,4,1000,30000,0.626685,0.653407,19.6509,0.839493,0.859813,0.770229,0.595903
T-B3-C,11,4,1000,300000,0.570711,0.591468,15.2647,0.750346,0.770779,0.703718,0.559988
T-B3-C,11,4,3000,30000,0.531658,0.555149,17.2751,0.793665,0.785273,0.645365,0.405651
T-B3-C,11,4,3000,300000,0.484379,0.503733,14.2327,0.711351,0.707913,0.592624,0.383878
T-B3-C,11,4,8000,30000,0.436422,0.455744,14.2091,0.716076,0.684193,0.504098,0.246689
T-B3-C,11,4,8000,300000,0.400397,0.416708,11.995,0.647035,0.622347,0.467812,0.237983
T-B3-C,11,4.5,1000,30000,0.581792,0.653407,52.6649,0.720044,0.831405,0.741722,0.595963
T-B3-C,11,4.5,1000,300000,0.534853,0.591468,41.6341,0.654459,0.748093,0.680012,0.560049
T-B3-C,11,4.5,3000,30000,0.489985,0.555149,47.9211,0.682223,0.76094,0.622816,0.4058
T-B3-C,11,4.5,3000,300000,0.44951,0.503733,39.8755,0.617699,0.687407,0.573012,0.384017
T-B3-C,11,4.5,8000,30000,0.401365,0.455744,39.9898,0.621693,0.664692,0.488241,0.246925
T-B3-C,11,4.5,8000,300000,0.370433,0.416708,34.0304,0.566047,0.605537,0.4537,0.238203
T-B3-C,11,5,1000,30000,0.498314,0.653407,114.053,0.503304,0.753826,0.665805,0.596154
T-B3-C,11,5,1000,300000,0.465062,0.591468,92.958,0.472212,0.685253,0.616056,0.560239
T-B3-C,11,5,3000,30000,0.405891,0.555149,109.763,0.459735,0.692117,0.560364,0.406272
T-B3-C,11,5,3000,300000,0.377157,0.503733,93.0828,0.425579,0.628975,0.518337,0.384459
T-B3-C,11,5,8000,30000,0.327681,0.455744,94.1763,0.42412,0.60873,0.443455,0.247679
T-B3-C,11,5,8000,300000,0.30599,0.416708,81.421,0.392729,0.557011,0.413646,0.238908
T-B3-C,12,3,1000,30000,0.650771,0.653407,1.93853,0.904023,0.872967,0.782883,0.595878
T-B3-C,12,3,1000,300000,0.589443,0.591468,1.48944,0.80086,0.781227,0.714185,0.559963
T-B3-C,12,3,3000,30000,0.552874,0.555149,1.67288,0.850667,0.796391,0.655215,0.405588
T-B3-C,12,3,3000,300000,0.501871,0.503733,1.36976,0.758602,0.717257,0.601169,0.38382
T-B3-C,12,3,8000,30000,0.453886,0.455744,1.36626,0.763258,0.693058,0.510974,0.246591
T-B3-C,12,3,8000,300000,0.415148,0.416708,1.1476,0.68708,0.629971,0.473919,0.237891
T-B3-C,12,4,1000,30000,0.629007,0.653407,17.9435,0.849409,0.866622,0.770263,0.595903
T-B3-C,12,4,1000,300000,0.572545,0.591468,13.9159,0.758173,0.77619,0.703746,0.559989
T-B3-C,12,4,3000,30000,0.533702,0.555149,15.7724,0.8025,0.791053,0.645391,0.405651
T-B3-C,12,4,3000,300000,0.486084,0.503733,12.9792,0.718712,0.712769,0.592647,0.383878
T-B3-C,12,4,8000,30000,0.438101,0.455744,12.9741,0.723406,0.688819,0.504117,0.246689
T-B3-C,12,4,8000,300000,0.40183,0.416708,10.941,0.653282,0.626324,0.467829,0.237983
T-B3-C,12,4.5,1000,30000,0.587736,0.653407,48.2932,0.743983,0.851693,0.741824,0.595964
T-B3-C,12,4.5,1000,300000,0.539651,0.591468,38.106,0.673872,0.764313,0.680096,0.560049
T-B3-C,12,4.5,3000,30000,0.495447,0.555149,43.9046,0.704828,0.778418,0.622897,0.4058
T-B3-C,12,4.5,3000,300000,0.454121,0.503733,36.484,0.636815,0.702136,0.573083,0.384018
T-B3-C,12,4.5,8000,30000,0.405936,0.455744,36.6278,0.64092,0.678764,0.488299,0.246925
T-B3-C,12,4.5,8000,300000,0.374374,0.416708,31.1325,0.582631,0.617665,0.453752,0.238203
T-B3-C,12,5,1000,30000,0.509992,0.653407,105.466,0.542857,0.807499,0.666073,0.596156
T-B3-C,12,5,1000,300000,0.474831,0.591468,85.7733,0.50598,0.728911,0.616282,0.56024
T-B3-C,12,5,3000,30000,0.417364,0.555149,101.326,0.501123,0.74032,0.560587,0.406273
T-B3-C,12,5,3000,300000,0.387065,0.503733,85.7968,0.461667,0.66997,0.518532,0.38446
T-B3-C,12,5,8000,30000,0.337623,0.455744,86.8649,0.461272,0.648228,0.443617,0.24768
T-B3-C,12,5,8000,300000,0.314723,0.416708,74.999,0.425581,0.591302,0.413791,0.238908
T-B3-C,13,3,1000,30000,0.650096,0.653407,2.43446,0.901696,0.869928,0.782865,0.595878
T-B3-C,13,3,1000,300000,0.588913,0.591468,1.87862,0.799047,0.778818,0.71417,0.559963
T-B3-C,13,3,3000,30000,0.552298,0.555149,2.09667,0.848658,0.793828,0.655201,0.405588
T-B3-C,13,3,3000,300000,0.501391,0.503733,1.7225,0.756939,0.715106,0.601157,0.38382
T-B3-C,13,3,8000,30000,0.45342,0.455744,1.70903,0.761613,0.691014,0.510964,0.246591
T-B3-C,13,3,8000,300000,0.41475,0.416708,1.43977,0.685685,0.628215,0.47391,0.237891
T-B3-C,13,4,1000,30000,0.62291,0.653407,22.4272,0.829133,0.837778,0.770085,0.595903
T-B3-C,13,4,1000,300000,0.567706,0.591468,17.4747,0.742133,0.753197,0.703598,0.559988
T-B3-C,13,4,3000,30000,0.528365,0.555149,19.6965,0.784396,0.766407,0.645251,0.40565
T-B3-C,13,4,3000,300000,0.481615,0.503733,16.2652,0.703608,0.69203,0.592526,0.383878
T-B3-C,13,4,8000,30000,0.433745,0.455744,16.1776,0.708383,0.669056,0.504018,0.246689
T-B3-C,13,4,8000,300000,0.398099,0.416708,13.6848,0.640463,0.60931,0.467741,0.237983
T-B3-C,13,4.5,1000,30000,0.572109,0.653407,59.7857,0.696119,0.770524,0.741293,0.595962
T-B3-C,13,4.5,1000,300000,0.526987,0.591468,47.4189,0.6349,0.698874,0.679655,0.560047
T-B3-C,13,4.5,3000,30000,0.481162,0.555149,54.4098,0.659325,0.707161,0.622474,0.405799
T-B3-C,13,4.5,3000,300000,0.442019,0.503733,45.3844,0.598243,0.641813,0.572715,0.384017
T-B3-C,13,4.5,8000,30000,0.394059,0.455744,45.3626,0.602124,0.620976,0.487997,0.246925
T-B3-C,13,4.5,8000,300000,0.364103,0.416708,38.6856,0.549101,0.567678,0.453483,0.238203
T-B3-C,13,5,1000,30000,0.479581,0.653407,127.829,0.467686,0.619498,0.664668,0.59615
T-B3-C,13,5,1000,300000,0.449271,0.591468,104.57,0.441356,0.57331,0.615098,0.560235
T-B3-C,13,5,3000,30000,0.387499,0.555149,123.288,0.421478,0.564792,0.559421,0.406269
T-B3-C,13,5,3000,300000,0.361191,0.503733,104.824,0.391929,0.519178,0.517511,0.384457
T-B3-C,13,5,8000,30000,0.311863,0.455744,105.808,0.38929,0.501789,0.442768,0.247678
T-B3-C,13,5,8000,300000,0.29203,0.416708,91.6869,0.361713,0.463125,0.413032,0.238906
T-B3-C,14,3,1000,30000,0.650577,0.653407,2.08063,0.903158,0.872492,0.782881,0.595878
T-B3-C,14,3,1000,300000,0.589292,0.591468,1.60025,0.800187,0.780851,0.714184,0.559963
T-B3-C,14,3,3000,30000,0.552708,0.555149,1.79507,0.849919,0.795991,0.655213,0.405588
T-B3-C,14,3,3000,300000,0.501733,0.503733,1.47096,0.757984,0.716922,0.601168,0.38382
T-B3-C,14,3,8000,30000,0.45375,0.455744,1.46583,0.762645,0.692739,0.510973,0.246591
T-B3-C,14,3,8000,300000,0.415033,0.416708,1.2321,0.686561,0.629697,0.473917,0.237891
T-B3-C,14,4,1000,30000,0.627265,0.653407,19.2241,0.841775,0.861983,0.770242,0.595903
T-B3-C,14,4,1000,300000,0.57117,0.591468,14.9268,0.752149,0.772505,0.703729,0.559989
T-B3-C,14,4,3000,30000,0.532167,0.555149,16.9009,0.795699,0.787118,0.645375,0.405651
T-B3-C,14,4,3000,300000,0.484805,0.503733,13.92,0.713048,0.709464,0.592633,0.383878
T-B3-C,14,4,8000,30000,0.436839,0.455744,13.9027,0.717764,0.685671,0.504106,0.246689
T-B3-C,14,4,8000,300000,0.400753,0.416708,11.733,0.648474,0.623617,0.467818,0.237983
T-B3-C,14,4.5,1000,30000,0.583289,0.653407,51.5636,0.72549,0.83778,0.741761,0.595964
T-B3-C,14,4.5,1000,300000,0.536063,0.591468,40.744,0.658886,0.753201,0.680044,0.560049
T-B3-C,14,4.5,3000,30000,0.491354,0.555149,46.9144,0.687382,0.766458,0.622847,0.4058
T-B3-C,14,4.5,3000,300000,0.450667,0.503733,39.0243,0.622068,0.692063,0.573039,0.384018
T-B3-C,14,4.5,8000,30000,0.402506,0.455744,39.1506,0.626086,0.669143,0.488263,0.246925
T-B3-C,14,4.5,8000,300000,0.371418,0.416708,33.3061,0.569841,0.609376,0.45372,0.238203
T-B3-C,14,5,1000,30000,0.501286,0.653407,111.868,0.51204,0.770069,0.665907,0.596155
T-B3-C,14,5,1000,300000,0.46755,0.591468,91.1276,0.479705,0.698535,0.616142,0.560239
T-B3-C,14,5,3000,30000,0.408799,0.555149,107.624,0.468949,0.70688,0.560449,0.406273
T-B3-C,14,5,3000,300000,0.37967,0.503733,91.2345,0.433635,0.641568,0.518411,0.38446
T-B3-C,14,5,8000,30000,0.33019,0.455744,92.3313,0.432422,0.620889,0.443516,0.24768
T-B3-C,14,5,8000,300000,0.308196,0.416708,79.799,0.400087,0.567592,0.413701,0.238908
T-B3-C,15,3,1000,30000,0.650275,0.653407,2.30322,0.902067,0.871171,0.782874,0.595878
T-B3-C,15,3,1000,300000,0.589054,0.591468,1.77495,0.799337,0.779804,0.714178,0.559963
T-B3-C,15,3,3000,30000,0.552449,0.555149,1.98535,0.848978,0.794876,0.655208,0.405588
T-B3-C,15,3,3000,300000,0.501518,0.503733,1.62935,0.757205,0.715986,0.601163,0.38382
T-B3-C,15,3,8000,30000,0.453541,0.455744,1.61983,0.761875,0.691849,0.510969,0.246591
T-B3-C,15,3,8000,300000,0.414854,0.416708,1.36336,0.685907,0.628933,0.473914,0.237891
T-B3-C,15,4,1000,30000,0.624527,0.653407,21.238,0.832299,0.849348,0.770177,0.595903
T-B3-C,15,4,1000,300000,0.568996,0.591468,16.5253,0.744648,0.762442,0.703675,0.559988
T-B3-C,15,4,3000,30000,0.52977,0.555149,18.6638,0.787235,0.776339,0.645324,0.40565
T-B3-C,15,4,3000,300000,0.482797,0.503733,15.3962,0.705983,0.700398,0.592588,0.383878
T-B3-C,15,4,8000,30000,0.43488,0.455744,15.3426,0.71074,0.677029,0.504069,0.246689
T-B3-C,15,4,8000,300000,0.399076,0.416708,12.9664,0.642479,0.616181,0.467786,0.237983
T-B3-C,15,4.5,1000,30000,0.576262,0.653407,56.7312,0.703266,0.801727,0.741567,0.595963
T-B3-C,15,4.5,1000,300000,0.530369,0.591468,44.9315,0.640765,0.724193,0.679883,0.560048
T-B3-C,15,4.5,3000,30000,0.48493,0.555149,51.6381,0.666214,0.73494,0.622693,0.405799
T-B3-C,15,4.5,3000,300000,0.445225,0.503733,43.0263,0.60411,0.665411,0.572905,0.384017
T-B3-C,15,4.5,8000,30000,0.397162,0.455744,43.0804,0.608026,0.643621,0.488153,0.246925
T-B3-C,15,4.5,8000,300000,0.366797,0.416708,36.7041,0.554222,0.58732,0.453622,0.238203
T-B3-C,15,5,1000,30000,0.487609,0.653407,121.926,0.477789,0.684399,0.665395,0.596153
T-B3-C,15,5,1000,300000,0.456051,0.591468,99.5842,0.450165,0.627831,0.61571,0.560237
T-B3-C,15,5,3000,30000,0.395357,0.555149,117.509,0.432465,0.627364,0.560024,0.406271
T-B3-C,15,5,3000,300000,0.368024,0.503733,99.7996,0.40163,0.573384,0.518039,0.384458
T-B3-C,15,5,8000,30000,0.318588,0.455744,100.863,0.399364,0.554758,0.443207,0.247679
T-B3-C,15,5,8000,300000,0.297975,0.416708,87.3154,0.370713,0.509798,0.413425,0.238907
T-B3-C,16,3,1000,30000,0.650407,0.653407,2.2059,0.902474,0.871869,0.782878,0.595878
T-B3-C,16,3,1000,300000,0.589158,0.591468,1.69838,0.799654,0.780357,0.714182,0.559963
T-B3-C,16,3,3000,30000,0.552562,0.555149,1.90238,0.849329,0.795465,0.655212,0.405588
T-B3-C,16,3,3000,300000,0.501612,0.503733,1.56015,0.757495,0.71648,0.601166,0.38382
T-B3-C,16,3,8000,30000,0.453632,0.455744,1.5529,0.762162,0.692319,0.510971,0.246591
T-B3-C,16,3,8000,300000,0.414932,0.416708,1.30621,0.686151,0.629336,0.473916,0.237891
T-B3-C,16,4,1000,30000,0.625726,0.653407,20.356,0.83581,0.855974,0.770217,0.595903
T-B3-C,16,4,1000,300000,0.56995,0.591468,15.8238,0.747431,0.767724,0.703708,0.559988
T-B3-C,16,4,3000,30000,0.530816,0.555149,17.8941,0.790375,0.782001,0.645356,0.40565
T-B3-C,16,4,3000,300000,0.483675,0.503733,14.7505,0.708606,0.705163,0.592616,0.383878
T-B3-C,16,4,8000,30000,0.435732,0.455744,14.7161,0.713346,0.681571,0.504092,0.246689
T-B3-C,16,4,8000,300000,0.399807,0.416708,12.4289,0.644705,0.62009,0.467806,0.237983
T-B3-C,16,4.5,1000,30000,0.579348,0.653407,54.4623,0.711383,0.820336,0.741687,0.595963
T-B3-C,16,4.5,1000,300000,0.532873,0.591468,43.0899,0.647401,0.739201,0.679983,0.560049
T-B3-C,16,4.5,3000,30000,0.487741,0.555149,49.5709,0.673978,0.751293,0.622788,0.4058
T-B3-C,16,4.5,3000,300000,0.44761,0.503733,41.2725,0.610708,0.679257,0.572988,0.384017
T-B3-C,16,4.5,8000,30000,0.399492,0.455744,41.367,0.61466,0.656888,0.488222,0.246925
T-B3-C,16,4.5,8000,300000,0.368815,0.416708,35.2205,0.559967,0.598798,0.453683,0.238203
T-B3-C,16,5,1000,30000,0.493624,0.653407,117.502,0.489883,0.726912,0.665712,0.596154
T-B3-C,16,5,1000,300000,0.461115,0.591468,95.8599,0.460646,0.663106,0.615978,0.560239
T-B3-C,16,5,3000,30000,0.401255,0.555149,113.172,0.445456,0.667289,0.560288,0.406272
T-B3-C,16,5,3000,300000,0.373139,0.503733,96.0376,0.413059,0.607723,0.51827,0.384459
T-B3-C,16,5,8000,30000,0.323661,0.455744,97.1325,0.411189,0.588137,0.443399,0.247679
T-B3-C,16,5,8000,300000,0.302449,0.416708,84.0253,0.381244,0.539041,0.413596,0.238908
T-B3-C,17,3,1000,30000,0.65067,0.653407,2.01275,0.903582,0.872702,0.782881,0.595878
T-B3-C,17,3,1000,300000,0.589364,0.591468,1.54735,0.800517,0.781018,0.714184,0.559963
T-B3-C,17,3,3000,30000,0.552788,0.555149,1.73666,0.850286,0.796168,0.655214,0.405588
T-B3-C,17,3,3000,300000,0.501799,0.503733,1.4226,0.758287,0.71707,0.601168,0.38382
T-B3-C,17,3,8000,30000,0.453815,0.455744,1.41818,0.762946,0.69288,0.510973,0.246591
T-B3-C,17,3,8000,300000,0.415088,0.416708,1.19168,0.686815,0.629818,0.473918,0.237891
T-B3-C,17,4,1000,30000,0.628092,0.653407,18.6164,0.845501,0.864028,0.770245,0.595903
T-B3-C,17,4,1000,300000,0.571822,0.591468,14.4471,0.755091,0.77413,0.703731,0.559988
T-B3-C,17,4,3000,30000,0.532897,0.555149,16.3641,0.799023,0.788855,0.645377,0.405651
T-B3-C,17,4,3000,300000,0.485413,0.503733,13.4725,0.715817,0.710923,0.592635,0.383878
T-B3-C,17,4,8000,30000,0.43744,0.455744,13.4602,0.720522,0.687062,0.504107,0.246689
T-B3-C,17,4,8000,300000,0.401266,0.416708,11.3557,0.650826,0.624813,0.46782,0.237983
T-B3-C,17,4.5,1000,30000,0.585369,0.653407,50.0343,0.734421,0.843863,0.741769,0.595964
T-B3-C,17,4.5,1000,300000,0.537743,0.591468,39.5085,0.666135,0.758065,0.680051,0.560049
T-B3-C,17,4.5,3000,30000,0.493279,0.555149,45.4986,0.695837,0.771704,0.622854,0.4058
T-B3-C,17,4.5,3000,300000,0.452293,0.503733,37.8285,0.629222,0.696484,0.573045,0.384018
T-B3-C,17,4.5,8000,30000,0.404125,0.455744,37.9602,0.633286,0.67337,0.488268,0.246925
T-B3-C,17,4.5,8000,300000,0.372813,0.416708,32.28,0.576053,0.61302,0.453724,0.238203
T-B3-C,17,5,1000,30000,0.505206,0.653407,108.985,0.526553,0.786046,0.66593,0.596155
T-B3-C,17,5,1000,300000,0.470844,0.591468,88.7058,0.492122,0.711545,0.616161,0.560239
T-B3-C,17,5,3000,30000,0.412704,0.555149,104.753,0.484206,0.721275,0.560468,0.406273
T-B3-C,17,5,3000,300000,0.383049,0.503733,88.7496,0.446954,0.653816,0.518427,0.38446
T-B3-C,17,5,8000,30000,0.333601,0.455744,89.8223,0.446154,0.632705,0.44353,0.24768
T-B3-C,17,5,8000,300000,0.311197,0.416708,77.5919,0.412241,0.577854,0.413713,0.238908
T-B3-C,18,3,1000,30000,0.650486,0.653407,2.14777,0.902763,0.872214,0.78288,0.595878
T-B3-C,18,3,1000,300000,0.589221,0.591468,1.65275,0.799879,0.780631,0.714183,0.559963
T-B3-C,18,3,3000,30000,0.55263,0.555149,1.85271,0.849578,0.795756,0.655213,0.405588
T-B3-C,18,3,3000,300000,0.501668,0.503733,1.51879,0.757702,0.716725,0.601167,0.38382
T-B3-C,18,3,8000,30000,0.453687,0.455744,1.5127,0.762366,0.692551,0.510972,0.246591
T-B3-C,18,3,8000,300000,0.414979,0.416708,1.27194,0.686324,0.629536,0.473917,0.237891
T-B3-C,18,4,1000,30000,0.626444,0.653407,19.8282,0.838322,0.859288,0.770235,0.595903
T-B3-C,18,4,1000,300000,0.57052,0.591468,15.4048,0.74942,0.770362,0.703723,0.559988
T-B3-C,18,4,3000,30000,0.531444,0.555149,17.4326,0.792617,0.784825,0.645369,0.405651
T-B3-C,18,4,3000,300000,0.484201,0.503733,14.3641,0.710478,0.707537,0.592628,0.383878
T-B3-C,18,4,8000,30000,0.436245,0.455744,14.3393,0.715206,0.683834,0.504102,0.246689
T-B3-C,18,4,8000,300000,0.400246,0.416708,12.1061,0.646293,0.622037,0.467815,0.237983
T-B3-C,18,4.5,1000,30000,0.581203,0.653407,53.0977,0.717295,0.829885,0.74174,0.595964
T-B3-C,18,4.5,1000,300000,0.534376,0.591468,41.985,0.652221,0.746874,0.680027,0.560049
T-B3-C,18,4.5,3000,30000,0.489433,0.555149,48.3269,0.679603,0.759614,0.62283,0.4058
T-B3-C,18,4.5,3000,300000,0.449043,0.503733,40.2189,0.615479,0.686288,0.573024,0.384018
T-B3-C,18,4.5,8000,30000,0.400898,0.455744,40.3332,0.619456,0.663617,0.488251,0.246925
T-B3-C,18,4.5,8000,300000,0.37003,0.416708,34.3269,0.564114,0.604609,0.453709,0.238203
T-B3-C,18,5,1000,30000,0.497297,0.653407,114.802,0.499052,0.750113,0.665851,0.596155
T-B3-C,18,5,1000,300000,0.464198,0.591468,93.5933,0.46855,0.6822,0.616095,0.560239
T-B3-C,18,5,3000,30000,0.404847,0.555149,110.531,0.455209,0.688686,0.560403,0.406273
T-B3-C,18,5,3000,300000,0.376249,0.503733,93.7509,0.421612,0.626041,0.51837,0.38446
T-B3-C,18,5,8000,30000,0.326753,0.455744,94.8582,0.420017,0.605878,0.443483,0.24768
T-B3-C,18,5,8000,300000,0.305171,0.416708,82.0232,0.389086,0.554524,0.413671,0.238908
T-B3-C,19,3,1000,30000,0.650322,0.653407,2.26871,0.902198,0.871439,0.782876,0.595878
T-B3-C,19,3,1000,300000,0.589091,0.591468,1.74777,0.799439,0.780016,0.71418,0.559963
T-B3-C,19,3,3000,30000,0.552489,0.555149,1.95597,0.84909,0.795102,0.65521,0.405588
T-B3-C,19,3,3000,300000,0.501551,0.503733,1.60482,0.757298,0.716176,0.601165,0.38382
T-B3-C,19,3,8000,30000,0.453573,0.455744,1.59617,0.761967,0.692029,0.51097,0.246591
T-B3-C,19,3,8000,300000,0.414882,0.416708,1.34315,0.685985,0.629087,0.473915,0.237891
T-B3-C,19,4,1000,30000,0.624952,0.653407,20.9253,0.83342,0.851878,0.770195,0.595903
T-B3-C,19,4,1000,300000,0.569335,0.591468,16.2763,0.745537,0.76446,0.70369,0.559988
T-B3-C,19,4,3000,30000,0.53014,0.555149,18.3912,0.788238,0.778503,0.645338,0.40565
T-B3-C,19,4,3000,300000,0.483108,0.503733,15.1674,0.706822,0.70222,0.592601,0.383878
T-B3-C,19,4,8000,30000,0.435182,0.455744,15.1212,0.711573,0.678765,0.50408,0.246689
T-B3-C,19,4,8000,300000,0.399335,0.416708,12.7762,0.643191,0.617676,0.467795,0.237983
T-B3-C,19,4.5,1000,30000,0.577356,0.653407,55.9269,0.705837,0.808763,0.741622,0.595963
T-B3-C,19,4.5,1000,300000,0.531258,0.591468,44.2782,0.64287,0.729876,0.679929,0.560048
T-B3-C,19,4.5,3000,30000,0.485926,0.555149,50.9062,0.66868,0.741142,0.622737,0.4058
T-B3-C,19,4.5,3000,300000,0.44607,0.503733,42.4049,0.606207,0.670667,0.572943,0.384017
T-B3-C,19,4.5,8000,30000,0.397985,0.455744,42.4749,0.610135,0.648658,0.488185,0.246925
T-B3-C,19,4.5,8000,300000,0.367511,0.416708,36.1795,0.556049,0.591681,0.45365,0.238203
T-B3-C,19,5,1000,30000,0.489738,0.653407,120.361,0.481552,0.700106,0.66554,0.596154
T-B3-C,19,5,1000,300000,0.457845,0.591468,98.2652,0.453434,0.640904,0.615833,0.560238
T-B3-C,19,5,3000,30000,0.397443,0.555149,115.976,0.436525,0.642212,0.560145,0.406272
T-B3-C,19,5,3000,300000,0.369833,0.503733,98.4686,0.405207,0.586178,0.518144,0.384459
T-B3-C,19,5,8000,30000,0.320379,0.455744,99.5459,0.403069,0.567209,0.443295,0.247679
T-B3-C,19,5,8000,300000,0.299555,0.416708,86.1532,0.374016,0.520723,0.413503,0.238907
T-B3-C,20,3,1000,30000,0.650231,0.653407,2.33552,0.901944,0.870912,0.782874,0.595878
T-B3-C,20,3,1000,300000,0.58902,0.591468,1.80038,0.799241,0.779598,0.714178,0.559963
T-B3-C,20,3,3000,30000,0.552412,0.555149,2.01286,0.848872,0.794658,0.655208,0.405588
T-B3-C,20,3,3000,300000,0.501486,0.503733,1.65232,0.757117,0.715803,0.601163,0.38382
T-B3-C,20,3,8000,30000,0.453511,0.455744,1.642,0.761788,0.691675,0.510969,0.246591
T-B3-C,20,3,8000,300000,0.414828,0.416708,1.38231,0.685833,0.628783,0.473914,0.237891
T-B3-C,20,4,1000,30000,0.624131,0.653407,21.529,0.831246,0.846916,0.770171,0.595903
T-B3-C,20,4,1000,300000,0.568681,0.591468,16.757,0.743812,0.760501,0.70367,0.559988
T-B3-C,20,4,3000,30000,0.529424,0.555149,18.9179,0.786291,0.774254,0.645319,0.40565
T-B3-C,20,4,3000,300000,0.482507,0.503733,15.6096,0.705194,0.698642,0.592584,0.383878
T-B3-C,20,4,8000,30000,0.434599,0.455744,15.5494,0.709957,0.675355,0.504066,0.246689
T-B3-C,20,4,8000,300000,0.398835,0.416708,13.144,0.641809,0.614739,0.467783,0.237983
T-B3-C,20,4.5,1000,30000,0.575258,0.653407,57.4697,0.700867,0.79506,0.74155,0.595963
T-B3-C,20,4.5,1000,300000,0.529552,0.591468,45.5323,0.638799,0.718797,0.679869,0.560048
T-B3-C,20,4.5,3000,30000,0.484012,0.555149,52.3138,0.663908,0.729032,0.622679,0.405799
T-B3-C,20,4.5,3000,300000,0.444444,0.503733,43.6005,0.602148,0.6604,0.572893,0.384017
T-B3-C,20,4.5,8000,30000,0.3964,0.455744,43.6409,0.606052,0.63881,0.488143,0.246925
T-B3-C,20,4.5,8000,300000,0.366136,0.416708,37.1901,0.552511,0.583153,0.453613,0.238203
T-B3-C,20,5,1000,30000,0.485718,0.653407,123.316,0.474335,0.670016,0.665348,0.596153
T-B3-C,20,5,1000,300000,0.454453,0.591468,100.76,0.447159,0.615807,0.615671,0.560238
T-B3-C,20,5,3000,30000,0.393485,0.555149,118.886,0.428725,0.613626,0.559985,0.406271
T-B3-C,20,5,3000,300000,0.366395,0.503733,100.997,0.398332,0.561517,0.518005,0.384458
T-B3-C,20,5,8000,30000,0.31697,0.455744,102.053,0.395944,0.543176,0.443179,0.247679
T-B3-C,20,5,8000,300000,0.296545,0.416708,88.367,0.36766,0.499618,0.413399,0.238907
T-B3-C,21,3,1000,30000,0.650885,0.653407,1.85407,0.9045,0.873122,0.782884,0.595878
T-B3-C,21,3,1000,300000,0.589532,0.591468,1.424,0.801231,0.78135,0.714186,0.559963
T-B3-C,21,3,3000,30000,0.552974,0.555149,1.59989,0.85108,0.796522,0.655216,0.405588
T-B3-C,21,3,3000,300000,0.501952,0.503733,1.30962,0.758943,0.717367,0.60117,0.38382
T-B3-C,21,3,8000,30000,0.453967,0.455744,1.30649,0.763597,0.693163,0.510974,0.246591
T-B3-C,21,3,8000,300000,0.415216,0.416708,1.09712,0.687366,0.630061,0.473919,0.237891
T-B3-C,21,4,1000,30000,0.630026,0.653407,17.194,0.853637,0.868151,0.770269,0.595903
T-B3-C,21,4,1000,300000,0.573346,0.591468,13.327,0.761503,0.777404,0.703751,0.559989
T-B3-C,21,4,3000,30000,0.534608,0.555149,15.1061,0.806266,0.792346,0.645396,0.405651
T-B3-C,21,4,3000,300000,0.486836,0.503733,12.426,0.721844,0.713855,0.592651,0.383878
T-B3-C,21,4,8000,30000,0.438851,0.455744,12.4224,0.726531,0.689854,0.504121,0.246689
T-B3-C,21,4,8000,300000,0.402468,0.416708,10.4722,0.655942,0.627213,0.467832,0.237983
T-B3-C,21,4.5,1000,30000,0.59026,0.653407,46.4373,0.754339,0.856372,0.741841,0.595964
T-B3-C,21,4.5,1000,300000,0.541684,0.591468,36.6105,0.68224,0.76804,0.680111,0.560049
T-B3-C,21,4.5,3000,30000,0.497804,0.555149,42.1711,0.714572,0.782412,0.622911,0.4058
T-B3-C,21,4.5,3000,300000,0.456107,0.503733,35.0239,0.645036,0.705495,0.573095,0.384018
T-B3-C,21,4.5,8000,30000,0.407931,0.455744,35.1612,0.6492,0.681968,0.488309,0.246925
T-B3-C,21,4.5,8000,300000,0.376088,0.416708,29.8715,0.589759,0.620422,0.453761,0.238203
T-B3-C,21,5,1000,30000,0.514654,0.653407,102.037,0.560624,0.820809,0.66612,0.596156
T-B3-C,21,5,1000,300000,0.478742,0.591468,82.8978,0.521051,0.739628,0.616321,0.56024
T-B3-C,21,5,3000,30000,0.422035,0.555149,97.8906,0.519534,0.751996,0.560626,0.406273
T-B3-C,21,5,3000,300000,0.391101,0.503733,82.8286,0.477658,0.679844,0.518566,0.38446
T-B3-C,21,5,8000,30000,0.341731,0.455744,83.844,0.477724,0.6577,0.443645,0.24768
T-B3-C,21,5,8000,300000,0.318331,0.416708,72.3454,0.440085,0.599489,0.413816,0.238908
T-B3-C,22,3,1000,30000,0.650252,0.653407,2.31973,0.90202,0.871018,0.782873,0.595878
T-B3-C,22,3,1000,300000,0.589037,0.591468,1.788,0.7993,0.779683,0.714177,0.559963
T-B3-C,22,3,3000,30000,0.55243,0.555149,1.99934,0.848937,0.794748,0.655207,0.405588
T-B3-C,22,3,3000,300000,0.501502,0.503733,1.64106,0.757171,0.715878,0.601162,0.38382
T-B3-C,22,3,8000,30000,0.453526,0.455744,1.63104,0.761841,0.691747,0.510968,0.246591
T-B3-C,22,3,8000,300000,0.414841,0.416708,1.37297,0.685879,0.628844,0.473913,0.237891
T-B3-C,22,4,1000,30000,0.624321,0.653407,21.3891,0.831893,0.84791,0.77016,0.595903
T-B3-C,22,4,1000,300000,0.568833,0.591468,16.6459,0.744325,0.761295,0.703661,0.559988
T-B3-C,22,4,3000,30000,0.529592,0.555149,18.7946,0.786872,0.775109,0.645311,0.40565
T-B3-C,22,4,3000,300000,0.482648,0.503733,15.5062,0.705679,0.699362,0.592577,0.383878
T-B3-C,22,4,8000,30000,0.434737,0.455744,15.4483,0.710439,0.676043,0.50406,0.246689
T-B3-C,22,4,8000,300000,0.398953,0.416708,13.0573,0.642221,0.615331,0.467778,0.237983
T-B3-C,22,4.5,1000,30000,0.575723,0.653407,57.1278,0.702336,0.797753,0.741517,0.595963
T-B3-C,22,4.5,1000,300000,0.529931,0.591468,45.2537,0.640003,0.720979,0.679842,0.560048
T-B3-C,22,4.5,3000,30000,0.484445,0.555149,51.9951,0.665322,0.731431,0.622653,0.405799
T-B3-C,22,4.5,3000,300000,0.444813,0.503733,43.3297,0.603351,0.662436,0.572871,0.384017
T-B3-C,22,4.5,8000,30000,0.396764,0.455744,43.3734,0.607263,0.64077,0.488125,0.246925
T-B3-C,22,4.5,8000,300000,0.366451,0.416708,36.9583,0.553561,0.584851,0.453597,0.238203
T-B3-C,22,5,1000,30000,0.486513,0.653407,122.732,0.476435,0.675652,0.665263,0.596152
T-B3-C,22,5,1000,300000,0.45513,0.591468,100.261,0.448988,0.620535,0.6156,0.560237
T-B3-C,22,5,3000,30000,0.394301,0.555149,118.286,0.431003,0.619065,0.559915,0.406271
T-B3-C,22,5,3000,300000,0.367107,0.503733,100.473,0.400341,0.566224,0.517943,0.384458
T-B3-C,22,5,8000,30000,0.317691,0.455744,101.523,0.398029,0.54779,0.443128,0.247679
T-B3-C,22,5,8000,300000,0.297183,0.416708,87.8973,0.369522,0.503679,0.413354,0.238907
T-B3-C,23,3,1000,30000,0.65012,0.653407,2.41704,0.901728,0.870115,0.782868,0.595878
T-B3-C,23,3,1000,300000,0.588932,0.591468,1.86481,0.799072,0.778966,0.714173,0.559963
T-B3-C,23,3,3000,30000,0.552318,0.555149,2.08197,0.848685,0.793985,0.655203,0.405588
T-B3-C,23,3,3000,300000,0.501408,0.503733,1.71017,0.756962,0.715238,0.601159,0.38382
T-B3-C,23,3,8000,30000,0.453436,0.455744,1.69734,0.761635,0.691139,0.510965,0.246591
T-B3-C,23,3,8000,300000,0.414764,0.416708,1.42973,0.685703,0.628322,0.473911,0.237891
T-B3-C,23,4,1000,30000,0.623126,0.653407,22.2683,0.829399,0.839501,0.770112,0.595903
T-B3-C,23,4,1000,300000,0.567878,0.591468,17.3475,0.742345,0.754576,0.703621,0.559988
T-B3-C,23,4,3000,30000,0.528552,0.555149,19.5595,0.784635,0.767888,0.645273,0.40565
T-B3-C,23,4,3000,300000,0.481773,0.503733,16.1497,0.703809,0.693279,0.592544,0.383878
T-B3-C,23,4,8000,30000,0.433894,0.455744,16.0678,0.708582,0.670244,0.504034,0.246689
T-B3-C,23,4,8000,300000,0.398228,0.416708,13.5901,0.640633,0.610334,0.467754,0.237983
T-B3-C,23,4.5,1000,30000,0.572671,0.653407,59.3724,0.696712,0.775094,0.741375,0.595962
T-B3-C,23,4.5,1000,300000,0.527445,0.591468,47.082,0.635387,0.702592,0.679724,0.560048
T-B3-C,23,4.5,3000,30000,0.481667,0.555149,54.0382,0.6599,0.711249,0.62254,0.405799
T-B3-C,23,4.5,3000,300000,0.442449,0.503733,45.0678,0.598733,0.645291,0.572772,0.384017
T-B3-C,23,4.5,8000,30000,0.394471,0.455744,45.0595,0.602617,0.624312,0.488044,0.246925
T-B3-C,23,4.5,8000,300000,0.364461,0.416708,38.422,0.549529,0.570575,0.453525,0.238203
T-B3-C,23,5,1000,30000,0.480698,0.653407,127.008,0.468498,0.628643,0.664886,0.596151
T-B3-C,23,5,1000,300000,0.450213,0.591468,103.878,0.442066,0.581033,0.615282,0.560236
T-B3-C,23,5,3000,30000,0.388578,0.555149,122.494,0.422368,0.573698,0.559602,0.40627
T-B3-C,23,5,3000,300000,0.36213,0.503733,104.134,0.392716,0.526917,0.517669,0.384457
T-B3-C,23,5,8000,30000,0.312777,0.455744,105.137,0.39011,0.509361,0.4429,0.247678
T-B3-C,23,5,8000,300000,0.292838,0.416708,91.0931,0.362446,0.469814,0.41315,0.238907
T-B3-C,mean,3,1000,30000,0.650245,0.653407,2.3251,0.902002,0.870971,0.782872,0.595878
T-B3-C,mean,3,1000,300000,0.589031,0.591468,1.79224,0.799286,0.779645,0.714177,0.559963
T-B3-C,mean,3,3000,30000,0.552424,0.555149,2.00391,0.848921,0.794708,0.655207,0.405588
T-B3-C,mean,3,3000,300000,0.501497,0.503733,1.64488,0.757158,0.715845,0.601162,0.38382
T-B3-C,mean,3,8000,30000,0.453521,0.455744,1.63471,0.761828,0.691715,0.510968,0.246591
T-B3-C,mean,3,8000,300000,0.414837,0.416708,1.37611,0.685867,0.628817,0.473913,0.237891
T-B3-C,mean,4,1000,30000,0.624255,0.653407,21.4379,0.831734,0.847465,0.770159,0.595903
T-B3-C,mean,4,1000,300000,0.56878,0.591468,16.6847,0.744199,0.76094,0.70366,0.559988
T-B3-C,mean,4,3000,30000,0.529534,0.555149,18.837,0.786729,0.774727,0.645309,0.40565
T-B3-C,mean,4,3000,300000,0.482599,0.503733,15.5419,0.70556,0.699041,0.592576,0.383878
T-B3-C,mean,4,8000,30000,0.43469,0.455744,15.4827,0.710321,0.675737,0.504059,0.246689
T-B3-C,mean,4,8000,300000,0.398912,0.416708,13.0868,0.64212,0.615067,0.467777,0.237983
T-B3-C,mean,4.5,1000,30000,0.575552,0.653407,57.2532,0.701973,0.796532,0.741513,0.595963
T-B3-C,mean,4.5,1000,300000,0.529792,0.591468,45.3558,0.639705,0.719991,0.679838,0.560048
T-B3-C,mean,4.5,3000,30000,0.48429,0.555149,52.1091,0.664974,0.73035,0.622649,0.405799
T-B3-C,mean,4.5,3000,300000,0.444681,0.503733,43.4266,0.603054,0.661519,0.572867,0.384017
T-B3-C,mean,4.5,8000,30000,0.396635,0.455744,43.4676,0.606965,0.63989,0.488123,0.246925
T-B3-C,mean,4.5,8000,300000,0.36634,0.416708,37.04,0.553302,0.584089,0.453595,0.238203
T-B3-C,mean,5,1000,30000,0.486183,0.653407,122.975,0.47591,0.673021,0.665251,0.596152
T-B3-C,mean,5,1000,300000,0.454852,0.591468,100.466,0.448531,0.618335,0.61559,0.560237
T-B3-C,mean,5,3000,30000,0.393977,0.555149,118.525,0.430436,0.616553,0.559905,0.406271
T-B3-C,mean,5,3000,300000,0.366826,0.503733,100.68,0.399841,0.564054,0.517934,0.384458
T-B3-C,mean,5,8000,30000,0.317413,0.455744,101.727,0.397511,0.545673,0.44312,0.247679
T-B3-C,mean,5,8000,300000,0.296938,0.416708,88.0781,0.369059,0.501818,0.413347,0.238907
T-B3-D,0,3,1000,30000,0.649117,0.653407,3.15482,0.902003,0.867445,0.779862,0.595442
T-B3-D,0,3,1000,300000,0.588107,0.591468,2.47185,0.799286,0.776844,0.711692,0.559586
T-B3-D,0,3,3000,30000,0.551533,0.555149,2.65953,0.848923,0.791742,0.652858,0.405295
T-B3-D,0,3,3000,300000,0.50073,0.503733,2.20862,0.757159,0.713352,0.599128,0.383556
T-B3-D,0,3,8000,30000,0.452874,0.455744,2.11038,0.76183,0.689361,0.509313,0.246426
T-B3-D,0,3,8000,300000,0.414268,0.416708,1.7942,0.685869,0.626792,0.472446,0.237739
T-B3-D,0,4,1000,30000,0.61367,0.653407,29.2222,0.831731,0.815246,0.742005,0.591663
T-B3-D,0,4,1000,300000,0.560055,0.591468,23.1007,0.744191,0.735102,0.680299,0.556311
T-B3-D,0,4,3000,30000,0.521044,0.555149,25.0807,0.786735,0.747022,0.622976,0.402776
T-B3-D,0,4,3000,300000,0.475275,0.503733,20.928,0.705561,0.675643,0.573182,0.381292
T-B3-D,0,4,8000,30000,0.428493,0.455744,20.0397,0.71033,0.653546,0.488196,0.245068
T-B3-D,0,4,8000,300000,0.393452,0.416708,17.1026,0.642124,0.595905,0.45368,0.236485
T-B3-D,0,4.5,1000,30000,0.546475,0.653407,78.6363,0.701899,0.712974,0.664915,0.583421
T-B3-D,0,4.5,1000,300000,0.505519,0.591468,63.2057,0.639638,0.65172,0.615514,0.549125
T-B3-D,0,4.5,3000,30000,0.46025,0.555149,69.7878,0.664932,0.655203,0.559704,0.397163
T-B3-D,0,4.5,3000,300000,0.4238,0.503733,58.782,0.603013,0.597419,0.517877,0.376231
T-B3-D,0,4.5,8000,30000,0.378866,0.455744,56.535,0.606944,0.578531,0.442634,0.242012
T-B3-D,0,4.5,8000,300000,0.350595,0.416708,48.6193,0.553278,0.530682,0.412991,0.233656
T-B3-D,0,5,1000,30000,0.422156,0.653407,170.059,0.475676,0.514172,0.502914,0.563229
T-B3-D,0,5,1000,300000,0.399929,0.591468,140.856,0.448322,0.483236,0.475471,0.531268
T-B3-D,0,5,3000,30000,0.337672,0.555149,159.93,0.430215,0.459935,0.415698,0.382727
T-B3-D,0,5,3000,300000,0.317145,0.503733,137.215,0.39964,0.427372,0.39009,0.363125
T-B3-D,0,5,8000,30000,0.274551,0.455744,133.247,0.397334,0.41178,0.334306,0.233968
T-B3-D,0,5,8000,300000,0.258464,0.416708,116.371,0.368896,0.383129,0.315142,0.226175
T-B3-D,1,3,1000,30000,0.648543,0.653407,3.57652,0.901544,0.865901,0.778529,0.595187
T-B3-D,1,3,1000,300000,0.587639,0.591468,2.81603,0.798928,0.775616,0.710592,0.559365
T-B3-D,1,3,3000,30000,0.551076,0.555149,2.99514,0.848526,0.79044,0.651818,0.405123
T-B3-D,1,3,3000,300000,0.500339,0.503733,2.49621,0.75683,0.712257,0.598227,0.383402
T-B3-D,1,3,8000,30000,0.45254,0.455744,2.35614,0.761505,0.688324,0.50858,0.246329
T-B3-D,1,3,8000,300000,0.413976,0.416708,2.00936,0.685593,0.6259,0.471795,0.23765
T-B3-D,1,4,1000,30000,0.608605,0.653407,32.9468,0.827845,0.80187,0.730162,0.589303
T-B3-D,1,4,1000,300000,0.555871,0.591468,26.1775,0.741106,0.724317,0.670422,0.554257
T-B3-D,1,4,3000,30000,0.516895,0.555149,28.132,0.783238,0.735337,0.613454,0.401156
T-B3-D,1,4,3000,300000,0.471697,0.503733,23.5594,0.702637,0.665749,0.564894,0.379832
T-B3-D,1,4,8000,30000,0.425419,0.455744,22.3003,0.707419,0.644115,0.481394,0.244148
T-B3-D,1,4,8000,300000,0.390747,0.416708,19.0918,0.639637,0.587744,0.447624,0.235634
T-B3-D,1,4.5,1000,30000,0.534214,0.653407,87.6528,0.693283,0.68191,0.635973,0.577116
T-B3-D,1,4.5,1000,300000,0.495152,0.591468,70.8295,0.63256,0.625959,0.590891,0.543582
T-B3-D,1,4.5,3000,30000,0.449634,0.555149,77.5952,0.656571,0.626188,0.535054,0.392672
T-B3-D,1,4.5,3000,300000,0.414527,0.503733,65.6014,0.595889,0.572473,0.496196,0.372163
T-B3-D,1,4.5,8000,30000,0.370808,0.455744,62.461,0.599753,0.5544,0.424505,0.239408
T-B3-D,1,4.5,8000,300000,0.34343,0.416708,53.888,0.547039,0.50955,0.396726,0.231239
T-B3-D,1,5,1000,30000,0.402041,0.653407,184.852,0.463868,0.46776,0.455168,0.5506
T-B3-D,1,5,1000,300000,0.382141,0.591468,153.937,0.438001,0.442605,0.433131,0.519893
T-B3-D,1,5,3000,30000,0.318471,0.555149,174.05,0.417285,0.411239,0.370375,0.372974
T-B3-D,1,5,3000,300000,0.299926,0.503733,149.878,0.388208,0.384154,0.349302,0.354184
T-B3-D,1,5,8000,30000,0.25917,0.455744,144.558,0.385413,0.368539,0.298669,0.228006
T-B3-D,1,5,8000,300000,0.244493,0.416708,126.645,0.358236,0.344291,0.282619,0.220596
T-B3-D,2,3,1000,30000,0.648419,0.653407,3.66755,0.901471,0.865631,0.778209,0.595114
T-B3-D,2,3,1000,300000,0.587537,0.591468,2.89079,0.798871,0.775402,0.710328,0.559302
T-B3-D,2,3,3000,30000,0.550979,0.555149,3.06657,0.848463,0.790212,0.651568,0.405074
T-B3-D,2,3,3000,300000,0.500255,0.503733,2.55775,0.756778,0.712066,0.598011,0.383358
T-B3-D,2,3,8000,30000,0.45247,0.455744,2.40729,0.761454,0.688143,0.508404,0.246302
T-B3-D,2,3,8000,300000,0.413915,0.416708,2.05436,0.685549,0.625744,0.471639,0.237624
T-B3-D,2,4,1000,30000,0.607527,0.653407,33.7397,0.827235,0.799573,0.727368,0.58864
T-B3-D,2,4,1000,300000,0.554974,0.591468,26.8369,0.740622,0.722461,0.668088,0.553679
T-B3-D,2,4,3000,30000,0.51602,0.555149,28.7749,0.782688,0.733322,0.611198,0.400699
T-B3-D,2,4,3000,300000,0.470939,0.503733,24.1168,0.702177,0.66404,0.562928,0.379419
T-B3-D,2,4,8000,30000,0.424785,0.455744,22.7667,0.706962,0.642486,0.479779,0.243888
T-B3-D,2,4,8000,300000,0.390186,0.416708,19.5044,0.639246,0.586333,0.446186,0.235393
T-B3-D,2,4.5,1000,30000,0.53168,0.653407,89.5168,0.691952,0.676756,0.629392,0.575423
T-B3-D,2,4.5,1000,300000,0.492993,0.591468,72.4174,0.631466,0.621665,0.585268,0.542088
T-B3-D,2,4.5,3000,30000,0.447447,0.555149,79.2031,0.655271,0.621323,0.529385,0.391448
T-B3-D,2,4.5,3000,300000,0.412607,0.503733,67.0134,0.594781,0.568279,0.491198,0.371053
T-B3-D,2,4.5,8000,30000,0.369176,0.455744,63.6608,0.598636,0.550336,0.420314,0.238693
T-B3-D,2,4.5,8000,300000,0.341972,0.416708,54.9605,0.546069,0.505983,0.392959,0.230575
T-B3-D,2,5,1000,30000,0.398156,0.653407,187.709,0.462111,0.460546,0.445089,0.547545
T-B3-D,2,5,1000,300000,0.378678,0.591468,156.484,0.436466,0.436244,0.424127,0.517119
T-B3-D,2,5,3000,30000,0.314752,0.555149,176.786,0.415337,0.403574,0.360663,0.37056
T-B3-D,2,5,3000,300000,0.296573,0.503733,152.343,0.386488,0.377321,0.340524,0.351961
T-B3-D,2,5,8000,30000,0.256214,0.455744,146.732,0.38361,0.361671,0.290947,0.226504
T-B3-D,2,5,8000,300000,0.241795,0.416708,128.629,0.356625,0.338101,0.275549,0.219186
T-B3-D,3,3,1000,30000,0.648311,0.653407,3.74698,0.90137,0.865394,0.777943,0.595056
T-B3-D,3,3,1000,300000,0.587449,0.591468,2.95566,0.798793,0.775213,0.710108,0.559251
T-B3-D,3,3,3000,30000,0.550894,0.555149,3.1292,0.848376,0.790012,0.651361,0.405034
T-B3-D,3,3,3000,300000,0.500182,0.503733,2.61162,0.756706,0.711898,0.597831,0.383322
T-B3-D,3,3,8000,30000,0.452409,0.455744,2.45207,0.761384,0.687985,0.508258,0.246279
T-B3-D,3,3,8000,300000,0.413861,0.416708,2.09365,0.68549,0.625608,0.47151,0.237604
T-B3-D,3,4,1000,30000,0.606595,0.653407,34.4246,0.826396,0.797568,0.725061,0.588112
T-B3-D,3,4,1000,300000,0.554204,0.591468,27.4033,0.739959,0.720842,0.66616,0.553219
T-B3-D,3,4,3000,30000,0.515258,0.555149,29.3355,0.78193,0.731561,0.609336,0.400335
T-B3-D,3,4,3000,300000,0.470279,0.503733,24.6017,0.701543,0.662548,0.561305,0.37909
T-B3-D,3,4,8000,30000,0.424233,0.455744,23.1727,0.706341,0.641066,0.478453,0.243681
T-B3-D,3,4,8000,300000,0.389699,0.416708,19.8626,0.638715,0.585104,0.445004,0.235201
T-B3-D,3,4.5,1000,30000,0.529541,0.653407,91.0895,0.690142,0.672305,0.624031,0.5741
T-B3-D,3,4.5,1000,300000,0.491183,0.591468,73.7482,0.62999,0.617956,0.580682,0.540918
T-B3-D,3,4.5,3000,30000,0.445568,0.555149,80.585,0.653487,0.617109,0.524757,0.390488
T-B3-D,3,4.5,3000,300000,0.410964,0.503733,68.2218,0.593265,0.564646,0.487117,0.370181
T-B3-D,3,4.5,8000,30000,0.367775,0.455744,64.6911,0.597124,0.546822,0.416903,0.238131
T-B3-D,3,4.5,8000,300000,0.340723,0.416708,55.8787,0.544757,0.502899,0.389894,0.230052
T-B3-D,3,5,1000,30000,0.395126,0.653407,189.937,0.459892,0.454471,0.4371,0.545248
T-B3-D,3,5,1000,300000,0.376005,0.591468,158.449,0.434564,0.430889,0.416981,0.515027
T-B3-D,3,5,3000,30000,0.311746,0.555149,178.996,0.412778,0.39708,0.352943,0.368733
T-B3-D,3,5,3000,300000,0.293895,0.503733,154.313,0.38426,0.371536,0.333544,0.350276
T-B3-D,3,5,8000,30000,0.253798,0.455744,148.509,0.381237,0.355851,0.284822,0.225363
T-B3-D,3,5,8000,300000,0.239611,0.416708,130.236,0.354523,0.332858,0.269941,0.218114
T-B3-D,4,3,1000,30000,0.648856,0.653407,3.34654,0.901876,0.866679,0.779221,0.595327
T-B3-D,4,3,1000,300000,0.587893,0.591468,2.62869,0.799187,0.776235,0.711163,0.559487
T-B3-D,4,3,3000,30000,0.551326,0.555149,2.81158,0.848813,0.791097,0.652358,0.405218
T-B3-D,4,3,3000,300000,0.500552,0.503733,2.33915,0.757068,0.712809,0.598695,0.383487
T-B3-D,4,3,8000,30000,0.452723,0.455744,2.22119,0.761741,0.688847,0.50896,0.246382
T-B3-D,4,3,8000,300000,0.414136,0.416708,1.89141,0.685792,0.62635,0.472133,0.237699
T-B3-D,4,4,1000,30000,0.611342,0.653407,30.9336,0.830646,0.808562,0.736263,0.590594
T-B3-D,4,4,1000,300000,0.55813,0.591468,24.5161,0.743329,0.729717,0.675514,0.555381
T-B3-D,4,4,3000,30000,0.519149,0.555149,26.4744,0.785763,0.741196,0.618369,0.402044
T-B3-D,4,4,3000,300000,0.473638,0.503733,22.1314,0.704747,0.670712,0.569173,0.380632
T-B3-D,4,4,8000,30000,0.427097,0.455744,21.0664,0.709522,0.648849,0.484907,0.244653
T-B3-D,4,4,8000,300000,0.392221,0.416708,18.0074,0.641434,0.591841,0.450753,0.236101
T-B3-D,4,4.5,1000,30000,0.540724,0.653407,82.8659,0.699458,0.69722,0.650667,0.580509
T-B3-D,4,4.5,1000,300000,0.500659,0.591468,66.78,0.637633,0.63868,0.603414,0.546569
T-B3-D,4,4.5,3000,30000,0.455318,0.555149,73.4149,0.662579,0.640559,0.547627,0.395102
T-B3-D,4,4.5,3000,300000,0.419491,0.503733,61.951,0.601007,0.584841,0.507265,0.374365
T-B3-D,4,4.5,8000,30000,0.37515,0.455744,59.2681,0.604927,0.566381,0.433773,0.240821
T-B3-D,4,4.5,8000,300000,0.347288,0.416708,51.0508,0.551527,0.520051,0.405047,0.232551
T-B3-D,4,5,1000,30000,0.412317,0.653407,177.294,0.472232,0.489979,0.478678,0.557135
T-B3-D,4,5,1000,300000,0.391251,0.591468,147.238,0.445315,0.46212,0.454044,0.525798
T-B3-D,4,5,3000,30000,0.328395,0.555149,166.753,0.426475,0.434696,0.392841,0.378069
T-B3-D,4,5,3000,300000,0.308833,0.503733,143.327,0.396334,0.405013,0.369556,0.358862
T-B3-D,4,5,8000,30000,0.267194,0.455744,138.657,0.393904,0.389461,0.316419,0.231142
T-B3-D,4,5,8000,300000,0.251785,0.416708,121.283,0.36583,0.363112,0.29884,0.223533
T-B3-D,5,3,1000,30000,0.648644,0.653407,3.50218,0.901612,0.866143,0.778781,0.595241
T-B3-D,5,3,1000,300000,0.587721,0.591468,2.75511,0.798981,0.775809,0.7108,0.559412
T-B3-D,5,3,3000,30000,0.551156,0.555149,2.93648,0.848585,0.790644,0.652014,0.405159
T-B3-D,5,3,3000,300000,0.500407,0.503733,2.44578,0.756878,0.712429,0.598397,0.383434
T-B3-D,5,3,8000,30000,0.452597,0.455744,2.31375,0.761553,0.688487,0.508718,0.24635
T-B3-D,5,3,8000,300000,0.414026,0.416708,1.97213,0.685634,0.62604,0.471918,0.237669
T-B3-D,5,4,1000,30000,0.609489,0.653407,32.2963,0.828418,0.803939,0.732371,0.589794
T-B3-D,5,4,1000,300000,0.556605,0.591468,25.6377,0.741561,0.725988,0.672267,0.554685
T-B3-D,5,4,3000,30000,0.517615,0.555149,27.6024,0.783754,0.737151,0.615236,0.401495
T-B3-D,5,4,3000,300000,0.47232,0.503733,23.1011,0.703069,0.667286,0.566445,0.380137
T-B3-D,5,4,8000,30000,0.425946,0.455744,21.9126,0.707849,0.64558,0.482668,0.244341
T-B3-D,5,4,8000,300000,0.391212,0.416708,18.7495,0.640004,0.589013,0.448759,0.235812
T-B3-D,5,4.5,1000,30000,0.536315,0.653407,86.1081,0.694539,0.686598,0.641241,0.578392
T-B3-D,5,4.5,1000,300000,0.496938,0.591468,69.5165,0.633593,0.62986,0.595386,0.544706
T-B3-D,5,4.5,3000,30000,0.451448,0.555149,76.2606,0.657794,0.630601,0.539575,0.393589
T-B3-D,5,4.5,3000,300000,0.416118,0.503733,64.4314,0.596932,0.576274,0.500179,0.372995
T-B3-D,5,4.5,8000,30000,0.372172,0.455744,61.4576,0.600806,0.558083,0.427843,0.239942
T-B3-D,5,4.5,8000,300000,0.344647,0.416708,52.9928,0.547953,0.51278,0.399724,0.231736
T-B3-D,5,5,1000,30000,0.40534,0.653407,182.426,0.465552,0.474439,0.463433,0.55299
T-B3-D,5,5,1000,300000,0.385076,0.591468,151.779,0.439475,0.448484,0.440497,0.522058
T-B3-D,5,5,3000,30000,0.321626,0.555149,171.731,0.419139,0.418313,0.378304,0.374849
T-B3-D,5,5,3000,300000,0.302766,0.503733,147.789,0.389848,0.390452,0.356458,0.355907
T-B3-D,5,5,8000,30000,0.261686,0.455744,142.708,0.387127,0.374863,0.304953,0.229165
T-B3-D,5,5,8000,300000,0.246786,0.416708,124.959,0.35977,0.349986,0.288367,0.221683
T-B3-D,6,3,1000,30000,0.65002,0.653407,2.49045,0.903205,0.870248,0.781524,0.595697
T-B3-D,6,3,1000,300000,0.588836,0.591468,1.93517,0.800223,0.77907,0.713064,0.559807
T-B3-D,6,3,3000,30000,0.552266,0.555149,2.12059,0.849962,0.794105,0.654155,0.405466
T-B3-D,6,3,3000,300000,0.501353,0.503733,1.75043,0.758018,0.715337,0.600252,0.38371
T-B3-D,6,3,8000,30000,0.453426,0.455744,1.70414,0.762681,0.69124,0.510227,0.246522
T-B3-D,6,3,8000,300000,0.414748,0.416708,1.44126,0.68659,0.628408,0.473256,0.237828
T-B3-D,6,4,1000,30000,0.621869,0.653407,23.1922,0.842105,0.840602,0.757299,0.594112
T-B3-D,6,4,1000,300000,0.566748,0.591468,18.1789,0.752406,0.755447,0.69301,0.558437
T-B3-D,6,4,3000,30000,0.527846,0.555149,20.0788,0.796026,0.768923,0.635162,0.404442
T-B3-D,6,4,3000,300000,0.481089,0.503733,16.652,0.713315,0.694141,0.583773,0.382791
T-B3-D,6,4,8000,30000,0.433664,0.455744,16.2375,0.718051,0.671149,0.496868,0.246009
T-B3-D,6,4,8000,300000,0.397964,0.416708,13.7844,0.648715,0.611104,0.461392,0.237355
T-B3-D,6,4.5,1000,30000,0.567505,0.653407,63.171,0.725865,0.777238,0.705043,0.590461
T-B3-D,6,4.5,1000,300000,0.523034,0.591468,50.3255,0.659213,0.704368,0.649365,0.555273
T-B3-D,6,4.5,3000,30000,0.478467,0.555149,56.3916,0.687893,0.713564,0.593099,0.402059
T-B3-D,6,4.5,3000,300000,0.439549,0.503733,47.2007,0.622507,0.647261,0.547118,0.380651
T-B3-D,6,4.5,8000,30000,0.392959,0.455744,46.1715,0.626591,0.626462,0.466913,0.244812
T-B3-D,6,4.5,8000,300000,0.363007,0.416708,39.4912,0.570279,0.572435,0.4347,0.23625
T-B3-D,6,5,1000,30000,0.461632,0.653407,141.029,0.511339,0.62919,0.580208,0.580183
T-B3-D,6,5,1000,300000,0.434154,0.591468,115.687,0.479207,0.581791,0.542927,0.546305
T-B3-D,6,5,3000,30000,0.374788,0.555149,132.636,0.468571,0.575623,0.486361,0.395196
T-B3-D,6,5,3000,300000,0.350008,0.503733,113.048,0.433364,0.528735,0.453105,0.374465
T-B3-D,6,5,8000,30000,0.304424,0.455744,111.279,0.432298,0.511847,0.388491,0.241345
T-B3-D,6,5,8000,300000,0.285302,0.416708,96.6351,0.400018,0.472093,0.364256,0.233042
T-B3-D,7,3,1000,30000,0.648395,0.653407,3.68571,0.901438,0.865577,0.778155,0.595102
T-B3-D,7,3,1000,300000,0.587517,0.591468,2.90557,0.798846,0.775359,0.710283,0.559291
T-B3-D,7,3,3000,30000,0.55096,0.555149,3.08103,0.848435,0.790167,0.651526,0.405066
T-B3-D,7,3,3000,300000,0.500238,0.503733,2.57013,0.756754,0.712028,0.597974,0.38335
T-B3-D,7,3,8000,30000,0.452456,0.455744,2.41782,0.761431,0.688107,0.508374,0.246297
T-B3-D,7,3,8000,300000,0.413902,0.416708,2.06356,0.68553,0.625714,0.471613,0.23762
T-B3-D,7,4,1000,30000,0.607314,0.653407,33.8963,0.826964,0.799121,0.726899,0.588527
T-B3-D,7,4,1000,300000,0.554799,0.591468,26.9661,0.740407,0.722096,0.667696,0.553581
T-B3-D,7,4,3000,30000,0.515845,0.555149,28.9041,0.782442,0.732925,0.61082,0.400621
T-B3-D,7,4,3000,300000,0.470787,0.503733,24.2282,0.701972,0.663704,0.562598,0.379349
T-B3-D,7,4,8000,30000,0.424655,0.455744,22.8621,0.706759,0.642165,0.479509,0.243844
T-B3-D,7,4,8000,300000,0.390072,0.416708,19.5883,0.639073,0.586055,0.445945,0.235352
T-B3-D,7,4.5,1000,30000,0.53119,0.653407,89.8771,0.691362,0.675748,0.628297,0.575139
T-B3-D,7,4.5,1000,300000,0.492579,0.591468,72.7221,0.630983,0.620825,0.584331,0.541837
T-B3-D,7,4.5,3000,30000,0.447014,0.555149,79.5215,0.654693,0.62037,0.52844,0.391242
T-B3-D,7,4.5,3000,300000,0.412229,0.503733,67.2915,0.594289,0.567457,0.490365,0.370866
T-B3-D,7,4.5,8000,30000,0.368847,0.455744,63.9027,0.59814,0.549539,0.419614,0.238572
T-B3-D,7,4.5,8000,300000,0.341679,0.416708,55.1756,0.545639,0.505284,0.39233,0.230463
T-B3-D,7,5,1000,30000,0.397448,0.653407,188.229,0.461351,0.459154,0.443438,0.547046
T-B3-D,7,5,1000,300000,0.378052,0.591468,156.944,0.435806,0.435016,0.422651,0.516665
T-B3-D,7,5,3000,30000,0.31405,0.555149,177.302,0.414485,0.40209,0.359068,0.370163
T-B3-D,7,5,3000,300000,0.295946,0.503733,152.805,0.385738,0.375998,0.339081,0.351595
T-B3-D,7,5,8000,30000,0.255642,0.455744,147.153,0.382819,0.360339,0.289677,0.226256
T-B3-D,7,5,8000,300000,0.241277,0.416708,129.01,0.355919,0.336901,0.274386,0.218953
T-B3-D,8,3,1000,30000,0.64872,0.653407,3.44671,0.901694,0.866338,0.778943,0.595274
T-B3-D,8,3,1000,300000,0.587783,0.591468,2.70996,0.799045,0.775964,0.710934,0.55944
T-B3-D,8,3,3000,30000,0.551216,0.555149,2.89213,0.848656,0.790809,0.652141,0.405182
T-B3-D,8,3,3000,300000,0.500459,0.503733,2.40786,0.756938,0.712568,0.598507,0.383454
T-B3-D,8,3,8000,30000,0.452642,0.455744,2.28107,0.761612,0.688618,0.508808,0.246362
T-B3-D,8,3,8000,300000,0.414065,0.416708,1.94359,0.685683,0.626153,0.471997,0.23768
T-B3-D,8,4,1000,30000,0.610149,0.653407,31.8113,0.829114,0.805618,0.733805,0.590097
T-B3-D,8,4,1000,300000,0.557149,0.591468,25.2378,0.742114,0.727343,0.673464,0.554949
T-B3-D,8,4,3000,30000,0.518159,0.555149,27.2023,0.784382,0.738621,0.616391,0.401703
T-B3-D,8,4,3000,300000,0.472788,0.503733,22.7566,0.703594,0.668531,0.567452,0.380325
T-B3-D,8,4,8000,30000,0.426352,0.455744,21.6141,0.708372,0.646769,0.483494,0.244459
T-B3-D,8,4,8000,300000,0.391569,0.416708,18.4873,0.640451,0.590041,0.449495,0.235922
T-B3-D,8,4.5,1000,30000,0.537879,0.653407,84.958,0.696071,0.69043,0.644694,0.579188
T-B3-D,8,4.5,1000,300000,0.49826,0.591468,68.544,0.634852,0.633044,0.598329,0.545408
T-B3-D,8,4.5,3000,30000,0.452818,0.555149,75.2535,0.659286,0.6342,0.54253,0.394159
T-B3-D,8,4.5,3000,300000,0.417313,0.503733,63.5523,0.598203,0.579372,0.502781,0.373512
T-B3-D,8,4.5,8000,30000,0.373221,0.455744,60.6867,0.602091,0.561085,0.430022,0.240274
T-B3-D,8,4.5,8000,300000,0.345579,0.416708,52.308,0.549067,0.515411,0.40168,0.232044
T-B3-D,8,5,1000,30000,0.407794,0.653407,180.621,0.467617,0.479977,0.468948,0.554522
T-B3-D,8,5,1000,300000,0.38725,0.591468,150.18,0.441281,0.45335,0.445404,0.523442
T-B3-D,8,5,3000,30000,0.324004,0.555149,169.982,0.421411,0.424165,0.383576,0.376044
T-B3-D,8,5,3000,300000,0.304899,0.503733,146.221,0.391857,0.395658,0.361212,0.357005
T-B3-D,8,5,8000,30000,0.263614,0.455744,141.29,0.389227,0.380087,0.30912,0.229901
T-B3-D,8,5,8000,300000,0.248538,0.416708,123.671,0.361648,0.354686,0.292175,0.222372
T-B3-D,9,3,1000,30000,0.648543,0.653407,3.57635,0.901554,0.865899,0.778524,0.595186
T-B3-D,9,3,1000,300000,0.587639,0.591468,2.81597,0.798936,0.775615,0.710588,0.559364
T-B3-D,9,3,3000,30000,0.551077,0.555149,2.99487,0.848535,0.790438,0.651814,0.405122
T-B3-D,9,3,3000,300000,0.500339,0.503733,2.49603,0.756837,0.712256,0.598224,0.383401
T-B3-D,9,3,8000,30000,0.45254,0.455744,2.35582,0.761512,0.688323,0.508577,0.246329
T-B3-D,9,3,8000,300000,0.413976,0.416708,2.00911,0.685599,0.625899,0.471793,0.237649
T-B3-D,9,4,1000,30000,0.608606,0.653407,32.9459,0.827932,0.801855,0.730115,0.589292
T-B3-D,9,4,1000,300000,0.555871,0.591468,26.1774,0.741175,0.724306,0.670383,0.554248
T-B3-D,9,4,3000,30000,0.516897,0.555149,28.13,0.783316,0.735325,0.613417,0.401149
T-B3-D,9,4,3000,300000,0.471699,0.503733,23.558,0.702702,0.665738,0.564861,0.379825
T-B3-D,9,4,8000,30000,0.425423,0.455744,22.2976,0.707484,0.644105,0.481367,0.244144
T-B3-D,9,4,8000,300000,0.390749,0.416708,19.0897,0.639693,0.587735,0.4476,0.23563
T-B3-D,9,4.5,1000,30000,0.534213,0.653407,87.6536,0.693472,0.681878,0.635862,0.577088
T-B3-D,9,4.5,1000,300000,0.49515,0.591468,70.8314,0.632715,0.625932,0.590796,0.543558
T-B3-D,9,4.5,3000,30000,0.449638,0.555149,77.592,0.656756,0.626158,0.534958,0.392652
T-B3-D,9,4.5,3000,300000,0.41453,0.503733,65.5995,0.596046,0.572447,0.496112,0.372145
T-B3-D,9,4.5,8000,30000,0.370815,0.455744,62.4556,0.599912,0.554376,0.424434,0.239396
T-B3-D,9,4.5,8000,300000,0.343436,0.416708,53.8839,0.547177,0.509528,0.396663,0.231229
T-B3-D,9,5,1000,30000,0.402025,0.653407,184.863,0.464115,0.467714,0.454995,0.550549
T-B3-D,9,5,1000,300000,0.382125,0.591468,153.949,0.438216,0.442565,0.432977,0.519847
T-B3-D,9,5,3000,30000,0.318467,0.555149,174.054,0.41756,0.411191,0.370209,0.372934
T-B3-D,9,5,3000,300000,0.299919,0.503733,149.883,0.38845,0.384111,0.349152,0.354147
T-B3-D,9,5,8000,30000,0.259174,0.455744,144.555,0.385668,0.368496,0.298537,0.227981
T-B3-D,9,5,8000,300000,0.244495,0.416708,126.644,0.358464,0.344253,0.282499,0.220573
T-B3-D,10,3,1000,30000,0.648723,0.653407,3.44449,0.901737,0.866344,0.778926,0.59527
T-B3-D,10,3,1000,300000,0.587785,0.591468,2.70843,0.799078,0.775968,0.71092,0.559437
T-B3-D,10,3,3000,30000,0.55122,0.555149,2.88986,0.848693,0.790814,0.652128,0.405179
T-B3-D,10,3,3000,300000,0.500461,0.503733,2.40609,0.756968,0.712572,0.598496,0.383452
T-B3-D,10,3,8000,30000,0.452645,0.455744,2.27887,0.761642,0.688622,0.508798,0.246361
T-B3-D,10,3,8000,300000,0.414068,0.416708,1.9418,0.685709,0.626156,0.471989,0.237679
T-B3-D,10,4,1000,30000,0.610172,0.653407,31.7944,0.82947,0.805665,0.733654,0.590065
T-B3-D,10,4,1000,300000,0.557165,0.591468,25.2259,0.742396,0.727381,0.673338,0.554921
T-B3-D,10,4,3000,30000,0.518185,0.555149,27.1834,0.784703,0.738663,0.61627,0.401681
T-B3-D,10,4,3000,300000,0.472808,0.503733,22.7418,0.703862,0.668566,0.567346,0.380305
T-B3-D,10,4,8000,30000,0.426378,0.455744,21.595,0.708639,0.646803,0.483407,0.244447
T-B3-D,10,4,8000,300000,0.39159,0.416708,18.4718,0.640679,0.590071,0.449418,0.23591
T-B3-D,10,4.5,1000,30000,0.537918,0.653407,84.9292,0.696853,0.690537,0.644329,0.579104
T-B3-D,10,4.5,1000,300000,0.498288,0.591468,68.5235,0.635494,0.633133,0.598018,0.545334
T-B3-D,10,4.5,3000,30000,0.452871,0.555149,75.214,0.660048,0.634302,0.542218,0.394099
T-B3-D,10,4.5,3000,300000,0.417356,0.503733,63.5209,0.598852,0.57946,0.502506,0.373457
T-B3-D,10,4.5,8000,30000,0.373279,0.455744,60.6435,0.602748,0.561172,0.429791,0.240239
T-B3-D,10,4.5,8000,300000,0.345627,0.416708,52.2722,0.549637,0.515487,0.401474,0.232011
T-B3-D,10,5,1000,30000,0.407808,0.653407,180.611,0.468672,0.48013,0.468361,0.554359
T-B3-D,10,5,1000,300000,0.387259,0.591468,150.173,0.442203,0.453484,0.444882,0.523295
T-B3-D,10,5,3000,30000,0.324054,0.555149,169.945,0.422572,0.424329,0.383016,0.375917
T-B3-D,10,5,3000,300000,0.30494,0.503733,146.191,0.392883,0.395804,0.360707,0.356888
T-B3-D,10,5,8000,30000,0.263689,0.455744,141.235,0.390302,0.380236,0.308677,0.229823
T-B3-D,10,5,8000,300000,0.248601,0.416708,123.624,0.362609,0.35482,0.291771,0.222299
T-B3-D,11,3,1000,30000,0.649429,0.653407,2.92476,0.902359,0.868389,0.780488,0.595543
T-B3-D,11,3,1000,300000,0.58836,0.591468,2.28541,0.799564,0.777593,0.712209,0.559674
T-B3-D,11,3,3000,30000,0.551785,0.555149,2.47396,0.849231,0.792538,0.653347,0.405363
T-B3-D,11,3,3000,300000,0.500945,0.503733,2.05046,0.757414,0.714021,0.599551,0.383618
T-B3-D,11,3,8000,30000,0.453063,0.455744,1.97167,0.762082,0.689994,0.509657,0.246464
T-B3-D,11,3,8000,300000,0.414433,0.416708,1.67341,0.686083,0.627336,0.472751,0.237774
T-B3-D,11,4,1000,30000,0.616478,0.653407,27.1572,0.834773,0.823623,0.747694,0.592629
T-B3-D,11,4,1000,300000,0.562357,0.591468,21.4083,0.746604,0.741838,0.685032,0.55715
T-B3-D,11,4,3000,30000,0.523366,0.555149,23.3729,0.789467,0.754294,0.627523,0.403435
T-B3-D,11,4,3000,300000,0.477266,0.503733,19.4638,0.707843,0.681792,0.577137,0.381885
T-B3-D,11,4,8000,30000,0.430246,0.455744,18.7508,0.712602,0.659402,0.491437,0.245441
T-B3-D,11,4,8000,300000,0.394985,0.416708,15.9747,0.644065,0.600966,0.456563,0.236829
T-B3-D,11,4.5,1000,30000,0.553506,0.653407,73.4658,0.708785,0.733389,0.679458,0.586134
T-B3-D,11,4.5,1000,300000,0.511409,0.591468,58.8746,0.645281,0.668537,0.627821,0.551499
T-B3-D,11,4.5,3000,30000,0.466353,0.555149,65.2998,0.671573,0.673984,0.571912,0.399065
T-B3-D,11,4.5,3000,300000,0.429096,0.503733,54.8874,0.608661,0.613507,0.528585,0.37795
T-B3-D,11,4.5,8000,30000,0.383565,0.455744,53.0795,0.612642,0.594044,0.451548,0.243104
T-B3-D,11,4.5,8000,300000,0.354747,0.416708,45.5654,0.558216,0.544227,0.420971,0.234669
T-B3-D,11,5,1000,30000,0.434606,0.653407,160.904,0.485498,0.547667,0.529272,0.569364
T-B3-D,11,5,1000,300000,0.410816,0.591468,132.849,0.456873,0.512246,0.498625,0.536739
T-B3-D,11,5,3000,30000,0.34949,0.555149,151.24,0.440879,0.49438,0.440187,0.387323
T-B3-D,11,5,3000,300000,0.327666,0.503733,129.478,0.409046,0.457743,0.412009,0.367316
T-B3-D,11,5,8000,30000,0.284071,0.455744,126.246,0.407114,0.441959,0.353274,0.236718
T-B3-D,11,5,8000,300000,0.267056,0.416708,110.053,0.377624,0.410094,0.332383,0.22874
T-B3-D,12,3,1000,30000,0.649856,0.653407,2.61102,0.903246,0.869599,0.78109,0.595634
T-B3-D,12,3,1000,300000,0.588702,0.591468,2.03416,0.800254,0.778554,0.712706,0.559752
T-B3-D,12,3,3000,30000,0.552136,0.555149,2.21564,0.849998,0.793558,0.653817,0.405424
T-B3-D,12,3,3000,300000,0.501242,0.503733,1.83235,0.758048,0.714878,0.599959,0.383673
T-B3-D,12,3,8000,30000,0.453333,0.455744,1.77292,0.762711,0.690806,0.509989,0.246499
T-B3-D,12,3,8000,300000,0.414666,0.416708,1.50186,0.686615,0.628035,0.473045,0.237806
T-B3-D,12,4,1000,30000,0.620316,0.653407,24.3344,0.842433,0.834598,0.75325,0.593505
T-B3-D,12,4,1000,300000,0.565467,0.591468,19.1209,0.752663,0.75064,0.689649,0.55791
T-B3-D,12,4,3000,30000,0.526604,0.555149,20.9918,0.79633,0.763771,0.631947,0.40403
T-B3-D,12,4,3000,300000,0.480017,0.503733,17.4405,0.713567,0.689794,0.580981,0.382421
T-B3-D,12,4,8000,30000,0.43276,0.455744,16.9021,0.718309,0.667022,0.494585,0.245777
T-B3-D,12,4,8000,300000,0.397166,0.416708,14.3709,0.648934,0.607544,0.459362,0.23714
T-B3-D,12,4.5,1000,30000,0.563185,0.653407,66.3483,0.726506,0.761331,0.694093,0.588664
T-B3-D,12,4.5,1000,300000,0.519431,0.591468,52.9755,0.659739,0.691414,0.640161,0.553708
T-B3-D,12,4.5,3000,30000,0.474904,0.555149,59.0117,0.688556,0.699338,0.584077,0.400822
T-B3-D,12,4.5,3000,300000,0.436455,0.503733,49.4758,0.623068,0.63515,0.539234,0.379535
T-B3-D,12,4.5,8000,30000,0.390328,0.455744,48.1057,0.627182,0.614866,0.460387,0.244108
T-B3-D,12,4.5,8000,300000,0.360677,0.416708,41.2051,0.570789,0.562359,0.428872,0.235598
T-B3-D,12,5,1000,30000,0.452168,0.653407,147.989,0.511928,0.597932,0.557641,0.575523
T-B3-D,12,5,1000,300000,0.426025,0.591468,121.665,0.479745,0.5553,0.523372,0.542198
T-B3-D,12,5,3000,30000,0.366374,0.555149,138.823,0.469318,0.544944,0.466096,0.391842
T-B3-D,12,5,3000,300000,0.342586,0.503733,118.506,0.434036,0.50203,0.435106,0.371424
T-B3-D,12,5,8000,30000,0.297981,0.455744,116.017,0.433049,0.485696,0.373122,0.239387
T-B3-D,12,5,8000,300000,0.279522,0.416708,100.885,0.400696,0.448964,0.350368,0.231223
T-B3-D,13,3,1000,30000,0.648441,0.653407,3.65176,0.901501,0.865676,0.778255,0.595125
T-B3-D,13,3,1000,300000,0.587554,0.591468,2.87796,0.798894,0.775438,0.710365,0.559311
T-B3-D,13,3,3000,30000,0.550996,0.555149,3.05398,0.848489,0.79025,0.651603,0.405081
T-B3-D,13,3,3000,300000,0.50027,0.503733,2.54697,0.756799,0.712098,0.598041,0.383364
T-B3-D,13,3,8000,30000,0.452483,0.455744,2.39807,0.761475,0.688174,0.508429,0.246306
T-B3-D,13,3,8000,300000,0.413926,0.416708,2.04631,0.685567,0.625771,0.471661,0.237628
T-B3-D,13,4,1000,30000,0.607712,0.653407,33.6035,0.827484,0.79996,0.727763,0.588735
T-B3-D,13,4,1000,300000,0.555127,0.591468,26.7247,0.740819,0.722774,0.668418,0.553762
T-B3-D,13,4,3000,30000,0.516174,0.555149,28.6623,0.782912,0.733662,0.611518,0.400765
T-B3-D,13,4,3000,300000,0.471071,0.503733,24.0197,0.702365,0.664329,0.563206,0.379479
T-B3-D,13,4,8000,30000,0.424899,0.455744,22.6832,0.707149,0.642761,0.480008,0.243925
T-B3-D,13,4,8000,300000,0.390285,0.416708,19.431,0.639406,0.586572,0.44639,0.235428
T-B3-D,13,4.5,1000,30000,0.532106,0.653407,89.2031,0.692492,0.677621,0.630318,0.575664
T-B3-D,13,4.5,1000,300000,0.493354,0.591468,72.1523,0.63191,0.622386,0.586059,0.542301
T-B3-D,13,4.5,3000,30000,0.447825,0.555149,78.9254,0.655801,0.622142,0.530183,0.391623
T-B3-D,13,4.5,3000,300000,0.412936,0.503733,66.7711,0.595232,0.568985,0.491903,0.371212
T-B3-D,13,4.5,8000,30000,0.369464,0.455744,63.449,0.599091,0.551021,0.420904,0.238795
T-B3-D,13,4.5,8000,300000,0.342227,0.416708,54.7723,0.546463,0.506584,0.39349,0.23067
T-B3-D,13,5,1000,30000,0.398776,0.653407,187.253,0.462815,0.461746,0.44649,0.547973
T-B3-D,13,5,1000,300000,0.379226,0.591468,156.08,0.437079,0.437303,0.42538,0.517508
T-B3-D,13,5,3000,30000,0.315366,0.555149,176.334,0.416123,0.404852,0.362015,0.370899
T-B3-D,13,5,3000,300000,0.297123,0.503733,151.939,0.38718,0.37846,0.341747,0.352274
T-B3-D,13,5,8000,30000,0.256716,0.455744,146.363,0.384339,0.362818,0.292023,0.226716
T-B3-D,13,5,8000,300000,0.242251,0.416708,128.294,0.357275,0.339135,0.276535,0.219385
T-B3-D,14,3,1000,30000,0.649399,0.653407,2.947,0.902463,0.868259,0.780349,0.595521
T-B3-D,14,3,1000,300000,0.588334,0.591468,2.30433,0.799644,0.77749,0.712095,0.559655
T-B3-D,14,3,3000,30000,0.551763,0.555149,2.49032,0.849321,0.792429,0.653239,0.405348
T-B3-D,14,3,3000,300000,0.500925,0.503733,2.06501,0.757487,0.713929,0.599458,0.383604
T-B3-D,14,3,8000,30000,0.453048,0.455744,1.98221,0.762156,0.689907,0.509581,0.246456
T-B3-D,14,3,8000,300000,0.41442,0.416708,1.68305,0.686145,0.627262,0.472684,0.237767
T-B3-D,14,4,1000,30000,0.616187,0.653407,27.3706,0.835654,0.822457,0.74643,0.59242
T-B3-D,14,4,1000,300000,0.56211,0.591468,21.5897,0.7473,0.740901,0.683981,0.556969
T-B3-D,14,4,3000,30000,0.523149,0.555149,23.5324,0.79026,0.753286,0.626514,0.403293
T-B3-D,14,4,3000,300000,0.477073,0.503733,19.6053,0.708504,0.68094,0.576259,0.381757
T-B3-D,14,4,8000,30000,0.430104,0.455744,18.8549,0.713263,0.658594,0.490718,0.24536
T-B3-D,14,4,8000,300000,0.394856,0.416708,16.0697,0.644629,0.600267,0.455924,0.236755
T-B3-D,14,4.5,1000,30000,0.552689,0.653407,74.0669,0.710765,0.730496,0.676188,0.58554
T-B3-D,14,4.5,1000,300000,0.510711,0.591468,59.3877,0.6469,0.666159,0.625058,0.55098
T-B3-D,14,4.5,3000,30000,0.465718,0.555149,65.7671,0.673491,0.671344,0.569178,0.398651
T-B3-D,14,4.5,3000,300000,0.428532,0.503733,55.3019,0.610289,0.611247,0.526188,0.377575
T-B3-D,14,4.5,8000,30000,0.383138,0.455744,53.3932,0.614293,0.591875,0.449555,0.242866
T-B3-D,14,4.5,8000,300000,0.35436,0.416708,45.8504,0.559645,0.542335,0.419188,0.234449
T-B3-D,14,5,1000,30000,0.432849,0.653407,162.196,0.488292,0.542745,0.523194,0.567981
T-B3-D,14,5,1000,300000,0.40928,0.591468,133.98,0.459305,0.507999,0.4933,0.535509
T-B3-D,14,5,3000,30000,0.347981,0.555149,152.349,0.443928,0.489372,0.434576,0.386296
T-B3-D,14,5,3000,300000,0.326315,0.503733,130.472,0.411733,0.453337,0.406994,0.36638
T-B3-D,14,5,8000,30000,0.28299,0.455744,127.042,0.409921,0.437606,0.348945,0.236106
T-B3-D,14,5,8000,300000,0.26607,0.416708,110.778,0.380126,0.406211,0.328453,0.22817
T-B3-D,15,3,1000,30000,0.648699,0.653407,3.46182,0.901696,0.866281,0.778885,0.595262
T-B3-D,15,3,1000,300000,0.587766,0.591468,2.72243,0.799046,0.775919,0.710886,0.55943
T-B3-D,15,3,3000,30000,0.5512,0.555149,2.90392,0.848657,0.790761,0.652096,0.405174
T-B3-D,15,3,3000,300000,0.500445,0.503733,2.41805,0.756939,0.712527,0.598468,0.383447
T-B3-D,15,3,8000,30000,0.45263,0.455744,2.28946,0.761613,0.68858,0.508776,0.246358
T-B3-D,15,3,8000,300000,0.414055,0.416708,1.95099,0.685684,0.62612,0.471969,0.237676
T-B3-D,15,4,1000,30000,0.609967,0.653407,31.9451,0.829124,0.805129,0.733292,0.58999
T-B3-D,15,4,1000,300000,0.556997,0.591468,25.3493,0.742121,0.726948,0.673036,0.554855
T-B3-D,15,4,3000,30000,0.518013,0.555149,27.3097,0.784391,0.738193,0.615978,0.401629
T-B3-D,15,4,3000,300000,0.472661,0.503733,22.85,0.703601,0.668168,0.567092,0.380258
T-B3-D,15,4,8000,30000,0.426247,0.455744,21.6914,0.708379,0.646423,0.483199,0.244417
T-B3-D,15,4,8000,300000,0.391475,0.416708,18.5559,0.640457,0.589742,0.449232,0.235883
T-B3-D,15,4.5,1000,30000,0.537437,0.653407,85.283,0.69609,0.68931,0.643456,0.578905
T-B3-D,15,4.5,1000,300000,0.497884,0.591468,68.821,0.634867,0.632114,0.597274,0.545159
T-B3-D,15,4.5,3000,30000,0.452443,0.555149,75.5294,0.659306,0.63315,0.541471,0.393957
T-B3-D,15,4.5,3000,300000,0.416983,0.503733,63.7949,0.59822,0.578468,0.501848,0.373328
T-B3-D,15,4.5,8000,30000,0.372944,0.455744,60.8904,0.602108,0.560211,0.429241,0.240156
T-B3-D,15,4.5,8000,300000,0.34533,0.416708,52.4905,0.549083,0.514645,0.400979,0.231935
T-B3-D,15,5,1000,30000,0.407067,0.653407,181.155,0.467638,0.478349,0.466961,0.553975
T-B3-D,15,5,1000,300000,0.386604,0.591468,150.655,0.441299,0.45192,0.443637,0.522948
T-B3-D,15,5,3000,30000,0.323323,0.555149,170.483,0.421437,0.422448,0.381679,0.375618
T-B3-D,15,5,3000,300000,0.304285,0.503733,146.672,0.391879,0.394131,0.359502,0.356613
T-B3-D,15,5,8000,30000,0.263082,0.455744,141.682,0.389252,0.378556,0.307621,0.229639
T-B3-D,15,5,8000,300000,0.248052,0.416708,124.028,0.36167,0.353309,0.290805,0.222126
T-B3-D,16,3,1000,30000,0.649248,0.653407,3.05835,0.902065,0.867848,0.780177,0.595494
T-B3-D,16,3,1000,300000,0.588214,0.591468,2.39309,0.799335,0.777164,0.711952,0.559631
T-B3-D,16,3,3000,30000,0.551637,0.555149,2.58278,0.848977,0.792082,0.653104,0.40533
T-B3-D,16,3,3000,300000,0.500819,0.503733,2.14281,0.757203,0.713637,0.599341,0.383588
T-B3-D,16,3,8000,30000,0.45295,0.455744,2.05416,0.761874,0.689631,0.509486,0.246445
T-B3-D,16,3,8000,300000,0.414335,0.416708,1.74495,0.685906,0.627024,0.472599,0.237757
T-B3-D,16,4,1000,30000,0.614852,0.653407,28.3526,0.832261,0.818803,0.744857,0.592158
T-B3-D,16,4,1000,300000,0.561031,0.591468,22.3833,0.744612,0.737965,0.682673,0.556741
T-B3-D,16,4,3000,30000,0.522008,0.555149,24.3719,0.78721,0.750113,0.625258,0.403114
T-B3-D,16,4,3000,300000,0.476106,0.503733,20.317,0.705958,0.678257,0.575167,0.381596
T-B3-D,16,4,8000,30000,0.429206,0.455744,19.5155,0.710724,0.656035,0.489823,0.245259
T-B3-D,16,4,8000,300000,0.394079,0.416708,16.6413,0.642462,0.598057,0.455128,0.236661
T-B3-D,16,4.5,1000,30000,0.549458,0.653407,76.4429,0.7031,0.721555,0.672152,0.584799
T-B3-D,16,4.5,1000,300000,0.50803,0.591468,61.3592,0.640624,0.658799,0.621643,0.550332
T-B3-D,16,4.5,3000,30000,0.4628,0.555149,67.9128,0.666088,0.663119,0.565794,0.398132
T-B3-D,16,4.5,3000,300000,0.426022,0.503733,57.1477,0.603997,0.604206,0.523221,0.377106
T-B3-D,16,4.5,8000,30000,0.38079,0.455744,55.1199,0.607934,0.585076,0.447086,0.242569
T-B3-D,16,4.5,8000,300000,0.352303,0.416708,47.3629,0.554138,0.536401,0.416978,0.234173
T-B3-D,16,5,1000,30000,0.427492,0.653407,166.135,0.477393,0.527955,0.515815,0.566288
T-B3-D,16,5,1000,300000,0.404609,0.591468,137.414,0.449818,0.495205,0.486823,0.534
T-B3-D,16,5,3000,30000,0.342665,0.555149,156.259,0.432075,0.474172,0.427733,0.385031
T-B3-D,16,5,3000,300000,0.321603,0.503733,133.937,0.401282,0.439945,0.400873,0.365227
T-B3-D,16,5,8000,30000,0.2785,0.455744,130.343,0.399037,0.424285,0.343653,0.235351
T-B3-D,16,5,8000,300000,0.262039,0.416708,113.742,0.370417,0.394317,0.323644,0.227466
T-B3-D,17,3,1000,30000,0.64971,0.653407,2.71821,0.902896,0.869195,0.780914,0.595608
T-B3-D,17,3,1000,300000,0.588586,0.591468,2.11965,0.799982,0.778233,0.712561,0.55973
T-B3-D,17,3,3000,30000,0.552016,0.555149,2.30449,0.849695,0.793217,0.65368,0.405407
T-B3-D,17,3,3000,300000,0.50114,0.503733,1.90713,0.757797,0.714591,0.59984,0.383657
T-B3-D,17,3,8000,30000,0.453239,0.455744,1.84193,0.762463,0.690535,0.509892,0.246489
T-B3-D,17,3,8000,300000,0.414585,0.416708,1.56125,0.686405,0.627801,0.472959,0.237797
T-B3-D,17,4,1000,30000,0.619004,0.653407,25.2996,0.839395,0.8309,0.751619,0.593255
T-B3-D,17,4,1000,300000,0.564408,0.591468,19.9,0.750261,0.747677,0.688295,0.557693
T-B3-D,17,4,3000,30000,0.52549,0.555149,21.8114,0.793611,0.760584,0.630651,0.40386
T-B3-D,17,4,3000,300000,0.479073,0.503733,18.1348,0.7113,0.687104,0.579855,0.382268
T-B3-D,17,4,8000,30000,0.431886,0.455744,17.5444,0.716049,0.664461,0.493663,0.245681
T-B3-D,17,4,8000,300000,0.396411,0.416708,14.9265,0.647006,0.605334,0.458543,0.237051
T-B3-D,17,4.5,1000,30000,0.559867,0.653407,68.7881,0.719406,0.751758,0.689753,0.587934
T-B3-D,17,4.5,1000,300000,0.516691,0.591468,54.9899,0.653956,0.683595,0.636507,0.553071
T-B3-D,17,4.5,3000,30000,0.471955,0.555149,61.1804,0.681772,0.690698,0.580483,0.400316
T-B3-D,17,4.5,3000,300000,0.433924,0.503733,51.3367,0.617319,0.627785,0.536089,0.379079
T-B3-D,17,4.5,8000,30000,0.387975,0.455744,49.8366,0.621381,0.607785,0.45778,0.24382
T-B3-D,17,4.5,8000,300000,0.358619,0.416708,42.7183,0.565777,0.5562,0.426543,0.235331
T-B3-D,17,5,1000,30000,0.446102,0.653407,152.45,0.501124,0.580091,0.549023,0.573698
T-B3-D,17,5,1000,300000,0.42079,0.591468,125.515,0.470419,0.540084,0.515873,0.540584
T-B3-D,17,5,3000,30000,0.360512,0.555149,143.134,0.457743,0.527155,0.458275,0.390513
T-B3-D,17,5,3000,300000,0.33742,0.503733,122.305,0.423881,0.48649,0.428144,0.370218
T-B3-D,17,5,8000,30000,0.293113,0.455744,119.597,0.422522,0.470383,0.367155,0.238606
T-B3-D,17,5,8000,300000,0.27517,0.416708,104.086,0.391343,0.435384,0.344966,0.230497
T-B3-D,18,3,1000,30000,0.649045,0.653407,3.20774,0.902082,0.86721,0.779618,0.595399
T-B3-D,18,3,1000,300000,0.588047,0.591468,2.5159,0.799347,0.776657,0.711492,0.559549
T-B3-D,18,3,3000,30000,0.551477,0.555149,2.70017,0.848991,0.791544,0.652669,0.405266
T-B3-D,18,3,3000,300000,0.500682,0.503733,2.24402,0.757215,0.713186,0.598964,0.38353
T-B3-D,18,3,8000,30000,0.452836,0.455744,2.13855,0.761886,0.689204,0.509179,0.24641
T-B3-D,18,3,8000,300000,0.414234,0.416708,1.81932,0.685916,0.626657,0.472327,0.237724
T-B3-D,18,4,1000,30000,0.613012,0.653407,29.7058,0.832392,0.813183,0.739817,0.591268
T-B3-D,18,4,1000,300000,0.559504,0.591468,23.506,0.744714,0.73344,0.678476,0.555967
T-B3-D,18,4,3000,30000,0.520527,0.555149,25.4605,0.787333,0.745228,0.621222,0.402506
T-B3-D,18,4,3000,300000,0.474824,0.503733,21.2599,0.706059,0.674125,0.571657,0.381048
T-B3-D,18,4,8000,30000,0.428131,0.455744,20.3057,0.710829,0.652103,0.486944,0.244915
T-B3-D,18,4,8000,300000,0.393128,0.416708,17.3403,0.64255,0.594656,0.452567,0.236343
T-B3-D,18,4.5,1000,30000,0.544779,0.653407,79.8839,0.70336,0.708057,0.659435,0.582332
T-B3-D,18,4.5,1000,300000,0.504075,0.591468,64.2677,0.640835,0.647655,0.610865,0.548171
T-B3-D,18,4.5,3000,30000,0.458854,0.555149,70.8142,0.666357,0.650653,0.555072,0.396395
T-B3-D,18,4.5,3000,300000,0.422571,0.503733,59.6862,0.604223,0.593513,0.51381,0.375536
T-B3-D,18,4.5,8000,30000,0.377865,0.455744,57.2709,0.608174,0.574767,0.439241,0.241569
T-B3-D,18,4.5,8000,300000,0.349695,0.416708,49.2804,0.554343,0.52739,0.40995,0.233246
T-B3-D,18,5,1000,30000,0.419023,0.653407,172.363,0.477669,0.506458,0.493416,0.560896
T-B3-D,18,5,1000,300000,0.397165,0.591468,142.889,0.450061,0.476518,0.467089,0.529177
T-B3-D,18,5,3000,30000,0.334836,0.555149,162.016,0.432407,0.451932,0.406778,0.380954
T-B3-D,18,5,3000,300000,0.314597,0.503733,139.089,0.401575,0.420292,0.382085,0.361504
T-B3-D,18,5,8000,30000,0.272405,0.455744,134.825,0.399364,0.404733,0.327346,0.232897
T-B3-D,18,5,8000,300000,0.256507,0.416708,117.81,0.370708,0.376816,0.308805,0.225174
T-B3-D,19,3,1000,30000,0.648848,0.653407,3.35261,0.901794,0.866672,0.779245,0.595332
T-B3-D,19,3,1000,300000,0.587887,0.591468,2.63313,0.799123,0.776229,0.711183,0.559491
T-B3-D,19,3,3000,30000,0.551318,0.555149,2.81733,0.848742,0.79109,0.652377,0.405221
T-B3-D,19,3,3000,300000,0.500546,0.503733,2.34373,0.757009,0.712804,0.598711,0.38349
T-B3-D,19,3,8000,30000,0.452716,0.455744,2.22639,0.761682,0.688842,0.508974,0.246384
T-B3-D,19,3,8000,300000,0.41413,0.416708,1.8957,0.685743,0.626345,0.472145,0.237701
T-B3-D,19,4,1000,30000,0.611277,0.653407,30.982,0.829956,0.808495,0.73648,0.590637
T-B3-D,19,4,1000,300000,0.558081,0.591468,24.5522,0.742782,0.729664,0.675695,0.555418
T-B3-D,19,4,3000,30000,0.519082,0.555149,26.5233,0.78514,0.741136,0.618543,0.402073
T-B3-D,19,4,3000,300000,0.473585,0.503733,22.1708,0.704227,0.670662,0.569325,0.380658
T-B3-D,19,4,8000,30000,0.427035,0.455744,21.1118,0.709003,0.6488,0.485032,0.244669
T-B3-D,19,4,8000,300000,0.39217,0.416708,18.0452,0.64099,0.591799,0.450864,0.236116
T-B3-D,19,4.5,1000,30000,0.540596,0.653407,82.9595,0.697934,0.697067,0.651197,0.580623
T-B3-D,19,4.5,1000,300000,0.50056,0.591468,66.8526,0.636382,0.638554,0.603865,0.54667
T-B3-D,19,4.5,3000,30000,0.455171,0.555149,73.5227,0.661095,0.640413,0.548078,0.395183
T-B3-D,19,4.5,3000,300000,0.41937,0.503733,62.0396,0.599745,0.584716,0.507662,0.374439
T-B3-D,19,4.5,8000,30000,0.375005,0.455744,59.3744,0.603647,0.566257,0.434105,0.240868
T-B3-D,19,4.5,8000,300000,0.347166,0.416708,51.1406,0.550418,0.519942,0.405345,0.232595
T-B3-D,19,5,1000,30000,0.412205,0.653407,177.377,0.470158,0.489757,0.479554,0.557365
T-B3-D,19,5,1000,300000,0.391157,0.591468,147.306,0.443503,0.461926,0.45482,0.526005
T-B3-D,19,5,3000,30000,0.32822,0.555149,166.882,0.424196,0.434457,0.393672,0.378247
T-B3-D,19,5,3000,300000,0.308684,0.503733,143.437,0.394321,0.404802,0.370304,0.359025
T-B3-D,19,5,8000,30000,0.266991,0.455744,138.807,0.391797,0.389244,0.317072,0.23125
T-B3-D,19,5,8000,300000,0.251608,0.416708,121.413,0.363947,0.362918,0.299437,0.223635
T-B3-D,20,3,1000,30000,0.64864,0.653407,3.50506,0.901638,0.866138,0.778751,0.595235
T-B3-D,20,3,1000,300000,0.587718,0.591468,2.7577,0.799001,0.775805,0.710776,0.559406
T-B3-D,20,3,3000,30000,0.551154,0.555149,2.93834,0.848607,0.79064,0.651991,0.405155
T-B3-D,20,3,3000,300000,0.500405,0.503733,2.44753,0.756897,0.712426,0.598377,0.383431
T-B3-D,20,3,8000,30000,0.452596,0.455744,2.31467,0.761572,0.688484,0.508702,0.246347
T-B3-D,20,3,8000,300000,0.414025,0.416708,1.97305,0.685649,0.626037,0.471904,0.237666
T-B3-D,20,4,1000,30000,0.609452,0.653407,32.3235,0.828636,0.803897,0.732111,0.589737
T-B3-D,20,4,1000,300000,0.556572,0.591468,25.662,0.741734,0.725954,0.67205,0.554635
T-B3-D,20,4,3000,30000,0.51759,0.555149,27.6205,0.783951,0.737115,0.615026,0.401456
T-B3-D,20,4,3000,300000,0.472297,0.503733,23.118,0.703234,0.667255,0.566263,0.380102
T-B3-D,20,4,8000,30000,0.425934,0.455744,21.9219,0.708013,0.645552,0.482518,0.244319
T-B3-D,20,4,8000,300000,0.3912,0.416708,18.7587,0.640145,0.588988,0.448626,0.235792
T-B3-D,20,4.5,1000,30000,0.536214,0.653407,86.1821,0.695018,0.686502,0.640619,0.578243
T-B3-D,20,4.5,1000,300000,0.496848,0.591468,69.5825,0.633986,0.62978,0.594855,0.544575
T-B3-D,20,4.5,3000,30000,0.451377,0.555149,76.3127,0.658262,0.630512,0.539041,0.393482
T-B3-D,20,4.5,3000,300000,0.416052,0.503733,64.4796,0.59733,0.576197,0.499709,0.372898
T-B3-D,20,4.5,8000,30000,0.372133,0.455744,61.4865,0.601209,0.55801,0.427449,0.23988
T-B3-D,20,4.5,8000,300000,0.344609,0.416708,53.0207,0.548302,0.512716,0.399371,0.231678
T-B3-D,20,5,1000,30000,0.405141,0.653407,182.572,0.466191,0.474297,0.462447,0.552708
T-B3-D,20,5,1000,300000,0.384895,0.591468,151.912,0.440033,0.448359,0.439619,0.521802
T-B3-D,20,5,3000,30000,0.321467,0.555149,171.848,0.419845,0.418166,0.37736,0.374628
T-B3-D,20,5,3000,300000,0.302618,0.503733,147.898,0.390472,0.390322,0.355607,0.355704
T-B3-D,20,5,8000,30000,0.261586,0.455744,142.782,0.387781,0.374734,0.304206,0.229029
T-B3-D,20,5,8000,300000,0.246691,0.416708,125.029,0.360354,0.34987,0.287684,0.221555
T-B3-D,21,3,1000,30000,0.650229,0.653407,2.3367,0.903864,0.870695,0.78166,0.595716
T-B3-D,21,3,1000,300000,0.589001,0.591468,1.8142,0.800735,0.779424,0.713176,0.559823
T-B3-D,21,3,3000,30000,0.552442,0.555149,1.99058,0.850532,0.794481,0.654261,0.405479
T-B3-D,21,3,3000,300000,0.5015,0.503733,1.64211,0.758489,0.715653,0.600343,0.383722
T-B3-D,21,3,8000,30000,0.453567,0.455744,1.60053,0.763149,0.69154,0.510302,0.246529
T-B3-D,21,3,8000,300000,0.414868,0.416708,1.35291,0.686986,0.628666,0.473323,0.237835
T-B3-D,21,4,1000,30000,0.623738,0.653407,21.818,0.847861,0.844777,0.758575,0.594296
T-B3-D,21,4,1000,300000,0.568238,0.591468,17.0831,0.756948,0.758783,0.694068,0.558597
T-B3-D,21,4,3000,30000,0.529467,0.555149,18.8864,0.801172,0.772502,0.636173,0.404567
T-B3-D,21,4,3000,300000,0.48245,0.503733,15.6513,0.7176,0.697156,0.58465,0.382903
T-B3-D,21,4,8000,30000,0.434968,0.455744,15.2779,0.722328,0.674019,0.497586,0.246079
T-B3-D,21,4,8000,300000,0.399083,0.416708,12.9613,0.652358,0.613579,0.462029,0.237419
T-B3-D,21,4.5,1000,30000,0.572174,0.653407,59.7376,0.739505,0.788563,0.708545,0.591012
T-B3-D,21,4.5,1000,300000,0.52685,0.591468,47.5192,0.670293,0.713555,0.652303,0.555752
T-B3-D,21,4.5,3000,30000,0.482715,0.555149,53.2675,0.700873,0.723631,0.595969,0.402437
T-B3-D,21,4.5,3000,300000,0.443165,0.503733,44.5416,0.633489,0.655811,0.549625,0.380991
T-B3-D,21,4.5,8000,30000,0.396444,0.455744,43.6085,0.637674,0.634661,0.468985,0.245027
T-B3-D,21,4.5,8000,300000,0.366031,0.416708,37.2674,0.579841,0.579546,0.436548,0.236448
T-B3-D,21,5,1000,30000,0.470101,0.653407,134.801,0.532775,0.652678,0.587688,0.581663
T-B3-D,21,5,1000,300000,0.441399,0.591468,110.359,0.497621,0.601553,0.549384,0.547606
T-B3-D,21,5,3000,30000,0.383136,0.555149,126.497,0.491363,0.598372,0.49301,0.396249
T-B3-D,21,5,3000,300000,0.357316,0.503733,107.674,0.453302,0.54845,0.458998,0.375419
T-B3-D,21,5,8000,30000,0.311545,0.455744,106.042,0.452938,0.531135,0.393503,0.241956
T-B3-D,21,5,8000,300000,0.291626,0.416708,91.9841,0.418313,0.489091,0.368778,0.23361
T-B3-D,22,3,1000,30000,0.648677,0.653407,3.47793,0.901675,0.866224,0.778836,0.595252
T-B3-D,22,3,1000,300000,0.587748,0.591468,2.73556,0.79903,0.775873,0.710846,0.559422
T-B3-D,22,3,3000,30000,0.551183,0.555149,2.91676,0.848639,0.790712,0.652058,0.405167
T-B3-D,22,3,3000,300000,0.50043,0.503733,2.42904,0.756924,0.712486,0.598435,0.383441
T-B3-D,22,3,8000,30000,0.452618,0.455744,2.29887,0.761598,0.688541,0.508749,0.246354
T-B3-D,22,3,8000,300000,0.414044,0.416708,1.95923,0.685672,0.626087,0.471945,0.237673
T-B3-D,22,4,1000,30000,0.609775,0.653407,32.0862,0.828948,0.804634,0.732857,0.589898
T-B3-D,22,4,1000,300000,0.556839,0.591468,25.4659,0.741981,0.726549,0.672673,0.554775
T-B3-D,22,4,3000,30000,0.517855,0.555149,27.4257,0.784232,0.73776,0.615628,0.401566
T-B3-D,22,4,3000,300000,0.472525,0.503733,22.9499,0.703468,0.667802,0.566787,0.380201
T-B3-D,22,4,8000,30000,0.42613,0.455744,21.7775,0.708247,0.646074,0.482948,0.244381
T-B3-D,22,4,8000,300000,0.391372,0.416708,18.6317,0.640344,0.58944,0.449009,0.23585
T-B3-D,22,4.5,1000,30000,0.53698,0.653407,85.6188,0.695702,0.688181,0.642409,0.578664
T-B3-D,22,4.5,1000,300000,0.497497,0.591468,69.1054,0.634548,0.631176,0.596382,0.544946
T-B3-D,22,4.5,3000,30000,0.452045,0.555149,75.822,0.658929,0.63209,0.540575,0.393784
T-B3-D,22,4.5,3000,300000,0.416636,0.503733,64.0506,0.597898,0.577556,0.50106,0.373172
T-B3-D,22,4.5,8000,30000,0.37264,0.455744,61.1134,0.601783,0.559327,0.428581,0.240056
T-B3-D,22,4.5,8000,300000,0.345061,0.416708,52.6888,0.548801,0.51387,0.400387,0.231841
T-B3-D,22,5,1000,30000,0.406345,0.653407,181.687,0.467112,0.476716,0.46529,0.55351
T-B3-D,22,5,1000,300000,0.385963,0.591468,151.126,0.440838,0.450485,0.44215,0.522528
T-B3-D,22,5,3000,30000,0.322627,0.555149,170.995,0.420859,0.420723,0.380081,0.375255
T-B3-D,22,5,3000,300000,0.30366,0.503733,147.132,0.391368,0.392596,0.358061,0.356281
T-B3-D,22,5,8000,30000,0.26252,0.455744,142.095,0.388719,0.377017,0.306358,0.229416
T-B3-D,22,5,8000,300000,0.247541,0.416708,124.404,0.361193,0.351924,0.289651,0.221918
T-B3-D,23,3,1000,30000,0.648451,0.653407,3.64436,0.901512,0.865698,0.778277,0.59513
T-B3-D,23,3,1000,300000,0.587563,0.591468,2.87191,0.798903,0.775455,0.710384,0.559316
T-B3-D,23,3,3000,30000,0.551004,0.555149,3.04809,0.848498,0.790269,0.651621,0.405085
T-B3-D,23,3,3000,300000,0.500277,0.503733,2.54192,0.756807,0.712114,0.598057,0.383367
T-B3-D,23,3,8000,30000,0.452489,0.455744,2.39379,0.761482,0.688189,0.508441,0.246308
T-B3-D,23,3,8000,300000,0.413931,0.416708,2.04256,0.685574,0.625784,0.471672,0.23763
T-B3-D,23,4,1000,30000,0.607799,0.653407,33.5394,0.827577,0.800147,0.72796,0.588782
T-B3-D,23,4,1000,300000,0.555199,0.591468,26.6718,0.740893,0.722926,0.668583,0.553803
T-B3-D,23,4,3000,30000,0.516245,0.555149,28.6096,0.782996,0.733827,0.611677,0.400798
T-B3-D,23,4,3000,300000,0.471132,0.503733,23.9743,0.702435,0.664468,0.563345,0.379508
T-B3-D,23,4,8000,30000,0.424951,0.455744,22.6444,0.707218,0.642894,0.480122,0.243944
T-B3-D,23,4,8000,300000,0.390332,0.416708,19.3968,0.639465,0.586687,0.446491,0.235445
T-B3-D,23,4.5,1000,30000,0.532308,0.653407,89.0546,0.692694,0.67804,0.630779,0.575785
T-B3-D,23,4.5,1000,300000,0.493525,0.591468,72.0265,0.632075,0.622735,0.586454,0.542407
T-B3-D,23,4.5,3000,30000,0.448002,0.555149,78.795,0.655998,0.622537,0.530582,0.39171
T-B3-D,23,4.5,3000,300000,0.413091,0.503733,66.6571,0.5954,0.569326,0.492254,0.371291
T-B3-D,23,4.5,8000,30000,0.369599,0.455744,63.3501,0.59926,0.551351,0.421199,0.238846
T-B3-D,23,4.5,8000,300000,0.342347,0.416708,54.6843,0.54661,0.506874,0.393755,0.230717
T-B3-D,23,5,1000,30000,0.399075,0.653407,187.033,0.463079,0.462328,0.447191,0.548187
T-B3-D,23,5,1000,300000,0.379491,0.591468,155.885,0.437309,0.437816,0.426007,0.517703
T-B3-D,23,5,3000,30000,0.315659,0.555149,176.119,0.416417,0.405471,0.362692,0.371069
T-B3-D,23,5,3000,300000,0.297385,0.503733,151.746,0.387439,0.379012,0.342359,0.35243
T-B3-D,23,5,8000,30000,0.256953,0.455744,146.188,0.384611,0.363374,0.292562,0.226822
T-B3-D,23,5,8000,300000,0.242466,0.416708,128.136,0.357518,0.339636,0.277028,0.219484
T-B3-D,mean,3,1000,30000,0.648686,0.653407,3.47171,0.901673,0.866245,0.778861,0.595257
T-B3-D,mean,3,1000,300000,0.587755,0.591468,2.73042,0.799028,0.77589,0.710867,0.559426
T-B3-D,mean,3,3000,30000,0.551189,0.555149,2.91194,0.848637,0.79073,0.652077,0.40517
T-B3-D,mean,3,3000,300000,0.500436,0.503733,2.42486,0.756922,0.712501,0.598452,0.383444
T-B3-D,mean,3,8000,30000,0.452622,0.455744,2.29548,0.761596,0.688555,0.508762,0.246356
T-B3-D,mean,3,8000,300000,0.414048,0.416708,1.95622,0.68567,0.626099,0.471957,0.237674
T-B3-D,mean,4,1000,30000,0.60985,0.653407,32.0311,0.82893,0.804812,0.733081,0.589946
T-B3-D,mean,4,1000,300000,0.556901,0.591468,25.4199,0.741968,0.726693,0.67286,0.554817
T-B3-D,mean,4,3000,30000,0.517915,0.555149,27.3817,0.784216,0.737916,0.615808,0.401599
T-B3-D,mean,4,3000,300000,0.472577,0.503733,22.9117,0.703455,0.667934,0.566944,0.380231
T-B3-D,mean,4,8000,30000,0.426173,0.455744,21.7462,0.708234,0.646199,0.483077,0.2444
T-B3-D,mean,4,8000,300000,0.39141,0.416708,18.6038,0.640333,0.589548,0.449124,0.235867
T-B3-D,mean,4.5,1000,30000,0.537162,0.653407,85.485,0.695665,0.688588,0.642948,0.578789
T-B3-D,mean,4.5,1000,300000,0.497652,0.591468,68.9912,0.634518,0.631514,0.596841,0.545056
T-B3-D,mean,4.5,3000,30000,0.452198,0.555149,75.7091,0.658892,0.632471,0.541036,0.393874
T-B3-D,mean,4.5,3000,300000,0.416771,0.503733,63.9512,0.597867,0.577884,0.501466,0.373253
T-B3-D,mean,4.5,8000,30000,0.372753,0.455744,61.0308,0.601751,0.559644,0.428921,0.240108
T-B3-D,mean,4.5,8000,300000,0.345161,0.416708,52.6147,0.548773,0.514148,0.400692,0.23189
T-B3-D,mean,5,1000,30000,0.406644,0.653407,181.467,0.467062,0.477304,0.466149,0.553751
T-B3-D,mean,5,1000,300000,0.386229,0.591468,150.93,0.440795,0.451002,0.442915,0.522745
T-B3-D,mean,5,3000,30000,0.322906,0.555149,170.79,0.420804,0.421344,0.380903,0.375443
T-B3-D,mean,5,3000,300000,0.303912,0.503733,146.947,0.39132,0.393149,0.358802,0.356453
T-B3-D,mean,5,8000,30000,0.262736,0.455744,141.936,0.388667,0.37757,0.307008,0.229531
T-B3-D,mean,5,8000,300000,0.247739,0.416708,124.258,0.361147,0.352422,0.290245,0.222026
T-CAM-C,0,3,1000,30000,0.648944,0.653407,3.28138,0.901404,0.865555,0.779947,0.595753
T-CAM-C,0,3,1000,300000,0.58798,0.591468,2.56526,0.798819,0.775342,0.711763,0.559855
T-CAM-C,0,3,3000,30000,0.551366,0.555149,2.78248,0.848405,0.790148,0.652924,0.405504
T-CAM-C,0,3,3000,300000,0.500595,0.503733,2.3077,0.75673,0.712012,0.599185,0.383744
T-CAM-C,0,3,8000,30000,0.452719,0.455744,2.224,0.761406,0.688092,0.509357,0.246543
T-CAM-C,0,3,8000,300000,0.414139,0.416708,1.88915,0.685509,0.625701,0.472485,0.237848
T-CAM-C,0,4,1000,30000,0.612346,0.653407,30.1956,0.826674,0.798935,0.742778,0.594661
T-CAM-C,0,4,1000,300000,0.559065,0.591468,23.8289,0.740176,0.721948,0.680947,0.558913
T-CAM-C,0,4,3000,30000,0.519639,0.555149,26.1138,0.782181,0.73276,0.623583,0.404813
T-CAM-C,0,4,3000,300000,0.474134,0.503733,21.7667,0.701753,0.663565,0.573713,0.383125
T-CAM-C,0,4,8000,30000,0.427142,0.455744,21.0337,0.706539,0.64203,0.488615,0.246218
T-CAM-C,0,4,8000,300000,0.392315,0.416708,17.9383,0.638884,0.585939,0.454055,0.237548
T-CAM-C,0,4.5,1000,30000,0.544311,0.653407,80.2277,0.690725,0.675341,0.66688,0.592114
T-CAM-C,0,4.5,1000,300000,0.503862,0.591468,64.4245,0.630455,0.620488,0.617189,0.55671
T-CAM-C,0,4.5,3000,30000,0.457321,0.555149,71.9418,0.654076,0.619978,0.561326,0.403191
T-CAM-C,0,4.5,3000,300000,0.421388,0.503733,60.5562,0.593762,0.567121,0.519308,0.38167
T-CAM-C,0,4.5,8000,30000,0.375736,0.455744,58.8369,0.597603,0.549208,0.443783,0.245453
T-CAM-C,0,4.5,8000,300000,0.347931,0.416708,50.5782,0.545172,0.504995,0.414025,0.236843
T-CAM-C,0,5,1000,30000,0.422998,0.653407,169.44,0.460461,0.458611,0.506397,0.584697
T-CAM-C,0,5,1000,300000,0.400668,0.591468,140.313,0.435014,0.43454,0.478552,0.550266
T-CAM-C,0,5,3000,30000,0.335705,0.555149,161.377,0.413534,0.401498,0.4189,0.398391
T-CAM-C,0,5,3000,300000,0.315498,0.503733,138.426,0.384886,0.375473,0.39297,0.377356
T-CAM-C,0,5,8000,30000,0.270779,0.455744,136.021,0.381941,0.359802,0.336724,0.243192
T-CAM-C,0,5,8000,300000,0.255184,0.416708,118.783,0.355127,0.336418,0.317351,0.234755
T-CAM-C,1,3,1000,30000,0.648647,0.653407,3.50002,0.901362,0.865403,0.778659,0.595568
T-CAM-C,1,3,1000,300000,0.587733,0.591468,2.74695,0.798786,0.775221,0.7107,0.559695
T-CAM-C,1,3,3000,30000,0.551139,0.555149,2.94932,0.848369,0.79002,0.651919,0.40538
T-CAM-C,1,3,3000,300000,0.500398,0.503733,2.45286,0.7567,0.711904,0.598315,0.383633
T-CAM-C,1,3,8000,30000,0.452564,0.455744,2.33817,0.761377,0.687991,0.50865,0.246474
T-CAM-C,1,3,8000,300000,0.414001,0.416708,1.99073,0.685484,0.625613,0.471858,0.237783
T-CAM-C,1,4,1000,30000,0.609632,0.653407,32.191,0.826326,0.797646,0.731302,0.592868
T-CAM-C,1,4,1000,300000,0.556791,0.591468,25.5013,0.739901,0.720906,0.671377,0.557357
T-CAM-C,1,4,3000,30000,0.517525,0.555149,27.6683,0.781867,0.73163,0.61437,0.403597
T-CAM-C,1,4,3000,300000,0.472287,0.503733,23.1252,0.70149,0.662606,0.565693,0.382031
T-CAM-C,1,4,8000,30000,0.425684,0.455744,22.1057,0.706283,0.641121,0.482044,0.245532
T-CAM-C,1,4,8000,300000,0.391014,0.416708,18.8956,0.638666,0.585152,0.448205,0.236914
T-CAM-C,1,4.5,1000,30000,0.537247,0.653407,85.4228,0.68998,0.672481,0.638699,0.586816
T-CAM-C,1,4.5,1000,300000,0.497844,0.591468,68.8498,0.629849,0.618104,0.593222,0.552095
T-CAM-C,1,4.5,3000,30000,0.451603,0.555149,76.1471,0.653338,0.617274,0.537381,0.39954
T-CAM-C,1,4.5,3000,300000,0.416346,0.503733,64.2636,0.593136,0.564789,0.49825,0.378378
T-CAM-C,1,4.5,8000,30000,0.37173,0.455744,61.783,0.596982,0.54696,0.426213,0.243375
T-CAM-C,1,4.5,8000,300000,0.344327,0.416708,53.2284,0.544634,0.503021,0.398263,0.234919
T-CAM-C,1,5,1000,30000,0.409015,0.653407,179.723,0.459586,0.454723,0.459457,0.570979
T-CAM-C,1,5,1000,300000,0.388391,0.591468,149.34,0.434273,0.431115,0.43696,0.538173
T-CAM-C,1,5,3000,30000,0.323629,0.555149,170.257,0.412501,0.397342,0.374473,0.388516
T-CAM-C,1,5,3000,300000,0.304662,0.503733,146.395,0.383994,0.371773,0.353007,0.368401
T-CAM-C,1,5,8000,30000,0.262035,0.455744,142.452,0.380983,0.356085,0.301903,0.237423
T-CAM-C,1,5,8000,300000,0.247202,0.416708,124.653,0.354283,0.333071,0.285582,0.229397
T-CAM-C,2,3,1000,30000,0.648783,0.653407,3.39983,0.901369,0.86544,0.779193,0.595683
T-CAM-C,2,3,1000,300000,0.587847,0.591468,2.6631,0.798792,0.77525,0.711141,0.559795
T-CAM-C,2,3,3000,30000,0.551241,0.555149,2.87419,0.848375,0.790051,0.652335,0.405457
T-CAM-C,2,3,3000,300000,0.500487,0.503733,2.38712,0.756705,0.711931,0.598675,0.383702
T-CAM-C,2,3,8000,30000,0.452632,0.455744,2.28814,0.761382,0.688015,0.508943,0.246517
T-CAM-C,2,3,8000,300000,0.414062,0.416708,1.94594,0.685488,0.625635,0.472118,0.237823
T-CAM-C,2,4,1000,30000,0.610884,0.653407,31.271,0.826382,0.797959,0.736018,0.593978
T-CAM-C,2,4,1000,300000,0.557846,0.591468,24.7254,0.739946,0.721158,0.675314,0.55832
T-CAM-C,2,4,3000,30000,0.518482,0.555149,26.9648,0.781917,0.731904,0.618162,0.404351
T-CAM-C,2,4,3000,300000,0.473127,0.503733,22.5073,0.701533,0.662839,0.568996,0.382709
T-CAM-C,2,4,8000,30000,0.426326,0.455744,21.6336,0.706324,0.641341,0.484748,0.245957
T-CAM-C,2,4,8000,300000,0.39159,0.416708,18.4716,0.638701,0.585342,0.450614,0.237307
T-CAM-C,2,4.5,1000,30000,0.540541,0.653407,83.0003,0.6901,0.673173,0.650092,0.590059
T-CAM-C,2,4.5,1000,300000,0.500664,0.591468,66.7765,0.629946,0.61868,0.602931,0.554923
T-CAM-C,2,4.5,3000,30000,0.454216,0.555149,74.2256,0.653458,0.617928,0.547108,0.401783
T-CAM-C,2,4.5,3000,300000,0.41866,0.503733,62.5623,0.593237,0.565353,0.506814,0.380402
T-CAM-C,2,4.5,8000,30000,0.373512,0.455744,60.4726,0.597081,0.547502,0.433364,0.244654
T-CAM-C,2,4.5,8000,300000,0.345938,0.416708,52.044,0.544719,0.503497,0.404684,0.236104
T-CAM-C,2,5,1000,30000,0.415648,0.653407,174.846,0.459713,0.455652,0.477792,0.57912
T-CAM-C,2,5,1000,300000,0.394234,0.591468,145.044,0.434378,0.431932,0.453264,0.54537
T-CAM-C,2,5,3000,30000,0.329253,0.555149,166.122,0.41266,0.398339,0.391952,0.394434
T-CAM-C,2,5,3000,300000,0.309724,0.503733,142.672,0.384128,0.372659,0.368762,0.373775
T-CAM-C,2,5,8000,30000,0.266007,0.455744,139.531,0.38113,0.356974,0.315671,0.2409
T-CAM-C,2,5,8000,300000,0.25084,0.416708,121.978,0.354411,0.333871,0.298163,0.232629
T-CAM-C,3,3,1000,30000,0.648489,0.653407,3.61644,0.901343,0.865348,0.778187,0.595408
T-CAM-C,3,3,1000,300000,0.5876,0.591468,2.84435,0.798772,0.775177,0.71031,0.559557
T-CAM-C,3,3,3000,30000,0.551021,0.555149,3.03607,0.848353,0.789974,0.651551,0.405272
T-CAM-C,3,3,3000,300000,0.500294,0.503733,2.52892,0.756686,0.711866,0.597996,0.383536
T-CAM-C,3,3,8000,30000,0.452487,0.455744,2.3949,0.761366,0.687956,0.508392,0.246413
T-CAM-C,3,3,8000,300000,0.413932,0.416708,2.04156,0.685475,0.625584,0.471629,0.237727
T-CAM-C,3,4,1000,30000,0.608199,0.653407,33.2454,0.826167,0.797185,0.727178,0.591348
T-CAM-C,3,4,1000,300000,0.555582,0.591468,26.3903,0.739782,0.720536,0.667931,0.556037
T-CAM-C,3,4,3000,30000,0.51643,0.555149,28.4734,0.781725,0.73123,0.611046,0.402561
T-CAM-C,3,4,3000,300000,0.471324,0.503733,23.8334,0.701371,0.662268,0.562796,0.381097
T-CAM-C,3,4,8000,30000,0.424962,0.455744,22.6367,0.706188,0.640814,0.479672,0.244945
T-CAM-C,3,4,8000,300000,0.390364,0.416708,19.373,0.638585,0.584888,0.446091,0.236371
T-CAM-C,3,4.5,1000,30000,0.533595,0.653407,88.1084,0.689673,0.671478,0.628955,0.582553
T-CAM-C,3,4.5,1000,300000,0.494718,0.591468,71.1486,0.629627,0.61728,0.584896,0.548364
T-CAM-C,3,4.5,3000,30000,0.448678,0.555149,78.2975,0.653005,0.616324,0.529008,0.396551
T-CAM-C,3,4.5,3000,300000,0.413757,0.503733,66.1676,0.592864,0.563977,0.490868,0.375677
T-CAM-C,3,4.5,8000,30000,0.369763,0.455744,63.2293,0.596758,0.546211,0.420041,0.241657
T-CAM-C,3,4.5,8000,300000,0.342548,0.416708,54.5369,0.544444,0.502369,0.392716,0.233328
T-CAM-C,3,5,1000,30000,0.402357,0.653407,184.619,0.459586,0.453538,0.444452,0.561363
T-CAM-C,3,5,1000,300000,0.382519,0.591468,153.659,0.434373,0.43011,0.423563,0.529596
T-CAM-C,3,5,3000,30000,0.31783,0.555149,174.522,0.412257,0.396014,0.360048,0.381308
T-CAM-C,3,5,3000,300000,0.299456,0.503733,150.223,0.383868,0.370627,0.339973,0.361827
T-CAM-C,3,5,8000,30000,0.257931,0.455744,145.469,0.380764,0.354943,0.290473,0.233108
T-CAM-C,3,5,8000,300000,0.243452,0.416708,127.411,0.354142,0.332067,0.275119,0.225372
T-CAM-C,4,3,1000,30000,0.6489,0.653407,3.31437,0.901396,0.865523,0.779733,0.595735
T-CAM-C,4,3,1000,300000,0.587943,0.591468,2.59251,0.798812,0.775316,0.711587,0.559839
T-CAM-C,4,3,3000,30000,0.551331,0.555149,2.80806,0.848398,0.79012,0.652756,0.405492
T-CAM-C,4,3,3000,300000,0.500565,0.503733,2.32984,0.756724,0.711989,0.599041,0.383733
T-CAM-C,4,3,8000,30000,0.452695,0.455744,2.24196,0.7614,0.68807,0.50924,0.246537
T-CAM-C,4,3,8000,300000,0.414118,0.416708,1.90505,0.685504,0.625682,0.472381,0.237841
T-CAM-C,4,4,1000,30000,0.611937,0.653407,30.4961,0.826606,0.798657,0.740848,0.594483
T-CAM-C,4,4,1000,300000,0.558724,0.591468,24.0793,0.740122,0.721722,0.679339,0.558758
T-CAM-C,4,4,3000,30000,0.519316,0.555149,26.3517,0.782119,0.732516,0.622037,0.404693
T-CAM-C,4,4,3000,300000,0.473853,0.503733,21.9737,0.701702,0.663358,0.572368,0.383017
T-CAM-C,4,4,8000,30000,0.426913,0.455744,21.202,0.706488,0.641833,0.487512,0.24615
T-CAM-C,4,4,8000,300000,0.392112,0.416708,18.0879,0.638841,0.585768,0.453074,0.237485
T-CAM-C,4,4.5,1000,30000,0.54325,0.653407,81.0079,0.690579,0.674721,0.662028,0.591574
T-CAM-C,4,4.5,1000,300000,0.502963,0.591468,65.086,0.630335,0.61997,0.613074,0.556241
T-CAM-C,4,4.5,3000,30000,0.456448,0.555149,72.5837,0.653932,0.619392,0.557232,0.402822
T-CAM-C,4,4.5,3000,300000,0.420621,0.503733,61.1198,0.593639,0.566615,0.515713,0.381338
T-CAM-C,4,4.5,8000,30000,0.375109,0.455744,59.2981,0.59748,0.548719,0.440787,0.245244
T-CAM-C,4,4.5,8000,300000,0.347369,0.416708,50.9913,0.545065,0.504565,0.411341,0.236649
T-CAM-C,4,5,1000,30000,0.420889,0.653407,170.991,0.460275,0.457757,0.497923,0.583198
T-CAM-C,4,5,1000,300000,0.398823,0.591468,141.669,0.434853,0.433787,0.471079,0.548952
T-CAM-C,4,5,3000,30000,0.333862,0.555149,162.732,0.413324,0.400589,0.41096,0.397335
T-CAM-C,4,5,3000,300000,0.313848,0.503733,139.639,0.384702,0.374662,0.385848,0.376401
T-CAM-C,4,5,8000,30000,0.269415,0.455744,137.024,0.381746,0.358987,0.330544,0.242582
T-CAM-C,4,5,8000,300000,0.253943,0.416708,119.696,0.354954,0.335684,0.311725,0.23419
T-CAM-C,5,3,1000,30000,0.64901,0.653407,3.23286,0.901415,0.865604,0.78026,0.595779
T-CAM-C,5,3,1000,300000,0.588034,0.591468,2.52521,0.798827,0.77538,0.712022,0.559877
T-CAM-C,5,3,3000,30000,0.551417,0.555149,2.7448,0.848414,0.790189,0.653168,0.405522
T-CAM-C,5,3,3000,300000,0.50064,0.503733,2.27509,0.756737,0.712047,0.599397,0.38376
T-CAM-C,5,3,8000,30000,0.452756,0.455744,2.19749,0.761414,0.688125,0.50953,0.246553
T-CAM-C,5,3,8000,300000,0.414171,0.416708,1.86569,0.685515,0.625729,0.472638,0.237857
T-CAM-C,5,4,1000,30000,0.612949,0.653407,29.7522,0.826764,0.799345,0.74562,0.594916
T-CAM-C,5,4,1000,300000,0.559567,0.591468,23.4596,0.740247,0.722279,0.683312,0.559133
T-CAM-C,5,4,3000,30000,0.520117,0.555149,25.7625,0.782262,0.73312,0.625855,0.404985
T-CAM-C,5,4,3000,300000,0.47455,0.503733,21.4613,0.701821,0.66387,0.57569,0.38328
T-CAM-C,5,4,8000,30000,0.42748,0.455744,20.7847,0.706606,0.64232,0.490234,0.246314
T-CAM-C,5,4,8000,300000,0.392616,0.416708,17.7171,0.638942,0.586191,0.455496,0.237637
T-CAM-C,5,4.5,1000,30000,0.545888,0.653407,79.068,0.69092,0.676255,0.674108,0.59289
T-CAM-C,5,4.5,1000,300000,0.505198,0.591468,63.4423,0.630615,0.62125,0.62331,0.557384
T-CAM-C,5,4.5,3000,30000,0.458617,0.555149,70.9889,0.654268,0.620842,0.567402,0.40372
T-CAM-C,5,4.5,3000,300000,0.422525,0.503733,59.7199,0.593925,0.567866,0.524639,0.382146
T-CAM-C,5,4.5,8000,30000,0.376668,0.455744,58.1515,0.597767,0.549929,0.44822,0.245752
T-CAM-C,5,4.5,8000,300000,0.348765,0.416708,49.9646,0.545314,0.505628,0.417999,0.237119
T-CAM-C,5,5,1000,30000,0.426193,0.653407,167.09,0.460711,0.459876,0.519354,0.586897
T-CAM-C,5,5,1000,300000,0.403456,0.591468,138.262,0.435231,0.435657,0.489948,0.552189
T-CAM-C,5,5,3000,30000,0.338486,0.555149,159.332,0.413815,0.402843,0.430965,0.39993
T-CAM-C,5,5,3000,300000,0.317983,0.503733,136.599,0.385133,0.376673,0.403777,0.378745
T-CAM-C,5,5,8000,30000,0.272835,0.455744,134.51,0.382202,0.361006,0.346078,0.244075
T-CAM-C,5,5,8000,300000,0.257052,0.416708,117.409,0.35536,0.337505,0.325858,0.235574
T-CAM-C,6,3,1000,30000,0.649174,0.653407,3.11281,0.901465,0.865813,0.780944,0.595816
T-CAM-C,6,3,1000,300000,0.588168,0.591468,2.42699,0.798866,0.775547,0.712586,0.55991
T-CAM-C,6,3,3000,30000,0.551546,0.555149,2.64967,0.848458,0.790365,0.653702,0.405547
T-CAM-C,6,3,3000,300000,0.500751,0.503733,2.19334,0.756773,0.712195,0.599859,0.383783
T-CAM-C,6,3,8000,30000,0.452849,0.455744,2.12845,0.761449,0.688265,0.509906,0.246567
T-CAM-C,6,3,8000,300000,0.414254,0.416708,1.80504,0.685545,0.625849,0.472972,0.23787
T-CAM-C,6,4,1000,30000,0.614426,0.653407,28.6656,0.827184,0.801127,0.751892,0.595285
T-CAM-C,6,4,1000,300000,0.560789,0.591468,22.5613,0.740581,0.72372,0.688526,0.559453
T-CAM-C,6,4,3000,30000,0.521314,0.555149,24.8819,0.782642,0.734681,0.630858,0.405234
T-CAM-C,6,4,3000,300000,0.475584,0.503733,20.7005,0.702139,0.665194,0.580038,0.383504
T-CAM-C,6,4,8000,30000,0.428356,0.455744,20.1404,0.706922,0.64358,0.493797,0.246455
T-CAM-C,6,4,8000,300000,0.393389,0.416708,17.1485,0.639212,0.587282,0.458664,0.237767
T-CAM-C,6,4.5,1000,30000,0.549679,0.653407,76.2801,0.691834,0.680251,0.690442,0.594028
T-CAM-C,6,4.5,1000,300000,0.508391,0.591468,61.0937,0.631365,0.624581,0.637101,0.558372
T-CAM-C,6,4.5,3000,30000,0.461816,0.555149,68.6367,0.655163,0.624609,0.581033,0.404493
T-CAM-C,6,4.5,3000,300000,0.425318,0.503733,57.6657,0.594687,0.571115,0.53658,0.382842
T-CAM-C,6,4.5,8000,30000,0.379046,0.455744,56.4025,0.598537,0.553071,0.458145,0.246189
T-CAM-C,6,4.5,8000,300000,0.350883,0.416708,48.4073,0.545982,0.508386,0.426875,0.237523
T-CAM-C,6,5,1000,30000,0.433568,0.653407,161.667,0.461904,0.46546,0.550195,0.590221
T-CAM-C,6,5,1000,300000,0.40988,0.591468,133.538,0.436273,0.440583,0.516926,0.555089
T-CAM-C,6,5,3000,30000,0.345102,0.555149,154.467,0.415143,0.408771,0.459326,0.402232
T-CAM-C,6,5,3000,300000,0.323881,0.503733,132.261,0.386305,0.381959,0.4291,0.380823
T-CAM-C,6,5,8000,30000,0.277903,0.455744,130.782,0.383433,0.36631,0.367896,0.245391
T-CAM-C,6,5,8000,300000,0.261645,0.416708,114.032,0.35646,0.342287,0.345652,0.236792
T-CAM-C,7,3,1000,30000,0.648593,0.653407,3.54018,0.901358,0.86539,0.778499,0.595509
T-CAM-C,7,3,1000,300000,0.587687,0.591468,2.78064,0.798783,0.775211,0.710568,0.559644
T-CAM-C,7,3,3000,30000,0.551098,0.555149,2.97914,0.848365,0.790009,0.651794,0.40534
T-CAM-C,7,3,3000,300000,0.500362,0.503733,2.47901,0.756697,0.711895,0.598207,0.383597
T-CAM-C,7,3,8000,30000,0.452538,0.455744,2.35766,0.761374,0.687982,0.508563,0.246451
T-CAM-C,7,3,8000,300000,0.413977,0.416708,2.00822,0.685482,0.625606,0.47178,0.237762
T-CAM-C,7,4,1000,30000,0.609133,0.653407,32.5583,0.826289,0.797538,0.729903,0.592299
T-CAM-C,7,4,1000,300000,0.556368,0.591468,25.8118,0.739873,0.720818,0.670208,0.556863
T-CAM-C,7,4,3000,30000,0.517147,0.555149,27.9467,0.781834,0.731535,0.613242,0.40321
T-CAM-C,7,4,3000,300000,0.471954,0.503733,23.3703,0.701463,0.662526,0.56471,0.381682
T-CAM-C,7,4,8000,30000,0.425434,0.455744,22.2892,0.706258,0.641046,0.481239,0.245313
T-CAM-C,7,4,8000,300000,0.390789,0.416708,19.0608,0.638645,0.585087,0.447488,0.236711
T-CAM-C,7,4.5,1000,30000,0.535946,0.653407,86.3793,0.689904,0.672242,0.635369,0.585196
T-CAM-C,7,4.5,1000,300000,0.496729,0.591468,69.6703,0.629791,0.617905,0.590378,0.550679
T-CAM-C,7,4.5,3000,30000,0.450576,0.555149,76.9024,0.653261,0.617047,0.534525,0.398409
T-CAM-C,7,4.5,3000,300000,0.415435,0.503733,64.9335,0.593071,0.564594,0.495733,0.377357
T-CAM-C,7,4.5,8000,30000,0.371041,0.455744,62.2897,0.596922,0.546774,0.424108,0.242727
T-CAM-C,7,4.5,8000,300000,0.343703,0.416708,53.6874,0.544582,0.502858,0.396372,0.234319
T-CAM-C,7,5,1000,30000,0.406495,0.653407,181.576,0.459529,0.454412,0.454258,0.567189
T-CAM-C,7,5,1000,300000,0.386165,0.591468,150.978,0.434234,0.430843,0.432324,0.534803
T-CAM-C,7,5,3000,30000,0.321484,0.555149,171.835,0.412412,0.397005,0.369487,0.385704
T-CAM-C,7,5,3000,300000,0.302729,0.503733,147.817,0.383925,0.371475,0.348504,0.36584
T-CAM-C,7,5,8000,30000,0.260533,0.455744,143.556,0.380901,0.355787,0.297957,0.23575
T-CAM-C,7,5,8000,300000,0.245824,0.416708,125.666,0.354216,0.332804,0.281972,0.227838
T-CAM-C,8,3,1000,30000,0.649167,0.653407,3.11742,0.901438,0.865749,0.780994,0.595825
T-CAM-C,8,3,1000,300000,0.588163,0.591468,2.43024,0.798845,0.775496,0.712628,0.559917
T-CAM-C,8,3,3000,30000,0.55154,0.555149,2.65436,0.848435,0.790311,0.653741,0.405552
T-CAM-C,8,3,3000,300000,0.500746,0.503733,2.19703,0.756754,0.712149,0.599893,0.383788
T-CAM-C,8,3,8000,30000,0.452843,0.455744,2.13298,0.76143,0.688221,0.509933,0.246571
T-CAM-C,8,3,8000,300000,0.414249,0.416708,1.80875,0.685529,0.625812,0.472996,0.237873
T-CAM-C,8,4,1000,30000,0.614385,0.653407,28.6963,0.82696,0.800576,0.752354,0.595371
T-CAM-C,8,4,1000,300000,0.560759,0.591468,22.583,0.740403,0.723274,0.68891,0.559527
T-CAM-C,8,4,3000,30000,0.521264,0.555149,24.9186,0.782439,0.734198,0.631225,0.405292
T-CAM-C,8,4,3000,300000,0.475545,0.503733,20.7295,0.701969,0.664784,0.580356,0.383556
T-CAM-C,8,4,8000,30000,0.428305,0.455744,20.1783,0.706753,0.64319,0.494057,0.246487
T-CAM-C,8,4,8000,300000,0.393347,0.416708,17.1798,0.639068,0.586944,0.458895,0.237796
T-CAM-C,8,4.5,1000,30000,0.549651,0.653407,76.3006,0.691346,0.679012,0.691665,0.594294
T-CAM-C,8,4.5,1000,300000,0.508374,0.591468,61.1063,0.630964,0.623549,0.638132,0.558602
T-CAM-C,8,4.5,3000,30000,0.461735,0.555149,68.6956,0.654685,0.623441,0.582046,0.404673
T-CAM-C,8,4.5,3000,300000,0.425255,0.503733,57.7123,0.59428,0.570108,0.537466,0.383004
T-CAM-C,8,4.5,8000,30000,0.378941,0.455744,56.4796,0.598126,0.552096,0.458877,0.246291
T-CAM-C,8,4.5,8000,300000,0.350795,0.416708,48.4716,0.545625,0.507531,0.42753,0.237617
T-CAM-C,8,5,1000,30000,0.433865,0.653407,161.449,0.461265,0.463721,0.552601,0.591014
T-CAM-C,8,5,1000,300000,0.410129,0.591468,133.355,0.435715,0.43905,0.519023,0.555779
T-CAM-C,8,5,3000,30000,0.345212,0.555149,154.386,0.414433,0.406925,0.461511,0.402777
T-CAM-C,8,5,3000,300000,0.32398,0.503733,132.188,0.385678,0.380314,0.431047,0.381314
T-CAM-C,8,5,8000,30000,0.277871,0.455744,130.806,0.382774,0.364659,0.369559,0.245701
T-CAM-C,8,5,8000,300000,0.261621,0.416708,114.05,0.355871,0.340799,0.347158,0.237079
T-CAM-C,9,3,1000,30000,0.649086,0.653407,3.1775,0.901456,0.865738,0.780543,0.595785
T-CAM-C,9,3,1000,300000,0.588095,0.591468,2.4803,0.798859,0.775487,0.712256,0.559883
T-CAM-C,9,3,3000,30000,0.551478,0.555149,2.70012,0.84845,0.790302,0.653389,0.405526
T-CAM-C,9,3,3000,300000,0.500691,0.503733,2.23695,0.756767,0.712142,0.599588,0.383764
T-CAM-C,9,3,8000,30000,0.452801,0.455744,2.16421,0.761443,0.688214,0.509686,0.246556
T-CAM-C,9,3,8000,300000,0.414211,0.416708,1.83664,0.68554,0.625806,0.472776,0.237859
T-CAM-C,9,4,1000,30000,0.613617,0.653407,29.2609,0.82711,0.800486,0.748202,0.594981
T-CAM-C,9,4,1000,300000,0.560116,0.591468,23.0562,0.740522,0.723201,0.685459,0.55919
T-CAM-C,9,4,3000,30000,0.520671,0.555149,25.3549,0.782575,0.734119,0.627918,0.405029
T-CAM-C,9,4,3000,300000,0.475026,0.503733,21.1111,0.702083,0.664718,0.577483,0.383319
T-CAM-C,9,4,8000,30000,0.427897,0.455744,20.4779,0.706867,0.643127,0.491705,0.246339
T-CAM-C,9,4,8000,300000,0.392982,0.416708,17.4479,0.639165,0.58689,0.456804,0.23766
T-CAM-C,9,4.5,1000,30000,0.54753,0.653407,77.8604,0.691673,0.678808,0.680764,0.593091
T-CAM-C,9,4.5,1000,300000,0.506577,0.591468,62.4279,0.631233,0.623378,0.628936,0.557559
T-CAM-C,9,4.5,3000,30000,0.46005,0.555149,69.9349,0.655005,0.62325,0.572978,0.403857
T-CAM-C,9,4.5,3000,300000,0.423772,0.503733,58.8028,0.594553,0.569943,0.529526,0.38227
T-CAM-C,9,4.5,8000,30000,0.37777,0.455744,57.3412,0.598402,0.551938,0.452289,0.24583
T-CAM-C,9,4.5,8000,300000,0.349742,0.416708,49.2462,0.545864,0.507392,0.421639,0.237191
T-CAM-C,9,5,1000,30000,0.429064,0.653407,164.979,0.461692,0.46343,0.531638,0.587477
T-CAM-C,9,5,1000,300000,0.405967,0.591468,136.415,0.436087,0.438792,0.500718,0.552696
T-CAM-C,9,5,3000,30000,0.3412,0.555149,157.336,0.414908,0.406619,0.442332,0.400334
T-CAM-C,9,5,3000,300000,0.320403,0.503733,134.819,0.386097,0.38004,0.413939,0.37911
T-CAM-C,9,5,8000,30000,0.275012,0.455744,132.908,0.383215,0.364387,0.35486,0.244307
T-CAM-C,9,5,8000,300000,0.259023,0.416708,115.96,0.356265,0.340553,0.333832,0.235789
T-CAM-C,10,3,1000,30000,0.648967,0.653407,3.2648,0.901407,0.865572,0.780058,0.595761
T-CAM-C,10,3,1000,300000,0.587998,0.591468,2.55157,0.798821,0.775355,0.711855,0.559862
T-CAM-C,10,3,3000,30000,0.551383,0.555149,2.76961,0.848408,0.790162,0.65301,0.40551
T-CAM-C,10,3,3000,300000,0.50061,0.503733,2.29656,0.756732,0.712024,0.59926,0.383749
T-CAM-C,10,3,8000,30000,0.452732,0.455744,2.21496,0.761408,0.688104,0.509418,0.246547
T-CAM-C,10,3,8000,300000,0.41415,0.416708,1.88114,0.685511,0.62571,0.472539,0.237851
T-CAM-C,10,4,1000,30000,0.612552,0.653407,30.0443,0.826699,0.799079,0.743782,0.594744
T-CAM-C,10,4,1000,300000,0.559236,0.591468,23.7028,0.740196,0.722064,0.681783,0.558985
T-CAM-C,10,4,3000,30000,0.519802,0.555149,25.9939,0.782203,0.732886,0.624386,0.404869
T-CAM-C,10,4,3000,300000,0.474276,0.503733,21.6625,0.701772,0.663672,0.574412,0.383176
T-CAM-C,10,4,8000,30000,0.427257,0.455744,20.9488,0.706558,0.642132,0.489187,0.246249
T-CAM-C,10,4,8000,300000,0.392418,0.416708,17.8628,0.638901,0.586027,0.454565,0.237577
T-CAM-C,10,4.5,1000,30000,0.544847,0.653407,79.8334,0.69078,0.675661,0.669421,0.592366
T-CAM-C,10,4.5,1000,300000,0.504317,0.591468,64.0902,0.6305,0.620755,0.619342,0.55693
T-CAM-C,10,4.5,3000,30000,0.457762,0.555149,71.6175,0.65413,0.620281,0.563466,0.403363
T-CAM-C,10,4.5,3000,300000,0.421775,0.503733,60.2714,0.593808,0.567382,0.521186,0.381825
T-CAM-C,10,4.5,8000,30000,0.376053,0.455744,58.6036,0.597649,0.549461,0.445346,0.245551
T-CAM-C,10,4.5,8000,300000,0.348215,0.416708,50.3692,0.545212,0.505216,0.415426,0.236933
T-CAM-C,10,5,1000,30000,0.424073,0.653407,168.65,0.460532,0.459054,0.510905,0.585408
T-CAM-C,10,5,1000,300000,0.401607,0.591468,139.622,0.435076,0.434931,0.482521,0.550888
T-CAM-C,10,5,3000,30000,0.336644,0.555149,160.687,0.413614,0.401969,0.423108,0.398889
T-CAM-C,10,5,3000,300000,0.316338,0.503733,137.809,0.384955,0.375893,0.396742,0.377806
T-CAM-C,10,5,8000,30000,0.271475,0.455744,135.509,0.382014,0.360223,0.339992,0.243478
T-CAM-C,10,5,8000,300000,0.255817,0.416708,118.318,0.355193,0.336799,0.320325,0.235021
T-CAM-C,11,3,1000,30000,0.649019,0.653407,3.22651,0.901424,0.865629,0.780286,0.595776
T-CAM-C,11,3,1000,300000,0.588041,0.591468,2.52018,0.798834,0.775401,0.712043,0.559875
T-CAM-C,11,3,3000,30000,0.551424,0.555149,2.73942,0.848422,0.79021,0.653188,0.40552
T-CAM-C,11,3,3000,300000,0.500646,0.503733,2.27057,0.756744,0.712065,0.599415,0.383758
T-CAM-C,11,3,8000,30000,0.452761,0.455744,2.19323,0.76142,0.688142,0.509544,0.246552
T-CAM-C,11,3,8000,300000,0.414176,0.416708,1.86202,0.685521,0.625743,0.472651,0.237856
T-CAM-C,11,4,1000,30000,0.613022,0.653407,29.6985,0.826841,0.799563,0.745854,0.594886
T-CAM-C,11,4,1000,300000,0.559626,0.591468,23.4164,0.740308,0.722455,0.683506,0.559108
T-CAM-C,11,4,3000,30000,0.520181,0.555149,25.715,0.782332,0.733311,0.626042,0.404965
T-CAM-C,11,4,3000,300000,0.474604,0.503733,21.4211,0.70188,0.664032,0.575852,0.383262
T-CAM-C,11,4,8000,30000,0.427532,0.455744,20.7463,0.706664,0.642474,0.490368,0.246303
T-CAM-C,11,4,8000,300000,0.392661,0.416708,17.6839,0.638992,0.586324,0.455615,0.237627
T-CAM-C,11,4.5,1000,30000,0.546048,0.653407,78.9507,0.691088,0.676741,0.674705,0.5928
T-CAM-C,11,4.5,1000,300000,0.50533,0.591468,63.345,0.630752,0.621655,0.623814,0.557307
T-CAM-C,11,4.5,3000,30000,0.458771,0.555149,70.8754,0.654432,0.621301,0.567905,0.403659
T-CAM-C,11,4.5,3000,300000,0.422657,0.503733,59.6223,0.594065,0.568262,0.52508,0.382091
T-CAM-C,11,4.5,8000,30000,0.376798,0.455744,58.0561,0.597908,0.550312,0.448588,0.245718
T-CAM-C,11,4.5,8000,300000,0.348879,0.416708,49.8809,0.545436,0.505964,0.418328,0.237088
T-CAM-C,11,5,1000,30000,0.426378,0.653407,166.955,0.460927,0.460548,0.520436,0.586641
T-CAM-C,11,5,1000,300000,0.40362,0.591468,138.142,0.43542,0.43625,0.490898,0.551966
T-CAM-C,11,5,3000,30000,0.338708,0.555149,159.169,0.414058,0.403559,0.431973,0.399751
T-CAM-C,11,5,3000,300000,0.31818,0.503733,136.454,0.385346,0.377311,0.404678,0.378585
T-CAM-C,11,5,8000,30000,0.273046,0.455744,134.354,0.382427,0.361648,0.346861,0.243973
T-CAM-C,11,5,8000,300000,0.257242,0.416708,117.27,0.35556,0.338083,0.326569,0.23548
T-CAM-C,12,3,1000,30000,0.64905,0.653407,3.20361,0.901448,0.865707,0.780393,0.595771
T-CAM-C,12,3,1000,300000,0.588066,0.591468,2.50179,0.798853,0.775462,0.712132,0.559871
T-CAM-C,12,3,3000,30000,0.55145,0.555149,2.72052,0.848443,0.790276,0.653272,0.405517
T-CAM-C,12,3,3000,300000,0.500667,0.503733,2.25455,0.756761,0.71212,0.599487,0.383756
T-CAM-C,12,3,8000,30000,0.452781,0.455744,2.1787,0.761437,0.688194,0.509603,0.24655
T-CAM-C,12,3,8000,300000,0.414193,0.416708,1.84942,0.685535,0.625788,0.472703,0.237854
T-CAM-C,12,4,1000,30000,0.613292,0.653407,29.4999,0.827042,0.800222,0.746831,0.594844
T-CAM-C,12,4,1000,300000,0.559846,0.591468,23.2546,0.740468,0.722987,0.684319,0.559071
T-CAM-C,12,4,3000,30000,0.520412,0.555149,25.5452,0.782514,0.733888,0.626824,0.404936
T-CAM-C,12,4,3000,300000,0.474802,0.503733,21.2761,0.702031,0.664521,0.576532,0.383236
T-CAM-C,12,4,8000,30000,0.427712,0.455744,20.614,0.706815,0.64294,0.490926,0.246287
T-CAM-C,12,4,8000,300000,0.392818,0.416708,17.5685,0.639121,0.586728,0.456111,0.237612
T-CAM-C,12,4.5,1000,30000,0.546677,0.653407,78.4878,0.691524,0.678215,0.677215,0.59267
T-CAM-C,12,4.5,1000,300000,0.505856,0.591468,62.958,0.63111,0.622884,0.625936,0.557193
T-CAM-C,12,4.5,3000,30000,0.459347,0.555149,70.4523,0.65486,0.622692,0.570011,0.40357
T-CAM-C,12,4.5,3000,300000,0.423156,0.503733,59.2559,0.594429,0.569462,0.526926,0.382011
T-CAM-C,12,4.5,8000,30000,0.37726,0.455744,57.7161,0.598276,0.551472,0.450128,0.245668
T-CAM-C,12,4.5,8000,300000,0.349287,0.416708,49.581,0.545756,0.506983,0.419705,0.237041
T-CAM-C,12,5,1000,30000,0.427312,0.653407,166.267,0.461497,0.462601,0.525032,0.586268
T-CAM-C,12,5,1000,300000,0.404442,0.591468,137.537,0.435918,0.438061,0.49493,0.55164
T-CAM-C,12,5,3000,30000,0.339676,0.555149,158.457,0.414692,0.40574,0.436236,0.399491
T-CAM-C,12,5,3000,300000,0.319044,0.503733,135.819,0.385906,0.379256,0.408491,0.37835
T-CAM-C,12,5,8000,30000,0.273881,0.455744,133.74,0.383015,0.3636,0.350162,0.243824
T-CAM-C,12,5,8000,300000,0.257996,0.416708,116.715,0.356086,0.339843,0.329567,0.235341
T-CAM-C,13,3,1000,30000,0.648711,0.653407,3.45275,0.901359,0.8654,0.778841,0.595648
T-CAM-C,13,3,1000,300000,0.587787,0.591468,2.70702,0.798784,0.775218,0.71085,0.559764
T-CAM-C,13,3,3000,30000,0.551186,0.555149,2.91473,0.848366,0.790017,0.652061,0.405433
T-CAM-C,13,3,3000,300000,0.500439,0.503733,2.42237,0.756697,0.711902,0.598438,0.383681
T-CAM-C,13,3,8000,30000,0.452594,0.455744,2.31601,0.761375,0.687989,0.50875,0.246504
T-CAM-C,13,3,8000,300000,0.414028,0.416708,1.97071,0.685482,0.625612,0.471946,0.237811
T-CAM-C,13,4,1000,30000,0.610231,0.653407,31.7506,0.826296,0.797621,0.732906,0.593634
T-CAM-C,13,4,1000,300000,0.5573,0.591468,25.127,0.739878,0.720885,0.672717,0.558022
T-CAM-C,13,4,3000,30000,0.517971,0.555149,27.3407,0.78184,0.731608,0.61566,0.404117
T-CAM-C,13,4,3000,300000,0.472681,0.503733,22.8356,0.701468,0.662588,0.566817,0.382499
T-CAM-C,13,4,8000,30000,0.425972,0.455744,21.8942,0.706262,0.641104,0.482963,0.245825
T-CAM-C,13,4,8000,300000,0.391274,0.416708,18.7042,0.638648,0.585137,0.449024,0.237185
T-CAM-C,13,4.5,1000,30000,0.538868,0.653407,84.2302,0.689918,0.672426,0.642547,0.589042
T-CAM-C,13,4.5,1000,300000,0.499239,0.591468,67.824,0.629801,0.618059,0.596504,0.554037
T-CAM-C,13,4.5,3000,30000,0.452849,0.555149,75.2308,0.653276,0.617221,0.540672,0.401082
T-CAM-C,13,4.5,3000,300000,0.417455,0.503733,63.4483,0.593084,0.564744,0.501149,0.37977
T-CAM-C,13,4.5,8000,30000,0.372547,0.455744,61.1821,0.596933,0.546918,0.428633,0.244255
T-CAM-C,13,4.5,8000,300000,0.34507,0.416708,52.682,0.544591,0.502985,0.400438,0.235734
T-CAM-C,13,5,1000,30000,0.412458,0.653407,177.191,0.45953,0.454658,0.465559,0.576482
T-CAM-C,13,5,1000,300000,0.391429,0.591468,147.107,0.43423,0.43106,0.442395,0.543044
T-CAM-C,13,5,3000,30000,0.326456,0.555149,168.179,0.412424,0.397269,0.380306,0.392535
T-CAM-C,13,5,3000,300000,0.307213,0.503733,144.519,0.383931,0.37171,0.35827,0.372053
T-CAM-C,13,5,8000,30000,0.263957,0.455744,141.038,0.380912,0.356022,0.306507,0.23979
T-CAM-C,13,5,8000,300000,0.248969,0.416708,123.354,0.354223,0.333016,0.289793,0.231598
T-CAM-C,14,3,1000,30000,0.64945,0.653407,2.90963,0.901621,0.866514,0.781717,0.595844
T-CAM-C,14,3,1000,300000,0.588391,0.591468,2.26263,0.798988,0.776104,0.713224,0.559934
T-CAM-C,14,3,3000,30000,0.55177,0.555149,2.48472,0.848593,0.790955,0.654306,0.405565
T-CAM-C,14,3,3000,300000,0.500942,0.503733,2.05287,0.756885,0.712691,0.600382,0.383799
T-CAM-C,14,3,8000,30000,0.453018,0.455744,2.00432,0.76156,0.688733,0.510332,0.246578
T-CAM-C,14,3,8000,300000,0.414401,0.416708,1.69694,0.685639,0.626252,0.47335,0.237879
T-CAM-C,14,4,1000,30000,0.616906,0.653407,26.842,0.828494,0.807142,0.759107,0.595562
T-CAM-C,14,4,1000,300000,0.562818,0.591468,21.0692,0.74162,0.728578,0.694513,0.559693
T-CAM-C,14,4,3000,30000,0.523377,0.555149,23.3647,0.783825,0.739939,0.636589,0.405421
T-CAM-C,14,4,3000,300000,0.477352,0.503733,19.4004,0.703127,0.669651,0.585014,0.383672
T-CAM-C,14,4,8000,30000,0.429923,0.455744,18.988,0.707909,0.647819,0.497874,0.24656
T-CAM-C,14,4,8000,300000,0.394761,0.416708,16.1399,0.640055,0.590954,0.462286,0.237864
T-CAM-C,14,4.5,1000,30000,0.555926,0.653407,71.6866,0.694695,0.693991,0.709944,0.594892
T-CAM-C,14,4.5,1000,300000,0.513613,0.591468,57.2539,0.633718,0.636009,0.65349,0.559121
T-CAM-C,14,4.5,3000,30000,0.467251,0.555149,64.6393,0.657956,0.63749,0.597113,0.405077
T-CAM-C,14,4.5,3000,300000,0.430032,0.503733,54.1989,0.597068,0.582209,0.550631,0.383368
T-CAM-C,14,4.5,8000,30000,0.383251,0.455744,53.3108,0.600948,0.563787,0.469791,0.246518
T-CAM-C,14,4.5,8000,300000,0.354599,0.416708,45.6744,0.548074,0.517785,0.437272,0.237827
T-CAM-C,14,5,1000,30000,0.445187,0.653407,153.122,0.465718,0.485346,0.590339,0.592823
T-CAM-C,14,5,1000,300000,0.419969,0.591468,126.118,0.439613,0.458064,0.551717,0.557351
T-CAM-C,14,5,3000,30000,0.355947,0.555149,146.492,0.419349,0.429737,0.495412,0.404015
T-CAM-C,14,5,3000,300000,0.333511,0.503733,125.18,0.390027,0.400615,0.461151,0.382429
T-CAM-C,14,5,8000,30000,0.286587,0.455744,124.396,0.387331,0.384978,0.395292,0.246404
T-CAM-C,14,5,8000,300000,0.269475,0.416708,108.274,0.359948,0.359091,0.370408,0.237729
T-CAM-C,15,3,1000,30000,0.649009,0.653407,3.23419,0.901412,0.865604,0.780262,0.595776
T-CAM-C,15,3,1000,300000,0.588033,0.591468,2.52628,0.798825,0.77538,0.712024,0.559876
T-CAM-C,15,3,3000,30000,0.551415,0.555149,2.74584,0.848412,0.790189,0.65317,0.40552
T-CAM-C,15,3,3000,300000,0.500638,0.503733,2.27597,0.756735,0.712047,0.599399,0.383759
T-CAM-C,15,3,8000,30000,0.452754,0.455744,2.19823,0.761412,0.688125,0.509531,0.246552
T-CAM-C,15,3,8000,300000,0.41417,0.416708,1.86633,0.685514,0.625729,0.472639,0.237856
T-CAM-C,15,4,1000,30000,0.612932,0.653407,29.7644,0.826739,0.799345,0.745639,0.594894
T-CAM-C,15,4,1000,300000,0.559554,0.591468,23.4695,0.740228,0.722279,0.683328,0.559115
T-CAM-C,15,4,3000,30000,0.520104,0.555149,25.7722,0.78224,0.733119,0.625871,0.404971
T-CAM-C,15,4,3000,300000,0.474538,0.503733,21.4696,0.701803,0.66387,0.575703,0.383267
T-CAM-C,15,4,8000,30000,0.427471,0.455744,20.7915,0.706588,0.64232,0.490245,0.246306
T-CAM-C,15,4,8000,300000,0.392608,0.416708,17.7231,0.638926,0.58619,0.455506,0.237629
T-CAM-C,15,4.5,1000,30000,0.545844,0.653407,79.1006,0.690867,0.676255,0.674157,0.592825
T-CAM-C,15,4.5,1000,300000,0.505161,0.591468,63.4695,0.630572,0.62125,0.623351,0.557328
T-CAM-C,15,4.5,3000,30000,0.458581,0.555149,71.0154,0.654216,0.620841,0.567444,0.403675
T-CAM-C,15,4.5,3000,300000,0.422494,0.503733,59.7428,0.593881,0.567866,0.524676,0.382106
T-CAM-C,15,4.5,8000,30000,0.376643,0.455744,58.1701,0.597723,0.549929,0.448251,0.245727
T-CAM-C,15,4.5,8000,300000,0.348743,0.416708,49.981,0.545275,0.505627,0.418026,0.237096
T-CAM-C,15,5,1000,30000,0.426091,0.653407,167.166,0.460645,0.459876,0.519442,0.58671
T-CAM-C,15,5,1000,300000,0.403368,0.591468,138.327,0.435175,0.435657,0.490025,0.552026
T-CAM-C,15,5,3000,30000,0.338403,0.555149,159.393,0.41374,0.402843,0.431048,0.3998
T-CAM-C,15,5,3000,300000,0.31791,0.503733,136.653,0.385067,0.376673,0.403851,0.378628
T-CAM-C,15,5,8000,30000,0.272777,0.455744,134.552,0.382132,0.361006,0.346143,0.244001
T-CAM-C,15,5,8000,300000,0.257001,0.416708,117.447,0.355297,0.337505,0.325916,0.235505
T-CAM-C,16,3,1000,30000,0.649005,0.653407,3.23661,0.901417,0.865609,0.78023,0.595774
T-CAM-C,16,3,1000,300000,0.58803,0.591468,2.5284,0.798829,0.775385,0.711997,0.559873
T-CAM-C,16,3,3000,30000,0.551413,0.555149,2.74751,0.848417,0.790193,0.653145,0.405518
T-CAM-C,16,3,3000,300000,0.500636,0.503733,2.2775,0.756739,0.71205,0.599377,0.383757
T-CAM-C,16,3,8000,30000,0.452753,0.455744,2.19918,0.761415,0.688128,0.509513,0.246551
T-CAM-C,16,3,8000,300000,0.414169,0.416708,1.86723,0.685517,0.625732,0.472624,0.237855
T-CAM-C,16,4,1000,30000,0.612899,0.653407,29.7886,0.826786,0.79939,0.745348,0.594866
T-CAM-C,16,4,1000,300000,0.559525,0.591468,23.4906,0.740265,0.722315,0.683086,0.55909
T-CAM-C,16,4,3000,30000,0.520081,0.555149,25.7891,0.782282,0.733158,0.625638,0.404951
T-CAM-C,16,4,3000,300000,0.474518,0.503733,21.4849,0.701838,0.663903,0.575501,0.383249
T-CAM-C,16,4,8000,30000,0.427458,0.455744,20.8014,0.706623,0.642351,0.490079,0.246296
T-CAM-C,16,4,8000,300000,0.392595,0.416708,17.7323,0.638956,0.586218,0.455358,0.237619
T-CAM-C,16,4.5,1000,30000,0.545743,0.653407,79.1747,0.690968,0.676354,0.67341,0.592738
T-CAM-C,16,4.5,1000,300000,0.505074,0.591468,63.5336,0.630654,0.621332,0.622719,0.557252
T-CAM-C,16,4.5,3000,30000,0.458509,0.555149,71.0686,0.654315,0.620935,0.566818,0.403616
T-CAM-C,16,4.5,3000,300000,0.422429,0.503733,59.7906,0.593965,0.567946,0.524127,0.382053
T-CAM-C,16,4.5,8000,30000,0.376599,0.455744,58.2024,0.597808,0.550007,0.447795,0.245694
T-CAM-C,16,4.5,8000,300000,0.348702,0.416708,50.0109,0.545349,0.505696,0.417618,0.237065
T-CAM-C,16,5,1000,30000,0.425829,0.653407,167.358,0.460773,0.460012,0.518082,0.586462
T-CAM-C,16,5,1000,300000,0.40314,0.591468,138.495,0.435285,0.435777,0.488831,0.551809
T-CAM-C,16,5,3000,30000,0.338199,0.555149,159.543,0.413885,0.402988,0.429787,0.399626
T-CAM-C,16,5,3000,300000,0.317726,0.503733,136.788,0.385194,0.376802,0.402722,0.378472
T-CAM-C,16,5,8000,30000,0.272645,0.455744,134.649,0.382266,0.361136,0.345168,0.243902
T-CAM-C,16,5,8000,300000,0.256879,0.416708,117.537,0.355417,0.337622,0.325031,0.235413
T-CAM-C,17,3,1000,30000,0.648979,0.653407,3.25613,0.901424,0.865615,0.780091,0.595753
T-CAM-C,17,3,1000,300000,0.588007,0.591468,2.5448,0.798834,0.77539,0.711882,0.559856
T-CAM-C,17,3,3000,30000,0.551393,0.555149,2.76205,0.848422,0.790199,0.653036,0.405505
T-CAM-C,17,3,3000,300000,0.500619,0.503733,2.29026,0.756744,0.712055,0.599283,0.383745
T-CAM-C,17,3,8000,30000,0.45274,0.455744,2.20875,0.76142,0.688132,0.509437,0.246544
T-CAM-C,17,3,8000,300000,0.414157,0.416708,1.87584,0.685521,0.625735,0.472556,0.237848
T-CAM-C,17,4,1000,30000,0.612648,0.653407,29.9734,0.826841,0.799444,0.744079,0.594668
T-CAM-C,17,4,1000,300000,0.559313,0.591468,23.6465,0.740308,0.722358,0.682029,0.558919
T-CAM-C,17,4,3000,30000,0.519891,0.555149,25.9285,0.782332,0.733206,0.624624,0.404818
T-CAM-C,17,4,3000,300000,0.474351,0.503733,21.6075,0.70188,0.663943,0.574619,0.383129
T-CAM-C,17,4,8000,30000,0.427332,0.455744,20.8937,0.706664,0.64239,0.489358,0.24622
T-CAM-C,17,4,8000,300000,0.392482,0.416708,17.8155,0.638992,0.586251,0.454716,0.23755
T-CAM-C,17,4.5,1000,30000,0.54504,0.653407,79.6919,0.691088,0.676474,0.670171,0.592134
T-CAM-C,17,4.5,1000,300000,0.504474,0.591468,63.9742,0.630752,0.621433,0.619977,0.556728
T-CAM-C,17,4.5,3000,30000,0.457964,0.555149,71.4691,0.654433,0.621049,0.5641,0.403205
T-CAM-C,17,4.5,3000,300000,0.421947,0.503733,60.1449,0.594065,0.568045,0.521742,0.381682
T-CAM-C,17,4.5,8000,30000,0.376233,0.455744,58.471,0.597909,0.550102,0.445813,0.245461
T-CAM-C,17,4.5,8000,300000,0.348372,0.416708,50.2538,0.545437,0.505779,0.415843,0.23685
T-CAM-C,17,5,1000,30000,0.424203,0.653407,168.554,0.460928,0.460177,0.512235,0.584754
T-CAM-C,17,5,1000,300000,0.401725,0.591468,139.535,0.43542,0.435922,0.483691,0.550316
T-CAM-C,17,5,3000,30000,0.336872,0.555149,160.519,0.414058,0.403165,0.424354,0.398431
T-CAM-C,17,5,3000,300000,0.316539,0.503733,137.661,0.385347,0.376959,0.397858,0.377392
T-CAM-C,17,5,8000,30000,0.27173,0.455744,135.322,0.382427,0.361294,0.340965,0.243215
T-CAM-C,17,5,8000,300000,0.256045,0.416708,118.15,0.355561,0.337764,0.321209,0.234777
T-CAM-C,18,3,1000,30000,0.649237,0.653407,3.06631,0.901505,0.865979,0.781122,0.595817
T-CAM-C,18,3,1000,300000,0.588219,0.591468,2.38947,0.798898,0.775679,0.712733,0.559911
T-CAM-C,18,3,3000,30000,0.551598,0.555149,2.61167,0.848493,0.790505,0.653841,0.405548
T-CAM-C,18,3,3000,300000,0.500795,0.503733,2.16103,0.756802,0.712312,0.59998,0.383784
T-CAM-C,18,3,8000,30000,0.452889,0.455744,2.09961,0.761478,0.688375,0.510004,0.246568
T-CAM-C,18,3,8000,300000,0.414288,0.416708,1.77996,0.68557,0.625944,0.473059,0.23787
T-CAM-C,18,4,1000,30000,0.614987,0.653407,28.2536,0.827524,0.80254,0.753541,0.5953
T-CAM-C,18,4,1000,300000,0.561246,0.591468,22.2248,0.74085,0.724862,0.689895,0.559467
T-CAM-C,18,4,3000,30000,0.521785,0.555149,24.5356,0.782949,0.735918,0.632171,0.405245
T-CAM-C,18,4,3000,300000,0.475987,0.503733,20.4041,0.702396,0.666243,0.581178,0.383513
T-CAM-C,18,4,8000,30000,0.428718,0.455744,19.8746,0.707179,0.644578,0.494732,0.246461
T-CAM-C,18,4,8000,300000,0.393705,0.416708,16.9162,0.639431,0.588147,0.459495,0.237772
T-CAM-C,18,4.5,1000,30000,0.551049,0.653407,75.2724,0.692575,0.683444,0.694827,0.594076
T-CAM-C,18,4.5,1000,300000,0.509537,0.591468,60.2509,0.631974,0.62724,0.640793,0.558413
T-CAM-C,18,4.5,3000,30000,0.46303,0.555149,67.7437,0.655887,0.627612,0.58467,0.404525
T-CAM-C,18,4.5,3000,300000,0.426371,0.503733,56.8916,0.595304,0.573704,0.539761,0.382871
T-CAM-C,18,4.5,8000,30000,0.379999,0.455744,55.7016,0.599162,0.555573,0.460787,0.246207
T-CAM-C,18,4.5,8000,300000,0.351725,0.416708,47.7881,0.546524,0.510582,0.429236,0.23754
T-CAM-C,18,5,1000,30000,0.435922,0.653407,159.936,0.462885,0.469986,0.558884,0.590363
T-CAM-C,18,5,1000,300000,0.411935,0.591468,132.027,0.437132,0.444571,0.524487,0.555212
T-CAM-C,18,5,3000,30000,0.347377,0.555149,152.793,0.416227,0.413562,0.467224,0.40233
T-CAM-C,18,5,3000,300000,0.325906,0.503733,130.773,0.387264,0.386228,0.43613,0.38091
T-CAM-C,18,5,8000,30000,0.279774,0.455744,129.407,0.384439,0.370589,0.373933,0.245447
T-CAM-C,18,5,8000,300000,0.263333,0.416708,112.79,0.357359,0.346142,0.351116,0.236844
T-CAM-C,19,3,1000,30000,0.64903,0.653407,3.21871,0.901414,0.865606,0.780356,0.59579
T-CAM-C,19,3,1000,300000,0.58805,0.591468,2.51344,0.798827,0.775382,0.712101,0.559887
T-CAM-C,19,3,3000,30000,0.551431,0.555149,2.73405,0.848414,0.790191,0.653243,0.405529
T-CAM-C,19,3,3000,300000,0.500652,0.503733,2.26572,0.756737,0.712048,0.599462,0.383767
T-CAM-C,19,3,8000,30000,0.452765,0.455744,2.19017,0.761413,0.688126,0.509582,0.246557
T-CAM-C,19,3,8000,300000,0.41418,0.416708,1.85917,0.685515,0.62573,0.472685,0.237861
T-CAM-C,19,4,1000,30000,0.613129,0.653407,29.62,0.826762,0.799362,0.746488,0.595029
T-CAM-C,19,4,1000,300000,0.559718,0.591468,23.3488,0.740246,0.722293,0.684035,0.559232
T-CAM-C,19,4,3000,30000,0.520255,0.555149,25.6605,0.782261,0.733134,0.626548,0.405062
T-CAM-C,19,4,3000,300000,0.474671,0.503733,21.3721,0.70182,0.663882,0.576292,0.383349
T-CAM-C,19,4,8000,30000,0.427575,0.455744,20.7149,0.706605,0.642332,0.490727,0.246358
T-CAM-C,19,4,8000,300000,0.392701,0.416708,17.6547,0.638941,0.586201,0.455935,0.237677
T-CAM-C,19,4.5,1000,30000,0.54638,0.653407,78.706,0.690917,0.676293,0.676339,0.593238
T-CAM-C,19,4.5,1000,300000,0.505615,0.591468,63.1352,0.630612,0.621282,0.625197,0.557687
T-CAM-C,19,4.5,3000,30000,0.459007,0.555149,70.7017,0.654265,0.620877,0.56927,0.403957
T-CAM-C,19,4.5,3000,300000,0.422869,0.503733,59.4671,0.593922,0.567897,0.526277,0.38236
T-CAM-C,19,4.5,8000,30000,0.376938,0.455744,57.9529,0.597764,0.549958,0.449581,0.245886
T-CAM-C,19,4.5,8000,300000,0.349008,0.416708,49.786,0.545311,0.505653,0.419217,0.237243
T-CAM-C,19,5,1000,30000,0.427295,0.653407,166.28,0.460705,0.459928,0.52344,0.587902
T-CAM-C,19,5,1000,300000,0.404413,0.591468,137.558,0.435226,0.435703,0.493534,0.553067
T-CAM-C,19,5,3000,30000,0.339402,0.555149,158.658,0.41381,0.402898,0.434749,0.400629
T-CAM-C,19,5,3000,300000,0.318801,0.503733,135.997,0.385128,0.376723,0.407162,0.379377
T-CAM-C,19,5,8000,30000,0.273482,0.455744,134.033,0.382197,0.361056,0.348999,0.244476
T-CAM-C,19,5,8000,300000,0.257642,0.416708,116.976,0.355355,0.33755,0.328512,0.235945
T-CAM-C,20,3,1000,30000,0.648792,0.653407,3.39352,0.901377,0.865458,0.779235,0.59568
T-CAM-C,20,3,1000,300000,0.587853,0.591468,2.65808,0.798798,0.775264,0.711176,0.559792
T-CAM-C,20,3,3000,30000,0.551248,0.555149,2.86894,0.848382,0.790066,0.652368,0.405455
T-CAM-C,20,3,3000,300000,0.500493,0.503733,2.38268,0.756711,0.711943,0.598704,0.3837
T-CAM-C,20,3,8000,30000,0.452638,0.455744,2.28413,0.761388,0.688027,0.508966,0.246516
T-CAM-C,20,3,8000,300000,0.414067,0.416708,1.94247,0.685493,0.625645,0.472138,0.237822
T-CAM-C,20,4,1000,30000,0.610956,0.653407,31.2175,0.826453,0.79811,0.736397,0.593946
T-CAM-C,20,4,1000,300000,0.557904,0.591468,24.6824,0.740001,0.721281,0.675629,0.558293
T-CAM-C,20,4,3000,30000,0.518545,0.555149,26.9182,0.781981,0.732037,0.618466,0.404329
T-CAM-C,20,4,3000,300000,0.473181,0.503733,22.4677,0.701586,0.662951,0.569261,0.38269
T-CAM-C,20,4,8000,30000,0.426375,0.455744,21.5974,0.706375,0.641447,0.484966,0.245945
T-CAM-C,20,4,8000,300000,0.391633,0.416708,18.4402,0.638744,0.585434,0.450808,0.237296
T-CAM-C,20,4.5,1000,30000,0.5407,0.653407,82.8834,0.690249,0.673507,0.651017,0.589966
T-CAM-C,20,4.5,1000,300000,0.500795,0.591468,66.68,0.630066,0.618959,0.603718,0.554842
T-CAM-C,20,4.5,3000,30000,0.454368,0.555149,74.1137,0.653607,0.618245,0.547896,0.401719
T-CAM-C,20,4.5,3000,300000,0.41879,0.503733,62.4661,0.593363,0.565626,0.507507,0.380344
T-CAM-C,20,4.5,8000,30000,0.373634,0.455744,60.3825,0.597204,0.547764,0.433943,0.244618
T-CAM-C,20,4.5,8000,300000,0.346045,0.416708,51.9648,0.544826,0.503727,0.405204,0.23607
T-CAM-C,20,5,1000,30000,0.415829,0.653407,174.712,0.459875,0.4561,0.479312,0.578876
T-CAM-C,20,5,1000,300000,0.39439,0.591468,144.929,0.43451,0.432325,0.454612,0.545155
T-CAM-C,20,5,3000,30000,0.32947,0.555149,165.962,0.412861,0.39882,0.393396,0.394259
T-CAM-C,20,5,3000,300000,0.309913,0.503733,142.533,0.384298,0.373086,0.370062,0.373617
T-CAM-C,20,5,8000,30000,0.266204,0.455744,139.386,0.381316,0.357404,0.316806,0.240798
T-CAM-C,20,5,8000,300000,0.251016,0.416708,121.849,0.354573,0.334257,0.299199,0.232535
T-CAM-C,21,3,1000,30000,0.649232,0.653407,3.06976,0.901495,0.865944,0.781131,0.595821
T-CAM-C,21,3,1000,300000,0.588215,0.591468,2.3921,0.79889,0.775651,0.71274,0.559914
T-CAM-C,21,3,3000,30000,0.551594,0.555149,2.6148,0.848484,0.790476,0.653848,0.40555
T-CAM-C,21,3,3000,300000,0.500791,0.503733,2.16361,0.756795,0.712288,0.599985,0.383786
T-CAM-C,21,3,8000,30000,0.452885,0.455744,2.10232,0.761471,0.688352,0.510009,0.246569
T-CAM-C,21,3,8000,300000,0.414285,0.416708,1.78224,0.685564,0.625924,0.473063,0.237871
T-CAM-C,21,4,1000,30000,0.61495,0.653407,28.2809,0.827438,0.802243,0.753618,0.595334
T-CAM-C,21,4,1000,300000,0.561217,0.591468,22.246,0.740782,0.724622,0.689959,0.559496
T-CAM-C,21,4,3000,30000,0.521749,0.555149,24.5622,0.782872,0.735658,0.632232,0.405267
T-CAM-C,21,4,3000,300000,0.475957,0.503733,20.4261,0.702331,0.666023,0.581231,0.383533
T-CAM-C,21,4,8000,30000,0.428685,0.455744,19.8984,0.707114,0.644368,0.494775,0.246473
T-CAM-C,21,4,8000,300000,0.393678,0.416708,16.9364,0.639375,0.587965,0.459533,0.237784
T-CAM-C,21,4.5,1000,30000,0.550984,0.653407,75.3208,0.692387,0.682771,0.695032,0.59418
T-CAM-C,21,4.5,1000,300000,0.509484,0.591468,60.29,0.63182,0.626681,0.640966,0.558503
T-CAM-C,21,4.5,3000,30000,0.462952,0.555149,67.8006,0.655703,0.62698,0.584839,0.404596
T-CAM-C,21,4.5,3000,300000,0.426306,0.503733,56.9395,0.595148,0.573159,0.539908,0.382934
T-CAM-C,21,4.5,8000,30000,0.379924,0.455744,55.757,0.599004,0.555046,0.460909,0.246247
T-CAM-C,21,4.5,8000,300000,0.35166,0.416708,47.8358,0.546387,0.51012,0.429344,0.237577
T-CAM-C,21,5,1000,30000,0.43593,0.653407,159.93,0.462636,0.469029,0.559293,0.590673
T-CAM-C,21,5,1000,300000,0.411937,0.591468,132.025,0.436914,0.443728,0.524843,0.555482
T-CAM-C,21,5,3000,30000,0.347321,0.555149,152.835,0.415952,0.412549,0.467593,0.402543
T-CAM-C,21,5,3000,300000,0.325856,0.503733,130.809,0.387021,0.385326,0.436459,0.381103
T-CAM-C,21,5,8000,30000,0.279684,0.455744,129.473,0.384184,0.369685,0.374212,0.245568
T-CAM-C,21,5,8000,300000,0.263254,0.416708,112.849,0.357131,0.345328,0.351369,0.236956
T-CAM-C,22,3,1000,30000,0.648806,0.653407,3.38287,0.901376,0.865456,0.779293,0.595694
T-CAM-C,22,3,1000,300000,0.587866,0.591468,2.6491,0.798797,0.775263,0.711223,0.559804
T-CAM-C,22,3,3000,30000,0.551259,0.555149,2.86109,0.848381,0.790065,0.652413,0.405465
T-CAM-C,22,3,3000,300000,0.500503,0.503733,2.37577,0.75671,0.711942,0.598743,0.383709
T-CAM-C,22,3,8000,30000,0.452645,0.455744,2.27904,0.761386,0.688026,0.508998,0.246521
T-CAM-C,22,3,8000,300000,0.414073,0.416708,1.93788,0.685492,0.625644,0.472166,0.237827
T-CAM-C,22,4,1000,30000,0.611092,0.653407,31.1176,0.826438,0.798096,0.73691,0.594089
T-CAM-C,22,4,1000,300000,0.55802,0.591468,24.5976,0.739989,0.721269,0.676057,0.558417
T-CAM-C,22,4,3000,30000,0.518647,0.555149,26.8435,0.781968,0.732024,0.618878,0.404426
T-CAM-C,22,4,3000,300000,0.473271,0.503733,22.4017,0.701575,0.66294,0.569619,0.382777
T-CAM-C,22,4,8000,30000,0.426441,0.455744,21.5487,0.706364,0.641437,0.485259,0.246
T-CAM-C,22,4,8000,300000,0.391693,0.416708,18.3962,0.638735,0.585426,0.451069,0.237346
T-CAM-C,22,4.5,1000,30000,0.541074,0.653407,82.6083,0.690218,0.673476,0.652275,0.590392
T-CAM-C,22,4.5,1000,300000,0.501116,0.591468,66.4442,0.630041,0.618932,0.604788,0.555213
T-CAM-C,22,4.5,3000,30000,0.454656,0.555149,73.9019,0.653576,0.618215,0.548965,0.402012
T-CAM-C,22,4.5,3000,300000,0.419046,0.503733,62.2782,0.593337,0.5656,0.508448,0.380608
T-CAM-C,22,4.5,8000,30000,0.373825,0.455744,60.2424,0.597179,0.547739,0.434727,0.244784
T-CAM-C,22,4.5,8000,300000,0.346218,0.416708,51.8378,0.544804,0.503705,0.405907,0.236224
T-CAM-C,22,5,1000,30000,0.416659,0.653407,174.102,0.459839,0.456059,0.4814,0.579999
T-CAM-C,22,5,1000,300000,0.395118,0.591468,144.394,0.43448,0.432289,0.456464,0.546143
T-CAM-C,22,5,3000,30000,0.330147,0.555149,165.464,0.412818,0.398775,0.395374,0.395063
T-CAM-C,22,5,3000,300000,0.310522,0.503733,142.085,0.384262,0.373046,0.371842,0.374345
T-CAM-C,22,5,8000,30000,0.266666,0.455744,139.046,0.381277,0.357364,0.318356,0.241266
T-CAM-C,22,5,8000,300000,0.251439,0.416708,121.537,0.354539,0.334221,0.300614,0.232969
T-CAM-C,23,3,1000,30000,0.649267,0.653407,3.0441,0.901511,0.866,0.781248,0.595828
T-CAM-C,23,3,1000,300000,0.588243,0.591468,2.37125,0.798903,0.775695,0.712837,0.55992
T-CAM-C,23,3,3000,30000,0.551621,0.555149,2.59424,0.848498,0.790522,0.653939,0.405555
T-CAM-C,23,3,3000,300000,0.500815,0.503733,2.14603,0.756807,0.712327,0.600064,0.38379
T-CAM-C,23,3,8000,30000,0.452906,0.455744,2.08714,0.761482,0.688389,0.510073,0.246572
T-CAM-C,23,3,8000,300000,0.414303,0.416708,1.76898,0.685573,0.625956,0.47312,0.237874
T-CAM-C,23,4,1000,30000,0.615265,0.653407,28.0486,0.827574,0.802719,0.754706,0.595408
T-CAM-C,23,4,1000,300000,0.561477,0.591468,22.0551,0.74089,0.725006,0.690862,0.55956
T-CAM-C,23,4,3000,30000,0.522008,0.555149,24.372,0.782994,0.736074,0.633097,0.405317
T-CAM-C,23,4,3000,300000,0.47618,0.503733,20.2626,0.702433,0.666375,0.581982,0.383578
T-CAM-C,23,4,8000,30000,0.428878,0.455744,19.7568,0.707216,0.644703,0.49539,0.246501
T-CAM-C,23,4,8000,300000,0.393847,0.416708,16.8121,0.639463,0.588256,0.46008,0.237809
T-CAM-C,23,4.5,1000,30000,0.551796,0.653407,74.7232,0.692683,0.683849,0.697952,0.59441
T-CAM-C,23,4.5,1000,300000,0.510165,0.591468,59.7891,0.632063,0.627578,0.643422,0.558703
T-CAM-C,23,4.5,3000,30000,0.463644,0.555149,67.292,0.655993,0.627992,0.587252,0.404751
T-CAM-C,23,4.5,3000,300000,0.426907,0.503733,56.4972,0.595394,0.574032,0.542018,0.383074
T-CAM-C,23,4.5,8000,30000,0.380446,0.455744,55.3731,0.599253,0.55589,0.462657,0.246335
T-CAM-C,23,4.5,8000,300000,0.352123,0.416708,47.4955,0.546603,0.51086,0.430906,0.237658
T-CAM-C,23,5,1000,30000,0.437535,0.653407,158.749,0.463027,0.470565,0.565186,0.591361
T-CAM-C,23,5,1000,300000,0.41333,0.591468,131.001,0.437256,0.445081,0.529962,0.556081
T-CAM-C,23,5,3000,30000,0.348766,0.555149,151.772,0.416385,0.414173,0.472917,0.403015
T-CAM-C,23,5,3000,300000,0.327139,0.503733,129.865,0.387404,0.386773,0.441194,0.381528
T-CAM-C,23,5,8000,30000,0.280801,0.455744,128.651,0.384585,0.371134,0.378264,0.245837
T-CAM-C,23,5,8000,300000,0.264263,0.416708,112.107,0.357491,0.346634,0.355034,0.237205
T-CAM-C,mean,3,1000,30000,0.648941,0.653407,3.28371,0.901401,0.865546,0.779933,0.595755
T-CAM-C,mean,3,1000,300000,0.587977,0.591468,2.5671,0.798816,0.775334,0.711752,0.559857
T-CAM-C,mean,3,3000,30000,0.551363,0.555149,2.78447,0.848402,0.79014,0.652913,0.405506
T-CAM-C,mean,3,3000,300000,0.500593,0.503733,2.30937,0.756727,0.712005,0.599176,0.383746
T-CAM-C,mean,3,8000,30000,0.452717,0.455744,2.2256,0.761404,0.688086,0.50935,0.246544
T-CAM-C,mean,3,8000,300000,0.414137,0.416708,1.89053,0.685507,0.625695,0.472479,0.237848
T-CAM-C,mean,4,1000,30000,0.61232,0.653407,30.2149,0.826646,0.798853,0.742653,0.594681
T-CAM-C,mean,4,1000,300000,0.559044,0.591468,23.8444,0.740154,0.721881,0.680842,0.55893
T-CAM-C,mean,4,3000,30000,0.519615,0.555149,26.1312,0.782156,0.732688,0.623482,0.404827
T-CAM-C,mean,4,3000,300000,0.474114,0.503733,21.7815,0.701732,0.663503,0.573626,0.383137
T-CAM-C,mean,4,8000,30000,0.427122,0.455744,21.048,0.706518,0.641972,0.488542,0.246225
T-CAM-C,mean,4,8000,300000,0.392298,0.416708,17.9507,0.638867,0.585889,0.453991,0.237555
T-CAM-C,mean,4.5,1000,30000,0.544257,0.653407,80.2678,0.690666,0.675157,0.666563,0.592175
T-CAM-C,mean,4.5,1000,300000,0.503817,0.591468,64.4576,0.630406,0.620334,0.61692,0.556763
T-CAM-C,mean,4.5,3000,30000,0.457266,0.555149,71.9823,0.654018,0.619804,0.561059,0.403232
T-CAM-C,mean,4.5,3000,300000,0.42134,0.503733,60.5909,0.593712,0.566971,0.519073,0.381707
T-CAM-C,mean,4.5,8000,30000,0.375688,0.455744,58.8719,0.597553,0.549063,0.443586,0.245477
T-CAM-C,mean,4.5,8000,300000,0.347889,0.416708,50.6089,0.545128,0.504868,0.413849,0.236864
T-CAM-C,mean,5,1000,30000,0.422951,0.653407,169.475,0.460385,0.458358,0.505842,0.584868
T-CAM-C,mean,5,1000,300000,0.400625,0.591468,140.344,0.434948,0.434317,0.478063,0.550416
T-CAM-C,mean,5,3000,30000,0.335637,0.555149,161.427,0.413449,0.401228,0.418379,0.398511
T-CAM-C,mean,5,3000,300000,0.315437,0.503733,138.471,0.384811,0.375233,0.392503,0.377464
T-CAM-C,mean,5,8000,30000,0.270708,0.455744,136.073,0.381862,0.35956,0.336318,0.243261
T-CAM-C,mean,5,8000,300000,0.25512,0.416708,118.83,0.355057,0.3362,0.316982,0.234819
T-CAM-D,0,3,1000,30000,0.648643,0.653407,3.50315,0.901401,0.865523,0.778978,0.595407
T-CAM-D,0,3,1000,300000,0.587726,0.591468,2.75175,0.798817,0.775316,0.710963,0.559556
T-CAM-D,0,3,3000,30000,0.551142,0.555149,2.94661,0.848403,0.79012,0.652168,0.405271
T-CAM-D,0,3,3000,300000,0.500399,0.503733,2.45182,0.756728,0.711989,0.59853,0.383535
T-CAM-D,0,3,8000,30000,0.452574,0.455744,2.33115,0.761404,0.68807,0.508826,0.246413
T-CAM-D,0,3,8000,300000,0.414008,0.416708,1.98545,0.685507,0.625682,0.472013,0.237727
T-CAM-D,0,4,1000,30000,0.609543,0.653407,32.2567,0.826653,0.798656,0.73411,0.591339
T-CAM-D,0,4,1000,300000,0.556693,0.591468,25.5731,0.740159,0.721722,0.67372,0.556029
T-CAM-D,0,4,3000,30000,0.51753,0.555149,27.6649,0.782162,0.732516,0.616632,0.402554
T-CAM-D,0,4,3000,300000,0.472276,0.503733,23.1332,0.701738,0.663357,0.567662,0.381092
T-CAM-D,0,4,8000,30000,0.425755,0.455744,22.0534,0.706524,0.641833,0.483661,0.244942
T-CAM-D,0,4,8000,300000,0.391066,0.416708,18.8573,0.638871,0.585768,0.449645,0.236368
T-CAM-D,0,4.5,1000,30000,0.536758,0.653407,85.7822,0.690681,0.674719,0.645438,0.582526
T-CAM-D,0,4.5,1000,300000,0.497389,0.591468,69.1849,0.630418,0.619969,0.598966,0.54834
T-CAM-D,0,4.5,3000,30000,0.451446,0.555149,76.2626,0.654033,0.619391,0.543153,0.396532
T-CAM-D,0,4.5,3000,300000,0.416176,0.503733,64.3884,0.593725,0.566615,0.503331,0.37566
T-CAM-D,0,4.5,8000,30000,0.371815,0.455744,61.72,0.597566,0.548718,0.430467,0.241648
T-CAM-D,0,4.5,8000,300000,0.344379,0.416708,53.1903,0.545139,0.504564,0.402082,0.233319
T-CAM-D,0,5,1000,30000,0.407089,0.653407,181.139,0.460405,0.457752,0.470172,0.561306
T-CAM-D,0,5,1000,300000,0.386672,0.591468,150.605,0.434965,0.433781,0.446494,0.529545
T-CAM-D,0,5,3000,30000,0.322495,0.555149,171.091,0.413471,0.400585,0.384719,0.381267
T-CAM-D,0,5,3000,300000,0.303607,0.503733,147.171,0.38483,0.374658,0.362245,0.361789
T-CAM-D,0,5,8000,30000,0.261656,0.455744,142.73,0.381882,0.358983,0.309996,0.233085
T-CAM-D,0,5,8000,300000,0.24682,0.416708,124.934,0.355075,0.33568,0.292978,0.22535
T-CAM-D,1,3,1000,30000,0.648418,0.653407,3.66833,0.901361,0.865392,0.778243,0.595201
T-CAM-D,1,3,1000,300000,0.587539,0.591468,2.88946,0.798786,0.775212,0.710356,0.559377
T-CAM-D,1,3,3000,30000,0.550972,0.555149,3.07152,0.848368,0.790011,0.651594,0.405132
T-CAM-D,1,3,3000,300000,0.500251,0.503733,2.56075,0.756699,0.711897,0.598033,0.38341
T-CAM-D,1,3,8000,30000,0.452459,0.455744,2.41543,0.761377,0.687984,0.508422,0.246334
T-CAM-D,1,3,8000,300000,0.413906,0.416708,2.06059,0.685484,0.625607,0.471655,0.237655
T-CAM-D,1,4,1000,30000,0.607541,0.653407,33.7292,0.826317,0.797556,0.727662,0.589425
T-CAM-D,1,4,1000,300000,0.555007,0.591468,26.813,0.739895,0.720833,0.668335,0.554363
T-CAM-D,1,4,3000,30000,0.515974,0.555149,28.8089,0.781859,0.731551,0.611435,0.401241
T-CAM-D,1,4,3000,300000,0.470913,0.503733,24.1359,0.701484,0.662539,0.563135,0.379908
T-CAM-D,1,4,8000,30000,0.424694,0.455744,22.834,0.706277,0.641058,0.479948,0.244196
T-CAM-D,1,4,8000,300000,0.390115,0.416708,19.556,0.638661,0.585097,0.446337,0.235678
T-CAM-D,1,4.5,1000,30000,0.531821,0.653407,89.413,0.689963,0.672281,0.630085,0.577432
T-CAM-D,1,4.5,1000,300000,0.493151,0.591468,72.3015,0.629836,0.617938,0.585862,0.54386
T-CAM-D,1,4.5,3000,30000,0.447405,0.555149,79.2341,0.653321,0.617085,0.52998,0.392899
T-CAM-D,1,4.5,3000,300000,0.412599,0.503733,67.0192,0.593121,0.564626,0.491724,0.372369
T-CAM-D,1,4.5,8000,30000,0.368992,0.455744,63.7962,0.596969,0.546803,0.420752,0.23954
T-CAM-D,1,4.5,8000,300000,0.341831,0.416708,55.0642,0.544622,0.502884,0.393354,0.231362
T-CAM-D,1,5,1000,30000,0.398701,0.653407,187.308,0.459571,0.454456,0.446152,0.551184
T-CAM-D,1,5,1000,300000,0.379195,0.591468,156.103,0.434262,0.43088,0.42508,0.520422
T-CAM-D,1,5,3000,30000,0.314959,0.555149,176.633,0.41248,0.397055,0.361683,0.373433
T-CAM-D,1,5,3000,300000,0.296794,0.503733,152.181,0.383977,0.371518,0.341448,0.354606
T-CAM-D,1,5,8000,30000,0.256092,0.455744,146.822,0.380964,0.35583,0.291757,0.22829
T-CAM-D,1,5,8000,300000,0.241715,0.416708,128.688,0.354267,0.332841,0.276293,0.220862
T-CAM-D,2,3,1000,30000,0.648416,0.653407,3.67014,0.901367,0.865415,0.778274,0.595176
T-CAM-D,2,3,1000,300000,0.587536,0.591468,2.89129,0.79879,0.77523,0.710381,0.559356
T-CAM-D,2,3,3000,30000,0.550972,0.555149,3.07215,0.848373,0.79003,0.651618,0.405116
T-CAM-D,2,3,3000,300000,0.50025,0.503733,2.5615,0.756703,0.711913,0.598054,0.383395
T-CAM-D,2,3,8000,30000,0.45246,0.455744,2.41511,0.76138,0.687999,0.508439,0.246325
T-CAM-D,2,3,8000,300000,0.413906,0.416708,2.06046,0.685487,0.62562,0.47167,0.237646
T-CAM-D,2,4,1000,30000,0.607515,0.653407,33.7484,0.826366,0.797745,0.727929,0.589202
T-CAM-D,2,4,1000,300000,0.554982,0.591468,26.8317,0.739933,0.720985,0.668558,0.554169
T-CAM-D,2,4,3000,30000,0.515964,0.555149,28.8166,0.781903,0.731716,0.611651,0.401087
T-CAM-D,2,4,3000,300000,0.470901,0.503733,24.1443,0.701521,0.662679,0.563322,0.379769
T-CAM-D,2,4,8000,30000,0.424696,0.455744,22.8323,0.706312,0.64119,0.480102,0.244109
T-CAM-D,2,4,8000,300000,0.390116,0.416708,19.5557,0.638691,0.585211,0.446474,0.235597
T-CAM-D,2,4.5,1000,30000,0.531736,0.653407,89.4749,0.690065,0.672698,0.63071,0.576855
T-CAM-D,2,4.5,1000,300000,0.493072,0.591468,72.3594,0.629918,0.618284,0.586395,0.543352
T-CAM-D,2,4.5,3000,30000,0.447364,0.555149,79.2639,0.653423,0.617479,0.530518,0.392484
T-CAM-D,2,4.5,3000,300000,0.412558,0.503733,67.0491,0.593208,0.564965,0.492199,0.371993
T-CAM-D,2,4.5,8000,30000,0.368989,0.455744,63.7986,0.597052,0.547128,0.42115,0.239298
T-CAM-D,2,4.5,8000,300000,0.341824,0.416708,55.0692,0.544695,0.503169,0.393712,0.231137
T-CAM-D,2,5,1000,30000,0.398493,0.653407,187.461,0.459677,0.455007,0.447095,0.550121
T-CAM-D,2,5,1000,300000,0.379003,0.591468,156.245,0.434348,0.431363,0.425923,0.519459
T-CAM-D,2,5,3000,30000,0.314828,0.555149,176.73,0.412614,0.397649,0.362594,0.372597
T-CAM-D,2,5,3000,300000,0.296668,0.503733,152.274,0.38409,0.372045,0.342272,0.353837
T-CAM-D,2,5,8000,30000,0.256043,0.455744,146.858,0.381088,0.356358,0.292481,0.227772
T-CAM-D,2,5,8000,300000,0.241665,0.416708,128.725,0.354375,0.333316,0.276956,0.220376
T-CAM-D,3,3,1000,30000,0.648314,0.653407,3.74477,0.901342,0.865343,0.777974,0.595075
T-CAM-D,3,3,1000,300000,0.587452,0.591468,2.95334,0.798772,0.775173,0.710134,0.559269
T-CAM-D,3,3,3000,30000,0.550895,0.555149,3.12836,0.848353,0.78997,0.651385,0.405048
T-CAM-D,3,3,3000,300000,0.500183,0.503733,2.61062,0.756686,0.711862,0.597852,0.383334
T-CAM-D,3,3,8000,30000,0.452409,0.455744,2.45229,0.761366,0.687953,0.508275,0.246287
T-CAM-D,3,3,8000,300000,0.413861,0.416708,2.09361,0.685475,0.625581,0.471525,0.237611
T-CAM-D,3,4,1000,30000,0.606626,0.653407,34.4019,0.826164,0.797137,0.72533,0.588291
T-CAM-D,3,4,1000,300000,0.554236,0.591468,27.3802,0.73978,0.720497,0.666385,0.553375
T-CAM-D,3,4,3000,30000,0.515271,0.555149,29.3261,0.781721,0.731188,0.609553,0.400458
T-CAM-D,3,4,3000,300000,0.470294,0.503733,24.5911,0.701368,0.662233,0.561494,0.379202
T-CAM-D,3,4,8000,30000,0.424232,0.455744,23.1732,0.706187,0.640784,0.478608,0.243751
T-CAM-D,3,4,8000,300000,0.389701,0.416708,19.861,0.638585,0.584861,0.445143,0.235266
T-CAM-D,3,4.5,1000,30000,0.529637,0.653407,91.0188,0.689667,0.671375,0.624653,0.574546
T-CAM-D,3,4.5,1000,300000,0.491278,0.591468,73.6788,0.629625,0.617196,0.581215,0.541313
T-CAM-D,3,4.5,3000,30000,0.445614,0.555149,80.5513,0.652997,0.616226,0.525295,0.390812
T-CAM-D,3,4.5,3000,300000,0.411012,0.503733,68.186,0.592858,0.563894,0.487592,0.370475
T-CAM-D,3,4.5,8000,30000,0.367785,0.455744,64.684,0.596756,0.546137,0.417302,0.23832
T-CAM-D,3,4.5,8000,300000,0.340738,0.416708,55.8676,0.544443,0.502305,0.390253,0.230229
T-CAM-D,3,5,1000,30000,0.395375,0.653407,189.754,0.459611,0.453428,0.438025,0.546014
T-CAM-D,3,5,1000,300000,0.376246,0.591468,158.272,0.434402,0.430019,0.417811,0.515725
T-CAM-D,3,5,3000,30000,0.311903,0.555149,178.881,0.412265,0.395886,0.353839,0.369343
T-CAM-D,3,5,3000,300000,0.294054,0.503733,154.196,0.383883,0.37052,0.334355,0.350839
T-CAM-D,3,5,8000,30000,0.253873,0.455744,148.454,0.380773,0.354837,0.285538,0.225744
T-CAM-D,3,5,8000,300000,0.239692,0.416708,130.176,0.354154,0.331976,0.270598,0.218472
T-CAM-D,4,3,1000,30000,0.648534,0.653407,3.58317,0.901393,0.865484,0.778626,0.595293
T-CAM-D,4,3,1000,300000,0.587635,0.591468,2.81877,0.79881,0.775285,0.710673,0.559457
T-CAM-D,4,3,3000,30000,0.551061,0.555149,3.00649,0.848395,0.790088,0.651893,0.405195
T-CAM-D,4,3,3000,300000,0.500328,0.503733,2.50422,0.756722,0.711962,0.598293,0.383466
T-CAM-D,4,3,8000,30000,0.45252,0.455744,2.37092,0.761398,0.688045,0.508633,0.24637
T-CAM-D,4,3,8000,300000,0.41396,0.416708,2.02106,0.685502,0.62566,0.471842,0.237687
T-CAM-D,4,4,1000,30000,0.608563,0.653407,32.9775,0.82658,0.798332,0.731013,0.590278
T-CAM-D,4,4,1000,300000,0.555865,0.591468,26.1823,0.740101,0.72146,0.671134,0.555107
T-CAM-D,4,4,3000,30000,0.516778,0.555149,28.2176,0.782096,0.732231,0.614138,0.401828
T-CAM-D,4,4,3000,300000,0.471615,0.503733,23.6191,0.701682,0.663116,0.56549,0.380437
T-CAM-D,4,4,8000,30000,0.42525,0.455744,22.4244,0.706469,0.641603,0.48188,0.24453
T-CAM-D,4,4,8000,300000,0.390612,0.416708,19.1906,0.638825,0.585569,0.448058,0.235987
T-CAM-D,4,4.5,1000,30000,0.534289,0.653407,87.5975,0.690522,0.673998,0.638002,0.579668
T-CAM-D,4,4.5,1000,300000,0.495265,0.591468,70.7464,0.630289,0.619367,0.592624,0.54583
T-CAM-D,4,4.5,3000,30000,0.44946,0.555149,77.7224,0.653877,0.618709,0.536789,0.394502
T-CAM-D,4,4.5,3000,300000,0.414415,0.503733,65.6839,0.593592,0.566026,0.497726,0.373822
T-CAM-D,4,4.5,8000,30000,0.370452,0.455744,62.7223,0.597433,0.54815,0.425779,0.240473
T-CAM-D,4,4.5,8000,300000,0.343145,0.416708,54.0975,0.545024,0.504065,0.397872,0.232228
T-CAM-D,4,5,1000,30000,0.402694,0.653407,184.371,0.460205,0.456762,0.458346,0.55546
T-CAM-D,4,5,1000,300000,0.382754,0.591468,153.486,0.434792,0.432908,0.435967,0.524289
T-CAM-D,4,5,3000,30000,0.318631,0.555149,173.933,0.413244,0.39953,0.373414,0.376772
T-CAM-D,4,5,3000,300000,0.300108,0.503733,149.744,0.384631,0.373717,0.352047,0.357673
T-CAM-D,4,5,8000,30000,0.258862,0.455744,144.785,0.381672,0.358038,0.301066,0.230348
T-CAM-D,4,5,8000,300000,0.244251,0.416708,126.823,0.354888,0.334828,0.284814,0.22279
T-CAM-D,5,3,1000,30000,0.648584,0.653407,3.54643,0.90141,0.865539,0.778804,0.595322
T-CAM-D,5,3,1000,300000,0.587676,0.591468,2.78846,0.798823,0.775329,0.71082,0.559482
T-CAM-D,5,3,3000,30000,0.5511,0.555149,2.97797,0.84841,0.790134,0.652033,0.405214
T-CAM-D,5,3,3000,300000,0.500361,0.503733,2.47956,0.756734,0.712001,0.598413,0.383484
T-CAM-D,5,3,8000,30000,0.452547,0.455744,2.35087,0.76141,0.688081,0.508731,0.24638
T-CAM-D,5,3,8000,300000,0.413984,0.416708,2.00335,0.685512,0.625691,0.471929,0.237697
T-CAM-D,5,4,1000,30000,0.609004,0.653407,32.6533,0.826724,0.798797,0.732579,0.590547
T-CAM-D,5,4,1000,300000,0.556233,0.591468,25.9118,0.740215,0.721836,0.672442,0.55534
T-CAM-D,5,4,3000,30000,0.517131,0.555149,27.9585,0.782226,0.732639,0.615401,0.402012
T-CAM-D,5,4,3000,300000,0.471922,0.503733,23.3938,0.701791,0.663462,0.56659,0.380603
T-CAM-D,5,4,8000,30000,0.425501,0.455744,22.2401,0.706576,0.641932,0.482783,0.244634
T-CAM-D,5,4,8000,300000,0.390835,0.416708,19.0269,0.638916,0.585855,0.448862,0.236084
T-CAM-D,5,4.5,1000,30000,0.535354,0.653407,86.8145,0.690833,0.675032,0.641746,0.580383
T-CAM-D,5,4.5,1000,300000,0.496174,0.591468,70.0783,0.630543,0.62023,0.595818,0.546459
T-CAM-D,5,4.5,3000,30000,0.45036,0.555149,77.0608,0.654183,0.619687,0.539999,0.395012
T-CAM-D,5,4.5,3000,300000,0.415207,0.503733,65.1015,0.593852,0.56687,0.500554,0.374284
T-CAM-D,5,4.5,8000,30000,0.371109,0.455744,62.2397,0.597694,0.548965,0.428147,0.240769
T-CAM-D,5,4.5,8000,300000,0.343734,0.416708,53.6648,0.545251,0.504781,0.399999,0.232503
T-CAM-D,5,5,1000,30000,0.404432,0.653407,183.093,0.460599,0.458181,0.464249,0.556883
T-CAM-D,5,5,1000,300000,0.384301,0.591468,152.349,0.435134,0.434159,0.441225,0.525571
T-CAM-D,5,5,3000,30000,0.320248,0.555149,172.744,0.41369,0.401042,0.37907,0.377874
T-CAM-D,5,5,3000,300000,0.301566,0.503733,148.672,0.385022,0.375066,0.357151,0.358683
T-CAM-D,5,5,8000,30000,0.260109,0.455744,143.868,0.382085,0.359393,0.305542,0.231022
T-CAM-D,5,5,8000,300000,0.245391,0.416708,125.985,0.355256,0.336049,0.288907,0.223421
T-CAM-D,6,3,1000,30000,0.648797,0.653407,3.38998,0.901458,0.86571,0.779531,0.59548
T-CAM-D,6,3,1000,300000,0.587853,0.591468,2.65869,0.798861,0.775465,0.711419,0.559619
T-CAM-D,6,3,3000,30000,0.551263,0.555149,2.85807,0.848452,0.790279,0.6526,0.405321
T-CAM-D,6,3,3000,300000,0.500503,0.503733,2.37547,0.756769,0.712122,0.598904,0.383579
T-CAM-D,6,3,8000,30000,0.45266,0.455744,2.26807,0.761444,0.688196,0.50913,0.24644
T-CAM-D,6,3,8000,300000,0.414084,0.416708,1.92987,0.685541,0.62579,0.472283,0.237752
T-CAM-D,6,4,1000,30000,0.610912,0.653407,31.2504,0.827129,0.800249,0.73903,0.592031
T-CAM-D,6,4,1000,300000,0.557831,0.591468,24.7362,0.740536,0.72301,0.677822,0.55663
T-CAM-D,6,4,3000,30000,0.51863,0.555149,26.8561,0.782592,0.733912,0.620587,0.403027
T-CAM-D,6,4,3000,300000,0.47323,0.503733,22.4316,0.702097,0.664542,0.571105,0.381518
T-CAM-D,6,4,8000,30000,0.426547,0.455744,21.4711,0.706881,0.64296,0.486486,0.24521
T-CAM-D,6,4,8000,300000,0.391767,0.416708,18.3416,0.639176,0.586745,0.452159,0.236616
T-CAM-D,6,4.5,1000,30000,0.540123,0.653407,83.3073,0.691712,0.678277,0.657483,0.584443
T-CAM-D,6,4.5,1000,300000,0.500249,0.591468,67.0819,0.631265,0.622935,0.609211,0.550021
T-CAM-D,6,4.5,3000,30000,0.454292,0.555149,74.1692,0.655044,0.62275,0.553406,0.397882
T-CAM-D,6,4.5,3000,300000,0.418675,0.503733,62.551,0.594586,0.569512,0.512348,0.376881
T-CAM-D,6,4.5,8000,30000,0.37391,0.455744,60.1797,0.598435,0.551521,0.438004,0.242425
T-CAM-D,6,4.5,8000,300000,0.346252,0.416708,51.8131,0.545893,0.507026,0.408843,0.23404
T-CAM-D,6,5,1000,30000,0.412853,0.653407,176.9,0.461743,0.462684,0.49009,0.565487
T-CAM-D,6,5,1000,300000,0.391774,0.591468,146.853,0.436132,0.438134,0.464154,0.533285
T-CAM-D,6,5,3000,30000,0.327822,0.555149,167.174,0.414965,0.40583,0.403619,0.38443
T-CAM-D,6,5,3000,300000,0.308395,0.503733,143.65,0.386148,0.379336,0.379251,0.364679
T-CAM-D,6,5,8000,30000,0.265768,0.455744,139.706,0.383269,0.363681,0.324847,0.23499
T-CAM-D,6,5,8000,300000,0.250569,0.416708,122.177,0.356313,0.339916,0.30653,0.227129
T-CAM-D,7,3,1000,30000,0.648361,0.653407,3.71048,0.901356,0.865377,0.778102,0.595124
T-CAM-D,7,3,1000,300000,0.587491,0.591468,2.9249,0.798782,0.7752,0.710239,0.559311
T-CAM-D,7,3,3000,30000,0.55093,0.555149,3.10264,0.848364,0.789998,0.651484,0.405081
T-CAM-D,7,3,3000,300000,0.500214,0.503733,2.58811,0.756696,0.711886,0.597938,0.383363
T-CAM-D,7,3,8000,30000,0.452432,0.455744,2.4356,0.761374,0.687974,0.508345,0.246305
T-CAM-D,7,3,8000,300000,0.413881,0.416708,2.07872,0.685481,0.625599,0.471587,0.237628
T-CAM-D,7,4,1000,30000,0.607033,0.653407,34.1028,0.826278,0.797426,0.726434,0.588729
T-CAM-D,7,4,1000,300000,0.554576,0.591468,27.13,0.739865,0.720728,0.667308,0.553757
T-CAM-D,7,4,3000,30000,0.515588,0.555149,29.093,0.781824,0.731437,0.610444,0.40076
T-CAM-D,7,4,3000,300000,0.470572,0.503733,24.3867,0.701455,0.662443,0.56227,0.379475
T-CAM-D,7,4,8000,30000,0.42444,0.455744,23.0204,0.706251,0.640968,0.47924,0.243923
T-CAM-D,7,4,8000,300000,0.389887,0.416708,19.7242,0.638639,0.58502,0.445706,0.235425
T-CAM-D,7,4.5,1000,30000,0.530587,0.653407,90.3205,0.689883,0.671995,0.627215,0.575648
T-CAM-D,7,4.5,1000,300000,0.492084,0.591468,73.0859,0.629774,0.617701,0.583407,0.542287
T-CAM-D,7,4.5,3000,30000,0.446411,0.555149,79.9649,0.653238,0.616814,0.527504,0.391611
T-CAM-D,7,4.5,3000,300000,0.411714,0.503733,67.6698,0.593053,0.564393,0.48954,0.371201
T-CAM-D,7,4.5,8000,30000,0.368322,0.455744,64.2891,0.596905,0.546582,0.418924,0.238788
T-CAM-D,7,4.5,8000,300000,0.341222,0.416708,55.512,0.544568,0.50269,0.39171,0.230664
T-CAM-D,7,5,1000,30000,0.396696,0.653407,188.782,0.459516,0.454087,0.441825,0.547945
T-CAM-D,7,5,1000,300000,0.377398,0.591468,157.425,0.434226,0.430559,0.421209,0.517482
T-CAM-D,7,5,3000,30000,0.313174,0.555149,177.946,0.412388,0.396654,0.357507,0.370877
T-CAM-D,7,5,3000,300000,0.295174,0.503733,153.372,0.383907,0.371165,0.33767,0.352253
T-CAM-D,7,5,8000,30000,0.254806,0.455744,147.768,0.380879,0.355476,0.288436,0.226702
T-CAM-D,7,5,8000,300000,0.24053,0.416708,129.559,0.354198,0.332525,0.273251,0.219372
T-CAM-D,8,3,1000,30000,0.648625,0.653407,3.51634,0.90143,0.865617,0.778956,0.59533
T-CAM-D,8,3,1000,300000,0.587709,0.591468,2.76394,0.798839,0.77539,0.710945,0.559489
T-CAM-D,8,3,3000,30000,0.551132,0.555149,2.9539,0.848428,0.7902,0.652151,0.40522
T-CAM-D,8,3,3000,300000,0.50039,0.503733,2.45894,0.756748,0.712056,0.598516,0.383488
T-CAM-D,8,3,8000,30000,0.452571,0.455744,2.33317,0.761424,0.688133,0.508814,0.246383
T-CAM-D,8,3,8000,300000,0.414005,0.416708,1.98785,0.685525,0.625736,0.472003,0.2377
T-CAM-D,8,4,1000,30000,0.609361,0.653407,32.3909,0.826893,0.799453,0.733916,0.59062
T-CAM-D,8,4,1000,300000,0.556527,0.591468,25.6951,0.740349,0.722366,0.673558,0.555404
T-CAM-D,8,4,3000,30000,0.517425,0.555149,27.7417,0.782379,0.733215,0.616478,0.402062
T-CAM-D,8,4,3000,300000,0.472176,0.503733,23.2068,0.701919,0.66395,0.567528,0.380648
T-CAM-D,8,4,8000,30000,0.425721,0.455744,22.0786,0.706703,0.642397,0.483553,0.244663
T-CAM-D,8,4,8000,300000,0.391028,0.416708,18.8847,0.639025,0.586257,0.449548,0.23611
T-CAM-D,8,4.5,1000,30000,0.536196,0.653407,86.1953,0.6912,0.676496,0.644965,0.580578
T-CAM-D,8,4.5,1000,300000,0.496887,0.591468,69.5542,0.630844,0.62145,0.598561,0.54663
T-CAM-D,8,4.5,3000,30000,0.4511,0.555149,76.5169,0.654542,0.62107,0.542755,0.395151
T-CAM-D,8,4.5,3000,300000,0.415853,0.503733,64.6261,0.594158,0.568062,0.50298,0.37441
T-CAM-D,8,4.5,8000,30000,0.371675,0.455744,61.8232,0.598003,0.550119,0.43018,0.240849
T-CAM-D,8,4.5,8000,300000,0.344238,0.416708,53.2941,0.545518,0.505794,0.401823,0.232578
T-CAM-D,8,5,1000,30000,0.405741,0.653407,182.131,0.461074,0.460203,0.469393,0.557274
T-CAM-D,8,5,1000,300000,0.385462,0.591468,151.495,0.435547,0.435944,0.445801,0.525923
T-CAM-D,8,5,3000,30000,0.321523,0.555149,171.806,0.41422,0.403195,0.383988,0.378176
T-CAM-D,8,5,3000,300000,0.302711,0.503733,147.829,0.38549,0.376985,0.361585,0.35896
T-CAM-D,8,5,8000,30000,0.261146,0.455744,143.105,0.382577,0.361322,0.30943,0.231207
T-CAM-D,8,5,8000,300000,0.246334,0.416708,125.291,0.355695,0.337788,0.29246,0.223594
T-CAM-D,9,3,1000,30000,0.648819,0.653407,3.37395,0.901452,0.865678,0.779581,0.595527
T-CAM-D,9,3,1000,300000,0.587871,0.591468,2.64481,0.798856,0.77544,0.711461,0.55966
T-CAM-D,9,3,3000,30000,0.551278,0.555149,2.84713,0.848446,0.790252,0.652639,0.405353
T-CAM-D,9,3,3000,300000,0.500516,0.503733,2.3656,0.756764,0.712099,0.598939,0.383608
T-CAM-D,9,3,8000,30000,0.452668,0.455744,2.26195,0.76144,0.688174,0.509158,0.246458
T-CAM-D,9,3,8000,300000,0.414092,0.416708,1.92417,0.685538,0.625771,0.472308,0.237769
T-CAM-D,9,4,1000,30000,0.611122,0.653407,31.0958,0.827074,0.799977,0.739485,0.592479
T-CAM-D,9,4,1000,300000,0.558013,0.591468,24.6025,0.740493,0.722789,0.678202,0.55702
T-CAM-D,9,4,3000,30000,0.518775,0.555149,26.7491,0.782543,0.733674,0.62095,0.403333
T-CAM-D,9,4,3000,300000,0.473361,0.503733,22.3352,0.702056,0.66434,0.571422,0.381793
T-CAM-D,9,4,8000,30000,0.426629,0.455744,21.4104,0.70684,0.642767,0.486744,0.245383
T-CAM-D,9,4,8000,300000,0.391844,0.416708,18.2852,0.639141,0.586578,0.452389,0.236776
T-CAM-D,9,4.5,1000,30000,0.540725,0.653407,82.8646,0.691594,0.677667,0.658613,0.585707
T-CAM-D,9,4.5,1000,300000,0.500771,0.591468,66.6974,0.631168,0.622426,0.610172,0.551126
T-CAM-D,9,4.5,3000,30000,0.454723,0.555149,73.8521,0.654928,0.622175,0.554361,0.398767
T-CAM-D,9,4.5,3000,300000,0.419063,0.503733,62.2655,0.594487,0.569016,0.513188,0.37768
T-CAM-D,9,4.5,8000,30000,0.374162,0.455744,59.9941,0.598335,0.551041,0.438701,0.242933
T-CAM-D,9,4.5,8000,300000,0.346485,0.416708,51.6412,0.545807,0.506604,0.409468,0.23451
T-CAM-D,9,5,1000,30000,0.414222,0.653407,175.894,0.461588,0.461832,0.492018,0.568366
T-CAM-D,9,5,1000,300000,0.392984,0.591468,145.963,0.435996,0.437381,0.46586,0.535851
T-CAM-D,9,5,3000,30000,0.328894,0.555149,166.386,0.414793,0.404925,0.405432,0.386582
T-CAM-D,9,5,3000,300000,0.309366,0.503733,142.936,0.385995,0.378529,0.380881,0.366641
T-CAM-D,9,5,8000,30000,0.266441,0.455744,139.211,0.383109,0.362871,0.326258,0.236276
T-CAM-D,9,5,8000,300000,0.251193,0.416708,121.719,0.35617,0.339186,0.307817,0.228328
T-CAM-D,10,3,1000,30000,0.648589,0.653407,3.54261,0.901403,0.865524,0.778815,0.595339
T-CAM-D,10,3,1000,300000,0.587681,0.591468,2.78502,0.798818,0.775317,0.710829,0.559497
T-CAM-D,10,3,3000,30000,0.551103,0.555149,2.97562,0.848404,0.790121,0.652041,0.405225
T-CAM-D,10,3,3000,300000,0.500365,0.503733,2.47735,0.756729,0.71199,0.59842,0.383494
T-CAM-D,10,3,8000,30000,0.452548,0.455744,2.34986,0.761406,0.688071,0.508736,0.246387
T-CAM-D,10,3,8000,300000,0.413985,0.416708,2.00232,0.685509,0.625682,0.471934,0.237703
T-CAM-D,10,4,1000,30000,0.609054,0.653407,32.6161,0.826668,0.798665,0.732674,0.590702
T-CAM-D,10,4,1000,300000,0.556278,0.591468,25.8785,0.740171,0.721729,0.672521,0.555475
T-CAM-D,10,4,3000,30000,0.517162,0.555149,27.9351,0.782176,0.732523,0.615477,0.402118
T-CAM-D,10,4,3000,300000,0.471952,0.503733,23.3719,0.701749,0.663364,0.566656,0.380699
T-CAM-D,10,4,8000,30000,0.425516,0.455744,22.2295,0.706535,0.641839,0.482837,0.244695
T-CAM-D,10,4,8000,300000,0.390849,0.416708,19.0164,0.638881,0.585774,0.44891,0.23614
T-CAM-D,10,4.5,1000,30000,0.5355,0.653407,86.7075,0.690714,0.674739,0.641975,0.580798
T-CAM-D,10,4.5,1000,300000,0.496303,0.591468,69.9832,0.630446,0.619985,0.596014,0.546824
T-CAM-D,10,4.5,3000,30000,0.450457,0.555149,76.9897,0.654065,0.61941,0.540194,0.395307
T-CAM-D,10,4.5,3000,300000,0.415296,0.503733,65.0359,0.593753,0.56663,0.500726,0.374552
T-CAM-D,10,4.5,8000,30000,0.371157,0.455744,62.2045,0.597594,0.548734,0.42829,0.24094
T-CAM-D,10,4.5,8000,300000,0.34378,0.416708,53.6307,0.545164,0.504578,0.400127,0.232662
T-CAM-D,10,5,1000,30000,0.404751,0.653407,182.859,0.460448,0.457778,0.464616,0.55772
T-CAM-D,10,5,1000,300000,0.384588,0.591468,152.138,0.435003,0.433804,0.441553,0.526324
T-CAM-D,10,5,3000,30000,0.320489,0.555149,172.567,0.413519,0.400613,0.379419,0.378519
T-CAM-D,10,5,3000,300000,0.301788,0.503733,148.509,0.384872,0.374682,0.357466,0.359275
T-CAM-D,10,5,8000,30000,0.260247,0.455744,143.766,0.381927,0.359008,0.305817,0.231416
T-CAM-D,10,5,8000,300000,0.245522,0.416708,125.889,0.355115,0.335702,0.289159,0.22379
T-CAM-D,11,3,1000,30000,0.648682,0.653407,3.47431,0.90142,0.865577,0.779123,0.595421
T-CAM-D,11,3,1000,300000,0.587758,0.591468,2.72813,0.798831,0.775359,0.711083,0.559568
T-CAM-D,11,3,3000,30000,0.551173,0.555149,2.92385,0.848419,0.790166,0.652281,0.405281
T-CAM-D,11,3,3000,300000,0.500426,0.503733,2.43225,0.756741,0.712027,0.598628,0.383544
T-CAM-D,11,3,8000,30000,0.452596,0.455744,2.31473,0.761417,0.688107,0.508905,0.246418
T-CAM-D,11,3,8000,300000,0.414028,0.416708,1.97103,0.685519,0.625713,0.472084,0.237732
T-CAM-D,11,4,1000,30000,0.609889,0.653407,32.0025,0.826809,0.799116,0.735395,0.591473
T-CAM-D,11,4,1000,300000,0.55698,0.591468,25.3624,0.740283,0.722093,0.674792,0.556146
T-CAM-D,11,4,3000,30000,0.517811,0.555149,27.4583,0.782303,0.732919,0.617666,0.402646
T-CAM-D,11,4,3000,300000,0.472519,0.503733,22.9545,0.701855,0.663699,0.568563,0.381174
T-CAM-D,11,4,8000,30000,0.42596,0.455744,21.9027,0.70664,0.642158,0.4844,0.244994
T-CAM-D,11,4,8000,300000,0.391247,0.416708,18.7241,0.638971,0.58605,0.450303,0.236416
T-CAM-D,11,4.5,1000,30000,0.537593,0.653407,85.1685,0.691018,0.675742,0.648554,0.582896
T-CAM-D,11,4.5,1000,300000,0.498097,0.591468,68.6644,0.630694,0.620822,0.601619,0.548664
T-CAM-D,11,4.5,3000,30000,0.452163,0.555149,75.7353,0.654364,0.620358,0.545814,0.396793
T-CAM-D,11,4.5,3000,300000,0.416805,0.503733,63.9265,0.594006,0.567448,0.505673,0.375896
T-CAM-D,11,4.5,8000,30000,0.372351,0.455744,61.3261,0.59785,0.549525,0.432426,0.241798
T-CAM-D,11,4.5,8000,300000,0.344857,0.416708,52.8388,0.545385,0.505273,0.40384,0.233458
T-CAM-D,11,5,1000,30000,0.408459,0.653407,180.132,0.460836,0.459161,0.475228,0.562094
T-CAM-D,11,5,1000,300000,0.387885,0.591468,149.713,0.43534,0.435024,0.450986,0.530252
T-CAM-D,11,5,3000,30000,0.323788,0.555149,170.14,0.413956,0.402085,0.389537,0.381866
T-CAM-D,11,5,3000,300000,0.304768,0.503733,146.317,0.385257,0.375996,0.366585,0.362338
T-CAM-D,11,5,8000,30000,0.262674,0.455744,141.981,0.382332,0.360328,0.313793,0.233448
T-CAM-D,11,5,8000,300000,0.247747,0.416708,124.252,0.355476,0.336892,0.296446,0.225689
T-CAM-D,12,3,1000,30000,0.648758,0.653407,3.41876,0.901443,0.865645,0.779363,0.595479
T-CAM-D,12,3,1000,300000,0.587821,0.591468,2.68208,0.798849,0.775413,0.711281,0.559618
T-CAM-D,12,3,3000,30000,0.551231,0.555149,2.88122,0.848439,0.790224,0.652469,0.40532
T-CAM-D,12,3,3000,300000,0.500476,0.503733,2.39527,0.756758,0.712076,0.598791,0.383579
T-CAM-D,12,3,8000,30000,0.452636,0.455744,2.28523,0.761434,0.688152,0.509038,0.24644
T-CAM-D,12,3,8000,300000,0.414063,0.416708,1.94488,0.685532,0.625752,0.472202,0.237752
T-CAM-D,12,4,1000,30000,0.610568,0.653407,31.503,0.827003,0.799694,0.737536,0.592018
T-CAM-D,12,4,1000,300000,0.557548,0.591468,24.9442,0.740437,0.722561,0.676577,0.556619
T-CAM-D,12,4,3000,30000,0.518345,0.555149,27.0657,0.782479,0.733426,0.619386,0.403018
T-CAM-D,12,4,3000,300000,0.472985,0.503733,22.6121,0.702002,0.664129,0.57006,0.38151
T-CAM-D,12,4,8000,30000,0.426333,0.455744,21.6284,0.706786,0.642567,0.485628,0.245205
T-CAM-D,12,4,8000,300000,0.391579,0.416708,18.4799,0.639096,0.586405,0.451396,0.236611
T-CAM-D,12,4.5,1000,30000,0.539302,0.653407,83.9115,0.69144,0.677034,0.653794,0.584408
T-CAM-D,12,4.5,1000,300000,0.499556,0.591468,67.5915,0.631041,0.621899,0.606077,0.549989
T-CAM-D,12,4.5,3000,30000,0.453569,0.555149,74.7011,0.654777,0.621578,0.550273,0.397857
T-CAM-D,12,4.5,3000,300000,0.418044,0.503733,63.0148,0.594358,0.5685,0.509595,0.376858
T-CAM-D,12,4.5,8000,30000,0.373353,0.455744,60.5894,0.598205,0.550543,0.435703,0.242411
T-CAM-D,12,4.5,8000,300000,0.345757,0.416708,52.177,0.545694,0.506167,0.40678,0.234026
T-CAM-D,12,5,1000,30000,0.411536,0.653407,177.869,0.461386,0.46095,0.483885,0.565408
T-CAM-D,12,5,1000,300000,0.39061,0.591468,147.709,0.43582,0.436603,0.458662,0.533215
T-CAM-D,12,5,3000,30000,0.326538,0.555149,168.119,0.414568,0.403989,0.397751,0.38437
T-CAM-D,12,5,3000,300000,0.307245,0.503733,144.495,0.385797,0.377693,0.373977,0.364624
T-CAM-D,12,5,8000,30000,0.26472,0.455744,140.477,0.3829,0.362033,0.320246,0.234954
T-CAM-D,12,5,8000,300000,0.249618,0.416708,122.876,0.355984,0.338429,0.302335,0.227096
T-CAM-D,13,3,1000,30000,0.64844,0.653407,3.65265,0.901358,0.865391,0.77831,0.595228
T-CAM-D,13,3,1000,300000,0.587557,0.591468,2.8762,0.798783,0.775211,0.710411,0.559401
T-CAM-D,13,3,3000,30000,0.550988,0.555149,3.06003,0.848365,0.79001,0.651647,0.405151
T-CAM-D,13,3,3000,300000,0.500265,0.503733,2.55063,0.756697,0.711896,0.598079,0.383427
T-CAM-D,13,3,8000,30000,0.452469,0.455744,2.40805,0.761374,0.687983,0.508459,0.246345
T-CAM-D,13,3,8000,300000,0.413915,0.416708,2.05393,0.685482,0.625606,0.471688,0.237664
T-CAM-D,13,4,1000,30000,0.607732,0.653407,33.5889,0.82629,0.797542,0.728246,0.589678
T-CAM-D,13,4,1000,300000,0.55517,0.591468,26.6932,0.739874,0.720821,0.668823,0.554583
T-CAM-D,13,4,3000,30000,0.516118,0.555149,28.7034,0.781835,0.731539,0.611906,0.401415
T-CAM-D,13,4,3000,300000,0.47104,0.503733,24.0425,0.701464,0.662529,0.563545,0.380065
T-CAM-D,13,4,8000,30000,0.424787,0.455744,22.7653,0.706258,0.641049,0.480285,0.244295
T-CAM-D,13,4,8000,300000,0.3902,0.416708,19.4938,0.638645,0.585089,0.446637,0.23577
T-CAM-D,13,4.5,1000,30000,0.532294,0.653407,89.0646,0.689906,0.672251,0.631456,0.578087
T-CAM-D,13,4.5,1000,300000,0.493562,0.591468,71.9988,0.629791,0.617913,0.587034,0.544438
T-CAM-D,13,4.5,3000,30000,0.44778,0.555149,78.9586,0.653263,0.617056,0.531161,0.39337
T-CAM-D,13,4.5,3000,300000,0.412934,0.503733,66.7728,0.593073,0.564601,0.492766,0.372797
T-CAM-D,13,4.5,8000,30000,0.369243,0.455744,63.6118,0.596923,0.546781,0.421624,0.239815
T-CAM-D,13,4.5,8000,300000,0.342059,0.416708,54.8959,0.544583,0.502865,0.394138,0.231617
T-CAM-D,13,5,1000,30000,0.399516,0.653407,186.708,0.459521,0.454425,0.448239,0.552412
T-CAM-D,13,5,1000,300000,0.37993,0.591468,155.563,0.434224,0.430855,0.426946,0.521535
T-CAM-D,13,5,3000,30000,0.315668,0.555149,176.112,0.412409,0.397018,0.363694,0.374397
T-CAM-D,13,5,3000,300000,0.297441,0.503733,151.705,0.38392,0.371487,0.343267,0.355492
T-CAM-D,13,5,8000,30000,0.256596,0.455744,146.451,0.380899,0.355799,0.293355,0.228886
T-CAM-D,13,5,8000,300000,0.242182,0.416708,128.345,0.354212,0.332815,0.277757,0.221421
T-CAM-D,14,3,1000,30000,0.649096,0.653407,3.17009,0.901603,0.866232,0.780419,0.595608
T-CAM-D,14,3,1000,300000,0.588097,0.591468,2.47874,0.798974,0.77588,0.712153,0.55973
T-CAM-D,14,3,3000,30000,0.551499,0.555149,2.68425,0.848577,0.790718,0.653293,0.405407
T-CAM-D,14,3,3000,300000,0.500706,0.503733,2.22619,0.756872,0.712492,0.599505,0.383657
T-CAM-D,14,3,8000,30000,0.452831,0.455744,2.14216,0.761547,0.688545,0.509619,0.246489
T-CAM-D,14,3,8000,300000,0.414234,0.416708,1.81937,0.685628,0.62609,0.472717,0.237797
T-CAM-D,14,4,1000,30000,0.61359,0.653407,29.2809,0.828341,0.804707,0.747064,0.593252
T-CAM-D,14,4,1000,300000,0.560048,0.591468,23.1063,0.741498,0.726611,0.68451,0.55769
T-CAM-D,14,4,3000,30000,0.5208,0.555149,25.2602,0.783687,0.737815,0.627017,0.403858
T-CAM-D,14,4,3000,300000,0.475105,0.503733,21.0528,0.703011,0.667851,0.576697,0.382266
T-CAM-D,14,4,8000,30000,0.428134,0.455744,20.3042,0.707794,0.646109,0.491071,0.245679
T-CAM-D,14,4,8000,300000,0.393166,0.416708,17.3125,0.639956,0.589473,0.456239,0.23705
T-CAM-D,14,4.5,1000,30000,0.546822,0.653407,78.3813,0.694358,0.688374,0.677813,0.587925
T-CAM-D,14,4.5,1000,300000,0.505911,0.591468,62.9174,0.63344,0.631341,0.626436,0.553063
T-CAM-D,14,4.5,3000,30000,0.459977,0.555149,69.9884,0.657628,0.632244,0.57053,0.40031
T-CAM-D,14,4.5,3000,300000,0.423646,0.503733,58.8952,0.596788,0.577693,0.527376,0.379074
T-CAM-D,14,4.5,8000,30000,0.378147,0.455744,57.0641,0.600665,0.559433,0.450528,0.243816
T-CAM-D,14,4.5,8000,300000,0.350025,0.416708,49.0381,0.547828,0.513967,0.42006,0.235328
T-CAM-D,14,5,1000,30000,0.424874,0.653407,168.06,0.465263,0.477069,0.526148,0.573677
T-CAM-D,14,5,1000,300000,0.402348,0.591468,139.077,0.439215,0.450799,0.495899,0.540566
T-CAM-D,14,5,3000,30000,0.33887,0.555149,159.049,0.41885,0.421047,0.437296,0.390498
T-CAM-D,14,5,3000,300000,0.31829,0.503733,136.373,0.389585,0.39289,0.409431,0.370204
T-CAM-D,14,5,8000,30000,0.274337,0.455744,133.405,0.386869,0.377267,0.351021,0.238596
T-CAM-D,14,5,8000,300000,0.258355,0.416708,116.451,0.359535,0.352154,0.330342,0.230488
T-CAM-D,15,3,1000,30000,0.648608,0.653407,3.52866,0.901408,0.865545,0.778889,0.595349
T-CAM-D,15,3,1000,300000,0.587696,0.591468,2.77349,0.798822,0.775334,0.71089,0.559506
T-CAM-D,15,3,3000,30000,0.551118,0.555149,2.96481,0.848408,0.790139,0.652099,0.405232
T-CAM-D,15,3,3000,300000,0.500377,0.503733,2.46799,0.756732,0.712005,0.59847,0.3835
T-CAM-D,15,3,8000,30000,0.452559,0.455744,2.34227,0.761409,0.688085,0.508777,0.246391
T-CAM-D,15,3,8000,300000,0.413994,0.416708,1.9956,0.685511,0.625695,0.47197,0.237707
T-CAM-D,15,4,1000,30000,0.609222,0.653407,32.4925,0.826705,0.798846,0.733327,0.590797
T-CAM-D,15,4,1000,300000,0.556418,0.591468,25.7752,0.740201,0.721875,0.673066,0.555558
T-CAM-D,15,4,3000,30000,0.517296,0.555149,27.8366,0.782209,0.732682,0.616003,0.402184
T-CAM-D,15,4,3000,300000,0.472068,0.503733,23.2861,0.701777,0.663499,0.567114,0.380758
T-CAM-D,15,4,8000,30000,0.425611,0.455744,22.1595,0.706563,0.641967,0.483212,0.244732
T-CAM-D,15,4,8000,300000,0.390934,0.416708,18.9542,0.638905,0.585885,0.449245,0.236174
T-CAM-D,15,4.5,1000,30000,0.535909,0.653407,86.4063,0.690794,0.675142,0.643545,0.581055
T-CAM-D,15,4.5,1000,300000,0.496653,0.591468,69.726,0.630511,0.620321,0.597352,0.547049
T-CAM-D,15,4.5,3000,30000,0.450801,0.555149,76.7364,0.654144,0.619791,0.541538,0.39549
T-CAM-D,15,4.5,3000,300000,0.4156,0.503733,64.8126,0.593819,0.566959,0.501909,0.374717
T-CAM-D,15,4.5,8000,30000,0.371407,0.455744,62.0201,0.597661,0.549052,0.429281,0.241045
T-CAM-D,15,4.5,8000,300000,0.344005,0.416708,53.4653,0.545222,0.504857,0.401016,0.23276
T-CAM-D,15,5,1000,30000,0.405433,0.653407,182.357,0.460551,0.458333,0.46712,0.558242
T-CAM-D,15,5,1000,300000,0.385195,0.591468,151.691,0.435093,0.434294,0.443781,0.526794
T-CAM-D,15,5,3000,30000,0.32112,0.555149,172.103,0.413634,0.401204,0.381813,0.378922
T-CAM-D,15,5,3000,300000,0.302357,0.503733,148.09,0.384974,0.37521,0.359625,0.359643
T-CAM-D,15,5,8000,30000,0.260732,0.455744,143.41,0.382034,0.359538,0.307708,0.231661
T-CAM-D,15,5,8000,300000,0.245965,0.416708,125.563,0.35521,0.33618,0.290887,0.22402
T-CAM-D,16,3,1000,30000,0.648696,0.653407,3.46381,0.901414,0.865566,0.779173,0.595443
T-CAM-D,16,3,1000,300000,0.58777,0.591468,2.71915,0.798827,0.775351,0.711124,0.559587
T-CAM-D,16,3,3000,30000,0.551183,0.555149,2.91638,0.848414,0.790157,0.65232,0.405296
T-CAM-D,16,3,3000,300000,0.500435,0.503733,2.42559,0.756737,0.71202,0.598662,0.383557
T-CAM-D,16,3,8000,30000,0.452602,0.455744,2.3102,0.761413,0.6881,0.508933,0.246426
T-CAM-D,16,3,8000,300000,0.414034,0.416708,1.96688,0.685515,0.625707,0.472109,0.23774
T-CAM-D,16,4,1000,30000,0.610022,0.653407,31.9044,0.82676,0.799027,0.735838,0.591681
T-CAM-D,16,4,1000,300000,0.557094,0.591468,25.2782,0.740244,0.722022,0.675161,0.556326
T-CAM-D,16,4,3000,30000,0.517907,0.555149,27.3873,0.782259,0.732841,0.618022,0.402788
T-CAM-D,16,4,3000,300000,0.472605,0.503733,22.8911,0.701819,0.663633,0.568873,0.381302
T-CAM-D,16,4,8000,30000,0.426019,0.455744,21.8591,0.706604,0.642095,0.484653,0.245074
T-CAM-D,16,4,8000,300000,0.391301,0.416708,18.6842,0.63894,0.585996,0.450528,0.236491
T-CAM-D,16,4.5,1000,30000,0.537952,0.653407,84.904,0.690913,0.675545,0.649635,0.58347
T-CAM-D,16,4.5,1000,300000,0.498408,0.591468,68.4352,0.630609,0.620658,0.602539,0.549168
T-CAM-D,16,4.5,3000,30000,0.452434,0.555149,75.536,0.654261,0.620172,0.546734,0.397198
T-CAM-D,16,4.5,3000,300000,0.417047,0.503733,63.7479,0.593919,0.567288,0.506482,0.376262
T-CAM-D,16,4.5,8000,30000,0.372522,0.455744,61.2006,0.597761,0.549369,0.433101,0.242031
T-CAM-D,16,4.5,8000,300000,0.345013,0.416708,52.7236,0.545309,0.505136,0.404446,0.233674
T-CAM-D,16,5,1000,30000,0.409188,0.653407,179.596,0.460702,0.458889,0.477001,0.563336
T-CAM-D,16,5,1000,300000,0.388533,0.591468,149.236,0.435223,0.434785,0.45256,0.531363
T-CAM-D,16,5,3000,30000,0.324389,0.555149,169.699,0.413805,0.401796,0.39122,0.382808
T-CAM-D,16,5,3000,300000,0.305313,0.503733,145.916,0.385124,0.375738,0.368101,0.363198
T-CAM-D,16,5,8000,30000,0.263076,0.455744,141.686,0.382192,0.360068,0.315115,0.234016
T-CAM-D,16,5,8000,300000,0.248119,0.416708,123.979,0.355351,0.336658,0.297653,0.22622
T-CAM-D,17,3,1000,30000,0.648727,0.653407,3.44121,0.901421,0.865579,0.779249,0.59548
T-CAM-D,17,3,1000,300000,0.587796,0.591468,2.70023,0.798832,0.775361,0.711187,0.559619
T-CAM-D,17,3,3000,30000,0.551206,0.555149,2.89951,0.84842,0.790168,0.65238,0.40532
T-CAM-D,17,3,3000,300000,0.500455,0.503733,2.41083,0.756742,0.712029,0.598714,0.383579
T-CAM-D,17,3,8000,30000,0.452617,0.455744,2.29902,0.761418,0.688108,0.508975,0.24644
T-CAM-D,17,3,8000,300000,0.414047,0.416708,1.95688,0.685519,0.625714,0.472146,0.237752
T-CAM-D,17,4,1000,30000,0.610303,0.653407,31.698,0.826818,0.799134,0.73652,0.592024
T-CAM-D,17,4,1000,300000,0.557331,0.591468,25.104,0.74029,0.722108,0.67573,0.556625
T-CAM-D,17,4,3000,30000,0.518121,0.555149,27.23,0.782311,0.732934,0.61857,0.403023
T-CAM-D,17,4,3000,300000,0.472793,0.503733,22.7529,0.701862,0.663712,0.56935,0.381514
T-CAM-D,17,4,8000,30000,0.426162,0.455744,21.754,0.706647,0.64217,0.485044,0.245207
T-CAM-D,17,4,8000,300000,0.391429,0.416708,18.5899,0.638977,0.586061,0.450876,0.236613
T-CAM-D,17,4.5,1000,30000,0.538681,0.653407,84.3683,0.691037,0.675782,0.651303,0.584425
T-CAM-D,17,4.5,1000,300000,0.499033,0.591468,67.9755,0.630711,0.620855,0.603959,0.550005
T-CAM-D,17,4.5,3000,30000,0.453011,0.555149,75.1111,0.654383,0.620396,0.548153,0.397869
T-CAM-D,17,4.5,3000,300000,0.41756,0.503733,63.3713,0.594023,0.567481,0.507731,0.376869
T-CAM-D,17,4.5,8000,30000,0.372915,0.455744,60.9117,0.597866,0.549556,0.434143,0.242418
T-CAM-D,17,4.5,8000,300000,0.345369,0.416708,52.4624,0.5454,0.5053,0.405381,0.234033
T-CAM-D,17,5,1000,30000,0.410585,0.653407,178.569,0.460862,0.459215,0.479752,0.565446
T-CAM-D,17,5,1000,300000,0.389771,0.591468,148.326,0.435362,0.435073,0.455,0.533249
T-CAM-D,17,5,3000,30000,0.325587,0.555149,168.817,0.413984,0.402144,0.39383,0.384399
T-CAM-D,17,5,3000,300000,0.306395,0.503733,145.121,0.385282,0.376048,0.37045,0.36465
T-CAM-D,17,5,8000,30000,0.263925,0.455744,141.061,0.382359,0.36038,0.317164,0.234972
T-CAM-D,17,5,8000,300000,0.248898,0.416708,123.406,0.3555,0.336939,0.299524,0.227112
T-CAM-D,18,3,1000,30000,0.648835,0.653407,3.36202,0.901494,0.865814,0.779621,0.595485
T-CAM-D,18,3,1000,300000,0.587883,0.591468,2.63615,0.798889,0.775547,0.711494,0.559623
T-CAM-D,18,3,3000,30000,0.551294,0.555149,2.83523,0.848483,0.790366,0.65267,0.405324
T-CAM-D,18,3,3000,300000,0.500529,0.503733,2.35607,0.756795,0.712195,0.598965,0.383582
T-CAM-D,18,3,8000,30000,0.452683,0.455744,2.25075,0.76147,0.688265,0.50918,0.246442
T-CAM-D,18,3,8000,300000,0.414104,0.416708,1.91483,0.685563,0.62585,0.472327,0.237754
T-CAM-D,18,4,1000,30000,0.611243,0.653407,31.007,0.827432,0.801131,0.739838,0.592077
T-CAM-D,18,4,1000,300000,0.558102,0.591468,24.5372,0.740777,0.723722,0.678496,0.556671
T-CAM-D,18,4,3000,30000,0.518909,0.555149,26.6507,0.782866,0.734685,0.621235,0.403059
T-CAM-D,18,4,3000,300000,0.473469,0.503733,22.2559,0.702326,0.665197,0.571669,0.381546
T-CAM-D,18,4,8000,30000,0.426761,0.455744,21.3133,0.707109,0.643584,0.486949,0.245228
T-CAM-D,18,4,8000,300000,0.391954,0.416708,18.2038,0.639372,0.587285,0.452572,0.236632
T-CAM-D,18,4.5,1000,30000,0.540904,0.653407,82.7334,0.692373,0.680257,0.659489,0.584573
T-CAM-D,18,4.5,1000,300000,0.500904,0.591468,66.6,0.631808,0.624585,0.610914,0.550134
T-CAM-D,18,4.5,3000,30000,0.454992,0.555149,73.6549,0.65569,0.624617,0.555108,0.397974
T-CAM-D,18,4.5,3000,300000,0.419282,0.503733,62.1045,0.595136,0.571121,0.513843,0.376963
T-CAM-D,18,4.5,8000,30000,0.374462,0.455744,59.7741,0.598992,0.553079,0.439254,0.242478
T-CAM-D,18,4.5,8000,300000,0.346739,0.416708,51.4545,0.546377,0.508393,0.409963,0.234088
T-CAM-D,18,5,1000,30000,0.414076,0.653407,176.001,0.462617,0.465459,0.493505,0.565779
T-CAM-D,18,5,1000,300000,0.392852,0.591468,146.06,0.436897,0.44058,0.467172,0.533546
T-CAM-D,18,5,3000,30000,0.329032,0.555149,166.284,0.415932,0.408776,0.406842,0.384649
T-CAM-D,18,5,3000,300000,0.309477,0.503733,142.854,0.387002,0.381962,0.382146,0.364879
T-CAM-D,18,5,8000,30000,0.266778,0.455744,138.964,0.384165,0.366317,0.327371,0.235122
T-CAM-D,18,5,8000,300000,0.251483,0.416708,121.505,0.357114,0.342292,0.30883,0.227252
T-CAM-D,19,3,1000,30000,0.648676,0.653407,3.47879,0.901411,0.865558,0.77912,0.595418
T-CAM-D,19,3,1000,300000,0.587753,0.591468,2.73174,0.798825,0.775344,0.711081,0.559565
T-CAM-D,19,3,3000,30000,0.551168,0.555149,2.92749,0.848411,0.790151,0.652279,0.405279
T-CAM-D,19,3,3000,300000,0.500422,0.503733,2.43533,0.756735,0.712014,0.598627,0.383542
T-CAM-D,19,3,8000,30000,0.452592,0.455744,2.31748,0.761411,0.688094,0.508904,0.246417
T-CAM-D,19,3,8000,300000,0.414025,0.416708,1.97341,0.685513,0.625702,0.472083,0.237731
T-CAM-D,19,4,1000,30000,0.609836,0.653407,32.0413,0.826735,0.798961,0.735374,0.591444
T-CAM-D,19,4,1000,300000,0.556936,0.591468,25.3941,0.740224,0.721968,0.674774,0.55612
T-CAM-D,19,4,3000,30000,0.517766,0.555149,27.4909,0.782236,0.732782,0.617649,0.402626
T-CAM-D,19,4,3000,300000,0.472481,0.503733,22.9823,0.701799,0.663584,0.568548,0.381156
T-CAM-D,19,4,8000,30000,0.425926,0.455744,21.9276,0.706585,0.642048,0.484388,0.244983
T-CAM-D,19,4,8000,300000,0.391217,0.416708,18.7459,0.638924,0.585955,0.450292,0.236406
T-CAM-D,19,4.5,1000,30000,0.537469,0.653407,85.2591,0.690858,0.675396,0.648504,0.582815
T-CAM-D,19,4.5,1000,300000,0.497993,0.591468,68.7406,0.630563,0.620534,0.601576,0.548594
T-CAM-D,19,4.5,3000,30000,0.452053,0.555149,75.8162,0.654207,0.620031,0.54577,0.396736
T-CAM-D,19,4.5,3000,300000,0.416709,0.503733,63.9967,0.593873,0.567166,0.505634,0.375844
T-CAM-D,19,4.5,8000,30000,0.372265,0.455744,61.3894,0.597715,0.549252,0.432393,0.241765
T-CAM-D,19,4.5,8000,300000,0.344781,0.416708,52.8948,0.545268,0.505033,0.403811,0.233428
T-CAM-D,19,5,1000,30000,0.408267,0.653407,180.273,0.460629,0.458685,0.475146,0.561921
T-CAM-D,19,5,1000,300000,0.387716,0.591468,149.837,0.43516,0.434605,0.450913,0.530097
T-CAM-D,19,5,3000,30000,0.323601,0.555149,170.278,0.413725,0.401578,0.389458,0.381735
T-CAM-D,19,5,3000,300000,0.304601,0.503733,146.44,0.385053,0.375544,0.366514,0.362218
T-CAM-D,19,5,8000,30000,0.26252,0.455744,142.094,0.382118,0.359873,0.31373,0.233368
T-CAM-D,19,5,8000,300000,0.247608,0.416708,124.355,0.355284,0.336482,0.296389,0.225615
T-CAM-D,20,3,1000,30000,0.648508,0.653407,3.6022,0.901376,0.86544,0.778519,0.595292
T-CAM-D,20,3,1000,300000,0.587614,0.591468,2.83422,0.798797,0.77525,0.710584,0.559456
T-CAM-D,20,3,3000,30000,0.55104,0.555149,3.02179,0.848381,0.79005,0.651809,0.405194
T-CAM-D,20,3,3000,300000,0.50031,0.503733,2.5173,0.75671,0.71193,0.59822,0.383465
T-CAM-D,20,3,8000,30000,0.452504,0.455744,2.3822,0.761386,0.688015,0.508573,0.246369
T-CAM-D,20,3,8000,300000,0.413946,0.416708,2.03092,0.685492,0.625634,0.47179,0.237686
T-CAM-D,20,4,1000,30000,0.608339,0.653407,33.142,0.82644,0.797954,0.730069,0.590263
T-CAM-D,20,4,1000,300000,0.555681,0.591468,26.3177,0.739991,0.721154,0.670346,0.555093
T-CAM-D,20,4,3000,30000,0.516592,0.555149,28.3547,0.78197,0.731899,0.613377,0.401817
T-CAM-D,20,4,3000,300000,0.471455,0.503733,23.7371,0.701577,0.662834,0.564827,0.380427
T-CAM-D,20,4,8000,30000,0.425111,0.455744,22.5269,0.706365,0.641336,0.481336,0.244524
T-CAM-D,20,4,8000,300000,0.39049,0.416708,19.2806,0.638736,0.585338,0.447573,0.235981
T-CAM-D,20,4.5,1000,30000,0.533771,0.653407,87.9788,0.690222,0.673159,0.635761,0.579625
T-CAM-D,20,4.5,1000,300000,0.494828,0.591468,71.0679,0.630044,0.618668,0.590712,0.545792
T-CAM-D,20,4.5,3000,30000,0.448998,0.555149,78.0622,0.65358,0.617916,0.534864,0.394471
T-CAM-D,20,4.5,3000,300000,0.414012,0.503733,65.9801,0.59334,0.565342,0.49603,0.373795
T-CAM-D,20,4.5,8000,30000,0.370097,0.455744,62.9837,0.597182,0.54749,0.424358,0.240455
T-CAM-D,20,4.5,8000,300000,0.342829,0.416708,54.3297,0.544806,0.503486,0.396595,0.232212
T-CAM-D,20,5,1000,30000,0.401929,0.653407,184.934,0.459843,0.455625,0.454859,0.555377
T-CAM-D,20,5,1000,300000,0.382079,0.591468,153.983,0.434484,0.431906,0.432857,0.524213
T-CAM-D,20,5,3000,30000,0.317867,0.555149,174.495,0.412823,0.398313,0.370064,0.376708
T-CAM-D,20,5,3000,300000,0.299425,0.503733,150.246,0.384266,0.372634,0.349023,0.357614
T-CAM-D,20,5,8000,30000,0.258232,0.455744,145.248,0.381282,0.35695,0.29841,0.230308
T-CAM-D,20,5,8000,300000,0.24368,0.416708,127.243,0.354543,0.333848,0.282385,0.222753
T-CAM-D,21,3,1000,30000,0.64897,0.653407,3.26237,0.90149,0.86585,0.780135,0.595605
T-CAM-D,21,3,1000,300000,0.587997,0.591468,2.55282,0.798886,0.775577,0.711919,0.559727
T-CAM-D,21,3,3000,30000,0.551396,0.555149,2.76028,0.848479,0.790397,0.653071,0.405405
T-CAM-D,21,3,3000,300000,0.500619,0.503733,2.29056,0.756791,0.712221,0.599313,0.383655
T-CAM-D,21,3,8000,30000,0.452751,0.455744,2.20054,0.761467,0.68829,0.509462,0.246488
T-CAM-D,21,3,8000,300000,0.414165,0.416708,1.86992,0.68556,0.625871,0.472578,0.237796
T-CAM-D,21,4,1000,30000,0.612492,0.653407,30.0879,0.827391,0.801444,0.744482,0.593223
T-CAM-D,21,4,1000,300000,0.559154,0.591468,23.7631,0.740745,0.723975,0.682363,0.557666
T-CAM-D,21,4,3000,30000,0.519867,0.555149,25.9465,0.782829,0.734959,0.624952,0.403839
T-CAM-D,21,4,3000,300000,0.474309,0.503733,21.638,0.702295,0.665429,0.574903,0.382248
T-CAM-D,21,4,8000,30000,0.427408,0.455744,20.8378,0.707078,0.643804,0.489598,0.245668
T-CAM-D,21,4,8000,300000,0.392534,0.416708,17.7772,0.639345,0.587476,0.454929,0.23704
T-CAM-D,21,4.5,1000,30000,0.544212,0.653407,80.3006,0.692285,0.680963,0.671186,0.587842
T-CAM-D,21,4.5,1000,300000,0.503731,0.591468,64.5211,0.631735,0.625174,0.620832,0.552991
T-CAM-D,21,4.5,3000,30000,0.457623,0.555149,71.7198,0.655603,0.625281,0.564969,0.400253
T-CAM-D,21,4.5,3000,300000,0.421609,0.503733,60.3935,0.595063,0.571694,0.522501,0.379021
T-CAM-D,21,4.5,8000,30000,0.376268,0.455744,58.4453,0.598917,0.553631,0.446464,0.243783
T-CAM-D,21,4.5,8000,300000,0.34837,0.416708,50.2553,0.546312,0.508878,0.416424,0.235297
T-CAM-D,21,5,1000,30000,0.420705,0.653407,171.126,0.4625,0.46646,0.514034,0.573471
T-CAM-D,21,5,1000,300000,0.398691,0.591468,141.766,0.436794,0.441464,0.485268,0.540383
T-CAM-D,21,5,3000,30000,0.334715,0.555149,162.105,0.415802,0.409833,0.426054,0.390347
T-CAM-D,21,5,3000,300000,0.314588,0.503733,139.095,0.386888,0.382905,0.399376,0.370067
T-CAM-D,21,5,8000,30000,0.270836,0.455744,135.979,0.384044,0.367261,0.342314,0.238507
T-CAM-D,21,5,8000,300000,0.255196,0.416708,118.774,0.357007,0.343143,0.322432,0.230406
T-CAM-D,22,3,1000,30000,0.648489,0.653407,3.616,0.901374,0.865436,0.778475,0.595266
T-CAM-D,22,3,1000,300000,0.587598,0.591468,2.84584,0.798796,0.775247,0.710548,0.559433
T-CAM-D,22,3,3000,30000,0.551026,0.555149,3.03195,0.848379,0.790047,0.651776,0.405176
T-CAM-D,22,3,3000,300000,0.500298,0.503733,2.52624,0.756708,0.711927,0.598191,0.383449
T-CAM-D,22,3,8000,30000,0.452495,0.455744,2.38878,0.761385,0.688012,0.50855,0.246359
T-CAM-D,22,3,8000,300000,0.413938,0.416708,2.03683,0.685491,0.625632,0.471769,0.237677
T-CAM-D,22,4,1000,30000,0.60817,0.653407,33.2662,0.826424,0.797921,0.729691,0.590024
T-CAM-D,22,4,1000,300000,0.555537,0.591468,26.4231,0.739979,0.721127,0.67003,0.554885
T-CAM-D,22,4,3000,30000,0.516464,0.555149,28.4484,0.781956,0.731871,0.613072,0.401653
T-CAM-D,22,4,3000,300000,0.471342,0.503733,23.8199,0.701565,0.66281,0.564561,0.380279
T-CAM-D,22,4,8000,30000,0.425028,0.455744,22.5882,0.706354,0.641314,0.481118,0.24443
T-CAM-D,22,4,8000,300000,0.390415,0.416708,19.336,0.638727,0.585318,0.447379,0.235895
T-CAM-D,22,4.5,1000,30000,0.533348,0.653407,88.2899,0.690189,0.673087,0.634864,0.578994
T-CAM-D,22,4.5,1000,300000,0.494463,0.591468,71.3367,0.630017,0.618608,0.589946,0.545237
T-CAM-D,22,4.5,3000,30000,0.448663,0.555149,78.3091,0.653547,0.617848,0.534093,0.39402
T-CAM-D,22,4.5,3000,300000,0.413713,0.503733,66.2,0.593313,0.565283,0.495351,0.373386
T-CAM-D,22,4.5,8000,30000,0.369872,0.455744,63.1491,0.597154,0.547433,0.423789,0.240193
T-CAM-D,22,4.5,8000,300000,0.342625,0.416708,54.48,0.544783,0.503436,0.396084,0.231969
T-CAM-D,22,5,1000,30000,0.401189,0.653407,185.478,0.459806,0.455528,0.453467,0.554146
T-CAM-D,22,5,1000,300000,0.381417,0.591468,154.47,0.434453,0.431821,0.431616,0.523102
T-CAM-D,22,5,3000,30000,0.317222,0.555149,174.969,0.412778,0.398209,0.368727,0.37575
T-CAM-D,22,5,3000,300000,0.29884,0.503733,150.677,0.384227,0.372542,0.347816,0.356735
T-CAM-D,22,5,8000,30000,0.257775,0.455744,145.585,0.38124,0.356857,0.297351,0.22972
T-CAM-D,22,5,8000,300000,0.243259,0.416708,127.553,0.354506,0.333764,0.281415,0.222202
T-CAM-D,23,3,1000,30000,0.648929,0.653407,3.29291,0.901503,0.865863,0.779964,0.595557
T-CAM-D,23,3,1000,300000,0.587961,0.591468,2.57871,0.798896,0.775586,0.711777,0.559685
T-CAM-D,23,3,3000,30000,0.551365,0.555149,2.78254,0.848491,0.790407,0.652938,0.405372
T-CAM-D,23,3,3000,300000,0.500592,0.503733,2.31025,0.7568,0.71223,0.599197,0.383626
T-CAM-D,23,3,8000,30000,0.452732,0.455744,2.21465,0.761476,0.688298,0.509368,0.246469
T-CAM-D,23,3,8000,300000,0.414148,0.416708,1.88273,0.685568,0.625878,0.472495,0.237779
T-CAM-D,23,4,1000,30000,0.6121,0.653407,30.3764,0.827501,0.801549,0.742929,0.592757
T-CAM-D,23,4,1000,300000,0.558821,0.591468,24.0085,0.740831,0.72406,0.68107,0.557261
T-CAM-D,23,4,3000,30000,0.519577,0.555149,26.1598,0.782928,0.735051,0.623711,0.403522
T-CAM-D,23,4,3000,300000,0.474052,0.503733,21.827,0.702378,0.665508,0.573823,0.381963
T-CAM-D,23,4,8000,30000,0.427222,0.455744,20.9742,0.707161,0.643879,0.488714,0.245489
T-CAM-D,23,4,8000,300000,0.392366,0.416708,17.9012,0.639416,0.587541,0.454142,0.236874
T-CAM-D,23,4.5,1000,30000,0.543127,0.653407,81.0987,0.692523,0.6812,0.667243,0.586498
T-CAM-D,23,4.5,1000,300000,0.502799,0.591468,65.2062,0.631931,0.625371,0.617491,0.551817
T-CAM-D,23,4.5,3000,30000,0.456794,0.555149,72.3297,0.655837,0.625505,0.561654,0.399319
T-CAM-D,23,4.5,3000,300000,0.420871,0.503733,60.936,0.595261,0.571887,0.519592,0.378178
T-CAM-D,23,4.5,8000,30000,0.375728,0.455744,58.8427,0.599119,0.553819,0.444045,0.243249
T-CAM-D,23,4.5,8000,300000,0.347878,0.416708,50.617,0.546487,0.509042,0.414257,0.234803
T-CAM-D,23,5,1000,30000,0.418344,0.653407,172.863,0.462814,0.466793,0.506998,0.570221
T-CAM-D,23,5,1000,300000,0.396615,0.591468,143.293,0.43707,0.441757,0.479076,0.537501
T-CAM-D,23,5,3000,30000,0.33277,0.555149,163.536,0.416151,0.410188,0.419496,0.387958
T-CAM-D,23,5,3000,300000,0.312838,0.503733,140.383,0.387196,0.383221,0.3935,0.367894
T-CAM-D,23,5,8000,30000,0.269511,0.455744,136.954,0.384368,0.367579,0.33723,0.237095
T-CAM-D,23,5,8000,300000,0.25398,0.416708,119.669,0.357296,0.343429,0.317807,0.229091
T-CAM-D,mean,3,1000,30000,0.648561,0.653407,3.56373,0.901397,0.865502,0.778719,0.595315
T-CAM-D,mean,3,1000,300000,0.587657,0.591468,2.8026,0.798814,0.775299,0.710749,0.559476
T-CAM-D,mean,3,3000,30000,0.551081,0.555149,2.9917,0.848399,0.790103,0.651966,0.405209
T-CAM-D,mean,3,3000,300000,0.500345,0.503733,2.49134,0.756725,0.711974,0.598356,0.383479
T-CAM-D,mean,3,8000,30000,0.452533,0.455744,2.36083,0.761401,0.688057,0.508684,0.246378
T-CAM-D,mean,3,8000,300000,0.413972,0.416708,2.01208,0.685505,0.62567,0.471888,0.237695
T-CAM-D,mean,4,1000,30000,0.608798,0.653407,32.8046,0.826618,0.798484,0.73183,0.590477
T-CAM-D,mean,4,1000,300000,0.556062,0.591468,26.0369,0.740132,0.721582,0.671816,0.55528
T-CAM-D,mean,4,3000,30000,0.516962,0.555149,28.0823,0.782131,0.732364,0.614797,0.401964
T-CAM-D,mean,4,3000,300000,0.471776,0.503733,23.5008,0.701711,0.663229,0.566064,0.38056
T-CAM-D,mean,4,8000,30000,0.425377,0.455744,22.3311,0.706497,0.641711,0.482351,0.244607
T-CAM-D,mean,4,8000,300000,0.390726,0.416708,19.1072,0.638849,0.585662,0.448477,0.236059
T-CAM-D,mean,4.5,1000,30000,0.534867,0.653407,87.1729,0.690605,0.674335,0.639952,0.580197
T-CAM-D,mean,4.5,1000,300000,0.495761,0.591468,70.3822,0.630356,0.619648,0.594288,0.546295
T-CAM-D,mean,4.5,3000,30000,0.449936,0.555149,77.3724,0.653958,0.619028,0.538461,0.394879
T-CAM-D,mean,4.5,3000,300000,0.414836,0.503733,65.3743,0.593662,0.566301,0.499199,0.374164
T-CAM-D,mean,4.5,8000,30000,0.370789,0.455744,62.4748,0.597502,0.548415,0.427013,0.240692
T-CAM-D,mean,4.5,8000,300000,0.343449,0.416708,53.8744,0.545084,0.504298,0.39898,0.232432
T-CAM-D,mean,5,1000,30000,0.403668,0.653407,183.655,0.460309,0.457223,0.46141,0.556509
T-CAM-D,mean,5,1000,300000,0.383623,0.591468,152.847,0.434882,0.433315,0.438698,0.525234
T-CAM-D,mean,5,3000,30000,0.319513,0.555149,173.284,0.413362,0.400022,0.376351,0.377585
T-CAM-D,mean,5,3000,300000,0.300906,0.503733,149.157,0.384735,0.374156,0.354698,0.358418
T-CAM-D,mean,5,8000,30000,0.259521,0.455744,144.3,0.381782,0.358479,0.303391,0.230845
T-CAM-D,mean,5,8000,300000,0.244855,0.416708,126.379,0.354985,0.335225,0.286941,0.223256
