station,year,scene_id,datetime,day,processing_baseline,tile_cloud,hours,sw_down,absorbed_obs,albedo_obs,cloud_cover,lat,lon,sza,scl,B2,B3,B4,B8,B2_sd3x3,B3_sd3x3,B4_sd3x3,B8_sd3x3,scaling,status,reason,node,node_offset,excluded_node,alpha_M2,alpha_M3,alpha_M0,M3_log_b_mean,M3_ppp,alpha_M1,alpha_M1b,alpha_M3alt_C,alpha_M3alt_iid,absorbed_M0,abserr_absorbed_M0,abserr_albedo_M0,err_albedo_M0,absorbed_M2,abserr_absorbed_M2,abserr_albedo_M2,err_albedo_M2,absorbed_M3,abserr_absorbed_M3,abserr_albedo_M3,err_albedo_M3,absorbed_M1,abserr_absorbed_M1,abserr_albedo_M1,err_albedo_M1,absorbed_M1b,abserr_absorbed_M1b,abserr_albedo_M1b,err_albedo_M1b,absorbed_M3alt_C,abserr_absorbed_M3alt_C,abserr_albedo_M3alt_C,err_albedo_M3alt_C,absorbed_M3alt_iid,abserr_absorbed_M3alt_iid,abserr_albedo_M3alt_iid,err_albedo_M3alt_iid
KAN_L,2017,S2A_22WEV_20170603_0_L2A,2017-06-03 15:09:13.462000+00:00,2017-06-03,0.01,3.79716,"14,15,16",782.344,350.937,0.551429,0.197633,67.0953,-49.9525,44.8785,"[11, 11, 11, 11, 11, 11, 11, 11, 11]",0.6922,0.6775,0.657,0.5099,0.0395545,0.035411,0.0281716,0.0210438,"{""B2"": {""scale"": 0.0001, ""offset"": 0.0, ""source"": ""recorded (baseline < 04.00)""}, ""B3"": {""scale"": 0.0001, ""offset"": 0.0, ""source"": ""recorded (baseline < 04.00)""}, ""B4"": {""scale"": 0.0001, ""offset"": 0.0, ""source"": ""recorded (baseline < 04.00)""}, ""B8"": {""scale"": 0.0001, ""offset"": 0.0, ""source"": ""recorded (baseline < 04.00)""}}",valid,,45,0.1215,False,0.61085,0.581251,0.600042,3.20172,0.435906,0.533376,0.584574,0.595742,0.584281,312.905,38.032,0.0486127,0.0486127,304.449,46.488,0.0594212,0.0594212,327.606,23.331,0.0298217,0.0298217,365.061,14.1239,0.0180535,-0.0180535,325.006,25.9307,0.0331447,0.0331447,316.269,34.6681,0.0443129,0.0443129,325.235,25.7017,0.032852,0.032852
KAN_L,2017,S2A_22WEV_20170606_0_L2A,2017-06-06 15:19:11.457000+00:00,2017-06-06,0.01,41.8658,"14,15,16",721.483,314.091,0.564659,0.405433,67.0953,-49.9526,44.5046,"[11, 11, 11, 11, 11, 11, 11, 11, 11]",0.7225,0.7303,0.7029,0.57,0.0397066,0.0341948,0.0274644,0.0209311,"{""B2"": {""scale"": 0.0001, ""offset"": 0.0, ""source"": ""recorded (baseline < 04.00)""}, ""B3"": {""scale"": 0.0001, ""offset"": 0.0, ""source"": ""recorded (baseline < 04.00)""}, ""B4"": {""scale"": 0.0001, ""offset"": 0.0, ""source"": ""recorded (baseline < 04.00)""}, ""B8"": {""scale"": 0.0001, ""offset"": 0.0, ""source"": ""recorded (baseline < 04.00)""}}",valid,,45,0.4954,False,0.658604,0.602929,0.62186,3.20656,0.396569,0.563369,0.607348,0.613053,0.606993,272.822,41.2694,0.0572009,0.0572009,246.312,67.7795,0.0939449,0.0939449,286.48,27.6107,0.0382695,0.0382695,315.022,0.930737,0.00128985,-0.00128985,283.292,30.7992,0.0426889,0.0426889,279.176,34.9151,0.0483937,0.0483937,283.548,30.5435,0.0423345,0.0423345
KAN_L,2017,S2A_22WEV_20170610_0_L2A,2017-06-10 15:03:46.039000+00:00,2017-06-10,0.01,0.534407,"14,15,16",805.312,368.076,0.54294,0.0970667,67.0953,-49.9526,44.1896,"[11, 11, 11, 11, 11, 11, 11, 11, 11]",0.6858,0.6791,0.6516,0.5122,0.0465357,0.0429868,0.0351214,0.0233594,"{""B2"": {""scale"": 0.0001, ""offset"": 0.0, ""source"": ""recorded (baseline < 04.00)""}, ""B3"": {""scale"": 0.0001, ""offset"": 0.0, ""source"": ""recorded (baseline < 04.00)""}, ""B4"": {""scale"": 0.0001, ""offset"": 0.0, ""source"": ""recorded (baseline < 04.00)""}, ""B8"": {""scale"": 0.0001, ""offset"": 0.0, ""source"": ""recorded (baseline < 04.00)""}}",valid,,44,-0.1896,False,0.609131,0.582238,0.602335,3.22602,0.53836,0.543662,0.586002,0.596767,0.585649,320.244,47.8319,0.0593954,0.0593954,314.772,53.3044,0.0661909,0.0661909,336.428,31.6476,0.0392984,0.0392984,367.494,0.58153,0.000721996,0.000721996,333.397,34.6785,0.0430621,0.0430621,324.729,43.3474,0.0538268,0.0538268,333.682,34.3939,0.0427087,0.0427087
KAN_L,2017,S2A_22WEV_20170613_0_L2A,2017-06-13 15:09:11.460000+00:00,2017-06-13,0.01,1.45307,"14,15,16",813.527,398.065,0.510692,0.1918,67.0953,-49.9526,43.9412,"[11, 11, 11, 11, 11, 11, 11, 11, 11]",0.6639,0.6392,0.5993,0.4471,0.0484739,0.0453134,0.0378004,0.0249031,"{""B2"": {""scale"": 0.0001, ""offset"": 0.0, ""source"": ""recorded (baseline < 04.00)""}, ""B3"": {""scale"": 0.0001, ""offset"": 0.0, ""source"": ""recorded (baseline < 04.00)""}, ""B4"": {""scale"": 0.0001, ""offset"": 0.0, ""source"": ""recorded (baseline < 04.00)""}, ""B8"": {""scale"": 0.0001, ""offset"": 0.0, ""source"": ""recorded (baseline < 04.00)""}}",valid,,44,0.0588,False,0.562381,0.551585,0.572152,3.25026,0.69547,0.527811,0.553333,0.568851,0.552945,348.066,49.9988,0.0614596,0.0614596,356.014,42.0505,0.0516895,0.0516895,364.798,33.267,0.0408926,0.0408926,384.139,13.9264,0.0171189,0.0171189,363.375,34.6897,0.0426415,0.0426415,350.751,47.314,0.0581594,0.0581594,363.691,34.3736,0.0422529,0.0422529
KAN_L,2017,S2A_22WEV_20170623_1_L2A,2017-06-23 15:13:48.262000+00:00,2017-06-23,0.01,53.0673,"14,15,16",582.053,283.409,0.513087,0.748767,67.0953,-49.9527,43.6613,"[11, 11, 11, 11, 11, 11, 11, 11, 11]",0.6285,0.6237,0.613,0.5338,0.00224697,0.00141431,0.00162208,0.00455513,"{""B2"": {""scale"": 0.0001, ""offset"": 0.0, ""source"": ""recorded (baseline < 04.00)""}, ""B3"": {""scale"": 0.0001, ""offset"": 0.0, ""source"": ""recorded (baseline < 04.00)""}, ""B4"": {""scale"": 0.0001, ""offset"": 0.0, ""source"": ""recorded (baseline < 04.00)""}, ""B8"": {""scale"": 0.0001, ""offset"": 0.0, ""source"": ""recorded (baseline < 04.00)""}}",valid,,44,0.3387,False,0.587081,0.606324,0.630442,3.46445,0.778004,0.589787,0.605672,0.623111,0.604569,215.103,68.3064,0.117355,0.117355,240.341,43.0681,0.0739937,0.0739937,229.141,54.2684,0.0932365,0.0932365,238.766,44.6431,0.0766997,0.0766997,229.52,53.8895,0.0925855,0.0925855,219.37,64.0395,0.110024,0.110024,230.162,53.2474,0.0914823,0.0914823
KAN_L,2017,S2A_22WEV_20170626_0_L2A,2017-06-26 15:23:38.046000+00:00,2017-06-26,0.01,5.65564,"14,15,16",811.419,454.678,0.439651,0.1262,67.0953,-49.9527,43.6992,"[11, 11, 11, 11, 11, 11, 11, 11, 11]",0.5966,0.5747,0.5218,0.3296,0.0483386,0.0454118,0.0373957,0.0221885,"{""B2"": {""scale"": 0.0001, ""offset"": 0.0, ""source"": ""recorded (baseline < 04.00)""}, ""B3"": {""scale"": 0.0001, ""offset"": 0.0, ""source"": ""recorded (baseline < 04.00)""}, ""B4"": {""scale"": 0.0001, ""offset"": 0.0, ""source"": ""recorded (baseline < 04.00)""}, ""B8"": {""scale"": 0.0001, ""offset"": 0.0, ""source"": ""recorded (baseline < 04.00)""}}",valid,,44,0.3008,False,0.473437,0.496467,0.515079,3.26715,0.342374,0.441732,0.500102,0.511733,0.499496,393.474,61.2035,0.0754276,0.0754276,427.264,27.4144,0.0337856,0.0337856,408.576,46.1016,0.0568158,0.0568158,452.989,1.68893,0.00208123,0.00208123,405.627,49.0509,0.0604505,0.0604505,396.189,58.489,0.0720821,0.0720821,406.119,48.5593,0.0598447,0.0598447
KAN_L,2017,S2A_22WEV_20170630_0_L2A,2017-06-30 15:03:32.219000+00:00,2017-06-30,0.01,51.0397,"14,15,16",695.611,342.84,0.507139,0.473733,67.0953,-49.9527,43.9743,"[11, 11, 11, 11, 11, 11, 11, 11, 11]",0.7593,0.7473,0.7167,0.5524,0.0603215,0.0572419,0.0489388,0.0345976,"{""B2"": {""scale"": 0.0001, ""offset"": 0.0, ""source"": ""recorded (baseline < 04.00)""}, ""B3"": {""scale"": 0.0001, ""offset"": 0.0, ""source"": ""recorded (baseline < 04.00)""}, ""B4"": {""scale"": 0.0001, ""offset"": 0.0, ""source"": ""recorded (baseline < 04.00)""}, ""B8"": {""scale"": 0.0001, ""offset"": 0.0, ""source"": ""recorded (baseline < 04.00)""}}",valid,,44,0.0257,False,0.667116,0.584246,0.600442,3.14529,0.380329,0.544231,0.588204,0.596146,0.587984,277.937,64.9032,0.0933031,0.0933031,231.558,111.282,0.159977,0.159977,289.203,53.6372,0.0771074,0.0771074,317.038,25.8024,0.0370925,0.0370925,286.45,56.3901,0.0810649,0.0810649,280.925,61.9146,0.0890068,0.0890068,286.603,56.237,0.0808447,0.0808447
KAN_L,2017,S2A_22WEV_20170706_0_L2A,2017-07-06 15:20:02.577000+00:00,2017-07-06,0.01,6.26146,"14,15,16",807.177,223.009,0.723717,0.171667,67.0953,-49.9527,44.3292,"[11, 11, 11, 11, 11, 11, 11, 11, 11]",0.8121,0.8201,0.8266,0.758,0.031926,0.0350177,0.0325574,0.0268798,"{""B2"": {""scale"": 0.0001, ""offset"": 0.0, ""source"": ""recorded (baseline < 04.00)""}, ""B3"": {""scale"": 0.0001, ""offset"": 0.0, ""source"": ""recorded (baseline < 04.00)""}, ""B4"": {""scale"": 0.0001, ""offset"": 0.0, ""source"": ""recorded (baseline < 04.00)""}, ""B8"": {""scale"": 0.0001, ""offset"": 0.0, ""source"": ""recorded (baseline < 04.00)""}}",valid,,44,-0.3292,False,0.793778,0.606627,0.616243,3.93073,0.266281,0.595763,0.615429,0.625144,0.612098,309.76,86.7509,0.107474,-0.107474,166.458,56.5512,0.0700609,0.0700609,317.522,94.5126,0.11709,-0.11709,326.291,103.282,0.127954,-0.127954,310.417,87.4079,0.108288,-0.108288,302.575,79.5663,0.0985732,-0.0985732,313.106,90.0968,0.111619,-0.111619
KAN_L,2017,S2A_22WEV_20170710_0_L2A,2017-07-10 15:01:20.729000+00:00,2017-07-10,0.01,0.77365,"14,15,16",797.81,412.952,0.482393,0.141967,67.0953,-49.9528,44.9148,"[11, 11, 11, 11, 11, 11, 11, 11, 11]",0.6174,0.6164,0.5879,0.4382,0.0465235,0.0435167,0.0361708,0.0231514,"{""B2"": {""scale"": 0.0001, ""offset"": 0.0, ""source"": ""recorded (baseline < 04.00)""}, ""B3"": {""scale"": 0.0001, ""offset"": 0.0, ""source"": ""recorded (baseline < 04.00)""}, ""B4"": {""scale"": 0.0001, ""offset"": 0.0, ""source"": ""recorded (baseline < 04.00)""}, ""B8"": {""scale"": 0.0001, ""offset"": 0.0, ""source"": ""recorded (baseline < 04.00)""}}",valid,,45,0.0852,False,0.539958,0.556309,0.577182,3.26224,0.319382,0.492789,0.561597,0.570662,0.561008,337.329,75.6232,0.0947886,0.0947886,367.026,45.9259,0.057565,0.057565,353.981,58.9709,0.073916,0.073916,404.658,8.29387,0.0103958,0.0103958,349.762,63.1897,0.079204,0.079204,342.53,70.4221,0.0882693,0.0882693,350.232,62.7196,0.0786148,0.0786148
KAN_L,2017,S2B_22WEV_20170711_0_L2A,2017-07-11 15:23:00.354000+00:00,2017-07-11,0.01,0.252496,"14,15,16",796.776,413.85,0.480595,0.1409,67.0953,-49.9528,44.8886,"[11, 11, 11, 11, 11, 11, 11, 11, 11]",0.5613,0.5501,0.5267,0.398,0.0521923,0.049104,0.0436253,0.0285982,"{""B2"": {""scale"": 0.0001, ""offset"": 0.0, ""source"": ""recorded (baseline < 04.00)""}, ""B3"": {""scale"": 0.0001, ""offset"": 0.0, ""source"": ""recorded (baseline < 04.00)""}, ""B4"": {""scale"": 0.0001, ""offset"": 0.0, ""source"": ""recorded (baseline < 04.00)""}, ""B8"": {""scale"": 0.0001, ""offset"": 0.0, ""source"": ""recorded (baseline < 04.00)""}}",valid,,45,0.1114,False,0.48814,0.550352,0.576643,3.34273,0.487531,0.496355,0.553561,0.571408,0.552748,337.321,76.5291,0.0960477,0.0960477,407.838,6.01221,0.00754496,0.00754496,358.268,55.5817,0.0697575,0.0697575,401.292,12.5581,0.0157604,0.0157604,355.712,58.1378,0.0729655,0.0729655,341.491,72.3586,0.0908135,0.0908135,356.36,57.4905,0.0721532,0.0721532
KAN_L,2017,S2B_22WEV_20170715_0_L2A,2017-07-15 15:03:01.745000+00:00,2017-07-15,0.01,33.7365,"14,15,16",780.297,417.376,0.465106,0.189067,67.0953,-49.9528,45.5918,"[11, 11, 11, 11, 11, 11, 11, 11, 11]",0.5635,0.54,0.5,0.368,0.0552314,0.0499147,0.0448637,0.030739,"{""B2"": {""scale"": 0.0001, ""offset"": 0.0, ""source"": ""recorded (baseline < 04.00)""}, ""B3"": {""scale"": 0.0001, ""offset"": 0.0, ""source"": ""recorded (baseline < 04.00)""}, ""B4"": {""scale"": 0.0001, ""offset"": 0.0, ""source"": ""recorded (baseline < 04.00)""}, ""B8"": {""scale"": 0.0001, ""offset"": 0.0, ""source"": ""recorded (baseline < 04.00)""}}",valid,,46,0.4082,False,0.470839,0.529092,0.55674,3.37525,0.692667,0.507636,0.530335,0.553376,0.52951,345.874,71.5017,0.0916342,0.0916342,412.903,4.4735,0.00573331,0.00573331,367.448,49.9276,0.0639857,0.0639857,384.19,33.1855,0.0425296,0.0425296,366.478,50.8977,0.0652289,0.0652289,348.499,68.8766,0.08827,0.08827,367.122,50.2544,0.0644045,0.0644045
KAN_L,2017,S2A_22WEV_20170720_0_L2A,2017-07-20 15:02:44.713000+00:00,2017-07-20,0.01,39.8289,"14,15,16",785.372,431.782,0.450219,0.3375,67.0952,-49.9528,46.4453,"[11, 11, 11, 11, 11, 11, 11, 11, 11]",0.6588,0.6479,0.6096,0.446,0.0142333,0.01449,0.00999355,0.00854869,"{""B2"": {""scale"": 0.0001, ""offset"": 0.0, ""source"": ""recorded (baseline < 04.00)""}, ""B3"": {""scale"": 0.0001, ""offset"": 0.0, ""source"": ""recorded (baseline < 04.00)""}, ""B4"": {""scale"": 0.0001, ""offset"": 0.0, ""source"": ""recorded (baseline < 04.00)""}, ""B8"": {""scale"": 0.0001, ""offset"": 0.0, ""source"": ""recorded (baseline < 04.00)""}}",valid,,46,-0.4453,False,0.563174,0.550646,0.56955,3.2295,0.450578,0.505941,0.554777,0.565201,0.55431,338.063,93.7189,0.119331,0.119331,343.071,88.7108,0.112955,0.112955,352.91,78.872,0.100427,0.100427,388.02,43.762,0.0557221,0.0557221,349.666,82.1162,0.104558,0.104558,341.479,90.3034,0.114982,0.114982,350.033,81.7492,0.104091,0.104091
KAN_L,2017,S2B_22WEV_20170721_0_L2A,2017-07-21 15:20:03.572000+00:00,2017-07-21,0.01,2.27546,"14,15,16",782.275,400.606,0.487897,0,67.0952,-49.9528,46.4951,"[11, 11, 11, 11, 11, 11, 11, 11, 11]",0.6463,0.6279,0.5863,0.437,0.0479157,0.0466429,0.0375429,0.0250092,"{""B2"": {""scale"": 0.0001, ""offset"": 0.0, ""source"": ""recorded (baseline < 04.00)""}, ""B3"": {""scale"": 0.0001, ""offset"": 0.0, ""source"": ""recorded (baseline < 04.00)""}, ""B4"": {""scale"": 0.0001, ""offset"": 0.0, ""source"": ""recorded (baseline < 04.00)""}, ""B8"": {""scale"": 0.0001, ""offset"": 0.0, ""source"": ""recorded (baseline < 04.00)""}}",valid,,46,-0.4951,False,0.549303,0.549636,0.571066,3.27021,0.696086,0.523602,0.552136,0.567329,0.551653,335.544,65.0615,0.0831688,0.0831688,352.569,48.0371,0.0614061,0.0614061,352.308,48.2979,0.0617395,0.0617395,372.674,27.9317,0.0357049,0.0357049,350.353,50.2533,0.0642392,0.0642392,338.468,62.1382,0.0794318,0.0794318,350.731,49.8754,0.0637561,0.0637561
KAN_L,2017,S2A_22WEV_20170723_0_L2A,2017-07-23 15:11:15.126000+00:00,2017-07-23,0.01,43.2784,"14,15,16",623.375,318.117,0.489686,0.5154,67.0952,-49.9529,46.9363,"[11, 11, 11, 11, 11, 11, 11, 11, 11]",0.6436,0.6414,0.6105,0.4783,0.0268326,0.0225476,0.017152,0.0121305,"{""B2"": {""scale"": 0.0001, ""offset"": 0.0, ""source"": ""recorded (baseline < 04.00)""}, ""B3"": {""scale"": 0.0001, ""offset"": 0.0, ""source"": ""recorded (baseline < 04.00)""}, ""B4"": {""scale"": 0.0001, ""offset"": 0.0, ""source"": ""recorded (baseline < 04.00)""}, ""B8"": {""scale"": 0.0001, ""offset"": 0.0, ""source"": ""recorded (baseline < 04.00)""}}",valid,,47,0.0637,False,0.570942,0.574596,0.597139,3.27576,0.564969,0.536897,0.578774,0.590773,0.578259,251.133,66.9838,0.107453,0.107453,267.464,50.6532,0.0812564,0.0812564,265.186,52.9307,0.0849099,0.0849099,288.687,29.4302,0.047211,0.047211,262.582,55.5352,0.0890879,0.0890879,255.102,63.0154,0.101087,0.101087,262.903,55.2143,0.0885731,0.0885731
KAN_L,2017,S2B_22WEV_20170725_0_L2A,2017-07-25 15:02:39.100000+00:00,2017-07-25,0.01,10.7096,"14,15,16",734.958,423.801,0.423367,0.1727,67.0952,-49.9529,47.4395,"[11, 11, 11, 11, 11, 11, 11, 11, 11]",0.6352,0.6094,0.5169,0.2922,0.0490691,0.0430632,0.03458,0.0191002,"{""B2"": {""scale"": 0.0001, ""offset"": 0.0, ""source"": ""recorded (baseline < 04.00)""}, ""B3"": {""scale"": 0.0001, ""offset"": 0.0, ""source"": ""recorded (baseline < 04.00)""}, ""B4"": {""scale"": 0.0001, ""offset"": 0.0, ""source"": ""recorded (baseline < 04.00)""}, ""B8"": {""scale"": 0.0001, ""offset"": 0.0, ""source"": ""recorded (baseline < 04.00)""}}",valid,,47,-0.4395,False,0.473265,0.463988,0.479818,3.2452,0.422595,0.432086,0.467824,0.476932,0.467359,382.312,41.489,0.0564509,0.0564509,387.128,36.6728,0.0498979,0.0498979,393.947,29.8544,0.0406206,0.0406206,417.393,6.40787,0.00871874,0.00871874,391.127,32.6741,0.0444571,0.0444571,384.433,39.3678,0.0535648,0.0535648,391.469,32.3324,0.0439922,0.0439922
KAN_L,2017,S2B_22WEV_20170728_0_L2A,2017-07-28 15:11:49.206000+00:00,2017-07-28,0.01,0.22051,"14,15,16",752.668,430.951,0.427435,0.232133,67.0952,-49.9529,48.0071,"[11, 11, 11, 11, 11, 11, 11, 11, 11]",0.6208,0.5887,0.5189,0.33,0.0503967,0.0453938,0.0358378,0.0207123,"{""B2"": {""scale"": 0.0001, ""offset"": 0.0, ""source"": ""recorded (baseline < 04.00)""}, ""B3"": {""scale"": 0.0001, ""offset"": 0.0, ""source"": ""recorded (baseline < 04.00)""}, ""B4"": {""scale"": 0.0001, ""offset"": 0.0, ""source"": ""recorded (baseline < 04.00)""}, ""B8"": {""scale"": 0.0001, ""offset"": 0.0, ""source"": ""recorded (baseline < 04.00)""}}",valid,,48,-0.0071,False,0.481925,0.491775,0.51073,3.27757,0.680879,0.467998,0.493817,0.508643,0.493307,368.258,62.6935,0.0832954,0.0832954,389.938,41.0126,0.0544901,0.0544901,382.524,48.4265,0.0643403,0.0643403,400.421,30.5304,0.0405634,0.0405634,380.988,49.963,0.0663817,0.0663817,369.829,61.122,0.0812076,0.0812076,381.371,49.5796,0.0658723,0.0658723
KAN_L,2017,S2A_22WEV_20170730_0_L2A,2017-07-30 15:01:03.694000+00:00,2017-07-30,0.01,0.272241,"14,15,16",744.663,420.108,0.435842,0.272433,67.0952,-49.9529,48.5874,"[11, 11, 11, 11, 11, 11, 11, 11, 11]",0.6272,0.612,0.5499,0.3574,0.0449475,0.0430864,0.0352673,0.0204417,"{""B2"": {""scale"": 0.0001, ""offset"": 0.0, ""source"": ""recorded (baseline < 04.00)""}, ""B3"": {""scale"": 0.0001, ""offset"": 0.0, ""source"": ""recorded (baseline < 04.00)""}, ""B4"": {""scale"": 0.0001, ""offset"": 0.0, ""source"": ""recorded (baseline < 04.00)""}, ""B8"": {""scale"": 0.0001, ""offset"": 0.0, ""source"": ""recorded (baseline < 04.00)""}}",valid,,49,0.4126,False,0.503065,0.506302,0.524392,3.25349,0.406302,0.463356,0.510491,0.520289,0.509927,354.168,65.9401,0.0885497,0.0885497,370.049,50.0585,0.0672225,0.0672225,367.638,52.4696,0.0704603,0.0704603,399.619,20.4892,0.0275141,0.0275141,364.52,55.5885,0.0746486,0.0746486,357.223,62.8849,0.0844469,0.0844469,364.939,55.1691,0.0740855,0.0740855
KAN_L,2017,S2B_22WEV_20170731_0_L2A,2017-07-31 15:23:31.824000+00:00,2017-07-31,0.01,0.272537,"14,15,16",742.555,421.195,0.432776,0.306333,67.0952,-49.9529,48.6627,"[11, 11, 11, 11, 11, 11, 11, 11, 11]",0.6367,0.6147,0.5521,0.3586,0.0445956,0.0417512,0.0364717,0.0215129,"{""B2"": {""scale"": 0.0001, ""offset"": 0.0, ""source"": ""recorded (baseline < 04.00)""}, ""B3"": {""scale"": 0.0001, ""offset"": 0.0, ""source"": ""recorded (baseline < 04.00)""}, ""B4"": {""scale"": 0.0001, ""offset"": 0.0, ""source"": ""recorded (baseline < 04.00)""}, ""B8"": {""scale"": 0.0001, ""offset"": 0.0, ""source"": ""recorded (baseline < 04.00)""}}",valid,,49,0.3373,False,0.507119,0.50587,0.52368,3.24639,0.492137,0.468874,0.509267,0.520536,0.508755,353.694,67.5009,0.0909036,0.0909036,365.991,55.204,0.0743433,0.0743433,366.918,54.2765,0.0730943,0.0730943,394.39,26.8048,0.036098,0.036098,364.396,56.7987,0.0764909,0.0764909,356.028,65.1666,0.0877599,0.0877599,364.776,56.4188,0.0759793,0.0759793
KAN_L,2017,S2A_22WEV_20170802_0_L2A,2017-08-02 15:09:12.461000+00:00,2017-08-02,0.01,44.3525,"14,15,16",631.567,365.108,0.421901,0.6993,67.0952,-49.9529,49.2335,"[11, 11, 11, 11, 11, 11, 11, 11, 11]",0.6196,0.6122,0.5699,0.3914,0.0217145,0.0228761,0.0205638,0.00849951,"{""B2"": {""scale"": 0.0001, ""offset"": 0.0, ""source"": ""recorded (baseline < 04.00)""}, ""B3"": {""scale"": 0.0001, ""offset"": 0.0, ""source"": ""recorded (baseline < 04.00)""}, ""B4"": {""scale"": 0.0001, ""offset"": 0.0, ""source"": ""recorded (baseline < 04.00)""}, ""B8"": {""scale"": 0.0001, ""offset"": 0.0, ""source"": ""recorded (baseline < 04.00)""}}",valid,,49,-0.2335,False,0.517986,0.528887,0.547377,3.24396,0.256082,0.464751,0.533928,0.542096,0.533336,285.862,79.2462,0.125476,0.125476,304.424,60.6836,0.0960847,0.0960847,297.539,67.5688,0.106986,0.106986,338.045,27.0626,0.0428503,0.0428503,294.356,70.7522,0.112027,0.112027,289.197,75.9107,0.120195,0.120195,294.73,70.3781,0.111435,0.111435
KAN_L,2017,S2A_22WEV_20170805_0_L2A,2017-08-05 15:19:11.462000+00:00,2017-08-05,0.01,11.0314,"14,15,16",720.199,388.27,0.460885,0.2842,67.0952,-49.9529,49.9532,"[11, 11, 11, 11, 11, 11, 11, 11, 11]",0.6496,0.6581,0.6239,0.466,0.0208078,0.0232593,0.0190656,0.00996237,"{""B2"": {""scale"": 0.0001, ""offset"": 0.0, ""source"": ""recorded (baseline < 04.00)""}, ""B3"": {""scale"": 0.0001, ""offset"": 0.0, ""source"": ""recorded (baseline < 04.00)""}, ""B4"": {""scale"": 0.0001, ""offset"": 0.0, ""source"": ""recorded (baseline < 04.00)""}, ""B8"": {""scale"": 0.0001, ""offset"": 0.0, ""source"": ""recorded (baseline < 04.00)""}}",valid,,50,0.0468,False,0.57205,0.563642,0.582595,3.23107,0.200176,0.499753,0.570138,0.57404,0.569604,300.615,87.6554,0.12171,0.12171,308.209,80.0607,0.111165,0.111165,314.264,74.0056,0.102757,0.102757,360.277,27.993,0.0388685,0.0388685,309.586,78.6836,0.109253,0.109253,306.776,81.4938,0.113155,0.113155,309.971,78.2994,0.108719,0.108719
KAN_L,2017,S2B_22WEV_20170807_0_L2A,2017-08-07 15:09:09.456000+00:00,2017-08-07,0.01,26.5195,"14,15,16",664.598,365.765,0.449644,0.343933,67.0952,-49.9529,50.5575,"[11, 11, 11, 11, 11, 11, 11, 11, 11]",0.6379,0.6091,0.5608,0.3826,0.0492429,0.0470585,0.038253,0.0252977,"{""B2"": {""scale"": 0.0001, ""offset"": 0.0, ""source"": ""recorded (baseline < 04.00)""}, ""B3"": {""scale"": 0.0001, ""offset"": 0.0, ""source"": ""recorded (baseline < 04.00)""}, ""B4"": {""scale"": 0.0001, ""offset"": 0.0, ""source"": ""recorded (baseline < 04.00)""}, ""B8"": {""scale"": 0.0001, ""offset"": 0.0, ""source"": ""recorded (baseline < 04.00)""}}",valid,,50,-0.5575,False,0.517871,0.522408,0.541106,3.24619,0.541492,0.486838,0.524629,0.538738,0.524158,304.98,60.7853,0.0914624,0.0914624,320.422,45.3431,0.068227,0.068227,317.407,48.3583,0.072764,0.072764,341.047,24.7185,0.0371939,0.0371939,315.931,49.8342,0.0749848,0.0749848,306.554,59.211,0.0890937,0.0890937,316.244,49.5211,0.0745136,0.0745136
KAN_L,2017,S2B_22WEV_20170810_0_L2A,2017-08-10 15:19:07.459000+00:00,2017-08-10,0.01,38.9611,"14,15,16",680.409,390.872,0.425534,0.284367,67.0952,-49.953,51.3475,"[11, 11, 11, 11, 11, 11, 11, 11, 11]",0.6546,0.6352,0.5716,0.3674,0.0498496,0.046386,0.0377327,0.022853,"{""B2"": {""scale"": 0.0001, ""offset"": 0.0, ""source"": ""recorded (baseline < 04.00)""}, ""B3"": {""scale"": 0.0001, ""offset"": 0.0, ""source"": ""recorded (baseline < 04.00)""}, ""B4"": {""scale"": 0.0001, ""offset"": 0.0, ""source"": ""recorded (baseline < 04.00)""}, ""B8"": {""scale"": 0.0001, ""offset"": 0.0, ""source"": ""recorded (baseline < 04.00)""}}",valid,,52,0.6525,False,0.521811,0.508381,0.524733,3.21859,0.354117,0.464955,0.512314,0.521242,0.511842,323.376,67.4962,0.0991992,0.0991992,325.364,65.5079,0.096277,0.096277,334.502,56.3702,0.0828472,0.0828472,364.05,26.8223,0.0394206,0.0394206,331.826,59.0464,0.0867805,0.0867805,325.751,65.1208,0.095708,0.095708,332.147,58.7248,0.0863078,0.0863078
KAN_L,2017,S2A_22WEV_20170812_0_L2A,2017-08-12 15:09:12.460000+00:00,2017-08-12,0.01,2.20183,"14,15,16",670.833,370.263,0.448055,0.2869,67.0952,-49.953,51.9896,"[11, 11, 11, 11, 11, 11, 11, 11, 11]",0.6155,0.6127,0.5669,0.3931,0.0424456,0.0401624,0.0342605,0.0218608,"{""B2"": {""scale"": 0.0001, ""offset"": 0.0, ""source"": ""recorded (baseline < 04.00)""}, ""B3"": {""scale"": 0.0001, ""offset"": 0.0, ""source"": ""recorded (baseline < 04.00)""}, ""B4"": {""scale"": 0.0001, ""offset"": 0.0, ""source"": ""recorded (baseline < 04.00)""}, ""B8"": {""scale"": 0.0001, ""offset"": 0.0, ""source"": ""recorded (baseline < 04.00)""}}",valid,,52,0.0104,False,0.516829,0.531377,0.550557,3.25838,0.27225,0.471966,0.536718,0.544427,0.53608,301.501,68.7619,0.102502,0.102502,324.127,46.1362,0.0687744,0.0687744,314.368,55.8955,0.0833224,0.0833224,354.222,16.0407,0.0239115,0.0239115,310.785,59.4784,0.0886633,0.0886633,305.613,64.6499,0.0963725,0.0963725,311.213,59.0504,0.0880253,0.0880253
KAN_L,2017,S2B_22WEV_20170814_0_L2A,2017-08-14 15:02:11.849000+00:00,2017-08-14,0.01,1.9449,"14,15,16",657.291,351.384,0.465406,0.0757,67.0952,-49.953,52.6587,"[11, 11, 11, 11, 11, 11, 11, 11, 11]",0.6164,0.5945,0.5464,0.3974,0.0455777,0.0467261,0.0375165,0.0273197,"{""B2"": {""scale"": 0.0001, ""offset"": 0.0, ""source"": ""recorded (baseline < 04.00)""}, ""B3"": {""scale"": 0.0001, ""offset"": 0.0, ""source"": ""recorded (baseline < 04.00)""}, ""B4"": {""scale"": 0.0001, ""offset"": 0.0, ""source"": ""recorded (baseline < 04.00)""}, ""B8"": {""scale"": 0.0001, ""offset"": 0.0, ""source"": ""recorded (baseline < 04.00)""}}",valid,,53,0.3413,False,0.512992,0.536494,0.559335,3.3087,0.736876,0.514723,0.538479,0.556237,0.537878,289.645,61.7389,0.0939291,0.0939291,320.106,31.2783,0.0475863,0.0475863,304.659,46.7255,0.0710877,0.0710877,318.968,32.4158,0.049317,0.049317,303.354,48.0301,0.0730726,0.0730726,291.681,59.7029,0.0908315,0.0908315,303.749,47.6353,0.0724718,0.0724718
KAN_L,2017,S2A_22WEV_20170815_0_L2A,2017-08-15 15:21:31.159000+00:00,2017-08-15,0.01,0.353227,"14,15,16",645.845,333.252,0.484005,0.156533,67.0952,-49.953,52.8406,"[11, 11, 11, 11, 11, 11, 11, 11, 11]",0.6637,0.6497,0.6084,0.4465,0.048496,0.0481351,0.0406917,0.0291602,"{""B2"": {""scale"": 0.0001, ""offset"": 0.0, ""source"": ""recorded (baseline < 04.00)""}, ""B3"": {""scale"": 0.0001, ""offset"": 0.0, ""source"": ""recorded (baseline < 04.00)""}, ""B4"": {""scale"": 0.0001, ""offset"": 0.0, ""source"": ""recorded (baseline < 04.00)""}, ""B8"": {""scale"": 0.0001, ""offset"": 0.0, ""source"": ""recorded (baseline < 04.00)""}}",valid,,53,0.1594,False,0.564539,0.55343,0.572487,3.23544,0.536773,0.516047,0.556939,0.568685,0.556475,276.107,57.1446,0.0884815,0.0884815,281.24,52.012,0.0805344,0.0805344,288.415,44.8368,0.0694247,0.0694247,312.558,20.6937,0.0320424,0.0320424,286.149,47.1033,0.0729341,0.0729341,278.563,54.6891,0.0846796,0.0846796,286.448,46.8037,0.0724702,0.0724702
KAN_L,2018,S2B_22WEV_20180603_0_L2A,2018-06-03 15:09:08.458000+00:00,2018-06-03,0.01,48.4057,"14,15,16",755.246,262.301,0.652695,0.5769,67.095,-49.9549,44.8787,"[11, 11, 11, 11, 11, 11, 11, 11, 11]",0.8318,0.8154,0.7846,0.6946,0.00346281,0.00378536,0.00427578,0.0020483,"{""B2"": {""scale"": 0.0001, ""offset"": 0.0, ""source"": ""recorded (baseline < 04.00)""}, ""B3"": {""scale"": 0.0001, ""offset"": 0.0, ""source"": ""recorded (baseline < 04.00)""}, ""B4"": {""scale"": 0.0001, ""offset"": 0.0, ""source"": ""recorded (baseline < 04.00)""}, ""B8"": {""scale"": 0.0001, ""offset"": 0.0, ""source"": ""recorded (baseline < 04.00)""}}",valid,,45,0.1213,False,0.76635,0.636189,0.653813,3.2957,0.786881,0.642255,0.633801,0.647088,0.633391,261.456,0.844722,0.00111809,0.00111809,176.463,85.8381,0.113655,0.113655,274.767,12.4659,0.0165061,-0.0165061,270.185,7.88422,0.0104397,-0.0104397,276.571,14.2695,0.0188943,-0.0188943,266.535,4.23419,0.00560675,-0.00560675,276.88,14.5786,0.0193035,-0.0193035
KAN_L,2018,S2B_22WEV_20180720_0_L2A,2018-07-20 15:01:39.266000+00:00,2018-07-20,0.01,58.5775,"14,15,16",459.069,230.291,0.498352,0.983833,67.095,-49.9552,46.4591,"[11, 11, 11, 11, 11, 11, 11, 11, 11]",0.7153,0.6828,0.6238,0.513,0.00151658,0.00135055,0.00152323,0.00152542,"{""B2"": {""scale"": 0.0001, ""offset"": 0.0, ""source"": ""recorded (baseline < 04.00)""}, ""B3"": {""scale"": 0.0001, ""offset"": 0.0, ""source"": ""recorded (baseline < 04.00)""}, ""B4"": {""scale"": 0.0001, ""offset"": 0.0, ""source"": ""recorded (baseline < 04.00)""}, ""B8"": {""scale"": 0.0001, ""offset"": 0.0, ""source"": ""recorded (baseline < 04.00)""}}",valid,,46,-0.4591,False,0.613963,0.57529,0.602337,3.3235,0.712199,0.588269,0.573575,0.597357,0.573498,182.555,47.7364,0.103985,0.103985,177.218,53.0733,0.115611,0.115611,194.971,35.3199,0.0769382,0.0769382,189.013,41.278,0.0899169,0.0899169,195.758,34.5327,0.0752235,0.0752235,184.841,45.4502,0.0990053,0.0990053,195.794,34.4973,0.0751464,0.0751464
KAN_L,2018,S2A_22WEV_20180721_0_L2A,2018-07-21 15:19:10.462000+00:00,2018-07-21,0.01,58.3121,"14,15,16",579.496,293.585,0.493378,0.8033,67.095,-49.9552,46.4979,"[11, 11, 11, 11, 11, 11, 11, 11, 11]",0.6976,0.6817,0.6334,0.5218,0.00182764,0.00215097,0.00264074,0.00283823,"{""B2"": {""scale"": 0.0001, ""offset"": 0.0, ""source"": ""recorded (baseline < 04.00)""}, ""B3"": {""scale"": 0.0001, ""offset"": 0.0, ""source"": ""recorded (baseline < 04.00)""}, ""B4"": {""scale"": 0.0001, ""offset"": 0.0, ""source"": ""recorded (baseline < 04.00)""}, ""B8"": {""scale"": 0.0001, ""offset"": 0.0, ""source"": ""recorded (baseline < 04.00)""}}",valid,,46,-0.4979,False,0.613691,0.584659,0.610649,3.30967,0.857713,0.586748,0.585579,0.604996,0.585284,225.627,67.9575,0.117271,0.117271,223.865,69.7202,0.120313,0.120313,240.688,52.8966,0.091281,0.091281,239.478,54.1069,0.0933696,0.0933696,240.155,53.4295,0.0922008,0.0922008,228.903,64.682,0.111618,0.111618,240.327,53.2585,0.0919056,0.0919056
KAN_L,2018,S2B_22WEV_20180723_0_L2A,2018-07-23 15:11:53.894000+00:00,2018-07-23,0.01,42.2836,"14,15,16",712.334,356.635,0.499342,0.1881,67.095,-49.9552,46.9311,"[11, 11, 11, 11, 11, 11, 11, 11, 11]",0.7216,0.7002,0.6207,0.4143,0.0461307,0.044626,0.036026,0.0210333,"{""B2"": {""scale"": 0.0001, ""offset"": 0.0, ""source"": ""recorded (baseline < 04.00)""}, ""B3"": {""scale"": 0.0001, ""offset"": 0.0, ""source"": ""recorded (baseline < 04.00)""}, ""B4"": {""scale"": 0.0001, ""offset"": 0.0, ""source"": ""recorded (baseline < 04.00)""}, ""B8"": {""scale"": 0.0001, ""offset"": 0.0, ""source"": ""recorded (baseline < 04.00)""}}",valid,,47,0.0689,False,0.577608,0.517991,0.533714,3.18905,0.582618,0.49681,0.521308,0.530114,0.520952,332.151,24.4836,0.034372,0.034372,300.884,55.7508,0.078266,0.078266,343.351,13.2838,0.0186493,0.0186493,358.439,1.80409,0.00253164,-0.00253164,340.988,15.6466,0.0219662,0.0219662,334.716,21.919,0.0307717,0.0307717,341.242,15.3925,0.0216096,0.0216096
KAN_L,2019,S2B_22WEV_20190608_1_L2A,2019-06-08 15:14:06.269000+00:00,2019-06-08,5,14.5564,"14,15,16",804.308,382.389,0.524573,0.145833,67.0947,-49.9573,44.3065,"[11, 11, 11, 11, 11, 11, 11, 11, 11]",0.5836,0.5699,0.5155,0.3627,0.0684573,0.0621341,0.0501697,0.0342002,"{""B2"": {""scale"": 0.0001, ""offset"": -0.1, ""source"": ""recorded (boa_offset_applied)""}, ""B3"": {""scale"": 0.0001, ""offset"": -0.1, ""source"": ""recorded (boa_offset_applied)""}, ""B4"": {""scale"": 0.0001, ""offset"": -0.1, ""source"": ""recorded (boa_offset_applied)""}, ""B8"": {""scale"": 0.0001, ""offset"": -0.1, ""source"": ""recorded (boa_offset_applied)""}}",valid,,44,-0.3065,False,0.48117,0.516931,0.541184,3.34184,0.675867,0.491002,0.52034,0.536891,0.519557,369.029,13.3599,0.0166113,0.0166113,417.299,34.9098,0.0434026,-0.0434026,388.536,6.14735,0.0076421,-0.0076421,409.391,27.0018,0.0335706,-0.0335706,385.795,3.40577,0.00423349,-0.00423349,372.482,9.90684,0.0123181,0.0123181,386.425,4.03554,0.00501649,-0.00501649
KAN_L,2019,S2A_22WEV_20190610_1_L2A,2019-06-10 15:04:03.253000+00:00,2019-06-10,5,3.1072,"14,15,16",800.053,385.643,0.517978,0.0833333,67.0947,-49.9573,44.1868,"[11, 11, 11, 11, 11, 11, 11, 11, 11]",0.5775,0.5556,0.4997,0.3522,0.0652641,0.0582819,0.0496703,0.0321192,"{""B2"": {""scale"": 0.0001, ""offset"": -0.1, ""source"": ""recorded (boa_offset_applied)""}, ""B3"": {""scale"": 0.0001, ""offset"": -0.1, ""source"": ""recorded (boa_offset_applied)""}, ""B4"": {""scale"": 0.0001, ""offset"": -0.1, ""source"": ""recorded (boa_offset_applied)""}, ""B8"": {""scale"": 0.0001, ""offset"": -0.1, ""source"": ""recorded (boa_offset_applied)""}}",valid,,44,-0.1868,False,0.470623,0.512304,0.538005,3.36377,0.757838,0.49582,0.514357,0.534596,0.513579,369.62,16.0227,0.0200272,0.0200272,423.53,37.8869,0.0473553,-0.0473553,390.182,4.53938,0.00567367,-0.00567367,403.37,17.7273,0.0221575,-0.0221575,388.54,2.89693,0.00362074,-0.00362074,372.348,13.2951,0.016618,0.016618,389.163,3.51964,0.00439908,-0.00439908
KAN_L,2019,S2B_22WEV_20190611_1_L2A,2019-06-11 15:24:02.656000+00:00,2019-06-11,5,0.042053,"14,15,16",800.341,414.61,0.481958,0.0411333,67.0947,-49.9573,44.0531,"[11, 11, 11, 11, 11, 11, 11, 11, 11]",0.486,0.4583,0.4043,0.236,0.053397,0.0514372,0.0410988,0.0243292,"{""B2"": {""scale"": 0.0001, ""offset"": -0.1, ""source"": ""recorded (boa_offset_applied)""}, ""B3"": {""scale"": 0.0001, ""offset"": -0.1, ""source"": ""recorded (boa_offset_applied)""}, ""B4"": {""scale"": 0.0001, ""offset"": -0.1, ""source"": ""recorded (boa_offset_applied)""}, ""B8"": {""scale"": 0.0001, ""offset"": -0.1, ""source"": ""recorded (boa_offset_applied)""}}",valid,,44,-0.0531,False,0.367788,0.456908,0.482861,3.41476,0.397651,0.404037,0.459149,0.480944,0.458041,413.888,0.722307,0.000902814,0.000902814,505.985,91.375,0.11417,-0.11417,434.659,20.0491,0.0250504,-0.0250504,476.974,62.364,0.0779214,-0.0779214,432.865,18.255,0.0228087,-0.0228087,415.422,0.811944,0.00101418,-0.00101418,433.752,19.1422,0.0239172,-0.0239172
KAN_L,2019,S2A_22WEV_20190613_0_L2A,2019-06-13 15:14:01.602000+00:00,2019-06-13,2.12,46.3557,"14,15,16",714.011,369.059,0.483119,0.1628,67.0947,-49.9573,43.9192,"[11, 11, 11, 11, 11, 11, 11, 11, 11]",0.6981,0.6736,0.6125,0.4356,0.0442105,0.0382976,0.0284843,0.0163406,"{""B2"": {""scale"": 0.0001, ""offset"": 0.0, ""source"": ""recorded (baseline < 04.00)""}, ""B3"": {""scale"": 0.0001, ""offset"": 0.0, ""source"": ""recorded (baseline < 04.00)""}, ""B4"": {""scale"": 0.0001, ""offset"": 0.0, ""source"": ""recorded (baseline < 04.00)""}, ""B8"": {""scale"": 0.0001, ""offset"": 0.0, ""source"": ""recorded (baseline < 04.00)""}}",valid,,44,0.0808,False,0.57457,0.535129,0.553267,3.21995,0.734225,0.51723,0.537386,0.549965,0.537023,318.972,50.0868,0.0701481,0.0701481,303.762,65.2973,0.091451,0.091451,331.923,37.1363,0.0520105,0.0520105,344.703,24.3561,0.0341112,0.0341112,330.312,38.7472,0.0542666,0.0542666,321.33,47.7288,0.0668457,0.0668457,330.571,38.4884,0.0539041,0.0539041
KAN_L,2019,S2B_22WEV_20190615_0_L2A,2019-06-15 15:04:08.014000+00:00,2019-06-15,2.12,21.9652,"14,15,16",795.127,398.175,0.499231,0.3942,67.0947,-49.9573,43.8725,"[11, 11, 11, 11, 11, 11, 11, 11, 11]",0.6573,0.6478,0.595,0.4492,0.0362317,0.0343763,0.0278584,0.0158685,"{""B2"": {""scale"": 0.0001, ""offset"": 0.0, ""source"": ""recorded (baseline < 04.00)""}, ""B3"": {""scale"": 0.0001, ""offset"": 0.0, ""source"": ""recorded (baseline < 04.00)""}, ""B4"": {""scale"": 0.0001, ""offset"": 0.0, ""source"": ""recorded (baseline < 04.00)""}, ""B8"": {""scale"": 0.0001, ""offset"": 0.0, ""source"": ""recorded (baseline < 04.00)""}}",valid,,44,0.1275,False,0.561542,0.550398,0.572686,3.28431,0.753868,0.533387,0.553761,0.567848,0.553236,339.769,58.4058,0.0734546,0.0734546,348.63,49.5449,0.0623106,0.0623106,357.491,40.6843,0.0511669,0.0511669,371.017,27.1584,0.034156,0.034156,354.817,43.3581,0.0545298,0.0545298,343.616,54.5591,0.0686168,0.0686168,355.234,42.9412,0.0540054,0.0540054
KAN_L,2019,S2A_22WEV_20190616_1_L2A,2019-06-16 15:23:58.684000+00:00,2019-06-16,5,9.06829,"14,15,16",825.926,415.249,0.497232,0.189533,67.0947,-49.9573,43.7623,"[11, 11, 11, 11, 11, 11, 11, 11, 11]",0.5369,0.5209,0.4658,0.309,0.0609312,0.0575445,0.0466247,0.0289602,"{""B2"": {""scale"": 0.0001, ""offset"": -0.1, ""source"": ""recorded (boa_offset_applied)""}, ""B3"": {""scale"": 0.0001, ""offset"": -0.1, ""source"": ""recorded (boa_offset_applied)""}, ""B4"": {""scale"": 0.0001, ""offset"": -0.1, ""source"": ""recorded (boa_offset_applied)""}, ""B8"": {""scale"": 0.0001, ""offset"": -0.1, ""source"": ""recorded (boa_offset_applied)""}}",valid,,44,0.2377,False,0.430851,0.493764,0.519576,3.38341,0.577359,0.45832,0.497273,0.515614,0.496287,396.794,18.4546,0.0223443,0.0223443,470.075,54.8257,0.0663807,-0.0663807,418.114,2.86452,0.00346805,-0.00346805,447.388,32.1386,0.0389121,-0.0389121,415.216,0.0333126,4.05313e-05,4.05313e-05,400.067,15.1817,0.0183816,0.0183816,416.03,0.780639,0.00094497,-0.00094497
KAN_L,2019,S2B_22WEV_20190618_1_L2A,2019-06-18 15:14:06.267000+00:00,2019-06-18,5,4.54971,"14,15,16",818.313,437.707,0.46511,0.249167,67.0947,-49.9573,43.7027,"[11, 11, 11, 11, 11, 11, 11, 11, 11]",0.5119,0.4826,0.4245,0.2436,0.0702904,0.0635927,0.0504582,0.027516,"{""B2"": {""scale"": 0.0001, ""offset"": -0.1, ""source"": ""recorded (boa_offset_applied)""}, ""B3"": {""scale"": 0.0001, ""offset"": -0.1, ""source"": ""recorded (boa_offset_applied)""}, ""B4"": {""scale"": 0.0001, ""offset"": -0.1, ""source"": ""recorded (boa_offset_applied)""}, ""B8"": {""scale"": 0.0001, ""offset"": -0.1, ""source"": ""recorded (boa_offset_applied)""}}",valid,,44,0.2973,False,0.385136,0.457429,0.480397,3.37241,0.390084,0.405629,0.459846,0.47846,0.458947,425.198,12.5092,0.0152871,0.0152871,503.151,65.4444,0.0799742,-0.0799742,443.993,6.28611,0.00768125,-0.00768125,486.381,48.6743,0.0594807,-0.0594807,442.015,4.30778,0.00526368,-0.00526368,426.783,10.9242,0.0133502,0.0133502,442.751,5.04409,0.00616347,-0.00616347
KAN_L,2019,S2A_22WEV_20190626_1_L2A,2019-06-26 15:23:59.647000+00:00,2019-06-26,5,35.9556,"14,15,16",807.013,433.072,0.463364,0.3344,67.0947,-49.9574,43.6989,"[11, 11, 11, 11, 11, 11, 11, 11, 11]",0.7,0.6482,0.5481,0.3173,0.0496707,0.0458296,0.0371104,0.021668,"{""B2"": {""scale"": 0.0001, ""offset"": -0.1, ""source"": ""recorded (boa_offset_applied)""}, ""B3"": {""scale"": 0.0001, ""offset"": -0.1, ""source"": ""recorded (boa_offset_applied)""}, ""B4"": {""scale"": 0.0001, ""offset"": -0.1, ""source"": ""recorded (boa_offset_applied)""}, ""B8"": {""scale"": 0.0001, ""offset"": -0.1, ""source"": ""recorded (boa_offset_applied)""}}",valid,,44,0.3011,False,0.513266,0.469226,0.48347,3.19246,0.689807,0.456278,0.470611,0.48233,0.470351,416.846,16.2256,0.0201061,0.0201061,392.8,40.2716,0.0499023,0.0499023,428.341,4.7306,0.00586215,0.00586215,438.79,5.71836,0.00708555,-0.00708555,427.224,5.84815,0.00724694,0.00724694,417.767,15.3053,0.0189657,0.0189657,427.434,5.63797,0.00698651,0.00698651
KAN_L,2019,S2B_22WEV_20190628_0_L2A,2019-06-28 15:14:07.001000+00:00,2019-06-28,2.12,30.0933,"14,15,16",705.248,351.493,0.501603,0.399133,67.0947,-49.9574,43.7894,"[11, 11, 11, 11, 11, 11, 11, 11, 11]",0.5772,0.5585,0.5481,0.4788,0.00710343,0.00471399,0.00528877,0.00802604,"{""B2"": {""scale"": 0.0001, ""offset"": 0.0, ""source"": ""recorded (baseline < 04.00)""}, ""B3"": {""scale"": 0.0001, ""offset"": 0.0, ""source"": ""recorded (baseline < 04.00)""}, ""B4"": {""scale"": 0.0001, ""offset"": 0.0, ""source"": ""recorded (baseline < 04.00)""}, ""B8"": {""scale"": 0.0001, ""offset"": 0.0, ""source"": ""recorded (baseline < 04.00)""}}",valid,,44,0.2106,False,0.530246,0.594767,0.628197,3.51733,0.707535,0.590667,0.590962,0.619255,0.589817,262.213,89.2796,0.126594,0.126594,331.293,20.1999,0.0286429,0.0286429,285.79,65.7033,0.0931641,0.0931641,288.682,62.8115,0.0890636,0.0890636,288.473,63.0196,0.0893588,0.0893588,268.519,82.9736,0.117652,0.117652,289.281,62.2124,0.0882141,0.0882141
KAN_L,2019,S2A_22WEV_20190630_1_L2A,2019-06-30 15:04:05.290000+00:00,2019-06-30,5,51.3204,"14,15,16",723.663,333.641,0.538956,0.7546,67.0947,-49.9574,43.9681,"[11, 11, 11, 11, 11, 11, 11, 11, 11]",0.6756,0.6842,0.685,0.59,0.0162847,0.0161734,0.0174454,0.0149723,"{""B2"": {""scale"": 0.0001, ""offset"": -0.1, ""source"": ""recorded (boa_offset_applied)""}, ""B3"": {""scale"": 0.0001, ""offset"": -0.1, ""source"": ""recorded (boa_offset_applied)""}, ""B4"": {""scale"": 0.0001, ""offset"": -0.1, ""source"": ""recorded (boa_offset_applied)""}, ""B8"": {""scale"": 0.0001, ""offset"": -0.1, ""source"": ""recorded (boa_offset_applied)""}}",valid,,44,0.0319,False,0.643779,0.613269,0.627176,3.42681,0.398782,0.564166,0.616051,0.623328,0.614859,269.799,63.8422,0.0882201,0.0882201,257.784,75.8568,0.104823,0.104823,279.863,53.7783,0.0743134,0.0743134,315.397,18.2438,0.0252097,0.0252097,277.849,55.7915,0.0770953,0.0770953,272.583,61.0576,0.0843723,0.0843723,278.712,54.9289,0.0759033,0.0759033
KAN_L,2019,S2A_22WEV_20190703_0_L2A,2019-07-03 15:14:03.415000+00:00,2019-07-03,2.12,15.5371,"14,15,16",768.159,381.477,0.503388,0.173567,67.0947,-49.9574,44.091,"[11, 11, 11, 11, 11, 11, 11, 11, 11]",0.7698,0.7282,0.6729,0.4827,0.0590641,0.0545394,0.0445627,0.029716,"{""B2"": {""scale"": 0.0001, ""offset"": 0.0, ""source"": ""recorded (baseline < 04.00)""}, ""B3"": {""scale"": 0.0001, ""offset"": 0.0, ""source"": ""recorded (baseline < 04.00)""}, ""B4"": {""scale"": 0.0001, ""offset"": 0.0, ""source"": ""recorded (baseline < 04.00)""}, ""B8"": {""scale"": 0.0001, ""offset"": 0.0, ""source"": ""recorded (baseline < 04.00)""}}",valid,,44,-0.091,False,0.632319,0.547995,0.563438,3.14548,0.591504,0.532502,0.548853,0.560892,0.54869,335.349,46.1277,0.0600497,0.0600497,282.438,99.0394,0.128931,0.128931,347.212,34.2655,0.0446073,0.0446073,359.113,22.3643,0.0291141,0.0291141,346.553,34.9244,0.045465,0.045465,337.305,44.172,0.0575038,0.0575038,346.678,34.7995,0.0453024,0.0453024
KAN_L,2019,S2B_22WEV_20190705_1_L2A,2019-07-05 15:04:09.363000+00:00,2019-07-05,5,83.1962,"14,15,16",671.195,361.947,0.460743,0.593467,67.0947,-49.9574,44.3412,"[11, 11, 11, 11, 11, 11, 11, 11, 11]",0.6022,0.5867,0.556,0.4116,0.00594501,0.00651478,0.00559691,0.00347194,"{""B2"": {""scale"": 0.0001, ""offset"": -0.1, ""source"": ""recorded (boa_offset_applied)""}, ""B3"": {""scale"": 0.0001, ""offset"": -0.1, ""source"": ""recorded (boa_offset_applied)""}, ""B4"": {""scale"": 0.0001, ""offset"": -0.1, ""source"": ""recorded (boa_offset_applied)""}, ""B8"": {""scale"": 0.0001, ""offset"": -0.1, ""source"": ""recorded (boa_offset_applied)""}}",valid,,44,-0.3412,False,0.515536,0.546145,0.568913,3.29414,0.536943,0.501559,0.549184,0.564782,0.548569,289.343,72.6039,0.10817,0.10817,325.17,36.7772,0.054793,0.054793,304.625,57.3215,0.0854016,0.0854016,334.551,27.396,0.0408161,0.0408161,302.586,59.3614,0.0884408,0.0884408,292.116,69.8308,0.104039,0.104039,302.998,58.9485,0.0878257,0.0878257
KAN_L,2019,S2A_22WEV_20190706_1_L2A,2019-07-06 15:24:00.239000+00:00,2019-07-06,5,31.7235,"14,15,16",797.373,438.726,0.449786,0.203867,67.0947,-49.9574,44.324,"[11, 11, 11, 11, 11, 11, 11, 11, 11]",0.5042,0.494,0.435,0.259,0.0501529,0.0410216,0.0354587,0.0203346,"{""B2"": {""scale"": 0.0001, ""offset"": -0.1, ""source"": ""recorded (boa_offset_applied)""}, ""B3"": {""scale"": 0.0001, ""offset"": -0.1, ""source"": ""recorded (boa_offset_applied)""}, ""B4"": {""scale"": 0.0001, ""offset"": -0.1, ""source"": ""recorded (boa_offset_applied)""}, ""B8"": {""scale"": 0.0001, ""offset"": -0.1, ""source"": ""recorded (boa_offset_applied)""}}",valid,,44,-0.324,False,0.392217,0.467369,0.491818,3.3903,0.285007,0.402355,0.472388,0.486165,0.471306,405.21,33.5155,0.0420322,0.0420322,484.63,45.904,0.0575693,-0.0575693,424.706,14.0204,0.0175829,0.0175829,476.546,37.8198,0.0474308,-0.0474308,420.704,18.0223,0.0226018,0.0226018,409.719,29.0075,0.0363786,0.0363786,421.567,17.1593,0.0215196,0.0215196
KAN_L,2019,S2B_22WEV_20190708_1_L2A,2019-07-08 15:14:07.343000+00:00,2019-07-08,5,0.970385,"14,15,16",806.247,447.083,0.445476,0.0887,67.0947,-49.9575,44.5597,"[11, 11, 11, 11, 11, 11, 11, 11, 11]",0.558,0.5303,0.4567,0.2624,0.0532345,0.0471959,0.0355228,0.0201021,"{""B2"": {""scale"": 0.0001, ""offset"": -0.1, ""source"": ""recorded (boa_offset_applied)""}, ""B3"": {""scale"": 0.0001, ""offset"": -0.1, ""source"": ""recorded (boa_offset_applied)""}, ""B4"": {""scale"": 0.0001, ""offset"": -0.1, ""source"": ""recorded (boa_offset_applied)""}, ""B8"": {""scale"": 0.0001, ""offset"": -0.1, ""source"": ""recorded (boa_offset_applied)""}}",valid,,45,0.4403,False,0.417989,0.459434,0.479662,3.33001,0.507688,0.42214,0.462452,0.477393,0.461759,419.521,27.5619,0.0341858,0.0341858,469.245,22.1617,0.0274872,-0.0274872,435.83,11.2531,0.0139578,0.0139578,465.898,18.8152,0.0233364,-0.0233364,433.396,13.6866,0.016976,0.016976,421.35,25.733,0.0319174,0.0319174,433.955,13.1278,0.016283,0.016283
KAN_L,2019,S2A_22WEV_20190710_0_L2A,2019-07-10 15:04:05.696000+00:00,2019-07-10,2.13,10.5045,"14,15,16",780.617,426.071,0.454187,0.231467,67.0947,-49.9575,44.8808,"[11, 11, 11, 11, 11, 11, 11, 11, 11]",0.649,0.6244,0.5773,0.3991,0.042726,0.0379121,0.027461,0.0176649,"{""B2"": {""scale"": 0.0001, ""offset"": 0.0, ""source"": ""recorded (baseline < 04.00)""}, ""B3"": {""scale"": 0.0001, ""offset"": 0.0, ""source"": ""recorded (baseline < 04.00)""}, ""B4"": {""scale"": 0.0001, ""offset"": 0.0, ""source"": ""recorded (baseline < 04.00)""}, ""B8"": {""scale"": 0.0001, ""offset"": 0.0, ""source"": ""recorded (baseline < 04.00)""}}",valid,,45,0.1192,False,0.532895,0.527095,0.545494,3.23427,0.524067,0.489711,0.529833,0.542579,0.529377,354.795,71.2755,0.0913066,0.0913066,364.63,61.4409,0.078708,0.078708,369.158,56.9131,0.0729077,0.0729077,398.34,27.7306,0.0355238,0.0355238,367.02,59.0507,0.0756461,0.0756461,357.07,69.0006,0.0883922,0.0883922,367.376,58.6947,0.07519,0.07519
KAN_L,2019,S2B_22WEV_20190711_1_L2A,2019-07-11 15:24:04.056000+00:00,2019-07-11,5,46.5231,"14,15,16",802.294,449.735,0.439439,0.2271,67.0947,-49.9575,44.8872,"[11, 11, 11, 11, 11, 11, 11, 11, 11]",0.5308,0.4991,0.4306,0.2394,0.0512313,0.0455422,0.0369003,0.0194288,"{""B2"": {""scale"": 0.0001, ""offset"": -0.1, ""source"": ""recorded (boa_offset_applied)""}, ""B3"": {""scale"": 0.0001, ""offset"": -0.1, ""source"": ""recorded (boa_offset_applied)""}, ""B4"": {""scale"": 0.0001, ""offset"": -0.1, ""source"": ""recorded (boa_offset_applied)""}, ""B8"": {""scale"": 0.0001, ""offset"": -0.1, ""source"": ""recorded (boa_offset_applied)""}}",valid,,45,0.1128,False,0.392183,0.449973,0.47094,3.35039,0.445089,0.407064,0.452433,0.469557,0.45168,424.462,25.2732,0.0315008,0.0315008,487.648,37.9133,0.0472565,-0.0472565,441.283,8.45198,0.0105344,0.0105344,475.709,25.9742,0.0323752,-0.0323752,439.31,10.4253,0.012994,0.012994,425.571,24.1636,0.0301178,0.0301178,439.914,9.82133,0.0122412,0.0122412
KAN_L,2019,S2B_22WEV_20190715_1_L2A,2019-07-15 15:04:09.388000+00:00,2019-07-15,5,1.5225,"14,15,16",803.664,452.025,0.437544,0.181333,67.0947,-49.9575,45.5779,"[11, 11, 11, 11, 11, 11, 11, 11, 11]",0.5355,0.5117,0.452,0.2697,0.052114,0.0475193,0.0386694,0.0216709,"{""B2"": {""scale"": 0.0001, ""offset"": -0.1, ""source"": ""recorded (boa_offset_applied)""}, ""B3"": {""scale"": 0.0001, ""offset"": -0.1, ""source"": ""recorded (boa_offset_applied)""}, ""B4"": {""scale"": 0.0001, ""offset"": -0.1, ""source"": ""recorded (boa_offset_applied)""}, ""B8"": {""scale"": 0.0001, ""offset"": -0.1, ""source"": ""recorded (boa_offset_applied)""}}",valid,,46,0.4221,False,0.411005,0.470384,0.49242,3.34884,0.416903,0.420563,0.473508,0.489571,0.472673,407.924,44.1013,0.0548761,0.0548761,473.354,21.3289,0.0265388,-0.0265388,425.633,26.3916,0.0328399,0.0328399,465.672,13.6475,0.0169808,-0.0169808,423.123,28.9025,0.0359642,0.0359642,410.213,41.8115,0.0520269,0.0520269,423.794,28.2312,0.0351289,0.0351289
KAN_L,2019,S2A_22WEV_20190716_1_L2A,2019-07-16 15:24:00.397000+00:00,2019-07-16,5,11.9705,"14,15,16",797.461,454.656,0.429871,0.190467,67.0947,-49.9575,45.6104,"[11, 11, 11, 11, 11, 11, 11, 11, 11]",0.525,0.5021,0.4494,0.2453,0.0463568,0.0410597,0.0304748,0.0179224,"{""B2"": {""scale"": 0.0001, ""offset"": -0.1, ""source"": ""recorded (boa_offset_applied)""}, ""B3"": {""scale"": 0.0001, ""offset"": -0.1, ""source"": ""recorded (boa_offset_applied)""}, ""B4"": {""scale"": 0.0001, ""offset"": -0.1, ""source"": ""recorded (boa_offset_applied)""}, ""B8"": {""scale"": 0.0001, ""offset"": -0.1, ""source"": ""recorded (boa_offset_applied)""}}",valid,,46,0.3896,False,0.396375,0.458783,0.478173,3.31521,0.119626,0.373253,0.462697,0.474569,0.461917,416.137,38.519,0.0483017,0.0483017,481.368,26.7115,0.0334961,-0.0334961,431.6,23.0564,0.0289119,0.0289119,499.806,45.1504,0.0566181,-0.0566181,428.478,26.1779,0.0328261,0.0328261,419.011,35.6451,0.0446978,0.0446978,429.101,25.5554,0.0320456,0.0320456
KAN_L,2019,S2A_22WEV_20190720_1_L2A,2019-07-20 15:04:05.710000+00:00,2019-07-20,5,21.1882,"14,15,16",783.824,441.423,0.436835,0.330567,67.0947,-49.9575,46.4284,"[11, 11, 11, 11, 11, 11, 11, 11, 11]",0.5855,0.557,0.4549,0.2131,0.0390596,0.039067,0.0292732,0.0145021,"{""B2"": {""scale"": 0.0001, ""offset"": -0.1, ""source"": ""recorded (boa_offset_applied)""}, ""B3"": {""scale"": 0.0001, ""offset"": -0.1, ""source"": ""recorded (boa_offset_applied)""}, ""B4"": {""scale"": 0.0001, ""offset"": -0.1, ""source"": ""recorded (boa_offset_applied)""}, ""B8"": {""scale"": 0.0001, ""offset"": -0.1, ""source"": ""recorded (boa_offset_applied)""}}",valid,,46,-0.4284,False,0.409318,0.420468,0.435266,3.26561,0.187493,0.378032,0.424617,0.433539,0.424197,442.652,1.229,0.00156892,-0.00156892,462.99,21.5674,0.0275165,-0.0275165,454.251,12.8284,0.0163674,-0.0163674,487.513,46.0901,0.0588026,-0.0588026,450.999,9.57581,0.0122177,-0.0122177,444.006,2.58298,0.00329632,-0.00329632,451.328,9.90495,0.0126377,-0.0126377
KAN_L,2019,S2A_22WEV_20190723_0_L2A,2019-07-23 15:14:03.547000+00:00,2019-07-23,2.13,2.58156,"14,15,16",781.594,422.98,0.458824,0.177533,67.0947,-49.9576,46.9155,"[11, 11, 11, 11, 11, 11, 11, 11, 11]",0.6903,0.6745,0.5947,0.375,0.0426461,0.0400957,0.0319339,0.0190111,"{""B2"": {""scale"": 0.0001, ""offset"": 0.0, ""source"": ""recorded (baseline < 04.00)""}, ""B3"": {""scale"": 0.0001, ""offset"": 0.0, ""source"": ""recorded (baseline < 04.00)""}, ""B4"": {""scale"": 0.0001, ""offset"": 0.0, ""source"": ""recorded (baseline < 04.00)""}, ""B8"": {""scale"": 0.0001, ""offset"": 0.0, ""source"": ""recorded (baseline < 04.00)""}}",valid,,47,0.0845,False,0.544682,0.502143,0.517264,3.19497,0.32476,0.466675,0.506601,0.512796,0.50618,377.304,45.6764,0.05844,0.05844,355.874,67.1061,0.085858,0.085858,389.122,33.8581,0.0433192,0.0433192,416.844,6.13632,0.00785092,0.00785092,385.638,37.3423,0.0477771,0.0477771,380.795,42.1846,0.0539724,0.0539724,385.967,37.0134,0.0473562,0.0473562
KAN_L,2019,S2B_22WEV_20190725_3_L2A,2019-07-25 15:04:07.182000+00:00,2019-07-25,5,26.116,"14,15,16",787.755,427.929,0.456774,0.2366,67.0947,-49.9576,47.4211,"[11, 11, 11, 11, 11, 11, 11, 11, 11]",0.6638,0.6297,0.5327,0.3125,0.0551492,0.0498904,0.0394543,0.0213982,"{""B2"": {""scale"": 0.0001, ""offset"": -0.1, ""source"": ""recorded (boa_offset_applied)""}, ""B3"": {""scale"": 0.0001, ""offset"": -0.1, ""source"": ""recorded (boa_offset_applied)""}, ""B4"": {""scale"": 0.0001, ""offset"": -0.1, ""source"": ""recorded (boa_offset_applied)""}, ""B8"": {""scale"": 0.0001, ""offset"": -0.1, ""source"": ""recorded (boa_offset_applied)""}}",valid,,47,-0.4211,False,0.495291,0.471187,0.486997,3.23326,0.66083,0.451895,0.473928,0.484927,0.47354,404.121,23.808,0.0302225,0.0302225,397.587,30.3418,0.0385168,0.0385168,416.575,11.3536,0.0144127,0.0144127,431.772,3.84323,0.00487871,-0.00487871,414.416,13.5129,0.0171536,0.0171536,405.751,22.1777,0.0281531,0.0281531,414.722,13.2072,0.0167656,0.0167656
KAN_L,2019,S2A_22WEV_20190726_1_L2A,2019-07-26 15:24:00.126000+00:00,2019-07-26,5,37.6535,"14,15,16",751.949,408.11,0.457264,0.250133,67.0947,-49.9576,47.5063,"[11, 11, 11, 11, 11, 11, 11, 11, 11]",0.6109,0.5833,0.5054,0.2966,0.0278262,0.030162,0.0221972,0.0133496,"{""B2"": {""scale"": 0.0001, ""offset"": -0.1, ""source"": ""recorded (boa_offset_applied)""}, ""B3"": {""scale"": 0.0001, ""offset"": -0.1, ""source"": ""recorded (boa_offset_applied)""}, ""B4"": {""scale"": 0.0001, ""offset"": -0.1, ""source"": ""recorded (boa_offset_applied)""}, ""B8"": {""scale"": 0.0001, ""offset"": -0.1, ""source"": ""recorded (boa_offset_applied)""}}",valid,,48,0.4937,False,0.462471,0.472585,0.490022,3.26775,0.475301,0.437389,0.475815,0.487462,0.475288,383.477,24.6326,0.032758,0.032758,404.194,3.91596,0.00520747,0.00520747,396.589,11.5207,0.0153209,0.0153209,423.055,14.9445,0.0198747,-0.0198747,394.16,13.9497,0.0185511,0.0185511,385.403,22.7072,0.0301975,0.0301975,394.557,13.5532,0.0180238,0.0180238
KAN_L,2019,S2A_22WEV_20190730_1_L2A,2019-07-30 15:04:05.286000+00:00,2019-07-30,5,86.6511,"14,15,16",559.77,305.447,0.454336,0.478567,67.0947,-49.9576,48.5489,"[11, 11, 11, 11, 11, 11, 11, 11, 11]",0.4061,0.3702,0.2902,0.1401,0.0182375,0.016804,0.0118954,0.00572191,"{""B2"": {""scale"": 0.0001, ""offset"": -0.1, ""source"": ""recorded (boa_offset_applied)""}, ""B3"": {""scale"": 0.0001, ""offset"": -0.1, ""source"": ""recorded (boa_offset_applied)""}, ""B4"": {""scale"": 0.0001, ""offset"": -0.1, ""source"": ""recorded (boa_offset_applied)""}, ""B8"": {""scale"": 0.0001, ""offset"": -0.1, ""source"": ""recorded (boa_offset_applied)""}}",valid,,49,0.4511,False,0.274287,0.379029,0.40893,3.54232,0.519052,0.356344,0.380819,0.417444,0.379329,330.864,25.4165,0.0454065,-0.0454065,406.232,100.785,0.180049,-0.180049,347.601,42.1537,0.0753066,-0.0753066,360.299,54.8525,0.0979922,-0.0979922,346.599,41.1519,0.073517,-0.073517,326.097,20.6502,0.0368918,-0.0368918,347.433,41.9862,0.0750074,-0.0750074
KAN_L,2019,S2B_22WEV_20190731_1_L2A,2019-07-31 15:24:03.229000+00:00,2019-07-31,5,11.7025,"14,15,16",736.159,417.931,0.432281,0.232633,67.0947,-49.9576,48.6615,"[11, 11, 11, 11, 11, 11, 11, 11, 11]",0.5497,0.5285,0.4357,0.1982,0.0468426,0.0428106,0.0351261,0.0193802,"{""B2"": {""scale"": 0.0001, ""offset"": -0.1, ""source"": ""recorded (boa_offset_applied)""}, ""B3"": {""scale"": 0.0001, ""offset"": -0.1, ""source"": ""recorded (boa_offset_applied)""}, ""B4"": {""scale"": 0.0001, ""offset"": -0.1, ""source"": ""recorded (boa_offset_applied)""}, ""B8"": {""scale"": 0.0001, ""offset"": -0.1, ""source"": ""recorded (boa_offset_applied)""}}",valid,,49,0.3385,False,0.385503,0.416796,0.432744,3.29244,0.0819978,0.359048,0.421331,0.429525,0.420834,417.59,0.340503,0.000463154,0.000463154,452.367,34.4363,0.0467778,-0.0467778,429.331,11.3997,0.0154848,-0.0154848,471.843,53.9119,0.0732334,-0.0732334,425.993,8.06161,0.0109503,-0.0109503,419.96,2.02942,0.00275616,-0.00275616,426.358,8.42737,0.0114471,-0.0114471
KAN_L,2019,S2A_22WEV_20190802_0_L2A,2019-08-02 15:14:03.036000+00:00,2019-08-02,2.13,2.47573,"14,15,16",743.459,417.368,0.438614,0.202033,67.0947,-49.9576,49.1961,"[11, 11, 11, 11, 11, 11, 11, 11, 11]",0.6981,0.6675,0.5818,0.3547,0.041133,0.0413428,0.032551,0.0189846,"{""B2"": {""scale"": 0.0001, ""offset"": 0.0, ""source"": ""recorded (baseline < 04.00)""}, ""B3"": {""scale"": 0.0001, ""offset"": 0.0, ""source"": ""recorded (baseline < 04.00)""}, ""B4"": {""scale"": 0.0001, ""offset"": 0.0, ""source"": ""recorded (baseline < 04.00)""}, ""B8"": {""scale"": 0.0001, ""offset"": 0.0, ""source"": ""recorded (baseline < 04.00)""}}",valid,,49,-0.1961,False,0.535625,0.491522,0.506034,3.1868,0.468657,0.464274,0.494608,0.503365,0.494259,367.244,50.1245,0.0674199,0.0674199,345.244,72.1241,0.0970108,0.0970108,378.033,39.3351,0.0529075,0.0529075,398.29,19.078,0.0256604,0.0256604,375.739,41.6294,0.0559935,0.0559935,369.228,48.1402,0.0647509,0.0647509,375.998,41.3703,0.055645,0.055645
KAN_L,2019,S2B_22WEV_20190804_1_L2A,2019-08-04 15:04:08.226000+00:00,2019-08-04,5,12.3932,"14,15,16",744.492,411.392,0.44742,0.2441,67.0947,-49.9576,49.8002,"[11, 11, 11, 11, 11, 11, 11, 11, 11]",0.5884,0.5653,0.4809,0.2584,0.0495058,0.0466175,0.039185,0.025355,"{""B2"": {""scale"": 0.0001, ""offset"": -0.1, ""source"": ""recorded (boa_offset_applied)""}, ""B3"": {""scale"": 0.0001, ""offset"": -0.1, ""source"": ""recorded (boa_offset_applied)""}, ""B4"": {""scale"": 0.0001, ""offset"": -0.1, ""source"": ""recorded (boa_offset_applied)""}, ""B8"": {""scale"": 0.0001, ""offset"": -0.1, ""source"": ""recorded (boa_offset_applied)""}}",valid,,50,0.1998,False,0.4337,0.452667,0.469107,3.27175,0.253598,0.404975,0.456659,0.466026,0.456119,395.246,16.1465,0.0216871,0.0216871,421.606,10.2137,0.0137198,-0.0137198,407.485,3.9072,0.00524732,0.00524732,442.992,31.5996,0.0424454,-0.0424454,404.513,6.87865,0.00923856,0.00923856,397.539,13.8529,0.0186064,0.0186064,404.915,6.4772,0.00869934,0.00869934
KAN_L,2019,S2A_22WEV_20190805_1_L2A,2019-08-05 15:23:59.486000+00:00,2019-08-05,5,31.9464,"14,15,16",674.985,366.737,0.456673,0.3857,67.0947,-49.9576,49.9422,"[11, 11, 11, 11, 11, 11, 11, 11, 11]",0.6872,0.6418,0.5542,0.3115,0.0631021,0.0599649,0.0454281,0.0250033,"{""B2"": {""scale"": 0.0001, ""offset"": -0.1, ""source"": ""recorded (boa_offset_applied)""}, ""B3"": {""scale"": 0.0001, ""offset"": -0.1, ""source"": ""recorded (boa_offset_applied)""}, ""B4"": {""scale"": 0.0001, ""offset"": -0.1, ""source"": ""recorded (boa_offset_applied)""}, ""B8"": {""scale"": 0.0001, ""offset"": -0.1, ""source"": ""recorded (boa_offset_applied)""}}",valid,,50,0.0578,False,0.506902,0.470734,0.483999,3.17413,0.362147,0.442136,0.473169,0.482969,0.472861,348.293,18.4438,0.0273256,0.0273256,332.834,33.9031,0.0502287,0.0502287,357.246,9.49065,0.0140614,0.0140614,376.55,9.8131,0.0145374,-0.0145374,355.603,11.134,0.016496,0.016496,348.988,17.7485,0.0262955,0.0262955,355.811,10.9262,0.0161881,0.0161881
KAN_L,2019,S2B_22WEV_20190807_1_L2A,2019-08-07 15:14:05.835000+00:00,2019-08-07,5,60.5117,"14,15,16",669.57,371.836,0.444665,0.396533,67.0947,-49.9576,50.5211,"[11, 11, 11, 11, 11, 11, 11, 11, 11]",0.4939,0.4521,0.3685,0.1708,0.056831,0.0558229,0.0453473,0.0258475,"{""B2"": {""scale"": 0.0001, ""offset"": -0.1, ""source"": ""recorded (boa_offset_applied)""}, ""B3"": {""scale"": 0.0001, ""offset"": -0.1, ""source"": ""recorded (boa_offset_applied)""}, ""B4"": {""scale"": 0.0001, ""offset"": -0.1, ""source"": ""recorded (boa_offset_applied)""}, ""B8"": {""scale"": 0.0001, ""offset"": -0.1, ""source"": ""recorded (boa_offset_applied)""}}",valid,,50,-0.5211,False,0.336518,0.401036,0.420804,3.36842,0.40824,0.367421,0.402829,0.424486,0.402238,387.812,15.9764,0.0238612,-0.0238612,444.248,72.4119,0.108147,-0.108147,401.048,29.2125,0.0436292,-0.0436292,423.556,51.7202,0.0772444,-0.0772444,399.848,28.0118,0.041836,-0.041836,385.347,13.5109,0.020179,-0.020179,400.243,28.4073,0.0424267,-0.0424267
KAN_L,2019,S2A_22WEV_20190809_0_L2A,2019-08-09 15:04:04.449000+00:00,2019-08-09,2.13,2.01387,"14,15,16",699.448,359.274,0.486346,0.105167,67.0947,-49.9577,51.1673,"[11, 11, 11, 11, 11, 11, 11, 11, 11]",0.7263,0.7006,0.6351,0.4342,0.0571795,0.0545558,0.0436079,0.0278711,"{""B2"": {""scale"": 0.0001, ""offset"": 0.0, ""source"": ""recorded (baseline < 04.00)""}, ""B3"": {""scale"": 0.0001, ""offset"": 0.0, ""source"": ""recorded (baseline < 04.00)""}, ""B4"": {""scale"": 0.0001, ""offset"": 0.0, ""source"": ""recorded (baseline < 04.00)""}, ""B8"": {""scale"": 0.0001, ""offset"": 0.0, ""source"": ""recorded (baseline < 04.00)""}}",valid,,52,0.8327,False,0.589339,0.531283,0.546738,3.17431,0.542838,0.505362,0.53418,0.54384,0.533857,317.033,42.2407,0.0603919,0.0603919,287.236,72.0382,0.102993,0.102993,327.843,31.4308,0.044937,0.044937,345.974,13.3001,0.0190155,0.0190155,325.817,33.4574,0.0478344,0.0478344,319.061,40.2135,0.0574935,0.0574935,326.043,33.231,0.0475106,0.0475106
KAN_L,2019,S2B_22WEV_20190810_1_L2A,2019-08-10 15:24:02.176000+00:00,2019-08-10,5,1.4112,"14,15,16",698.8,355.542,0.491211,0.125967,67.0947,-49.9577,51.3379,"[11, 11, 11, 11, 11, 11, 11, 11, 11]",0.6144,0.594,0.516,0.3253,0.051094,0.0495765,0.0414908,0.0266028,"{""B2"": {""scale"": 0.0001, ""offset"": -0.1, ""source"": ""recorded (boa_offset_applied)""}, ""B3"": {""scale"": 0.0001, ""offset"": -0.1, ""source"": ""recorded (boa_offset_applied)""}, ""B4"": {""scale"": 0.0001, ""offset"": -0.1, ""source"": ""recorded (boa_offset_applied)""}, ""B8"": {""scale"": 0.0001, ""offset"": -0.1, ""source"": ""recorded (boa_offset_applied)""}}",valid,,52,0.6621,False,0.478052,0.489243,0.508451,3.29095,0.61827,0.462761,0.492696,0.505339,0.49211,343.495,12.0472,0.0172395,0.0172395,364.737,9.19531,0.0131591,-0.0131591,356.917,1.37507,0.00196811,-0.00196811,375.423,19.8809,0.0284504,-0.0284504,354.504,1.03815,0.00148526,0.00148526,345.669,9.87317,0.0141284,0.0141284,354.913,0.628536,0.000899097,0.000899097
KAN_L,2019,S2A_22WEV_20190812_0_L2A,2019-08-12 15:14:02.065000+00:00,2019-08-12,2.13,1.92853,"14,15,16",694.4,357.618,0.484998,0,67.0947,-49.9577,51.9561,"[11, 11, 11, 11, 11, 11, 11, 11, 11]",0.7499,0.7134,0.6469,0.4433,0.0571263,0.0535726,0.0455398,0.0312812,"{""B2"": {""scale"": 0.0001, ""offset"": 0.0, ""source"": ""recorded (baseline < 04.00)""}, ""B3"": {""scale"": 0.0001, ""offset"": 0.0, ""source"": ""recorded (baseline < 04.00)""}, ""B4"": {""scale"": 0.0001, ""offset"": 0.0, ""source"": ""recorded (baseline < 04.00)""}, ""B8"": {""scale"": 0.0001, ""offset"": 0.0, ""source"": ""recorded (baseline < 04.00)""}}",valid,,52,0.0439,False,0.603634,0.532655,0.547614,3.15738,0.598734,0.513169,0.534485,0.545332,0.53424,314.137,43.4811,0.062616,0.062616,275.237,82.3813,0.118636,0.118636,324.524,33.0935,0.0476569,0.0476569,338.055,19.5629,0.0281715,0.0281715,323.253,34.3646,0.0494873,0.0494873,315.721,41.8967,0.0603342,0.0603342,323.424,34.1939,0.0492415,0.0492415
KAN_L,2019,S2B_22WEV_20190820_1_L2A,2019-08-20 15:24:00.757000+00:00,2019-08-20,5,8.50936,"14,15,16",637.018,314.608,0.506124,0.116567,67.0947,-49.9577,54.4324,"[11, 11, 11, 11, 11, 11, 11, 11, 11]",0.595,0.584,0.5203,0.3525,0.0544385,0.0513409,0.0463496,0.031973,"{""B2"": {""scale"": 0.0001, ""offset"": -0.1, ""source"": ""recorded (boa_offset_applied)""}, ""B3"": {""scale"": 0.0001, ""offset"": -0.1, ""source"": ""recorded (boa_offset_applied)""}, ""B4"": {""scale"": 0.0001, ""offset"": -0.1, ""source"": ""recorded (boa_offset_applied)""}, ""B8"": {""scale"": 0.0001, ""offset"": -0.1, ""source"": ""recorded (boa_offset_applied)""}}",valid,,53,-1.4324,True,0.482532,,,,,,,,,,,,,329.636,15.0283,0.0235918,-0.0235918,,,,,,,,,,,,,,,,,,,,
KAN_L,2019,S2A_22WEV_20190822_0_L2A,2019-08-22 15:14:00.713000+00:00,2019-08-22,2.13,53.6258,"14,15,16",483.049,238.88,0.505475,0.819933,67.0947,-49.9577,55.1125,"[11, 11, 11, 11, 11, 11, 11, 11, 11]",0.6523,0.6408,0.615,0.5184,0.00671946,0.0073533,0.00578545,0.00422401,"{""B2"": {""scale"": 0.0001, ""offset"": 0.0, ""source"": ""recorded (baseline < 04.00)""}, ""B3"": {""scale"": 0.0001, ""offset"": 0.0, ""source"": ""recorded (baseline < 04.00)""}, ""B4"": {""scale"": 0.0001, ""offset"": 0.0, ""source"": ""recorded (baseline < 04.00)""}, ""B8"": {""scale"": 0.0001, ""offset"": 0.0, ""source"": ""recorded (baseline < 04.00)""}}",valid,,56,0.8875,False,0.590177,0.605588,0.63273,3.34224,0.81965,0.594176,0.605778,0.625088,0.605281,177.409,61.4706,0.127255,0.127255,197.964,40.9156,0.0847025,0.0847025,190.52,48.3599,0.100113,0.100113,196.033,42.8469,0.0887006,0.0887006,190.428,48.4516,0.100303,0.100303,181.101,57.7789,0.119613,0.119613,190.668,48.2116,0.0998065,0.0998065
KAN_L,2019,S2B_22WEV_20190824_1_L2A,2019-08-24 15:04:05.408000+00:00,2019-08-24,5,10.2846,"14,15,16",616.708,259.482,0.579248,0.0518333,67.0947,-49.9578,55.8491,"[11, 11, 11, 11, 11, 11, 11, 11, 11]",0.6748,0.6792,0.6213,0.494,0.058294,0.0577476,0.0547361,0.0436857,"{""B2"": {""scale"": 0.0001, ""offset"": -0.1, ""source"": ""recorded (boa_offset_applied)""}, ""B3"": {""scale"": 0.0001, ""offset"": -0.1, ""source"": ""recorded (boa_offset_applied)""}, ""B4"": {""scale"": 0.0001, ""offset"": -0.1, ""source"": ""recorded (boa_offset_applied)""}, ""B8"": {""scale"": 0.0001, ""offset"": -0.1, ""source"": ""recorded (boa_offset_applied)""}}",valid,,56,0.1509,False,0.592748,0.575268,0.599478,3.31053,0.693235,0.565366,0.579807,0.592895,0.579228,247.005,12.4767,0.0202297,0.0202297,251.156,8.32626,0.0134997,0.0134997,261.936,2.45378,0.00398026,-0.00398026,268.042,8.56029,0.013882,-0.013882,259.136,0.345698,0.000559134,0.000559134,251.065,8.41718,0.0136471,0.0136471,259.493,0.0114145,1.99285e-05,-1.99285e-05
KAN_L,2019,S2A_22WEV_20190825_1_L2A,2019-08-25 15:23:56.924000+00:00,2019-08-25,5,5.45927,"14,15,16",603.289,259.191,0.57037,0.0535,67.0947,-49.9578,56.1098,"[11, 11, 11, 11, 11, 11, 11, 11, 11]",0.6864,0.6538,0.6197,0.4756,0.0606558,0.0579401,0.0542681,0.0413233,"{""B2"": {""scale"": 0.0001, ""offset"": -0.1, ""source"": ""recorded (boa_offset_applied)""}, ""B3"": {""scale"": 0.0001, ""offset"": -0.1, ""source"": ""recorded (boa_offset_applied)""}, ""B4"": {""scale"": 0.0001, ""offset"": -0.1, ""source"": ""recorded (boa_offset_applied)""}, ""B8"": {""scale"": 0.0001, ""offset"": -0.1, ""source"": ""recorded (boa_offset_applied)""}}",valid,,56,-0.1098,False,0.585362,0.570381,0.590749,3.24124,0.67751,0.551274,0.57087,0.58806,0.570589,246.897,12.2944,0.020379,0.020379,250.146,9.04459,0.0149922,0.0149922,259.184,0.00652453,1.09029e-05,1.09029e-05,270.712,11.5205,0.0190961,-0.0190961,258.889,0.301844,0.000500419,0.000500419,248.519,10.6724,0.0176905,0.0176905,259.059,0.131829,0.000218606,0.000218606
KAN_L,2019,S2A_22WEV_20190829_0_L2A,2019-08-29 15:04:01.592000+00:00,2019-08-29,2.13,1.72209,"14,15,16",597.394,200.604,0.664202,0.00233333,67.0947,-49.9578,57.5704,"[11, 11, 11, 11, 11, 11, 11, 11, 11]",0.8798,0.8594,0.8191,0.7401,0.0645578,0.0650429,0.0622145,0.0550401,"{""B2"": {""scale"": 0.0001, ""offset"": 0.0, ""source"": ""recorded (baseline < 04.00)""}, ""B3"": {""scale"": 0.0001, ""offset"": 0.0, ""source"": ""recorded (baseline < 04.00)""}, ""B4"": {""scale"": 0.0001, ""offset"": 0.0, ""source"": ""recorded (baseline < 04.00)""}, ""B8"": {""scale"": 0.0001, ""offset"": 0.0, ""source"": ""recorded (baseline < 04.00)""}}",valid,,56,-1.5704,True,0.809996,,,,,,,,,,,,,113.507,87.0969,0.145794,0.145794,,,,,,,,,,,,,,,,,,,,
KAN_L,2019,S2B_22WEV_20190830_1_L2A,2019-08-30 15:23:58.923000+00:00,2019-08-30,5,23.6237,"14,15,16",605.126,261.722,0.567491,0,67.0947,-49.9578,57.8601,"[11, 11, 11, 11, 11, 11, 11, 11, 11]",0.7178,0.696,0.6486,0.478,0.0678744,0.0672024,0.0622295,0.0499321,"{""B2"": {""scale"": 0.0001, ""offset"": -0.1, ""source"": ""recorded (boa_offset_applied)""}, ""B3"": {""scale"": 0.0001, ""offset"": -0.1, ""source"": ""recorded (boa_offset_applied)""}, ""B4"": {""scale"": 0.0001, ""offset"": -0.1, ""source"": ""recorded (boa_offset_applied)""}, ""B8"": {""scale"": 0.0001, ""offset"": -0.1, ""source"": ""recorded (boa_offset_applied)""}}",valid,,56,-1.8601,True,0.605703,,,,,,,,,,,,,238.6,23.1225,0.0382117,0.0382117,,,,,,,,,,,,,,,,,,,,
KAN_L,2020,S2B_22WEV_20200629_1_L2A,2020-06-29 15:04:02.992000+00:00,2020-06-29,5,47.1933,"14,15,16",768.505,390.12,0.492365,0.164833,67.0944,-49.9597,43.9684,"[11, 11, 11, 11, 11, 11, 11, 11, 11]",0.4771,0.4464,0.4137,0.2598,0.0509229,0.0486767,0.0408421,0.0279787,"{""B2"": {""scale"": 0.0001, ""offset"": -0.1, ""source"": ""recorded (boa_offset_applied)""}, ""B3"": {""scale"": 0.0001, ""offset"": -0.1, ""source"": ""recorded (boa_offset_applied)""}, ""B4"": {""scale"": 0.0001, ""offset"": -0.1, ""source"": ""recorded (boa_offset_applied)""}, ""B8"": {""scale"": 0.0001, ""offset"": -0.1, ""source"": ""recorded (boa_offset_applied)""}}",valid,,44,0.0316,False,0.374854,0.480415,0.507929,3.40924,0.281661,0.409841,0.481503,0.506125,0.480289,378.159,11.9612,0.0155643,0.0155643,480.428,90.3082,0.117511,-0.117511,399.304,9.18351,0.0119498,-0.0119498,453.54,63.4198,0.0825236,-0.0825236,398.467,8.34741,0.0108618,-0.0108618,379.545,10.5746,0.01376,0.01376,399.401,9.28051,0.012076,-0.012076
KAN_L,2020,S2A_22WEV_20200630_1_L2A,2020-06-30 15:24:00.288000+00:00,2020-06-30,5,22.1222,"14,15,16",740.543,366.263,0.505413,0.215367,67.0944,-49.9597,43.9262,"[11, 11, 11, 11, 11, 11, 11, 11, 11]",0.5286,0.5061,0.4693,0.3184,0.0475047,0.0460692,0.0373125,0.0239227,"{""B2"": {""scale"": 0.0001, ""offset"": -0.1, ""source"": ""recorded (boa_offset_applied)""}, ""B3"": {""scale"": 0.0001, ""offset"": -0.1, ""source"": ""recorded (boa_offset_applied)""}, ""B4"": {""scale"": 0.0001, ""offset"": -0.1, ""source"": ""recorded (boa_offset_applied)""}, ""B8"": {""scale"": 0.0001, ""offset"": -0.1, ""source"": ""recorded (boa_offset_applied)""}}",valid,,44,0.0738,False,0.430924,0.506149,0.531795,3.36599,0.454491,0.453897,0.50844,0.528621,0.507483,346.726,19.5368,0.0263816,0.0263816,421.425,55.1624,0.0744893,-0.0744893,365.718,0.544734,0.000735507,0.000735507,404.413,38.1499,0.0515162,-0.0515162,364.022,2.24137,0.00302658,0.00302658,349.077,17.1864,0.0232077,0.0232077,364.73,1.53281,0.00206976,0.00206976
KAN_L,2020,S2B_22WEV_20200702_0_L2A,2020-07-02 15:14:00.810000+00:00,2020-07-02,2.14,0.29975,"14,15,16",750.039,389.951,0.480093,0.0917,67.0944,-49.9597,44.091,"[11, 11, 11, 11, 11, 11, 11, 11, 11]",0.5969,0.5773,0.5242,0.3477,0.0415362,0.0404789,0.0326814,0.0198418,"{""B2"": {""scale"": 0.0001, ""offset"": 0.0, ""source"": ""recorded (baseline < 04.00)""}, ""B3"": {""scale"": 0.0001, ""offset"": 0.0, ""source"": ""recorded (baseline < 04.00)""}, ""B4"": {""scale"": 0.0001, ""offset"": 0.0, ""source"": ""recorded (baseline < 04.00)""}, ""B8"": {""scale"": 0.0001, ""offset"": 0.0, ""source"": ""recorded (baseline < 04.00)""}}",valid,,44,-0.091,False,0.481552,0.506556,0.526958,3.28942,0.508982,0.465114,0.509922,0.523431,0.509278,354.8,35.1512,0.0468651,0.0468651,388.856,1.0951,0.00145943,0.00145943,370.102,19.8491,0.0264634,0.0264634,401.185,11.2343,0.0149789,-0.0149789,367.578,22.3731,0.0298286,0.0298286,357.446,32.5055,0.0433378,0.0433378,368.061,21.89,0.0291846,0.0291846
KAN_L,2020,S2A_22WEV_20200704_0_L2A,2020-07-04 15:04:05.235000+00:00,2020-07-04,2.14,9.98053,"14,15,16",638.625,326.099,0.489374,0.353533,67.0944,-49.9598,44.3417,"[11, 11, 11, 11, 11, 11, 11, 11, 11]",0.6231,0.6072,0.5868,0.4917,0.00196644,0.00250544,0.00405215,0.00378754,"{""B2"": {""scale"": 0.0001, ""offset"": 0.0, ""source"": ""recorded (baseline < 04.00)""}, ""B3"": {""scale"": 0.0001, ""offset"": 0.0, ""source"": ""recorded (baseline < 04.00)""}, ""B4"": {""scale"": 0.0001, ""offset"": 0.0, ""source"": ""recorded (baseline < 04.00)""}, ""B8"": {""scale"": 0.0001, ""offset"": 0.0, ""source"": ""recorded (baseline < 04.00)""}}",valid,,44,-0.3417,False,0.561949,0.592703,0.621292,3.36236,0.774814,0.57915,0.591805,0.613217,0.591258,241.852,84.2467,0.131918,0.131918,279.75,46.3488,0.0725751,0.0725751,260.11,65.9888,0.103329,0.103329,268.765,57.3338,0.0897762,0.0897762,260.684,65.4155,0.102431,0.102431,247.009,79.0897,0.123843,0.123843,261.033,65.0659,0.101884,0.101884
KAN_L,2020,S2A_22WEV_20200707_0_L2A,2020-07-07 15:14:02.808000+00:00,2020-07-07,2.14,55.2387,"14,15,16",549.92,287.851,0.476558,0.571167,67.0944,-49.9598,44.5599,"[11, 11, 11, 11, 11, 11, 11, 11, 11]",0.4957,0.4909,0.4767,0.3751,0.00893927,0.0143944,0.0137761,0.0207719,"{""B2"": {""scale"": 0.0001, ""offset"": 0.0, ""source"": ""recorded (baseline < 04.00)""}, ""B3"": {""scale"": 0.0001, ""offset"": 0.0, ""source"": ""recorded (baseline < 04.00)""}, ""B4"": {""scale"": 0.0001, ""offset"": 0.0, ""source"": ""recorded (baseline < 04.00)""}, ""B8"": {""scale"": 0.0001, ""offset"": 0.0, ""source"": ""recorded (baseline < 04.00)""}}",valid,,45,0.4401,False,0.443225,0.557543,0.592466,3.4438,0.409928,0.490913,0.560288,0.583524,0.558894,224.111,63.7398,0.115908,0.115908,306.182,18.3307,0.0333331,-0.0333331,243.316,44.5349,0.0809848,0.0809848,279.957,7.89379,0.0143548,0.0143548,241.807,46.0444,0.0837298,0.0837298,229.028,58.8226,0.106966,0.106966,242.573,45.2779,0.0823358,0.0823358
KAN_L,2020,S2B_22WEV_20200712_0_L2A,2020-07-12 15:14:00.134000+00:00,2020-07-12,2.14,1.2424,"14,15,16",736.316,339.815,0.538493,0.1003,67.0944,-49.9598,45.1919,"[11, 11, 11, 11, 11, 11, 11, 11, 11]",0.7129,0.6769,0.6327,0.4547,0.0412201,0.0377017,0.0323755,0.0195364,"{""B2"": {""scale"": 0.0001, ""offset"": 0.0, ""source"": ""recorded (baseline < 04.00)""}, ""B3"": {""scale"": 0.0001, ""offset"": 0.0, ""source"": ""recorded (baseline < 04.00)""}, ""B4"": {""scale"": 0.0001, ""offset"": 0.0, ""source"": ""recorded (baseline < 04.00)""}, ""B8"": {""scale"": 0.0001, ""offset"": 0.0, ""source"": ""recorded (baseline < 04.00)""}}",valid,,45,-0.1919,False,0.590589,0.545859,0.562803,3.18512,0.564742,0.521077,0.547167,0.560416,0.546911,321.915,17.8997,0.0243098,0.0243098,301.456,38.3594,0.0520964,0.0520964,334.392,5.42347,0.00736566,0.00736566,352.639,12.8237,0.017416,-0.017416,333.428,6.38699,0.00867423,0.00867423,323.672,16.1426,0.0219235,0.0219235,333.617,6.19837,0.00841807,0.00841807
KAN_L,2020,S2A_22WEV_20200714_0_L2A,2020-07-14 15:04:05.144000+00:00,2020-07-14,2.14,33.9685,"14,15,16",757.371,360.947,0.523422,0.2238,67.0944,-49.9598,45.5785,"[11, 11, 11, 11, 11, 11, 11, 11, 11]",0.703,0.7,0.6358,0.443,0.0404776,0.036733,0.0291229,0.0175155,"{""B2"": {""scale"": 0.0001, ""offset"": 0.0, ""source"": ""recorded (baseline < 04.00)""}, ""B3"": {""scale"": 0.0001, ""offset"": 0.0, ""source"": ""recorded (baseline < 04.00)""}, ""B4"": {""scale"": 0.0001, ""offset"": 0.0, ""source"": ""recorded (baseline < 04.00)""}, ""B8"": {""scale"": 0.0001, ""offset"": 0.0, ""source"": ""recorded (baseline < 04.00)""}}",valid,,46,0.4215,False,0.586201,0.535207,0.551544,3.19379,0.316507,0.498852,0.540421,0.545639,0.539981,339.648,21.2994,0.0281219,0.0281219,313.399,47.5478,0.0627792,0.0627792,352.021,8.92632,0.0117851,0.0117851,379.555,18.6083,0.0245705,-0.0245705,348.072,12.8754,0.0169993,0.0169993,344.12,16.8274,0.0222173,0.0222173,348.405,12.5421,0.0165592,0.0165592
KAN_L,2020,S2A_22WEV_20200717_0_L2A,2020-07-17 15:14:03.396000+00:00,2020-07-17,2.14,4.8763,"14,15,16",733.458,370.232,0.495224,0.1812,67.0944,-49.9598,45.9793,"[11, 11, 11, 11, 11, 11, 11, 11, 11]",0.6392,0.6387,0.5732,0.3856,0.0399586,0.040498,0.0318933,0.0183384,"{""B2"": {""scale"": 0.0001, ""offset"": 0.0, ""source"": ""recorded (baseline < 04.00)""}, ""B3"": {""scale"": 0.0001, ""offset"": 0.0, ""source"": ""recorded (baseline < 04.00)""}, ""B4"": {""scale"": 0.0001, ""offset"": 0.0, ""source"": ""recorded (baseline < 04.00)""}, ""B8"": {""scale"": 0.0001, ""offset"": 0.0, ""source"": ""recorded (baseline < 04.00)""}}",valid,,46,0.0207,False,0.525495,0.516421,0.534795,3.25247,0.300223,0.474101,0.522126,0.527975,0.521528,341.208,29.0237,0.039571,0.039571,348.03,22.2022,0.0302705,0.0302705,354.685,15.5472,0.0211971,0.0211971,385.725,15.4925,0.0211226,-0.0211226,350.501,19.7312,0.0269017,0.0269017,346.21,24.0218,0.0327514,0.0327514,350.939,19.293,0.0263042,0.0263042
KAN_L,2020,S2A_22WEV_20200720_1_L2A,2020-07-20 15:24:00.372000+00:00,2020-07-20,5,16.0111,"14,15,16",705.099,370.665,0.474308,0.254567,67.0944,-49.9599,46.4859,"[11, 11, 11, 11, 11, 11, 11, 11, 11]",0.5575,0.5055,0.4324,0.2238,0.0395683,0.034493,0.0269875,0.0142166,"{""B2"": {""scale"": 0.0001, ""offset"": -0.1, ""source"": ""recorded (boa_offset_applied)""}, ""B3"": {""scale"": 0.0001, ""offset"": -0.1, ""source"": ""recorded (boa_offset_applied)""}, ""B4"": {""scale"": 0.0001, ""offset"": -0.1, ""source"": ""recorded (boa_offset_applied)""}, ""B8"": {""scale"": 0.0001, ""offset"": -0.1, ""source"": ""recorded (boa_offset_applied)""}}",valid,,46,-0.4859,False,0.394998,0.436357,0.454008,3.29371,0.380253,0.403381,0.436999,0.45471,0.436539,384.979,14.3136,0.0203003,-0.0203003,426.586,55.9212,0.0793098,-0.0793098,397.424,26.7593,0.0379513,-0.0379513,420.675,50.0101,0.0709265,-0.0709265,396.971,26.3062,0.0373086,-0.0373086,384.483,13.8184,0.019598,-0.019598,397.296,26.6311,0.0377694,-0.0377694
KAN_L,2020,S2B_22WEV_20200722_0_L2A,2020-07-22 15:14:00.519000+00:00,2020-07-22,2.14,1.03422,"14,15,16",728.602,398.149,0.453544,0.318767,67.0944,-49.9599,46.9156,"[11, 11, 11, 11, 11, 11, 11, 11, 11]",0.6561,0.6352,0.5412,0.3103,0.0472268,0.0446675,0.032594,0.0154298,"{""B2"": {""scale"": 0.0001, ""offset"": 0.0, ""source"": ""recorded (baseline < 04.00)""}, ""B3"": {""scale"": 0.0001, ""offset"": 0.0, ""source"": ""recorded (baseline < 04.00)""}, ""B4"": {""scale"": 0.0001, ""offset"": 0.0, ""source"": ""recorded (baseline < 04.00)""}, ""B8"": {""scale"": 0.0001, ""offset"": 0.0, ""source"": ""recorded (baseline < 04.00)""}}",valid,,47,0.0844,False,0.494222,0.471016,0.486236,3.22466,0.323651,0.436608,0.475336,0.482254,0.474893,374.33,23.8194,0.0326918,0.0326918,368.511,29.6383,0.0406783,0.0406783,385.418,12.7305,0.0174725,0.0174725,410.488,12.3394,0.0169358,-0.0169358,382.271,15.8778,0.0217921,0.0217921,377.23,20.9185,0.0287104,0.0287104,382.594,15.555,0.021349,0.021349
KAN_L,2020,S2B_22WEV_20200729_1_L2A,2020-07-29 15:04:03.246000+00:00,2020-07-29,5,19.4559,"14,15,16",717.089,351.772,0.509445,0.1215,67.0944,-49.9599,48.5491,"[11, 11, 11, 11, 11, 11, 11, 11, 11]",0.6723,0.6265,0.5374,0.3375,0.044132,0.0419373,0.0331239,0.0192954,"{""B2"": {""scale"": 0.0001, ""offset"": -0.1, ""source"": ""recorded (boa_offset_applied)""}, ""B3"": {""scale"": 0.0001, ""offset"": -0.1, ""source"": ""recorded (boa_offset_applied)""}, ""B4"": {""scale"": 0.0001, ""offset"": -0.1, ""source"": ""recorded (boa_offset_applied)""}, ""B8"": {""scale"": 0.0001, ""offset"": -0.1, ""source"": ""recorded (boa_offset_applied)""}}",valid,,49,0.4509,False,0.508218,0.486018,0.503119,3.24331,0.804997,0.476957,0.48678,0.501689,0.486466,356.308,4.53575,0.00632579,-0.00632579,352.651,0.879389,0.0012269,-0.0012269,368.571,16.7991,0.0234274,-0.0234274,375.068,23.2962,0.0324878,-0.0324878,368.024,16.2522,0.0226646,-0.0226646,357.334,5.56159,0.00775636,-0.00775636,368.25,16.4777,0.0229791,-0.0229791
KAN_L,2020,S2A_22WEV_20200730_1_L2A,2020-07-30 15:24:00.985000+00:00,2020-07-30,5,20.9276,"14,15,16",711.603,346.939,0.512455,0.137367,67.0944,-49.9599,48.6613,"[11, 11, 11, 11, 11, 11, 11, 11, 11]",0.6161,0.6017,0.5236,0.3296,0.0464549,0.0419123,0.0315642,0.0186277,"{""B2"": {""scale"": 0.0001, ""offset"": -0.1, ""source"": ""recorded (boa_offset_applied)""}, ""B3"": {""scale"": 0.0001, ""offset"": -0.1, ""source"": ""recorded (boa_offset_applied)""}, ""B4"": {""scale"": 0.0001, ""offset"": -0.1, ""source"": ""recorded (boa_offset_applied)""}, ""B8"": {""scale"": 0.0001, ""offset"": -0.1, ""source"": ""recorded (boa_offset_applied)""}}",valid,,49,0.3387,False,0.482692,0.489875,0.508831,3.28577,0.509972,0.458766,0.494125,0.504595,0.493518,349.518,2.57856,0.00362432,-0.00362432,368.118,21.1792,0.0297634,-0.0297634,363.007,16.0675,0.0225801,-0.0225801,385.144,38.2047,0.0536889,-0.0536889,359.982,13.0432,0.0183301,-0.0183301,352.532,5.59284,0.00786022,-0.00786022,360.414,13.4749,0.0189367,-0.0189367
KAN_L,2020,S2A_22WEV_20200803_0_L2A,2020-08-03 15:04:06.510000+00:00,2020-08-03,2.14,29.5338,"14,15,16",564.179,273.388,0.515423,0.6835,67.0944,-49.9599,49.8004,"[11, 11, 11, 11, 11, 11, 11, 11, 11]",0.7063,0.6994,0.6653,0.5728,0.00819983,0.00774775,0.00829176,0.0138998,"{""B2"": {""scale"": 0.0001, ""offset"": 0.0, ""source"": ""recorded (baseline < 04.00)""}, ""B3"": {""scale"": 0.0001, ""offset"": 0.0, ""source"": ""recorded (baseline < 04.00)""}, ""B4"": {""scale"": 0.0001, ""offset"": 0.0, ""source"": ""recorded (baseline < 04.00)""}, ""B8"": {""scale"": 0.0001, ""offset"": 0.0, ""source"": ""recorded (baseline < 04.00)""}}",valid,,50,0.1996,False,0.644447,0.614089,0.639375,3.32741,0.865646,0.613603,0.613818,0.630708,0.61339,203.457,69.9312,0.123952,0.123952,200.596,72.7925,0.129024,0.129024,217.723,55.665,0.0986657,0.0986657,217.997,55.3909,0.09818,0.09818,217.876,55.512,0.0983946,0.0983946,208.347,65.0411,0.115285,0.115285,218.117,55.2709,0.0979672,0.0979672
KAN_L,2020,S2B_22WEV_20200804_0_L2A,2020-08-04 15:23:58.358000+00:00,2020-08-04,2.14,95.6749,"14,15,16",420.409,202.069,0.519352,0.8213,67.0944,-49.96,49.942,"[11, 11, 11, 11, 11, 11, 11, 11, 11]",0.6224,0.5951,0.5459,0.4286,0.00390303,0.00381191,0.00251048,0.00530976,"{""B2"": {""scale"": 0.0001, ""offset"": 0.0, ""source"": ""recorded (baseline < 04.00)""}, ""B3"": {""scale"": 0.0001, ""offset"": 0.0, ""source"": ""recorded (baseline < 04.00)""}, ""B4"": {""scale"": 0.0001, ""offset"": 0.0, ""source"": ""recorded (baseline < 04.00)""}, ""B8"": {""scale"": 0.0001, ""offset"": 0.0, ""source"": ""recorded (baseline < 04.00)""}}",valid,,50,0.058,False,0.527554,0.551831,0.580549,3.37249,0.808216,0.553825,0.55164,0.576713,0.551111,176.341,25.728,0.0611968,0.0611968,198.621,3.4483,0.00820165,0.00820165,188.414,13.6546,0.0324788,0.0324788,187.576,14.4931,0.0344733,0.0344733,188.495,13.5743,0.0322876,0.0322876,177.954,24.1154,0.0573613,0.0573613,188.717,13.3522,0.0317593,0.0317593
KAN_L,2020,S2B_22WEV_20200811_0_L2A,2020-08-11 15:14:01.941000+00:00,2020-08-11,2.14,11.9113,"14,15,16",685.805,172.393,0.748627,0.0272,67.0944,-49.96,51.9559,"[11, 11, 11, 11, 11, 11, 11, 11, 11]",0.8625,0.8487,0.846,0.7895,0.0470265,0.0488823,0.0454339,0.0397939,"{""B2"": {""scale"": 0.0001, ""offset"": 0.0, ""source"": ""recorded (baseline < 04.00)""}, ""B3"": {""scale"": 0.0001, ""offset"": 0.0, ""source"": ""recorded (baseline < 04.00)""}, ""B4"": {""scale"": 0.0001, ""offset"": 0.0, ""source"": ""recorded (baseline < 04.00)""}, ""B8"": {""scale"": 0.0001, ""offset"": 0.0, ""source"": ""recorded (baseline < 04.00)""}}",valid,,52,0.0441,False,0.828441,0.621312,0.630918,3.89801,0.432248,0.624129,0.627878,0.6402,0.624938,253.118,80.7251,0.117709,-0.117709,117.656,54.7372,0.0798143,0.0798143,259.706,87.3131,0.127315,-0.127315,257.774,85.3813,0.124498,-0.124498,255.203,82.8103,0.120749,-0.120749,246.753,74.3597,0.108427,-0.108427,257.219,84.8264,0.123689,-0.123689
KAN_L,2020,S2A_22WEV_20200813_0_L2A,2020-08-13 15:04:06.502000+00:00,2020-08-13,2.14,11.7923,"14,15,16",668.996,260.666,0.610362,0.0864667,67.0944,-49.96,52.6371,"[11, 11, 11, 11, 11, 11, 11, 11, 11]",0.8594,0.8454,0.8063,0.646,0.0409005,0.0403608,0.029525,0.0182086,"{""B2"": {""scale"": 0.0001, ""offset"": 0.0, ""source"": ""recorded (baseline < 04.00)""}, ""B3"": {""scale"": 0.0001, ""offset"": 0.0, ""source"": ""recorded (baseline < 04.00)""}, ""B4"": {""scale"": 0.0001, ""offset"": 0.0, ""source"": ""recorded (baseline < 04.00)""}, ""B8"": {""scale"": 0.0001, ""offset"": 0.0, ""source"": ""recorded (baseline < 04.00)""}}",valid,,53,0.3629,False,0.762158,0.610896,0.626054,3.10259,0.473613,0.590568,0.613782,0.621524,0.613681,250.168,10.4976,0.015692,0.015692,159.115,101.551,0.151796,0.151796,260.309,0.357072,0.000534137,0.000534137,273.908,13.2423,0.0197939,-0.0197939,258.378,2.28753,0.00341975,0.00341975,253.199,7.46709,0.011162,0.011162,258.446,2.22009,0.00331893,0.00331893
KAN_L,2020,S2B_22WEV_20200814_0_L2A,2020-08-14 15:23:58.704000+00:00,2020-08-14,2.14,44.9135,"14,15,16",490.303,209.866,0.571967,0.777467,67.0944,-49.96,52.8379,"[11, 11, 11, 11, 11, 11, 11, 11, 11]",0.7207,0.7002,0.6845,0.616,0.00356156,0.00175,0.00200283,0.00137256,"{""B2"": {""scale"": 0.0001, ""offset"": 0.0, ""source"": ""recorded (baseline < 04.00)""}, ""B3"": {""scale"": 0.0001, ""offset"": 0.0, ""source"": ""recorded (baseline < 04.00)""}, ""B4"": {""scale"": 0.0001, ""offset"": 0.0, ""source"": ""recorded (baseline < 04.00)""}, ""B8"": {""scale"": 0.0001, ""offset"": 0.0, ""source"": ""recorded (baseline < 04.00)""}}",valid,,53,0.1621,False,0.66956,0.626714,0.648493,3.47794,0.807947,0.632941,0.624149,0.643589,0.623318,172.345,37.5209,0.0765256,0.0765256,162.016,47.8505,0.0975934,0.0975934,183.023,26.8427,0.0547468,0.0547468,179.97,29.8959,0.0609741,0.0609741,184.281,25.5854,0.0521825,0.0521825,174.75,35.1164,0.0716216,0.0716216,184.688,25.1777,0.0513511,0.0513511
KAN_L,2020,S2A_22WEV_20200816_1_L2A,2020-08-16 15:14:04.372000+00:00,2020-08-16,5,0.363244,"14,15,16",658.105,236.432,0.640738,0.00633333,67.0944,-49.96,53.4895,"[11, 11, 11, 11, 11, 11, 11, 11, 11]",0.6832,0.6644,0.6244,0.5015,0.0556393,0.0500214,0.045678,0.0366439,"{""B2"": {""scale"": 0.0001, ""offset"": -0.1, ""source"": ""recorded (boa_offset_applied)""}, ""B3"": {""scale"": 0.0001, ""offset"": -0.1, ""source"": ""recorded (boa_offset_applied)""}, ""B4"": {""scale"": 0.0001, ""offset"": -0.1, ""source"": ""recorded (boa_offset_applied)""}, ""B8"": {""scale"": 0.0001, ""offset"": -0.1, ""source"": ""recorded (boa_offset_applied)""}}",valid,,53,-0.4895,False,0.597202,0.581871,0.605583,3.28585,0.833147,0.572885,0.583098,0.601108,0.582758,259.568,23.1359,0.0351552,-0.0351552,265.083,28.6513,0.0435358,-0.0435358,275.173,38.7407,0.0588669,-0.0588669,281.086,44.6543,0.0678527,-0.0678527,274.366,37.9335,0.0576404,-0.0576404,262.513,26.081,0.0396303,-0.0396303,274.589,38.1569,0.0579798,-0.0579798
KAN_L,2020,S2B_22WEV_20200818_1_L2A,2020-08-18 15:04:04.114000+00:00,2020-08-18,5,9.50733,"14,15,16",641.99,286.094,0.554364,0.238033,67.0944,-49.96,54.2016,"[11, 11, 11, 11, 11, 11, 11, 11, 11]",0.6602,0.6202,0.5484,0.3413,0.0519691,0.053055,0.0428067,0.0268814,"{""B2"": {""scale"": 0.0001, ""offset"": -0.1, ""source"": ""recorded (boa_offset_applied)""}, ""B3"": {""scale"": 0.0001, ""offset"": -0.1, ""source"": ""recorded (boa_offset_applied)""}, ""B4"": {""scale"": 0.0001, ""offset"": -0.1, ""source"": ""recorded (boa_offset_applied)""}, ""B8"": {""scale"": 0.0001, ""offset"": -0.1, ""source"": ""recorded (boa_offset_applied)""}}",valid,,53,-1.2016,True,0.506816,,,,,,,,,,,,,316.619,30.525,0.0475476,-0.0475476,,,,,,,,,,,,,,,,,,,,
KAN_L,2020,S2A_22WEV_20200819_1_L2A,2020-08-19 15:24:00.976000+00:00,2020-08-19,5,7.37979,"14,15,16",639.726,298.909,0.532754,0.1803,67.0944,-49.96,54.4321,"[11, 11, 11, 11, 11, 11, 11, 11, 11]",0.6398,0.6078,0.5197,0.2947,0.057095,0.051892,0.0439974,0.0248573,"{""B2"": {""scale"": 0.0001, ""offset"": -0.1, ""source"": ""recorded (boa_offset_applied)""}, ""B3"": {""scale"": 0.0001, ""offset"": -0.1, ""source"": ""recorded (boa_offset_applied)""}, ""B4"": {""scale"": 0.0001, ""offset"": -0.1, ""source"": ""recorded (boa_offset_applied)""}, ""B8"": {""scale"": 0.0001, ""offset"": -0.1, ""source"": ""recorded (boa_offset_applied)""}}",valid,,53,-1.4321,True,0.47535,,,,,,,,,,,,,335.632,36.7233,0.0574041,-0.0574041,,,,,,,,,,,,,,,,,,,,
KAN_L,2020,S2B_22WEV_20200821_0_L2A,2020-08-21 15:14:02.037000+00:00,2020-08-21,2.14,2.15395,"14,15,16",626.057,289.454,0.537656,0.128033,67.0944,-49.9601,55.1121,"[11, 11, 11, 11, 11, 11, 11, 11, 11]",0.6784,0.6462,0.5745,0.3821,0.0651486,0.0599844,0.0514608,0.0336659,"{""B2"": {""scale"": 0.0001, ""offset"": 0.0, ""source"": ""recorded (baseline < 04.00)""}, ""B3"": {""scale"": 0.0001, ""offset"": 0.0, ""source"": ""recorded (baseline < 04.00)""}, ""B4"": {""scale"": 0.0001, ""offset"": 0.0, ""source"": ""recorded (baseline < 04.00)""}, ""B8"": {""scale"": 0.0001, ""offset"": 0.0, ""source"": ""recorded (baseline < 04.00)""}}",valid,,56,0.8879,False,0.53639,0.514251,0.531362,3.22879,0.710422,0.494852,0.516261,0.529384,0.515877,293.394,3.93992,0.00629371,-0.00629371,290.246,0.79209,0.00126569,-0.00126569,304.107,14.6527,0.0234052,-0.0234052,316.251,26.7972,0.0428036,-0.0428036,302.848,13.394,0.0213947,-0.0213947,294.633,5.17853,0.00827214,-0.00827214,303.089,13.6346,0.0217791,-0.0217791
KAN_L,2020,S2A_22WEV_20200823_1_L2A,2020-08-23 15:04:06.111000+00:00,2020-08-23,5,0.128183,"14,15,16",617.505,292.725,0.525956,0.154867,67.0944,-49.9601,55.8488,"[11, 11, 11, 11, 11, 11, 11, 11, 11]",0.6146,0.5862,0.5117,0.3157,0.0684621,0.0631927,0.054664,0.0336764,"{""B2"": {""scale"": 0.0001, ""offset"": -0.1, ""source"": ""recorded (boa_offset_applied)""}, ""B3"": {""scale"": 0.0001, ""offset"": -0.1, ""source"": ""recorded (boa_offset_applied)""}, ""B4"": {""scale"": 0.0001, ""offset"": -0.1, ""source"": ""recorded (boa_offset_applied)""}, ""B8"": {""scale"": 0.0001, ""offset"": -0.1, ""source"": ""recorded (boa_offset_applied)""}}",valid,,56,0.1512,False,0.472068,0.486837,0.505006,3.27476,0.589265,0.457601,0.489536,0.503154,0.489006,305.661,12.9362,0.0209498,-0.0209498,326.001,33.2759,0.0538884,-0.0538884,316.881,24.156,0.0391194,-0.0391194,334.934,42.2091,0.068355,-0.068355,315.214,22.4894,0.0364205,-0.0364205,306.805,14.0798,0.0228019,-0.0228019,315.541,22.8164,0.0369501,-0.0369501
KAN_L,2020,S2B_22WEV_20200824_1_L2A,2020-08-24 15:23:58.665000+00:00,2020-08-24,5,4.54504,"14,15,16",572.704,270.221,0.528166,0.264067,67.0944,-49.9601,56.1096,"[11, 11, 11, 11, 11, 11, 11, 11, 11]",0.5708,0.5523,0.4871,0.3146,0.0541922,0.051738,0.0439605,0.0290481,"{""B2"": {""scale"": 0.0001, ""offset"": -0.1, ""source"": ""recorded (boa_offset_applied)""}, ""B3"": {""scale"": 0.0001, ""offset"": -0.1, ""source"": ""recorded (boa_offset_applied)""}, ""B4"": {""scale"": 0.0001, ""offset"": -0.1, ""source"": ""recorded (boa_offset_applied)""}, ""B8"": {""scale"": 0.0001, ""offset"": -0.1, ""source"": ""recorded (boa_offset_applied)""}}",valid,,56,-0.1096,False,0.450128,0.494754,0.516752,3.33655,0.586751,0.461792,0.498104,0.513873,0.497339,276.758,6.53699,0.0114139,-0.0114139,314.914,44.6929,0.078038,-0.078038,289.356,19.1352,0.0334116,-0.0334116,308.234,38.0129,0.0663741,-0.0663741,287.438,17.2167,0.0300618,-0.0300618,278.407,8.18587,0.014293,-0.014293,287.876,17.6552,0.0308275,-0.0308275
KAN_L,2020,S2A_22WEV_20200826_2_L2A,2020-08-26 15:14:02.201000+00:00,2020-08-26,5,20.309,"14,15,16",608.472,276.391,0.545763,0.220467,67.0944,-49.9601,56.8127,"[11, 11, 11, 11, 11, 11, 11, 11, 11]",0.7024,0.6426,0.5744,0.3951,0.121689,0.113115,0.0944368,0.0754046,"{""B2"": {""scale"": 0.0001, ""offset"": -0.1, ""source"": ""recorded (boa_offset_applied)""}, ""B3"": {""scale"": 0.0001, ""offset"": -0.1, ""source"": ""recorded (boa_offset_applied)""}, ""B4"": {""scale"": 0.0001, ""offset"": -0.1, ""source"": ""recorded (boa_offset_applied)""}, ""B8"": {""scale"": 0.0001, ""offset"": -0.1, ""source"": ""recorded (boa_offset_applied)""}}",valid,,56,-0.8127,False,0.548124,0.519654,0.537277,3.2255,0.597782,0.515442,0.518197,0.536075,0.518045,281.554,5.16301,0.00848603,-0.00848603,274.954,1.43738,0.00236145,0.00236145,292.277,15.8862,0.0261091,-0.0261091,294.84,18.4488,0.0303207,-0.0303207,293.164,16.7727,0.0275661,-0.0275661,282.285,5.89442,0.00968807,-0.00968807,293.256,16.8653,0.0277184,-0.0277184
KAN_L,2021,S2A_22WEV_20210605_1_L2A,2021-06-05 15:23:56.015000+00:00,2021-06-05,5,39.0285,"14,15,16",753.174,373.534,0.504053,0.401667,67.0942,-49.9619,44.6242,"[11, 11, 11, 11, 11, 11, 11, 11, 11]",0.7022,0.6966,0.6276,0.4177,0.0188748,0.0209356,0.0157852,0.00692438,"{""B2"": {""scale"": 0.0001, ""offset"": -0.1, ""source"": ""recorded (boa_offset_applied)""}, ""B3"": {""scale"": 0.0001, ""offset"": -0.1, ""source"": ""recorded (boa_offset_applied)""}, ""B4"": {""scale"": 0.0001, ""offset"": -0.1, ""source"": ""recorded (boa_offset_applied)""}, ""B8"": {""scale"": 0.0001, ""offset"": -0.1, ""source"": ""recorded (boa_offset_applied)""}}",valid,,45,0.3758,False,0.573971,0.521606,0.536839,3.18106,0.223223,0.479112,0.527006,0.530907,0.526578,348.841,24.6929,0.0327856,0.0327856,320.874,52.6602,0.0699183,0.0699183,360.314,13.2197,0.0175525,0.0175525,392.319,18.7849,0.0249405,-0.0249405,356.246,17.2876,0.0229535,0.0229535,353.308,20.2257,0.0268544,0.0268544,356.569,16.965,0.0225251,0.0225251
KAN_L,2021,S2B_22WEV_20210607_2_L2A,2021-06-07 15:13:56.332000+00:00,2021-06-07,5,9.19896,"14,15,16",790.66,388.793,0.508269,0.144033,67.0942,-49.9619,44.4041,"[11, 11, 11, 11, 11, 11, 11, 11, 11]",0.6252,0.6156,0.5465,0.3673,0.038743,0.0339775,0.0256721,0.0146357,"{""B2"": {""scale"": 0.0001, ""offset"": -0.1, ""source"": ""recorded (boa_offset_applied)""}, ""B3"": {""scale"": 0.0001, ""offset"": -0.1, ""source"": ""recorded (boa_offset_applied)""}, ""B4"": {""scale"": 0.0001, ""offset"": -0.1, ""source"": ""recorded (boa_offset_applied)""}, ""B8"": {""scale"": 0.0001, ""offset"": -0.1, ""source"": ""recorded (boa_offset_applied)""}}",valid,,44,-0.4041,False,0.506534,0.508792,0.528908,3.28623,0.55663,0.480284,0.513237,0.523964,0.512611,372.474,16.3192,0.0206388,0.0206388,390.163,1.37046,0.00173454,-0.00173454,388.378,0.414787,0.000523385,0.000523385,410.918,22.1255,0.0279848,-0.0279848,384.864,3.92891,0.00496792,0.00496792,376.382,12.4107,0.0156954,0.0156954,385.359,3.43363,0.00434152,0.00434152
KAN_L,2021,S2A_22WEV_20210609_1_L2A,2021-06-09 15:04:01.274000+00:00,2021-06-09,5,28.5551,"14,15,16",794.437,396.72,0.500627,0.178333,67.0942,-49.9619,44.2699,"[11, 11, 11, 11, 11, 11, 11, 11, 11]",0.7486,0.7022,0.6046,0.3942,0.0281243,0.0265959,0.0194815,0.0113114,"{""B2"": {""scale"": 0.0001, ""offset"": -0.1, ""source"": ""recorded (boa_offset_applied)""}, ""B3"": {""scale"": 0.0001, ""offset"": -0.1, ""source"": ""recorded (boa_offset_applied)""}, ""B4"": {""scale"": 0.0001, ""offset"": -0.1, ""source"": ""recorded (boa_offset_applied)""}, ""B8"": {""scale"": 0.0001, ""offset"": -0.1, ""source"": ""recorded (boa_offset_applied)""}}",valid,,44,-0.2699,False,0.575292,0.50277,0.518209,3.18688,0.793728,0.497899,0.503551,0.515911,0.503347,382.753,13.9671,0.0175816,0.0175816,337.404,59.3164,0.0746651,0.0746651,395.018,1.70241,0.0021434,0.0021434,398.888,2.16751,0.00272788,-0.00272788,394.398,2.32242,0.00292384,0.00292384,384.578,12.1421,0.0152844,0.0152844,394.559,2.16062,0.00272018,0.00272018
KAN_L,2021,S2B_22WEV_20210610_0_L2A,2021-06-10 15:23:56.306000+00:00,2021-06-10,3,5.7591,"14,15,16",795.784,392.253,0.507087,0.13,67.0942,-49.9619,44.1308,"[11, 11, 11, 11, 11, 11, 11, 11, 11]",0.7406,0.7122,0.6422,0.4748,0.0480848,0.0417273,0.0363778,0.0232431,"{""B2"": {""scale"": 0.0001, ""offset"": 0.0, ""source"": ""recorded (baseline < 04.00)""}, ""B3"": {""scale"": 0.0001, ""offset"": 0.0, ""source"": ""recorded (baseline < 04.00)""}, ""B4"": {""scale"": 0.0001, ""offset"": 0.0, ""source"": ""recorded (baseline < 04.00)""}, ""B8"": {""scale"": 0.0001, ""offset"": 0.0, ""source"": ""recorded (baseline < 04.00)""}}",valid,,44,-0.1308,False,0.613057,0.546823,0.565515,3.21671,0.829029,0.542266,0.54796,0.561947,0.547705,345.756,46.4972,0.0584285,0.0584285,307.923,84.3296,0.10597,0.10597,360.631,31.6222,0.0397362,0.0397362,364.258,27.9955,0.0351788,0.0351788,359.726,32.5268,0.040873,0.040873,348.596,43.6574,0.05486,0.05486,359.929,32.324,0.0406181,0.0406181
KAN_L,2021,S2B_22WEV_20210614_1_L2A,2021-06-14 15:04:01.615000+00:00,2021-06-14,5,23.172,"14,15,16",788.43,356.079,0.548369,0.0175333,67.0942,-49.9619,43.9221,"[11, 11, 11, 11, 11, 11, 11, 11, 11]",0.6419,0.6217,0.5692,0.4337,0.0469447,0.0474022,0.0340865,0.0257186,"{""B2"": {""scale"": 0.0001, ""offset"": -0.1, ""source"": ""recorded (boa_offset_applied)""}, ""B3"": {""scale"": 0.0001, ""offset"": -0.1, ""source"": ""recorded (boa_offset_applied)""}, ""B4"": {""scale"": 0.0001, ""offset"": -0.1, ""source"": ""recorded (boa_offset_applied)""}, ""B8"": {""scale"": 0.0001, ""offset"": -0.1, ""source"": ""recorded (boa_offset_applied)""}}",valid,,44,0.0779,False,0.543,0.546595,0.571298,3.32019,0.837996,0.539471,0.54814,0.567224,0.547626,338.002,18.0772,0.0229287,0.0229287,360.312,4.23322,0.00536863,-0.00536863,357.478,1.39874,0.00177354,-0.00177354,363.095,7.01572,0.0088978,-0.0088978,356.26,0.180708,0.000228656,-0.000228656,341.214,14.8654,0.018855,0.018855,356.666,0.586614,0.000743484,-0.000743484
KAN_L,2021,S2A_22WEV_20210615_0_L2A,2021-06-15 15:23:55.548000+00:00,2021-06-15,3,55.6966,"14,15,16",487.767,221.013,0.546889,0.755433,67.0942,-49.962,43.806,"[11, 11, 11, 11, 11, 11, 11, 11, 11]",0.5357,0.5112,0.4843,0.4095,0.00298283,0.00159242,0.00287673,0.00283353,"{""B2"": {""scale"": 0.0001, ""offset"": 0.0, ""source"": ""recorded (baseline < 04.00)""}, ""B3"": {""scale"": 0.0001, ""offset"": 0.0, ""source"": ""recorded (baseline < 04.00)""}, ""B4"": {""scale"": 0.0001, ""offset"": 0.0, ""source"": ""recorded (baseline < 04.00)""}, ""B8"": {""scale"": 0.0001, ""offset"": 0.0, ""source"": ""recorded (baseline < 04.00)""}}",valid,,44,0.194,False,0.47299,0.563459,0.607768,3.53051,0.613493,0.573357,0.560749,0.60003,0.55962,191.318,29.695,0.0608787,0.0608787,257.058,36.0452,0.0738992,-0.0738992,212.931,8.0825,0.0165696,0.0165696,208.102,12.9107,0.0264682,0.0264682,214.252,6.76079,0.0138599,0.0138599,195.092,25.9209,0.053141,0.053141,214.803,6.21015,0.012731,0.012731
KAN_L,2021,S2A_22WEV_20210622_1_L2A,2021-06-22 15:13:59.487000+00:00,2021-06-22,5,19.1484,"14,15,16",775.714,364.024,0.530724,0.0141333,67.0942,-49.962,43.6543,"[11, 11, 11, 11, 11, 11, 11, 11, 11]",0.6399,0.6223,0.5673,0.3956,0.0421794,0.0422863,0.032864,0.0188907,"{""B2"": {""scale"": 0.0001, ""offset"": -0.1, ""source"": ""recorded (boa_offset_applied)""}, ""B3"": {""scale"": 0.0001, ""offset"": -0.1, ""source"": ""recorded (boa_offset_applied)""}, ""B4"": {""scale"": 0.0001, ""offset"": -0.1, ""source"": ""recorded (boa_offset_applied)""}, ""B8"": {""scale"": 0.0001, ""offset"": -0.1, ""source"": ""recorded (boa_offset_applied)""}}",valid,,44,0.3457,False,0.526789,0.5248,0.544559,3.26237,0.625735,0.495163,0.528045,0.540813,0.527514,353.292,10.732,0.013835,0.013835,367.077,3.05269,0.00393538,-0.00393538,368.619,4.59499,0.00592361,-0.00592361,391.609,27.585,0.0355609,-0.0355609,366.102,2.07831,0.00267927,-0.00267927,356.198,7.82594,0.0100886,0.0100886,366.514,2.49016,0.0032102,-0.0032102
KAN_L,2021,S2B_22WEV_20210624_0_L2A,2021-06-24 15:04:01.059000+00:00,2021-06-24,3,67.4396,"14,15,16",573.87,306.243,0.466354,0.617933,67.0942,-49.962,43.7438,"[11, 11, 11, 11, 11, 11, 11, 11, 11]",0.6501,0.5232,0.4352,0.3308,0.0463681,0.0341063,0.0247926,0.0681101,"{""B2"": {""scale"": 0.0001, ""offset"": 0.0, ""source"": ""recorded (baseline < 04.00)""}, ""B3"": {""scale"": 0.0001, ""offset"": 0.0, ""source"": ""recorded (baseline < 04.00)""}, ""B4"": {""scale"": 0.0001, ""offset"": 0.0, ""source"": ""recorded (baseline < 04.00)""}, ""B8"": {""scale"": 0.0001, ""offset"": 0.0, ""source"": ""recorded (baseline < 04.00)""}}",valid,,44,0.2562,False,0.468872,0.482716,0.511029,3.40637,5.17364e-06,0.510711,0.45935,0.508507,0.461604,280.606,25.6369,0.0446745,0.0446745,304.798,1.44469,0.0025182,0.0025182,296.854,9.38931,0.0163621,0.0163621,280.788,25.4545,0.0443566,0.0443566,310.263,4.01956,0.00700356,-0.00700356,282.053,24.1898,0.0421527,0.0421527,308.969,2.72626,0.00474992,-0.00474992
KAN_L,2021,S2B_22WEV_20210627_0_L2A,2021-06-27 15:13:59.363000+00:00,2021-06-27,3,85.8727,"14,15,16",476.422,252.298,0.470431,0.6694,67.0942,-49.962,43.7497,"[11, 11, 11, 11, 11, 11, 11, 11, 11]",0.5149,0.4772,0.4382,0.3541,0.00284565,0.00281661,0.00251003,0.00107909,"{""B2"": {""scale"": 0.0001, ""offset"": 0.0, ""source"": ""recorded (baseline < 04.00)""}, ""B3"": {""scale"": 0.0001, ""offset"": 0.0, ""source"": ""recorded (baseline < 04.00)""}, ""B4"": {""scale"": 0.0001, ""offset"": 0.0, ""source"": ""recorded (baseline < 04.00)""}, ""B8"": {""scale"": 0.0001, ""offset"": 0.0, ""source"": ""recorded (baseline < 04.00)""}}",valid,,44,0.2503,False,0.432272,0.527619,0.574282,3.56767,0.427043,0.547499,0.523211,0.570315,0.522036,202.821,49.4766,0.103851,0.103851,270.478,18.1801,0.0381591,-0.0381591,225.053,27.2452,0.0571877,0.0571877,215.581,36.7167,0.0770684,0.0770684,227.153,25.1452,0.0527799,0.0527799,204.711,47.5867,0.0998841,0.0998841,227.712,24.5856,0.0516054,0.0516054
KAN_L,2021,S2B_22WEV_20210630_0_L2A,2021-06-30 15:23:56.387000+00:00,2021-06-30,3.01,61.4221,"14,15,16",681.088,173.232,0.745654,0.840167,67.0942,-49.962,43.8667,"[11, 11, 11, 11, 11, 11, 11, 11, 11]",0.8254,0.8187,0.829,0.7598,0.00358763,0.0029284,0.00380461,0.00438177,"{""B2"": {""scale"": 0.0001, ""offset"": 0.0, ""source"": ""recorded (baseline < 04.00)""}, ""B3"": {""scale"": 0.0001, ""offset"": 0.0, ""source"": ""recorded (baseline < 04.00)""}, ""B4"": {""scale"": 0.0001, ""offset"": 0.0, ""source"": ""recorded (baseline < 04.00)""}, ""B8"": {""scale"": 0.0001, ""offset"": 0.0, ""source"": ""recorded (baseline < 04.00)""}}",valid,,44,0.1333,False,0.798768,0.610224,0.619352,3.87564,0.313688,0.601485,0.617753,0.627912,0.614705,259.254,86.0225,0.126302,-0.126302,137.057,36.1751,0.0531137,0.0531137,265.472,92.2398,0.13543,-0.13543,271.424,98.1915,0.144169,-0.144169,260.344,87.1116,0.127901,-0.127901,253.424,80.1924,0.117742,-0.117742,262.42,89.1877,0.130949,-0.130949
KAN_L,2021,S2A_22WEV_20210702_1_L2A,2021-07-02 15:14:00.708000+00:00,2021-07-02,5,0.192395,"14,15,16",764.254,354.665,0.535934,0.0835,67.0942,-49.9621,44.0169,"[11, 11, 11, 11, 11, 11, 11, 11, 11]",0.5751,0.5616,0.5254,0.3694,0.0316094,0.0338275,0.0230066,0.0114562,"{""B2"": {""scale"": 0.0001, ""offset"": -0.1, ""source"": ""recorded (boa_offset_applied)""}, ""B3"": {""scale"": 0.0001, ""offset"": -0.1, ""source"": ""recorded (boa_offset_applied)""}, ""B4"": {""scale"": 0.0001, ""offset"": -0.1, ""source"": ""recorded (boa_offset_applied)""}, ""B8"": {""scale"": 0.0001, ""offset"": -0.1, ""source"": ""recorded (boa_offset_applied)""}}",valid,,44,-0.0169,False,0.481992,0.526113,0.548605,3.30771,0.432416,0.470934,0.529851,0.544266,0.529104,344.981,9.68448,0.0126709,0.0126709,395.889,41.2245,0.0539417,-0.0539417,362.17,7.50482,0.00982072,-0.00982072,404.341,49.6758,0.0649999,-0.0649999,359.313,4.64838,0.00608316,-0.00608316,348.297,6.36844,0.00833197,0.00833197,359.884,5.21929,0.00683018,-0.00683018
KAN_L,2021,S2A_22WEV_20210705_0_L2A,2021-07-05 15:23:57.716000+00:00,2021-07-05,3.01,52.1996,"14,15,16",327.771,157.747,0.518727,0.9986,67.0942,-49.9621,44.2305,"[11, 11, 11, 11, 11, 11, 11, 11, 11]",0.5452,0.5137,0.4902,0.4177,0.0025118,0.00292499,0.00328163,0.00381579,"{""B2"": {""scale"": 0.0001, ""offset"": 0.0, ""source"": ""recorded (baseline < 04.00)""}, ""B3"": {""scale"": 0.0001, ""offset"": 0.0, ""source"": ""recorded (baseline < 04.00)""}, ""B4"": {""scale"": 0.0001, ""offset"": 0.0, ""source"": ""recorded (baseline < 04.00)""}, ""B8"": {""scale"": 0.0001, ""offset"": 0.0, ""source"": ""recorded (baseline < 04.00)""}}",valid,,44,-0.2305,False,0.48049,0.567884,0.611666,3.52317,0.522075,0.580454,0.562915,0.603849,0.562018,127.285,30.4623,0.0929387,0.0929387,170.28,12.5334,0.0382373,-0.0382373,141.635,16.112,0.0491574,0.0491574,137.515,20.2319,0.0617267,0.0617267,143.264,14.4831,0.0441875,0.0441875,129.847,27.9003,0.0851222,0.0851222,143.558,14.1892,0.043291,0.043291
KAN_L,2021,S2A_22WEV_20210729_1_L2A,2021-07-29 15:04:03.897000+00:00,2021-07-29,5,8.20154,"14,15,16",718.204,394.134,0.451222,0.226867,67.0941,-49.9622,48.3132,"[11, 11, 11, 11, 11, 11, 11, 11, 11]",0.5942,0.5673,0.4649,0.2258,0.0502185,0.0509687,0.0356154,0.0197368,"{""B2"": {""scale"": 0.0001, ""offset"": -0.1, ""source"": ""recorded (boa_offset_applied)""}, ""B3"": {""scale"": 0.0001, ""offset"": -0.1, ""source"": ""recorded (boa_offset_applied)""}, ""B4"": {""scale"": 0.0001, ""offset"": -0.1, ""source"": ""recorded (boa_offset_applied)""}, ""B8"": {""scale"": 0.0001, ""offset"": -0.1, ""source"": ""recorded (boa_offset_applied)""}}",valid,,48,-0.3132,False,0.419914,0.427508,0.442603,3.26349,0.217861,0.386829,0.431898,0.440676,0.431471,400.324,6.19048,0.00861862,-0.00861862,416.62,22.486,0.0313079,-0.0313079,411.166,17.0317,0.0237135,-0.0237135,440.382,46.2478,0.0643929,-0.0643929,408.013,13.8788,0.0193236,-0.0193236,401.709,7.57464,0.0105459,-0.0105459,408.319,14.1855,0.0197506,-0.0197506
KAN_L,2021,S2B_22WEV_20210730_0_L2A,2021-07-30 15:23:56.965000+00:00,2021-07-30,3.01,2.18232,"14,15,16",722.825,387.432,0.464003,0.1418,67.0941,-49.9622,48.4197,"[11, 11, 11, 11, 11, 11, 11, 11, 11]",0.6745,0.6423,0.5567,0.3422,0.0535482,0.0495739,0.0414764,0.0237872,"{""B2"": {""scale"": 0.0001, ""offset"": 0.0, ""source"": ""recorded (baseline < 04.00)""}, ""B3"": {""scale"": 0.0001, ""offset"": 0.0, ""source"": ""recorded (baseline < 04.00)""}, ""B4"": {""scale"": 0.0001, ""offset"": 0.0, ""source"": ""recorded (baseline < 04.00)""}, ""B8"": {""scale"": 0.0001, ""offset"": 0.0, ""source"": ""recorded (baseline < 04.00)""}}",valid,,48,-0.4197,False,0.51612,0.48802,0.5039,3.21995,0.626161,0.465893,0.490648,0.501521,0.490266,358.593,28.8386,0.0398971,0.0398971,349.761,37.6712,0.0521166,0.0521166,370.072,17.3602,0.0240171,0.0240171,386.066,1.36607,0.00188995,0.00188995,368.172,19.2596,0.026645,0.026645,360.313,27.1186,0.0375175,0.0375175,368.448,18.9835,0.026263,0.026263
KAN_L,2021,S2A_22WEV_20210801_1_L2A,2021-08-01 15:14:01.688000+00:00,2021-08-01,5,3.30443,"14,15,16",709.956,384.093,0.45899,0.128,67.0941,-49.9623,48.9449,"[11, 11, 11, 11, 11, 11, 11, 11, 11]",0.583,0.558,0.4669,0.2386,0.0531334,0.0517924,0.0398307,0.0214031,"{""B2"": {""scale"": 0.0001, ""offset"": -0.1, ""source"": ""recorded (boa_offset_applied)""}, ""B3"": {""scale"": 0.0001, ""offset"": -0.1, ""source"": ""recorded (boa_offset_applied)""}, ""B4"": {""scale"": 0.0001, ""offset"": -0.1, ""source"": ""recorded (boa_offset_applied)""}, ""B8"": {""scale"": 0.0001, ""offset"": -0.1, ""source"": ""recorded (boa_offset_applied)""}}",valid,,49,0.0551,False,0.420841,0.439584,0.456018,3.27532,0.236866,0.393523,0.443594,0.453126,0.443095,386.203,2.11004,0.00297166,-0.00297166,411.178,27.0845,0.0381492,-0.0381492,397.87,13.7774,0.0194056,-0.0194056,430.572,46.4793,0.0654674,-0.0654674,395.024,10.9309,0.0153961,-0.0153961,388.256,4.16314,0.00586352,-0.00586352,395.378,11.2848,0.0158946,-0.0158946
KAN_L,2021,S2B_22WEV_20210803_2_L2A,2021-08-03 15:04:02.007000+00:00,2021-08-03,5,14.7328,"14,15,16",698.68,373.933,0.464802,0.220533,67.0941,-49.9623,49.5412,"[11, 11, 11, 11, 11, 11, 11, 11, 11]",0.6226,0.5741,0.4765,0.2547,0.0536764,0.0515376,0.0382619,0.0226428,"{""B2"": {""scale"": 0.0001, ""offset"": -0.1, ""source"": ""recorded (boa_offset_applied)""}, ""B3"": {""scale"": 0.0001, ""offset"": -0.1, ""source"": ""recorded (boa_offset_applied)""}, ""B4"": {""scale"": 0.0001, ""offset"": -0.1, ""source"": ""recorded (boa_offset_applied)""}, ""B8"": {""scale"": 0.0001, ""offset"": -0.1, ""source"": ""recorded (boa_offset_applied)""}}",valid,,50,0.4588,False,0.442804,0.443434,0.459036,3.24633,0.633438,0.423699,0.445099,0.459234,0.44477,377.961,4.02781,0.00576611,-0.00576611,389.302,15.369,0.0219984,-0.0219984,388.862,14.9286,0.0213681,-0.0213681,402.65,28.7172,0.0411033,-0.0411033,387.698,13.7654,0.0197033,-0.0197033,377.822,3.88923,0.00556778,-0.00556778,387.928,13.9954,0.0200324,-0.0200324
KAN_L,2021,S2A_22WEV_20210804_0_L2A,2021-08-04 15:23:58.204000+00:00,2021-08-04,3.01,8.83336,"14,15,16",699.173,372.632,0.467039,0.273967,67.0941,-49.9623,49.676,"[11, 11, 11, 11, 11, 11, 11, 11, 11]",0.7212,0.6821,0.5932,0.3609,0.0494532,0.0447934,0.0379351,0.0222507,"{""B2"": {""scale"": 0.0001, ""offset"": 0.0, ""source"": ""recorded (baseline < 04.00)""}, ""B3"": {""scale"": 0.0001, ""offset"": 0.0, ""source"": ""recorded (baseline < 04.00)""}, ""B4"": {""scale"": 0.0001, ""offset"": 0.0, ""source"": ""recorded (baseline < 04.00)""}, ""B8"": {""scale"": 0.0001, ""offset"": 0.0, ""source"": ""recorded (baseline < 04.00)""}}",valid,,50,0.324,False,0.548757,0.491889,0.505723,3.16691,0.524319,0.469991,0.494266,0.503696,0.493981,345.585,27.0468,0.038684,0.038684,315.497,57.1351,0.0817181,0.0817181,355.257,17.3745,0.02485,0.02485,370.568,2.06421,0.00295227,0.00295227,353.596,19.0362,0.0272267,0.0272267,347.002,25.6297,0.0366571,0.0366571,353.795,18.8373,0.0269422,0.0269422
KAN_L,2021,S2B_22WEV_20210806_1_L2A,2021-08-06 15:13:59.672000+00:00,2021-08-06,5,65.9276,"14,15,16",589.101,314.641,0.465896,0.2737,67.0941,-49.9623,50.2471,"[11, 11, 11, 11, 11, 11, 11, 11, 11]",0.4856,0.456,0.3781,0.2076,0.0309156,0.0315075,0.024452,0.0138306,"{""B2"": {""scale"": 0.0001, ""offset"": -0.1, ""source"": ""recorded (boa_offset_applied)""}, ""B3"": {""scale"": 0.0001, ""offset"": -0.1, ""source"": ""recorded (boa_offset_applied)""}, ""B4"": {""scale"": 0.0001, ""offset"": -0.1, ""source"": ""recorded (boa_offset_applied)""}, ""B8"": {""scale"": 0.0001, ""offset"": -0.1, ""source"": ""recorded (boa_offset_applied)""}}",valid,,50,-0.2471,False,0.351103,0.431017,0.45678,3.4387,0.586943,0.401163,0.433312,0.457021,0.432365,320.011,5.37041,0.00911594,-0.00911594,382.266,67.6248,0.114793,-0.114793,335.188,20.5472,0.0348786,-0.0348786,352.776,38.1346,0.0647332,-0.0647332,333.836,19.1953,0.0325837,-0.0325837,319.869,5.22834,0.00887477,-0.00887477,334.394,19.7533,0.0335309,-0.0335309
KAN_L,2021,S2A_22WEV_20210808_1_L2A,2021-08-08 15:04:03.283000+00:00,2021-08-08,5,81.9961,"14,15,16",584.511,288.677,0.506122,0.913133,67.0941,-49.9623,50.8852,"[11, 11, 11, 11, 11, 11, 11, 11, 11]",0.5477,0.5184,0.4714,0.3367,0.0220593,0.0228928,0.0222407,0.0184806,"{""B2"": {""scale"": 0.0001, ""offset"": -0.1, ""source"": ""recorded (boa_offset_applied)""}, ""B3"": {""scale"": 0.0001, ""offset"": -0.1, ""source"": ""recorded (boa_offset_applied)""}, ""B4"": {""scale"": 0.0001, ""offset"": -0.1, ""source"": ""recorded (boa_offset_applied)""}, ""B8"": {""scale"": 0.0001, ""offset"": -0.1, ""source"": ""recorded (boa_offset_applied)""}}",valid,,50,-0.8852,False,0.445646,0.513701,0.542333,3.40174,0.691019,0.498073,0.514162,0.539888,0.513264,267.511,21.1656,0.036211,0.036211,324.026,35.3491,0.0604761,-0.0604761,284.247,4.42991,0.00757905,0.00757905,293.382,4.70464,0.00804863,-0.00804863,283.978,4.69934,0.00803998,0.00803998,268.94,19.7366,0.0337661,0.0337661,284.503,4.17431,0.00714175,0.00714175
KAN_L,2021,S2B_22WEV_20210809_0_L2A,2021-08-09 15:23:56.054000+00:00,2021-08-09,3.01,38.2419,"14,15,16",580.332,269.316,0.535929,0.161333,67.0941,-49.9623,51.0495,"[11, 11, 11, 11, 11, 11, 11, 11, 11]",0.6793,0.6493,0.5983,0.4606,0.0562695,0.0540634,0.0497088,0.0354784,"{""B2"": {""scale"": 0.0001, ""offset"": 0.0, ""source"": ""recorded (baseline < 04.00)""}, ""B3"": {""scale"": 0.0001, ""offset"": 0.0, ""source"": ""recorded (baseline < 04.00)""}, ""B4"": {""scale"": 0.0001, ""offset"": 0.0, ""source"": ""recorded (baseline < 04.00)""}, ""B8"": {""scale"": 0.0001, ""offset"": 0.0, ""source"": ""recorded (baseline < 04.00)""}}",valid,,52,0.9505,False,0.573235,0.55828,0.581051,3.28476,0.82742,0.553908,0.558471,0.577723,0.558143,243.129,26.1867,0.0451223,0.0451223,247.666,21.6505,0.0373058,0.0373058,256.344,12.9717,0.0223509,0.0223509,258.882,10.4344,0.0179788,0.0179788,256.233,13.0828,0.0225423,0.0225423,245.061,24.255,0.0417938,0.0417938,256.424,12.8924,0.0222143,0.0222143
KAN_L,2021,S2B_22WEV_20210816_0_L2A,2021-08-16 15:13:58.368000+00:00,2021-08-16,3.01,77.9207,"14,15,16",469.662,261.483,0.443253,0.802,67.0941,-49.9623,53.1756,"[11, 11, 11, 11, 11, 11, 11, 11, 11]",0.6424,0.5937,0.4847,0.2555,0.0276198,0.0195888,0.0154509,0.0139276,"{""B2"": {""scale"": 0.0001, ""offset"": 0.0, ""source"": ""recorded (baseline < 04.00)""}, ""B3"": {""scale"": 0.0001, ""offset"": 0.0, ""source"": ""recorded (baseline < 04.00)""}, ""B4"": {""scale"": 0.0001, ""offset"": 0.0, ""source"": ""recorded (baseline < 04.00)""}, ""B8"": {""scale"": 0.0001, ""offset"": 0.0, ""source"": ""recorded (baseline < 04.00)""}}",valid,,53,-0.1756,False,0.452579,0.439316,0.453628,3.22851,0.665338,0.42251,0.441574,0.454754,0.441295,256.61,4.87291,0.0103752,0.0103752,257.103,4.38025,0.0093262,0.0093262,263.332,1.84917,0.00393744,-0.00393744,271.225,9.7423,0.0207434,-0.0207434,262.272,0.788705,0.0016795,-0.0016795,256.081,5.40159,0.0115008,0.0115008,262.402,0.919439,0.00195785,-0.00195785
KAN_L,2021,S2A_22WEV_20210831_0_L2A,2021-08-31 15:13:59.836000+00:00,2021-08-31,3.01,31.4975,"14,15,16",559.14,145.529,0.739728,0.0733,67.0941,-49.9624,58.2223,"[11, 11, 11, 11, 11, 11, 11, 11, 11]",0.8408,0.8195,0.8073,0.745,0.0762402,0.0770707,0.0722981,0.0638806,"{""B2"": {""scale"": 0.0001, ""offset"": 0.0, ""source"": ""recorded (baseline < 04.00)""}, ""B3"": {""scale"": 0.0001, ""offset"": 0.0, ""source"": ""recorded (baseline < 04.00)""}, ""B4"": {""scale"": 0.0001, ""offset"": 0.0, ""source"": ""recorded (baseline < 04.00)""}, ""B8"": {""scale"": 0.0001, ""offset"": 0.0, ""source"": ""recorded (baseline < 04.00)""}}",valid,,56,-2.2223,True,0.793455,,,,,,,,,,,,,115.488,30.0413,0.0537269,0.0537269,,,,,,,,,,,,,,,,,,,,
KAN_L,2022,S2A_22WEV_20220724_0_L2A,2022-07-24 15:04:11.090000+00:00,2022-07-24,4,24.8163,"14,15,16",764.267,406.091,0.468653,0.285833,67.0939,-49.9645,47.2102,"[11, 11, 11, 11, 11, 11, 11, 11, 11]",0.5913,0.5581,0.4848,0.2901,0.0345195,0.0325323,0.0189396,0.00974487,"{""B2"": {""scale"": 0.0001, ""offset"": -0.1, ""source"": ""recorded (boa_offset_applied)""}, ""B3"": {""scale"": 0.0001, ""offset"": -0.1, ""source"": ""recorded (boa_offset_applied)""}, ""B4"": {""scale"": 0.0001, ""offset"": -0.1, ""source"": ""recorded (boa_offset_applied)""}, ""B8"": {""scale"": 0.0001, ""offset"": -0.1, ""source"": ""recorded (boa_offset_applied)""}}",valid,,47,-0.2102,False,0.447358,0.472288,0.491454,3.29813,0.609781,0.443668,0.474496,0.489647,0.473926,388.665,17.426,0.022801,0.022801,422.366,16.2753,0.0212953,-0.0212953,403.313,2.77834,0.00363528,0.00363528,425.186,19.0953,0.0249851,-0.0249851,401.625,4.46594,0.00584341,0.00584341,390.046,16.0451,0.020994,0.020994,402.061,4.03033,0.00527343,0.00527343
KAN_L,2022,S2A_22WEV_20220727_0_L2A,2022-07-27 15:14:08.161000+00:00,2022-07-27,4,32.1151,"14,15,16",764.29,386.976,0.493679,0.184867,67.0939,-49.9645,47.7639,"[11, 11, 11, 11, 11, 11, 11, 11, 11]",0.6062,0.5809,0.5264,0.3408,0.0376,0.0324022,0.020087,0.0115305,"{""B2"": {""scale"": 0.0001, ""offset"": -0.1, ""source"": ""recorded (boa_offset_applied)""}, ""B3"": {""scale"": 0.0001, ""offset"": -0.1, ""source"": ""recorded (boa_offset_applied)""}, ""B4"": {""scale"": 0.0001, ""offset"": -0.1, ""source"": ""recorded (boa_offset_applied)""}, ""B8"": {""scale"": 0.0001, ""offset"": -0.1, ""source"": ""recorded (boa_offset_applied)""}}",valid,,48,0.2361,False,0.482226,0.502546,0.521615,3.27081,0.474582,0.460156,0.505461,0.518902,0.504885,365.625,21.3511,0.0279359,0.0279359,395.729,8.75334,0.0114528,-0.0114528,380.199,6.77659,0.00886661,0.00886661,412.597,25.6211,0.0335227,-0.0335227,377.971,9.00487,0.0117821,0.0117821,367.698,19.2778,0.0252233,0.0252233,378.412,8.56429,0.0112056,0.0112056
KAN_L,2022,S2B_22WEV_20220729_0_L2A,2022-07-29 15:04:05.563000+00:00,2022-07-29,4,48.2604,"14,15,16",620.306,311.388,0.498008,0.557733,67.0939,-49.9646,48.3126,"[11, 11, 11, 11, 11, 11, 11, 11, 11]",0.6242,0.6075,0.5446,0.362,0.0365683,0.0314036,0.0229213,0.0136207,"{""B2"": {""scale"": 0.0001, ""offset"": -0.1, ""source"": ""recorded (boa_offset_applied)""}, ""B3"": {""scale"": 0.0001, ""offset"": -0.1, ""source"": ""recorded (boa_offset_applied)""}, ""B4"": {""scale"": 0.0001, ""offset"": -0.1, ""source"": ""recorded (boa_offset_applied)""}, ""B8"": {""scale"": 0.0001, ""offset"": -0.1, ""source"": ""recorded (boa_offset_applied)""}}",valid,,48,-0.3126,False,0.502604,0.509078,0.528405,3.27217,0.552198,0.475637,0.512789,0.524612,0.512207,292.533,18.8549,0.0303972,0.0303972,308.538,2.85015,0.00459579,0.00459579,304.522,6.86611,0.01107,0.01107,325.265,13.8772,0.0223705,-0.0223705,302.22,9.16803,0.0147809,0.0147809,294.886,16.502,0.0266041,0.0266041,302.581,8.80711,0.0141991,0.0141991
KAN_L,2022,S2B_22WEV_20220801_0_L2A,2022-08-01 15:14:03.324000+00:00,2022-08-01,4,2.00841,"14,15,16",742.552,393.788,0.469684,0.211467,67.0939,-49.9646,48.9445,"[11, 11, 11, 11, 11, 11, 11, 11, 11]",0.5951,0.5823,0.4987,0.2894,0.0451343,0.0374053,0.0275935,0.0146801,"{""B2"": {""scale"": 0.0001, ""offset"": -0.1, ""source"": ""recorded (boa_offset_applied)""}, ""B3"": {""scale"": 0.0001, ""offset"": -0.1, ""source"": ""recorded (boa_offset_applied)""}, ""B4"": {""scale"": 0.0001, ""offset"": -0.1, ""source"": ""recorded (boa_offset_applied)""}, ""B8"": {""scale"": 0.0001, ""offset"": -0.1, ""source"": ""recorded (boa_offset_applied)""}}",valid,,49,0.0555,False,0.453463,0.469011,0.487114,3.28934,0.304664,0.425847,0.473931,0.482072,0.473307,380.845,12.9431,0.0174295,0.0174295,405.832,12.0444,0.0162213,-0.0162213,394.287,0.499029,0.000673115,-0.000673115,426.338,32.5502,0.0438367,-0.0438367,390.633,3.15459,0.00424724,0.00424724,384.588,9.19965,0.0123882,0.0123882,391.097,2.69094,0.00362284,0.00362284
KAN_L,2022,S2A_22WEV_20220803_0_L2A,2022-08-03 15:04:11.305000+00:00,2022-08-03,4,48.1682,"14,15,16",576.124,319.812,0.44489,0.3851,67.0939,-49.9646,49.5393,"[11, 11, 11, 11, 11, 11, 11, 11, 11]",0.4017,0.3883,0.3229,0.1654,0.0265819,0.0211242,0.0136921,0.00618045,"{""B2"": {""scale"": 0.0001, ""offset"": -0.1, ""source"": ""recorded (boa_offset_applied)""}, ""B3"": {""scale"": 0.0001, ""offset"": -0.1, ""source"": ""recorded (boa_offset_applied)""}, ""B4"": {""scale"": 0.0001, ""offset"": -0.1, ""source"": ""recorded (boa_offset_applied)""}, ""B8"": {""scale"": 0.0001, ""offset"": -0.1, ""source"": ""recorded (boa_offset_applied)""}}",valid,,50,0.4607,False,0.290994,0.411874,0.445969,3.55646,0.252603,0.346128,0.416895,0.444859,0.415159,319.191,0.621274,0.0010787,0.0010787,408.475,88.6633,0.153896,-0.153896,338.834,19.0216,0.0330162,-0.0330162,376.711,56.8995,0.0987622,-0.0987622,335.941,16.129,0.0279953,-0.0279953,319.83,0.0179123,3.07549e-05,-3.07549e-05,336.941,17.129,0.0297312,-0.0297312
KAN_L,2022,S2A_22WEV_20220806_0_L2A,2022-08-06 15:14:09.817000+00:00,2022-08-06,4,19.6904,"14,15,16",725.861,387.81,0.465724,0.186,67.0939,-49.9646,50.2458,"[11, 11, 11, 11, 11, 11, 11, 11, 11]",0.6356,0.6022,0.4943,0.247,0.036711,0.0337706,0.0245124,0.0174757,"{""B2"": {""scale"": 0.0001, ""offset"": -0.1, ""source"": ""recorded (boa_offset_applied)""}, ""B3"": {""scale"": 0.0001, ""offset"": -0.1, ""source"": ""recorded (boa_offset_applied)""}, ""B4"": {""scale"": 0.0001, ""offset"": -0.1, ""source"": ""recorded (boa_offset_applied)""}, ""B8"": {""scale"": 0.0001, ""offset"": -0.1, ""source"": ""recorded (boa_offset_applied)""}}",valid,,50,-0.2458,False,0.450123,0.435565,0.449436,3.22308,0.281548,0.403236,0.439542,0.448289,0.439197,399.633,11.8228,0.0162878,-0.0162878,399.134,11.324,0.0156006,-0.0156006,409.701,21.8912,0.0301588,-0.0301588,433.168,45.3576,0.0624879,-0.0624879,406.815,19.0048,0.0261822,-0.0261822,400.466,12.6558,0.0174354,-0.0174354,407.065,19.2552,0.0265272,-0.0265272
KAN_L,2022,S2A_22WEV_20220813_1_L2A,2022-08-13 15:04:15.246000+00:00,2022-08-13,4,7.55569,"14,15,16",688.105,331.928,0.51762,0.0962333,67.0938,-49.9646,52.3333,"[11, 11, 11, 11, 11, 11, 11, 11, 11]",0.6602,0.638,0.5682,0.3742,0.0433131,0.0410586,0.031042,0.0239561,"{""B2"": {""scale"": 0.0001, ""offset"": -0.1, ""source"": ""recorded (boa_offset_applied)""}, ""B3"": {""scale"": 0.0001, ""offset"": -0.1, ""source"": ""recorded (boa_offset_applied)""}, ""B4"": {""scale"": 0.0001, ""offset"": -0.1, ""source"": ""recorded (boa_offset_applied)""}, ""B8"": {""scale"": 0.0001, ""offset"": -0.1, ""source"": ""recorded (boa_offset_applied)""}}",valid,,52,-0.3333,False,0.525919,0.510508,0.527965,3.23756,0.589728,0.482712,0.51372,0.524913,0.513255,324.81,7.11828,0.0103449,0.0103449,326.218,5.71034,0.00829878,0.00829878,336.822,4.89402,0.00711219,-0.00711219,355.948,24.0202,0.0349077,-0.0349077,334.612,2.68399,0.00390043,-0.00390043,326.91,5.01829,0.00729305,0.00729305,334.932,3.00396,0.00436542,-0.00436542
KAN_L,2022,S2A_22WEV_20220826_0_L2A,2022-08-26 15:14:11.118000+00:00,2022-08-26,4,58.9073,"14,15,16",533.718,254.175,0.523765,0.2253,67.0938,-49.9647,56.4658,"[11, 11, 11, 11, 11, 11, 11, 11, 11]",0.5668,0.5346,0.4663,0.3035,0.0218263,0.0217793,0.0158247,0.011059,"{""B2"": {""scale"": 0.0001, ""offset"": -0.1, ""source"": ""recorded (boa_offset_applied)""}, ""B3"": {""scale"": 0.0001, ""offset"": -0.1, ""source"": ""recorded (boa_offset_applied)""}, ""B4"": {""scale"": 0.0001, ""offset"": -0.1, ""source"": ""recorded (boa_offset_applied)""}, ""B8"": {""scale"": 0.0001, ""offset"": -0.1, ""source"": ""recorded (boa_offset_applied)""}}",valid,,56,-0.4658,False,0.438649,0.488226,0.511753,3.36232,0.749531,0.471542,0.489539,0.510662,0.488815,260.586,6.41096,0.0120115,-0.0120115,299.603,45.4284,0.0851165,-0.0851165,273.143,18.9678,0.0355387,-0.0355387,282.048,27.8727,0.0522233,-0.0522233,272.442,18.2675,0.0342264,-0.0342264,261.168,6.99326,0.0131025,-0.0131025,272.829,18.6536,0.0349499,-0.0349499
KAN_L,2022,S2B_22WEV_20220828_0_L2A,2022-08-28 15:04:01.023000+00:00,2022-08-28,4,0.647553,"14,15,16",582.442,253.963,0.563969,0.00896667,67.0938,-49.9647,57.2203,"[11, 11, 11, 11, 11, 11, 11, 11, 11]",0.6932,0.6616,0.5929,0.3919,0.0516117,0.048456,0.0446883,0.0337545,"{""B2"": {""scale"": 0.0001, ""offset"": -0.1, ""source"": ""recorded (boa_offset_applied)""}, ""B3"": {""scale"": 0.0001, ""offset"": -0.1, ""source"": ""recorded (boa_offset_applied)""}, ""B4"": {""scale"": 0.0001, ""offset"": -0.1, ""source"": ""recorded (boa_offset_applied)""}, ""B8"": {""scale"": 0.0001, ""offset"": -0.1, ""source"": ""recorded (boa_offset_applied)""}}",valid,,56,-1.2203,True,0.549638,,,,,,,,,,,,,262.31,8.34701,0.0143315,-0.0143315,,,,,,,,,,,,,,,,,,,,
KAN_L,2023,S2A_22WEV_20230615_0_L2A,2023-06-15 15:23:59.482000+00:00,2023-06-15,5.09,78.5242,"14,15,16",785.423,336.844,0.571131,0.186833,67.0936,-49.9666,43.8055,"[11, 11, 11, 11, 11, 11, 11, 11, 11]",0.7406,0.7292,0.6666,0.5067,0.018765,0.0194614,0.0177049,0.0157454,"{""B2"": {""scale"": 0.0001, ""offset"": -0.1, ""source"": ""recorded (boa_offset_applied)""}, ""B3"": {""scale"": 0.0001, ""offset"": -0.1, ""source"": ""recorded (boa_offset_applied)""}, ""B4"": {""scale"": 0.0001, ""offset"": -0.1, ""source"": ""recorded (boa_offset_applied)""}, ""B8"": {""scale"": 0.0001, ""offset"": -0.1, ""source"": ""recorded (boa_offset_applied)""}}",valid,,44,0.1945,False,0.632196,0.561911,0.580828,3.21293,0.747083,0.550425,0.564909,0.576111,0.564584,329.227,7.61699,0.00969741,0.00969741,288.882,47.9621,0.0610648,0.0610648,344.085,7.24142,0.00922031,-0.00922031,353.106,16.2624,0.0207058,-0.0207058,341.731,4.88662,0.00622217,-0.00622217,332.932,3.91174,0.00497989,0.00497989,341.986,5.14164,0.00654687,-0.00654687
KAN_L,2023,S2B_22WEV_20230617_0_L2A,2023-06-17 15:14:03.265000+00:00,2023-06-17,5.09,62.4985,"14,15,16",725.616,153.306,0.788723,0.189367,67.0936,-49.9666,43.7313,"[11, 11, 11, 11, 11, 11, 11, 11, 11]",0.7466,0.726,0.7238,0.6852,0.0318991,0.0333777,0.0372017,0.0374697,"{""B2"": {""scale"": 0.0001, ""offset"": -0.1, ""source"": ""recorded (boa_offset_applied)""}, ""B3"": {""scale"": 0.0001, ""offset"": -0.1, ""source"": ""recorded (boa_offset_applied)""}, ""B4"": {""scale"": 0.0001, ""offset"": -0.1, ""source"": ""recorded (boa_offset_applied)""}, ""B8"": {""scale"": 0.0001, ""offset"": -0.1, ""source"": ""recorded (boa_offset_applied)""}}",valid,,44,0.2687,False,0.715409,0.596253,0.617657,4.05607,0.580777,0.605743,0.602628,0.625089,0.598967,277.435,124.129,0.171066,-0.171066,206.504,53.1975,0.0733136,-0.0733136,292.965,139.659,0.19247,-0.19247,286.079,132.773,0.18298,-0.18298,288.34,135.034,0.186095,-0.186095,272.041,118.735,0.163634,-0.163634,290.996,137.69,0.189756,-0.189756
KAN_L,2023,S2A_22WEV_20230619_0_L2A,2023-06-19 15:04:04.637000+00:00,2023-06-19,5.09,43.6881,"14,15,16",681.825,253.4,0.628351,0.252833,67.0936,-49.9666,43.7455,"[11, 11, 11, 11, 11, 11, 11, 11, 11]",0.7312,0.7298,0.6944,0.5575,0.0307011,0.0307048,0.0254729,0.021469,"{""B2"": {""scale"": 0.0001, ""offset"": -0.1, ""source"": ""recorded (boa_offset_applied)""}, ""B3"": {""scale"": 0.0001, ""offset"": -0.1, ""source"": ""recorded (boa_offset_applied)""}, ""B4"": {""scale"": 0.0001, ""offset"": -0.1, ""source"": ""recorded (boa_offset_applied)""}, ""B8"": {""scale"": 0.0001, ""offset"": -0.1, ""source"": ""recorded (boa_offset_applied)""}}",valid,,44,0.2545,False,0.65469,0.59375,0.613241,3.20758,0.596138,0.56754,0.597566,0.606796,0.597271,263.702,10.3021,0.0151102,-0.0151102,235.441,17.9591,0.0263391,0.0263391,276.991,23.5913,0.0346008,-0.0346008,294.862,41.4619,0.0608108,-0.0608108,274.389,20.9894,0.0307848,-0.0307848,268.097,14.6966,0.0215555,-0.0215555,274.591,21.1907,0.03108,-0.03108
KAN_L,2023,S2A_22WEV_20230625_1_L2A,2023-06-25 15:23:57.701000+00:00,2023-06-25,5.09,67.2573,"14,15,16",827,355.851,0.569709,0.332767,67.0936,-49.9667,43.6729,"[11, 11, 11, 11, 11, 11, 11, 11, 11]",0.7368,0.7322,0.6724,0.4902,0.0227023,0.0241501,0.022761,0.0130522,"{""B2"": {""scale"": 0.0001, ""offset"": -0.1, ""source"": ""recorded (boa_offset_applied)""}, ""B3"": {""scale"": 0.0001, ""offset"": -0.1, ""source"": ""recorded (boa_offset_applied)""}, ""B4"": {""scale"": 0.0001, ""offset"": -0.1, ""source"": ""recorded (boa_offset_applied)""}, ""B8"": {""scale"": 0.0001, ""offset"": -0.1, ""source"": ""recorded (boa_offset_applied)""}}",valid,,44,0.3271,False,0.625765,0.552836,0.569286,3.17788,0.42487,0.524328,0.557505,0.56397,0.557139,356.201,0.349665,0.000423226,-0.000423226,309.493,46.3583,0.0560556,0.0560556,369.804,13.9533,0.0168726,-0.0168726,393.38,37.5294,0.0453806,-0.0453806,365.943,10.0923,0.0122039,-0.0122039,360.597,4.74608,0.00573932,-0.00573932,366.246,10.3951,0.0125701,-0.0125701
KAN_L,2023,S2A_22WEV_20230702_0_L2A,2023-07-02 15:14:03.322000+00:00,2023-07-02,5.09,5.8369,"14,15,16",813.002,338.915,0.583131,0,67.0936,-49.9667,44.0162,"[11, 11, 11, 11, 11, 11, 11, 11, 11]",0.6826,0.6762,0.6274,0.4876,0.0220069,0.0236053,0.0201325,0.0143533,"{""B2"": {""scale"": 0.0001, ""offset"": -0.1, ""source"": ""recorded (boa_offset_applied)""}, ""B3"": {""scale"": 0.0001, ""offset"": -0.1, ""source"": ""recorded (boa_offset_applied)""}, ""B4"": {""scale"": 0.0001, ""offset"": -0.1, ""source"": ""recorded (boa_offset_applied)""}, ""B8"": {""scale"": 0.0001, ""offset"": -0.1, ""source"": ""recorded (boa_offset_applied)""}}",valid,,44,-0.0162,False,0.593723,0.566262,0.588137,3.26516,0.746347,0.549735,0.569719,0.582782,0.569279,334.845,4.06971,0.00500619,0.00500619,330.304,8.61137,0.0105925,0.0105925,352.63,13.7147,0.0168688,-0.0168688,366.067,27.1515,0.0333962,-0.0333962,349.819,10.9042,0.0134119,-0.0134119,339.199,0.283938,0.00034884,-0.00034884,350.177,11.2619,0.0138518,-0.0138518
KAN_L,2023,S2B_22WEV_20230710_0_L2A,2023-07-10 15:24:00.277000+00:00,2023-07-10,5.09,77.0042,"14,15,16",654,332.945,0.490909,0.6808,67.0936,-49.9667,44.7605,"[11, 11, 11, 11, 11, 11, 11, 11, 11]",0.9356,0.842,0.6574,0.3255,0.0250322,0.0216247,0.0189164,0.0115952,"{""B2"": {""scale"": 0.0001, ""offset"": -0.1, ""source"": ""recorded (boa_offset_applied)""}, ""B3"": {""scale"": 0.0001, ""offset"": -0.1, ""source"": ""recorded (boa_offset_applied)""}, ""B4"": {""scale"": 0.0001, ""offset"": -0.1, ""source"": ""recorded (boa_offset_applied)""}, ""B8"": {""scale"": 0.0001, ""offset"": -0.1, ""source"": ""recorded (boa_offset_applied)""}}",valid,,45,0.2395,False,0.630246,0.439557,0.445522,2.95796,0.171296,0.438884,0.440296,0.445865,0.440194,362.628,29.6834,0.0453866,-0.0453866,241.819,91.126,0.139337,0.139337,366.53,33.5847,0.0513519,-0.0513519,366.97,34.025,0.0520252,-0.0520252,366.047,33.1015,0.0506131,-0.0506131,362.404,29.4595,0.0450443,-0.0450443,366.113,33.1679,0.0507146,-0.0507146
KAN_L,2023,S2B_22WEV_20230724_0_L2A,2023-07-24 15:04:06.582000+00:00,2023-07-24,5.09,60.6798,"14,15,16",741.522,345.37,0.534242,0.449133,67.0936,-49.9668,47.211,"[11, 11, 11, 11, 11, 11, 11, 11, 11]",0.7878,0.7256,0.6253,0.4133,0.0104665,0.00928947,0.00913637,0.00615866,"{""B2"": {""scale"": 0.0001, ""offset"": -0.1, ""source"": ""recorded (boa_offset_applied)""}, ""B3"": {""scale"": 0.0001, ""offset"": -0.1, ""source"": ""recorded (boa_offset_applied)""}, ""B4"": {""scale"": 0.0001, ""offset"": -0.1, ""source"": ""recorded (boa_offset_applied)""}, ""B8"": {""scale"": 0.0001, ""offset"": -0.1, ""source"": ""recorded (boa_offset_applied)""}}",valid,,47,-0.211,False,0.601072,0.50777,0.522339,3.15788,0.65567,0.507344,0.507199,0.520381,0.507127,354.196,8.82586,0.0119026,-0.0119026,295.814,49.5561,0.06683,0.06683,365,19.6297,0.0264725,-0.0264725,365.316,19.9456,0.0268985,-0.0268985,365.423,20.0527,0.0270429,-0.0270429,355.648,10.2783,0.0138613,-0.0138613,365.476,20.1058,0.0271145,-0.0271145
KAN_L,2023,S2A_22WEV_20230725_0_L2A,2023-07-25 15:24:00.103000+00:00,2023-07-25,5.09,41.6828,"14,15,16",708.185,329.418,0.534841,0.396133,67.0936,-49.9668,47.2901,"[11, 11, 11, 11, 11, 11, 11, 11, 11]",0.72,0.7002,0.6094,0.3831,0.0352156,0.0354368,0.0314074,0.0282173,"{""B2"": {""scale"": 0.0001, ""offset"": -0.1, ""source"": ""recorded (boa_offset_applied)""}, ""B3"": {""scale"": 0.0001, ""offset"": -0.1, ""source"": ""recorded (boa_offset_applied)""}, ""B4"": {""scale"": 0.0001, ""offset"": -0.1, ""source"": ""recorded (boa_offset_applied)""}, ""B8"": {""scale"": 0.0001, ""offset"": -0.1, ""source"": ""recorded (boa_offset_applied)""}}",valid,,47,-0.2901,False,0.562589,0.500868,0.515384,3.17981,0.411677,0.475026,0.504827,0.511336,0.504463,343.198,13.78,0.0194573,-0.0194573,309.768,19.6503,0.0277483,0.0277483,353.477,24.0595,0.0339726,-0.0339726,371.779,42.3607,0.0598151,-0.0598151,350.674,21.2558,0.0300135,-0.0300135,346.064,16.6462,0.0235046,-0.0235046,350.932,21.5141,0.0303783,-0.0303783
KAN_L,2023,S2B_22WEV_20230727_0_L2A,2023-07-27 15:14:04.330000+00:00,2023-07-27,5.09,23.3256,"14,15,16",725.055,334.337,0.53888,0.1948,67.0936,-49.9669,47.7641,"[11, 11, 11, 11, 11, 11, 11, 11, 11]",0.6722,0.6428,0.555,0.3431,0.0427697,0.0422354,0.0379425,0.0294454,"{""B2"": {""scale"": 0.0001, ""offset"": -0.1, ""source"": ""recorded (boa_offset_applied)""}, ""B3"": {""scale"": 0.0001, ""offset"": -0.1, ""source"": ""recorded (boa_offset_applied)""}, ""B4"": {""scale"": 0.0001, ""offset"": -0.1, ""source"": ""recorded (boa_offset_applied)""}, ""B8"": {""scale"": 0.0001, ""offset"": -0.1, ""source"": ""recorded (boa_offset_applied)""}}",valid,,48,0.2359,False,0.515557,0.488271,0.504509,3.22828,0.647988,0.467372,0.491095,0.501881,0.490695,359.258,24.9215,0.0343713,-0.0343713,351.248,16.9109,0.0233231,-0.0233231,371.032,36.6949,0.0506093,-0.0506093,386.185,51.8478,0.0715083,-0.0715083,368.984,34.647,0.0477848,-0.0477848,361.164,26.8267,0.0369991,-0.0369991,369.274,34.937,0.0481848,-0.0481848
KAN_L,2023,S2B_22WEV_20230730_0_L2A,2023-07-30 15:24:00.634000+00:00,2023-07-30,5.09,54.0184,"14,15,16",686.838,306.682,0.553486,0.3721,67.0936,-49.9669,48.4191,"[11, 11, 11, 11, 11, 11, 11, 11, 11]",0.6916,0.6598,0.5713,0.3603,0.0505989,0.0483719,0.044059,0.033182,"{""B2"": {""scale"": 0.0001, ""offset"": -0.1, ""source"": ""recorded (boa_offset_applied)""}, ""B3"": {""scale"": 0.0001, ""offset"": -0.1, ""source"": ""recorded (boa_offset_applied)""}, ""B4"": {""scale"": 0.0001, ""offset"": -0.1, ""source"": ""recorded (boa_offset_applied)""}, ""B8"": {""scale"": 0.0001, ""offset"": -0.1, ""source"": ""recorded (boa_offset_applied)""}}",valid,,48,-0.4191,False,0.53324,0.494698,0.510691,3.21602,0.700641,0.477557,0.497174,0.508181,0.496815,336.076,29.3943,0.0427954,-0.0427954,320.589,13.9067,0.0202462,-0.0202462,347.06,40.3784,0.0587877,-0.0587877,358.834,52.1519,0.0759293,-0.0759293,345.36,38.6779,0.0563118,-0.0563118,337.8,31.1179,0.0453048,-0.0453048,345.607,38.9247,0.0566711,-0.0566711
KAN_L,2023,S2A_22WEV_20230811_0_L2A,2023-08-11 15:14:03.250000+00:00,2023-08-11,5.09,10.5344,"14,15,16",674.523,317.63,0.529105,0.230667,67.0936,-49.967,51.6599,"[11, 11, 11, 11, 11, 11, 11, 11, 11]",0.6572,0.6367,0.5467,0.3125,0.0453402,0.0413249,0.0381787,0.0269063,"{""B2"": {""scale"": 0.0001, ""offset"": -0.1, ""source"": ""recorded (boa_offset_applied)""}, ""B3"": {""scale"": 0.0001, ""offset"": -0.1, ""source"": ""recorded (boa_offset_applied)""}, ""B4"": {""scale"": 0.0001, ""offset"": -0.1, ""source"": ""recorded (boa_offset_applied)""}, ""B8"": {""scale"": 0.0001, ""offset"": -0.1, ""source"": ""recorded (boa_offset_applied)""}}",valid,,52,0.3401,False,0.49619,0.474124,0.488777,3.2125,0.236757,0.433956,0.478546,0.484904,0.478111,344.832,27.2018,0.0403282,-0.0403282,339.831,22.2013,0.0329147,-0.0329147,354.716,37.0857,0.0549814,-0.0549814,381.81,64.1795,0.0951487,-0.0951487,351.733,34.1025,0.0505587,-0.0505587,347.444,29.8144,0.0442014,-0.0442014,352.026,34.396,0.0509938,-0.0509938
KAN_L,2023,S2A_22WEV_20230814_0_L2A,2023-08-14 15:24:00.650000+00:00,2023-08-14,5.09,17.5063,"14,15,16",660.986,307.69,0.534499,0.255367,67.0936,-49.967,52.5291,"[11, 11, 11, 11, 11, 11, 11, 11, 11]",0.6896,0.6575,0.5638,0.3388,0.0576882,0.0568073,0.0490207,0.0362262,"{""B2"": {""scale"": 0.0001, ""offset"": -0.1, ""source"": ""recorded (boa_offset_applied)""}, ""B3"": {""scale"": 0.0001, ""offset"": -0.1, ""source"": ""recorded (boa_offset_applied)""}, ""B4"": {""scale"": 0.0001, ""offset"": -0.1, ""source"": ""recorded (boa_offset_applied)""}, ""B8"": {""scale"": 0.0001, ""offset"": -0.1, ""source"": ""recorded (boa_offset_applied)""}}",valid,,53,0.4709,False,0.52195,0.484268,0.499118,3.20284,0.562841,0.462059,0.487193,0.49691,0.486839,331.076,23.3857,0.0353805,-0.0353805,315.984,8.29446,0.0125492,-0.0125492,340.892,33.2017,0.0502311,-0.0502311,355.571,47.8813,0.0724398,-0.0724398,338.958,31.2684,0.0473063,-0.0473063,332.536,24.8457,0.0375893,-0.0375893,339.192,31.5021,0.0476598,-0.0476598
KAN_L,2023,S2A_22WEV_20230824_0_L2A,2023-08-24 15:24:01.311000+00:00,2023-08-24,5.09,35.6689,"14,15,16",582.525,310.802,0.466458,0.311367,67.1051,-49.9303,55.7787,"[11, 11, 11, 11, 11, 11, 11, 11, 11]",0.6098,0.5707,0.4607,0.2081,0.0199966,0.0184807,0.0138249,0.00756739,"{""B2"": {""scale"": 0.0001, ""offset"": -0.1, ""source"": ""recorded (boa_offset_applied)""}, ""B3"": {""scale"": 0.0001, ""offset"": -0.1, ""source"": ""recorded (boa_offset_applied)""}, ""B4"": {""scale"": 0.0001, ""offset"": -0.1, ""source"": ""recorded (boa_offset_applied)""}, ""B8"": {""scale"": 0.0001, ""offset"": -0.1, ""source"": ""recorded (boa_offset_applied)""}}",valid,,56,0.2213,False,0.41625,0.413132,0.4259,3.21402,0.167992,0.383789,0.416878,0.427842,0.416598,334.428,23.6258,0.0405584,-0.0405584,340.049,29.2467,0.0502076,-0.0502076,341.865,31.0634,0.0533263,-0.0533263,358.958,48.156,0.0826685,-0.0826685,339.683,28.8809,0.0495796,-0.0495796,333.296,22.4943,0.038616,-0.038616,339.846,29.0442,0.0498599,-0.0498599
KAN_M,2017,S2A_22WEV_20170730_0_L2A,2017-07-30 15:01:03.694000+00:00,2017-07-30,0.01,0.272241,"14,15,16",731.062,299.099,0.59087,0.259367,67.067,-48.8373,48.5042,"[11, 11, 11, 11, 11, 11, 11, 11, 11]",0.6764,0.6633,0.6494,0.5335,0.0648487,0.0659217,0.0661416,0.0606698,"{""B2"": {""scale"": 0.0001, ""offset"": 0.0, ""source"": ""recorded (baseline < 04.00)""}, ""B3"": {""scale"": 0.0001, ""offset"": 0.0, ""source"": ""recorded (baseline < 04.00)""}, ""B4"": {""scale"": 0.0001, ""offset"": 0.0, ""source"": ""recorded (baseline < 04.00)""}, ""B8"": {""scale"": 0.0001, ""offset"": 0.0, ""source"": ""recorded (baseline < 04.00)""}}",valid,,49,0.4958,False,0.612446,0.604085,0.625945,3.25988,0.623079,0.56881,0.605011,0.619004,0.604658,273.457,25.6415,0.0350749,0.0350749,283.326,15.7732,0.0215762,0.0215762,289.438,9.66051,0.0132149,0.0132149,315.227,16.1276,0.02206,-0.02206,288.761,10.3378,0.0141413,0.0141413,278.531,20.5676,0.0281344,0.0281344,289.02,10.0793,0.0137877,0.0137877
KAN_M,2017,S2B_22WEV_20170801_0_L2A,2017-08-01 14:53:26.399000+00:00,2017-08-01,0.01,0,"13,14,15",700.474,287.624,0.589386,0.238767,67.0671,-48.8373,49.0894,"[11, 11, 11, 11, 11, 11, 11, 11, 11]",0.6306,0.6203,0.6013,0.5093,0.0558122,0.0537757,0.0529602,0.049369,"{""B2"": {""scale"": 0.0001, ""offset"": 0.0, ""source"": ""recorded (baseline < 04.00)""}, ""B3"": {""scale"": 0.0001, ""offset"": 0.0, ""source"": ""recorded (baseline < 04.00)""}, ""B4"": {""scale"": 0.0001, ""offset"": 0.0, ""source"": ""recorded (baseline < 04.00)""}, ""B8"": {""scale"": 0.0001, ""offset"": 0.0, ""source"": ""recorded (baseline < 04.00)""}}",valid,,49,-0.0894,False,0.575309,0.602488,0.629889,3.36668,0.785253,0.586596,0.601758,0.620982,0.601123,259.253,28.3707,0.0405028,0.0405028,297.485,9.86082,0.0140767,-0.0140767,278.447,9.17737,0.0131023,0.0131023,289.579,1.9549,0.00279021,-0.00279021,278.958,8.6658,0.012372,0.012372,265.492,22.1315,0.0315957,0.0315957,279.403,8.22073,0.0117366,0.0117366
KAN_M,2017,S2B_22WEV_20170807_0_L2A,2017-08-07 15:09:09.456000+00:00,2017-08-07,0.01,26.5195,"14,15,16",595.275,275.888,0.536536,0.6554,67.0671,-48.8374,50.4954,"[11, 11, 11, 11, 11, 11, 11, 11, 11]",0.5748,0.5533,0.5419,0.4527,0.0324179,0.0284354,0.0244796,0.0209034,"{""B2"": {""scale"": 0.0001, ""offset"": 0.0, ""source"": ""recorded (baseline < 04.00)""}, ""B3"": {""scale"": 0.0001, ""offset"": 0.0, ""source"": ""recorded (baseline < 04.00)""}, ""B4"": {""scale"": 0.0001, ""offset"": 0.0, ""source"": ""recorded (baseline < 04.00)""}, ""B8"": {""scale"": 0.0001, ""offset"": 0.0, ""source"": ""recorded (baseline < 04.00)""}}",valid,,50,-0.4954,False,0.517167,0.589441,0.621295,3.40772,0.626176,0.566654,0.587149,0.61324,0.586396,225.433,50.4545,0.0847592,0.0847592,287.419,11.5305,0.0193692,-0.0193692,244.396,31.4925,0.0529049,0.0529049,257.96,17.9281,0.0301182,0.0301182,245.76,30.1281,0.0506129,0.0506129,230.228,45.6596,0.0767043,0.0767043,246.208,29.68,0.0498601,0.0498601
KAN_M,2017,S2A_22WEV_20170809_0_L2A,2017-08-09 15:02:05.026000+00:00,2017-08-09,0.01,0.293378,"14,15,16",686.649,367.197,0.465234,0.2397,67.0671,-48.8374,51.1128,"[11, 11, 11, 11, 11, 11, 11, 11, 11]",0.5101,0.5054,0.4942,0.3924,0.0505211,0.047747,0.0450791,0.0365251,"{""B2"": {""scale"": 0.0001, ""offset"": 0.0, ""source"": ""recorded (baseline < 04.00)""}, ""B3"": {""scale"": 0.0001, ""offset"": 0.0, ""source"": ""recorded (baseline < 04.00)""}, ""B4"": {""scale"": 0.0001, ""offset"": 0.0, ""source"": ""recorded (baseline < 04.00)""}, ""B8"": {""scale"": 0.0001, ""offset"": 0.0, ""source"": ""recorded (baseline < 04.00)""}}",valid,,52,0.8872,False,0.459218,0.570249,0.603151,3.42181,0.395289,0.498302,0.572615,0.594055,0.571358,272.496,94.7012,0.137917,0.137917,371.327,4.13048,0.00601609,-0.00601609,295.088,72.109,0.105015,0.105015,344.491,22.7063,0.0330676,0.0330676,293.464,73.7335,0.107381,0.107381,278.742,88.4554,0.128821,0.128821,294.326,72.8707,0.106124,0.106124
KAN_M,2017,S2B_22WEV_20170811_0_L2A,2017-08-11 14:49:20.072000+00:00,2017-08-11,0.01,4.2926,"13,14,15",602.751,346.506,0.425126,0.398533,67.0671,-48.8374,51.854,"[11, 11, 11, 11, 11, 11, 11, 11, 11]",0.5186,0.5018,0.4855,0.402,0.0209685,0.0210535,0.0184484,0.0159273,"{""B2"": {""scale"": 0.0001, ""offset"": 0.0, ""source"": ""recorded (baseline < 04.00)""}, ""B3"": {""scale"": 0.0001, ""offset"": 0.0, ""source"": ""recorded (baseline < 04.00)""}, ""B4"": {""scale"": 0.0001, ""offset"": 0.0, ""source"": ""recorded (baseline < 04.00)""}, ""B8"": {""scale"": 0.0001, ""offset"": 0.0, ""source"": ""recorded (baseline < 04.00)""}}",valid,,52,0.146,False,0.463671,0.572993,0.612122,3.48601,0.587404,0.551019,0.57197,0.604049,0.570654,233.794,112.712,0.186996,0.186996,323.273,23.2331,0.0385448,0.0385448,257.379,89.127,0.147867,0.147867,270.624,75.8823,0.125893,0.125893,257.995,88.5108,0.146844,0.146844,238.66,107.846,0.178923,0.178923,258.789,87.7172,0.145528,0.145528
KAN_M,2017,S2B_22WEV_20170814_0_L2A,2017-08-14 15:02:11.849000+00:00,2017-08-14,0.01,1.9449,"14,15,16",639.78,342.044,0.465372,0.123267,67.0671,-48.8374,52.5836,"[11, 11, 11, 11, 11, 11, 11, 11, 11]",0.5444,0.527,0.5225,0.4641,0.0295636,0.0277508,0.0244083,0.019831,"{""B2"": {""scale"": 0.0001, ""offset"": 0.0, ""source"": ""recorded (baseline < 04.00)""}, ""B3"": {""scale"": 0.0001, ""offset"": 0.0, ""source"": ""recorded (baseline < 04.00)""}, ""B4"": {""scale"": 0.0001, ""offset"": 0.0, ""source"": ""recorded (baseline < 04.00)""}, ""B8"": {""scale"": 0.0001, ""offset"": 0.0, ""source"": ""recorded (baseline < 04.00)""}}",valid,,53,0.4164,False,0.505991,0.596421,0.634093,3.63053,0.631762,0.588252,0.592984,0.625775,0.591176,234.1,107.944,0.168721,0.168721,316.057,25.987,0.0406191,0.0406191,258.202,83.842,0.131049,0.131049,263.428,78.616,0.12288,0.12288,260.401,81.643,0.127612,0.127612,239.421,102.623,0.160403,0.160403,261.557,80.4867,0.125804,0.125804
KAN_M,2017,S2A_22WEV_20170816_0_L2A,2017-08-16 14:50:06.358000+00:00,2017-08-16,0.01,6.4e-05,"13,14,15",632.65,344.477,0.455501,0.1089,67.0671,-48.8374,53.3447,"[11, 11, 11, 11, 11, 11, 11, 11, 11]",0.5118,0.5089,0.5081,0.4524,0.020838,0.0193072,0.0161191,0.0116939,"{""B2"": {""scale"": 0.0001, ""offset"": 0.0, ""source"": ""recorded (baseline < 04.00)""}, ""B3"": {""scale"": 0.0001, ""offset"": 0.0, ""source"": ""recorded (baseline < 04.00)""}, ""B4"": {""scale"": 0.0001, ""offset"": 0.0, ""source"": ""recorded (baseline < 04.00)""}, ""B8"": {""scale"": 0.0001, ""offset"": 0.0, ""source"": ""recorded (baseline < 04.00)""}}",valid,,53,-0.3447,False,0.486779,0.589114,0.628337,3.74636,0.577405,0.557093,0.590322,0.620279,0.587569,235.133,109.344,0.172836,0.172836,324.69,19.7874,0.0312775,0.0312775,259.947,84.5298,0.133613,0.133613,280.205,64.2721,0.101592,0.101592,259.183,85.2944,0.134821,0.134821,240.23,104.247,0.164778,0.164778,260.924,83.5527,0.132068,0.132068
KAN_M,2017,S2A_22WEV_20170819_0_L2A,2017-08-19 15:00:45.655000+00:00,2017-08-19,0.01,47.7741,"14,15,16",362.24,91.9738,0.746097,0.9452,67.0671,-48.8374,54.1621,"[11, 11, 11, 11, 11, 11, 11, 11, 11]",0.7324,0.6787,0.6545,0.6146,0.0115747,0.0107487,0.0119639,0.011049,"{""B2"": {""scale"": 0.0001, ""offset"": 0.0, ""source"": ""recorded (baseline < 04.00)""}, ""B3"": {""scale"": 0.0001, ""offset"": 0.0, ""source"": ""recorded (baseline < 04.00)""}, ""B4"": {""scale"": 0.0001, ""offset"": 0.0, ""source"": ""recorded (baseline < 04.00)""}, ""B8"": {""scale"": 0.0001, ""offset"": 0.0, ""source"": ""recorded (baseline < 04.00)""}}",valid,,53,-1.1621,True,0.664616,,,,,,,,,,,,,121.489,29.5156,0.0814808,-0.0814808,,,,,,,,,,,,,,,,,,,,
KAN_M,2018,S2B_22WEV_20180720_0_L2A,2018-07-20 15:01:39.266000+00:00,2018-07-20,0.01,58.5775,"14,15,16",483.326,339.767,0.297022,1,67.0672,-48.8396,46.3773,"[11, 11, 11, 11, 11, 11, 11, 11, 11]",0.6468,0.6291,0.6115,0.5559,0.00306159,0.00257336,0.00216476,0.00317559,"{""B2"": {""scale"": 0.0001, ""offset"": 0.0, ""source"": ""recorded (baseline < 04.00)""}, ""B3"": {""scale"": 0.0001, ""offset"": 0.0, ""source"": ""recorded (baseline < 04.00)""}, ""B4"": {""scale"": 0.0001, ""offset"": 0.0, ""source"": ""recorded (baseline < 04.00)""}, ""B8"": {""scale"": 0.0001, ""offset"": 0.0, ""source"": ""recorded (baseline < 04.00)""}}",valid,,46,-0.3773,False,0.601891,0.605362,0.635289,3.618,0.797609,0.618368,0.603571,0.630388,0.602269,176.275,163.492,0.338267,0.338267,192.416,147.351,0.304869,0.304869,190.739,149.028,0.30834,0.30834,184.453,155.314,0.321346,0.321346,191.604,148.163,0.306549,0.306549,178.643,161.124,0.333366,0.333366,192.234,147.533,0.305247,0.305247
KAN_M,2018,S2B_22WEV_20180809_0_L2A,2018-08-09 15:00:02.456000+00:00,2018-08-09,0.01,36.6003,"14,15,16",604.293,355.755,0.411288,0.563033,67.0672,-48.8398,51.1343,"[11, 11, 11, 11, 11, 11, 11, 11, 11]",0.4875,0.4832,0.476,0.4106,0.0273625,0.0244845,0.0211924,0.0196191,"{""B2"": {""scale"": 0.0001, ""offset"": 0.0, ""source"": ""recorded (baseline < 04.00)""}, ""B3"": {""scale"": 0.0001, ""offset"": 0.0, ""source"": ""recorded (baseline < 04.00)""}, ""B4"": {""scale"": 0.0001, ""offset"": 0.0, ""source"": ""recorded (baseline < 04.00)""}, ""B8"": {""scale"": 0.0001, ""offset"": 0.0, ""source"": ""recorded (baseline < 04.00)""}}",valid,,52,0.8657,False,0.453913,0.583796,0.626112,3.61311,0.525095,0.549706,0.582684,0.613959,0.580377,225.938,129.817,0.214824,0.214824,329.997,25.7583,0.0426248,0.0426248,251.509,104.246,0.172508,0.172508,272.109,83.6457,0.138418,0.138418,252.181,103.574,0.171396,0.171396,233.282,122.473,0.202671,0.202671,253.575,102.18,0.169089,0.169089
KAN_M,2018,S2A_22WEV_20180811_0_L2A,2018-08-11 14:49:54.533000+00:00,2018-08-11,0.01,16.0885,"13,14,15",613.64,412.646,0.327544,0.467633,67.0672,-48.8398,51.8452,"[11, 11, 11, 11, 11, 11, 11, 11, 11]",0.4056,0.3997,0.3947,0.319,0.0408009,0.0338833,0.0283196,0.0281932,"{""B2"": {""scale"": 0.0001, ""offset"": 0.0, ""source"": ""recorded (baseline < 04.00)""}, ""B3"": {""scale"": 0.0001, ""offset"": 0.0, ""source"": ""recorded (baseline < 04.00)""}, ""B4"": {""scale"": 0.0001, ""offset"": 0.0, ""source"": ""recorded (baseline < 04.00)""}, ""B8"": {""scale"": 0.0001, ""offset"": 0.0, ""source"": ""recorded (baseline < 04.00)""}}",valid,,52,0.1548,False,0.367982,0.554057,0.605547,3.61087,0.252197,0.463432,0.554152,0.592877,0.550914,242.052,170.594,0.278003,0.278003,387.831,24.8146,0.0404381,0.0404381,273.648,138.998,0.226513,0.226513,329.26,83.3864,0.135888,0.135888,273.59,139.056,0.226608,0.226608,249.827,162.819,0.265333,0.265333,275.577,137.069,0.22337,0.22337
KAN_M,2018,S2B_22WEV_20180812_0_L2A,2018-08-12 15:11:45.360000+00:00,2018-08-12,0.01,20.5785,"14,15,16",671.242,443.946,0.33862,0.2261,67.0672,-48.8398,51.9167,"[11, 11, 11, 11, 11, 11, 11, 11, 11]",0.3667,0.3447,0.3356,0.2759,0.0511314,0.0456513,0.0426876,0.0373075,"{""B2"": {""scale"": 0.0001, ""offset"": 0.0, ""source"": ""recorded (baseline < 04.00)""}, ""B3"": {""scale"": 0.0001, ""offset"": 0.0, ""source"": ""recorded (baseline < 04.00)""}, ""B4"": {""scale"": 0.0001, ""offset"": 0.0, ""source"": ""recorded (baseline < 04.00)""}, ""B8"": {""scale"": 0.0001, ""offset"": 0.0, ""source"": ""recorded (baseline < 04.00)""}}",valid,,52,0.0833,False,0.32191,0.523616,0.597704,3.76456,0.219763,0.489349,0.519659,0.589223,0.51443,270.038,173.908,0.259084,0.259084,455.162,11.2164,0.0167098,-0.0167098,319.769,124.177,0.184996,0.184996,342.771,101.175,0.150729,0.150729,322.425,121.521,0.181039,0.181039,275.731,168.215,0.250603,0.250603,325.935,118.011,0.17581,0.17581
KAN_M,2018,S2A_22WEV_20180821_0_L2A,2018-08-21 14:49:17.463000+00:00,2018-08-21,0.01,30.5395,"13,14,15",463.456,132.057,0.715059,0.773967,67.0672,-48.8398,54.9484,"[11, 11, 11, 11, 11, 11, 11, 11, 11]",0.836,0.8252,0.8378,0.8286,0.00270637,0.00296765,0.00190775,0.00219494,"{""B2"": {""scale"": 0.0001, ""offset"": 0.0, ""source"": ""recorded (baseline < 04.00)""}, ""B3"": {""scale"": 0.0001, ""offset"": 0.0, ""source"": ""recorded (baseline < 04.00)""}, ""B4"": {""scale"": 0.0001, ""offset"": 0.0, ""source"": ""recorded (baseline < 04.00)""}, ""B8"": {""scale"": 0.0001, ""offset"": 0.0, ""source"": ""recorded (baseline < 04.00)""}}",valid,,56,1.0516,True,0.831994,,,,,,,,,,,,,77.8632,54.1938,0.116935,0.116935,,,,,,,,,,,,,,,,,,,,
KAN_M,2018,S2A_22WEV_20180824_0_L2A,2018-08-24 14:59:12.462000+00:00,2018-08-24,0.01,29.2435,"13,14,15",574.459,158.725,0.723697,0.1672,67.0672,-48.8399,55.8245,"[11, 11, 11, 11, 11, 11, 11, 11, 11]",0.7883,0.775,0.7716,0.7475,0.0205011,0.0202692,0.0166928,0.0126407,"{""B2"": {""scale"": 0.0001, ""offset"": 0.0, ""source"": ""recorded (baseline < 04.00)""}, ""B3"": {""scale"": 0.0001, ""offset"": 0.0, ""source"": ""recorded (baseline < 04.00)""}, ""B4"": {""scale"": 0.0001, ""offset"": 0.0, ""source"": ""recorded (baseline < 04.00)""}, ""B8"": {""scale"": 0.0001, ""offset"": 0.0, ""source"": ""recorded (baseline < 04.00)""}}",valid,,56,0.1755,False,0.767229,0.601596,0.620314,4.25208,0.554313,0.614783,0.610712,0.633619,0.605289,218.114,59.3889,0.103383,-0.103383,133.718,25.0075,0.0435318,0.0435318,228.867,70.1415,0.122101,-0.122101,221.291,62.5663,0.108914,-0.108914,223.63,64.9048,0.112985,-0.112985,210.471,51.7456,0.0900776,-0.0900776,226.745,68.0202,0.118408,-0.118408
KAN_M,2020,S2B_22WEV_20200815_0_L2A,2020-08-15 14:54:07.158000+00:00,2020-08-15,2.14,1.14528,"13,14,15",750.311,243.571,0.675373,0.0424333,67.0676,-48.8446,53.289,"[11, 11, 11, 11, 11, 11, 11, 11, 11]",0.9128,0.8964,0.8952,0.8592,0.00528291,0.00654964,0.00520351,0.00398306,"{""B2"": {""scale"": 0.0001, ""offset"": 0.0, ""source"": ""recorded (baseline < 04.00)""}, ""B3"": {""scale"": 0.0001, ""offset"": 0.0, ""source"": ""recorded (baseline < 04.00)""}, ""B4"": {""scale"": 0.0001, ""offset"": 0.0, ""source"": ""recorded (baseline < 04.00)""}, ""B8"": {""scale"": 0.0001, ""offset"": 0.0, ""source"": ""recorded (baseline < 04.00)""}}",valid,,53,-0.289,False,0.886059,0.613384,0.623442,4.19392,0.23239,0.622958,0.621867,0.634718,0.616594,282.536,38.9648,0.0519313,-0.0519313,85.4914,158.08,0.210686,0.210686,290.083,46.5116,0.0619895,-0.0619895,282.899,39.3278,0.0524151,-0.0524151,283.718,40.1465,0.0535062,-0.0535062,274.075,30.5044,0.0406554,-0.0406554,287.673,44.1024,0.0587785,-0.0587785
KAN_M,2020,S2A_22WEV_20200816_1_L2A,2020-08-16 15:14:04.372000+00:00,2020-08-16,5,0.363244,"14,15,16",672.698,161.926,0.759288,0.0912,67.0676,-48.8446,53.4444,"[11, 11, 11, 11, 11, 11, 11, 11, 11]",0.8346,0.831,0.8266,0.7738,0.00756959,0.00780186,0.00744938,0.00517688,"{""B2"": {""scale"": 0.0001, ""offset"": -0.1, ""source"": ""recorded (boa_offset_applied)""}, ""B3"": {""scale"": 0.0001, ""offset"": -0.1, ""source"": ""recorded (boa_offset_applied)""}, ""B4"": {""scale"": 0.0001, ""offset"": -0.1, ""source"": ""recorded (boa_offset_applied)""}, ""B8"": {""scale"": 0.0001, ""offset"": -0.1, ""source"": ""recorded (boa_offset_applied)""}}",valid,,53,-0.4444,False,0.80818,0.616891,0.629252,3.96992,0.505322,0.619026,0.624625,0.637687,0.621293,249.401,87.4755,0.130036,-0.130036,129.037,32.8891,0.048892,0.048892,257.717,95.7909,0.142397,-0.142397,256.28,94.3543,0.140262,-0.140262,252.514,90.5879,0.134663,-0.134663,243.727,81.8014,0.121601,-0.121601,254.755,92.8295,0.137995,-0.137995
KAN_M,2020,S2B_22WEV_20200818_1_L2A,2020-08-18 15:04:04.114000+00:00,2020-08-18,5,9.50733,"14,15,16",627.84,205.809,0.672194,0.288667,67.0676,-48.8446,54.1349,"[11, 11, 11, 11, 11, 11, 11, 11, 11]",0.7768,0.7582,0.7406,0.6296,0.0176446,0.0158252,0.0149868,0.0115658,"{""B2"": {""scale"": 0.0001, ""offset"": -0.1, ""source"": ""recorded (boa_offset_applied)""}, ""B3"": {""scale"": 0.0001, ""offset"": -0.1, ""source"": ""recorded (boa_offset_applied)""}, ""B4"": {""scale"": 0.0001, ""offset"": -0.1, ""source"": ""recorded (boa_offset_applied)""}, ""B8"": {""scale"": 0.0001, ""offset"": -0.1, ""source"": ""recorded (boa_offset_applied)""}}",valid,,53,-1.1349,True,0.708661,,,,,,,,,,,,,182.915,22.8945,0.0364666,0.0364666,,,,,,,,,,,,,,,,,,,,
KAN_M,2020,S2A_22WEV_20200820_0_L2A,2020-08-20 14:54:09.287000+00:00,2020-08-20,2.14,0,"13,14,15",660.943,309.144,0.532268,0.221,67.0676,-48.8446,54.8831,"[11, 11, 11, 11, 11, 11, 11, 11, 11]",0.7629,0.7476,0.7267,0.635,0.0455913,0.0442804,0.0436609,0.0399507,"{""B2"": {""scale"": 0.0001, ""offset"": 0.0, ""source"": ""recorded (baseline < 04.00)""}, ""B3"": {""scale"": 0.0001, ""offset"": 0.0, ""source"": ""recorded (baseline < 04.00)""}, ""B4"": {""scale"": 0.0001, ""offset"": 0.0, ""source"": ""recorded (baseline < 04.00)""}, ""B8"": {""scale"": 0.0001, ""offset"": 0.0, ""source"": ""recorded (baseline < 04.00)""}}",valid,,56,1.1169,True,0.702934,,,,,,,,,,,,,196.344,112.8,0.170666,0.170666,,,,,,,,,,,,,,,,,,,,
KAN_M,2020,S2B_22WEV_20200821_0_L2A,2020-08-21 15:14:02.037000+00:00,2020-08-21,2.14,2.15395,"14,15,16",633.288,298.605,0.528485,0.1439,67.0676,-48.8446,55.0698,"[11, 11, 11, 11, 11, 11, 11, 11, 11]",0.6558,0.6446,0.6302,0.5513,0.0481831,0.0497877,0.0449544,0.0392016,"{""B2"": {""scale"": 0.0001, ""offset"": 0.0, ""source"": ""recorded (baseline < 04.00)""}, ""B3"": {""scale"": 0.0001, ""offset"": 0.0, ""source"": ""recorded (baseline < 04.00)""}, ""B4"": {""scale"": 0.0001, ""offset"": 0.0, ""source"": ""recorded (baseline < 04.00)""}, ""B8"": {""scale"": 0.0001, ""offset"": 0.0, ""source"": ""recorded (baseline < 04.00)""}}",valid,,56,0.9302,False,0.607656,0.620736,0.645847,3.41817,0.829091,0.612846,0.618671,0.637608,0.61787,224.281,74.3241,0.117362,0.117362,248.467,50.1381,0.0791708,0.0791708,240.184,58.4215,0.0922507,0.0922507,245.18,53.4251,0.0843611,0.0843611,241.491,57.1137,0.0901857,0.0901857,229.498,69.1067,0.109123,0.109123,241.999,56.6064,0.0893846,0.0893846
KAN_M,2020,S2A_22WEV_20200823_1_L2A,2020-08-23 15:04:06.111000+00:00,2020-08-23,5,0.128183,"14,15,16",629.161,308.542,0.509597,0.105667,67.0676,-48.8446,55.7856,"[11, 11, 11, 11, 11, 11, 11, 11, 11]",0.5878,0.5691,0.5601,0.4918,0.0474706,0.0458551,0.0432421,0.0371569,"{""B2"": {""scale"": 0.0001, ""offset"": -0.1, ""source"": ""recorded (boa_offset_applied)""}, ""B3"": {""scale"": 0.0001, ""offset"": -0.1, ""source"": ""recorded (boa_offset_applied)""}, ""B4"": {""scale"": 0.0001, ""offset"": -0.1, ""source"": ""recorded (boa_offset_applied)""}, ""B8"": {""scale"": 0.0001, ""offset"": -0.1, ""source"": ""recorded (boa_offset_applied)""}}",valid,,56,0.2144,False,0.541781,0.608541,0.640866,3.50737,0.709177,0.602057,0.604685,0.632005,0.603569,225.953,82.5888,0.131269,0.131269,288.294,20.2484,0.0321838,0.0321838,246.29,62.2515,0.0989444,0.0989444,250.37,58.1716,0.0924596,0.0924596,248.717,59.825,0.0950876,0.0950876,231.528,77.0137,0.122408,0.122408,249.419,59.1231,0.093972,0.093972
KAN_M,2020,S2B_22WEV_20200825_0_L2A,2020-08-25 14:54:07.035000+00:00,2020-08-25,2.14,0.007123,"13,14,15",643.311,356.308,0.446134,0.127467,67.0676,-48.8446,56.5569,"[11, 11, 11, 11, 11, 11, 11, 11, 11]",0.6617,0.6542,0.6396,0.5754,0.0490031,0.0465211,0.0410899,0.0318489,"{""B2"": {""scale"": 0.0001, ""offset"": 0.0, ""source"": ""recorded (baseline < 04.00)""}, ""B3"": {""scale"": 0.0001, ""offset"": 0.0, ""source"": ""recorded (baseline < 04.00)""}, ""B4"": {""scale"": 0.0001, ""offset"": 0.0, ""source"": ""recorded (baseline < 04.00)""}, ""B8"": {""scale"": 0.0001, ""offset"": 0.0, ""source"": ""recorded (baseline < 04.00)""}}",valid,,56,-0.5569,False,0.621925,0.620249,0.645009,3.55639,0.855353,0.620248,0.61992,0.639996,0.618631,228.37,127.938,0.198875,0.198875,243.22,113.088,0.175791,0.175791,244.298,112.01,0.174115,0.174115,244.299,112.009,0.174114,0.174114,244.51,111.798,0.173786,0.173786,231.595,124.713,0.193862,0.193862,245.339,110.969,0.172497,0.172497
KAN_M,2020,S2A_22WEV_20200826_2_L2A,2020-08-26 15:14:02.201000+00:00,2020-08-26,5,20.309,"14,15,16",631.648,302.49,0.521109,0.0471667,67.0676,-48.8446,56.7737,"[11, 11, 11, 11, 11, 11, 11, 11, 11]",0.5992,0.5892,0.5836,0.5355,0.0393906,0.0356182,0.0314995,0.0268278,"{""B2"": {""scale"": 0.0001, ""offset"": -0.1, ""source"": ""recorded (boa_offset_applied)""}, ""B3"": {""scale"": 0.0001, ""offset"": -0.1, ""source"": ""recorded (boa_offset_applied)""}, ""B4"": {""scale"": 0.0001, ""offset"": -0.1, ""source"": ""recorded (boa_offset_applied)""}, ""B8"": {""scale"": 0.0001, ""offset"": -0.1, ""source"": ""recorded (boa_offset_applied)""}}",valid,,56,-0.7737,False,0.569419,0.603024,0.636122,3.79337,0.772574,0.601906,0.60502,0.633672,0.602661,229.843,72.6472,0.115013,0.115013,271.976,30.5145,0.0483102,0.0483102,250.749,51.7406,0.0819145,0.0819145,251.455,51.035,0.0807974,0.0807974,249.489,53.0014,0.0839106,0.0839106,231.39,71.0999,0.112563,0.112563,250.979,51.5114,0.0815516,0.0815516
KAN_M,2022,S2A_22WEV_20220727_0_L2A,2022-07-27 15:14:08.161000+00:00,2022-07-27,4,32.1151,"14,15,16",661.796,250.582,0.62136,0.340633,67.068,-48.8492,47.7137,"[11, 11, 11, 11, 11, 11, 11, 11, 11]",0.696,0.6852,0.6797,0.5768,0.0663145,0.0653439,0.0643844,0.0522111,"{""B2"": {""scale"": 0.0001, ""offset"": -0.1, ""source"": ""recorded (boa_offset_applied)""}, ""B3"": {""scale"": 0.0001, ""offset"": -0.1, ""source"": ""recorded (boa_offset_applied)""}, ""B4"": {""scale"": 0.0001, ""offset"": -0.1, ""source"": ""recorded (boa_offset_applied)""}, ""B8"": {""scale"": 0.0001, ""offset"": -0.1, ""source"": ""recorded (boa_offset_applied)""}}",valid,,48,0.2863,False,0.643767,0.619451,0.638242,3.29639,0.629769,0.587226,0.618537,0.630802,0.61798,239.41,11.1718,0.0168818,0.0168818,235.754,14.8283,0.0224068,0.0224068,251.846,1.26409,0.00190942,-0.00190942,273.172,22.5899,0.0341336,-0.0341336,252.451,1.86889,0.0028233,-0.0028233,244.334,6.248,0.00944164,0.00944164,252.82,2.23762,0.00338047,-0.00338047
KAN_M,2022,S2A_22WEV_20220731_0_L2A,2022-07-31 14:54:13.702000+00:00,2022-07-31,4,1.68204,"13,14,15",733.345,360.361,0.508606,0.206133,67.068,-48.8493,48.8341,"[11, 11, 11, 11, 11, 11, 11, 11, 11]",0.5052,0.5025,0.4752,0.368,0.0624922,0.0633166,0.0665606,0.0590517,"{""B2"": {""scale"": 0.0001, ""offset"": -0.1, ""source"": ""recorded (boa_offset_applied)""}, ""B3"": {""scale"": 0.0001, ""offset"": -0.1, ""source"": ""recorded (boa_offset_applied)""}, ""B4"": {""scale"": 0.0001, ""offset"": -0.1, ""source"": ""recorded (boa_offset_applied)""}, ""B8"": {""scale"": 0.0001, ""offset"": -0.1, ""source"": ""recorded (boa_offset_applied)""}}",valid,,49,0.1659,False,0.4443,0.547069,0.581784,3.4502,0.503944,0.502598,0.551241,0.57443,0.549832,306.696,53.6646,0.0731783,0.0731783,407.52,47.1588,0.0643059,-0.0643059,332.155,28.2063,0.038463,0.038463,364.767,4.40628,0.00600801,-0.00600801,329.095,31.2658,0.042635,0.042635,312.09,48.2712,0.0658238,0.0658238,330.129,30.2322,0.0412255,0.0412255
KAN_M,2022,S2B_22WEV_20220801_0_L2A,2022-08-01 15:14:03.324000+00:00,2022-08-01,4,2.00841,"14,15,16",685.247,334.112,0.512421,0.180233,67.068,-48.8493,48.8946,"[11, 11, 11, 11, 11, 11, 11, 11, 11]",0.505,0.4915,0.4769,0.3747,0.0637987,0.0658355,0.0644755,0.0563741,"{""B2"": {""scale"": 0.0001, ""offset"": -0.1, ""source"": ""recorded (boa_offset_applied)""}, ""B3"": {""scale"": 0.0001, ""offset"": -0.1, ""source"": ""recorded (boa_offset_applied)""}, ""B4"": {""scale"": 0.0001, ""offset"": -0.1, ""source"": ""recorded (boa_offset_applied)""}, ""B8"": {""scale"": 0.0001, ""offset"": -0.1, ""source"": ""recorded (boa_offset_applied)""}}",valid,,49,0.1054,False,0.445893,0.557193,0.59178,3.43843,0.464414,0.50317,0.558613,0.585293,0.557338,279.732,54.3801,0.0793585,0.0793585,379.7,45.5883,0.0665283,-0.0665283,303.432,30.6795,0.0447715,0.0447715,340.451,6.33943,0.00925124,-0.00925124,302.459,31.6528,0.0461919,0.0461919,284.177,49.9351,0.0728717,0.0728717,303.333,30.7791,0.0449169,0.0449169
KAN_M,2022,S2A_22WEV_20220803_0_L2A,2022-08-03 15:04:11.305000+00:00,2022-08-03,4,48.1682,"14,15,16",444.645,227.349,0.488696,0.6415,67.068,-48.8493,49.4665,"[11, 11, 11, 11, 11, 11, 11, 11, 11]",0.404,0.3796,0.3551,0.2599,0.0465105,0.0484651,0.0524079,0.04981,"{""B2"": {""scale"": 0.0001, ""offset"": -0.1, ""source"": ""recorded (boa_offset_applied)""}, ""B3"": {""scale"": 0.0001, ""offset"": -0.1, ""source"": ""recorded (boa_offset_applied)""}, ""B4"": {""scale"": 0.0001, ""offset"": -0.1, ""source"": ""recorded (boa_offset_applied)""}, ""B8"": {""scale"": 0.0001, ""offset"": -0.1, ""source"": ""recorded (boa_offset_applied)""}}",valid,,49,-0.4665,False,0.33439,0.496878,0.54754,3.61964,0.318039,0.457984,0.496539,0.545329,0.493545,201.184,26.1648,0.0588438,0.0588438,295.96,68.6111,0.154306,-0.154306,223.711,3.63848,0.00818237,0.00818237,241.005,13.6556,0.0307117,-0.0307117,223.862,3.4875,0.00784281,0.00784281,202.167,25.1819,0.0566333,0.0566333,225.193,2.15629,0.00484893,0.00484893
KAN_M,2022,S2A_22WEV_20220806_0_L2A,2022-08-06 15:14:09.817000+00:00,2022-08-06,4,19.6904,"14,15,16",640.388,316.896,0.50515,0.193467,67.068,-48.8493,50.1973,"[11, 11, 11, 11, 11, 11, 11, 11, 11]",0.4697,0.4507,0.4398,0.3767,0.0235637,0.0232718,0.0223614,0.0208865,"{""B2"": {""scale"": 0.0001, ""offset"": -0.1, ""source"": ""recorded (boa_offset_applied)""}, ""B3"": {""scale"": 0.0001, ""offset"": -0.1, ""source"": ""recorded (boa_offset_applied)""}, ""B4"": {""scale"": 0.0001, ""offset"": -0.1, ""source"": ""recorded (boa_offset_applied)""}, ""B8"": {""scale"": 0.0001, ""offset"": -0.1, ""source"": ""recorded (boa_offset_applied)""}}",valid,,50,-0.1973,False,0.424643,0.567522,0.618601,3.62343,0.465043,0.55703,0.563502,0.607874,0.561178,244.243,72.6525,0.113451,0.113451,368.452,51.5556,0.0805069,-0.0805069,276.954,39.9422,0.0623719,0.0623719,283.672,33.2236,0.0518804,0.0518804,279.528,37.3681,0.0583523,0.0583523,251.113,65.7834,0.102724,0.102724,281.017,35.8795,0.0560277,0.0560277
KAN_M,2022,S2B_22WEV_20220828_0_L2A,2022-08-28 15:04:01.023000+00:00,2022-08-28,4,0.647553,"14,15,16",677.28,287.301,0.575802,0,67.068,-48.8494,57.1607,"[11, 11, 11, 11, 11, 11, 11, 11, 11]",0.7094,0.685,0.6738,0.6087,0.026329,0.0255376,0.0232654,0.0242861,"{""B2"": {""scale"": 0.0001, ""offset"": -0.1, ""source"": ""recorded (boa_offset_applied)""}, ""B3"": {""scale"": 0.0001, ""offset"": -0.1, ""source"": ""recorded (boa_offset_applied)""}, ""B4"": {""scale"": 0.0001, ""offset"": -0.1, ""source"": ""recorded (boa_offset_applied)""}, ""B8"": {""scale"": 0.0001, ""offset"": -0.1, ""source"": ""recorded (boa_offset_applied)""}}",valid,,56,-1.1607,True,0.659363,,,,,,,,,,,,,230.707,56.5943,0.0835609,0.0835609,,,,,,,,,,,,,,,,,,,,
KAN_M,2022,S2A_22WEV_20220830_0_L2A,2022-08-30 14:54:15.896000+00:00,2022-08-30,4,5.32556,"13,14,15",647.254,281.867,0.564518,0.0116,67.068,-48.8494,57.9447,"[11, 11, 11, 11, 11, 11, 11, 11, 11]",0.6978,0.6784,0.6616,0.5863,0.0305592,0.0290922,0.0269854,0.0249875,"{""B2"": {""scale"": 0.0001, ""offset"": -0.1, ""source"": ""recorded (boa_offset_applied)""}, ""B3"": {""scale"": 0.0001, ""offset"": -0.1, ""source"": ""recorded (boa_offset_applied)""}, ""B4"": {""scale"": 0.0001, ""offset"": -0.1, ""source"": ""recorded (boa_offset_applied)""}, ""B8"": {""scale"": 0.0001, ""offset"": -0.1, ""source"": ""recorded (boa_offset_applied)""}}",valid,,56,-1.9447,True,0.643842,,,,,,,,,,,,,230.525,51.3425,0.0793243,0.0793243,,,,,,,,,,,,,,,,,,,,
KAN_M,2023,S2B_22WEV_20230724_0_L2A,2023-07-24 15:04:06.582000+00:00,2023-07-24,5.09,60.6798,"14,15,16",772.073,353.578,0.542041,0.344833,67.0681,-48.8516,47.1371,"[11, 11, 11, 11, 11, 11, 11, 11, 11]",0.6734,0.6466,0.6068,0.4832,0.0221371,0.0233016,0.0242572,0.0169915,"{""B2"": {""scale"": 0.0001, ""offset"": -0.1, ""source"": ""recorded (boa_offset_applied)""}, ""B3"": {""scale"": 0.0001, ""offset"": -0.1, ""source"": ""recorded (boa_offset_applied)""}, ""B4"": {""scale"": 0.0001, ""offset"": -0.1, ""source"": ""recorded (boa_offset_applied)""}, ""B8"": {""scale"": 0.0001, ""offset"": -0.1, ""source"": ""recorded (boa_offset_applied)""}}",valid,,47,-0.1371,False,0.581903,0.571973,0.596339,3.29374,0.813731,0.566505,0.572015,0.592161,0.571722,311.655,41.9226,0.0542985,0.0542985,322.801,30.7768,0.0398622,0.0398622,330.468,23.1098,0.0299318,0.0299318,334.69,18.8885,0.0244644,0.0244644,330.436,23.142,0.0299735,0.0299735,314.881,38.6968,0.0501204,0.0501204,330.662,22.9157,0.0296805,0.0296805
KAN_M,2023,S2A_22WEV_20230726_0_L2A,2023-07-26 14:54:08.613000+00:00,2023-07-26,5.09,1.51021,"13,14,15",821.286,384.557,0.531762,0.0012,67.0681,-48.8516,47.6836,"[11, 11, 11, 11, 11, 11, 11, 11, 11]",0.5579,0.5414,0.4995,0.3937,0.022904,0.0232524,0.0216608,0.0142519,"{""B2"": {""scale"": 0.0001, ""offset"": -0.1, ""source"": ""recorded (boa_offset_applied)""}, ""B3"": {""scale"": 0.0001, ""offset"": -0.1, ""source"": ""recorded (boa_offset_applied)""}, ""B4"": {""scale"": 0.0001, ""offset"": -0.1, ""source"": ""recorded (boa_offset_applied)""}, ""B8"": {""scale"": 0.0001, ""offset"": -0.1, ""source"": ""recorded (boa_offset_applied)""}}",valid,,48,0.3164,False,0.479534,0.54541,0.5797,3.4441,0.76035,0.541419,0.546995,0.574936,0.545992,345.186,39.3705,0.047938,0.047938,427.451,42.8944,0.0522279,-0.0522279,373.349,11.2085,0.0136479,0.0136479,376.626,7.93101,0.0096572,0.0096572,372.046,12.5105,0.0152332,0.0152332,349.099,35.4576,0.0431736,0.0431736,372.871,11.6863,0.0142296,0.0142296
KAN_M,2023,S2B_22WEV_20230727_0_L2A,2023-07-27 15:14:04.330000+00:00,2023-07-27,5.09,23.3256,"14,15,16",820.363,407.469,0.503306,0.0884333,67.0681,-48.8516,47.7142,"[11, 11, 11, 11, 11, 11, 11, 11, 11]",0.5637,0.5398,0.4929,0.3606,0.0295738,0.0278007,0.0247926,0.0171576,"{""B2"": {""scale"": 0.0001, ""offset"": -0.1, ""source"": ""recorded (boa_offset_applied)""}, ""B3"": {""scale"": 0.0001, ""offset"": -0.1, ""source"": ""recorded (boa_offset_applied)""}, ""B4"": {""scale"": 0.0001, ""offset"": -0.1, ""source"": ""recorded (boa_offset_applied)""}, ""B8"": {""scale"": 0.0001, ""offset"": -0.1, ""source"": ""recorded (boa_offset_applied)""}}",valid,,48,0.2858,False,0.46659,0.523704,0.551978,3.38934,0.73886,0.509186,0.524905,0.548759,0.524054,367.54,39.9287,0.0486725,0.0486725,437.59,30.1209,0.0367161,-0.0367161,390.735,16.7335,0.0203982,0.0203982,402.646,4.82339,0.00588005,0.00588005,389.75,17.7188,0.0215992,0.0215992,370.182,37.2873,0.0454527,0.0454527,390.449,17.0204,0.0207478,0.0207478
KAN_M,2023,S2A_22WEV_20230729_0_L2A,2023-07-29 15:04:05.847000+00:00,2023-07-29,5.09,31.4934,"14,15,16",813.306,406.398,0.500313,0.0477667,67.0681,-48.8516,48.2389,"[11, 11, 11, 11, 11, 11, 11, 11, 11]",0.5545,0.533,0.492,0.3656,0.0255914,0.0236638,0.0211757,0.0140323,"{""B2"": {""scale"": 0.0001, ""offset"": -0.1, ""source"": ""recorded (boa_offset_applied)""}, ""B3"": {""scale"": 0.0001, ""offset"": -0.1, ""source"": ""recorded (boa_offset_applied)""}, ""B4"": {""scale"": 0.0001, ""offset"": -0.1, ""source"": ""recorded (boa_offset_applied)""}, ""B8"": {""scale"": 0.0001, ""offset"": -0.1, ""source"": ""recorded (boa_offset_applied)""}}",valid,,48,-0.2389,False,0.464848,0.530009,0.559322,3.39744,0.706053,0.511514,0.531413,0.555798,0.530495,358.406,47.9916,0.0590086,0.0590086,435.242,28.8444,0.0354651,-0.0354651,382.246,24.1516,0.0296962,0.0296962,397.289,9.10904,0.0112006,0.0112006,381.105,25.2933,0.0310999,0.0310999,361.273,45.1255,0.0554845,0.0554845,381.851,24.5466,0.0301818,0.0301818
KAN_M,2023,S2B_22WEV_20230803_0_L2A,2023-08-03 15:04:05.104000+00:00,2023-08-03,5.09,22.3618,"14,15,16",796.31,300.421,0.622733,0.0474,67.0681,-48.8517,49.4677,"[11, 11, 11, 11, 11, 11, 11, 11, 11]",0.708,0.6846,0.6698,0.599,0.0258986,0.0244276,0.0247007,0.022847,"{""B2"": {""scale"": 0.0001, ""offset"": -0.1, ""source"": ""recorded (boa_offset_applied)""}, ""B3"": {""scale"": 0.0001, ""offset"": -0.1, ""source"": ""recorded (boa_offset_applied)""}, ""B4"": {""scale"": 0.0001, ""offset"": -0.1, ""source"": ""recorded (boa_offset_applied)""}, ""B8"": {""scale"": 0.0001, ""offset"": -0.1, ""source"": ""recorded (boa_offset_applied)""}}",valid,,49,-0.4677,False,0.654531,0.621741,0.644455,3.4577,0.783289,0.627941,0.618368,0.63871,0.617633,283.124,17.2968,0.0217219,0.0217219,275.1,25.3209,0.0317984,0.0317984,301.211,0.790105,0.0009916,-0.0009916,296.274,4.14659,0.00520786,0.00520786,303.898,3.47655,0.00436522,-0.00436522,287.699,12.7221,0.0159769,0.0159769,304.482,4.06149,0.00509977,-0.00509977
KAN_M,2023,S2B_22WEV_20230806_0_L2A,2023-08-06 15:14:03.615000+00:00,2023-08-06,5.09,0.332238,"14,15,16",787.974,362.236,0.540295,0.0181,67.0681,-48.8517,50.1979,"[11, 11, 11, 11, 11, 11, 11, 11, 11]",0.5867,0.562,0.5406,0.4403,0.0323374,0.0323085,0.0321849,0.0282689,"{""B2"": {""scale"": 0.0001, ""offset"": -0.1, ""source"": ""recorded (boa_offset_applied)""}, ""B3"": {""scale"": 0.0001, ""offset"": -0.1, ""source"": ""recorded (boa_offset_applied)""}, ""B4"": {""scale"": 0.0001, ""offset"": -0.1, ""source"": ""recorded (boa_offset_applied)""}, ""B8"": {""scale"": 0.0001, ""offset"": -0.1, ""source"": ""recorded (boa_offset_applied)""}}",valid,,50,-0.1979,False,0.516577,0.575491,0.606429,3.38427,0.677788,0.560234,0.574603,0.601001,0.573988,310.124,52.112,0.0661336,0.0661336,380.925,18.6889,0.0237182,-0.0237182,334.502,27.7337,0.0351957,0.0351957,346.524,15.7119,0.0199392,0.0199392,335.202,27.0341,0.0343079,0.0343079,314.401,47.835,0.0607058,0.0607058,335.686,26.5495,0.0336929,0.0336929
KAN_M,2023,S2A_22WEV_20230811_0_L2A,2023-08-11 15:14:03.250000+00:00,2023-08-11,5.09,10.5344,"14,15,16",737.778,372.339,0.495324,0.138133,67.0681,-48.8517,51.6132,"[11, 11, 11, 11, 11, 11, 11, 11, 11]",0.5181,0.4963,0.4527,0.3165,0.0280741,0.0284368,0.0271366,0.0231739,"{""B2"": {""scale"": 0.0001, ""offset"": -0.1, ""source"": ""recorded (boa_offset_applied)""}, ""B3"": {""scale"": 0.0001, ""offset"": -0.1, ""source"": ""recorded (boa_offset_applied)""}, ""B4"": {""scale"": 0.0001, ""offset"": -0.1, ""source"": ""recorded (boa_offset_applied)""}, ""B8"": {""scale"": 0.0001, ""offset"": -0.1, ""source"": ""recorded (boa_offset_applied)""}}",valid,,52,0.3868,False,0.422598,0.508712,0.538124,3.41834,0.59788,0.477529,0.510615,0.535351,0.509479,340.762,31.5768,0.0427996,0.0427996,425.995,53.6557,0.0727263,-0.0727263,362.461,9.87752,0.013388,0.013388,385.468,13.1286,0.017795,-0.017795,361.057,11.2816,0.0152912,0.0152912,342.808,29.531,0.0400267,0.0400267,361.896,10.4433,0.0141549,0.0141549
KAN_M,2023,S2B_22WEV_20230816_0_L2A,2023-08-16 15:14:04.012000+00:00,2023-08-16,5.09,68.2231,"14,15,16",685.067,339.875,0.50388,0.0107,67.0681,-48.8517,53.1303,"[11, 11, 11, 11, 11, 11, 11, 11, 11]",0.5111,0.5079,0.4881,0.3871,0.00787428,0.00950371,0.0102893,0.00988802,"{""B2"": {""scale"": 0.0001, ""offset"": -0.1, ""source"": ""recorded (boa_offset_applied)""}, ""B3"": {""scale"": 0.0001, ""offset"": -0.1, ""source"": ""recorded (boa_offset_applied)""}, ""B4"": {""scale"": 0.0001, ""offset"": -0.1, ""source"": ""recorded (boa_offset_applied)""}, ""B8"": {""scale"": 0.0001, ""offset"": -0.1, ""source"": ""recorded (boa_offset_applied)""}}",valid,,53,-0.1303,False,0.456564,0.563903,0.598371,3.44114,0.483544,0.512109,0.567129,0.590082,0.56579,275.143,64.7325,0.0944913,0.0944913,372.29,32.4153,0.0473164,-0.0473164,298.756,41.1192,0.0600228,0.0600228,334.238,5.63671,0.00822861,0.00822861,296.545,43.3296,0.0632493,0.0632493,280.821,59.0539,0.0862023,0.0862023,297.463,42.4118,0.0619096,0.0619096
KAN_M,2023,S2A_22WEV_20230818_0_L2A,2023-08-18 15:04:06.605000+00:00,2023-08-18,5.09,2.41301,"14,15,16",673.356,304.002,0.548527,0.0734667,67.0681,-48.8518,53.815,"[11, 11, 11, 11, 11, 11, 11, 11, 11]",0.6077,0.588,0.5668,0.467,0.0208671,0.0200501,0.0207244,0.0207801,"{""B2"": {""scale"": 0.0001, ""offset"": -0.1, ""source"": ""recorded (boa_offset_applied)""}, ""B3"": {""scale"": 0.0001, ""offset"": -0.1, ""source"": ""recorded (boa_offset_applied)""}, ""B4"": {""scale"": 0.0001, ""offset"": -0.1, ""source"": ""recorded (boa_offset_applied)""}, ""B8"": {""scale"": 0.0001, ""offset"": -0.1, ""source"": ""recorded (boa_offset_applied)""}}",valid,,53,-0.815,False,0.54124,0.587553,0.61684,3.36433,0.729831,0.570572,0.587263,0.610617,0.586698,258.003,45.9989,0.0683129,0.0683129,308.909,4.90697,0.00728725,-0.00728725,277.724,26.2782,0.0390258,0.0390258,289.158,14.8443,0.0220453,0.0220453,277.919,26.0832,0.0387362,0.0387362,262.193,41.8086,0.06209,0.06209,278.299,25.7028,0.0381712,0.0381712
KAN_M,2023,S2A_22WEV_20230825_0_L2A,2023-08-25 14:54:09.556000+00:00,2023-08-25,5.09,52.2898,"13,14,15",440.596,223.945,0.491724,0.5242,67.0681,-48.8518,56.2169,"[11, 11, 11, 11, 11, 11, 11, 11, 11]",0.4605,0.441,0.3869,0.2607,0.0158245,0.0176523,0.0174472,0.0153541,"{""B2"": {""scale"": 0.0001, ""offset"": -0.1, ""source"": ""recorded (boa_offset_applied)""}, ""B3"": {""scale"": 0.0001, ""offset"": -0.1, ""source"": ""recorded (boa_offset_applied)""}, ""B4"": {""scale"": 0.0001, ""offset"": -0.1, ""source"": ""recorded (boa_offset_applied)""}, ""B8"": {""scale"": 0.0001, ""offset"": -0.1, ""source"": ""recorded (boa_offset_applied)""}}",valid,,56,-0.2169,False,0.364322,0.480659,0.5174,3.5291,0.558102,0.457058,0.483383,0.515891,0.481613,212.632,11.3133,0.0256759,0.0256759,280.077,56.1321,0.127402,-0.127402,228.819,4.87435,0.0110645,-0.0110645,239.218,15.2732,0.0346663,-0.0346663,227.619,3.67428,0.00834076,-0.00834076,213.296,10.6485,0.0241671,0.0241671,228.399,4.45415,0.0101108,-0.0101108
