wavelength_nm,13_7_SB2,13_7_SB4,14_7_S5,14_7_SB1,14_7_SB5,14_7_SB10,15_7_SB3,21_7_S3,21_7_SB1,21_7_SB7,22_7_SB4,22_7_SB5,22_7_S3,22_7_S5,23_7_SB3,23_7_SB4,23_7_SB5,23_7_S3,23_7_S5,24_7_SB2,24_7_S1,25_7_S1,25_7_S1.1,13_7_S1,13_7_S3,13_7_SB3,13_7_SB5,14_7_S1,15_7_S1,15_7_S4,15_7_SB1,15_7_SB2,15_7_SB5,20_7_SB2,21_7_S2,21_7_S4,21_7_SB3,21_7_SB5,21_7_SB8,22_7_S2,22_7_S4,23_7_SB1,23_7_SB2,23_7_S4,25_7_S3,13_7_S4,14_7_S4,14_7_SB6,14_7_SB8,17_7_SB1,17_7_SB2
350,0.86259,0.67596,0.86846,0.83024,0.52031,0.76071,0.6314,0.96658,0.52518,0.59081,0.79494,0.87836,0.70021,0.86881,0.7368,1.0822,0.80535,0.95862,1.0193,1.0569,1.0924,1.0515,0.87442,1.034,0.93226,1.3689,1.3305,1.0217,0.90117,1.0339,1.1141,1.1784,1.0621,0.93865,0.95848,1.0515,1.2141,0.79519,0.90214,1.0123,1.1604,0.99567,1.068,1.0458,1.209,1.061,1.0699,1.1018,1.1088,0.80043,1.0876
351,0.86276,0.67532,0.86705,0.8271,0.52027,0.7609,0.6299,0.96625,0.52542,0.59006,0.79502,0.87709,0.69977,0.86691,0.73677,1.0811,0.80497,0.95727,1.0178,1.0569,1.0925,1.0509,0.87366,1.032,0.93179,1.3675,1.3303,1.0214,0.90085,1.0332,1.1128,1.1778,1.0607,0.9383,0.95758,1.0505,1.2133,0.79472,0.90186,1.0122,1.1595,0.99439,1.0668,1.0444,1.2079,1.0602,1.0696,1.101,1.1075,0.79876,1.0872
352,0.86277,0.6738,0.86507,0.8247,0.5198,0.76044,0.62855,0.96656,0.52478,0.58963,0.79487,0.87631,0.69892,0.86539,0.73647,1.0802,0.80488,0.9553,1.0181,1.0556,1.0922,1.0505,0.87315,1.0316,0.93101,1.3664,1.3299,1.0213,0.90043,1.0329,1.112,1.1781,1.0595,0.93779,0.95691,1.0499,1.2127,0.79431,0.9011,1.0114,1.1584,0.99366,1.0655,1.043,1.2068,1.0595,1.0689,1.1001,1.1062,0.79732,1.0869
353,0.86161,0.67301,0.86535,0.82772,0.51886,0.75851,0.62753,0.9664,0.52379,0.5897,0.79414,0.87652,0.69756,0.86517,0.736,1.0792,0.80531,0.95434,1.0168,1.0531,1.0917,1.0498,0.87237,1.0317,0.93027,1.3658,1.3296,1.02,0.89994,1.0327,1.111,1.1776,1.0586,0.93722,0.95658,1.049,1.212,0.79412,0.90075,1.011,1.1577,0.99299,1.064,1.0418,1.2057,1.0583,1.0674,1.0998,1.1053,0.79594,1.0863
354,0.86202,0.67277,0.86417,0.82705,0.51811,0.75792,0.62641,0.96585,0.52335,0.58888,0.79457,0.87546,0.69711,0.86458,0.73522,1.0783,0.805,0.95395,1.0135,1.0534,1.093,1.0488,0.87162,1.0306,0.93086,1.3641,1.329,1.019,0.899,1.0327,1.1099,1.1759,1.0575,0.93574,0.9563,1.0488,1.2111,0.79346,0.89996,1.0105,1.1572,0.99186,1.0627,1.04,1.2044,1.0576,1.0668,1.0989,1.1043,0.79459,1.0857
355,0.8633,0.67327,0.86362,0.82558,0.5174,0.75778,0.62553,0.96478,0.52302,0.5885,0.79416,0.87342,0.69666,0.86333,0.7347,1.0777,0.80461,0.95289,1.0116,1.0534,1.0942,1.0476,0.8713,1.0296,0.93077,1.3627,1.3286,1.018,0.89808,1.0323,1.1092,1.174,1.0563,0.93448,0.956,1.0486,1.2105,0.79258,0.89911,1.0098,1.1565,0.99085,1.0614,1.0383,1.2034,1.0569,1.0663,1.0981,1.1034,0.79336,1.085
356,0.8643,0.67305,0.86413,0.82447,0.51638,0.75697,0.62479,0.96415,0.52315,0.58846,0.79283,0.87219,0.69614,0.86192,0.73418,1.0768,0.80436,0.95163,1.0119,1.0518,1.094,1.0463,0.87061,1.0285,0.92954,1.3621,1.3283,1.0172,0.89751,1.0316,1.1085,1.1728,1.0551,0.93361,0.95581,1.0478,1.2103,0.79202,0.8984,1.0094,1.1557,0.98994,1.0599,1.0371,1.2029,1.0558,1.0656,1.0975,1.1026,0.79207,1.0843
357,0.86381,0.67253,0.86398,0.82441,0.51589,0.75617,0.6233,0.9651,0.52287,0.58811,0.79153,0.87193,0.69599,0.86125,0.73395,1.0744,0.80409,0.95151,1.0105,1.0516,1.0933,1.0458,0.86986,1.0272,0.92872,1.3613,1.3282,1.0176,0.89715,1.0311,1.1076,1.1715,1.0541,0.93321,0.95536,1.0472,1.2095,0.79149,0.89828,1.0089,1.1546,0.98896,1.0584,1.0352,1.2019,1.0551,1.0644,1.0974,1.1019,0.79059,1.0837
358,0.86423,0.67243,0.8628,0.82412,0.51521,0.7559,0.62263,0.96482,0.52227,0.588,0.79063,0.87214,0.69526,0.86088,0.73365,1.0731,0.80366,0.95081,1.0089,1.0518,1.0934,1.0452,0.86926,1.0265,0.92799,1.3601,1.328,1.0164,0.89656,1.0307,1.1067,1.1708,1.0531,0.9329,0.95456,1.0464,1.2089,0.79092,0.89781,1.0083,1.1536,0.98842,1.0572,1.0339,1.2005,1.0544,1.0635,1.097,1.101,0.78912,1.0833
359,0.86546,0.67194,0.86151,0.82332,0.51485,0.75605,0.6223,0.9636,0.52191,0.58776,0.79021,0.87179,0.6943,0.86016,0.73304,1.0724,0.80287,0.94952,1.0074,1.051,1.0933,1.0442,0.86837,1.0254,0.92739,1.3589,1.3276,1.0144,0.89578,1.0301,1.1058,1.1704,1.0519,0.93209,0.9539,1.0452,1.2086,0.79003,0.89698,1.0077,1.1526,0.98785,1.056,1.0327,1.1995,1.0537,1.0626,1.0963,1.1002,0.78784,1.0827
360,0.86576,0.67154,0.86024,0.82138,0.5144,0.75566,0.62109,0.96393,0.52104,0.58693,0.78947,0.86945,0.69318,0.85919,0.73264,1.0712,0.80295,0.94857,1.0058,1.0494,1.0923,1.0437,0.86755,1.0238,0.92654,1.3573,1.3276,1.0147,0.89508,1.0296,1.1051,1.1696,1.0507,0.93088,0.95319,1.0443,1.208,0.78899,0.89696,1.0073,1.1516,0.98645,1.0547,1.0314,1.1989,1.053,1.0619,1.096,1.0993,0.78642,1.0821
361,0.86661,0.67136,0.85908,0.82123,0.51385,0.75563,0.62051,0.96405,0.5196,0.58628,0.78861,0.86902,0.69165,0.85815,0.73176,1.0689,0.80294,0.94789,1.0046,1.0484,1.092,1.0435,0.86678,1.0226,0.92579,1.3562,1.3273,1.0141,0.89452,1.0292,1.104,1.1699,1.0497,0.92988,0.9526,1.0432,1.207,0.78786,0.89641,1.0067,1.1502,0.98522,1.0538,1.0302,1.1977,1.0523,1.0611,1.0952,1.0982,0.78446,1.0814
362,0.86731,0.67106,0.85859,0.82159,0.51357,0.75533,0.61968,0.96364,0.51879,0.58568,0.78808,0.86937,0.69051,0.85722,0.73104,1.0669,0.80223,0.947,1.0036,1.0474,1.0917,1.0433,0.86592,1.0214,0.92502,1.3552,1.327,1.013,0.89431,1.029,1.1029,1.1698,1.0485,0.9292,0.95193,1.0423,1.2061,0.78684,0.89529,1.0061,1.1488,0.9845,1.0529,1.0289,1.1962,1.0516,1.0604,1.0944,1.0972,0.78252,1.0807
363,0.86734,0.67123,0.85803,0.82031,0.51302,0.75424,0.61827,0.96339,0.51901,0.58536,0.78744,0.86827,0.68999,0.85649,0.73081,1.0655,0.8016,0.94615,1.0019,1.0468,1.0907,1.0424,0.86515,1.0199,0.92458,1.3538,1.327,1.0125,0.89454,1.0288,1.1016,1.1681,1.0471,0.92895,0.95147,1.0418,1.2057,0.78623,0.89469,1.0058,1.148,0.98379,1.0519,1.0278,1.1949,1.0511,1.0596,1.0942,1.0964,0.7808,1.0801
364,0.86681,0.67039,0.85748,0.81918,0.51301,0.75395,0.61761,0.96335,0.51853,0.58512,0.78655,0.86747,0.68936,0.85515,0.72997,1.0641,0.80111,0.94479,1.001,1.046,1.0904,1.0408,0.86452,1.0183,0.92406,1.3532,1.327,1.0117,0.89429,1.0284,1.1006,1.1673,1.046,0.92826,0.95123,1.0409,1.2051,0.78596,0.89423,1.0053,1.1469,0.9827,1.0511,1.0267,1.194,1.0509,1.0585,1.0939,1.0954,0.77921,1.0795
365,0.86626,0.67012,0.85724,0.81869,0.51251,0.75361,0.6169,0.96298,0.51847,0.58466,0.78615,0.86642,0.68857,0.85393,0.72879,1.0629,0.80066,0.94355,1.0004,1.0452,1.0908,1.0402,0.86387,1.018,0.92361,1.3526,1.3267,1.0107,0.89378,1.028,1.0998,1.167,1.0451,0.92752,0.95112,1.04,1.2042,0.78534,0.89356,1.0048,1.1459,0.98169,1.0499,1.0252,1.1933,1.0504,1.0578,1.0935,1.0945,0.77805,1.079
366,0.86633,0.67072,0.85716,0.81913,0.51184,0.75262,0.616,0.96238,0.51843,0.58384,0.7857,0.8649,0.68777,0.85303,0.72765,1.0615,0.80057,0.94292,0.99913,1.0451,1.0909,1.0399,0.86311,1.0179,0.92321,1.3516,1.3264,1.0099,0.89329,1.0276,1.0991,1.1665,1.0443,0.92699,0.95121,1.0395,1.2033,0.7846,0.89292,1.0042,1.1449,0.98092,1.0486,1.0237,1.1925,1.0497,1.0576,1.0931,1.0936,0.77698,1.0786
367,0.86598,0.67008,0.85647,0.81852,0.51167,0.75201,0.61494,0.96229,0.5181,0.58336,0.78523,0.86462,0.68665,0.85222,0.72738,1.0601,0.80026,0.94191,0.99718,1.0438,1.0911,1.0389,0.86214,1.017,0.92313,1.3504,1.3262,1.0105,0.89324,1.0272,1.0984,1.1656,1.0431,0.92639,0.95085,1.039,1.2029,0.78407,0.89222,1.004,1.1436,0.98016,1.0477,1.0225,1.1914,1.0492,1.0569,1.0927,1.0928,0.77569,1.0783
368,0.86638,0.67004,0.85612,0.81826,0.51114,0.75176,0.61414,0.96244,0.5179,0.58263,0.7849,0.86386,0.6858,0.85136,0.7266,1.0592,0.79995,0.94136,0.99557,1.043,1.0915,1.0378,0.86173,1.0162,0.92314,1.3495,1.3261,1.0103,0.89302,1.027,1.0977,1.1645,1.0422,0.92575,0.95048,1.0386,1.2024,0.78355,0.89171,1.0038,1.1426,0.97923,1.0467,1.0212,1.1906,1.0486,1.0561,1.0924,1.0921,0.77445,1.0777
369,0.86739,0.67011,0.85598,0.81792,0.51035,0.75146,0.61356,0.9622,0.51762,0.58205,0.78435,0.86261,0.68551,0.85039,0.72578,1.0582,0.79989,0.94049,0.99448,1.0426,1.0918,1.0369,0.86163,1.0157,0.92318,1.3489,1.326,1.009,0.89257,1.0268,1.0969,1.1633,1.0416,0.92512,0.95034,1.0381,1.2018,0.7832,0.89125,1.0034,1.1417,0.97824,1.0455,1.0198,1.19,1.0481,1.0553,1.0921,1.0914,0.7733,1.0772
370,0.86767,0.66906,0.85478,0.817,0.50979,0.75083,0.61246,0.96179,0.51699,0.58193,0.78352,0.86184,0.68562,0.84937,0.72626,1.0569,0.79978,0.93897,0.99379,1.0422,1.0921,1.036,0.86041,1.0154,0.92307,1.348,1.3258,1.0078,0.89246,1.0263,1.0963,1.1624,1.0407,0.92428,0.95024,1.0376,1.2011,0.78284,0.89077,1.003,1.1404,0.97739,1.0442,1.0185,1.1889,1.048,1.0546,1.0917,1.0908,0.77232,1.0768
371,0.8682,0.66838,0.85435,0.8161,0.50926,0.75047,0.61139,0.96171,0.51666,0.58148,0.78268,0.86096,0.68462,0.84861,0.72521,1.0558,0.79979,0.93795,0.99179,1.0419,1.0931,1.0354,0.85966,1.015,0.92258,1.3466,1.3255,1.0077,0.89208,1.0259,1.0957,1.1613,1.0395,0.92348,0.95021,1.0369,1.2006,0.78201,0.89038,1.0024,1.1392,0.97643,1.0428,1.0172,1.1875,1.0476,1.054,1.0911,1.09,0.77136,1.0764
372,0.86887,0.66811,0.85435,0.81556,0.50897,0.74995,0.61067,0.96105,0.51679,0.58103,0.7821,0.86034,0.68312,0.84788,0.72394,1.0545,0.79958,0.93723,0.98942,1.0409,1.0936,1.0347,0.85947,1.0139,0.92199,1.3457,1.3253,1.0081,0.89158,1.0256,1.0949,1.1604,1.0383,0.92277,0.94986,1.0361,1.2003,0.7812,0.88974,1.0017,1.1379,0.97536,1.0416,1.0157,1.186,1.0471,1.0534,1.0908,1.0892,0.77011,1.0757
373,0.86943,0.66822,0.85394,0.8163,0.50855,0.74941,0.61016,0.9606,0.51692,0.58081,0.78128,0.8597,0.68229,0.8473,0.72384,1.0528,0.79866,0.93649,0.98873,1.0398,1.0926,1.0339,0.85891,1.0126,0.92142,1.3451,1.3253,1.0081,0.89113,1.0252,1.094,1.1599,1.0369,0.92221,0.94895,1.035,1.1999,0.78081,0.88902,1.0009,1.1362,0.97435,1.0405,1.0141,1.185,1.0465,1.0525,1.0904,1.0884,0.76875,1.0751
374,0.86977,0.66848,0.85396,0.81591,0.50778,0.75021,0.60947,0.96084,0.51672,0.58009,0.78077,0.8589,0.68158,0.84683,0.72303,1.0512,0.79814,0.93535,0.98696,1.0386,1.0909,1.0332,0.85797,1.0123,0.92068,1.344,1.3252,1.0079,0.89056,1.0247,1.0933,1.1598,1.0358,0.92138,0.94797,1.0337,1.1993,0.78034,0.8887,1.0003,1.1346,0.97344,1.0395,1.0125,1.1842,1.0458,1.0517,1.0898,1.0876,0.76743,1.0744
375,0.87011,0.66868,0.85393,0.81536,0.50735,0.75056,0.60848,0.96102,0.51573,0.57951,0.78032,0.85871,0.68041,0.846,0.72231,1.0495,0.79773,0.93416,0.98563,1.0377,1.09,1.0323,0.85673,1.0111,0.91921,1.3431,1.3248,1.007,0.89022,1.0243,1.0924,1.1598,1.0348,0.9207,0.94704,1.0326,1.1988,0.77963,0.88824,0.99974,1.133,0.97247,1.0386,1.0111,1.1831,1.0451,1.051,1.0894,1.0867,0.76584,1.0739
376,0.87047,0.66888,0.85359,0.81576,0.50723,0.7503,0.60763,0.96093,0.51447,0.57906,0.77938,0.85868,0.67939,0.84493,0.72156,1.0475,0.79709,0.93324,0.98506,1.0373,1.0898,1.0312,0.8556,1.0093,0.91788,1.3425,1.3245,1.0063,0.89017,1.0238,1.0914,1.1599,1.0336,0.92031,0.94605,1.0319,1.1983,0.77875,0.88754,0.99922,1.1313,0.97141,1.0376,1.0098,1.1819,1.0444,1.0507,1.0891,1.0858,0.76405,1.0733
377,0.87121,0.66869,0.85249,0.81513,0.50747,0.75028,0.60679,0.96065,0.51437,0.57807,0.77821,0.85845,0.67892,0.84423,0.7206,1.0461,0.79673,0.93224,0.98359,1.0375,1.0891,1.0305,0.85502,1.0076,0.91743,1.3416,1.3246,1.0057,0.8899,1.0235,1.0904,1.1594,1.0326,0.91969,0.94536,1.0312,1.1976,0.77837,0.88724,0.99904,1.1298,0.97043,1.0366,1.0087,1.181,1.0439,1.0504,1.0885,1.0849,0.76222,1.0728
378,0.87177,0.66832,0.8517,0.81437,0.50739,0.74999,0.60596,0.96036,0.51447,0.57737,0.77792,0.85821,0.67848,0.84328,0.72014,1.0449,0.79653,0.93133,0.98239,1.0368,1.0889,1.0302,0.85426,1.007,0.91751,1.3406,1.3247,1.0049,0.88962,1.0233,1.0896,1.1584,1.032,0.91903,0.94506,1.031,1.1971,0.77816,0.88679,0.99915,1.1289,0.96947,1.0355,1.0078,1.1803,1.0436,1.0498,1.0881,1.0842,0.76056,1.0723
379,0.87188,0.6679,0.85139,0.81403,0.50712,0.74943,0.60509,0.96007,0.51449,0.57714,0.77768,0.85801,0.67823,0.84235,0.71971,1.0439,0.79627,0.93077,0.98111,1.0356,1.0894,1.0296,0.85363,1.007,0.91768,1.3399,1.3247,1.0044,0.88937,1.0231,1.089,1.1572,1.0314,0.91842,0.9451,1.0309,1.1968,0.77781,0.88642,0.99912,1.1283,0.96872,1.0344,1.0066,1.1795,1.0433,1.0491,1.0878,1.0836,0.75929,1.0719
380,0.8723,0.66798,0.85066,0.81372,0.50704,0.74877,0.60419,0.95984,0.51461,0.57711,0.77689,0.85701,0.67789,0.84153,0.71909,1.0431,0.79623,0.93029,0.97931,1.0351,1.0907,1.0292,0.85365,1.0071,0.91799,1.3394,1.3247,1.0044,0.88924,1.0231,1.0885,1.156,1.0306,0.91769,0.94521,1.0306,1.1967,0.77764,0.88581,0.99888,1.1274,0.96828,1.0335,1.0053,1.1784,1.0431,1.0487,1.0876,1.0832,0.7584,1.0717
381,0.87295,0.66763,0.8509,0.81332,0.50663,0.74842,0.603,0.95952,0.51463,0.57668,0.77634,0.85514,0.6773,0.84111,0.71866,1.042,0.79657,0.92966,0.97805,1.0349,1.0919,1.0286,0.85317,1.0069,0.91807,1.3386,1.3246,1.0045,0.88907,1.0229,1.0881,1.1549,1.0297,0.91703,0.9452,1.0299,1.1965,0.77735,0.88507,0.9985,1.1264,0.96781,1.0327,1.0041,1.1775,1.0429,1.0481,1.0875,1.0829,0.7578,1.0714
382,0.87372,0.66735,0.85027,0.81324,0.50594,0.74845,0.6023,0.95916,0.51471,0.5764,0.77575,0.85393,0.67683,0.84057,0.71794,1.0404,0.79647,0.92882,0.97721,1.0348,1.0921,1.0277,0.85236,1.0063,0.91763,1.3377,1.3243,1.004,0.88862,1.0225,1.0877,1.1543,1.0286,0.91657,0.94464,1.0288,1.1962,0.77681,0.88448,0.99767,1.1254,0.96717,1.032,1.0027,1.1767,1.0425,1.0474,1.0874,1.0824,0.75722,1.071
383,0.87488,0.66732,0.84864,0.81355,0.50564,0.74902,0.60262,0.95909,0.51421,0.5763,0.77468,0.85425,0.67593,0.83984,0.7172,1.0389,0.79611,0.9279,0.97646,1.0344,1.0915,1.0268,0.85186,1.0053,0.91651,1.3369,1.3241,1.0031,0.88809,1.0218,1.087,1.154,1.0275,0.91628,0.94355,1.0276,1.1956,0.77613,0.8842,0.99652,1.1243,0.96615,1.0312,1.0013,1.1762,1.042,1.0466,1.087,1.0816,0.75629,1.0706
384,0.87534,0.66745,0.84962,0.81373,0.50551,0.74947,0.60211,0.95897,0.5133,0.5759,0.77335,0.85454,0.67464,0.83969,0.71677,1.0375,0.79641,0.92716,0.97618,1.0333,1.0905,1.026,0.85094,1.0043,0.91506,1.3361,1.3239,1.0021,0.88743,1.0212,1.0864,1.1541,1.0265,0.91567,0.94262,1.0269,1.195,0.77545,0.88384,0.99594,1.1229,0.96506,1.0304,1.0004,1.175,1.0415,1.046,1.0865,1.0807,0.75491,1.07
385,0.87526,0.66744,0.85036,0.81298,0.50524,0.74977,0.60117,0.95868,0.51297,0.57515,0.77252,0.85433,0.67345,0.83955,0.71637,1.0358,0.79612,0.92655,0.97504,1.032,1.0887,1.025,0.84976,1.0028,0.91391,1.3352,1.3237,1.0015,0.88677,1.0205,1.0856,1.1547,1.0253,0.91482,0.94161,1.026,1.1946,0.77481,0.88354,0.9955,1.1211,0.96409,1.0299,0.99933,1.1737,1.0409,1.0457,1.0858,1.0799,0.75348,1.0694
386,0.87543,0.66726,0.84911,0.81212,0.50519,0.74986,0.60041,0.95832,0.51273,0.57443,0.77216,0.85372,0.67228,0.83902,0.71592,1.0342,0.79526,0.92609,0.97337,1.0312,1.0876,1.0243,0.84887,1.0009,0.91282,1.3344,1.3236,1.0012,0.88633,1.0198,1.0849,1.1557,1.0242,0.91404,0.94048,1.0249,1.1945,0.77431,0.88347,0.99519,1.1193,0.96309,1.0297,0.99838,1.173,1.0404,1.0456,1.0853,1.0792,0.75186,1.069
387,0.8766,0.66728,0.84764,0.81251,0.50546,0.75025,0.59986,0.9585,0.5121,0.57426,0.77147,0.8534,0.67111,0.83811,0.71555,1.0326,0.79516,0.92491,0.97316,1.0317,1.0874,1.025,0.84843,0.99934,0.91169,1.3337,1.3236,1.0006,0.88654,1.0197,1.0841,1.156,1.0234,0.91345,0.93978,1.0242,1.1946,0.77376,0.88283,0.99545,1.1188,0.96226,1.0295,0.99783,1.1725,1.0399,1.0453,1.0852,1.0789,0.74999,1.0686
388,0.87711,0.66713,0.8477,0.81267,0.50539,0.75011,0.59906,0.95865,0.5116,0.5739,0.77089,0.85325,0.66999,0.83713,0.71472,1.0315,0.79536,0.9243,0.97198,1.031,1.0874,1.0249,0.84814,0.99861,0.91157,1.3329,1.3235,1.0002,0.88655,1.0198,1.0835,1.1554,1.0227,0.91314,0.93959,1.0239,1.1944,0.77383,0.88244,0.99583,1.1181,0.96181,1.029,0.99678,1.1717,1.0395,1.045,1.085,1.0784,0.74838,1.0683
389,0.87723,0.66699,0.84825,0.81286,0.50515,0.74936,0.5984,0.95867,0.51147,0.57335,0.77005,0.85289,0.66916,0.83643,0.71383,1.0307,0.79504,0.9239,0.97031,1.0299,1.0881,1.0244,0.84802,0.9983,0.9119,1.3326,1.3235,0.99997,0.88615,1.0199,1.083,1.1541,1.0221,0.9126,0.93952,1.0235,1.194,0.7738,0.88215,0.9956,1.117,0.96132,1.0285,0.99568,1.1707,1.0392,1.0448,1.0846,1.078,0.74739,1.068
390,0.87735,0.667,0.84763,0.81209,0.50506,0.74893,0.59764,0.95886,0.51147,0.57312,0.76922,0.85255,0.66883,0.83621,0.7139,1.0301,0.79473,0.92289,0.96996,1.0293,1.0892,1.024,0.84746,0.99811,0.91191,1.3325,1.3236,1.0005,0.88571,1.0197,1.0825,1.1532,1.0216,0.91195,0.93944,1.0231,1.1934,0.77332,0.88189,0.99518,1.1159,0.96061,1.0277,0.99504,1.1699,1.0391,1.0444,1.0844,1.0775,0.74679,1.0677
391,0.87813,0.66696,0.84748,0.81215,0.50513,0.74865,0.59659,0.95878,0.51191,0.57272,0.76857,0.85148,0.66823,0.83592,0.71354,1.0291,0.79462,0.92254,0.97016,1.0285,1.0902,1.0239,0.84702,0.9979,0.91171,1.3316,1.3237,1,0.88538,1.0195,1.0821,1.1523,1.0212,0.9115,0.93932,1.0229,1.1933,0.7731,0.8816,0.99508,1.115,0.96015,1.0272,0.99422,1.1692,1.0389,1.044,1.0842,1.0772,0.74606,1.0674
392,0.87894,0.66683,0.84763,0.812,0.50474,0.74846,0.5957,0.95862,0.51199,0.57245,0.7675,0.8506,0.66774,0.83531,0.7126,1.0277,0.7948,0.92187,0.9694,1.0281,1.0908,1.0236,0.84674,0.99799,0.91146,1.3306,1.3237,0.9994,0.88512,1.0191,1.0819,1.1516,1.0207,0.91116,0.9391,1.0226,1.1934,0.7728,0.88136,0.99482,1.1142,0.95976,1.0269,0.99342,1.1686,1.0387,1.0437,1.084,1.0769,0.74526,1.0672
393,0.87977,0.6666,0.84708,0.81085,0.50416,0.74861,0.59476,0.95855,0.51162,0.57269,0.76636,0.85077,0.66733,0.83475,0.71234,1.0267,0.79533,0.92024,0.96761,1.028,1.091,1.0225,0.84605,0.99793,0.91113,1.3302,1.3235,0.9997,0.88471,1.0183,1.0816,1.1509,1.0201,0.91079,0.93858,1.022,1.1932,0.77244,0.88142,0.99423,1.1136,0.95908,1.0265,0.99257,1.168,1.0383,1.0432,1.0839,1.0764,0.74456,1.0669
394,0.8809,0.66692,0.84715,0.81055,0.50378,0.74867,0.59399,0.95836,0.51188,0.57279,0.76535,0.85066,0.66661,0.83485,0.7122,1.0255,0.79567,0.91952,0.96675,1.0272,1.091,1.0217,0.84509,0.99704,0.91007,1.3297,1.3233,0.99957,0.88393,1.0177,1.0813,1.1503,1.0192,0.91038,0.93776,1.021,1.193,0.77217,0.88082,0.99306,1.1127,0.95844,1.0257,0.99137,1.1674,1.0379,1.0427,1.0835,1.0759,0.74398,1.0665
395,0.88151,0.66731,0.84707,0.811,0.50367,0.74911,0.59345,0.95821,0.51182,0.57281,0.76384,0.85016,0.66586,0.83509,0.71169,1.0239,0.79563,0.91909,0.96641,1.0266,1.0904,1.0212,0.84424,0.99567,0.90848,1.329,1.3232,0.99894,0.88314,1.0172,1.0807,1.1506,1.0181,0.90976,0.93695,1.0198,1.1928,0.77133,0.88031,0.99211,1.1115,0.95774,1.0253,0.99059,1.1666,1.0373,1.0424,1.0832,1.0752,0.74316,1.0663
396,0.88187,0.66736,0.84656,0.81144,0.50372,0.74991,0.593,0.95837,0.51133,0.57256,0.76228,0.84947,0.66494,0.83502,0.71163,1.0225,0.79525,0.91836,0.96619,1.0263,1.089,1.0208,0.84345,0.99382,0.90709,1.3282,1.3232,0.99803,0.88259,1.0167,1.0799,1.1515,1.0172,0.90907,0.9362,1.0188,1.1927,0.77033,0.8802,0.99166,1.1102,0.95697,1.0254,0.99004,1.1658,1.0366,1.0419,1.0832,1.0745,0.74189,1.066
397,0.88234,0.66737,0.84633,0.81159,0.50369,0.75037,0.59247,0.95868,0.5107,0.57219,0.762,0.84973,0.66385,0.83481,0.71142,1.0209,0.79505,0.9181,0.96543,1.0258,1.0874,1.0207,0.84272,0.9918,0.90615,1.3276,1.323,0.99763,0.88222,1.0165,1.0792,1.1525,1.0165,0.90886,0.93549,1.0182,1.1928,0.76966,0.87985,0.99177,1.1096,0.95632,1.0254,0.98936,1.1648,1.0359,1.0414,1.0829,1.0741,0.74034,1.0657
398,0.88268,0.66766,0.84607,0.81092,0.5039,0.75063,0.59173,0.95861,0.51046,0.57169,0.76139,0.84948,0.66313,0.83419,0.71094,1.0199,0.7948,0.91765,0.9651,1.0249,1.0871,1.0204,0.84217,0.9907,0.90543,1.3273,1.3231,0.99748,0.88208,1.0163,1.0786,1.1522,1.0159,0.90862,0.93498,1.0177,1.1926,0.7697,0.87954,0.99183,1.109,0.95595,1.0249,0.98885,1.1642,1.0355,1.0413,1.0827,1.0737,0.73895,1.0655
399,0.88323,0.66794,0.84557,0.80995,0.50386,0.7505,0.59094,0.9585,0.51057,0.5714,0.76051,0.84899,0.66237,0.83363,0.71033,1.0191,0.79458,0.91701,0.96474,1.0242,1.0874,1.0198,0.84172,0.98997,0.90503,1.3271,1.3233,0.99712,0.88207,1.016,1.0783,1.1516,1.0154,0.90814,0.93478,1.0175,1.1924,0.76944,0.87939,0.99179,1.1084,0.95541,1.0243,0.98826,1.1638,1.0354,1.0413,1.0826,1.0732,0.73781,1.0654
400,0.88379,0.66778,0.84497,0.80972,0.50324,0.74982,0.59016,0.95885,0.51044,0.57129,0.75975,0.84869,0.66177,0.83316,0.71002,1.018,0.79457,0.91644,0.96348,1.0242,1.0882,1.0195,0.84127,0.98946,0.90519,1.3265,1.3234,0.99675,0.88205,1.0157,1.078,1.1513,1.0149,0.90776,0.93531,1.0176,1.1926,0.76889,0.87944,0.99188,1.108,0.95492,1.0238,0.98755,1.1635,1.0351,1.041,1.0824,1.0729,0.73703,1.0653
401,0.88458,0.66781,0.84459,0.80988,0.50309,0.74928,0.58917,0.959,0.51066,0.57104,0.75914,0.84802,0.66175,0.83247,0.70989,1.017,0.79463,0.91597,0.96266,1.024,1.0895,1.0194,0.84103,0.9896,0.90577,1.326,1.3234,0.99644,0.88211,1.0157,1.0776,1.1502,1.0146,0.90742,0.93569,1.0176,1.1927,0.76882,0.87909,0.99201,1.1079,0.95466,1.0234,0.98695,1.163,1.0351,1.0406,1.0823,1.0728,0.73617,1.0653
402,0.88499,0.6678,0.84451,0.80977,0.50283,0.74877,0.58834,0.95881,0.51124,0.57108,0.75829,0.84703,0.66182,0.83201,0.70962,1.0162,0.79484,0.91533,0.96209,1.0234,1.0908,1.019,0.8408,0.98995,0.90623,1.3256,1.3235,0.99662,0.88217,1.0158,1.0774,1.1485,1.0143,0.90718,0.93605,1.0175,1.1926,0.76866,0.87882,0.99196,1.1081,0.95442,1.0231,0.98624,1.1626,1.0351,1.0404,1.0824,1.0727,0.73567,1.0652
403,0.88494,0.66749,0.84424,0.80925,0.50238,0.74829,0.58748,0.95868,0.51175,0.57125,0.75712,0.84645,0.66163,0.8316,0.70901,1.0156,0.7951,0.91452,0.96139,1.0227,1.0919,1.0187,0.84055,0.99015,0.90635,1.3252,1.3236,0.99688,0.88194,1.0158,1.0771,1.1472,1.0136,0.90689,0.93633,1.0172,1.1922,0.76829,0.87881,0.99146,1.1078,0.9541,1.0224,0.98556,1.1621,1.035,1.04,1.0823,1.0725,0.73535,1.0649
404,0.88522,0.66741,0.84386,0.80867,0.50201,0.74824,0.5867,0.959,0.51177,0.57115,0.75613,0.84593,0.66137,0.8312,0.70879,1.0146,0.79514,0.91434,0.96061,1.0224,1.0926,1.0183,0.8402,0.98984,0.90614,1.3246,1.3235,0.99648,0.88181,1.0157,1.0767,1.1466,1.0131,0.90653,0.9365,1.0169,1.1921,0.7678,0.87855,0.99089,1.1076,0.95366,1.0217,0.98503,1.1614,1.0348,1.0397,1.0821,1.0721,0.73489,1.0647
405,0.88588,0.6674,0.84355,0.80829,0.50168,0.74824,0.58591,0.95937,0.51154,0.57104,0.75527,0.84541,0.66113,0.83113,0.70869,1.0135,0.79511,0.91382,0.95987,1.0219,1.093,1.0177,0.83966,0.98932,0.90578,1.324,1.3234,0.99603,0.88162,1.0156,1.0764,1.1461,1.0125,0.90622,0.93656,1.0165,1.1918,0.76746,0.8783,0.99058,1.1073,0.95336,1.0212,0.98438,1.1609,1.0345,1.0395,1.082,1.0717,0.73423,1.0646
406,0.88697,0.66754,0.84342,0.80823,0.50149,0.74821,0.58527,0.95942,0.51128,0.571,0.75454,0.84521,0.66074,0.83121,0.70858,1.0125,0.7951,0.91303,0.95929,1.0212,1.0932,1.0171,0.83895,0.98863,0.90538,1.3237,1.3233,0.99597,0.88123,1.0154,1.0762,1.1458,1.0118,0.90587,0.93651,1.0162,1.1915,0.76715,0.87826,0.99037,1.1071,0.95298,1.0208,0.98366,1.1605,1.0342,1.0392,1.0819,1.0713,0.73342,1.0643
407,0.88801,0.66778,0.84356,0.80862,0.50158,0.74803,0.58488,0.95938,0.51136,0.571,0.75381,0.84529,0.66025,0.83091,0.70839,1.0115,0.79507,0.91238,0.95929,1.0208,1.0934,1.0166,0.83853,0.98782,0.90485,1.3231,1.3233,0.99578,0.88086,1.0149,1.0758,1.1455,1.0112,0.90537,0.93621,1.0157,1.1915,0.76673,0.87826,0.99013,1.1067,0.95239,1.0203,0.98312,1.1599,1.0339,1.0389,1.0818,1.0709,0.73264,1.064
408,0.88857,0.66796,0.84345,0.8087,0.50161,0.74814,0.58434,0.95947,0.51135,0.57081,0.75303,0.8453,0.65975,0.83062,0.70803,1.0105,0.7951,0.91188,0.95904,1.0204,1.0938,1.0164,0.83827,0.98713,0.90428,1.3225,1.3234,0.99562,0.88061,1.0146,1.0754,1.1452,1.0106,0.90488,0.93606,1.0151,1.1915,0.76646,0.87804,0.98978,1.1062,0.95188,1.0199,0.98243,1.1593,1.0336,1.0385,1.0817,1.0706,0.73183,1.0638
409,0.88895,0.66804,0.84313,0.80839,0.50159,0.74849,0.58374,0.95964,0.51131,0.5707,0.75229,0.8449,0.65936,0.83058,0.70764,1.0096,0.79506,0.91153,0.95825,1.0201,1.0943,1.0162,0.83784,0.98646,0.90392,1.3221,1.3234,0.99527,0.88046,1.0144,1.075,1.1451,1.01,0.90452,0.93601,1.0146,1.1915,0.76625,0.87785,0.9895,1.1058,0.95155,1.0196,0.98178,1.1589,1.0334,1.0382,1.0816,1.0703,0.73101,1.0636
410,0.88989,0.6679,0.84297,0.80817,0.50156,0.74853,0.58331,0.9596,0.51118,0.5708,0.75189,0.84449,0.65917,0.83045,0.70763,1.0087,0.79496,0.91091,0.95782,1.0198,1.0947,1.0158,0.83744,0.98577,0.90363,1.3217,1.3234,0.9946,0.88027,1.0143,1.0746,1.1451,1.0094,0.90423,0.93575,1.0141,1.1914,0.76616,0.87771,0.98959,1.1055,0.95136,1.0194,0.9813,1.1585,1.0331,1.0381,1.0814,1.07,0.73021,1.0635
411,0.89059,0.6679,0.84282,0.8082,0.5015,0.74849,0.58268,0.95946,0.51107,0.57066,0.75134,0.84466,0.65886,0.83014,0.70765,1.0077,0.79505,0.91056,0.95744,1.0194,1.0951,1.0152,0.83707,0.98521,0.90327,1.3215,1.3233,0.99454,0.87992,1.0143,1.0742,1.1447,1.0089,0.90375,0.93555,1.0137,1.1914,0.76615,0.87766,0.98949,1.1052,0.95104,1.019,0.98065,1.1582,1.0327,1.0379,1.0814,1.0696,0.72937,1.0633
412,0.89107,0.66788,0.84264,0.80821,0.50143,0.7486,0.58197,0.95941,0.51128,0.57048,0.75077,0.84488,0.65865,0.82995,0.70755,1.0069,0.79505,0.91034,0.95714,1.0189,1.0954,1.0147,0.83683,0.9847,0.90297,1.3211,1.3233,0.99471,0.87974,1.0144,1.0739,1.1442,1.0084,0.9033,0.93549,1.0134,1.1914,0.76597,0.87759,0.98939,1.1049,0.95065,1.0186,0.98011,1.1579,1.0326,1.0376,1.0813,1.0693,0.72864,1.0631
413,0.89149,0.66783,0.84262,0.80797,0.50132,0.74852,0.5813,0.95959,0.51155,0.57038,0.75027,0.84437,0.65857,0.82991,0.70746,1.0065,0.79504,0.91013,0.95673,1.0189,1.096,1.0146,0.83675,0.98422,0.9028,1.3205,1.3234,0.99465,0.88016,1.0143,1.0737,1.1436,1.0079,0.90293,0.93553,1.0132,1.1913,0.76579,0.87737,0.98945,1.1045,0.95038,1.0182,0.97964,1.1576,1.0325,1.0375,1.0812,1.069,0.72797,1.063
414,0.89213,0.66815,0.84246,0.80807,0.50113,0.74835,0.58076,0.9599,0.51127,0.57033,0.74996,0.84411,0.65838,0.82974,0.7075,1.0057,0.79516,0.90985,0.95609,1.0188,1.0969,1.0146,0.83648,0.9838,0.90268,1.32,1.3234,0.99454,0.88035,1.0141,1.0734,1.1432,1.0075,0.90262,0.93532,1.0129,1.1912,0.76573,0.87744,0.98951,1.1043,0.95015,1.0177,0.97903,1.1573,1.0323,1.0372,1.0813,1.0688,0.72715,1.0628
415,0.89289,0.66826,0.84227,0.80817,0.50099,0.74834,0.58033,0.96007,0.51137,0.57034,0.74979,0.84399,0.65828,0.82967,0.70765,1.005,0.79518,0.90955,0.95554,1.0187,1.0975,1.0145,0.83638,0.98349,0.90254,1.3196,1.3235,0.99429,0.88019,1.014,1.073,1.1428,1.007,0.90241,0.93525,1.0126,1.1912,0.7657,0.87746,0.98942,1.1042,0.94987,1.0173,0.97863,1.1569,1.032,1.037,1.0813,1.0685,0.72652,1.0627
416,0.89364,0.6682,0.84229,0.80797,0.50106,0.74832,0.57984,0.96005,0.51174,0.57043,0.7496,0.84361,0.65813,0.82957,0.70778,1.0047,0.79525,0.90936,0.95517,1.0184,1.0978,1.0143,0.8364,0.98309,0.90239,1.3194,1.3236,0.99415,0.87979,1.0138,1.0726,1.1424,1.0064,0.90218,0.93524,1.0123,1.191,0.76556,0.87735,0.98916,1.104,0.9496,1.0169,0.97827,1.1567,1.0318,1.0368,1.0812,1.0682,0.726,1.0626
417,0.89431,0.66842,0.8422,0.8077,0.50112,0.74833,0.57948,0.96005,0.51177,0.57046,0.74931,0.84332,0.65805,0.82934,0.70771,1.0043,0.79549,0.90922,0.95476,1.0182,1.0985,1.0142,0.83623,0.98247,0.90215,1.319,1.3236,0.99427,0.87945,1.0136,1.0724,1.1423,1.0058,0.90194,0.93524,1.0121,1.1908,0.76538,0.87728,0.98897,1.1039,0.94942,1.0165,0.97768,1.1565,1.0317,1.0367,1.0811,1.0679,0.72543,1.0625
418,0.895,0.66862,0.84211,0.80785,0.50098,0.74822,0.5793,0.96012,0.51174,0.57036,0.74926,0.84313,0.6581,0.82911,0.70774,1.0037,0.79571,0.90897,0.9545,1.0181,1.0989,1.0141,0.83606,0.98206,0.90181,1.3187,1.3236,0.99423,0.87931,1.0135,1.0722,1.142,1.0053,0.90168,0.93511,1.0117,1.1907,0.76538,0.87721,0.98892,1.1036,0.94921,1.0162,0.9773,1.1563,1.0314,1.0365,1.0811,1.0677,0.7248,1.0624
419,0.89574,0.66884,0.84201,0.80787,0.50089,0.74824,0.57894,0.96028,0.51172,0.57031,0.7494,0.843,0.6581,0.82898,0.7079,1.0031,0.79588,0.90879,0.95434,1.018,1.0993,1.0138,0.83592,0.98164,0.90147,1.3183,1.3237,0.99412,0.87923,1.0133,1.072,1.1417,1.0049,0.90139,0.93484,1.0113,1.1907,0.76526,0.87718,0.98891,1.1034,0.94892,1.0158,0.97693,1.1563,1.0311,1.0363,1.0811,1.0674,0.72417,1.0622
420,0.89639,0.66898,0.84197,0.80782,0.50083,0.74848,0.57844,0.96041,0.51188,0.57029,0.74931,0.84275,0.65799,0.82896,0.70814,1.0028,0.79589,0.9087,0.95401,1.018,1.0998,1.0135,0.83574,0.98111,0.90127,1.3178,1.3237,0.99422,0.87894,1.013,1.0719,1.1417,1.0044,0.90106,0.9347,1.0111,1.1907,0.76505,0.87709,0.98882,1.1033,0.94859,1.0154,0.97641,1.1561,1.031,1.0361,1.0811,1.0671,0.72358,1.0621
421,0.89712,0.66914,0.84178,0.80784,0.50071,0.74856,0.57804,0.9606,0.5122,0.57033,0.74923,0.84255,0.65791,0.82899,0.7082,1.0024,0.79605,0.90878,0.95366,1.018,1.1003,1.0134,0.8355,0.98082,0.90106,1.3174,1.3238,0.99412,0.8789,1.0128,1.0715,1.1415,1.004,0.90082,0.93465,1.0109,1.1909,0.765,0.87695,0.98883,1.1032,0.94835,1.0151,0.97607,1.156,1.0308,1.036,1.081,1.0669,0.72293,1.0619
422,0.89782,0.66931,0.84158,0.80787,0.50066,0.74849,0.57766,0.96093,0.51247,0.57045,0.74923,0.84249,0.65796,0.82903,0.70821,1.002,0.79637,0.90874,0.95333,1.018,1.1008,1.0137,0.83542,0.98061,0.90098,1.317,1.3238,0.99391,0.87901,1.0126,1.0712,1.1412,1.0036,0.90064,0.93455,1.0106,1.191,0.76496,0.87686,0.98882,1.103,0.94821,1.0148,0.97575,1.156,1.0307,1.0359,1.0809,1.0668,0.72231,1.0619
423,0.89826,0.66942,0.8416,0.80798,0.50072,0.7484,0.57729,0.96123,0.51254,0.57062,0.7492,0.84252,0.65793,0.82891,0.70834,1.0016,0.7967,0.90836,0.95306,1.018,1.1013,1.0137,0.8354,0.98042,0.90109,1.3168,1.3239,0.99389,0.87893,1.0124,1.071,1.141,1.0032,0.90046,0.93437,1.0104,1.1908,0.76492,0.87678,0.98874,1.1031,0.94809,1.0144,0.97533,1.156,1.0306,1.0356,1.0808,1.0665,0.72171,1.0618
424,0.8988,0.66944,0.84165,0.80798,0.50065,0.74844,0.57699,0.96135,0.51278,0.57064,0.74928,0.84238,0.65792,0.82886,0.70853,1.0013,0.79697,0.90829,0.95262,1.018,1.1018,1.0136,0.83529,0.98022,0.90103,1.3165,1.324,0.99407,0.87878,1.0123,1.0708,1.1407,1.0029,0.90026,0.93444,1.0101,1.1907,0.76494,0.87669,0.98865,1.1031,0.94801,1.0139,0.97505,1.1558,1.0304,1.0356,1.0807,1.0663,0.7212,1.0617
425,0.89932,0.66941,0.84156,0.80795,0.50051,0.74846,0.57669,0.96143,0.51294,0.57062,0.74946,0.84227,0.65805,0.82887,0.70862,1.0011,0.79719,0.90833,0.95216,1.018,1.1024,1.0136,0.8352,0.97994,0.90084,1.3162,1.3239,0.99427,0.87864,1.0123,1.0705,1.1405,1.0026,0.90009,0.93449,1.01,1.1907,0.7648,0.87663,0.9886,1.103,0.94792,1.0136,0.97477,1.1556,1.0302,1.0355,1.0807,1.0662,0.72066,1.0617
426,0.89967,0.66948,0.84151,0.80766,0.50049,0.74826,0.5765,0.96163,0.51303,0.57066,0.74969,0.8424,0.65819,0.8287,0.70863,1.0007,0.79745,0.90826,0.95184,1.0181,1.1033,1.0136,0.83521,0.97972,0.90088,1.3159,1.3239,0.99425,0.87857,1.0124,1.0704,1.1402,1.0024,0.89996,0.93448,1.01,1.1907,0.76455,0.87662,0.98854,1.103,0.94773,1.0135,0.97443,1.1557,1.0301,1.0353,1.0807,1.066,0.72008,1.0616
427,0.90026,0.66965,0.84173,0.80752,0.5005,0.74821,0.57627,0.96186,0.51338,0.57067,0.74989,0.84206,0.65832,0.82856,0.70863,1.0005,0.7976,0.90808,0.95145,1.0179,1.1042,1.0137,0.83535,0.97974,0.90117,1.3154,1.324,0.9941,0.87848,1.0122,1.0703,1.1396,1.002,0.89985,0.93445,1.0098,1.1907,0.76451,0.87655,0.98851,1.1031,0.94753,1.0131,0.97409,1.1557,1.03,1.0352,1.0807,1.0658,0.71954,1.0615
428,0.9011,0.66991,0.842,0.80761,0.50043,0.74831,0.57606,0.96198,0.51361,0.57071,0.74996,0.84178,0.6584,0.82863,0.70879,1.0002,0.79784,0.90798,0.95111,1.0179,1.1049,1.0137,0.83534,0.97967,0.90116,1.3151,1.3241,0.99399,0.87832,1.012,1.0702,1.1392,1.0015,0.89968,0.93442,1.0095,1.1907,0.76446,0.87655,0.98823,1.1031,0.94742,1.0127,0.97369,1.1557,1.0299,1.035,1.0807,1.0656,0.71908,1.0614
429,0.90201,0.67009,0.84208,0.80764,0.50045,0.74844,0.57597,0.96198,0.51379,0.57084,0.75005,0.84187,0.65846,0.8287,0.70906,0.99987,0.79826,0.90803,0.95084,1.0181,1.1053,1.0135,0.83516,0.97929,0.90076,1.3148,1.3241,0.99407,0.87798,1.0116,1.0701,1.1392,1.001,0.89951,0.93426,1.0091,1.1906,0.76431,0.87663,0.98787,1.103,0.94733,1.0124,0.97332,1.1557,1.0297,1.0349,1.0806,1.0654,0.71863,1.0613
430,0.90289,0.67021,0.84187,0.80754,0.50056,0.74884,0.57596,0.96202,0.5141,0.57093,0.75014,0.8419,0.65851,0.82898,0.70925,0.99953,0.7985,0.90815,0.95025,1.018,1.1052,1.0133,0.83508,0.97852,0.89993,1.3145,1.324,0.99398,0.87745,1.0113,1.07,1.1398,1.0005,0.89931,0.93377,1.0085,1.1905,0.76409,0.87663,0.98772,1.1027,0.94703,1.012,0.97289,1.1556,1.0294,1.0347,1.0805,1.0652,0.71802,1.0611
431,0.90358,0.67061,0.84177,0.80761,0.50069,0.74938,0.57597,0.96197,0.51402,0.57077,0.74991,0.84188,0.65826,0.82917,0.70932,0.99906,0.79845,0.90812,0.9499,1.0181,1.1052,1.0128,0.83485,0.9777,0.89897,1.3141,1.324,0.99365,0.87687,1.0109,1.0699,1.1404,1,0.8989,0.93334,1.0078,1.1903,0.76387,0.87659,0.98739,1.1023,0.94676,1.0116,0.9725,1.1555,1.029,1.0346,1.0804,1.0648,0.71732,1.061
432,0.90424,0.67079,0.84175,0.80787,0.50077,0.74968,0.57583,0.96179,0.5138,0.57053,0.74981,0.8419,0.65793,0.82918,0.70943,0.99858,0.79845,0.90801,0.94999,1.0184,1.1049,1.0125,0.83452,0.97694,0.89838,1.3138,1.3241,0.99343,0.87641,1.0104,1.0696,1.141,0.99966,0.89851,0.93297,1.0072,1.1903,0.7637,0.87661,0.98715,1.1017,0.94656,1.0114,0.9723,1.1553,1.0287,1.0346,1.0804,1.0645,0.71647,1.0608
433,0.90497,0.67062,0.8415,0.80806,0.50085,0.74964,0.57556,0.96213,0.51391,0.57061,0.75029,0.84188,0.65785,0.82931,0.70966,0.99821,0.79856,0.90794,0.94968,1.0186,1.1051,1.0128,0.83442,0.9764,0.8984,1.3135,1.3244,0.99324,0.87634,1.0103,1.0692,1.1415,0.99946,0.89828,0.933,1.0073,1.1909,0.76373,0.87678,0.98758,1.1016,0.94635,1.0113,0.97209,1.1552,1.0287,1.0345,1.0804,1.0644,0.71561,1.0608
434,0.90548,0.6706,0.84142,0.80795,0.50109,0.74951,0.57516,0.9624,0.51441,0.57077,0.75058,0.84165,0.65772,0.8291,0.70979,0.99776,0.7987,0.90785,0.94917,1.0187,1.1062,1.0131,0.83441,0.97618,0.89856,1.3133,1.3245,0.99333,0.87642,1.0103,1.0689,1.1409,0.99916,0.89798,0.93309,1.0072,1.1909,0.76393,0.87671,0.98801,1.1016,0.94636,1.011,0.97164,1.1552,1.0287,1.0344,1.0804,1.0643,0.71489,1.0609
435,0.90596,0.67071,0.84155,0.80775,0.50112,0.74933,0.57488,0.96261,0.51474,0.57078,0.75072,0.84141,0.65784,0.829,0.70988,0.9975,0.79895,0.90784,0.94874,1.0186,1.1073,1.0132,0.8345,0.97633,0.89878,1.3131,1.3246,0.99348,0.87638,1.0103,1.0688,1.14,0.99892,0.89778,0.93334,1.0072,1.1908,0.76394,0.87653,0.98812,1.1017,0.94645,1.0107,0.97125,1.1553,1.0287,1.0344,1.0804,1.0642,0.71447,1.0609
436,0.90652,0.67095,0.84171,0.80768,0.50092,0.74919,0.57471,0.96285,0.51481,0.5707,0.75078,0.8414,0.65805,0.82895,0.70982,0.9974,0.7992,0.90779,0.94821,1.0186,1.1082,1.013,0.83456,0.97658,0.899,1.3127,1.3247,0.99346,0.87604,1.0102,1.0687,1.1393,0.99871,0.89755,0.93357,1.007,1.1906,0.7637,0.87646,0.98792,1.1018,0.94641,1.0104,0.97098,1.1552,1.0285,1.0343,1.0804,1.0641,0.71418,1.0608
437,0.90709,0.67102,0.84177,0.80765,0.50071,0.74911,0.57444,0.96305,0.51514,0.57076,0.75095,0.84154,0.65831,0.82895,0.70983,0.99697,0.79936,0.90772,0.94801,1.0187,1.1088,1.0129,0.83448,0.97657,0.89919,1.3123,1.3248,0.99361,0.87597,1.0102,1.0687,1.1391,0.99846,0.8973,0.9337,1.0069,1.1907,0.76349,0.87637,0.98782,1.102,0.94634,1.0102,0.97062,1.1551,1.0284,1.0342,1.0804,1.0641,0.71377,1.0607
438,0.90768,0.67103,0.84166,0.80764,0.50065,0.74917,0.57415,0.96304,0.51545,0.5708,0.75111,0.84148,0.65842,0.82901,0.71002,0.99663,0.79965,0.90766,0.9477,1.0189,1.1097,1.0129,0.83438,0.97647,0.89915,1.3121,1.3249,0.99379,0.87592,1.0103,1.0687,1.139,0.9981,0.89736,0.93371,1.0067,1.1906,0.76349,0.87624,0.98768,1.102,0.94621,1.0099,0.9703,1.155,1.0284,1.034,1.0803,1.064,0.71337,1.0606
439,0.90831,0.67126,0.84169,0.80767,0.50073,0.74941,0.57395,0.96291,0.51568,0.57085,0.7511,0.84119,0.65837,0.82908,0.7101,0.99644,0.80007,0.90758,0.94713,1.0189,1.1104,1.0128,0.83422,0.97619,0.89874,1.3118,1.325,0.99366,0.87569,1.0103,1.0686,1.139,0.99767,0.89746,0.93347,1.0063,1.1906,0.76345,0.87614,0.98752,1.1018,0.94601,1.0095,0.96994,1.1551,1.0283,1.0338,1.0803,1.0638,0.71292,1.0605
440,0.90894,0.67145,0.84184,0.80766,0.50082,0.74961,0.57387,0.96306,0.51596,0.57087,0.75106,0.84101,0.65834,0.8291,0.71028,0.99605,0.80043,0.90764,0.94698,1.0188,1.1104,1.0126,0.83416,0.97569,0.89809,1.3115,1.325,0.9935,0.87549,1.01,1.0685,1.1391,0.9973,0.89718,0.93332,1.0059,1.1905,0.76313,0.87603,0.98749,1.1018,0.94585,1.0093,0.96969,1.155,1.0281,1.0339,1.0803,1.0636,0.71243,1.0604
441,0.90952,0.67157,0.84178,0.80784,0.50097,0.74982,0.57367,0.96339,0.51618,0.57085,0.7513,0.84102,0.65833,0.82918,0.71043,0.99569,0.80068,0.90774,0.94686,1.019,1.1105,1.0127,0.83405,0.97517,0.89786,1.3112,1.3251,0.99342,0.87549,1.0099,1.0682,1.1395,0.99705,0.89688,0.9332,1.0057,1.1908,0.76308,0.876,0.98767,1.1017,0.94567,1.0092,0.96949,1.1548,1.028,1.0339,1.0803,1.0634,0.71179,1.0604
442,0.91013,0.67172,0.84155,0.80797,0.50099,0.74995,0.57338,0.96374,0.51643,0.57092,0.75167,0.841,0.65832,0.82927,0.71054,0.99555,0.80095,0.90776,0.94655,1.0192,1.111,1.013,0.83398,0.97491,0.89797,1.311,1.3252,0.99346,0.8757,1.0099,1.068,1.1395,0.99683,0.89666,0.9332,1.0056,1.1912,0.76313,0.87599,0.98793,1.1016,0.94554,1.009,0.96919,1.1549,1.028,1.0337,1.0803,1.0633,0.71121,1.0604
443,0.91087,0.67184,0.84166,0.80771,0.50095,0.74992,0.57324,0.96379,0.51687,0.57096,0.75176,0.84083,0.65835,0.82915,0.71069,0.99531,0.80115,0.9076,0.94605,1.0192,1.1119,1.0129,0.83393,0.97497,0.89818,1.3108,1.3255,0.99349,0.87598,1.01,1.068,1.1391,0.99651,0.89639,0.93331,1.0056,1.1914,0.76301,0.87585,0.98812,1.1016,0.94548,1.0086,0.9688,1.155,1.028,1.0335,1.0804,1.0631,0.71076,1.0603
444,0.91146,0.67198,0.84187,0.80761,0.50095,0.7499,0.573,0.96398,0.51729,0.57105,0.75197,0.84077,0.6585,0.82915,0.71083,0.99504,0.80151,0.90747,0.94571,1.0192,1.1126,1.013,0.83387,0.97501,0.89841,1.3106,1.3255,0.99362,0.8762,1.01,1.0681,1.1388,0.99609,0.89618,0.9334,1.0056,1.1913,0.76291,0.87571,0.98804,1.1018,0.94538,1.0083,0.96845,1.155,1.0279,1.0333,1.0803,1.063,0.71035,1.0603
445,0.912,0.67219,0.84188,0.80759,0.50094,0.74991,0.57278,0.96413,0.5176,0.57114,0.75229,0.84075,0.65866,0.82919,0.711,0.99472,0.80182,0.9075,0.94547,1.0194,1.1132,1.013,0.83385,0.97491,0.89839,1.3103,1.3256,0.99368,0.87623,1.01,1.0681,1.1385,0.99573,0.89597,0.93337,1.0055,1.1912,0.76282,0.87555,0.98783,1.1019,0.94527,1.008,0.96813,1.155,1.0278,1.0331,1.0803,1.063,0.70995,1.0602
446,0.91258,0.67232,0.84195,0.80754,0.50099,0.75002,0.57268,0.96404,0.51787,0.57122,0.75257,0.84086,0.65877,0.82925,0.71121,0.9944,0.80214,0.90762,0.94519,1.0193,1.1135,1.0128,0.83382,0.97466,0.89803,1.31,1.3257,0.99365,0.87604,1.0097,1.0679,1.1384,0.99546,0.89565,0.93334,1.0051,1.191,0.76268,0.87545,0.98762,1.1018,0.94524,1.0078,0.96776,1.1549,1.0276,1.0331,1.0802,1.0628,0.70951,1.0602
447,0.91322,0.67246,0.84204,0.8075,0.50105,0.7503,0.57258,0.96421,0.5182,0.57124,0.75272,0.84087,0.65879,0.82927,0.71136,0.99412,0.80244,0.90755,0.94491,1.0195,1.1137,1.0129,0.83395,0.97437,0.89772,1.3096,1.3257,0.99374,0.87565,1.0093,1.0677,1.1387,0.99533,0.89542,0.93345,1.0047,1.1909,0.76256,0.8754,0.98739,1.1016,0.94503,1.0076,0.96761,1.1551,1.0275,1.0331,1.0802,1.0626,0.70901,1.0601
448,0.91374,0.67241,0.842,0.80763,0.50114,0.75055,0.57241,0.96446,0.51855,0.57132,0.75293,0.84085,0.65882,0.82932,0.71147,0.99376,0.80276,0.90749,0.94453,1.0198,1.1139,1.0131,0.83407,0.97396,0.89759,1.3093,1.3258,0.9937,0.87509,1.0091,1.0676,1.1389,0.99518,0.89528,0.93364,1.0045,1.1909,0.76238,0.87543,0.98728,1.1014,0.94484,1.0074,0.96748,1.1553,1.0275,1.033,1.0802,1.0624,0.70841,1.0601
449,0.91414,0.67234,0.8419,0.80776,0.50128,0.75064,0.57223,0.96473,0.5189,0.57148,0.75327,0.84081,0.65889,0.82949,0.7116,0.99341,0.80303,0.90751,0.94411,1.0199,1.1143,1.0132,0.83399,0.97369,0.89768,1.3091,1.326,0.99351,0.87451,1.0089,1.0674,1.1389,0.99502,0.89517,0.93376,1.0047,1.191,0.76229,0.87557,0.9874,1.1014,0.94477,1.0072,0.96722,1.1552,1.0274,1.0329,1.0802,1.0625,0.70788,1.0601
450,0.91468,0.67265,0.84198,0.80777,0.50145,0.75052,0.57218,0.96493,0.51919,0.57145,0.75366,0.84098,0.65896,0.82951,0.71181,0.99308,0.80316,0.90741,0.94399,1.02,1.1153,1.0133,0.83379,0.97386,0.8979,1.3089,1.326,0.99365,0.8743,1.0089,1.0674,1.1384,0.9949,0.89514,0.93359,1.0048,1.191,0.76238,0.87564,0.98747,1.1015,0.94473,1.007,0.96693,1.1552,1.0273,1.0328,1.0802,1.0624,0.70759,1.0601
451,0.91508,0.6728,0.84218,0.80756,0.50148,0.75047,0.57209,0.96518,0.51946,0.57147,0.75396,0.84109,0.65896,0.82947,0.71192,0.9927,0.80335,0.90746,0.94371,1.02,1.1164,1.0134,0.83363,0.97408,0.89806,1.3087,1.3261,0.99368,0.8743,1.0088,1.0675,1.1378,0.9947,0.89508,0.93354,1.0047,1.1911,0.76241,0.87562,0.98745,1.1016,0.94475,1.0068,0.96663,1.1553,1.0272,1.0327,1.0803,1.0623,0.70732,1.0601
452,0.91558,0.6728,0.84238,0.80728,0.50149,0.75052,0.57197,0.96537,0.51978,0.57159,0.75413,0.84107,0.65907,0.82947,0.71199,0.99239,0.80364,0.90744,0.94328,1.02,1.1171,1.0133,0.83344,0.97427,0.8981,1.3084,1.3262,0.99358,0.87429,1.0087,1.0674,1.1374,0.99436,0.89498,0.9336,1.0044,1.191,0.76244,0.87551,0.9874,1.1018,0.94477,1.0065,0.96636,1.1554,1.0272,1.0327,1.0803,1.0622,0.70699,1.0601
453,0.91637,0.67287,0.84235,0.80742,0.50157,0.75067,0.57192,0.96529,0.52023,0.57169,0.75437,0.84126,0.65933,0.82969,0.71219,0.99223,0.80405,0.90736,0.94295,1.0202,1.1174,1.0132,0.83339,0.97434,0.89793,1.3082,1.3263,0.99358,0.87386,1.0084,1.0672,1.1373,0.99383,0.89496,0.93362,1.0041,1.1908,0.76242,0.87547,0.9873,1.1017,0.94479,1.0061,0.96614,1.1554,1.0271,1.0326,1.0803,1.0621,0.7066,1.06
454,0.91705,0.67301,0.84229,0.80777,0.50174,0.75088,0.57184,0.96524,0.52084,0.57175,0.7546,0.84146,0.65947,0.82987,0.71248,0.99201,0.80451,0.90748,0.94268,1.0204,1.1176,1.0129,0.83348,0.97399,0.89759,1.308,1.3262,0.99359,0.87341,1.008,1.067,1.1373,0.99345,0.89492,0.93346,1.0037,1.1908,0.76239,0.87544,0.9874,1.1015,0.94471,1.0058,0.96594,1.1553,1.0269,1.0324,1.0802,1.0619,0.70619,1.0598
455,0.91753,0.6733,0.84228,0.80811,0.50203,0.75104,0.57181,0.9653,0.52127,0.57184,0.75489,0.84163,0.65947,0.82994,0.71272,0.99174,0.80493,0.90764,0.94252,1.0207,1.1177,1.0129,0.83347,0.97353,0.89725,1.3078,1.3261,0.99356,0.87311,1.0076,1.0669,1.1375,0.99321,0.89474,0.93332,1.0034,1.1909,0.76237,0.87546,0.98755,1.1013,0.94455,1.0057,0.96581,1.1551,1.0268,1.0324,1.0802,1.0617,0.70573,1.0596
456,0.91807,0.67364,0.84222,0.80816,0.50227,0.75124,0.57184,0.96552,0.5216,0.57204,0.75522,0.84187,0.65943,0.83022,0.71288,0.99151,0.80529,0.90769,0.94232,1.0207,1.118,1.013,0.83343,0.97322,0.89713,1.3075,1.3262,0.99335,0.87296,1.0074,1.0668,1.1377,0.99309,0.89453,0.93337,1.0034,1.1914,0.76242,0.87551,0.98776,1.1012,0.94442,1.0057,0.9657,1.1552,1.0267,1.0323,1.0802,1.0617,0.70521,1.0597
457,0.91862,0.67365,0.84253,0.80814,0.50216,0.75142,0.57181,0.9658,0.52203,0.57225,0.75543,0.84177,0.65954,0.83035,0.71302,0.99127,0.80564,0.90759,0.94203,1.0207,1.1187,1.0133,0.8334,0.97327,0.89724,1.3074,1.3264,0.99331,0.8729,1.0073,1.0668,1.1377,0.99299,0.89444,0.93358,1.0033,1.1917,0.76227,0.87544,0.9876,1.1013,0.94431,1.0055,0.96546,1.1553,1.0267,1.0323,1.0803,1.0616,0.70482,1.0598
458,0.9192,0.67374,0.84278,0.80814,0.5022,0.75154,0.57177,0.96611,0.52244,0.57235,0.75574,0.84173,0.65972,0.83035,0.71312,0.99103,0.80603,0.90746,0.94182,1.0208,1.1193,1.0134,0.83329,0.97331,0.89727,1.3072,1.3264,0.99337,0.87276,1.0073,1.0668,1.1377,0.99284,0.89446,0.93365,1.0032,1.1918,0.76215,0.87544,0.98754,1.1013,0.94426,1.0053,0.9652,1.1554,1.0267,1.0323,1.0803,1.0615,0.70446,1.0598
459,0.9199,0.67395,0.84277,0.80794,0.50236,0.75164,0.57167,0.96625,0.52284,0.57239,0.75604,0.84179,0.65982,0.83043,0.7132,0.99074,0.80629,0.90752,0.94159,1.021,1.1197,1.0133,0.83317,0.97317,0.89715,1.3069,1.3264,0.9935,0.8724,1.0071,1.0668,1.1377,0.99265,0.89445,0.93349,1.0029,1.1918,0.76211,0.87546,0.98758,1.1012,0.94433,1.005,0.96497,1.1553,1.0266,1.0322,1.0804,1.0614,0.70405,1.0598
460,0.9205,0.67413,0.84282,0.80788,0.50242,0.7519,0.57153,0.96634,0.5231,0.57245,0.75626,0.84179,0.6599,0.83069,0.71337,0.99046,0.80664,0.90758,0.94137,1.0212,1.12,1.0132,0.83316,0.97279,0.89699,1.3066,1.3264,0.99364,0.87197,1.0067,1.0668,1.138,0.9924,0.89437,0.93339,1.0026,1.1917,0.76198,0.87544,0.98741,1.1011,0.94441,1.0048,0.96477,1.1552,1.0265,1.0322,1.0804,1.0612,0.70363,1.0597
461,0.92111,0.67421,0.84289,0.80805,0.50263,0.75211,0.57139,0.96644,0.52348,0.57251,0.75654,0.84168,0.66003,0.83081,0.7136,0.99016,0.80699,0.90762,0.94123,1.0213,1.1203,1.0132,0.8331,0.97248,0.89689,1.3065,1.3265,0.99356,0.87144,1.0064,1.0667,1.1382,0.99208,0.89426,0.9333,1.0025,1.1917,0.76184,0.87546,0.98743,1.1011,0.94429,1.0047,0.96461,1.1552,1.0264,1.0322,1.0804,1.061,0.70316,1.0596
462,0.92177,0.67419,0.84288,0.80811,0.50293,0.75222,0.57126,0.96666,0.52389,0.57263,0.75683,0.84155,0.66026,0.83079,0.71378,0.98987,0.80722,0.90768,0.94104,1.0215,1.1207,1.0134,0.83301,0.97232,0.89694,1.3063,1.3266,0.99335,0.87091,1.0063,1.0665,1.1384,0.99167,0.89409,0.93329,1.0026,1.1918,0.76178,0.87548,0.98764,1.1011,0.94419,1.0046,0.96445,1.1554,1.0263,1.0321,1.0804,1.061,0.70271,1.0595
463,0.92228,0.67429,0.84307,0.80806,0.50307,0.75229,0.57119,0.9669,0.52415,0.57285,0.75712,0.84184,0.66042,0.8308,0.71391,0.98971,0.80756,0.90762,0.94076,1.0215,1.1213,1.0135,0.83295,0.97226,0.89703,1.306,1.3267,0.99343,0.8705,1.0061,1.0664,1.1381,0.99146,0.89397,0.93345,1.0026,1.1918,0.7618,0.87541,0.98773,1.1012,0.94414,1.0044,0.96422,1.1555,1.0263,1.032,1.0804,1.0609,0.70233,1.0596
464,0.92282,0.67447,0.84335,0.80819,0.50313,0.75243,0.57116,0.96721,0.52455,0.57296,0.75743,0.84212,0.66055,0.83095,0.7141,0.9895,0.8079,0.90757,0.94046,1.0216,1.1219,1.0135,0.83286,0.97219,0.89708,1.3059,1.3267,0.99361,0.87002,1.006,1.0666,1.1378,0.99137,0.89398,0.93338,1.0025,1.1917,0.76181,0.87542,0.98777,1.1014,0.94413,1.0042,0.96402,1.1555,1.0262,1.0319,1.0805,1.0608,0.70203,1.0596
465,0.92352,0.67465,0.84357,0.80824,0.50325,0.75263,0.57115,0.96743,0.52501,0.57296,0.75774,0.8422,0.66058,0.83117,0.71417,0.98916,0.80818,0.90761,0.94023,1.0218,1.1223,1.0134,0.83273,0.97205,0.89696,1.3058,1.3268,0.9938,0.86944,1.006,1.0667,1.1374,0.99133,0.89397,0.93315,1.0022,1.1917,0.76173,0.8754,0.9877,1.1015,0.9441,1.0041,0.96381,1.1555,1.0261,1.0319,1.0806,1.0606,0.70179,1.0595
466,0.92413,0.67474,0.84345,0.80823,0.5033,0.75284,0.57107,0.96764,0.5253,0.57303,0.75801,0.84226,0.66071,0.83144,0.71427,0.98884,0.80862,0.90774,0.94001,1.0223,1.1227,1.0132,0.83251,0.97184,0.89668,1.3055,1.3268,0.99381,0.86907,1.0059,1.0664,1.1371,0.99126,0.89374,0.93294,1.002,1.1917,0.76155,0.87532,0.9875,1.1015,0.94406,1.0038,0.96355,1.1554,1.026,1.032,1.0805,1.0605,0.70142,1.0594
467,0.92472,0.6748,0.84361,0.80836,0.50348,0.7531,0.571,0.96778,0.52557,0.57314,0.75827,0.84241,0.66098,0.83177,0.71464,0.98858,0.80916,0.90795,0.93963,1.0224,1.123,1.0132,0.8324,0.97161,0.8965,1.3052,1.3268,0.9938,0.86881,1.0057,1.0661,1.1371,0.99103,0.89351,0.93274,1.0019,1.1919,0.76145,0.87538,0.98756,1.1014,0.944,1.0035,0.96336,1.1555,1.026,1.0319,1.0805,1.0604,0.70091,1.0594
468,0.92551,0.67499,0.84395,0.80836,0.50368,0.75334,0.57097,0.96786,0.52604,0.57331,0.75858,0.8426,0.66104,0.83208,0.71498,0.98833,0.8095,0.90803,0.93925,1.0224,1.1233,1.0133,0.8323,0.97127,0.89635,1.3052,1.3268,0.99385,0.86854,1.0054,1.0661,1.1373,0.99078,0.89325,0.9326,1.0018,1.192,0.76147,0.87538,0.98765,1.1012,0.94393,1.0032,0.96316,1.1555,1.0258,1.0318,1.0805,1.0603,0.7004,1.0594
469,0.92631,0.67512,0.8439,0.80835,0.50386,0.75348,0.57094,0.9679,0.52665,0.57356,0.75899,0.84255,0.66089,0.83222,0.7149,0.98806,0.80984,0.90818,0.93921,1.0226,1.1237,1.0133,0.83217,0.97091,0.89625,1.3051,1.327,0.99393,0.86823,1.0051,1.0661,1.1374,0.99048,0.89297,0.9325,1.0016,1.1919,0.76162,0.87526,0.98768,1.1011,0.9439,1.0032,0.96291,1.1555,1.0258,1.0318,1.0806,1.0602,0.69995,1.0594
470,0.92694,0.67537,0.84393,0.80842,0.50405,0.75371,0.57101,0.96799,0.52705,0.57379,0.75938,0.84271,0.66087,0.83232,0.71503,0.98777,0.81019,0.90816,0.93902,1.0227,1.1241,1.0136,0.83213,0.97087,0.8961,1.3049,1.3271,0.99384,0.86806,1.005,1.0662,1.1373,0.99013,0.89287,0.93229,1.0014,1.1919,0.76183,0.87499,0.98758,1.1009,0.94398,1.003,0.96278,1.1555,1.0257,1.0318,1.0806,1.0601,0.69959,1.0594
471,0.92767,0.67565,0.84418,0.80855,0.50422,0.75393,0.57105,0.96814,0.52749,0.57388,0.7597,0.84293,0.66095,0.83242,0.71534,0.98749,0.81047,0.90805,0.93877,1.0227,1.1244,1.0138,0.83201,0.97069,0.89597,1.3047,1.3271,0.99376,0.86795,1.0048,1.0662,1.1374,0.98985,0.89281,0.93215,1.0011,1.1921,0.76197,0.87495,0.98742,1.1008,0.94394,1.0028,0.96265,1.1554,1.0256,1.0318,1.0806,1.06,0.69914,1.0593
472,0.92858,0.6758,0.84427,0.80889,0.50441,0.75416,0.57107,0.9684,0.52797,0.57397,0.76014,0.84291,0.66111,0.83249,0.7155,0.98725,0.81069,0.90814,0.93867,1.023,1.1247,1.0137,0.83191,0.97039,0.89587,1.3047,1.3271,0.99392,0.86776,1.0047,1.066,1.1374,0.98958,0.89269,0.93219,1.0009,1.1922,0.76201,0.87518,0.98732,1.1005,0.94388,1.0026,0.9625,1.1553,1.0255,1.0317,1.0807,1.0598,0.69862,1.0592
473,0.92942,0.67602,0.84421,0.80901,0.50458,0.75444,0.57109,0.96871,0.52843,0.57421,0.76044,0.84319,0.66133,0.83273,0.7158,0.98722,0.81109,0.90833,0.93839,1.0233,1.1252,1.0138,0.83183,0.97018,0.8958,1.3047,1.3273,0.99397,0.86747,1.0045,1.0659,1.1374,0.98928,0.89255,0.93204,1.0007,1.1924,0.76204,0.87536,0.98742,1.1007,0.94388,1.0025,0.96238,1.1554,1.0255,1.0316,1.0808,1.0597,0.69817,1.0592
474,0.93017,0.67613,0.84428,0.80892,0.50466,0.75461,0.57101,0.96895,0.52881,0.57438,0.7607,0.84354,0.66145,0.83305,0.71612,0.98719,0.81155,0.90846,0.93804,1.0235,1.1259,1.0138,0.83172,0.97007,0.89587,1.3046,1.3276,0.99409,0.86725,1.0044,1.0658,1.1373,0.98903,0.89245,0.93201,1.0006,1.1926,0.76203,0.87542,0.98758,1.1009,0.94386,1.0023,0.96214,1.1555,1.0254,1.0316,1.0808,1.0595,0.69776,1.0593
475,0.93099,0.67621,0.84445,0.80877,0.50473,0.75474,0.57093,0.96914,0.52915,0.57453,0.76097,0.84356,0.66152,0.83327,0.7163,0.98694,0.81198,0.90847,0.93767,1.0238,1.1265,1.0138,0.83161,0.96996,0.8959,1.3044,1.3278,0.99426,0.86716,1.0043,1.0658,1.1372,0.98875,0.89233,0.93207,1.0005,1.1925,0.76196,0.87535,0.98768,1.1011,0.94381,1.0021,0.96188,1.1557,1.0252,1.0315,1.0809,1.0595,0.69729,1.0593
476,0.93183,0.6766,0.84463,0.80876,0.50487,0.75497,0.57087,0.96921,0.5296,0.5746,0.76124,0.84346,0.66151,0.83332,0.71656,0.98666,0.81234,0.90847,0.93745,1.024,1.127,1.0137,0.8315,0.96975,0.89564,1.3043,1.3279,0.99448,0.867,1.0044,1.0658,1.1373,0.98839,0.89214,0.9321,1.0005,1.1925,0.76181,0.87522,0.98739,1.1011,0.94388,1.002,0.96167,1.1557,1.0251,1.0316,1.0808,1.0594,0.69683,1.0593
477,0.93229,0.67678,0.84477,0.80886,0.50502,0.75513,0.57075,0.96931,0.52983,0.57463,0.76149,0.84344,0.6616,0.83355,0.71673,0.98648,0.81267,0.90852,0.93723,1.0241,1.1274,1.0138,0.83129,0.96945,0.89534,1.304,1.3279,0.99447,0.86659,1.0042,1.0656,1.1373,0.98799,0.89197,0.932,1.0003,1.1925,0.76175,0.87526,0.98703,1.1011,0.94385,1.0019,0.96155,1.1557,1.025,1.0315,1.0808,1.0593,0.69638,1.0592
478,0.93243,0.67674,0.84499,0.80897,0.50517,0.75532,0.57068,0.96931,0.53001,0.57469,0.76183,0.84355,0.66167,0.83373,0.71673,0.98621,0.81295,0.90847,0.93694,1.0241,1.1276,1.0137,0.83115,0.96922,0.89518,1.3036,1.328,0.99428,0.86595,1.0038,1.0654,1.1374,0.98776,0.89177,0.9319,1.0001,1.1925,0.76171,0.87524,0.98675,1.1011,0.94372,1.0018,0.96145,1.1557,1.0248,1.0314,1.0808,1.0593,0.69594,1.0591
479,0.93257,0.67669,0.84516,0.80897,0.50524,0.75546,0.57063,0.96922,0.5304,0.57478,0.76218,0.84353,0.66169,0.83374,0.71673,0.9858,0.81316,0.90838,0.93695,1.0241,1.1276,1.0135,0.83117,0.96915,0.89526,1.3032,1.328,0.99422,0.86527,1.0034,1.0654,1.1375,0.98771,0.89164,0.93187,0.99979,1.1926,0.76168,0.87514,0.98659,1.1011,0.94359,1.0017,0.96125,1.1559,1.0247,1.0313,1.0808,1.0592,0.69559,1.059
480,0.93262,0.67651,0.845,0.80887,0.50538,0.7554,0.57063,0.96909,0.53091,0.57476,0.7624,0.84359,0.66172,0.83383,0.71674,0.98556,0.81348,0.90845,0.93687,1.0242,1.1277,1.0134,0.83112,0.96914,0.89527,1.3029,1.3278,0.99419,0.86487,1.003,1.0654,1.1373,0.98759,0.89149,0.93179,0.99965,1.1926,0.76162,0.87508,0.98658,1.1009,0.9435,1.0014,0.96102,1.1559,1.0246,1.0312,1.0808,1.0592,0.69539,1.059
481,0.93272,0.67642,0.84487,0.80892,0.50555,0.75546,0.57065,0.96899,0.53135,0.57472,0.76279,0.84375,0.66172,0.83397,0.71675,0.98538,0.81382,0.90847,0.93656,1.0244,1.128,1.0136,0.83102,0.96924,0.89523,1.3026,1.3277,0.99413,0.86468,1.0028,1.0654,1.137,0.98742,0.89135,0.93166,0.99966,1.1927,0.7615,0.87497,0.9867,1.1008,0.94342,1.0013,0.96081,1.1557,1.0245,1.0311,1.0807,1.0592,0.69529,1.059
482,0.9329,0.67634,0.84489,0.809,0.50565,0.75558,0.57054,0.96904,0.53168,0.57472,0.76319,0.84374,0.66178,0.83405,0.71681,0.98522,0.81414,0.90842,0.9364,1.0245,1.1285,1.0139,0.83089,0.96939,0.8953,1.3025,1.3277,0.99405,0.86445,1.0027,1.0655,1.1369,0.9873,0.89132,0.93151,0.99987,1.1928,0.76144,0.87485,0.98684,1.1007,0.94334,1.0012,0.96069,1.1557,1.0245,1.0311,1.0806,1.059,0.69524,1.0591
483,0.93304,0.67616,0.84505,0.80876,0.50587,0.75542,0.57039,0.96929,0.53208,0.57489,0.76349,0.84379,0.66176,0.83403,0.71698,0.98507,0.81435,0.90822,0.93628,1.0245,1.1289,1.0141,0.83076,0.96948,0.89567,1.3023,1.3277,0.99406,0.86402,1.0026,1.0655,1.1365,0.98711,0.89138,0.93157,0.99999,1.1927,0.76146,0.87488,0.98693,1.1008,0.94329,1.001,0.96048,1.1557,1.0246,1.0311,1.0806,1.059,0.69509,1.059
484,0.93333,0.67617,0.84526,0.80868,0.50596,0.75534,0.57026,0.96949,0.5325,0.57509,0.76382,0.84395,0.66186,0.834,0.71689,0.98485,0.81456,0.90816,0.93607,1.0247,1.1292,1.0141,0.83055,0.96963,0.89591,1.3021,1.3277,0.99401,0.86354,1.0025,1.0655,1.1363,0.98692,0.89144,0.93166,0.99987,1.1925,0.76132,0.87488,0.98698,1.1009,0.94329,1.0008,0.96032,1.1557,1.0246,1.031,1.0807,1.059,0.69489,1.0589
485,0.9339,0.67632,0.84555,0.80902,0.50602,0.7555,0.57025,0.96953,0.53276,0.5752,0.76405,0.84427,0.66201,0.83407,0.71673,0.98452,0.81487,0.90822,0.93588,1.0249,1.1296,1.014,0.83019,0.96971,0.89577,1.3019,1.3275,0.994,0.86324,1.0022,1.0655,1.1363,0.98666,0.89149,0.9315,0.99959,1.1923,0.76109,0.87473,0.98684,1.1008,0.94335,1.0006,0.96021,1.1556,1.0245,1.031,1.0806,1.0588,0.69466,1.059
486,0.93446,0.67638,0.84548,0.80888,0.50614,0.75582,0.5704,0.96921,0.53275,0.57509,0.76429,0.84418,0.66198,0.83423,0.7169,0.98416,0.81521,0.9083,0.93563,1.0249,1.1298,1.0138,0.82994,0.96943,0.89504,1.3018,1.3274,0.99412,0.86276,1.002,1.0654,1.1364,0.98637,0.89128,0.93097,0.99895,1.1921,0.76115,0.87435,0.98625,1.1004,0.94324,1.0003,0.95999,1.1556,1.0242,1.0311,1.0805,1.0586,0.69431,1.0589
487,0.9348,0.67645,0.84545,0.80886,0.50628,0.75615,0.57038,0.96899,0.53313,0.57491,0.76435,0.844,0.66187,0.83437,0.71716,0.98395,0.81542,0.9084,0.93549,1.025,1.1294,1.0134,0.82965,0.96881,0.89417,1.3018,1.3272,0.994,0.86206,1.0017,1.0653,1.137,0.98625,0.89088,0.9306,0.99837,1.1922,0.76125,0.87406,0.98576,1.0999,0.94297,0.99997,0.95985,1.1556,1.024,1.0311,1.0805,1.0584,0.69372,1.0587
488,0.93513,0.67636,0.84546,0.80908,0.50653,0.75637,0.5702,0.96896,0.53357,0.57477,0.76439,0.844,0.66177,0.83453,0.71723,0.98382,0.81552,0.90838,0.93555,1.0252,1.1291,1.0132,0.82931,0.96821,0.89372,1.3016,1.3273,0.99368,0.86131,1.0013,1.0651,1.1375,0.98621,0.89044,0.9306,0.99809,1.1925,0.76135,0.87394,0.98568,1.0996,0.94278,0.99985,0.95979,1.1557,1.0239,1.0311,1.0806,1.0582,0.6931,1.0587
489,0.93565,0.67615,0.84529,0.80914,0.50688,0.75658,0.57008,0.96898,0.53373,0.5749,0.76467,0.84404,0.66167,0.83465,0.71731,0.98342,0.81566,0.90837,0.93541,1.0254,1.1294,1.0134,0.82914,0.96797,0.89392,1.3013,1.3275,0.99349,0.86081,1.0012,1.0652,1.1379,0.98612,0.89029,0.93052,0.99814,1.193,0.76154,0.8739,0.98609,1.0997,0.94284,0.99996,0.95961,1.1558,1.0239,1.0309,1.0806,1.0584,0.69275,1.0587
490,0.93615,0.6762,0.84537,0.80918,0.50699,0.75657,0.57008,0.96907,0.53412,0.57501,0.76504,0.84421,0.66171,0.83464,0.7172,0.98328,0.81589,0.90836,0.93515,1.0254,1.1301,1.0137,0.82915,0.96802,0.89423,1.3012,1.3276,0.99369,0.86053,1.0012,1.0653,1.1378,0.98583,0.89038,0.93061,0.9982,1.1933,0.76156,0.87395,0.9864,1.0999,0.94291,0.99993,0.95937,1.1559,1.024,1.0309,1.0805,1.0584,0.69256,1.0587
491,0.93652,0.67642,0.84554,0.80903,0.50708,0.75654,0.57007,0.96929,0.53453,0.57502,0.76517,0.84426,0.66182,0.8347,0.71699,0.98307,0.81623,0.90824,0.93493,1.0255,1.1307,1.0137,0.82914,0.96806,0.89426,1.3013,1.3277,0.99394,0.86042,1.001,1.0653,1.1375,0.98558,0.89042,0.93073,0.99814,1.1934,0.76148,0.874,0.98638,1.1,0.94291,0.99972,0.95915,1.1559,1.024,1.0309,1.0805,1.0584,0.69239,1.0586
492,0.93689,0.67657,0.84557,0.80859,0.5071,0.75655,0.56999,0.9693,0.53478,0.57497,0.76512,0.84406,0.66195,0.83477,0.71692,0.98268,0.81663,0.9081,0.93464,1.0258,1.1309,1.0137,0.82905,0.96791,0.894,1.3011,1.3278,0.99407,0.86029,1.0006,1.0652,1.1371,0.98535,0.89031,0.93072,0.99799,1.1934,0.76126,0.87399,0.98602,1.1,0.94273,0.99938,0.95899,1.1559,1.0238,1.0308,1.0805,1.0583,0.69209,1.0585
493,0.93731,0.67625,0.84565,0.80867,0.50727,0.75661,0.56987,0.96937,0.53498,0.57495,0.76523,0.84392,0.66193,0.83494,0.71711,0.98249,0.81695,0.90813,0.93432,1.0259,1.1309,1.0137,0.82889,0.96762,0.89381,1.3008,1.3278,0.994,0.86001,1.0002,1.0652,1.1372,0.9851,0.89006,0.93057,0.99796,1.1935,0.76108,0.87389,0.98585,1.0999,0.94259,0.99928,0.95888,1.1558,1.0237,1.0308,1.0805,1.0582,0.69165,1.0585
494,0.93762,0.67618,0.84574,0.80895,0.50751,0.75677,0.56973,0.96947,0.53513,0.57493,0.76533,0.84383,0.66182,0.83511,0.71733,0.98228,0.81723,0.90812,0.93408,1.0259,1.1309,1.0137,0.82871,0.96737,0.89369,1.3006,1.3278,0.99384,0.85957,0.99993,1.0652,1.1375,0.98474,0.88971,0.93043,0.99799,1.1935,0.76104,0.87387,0.98579,1.0999,0.94252,0.99923,0.95864,1.1557,1.0236,1.0307,1.0804,1.0582,0.69118,1.0585
495,0.93811,0.67621,0.84585,0.80905,0.50758,0.75693,0.5696,0.96958,0.53542,0.57499,0.76559,0.84378,0.6617,0.83523,0.71728,0.98209,0.81749,0.90792,0.93393,1.0259,1.1313,1.0137,0.82857,0.96724,0.89373,1.3005,1.3279,0.99394,0.85911,0.99966,1.0652,1.1374,0.98442,0.8894,0.93032,0.99798,1.1936,0.76111,0.87388,0.98572,1.0999,0.94246,0.99913,0.95831,1.1555,1.0235,1.0306,1.0805,1.0581,0.69081,1.0586
496,0.93863,0.67597,0.84585,0.80885,0.50748,0.75685,0.56958,0.96948,0.5358,0.57513,0.76578,0.84398,0.66171,0.83527,0.71727,0.98186,0.81777,0.90794,0.93373,1.0261,1.132,1.0136,0.82855,0.96729,0.89383,1.3004,1.3279,0.99398,0.85887,0.99957,1.0652,1.1371,0.98443,0.88922,0.93036,0.99773,1.1934,0.761,0.87374,0.9856,1.1,0.94245,0.99902,0.95816,1.1556,1.0235,1.0306,1.0805,1.058,0.69054,1.0587
497,0.93888,0.67599,0.84582,0.8086,0.50752,0.75668,0.56952,0.96944,0.5362,0.5752,0.76614,0.84413,0.6618,0.83533,0.7172,0.98161,0.818,0.90801,0.93357,1.0262,1.1323,1.0136,0.82831,0.96741,0.89383,1.3003,1.328,0.99384,0.85886,0.99956,1.0653,1.1367,0.98441,0.88908,0.93043,0.99753,1.1934,0.76097,0.87356,0.98552,1.1001,0.94243,0.99885,0.95803,1.1557,1.0234,1.0306,1.0805,1.058,0.69032,1.0586
498,0.93922,0.67606,0.84585,0.80862,0.5077,0.75663,0.56933,0.96942,0.53644,0.57525,0.76665,0.844,0.66189,0.83545,0.71701,0.9814,0.81823,0.90796,0.93328,1.0262,1.1324,1.0135,0.82784,0.96749,0.89377,1.3001,1.3281,0.99396,0.85893,0.99947,1.0651,1.1365,0.98432,0.88907,0.93046,0.99757,1.1934,0.76098,0.87339,0.98545,1.1002,0.94244,0.9987,0.95797,1.1557,1.0233,1.0306,1.0805,1.0579,0.69009,1.0586
499,0.93976,0.67593,0.84599,0.80868,0.5078,0.75677,0.56921,0.96937,0.53659,0.57509,0.76688,0.84396,0.66197,0.83563,0.717,0.98109,0.81858,0.90795,0.93314,1.0264,1.1328,1.0135,0.82744,0.96742,0.89376,1.3,1.3282,0.99427,0.85864,0.99924,1.065,1.1365,0.98413,0.8891,0.93043,0.99761,1.1937,0.76097,0.87317,0.98552,1.1003,0.94245,0.99848,0.95788,1.1558,1.0232,1.0305,1.0805,1.0578,0.68982,1.0587
500,0.94024,0.67583,0.84621,0.80865,0.50787,0.75686,0.56919,0.9694,0.53686,0.57501,0.76711,0.84414,0.66196,0.83567,0.71701,0.98086,0.81885,0.90795,0.93296,1.0266,1.1332,1.0136,0.82713,0.96719,0.8937,1.2999,1.3283,0.99438,0.85817,0.99894,1.065,1.1366,0.98378,0.88899,0.93022,0.99753,1.1937,0.76093,0.87302,0.98558,1.1003,0.94247,0.99825,0.95767,1.1558,1.023,1.0304,1.0805,1.0577,0.68939,1.0586
501,0.94067,0.67582,0.84633,0.80859,0.50797,0.757,0.56915,0.96962,0.5372,0.57507,0.76729,0.84438,0.66179,0.83577,0.717,0.98065,0.81911,0.90792,0.93265,1.0267,1.1333,1.0137,0.82697,0.96699,0.8935,1.2999,1.3284,0.99442,0.85772,0.99868,1.0652,1.1369,0.98341,0.88891,0.92994,0.99729,1.1937,0.76094,0.87295,0.98543,1.1002,0.94245,0.99812,0.95751,1.1559,1.0229,1.0304,1.0806,1.0576,0.68889,1.0585
502,0.94124,0.67572,0.84629,0.80864,0.50815,0.75722,0.56911,0.96996,0.53755,0.57499,0.76738,0.84443,0.66158,0.83597,0.71699,0.98057,0.8195,0.9079,0.93242,1.0269,1.1337,1.0136,0.82691,0.96691,0.89335,1.2999,1.3285,0.99456,0.85751,0.99845,1.0652,1.1371,0.98318,0.88891,0.9298,0.99702,1.1938,0.76087,0.87277,0.98515,1.1001,0.94239,0.99811,0.95742,1.156,1.0228,1.0304,1.0806,1.0575,0.68844,1.0585
503,0.94181,0.67575,0.84632,0.80859,0.50825,0.75746,0.56901,0.97,0.53776,0.57485,0.76771,0.84433,0.66142,0.83617,0.71695,0.98035,0.81976,0.90792,0.9323,1.027,1.134,1.0135,0.82677,0.96657,0.89309,1.2999,1.3286,0.99472,0.85727,0.99824,1.0652,1.1373,0.9831,0.88868,0.92965,0.99679,1.1942,0.76095,0.87264,0.98496,1.1001,0.94232,0.99804,0.95723,1.156,1.0226,1.0304,1.0807,1.0574,0.688,1.0585
504,0.94227,0.67581,0.84635,0.80855,0.50836,0.75759,0.56886,0.97004,0.53798,0.57479,0.76808,0.84424,0.66135,0.83633,0.71694,0.97997,0.81998,0.90797,0.93222,1.027,1.1343,1.0136,0.82654,0.96628,0.89297,1.2997,1.3287,0.99472,0.85694,0.99806,1.0652,1.1373,0.98297,0.88842,0.92961,0.99657,1.1945,0.76098,0.87252,0.98483,1.1,0.94231,0.99791,0.95706,1.156,1.0224,1.0303,1.0808,1.0573,0.68765,1.0586
505,0.94266,0.67558,0.84623,0.80842,0.50846,0.7575,0.56878,0.97017,0.53828,0.57463,0.76827,0.84432,0.66133,0.83626,0.71701,0.97968,0.82013,0.90792,0.93207,1.0272,1.1346,1.0138,0.82631,0.96611,0.89295,1.2996,1.3288,0.99456,0.85674,0.99789,1.0653,1.1372,0.98277,0.88824,0.92968,0.9963,1.1945,0.76076,0.87229,0.98475,1.0999,0.94233,0.99774,0.95687,1.1561,1.0224,1.0303,1.0807,1.0572,0.68737,1.0586
506,0.94297,0.67526,0.84616,0.80843,0.50854,0.75734,0.56863,0.97012,0.53859,0.57468,0.76827,0.84416,0.66131,0.83609,0.71703,0.97935,0.82027,0.90788,0.93189,1.0272,1.1349,1.0139,0.82594,0.96593,0.89295,1.2993,1.3289,0.99456,0.85663,0.99794,1.0652,1.1371,0.98265,0.88803,0.92977,0.99621,1.1946,0.7605,0.87202,0.98463,1.0998,0.94224,0.9977,0.95674,1.1561,1.0223,1.0303,1.0807,1.0573,0.687,1.0585
507,0.94318,0.67512,0.84626,0.80842,0.50852,0.75716,0.56839,0.97011,0.53893,0.5747,0.76825,0.84399,0.66118,0.83593,0.71699,0.9792,0.82056,0.90773,0.93165,1.0272,1.1354,1.0138,0.82563,0.96587,0.8931,1.2991,1.329,0.9947,0.8565,0.99803,1.0653,1.137,0.98252,0.8878,0.92988,0.99617,1.1946,0.76039,0.87189,0.98451,1.0997,0.94219,0.99767,0.95665,1.1562,1.0222,1.0303,1.0806,1.0572,0.68673,1.0586
508,0.94337,0.67513,0.84635,0.80821,0.50855,0.75712,0.56825,0.96991,0.53928,0.57455,0.76836,0.84408,0.66099,0.83586,0.71674,0.97916,0.82082,0.90746,0.9315,1.0274,1.1356,1.0136,0.82535,0.96585,0.89313,1.2992,1.329,0.99494,0.85622,0.9978,1.0655,1.1371,0.98234,0.88758,0.92986,0.99607,1.1945,0.76037,0.87178,0.98423,1.0997,0.94215,0.99745,0.95647,1.1562,1.0221,1.0301,1.0806,1.0571,0.68651,1.0585
509,0.94348,0.67494,0.84638,0.80819,0.50869,0.75719,0.56811,0.96979,0.53953,0.57442,0.76851,0.84405,0.66094,0.83584,0.71648,0.97894,0.82104,0.90752,0.93138,1.0272,1.1356,1.0133,0.82501,0.96567,0.89303,1.299,1.3291,0.99482,0.85594,0.99733,1.0656,1.1369,0.98221,0.88738,0.92977,0.99599,1.1943,0.76035,0.87171,0.98382,1.0996,0.94202,0.99729,0.95622,1.1563,1.022,1.0301,1.0805,1.057,0.68614,1.0584
510,0.94366,0.67469,0.84623,0.80816,0.50876,0.75721,0.56792,0.96982,0.53977,0.57424,0.76863,0.84395,0.66099,0.83586,0.71637,0.97866,0.82118,0.90746,0.93122,1.0271,1.1355,1.0132,0.82462,0.96544,0.89294,1.2989,1.3291,0.9946,0.8558,0.99688,1.0655,1.1366,0.98215,0.88734,0.92966,0.99596,1.1942,0.76032,0.87178,0.98377,1.0994,0.94184,0.99715,0.95606,1.1563,1.022,1.0301,1.0805,1.057,0.68589,1.0583
511,0.94396,0.67447,0.84607,0.80799,0.50879,0.75722,0.56778,0.97007,0.54008,0.57405,0.76874,0.84392,0.66098,0.83588,0.71627,0.97836,0.8213,0.90721,0.93103,1.0271,1.1354,1.0133,0.82418,0.96532,0.89285,1.2987,1.3292,0.99457,0.85587,0.99671,1.0654,1.1364,0.98215,0.88726,0.9296,0.9959,1.1943,0.76024,0.87186,0.984,1.0994,0.94167,0.99701,0.95602,1.1563,1.022,1.03,1.0804,1.0571,0.68569,1.0582
512,0.94418,0.67424,0.84611,0.8077,0.50891,0.75709,0.56758,0.97021,0.54047,0.57388,0.76888,0.84373,0.66087,0.8358,0.71599,0.97816,0.82157,0.90726,0.93064,1.0271,1.1358,1.0135,0.82381,0.9654,0.89287,1.2985,1.3291,0.99473,0.85574,0.99664,1.0654,1.1362,0.9821,0.88699,0.92963,0.99581,1.1943,0.76008,0.87173,0.98402,1.0997,0.9416,0.9968,0.95598,1.1561,1.022,1.03,1.0804,1.057,0.68543,1.0583
513,0.94437,0.67394,0.84618,0.80756,0.50899,0.75695,0.56743,0.97027,0.5406,0.57388,0.76898,0.84357,0.66076,0.83581,0.71574,0.97797,0.8216,0.90719,0.93027,1.0272,1.1361,1.0137,0.8234,0.96541,0.89277,1.2984,1.3292,0.99482,0.85547,0.99662,1.0653,1.1359,0.98214,0.88675,0.92962,0.9958,1.1944,0.76014,0.87149,0.98378,1.0998,0.94161,0.99659,0.95585,1.1561,1.022,1.0299,1.0802,1.057,0.68517,1.0583
514,0.94453,0.67368,0.84626,0.8075,0.50905,0.7568,0.56734,0.9703,0.54059,0.57398,0.76919,0.84348,0.66062,0.83576,0.71555,0.97769,0.82158,0.90699,0.93012,1.0273,1.1363,1.0138,0.82306,0.96542,0.89275,1.2983,1.3292,0.9948,0.85521,0.99656,1.0652,1.1356,0.98212,0.8866,0.92947,0.99584,1.1944,0.7602,0.87126,0.98366,1.0998,0.94169,0.99644,0.95568,1.1561,1.0219,1.0299,1.0802,1.057,0.68483,1.0584
515,0.94462,0.67359,0.84634,0.80731,0.50909,0.75669,0.56731,0.97037,0.5408,0.57395,0.76939,0.84365,0.66055,0.83562,0.71536,0.97743,0.82172,0.90684,0.92989,1.0272,1.1364,1.0138,0.82281,0.96549,0.89298,1.2983,1.3292,0.99468,0.85505,0.99628,1.0651,1.1353,0.98188,0.88657,0.92928,0.99591,1.1944,0.76017,0.87105,0.98382,1.0998,0.94179,0.99646,0.95545,1.1561,1.0218,1.0298,1.0803,1.057,0.68447,1.0584
516,0.94505,0.67343,0.84645,0.80724,0.50905,0.75655,0.5673,0.97022,0.54098,0.57377,0.76938,0.84402,0.6606,0.83567,0.71525,0.97723,0.82202,0.90676,0.92971,1.0274,1.1365,1.0137,0.82247,0.96569,0.8931,1.2983,1.3292,0.99482,0.85496,0.99592,1.0652,1.1353,0.98144,0.88668,0.9289,0.99561,1.1944,0.75998,0.87078,0.98389,1.0998,0.94179,0.99631,0.95529,1.156,1.0216,1.0298,1.0803,1.0568,0.6842,1.0583
517,0.94561,0.6733,0.84654,0.80727,0.50902,0.75661,0.56725,0.96999,0.54105,0.57361,0.76937,0.84418,0.66059,0.8358,0.71526,0.97707,0.82231,0.90665,0.92964,1.0276,1.1365,1.0134,0.82204,0.96563,0.89271,1.2983,1.3291,0.99509,0.85482,0.99558,1.0654,1.1357,0.98108,0.88651,0.92827,0.99506,1.1943,0.75971,0.87045,0.98366,1.0997,0.94167,0.99604,0.95525,1.156,1.0214,1.0298,1.0803,1.0566,0.68386,1.0583
518,0.94573,0.67314,0.84653,0.807,0.50909,0.75687,0.56707,0.96961,0.54123,0.5734,0.76936,0.84389,0.66024,0.83577,0.71524,0.97681,0.82238,0.90646,0.92955,1.0275,1.1361,1.0129,0.82144,0.96521,0.89193,1.2982,1.3291,0.99512,0.85447,0.99524,1.0653,1.1359,0.98092,0.88594,0.92759,0.99454,1.1943,0.75953,0.87014,0.9831,1.0992,0.94141,0.99578,0.95506,1.156,1.0211,1.0299,1.0801,1.0563,0.68338,1.0581
519,0.94596,0.67284,0.84629,0.80707,0.50916,0.75702,0.56692,0.96962,0.54162,0.57316,0.76914,0.84366,0.6599,0.83603,0.71512,0.97659,0.82241,0.90644,0.92947,1.0276,1.1361,1.0128,0.82102,0.96462,0.89156,1.298,1.3291,0.9949,0.85419,0.99512,1.0651,1.1359,0.98095,0.88547,0.92739,0.99452,1.1949,0.75975,0.86989,0.98302,1.099,0.94124,0.99571,0.95479,1.1563,1.021,1.0298,1.0801,1.0562,0.68298,1.0579
520,0.94626,0.67252,0.84603,0.80713,0.50933,0.75695,0.56667,0.96958,0.54179,0.57301,0.76922,0.84365,0.65964,0.83632,0.71485,0.97637,0.82254,0.90632,0.92923,1.0276,1.1362,1.0129,0.82071,0.9644,0.89151,1.2979,1.3293,0.99477,0.85402,0.99507,1.0648,1.1357,0.98096,0.88531,0.92759,0.99465,1.1954,0.75981,0.86965,0.98323,1.099,0.94113,0.9957,0.95464,1.1566,1.021,1.0298,1.0803,1.0563,0.6827,1.0579
521,0.94653,0.67222,0.84599,0.8069,0.50953,0.75666,0.56632,0.96942,0.54187,0.57299,0.76956,0.84385,0.65946,0.83639,0.71465,0.97607,0.8227,0.90613,0.92894,1.0277,1.1365,1.0129,0.82042,0.96447,0.89168,1.298,1.3295,0.99484,0.85389,0.99481,1.0648,1.1356,0.98082,0.88522,0.92786,0.99464,1.1954,0.75967,0.86944,0.98335,1.099,0.94116,0.99561,0.95462,1.1565,1.021,1.0298,1.0803,1.0563,0.68248,1.0579
522,0.94684,0.67207,0.84609,0.80657,0.50945,0.75638,0.56609,0.96962,0.54213,0.57291,0.76958,0.844,0.65948,0.83629,0.71439,0.97577,0.82274,0.90606,0.92864,1.0277,1.1371,1.013,0.82019,0.96446,0.89182,1.2979,1.3296,0.99496,0.85383,0.99458,1.0649,1.1356,0.98047,0.88505,0.92793,0.99453,1.1953,0.75949,0.86949,0.98311,1.0991,0.94128,0.99541,0.95445,1.1563,1.021,1.0297,1.0802,1.0564,0.68222,1.0578
523,0.9471,0.67194,0.84607,0.80636,0.50934,0.75622,0.56591,0.96981,0.54218,0.57279,0.76952,0.84391,0.65937,0.83607,0.71409,0.97543,0.82286,0.9059,0.92845,1.0275,1.1374,1.0129,0.81976,0.96427,0.89177,1.2978,1.3298,0.99503,0.85378,0.99444,1.065,1.1355,0.9803,0.88491,0.92787,0.99448,1.1955,0.75929,0.86941,0.98283,1.099,0.9412,0.99535,0.95427,1.1561,1.0209,1.0296,1.0802,1.0564,0.6819,1.0577
524,0.94733,0.67163,0.84598,0.80634,0.50938,0.7561,0.56567,0.96983,0.54219,0.57262,0.76952,0.84372,0.65919,0.83578,0.71391,0.97518,0.82303,0.90565,0.92832,1.0273,1.1377,1.0128,0.81911,0.96413,0.89181,1.2978,1.3301,0.99504,0.85367,0.99435,1.065,1.1352,0.98029,0.8848,0.92781,0.99463,1.1957,0.75909,0.8692,0.98274,1.0989,0.94103,0.99542,0.95422,1.1561,1.0207,1.0296,1.0803,1.0564,0.68159,1.0577
525,0.94766,0.67137,0.84579,0.80614,0.50941,0.756,0.56549,0.96949,0.54229,0.57257,0.76961,0.8436,0.65917,0.83567,0.71372,0.97495,0.82316,0.90555,0.92796,1.0274,1.1382,1.0128,0.81844,0.96424,0.89208,1.2978,1.3301,0.99521,0.85368,0.99424,1.0651,1.1351,0.9803,0.88465,0.92764,0.99461,1.1957,0.75898,0.86912,0.98282,1.0992,0.94087,0.99538,0.95408,1.1559,1.0206,1.0294,1.0803,1.0563,0.68135,1.0578
526,0.94814,0.67117,0.84581,0.80593,0.50936,0.75587,0.5655,0.96925,0.54215,0.57234,0.76957,0.84362,0.65911,0.83571,0.71347,0.97477,0.82322,0.90543,0.92772,1.0276,1.1385,1.0128,0.81801,0.96412,0.89202,1.2978,1.3301,0.99548,0.85364,0.99405,1.0653,1.135,0.98012,0.88447,0.92717,0.99439,1.1954,0.75873,0.86894,0.98249,1.0995,0.94079,0.99515,0.95387,1.1559,1.0206,1.0294,1.0802,1.0563,0.68112,1.0579
527,0.94861,0.6709,0.84587,0.80577,0.50928,0.75579,0.56551,0.96903,0.54191,0.57203,0.76929,0.84341,0.65898,0.83579,0.71322,0.97464,0.82339,0.9053,0.92766,1.0276,1.1385,1.0126,0.81774,0.96386,0.89157,1.2977,1.3301,0.99551,0.85345,0.99377,1.0654,1.1351,0.97986,0.88422,0.9265,0.99407,1.1953,0.7585,0.8685,0.98201,1.0995,0.94071,0.9949,0.95373,1.1557,1.0204,1.0295,1.0802,1.0562,0.68073,1.0578
528,0.94882,0.67061,0.84572,0.80562,0.50921,0.75594,0.56517,0.96906,0.54182,0.57192,0.76909,0.84291,0.65883,0.83589,0.71304,0.9743,0.82351,0.90524,0.9274,1.0275,1.1382,1.0123,0.81738,0.96355,0.89104,1.2975,1.3302,0.99528,0.85324,0.99359,1.0652,1.1356,0.97966,0.8839,0.92625,0.99393,1.1959,0.75851,0.86798,0.98189,1.0994,0.94049,0.99481,0.95358,1.1555,1.0202,1.0295,1.0801,1.0561,0.68011,1.0577
529,0.94912,0.67047,0.84565,0.80543,0.50934,0.75583,0.56471,0.96925,0.54192,0.5718,0.76895,0.84267,0.6587,0.83593,0.7128,0.97401,0.82355,0.90506,0.92701,1.0274,1.1381,1.0124,0.81709,0.9632,0.89098,1.2974,1.3304,0.99526,0.85312,0.9936,1.065,1.1357,0.97974,0.88371,0.92626,0.99392,1.1963,0.75853,0.8677,0.98202,1.0992,0.94052,0.99474,0.95346,1.1555,1.0201,1.0295,1.0802,1.056,0.67978,1.0577
530,0.94947,0.67027,0.84561,0.80517,0.50945,0.75546,0.56436,0.96947,0.54206,0.57168,0.76905,0.84263,0.65858,0.83584,0.71262,0.97383,0.82368,0.90478,0.92667,1.0274,1.1384,1.0126,0.8168,0.96311,0.89118,1.2975,1.3307,0.99541,0.85302,0.9937,1.0648,1.1354,0.97988,0.88376,0.92655,0.99393,1.1964,0.75842,0.86765,0.9821,1.0992,0.94071,0.99464,0.95337,1.1558,1.0201,1.0293,1.0803,1.056,0.67964,1.0577
531,0.94968,0.66997,0.84552,0.80491,0.50948,0.75518,0.56414,0.96949,0.54206,0.57153,0.76918,0.84257,0.65833,0.83558,0.71237,0.97358,0.82366,0.90459,0.92657,1.0274,1.1387,1.0127,0.81643,0.96326,0.89137,1.2976,1.3307,0.99559,0.85264,0.99352,1.0648,1.1351,0.97989,0.88373,0.92683,0.99379,1.1962,0.75822,0.86771,0.98192,1.0992,0.94066,0.99445,0.95318,1.1561,1.02,1.0292,1.0803,1.056,0.6794,1.0577
532,0.94978,0.66967,0.84523,0.80458,0.50927,0.75511,0.56398,0.96942,0.54182,0.5713,0.76903,0.84235,0.65791,0.83539,0.71201,0.97325,0.82362,0.90447,0.92634,1.0274,1.1389,1.0126,0.81598,0.96335,0.89142,1.2974,1.3308,0.99563,0.85219,0.99314,1.0646,1.135,0.97973,0.88363,0.92669,0.99356,1.1961,0.75805,0.86756,0.98147,1.0991,0.94052,0.99427,0.95301,1.1562,1.02,1.0291,1.0803,1.056,0.67907,1.0576
533,0.94992,0.66939,0.84512,0.80432,0.50916,0.75492,0.56374,0.96933,0.54164,0.57105,0.76889,0.84214,0.65761,0.83544,0.71166,0.97296,0.82377,0.90437,0.92614,1.0273,1.1391,1.0124,0.81553,0.96324,0.89112,1.2973,1.3308,0.99564,0.85177,0.99272,1.0645,1.1349,0.97947,0.88335,0.92636,0.99324,1.1962,0.75797,0.8672,0.98096,1.0988,0.94041,0.99401,0.95287,1.1562,1.0199,1.0292,1.0802,1.056,0.67862,1.0576
534,0.95005,0.66905,0.84514,0.80433,0.50923,0.75469,0.56331,0.96905,0.54161,0.57069,0.7688,0.84195,0.65738,0.83546,0.71134,0.97276,0.82385,0.9042,0.92604,1.0273,1.139,1.0121,0.81505,0.963,0.89074,1.2972,1.3308,0.9957,0.85149,0.99242,1.0646,1.135,0.97927,0.88285,0.9262,0.99303,1.1964,0.75799,0.86678,0.98067,1.0985,0.94032,0.99383,0.95274,1.1561,1.0198,1.0293,1.08,1.056,0.67815,1.0576
535,0.95008,0.66867,0.84484,0.80416,0.50929,0.7546,0.56291,0.96859,0.54179,0.57034,0.76859,0.84154,0.65712,0.83541,0.71101,0.97256,0.8237,0.904,0.92593,1.027,1.139,1.0118,0.81459,0.96282,0.89085,1.2971,1.331,0.99575,0.85152,0.99207,1.0649,1.135,0.97901,0.8826,0.92621,0.99312,1.1967,0.75793,0.8664,0.98068,1.0983,0.94014,0.99391,0.95266,1.1559,1.0195,1.0292,1.08,1.0559,0.67788,1.0576
536,0.95014,0.66833,0.84464,0.80403,0.50931,0.75447,0.56266,0.96838,0.54196,0.57014,0.76845,0.84136,0.65703,0.83517,0.71058,0.97221,0.82372,0.9038,0.92575,1.0268,1.1392,1.0117,0.81419,0.96293,0.89095,1.297,1.3311,0.99581,0.85175,0.99181,1.0649,1.1348,0.97887,0.88262,0.92613,0.99334,1.1969,0.7578,0.86629,0.98072,1.0984,0.94006,0.99407,0.95259,1.1559,1.0193,1.029,1.0801,1.0559,0.67768,1.0577
537,0.95041,0.66793,0.84457,0.80393,0.50928,0.75433,0.56247,0.96831,0.54204,0.56998,0.76834,0.84132,0.65695,0.83485,0.71018,0.97178,0.82389,0.90359,0.92535,1.0271,1.1393,1.0116,0.81385,0.96315,0.89094,1.297,1.3312,0.99573,0.85199,0.99175,1.065,1.1343,0.97883,0.88261,0.92595,0.99348,1.1968,0.75767,0.86622,0.98064,1.0987,0.94011,0.99417,0.95247,1.156,1.0192,1.0291,1.0801,1.0559,0.67742,1.0577
538,0.95059,0.6676,0.84444,0.80365,0.50926,0.75419,0.56229,0.96836,0.54202,0.56982,0.76824,0.8413,0.65678,0.83468,0.70994,0.97143,0.82412,0.90339,0.92494,1.0269,1.1394,1.0114,0.81336,0.96321,0.89083,1.2969,1.3312,0.99591,0.85214,0.99155,1.0651,1.1341,0.97876,0.8825,0.92571,0.99343,1.1968,0.7576,0.86594,0.98036,1.0987,0.94002,0.99403,0.95222,1.1559,1.019,1.029,1.0801,1.0558,0.67711,1.0577
539,0.95073,0.66736,0.84438,0.80339,0.50927,0.7541,0.56207,0.96837,0.542,0.56971,0.7683,0.84144,0.65658,0.83469,0.70968,0.97105,0.82426,0.90326,0.92468,1.0269,1.1395,1.0112,0.81285,0.96294,0.89078,1.2969,1.3312,0.99624,0.85218,0.99135,1.065,1.1338,0.97853,0.88246,0.92539,0.99329,1.1968,0.75751,0.86566,0.9801,1.0986,0.93999,0.99384,0.95211,1.1559,1.0188,1.029,1.08,1.0557,0.67693,1.0576
540,0.95099,0.66703,0.84444,0.80315,0.50926,0.754,0.56184,0.96831,0.54197,0.5696,0.76831,0.84156,0.6564,0.83489,0.70937,0.97079,0.82442,0.90309,0.92455,1.027,1.1396,1.011,0.8123,0.96257,0.89063,1.297,1.3313,0.99637,0.85216,0.99122,1.0651,1.1338,0.97829,0.8823,0.92513,0.99315,1.1969,0.75749,0.86534,0.97987,1.0983,0.94,0.99362,0.95204,1.1559,1.0187,1.029,1.08,1.0556,0.67669,1.0575
541,0.95143,0.6666,0.84426,0.80294,0.50931,0.75389,0.56155,0.96802,0.54186,0.56931,0.76805,0.84139,0.6561,0.83502,0.7091,0.9706,0.82456,0.90285,0.92437,1.0269,1.1396,1.0108,0.81167,0.96226,0.89024,1.297,1.3313,0.99633,0.85216,0.99106,1.065,1.134,0.97807,0.8819,0.925,0.993,1.1969,0.75755,0.86497,0.9797,1.0979,0.93979,0.99335,0.9518,1.1558,1.0186,1.0289,1.0801,1.0555,0.67617,1.0574
542,0.95164,0.66632,0.84393,0.80274,0.5093,0.75382,0.56119,0.96752,0.54168,0.56899,0.76763,0.84126,0.65588,0.83504,0.70878,0.9704,0.82467,0.90272,0.92424,1.0269,1.1394,1.0106,0.81103,0.96203,0.89,1.2969,1.3314,0.99638,0.85232,0.99083,1.065,1.1341,0.97809,0.88132,0.92498,0.993,1.1973,0.75757,0.86458,0.97944,1.0978,0.93957,0.99329,0.95169,1.1557,1.0184,1.0289,1.08,1.0554,0.67574,1.0573
543,0.95169,0.66604,0.84385,0.80257,0.50928,0.75368,0.56083,0.96739,0.54159,0.56873,0.76749,0.84112,0.65571,0.83507,0.70832,0.97019,0.82467,0.90257,0.92402,1.027,1.1393,1.0105,0.81054,0.96192,0.8899,1.2968,1.3315,0.99642,0.85264,0.99056,1.0647,1.134,0.97812,0.8808,0.92503,0.99301,1.1977,0.75744,0.8643,0.97925,1.0978,0.93949,0.99331,0.95166,1.1556,1.0183,1.0289,1.0799,1.0554,0.67547,1.0572
544,0.95182,0.66564,0.84395,0.80248,0.5093,0.75352,0.56049,0.96743,0.54159,0.56853,0.76758,0.84091,0.65543,0.83505,0.70786,0.97001,0.82462,0.90238,0.92373,1.0269,1.1394,1.0105,0.81012,0.96188,0.88985,1.2967,1.3316,0.99645,0.853,0.99043,1.0645,1.1339,0.97801,0.8805,0.92513,0.99291,1.1981,0.75715,0.8641,0.97907,1.0978,0.9395,0.99327,0.95161,1.1557,1.0184,1.0289,1.0799,1.0553,0.67527,1.0571
545,0.95198,0.6653,0.84381,0.80214,0.50929,0.75323,0.56017,0.96727,0.54163,0.56849,0.76757,0.84079,0.65513,0.83503,0.70756,0.96984,0.82473,0.90211,0.92345,1.0268,1.1396,1.0107,0.80963,0.96186,0.88985,1.2967,1.3318,0.99645,0.8532,0.99019,1.0645,1.1338,0.97779,0.8804,0.92516,0.9928,1.1984,0.75695,0.864,0.97882,1.0978,0.9395,0.99319,0.95153,1.1558,1.0183,1.0289,1.0799,1.0553,0.67508,1.0571
546,0.95213,0.66492,0.84351,0.80176,0.50924,0.75299,0.55979,0.9671,0.54159,0.56839,0.7674,0.84065,0.65477,0.83484,0.70724,0.96944,0.82479,0.90182,0.92327,1.0268,1.1398,1.0107,0.80911,0.96181,0.88983,1.2967,1.3319,0.99644,0.8532,0.98987,1.0647,1.1336,0.97744,0.88043,0.92493,0.99274,1.1982,0.75672,0.86391,0.97883,1.0977,0.93956,0.99309,0.95141,1.1559,1.0181,1.0288,1.0799,1.0553,0.67477,1.0571
547,0.95236,0.66436,0.8433,0.80162,0.50922,0.75287,0.5594,0.96688,0.54143,0.56816,0.76722,0.84046,0.65441,0.83452,0.70681,0.96891,0.82477,0.90151,0.92312,1.0268,1.1397,1.0104,0.80852,0.96172,0.88974,1.2965,1.3318,0.99656,0.85302,0.9896,1.0648,1.1335,0.9772,0.88039,0.92452,0.99274,1.1976,0.75649,0.86363,0.97895,1.0976,0.93945,0.99286,0.95128,1.1559,1.0178,1.0287,1.0799,1.0553,0.6744,1.0571
548,0.95248,0.66391,0.84318,0.80142,0.50926,0.75275,0.55912,0.96655,0.54135,0.56798,0.76706,0.8403,0.65412,0.83411,0.70632,0.9685,0.82487,0.9014,0.92291,1.0267,1.1393,1.0101,0.80789,0.96156,0.88965,1.2963,1.3318,0.99664,0.85257,0.98936,1.0647,1.1331,0.97726,0.88018,0.92427,0.99261,1.1974,0.75634,0.86328,0.97867,1.0976,0.93905,0.99251,0.95113,1.1562,1.0175,1.0288,1.0798,1.0553,0.67409,1.057
549,0.95252,0.66349,0.8431,0.80113,0.50926,0.75258,0.55889,0.96622,0.54144,0.56772,0.7668,0.84034,0.65395,0.83379,0.70576,0.96826,0.82495,0.9013,0.92264,1.0266,1.1392,1.0099,0.80724,0.96153,0.88959,1.2962,1.3318,0.99664,0.85211,0.98898,1.0647,1.1327,0.97735,0.87979,0.92413,0.99238,1.1974,0.75617,0.86292,0.97843,1.0975,0.93887,0.99229,0.95093,1.1563,1.0173,1.0287,1.0796,1.0553,0.67388,1.057
550,0.95266,0.66316,0.84305,0.80077,0.50924,0.75231,0.55868,0.96608,0.54156,0.56739,0.76647,0.84043,0.65384,0.83365,0.70533,0.96813,0.82502,0.90105,0.92235,1.0265,1.1392,1.01,0.80662,0.96154,0.88946,1.2963,1.3319,0.99659,0.85197,0.98834,1.0648,1.1325,0.97747,0.87937,0.92404,0.99233,1.1976,0.7561,0.86242,0.97826,1.0973,0.9389,0.99216,0.95079,1.156,1.017,1.0285,1.0795,1.0553,0.67374,1.0569
551,0.95276,0.66291,0.84294,0.80052,0.50931,0.75209,0.55853,0.96605,0.54163,0.56716,0.76627,0.84039,0.65365,0.83374,0.70491,0.96777,0.82509,0.90091,0.92223,1.0262,1.1393,1.0098,0.80612,0.96146,0.88936,1.2964,1.332,0.99659,0.85206,0.98786,1.065,1.1324,0.9776,0.87911,0.92393,0.99225,1.1978,0.75599,0.86192,0.97784,1.0973,0.93886,0.99196,0.95081,1.1557,1.0168,1.0284,1.0795,1.0553,0.67349,1.0568
552,0.95282,0.66254,0.8428,0.80035,0.50931,0.75196,0.55839,0.96623,0.54154,0.56685,0.7661,0.84036,0.65353,0.83379,0.70448,0.9675,0.82521,0.90075,0.92202,1.026,1.1393,1.0097,0.80557,0.96127,0.8893,1.2963,1.3321,0.9967,0.85233,0.98769,1.0651,1.1324,0.97737,0.87888,0.92378,0.99218,1.1978,0.75579,0.8614,0.97743,1.0973,0.9387,0.99182,0.95074,1.1555,1.0166,1.0285,1.0796,1.0552,0.6732,1.0567
553,0.95303,0.66225,0.84252,0.8002,0.50927,0.75181,0.55822,0.96631,0.54145,0.56657,0.76598,0.84038,0.65337,0.83375,0.70422,0.96732,0.82535,0.90053,0.92167,1.0259,1.1392,1.0094,0.80502,0.96109,0.88925,1.2961,1.3321,0.99685,0.85262,0.98777,1.065,1.1325,0.97698,0.87862,0.92356,0.99208,1.1979,0.75562,0.86093,0.97724,1.0971,0.93847,0.99172,0.95057,1.1553,1.0165,1.0284,1.0797,1.0551,0.67286,1.0567
554,0.95327,0.66199,0.84227,0.79994,0.5093,0.75167,0.5579,0.96603,0.54144,0.56649,0.76597,0.84018,0.65308,0.83367,0.70381,0.96704,0.82551,0.90028,0.92126,1.0258,1.1391,1.0091,0.80446,0.96098,0.88933,1.2961,1.3321,0.99688,0.85263,0.98765,1.0648,1.1322,0.97662,0.87843,0.92341,0.99192,1.1982,0.75555,0.86068,0.97712,1.0969,0.93828,0.9916,0.95044,1.1551,1.0165,1.0284,1.0796,1.0549,0.67251,1.0566
555,0.95351,0.66168,0.84224,0.79969,0.50937,0.75154,0.55762,0.96579,0.54138,0.56631,0.76591,0.83993,0.65291,0.83375,0.70347,0.96667,0.82553,0.90016,0.92092,1.0257,1.1392,1.0089,0.80393,0.96089,0.88933,1.2961,1.3322,0.99682,0.85264,0.98744,1.0648,1.132,0.97647,0.87827,0.92331,0.99178,1.1981,0.75561,0.86056,0.97711,1.0968,0.93825,0.9916,0.95026,1.155,1.0164,1.0284,1.0796,1.0548,0.67228,1.0567
556,0.95377,0.66121,0.84222,0.79936,0.50942,0.75141,0.55732,0.96561,0.54129,0.56612,0.76585,0.83968,0.65283,0.83384,0.70324,0.96617,0.8255,0.90015,0.92078,1.0257,1.1392,1.0089,0.8034,0.96095,0.88924,1.2961,1.3322,0.99688,0.85278,0.98717,1.065,1.1317,0.97626,0.87811,0.92321,0.99166,1.1978,0.75556,0.86045,0.97702,1.0969,0.93824,0.99163,0.95015,1.1549,1.0164,1.0283,1.0796,1.0548,0.67201,1.0567
557,0.95394,0.66073,0.84217,0.79909,0.50941,0.75125,0.55691,0.96523,0.54121,0.56593,0.76578,0.83941,0.65274,0.83373,0.70296,0.96562,0.82567,0.89991,0.92064,1.0256,1.1394,1.0091,0.80273,0.96112,0.88914,1.2961,1.3323,0.99707,0.85306,0.98682,1.0654,1.1316,0.976,0.87789,0.92296,0.99151,1.1978,0.7553,0.86035,0.97661,1.0968,0.93818,0.99144,0.95015,1.1549,1.0162,1.0283,1.0796,1.0548,0.67169,1.0566
558,0.95423,0.66041,0.84211,0.79871,0.50949,0.7512,0.55661,0.96509,0.54142,0.56571,0.76568,0.83955,0.65252,0.83364,0.70251,0.96514,0.82594,0.89976,0.92039,1.0255,1.1392,1.0089,0.80238,0.96117,0.88905,1.2961,1.3324,0.99718,0.85315,0.98641,1.0654,1.1317,0.97572,0.87735,0.92251,0.99145,1.198,0.755,0.85997,0.97609,1.0966,0.93809,0.99122,0.95,1.155,1.016,1.0282,1.0795,1.0547,0.67128,1.0565
559,0.95455,0.66013,0.84193,0.79845,0.50965,0.75124,0.55637,0.96514,0.54149,0.56555,0.76563,0.83968,0.65235,0.8336,0.70206,0.96482,0.82604,0.89966,0.92008,1.0254,1.1389,1.0086,0.80205,0.96098,0.88869,1.2959,1.3324,0.99717,0.85304,0.98596,1.0651,1.1316,0.9756,0.87689,0.92208,0.99135,1.1982,0.75493,0.85951,0.97577,1.0966,0.93794,0.99091,0.94982,1.1551,1.0157,1.0282,1.0795,1.0546,0.67082,1.0564
560,0.95472,0.65979,0.84189,0.79843,0.50979,0.75128,0.55606,0.96509,0.54135,0.56543,0.76557,0.83958,0.6522,0.83356,0.70161,0.9646,0.82603,0.89941,0.91984,1.0255,1.1387,1.0085,0.80141,0.96066,0.88833,1.2959,1.3323,0.99696,0.85298,0.98548,1.0649,1.1316,0.97561,0.8767,0.92182,0.99128,1.1981,0.75511,0.85911,0.97562,1.0967,0.93774,0.99049,0.94956,1.155,1.0154,1.0282,1.0794,1.0545,0.67041,1.0563
561,0.95514,0.65934,0.84177,0.79842,0.50988,0.75126,0.55565,0.96492,0.5415,0.56528,0.76552,0.83954,0.65192,0.83349,0.70117,0.96448,0.82611,0.89917,0.91961,1.0253,1.1384,1.0084,0.80057,0.96043,0.88831,1.2959,1.3324,0.99703,0.85322,0.98528,1.0647,1.1317,0.97543,0.87675,0.92187,0.99135,1.1979,0.75534,0.85882,0.97561,1.0968,0.93765,0.99032,0.94925,1.155,1.0152,1.0282,1.0793,1.0544,0.67018,1.0562
562,0.95571,0.659,0.84162,0.79824,0.51006,0.75123,0.55534,0.96473,0.542,0.56525,0.76548,0.83983,0.6518,0.83343,0.70095,0.96424,0.82632,0.89899,0.91939,1.0251,1.1385,1.0083,0.7998,0.96034,0.8883,1.2959,1.3326,0.99732,0.85375,0.98512,1.0645,1.1318,0.97535,0.87679,0.92182,0.99132,1.1979,0.75543,0.85863,0.97553,1.0967,0.93765,0.99024,0.94914,1.1551,1.0151,1.0283,1.0793,1.0544,0.67004,1.0562
563,0.95596,0.65886,0.8415,0.79794,0.51023,0.75119,0.55523,0.96448,0.54252,0.56521,0.76531,0.84008,0.65174,0.83352,0.70078,0.96389,0.8265,0.89901,0.91913,1.0249,1.1387,1.0083,0.79922,0.96025,0.8883,1.2958,1.3327,0.99745,0.85442,0.98477,1.0642,1.1318,0.97535,0.87673,0.92172,0.99121,1.1981,0.75539,0.85834,0.97527,1.0964,0.93763,0.99016,0.94912,1.1552,1.015,1.0282,1.0793,1.0545,0.66982,1.0564
564,0.9561,0.65864,0.84151,0.79768,0.51035,0.75115,0.55507,0.96435,0.54274,0.565,0.76515,0.84007,0.65161,0.83355,0.70046,0.96347,0.82675,0.89892,0.91872,1.0248,1.1385,1.0085,0.7988,0.96005,0.88832,1.2958,1.3328,0.99748,0.8548,0.9846,1.064,1.1316,0.97516,0.87655,0.92174,0.99133,1.1985,0.75508,0.85777,0.97487,1.0963,0.93754,0.99005,0.94912,1.1552,1.0148,1.0281,1.0793,1.0545,0.66956,1.0564
565,0.95647,0.65836,0.84163,0.79756,0.51043,0.75115,0.5549,0.96422,0.54293,0.5649,0.76493,0.83998,0.65157,0.83356,0.70014,0.96299,0.82697,0.89872,0.91832,1.0248,1.1383,1.0086,0.7986,0.95987,0.8883,1.2957,1.333,0.99761,0.85491,0.98442,1.064,1.1316,0.97494,0.87651,0.92166,0.99127,1.1986,0.75475,0.85737,0.97454,1.0963,0.93744,0.98994,0.94916,1.1553,1.0145,1.028,1.0793,1.0543,0.66922,1.0564
566,0.95701,0.65819,0.84165,0.79756,0.51056,0.75121,0.55474,0.96405,0.54319,0.56499,0.76467,0.83996,0.6516,0.83359,0.69994,0.96257,0.82716,0.8986,0.91805,1.025,1.1382,1.0084,0.79854,0.95953,0.88822,1.2957,1.3332,0.99786,0.85478,0.98408,1.0641,1.1319,0.97471,0.87651,0.9215,0.99095,1.1986,0.75448,0.85707,0.97436,1.0962,0.93739,0.98988,0.94926,1.1554,1.0142,1.0279,1.0795,1.054,0.66879,1.0564
567,0.95773,0.65796,0.84168,0.7975,0.51072,0.75129,0.55448,0.96392,0.5434,0.56502,0.7646,0.83994,0.65171,0.83355,0.69994,0.96234,0.82735,0.89847,0.91774,1.0251,1.1386,1.0083,0.79839,0.95904,0.88812,1.2959,1.3334,0.99807,0.8541,0.98355,1.064,1.132,0.97445,0.87636,0.92145,0.99074,1.1989,0.75416,0.85674,0.97442,1.0958,0.93744,0.98993,0.94934,1.1557,1.0141,1.0279,1.0795,1.054,0.66836,1.0563
568,0.95851,0.65772,0.84185,0.79736,0.51108,0.75149,0.5542,0.96385,0.54347,0.56496,0.76487,0.8398,0.65171,0.83364,0.69967,0.96209,0.82767,0.89849,0.91756,1.0254,1.1391,1.0083,0.79818,0.95886,0.8882,1.2961,1.3337,0.99839,0.8545,0.98241,1.0641,1.1318,0.97449,0.87599,0.92129,0.99055,1.1991,0.75407,0.8564,0.97447,1.0955,0.93762,0.99008,0.94936,1.1557,1.0139,1.028,1.0797,1.0541,0.66796,1.0564
569,0.95914,0.65755,0.84193,0.79712,0.51135,0.75159,0.55395,0.964,0.5435,0.56476,0.76533,0.83962,0.65169,0.83371,0.69929,0.96178,0.82791,0.89862,0.91746,1.0253,1.1394,1.0085,0.79794,0.95889,0.88822,1.2963,1.334,0.9987,0.85609,0.98104,1.0645,1.1316,0.97462,0.87567,0.92094,0.99042,1.1991,0.75392,0.85609,0.97447,1.0955,0.93777,0.99015,0.9493,1.1555,1.0137,1.0279,1.0799,1.0541,0.66749,1.0564
570,0.95977,0.65743,0.84189,0.79681,0.51151,0.7515,0.55388,0.96424,0.54366,0.56447,0.76566,0.8397,0.65158,0.83375,0.69899,0.96148,0.8279,0.89864,0.91722,1.0249,1.1395,1.0085,0.79754,0.95898,0.88807,1.2964,1.3341,0.99889,0.85711,0.98097,1.0648,1.1316,0.97469,0.87547,0.92017,0.99049,1.1988,0.75351,0.85577,0.97446,1.096,0.93774,0.99005,0.94907,1.1551,1.0136,1.028,1.0801,1.0542,0.66695,1.0563
571,0.96061,0.65728,0.84192,0.79666,0.51166,0.75153,0.55374,0.9643,0.54365,0.56427,0.76576,0.83974,0.65129,0.83359,0.69873,0.96115,0.82802,0.89849,0.91701,1.0247,1.1396,1.0082,0.79662,0.95883,0.88778,1.2966,1.3343,0.99904,0.85737,0.98145,1.0649,1.1312,0.9744,0.87534,0.91914,0.99033,1.1991,0.75334,0.85535,0.9746,1.0961,0.93761,0.9898,0.94878,1.155,1.0135,1.0281,1.08,1.0541,0.66641,1.0563
572,0.96126,0.65704,0.84188,0.79639,0.51177,0.75163,0.55347,0.96424,0.54377,0.56401,0.7658,0.83957,0.65124,0.83343,0.69857,0.96077,0.82811,0.89832,0.91672,1.0246,1.1396,1.008,0.79567,0.95869,0.88769,1.2967,1.3345,0.99905,0.85771,0.98196,1.0649,1.1309,0.97411,0.87516,0.91864,0.99017,1.1993,0.75326,0.8549,0.97454,1.0959,0.93759,0.98956,0.94849,1.155,1.0134,1.0282,1.08,1.0539,0.66604,1.0562
573,0.96179,0.65675,0.84178,0.79593,0.51194,0.75176,0.55324,0.96427,0.54405,0.56377,0.76587,0.83944,0.65138,0.83352,0.69847,0.96031,0.82809,0.89824,0.91639,1.0246,1.1396,1.0078,0.79496,0.95862,0.88779,1.2967,1.3347,0.9991,0.8595,0.98192,1.0647,1.1308,0.97386,0.87491,0.91866,0.99026,1.1996,0.75321,0.85443,0.97428,1.0958,0.93767,0.98948,0.94817,1.1551,1.0133,1.0281,1.0802,1.0537,0.66582,1.0561
574,0.96246,0.65684,0.84166,0.79568,0.51207,0.75181,0.55296,0.96424,0.54422,0.56366,0.766,0.8395,0.65133,0.83372,0.69832,0.9601,0.82831,0.89832,0.91622,1.0246,1.1397,1.0077,0.79432,0.95863,0.8879,1.2965,1.335,0.99948,0.85938,0.98148,1.0647,1.1306,0.97371,0.87467,0.91865,0.99008,1.1998,0.75312,0.85397,0.97395,1.0956,0.93771,0.98947,0.94806,1.1551,1.013,1.0281,1.0802,1.0536,0.66557,1.0561
575,0.96293,0.65657,0.84168,0.79552,0.51215,0.75182,0.55273,0.96407,0.54448,0.56349,0.76611,0.83974,0.65133,0.83402,0.69799,0.95969,0.8286,0.89828,0.91597,1.0244,1.1396,1.0076,0.79387,0.95854,0.88775,1.2964,1.3351,0.99973,0.85701,0.98085,1.0646,1.1306,0.9735,0.87453,0.91864,0.98995,1.1998,0.75269,0.85355,0.9736,1.0954,0.93762,0.9893,0.94803,1.1549,1.0127,1.028,1.0802,1.0536,0.66516,1.0561
576,0.96323,0.65615,0.84175,0.7954,0.51231,0.7519,0.55261,0.96376,0.54476,0.56327,0.76608,0.84005,0.65131,0.8342,0.6976,0.95908,0.82892,0.89809,0.91536,1.0242,1.1394,1.0075,0.7935,0.95837,0.8875,1.2963,1.3351,0.99971,0.8533,0.98035,1.0643,1.1306,0.97321,0.87436,0.91858,0.98991,1.1996,0.75225,0.85309,0.97308,1.0951,0.93743,0.98896,0.94804,1.1547,1.0124,1.0278,1.0802,1.0536,0.66468,1.0561
577,0.96334,0.65604,0.84169,0.79534,0.51256,0.75194,0.55245,0.9634,0.54496,0.56312,0.76597,0.84012,0.65119,0.83425,0.69728,0.9587,0.82919,0.89793,0.915,1.0243,1.1394,1.0075,0.79294,0.95819,0.8874,1.2962,1.3351,0.99962,0.85103,0.98024,1.0642,1.1304,0.97302,0.87404,0.91851,0.99004,1.1993,0.75214,0.85275,0.97239,1.095,0.93726,0.98879,0.94798,1.1547,1.0122,1.0278,1.08,1.0536,0.66435,1.0559
578,0.96322,0.65547,0.84161,0.79522,0.51276,0.75196,0.55212,0.96296,0.54527,0.56311,0.76596,0.83997,0.65101,0.83414,0.69684,0.95836,0.82946,0.89775,0.91487,1.0241,1.1391,1.0075,0.79237,0.95806,0.8873,1.296,1.3351,0.99944,0.85034,0.98031,1.0643,1.1304,0.97286,0.87365,0.9183,0.99001,1.1992,0.75219,0.85239,0.9719,1.0951,0.93709,0.98841,0.94787,1.1548,1.012,1.0278,1.0798,1.0535,0.66403,1.0557
579,0.96273,0.65489,0.84145,0.79503,0.51294,0.75205,0.55174,0.96253,0.54565,0.56323,0.76607,0.83977,0.65078,0.83407,0.69637,0.9579,0.82969,0.89756,0.91471,1.0238,1.1386,1.0075,0.79189,0.95792,0.88713,1.2955,1.3349,0.99925,0.85079,0.98042,1.0643,1.1302,0.97272,0.87324,0.91804,0.98983,1.1991,0.75211,0.85182,0.9716,1.0951,0.93677,0.98795,0.9478,1.1547,1.0117,1.0278,1.0796,1.0535,0.66377,1.0556
580,0.96197,0.65448,0.84133,0.79477,0.51315,0.7521,0.55143,0.96212,0.546,0.56329,0.76614,0.83977,0.6505,0.83404,0.69598,0.95732,0.82984,0.8974,0.91452,1.0237,1.138,1.0075,0.79129,0.95778,0.88686,1.295,1.3346,0.99916,0.85121,0.98076,1.0642,1.1296,0.97263,0.87301,0.91785,0.9896,1.199,0.75186,0.85118,0.97125,1.0948,0.93649,0.98766,0.94756,1.1545,1.0113,1.0277,1.0795,1.0533,0.66363,1.0557
581,0.96127,0.65387,0.84126,0.79455,0.51339,0.75206,0.55125,0.96168,0.5463,0.56327,0.76618,0.83968,0.65022,0.83382,0.69551,0.95661,0.82998,0.89726,0.91417,1.0234,1.1374,1.0075,0.79057,0.95782,0.88664,1.2947,1.3343,0.99908,0.85184,0.98077,1.0641,1.129,0.97246,0.87306,0.91772,0.98945,1.1991,0.75144,0.85057,0.97089,1.0946,0.93625,0.98747,0.94723,1.1539,1.0108,1.0276,1.0792,1.0533,0.6637,1.0557
582,0.96072,0.65325,0.84112,0.79432,0.51362,0.75201,0.55121,0.96153,0.54664,0.56325,0.76627,0.83962,0.64997,0.83354,0.69509,0.95586,0.83008,0.89709,0.91378,1.0232,1.1369,1.0073,0.78991,0.9579,0.88648,1.2944,1.334,0.99891,0.85332,0.98009,1.064,1.1283,0.97221,0.87296,0.91762,0.98944,1.1993,0.75085,0.85,0.97081,1.0945,0.93596,0.98742,0.94704,1.1535,1.0105,1.0276,1.0789,1.0532,0.66371,1.0556
583,0.96031,0.65253,0.84106,0.7939,0.51386,0.75199,0.55116,0.96154,0.54699,0.56324,0.76632,0.83975,0.64968,0.83333,0.69477,0.95518,0.83016,0.89687,0.91351,1.0233,1.1365,1.007,0.78932,0.95794,0.88639,1.2942,1.3336,0.9987,0.8573,0.97845,1.0637,1.1277,0.97189,0.87266,0.91749,0.98952,1.1991,0.75025,0.84939,0.97082,1.0944,0.93564,0.98743,0.94705,1.1534,1.0103,1.0276,1.0787,1.0531,0.66355,1.0556
584,0.96018,0.65206,0.8412,0.79364,0.51417,0.75206,0.55104,0.96137,0.5476,0.56323,0.76648,0.83985,0.64965,0.83335,0.69445,0.95457,0.83058,0.89664,0.91319,1.0236,1.1364,1.0068,0.78881,0.95792,0.88644,1.2941,1.3334,0.99875,0.86014,0.97711,1.0633,1.1275,0.97149,0.87242,0.91719,0.98942,1.1989,0.74993,0.84894,0.97065,1.0944,0.93552,0.98729,0.94697,1.1536,1.01,1.0275,1.0786,1.053,0.66341,1.0556
585,0.96023,0.65172,0.84141,0.79352,0.51451,0.75231,0.55092,0.96091,0.54816,0.56311,0.76672,0.83998,0.64957,0.83347,0.69412,0.95421,0.83115,0.89653,0.91289,1.0238,1.1363,1.0069,0.78846,0.95791,0.8865,1.2943,1.3334,0.999,0.85995,0.97636,1.0632,1.1278,0.97143,0.87228,0.91683,0.98944,1.1986,0.74975,0.84858,0.97036,1.0945,0.9355,0.98714,0.9469,1.1536,1.0097,1.0274,1.0786,1.053,0.66321,1.0554
586,0.96065,0.65146,0.84169,0.79346,0.51495,0.75278,0.55087,0.96032,0.54853,0.56292,0.76699,0.8404,0.64943,0.83374,0.69376,0.95398,0.83178,0.8966,0.91263,1.024,1.1364,1.0069,0.78822,0.95792,0.88653,1.2944,1.3334,0.99924,0.85588,0.97596,1.0634,1.1283,0.97161,0.87216,0.9166,0.98965,1.1983,0.74955,0.84815,0.97019,1.0944,0.93559,0.98703,0.94693,1.1535,1.0096,1.0273,1.0788,1.053,0.66292,1.0552
587,0.9616,0.65137,0.84206,0.79348,0.51547,0.75328,0.55077,0.96015,0.54891,0.56271,0.76749,0.84066,0.64952,0.83405,0.6935,0.95361,0.83222,0.89689,0.91217,1.0242,1.1365,1.0071,0.78781,0.9579,0.88643,1.2948,1.3335,0.99974,0.85341,0.97505,1.0637,1.128,0.9714,0.87196,0.91676,0.98998,1.1985,0.74932,0.84768,0.97044,1.0942,0.93594,0.98706,0.94688,1.1539,1.0096,1.0273,1.0791,1.0528,0.66254,1.0551
588,0.96265,0.65141,0.84254,0.79354,0.51595,0.75382,0.55071,0.96007,0.54936,0.56258,0.76801,0.84116,0.6496,0.83408,0.69334,0.95326,0.83268,0.89712,0.91171,1.0244,1.137,1.0073,0.78739,0.95777,0.88646,1.2952,1.3338,1.0006,0.85338,0.97396,1.0639,1.1279,0.97101,0.87195,0.91672,0.99002,1.1983,0.749,0.84724,0.97059,1.0939,0.93638,0.98695,0.94681,1.1542,1.0093,1.0274,1.0794,1.0527,0.66176,1.0551
589,0.96336,0.65141,0.84277,0.79346,0.51639,0.75439,0.55065,0.95979,0.55,0.56251,0.76814,0.84187,0.64958,0.83408,0.69314,0.95285,0.83318,0.89711,0.91142,1.0245,1.1374,1.0073,0.78684,0.95756,0.88634,1.2953,1.3341,1.0012,0.85511,0.97324,1.064,1.128,0.97067,0.87182,0.91622,0.98959,1.198,0.74864,0.84667,0.97019,1.0936,0.93657,0.9866,0.94675,1.1543,1.0088,1.0273,1.0796,1.0525,0.66065,1.0551
590,0.96367,0.65093,0.84249,0.79325,0.51685,0.75491,0.55041,0.95933,0.55079,0.56244,0.76794,0.84218,0.64929,0.83423,0.69269,0.95208,0.83331,0.89702,0.91105,1.0242,1.137,1.0071,0.78598,0.95735,0.88569,1.295,1.3342,1.0012,0.85732,0.97289,1.0638,1.1278,0.97039,0.87113,0.91564,0.98921,1.1982,0.7484,0.84583,0.9694,1.0932,0.9362,0.98621,0.94657,1.1542,1.008,1.0273,1.0796,1.0524,0.65955,1.0549
591,0.96374,0.65057,0.84232,0.79329,0.51734,0.75523,0.55012,0.95889,0.55145,0.56254,0.7679,0.84219,0.64901,0.83431,0.69224,0.95147,0.83347,0.89694,0.91078,1.0239,1.1362,1.0068,0.78523,0.95707,0.88557,1.2948,1.3342,1.0011,0.8596,0.97247,1.0635,1.1276,0.9702,0.87048,0.91529,0.98907,1.1984,0.74824,0.84499,0.96907,1.093,0.93565,0.98604,0.94638,1.1541,1.0077,1.0273,1.0795,1.0523,0.65923,1.0548
592,0.96367,0.65024,0.84235,0.79319,0.51776,0.75547,0.54986,0.95866,0.55193,0.5626,0.76823,0.84219,0.64898,0.83444,0.69203,0.95104,0.83383,0.89683,0.91054,1.0239,1.1356,1.0067,0.78464,0.95685,0.8858,1.2947,1.3342,1.001,0.86165,0.97178,1.0634,1.1273,0.97017,0.87022,0.91534,0.98923,1.1985,0.74794,0.84423,0.96891,1.0929,0.93537,0.98597,0.94625,1.154,1.0077,1.0272,1.0793,1.0522,0.65924,1.0548
593,0.96372,0.64982,0.84251,0.79287,0.51809,0.75569,0.54975,0.95823,0.55233,0.56248,0.76874,0.84219,0.64902,0.83452,0.6917,0.95038,0.83428,0.8968,0.91003,1.024,1.1353,1.0063,0.78404,0.95672,0.88577,1.2946,1.3341,1.0008,0.86331,0.97141,1.0636,1.127,0.97025,0.87025,0.91542,0.9893,1.1984,0.74725,0.84358,0.96856,1.0926,0.93511,0.98568,0.94611,1.1539,1.0076,1.0271,1.0793,1.0522,0.65897,1.0548
594,0.96386,0.64928,0.8425,0.79258,0.51842,0.75596,0.54944,0.95797,0.55288,0.56246,0.76921,0.84229,0.64894,0.83493,0.6912,0.94982,0.83475,0.89667,0.90955,1.0239,1.135,1.006,0.78339,0.95649,0.88565,1.2943,1.3341,1.0008,0.86395,0.97139,1.0637,1.1267,0.97015,0.87024,0.91522,0.98912,1.1985,0.7468,0.843,0.96823,1.0925,0.93484,0.9854,0.94606,1.1539,1.0073,1.027,1.0792,1.0521,0.65857,1.0546
595,0.96381,0.64875,0.84242,0.79223,0.51879,0.7561,0.54904,0.95765,0.55345,0.56247,0.76955,0.84256,0.64887,0.83526,0.69062,0.94925,0.83512,0.89656,0.90928,1.0237,1.1345,1.0059,0.7828,0.95635,0.88546,1.2941,1.334,1.0008,0.8635,0.97157,1.0636,1.1264,0.96985,0.8701,0.9152,0.98891,1.1985,0.74639,0.84236,0.96787,1.0923,0.93455,0.9851,0.94601,1.154,1.0068,1.0269,1.0789,1.0521,0.65819,1.0542
596,0.9635,0.64839,0.84237,0.79196,0.51929,0.75616,0.54869,0.9572,0.55396,0.56246,0.76982,0.84261,0.64881,0.83528,0.68993,0.94876,0.83548,0.89648,0.90911,1.0237,1.1338,1.0059,0.78226,0.95634,0.88522,1.2938,1.3339,1.0005,0.86249,0.97152,1.0633,1.1261,0.96951,0.86981,0.91558,0.9889,1.1982,0.74588,0.84169,0.96758,1.092,0.93429,0.98481,0.94592,1.1542,1.0062,1.0269,1.0786,1.0519,0.65803,1.0541
597,0.96303,0.64773,0.84239,0.79158,0.51967,0.75636,0.54851,0.95663,0.55467,0.56246,0.77005,0.84261,0.64852,0.83514,0.68934,0.94813,0.83591,0.89621,0.9088,1.0238,1.1331,1.0058,0.78159,0.95625,0.88517,1.2937,1.3337,1.0002,0.8616,0.97137,1.063,1.1259,0.96931,0.86949,0.91595,0.98891,1.1982,0.74521,0.84081,0.96708,1.092,0.93392,0.98454,0.94577,1.1543,1.0058,1.0268,1.0782,1.0517,0.65796,1.054
598,0.96254,0.647,0.84228,0.79115,0.51993,0.75656,0.54836,0.95601,0.55554,0.56245,0.77018,0.84275,0.64822,0.8351,0.68883,0.94725,0.83632,0.89595,0.90835,1.0237,1.1325,1.0056,0.78091,0.95604,0.88506,1.2935,1.3335,1,0.86106,0.97112,1.0626,1.1257,0.9691,0.8691,0.91603,0.98876,1.198,0.74444,0.83982,0.96647,1.0918,0.93349,0.98424,0.94562,1.154,1.0054,1.0267,1.0777,1.0516,0.65781,1.0538
599,0.96193,0.64642,0.84212,0.79085,0.52015,0.75681,0.54802,0.95553,0.55637,0.56241,0.77025,0.84274,0.64797,0.83514,0.68824,0.94634,0.83655,0.89577,0.9078,1.0234,1.1315,1.0053,0.78008,0.95581,0.88478,1.2931,1.3334,0.9997,0.86077,0.97073,1.0623,1.1254,0.96888,0.8684,0.91569,0.98851,1.1977,0.7437,0.83878,0.96598,1.0913,0.933,0.98394,0.94552,1.1535,1.0051,1.0266,1.0774,1.0516,0.65765,1.0537
600,0.96133,0.64582,0.84224,0.79076,0.52042,0.75714,0.54762,0.95514,0.55688,0.56222,0.77032,0.84308,0.64758,0.83495,0.68758,0.94545,0.83655,0.89552,0.9071,1.0228,1.1302,1.0051,0.77874,0.95574,0.88449,1.2928,1.3331,0.9993,0.86045,0.97034,1.0622,1.125,0.96867,0.86756,0.91482,0.9885,1.1975,0.74309,0.83785,0.96575,1.091,0.93245,0.98363,0.94522,1.1526,1.0047,1.0264,1.0771,1.0515,0.65749,1.0537
601,0.96095,0.64516,0.84253,0.79058,0.52102,0.75737,0.54732,0.95421,0.55747,0.56191,0.77045,0.84367,0.64705,0.8347,0.68702,0.94435,0.83667,0.89521,0.90623,1.0224,1.1286,1.0047,0.77739,0.95555,0.88405,1.2927,1.3326,0.99891,0.85978,0.96982,1.0622,1.1246,0.96836,0.86658,0.9132,0.98839,1.1973,0.74303,0.83687,0.96573,1.0905,0.93172,0.98313,0.94476,1.1518,1.004,1.0264,1.0768,1.0513,0.65715,1.0535
602,0.96048,0.64443,0.84275,0.79048,0.52204,0.75763,0.54696,0.95275,0.55844,0.56157,0.77051,0.84407,0.64663,0.83442,0.68655,0.94316,0.83697,0.89507,0.90537,1.0223,1.1271,1.0041,0.77616,0.95542,0.88334,1.2926,1.3321,0.9988,0.85862,0.96899,1.0623,1.124,0.9679,0.86542,0.91126,0.98812,1.1969,0.7436,0.83581,0.96568,1.0897,0.93085,0.98242,0.94429,1.1511,1.0034,1.0265,1.0765,1.051,0.65671,1.053
603,0.9599,0.6437,0.84269,0.79059,0.52325,0.75828,0.54641,0.9512,0.55968,0.56132,0.77055,0.8446,0.64652,0.83426,0.68599,0.94227,0.83764,0.89515,0.90447,1.0229,1.1262,1.0031,0.77516,0.95551,0.88274,1.2926,1.3317,0.9988,0.85777,0.96814,1.0622,1.1231,0.96721,0.86444,0.91004,0.98796,1.1961,0.74447,0.83495,0.96541,1.0889,0.93021,0.98148,0.94393,1.1506,1.0029,1.0263,1.0763,1.0507,0.65625,1.0523
604,0.95976,0.64319,0.84257,0.79031,0.5241,0.75922,0.54626,0.94947,0.56024,0.5612,0.77075,0.84493,0.6463,0.83429,0.68499,0.94164,0.83876,0.89521,0.90366,1.0242,1.1267,1.0019,0.77438,0.95556,0.88236,1.2924,1.3313,0.9991,0.85713,0.96734,1.0617,1.1225,0.96629,0.86328,0.91091,0.98787,1.195,0.74464,0.83426,0.96341,1.0881,0.9299,0.98052,0.94366,1.1501,1.0026,1.026,1.0761,1.0505,0.6558,1.0516
605,0.95967,0.64285,0.84248,0.78952,0.52438,0.76025,0.54645,0.94811,0.56039,0.56131,0.77103,0.84518,0.6463,0.83463,0.68357,0.94124,0.84011,0.89525,0.90324,1.0253,1.1276,1.0009,0.77385,0.95489,0.88204,1.2921,1.3311,0.99972,0.85654,0.96665,1.0609,1.1223,0.96528,0.86211,0.91392,0.98782,1.1939,0.74332,0.83344,0.95993,1.0876,0.92995,0.97984,0.94375,1.1501,1.0023,1.0257,1.0758,1.0503,0.6554,1.0512
606,0.95946,0.64248,0.84238,0.78853,0.52391,0.76112,0.54691,0.94765,0.56043,0.56176,0.77117,0.84519,0.64668,0.83557,0.6821,0.94109,0.84165,0.89521,0.90309,1.0258,1.1281,1.0006,0.77348,0.95324,0.88183,1.2918,1.3311,1.0003,0.85593,0.96596,1.0601,1.1227,0.96446,0.86133,0.91836,0.98765,1.1932,0.74031,0.83244,0.95579,1.0878,0.93045,0.97986,0.94458,1.1507,1.0018,1.0255,1.0758,1.0501,0.65493,1.0511
607,0.95986,0.64244,0.84218,0.78763,0.52278,0.76154,0.54775,0.94849,0.56065,0.56255,0.77106,0.84528,0.64702,0.83683,0.68106,0.94112,0.84293,0.8947,0.90292,1.025,1.1275,1.0012,0.77294,0.95102,0.88189,1.2913,1.331,1.0007,0.8555,0.9656,1.0592,1.1241,0.96407,0.86134,0.92252,0.98744,1.1933,0.73645,0.83124,0.95268,1.0885,0.93115,0.98036,0.94569,1.152,1.001,1.0256,1.0757,1.0501,0.65446,1.0512
608,0.96082,0.64257,0.84226,0.78759,0.52236,0.76149,0.54842,0.94957,0.56206,0.56333,0.77103,0.84584,0.64746,0.83815,0.68087,0.94142,0.84435,0.89432,0.90273,1.0235,1.1258,1.0022,0.77176,0.95029,0.88227,1.2907,1.3309,1.0004,0.85538,0.96561,1.059,1.1249,0.96419,0.86223,0.92327,0.98705,1.1941,0.73509,0.83019,0.95313,1.0893,0.93203,0.98093,0.94636,1.1528,1.0007,1.0259,1.0752,1.0502,0.65403,1.0514
609,0.96199,0.64265,0.8427,0.7884,0.52335,0.76104,0.54861,0.95024,0.56454,0.5638,0.77153,0.8466,0.6478,0.83947,0.68157,0.94154,0.84572,0.89445,0.90274,1.0217,1.1238,1.0032,0.76979,0.95192,0.88283,1.2905,1.3309,0.99963,0.85566,0.96575,1.0595,1.124,0.96464,0.86372,0.91947,0.98636,1.1952,0.73726,0.82941,0.95728,1.0901,0.9328,0.98132,0.94623,1.1524,1.0009,1.0262,1.0747,1.0503,0.65364,1.0517
610,0.96335,0.64251,0.84314,0.78883,0.52588,0.76038,0.54818,0.9505,0.56655,0.56329,0.77333,0.84678,0.64777,0.83992,0.6828,0.94092,0.84625,0.8952,0.90282,1.0203,1.1239,1.0041,0.76694,0.95564,0.88322,1.2911,1.3309,0.99866,0.85585,0.96568,1.0607,1.1203,0.9656,0.8651,0.91184,0.98601,1.1966,0.74158,0.82917,0.96345,1.0905,0.93317,0.98137,0.94479,1.1508,1.0016,1.0266,1.0743,1.0503,0.65379,1.0522
611,0.96414,0.64244,0.84397,0.78841,0.52866,0.75991,0.54797,0.95124,0.56713,0.56235,0.77622,0.84686,0.6477,0.83953,0.68442,0.93986,0.84529,0.89587,0.90297,1.0196,1.1255,1.0048,0.76496,0.95857,0.88369,1.2922,1.3311,0.99766,0.85589,0.96549,1.0628,1.1168,0.96662,0.86577,0.90508,0.98624,1.1978,0.74311,0.82869,0.96846,1.0903,0.93303,0.9817,0.94302,1.1485,1.002,1.0271,1.0748,1.0504,0.6542,1.0532
612,0.96399,0.64255,0.84502,0.78807,0.53104,0.75993,0.54806,0.95229,0.5667,0.56165,0.7792,0.84753,0.64782,0.83844,0.68609,0.93838,0.84328,0.89638,0.90297,1.0195,1.1275,1.0054,0.76522,0.95967,0.88422,1.2934,1.3316,0.99724,0.85597,0.96549,1.0653,1.1154,0.96732,0.86561,0.90173,0.9869,1.1984,0.74053,0.82784,0.9712,1.0896,0.93253,0.98243,0.9419,1.1459,1.0019,1.0276,1.0759,1.0506,0.65452,1.0544
613,0.96324,0.64272,0.84587,0.78939,0.53268,0.76037,0.54806,0.95291,0.5664,0.56194,0.78082,0.84879,0.64854,0.83703,0.68721,0.93652,0.84118,0.89639,0.90267,1.0197,1.1278,1.0064,0.76854,0.95903,0.88469,1.2941,1.3323,0.99812,0.85625,0.96559,1.0671,1.1176,0.96776,0.86515,0.90282,0.98791,1.1985,0.73483,0.82686,0.97217,1.0887,0.93212,0.98323,0.94222,1.1444,1.0015,1.0274,1.0768,1.0508,0.65469,1.0549
614,0.96297,0.64264,0.84675,0.78975,0.53346,0.76149,0.54842,0.95441,0.56697,0.56309,0.78031,0.85053,0.64846,0.83617,0.68802,0.93384,0.83978,0.89547,0.90212,1.0191,1.1278,1.0078,0.771,0.95813,0.88481,1.2939,1.3325,0.99967,0.85674,0.96577,1.0679,1.1224,0.96863,0.86514,0.90472,0.98842,1.199,0.73143,0.8262,0.97175,1.0876,0.93175,0.98376,0.94315,1.1464,1.0005,1.0272,1.0775,1.0509,0.6549,1.0556
615,0.96316,0.64254,0.84758,0.78978,0.5337,0.76284,0.54873,0.95625,0.56839,0.56435,0.77799,0.85212,0.64786,0.83616,0.68815,0.93085,0.83965,0.89452,0.90134,1.0178,1.1268,1.0094,0.77232,0.95731,0.88496,1.2929,1.3323,1.0005,0.85735,0.96597,1.0678,1.1272,0.97004,0.8665,0.90499,0.98841,1.2007,0.7321,0.82578,0.97081,1.0867,0.93114,0.98399,0.94404,1.1519,0.99977,1.0272,1.0779,1.0509,0.65488,1.0564
616,0.96326,0.64263,0.84839,0.79122,0.53403,0.76381,0.54849,0.95713,0.57036,0.56523,0.77522,0.85275,0.64775,0.83667,0.68693,0.92817,0.84072,0.89424,0.90056,1.0158,1.1241,1.0112,0.77293,0.95652,0.88543,1.2921,1.3318,0.99963,0.85773,0.96585,1.067,1.1297,0.97166,0.86989,0.90228,0.98813,1.2032,0.73677,0.82541,0.97008,1.0859,0.9302,0.98389,0.94433,1.1589,0.99969,1.0272,1.078,1.0508,0.65431,1.057
617,0.96343,0.64239,0.84915,0.79287,0.53547,0.76436,0.54796,0.95681,0.57356,0.56572,0.77429,0.85308,0.64912,0.8363,0.68542,0.92753,0.84322,0.89431,0.89959,1.0145,1.119,1.0122,0.7732,0.95531,0.88545,1.2916,1.3314,0.99642,0.858,0.96556,1.0657,1.1314,0.97273,0.87422,0.8992,0.98815,1.2048,0.74113,0.82553,0.96973,1.0855,0.92939,0.98406,0.9444,1.1623,1,1.0271,1.0781,1.0506,0.65335,1.0572
618,0.96386,0.64214,0.84947,0.79279,0.5384,0.76479,0.54758,0.95615,0.57832,0.56629,0.77533,0.85309,0.6509,0.83475,0.68448,0.92892,0.84551,0.89443,0.89862,1.0139,1.1143,1.0124,0.77199,0.9539,0.88521,1.2912,1.3309,0.99243,0.85822,0.96532,1.0642,1.1322,0.97277,0.87754,0.89828,0.98848,1.2048,0.74314,0.82614,0.96854,1.0855,0.92896,0.98389,0.94428,1.1604,1.0001,1.027,1.0781,1.0505,0.65237,1.057
619,0.96451,0.6421,0.84977,0.79093,0.54257,0.76509,0.54756,0.95578,0.58448,0.56713,0.77766,0.85184,0.65233,0.83271,0.68424,0.93173,0.84617,0.8949,0.89793,1.0143,1.1128,1.0118,0.76923,0.95283,0.88531,1.2911,1.3304,0.98975,0.85814,0.9651,1.063,1.1311,0.97208,0.87888,0.90033,0.98878,1.2037,0.74245,0.82678,0.96559,1.0857,0.92889,0.98281,0.94416,1.1545,0.99963,1.0269,1.078,1.0505,0.65163,1.0566
620,0.9647,0.64187,0.84983,0.78977,0.54669,0.76533,0.54629,0.95525,0.59069,0.56783,0.77979,0.84848,0.65317,0.83136,0.68415,0.93341,0.84376,0.89615,0.8983,1.016,1.1144,1.0118,0.76707,0.95346,0.88547,1.2912,1.3297,0.9905,0.85776,0.96478,1.0622,1.1246,0.97127,0.87847,0.90397,0.9889,1.2038,0.74304,0.82675,0.96164,1.0857,0.92857,0.97978,0.94392,1.15,0.99877,1.0274,1.077,1.0506,0.65151,1.056
621,0.96442,0.64142,0.8495,0.78906,0.54918,0.76625,0.54476,0.95354,0.59272,0.56829,0.78172,0.84696,0.65354,0.83261,0.68504,0.93463,0.84102,0.89756,0.89903,1.0181,1.1152,1.0111,0.76612,0.95513,0.88541,1.2913,1.3293,0.99328,0.85726,0.96429,1.0621,1.1174,0.97052,0.87694,0.90741,0.98934,1.2039,0.74366,0.82648,0.9608,1.0855,0.92802,0.97667,0.94399,1.1478,0.99779,1.0276,1.0758,1.0506,0.65154,1.0553
622,0.96418,0.64093,0.84914,0.78883,0.54936,0.76826,0.54335,0.95097,0.58943,0.56893,0.78344,0.84878,0.65353,0.83627,0.68719,0.93543,0.8403,0.89843,0.89929,1.02,1.1131,1.0093,0.76609,0.95653,0.88503,1.2917,1.3292,0.99699,0.85702,0.96353,1.0622,1.1119,0.96946,0.87518,0.90924,0.99078,1.2035,0.74431,0.82631,0.96459,1.0853,0.92695,0.97515,0.94395,1.1474,0.99656,1.0268,1.0749,1.0504,0.65159,1.0545
623,0.96508,0.64099,0.84975,0.78834,0.54723,0.77036,0.54261,0.94827,0.58323,0.56971,0.78448,0.85112,0.65307,0.83972,0.69012,0.93608,0.84496,0.89857,0.89926,1.022,1.1092,1.0069,0.76643,0.95499,0.88456,1.2923,1.3297,1.0003,0.85703,0.96322,1.0627,1.1086,0.96818,0.87556,0.9067,0.99255,1.2018,0.74584,0.82549,0.97104,1.085,0.92557,0.97705,0.9439,1.1477,0.99549,1.0257,1.0741,1.0499,0.65139,1.0544
624,0.96623,0.64095,0.85055,0.78926,0.54428,0.77183,0.54266,0.94664,0.57867,0.57038,0.78497,0.85219,0.65183,0.84295,0.69144,0.93601,0.84902,0.89847,0.89896,1.0233,1.1063,1.0055,0.76778,0.953,0.88427,1.2929,1.33,1.0031,0.85699,0.96323,1.0634,1.1067,0.96728,0.87608,0.90176,0.99337,1.2006,0.74819,0.82337,0.97414,1.0842,0.92448,0.98044,0.94387,1.1483,0.99475,1.0251,1.0734,1.0494,0.65116,1.0546
625,0.96751,0.64058,0.8508,0.7918,0.5417,0.7728,0.54335,0.94572,0.57789,0.57051,0.78475,0.85235,0.65002,0.84602,0.69007,0.93524,0.84978,0.89861,0.89855,1.0237,1.1065,1.005,0.76979,0.95238,0.88418,1.2933,1.3303,1.0051,0.85641,0.96292,1.0645,1.1059,0.96713,0.87484,0.8971,0.99205,1.2005,0.75008,0.82017,0.97176,1.0831,0.92454,0.98294,0.94391,1.1487,0.99472,1.025,1.0729,1.0491,0.65082,1.0543
626,0.96937,0.64019,0.85028,0.79529,0.54076,0.77414,0.54402,0.9449,0.58139,0.56972,0.78424,0.85394,0.64884,0.84934,0.68633,0.93376,0.84658,0.89856,0.89774,1.0221,1.1107,1.005,0.77083,0.95472,0.88374,1.2935,1.3306,1.0057,0.85591,0.96241,1.0647,1.1057,0.96694,0.87062,0.89727,0.99007,1.2015,0.7507,0.81795,0.96562,1.0825,0.92616,0.98209,0.94332,1.1485,0.9951,1.0253,1.073,1.049,0.65072,1.0533
627,0.97156,0.64001,0.8498,0.79529,0.54173,0.77467,0.54439,0.94493,0.58645,0.56753,0.78424,0.85728,0.64991,0.8504,0.68506,0.93201,0.8475,0.89804,0.89682,1.0207,1.1185,1.0044,0.76665,0.95867,0.88303,1.2928,1.331,1.0049,0.85557,0.96194,1.0637,1.1044,0.96563,0.86788,0.89943,0.9888,1.1999,0.7513,0.81658,0.96322,1.0829,0.92786,0.9806,0.9418,1.1464,0.99545,1.0257,1.0734,1.0488,0.65029,1.052
628,0.97349,0.63988,0.84928,0.79287,0.54376,0.77455,0.54459,0.94536,0.59023,0.5651,0.78423,0.86055,0.65178,0.84988,0.68499,0.93036,0.85146,0.89728,0.89613,1.0204,1.1267,1.003,0.75973,0.96238,0.8822,1.2915,1.3314,1.0034,0.85527,0.9617,1.0618,1.1037,0.96372,0.86646,0.90251,0.98814,1.1964,0.75071,0.81607,0.96358,1.0839,0.92913,0.97918,0.94017,1.1438,0.99569,1.026,1.0737,1.0486,0.6496,1.0508
629,0.97466,0.63947,0.84896,0.79099,0.54564,0.77423,0.54477,0.94468,0.59013,0.56362,0.78334,0.8614,0.65209,0.84919,0.68351,0.92893,0.85525,0.89654,0.89547,1.0218,1.1309,1.0007,0.7546,0.96397,0.88149,1.2901,1.3314,1.0024,0.8547,0.96146,1.0596,1.1056,0.96209,0.86474,0.90571,0.98732,1.1925,0.74741,0.81611,0.96323,1.0845,0.92967,0.97769,0.93955,1.1421,0.99575,1.0256,1.0739,1.0484,0.64877,1.0497
630,0.97491,0.6389,0.8487,0.79136,0.5477,0.77435,0.54491,0.943,0.58751,0.56306,0.78215,0.86051,0.65087,0.84923,0.68054,0.92781,0.85723,0.89616,0.89493,1.0242,1.132,0.99816,0.75264,0.96284,0.88139,1.2891,1.3311,1.0021,0.85413,0.9613,1.0574,1.1107,0.96083,0.86144,0.90908,0.98587,1.1895,0.74291,0.81629,0.96121,1.0849,0.93012,0.97649,0.93991,1.1421,0.99591,1.0244,1.0739,1.0483,0.64821,1.0489
631,0.97501,0.63831,0.84849,0.79169,0.54855,0.77496,0.54559,0.94207,0.58489,0.56357,0.78201,0.8598,0.64969,0.84903,0.67834,0.92689,0.8582,0.89632,0.89455,1.0259,1.1318,0.99694,0.7523,0.96087,0.88168,1.2886,1.3308,1.0023,0.85379,0.96129,1.0561,1.1157,0.95985,0.85841,0.91277,0.98478,1.188,0.73809,0.81631,0.95913,1.0852,0.93068,0.97623,0.94068,1.1428,0.99577,1.0234,1.0735,1.0482,0.64787,1.0487
632,0.97521,0.63768,0.84876,0.78995,0.54748,0.77589,0.54691,0.94225,0.58345,0.56475,0.78316,0.86018,0.64937,0.84758,0.67809,0.92572,0.8587,0.89664,0.89405,1.0259,1.1312,0.99742,0.75234,0.95954,0.88196,1.2883,1.3305,1.0029,0.85355,0.96151,1.0562,1.1183,0.95906,0.85653,0.91673,0.98447,1.1873,0.73326,0.81583,0.95778,1.0853,0.93091,0.97658,0.94151,1.1433,0.99494,1.023,1.0729,1.0482,0.64743,1.049
633,0.97525,0.63765,0.84963,0.78774,0.54599,0.7769,0.54846,0.94284,0.58267,0.56586,0.78434,0.86072,0.64927,0.84551,0.67809,0.92455,0.85889,0.89685,0.89385,1.0254,1.13,0.99799,0.7528,0.95844,0.88224,1.2882,1.33,1.0034,0.85351,0.96166,1.0564,1.1198,0.95883,0.85509,0.92032,0.98443,1.1871,0.72824,0.81507,0.95662,1.0852,0.93114,0.97723,0.94234,1.1438,0.99391,1.0229,1.0722,1.0481,0.64711,1.0496
634,0.97493,0.63762,0.85044,0.78597,0.54515,0.77741,0.54959,0.9431,0.58308,0.5666,0.78536,0.86139,0.64932,0.84411,0.67819,0.92358,0.85946,0.89698,0.89393,1.0247,1.1283,0.99864,0.7527,0.95769,0.88237,1.2883,1.3296,1.0034,0.85361,0.96168,1.0569,1.1202,0.95909,0.85482,0.92129,0.98422,1.1872,0.72457,0.81407,0.95523,1.0848,0.93101,0.97758,0.94294,1.1443,0.99312,1.0231,1.0716,1.048,0.64696,1.0501
635,0.974,0.63726,0.85086,0.78493,0.5454,0.77767,0.55003,0.94279,0.58449,0.56723,0.78627,0.86217,0.64933,0.84387,0.67837,0.92289,0.86072,0.8971,0.89351,1.024,1.1259,0.99947,0.75185,0.95721,0.88249,1.2884,1.3294,1.003,0.85367,0.96175,1.0576,1.1202,0.95946,0.85575,0.91958,0.98382,1.1877,0.72278,0.81304,0.95354,1.0845,0.93022,0.97728,0.9432,1.1448,0.99273,1.0233,1.071,1.048,0.64689,1.0507
636,0.97292,0.6369,0.85139,0.78393,0.54634,0.77817,0.55015,0.94211,0.58645,0.56791,0.78718,0.86324,0.64944,0.84403,0.67868,0.92218,0.86248,0.89712,0.89295,1.0225,1.1237,1.0003,0.75056,0.9567,0.88287,1.2886,1.3291,1.0027,0.85363,0.96188,1.0582,1.1197,0.95938,0.85743,0.917,0.98369,1.1888,0.72208,0.81196,0.95197,1.0844,0.9293,0.97613,0.94321,1.1452,0.99255,1.0237,1.0705,1.048,0.64689,1.0512
637,0.97224,0.6367,0.85205,0.78327,0.54761,0.77878,0.54998,0.9416,0.58868,0.56855,0.78776,0.86406,0.64978,0.84419,0.67883,0.92136,0.86394,0.89716,0.89253,1.0212,1.1216,1.0009,0.7492,0.95646,0.8831,1.2886,1.3287,1.0025,0.85361,0.96194,1.0586,1.1189,0.95932,0.85926,0.91419,0.98393,1.1903,0.72218,0.8109,0.95086,1.0841,0.9285,0.97534,0.94292,1.1454,0.99222,1.024,1.0701,1.048,0.64704,1.0516
638,0.97182,0.63662,0.85279,0.7832,0.54901,0.77942,0.54974,0.94111,0.59106,0.56926,0.78807,0.86433,0.65019,0.84417,0.67873,0.92062,0.86487,0.8973,0.89242,1.0207,1.1198,1.0014,0.74807,0.95641,0.88316,1.2886,1.3283,1.0022,0.85385,0.96172,1.059,1.1177,0.95935,0.86089,0.9117,0.98437,1.1915,0.72267,0.8099,0.95031,1.0835,0.92786,0.97534,0.94251,1.1457,0.99167,1.0243,1.0698,1.0479,0.64724,1.0518
639,0.97176,0.63663,0.85346,0.7832,0.55046,0.77993,0.54993,0.94049,0.5933,0.56982,0.78883,0.86436,0.65029,0.84445,0.67881,0.92001,0.86544,0.89744,0.8921,1.0204,1.1182,1.0017,0.74723,0.95631,0.8831,1.2884,1.3278,1.0018,0.85404,0.96171,1.0597,1.1166,0.95935,0.86203,0.90946,0.98443,1.1924,0.72319,0.80896,0.95037,1.083,0.92732,0.97582,0.9423,1.1459,0.99104,1.0244,1.0695,1.0478,0.64714,1.0522
640,0.9717,0.63651,0.85385,0.78309,0.55181,0.7808,0.54984,0.94025,0.59506,0.57035,0.7896,0.86449,0.65038,0.84479,0.6789,0.91956,0.86611,0.89761,0.89163,1.0203,1.117,1.0018,0.74678,0.95633,0.88303,1.2881,1.3275,1.0014,0.85414,0.96175,1.06,1.1155,0.95959,0.86276,0.90765,0.98402,1.193,0.72365,0.80814,0.95035,1.0826,0.92696,0.97596,0.94221,1.1458,0.99051,1.0244,1.0692,1.0477,0.64688,1.0525
641,0.97174,0.6363,0.85423,0.78314,0.55318,0.78193,0.54966,0.94041,0.59642,0.57084,0.79002,0.86465,0.6506,0.84507,0.67894,0.91922,0.8666,0.89774,0.89139,1.0199,1.116,1.0018,0.74639,0.95641,0.88294,1.288,1.3273,1.0009,0.85414,0.96159,1.0601,1.1145,0.95989,0.86308,0.90641,0.98342,1.1936,0.72414,0.80738,0.95051,1.0821,0.92669,0.97583,0.9422,1.1454,0.98998,1.0244,1.069,1.0476,0.64654,1.0527
642,0.97216,0.63609,0.85481,0.78357,0.55449,0.783,0.54973,0.94106,0.59765,0.57104,0.79004,0.86503,0.65077,0.84553,0.67903,0.91882,0.86667,0.898,0.89114,1.0192,1.1153,1.0022,0.74611,0.95649,0.88255,1.2878,1.327,1.0008,0.85405,0.96122,1.0598,1.1138,0.95991,0.8632,0.90585,0.98319,1.194,0.72478,0.80659,0.95104,1.0817,0.92634,0.97581,0.94205,1.1451,0.98942,1.0242,1.0688,1.0474,0.64621,1.0527
643,0.97292,0.63592,0.85525,0.78401,0.55588,0.78401,0.54954,0.94147,0.59903,0.57105,0.79034,0.86562,0.65089,0.84635,0.67917,0.91809,0.86656,0.89805,0.89069,1.0188,1.1151,1.0026,0.74601,0.95671,0.88232,1.2876,1.3268,1.0009,0.85401,0.96114,1.0595,1.113,0.95994,0.86337,0.90573,0.98329,1.1942,0.725,0.80567,0.95157,1.0811,0.92603,0.97576,0.94176,1.1445,0.98882,1.0241,1.0686,1.0474,0.64591,1.0526
644,0.97369,0.63572,0.8557,0.78441,0.55737,0.78507,0.54936,0.94152,0.60018,0.57103,0.79083,0.86601,0.65114,0.84713,0.67934,0.91734,0.86644,0.89803,0.89021,1.0187,1.1153,1.0026,0.74577,0.95685,0.88225,1.2876,1.3268,1.0012,0.85412,0.96154,1.0593,1.1127,0.96005,0.86352,0.9056,0.98354,1.194,0.72518,0.80482,0.95212,1.0807,0.92592,0.97586,0.94152,1.1441,0.98834,1.0241,1.0686,1.0473,0.64558,1.0525
645,0.97451,0.63544,0.8564,0.78502,0.55886,0.78634,0.54922,0.94139,0.60119,0.57114,0.79117,0.8665,0.65158,0.8477,0.67941,0.91688,0.86644,0.89845,0.88999,1.019,1.1156,1.0024,0.7454,0.95681,0.88218,1.2878,1.3268,1.0016,0.85462,0.96181,1.0589,1.1127,0.96007,0.86351,0.90521,0.98381,1.1936,0.7257,0.80415,0.95271,1.0807,0.92605,0.9761,0.94144,1.1441,0.98795,1.0241,1.0687,1.0472,0.64512,1.0526
646,0.97576,0.63556,0.85694,0.78575,0.56024,0.78753,0.54909,0.94123,0.60217,0.5714,0.7915,0.86691,0.65182,0.84818,0.6796,0.91652,0.8666,0.89895,0.88988,1.0193,1.1159,1.0023,0.74498,0.95685,0.8822,1.2879,1.3268,1.0022,0.85462,0.96199,1.0587,1.1127,0.96003,0.86339,0.90467,0.98364,1.1935,0.72633,0.8037,0.95319,1.0805,0.92623,0.9761,0.94121,1.1439,0.9876,1.0241,1.0689,1.0471,0.64453,1.0525
647,0.97687,0.63579,0.85737,0.78628,0.56155,0.78854,0.549,0.94102,0.6029,0.57157,0.79178,0.86732,0.65181,0.84866,0.67976,0.91606,0.86682,0.89923,0.88966,1.0193,1.1162,1.0022,0.74457,0.95701,0.88202,1.2878,1.3268,1.0024,0.85401,0.96188,1.0588,1.1126,0.96005,0.86322,0.90419,0.98344,1.1935,0.72684,0.8032,0.95341,1.08,0.92631,0.97583,0.94099,1.1433,0.98729,1.024,1.069,1.0469,0.64397,1.0522
648,0.97715,0.63569,0.85747,0.78639,0.56281,0.78931,0.54888,0.941,0.60351,0.57165,0.79202,0.8681,0.65169,0.84921,0.67956,0.91549,0.86692,0.89912,0.88898,1.0189,1.1163,1.0022,0.7442,0.95725,0.88176,1.2873,1.3269,1.0021,0.8536,0.96106,1.0588,1.1123,0.95999,0.86315,0.90367,0.98351,1.1936,0.72708,0.80237,0.95357,1.0795,0.92623,0.97535,0.94093,1.1426,0.987,1.0238,1.0689,1.0469,0.64352,1.052
649,0.9774,0.63508,0.85764,0.78647,0.56413,0.78993,0.54875,0.94088,0.60423,0.57174,0.79238,0.86854,0.65145,0.84956,0.67959,0.91473,0.86712,0.89926,0.88856,1.0184,1.1159,1.0022,0.74356,0.9574,0.88187,1.2869,1.3266,1.0021,0.8537,0.96017,1.0591,1.112,0.96019,0.86294,0.90284,0.98346,1.1934,0.72696,0.80121,0.95359,1.079,0.92586,0.97493,0.94086,1.1422,0.98668,1.0236,1.0686,1.0468,0.6432,1.052
650,0.97746,0.63474,0.85801,0.78668,0.56546,0.79056,0.54865,0.94058,0.60498,0.57174,0.79254,0.86875,0.65146,0.84997,0.67951,0.9139,0.86751,0.89945,0.88829,1.0182,1.1156,1.0022,0.74275,0.95749,0.88169,1.2867,1.3264,1.002,0.85424,0.95951,1.0591,1.1117,0.96031,0.86284,0.90213,0.98319,1.1936,0.72678,0.80003,0.95342,1.0784,0.92542,0.97454,0.94074,1.1421,0.98628,1.0235,1.0683,1.0467,0.64318,1.0521
651,0.97737,0.63469,0.85838,0.78699,0.56667,0.79136,0.54854,0.94021,0.60562,0.57169,0.7927,0.86912,0.65164,0.85046,0.67915,0.91328,0.86795,0.89948,0.88794,1.0181,1.1153,1.0022,0.74193,0.95751,0.88127,1.2864,1.3262,1.0017,0.85496,0.95911,1.0588,1.1114,0.96015,0.86287,0.90174,0.98292,1.1938,0.7267,0.79907,0.95339,1.0778,0.92505,0.97436,0.9406,1.1423,0.98592,1.0235,1.068,1.0466,0.64327,1.0521
652,0.97753,0.63466,0.85854,0.78713,0.56777,0.79201,0.54842,0.9398,0.60628,0.57174,0.79299,0.86951,0.65176,0.85068,0.67886,0.91269,0.86854,0.89954,0.88748,1.0182,1.1151,1.0021,0.74111,0.95744,0.88121,1.2862,1.3259,1.0015,0.8555,0.95835,1.0584,1.1109,0.95972,0.86258,0.90151,0.98262,1.1934,0.72678,0.79833,0.95358,1.0775,0.92458,0.97412,0.9403,1.1421,0.98558,1.0233,1.0677,1.0466,0.64301,1.052
653,0.97789,0.63436,0.85887,0.78718,0.56875,0.79269,0.54836,0.93951,0.60703,0.57197,0.79318,0.86987,0.65183,0.85084,0.67872,0.91199,0.86891,0.89947,0.88709,1.0185,1.1149,1.0018,0.74054,0.95743,0.88133,1.2859,1.3257,1.0014,0.85586,0.95756,1.0582,1.1104,0.95948,0.86232,0.90161,0.98269,1.1929,0.72667,0.79761,0.95345,1.0772,0.92439,0.974,0.94006,1.1419,0.98514,1.0232,1.0673,1.0463,0.64287,1.0519
654,0.97835,0.63393,0.85929,0.7873,0.56972,0.79352,0.5484,0.93931,0.60768,0.57227,0.79357,0.87031,0.65183,0.85098,0.67866,0.91131,0.8692,0.89936,0.887,1.0188,1.1148,1.0016,0.74024,0.95751,0.88143,1.2856,1.3256,1.0016,0.85617,0.95714,1.0579,1.1102,0.95929,0.86234,0.90196,0.98299,1.1926,0.72619,0.79692,0.95303,1.0768,0.92459,0.97408,0.94001,1.1418,0.98466,1.0231,1.0672,1.0461,0.64279,1.0517
655,0.97851,0.63377,0.85971,0.78733,0.57078,0.7943,0.54859,0.93911,0.60849,0.57259,0.79395,0.87076,0.65181,0.85115,0.6785,0.91048,0.86967,0.8996,0.88676,1.0188,1.1146,1.002,0.73991,0.95764,0.88139,1.2856,1.3255,1.0018,0.85658,0.95701,1.0579,1.1104,0.95886,0.86274,0.90192,0.98308,1.1923,0.72566,0.79628,0.95269,1.0766,0.92479,0.97398,0.93996,1.1416,0.98432,1.0232,1.067,1.0461,0.64223,1.0516
656,0.97856,0.63396,0.85998,0.78714,0.57198,0.79509,0.54856,0.93875,0.60952,0.57281,0.7942,0.87125,0.65181,0.85149,0.67806,0.90953,0.8702,0.89989,0.88641,1.0184,1.1142,1.0019,0.73906,0.95756,0.88123,1.2854,1.3253,1.0016,0.85653,0.95652,1.058,1.1103,0.95842,0.863,0.90093,0.9828,1.1921,0.72549,0.79545,0.95232,1.0762,0.92445,0.97346,0.93981,1.1412,0.98396,1.023,1.0667,1.046,0.64133,1.0514
657,0.97849,0.63389,0.86016,0.78706,0.57323,0.796,0.54837,0.93818,0.6106,0.57294,0.79453,0.87172,0.6518,0.85196,0.67748,0.90867,0.87071,0.90013,0.88604,1.018,1.1133,1.0013,0.73795,0.95738,0.881,1.285,1.3248,1.001,0.85589,0.95548,1.0578,1.11,0.95794,0.8628,0.89985,0.98211,1.1921,0.72546,0.79429,0.95191,1.0757,0.9236,0.97275,0.93964,1.1404,0.98352,1.0228,1.0663,1.0458,0.64099,1.0513
658,0.9782,0.63335,0.86037,0.78737,0.57427,0.79704,0.54823,0.93788,0.61173,0.57303,0.7952,0.87206,0.65199,0.85272,0.67726,0.90823,0.8712,0.90012,0.88567,1.018,1.1127,1.0015,0.73688,0.95725,0.88081,1.2844,1.3244,1.0008,0.85564,0.95446,1.0575,1.1097,0.95763,0.86253,0.89993,0.98179,1.1929,0.72548,0.79327,0.95202,1.0755,0.92335,0.97273,0.93954,1.1402,0.98324,1.0228,1.0658,1.0458,0.64177,1.0514
659,0.97804,0.63293,0.86065,0.78752,0.57535,0.79746,0.54824,0.93733,0.61242,0.5733,0.79557,0.87263,0.65212,0.85281,0.67697,0.90791,0.8718,0.89996,0.88517,1.0182,1.1124,1.0018,0.73624,0.95731,0.88102,1.2842,1.3243,1.0008,0.85527,0.95383,1.0571,1.109,0.95728,0.86223,0.89979,0.9813,1.1927,0.7249,0.79219,0.95198,1.0752,0.92313,0.97264,0.93957,1.1397,0.98299,1.0228,1.0656,1.0457,0.64186,1.0515
660,0.97789,0.63271,0.86112,0.78753,0.57626,0.79794,0.54835,0.93678,0.61283,0.57353,0.79567,0.87293,0.65224,0.85264,0.67666,0.90745,0.87248,0.90003,0.88472,1.0183,1.112,1.0019,0.73565,0.95742,0.88096,1.2844,1.3241,1.0008,0.85464,0.95339,1.057,1.1082,0.95693,0.86172,0.89929,0.98087,1.1923,0.72441,0.7912,0.95178,1.075,0.92284,0.9724,0.93951,1.1393,0.98283,1.0227,1.0653,1.0456,0.64166,1.0514
661,0.97781,0.63272,0.86148,0.78737,0.57709,0.79882,0.54863,0.93648,0.61335,0.57361,0.79584,0.87315,0.65252,0.85259,0.67643,0.90676,0.87326,0.9003,0.88417,1.0183,1.1117,1.0016,0.73484,0.95745,0.8807,1.2842,1.3239,1.0005,0.85402,0.95238,1.0572,1.1073,0.95682,0.86127,0.89868,0.98067,1.192,0.72426,0.79037,0.9516,1.0749,0.92258,0.97217,0.93932,1.139,0.98252,1.0224,1.065,1.0457,0.64144,1.0513
662,0.97798,0.63254,0.86165,0.78748,0.57789,0.79945,0.54868,0.936,0.61387,0.57365,0.79606,0.87338,0.65274,0.85285,0.67601,0.90614,0.87363,0.90044,0.88389,1.0183,1.1113,1.0012,0.73442,0.95727,0.88055,1.2839,1.3237,1.0005,0.85367,0.95117,1.057,1.1067,0.95689,0.86135,0.89832,0.98072,1.1922,0.72411,0.78967,0.95136,1.0745,0.92251,0.97194,0.93921,1.1388,0.98227,1.0223,1.0648,1.0457,0.64136,1.0512
663,0.97799,0.6323,0.8618,0.78764,0.57864,0.80005,0.54867,0.93543,0.6145,0.57374,0.79618,0.87331,0.65296,0.85319,0.67563,0.90571,0.87381,0.90049,0.8836,1.0181,1.1111,1.001,0.73402,0.95712,0.88044,1.2837,1.3235,1.0005,0.85357,0.95007,1.0566,1.1065,0.95678,0.86163,0.898,0.98089,1.1924,0.72391,0.78902,0.95122,1.0743,0.92244,0.97183,0.93906,1.1387,0.98194,1.0222,1.0645,1.0456,0.64119,1.051
664,0.97823,0.63212,0.86197,0.78757,0.57953,0.80076,0.54879,0.93484,0.61506,0.57391,0.79612,0.87332,0.65305,0.85348,0.67537,0.90532,0.8739,0.90061,0.88305,1.0178,1.111,1.0011,0.73355,0.95699,0.88043,1.2837,1.3234,1.0003,0.85353,0.94924,1.0562,1.1065,0.95647,0.86182,0.8977,0.98075,1.1926,0.72372,0.78839,0.95122,1.074,0.92216,0.97181,0.93884,1.1386,0.98133,1.0221,1.0642,1.0456,0.64091,1.051
665,0.97877,0.63186,0.86207,0.78755,0.5804,0.80151,0.54871,0.93455,0.61536,0.57397,0.79621,0.8741,0.65303,0.85349,0.67523,0.90493,0.87418,0.90062,0.88298,1.0177,1.1106,1.0012,0.73317,0.95678,0.88044,1.2835,1.3233,1.0002,0.85329,0.94811,1.056,1.1066,0.95605,0.86185,0.89766,0.98034,1.1927,0.72345,0.78773,0.95103,1.0738,0.92209,0.9719,0.93877,1.1386,0.98076,1.022,1.064,1.0455,0.64077,1.0511
666,0.97907,0.63172,0.86223,0.78757,0.58112,0.80219,0.54861,0.93445,0.6155,0.57405,0.79629,0.87476,0.65295,0.85342,0.67496,0.90448,0.8745,0.9006,0.88299,1.0175,1.1104,1.0012,0.73271,0.95679,0.88042,1.2833,1.3231,1.0003,0.85288,0.94681,1.0561,1.1064,0.95567,0.86155,0.89751,0.97993,1.1926,0.72293,0.78701,0.95065,1.0735,0.92216,0.97185,0.93874,1.1382,0.98027,1.0219,1.0639,1.0455,0.64056,1.0512
667,0.97925,0.63182,0.86254,0.78767,0.58183,0.80279,0.54855,0.93423,0.61545,0.57408,0.79637,0.87476,0.65286,0.85348,0.67464,0.90391,0.87468,0.90066,0.88256,1.0173,1.1103,1.0011,0.73214,0.95694,0.88022,1.2831,1.3229,1.0004,0.85239,0.94552,1.0563,1.106,0.95554,0.86125,0.89702,0.97975,1.1924,0.72243,0.78627,0.95016,1.0731,0.92206,0.97169,0.93861,1.1375,0.97986,1.0218,1.0636,1.0454,0.64024,1.051
668,0.97939,0.63188,0.86265,0.78773,0.58252,0.80308,0.5484,0.93392,0.61557,0.57404,0.79647,0.87478,0.65285,0.85387,0.67445,0.90339,0.87483,0.90083,0.8823,1.0173,1.1099,1.0012,0.73147,0.95705,0.87982,1.2829,1.3227,1.0003,0.85196,0.94455,1.0564,1.1058,0.95569,0.86113,0.8965,0.97962,1.1921,0.72224,0.78545,0.94984,1.073,0.92188,0.97146,0.93848,1.1368,0.97961,1.0217,1.0635,1.0453,0.63998,1.0507
669,0.97961,0.63158,0.86273,0.78754,0.58313,0.80367,0.54832,0.934,0.616,0.57412,0.79655,0.87522,0.65298,0.85429,0.67426,0.90289,0.87488,0.90085,0.88202,1.0169,1.1096,1.001,0.7308,0.95708,0.87978,1.2827,1.3226,1.0002,0.85152,0.9435,1.0563,1.1056,0.95561,0.86093,0.89664,0.97961,1.1922,0.72197,0.78495,0.94949,1.0728,0.92184,0.9712,0.93846,1.1364,0.97938,1.0217,1.0634,1.0451,0.63979,1.0509
670,0.97966,0.63126,0.86283,0.78717,0.58373,0.80454,0.54827,0.93416,0.61632,0.57426,0.79671,0.87566,0.65329,0.85441,0.67401,0.90225,0.87498,0.90082,0.88173,1.0165,1.1093,1.0008,0.73021,0.95703,0.87983,1.2825,1.3226,1.0003,0.85098,0.9423,1.056,1.1054,0.95537,0.86095,0.89687,0.97983,1.1922,0.72166,0.78462,0.9493,1.0723,0.92177,0.97102,0.93845,1.1362,0.97916,1.0217,1.0632,1.0451,0.63959,1.0512
671,0.97994,0.63121,0.86287,0.78685,0.58442,0.80511,0.54814,0.93398,0.61643,0.57445,0.79671,0.87591,0.65358,0.85426,0.67365,0.90148,0.87512,0.901,0.88127,1.0163,1.109,1.0007,0.72977,0.95694,0.87981,1.2825,1.3225,1.0004,0.85012,0.94147,1.0557,1.1054,0.95519,0.86119,0.89674,0.97983,1.1921,0.72135,0.78421,0.94928,1.0721,0.92156,0.97081,0.93841,1.136,0.9789,1.0217,1.063,1.0452,0.63937,1.0512
672,0.9804,0.63109,0.86296,0.78683,0.58533,0.80566,0.54804,0.93358,0.61662,0.57445,0.79638,0.87607,0.65357,0.85419,0.67335,0.90073,0.87555,0.90118,0.88098,1.0164,1.109,1.0006,0.72913,0.95698,0.8796,1.2825,1.3226,1.0004,0.84928,0.94057,1.0557,1.1056,0.95518,0.86147,0.89641,0.97956,1.1918,0.72108,0.78343,0.94918,1.0721,0.92121,0.97059,0.93838,1.136,0.97876,1.0216,1.0628,1.0452,0.63933,1.0509
673,0.98078,0.63096,0.86322,0.78689,0.58623,0.80645,0.548,0.93323,0.6169,0.5743,0.79623,0.87643,0.65342,0.85435,0.67309,0.9001,0.87618,0.90126,0.88075,1.0165,1.109,1.0007,0.72855,0.95709,0.87967,1.2823,1.3224,1.0003,0.84863,0.93952,1.0557,1.1057,0.95511,0.86154,0.89592,0.97917,1.1915,0.72068,0.78245,0.94889,1.072,0.92082,0.97052,0.93831,1.1361,0.97848,1.0215,1.0627,1.0451,0.63928,1.0508
674,0.98096,0.63093,0.86364,0.78658,0.58695,0.80713,0.54807,0.93295,0.61726,0.5741,0.79638,0.87699,0.65332,0.85457,0.67285,0.8996,0.87678,0.9013,0.88024,1.0163,1.1086,1.0005,0.72801,0.95724,0.88002,1.2822,1.3222,1.0001,0.84821,0.93834,1.0554,1.1053,0.95493,0.86137,0.89544,0.97907,1.1913,0.72009,0.78151,0.94855,1.0719,0.92057,0.97053,0.93818,1.1361,0.97798,1.0215,1.0625,1.045,0.63903,1.0508
675,0.98109,0.63083,0.86392,0.78679,0.58768,0.8077,0.54795,0.9329,0.61708,0.57404,0.79664,0.87748,0.65345,0.85463,0.67259,0.89918,0.87693,0.90139,0.87995,1.0162,1.1086,1.0001,0.7274,0.95737,0.87966,1.2819,1.3221,1.0003,0.84736,0.93734,1.0551,1.1048,0.95482,0.86128,0.89525,0.97921,1.1914,0.71967,0.78078,0.94845,1.0714,0.92049,0.97034,0.93816,1.1357,0.97747,1.0215,1.0622,1.0448,0.63862,1.0507
676,0.98157,0.63079,0.86391,0.78702,0.58858,0.80845,0.54778,0.93264,0.61727,0.57407,0.79668,0.87763,0.65355,0.85482,0.67226,0.89874,0.87704,0.90158,0.87969,1.0161,1.1085,0.99985,0.72683,0.95706,0.87944,1.2816,1.322,1.0006,0.84596,0.93658,1.0551,1.1043,0.9548,0.86127,0.89524,0.97935,1.1916,0.71925,0.78026,0.94836,1.0709,0.92037,0.9701,0.93804,1.1352,0.97708,1.0214,1.0621,1.0447,0.63821,1.0505
677,0.98209,0.63071,0.86387,0.78677,0.58948,0.80935,0.54763,0.93192,0.61788,0.57415,0.79675,0.87764,0.65367,0.85498,0.67186,0.89828,0.87727,0.9018,0.87928,1.0158,1.1084,0.99962,0.72618,0.95655,0.87937,1.2814,1.3218,1.0006,0.84414,0.93601,1.0552,1.104,0.95485,0.86132,0.89512,0.97942,1.1919,0.7188,0.77977,0.94816,1.0704,0.92019,0.96998,0.93795,1.1349,0.97684,1.0213,1.0619,1.0444,0.63787,1.0504
678,0.98219,0.63049,0.86409,0.78685,0.59044,0.81008,0.5477,0.93142,0.61812,0.57432,0.79705,0.87776,0.65371,0.85517,0.67143,0.89795,0.87767,0.90164,0.87894,1.0155,1.108,0.99952,0.7256,0.95634,0.87901,1.2811,1.3216,1.0004,0.84246,0.93562,1.0551,1.1035,0.95487,0.86147,0.89466,0.9792,1.1919,0.71856,0.77917,0.94799,1.0698,0.92022,0.96986,0.93786,1.1347,0.97655,1.0212,1.0617,1.0443,0.63768,1.0505
679,0.98237,0.63028,0.86435,0.7869,0.59158,0.81076,0.54762,0.93119,0.61864,0.57439,0.79709,0.87793,0.65374,0.85534,0.671,0.89759,0.87786,0.90149,0.87851,1.015,1.1078,0.99947,0.72524,0.95634,0.8787,1.2808,1.3214,1.0001,0.84136,0.93525,1.0548,1.103,0.95475,0.86167,0.89378,0.97896,1.1916,0.71841,0.77826,0.9479,1.0694,0.92024,0.96953,0.93763,1.1346,0.97629,1.0211,1.0615,1.0442,0.63751,1.0505
680,0.98268,0.63018,0.86452,0.78682,0.59284,0.81158,0.54749,0.93078,0.61967,0.57451,0.79706,0.87822,0.65387,0.85563,0.67056,0.89694,0.87784,0.90158,0.87796,1.0146,1.1077,0.99937,0.72496,0.9564,0.87857,1.2805,1.3212,1.0001,0.84102,0.9348,1.0545,1.1025,0.95442,0.86174,0.89279,0.97885,1.1914,0.71836,0.77713,0.94776,1.0693,0.92021,0.9691,0.93736,1.1346,0.97596,1.021,1.0614,1.0441,0.63727,1.0503
681,0.98279,0.63004,0.86454,0.7869,0.59416,0.81254,0.54758,0.93004,0.62132,0.57481,0.79739,0.87881,0.65417,0.85583,0.67025,0.89602,0.87802,0.90169,0.87763,1.014,1.1073,0.9994,0.72447,0.9564,0.87855,1.2804,1.3211,1,0.84057,0.93413,1.0545,1.102,0.95402,0.86153,0.89216,0.97869,1.1914,0.71831,0.77619,0.94755,1.0693,0.9201,0.96895,0.93725,1.1342,0.97573,1.021,1.0612,1.0439,0.63695,1.0502
682,0.98309,0.63006,0.86495,0.78682,0.5955,0.81368,0.54781,0.92936,0.62337,0.57505,0.79795,0.87932,0.65444,0.85595,0.67009,0.89501,0.87844,0.90163,0.87708,1.0137,1.1069,0.99942,0.72381,0.95641,0.87829,1.2801,1.3209,0.9997,0.83968,0.93355,1.0548,1.1015,0.95376,0.86129,0.89188,0.97835,1.1911,0.71808,0.77531,0.94731,1.0691,0.91997,0.96886,0.93719,1.1337,0.97533,1.0209,1.0609,1.0437,0.63678,1.0502
683,0.98387,0.63024,0.86559,0.78699,0.59698,0.81509,0.54821,0.92902,0.6257,0.57537,0.79879,0.87985,0.65471,0.85626,0.67008,0.89398,0.8793,0.90173,0.87633,1.0138,1.1065,0.99949,0.72305,0.95642,0.87819,1.2799,1.3207,0.9995,0.83832,0.93301,1.0549,1.1012,0.95349,0.86103,0.89185,0.97791,1.1905,0.71771,0.77429,0.94696,1.0686,0.9199,0.9686,0.93711,1.1335,0.9749,1.0209,1.0606,1.0436,0.63671,1.0502
684,0.98571,0.63065,0.8664,0.78766,0.59884,0.81676,0.54884,0.9289,0.6282,0.57581,0.80008,0.88071,0.65521,0.85686,0.67022,0.89308,0.8805,0.90236,0.87594,1.0139,1.1065,0.9995,0.7223,0.95641,0.87843,1.2803,1.3208,0.99991,0.83655,0.93229,1.0547,1.1013,0.95315,0.8608,0.89196,0.97759,1.1898,0.71709,0.77334,0.94655,1.0678,0.91996,0.96824,0.93692,1.1333,0.97465,1.0209,1.0607,1.0433,0.63662,1.0502
685,0.99078,0.6316,0.86788,0.78852,0.60088,0.81934,0.54981,0.92944,0.63104,0.57667,0.80157,0.88193,0.65607,0.85788,0.67086,0.89267,0.88223,0.90339,0.87549,1.0147,1.1077,1.0001,0.72218,0.95629,0.87855,1.2821,1.3214,1.0015,0.83591,0.93164,1.0549,1.1015,0.95288,0.86091,0.89269,0.97784,1.1895,0.71637,0.77264,0.94643,1.0678,0.921,0.96853,0.93696,1.134,0.97459,1.021,1.0613,1.0428,0.63685,1.0503
686,0.99853,0.6335,0.86968,0.78931,0.60297,0.82208,0.55062,0.92996,0.63429,0.57759,0.80325,0.88355,0.65701,0.85881,0.67177,0.89241,0.88401,0.90428,0.8748,1.0156,1.1098,1.001,0.72247,0.95619,0.87889,1.2848,1.3234,1.0039,0.83601,0.93127,1.0552,1.1013,0.95266,0.86136,0.89327,0.97821,1.1893,0.71593,0.77216,0.94652,1.0683,0.92265,0.96921,0.93743,1.1349,0.97449,1.0211,1.0625,1.0425,0.63551,1.0506
687,1.0037,0.63619,0.87097,0.79005,0.60513,0.82426,0.55121,0.9296,0.63787,0.57827,0.80492,0.88542,0.65776,0.8595,0.6724,0.8915,0.88545,0.90498,0.87424,1.0157,1.1111,1.0012,0.72265,0.95609,0.87924,1.285,1.3259,1.0051,0.83466,0.93087,1.0553,1.1004,0.95224,0.86163,0.8926,0.97763,1.1888,0.71567,0.77169,0.94637,1.0687,0.92288,0.96903,0.93773,1.1344,0.97389,1.0209,1.0634,1.0425,0.63239,1.0507
688,1.0045,0.6375,0.87154,0.79073,0.60772,0.82651,0.55185,0.92966,0.64224,0.57908,0.80659,0.88679,0.65852,0.86043,0.67317,0.89021,0.8872,0.90588,0.87376,1.0154,1.111,1.0011,0.72225,0.95583,0.87919,1.2831,1.3269,1.005,0.83238,0.9304,1.0553,1.1001,0.9519,0.8618,0.89137,0.97706,1.189,0.71593,0.77093,0.94632,1.0681,0.92218,0.96864,0.93745,1.1337,0.97328,1.0209,1.0634,1.0427,0.63133,1.0509
689,1.0027,0.63769,0.87247,0.79163,0.61051,0.8283,0.55253,0.92939,0.64663,0.57986,0.80824,0.88802,0.65909,0.86117,0.67353,0.88911,0.88914,0.90645,0.87346,1.0153,1.1101,1.0011,0.72156,0.95577,0.8791,1.2809,1.3261,1.0044,0.82995,0.92967,1.0549,1.1001,0.95132,0.86205,0.89052,0.97643,1.1889,0.71592,0.76986,0.94609,1.0673,0.92136,0.96831,0.93706,1.133,0.97255,1.0207,1.0627,1.0427,0.63152,1.051
690,1.0006,0.63705,0.87364,0.79248,0.61298,0.82992,0.55311,0.9288,0.65034,0.58052,0.80966,0.88922,0.65945,0.86169,0.67335,0.88827,0.89106,0.90676,0.87345,1.0156,1.109,1.0011,0.72086,0.95596,0.87899,1.2795,1.3246,1.0039,0.82801,0.92871,1.0542,1.1003,0.95069,0.86238,0.89025,0.97593,1.1885,0.7155,0.76849,0.94579,1.0668,0.92108,0.96803,0.93691,1.1329,0.97192,1.0205,1.0617,1.0426,0.63216,1.051
691,0.99915,0.63624,0.87472,0.79289,0.61526,0.83178,0.55381,0.92831,0.65408,0.58114,0.81128,0.89037,0.65968,0.86226,0.67326,0.88775,0.8929,0.90716,0.87328,1.0159,1.1085,1.001,0.72043,0.95627,0.87895,1.2789,1.3231,1.0037,0.82632,0.92774,1.0538,1.1001,0.95026,0.86247,0.89005,0.97557,1.1881,0.7148,0.76704,0.94531,1.0666,0.92103,0.96772,0.93699,1.1329,0.97122,1.0204,1.0611,1.0423,0.63255,1.0509
692,0.99865,0.63564,0.87596,0.7938,0.61752,0.83371,0.55447,0.9278,0.65778,0.58181,0.81272,0.89146,0.65979,0.86304,0.67319,0.88719,0.89451,0.90769,0.87299,1.0165,1.1088,1.0012,0.72,0.95662,0.87902,1.2788,1.3219,1.0042,0.82521,0.92691,1.0535,1.1001,0.95005,0.86219,0.88998,0.9756,1.1877,0.71425,0.76557,0.94515,1.0663,0.92125,0.96758,0.937,1.1329,0.97075,1.0204,1.0608,1.0421,0.63266,1.0507
693,0.99889,0.63546,0.87706,0.79495,0.61977,0.83555,0.555,0.9271,0.66129,0.58241,0.81408,0.89249,0.65991,0.86393,0.6732,0.8865,0.896,0.90836,0.87268,1.0172,1.1093,1.0014,0.71949,0.95678,0.87904,1.2789,1.3213,1.0048,0.8245,0.92625,1.0534,1.0997,0.94975,0.86185,0.88987,0.97558,1.1874,0.7138,0.76435,0.94524,1.0659,0.92147,0.96747,0.93685,1.1327,0.97035,1.0205,1.0607,1.0421,0.63238,1.0506
694,0.99833,0.63585,0.87754,0.79524,0.62171,0.83686,0.55547,0.92601,0.66446,0.58276,0.81537,0.89362,0.66006,0.8648,0.67319,0.88531,0.89733,0.90888,0.87223,1.0171,1.109,1.0014,0.71878,0.95666,0.87885,1.2782,1.3208,1.0046,0.823,0.92543,1.0533,1.0987,0.94911,0.86156,0.88965,0.97497,1.187,0.71323,0.76325,0.94498,1.0654,0.92107,0.96706,0.93679,1.1324,0.96952,1.0203,1.0602,1.0419,0.63172,1.0506
695,0.99731,0.63548,0.87809,0.79548,0.62363,0.8382,0.55594,0.92522,0.66765,0.58321,0.8166,0.89449,0.66011,0.86514,0.67295,0.8844,0.89876,0.90887,0.87178,1.0169,1.1081,1.0015,0.71776,0.95682,0.87851,1.2772,1.3201,1.0039,0.82172,0.92483,1.053,1.098,0.94866,0.86128,0.88943,0.97457,1.1871,0.71259,0.76195,0.94433,1.0651,0.9204,0.96667,0.93657,1.1318,0.96886,1.0203,1.0594,1.0416,0.63147,1.0503
696,0.99624,0.63471,0.87884,0.79577,0.62574,0.83959,0.55631,0.92462,0.67074,0.58363,0.8177,0.89512,0.66013,0.86532,0.67246,0.88355,0.90011,0.90881,0.87128,1.017,1.1074,1.0014,0.71655,0.95696,0.87822,1.2765,1.3193,1.0031,0.82097,0.92446,1.0526,1.0975,0.94835,0.86102,0.88903,0.97451,1.1872,0.71188,0.7604,0.94367,1.0648,0.91964,0.96636,0.93627,1.1311,0.96832,1.0202,1.0585,1.0413,0.63161,1.05
697,0.99636,0.63401,0.88002,0.79634,0.62803,0.84124,0.55664,0.9241,0.6736,0.58397,0.81867,0.89597,0.66027,0.86557,0.67201,0.88266,0.90129,0.90928,0.87066,1.0175,1.1071,1.0011,0.71566,0.9569,0.878,1.2765,1.3187,1.0034,0.82036,0.92408,1.0526,1.097,0.94814,0.8609,0.88847,0.97455,1.1871,0.71128,0.75879,0.94336,1.0644,0.91946,0.9662,0.93631,1.1307,0.96775,1.02,1.0582,1.0413,0.63184,1.0497
698,0.99717,0.63362,0.88123,0.79688,0.63021,0.84301,0.55694,0.92387,0.67656,0.58438,0.81937,0.89688,0.66043,0.86592,0.6715,0.88176,0.90218,0.90974,0.87028,1.0178,1.1069,1.0009,0.71515,0.95653,0.87777,1.2766,1.3186,1.0039,0.82,0.92352,1.0527,1.0967,0.94803,0.86101,0.88795,0.97436,1.1869,0.71077,0.75739,0.94296,1.0636,0.91967,0.96605,0.93622,1.1306,0.96723,1.02,1.0581,1.0412,0.63133,1.0496
699,0.998,0.63334,0.88204,0.79725,0.63239,0.84477,0.55716,0.92374,0.67934,0.58473,0.82,0.8977,0.66043,0.8662,0.67106,0.88098,0.90296,0.91005,0.8701,1.0177,1.1068,1.0011,0.71459,0.95622,0.87766,1.2767,1.3188,1.0043,0.8198,0.92298,1.0527,1.0965,0.94802,0.86116,0.88741,0.97407,1.1868,0.71031,0.75594,0.94249,1.0628,0.91977,0.96592,0.93598,1.1308,0.96674,1.0203,1.0581,1.041,0.63049,1.0499
700,0.99799,0.63295,0.88253,0.79735,0.63447,0.84627,0.55715,0.92363,0.68184,0.58503,0.82069,0.89857,0.66014,0.86653,0.67047,0.88007,0.90363,0.91018,0.86928,1.0172,1.1064,1.0017,0.71374,0.95605,0.87751,1.2763,1.3187,1.0042,0.81947,0.92283,1.0524,1.0959,0.94802,0.86131,0.88675,0.97367,1.1868,0.70989,0.75438,0.94201,1.062,0.91964,0.96583,0.93588,1.1308,0.96619,1.0201,1.058,1.0408,0.62959,1.0501
701,0.99775,0.63238,0.88287,0.79741,0.63649,0.84751,0.55713,0.92335,0.68458,0.58545,0.82158,0.89915,0.65979,0.86674,0.66983,0.87899,0.90428,0.91035,0.86856,1.0167,1.1054,1.0018,0.71299,0.95592,0.87731,1.276,1.3185,1.0039,0.81871,0.92281,1.0524,1.0953,0.94806,0.86147,0.88544,0.9733,1.1866,0.70932,0.7526,0.94198,1.0611,0.91957,0.96549,0.9358,1.1302,0.96551,1.0199,1.0577,1.0406,0.62893,1.0502
702,0.99721,0.63183,0.88347,0.79775,0.6387,0.84862,0.55706,0.92287,0.68687,0.58548,0.82224,0.8998,0.65929,0.86703,0.669,0.87785,0.90488,0.91034,0.86782,1.0162,1.1042,1.0019,0.71184,0.95585,0.87694,1.2756,1.3181,1.0036,0.81792,0.92271,1.0521,1.0947,0.94817,0.86153,0.88416,0.97292,1.1863,0.70858,0.7508,0.9419,1.0603,0.9191,0.96495,0.93553,1.1296,0.96477,1.0196,1.0571,1.0404,0.6286,1.0502
703,0.99638,0.63121,0.88427,0.79815,0.64094,0.84972,0.55704,0.9222,0.68893,0.58525,0.82259,0.90034,0.6588,0.86735,0.66822,0.87665,0.90554,0.91018,0.86685,1.0156,1.1031,1.0019,0.71046,0.95576,0.87648,1.275,1.3178,1.0033,0.81748,0.92244,1.0515,1.0941,0.94814,0.86148,0.88325,0.97267,1.1859,0.70766,0.74895,0.94163,1.0596,0.91828,0.96451,0.9352,1.1293,0.96406,1.0195,1.0563,1.0403,0.62851,1.0501
704,0.99581,0.63036,0.88454,0.79811,0.64277,0.8509,0.5573,0.92134,0.69117,0.58521,0.82299,0.90069,0.65854,0.86761,0.66751,0.8755,0.90628,0.90994,0.86625,1.0153,1.1025,1.002,0.70938,0.95553,0.87615,1.2747,1.3175,1.0029,0.81722,0.92197,1.0513,1.0935,0.9477,0.86117,0.88272,0.97249,1.1857,0.70677,0.74714,0.94128,1.059,0.91759,0.96441,0.93496,1.1285,0.96331,1.0195,1.0557,1.0402,0.62845,1.0501
705,0.99522,0.62956,0.8848,0.79807,0.64445,0.85215,0.55748,0.92051,0.69295,0.58523,0.82336,0.90109,0.65826,0.86756,0.66641,0.87432,0.90691,0.90987,0.86558,1.015,1.1018,1.0018,0.70815,0.95536,0.87564,1.2744,1.3173,1.0025,0.81696,0.92137,1.0511,1.0927,0.94713,0.86062,0.88253,0.97227,1.1854,0.70576,0.74527,0.941,1.0584,0.91718,0.96439,0.93483,1.1279,0.96258,1.0195,1.0552,1.04,0.62802,1.0498
706,0.99446,0.6287,0.88519,0.7983,0.64611,0.85346,0.55762,0.91959,0.69458,0.58516,0.82356,0.90132,0.65776,0.8674,0.665,0.87312,0.9075,0.91002,0.86464,1.0145,1.1006,1.0014,0.70665,0.95512,0.87498,1.274,1.3168,1.0024,0.81649,0.92068,1.0509,1.092,0.94635,0.85993,0.88238,0.97182,1.185,0.70451,0.74319,0.94054,1.058,0.91684,0.96409,0.93467,1.1274,0.96183,1.0192,1.0547,1.0397,0.62741,1.0494
707,0.9935,0.62774,0.88546,0.79839,0.64783,0.85484,0.55768,0.91861,0.69637,0.58487,0.82359,0.90154,0.65718,0.86729,0.66374,0.87184,0.90807,0.90994,0.86373,1.0141,1.0994,1.001,0.70509,0.95478,0.87441,1.2737,1.3165,1.0024,0.81567,0.92007,1.0509,1.0913,0.94541,0.85927,0.88225,0.97125,1.1847,0.70342,0.741,0.93951,1.0576,0.91632,0.96366,0.93447,1.1269,0.96102,1.019,1.0542,1.0394,0.62692,1.0491
708,0.9929,0.62673,0.88569,0.79831,0.64951,0.85626,0.5577,0.91784,0.69798,0.58479,0.82385,0.90219,0.65672,0.86729,0.66257,0.87039,0.90867,0.90986,0.86292,1.014,1.0987,1.0007,0.70358,0.95475,0.87399,1.2733,1.3163,1.0023,0.81484,0.91954,1.0508,1.0906,0.94454,0.85822,0.88227,0.97086,1.1844,0.70255,0.73906,0.93833,1.0571,0.91582,0.96325,0.93421,1.1263,0.96016,1.0188,1.0535,1.0392,0.62637,1.049
709,0.9925,0.62587,0.88609,0.79825,0.65106,0.85775,0.55776,0.91709,0.69976,0.58472,0.82413,0.90297,0.65632,0.86741,0.66131,0.86901,0.9095,0.90982,0.86218,1.014,1.0983,1.0005,0.70196,0.95468,0.87366,1.273,1.3161,1.0022,0.81408,0.91904,1.0504,1.09,0.94399,0.85705,0.88204,0.97062,1.184,0.70179,0.73712,0.9372,1.0567,0.91539,0.96288,0.93401,1.1257,0.95932,1.0186,1.0528,1.039,0.62585,1.0488
710,0.9918,0.6252,0.88643,0.79826,0.65245,0.85933,0.55772,0.91622,0.70166,0.58455,0.82426,0.90384,0.65595,0.86763,0.65984,0.86775,0.91048,0.90958,0.86113,1.0141,1.0978,1.0002,0.70034,0.95445,0.87335,1.2726,1.3159,1.0022,0.81329,0.91847,1.0499,1.0895,0.94362,0.85616,0.88167,0.97041,1.1841,0.701,0.73515,0.93611,1.0561,0.91506,0.96239,0.93391,1.1252,0.95847,1.0184,1.0521,1.039,0.62546,1.0485
711,0.99115,0.62431,0.88676,0.79843,0.65399,0.8608,0.55761,0.91496,0.70367,0.58456,0.82435,0.90413,0.65564,0.86804,0.65831,0.86698,0.91123,0.90959,0.86016,1.0145,1.0976,0.99973,0.69909,0.95425,0.873,1.2724,1.3157,1.0023,0.81239,0.91742,1.0494,1.0891,0.94305,0.85589,0.8815,0.9702,1.1841,0.69997,0.73284,0.93511,1.0557,0.91468,0.96189,0.93382,1.1246,0.95789,1.0181,1.0515,1.0388,0.62506,1.0483
712,0.99074,0.62327,0.8871,0.79878,0.6558,0.8623,0.55755,0.9139,0.70562,0.58462,0.8246,0.90472,0.65531,0.86846,0.65696,0.86609,0.91181,0.90976,0.85927,1.0148,1.0973,0.99954,0.69796,0.95422,0.8727,1.2723,1.3156,1.0024,0.81139,0.916,1.049,1.0885,0.94281,0.85555,0.88134,0.97,1.1839,0.69892,0.73047,0.93434,1.0553,0.9143,0.96147,0.93366,1.1245,0.95747,1.018,1.0511,1.0384,0.62463,1.0482
713,0.99045,0.6224,0.88755,0.79923,0.65781,0.86406,0.55748,0.91335,0.70755,0.58478,0.82491,0.90571,0.65478,0.86876,0.6558,0.86495,0.91236,0.90989,0.85841,1.0149,1.0971,0.99956,0.69677,0.95431,0.8724,1.2723,1.3157,1.0025,0.81021,0.91451,1.0486,1.0878,0.94283,0.85502,0.88112,0.96963,1.1833,0.69783,0.72813,0.93362,1.0545,0.91421,0.96121,0.93353,1.1245,0.95703,1.0179,1.0508,1.0378,0.62414,1.0482
714,0.99057,0.62181,0.88858,0.79981,0.65994,0.86621,0.55751,0.91304,0.70955,0.58499,0.8251,0.90641,0.65398,0.86887,0.65451,0.86407,0.91305,0.90988,0.85774,1.015,1.0971,0.99934,0.69572,0.95436,0.87211,1.2727,1.3159,1.0031,0.80848,0.91332,1.0482,1.0869,0.94291,0.85463,0.88062,0.96928,1.1828,0.69681,0.72577,0.93318,1.0538,0.91447,0.96089,0.93336,1.1242,0.95637,1.0178,1.0507,1.0374,0.62344,1.0483
715,0.9924,0.62138,0.88979,0.80062,0.66182,0.86888,0.55772,0.9128,0.7116,0.58508,0.82528,0.90704,0.65356,0.86894,0.65337,0.86324,0.91404,0.91026,0.85702,1.0154,1.0977,0.99923,0.69484,0.9541,0.87216,1.2741,1.3164,1.0047,0.80709,0.91252,1.0481,1.0864,0.94268,0.85439,0.88027,0.96873,1.1828,0.69601,0.72341,0.93285,1.0535,0.9151,0.96103,0.93327,1.1242,0.95565,1.0178,1.0512,1.0369,0.62245,1.0485
716,0.99638,0.62157,0.89153,0.80158,0.66365,0.87214,0.55834,0.91251,0.71355,0.58506,0.82566,0.90787,0.65346,0.86892,0.65263,0.86264,0.91518,0.91114,0.8558,1.0162,1.0993,0.99955,0.69424,0.95369,0.87255,1.2765,1.3178,1.0073,0.80661,0.91206,1.0482,1.0864,0.94209,0.85431,0.88016,0.96831,1.1832,0.69526,0.72124,0.93257,1.0533,0.9165,0.96176,0.93336,1.1245,0.955,1.0181,1.0525,1.0365,0.62088,1.0488
717,0.99949,0.62233,0.89284,0.80239,0.66555,0.8751,0.55917,0.91215,0.71527,0.58492,0.82586,0.90877,0.65349,0.86874,0.65162,0.86181,0.91544,0.9119,0.85496,1.0166,1.1012,0.99976,0.69363,0.95337,0.87274,1.2777,1.3198,1.0095,0.80638,0.91125,1.0482,1.0859,0.94155,0.8541,0.8801,0.96826,1.1835,0.69436,0.71897,0.93244,1.0527,0.91792,0.96226,0.93345,1.1249,0.95434,1.0181,1.0536,1.0364,0.61824,1.0491
718,1.0003,0.6223,0.89324,0.8027,0.66741,0.87721,0.55955,0.91196,0.71697,0.58462,0.826,0.90927,0.65316,0.86876,0.65059,0.86063,0.91532,0.91202,0.8542,1.0161,1.1016,0.99971,0.69298,0.95318,0.87283,1.2778,1.3214,1.0108,0.80559,0.91055,1.0481,1.0851,0.94131,0.85389,0.87988,0.9683,1.1829,0.69356,0.71675,0.9323,1.0523,0.91858,0.96222,0.93328,1.1254,0.95359,1.0178,1.0543,1.0364,0.61581,1.0493
719,0.99773,0.62142,0.8927,0.80245,0.6692,0.87832,0.55946,0.91132,0.71858,0.5843,0.82637,0.90958,0.65235,0.86883,0.64924,0.85908,0.91536,0.91149,0.85257,1.0152,1.1002,0.99924,0.6916,0.95312,0.87264,1.2765,1.3218,1.01,0.80358,0.90981,1.0479,1.084,0.94123,0.85352,0.87933,0.9683,1.182,0.69278,0.71432,0.93196,1.0517,0.918,0.96175,0.93274,1.1249,0.95275,1.0171,1.0539,1.0363,0.61437,1.0493
720,0.99185,0.6199,0.89177,0.8018,0.67082,0.87845,0.55903,0.90995,0.72024,0.58393,0.82683,0.90936,0.6513,0.86877,0.64716,0.85711,0.91544,0.91078,0.85049,1.0142,1.0977,0.99811,0.68947,0.95315,0.8719,1.274,1.321,1.0075,0.7995,0.9089,1.0476,1.0826,0.94112,0.85266,0.87859,0.96799,1.1816,0.69206,0.71151,0.93093,1.051,0.91587,0.96074,0.93213,1.1238,0.95182,1.0168,1.0523,1.0361,0.61411,1.0488
721,0.98746,0.61773,0.8919,0.80195,0.67279,0.87944,0.55864,0.90886,0.72243,0.58364,0.82707,0.90982,0.65025,0.86883,0.64541,0.85563,0.91619,0.91029,0.84888,1.014,1.0955,0.9976,0.68735,0.9532,0.87091,1.2731,1.3192,1.0064,0.79466,0.90676,1.0475,1.0813,0.94075,0.85156,0.87786,0.96756,1.1813,0.69116,0.70873,0.92992,1.0502,0.91465,0.96019,0.93184,1.1228,0.95121,1.0167,1.0506,1.0357,0.61548,1.0481
722,0.98629,0.61624,0.89294,0.80263,0.67459,0.88137,0.55871,0.90848,0.72447,0.58347,0.82722,0.91061,0.64965,0.86902,0.64409,0.85472,0.91722,0.91049,0.84807,1.0147,1.095,0.99774,0.68612,0.9532,0.87039,1.2738,1.3184,1.0067,0.79224,0.9047,1.0474,1.0805,0.94003,0.85107,0.87757,0.9672,1.1812,0.68996,0.70611,0.92926,1.0497,0.91465,0.96029,0.932,1.1226,0.95092,1.0168,1.0502,1.0353,0.61593,1.0479
723,0.98685,0.61556,0.89449,0.8033,0.67647,0.88397,0.5591,0.90849,0.72652,0.5833,0.82735,0.91089,0.64939,0.8692,0.64282,0.85381,0.91823,0.91122,0.84741,1.0155,1.0958,0.99793,0.68543,0.9531,0.87051,1.2753,1.3189,1.0081,0.79107,0.9029,1.0472,1.0803,0.93914,0.85103,0.87771,0.96688,1.1813,0.68862,0.70339,0.92867,1.0492,0.91533,0.96065,0.93227,1.1227,0.95062,1.0169,1.0506,1.035,0.61482,1.0481
724,0.98665,0.61517,0.89547,0.80368,0.67855,0.88616,0.55944,0.90833,0.72848,0.58343,0.82753,0.91086,0.64893,0.8692,0.64137,0.85258,0.91859,0.91138,0.84641,1.0153,1.0964,0.99802,0.68482,0.95288,0.87072,1.2755,1.32,1.009,0.79027,0.90068,1.0469,1.0794,0.93891,0.85106,0.87774,0.96633,1.1814,0.68733,0.70095,0.9279,1.0491,0.91572,0.96066,0.9321,1.1227,0.94987,1.017,1.051,1.035,0.61294,1.0483
725,0.98459,0.61424,0.89586,0.80413,0.6804,0.88795,0.55943,0.90788,0.73016,0.58355,0.82768,0.91064,0.64796,0.86895,0.63934,0.85118,0.91882,0.91123,0.84502,1.0149,1.0958,0.99787,0.68358,0.95283,0.87046,1.2749,1.3205,1.009,0.78994,0.8986,1.0464,1.0781,0.93853,0.85051,0.87754,0.96578,1.1816,0.68615,0.69836,0.92715,1.0487,0.9155,0.96034,0.93173,1.1224,0.94915,1.0169,1.0508,1.0349,0.61174,1.0482
726,0.98201,0.61271,0.89625,0.80457,0.68201,0.88972,0.55923,0.90731,0.73185,0.58355,0.82773,0.91055,0.64698,0.86867,0.63737,0.84987,0.91927,0.91127,0.84359,1.0149,1.0949,0.99788,0.68232,0.95287,0.86987,1.2745,1.3204,1.0088,0.79026,0.89703,1.046,1.0772,0.93809,0.84962,0.87723,0.96536,1.182,0.68497,0.69549,0.92664,1.0481,0.91511,0.95992,0.93147,1.1225,0.94868,1.0168,1.0503,1.0347,0.61127,1.0481
727,0.97905,0.61103,0.8968,0.80455,0.68386,0.89127,0.55924,0.90663,0.73374,0.58327,0.82715,0.91099,0.64612,0.86799,0.63537,0.84871,0.91994,0.91116,0.84227,1.015,1.094,0.9981,0.68146,0.95276,0.86936,1.2742,1.3203,1.0088,0.79023,0.89527,1.0459,1.0763,0.93762,0.8485,0.87697,0.96511,1.1826,0.68353,0.69239,0.92596,1.0475,0.91479,0.95961,0.93125,1.1223,0.94818,1.0167,1.0499,1.0345,0.61058,1.048
728,0.97587,0.60938,0.89731,0.80488,0.68586,0.89301,0.5594,0.90589,0.73575,0.58285,0.8267,0.91139,0.64498,0.86745,0.63319,0.84737,0.9204,0.91102,0.841,1.0156,1.0935,0.99848,0.68051,0.95266,0.869,1.274,1.3205,1.009,0.79008,0.8934,1.0456,1.0757,0.93721,0.84728,0.87658,0.96494,1.1824,0.68212,0.6892,0.92515,1.0474,0.91443,0.95924,0.93107,1.1224,0.9478,1.0166,1.0495,1.0343,0.60996,1.0479
729,0.97209,0.60755,0.89765,0.80546,0.68791,0.89488,0.55948,0.90519,0.73771,0.58231,0.82651,0.91172,0.64353,0.86706,0.63063,0.84579,0.92048,0.91091,0.83948,1.0162,1.0925,0.9986,0.67903,0.95245,0.86869,1.2738,1.3206,1.0092,0.78997,0.89154,1.0451,1.0751,0.93694,0.8462,0.87593,0.9648,1.1818,0.68067,0.68565,0.92432,1.0473,0.91397,0.95882,0.93092,1.1228,0.94744,1.0164,1.049,1.034,0.60928,1.0477
730,0.96664,0.60519,0.89754,0.80547,0.68956,0.89612,0.55911,0.90434,0.73935,0.58151,0.82624,0.91139,0.64188,0.86634,0.62763,0.84422,0.92046,0.91027,0.8376,1.016,1.0907,0.99843,0.67691,0.95207,0.8681,1.2732,1.3205,1.0084,0.78986,0.89026,1.0445,1.0741,0.93655,0.84526,0.87543,0.96479,1.1814,0.67918,0.68173,0.92342,1.0468,0.91354,0.95852,0.93063,1.1231,0.94681,1.0163,1.0481,1.0338,0.60864,1.0476
731,0.95943,0.60238,0.89701,0.80508,0.69111,0.8965,0.55859,0.90305,0.7409,0.58093,0.82611,0.91093,0.63993,0.86557,0.62434,0.84197,0.92044,0.90924,0.83495,1.015,1.0882,0.99727,0.67445,0.95194,0.86745,1.2719,1.3198,1.007,0.7889,0.88871,1.0444,1.0725,0.93596,0.84384,0.87502,0.96446,1.1814,0.67744,0.67748,0.92243,1.0461,0.91246,0.95811,0.93008,1.1223,0.94621,1.016,1.0469,1.0335,0.6081,1.0475
732,0.95168,0.59921,0.89635,0.80465,0.69273,0.89661,0.55786,0.90174,0.74276,0.58045,0.82591,0.91032,0.63795,0.86476,0.62086,0.83932,0.92043,0.9082,0.83193,1.0139,1.0852,0.99554,0.67146,0.95195,0.86673,1.2704,1.3186,1.0056,0.78719,0.8869,1.0444,1.0704,0.9356,0.84204,0.87449,0.96413,1.1815,0.67565,0.67318,0.9214,1.0453,0.91095,0.95752,0.92936,1.1205,0.94573,1.0156,1.0455,1.0333,0.60787,1.0472
733,0.94501,0.59599,0.89617,0.80445,0.69436,0.89723,0.55723,0.90055,0.74511,0.57973,0.82554,0.90972,0.63597,0.86405,0.61765,0.83714,0.92074,0.90742,0.82903,1.0138,1.0823,0.99461,0.66842,0.95194,0.86593,1.2699,1.3176,1.0044,0.78523,0.88527,1.0447,1.0686,0.93566,0.84031,0.87383,0.96394,1.1819,0.6739,0.66919,0.92057,1.0446,0.90985,0.95689,0.92915,1.1185,0.94521,1.0153,1.0443,1.0331,0.60794,1.0466
734,0.93934,0.59299,0.89616,0.80427,0.69589,0.89805,0.55703,0.89948,0.74717,0.57897,0.82491,0.90935,0.63412,0.86331,0.61462,0.83533,0.92117,0.90658,0.82667,1.0133,1.0804,0.99427,0.66568,0.9516,0.86529,1.2697,1.317,1.004,0.78326,0.88387,1.0446,1.067,0.93547,0.83925,0.87328,0.96372,1.1817,0.67235,0.66539,0.91987,1.0438,0.90937,0.9563,0.92909,1.1167,0.94458,1.0152,1.0436,1.0327,0.60754,1.0463
735,0.93464,0.59071,0.89639,0.80419,0.69746,0.89908,0.55704,0.89862,0.74875,0.57845,0.82448,0.90886,0.63267,0.86261,0.6119,0.83343,0.92146,0.90586,0.82469,1.0123,1.0789,0.9939,0.66321,0.95147,0.86479,1.2696,1.3168,1.0039,0.78149,0.88268,1.0443,1.0657,0.93508,0.83837,0.87253,0.96343,1.1813,0.67082,0.66179,0.91913,1.0432,0.9091,0.95587,0.92891,1.1153,0.94393,1.0152,1.0434,1.0322,0.60681,1.0461
736,0.93026,0.58908,0.89599,0.80432,0.69906,0.89993,0.55714,0.89766,0.75002,0.57804,0.8245,0.90866,0.63167,0.86202,0.60932,0.83135,0.92132,0.90496,0.82212,1.0112,1.0769,0.99309,0.66064,0.95156,0.86435,1.2689,1.3163,1.0033,0.7799,0.88151,1.0438,1.0645,0.93451,0.83738,0.87175,0.96305,1.181,0.66923,0.65834,0.91822,1.0427,0.90844,0.95542,0.92867,1.1133,0.94322,1.0149,1.0429,1.0316,0.60599,1.0461
737,0.92614,0.58741,0.89537,0.80437,0.7006,0.90058,0.55684,0.89649,0.75164,0.57743,0.82465,0.90843,0.63076,0.86127,0.60701,0.82945,0.92137,0.90404,0.81977,1.0101,1.0749,0.99239,0.65816,0.95152,0.86384,1.2682,1.3158,1.0028,0.77818,0.87997,1.0432,1.063,0.93379,0.8364,0.87167,0.96301,1.1812,0.66814,0.6551,0.91734,1.042,0.90764,0.95515,0.92854,1.1115,0.94257,1.0147,1.042,1.0311,0.6057,1.0459
738,0.92252,0.58573,0.89531,0.80419,0.70213,0.90104,0.55651,0.89569,0.75346,0.57715,0.82428,0.90847,0.62988,0.8603,0.60522,0.82776,0.92155,0.90317,0.81793,1.0093,1.0733,0.99148,0.656,0.95163,0.86347,1.2676,1.3153,1.0022,0.77644,0.87859,1.0426,1.0621,0.93312,0.83559,0.87151,0.963,1.1811,0.66728,0.65229,0.91638,1.0414,0.90681,0.95497,0.92833,1.11,0.94191,1.0146,1.0411,1.0308,0.60547,1.0458
739,0.91966,0.58422,0.89555,0.804,0.70383,0.90146,0.55632,0.89512,0.75544,0.57697,0.82379,0.909,0.62899,0.85928,0.60373,0.82636,0.92183,0.90259,0.81627,1.0087,1.0717,0.99045,0.65403,0.95174,0.86315,1.267,1.3148,1.0016,0.77483,0.87762,1.0422,1.0615,0.93255,0.8349,0.8711,0.96257,1.181,0.66648,0.64997,0.91565,1.0411,0.90603,0.95478,0.92796,1.1086,0.9413,1.0144,1.0403,1.0307,0.6053,1.0457
740,0.91722,0.58314,0.89542,0.80405,0.70566,0.90215,0.55621,0.89439,0.75737,0.57674,0.82372,0.90961,0.62802,0.85874,0.60228,0.82505,0.92224,0.90219,0.81495,1.0083,1.0705,0.98981,0.65231,0.9516,0.86272,1.2664,1.3144,1.0009,0.77344,0.87642,1.0419,1.0605,0.93179,0.83432,0.8709,0.96209,1.1811,0.66568,0.64822,0.9155,1.0408,0.90581,0.95467,0.92769,1.1074,0.94077,1.0143,1.0396,1.0307,0.60524,1.0452
741,0.91556,0.58217,0.89548,0.80418,0.70737,0.90297,0.55614,0.89348,0.75873,0.57651,0.82401,0.90987,0.6274,0.85863,0.60089,0.82388,0.92251,0.90175,0.81369,1.0079,1.0695,0.98941,0.65068,0.95149,0.8622,1.2659,1.314,1.0006,0.77211,0.87499,1.0418,1.0597,0.93176,0.83382,0.87084,0.96178,1.1807,0.66491,0.64631,0.91524,1.0399,0.90531,0.95448,0.92754,1.1061,0.94012,1.0142,1.0389,1.0305,0.60505,1.0451
742,0.91425,0.58107,0.89592,0.80426,0.70912,0.9037,0.55614,0.89261,0.76016,0.57641,0.82441,0.91009,0.62714,0.85879,0.59961,0.82267,0.92256,0.90141,0.81229,1.0073,1.0686,0.98898,0.64907,0.95142,0.86153,1.2657,1.3136,1.0005,0.77087,0.8736,1.0419,1.0589,0.93213,0.83329,0.87078,0.9614,1.1802,0.66435,0.64431,0.91471,1.039,0.90449,0.95409,0.92735,1.1047,0.93938,1.014,1.0381,1.0301,0.60486,1.0452
743,0.91311,0.57993,0.896,0.80426,0.71096,0.90436,0.5562,0.89212,0.76187,0.57643,0.82462,0.91058,0.62701,0.85922,0.59886,0.82144,0.92267,0.90122,0.81134,1.0066,1.0678,0.98857,0.64743,0.9513,0.8608,1.2654,1.3131,1.0001,0.76967,0.87243,1.0416,1.0583,0.93229,0.83253,0.8707,0.96113,1.1803,0.66383,0.64257,0.91404,1.0387,0.90423,0.95364,0.92714,1.1035,0.93861,1.0138,1.0376,1.0297,0.60471,1.045
744,0.91218,0.5789,0.8961,0.80431,0.71271,0.90542,0.5561,0.89176,0.76302,0.5764,0.82459,0.91085,0.62665,0.85936,0.59793,0.82032,0.92287,0.90087,0.81064,1.0062,1.0672,0.9881,0.64625,0.95098,0.86042,1.2652,1.3129,0.99992,0.76805,0.87136,1.0412,1.0579,0.93141,0.83184,0.87009,0.96089,1.1805,0.66311,0.64099,0.91326,1.0388,0.9041,0.9533,0.92692,1.1026,0.9379,1.0138,1.0371,1.0294,0.60427,1.0446
745,0.9112,0.57797,0.89646,0.80444,0.71442,0.90648,0.55587,0.89126,0.76408,0.57616,0.82492,0.91091,0.62618,0.85928,0.59674,0.81941,0.92311,0.90046,0.80982,1.0058,1.0665,0.98766,0.64515,0.95073,0.86009,1.2651,1.3129,0.9998,0.76645,0.8704,1.0409,1.0577,0.93033,0.83175,0.86938,0.96056,1.1805,0.66245,0.63947,0.91285,1.0384,0.90383,0.95297,0.92668,1.1017,0.93731,1.0137,1.0366,1.029,0.60372,1.0443
746,0.91063,0.57715,0.89681,0.80433,0.71611,0.90738,0.55563,0.89061,0.76532,0.57577,0.82546,0.91128,0.62569,0.85931,0.59578,0.81852,0.92352,0.90002,0.80882,1.0052,1.0653,0.98736,0.64371,0.95068,0.85951,1.2649,1.3128,0.99958,0.7654,0.86961,1.0405,1.0574,0.92959,0.83203,0.86889,0.96003,1.1804,0.66194,0.63786,0.91291,1.0376,0.90357,0.95245,0.92642,1.1011,0.9368,1.0137,1.036,1.029,0.60317,1.0442
747,0.91014,0.57626,0.8969,0.80436,0.71788,0.90832,0.55525,0.88978,0.76681,0.57562,0.8254,0.9112,0.62504,0.8591,0.59473,0.81711,0.92398,0.89983,0.80812,1.0045,1.0645,0.987,0.64206,0.95074,0.85889,1.2647,1.3124,0.99946,0.76475,0.86927,1.0399,1.0567,0.92945,0.83195,0.86854,0.95932,1.1796,0.6613,0.63586,0.91254,1.037,0.90326,0.95204,0.92618,1.1008,0.93628,1.0137,1.0356,1.0289,0.60278,1.0443
748,0.90942,0.57528,0.89707,0.80455,0.71958,0.90929,0.55492,0.88909,0.76819,0.57544,0.82494,0.91147,0.62453,0.85913,0.59362,0.81567,0.92439,0.89975,0.8075,1.0038,1.0641,0.9865,0.64051,0.95096,0.85839,1.2645,1.3124,0.99942,0.76403,0.86929,1.0394,1.0563,0.9294,0.83183,0.86819,0.95898,1.1793,0.66058,0.63388,0.91201,1.0364,0.90297,0.95177,0.92604,1.1003,0.93568,1.0136,1.035,1.0286,0.60243,1.0442
749,0.90864,0.57428,0.89738,0.80461,0.72124,0.91018,0.55473,0.88861,0.76944,0.5752,0.82439,0.91213,0.62415,0.85929,0.59252,0.81451,0.92473,0.89925,0.80656,1.003,1.0638,0.98596,0.639,0.95117,0.85788,1.2643,1.3124,0.99946,0.7631,0.8695,1.0394,1.0562,0.92911,0.83166,0.86765,0.95921,1.1796,0.66001,0.63195,0.91143,1.0358,0.90253,0.95162,0.92595,1.0994,0.93492,1.0134,1.0345,1.0283,0.60199,1.0441
750,0.90782,0.57322,0.89767,0.8046,0.72297,0.91092,0.55462,0.88763,0.77068,0.57501,0.82392,0.91248,0.62352,0.8594,0.59129,0.8136,0.92509,0.8986,0.8056,1.0021,1.0636,0.98514,0.63754,0.95108,0.85735,1.2642,1.3121,0.99952,0.76258,0.86946,1.0397,1.0563,0.92828,0.83128,0.86718,0.95902,1.1799,0.65979,0.62997,0.91067,1.0348,0.90199,0.95163,0.92579,1.0985,0.934,1.0133,1.0339,1.0281,0.60138,1.0441
751,0.90726,0.57204,0.8978,0.80462,0.72462,0.9119,0.55448,0.88654,0.77206,0.57472,0.82375,0.91258,0.62261,0.85944,0.59009,0.81261,0.92529,0.89808,0.80477,1.0012,1.0628,0.98443,0.63606,0.95085,0.85671,1.2639,1.312,0.99942,0.76228,0.86951,1.0397,1.0561,0.92778,0.83076,0.86688,0.95852,1.18,0.65966,0.62814,0.90965,1.0335,0.90154,0.95164,0.92554,1.0977,0.93318,1.0132,1.0332,1.0279,0.60074,1.0441
752,0.90663,0.57084,0.89787,0.80449,0.72628,0.91294,0.55426,0.88549,0.77348,0.5743,0.82372,0.91275,0.62166,0.85946,0.58891,0.81142,0.92527,0.8977,0.80393,1.0002,1.0619,0.98399,0.63439,0.95069,0.85604,1.2635,1.3121,0.99919,0.76228,0.8698,1.0393,1.0555,0.92751,0.83032,0.86628,0.95817,1.18,0.65916,0.62624,0.90857,1.0326,0.9012,0.95157,0.92543,1.0971,0.93239,1.0131,1.0326,1.0277,0.6002,1.044
753,0.90567,0.56944,0.89809,0.80392,0.72799,0.91345,0.55421,0.88475,0.77479,0.57389,0.82357,0.91295,0.6209,0.85934,0.58776,0.81013,0.92526,0.89734,0.80287,0.99937,1.0613,0.9835,0.63243,0.95071,0.85549,1.2632,1.3119,0.99908,0.76264,0.87023,1.0388,1.055,0.9271,0.82984,0.86524,0.95793,1.1802,0.65805,0.62423,0.90777,1.0318,0.901,0.95101,0.92521,1.0961,0.93145,1.0129,1.0319,1.0277,0.59976,1.0439
754,0.9049,0.56811,0.89794,0.80369,0.72969,0.91405,0.55387,0.88396,0.77581,0.57336,0.82358,0.9131,0.62035,0.85918,0.58631,0.80897,0.92535,0.89656,0.80183,0.9985,1.0606,0.98299,0.63061,0.95052,0.85472,1.2631,1.3118,0.99886,0.76314,0.87079,1.0382,1.0542,0.92639,0.82923,0.86437,0.9574,1.1804,0.65694,0.62223,0.9075,1.0312,0.90058,0.95051,0.9249,1.0951,0.93051,1.0129,1.0312,1.0275,0.59943,1.0437
755,0.90418,0.56682,0.89788,0.8037,0.73143,0.91489,0.5533,0.88309,0.77675,0.57261,0.82346,0.91316,0.61963,0.85914,0.5847,0.80781,0.92531,0.89562,0.80082,0.9974,1.0599,0.98224,0.62868,0.94999,0.85379,1.2631,1.3118,0.99862,0.76325,0.87134,1.0376,1.0536,0.92585,0.82864,0.86365,0.95668,1.1804,0.65606,0.62014,0.90723,1.0305,0.89999,0.95026,0.92457,1.094,0.92958,1.0131,1.0305,1.0273,0.59898,1.0436
756,0.90357,0.56555,0.89809,0.80344,0.73306,0.91569,0.55272,0.88217,0.77784,0.57183,0.82281,0.91357,0.61847,0.85929,0.58314,0.80652,0.92483,0.89512,0.79989,0.99583,1.0588,0.98081,0.62678,0.94923,0.85296,1.263,1.3116,0.99844,0.76276,0.87147,1.0371,1.0538,0.92574,0.82791,0.86266,0.95597,1.1798,0.65556,0.61814,0.90656,1.0298,0.89907,0.94972,0.92425,1.0926,0.92858,1.0132,1.03,1.0269,0.59832,1.0434
757,0.90488,0.56417,0.89833,0.80353,0.735,0.91723,0.5522,0.88104,0.77925,0.57117,0.82138,0.91361,0.61739,0.85927,0.58176,0.80475,0.92456,0.89465,0.79847,0.99461,1.0574,0.9797,0.62424,0.94876,0.85168,1.2637,1.3112,0.99834,0.76207,0.87149,1.0371,1.0545,0.92537,0.82724,0.86112,0.95478,1.1793,0.65498,0.61595,0.90496,1.0284,0.89815,0.94905,0.92343,1.0909,0.92755,1.0128,1.0292,1.0259,0.59816,1.0429
758,0.91055,0.56321,0.89919,0.80481,0.73622,0.92097,0.55216,0.88017,0.77962,0.57039,0.82069,0.91397,0.61745,0.8597,0.5805,0.80379,0.92558,0.89495,0.79797,0.99488,1.0577,0.97939,0.62188,0.94775,0.85022,1.2673,1.3126,1.0002,0.76208,0.87164,1.0372,1.0573,0.92444,0.8261,0.86106,0.95353,1.1791,0.65376,0.61447,0.90213,1.027,0.89903,0.94875,0.92283,1.0903,0.92709,1.0128,1.0295,1.0249,0.59777,1.0426
759,0.9277,0.56406,0.90307,0.80822,0.73728,0.92861,0.55278,0.8824,0.77967,0.57036,0.82259,0.91667,0.61936,0.86197,0.58082,0.80506,0.92861,0.89792,0.79956,0.99815,1.0627,0.98135,0.62103,0.94612,0.85019,1.2781,1.3184,1.0088,0.76583,0.87293,1.0376,1.0617,0.92378,0.82623,0.86531,0.9548,1.1807,0.65239,0.61446,0.90042,1.0275,0.90512,0.95104,0.92332,1.0929,0.92791,1.0136,1.0332,1.0246,0.59655,1.0434
760,0.95176,0.56868,0.90814,0.81141,0.73776,0.93256,0.55397,0.88493,0.77888,0.57066,0.82582,0.9202,0.62067,0.86311,0.58242,0.80715,0.92937,0.90061,0.8022,1,1.0709,0.98294,0.62482,0.94506,0.85181,1.2899,1.3313,1.0182,0.76919,0.87609,1.0386,1.0634,0.92443,0.82887,0.86954,0.95747,1.1809,0.65131,0.61565,0.90358,1.0306,0.90916,0.95396,0.92502,1.0978,0.92856,1.0153,1.0406,1.0255,0.5879,1.0454
761,0.96036,0.5726,0.90694,0.80986,0.74034,0.92998,0.55278,0.88571,0.78097,0.57025,0.8262,0.92047,0.61836,0.86111,0.58246,0.80492,0.92471,0.89779,0.79973,0.99518,1.071,0.98213,0.62429,0.94541,0.85169,1.2879,1.3409,1.0181,0.77015,0.87854,1.0391,1.0587,0.9245,0.8312,0.86598,0.95671,1.18,0.65301,0.61367,0.90795,1.0298,0.90698,0.95386,0.92388,1.0964,0.92607,1.0141,1.0429,1.0256,0.58172,1.0467
762,0.96001,0.57299,0.90635,0.80819,0.74463,0.92933,0.5511,0.88616,0.78512,0.57046,0.8247,0.91876,0.61581,0.86025,0.58196,0.80239,0.92234,0.89589,0.79727,0.99211,1.0684,0.98247,0.62104,0.94642,0.85103,1.2843,1.3419,1.017,0.77188,0.88012,1.0394,1.0542,0.92437,0.83235,0.86091,0.95488,1.1805,0.65576,0.61052,0.90946,1.0272,0.90632,0.95396,0.92257,1.0943,0.92421,1.0134,1.0413,1.0252,0.58318,1.0466
763,0.95107,0.56983,0.90392,0.80663,0.74457,0.92879,0.55042,0.88478,0.78526,0.57003,0.82404,0.91837,0.61525,0.86119,0.57868,0.8005,0.92356,0.89464,0.79576,0.99055,1.0676,0.98148,0.61878,0.94637,0.85016,1.2798,1.3403,1.0152,0.77294,0.88152,1.0385,1.0534,0.92285,0.83066,0.86128,0.95419,1.1804,0.65446,0.60812,0.90648,1.0269,0.9058,0.95357,0.92308,1.0927,0.92333,1.0134,1.0389,1.0254,0.58214,1.0467
764,0.93789,0.56623,0.9019,0.80447,0.74608,0.92575,0.54926,0.88316,0.78654,0.56939,0.82312,0.91792,0.61344,0.86014,0.57567,0.79758,0.92284,0.89234,0.79308,0.98795,1.0637,0.9804,0.61568,0.94702,0.849,1.2732,1.3354,1.0105,0.77306,0.88302,1.0378,1.0509,0.92143,0.83004,0.86017,0.95382,1.18,0.65396,0.60471,0.90546,1.0256,0.90333,0.95283,0.92278,1.0901,0.92166,1.0133,1.0351,1.0251,0.58301,1.0462
765,0.92296,0.56144,0.89977,0.80175,0.74832,0.92257,0.54798,0.88052,0.78817,0.56834,0.82169,0.91696,0.61086,0.85842,0.57241,0.79448,0.92181,0.88927,0.79027,0.98461,1.058,0.97826,0.61133,0.94751,0.84717,1.2666,1.328,1.005,0.7728,0.88437,1.0371,1.0485,0.91989,0.82878,0.85793,0.95266,1.1794,0.65323,0.60067,0.90411,1.0232,0.89983,0.95132,0.92179,1.0865,0.91981,1.0124,1.0302,1.0245,0.58532,1.0449
766,0.91042,0.55622,0.89773,0.79991,0.75005,0.92162,0.54695,0.87772,0.78933,0.56738,0.82045,0.91616,0.6085,0.85758,0.56955,0.79273,0.92228,0.8876,0.78847,0.98231,1.0541,0.97588,0.60748,0.94749,0.84519,1.2633,1.3212,1.0009,0.77316,0.88569,1.0363,1.0474,0.91861,0.82648,0.85631,0.95146,1.1796,0.65224,0.59737,0.90202,1.0214,0.89725,0.94987,0.92123,1.0835,0.9188,1.0118,1.0258,1.0241,0.58793,1.0439
767,0.90192,0.55189,0.8966,0.79913,0.75105,0.92129,0.54629,0.87557,0.79045,0.56628,0.81947,0.91541,0.60663,0.85716,0.56693,0.79094,0.92224,0.88624,0.7868,0.98087,1.051,0.97387,0.60403,0.9477,0.84349,1.2613,1.3159,0.99809,0.77379,0.88694,1.035,1.0466,0.91749,0.82484,0.85517,0.95045,1.1802,0.65117,0.59454,0.89967,1.0195,0.89552,0.9489,0.92061,1.0808,0.91791,1.0116,1.0228,1.0238,0.58973,1.0431
768,0.89659,0.54868,0.89616,0.79871,0.75222,0.92129,0.5459,0.8741,0.79107,0.56486,0.81847,0.91453,0.60533,0.85689,0.56471,0.78899,0.9222,0.88498,0.7858,0.9794,1.0488,0.97227,0.6011,0.94782,0.84196,1.2603,1.3127,0.99629,0.77476,0.8885,1.0341,1.0462,0.91654,0.82369,0.85449,0.94952,1.1806,0.65008,0.59216,0.89745,1.0176,0.89439,0.94819,0.91999,1.0784,0.917,1.0114,1.0209,1.0234,0.59057,1.0424
769,0.89329,0.54609,0.89563,0.79823,0.75354,0.92162,0.54557,0.87302,0.79113,0.56335,0.8174,0.91405,0.6044,0.85643,0.56269,0.78673,0.92241,0.88384,0.78535,0.97763,1.0474,0.97105,0.59853,0.94776,0.84053,1.2598,1.311,0.99499,0.77587,0.89054,1.034,1.0462,0.91578,0.82254,0.85426,0.94843,1.1808,0.64892,0.5902,0.89561,1.016,0.89329,0.94752,0.91948,1.0764,0.91604,1.0115,1.0191,1.0228,0.59057,1.0417
770,0.89127,0.54391,0.895,0.7976,0.75472,0.92166,0.54519,0.87219,0.7919,0.56273,0.81691,0.91412,0.60345,0.85586,0.56074,0.78476,0.92216,0.88283,0.7843,0.97599,1.0458,0.97005,0.59601,0.94768,0.83955,1.2592,1.3099,0.99406,0.77733,0.89251,1.0345,1.0464,0.91499,0.8218,0.85379,0.94771,1.1807,0.64782,0.58836,0.89451,1.0153,0.8921,0.94688,0.91893,1.0745,0.9151,1.0113,1.0176,1.0223,0.5905,1.0415
771,0.88969,0.54188,0.89454,0.79694,0.7561,0.92167,0.54475,0.87132,0.79275,0.5624,0.81635,0.91419,0.60236,0.85544,0.55882,0.78308,0.92179,0.88166,0.78281,0.97448,1.0443,0.96904,0.5937,0.94727,0.83848,1.2585,1.3092,0.9934,0.77876,0.89433,1.0343,1.047,0.91417,0.8215,0.85327,0.94731,1.18,0.64689,0.58626,0.89375,1.0147,0.89106,0.9463,0.91847,1.0731,0.91405,1.011,1.0164,1.0221,0.59016,1.0414
772,0.88827,0.53996,0.89422,0.79649,0.75763,0.92195,0.54414,0.87036,0.79351,0.56191,0.81567,0.91424,0.60143,0.8552,0.55689,0.78158,0.92141,0.88056,0.78164,0.97322,1.043,0.96803,0.59148,0.9467,0.83738,1.2581,1.3086,0.99305,0.77997,0.896,1.0335,1.0474,0.91343,0.82155,0.85276,0.94693,1.1792,0.64621,0.58401,0.89306,1.0139,0.89022,0.94582,0.91798,1.072,0.91282,1.0109,1.0153,1.0218,0.5897,1.0413
773,0.88704,0.53827,0.89385,0.79592,0.75906,0.92219,0.54329,0.86956,0.79433,0.56091,0.81477,0.91436,0.6005,0.8551,0.5553,0.77999,0.92096,0.87936,0.78077,0.97174,1.0415,0.967,0.58897,0.94641,0.83625,1.2578,1.3079,0.99253,0.7812,0.89795,1.0327,1.0468,0.91238,0.82143,0.85254,0.94641,1.1792,0.64608,0.58194,0.89246,1.0129,0.88973,0.94568,0.91762,1.0708,0.9118,1.0107,1.0141,1.0214,0.5894,1.0411
774,0.88636,0.53682,0.89378,0.79546,0.76045,0.92225,0.54281,0.86877,0.79512,0.55985,0.81392,0.91425,0.59937,0.85495,0.55395,0.7785,0.92056,0.8781,0.77968,0.97009,1.0403,0.96619,0.58674,0.94664,0.83513,1.2575,1.3074,0.99191,0.78241,0.90016,1.0323,1.0459,0.91139,0.82078,0.85194,0.94589,1.1791,0.64577,0.5802,0.89183,1.0119,0.88939,0.94552,0.91714,1.0689,0.91077,1.0104,1.0129,1.0211,0.58906,1.0409
775,0.88585,0.53535,0.8937,0.79489,0.76182,0.9223,0.54233,0.86795,0.79575,0.55891,0.81324,0.91414,0.59822,0.85451,0.55249,0.777,0.92024,0.87695,0.77848,0.96825,1.0394,0.96524,0.58469,0.94695,0.83411,1.2573,1.3069,0.9913,0.78369,0.9026,1.032,1.0452,0.91052,0.82025,0.85113,0.94521,1.1788,0.6452,0.57858,0.89108,1.0111,0.88876,0.94508,0.91644,1.0669,0.90958,1.0102,1.0117,1.0207,0.58863,1.0408
776,0.88508,0.53383,0.89335,0.79426,0.76303,0.92236,0.54133,0.86695,0.796,0.5581,0.81275,0.9145,0.59713,0.85407,0.55113,0.77535,0.92,0.87577,0.7777,0.96619,1.0386,0.96378,0.58263,0.94685,0.83301,1.2571,1.3066,0.99067,0.78559,0.9053,1.032,1.0447,0.90965,0.82028,0.85054,0.94411,1.1781,0.64453,0.57684,0.89011,1.0101,0.88811,0.94451,0.91594,1.0657,0.90836,1.01,1.0106,1.0203,0.58819,1.0406
777,0.88448,0.53225,0.89296,0.79384,0.76433,0.9226,0.54038,0.86611,0.79641,0.55749,0.81261,0.91496,0.59576,0.85414,0.54963,0.7736,0.91972,0.8749,0.77664,0.96447,1.0377,0.96239,0.58098,0.94629,0.83193,1.2566,1.3065,0.99006,0.78729,0.90814,1.0318,1.0444,0.90851,0.81985,0.85004,0.94301,1.1782,0.64372,0.57505,0.88936,1.0087,0.88759,0.94396,0.91568,1.0645,0.90752,1.0097,1.0096,1.02,0.58765,1.0405
778,0.88406,0.53089,0.8925,0.79339,0.76574,0.92299,0.53973,0.86548,0.79709,0.55695,0.8123,0.91454,0.5946,0.85428,0.54806,0.77202,0.91925,0.87408,0.77536,0.96286,1.0366,0.96153,0.57929,0.94565,0.83094,1.2562,1.3062,0.98977,0.78894,0.91048,1.0311,1.044,0.90759,0.8194,0.84929,0.94257,1.1784,0.64322,0.57334,0.88862,1.0074,0.88702,0.94359,0.9153,1.063,0.90686,1.0094,1.0088,1.0197,0.58715,1.0404
779,0.88377,0.53002,0.89257,0.793,0.76689,0.92292,0.53934,0.86476,0.79792,0.55627,0.81162,0.91386,0.59387,0.85415,0.54697,0.77085,0.91883,0.87288,0.77456,0.96142,1.0355,0.96106,0.57715,0.94514,0.83013,1.2558,1.3059,0.98945,0.79079,0.91208,1.03,1.0436,0.90704,0.81955,0.84831,0.94249,1.1781,0.64308,0.57172,0.88788,1.0061,0.88647,0.9435,0.91488,1.0612,0.906,1.0093,1.0079,1.0194,0.58674,1.0402
780,0.88363,0.52879,0.89209,0.79265,0.76794,0.92295,0.5391,0.86379,0.7986,0.55579,0.81137,0.91338,0.59318,0.85404,0.54586,0.76947,0.91849,0.87189,0.77351,0.95973,1.0344,0.96006,0.57506,0.94464,0.82916,1.2553,1.3054,0.98865,0.79314,0.91339,1.0293,1.0428,0.90623,0.8199,0.848,0.94245,1.1779,0.64249,0.57006,0.88717,1.0051,0.88583,0.94301,0.91441,1.0596,0.90518,1.0093,1.0068,1.0191,0.58613,1.0399
781,0.88338,0.52751,0.89139,0.79241,0.76922,0.92325,0.53866,0.86274,0.79922,0.5552,0.81101,0.91356,0.59238,0.85384,0.54473,0.76789,0.91846,0.871,0.77253,0.958,1.0334,0.95952,0.57329,0.94434,0.82789,1.2548,1.3049,0.98803,0.79493,0.91534,1.0289,1.0423,0.905,0.81967,0.84778,0.9419,1.1778,0.64194,0.56854,0.88635,1.0038,0.88518,0.94259,0.91385,1.0583,0.90438,1.0092,1.0057,1.0188,0.58568,1.0398
782,0.88311,0.52637,0.89106,0.79211,0.77062,0.92339,0.53806,0.86193,0.79995,0.55452,0.81031,0.91452,0.59149,0.8536,0.54361,0.76627,0.91854,0.87007,0.77168,0.95644,1.0322,0.95941,0.57163,0.94413,0.8267,1.2544,1.3046,0.98757,0.79589,0.9178,1.0287,1.0424,0.90378,0.81901,0.84738,0.94072,1.1778,0.64158,0.56704,0.8855,1.0024,0.88452,0.94255,0.91324,1.0574,0.90356,1.009,1.0047,1.0185,0.5854,1.0397
783,0.88285,0.52538,0.89084,0.79149,0.7719,0.92373,0.53801,0.86189,0.80052,0.55399,0.80943,0.91474,0.59054,0.85379,0.54258,0.76515,0.91842,0.8693,0.77099,0.95508,1.0312,0.95876,0.5698,0.94379,0.82569,1.2542,1.3044,0.98716,0.79688,0.92036,1.0286,1.0425,0.90326,0.81855,0.84694,0.9394,1.1778,0.64125,0.56558,0.88454,1.0014,0.88417,0.94236,0.9128,1.0563,0.90259,1.0086,1.0038,1.0181,0.58503,1.0397
784,0.88301,0.52441,0.89069,0.791,0.77322,0.92404,0.53759,0.86184,0.80119,0.55343,0.80854,0.91449,0.58978,0.85402,0.54145,0.76435,0.91799,0.86845,0.77036,0.95342,1.0307,0.9578,0.56783,0.94367,0.82494,1.254,1.3041,0.98665,0.79833,0.92215,1.029,1.0422,0.90351,0.81844,0.84634,0.93898,1.1777,0.64076,0.56445,0.8838,1.0007,0.88389,0.94214,0.91243,1.0551,0.90178,1.0085,1.003,1.0177,0.58452,1.0395
785,0.88372,0.52336,0.89076,0.79082,0.77459,0.92425,0.53674,0.86142,0.8019,0.55276,0.80801,0.91421,0.58918,0.85386,0.54024,0.7635,0.91757,0.86763,0.76936,0.95171,1.0301,0.95689,0.56602,0.94376,0.8242,1.2539,1.3036,0.9862,0.79993,0.92321,1.0294,1.0419,0.9039,0.81831,0.84552,0.939,1.1774,0.64041,0.56339,0.88319,0.99965,0.88324,0.94191,0.912,1.0543,0.90119,1.0087,1.0022,1.0174,0.58406,1.0392
786,0.88449,0.52237,0.89069,0.79083,0.7756,0.92491,0.53606,0.86079,0.80264,0.55208,0.80787,0.91474,0.58874,0.85327,0.5393,0.76252,0.91703,0.86692,0.76861,0.95043,1.0296,0.95632,0.56466,0.94392,0.82317,1.2541,1.3034,0.9861,0.80129,0.92427,1.029,1.0419,0.90347,0.81815,0.84494,0.93841,1.1773,0.64024,0.56204,0.88245,0.99885,0.88263,0.94181,0.91156,1.0536,0.90059,1.0087,1.0015,1.0171,0.58355,1.0392
787,0.88513,0.52163,0.89066,0.79098,0.77657,0.9255,0.53594,0.86041,0.80301,0.55168,0.80759,0.91539,0.58838,0.85265,0.53877,0.7615,0.91667,0.86631,0.76842,0.94914,1.0297,0.9556,0.56339,0.94359,0.82243,1.2542,1.3033,0.9864,0.80209,0.92568,1.0288,1.0416,0.90234,0.8181,0.84433,0.93751,1.1778,0.64012,0.56092,0.88213,0.99848,0.88236,0.94176,0.9112,1.0522,0.89994,1.0087,1.0011,1.0169,0.583,1.0393
788,0.88593,0.52117,0.89064,0.79089,0.77789,0.92598,0.53591,0.86004,0.80343,0.55145,0.80734,0.91569,0.58792,0.85225,0.53823,0.76032,0.91626,0.86579,0.76807,0.94812,1.0297,0.95497,0.56212,0.94343,0.82155,1.2541,1.3034,0.98665,0.80269,0.92712,1.0289,1.0415,0.90161,0.81779,0.84388,0.93668,1.178,0.64032,0.55995,0.88181,0.99778,0.88236,0.94158,0.91087,1.0507,0.89928,1.0085,1.0007,1.0166,0.58246,1.0392
789,0.88652,0.52067,0.89027,0.79101,0.77913,0.92639,0.53563,0.85937,0.80418,0.55122,0.80715,0.91558,0.58723,0.85217,0.53751,0.75919,0.916,0.86478,0.76731,0.94748,1.0292,0.95441,0.561,0.94366,0.82029,1.2537,1.3034,0.98594,0.80335,0.92843,1.0287,1.0413,0.90141,0.81741,0.84359,0.93611,1.1777,0.64066,0.5591,0.88119,0.99685,0.88243,0.94115,0.91033,1.049,0.89836,1.0081,0.99973,1.0165,0.58183,1.0393
790,0.88734,0.52,0.89006,0.79068,0.78008,0.92672,0.53545,0.85845,0.80514,0.55067,0.80731,0.91566,0.58655,0.85244,0.53675,0.75807,0.9159,0.86397,0.76663,0.94626,1.0281,0.95348,0.56013,0.94354,0.81958,1.2533,1.3031,0.98515,0.80346,0.92937,1.0278,1.0412,0.9004,0.81777,0.84293,0.93578,1.1776,0.64051,0.55834,0.88035,0.99618,0.88222,0.94077,0.90976,1.0473,0.8973,1.0079,0.999,1.0164,0.58128,1.0394
791,0.88772,0.51947,0.88972,0.7897,0.78085,0.92683,0.53526,0.85758,0.80594,0.55024,0.80758,0.9161,0.58604,0.85251,0.53597,0.75701,0.91558,0.86329,0.76578,0.94473,1.0272,0.9526,0.55934,0.94328,0.81903,1.2527,1.3026,0.98478,0.80337,0.9299,1.027,1.0411,0.8996,0.81798,0.84226,0.93558,1.1777,0.64009,0.55772,0.87968,0.99599,0.88163,0.9405,0.90931,1.046,0.89655,1.0075,0.99837,1.0162,0.58093,1.0395
792,0.88747,0.51903,0.88896,0.78886,0.78173,0.92648,0.53501,0.85686,0.80627,0.55004,0.80779,0.91678,0.5858,0.85222,0.53551,0.75623,0.9155,0.86237,0.76507,0.94325,1.0265,0.9521,0.55849,0.94317,0.81835,1.2519,1.3019,0.98418,0.8033,0.93034,1.0267,1.0405,0.8992,0.81811,0.84196,0.93579,1.1776,0.63943,0.55731,0.87929,0.99598,0.88102,0.94034,0.90909,1.0452,0.89602,1.007,0.99732,1.0161,0.58088,1.0395
793,0.88796,0.51862,0.88908,0.7892,0.78276,0.92639,0.53468,0.85674,0.80644,0.54993,0.80746,0.91699,0.58564,0.85205,0.53541,0.7555,0.91582,0.86188,0.76515,0.94231,1.026,0.95155,0.55751,0.94354,0.8178,1.2515,1.3013,0.98357,0.80355,0.93115,1.0267,1.0402,0.89885,0.81847,0.84202,0.93606,1.1771,0.63883,0.55691,0.8788,0.99539,0.88053,0.94015,0.90866,1.0446,0.89584,1.0071,0.99635,1.0159,0.58102,1.0394
794,0.88869,0.51833,0.88929,0.78957,0.7839,0.92697,0.53457,0.85659,0.80686,0.54998,0.80691,0.91657,0.58535,0.85233,0.53531,0.75472,0.91603,0.86161,0.76542,0.94192,1.0257,0.95112,0.55685,0.9434,0.81731,1.2513,1.3012,0.98354,0.80395,0.93184,1.0266,1.0401,0.89842,0.81862,0.84185,0.93594,1.1766,0.63863,0.55631,0.87855,0.99448,0.88029,0.94,0.90816,1.044,0.89559,1.0073,0.99591,1.0156,0.58102,1.0394
795,0.88991,0.51808,0.88943,0.78964,0.78523,0.92807,0.53476,0.85599,0.80756,0.55007,0.80662,0.91589,0.58529,0.85279,0.53521,0.75431,0.91574,0.86168,0.76533,0.94164,1.0259,0.95088,0.55634,0.94302,0.81683,1.2515,1.3012,0.98377,0.80429,0.93239,1.0266,1.04,0.89792,0.81841,0.84166,0.93563,1.1762,0.63858,0.55561,0.8785,0.99357,0.8806,0.93999,0.90792,1.0434,0.89523,1.0075,0.99595,1.0152,0.58071,1.0395
796,0.89095,0.51771,0.88948,0.78942,0.78604,0.92837,0.53456,0.8552,0.8083,0.54998,0.80682,0.91555,0.58533,0.85271,0.53489,0.75399,0.91507,0.86138,0.76454,0.94066,1.0261,0.95025,0.55552,0.94294,0.81628,1.2512,1.3011,0.98339,0.804,0.93267,1.0269,1.04,0.89725,0.81789,0.84171,0.93553,1.1758,0.63848,0.55526,0.87817,0.99272,0.8806,0.93998,0.90769,1.0425,0.89471,1.007,0.99554,1.0146,0.58012,1.0393
797,0.89151,0.51775,0.8895,0.78935,0.78708,0.92852,0.53456,0.85517,0.8088,0.54954,0.80643,0.91572,0.58523,0.85279,0.53451,0.75346,0.91519,0.86083,0.76405,0.9399,1.0258,0.9498,0.5549,0.94301,0.81579,1.2506,1.3005,0.98267,0.80298,0.9323,1.027,1.0394,0.89697,0.81769,0.84169,0.93464,1.1764,0.63852,0.55506,0.87764,0.99251,0.88016,0.93973,0.90739,1.0415,0.89424,1.0068,0.99493,1.0143,0.57997,1.0391
798,0.89239,0.5179,0.88929,0.7894,0.78816,0.92901,0.53467,0.85534,0.80938,0.54916,0.80621,0.91616,0.58522,0.85304,0.5342,0.75308,0.91554,0.86041,0.76415,0.9394,1.0255,0.94923,0.55457,0.94297,0.81536,1.2502,1.2998,0.98206,0.80208,0.93171,1.0271,1.0394,0.89693,0.81772,0.84161,0.93335,1.1767,0.63866,0.55482,0.87726,0.99243,0.87971,0.93943,0.90705,1.0408,0.89381,1.0068,0.9943,1.0143,0.57992,1.039
799,0.89394,0.51802,0.8892,0.78944,0.78877,0.92984,0.53469,0.85567,0.81011,0.54909,0.80667,0.91683,0.58531,0.85322,0.53402,0.75316,0.91594,0.86034,0.76404,0.93904,1.0255,0.9487,0.55442,0.94275,0.81503,1.2504,1.2996,0.98243,0.80169,0.93127,1.027,1.0406,0.89672,0.81765,0.84151,0.9328,1.1766,0.63875,0.55486,0.87736,0.99209,0.87958,0.93921,0.90695,1.0407,0.8933,1.0067,0.99396,1.0145,0.57981,1.039
800,0.8949,0.51853,0.88961,0.78984,0.78967,0.93042,0.53466,0.85541,0.81069,0.54931,0.8067,0.91653,0.58542,0.85331,0.53426,0.75289,0.91612,0.86045,0.76378,0.93857,1.0252,0.94842,0.55399,0.94281,0.81479,1.2503,1.2998,0.98265,0.80123,0.93097,1.0265,1.0407,0.89646,0.81768,0.8414,0.93278,1.1764,0.63866,0.55434,0.8774,0.99143,0.87933,0.93889,0.9069,1.0407,0.8927,1.0066,0.99377,1.0144,0.57962,1.039
801,0.89577,0.5189,0.88997,0.79015,0.79069,0.93088,0.53452,0.85487,0.81102,0.54932,0.80685,0.91624,0.58537,0.85321,0.53463,0.7525,0.9161,0.86069,0.76387,0.93802,1.0251,0.94829,0.55373,0.94275,0.81455,1.2501,1.2997,0.98239,0.80051,0.93054,1.0264,1.0403,0.89615,0.81758,0.84099,0.93233,1.1763,0.63844,0.55391,0.87725,0.99092,0.87913,0.93852,0.90683,1.0407,0.89223,1.0066,0.99351,1.0142,0.57947,1.0388
802,0.89687,0.51898,0.88972,0.79011,0.79147,0.93131,0.53446,0.85454,0.811,0.54906,0.80723,0.91669,0.58532,0.85296,0.53466,0.75218,0.91595,0.86075,0.76394,0.93745,1.0255,0.94834,0.55371,0.94249,0.81427,1.2497,1.2992,0.98182,0.79933,0.9296,1.0264,1.0399,0.89573,0.81714,0.84056,0.93154,1.1762,0.63828,0.55379,0.87707,0.99085,0.87894,0.93817,0.90674,1.0403,0.8919,1.0064,0.99316,1.0144,0.57939,1.039
803,0.89724,0.51894,0.88953,0.7901,0.79216,0.93192,0.53449,0.85411,0.81176,0.54899,0.80743,0.91759,0.58567,0.8527,0.53455,0.75167,0.916,0.86049,0.76374,0.93708,1.0253,0.94851,0.55369,0.94229,0.81381,1.2492,1.2987,0.9814,0.7978,0.92809,1.0259,1.0393,0.89552,0.81684,0.84066,0.93169,1.1759,0.63831,0.55381,0.87693,0.99047,0.87835,0.93797,0.90667,1.0397,0.89181,1.0063,0.99259,1.0144,0.57935,1.0387
804,0.89726,0.51855,0.88959,0.79019,0.793,0.93212,0.53451,0.8539,0.81269,0.54915,0.80764,0.91821,0.5863,0.85283,0.5348,0.7511,0.91621,0.85998,0.76348,0.93687,1.025,0.94832,0.55353,0.9425,0.81342,1.2488,1.2983,0.98111,0.79584,0.92642,1.0259,1.0389,0.89509,0.81712,0.84051,0.93217,1.176,0.63847,0.55389,0.87667,0.99022,0.87789,0.93779,0.90645,1.0394,0.89185,1.0062,0.99202,1.0141,0.57943,1.0383
805,0.89763,0.51846,0.8898,0.79054,0.79386,0.932,0.53463,0.85364,0.81329,0.54941,0.80784,0.91815,0.58682,0.85303,0.53506,0.75086,0.91624,0.8596,0.76372,0.93702,1.0251,0.94819,0.55325,0.94293,0.81328,1.2484,1.2978,0.98069,0.79374,0.92467,1.0259,1.039,0.89465,0.81793,0.84014,0.93199,1.1763,0.63859,0.554,0.87644,0.99027,0.8777,0.9378,0.90602,1.039,0.89183,1.0057,0.99154,1.0139,0.57955,1.0381
806,0.89824,0.51927,0.89048,0.79079,0.79458,0.93253,0.53491,0.85284,0.81366,0.54968,0.80802,0.91838,0.58703,0.85295,0.53529,0.75099,0.91647,0.86003,0.7637,0.93698,1.0249,0.94872,0.55327,0.94316,0.81329,1.2482,1.2975,0.98041,0.79185,0.92254,1.0257,1.0389,0.89461,0.81852,0.83967,0.93148,1.1761,0.63834,0.5543,0.87646,0.99008,0.87768,0.9378,0.90567,1.0386,0.89155,1.0056,0.99105,1.0138,0.57984,1.0378
807,0.89947,0.51943,0.89101,0.79087,0.79535,0.93364,0.5355,0.85223,0.81422,0.54989,0.80797,0.91844,0.58729,0.85326,0.53564,0.75102,0.91701,0.86029,0.76365,0.93689,1.025,0.94884,0.55378,0.94297,0.81327,1.2481,1.2973,0.98086,0.79024,0.92043,1.025,1.0392,0.89463,0.81814,0.83954,0.93131,1.1759,0.63832,0.55444,0.87654,0.98983,0.87797,0.93792,0.90547,1.0384,0.89149,1.0056,0.99097,1.0137,0.57989,1.0378
808,0.90126,0.51974,0.89131,0.79117,0.79616,0.93478,0.53597,0.85197,0.81497,0.55017,0.80818,0.91821,0.58768,0.85389,0.53608,0.75094,0.91773,0.86047,0.76381,0.93722,1.0255,0.94929,0.55429,0.94273,0.81335,1.2484,1.2973,0.98159,0.78862,0.91837,1.0244,1.0396,0.89496,0.81758,0.83964,0.93136,1.1757,0.6382,0.55439,0.87653,0.98983,0.87841,0.9382,0.90559,1.0384,0.89165,1.0056,0.99144,1.0136,0.57973,1.0382
809,0.90258,0.52071,0.89195,0.79172,0.79692,0.93583,0.53583,0.85182,0.81564,0.55079,0.8089,0.91803,0.58805,0.85433,0.53665,0.75095,0.91845,0.86094,0.76448,0.93793,1.0262,0.9498,0.55465,0.94276,0.81338,1.2489,1.2974,0.98213,0.78624,0.91645,1.0243,1.0395,0.89546,0.81756,0.83972,0.93166,1.1753,0.63797,0.5544,0.87643,0.98997,0.87887,0.93836,0.90588,1.039,0.89179,1.0054,0.9919,1.0134,0.57939,1.0385
810,0.90444,0.52163,0.89243,0.79219,0.79771,0.9371,0.53588,0.85215,0.81599,0.5511,0.80933,0.91858,0.58817,0.85451,0.53704,0.75145,0.91877,0.86159,0.76504,0.93804,1.0271,0.9498,0.55509,0.94299,0.81358,1.2492,1.2978,0.98285,0.78353,0.91458,1.0251,1.0394,0.89546,0.81798,0.84002,0.93188,1.175,0.63824,0.55455,0.87697,0.99061,0.87928,0.93822,0.90602,1.0398,0.89176,1.0056,0.99239,1.0134,0.57898,1.0385
811,0.90714,0.52247,0.89314,0.79327,0.7985,0.9386,0.5365,0.8526,0.81653,0.55137,0.80953,0.91916,0.58881,0.85499,0.53756,0.75185,0.91914,0.86263,0.76491,0.93831,1.0284,0.94976,0.55566,0.94328,0.81394,1.2499,1.2984,0.98382,0.78052,0.91254,1.0257,1.0398,0.89516,0.81849,0.84015,0.93188,1.175,0.63889,0.55472,0.87727,0.99112,0.87985,0.93803,0.90606,1.0404,0.89163,1.0058,0.99296,1.0132,0.57847,1.0385
812,0.91035,0.52318,0.89452,0.79506,0.79925,0.94063,0.53742,0.85287,0.81749,0.55178,0.80971,0.91967,0.59015,0.85576,0.53838,0.75225,0.91993,0.86337,0.76517,0.93895,1.0299,0.95008,0.55608,0.94343,0.81437,1.2512,1.2991,0.98553,0.77757,0.91019,1.0254,1.0404,0.89478,0.81881,0.84016,0.93194,1.1756,0.63931,0.55485,0.87709,0.99108,0.88088,0.93809,0.9063,1.0407,0.89157,1.0061,0.99389,1.0132,0.57789,1.0383
813,0.91307,0.52403,0.89535,0.79597,0.79995,0.94267,0.53776,0.85295,0.81831,0.55222,0.81006,0.92012,0.59148,0.8562,0.53892,0.7528,0.92097,0.8638,0.76614,0.93974,1.0308,0.95062,0.55681,0.94316,0.81459,1.2523,1.3004,0.98702,0.77505,0.90748,1.025,1.041,0.89436,0.81886,0.83989,0.93185,1.1758,0.63913,0.55511,0.87705,0.99051,0.88188,0.93856,0.9065,1.0413,0.89121,1.0063,0.99495,1.0132,0.57713,1.0388
814,0.9156,0.52565,0.89573,0.79652,0.8006,0.94406,0.53785,0.8532,0.81887,0.55258,0.81023,0.92025,0.59227,0.85645,0.53953,0.75341,0.92129,0.86424,0.767,0.94073,1.0321,0.95064,0.55731,0.94281,0.81495,1.2533,1.3018,0.98804,0.77233,0.90466,1.025,1.0408,0.89392,0.81917,0.8397,0.93186,1.1763,0.63889,0.55541,0.87726,0.99054,0.8828,0.93888,0.9067,1.0417,0.89109,1.0063,0.99579,1.0135,0.57629,1.0393
815,0.91757,0.52701,0.89566,0.79696,0.80126,0.94505,0.53812,0.8536,0.81944,0.55295,0.81052,0.92008,0.59252,0.85667,0.54021,0.75412,0.92086,0.86463,0.76695,0.94144,1.0332,0.95066,0.55767,0.94266,0.81546,1.2538,1.3027,0.98883,0.76931,0.90183,1.0254,1.0403,0.89372,0.81956,0.83982,0.9324,1.1769,0.63883,0.55573,0.87751,0.99107,0.88346,0.93908,0.9068,1.042,0.89119,1.0063,0.9964,1.014,0.57569,1.0392
816,0.91809,0.52687,0.89602,0.79796,0.80236,0.94549,0.53829,0.85377,0.8203,0.55343,0.8111,0.91985,0.59266,0.85691,0.54052,0.75457,0.92053,0.86512,0.76637,0.94148,1.0337,0.95126,0.55882,0.94288,0.81601,1.2537,1.303,0.98939,0.766,0.89882,1.0259,1.04,0.89417,0.81966,0.84038,0.93229,1.1771,0.63885,0.556,0.87758,0.99112,0.88368,0.93936,0.90675,1.0423,0.89135,1.0063,0.99669,1.0139,0.57546,1.0394
817,0.9169,0.52755,0.89635,0.79827,0.80295,0.94537,0.53856,0.85361,0.82066,0.55389,0.81202,0.91998,0.593,0.85658,0.54112,0.75443,0.92062,0.86545,0.76673,0.94179,1.0335,0.95213,0.55975,0.94267,0.81613,1.253,1.3028,0.98933,0.76257,0.8958,1.0257,1.0399,0.89405,0.8199,0.8407,0.93219,1.1765,0.63867,0.55585,0.87802,0.99095,0.88351,0.93943,0.90659,1.0424,0.89143,1.0061,0.99662,1.0139,0.57546,1.0397
818,0.91474,0.5278,0.89642,0.79762,0.80331,0.94497,0.53903,0.85333,0.82096,0.55427,0.8129,0.92032,0.59359,0.8564,0.54164,0.7542,0.92056,0.86553,0.76685,0.9427,1.0325,0.95306,0.56025,0.94265,0.81599,1.2517,1.3021,0.9887,0.75921,0.89289,1.0252,1.0396,0.89385,0.81985,0.84081,0.93229,1.1758,0.63866,0.55556,0.87856,0.99104,0.88298,0.93923,0.90649,1.0422,0.89144,1.0057,0.99624,1.014,0.57567,1.0398
819,0.91182,0.52702,0.89577,0.79708,0.80392,0.94433,0.53932,0.85289,0.82141,0.55428,0.81323,0.92067,0.59412,0.85683,0.54134,0.75407,0.92038,0.86486,0.76595,0.94349,1.0315,0.95335,0.5602,0.94315,0.81577,1.2505,1.3011,0.98742,0.7557,0.88968,1.025,1.0385,0.89407,0.81925,0.84078,0.93197,1.1753,0.63893,0.5554,0.8788,0.99113,0.88186,0.93869,0.90635,1.0417,0.89149,1.0055,0.99539,1.0141,0.57615,1.0396
820,0.91069,0.52706,0.89685,0.79795,0.80545,0.94528,0.53914,0.85198,0.82199,0.55447,0.81338,0.92133,0.59413,0.85746,0.54145,0.7542,0.92141,0.86542,0.76627,0.9441,1.0313,0.95319,0.56,0.94339,0.81577,1.2508,1.3004,0.98677,0.75234,0.88607,1.0251,1.0387,0.89458,0.8187,0.84058,0.93223,1.1754,0.63904,0.55513,0.87898,0.99114,0.88135,0.93853,0.90639,1.0423,0.89179,1.0058,0.99532,1.0138,0.57679,1.0391
821,0.912,0.52738,0.89822,0.79941,0.80614,0.94791,0.53922,0.85172,0.82245,0.55475,0.81343,0.92188,0.59413,0.85789,0.54158,0.75476,0.92289,0.86655,0.76722,0.94457,1.0318,0.95319,0.56002,0.94305,0.816,1.2523,1.3005,0.98821,0.74924,0.88231,1.0252,1.0399,0.89489,0.8183,0.84068,0.9327,1.1762,0.63883,0.55488,0.87835,0.99146,0.88214,0.93829,0.90643,1.0437,0.89204,1.0064,0.99576,1.0135,0.57663,1.039
822,0.91236,0.52758,0.89867,0.80008,0.80569,0.95022,0.53986,0.85283,0.82304,0.55495,0.81367,0.92241,0.59428,0.85817,0.54154,0.75541,0.92403,0.8675,0.76744,0.94498,1.0327,0.95411,0.56027,0.94262,0.81668,1.2531,1.3014,0.99061,0.74654,0.87901,1.025,1.0407,0.89495,0.81833,0.84157,0.9334,1.1771,0.63862,0.55462,0.8777,0.9921,0.8836,0.9383,0.90678,1.0453,0.89229,1.0065,0.99636,1.0138,0.57607,1.0394
823,0.90959,0.52815,0.89855,0.79949,0.80605,0.94857,0.54053,0.85352,0.82374,0.55532,0.8142,0.92262,0.59398,0.85771,0.54134,0.75541,0.92342,0.8672,0.76612,0.94543,1.0335,0.95466,0.56143,0.94345,0.81741,1.2517,1.3021,0.98986,0.74349,0.87574,1.0251,1.0394,0.89534,0.81903,0.84152,0.93286,1.1762,0.63836,0.55416,0.87837,0.9927,0.88304,0.93848,0.90684,1.0462,0.8922,1.0056,0.99654,1.0138,0.57566,1.0394
824,0.90501,0.52742,0.89824,0.79921,0.80691,0.9477,0.54089,0.85344,0.82424,0.55552,0.81413,0.92232,0.59365,0.85732,0.5407,0.75486,0.92351,0.86667,0.76495,0.94593,1.0325,0.955,0.56189,0.94411,0.81752,1.25,1.3012,0.9878,0.7402,0.87237,1.0254,1.0381,0.89566,0.81933,0.84101,0.93246,1.1758,0.63806,0.55333,0.87872,0.99255,0.88174,0.93824,0.9068,1.0466,0.89223,1.0053,0.99601,1.0137,0.57589,1.0391
825,0.90192,0.52609,0.89921,0.80009,0.80793,0.94921,0.54109,0.85313,0.82481,0.55523,0.81384,0.92185,0.59343,0.85728,0.53989,0.75455,0.92426,0.8672,0.76469,0.9468,1.0317,0.95564,0.56187,0.94423,0.81728,1.2502,1.3001,0.98734,0.73675,0.86925,1.0256,1.0381,0.89589,0.81894,0.84065,0.93269,1.1761,0.63757,0.55228,0.87844,0.99194,0.88141,0.93799,0.90691,1.0472,0.89241,1.0057,0.9957,1.0136,0.57637,1.0388
826,0.89913,0.52492,0.89986,0.80118,0.80825,0.95133,0.54101,0.85311,0.82539,0.55436,0.81352,0.92164,0.59329,0.85672,0.53899,0.75447,0.92486,0.86783,0.76434,0.94765,1.0314,0.95647,0.56131,0.94393,0.81719,1.2512,1.3002,0.98864,0.73338,0.86656,1.0253,1.0391,0.89604,0.81775,0.84072,0.9327,1.1759,0.63678,0.55097,0.8775,0.99168,0.88211,0.93784,0.9071,1.0481,0.89234,1.0061,0.99579,1.0136,0.57644,1.0386
827,0.89645,0.52428,0.90033,0.80169,0.80852,0.95269,0.54108,0.85276,0.82592,0.55382,0.8133,0.92165,0.59289,0.85598,0.53778,0.75429,0.92481,0.86804,0.76374,0.94874,1.0321,0.95647,0.56106,0.94368,0.81761,1.2517,1.3009,0.98976,0.73002,0.86382,1.025,1.039,0.89584,0.81692,0.84141,0.93264,1.1756,0.63604,0.54929,0.87721,0.99235,0.88272,0.93767,0.90707,1.049,0.89265,1.0062,0.99613,1.0138,0.57596,1.0388
828,0.8918,0.52344,0.90003,0.80179,0.809,0.95286,0.5411,0.85234,0.82641,0.55361,0.81332,0.92157,0.5922,0.85535,0.53614,0.75362,0.92438,0.8679,0.76207,0.94982,1.032,0.95611,0.56056,0.94332,0.81772,1.2513,1.3016,0.98998,0.72659,0.86064,1.0247,1.038,0.89569,0.81613,0.8419,0.93283,1.1757,0.63536,0.54747,0.87746,0.99328,0.88281,0.93777,0.90697,1.0492,0.89294,1.006,0.99637,1.0141,0.57539,1.0389
829,0.88569,0.52225,0.89953,0.80184,0.80942,0.95249,0.54089,0.8524,0.82729,0.55342,0.81306,0.92084,0.59125,0.85496,0.53477,0.75257,0.92449,0.86761,0.75982,0.95055,1.0305,0.95634,0.55944,0.94286,0.81757,1.2511,1.3014,0.98946,0.72334,0.85704,1.0249,1.0368,0.89595,0.81536,0.84164,0.93256,1.1757,0.63486,0.54548,0.87792,0.99338,0.88227,0.93808,0.907,1.0487,0.89296,1.006,0.99637,1.0141,0.57513,1.0388
830,0.87981,0.52082,0.89946,0.80182,0.80974,0.9526,0.5409,0.85228,0.82855,0.55319,0.81241,0.92056,0.59014,0.85415,0.53327,0.75124,0.92466,0.86681,0.75778,0.95006,1.0288,0.95603,0.55786,0.94324,0.81765,1.2509,1.3014,0.98932,0.72086,0.85364,1.0254,1.0367,0.89628,0.81453,0.84124,0.93224,1.1759,0.63467,0.54325,0.87751,0.99311,0.88175,0.93783,0.90678,1.0479,0.89305,1.0062,0.99626,1.0138,0.57507,1.0387
831,0.87448,0.5192,0.89949,0.80165,0.81007,0.9528,0.54077,0.85177,0.82921,0.5528,0.81227,0.92085,0.58879,0.85375,0.53155,0.74986,0.92477,0.86614,0.75599,0.9494,1.0274,0.95527,0.55639,0.9432,0.81766,1.2504,1.3013,0.9897,0.71822,0.85048,1.0255,1.0363,0.89635,0.81378,0.84092,0.93214,1.176,0.63392,0.54114,0.87673,0.99248,0.88149,0.93755,0.90653,1.0465,0.89305,1.0062,0.99606,1.0135,0.57511,1.0385
832,0.86903,0.51749,0.89904,0.80129,0.81034,0.95262,0.54022,0.85144,0.82914,0.55235,0.81262,0.92071,0.58739,0.85345,0.52985,0.74863,0.92462,0.86571,0.75448,0.94909,1.0258,0.95422,0.5548,0.94263,0.8174,1.2498,1.301,0.98937,0.71539,0.8476,1.0252,1.0349,0.89618,0.81319,0.84093,0.93217,1.1759,0.63261,0.53942,0.87618,0.99166,0.88146,0.93748,0.90621,1.0449,0.89295,1.006,0.99568,1.0133,0.57508,1.0385
833,0.86455,0.51593,0.89925,0.8012,0.81062,0.95236,0.53968,0.85126,0.82925,0.55207,0.81223,0.92003,0.58617,0.85291,0.52826,0.74755,0.92424,0.86479,0.75232,0.94929,1.0244,0.95304,0.55276,0.9424,0.81714,1.2493,1.3004,0.98877,0.71241,0.84463,1.0255,1.0342,0.89614,0.8127,0.84109,0.93245,1.1764,0.6316,0.53778,0.87642,0.99166,0.8812,0.93746,0.90595,1.0443,0.89288,1.0058,0.99535,1.0132,0.57511,1.0382
834,0.86009,0.51443,0.89853,0.80125,0.81094,0.952,0.53937,0.85063,0.82975,0.55163,0.81169,0.91961,0.58513,0.85228,0.52684,0.74661,0.92417,0.86404,0.74999,0.94877,1.023,0.95252,0.55134,0.94225,0.81685,1.2488,1.2999,0.98846,0.70922,0.84146,1.0256,1.0339,0.89635,0.81206,0.84086,0.93255,1.1764,0.63105,0.53592,0.87618,0.99162,0.88075,0.93742,0.906,1.0435,0.89276,1.0058,0.99487,1.013,0.5751,1.038
835,0.8555,0.51299,0.89707,0.80138,0.81147,0.95153,0.53923,0.84992,0.83007,0.55132,0.8112,0.91939,0.58449,0.85154,0.52579,0.74592,0.92431,0.86344,0.74838,0.94795,1.0215,0.95285,0.55035,0.94232,0.81659,1.2486,1.2996,0.98802,0.70573,0.83864,1.0256,1.0339,0.89656,0.81127,0.84052,0.93218,1.1762,0.63065,0.53423,0.87552,0.99141,0.88027,0.93712,0.90596,1.0426,0.89269,1.0059,0.99438,1.0128,0.57499,1.038
836,0.85166,0.51148,0.89729,0.80096,0.81176,0.95128,0.53894,0.84952,0.83042,0.55099,0.81076,0.91918,0.58422,0.85077,0.52481,0.74539,0.92458,0.86305,0.7471,0.94733,1.0207,0.95268,0.54933,0.94275,0.81674,1.2484,1.2993,0.98698,0.70264,0.8361,1.0251,1.033,0.8965,0.8103,0.8406,0.93201,1.1767,0.62988,0.53307,0.87531,0.99121,0.87977,0.93661,0.90592,1.0421,0.89277,1.006,0.99417,1.0126,0.5749,1.0377
837,0.84925,0.50992,0.8979,0.80082,0.81195,0.9514,0.53876,0.84926,0.83081,0.55054,0.81013,0.91897,0.58406,0.8506,0.52338,0.7449,0.92486,0.86276,0.74608,0.94698,1.02,0.95215,0.54826,0.94313,0.81646,1.2479,1.2989,0.98668,0.70034,0.83356,1.0247,1.0326,0.89635,0.80984,0.84051,0.93204,1.1768,0.62935,0.53185,0.8751,0.99129,0.87968,0.93613,0.90593,1.0416,0.89254,1.0061,0.99379,1.0122,0.5748,1.0374
838,0.84693,0.50888,0.89772,0.80085,0.81226,0.95165,0.53869,0.84907,0.83125,0.5502,0.80969,0.91862,0.58378,0.85053,0.52205,0.74423,0.92507,0.86235,0.74529,0.94658,1.0193,0.95224,0.54692,0.94299,0.81595,1.2474,1.2987,0.98707,0.6978,0.83105,1.0245,1.0322,0.89613,0.80967,0.84051,0.93215,1.1767,0.62898,0.53035,0.875,0.99129,0.87953,0.93585,0.90591,1.0406,0.89208,1.0061,0.99337,1.0118,0.57472,1.0373
839,0.84348,0.50823,0.8968,0.80072,0.81289,0.95162,0.53822,0.84866,0.83193,0.54981,0.80939,0.91828,0.58322,0.85001,0.52125,0.74304,0.92485,0.86159,0.74447,0.94621,1.0183,0.95265,0.54559,0.94237,0.81576,1.2472,1.2986,0.98693,0.69507,0.82844,1.0248,1.0313,0.89622,0.80953,0.84083,0.93221,1.1766,0.62869,0.52854,0.87502,0.99089,0.87896,0.9359,0.90587,1.0396,0.89163,1.0061,0.99314,1.0118,0.57467,1.037
840,0.84081,0.50687,0.89679,0.80068,0.8135,0.95158,0.53787,0.84796,0.83214,0.54928,0.80886,0.9175,0.5825,0.85,0.5203,0.74181,0.92438,0.86074,0.74271,0.94558,1.0174,0.95201,0.54416,0.9424,0.81538,1.2473,1.2984,0.98623,0.6923,0.82601,1.025,1.031,0.89586,0.80935,0.841,0.93191,1.1767,0.6289,0.52717,0.87471,0.99069,0.87849,0.93617,0.90544,1.039,0.89129,1.0061,0.99282,1.0116,0.5745,1.037
841,0.83867,0.50534,0.89709,0.80061,0.81395,0.95144,0.53771,0.8475,0.83234,0.54862,0.80834,0.91715,0.58162,0.84991,0.51928,0.74099,0.92406,0.86042,0.7411,0.94489,1.0168,0.95118,0.54293,0.94211,0.81499,1.2473,1.2981,0.98538,0.69005,0.8239,1.025,1.0308,0.89556,0.80886,0.84088,0.93151,1.1769,0.62885,0.52574,0.87438,0.99009,0.87805,0.93626,0.90484,1.0382,0.89107,1.0062,0.9923,1.0112,0.57423,1.0369
842,0.83676,0.50404,0.89661,0.80041,0.81437,0.95112,0.53749,0.84753,0.83236,0.548,0.80783,0.91724,0.58063,0.84944,0.51805,0.74034,0.92386,0.86017,0.74053,0.94458,1.0164,0.95098,0.54177,0.94142,0.81458,1.247,1.2983,0.98524,0.68808,0.8221,1.0249,1.0307,0.8956,0.80826,0.84057,0.93156,1.1769,0.62833,0.52415,0.87413,0.98933,0.87776,0.93605,0.90449,1.0373,0.89086,1.0062,0.99181,1.011,0.57387,1.0367
843,0.83467,0.50308,0.89658,0.80033,0.81484,0.95097,0.53708,0.84796,0.83206,0.54728,0.80733,0.91703,0.57969,0.84828,0.51667,0.73921,0.92373,0.85975,0.73882,0.94427,1.0158,0.95064,0.54057,0.94087,0.81418,1.2472,1.298,0.98553,0.68624,0.82038,1.025,1.0304,0.89549,0.80801,0.84049,0.93209,1.1766,0.62778,0.52274,0.87302,0.98899,0.87724,0.93555,0.90405,1.0373,0.89081,1.0063,0.99132,1.011,0.57367,1.0369
844,0.8317,0.50188,0.8963,0.80002,0.81527,0.95093,0.53656,0.84772,0.83224,0.54662,0.80693,0.91708,0.57864,0.84761,0.51519,0.73777,0.92368,0.85912,0.73737,0.94336,1.0147,0.94999,0.53915,0.94053,0.81389,1.2473,1.2977,0.98553,0.68428,0.81864,1.0253,1.0301,0.89526,0.8076,0.84,0.93207,1.1763,0.62732,0.52143,0.87263,0.98872,0.8765,0.93516,0.90363,1.0364,0.89064,1.0063,0.99085,1.0109,0.57335,1.0369
845,0.82825,0.5002,0.89529,0.79933,0.81575,0.95089,0.53605,0.84702,0.83253,0.54588,0.80632,0.91751,0.57727,0.84771,0.51383,0.7363,0.92327,0.85829,0.73724,0.94246,1.0133,0.94951,0.53745,0.94035,0.81353,1.247,1.2976,0.98492,0.6825,0.81719,1.025,1.0299,0.89486,0.80701,0.83922,0.93166,1.1763,0.62693,0.52001,0.87283,0.98837,0.87605,0.93494,0.90326,1.0344,0.89028,1.0064,0.99041,1.011,0.57292,1.0368
846,0.82549,0.4981,0.89518,0.79899,0.81622,0.95089,0.53548,0.84654,0.83294,0.54483,0.80564,0.9168,0.57598,0.84786,0.5125,0.73484,0.9228,0.8575,0.73582,0.94137,1.0126,0.94863,0.53552,0.94022,0.81274,1.2464,1.2973,0.98442,0.68144,0.81586,1.0243,1.0302,0.89429,0.80652,0.83862,0.93097,1.1767,0.62651,0.51798,0.87266,0.98737,0.87593,0.93484,0.903,1.0333,0.88982,1.0065,0.98982,1.0109,0.5726,1.0367
847,0.82307,0.49645,0.89451,0.79893,0.81663,0.95105,0.53471,0.84603,0.83412,0.54386,0.80495,0.91585,0.57509,0.84745,0.51094,0.73342,0.92229,0.85662,0.73385,0.94015,1.0114,0.94778,0.53381,0.94007,0.81176,1.2464,1.2972,0.98467,0.67985,0.81469,1.0237,1.0303,0.89377,0.80587,0.83838,0.93035,1.1775,0.62639,0.51563,0.87188,0.98643,0.87565,0.93489,0.90273,1.0324,0.8892,1.0066,0.98928,1.0104,0.57213,1.0368
848,0.82024,0.49472,0.89356,0.79851,0.81686,0.95134,0.53377,0.84554,0.83479,0.54298,0.8042,0.91555,0.57396,0.84693,0.50915,0.73213,0.92182,0.85557,0.7326,0.9392,1.0101,0.94699,0.53244,0.93988,0.81078,1.2466,1.2972,0.98506,0.67845,0.81361,1.0234,1.03,0.89321,0.80514,0.83846,0.93024,1.1779,0.62591,0.51377,0.87072,0.98565,0.87528,0.93468,0.90231,1.031,0.88883,1.0068,0.98852,1.01,0.57161,1.0369
849,0.81693,0.49289,0.89399,0.79768,0.81704,0.95085,0.53287,0.84535,0.83459,0.542,0.8035,0.91571,0.57211,0.84633,0.50727,0.73097,0.92152,0.8543,0.73177,0.93842,1.0097,0.94536,0.53083,0.93963,0.81013,1.2468,1.2974,0.98373,0.67768,0.81272,1.0236,1.0294,0.8927,0.80468,0.83912,0.93078,1.1778,0.6247,0.51214,0.8698,0.98513,0.87516,0.93436,0.90197,1.0297,0.88865,1.0065,0.98788,1.0099,0.57118,1.0368
850,0.81379,0.49182,0.894,0.7974,0.81749,0.94985,0.53267,0.84508,0.83434,0.54077,0.80247,0.91552,0.57026,0.84496,0.50525,0.7296,0.92073,0.85288,0.73035,0.9365,1.0085,0.94416,0.52848,0.93928,0.80939,1.2471,1.2974,0.98304,0.67708,0.81218,1.0241,1.0285,0.89217,0.80442,0.83894,0.9302,1.1775,0.62406,0.50986,0.86891,0.98493,0.87432,0.93428,0.90158,1.0279,0.88814,1.0064,0.98718,1.0096,0.57047,1.0368
851,0.81075,0.48952,0.89325,0.7971,0.81772,0.94934,0.53196,0.84451,0.83412,0.53943,0.80122,0.9147,0.5688,0.8441,0.50316,0.72802,0.92002,0.85127,0.72826,0.93424,1.0062,0.94334,0.5258,0.9388,0.80835,1.247,1.297,0.98268,0.67611,0.81157,1.0244,1.0283,0.89179,0.80376,0.83807,0.92919,1.1776,0.6236,0.50752,0.86762,0.98423,0.87341,0.93402,0.9011,1.0263,0.88749,1.0067,0.98613,1.0092,0.56977,1.0365
852,0.80817,0.48647,0.89261,0.79635,0.81811,0.94954,0.53089,0.84376,0.83394,0.53809,0.79982,0.9144,0.56774,0.84402,0.5015,0.72627,0.91936,0.84973,0.72588,0.93234,1.0043,0.94306,0.52268,0.93807,0.80724,1.2465,1.2967,0.98213,0.67535,0.81075,1.0246,1.029,0.89145,0.80299,0.83708,0.92831,1.1786,0.62275,0.50542,0.86632,0.98331,0.87309,0.93342,0.90059,1.0254,0.88691,1.007,0.98513,1.0089,0.56924,1.036
853,0.80545,0.48415,0.89188,0.79567,0.8186,0.94965,0.53051,0.84394,0.83421,0.53718,0.79925,0.91417,0.56684,0.84368,0.49931,0.72474,0.91919,0.84882,0.72384,0.93142,1.0037,0.9426,0.52023,0.93701,0.80656,1.2465,1.297,0.98208,0.67529,0.81064,1.0241,1.0292,0.89089,0.80235,0.83736,0.92838,1.1799,0.62168,0.50383,0.86543,0.98226,0.87341,0.93326,0.90007,1.0245,0.88659,1.0071,0.98466,1.0089,0.5692,1.0357
854,0.80213,0.4824,0.89188,0.79548,0.81913,0.9483,0.52972,0.84409,0.83452,0.53623,0.79872,0.91372,0.56486,0.84276,0.49737,0.72314,0.91842,0.84724,0.7215,0.92999,1.0029,0.94138,0.51807,0.93727,0.80631,1.2466,1.2971,0.98188,0.67484,0.81121,1.0242,1.0275,0.89013,0.80232,0.83788,0.92867,1.1796,0.62105,0.50186,0.8662,0.98085,0.87305,0.93362,0.89959,1.0225,0.88599,1.0071,0.98396,1.0088,0.56893,1.0359
855,0.79885,0.48064,0.89128,0.79479,0.81974,0.94654,0.52854,0.84356,0.83426,0.53487,0.79764,0.91327,0.56238,0.8418,0.4956,0.72125,0.91709,0.84546,0.71935,0.92749,1.0015,0.94004,0.51567,0.93778,0.8056,1.2463,1.2966,0.98127,0.67412,0.81164,1.0241,1.0253,0.88922,0.80274,0.8372,0.92822,1.1784,0.62066,0.49933,0.8667,0.9791,0.87209,0.9336,0.89876,1.0201,0.88513,1.0072,0.98293,1.0085,0.56817,1.0362
856,0.79585,0.47842,0.89003,0.79303,0.82014,0.94556,0.52722,0.84327,0.83411,0.5335,0.79589,0.91311,0.56039,0.84115,0.49408,0.71925,0.91595,0.84451,0.71692,0.92442,0.99982,0.9393,0.51361,0.93716,0.80426,1.2458,1.2961,0.97977,0.67393,0.81197,1.023,1.025,0.88846,0.80302,0.83597,0.92691,1.1782,0.62045,0.49669,0.86548,0.97809,0.87074,0.93297,0.89761,1.0185,0.8844,1.0072,0.98218,1.0081,0.56726,1.0363
857,0.79221,0.47644,0.88933,0.79208,0.82053,0.94525,0.5261,0.84301,0.83417,0.53212,0.7939,0.91276,0.55874,0.8402,0.49205,0.71693,0.91565,0.84345,0.71532,0.92259,0.99763,0.93857,0.51045,0.93626,0.80282,1.2456,1.2956,0.97893,0.67421,0.81231,1.0222,1.0259,0.88735,0.80215,0.83478,0.92609,1.1786,0.61985,0.49433,0.86356,0.97728,0.86986,0.93251,0.89694,1.0168,0.88383,1.0074,0.98081,1.0077,0.56679,1.0359
858,0.78914,0.47401,0.88828,0.7915,0.82106,0.94543,0.52521,0.84294,0.83457,0.5309,0.7923,0.91239,0.55725,0.83957,0.48955,0.71488,0.91553,0.84185,0.71464,0.92121,0.9957,0.93739,0.50749,0.93548,0.80147,1.2454,1.2954,0.97842,0.67478,0.81331,1.022,1.0268,0.88611,0.80103,0.83383,0.92565,1.1792,0.61905,0.49212,0.86202,0.97644,0.8693,0.93254,0.89639,1.0154,0.88313,1.0075,0.97952,1.0073,0.56643,1.0354
859,0.78623,0.47081,0.88748,0.79104,0.82133,0.94511,0.52427,0.84267,0.83491,0.5296,0.79099,0.91213,0.55574,0.83913,0.48741,0.71298,0.9148,0.83966,0.71154,0.91953,0.99474,0.93518,0.50507,0.93499,0.80026,1.2449,1.2953,0.97814,0.67535,0.81447,1.0222,1.0262,0.88479,0.80005,0.83331,0.92496,1.1798,0.61813,0.48983,0.86094,0.97557,0.86852,0.93258,0.89583,1.0132,0.88215,1.0075,0.97901,1.0068,0.56601,1.0354
860,0.78185,0.46789,0.88713,0.79023,0.82151,0.94415,0.52335,0.84164,0.83492,0.52841,0.7889,0.91167,0.55399,0.83839,0.48514,0.71067,0.91427,0.8382,0.70924,0.91761,0.99298,0.93404,0.50203,0.93468,0.79939,1.2447,1.295,0.97729,0.67596,0.81546,1.0224,1.0258,0.88355,0.79964,0.83281,0.92471,1.1801,0.61729,0.4878,0.8598,0.97441,0.86792,0.93222,0.8951,1.0114,0.88142,1.0073,0.97753,1.0063,0.56552,1.0356
861,0.77882,0.46665,0.88632,0.78939,0.82184,0.94305,0.52218,0.84063,0.83461,0.52697,0.78732,0.91077,0.55187,0.83778,0.48259,0.70799,0.91348,0.83656,0.70775,0.91494,0.99111,0.93264,0.49939,0.93418,0.79815,1.2444,1.2943,0.97626,0.67728,0.81629,1.0222,1.0261,0.88253,0.79944,0.83229,0.92449,1.1801,0.61659,0.48557,0.85905,0.97259,0.86726,0.93168,0.894,1.0096,0.88078,1.0071,0.97634,1.0057,0.56483,1.0355
862,0.77595,0.46561,0.88515,0.78825,0.82209,0.94204,0.52073,0.83977,0.83476,0.5253,0.7861,0.90976,0.54958,0.83706,0.48037,0.70548,0.91215,0.83457,0.70562,0.91213,0.98901,0.9309,0.49642,0.93364,0.79652,1.2441,1.2939,0.97525,0.67867,0.81699,1.0216,1.0262,0.88156,0.79927,0.83169,0.92386,1.18,0.61597,0.48291,0.85815,0.97059,0.86656,0.93111,0.89317,1.0074,0.88011,1.0071,0.97544,1.0052,0.56403,1.0353
863,0.77174,0.46172,0.88436,0.78787,0.82217,0.94137,0.51918,0.83919,0.8345,0.52404,0.78453,0.90892,0.5476,0.83626,0.47807,0.70317,0.91096,0.83303,0.703,0.90978,0.98737,0.92921,0.49266,0.93345,0.79516,1.2436,1.2936,0.97417,0.67986,0.81776,1.0214,1.0259,0.88029,0.79875,0.83089,0.92264,1.1794,0.61574,0.48068,0.85604,0.96889,0.86564,0.93046,0.89219,1.0043,0.87942,1.0073,0.97377,1.0046,0.5633,1.035
864,0.76866,0.45891,0.88312,0.78761,0.82245,0.94188,0.51756,0.83877,0.83399,0.52249,0.78367,0.9087,0.54606,0.83537,0.47629,0.70114,0.91045,0.83178,0.7008,0.90686,0.98608,0.92746,0.48916,0.93322,0.79389,1.2437,1.2931,0.97386,0.68118,0.81881,1.0212,1.0266,0.87898,0.79782,0.83104,0.92181,1.1793,0.61542,0.47893,0.85457,0.96781,0.865,0.9302,0.89129,1.0017,0.87861,1.0074,0.97263,1.0041,0.56283,1.035
865,0.76556,0.45702,0.88143,0.7867,0.82287,0.942,0.51614,0.83851,0.83359,0.52074,0.78297,0.90936,0.5444,0.83485,0.4745,0.69915,0.91024,0.83021,0.69899,0.90398,0.98447,0.92601,0.48639,0.93263,0.7927,1.2437,1.2925,0.97325,0.68311,0.82021,1.0207,1.0269,0.87791,0.79693,0.83163,0.92116,1.1795,0.6146,0.47698,0.85403,0.96738,0.86454,0.93033,0.89061,1.0007,0.87777,1.0069,0.97187,1.004,0.56247,1.035
866,0.76211,0.45494,0.8809,0.78598,0.8236,0.94001,0.51528,0.83887,0.83311,0.51932,0.78183,0.90962,0.54196,0.83443,0.47234,0.69683,0.90967,0.82791,0.69608,0.90169,0.98266,0.92446,0.48397,0.93172,0.79157,1.2432,1.2926,0.97225,0.68517,0.82199,1.02,1.0254,0.87689,0.79624,0.83106,0.92028,1.1786,0.61389,0.47456,0.85335,0.96639,0.86398,0.93008,0.89027,0.99865,0.87701,1.0074,0.97097,1.0037,0.56205,1.0348
867,0.75825,0.45261,0.88133,0.7846,0.82419,0.93741,0.51436,0.83889,0.8334,0.5178,0.78036,0.90916,0.53938,0.83347,0.47042,0.69438,0.90843,0.82558,0.69344,0.89887,0.98021,0.92268,0.48159,0.93154,0.79042,1.2427,1.2923,0.9711,0.68656,0.82393,1.0199,1.0242,0.87579,0.79609,0.82961,0.91952,1.1784,0.61346,0.47182,0.85317,0.96486,0.86327,0.92961,0.88913,0.99456,0.87605,1.0072,0.96962,1.0033,0.56107,1.0346
868,0.75525,0.45002,0.88097,0.78295,0.82466,0.93612,0.5131,0.83805,0.83374,0.5161,0.77844,0.90837,0.53714,0.83233,0.46819,0.69174,0.90705,0.82334,0.69161,0.89618,0.97872,0.92083,0.47853,0.93106,0.78897,1.2423,1.2915,0.9703,0.68792,0.82583,1.0196,1.0242,0.87465,0.79587,0.82824,0.91869,1.1788,0.61319,0.46922,0.85227,0.96317,0.8623,0.92888,0.88769,0.99077,0.87528,1.0071,0.96806,1.0029,0.56002,1.0344
869,0.75229,0.44756,0.87954,0.78233,0.82507,0.93561,0.5113,0.83701,0.83364,0.51426,0.77637,0.90748,0.53541,0.83142,0.46567,0.68889,0.90581,0.82188,0.68939,0.89363,0.9771,0.91959,0.47491,0.93,0.7871,1.2419,1.2907,0.96951,0.68922,0.82765,1.019,1.0245,0.87348,0.79516,0.82721,0.91782,1.1794,0.61286,0.46679,0.85066,0.96133,0.86137,0.92808,0.88681,0.98884,0.87471,1.0074,0.96636,1.0025,0.55922,1.0345
870,0.74783,0.44563,0.87789,0.78117,0.825,0.93455,0.50998,0.83646,0.83347,0.51255,0.77451,0.90599,0.53367,0.83041,0.46313,0.68669,0.90543,0.8204,0.68712,0.89071,0.97483,0.91774,0.47243,0.92888,0.7852,1.2411,1.29,0.96832,0.69047,0.82946,1.0181,1.0243,0.87228,0.79422,0.82644,0.91712,1.1793,0.61231,0.46399,0.84982,0.95977,0.86056,0.92757,0.88616,0.98734,0.87379,1.0071,0.96512,1.0018,0.55864,1.0342
871,0.74348,0.4432,0.87702,0.77978,0.82493,0.93402,0.50869,0.83627,0.83316,0.51076,0.77335,0.90453,0.53198,0.82941,0.46116,0.68444,0.90487,0.81905,0.68506,0.88832,0.97271,0.91602,0.46971,0.92831,0.78363,1.241,1.2895,0.9671,0.69208,0.83146,1.0173,1.0238,0.87131,0.7935,0.82576,0.91665,1.1793,0.61152,0.46148,0.8487,0.95837,0.85977,0.92729,0.88536,0.98489,0.87308,1.007,0.96373,1.0013,0.55813,1.0341
872,0.73928,0.44043,0.87674,0.77898,0.82496,0.93362,0.50757,0.83621,0.83315,0.50884,0.7723,0.90356,0.53022,0.82865,0.45924,0.68184,0.90355,0.81749,0.6825,0.88647,0.97089,0.9141,0.46651,0.9281,0.78249,1.2409,1.2891,0.96634,0.6941,0.83328,1.0169,1.0231,0.87055,0.79272,0.82485,0.91637,1.1797,0.61077,0.45929,0.84748,0.95725,0.8588,0.92727,0.8844,0.9823,0.87261,1.0074,0.96218,1.0008,0.55759,1.0343
873,0.735,0.43831,0.87555,0.77877,0.82557,0.9328,0.50657,0.83558,0.8333,0.50728,0.7704,0.90341,0.52788,0.82831,0.45722,0.67909,0.90201,0.81525,0.67898,0.88402,0.96978,0.91254,0.46281,0.92775,0.78152,1.2408,1.2885,0.9655,0.6959,0.83493,1.0169,1.0228,0.86961,0.79188,0.82385,0.91531,1.18,0.60972,0.45704,0.846,0.95607,0.85803,0.92706,0.88292,0.98107,0.87204,1.0075,0.96111,1.0003,0.55687,1.0343
874,0.73078,0.43578,0.87439,0.77824,0.82614,0.93159,0.50525,0.83528,0.83362,0.50601,0.76879,0.90345,0.52584,0.82815,0.45529,0.67644,0.90125,0.81374,0.67666,0.88071,0.96717,0.91083,0.45997,0.92691,0.78004,1.2403,1.2881,0.96418,0.69773,0.83671,1.017,1.022,0.86884,0.79125,0.82319,0.91413,1.1799,0.60857,0.45501,0.84439,0.95446,0.85721,0.92686,0.88164,0.97877,0.87114,1.0081,0.96,0.99999,0.55618,1.034
875,0.72686,0.43331,0.87328,0.77757,0.82594,0.93039,0.50368,0.83529,0.83373,0.50465,0.76704,0.90314,0.52386,0.82753,0.45333,0.67386,0.90078,0.81215,0.67469,0.87709,0.96432,0.90927,0.45749,0.92626,0.7783,1.2394,1.2875,0.96282,0.69979,0.83875,1.0169,1.0213,0.86811,0.79079,0.82264,0.91312,1.1801,0.60794,0.45269,0.84307,0.95321,0.85645,0.92664,0.88068,0.97541,0.87016,1.0085,0.95858,0.99974,0.55549,1.0338
876,0.72355,0.43155,0.87295,0.77621,0.82547,0.92886,0.50184,0.83483,0.83353,0.50286,0.76465,0.90252,0.52171,0.82548,0.45108,0.67122,0.89971,0.80945,0.67103,0.87387,0.96256,0.90797,0.45471,0.92609,0.77659,1.2388,1.2866,0.96192,0.70195,0.84047,1.0167,1.0212,0.86743,0.79004,0.82163,0.91232,1.18,0.60777,0.44994,0.84191,0.95186,0.85577,0.92598,0.87973,0.97271,0.86943,1.0083,0.9574,0.99936,0.55481,1.0336
877,0.72038,0.42905,0.87176,0.77568,0.82572,0.92734,0.50035,0.83404,0.83364,0.50059,0.76329,0.90271,0.52014,0.82514,0.44878,0.66846,0.89828,0.80786,0.6679,0.87207,0.96087,0.90572,0.45218,0.92581,0.77511,1.2383,1.2858,0.96121,0.70431,0.84165,1.0162,1.0216,0.86737,0.78948,0.82032,0.91154,1.1802,0.60694,0.44762,0.84061,0.94985,0.85509,0.92536,0.87838,0.96962,0.86881,1.0081,0.95618,0.99844,0.55409,1.0336
878,0.71699,0.42698,0.87031,0.7759,0.82608,0.92676,0.49933,0.83384,0.83334,0.49847,0.76167,0.90269,0.51844,0.82515,0.44678,0.66569,0.89747,0.80638,0.66524,0.86974,0.95857,0.90381,0.44959,0.92488,0.77361,1.2383,1.2853,0.96015,0.70591,0.84336,1.0154,1.022,0.86687,0.78893,0.81972,0.91085,1.1803,0.60625,0.44537,0.83944,0.94814,0.85456,0.92492,0.87716,0.96642,0.8683,1.008,0.95479,0.99777,0.55332,1.0335
879,0.71295,0.42492,0.8692,0.77514,0.82644,0.92623,0.49857,0.83388,0.8332,0.49685,0.75953,0.90142,0.51658,0.8239,0.44491,0.66286,0.89722,0.8043,0.6623,0.86664,0.95646,0.90297,0.44639,0.92373,0.77215,1.238,1.2847,0.95873,0.70803,0.84513,1.0146,1.0219,0.86559,0.78828,0.81945,0.9105,1.1797,0.60583,0.44311,0.83835,0.94683,0.85371,0.92453,0.8764,0.9637,0.86766,1.0078,0.95337,0.99744,0.55261,1.0331
880,0.70814,0.42193,0.86843,0.77378,0.82627,0.92523,0.49724,0.83358,0.83311,0.49578,0.75805,0.90147,0.51499,0.82256,0.44302,0.66012,0.89598,0.80313,0.65957,0.86431,0.95478,0.90142,0.44304,0.92343,0.77064,1.2372,1.2841,0.95818,0.70988,0.84696,1.0145,1.0212,0.8644,0.78779,0.81876,0.91003,1.1787,0.60542,0.44085,0.8371,0.94568,0.8531,0.92414,0.8754,0.96082,0.86691,1.0079,0.95178,0.99693,0.55213,1.0331
881,0.70355,0.41927,0.86755,0.77303,0.82613,0.92386,0.49572,0.834,0.83283,0.4942,0.75628,0.90142,0.51252,0.82111,0.44115,0.65777,0.89459,0.80171,0.65743,0.8617,0.95299,0.89907,0.44068,0.92293,0.76962,1.2368,1.2834,0.95658,0.71129,0.8489,1.0145,1.021,0.8632,0.78761,0.81817,0.90927,1.1782,0.60479,0.4387,0.83633,0.94456,0.85228,0.92399,0.87429,0.95759,0.86604,1.008,0.95048,0.99629,0.55142,1.0329
882,0.69935,0.41706,0.86663,0.77261,0.82614,0.92251,0.49468,0.83408,0.83266,0.49245,0.75428,0.90037,0.51019,0.81996,0.43943,0.65558,0.89352,0.79943,0.65447,0.85828,0.95166,0.8973,0.43822,0.92227,0.76842,1.2366,1.2823,0.95486,0.71279,0.85015,1.0142,1.0212,0.86203,0.7873,0.81739,0.90865,1.1781,0.60414,0.43665,0.83565,0.9436,0.85125,0.92376,0.87325,0.95389,0.86531,1.0082,0.94959,0.99541,0.55057,1.0326
883,0.69583,0.41548,0.8669,0.77094,0.8264,0.92142,0.49377,0.8333,0.83237,0.49116,0.75271,0.89978,0.50944,0.81964,0.43774,0.65338,0.89332,0.79762,0.65223,0.85559,0.94962,0.89587,0.43509,0.92166,0.76672,1.236,1.2815,0.95433,0.71406,0.85114,1.0134,1.0216,0.86121,0.78638,0.81611,0.90815,1.1785,0.60402,0.43475,0.83435,0.94254,0.85054,0.92318,0.87195,0.95261,0.86508,1.0084,0.94838,0.99467,0.54979,1.0325
884,0.69065,0.41318,0.86547,0.77002,0.8268,0.92071,0.49254,0.83296,0.83273,0.48943,0.75145,0.89932,0.5082,0.81917,0.43648,0.65108,0.89213,0.79709,0.65038,0.85305,0.94644,0.89433,0.43366,0.92129,0.76503,1.2351,1.281,0.95269,0.71479,0.85217,1.0125,1.022,0.86066,0.78547,0.81475,0.9077,1.1793,0.60328,0.43284,0.83316,0.94124,0.85011,0.92267,0.87102,0.95072,0.86463,1.0085,0.94706,0.9942,0.54922,1.0323
885,0.68714,0.41093,0.86382,0.77027,0.827,0.92011,0.4916,0.83266,0.83262,0.48789,0.74989,0.89871,0.50648,0.81829,0.43538,0.64866,0.89062,0.79565,0.64753,0.85025,0.94437,0.89253,0.43087,0.92098,0.76371,1.2345,1.2803,0.95141,0.7156,0.85327,1.0119,1.0225,0.86014,0.78466,0.81402,0.90698,1.1798,0.60242,0.43089,0.83222,0.94038,0.84929,0.9223,0.87042,0.94762,0.86421,1.0085,0.94586,0.99385,0.54875,1.0321
886,0.68634,0.40952,0.86408,0.77044,0.82685,0.91852,0.49069,0.83227,0.83148,0.48704,0.74812,0.89785,0.50467,0.81717,0.4334,0.64623,0.88992,0.79346,0.64476,0.84762,0.94334,0.89067,0.42682,0.92052,0.76303,1.2349,1.2795,0.95035,0.71582,0.85416,1.0118,1.0227,0.85943,0.7839,0.81412,0.90563,1.1801,0.60196,0.42887,0.83109,0.93966,0.84804,0.92201,0.86934,0.94456,0.86414,1.0084,0.94458,0.99324,0.54832,1.0319
887,0.68301,0.40856,0.86272,0.76909,0.82675,0.91765,0.48907,0.83221,0.83156,0.48601,0.74666,0.89699,0.50272,0.8163,0.43196,0.64408,0.88915,0.79227,0.64096,0.84581,0.94326,0.88982,0.42438,0.91961,0.7621,1.2342,1.279,0.94947,0.71598,0.8551,1.0114,1.023,0.85869,0.78396,0.81346,0.90421,1.1804,0.60122,0.42706,0.83024,0.93845,0.84715,0.92182,0.86809,0.94208,0.86371,1.0084,0.94386,0.99238,0.54776,1.032
888,0.67855,0.40663,0.86182,0.76804,0.82689,0.91703,0.48787,0.83198,0.8319,0.48453,0.74521,0.89622,0.50155,0.81517,0.43009,0.64153,0.88821,0.79141,0.63857,0.84406,0.94193,0.88813,0.42259,0.91936,0.76075,1.2337,1.2779,0.94881,0.71681,0.85658,1.0111,1.0224,0.85805,0.78375,0.81263,0.90304,1.1804,0.60088,0.42535,0.8292,0.93691,0.84654,0.9212,0.86685,0.93955,0.86324,1.0081,0.94292,0.99164,0.54704,1.0317
889,0.67419,0.40443,0.86192,0.76779,0.82678,0.91612,0.4872,0.83159,0.8319,0.4833,0.74378,0.89589,0.50076,0.81431,0.42846,0.63927,0.88725,0.79025,0.63838,0.84186,0.93941,0.8863,0.42097,0.91932,0.75935,1.2336,1.2769,0.94756,0.71707,0.85794,1.011,1.0214,0.85727,0.78328,0.812,0.90199,1.1805,0.60086,0.4236,0.82779,0.93537,0.84588,0.92021,0.8658,0.93648,0.86282,1.0079,0.94149,0.99115,0.5463,1.0311
890,0.67206,0.40291,0.85974,0.76719,0.82673,0.91529,0.48601,0.83142,0.83108,0.48226,0.74285,0.8949,0.49994,0.81437,0.42825,0.63807,0.88729,0.78892,0.63488,0.83971,0.93847,0.88575,0.41955,0.9186,0.75808,1.2334,1.2762,0.94698,0.71702,0.85929,1.0108,1.0204,0.85642,0.78323,0.81145,0.90148,1.1806,0.60072,0.42178,0.82691,0.93418,0.84555,0.91962,0.86484,0.93551,0.86212,1.0083,0.94074,0.99097,0.54564,1.0312
891,0.67082,0.40078,0.85993,0.76646,0.82673,0.91514,0.48498,0.8316,0.8305,0.48137,0.74189,0.89428,0.49881,0.81414,0.4277,0.63668,0.88678,0.78818,0.63356,0.83735,0.93798,0.88479,0.41767,0.91813,0.75714,1.2333,1.276,0.94713,0.71733,0.86061,1.011,1.0201,0.8553,0.78347,0.81112,0.90076,1.1807,0.60013,0.42122,0.82661,0.93288,0.84536,0.91947,0.86387,0.93456,0.86175,1.0086,0.94061,0.99048,0.5451,1.0315
892,0.67043,0.39923,0.86091,0.76619,0.82659,0.91596,0.48425,0.83159,0.83082,0.48064,0.74057,0.89427,0.49763,0.81329,0.4266,0.63539,0.88592,0.78739,0.63291,0.83516,0.93687,0.88357,0.41672,0.9176,0.75644,1.2337,1.276,0.94673,0.71718,0.86154,1.0115,1.0208,0.85419,0.78332,0.8109,0.89988,1.1806,0.59961,0.42038,0.82622,0.93193,0.84533,0.91961,0.86303,0.93315,0.86152,1.0088,0.94071,0.98985,0.5444,1.0317
893,0.66972,0.39872,0.86132,0.76661,0.82695,0.91669,0.48357,0.83122,0.83105,0.47971,0.73861,0.89475,0.49663,0.81271,0.42513,0.63421,0.88551,0.78717,0.63083,0.83543,0.93483,0.88292,0.41651,0.91687,0.75548,1.2353,1.2758,0.94725,0.71697,0.86262,1.012,1.0214,0.85335,0.78214,0.81047,0.89924,1.1799,0.59997,0.41867,0.82573,0.93166,0.84603,0.91967,0.86274,0.93072,0.86119,1.0096,0.94026,0.98969,0.5433,1.0317
894,0.66961,0.39853,0.86082,0.76742,0.82725,0.9174,0.48292,0.83125,0.83081,0.47832,0.73768,0.89422,0.49646,0.81246,0.42388,0.63271,0.88561,0.78764,0.62895,0.83316,0.93531,0.88134,0.41459,0.91676,0.75494,1.236,1.2766,0.9495,0.71627,0.86382,1.0121,1.022,0.85307,0.7812,0.81002,0.89864,1.1799,0.59978,0.41766,0.82501,0.93081,0.84671,0.91991,0.86234,0.92918,0.8607,1.0092,0.94024,0.98963,0.5422,1.0318
895,0.66845,0.39794,0.85994,0.76883,0.8273,0.91807,0.48247,0.83114,0.83089,0.47705,0.73755,0.89327,0.49573,0.81237,0.42336,0.63119,0.88494,0.78718,0.62715,0.83084,0.93549,0.87987,0.4122,0.91569,0.75467,1.2367,1.2776,0.95096,0.714,0.86295,1.0117,1.022,0.8531,0.78076,0.80941,0.89801,1.1795,0.59952,0.41684,0.82406,0.92998,0.84717,0.9198,0.86162,0.92843,0.86008,1.0091,0.94046,0.98971,0.54099,1.0319
896,0.66592,0.39667,0.85958,0.76901,0.82768,0.91807,0.48225,0.83159,0.831,0.47621,0.73735,0.89335,0.49444,0.81223,0.42299,0.62996,0.8839,0.78607,0.62773,0.83089,0.93467,0.87979,0.41049,0.91425,0.75436,1.2384,1.2784,0.95043,0.71256,0.86203,1.0114,1.0225,0.85299,0.7805,0.80893,0.89811,1.1784,0.59913,0.41583,0.82322,0.92918,0.84781,0.91978,0.86103,0.92861,0.85948,1.0097,0.94078,0.9897,0.53988,1.0319
897,0.66423,0.39457,0.8597,0.76879,0.82771,0.91804,0.48168,0.83172,0.8315,0.476,0.73662,0.89302,0.49383,0.81188,0.42239,0.62989,0.88281,0.7856,0.62715,0.83039,0.93416,0.87935,0.40955,0.91447,0.75426,1.2391,1.2795,0.94996,0.71222,0.861,1.0109,1.0242,0.85244,0.78072,0.80878,0.89802,1.1784,0.59842,0.41473,0.82296,0.92825,0.8479,0.92038,0.86032,0.92645,0.85919,1.0105,0.94118,0.98986,0.5392,1.0322
898,0.66557,0.39512,0.85968,0.76804,0.82709,0.91799,0.48112,0.83155,0.83146,0.47546,0.73581,0.89241,0.49287,0.81131,0.42256,0.62938,0.88286,0.78404,0.62663,0.82947,0.93458,0.87815,0.41012,0.91483,0.75425,1.2393,1.2792,0.94972,0.71107,0.8595,1.01,1.0243,0.85181,0.78062,0.8089,0.89779,1.1785,0.5983,0.41398,0.82253,0.92763,0.84757,0.92054,0.85985,0.92313,0.85897,1.0106,0.94139,0.98998,0.53859,1.0325
899,0.66518,0.39532,0.85908,0.76906,0.82716,0.91691,0.4809,0.83165,0.83083,0.47489,0.73515,0.89176,0.49214,0.81061,0.4228,0.62775,0.88305,0.78252,0.62531,0.82838,0.93477,0.87711,0.4109,0.91492,0.75374,1.2388,1.2787,0.95021,0.70986,0.85788,1.0092,1.0231,0.85124,0.78049,0.80875,0.89744,1.1782,0.59822,0.41323,0.82188,0.92718,0.84741,0.92015,0.85956,0.92168,0.85877,1.0102,0.94151,0.98975,0.53818,1.0326
900,0.65858,0.39254,0.86103,0.77004,0.82878,0.91535,0.48064,0.83114,0.831,0.47475,0.73546,0.89313,0.49148,0.80988,0.42191,0.62543,0.88145,0.78291,0.6227,0.82732,0.93327,0.87726,0.40889,0.91473,0.75251,1.238,1.2787,0.94996,0.70856,0.85639,1.0089,1.0225,0.85077,0.781,0.80847,0.89709,1.1783,0.59774,0.41197,0.82165,0.92648,0.84717,0.92012,0.85892,0.92193,0.85834,1.0103,0.94103,0.98968,0.53801,1.0323
901,0.65528,0.39286,0.85969,0.76785,0.82896,0.9127,0.47982,0.83128,0.83073,0.47387,0.73399,0.8935,0.49044,0.80872,0.42116,0.62419,0.87961,0.78051,0.6197,0.82792,0.93106,0.87655,0.40788,0.9149,0.75174,1.237,1.2778,0.94794,0.70713,0.8554,1.0084,1.0216,0.85037,0.78094,0.80812,0.89705,1.1775,0.59725,0.41125,0.82204,0.92575,0.84677,0.92018,0.85801,0.92109,0.85824,1.0093,0.93957,0.98927,0.53796,1.0319
902,0.65329,0.39304,0.85681,0.76629,0.82849,0.91083,0.47914,0.83085,0.83079,0.47286,0.73257,0.89231,0.48917,0.80808,0.41984,0.62345,0.87903,0.77908,0.61665,0.82655,0.92996,0.87518,0.40744,0.91525,0.75131,1.2355,1.2761,0.94583,0.70606,0.8545,1.0081,1.0211,0.85,0.7806,0.8076,0.89695,1.1765,0.59706,0.41041,0.82221,0.92549,0.84561,0.91935,0.85701,0.91835,0.85831,1.0084,0.93769,0.98876,0.53794,1.0316
903,0.65157,0.39184,0.85747,0.7672,0.82904,0.91047,0.47906,0.82983,0.83046,0.47227,0.73279,0.89188,0.48799,0.80828,0.41864,0.62257,0.87973,0.77938,0.61494,0.82308,0.93031,0.87472,0.40659,0.91524,0.75078,1.2342,1.2748,0.94536,0.70457,0.85305,1.0083,1.0205,0.84981,0.78041,0.80702,0.89676,1.1763,0.5972,0.40947,0.82163,0.92523,0.84423,0.9185,0.8568,0.9151,0.85827,1.0085,0.93676,0.98813,0.53773,1.0313
904,0.64939,0.39091,0.85738,0.76659,0.82817,0.91107,0.47871,0.82994,0.82989,0.47194,0.73282,0.89189,0.48773,0.80822,0.41877,0.62164,0.87975,0.77647,0.61478,0.82047,0.92866,0.87438,0.40505,0.91386,0.74929,1.2342,1.2744,0.94584,0.7017,0.85103,1.0086,1.0213,0.84948,0.77983,0.80602,0.89603,1.1771,0.59703,0.40869,0.82063,0.92511,0.84368,0.91811,0.85691,0.91592,0.85852,1.0085,0.93636,0.98761,0.5374,1.031
905,0.64821,0.3901,0.8577,0.76585,0.82784,0.9131,0.4781,0.83036,0.83051,0.47154,0.73208,0.89166,0.48774,0.80748,0.41826,0.62044,0.8798,0.77648,0.61399,0.81986,0.92885,0.87355,0.40464,0.91309,0.74834,1.2351,1.2741,0.94556,0.69724,0.84851,1.0086,1.0224,0.84895,0.77919,0.80577,0.8951,1.1778,0.59655,0.40773,0.81985,0.92502,0.84391,0.91765,0.85662,0.91581,0.85871,1.0096,0.93665,0.98747,0.53711,1.0314
906,0.64865,0.38901,0.85828,0.76641,0.82809,0.91468,0.47747,0.83109,0.83189,0.47124,0.732,0.89222,0.4881,0.80684,0.41729,0.61932,0.87984,0.77875,0.61355,0.82084,0.92951,0.87264,0.40407,0.91309,0.74858,1.2358,1.2743,0.9449,0.69451,0.84715,1.008,1.0231,0.84841,0.77884,0.80635,0.89456,1.1783,0.59647,0.40702,0.8194,0.92424,0.84449,0.91768,0.85614,0.91347,0.85874,1.0107,0.93678,0.98759,0.53685,1.0318
907,0.64594,0.38722,0.85629,0.76804,0.82796,0.91509,0.47749,0.8316,0.83189,0.47091,0.73108,0.89396,0.48869,0.80789,0.41732,0.61874,0.87968,0.78027,0.61461,0.82078,0.9296,0.87329,0.40243,0.91339,0.74949,1.2364,1.2757,0.94781,0.69178,0.84521,1.0081,1.0236,0.84779,0.77804,0.80621,0.89439,1.1788,0.59639,0.40693,0.81878,0.92385,0.84499,0.91811,0.8557,0.91507,0.85846,1.0105,0.93711,0.98741,0.53652,1.0319
908,0.643,0.38565,0.85652,0.76916,0.82768,0.91362,0.47734,0.83128,0.83125,0.47091,0.73008,0.89398,0.48833,0.80802,0.41766,0.61833,0.87881,0.77871,0.61498,0.82073,0.93046,0.87364,0.40228,0.91335,0.74892,1.2368,1.2771,0.94819,0.68837,0.84172,1.008,1.0226,0.84742,0.77829,0.80589,0.89479,1.1789,0.59631,0.4058,0.81875,0.92389,0.84581,0.91861,0.85564,0.91626,0.85787,1.0105,0.9377,0.98753,0.53628,1.0322
909,0.64219,0.38494,0.858,0.76904,0.82764,0.912,0.47675,0.83144,0.83077,0.4706,0.72994,0.89192,0.4877,0.80687,0.41743,0.61845,0.87798,0.77638,0.61437,0.82163,0.93078,0.8741,0.40358,0.91348,0.7479,1.2369,1.2766,0.94628,0.6843,0.8381,1.0073,1.0209,0.84733,0.77924,0.80581,0.89497,1.1787,0.59581,0.40476,0.81892,0.92397,0.8463,0.91905,0.85556,0.91495,0.85775,1.0106,0.93819,0.98765,0.53592,1.0322
910,0.6403,0.38569,0.85726,0.76745,0.82806,0.91338,0.47593,0.83213,0.83058,0.46948,0.72956,0.89031,0.48745,0.80623,0.41659,0.61858,0.87844,0.77726,0.6148,0.82177,0.92799,0.87382,0.40395,0.91386,0.74753,1.2376,1.2758,0.9456,0.68172,0.83517,1.0073,1.0202,0.84746,0.77916,0.80569,0.89532,1.1787,0.59562,0.40456,0.81905,0.92399,0.84646,0.91908,0.85505,0.9128,0.8583,1.0096,0.93835,0.9871,0.53524,1.0318
911,0.63858,0.38687,0.85746,0.76916,0.82825,0.91343,0.47599,0.83151,0.83118,0.46905,0.72941,0.8909,0.48675,0.80693,0.41703,0.61786,0.87851,0.77764,0.61386,0.82055,0.92722,0.8726,0.40252,0.91358,0.74832,1.2379,1.2765,0.94749,0.67978,0.83206,1.0071,1.02,0.84744,0.77806,0.80579,0.89539,1.1789,0.59578,0.40342,0.81883,0.92437,0.84615,0.91856,0.85474,0.91086,0.85847,1.0101,0.93789,0.9873,0.53473,1.0321
912,0.6368,0.38541,0.85651,0.76993,0.82832,0.91328,0.47565,0.83131,0.83073,0.46851,0.72828,0.89249,0.48608,0.80739,0.41638,0.617,0.87918,0.77709,0.61085,0.81902,0.92881,0.87166,0.40243,0.91337,0.74914,1.2376,1.2767,0.95046,0.67716,0.82854,1.007,1.02,0.84719,0.77763,0.80635,0.89538,1.1792,0.59576,0.40189,0.81877,0.92441,0.84554,0.91801,0.85474,0.90958,0.85808,1.0107,0.93767,0.98763,0.53452,1.0322
913,0.63322,0.38338,0.85694,0.76807,0.82756,0.91341,0.47508,0.83176,0.83057,0.46798,0.72669,0.89294,0.48516,0.80683,0.41449,0.61618,0.87975,0.77579,0.60692,0.81865,0.9293,0.87176,0.40185,0.91352,0.74889,1.2379,1.2765,0.94976,0.67293,0.82542,1.0074,1.0204,0.84672,0.77752,0.80689,0.89581,1.1794,0.59569,0.40074,0.81865,0.92417,0.84582,0.91759,0.85413,0.91153,0.85772,1.0105,0.93761,0.98743,0.53449,1.0321
914,0.6308,0.38311,0.85752,0.7679,0.82721,0.9137,0.47513,0.83177,0.8315,0.46794,0.72751,0.89166,0.48517,0.80648,0.41418,0.61554,0.87949,0.77743,0.60552,0.81821,0.92946,0.87225,0.40039,0.91402,0.74759,1.2381,1.2772,0.94808,0.6686,0.82234,1.0073,1.0201,0.84676,0.77699,0.80715,0.89587,1.1795,0.5954,0.40095,0.81857,0.92376,0.84613,0.91769,0.85373,0.91286,0.85788,1.0109,0.93819,0.98759,0.53425,1.032
915,0.62758,0.38266,0.85659,0.76685,0.82823,0.91281,0.47484,0.83183,0.83095,0.46705,0.72808,0.89122,0.48455,0.80663,0.41334,0.61472,0.87856,0.77888,0.60676,0.81744,0.92855,0.87166,0.3992,0.91346,0.74752,1.2383,1.2773,0.94765,0.66486,0.81904,1.0071,1.0205,0.84682,0.77685,0.80753,0.89575,1.1791,0.59477,0.39987,0.81837,0.92314,0.84606,0.91822,0.85375,0.91162,0.85773,1.0111,0.93805,0.98746,0.53407,1.0321
916,0.62377,0.38214,0.85652,0.76546,0.82842,0.91033,0.47441,0.83161,0.83049,0.46623,0.72768,0.89225,0.48358,0.80647,0.41235,0.61338,0.87753,0.77705,0.60592,0.81892,0.92679,0.87151,0.39789,0.91267,0.74781,1.2376,1.2769,0.94741,0.66047,0.81503,1.0072,1.0215,0.84662,0.7768,0.80745,0.89566,1.1785,0.59433,0.39865,0.81792,0.92306,0.84554,0.91834,0.8536,0.90904,0.85736,1.0105,0.93712,0.98693,0.53413,1.0323
917,0.61909,0.38179,0.85488,0.76609,0.82798,0.90827,0.47429,0.83086,0.83155,0.46605,0.72659,0.89277,0.4835,0.80552,0.41195,0.61185,0.87789,0.77343,0.60385,0.81879,0.92364,0.87202,0.39534,0.91236,0.74786,1.2347,1.2762,0.94853,0.65627,0.81175,1.0073,1.02,0.84654,0.77599,0.80732,0.89607,1.1779,0.59401,0.39797,0.81809,0.92312,0.84449,0.91778,0.85255,0.90895,0.85736,1.0097,0.93588,0.98659,0.53447,1.032
918,0.61583,0.37978,0.85302,0.76561,0.82795,0.90749,0.47383,0.83024,0.83142,0.4655,0.72602,0.89196,0.48173,0.80407,0.41158,0.61092,0.87742,0.77281,0.60036,0.81555,0.92193,0.87121,0.39459,0.91209,0.74782,1.2341,1.2748,0.94558,0.65183,0.80879,1.0073,1.0187,0.84667,0.77509,0.80738,0.8956,1.1779,0.59367,0.39674,0.81825,0.92252,0.84405,0.91719,0.8523,0.90745,0.85786,1.0091,0.93551,0.9864,0.5346,1.0317
919,0.60992,0.37734,0.85411,0.76331,0.82725,0.90743,0.47311,0.83024,0.83048,0.46487,0.72568,0.89078,0.48122,0.80319,0.41055,0.60963,0.87715,0.77313,0.59801,0.8146,0.92069,0.86963,0.39415,0.91248,0.74713,1.2341,1.2734,0.94186,0.64661,0.80494,1.0072,1.0181,0.84675,0.77413,0.80654,0.89478,1.1782,0.59319,0.39532,0.81753,0.92213,0.84332,0.91654,0.85248,0.90493,0.85773,1.0091,0.93503,0.98616,0.53463,1.0312
920,0.60223,0.37596,0.85659,0.76371,0.8273,0.90724,0.47263,0.83051,0.82961,0.46425,0.72501,0.88958,0.482,0.8035,0.40901,0.60883,0.87775,0.77222,0.59935,0.81539,0.9181,0.86905,0.39104,0.91309,0.74657,1.2341,1.2726,0.9396,0.64282,0.80124,1.0067,1.0181,0.84699,0.77347,0.80588,0.89456,1.1787,0.5929,0.39386,0.81642,0.92244,0.84287,0.91631,0.85198,0.90287,0.85709,1.0094,0.93445,0.9857,0.53476,1.0307
921,0.59897,0.37698,0.8544,0.76334,0.82775,0.90687,0.47152,0.83086,0.8298,0.46357,0.7235,0.88947,0.48101,0.80324,0.40754,0.60852,0.87895,0.77218,0.59772,0.81546,0.91932,0.87042,0.38951,0.91283,0.74638,1.2343,1.2722,0.94059,0.64041,0.79788,1.0066,1.0193,0.84689,0.77333,0.80601,0.89387,1.1789,0.59353,0.39293,0.81589,0.92204,0.84229,0.91603,0.85126,0.90374,0.85783,1.009,0.93455,0.98538,0.53497,1.0308
922,0.59551,0.37468,0.85387,0.76395,0.82815,0.90669,0.47111,0.83091,0.82935,0.46235,0.72253,0.88986,0.48002,0.80257,0.40748,0.60741,0.87868,0.77296,0.59357,0.8177,0.92033,0.87052,0.38858,0.91265,0.74608,1.2336,1.2724,0.94334,0.63851,0.79473,1.0064,1.0194,0.8468,0.77268,0.80616,0.89343,1.179,0.59303,0.39173,0.81518,0.9216,0.84298,0.91601,0.85136,0.90314,0.85839,1.0106,0.9339,0.98476,0.53484,1.0306
923,0.58909,0.3719,0.85389,0.76563,0.82839,0.90619,0.47116,0.83071,0.82937,0.46153,0.72236,0.89003,0.47944,0.80189,0.40725,0.60608,0.87827,0.77275,0.59026,0.81926,0.9192,0.86849,0.3877,0.91303,0.74591,1.2335,1.2734,0.94375,0.63529,0.79128,1.0059,1.0198,0.84705,0.77198,0.80636,0.89375,1.1794,0.59217,0.39051,0.81483,0.92129,0.84425,0.91631,0.85142,0.90125,0.85866,1.0114,0.93367,0.98427,0.53433,1.0305
924,0.58143,0.37152,0.85505,0.76607,0.82769,0.90645,0.47087,0.83031,0.83105,0.46134,0.72202,0.88906,0.47877,0.80154,0.40545,0.60528,0.87921,0.77206,0.59084,0.81657,0.91622,0.86583,0.38642,0.91384,0.74602,1.2337,1.2737,0.94512,0.63298,0.7876,1.0064,1.0197,0.84755,0.77198,0.80631,0.89357,1.1793,0.59227,0.38943,0.81509,0.92022,0.84427,0.91626,0.8512,0.8998,0.85868,1.0097,0.93391,0.98391,0.53361,1.0308
925,0.57752,0.36932,0.85575,0.76646,0.82832,0.90602,0.46966,0.83042,0.83008,0.46038,0.72025,0.88855,0.47762,0.80199,0.40516,0.60377,0.87868,0.77262,0.58774,0.81379,0.91377,0.86647,0.3862,0.91326,0.74639,1.236,1.2744,0.94654,0.63063,0.78379,1.0068,1.0199,0.84765,0.77098,0.80551,0.89326,1.1792,0.5921,0.38722,0.81469,0.91934,0.84423,0.91635,0.85079,0.90163,0.8586,1.0106,0.9348,0.98344,0.53266,1.031
926,0.57348,0.36785,0.85503,0.76733,0.82776,0.90606,0.46884,0.8303,0.82905,0.45921,0.71921,0.8878,0.47656,0.80201,0.40435,0.60275,0.87792,0.7733,0.58197,0.81317,0.91422,0.86786,0.38719,0.91188,0.74664,1.2386,1.275,0.94937,0.627,0.77984,1.0071,1.0202,0.8476,0.76973,0.80544,0.89298,1.1795,0.59182,0.38498,0.81375,0.91915,0.84517,0.91654,0.85,0.90211,0.85867,1.0116,0.93633,0.98331,0.5317,1.0311
927,0.56905,0.36703,0.85166,0.77045,0.82758,0.90983,0.46906,0.83026,0.82987,0.45792,0.71956,0.88525,0.47582,0.80046,0.40327,0.60222,0.87781,0.77251,0.5825,0.81478,0.91583,0.86587,0.38733,0.91045,0.74656,1.2401,1.2751,0.95244,0.62392,0.77654,1.0074,1.0209,0.84763,0.76872,0.8056,0.89234,1.1804,0.59168,0.38358,0.8127,0.91934,0.8468,0.91657,0.84933,0.8975,0.85871,1.0131,0.93711,0.98327,0.5308,1.0311
928,0.56796,0.36731,0.85537,0.77224,0.83035,0.91112,0.46862,0.83006,0.82913,0.45703,0.71809,0.88518,0.47516,0.80023,0.4039,0.60027,0.87853,0.77251,0.5869,0.81496,0.91328,0.86437,0.38753,0.90994,0.74601,1.2425,1.2764,0.95518,0.62122,0.77269,1.0068,1.0224,0.84709,0.76753,0.80493,0.89196,1.1814,0.59109,0.38327,0.8119,0.91864,0.84842,0.91648,0.84893,0.8986,0.85894,1.0138,0.93854,0.98363,0.52966,1.0311
929,0.56642,0.36642,0.85891,0.77393,0.83015,0.91454,0.46776,0.83016,0.82796,0.45607,0.71593,0.88641,0.4751,0.80125,0.40426,0.59941,0.87865,0.774,0.58964,0.81235,0.91398,0.86502,0.38766,0.90966,0.74615,1.2451,1.2788,0.95767,0.61856,0.76836,1.0061,1.0242,0.8468,0.76612,0.80518,0.89183,1.1827,0.59008,0.38204,0.81128,0.9182,0.85033,0.91609,0.848,0.90085,0.85923,1.014,0.94046,0.98371,0.5282,1.0313
930,0.56678,0.36417,0.85889,0.77615,0.82798,0.91861,0.46682,0.83029,0.82757,0.45488,0.71353,0.88763,0.47485,0.80099,0.40397,0.59971,0.87847,0.774,0.58904,0.81261,0.91829,0.867,0.38999,0.90953,0.74729,1.2488,1.2823,0.9568,0.61581,0.76458,1.0052,1.0275,0.84692,0.76545,0.80605,0.89217,1.1843,0.58916,0.37994,0.81162,0.91785,0.85215,0.9168,0.84701,0.8991,0.85921,1.0142,0.94283,0.98395,0.52651,1.0323
931,0.56749,0.36279,0.8592,0.77872,0.8266,0.91842,0.46682,0.83151,0.82944,0.45397,0.71395,0.88571,0.4743,0.8005,0.40286,0.60038,0.87923,0.77476,0.58875,0.81559,0.92465,0.86844,0.39498,0.90957,0.74817,1.2544,1.2854,0.95975,0.61318,0.76126,1.0046,1.0294,0.84671,0.76573,0.80652,0.89358,1.1842,0.58899,0.37791,0.81172,0.91707,0.85476,0.91854,0.84605,0.89978,0.85907,1.0139,0.94662,0.9838,0.52552,1.0336
932,0.56144,0.36277,0.8644,0.78168,0.82622,0.91997,0.4685,0.83261,0.82977,0.45361,0.71469,0.88487,0.47402,0.80076,0.40223,0.60102,0.87991,0.7786,0.59136,0.82025,0.92843,0.86976,0.39721,0.909,0.74916,1.2577,1.2885,0.96593,0.61101,0.75813,1.0044,1.0294,0.84697,0.76601,0.80703,0.89403,1.1842,0.58889,0.37692,0.81193,0.91684,0.8564,0.92039,0.84447,0.89931,0.85892,1.0147,0.94894,0.98414,0.52494,1.0341
933,0.55523,0.36431,0.87271,0.78791,0.82653,0.91954,0.46947,0.83356,0.82769,0.45288,0.71442,0.88585,0.47319,0.79965,0.40285,0.59975,0.87932,0.78062,0.5946,0.82077,0.92842,0.87009,0.39338,0.90908,0.7514,1.2597,1.2916,0.97687,0.60994,0.75558,1.0043,1.0276,0.84748,0.76693,0.80759,0.89363,1.1845,0.58916,0.37625,0.81312,0.91747,0.85705,0.92206,0.84301,0.90107,0.85857,1.0183,0.95131,0.98542,0.52402,1.0342
934,0.55607,0.36509,0.87352,0.78854,0.82564,0.91211,0.46995,0.8343,0.82717,0.45119,0.7138,0.88445,0.47256,0.79752,0.40344,0.5967,0.87769,0.77733,0.586,0.82306,0.9215,0.87104,0.39116,0.91021,0.75323,1.261,1.2939,0.97502,0.60691,0.75265,1.0055,1.0256,0.84801,0.76733,0.80823,0.89373,1.1833,0.58945,0.37471,0.81515,0.91802,0.85893,0.92168,0.84273,0.90471,0.8583,1.0164,0.95527,0.98554,0.52277,1.0345
935,0.54911,0.35926,0.87233,0.78429,0.82531,0.9052,0.46876,0.83375,0.82809,0.45063,0.71324,0.88637,0.46978,0.79755,0.40239,0.59552,0.87445,0.77576,0.58669,0.82233,0.92892,0.87299,0.3918,0.91091,0.75271,1.2592,1.2941,0.9685,0.60495,0.74979,1.006,1.0234,0.84818,0.76835,0.80797,0.89424,1.1821,0.58964,0.37242,0.81583,0.91847,0.85755,0.92256,0.83998,0.89653,0.85919,1.0137,0.95622,0.98658,0.52243,1.0345
936,0.53673,0.35664,0.8672,0.78061,0.82761,0.89852,0.46615,0.83403,0.82848,0.45015,0.71073,0.88651,0.46739,0.79499,0.40122,0.59369,0.87216,0.77244,0.584,0.82107,0.93247,0.87164,0.39577,0.91074,0.75255,1.2578,1.2936,0.96719,0.6036,0.74749,1.0061,1.0201,0.84819,0.76936,0.80764,0.89461,1.1816,0.58901,0.36949,0.81622,0.91795,0.85549,0.92302,0.83809,0.8863,0.86011,1.013,0.95512,0.98638,0.52186,1.0342
937,0.52408,0.35525,0.86034,0.77919,0.83012,0.89129,0.46472,0.83413,0.82901,0.44886,0.70639,0.88457,0.46532,0.79182,0.3999,0.58969,0.87151,0.76837,0.56549,0.82556,0.9241,0.86778,0.3986,0.90973,0.75292,1.2569,1.2923,0.96874,0.60118,0.74508,1.0064,1.0184,0.84846,0.76875,0.80701,0.89399,1.1813,0.58791,0.36626,0.81605,0.91657,0.85439,0.9221,0.83908,0.87704,0.8601,1.0148,0.95527,0.98524,0.52102,1.034
938,0.51112,0.35057,0.85935,0.7761,0.82863,0.88689,0.46305,0.83296,0.82757,0.44604,0.70243,0.87976,0.46149,0.78914,0.39933,0.58408,0.86948,0.76584,0.55486,0.81951,0.91577,0.86442,0.38798,0.9082,0.7517,1.2556,1.2887,0.96839,0.59825,0.7414,1.0061,1.0187,0.84785,0.76718,0.80623,0.89363,1.1808,0.58758,0.36232,0.81462,0.91524,0.85086,0.92048,0.83859,0.8733,0.85949,1.0153,0.95151,0.98461,0.52028,1.0342
939,0.50808,0.34675,0.85955,0.7744,0.82863,0.88627,0.45951,0.83263,0.82722,0.44461,0.70111,0.87804,0.46021,0.78886,0.39916,0.57979,0.87025,0.76425,0.55637,0.81164,0.91521,0.86352,0.37721,0.90638,0.75004,1.2533,1.2854,0.9623,0.59476,0.73738,1.0052,1.0194,0.84746,0.76411,0.80529,0.89421,1.1821,0.58753,0.36046,0.81292,0.91394,0.85011,0.91812,0.83788,0.86284,0.85974,1.0138,0.94864,0.98312,0.51927,1.0339
940,0.50251,0.3448,0.86073,0.77442,0.82838,0.88897,0.45772,0.83165,0.82882,0.44332,0.6999,0.88014,0.46012,0.7902,0.39703,0.57635,0.87318,0.76451,0.55299,0.81149,0.91265,0.86329,0.37345,0.90579,0.74911,1.2524,1.2844,0.95837,0.59208,0.73378,1.0049,1.0213,0.84714,0.76158,0.80422,0.89365,1.1847,0.58752,0.35851,0.81144,0.91282,0.85043,0.91615,0.83667,0.85835,0.86032,1.0134,0.94804,0.98138,0.51897,1.0333
941,0.49281,0.3432,0.85947,0.77597,0.82478,0.89197,0.45744,0.83124,0.8308,0.44148,0.6978,0.88008,0.45959,0.78742,0.3916,0.57244,0.87477,0.76476,0.55327,0.81611,0.90576,0.8599,0.37774,0.9065,0.74787,1.2538,1.2852,0.9648,0.58868,0.72972,1.0046,1.0212,0.84709,0.76111,0.80442,0.89202,1.1864,0.58629,0.35622,0.81015,0.9124,0.85067,0.91623,0.83571,0.86427,0.86046,1.016,0.9474,0.98012,0.51933,1.0327
942,0.49138,0.33799,0.8576,0.77797,0.82369,0.89068,0.45464,0.83212,0.8295,0.4387,0.69675,0.87561,0.45878,0.78671,0.39229,0.57074,0.87185,0.76802,0.54723,0.81346,0.91234,0.86009,0.38082,0.90617,0.74693,1.2542,1.282,0.96649,0.58605,0.72687,1.0041,1.0217,0.84681,0.75941,0.80424,0.89169,1.1859,0.58598,0.355,0.80894,0.91143,0.85171,0.91583,0.83598,0.85711,0.86109,1.0184,0.94622,0.97993,0.51912,1.0332
943,0.48757,0.33755,0.85635,0.78246,0.8237,0.88653,0.4532,0.83206,0.82783,0.43703,0.69425,0.87253,0.45762,0.78635,0.39272,0.56991,0.8712,0.76879,0.53618,0.80605,0.9146,0.86007,0.38007,0.90423,0.74705,1.2545,1.2819,0.96452,0.58502,0.72519,1.0041,1.0227,0.84637,0.75839,0.80418,0.89237,1.1857,0.58628,0.35392,0.80792,0.91078,0.85173,0.91593,0.83538,0.85179,0.86129,1.0167,0.94726,0.98012,0.51911,1.0334
944,0.47772,0.33749,0.85861,0.78189,0.82176,0.88103,0.45331,0.83206,0.82693,0.43643,0.69177,0.87649,0.45629,0.78494,0.39014,0.56761,0.87377,0.76413,0.53912,0.80176,0.90098,0.86022,0.37871,0.90245,0.74802,1.2544,1.2849,0.96383,0.584,0.72145,1.0036,1.0218,0.84589,0.75915,0.80439,0.89274,1.1858,0.5862,0.35235,0.80699,0.91062,0.85096,0.91588,0.83321,0.84833,0.86155,1.013,0.94916,0.97965,0.51898,1.0329
945,0.46428,0.33162,0.85603,0.77569,0.81823,0.87955,0.45267,0.8335,0.82691,0.43463,0.69024,0.87796,0.45599,0.7843,0.38994,0.56444,0.87367,0.76023,0.53305,0.80815,0.89048,0.86132,0.37354,0.90321,0.7505,1.256,1.2833,0.96277,0.58286,0.71809,1.0028,1.0194,0.84552,0.75796,0.80369,0.89166,1.1862,0.58642,0.35008,0.80685,0.90976,0.85029,0.91445,0.83256,0.84469,0.86254,1.0163,0.95034,0.97835,0.51789,1.0327
946,0.45689,0.32764,0.85482,0.77678,0.8182,0.87634,0.44918,0.83513,0.82648,0.4328,0.68776,0.87441,0.45393,0.78301,0.38949,0.55905,0.87352,0.76208,0.52286,0.8063,0.89629,0.85683,0.36883,0.90339,0.75017,1.2563,1.2832,0.96395,0.58076,0.7155,1.003,1.02,0.84475,0.75637,0.80327,0.89182,1.1866,0.58735,0.3474,0.80685,0.90902,0.85073,0.91495,0.83087,0.84097,0.86281,1.0196,0.94999,0.97749,0.5169,1.0327
947,0.45261,0.32503,0.85757,0.783,0.81967,0.8735,0.44668,0.83458,0.827,0.43107,0.68443,0.87142,0.45122,0.78204,0.38977,0.55334,0.87316,0.76255,0.52024,0.80267,0.90076,0.85252,0.3721,0.90138,0.74803,1.255,1.2834,0.96477,0.57785,0.71345,1.0037,1.0215,0.84433,0.75606,0.80278,0.89238,1.1868,0.58709,0.34542,0.80611,0.90824,0.85118,0.91573,0.82865,0.83889,0.86282,1.0176,0.9493,0.97693,0.51629,1.0328
948,0.44809,0.32461,0.85688,0.78507,0.81912,0.87147,0.44576,0.83226,0.82854,0.42833,0.68055,0.87197,0.44952,0.78124,0.39089,0.55158,0.87326,0.76199,0.51626,0.80439,0.88905,0.85436,0.37287,0.89814,0.747,1.2542,1.281,0.96175,0.57637,0.71175,1.0031,1.0208,0.84438,0.75516,0.80206,0.8917,1.1876,0.5851,0.34397,0.80437,0.90685,0.84876,0.91423,0.82702,0.83153,0.8636,1.0134,0.94869,0.97597,0.51604,1.0326
949,0.446,0.32253,0.85419,0.7794,0.81762,0.86645,0.44155,0.83263,0.82683,0.42645,0.67907,0.87147,0.44796,0.77853,0.39141,0.54868,0.87124,0.75947,0.51748,0.79159,0.89353,0.8459,0.36983,0.8998,0.74581,1.2536,1.2796,0.95526,0.57552,0.71001,1.0025,1.0195,0.84376,0.7531,0.80193,0.88993,1.1888,0.58468,0.34073,0.80454,0.90647,0.84785,0.91427,0.82662,0.81713,0.86438,1.0127,0.94766,0.97544,0.51554,1.0322
950,0.43917,0.32389,0.85042,0.77457,0.81606,0.86084,0.44017,0.83344,0.82443,0.4255,0.67736,0.86993,0.44661,0.77685,0.38923,0.54365,0.87058,0.75388,0.51719,0.78674,0.89412,0.83869,0.36886,0.89896,0.74428,1.2541,1.2789,0.95199,0.57557,0.70806,1.0025,1.0178,0.84393,0.75212,0.80199,0.88943,1.1904,0.58566,0.33833,0.80398,0.90559,0.84902,0.91411,0.8262,0.80676,0.86394,1.0156,0.94556,0.9745,0.51494,1.0317
951,0.42888,0.32501,0.84982,0.77651,0.81695,0.86021,0.44018,0.83321,0.82495,0.42364,0.67422,0.86924,0.44446,0.77646,0.38911,0.53933,0.87145,0.75215,0.51419,0.78841,0.88868,0.8403,0.36618,0.89591,0.74268,1.2536,1.277,0.95218,0.57509,0.7073,1.0019,1.0185,0.84418,0.75109,0.80132,0.89018,1.1906,0.58568,0.33689,0.80193,0.90307,0.84923,0.91279,0.82446,0.80596,0.8636,1.0203,0.94455,0.9734,0.51436,1.0311
952,0.42588,0.31831,0.84577,0.77474,0.81686,0.85976,0.43597,0.83318,0.8261,0.42044,0.67118,0.86545,0.4403,0.77464,0.39134,0.53318,0.86828,0.75471,0.49791,0.78906,0.89068,0.84088,0.37256,0.89449,0.74355,1.2507,1.2744,0.95107,0.5745,0.70526,1.0022,1.0224,0.84378,0.7496,0.80051,0.88896,1.1905,0.58505,0.33554,0.80094,0.9022,0.84645,0.91139,0.82317,0.81188,0.86523,1.0192,0.94617,0.97207,0.51384,1.0309
953,0.41972,0.31576,0.843,0.77102,0.81536,0.85213,0.43394,0.83401,0.82551,0.41953,0.67015,0.86342,0.43936,0.77274,0.38749,0.52704,0.86496,0.7539,0.49167,0.78427,0.88615,0.84009,0.37667,0.89591,0.74369,1.2515,1.2741,0.94656,0.57415,0.7026,1.0019,1.0214,0.84272,0.7475,0.80012,0.88846,1.1906,0.58644,0.33212,0.80007,0.90174,0.84488,0.90961,0.8218,0.80094,0.86531,1.0184,0.94375,0.97071,0.51367,1.031
954,0.41016,0.31634,0.84537,0.76842,0.81636,0.84399,0.43211,0.83498,0.82441,0.41932,0.66731,0.86465,0.44095,0.77117,0.38444,0.52356,0.86504,0.75701,0.48777,0.77976,0.87643,0.83516,0.37663,0.89766,0.74266,1.252,1.2735,0.94158,0.5741,0.70123,1.0005,1.0194,0.84149,0.74644,0.79997,0.88902,1.1902,0.58758,0.33054,0.7989,0.90054,0.84489,0.90807,0.82031,0.78457,0.86484,1.0169,0.94053,0.96937,0.51341,1.0306
955,0.40459,0.3153,0.84133,0.76759,0.81344,0.83981,0.42959,0.83533,0.82365,0.41776,0.66091,0.86262,0.44054,0.76971,0.38391,0.52008,0.86684,0.75595,0.47888,0.78482,0.87055,0.83073,0.37541,0.89747,0.74283,1.2469,1.2684,0.94206,0.5741,0.70066,1.0001,1.02,0.84079,0.74513,0.79952,0.88921,1.1906,0.58743,0.3319,0.79732,0.89844,0.84383,0.90749,0.81943,0.77863,0.8656,1.0165,0.94142,0.96739,0.51261,1.0297
956,0.40248,0.30756,0.84282,0.76907,0.81234,0.84062,0.4265,0.83594,0.82553,0.41281,0.65856,0.86081,0.43823,0.76844,0.38559,0.51634,0.86658,0.75476,0.48444,0.78136,0.87321,0.83098,0.3687,0.89462,0.74156,1.247,1.2654,0.94757,0.57413,0.69905,1.0005,1.0225,0.84001,0.74319,0.79787,0.8903,1.1917,0.58522,0.33039,0.79537,0.89698,0.84143,0.90635,0.818,0.7767,0.86622,1.0179,0.94148,0.96633,0.51184,1.0297
957,0.39968,0.30681,0.83702,0.7687,0.81332,0.83894,0.42471,0.83488,0.82313,0.41066,0.65811,0.86127,0.43718,0.7664,0.38503,0.51225,0.8658,0.75597,0.48219,0.76887,0.87044,0.8315,0.36478,0.89232,0.73941,1.2485,1.2642,0.94073,0.57412,0.69694,0.9998,1.0224,0.83902,0.7422,0.7974,0.88938,1.1926,0.58512,0.32796,0.79355,0.89592,0.84024,0.90501,0.8153,0.77312,0.86634,1.0169,0.93753,0.96561,0.51134,1.0297
958,0.40261,0.31143,0.82932,0.76466,0.81228,0.83543,0.42332,0.83355,0.81865,0.41146,0.65623,0.86097,0.43602,0.76453,0.38364,0.50872,0.86335,0.75262,0.47401,0.76095,0.86184,0.83046,0.36246,0.891,0.73758,1.2448,1.2629,0.9369,0.5743,0.69612,0.99817,1.0181,0.83753,0.74273,0.79841,0.88771,1.1925,0.58731,0.32524,0.79274,0.8948,0.83948,0.90272,0.81246,0.76401,0.86567,1.0172,0.93343,0.96363,0.51114,1.0295
959,0.40465,0.31433,0.83002,0.76824,0.80802,0.82883,0.42132,0.83529,0.82077,0.40911,0.65304,0.85819,0.43455,0.76313,0.38773,0.50517,0.86139,0.75082,0.46204,0.76167,0.86108,0.82259,0.36388,0.88965,0.73635,1.2443,1.2608,0.94044,0.57238,0.69528,0.99858,1.02,0.83654,0.74123,0.79835,0.88738,1.1914,0.58653,0.32287,0.79153,0.89223,0.83707,0.90082,0.81058,0.75226,0.86536,1.0166,0.93202,0.9614,0.51093,1.0293
960,0.39587,0.31034,0.82916,0.77062,0.8066,0.82689,0.42122,0.83711,0.82038,0.40888,0.65229,0.85523,0.43567,0.7626,0.38635,0.4995,0.86146,0.747,0.46329,0.76283,0.85245,0.82142,0.36632,0.88839,0.73431,1.2439,1.2586,0.93271,0.57172,0.69461,0.99787,1.0209,0.83579,0.73955,0.79745,0.88661,1.1915,0.58507,0.32327,0.78979,0.89045,0.83634,0.90014,0.80927,0.74854,0.86554,1.0174,0.93263,0.96045,0.51066,1.029
961,0.39246,0.30435,0.82722,0.76875,0.80611,0.82862,0.4194,0.83667,0.81943,0.409,0.65028,0.85431,0.43525,0.75957,0.38411,0.4966,0.86036,0.74915,0.46278,0.76034,0.84582,0.82089,0.36656,0.88749,0.73271,1.2412,1.2556,0.92508,0.55555,0.66736,0.99686,1.0184,0.83403,0.73796,0.79603,0.88614,1.1918,0.58368,0.32446,0.78912,0.89021,0.83596,0.90079,0.80834,0.75119,0.86567,1.0183,0.933,0.9596,0.51038,1.0288
962,0.39466,0.30202,0.82865,0.76665,0.80729,0.82047,0.41422,0.83489,0.81852,0.40693,0.64864,0.86032,0.43302,0.75636,0.38522,0.49632,0.85852,0.75299,0.4543,0.75516,0.84976,0.82315,0.36499,0.88657,0.73313,1.2389,1.2511,0.92703,0.55573,0.6661,0.99594,1.018,0.83252,0.73672,0.79498,0.88625,1.1907,0.58339,0.32576,0.78805,0.8888,0.83499,0.90021,0.80671,0.74782,0.86691,1.0158,0.93194,0.95739,0.50992,1.0283
963,0.39244,0.30614,0.83592,0.76853,0.80763,0.81704,0.41247,0.83625,0.81721,0.40543,0.64688,0.85958,0.43216,0.75658,0.38277,0.49075,0.85653,0.75211,0.45518,0.74837,0.85931,0.82401,0.36116,0.8834,0.73193,1.2369,1.2465,0.92522,0.55514,0.66539,0.99545,1.0186,0.83219,0.73829,0.79447,0.88457,1.1909,0.58605,0.32561,0.78691,0.88707,0.83252,0.8993,0.80466,0.73477,0.86605,1.016,0.92991,0.95774,0.50984,1.0275
964,0.39084,0.3054,0.83127,0.7675,0.80438,0.81554,0.41267,0.83641,0.8174,0.40489,0.6439,0.85556,0.43124,0.75592,0.38521,0.48754,0.8557,0.75229,0.46083,0.74086,0.85909,0.81869,0.36652,0.88301,0.72873,1.2344,1.2446,0.92034,0.55447,0.66507,0.99575,1.0192,0.83147,0.73884,0.79398,0.88332,1.1919,0.58644,0.32405,0.78653,0.8859,0.83065,0.89819,0.8027,0.72191,0.86491,1.014,0.9245,0.95739,0.50967,1.0272
965,0.38957,0.30381,0.81983,0.76514,0.79936,0.81536,0.41228,0.83515,0.81724,0.40476,0.64255,0.85563,0.43152,0.75411,0.38839,0.48649,0.85651,0.75079,0.46191,0.73964,0.8514,0.81153,0.3708,0.8843,0.72547,1.232,1.2435,0.91336,0.55481,0.66433,0.99538,1.0195,0.83122,0.73798,0.79247,0.88238,1.1924,0.58565,0.32289,0.78693,0.88471,0.82939,0.89704,0.79966,0.71433,0.86517,1.0121,0.91807,0.95509,0.50956,1.0272
966,0.3838,0.30711,0.81603,0.76373,0.79694,0.81892,0.41122,0.83569,0.81829,0.40274,0.64293,0.85439,0.4315,0.75257,0.38447,0.48191,0.85459,0.74507,0.45672,0.73427,0.84142,0.80677,0.35243,0.88344,0.72541,1.2312,1.2409,0.90614,0.55498,0.66352,0.99369,1.0157,0.83081,0.7368,0.79225,0.88091,1.1921,0.58644,0.32271,0.78557,0.8834,0.82739,0.89661,0.79759,0.71687,0.86565,1.0166,0.91509,0.95388,0.50958,1.0274
967,0.383,0.30426,0.81517,0.75897,0.79875,0.81593,0.41024,0.83586,0.81659,0.40212,0.64127,0.85205,0.42929,0.75152,0.3836,0.47659,0.85275,0.7411,0.45261,0.73547,0.83526,0.80442,0.34965,0.88365,0.72328,1.228,1.2375,0.89967,0.55553,0.66278,0.99258,1.0173,0.82958,0.73665,0.791,0.88011,1.192,0.58553,0.32302,0.78406,0.88153,0.82526,0.89557,0.79782,0.71057,0.86621,1.0172,0.91399,0.95271,0.50945,1.0262
968,0.38759,0.30203,0.81655,0.75951,0.80143,0.8097,0.40689,0.83508,0.81363,0.40246,0.63913,0.8485,0.42715,0.75226,0.38642,0.47519,0.85274,0.74123,0.44575,0.73508,0.83018,0.80699,0.35494,0.88301,0.72109,1.2239,1.2328,0.89536,0.55637,0.66216,0.99258,1.0211,0.82813,0.73691,0.789,0.87817,1.1925,0.58531,0.32271,0.78244,0.87951,0.82404,0.89396,0.79641,0.70454,0.86653,1.016,0.91259,0.9516,0.50903,1.0253
969,0.39226,0.30513,0.82045,0.76365,0.7997,0.8118,0.40219,0.83522,0.81409,0.40298,0.63969,0.84459,0.42658,0.75251,0.38691,0.47579,0.85271,0.74141,0.43693,0.72805,0.82312,0.80194,0.34506,0.88034,0.71941,1.2231,1.2275,0.90008,0.55598,0.66162,0.99265,1.0209,0.8268,0.73574,0.78766,0.87613,1.1927,0.58679,0.3209,0.78036,0.8783,0.82186,0.89403,0.79195,0.7093,0.8664,1.0162,0.91078,0.95075,0.50849,1.0258
970,0.38424,0.30223,0.82355,0.76171,0.79468,0.81189,0.40056,0.83738,0.81627,0.4025,0.63922,0.84618,0.42828,0.7522,0.38556,0.4742,0.85106,0.74164,0.43703,0.72609,0.82633,0.80249,0.35153,0.87709,0.71813,1.2227,1.2277,0.89946,0.55622,0.66155,0.99254,1.0215,0.82572,0.73662,0.78676,0.87531,1.1935,0.58598,0.32283,0.78039,0.87847,0.82052,0.89347,0.79135,0.72153,0.86653,1.0153,0.90769,0.95032,0.50869,1.0252
971,0.38794,0.30343,0.81686,0.75943,0.79259,0.81042,0.40178,0.83978,0.81724,0.40091,0.63805,0.85059,0.42769,0.75222,0.38661,0.47266,0.85043,0.74411,0.43768,0.72501,0.8306,0.80177,0.35217,0.87667,0.71448,1.2225,1.2274,0.89289,0.55697,0.66183,0.99222,1.0199,0.82501,0.73567,0.78691,0.87481,1.1945,0.5862,0.32399,0.78007,0.87748,0.81951,0.89142,0.79138,0.72155,0.86678,1.0163,0.90569,0.94993,0.50849,1.0246
972,0.40104,0.30925,0.80512,0.76019,0.79493,0.81122,0.40275,0.8401,0.8156,0.40098,0.6359,0.85279,0.42628,0.75305,0.38758,0.4704,0.85179,0.74702,0.4372,0.72237,0.83434,0.79828,0.35094,0.87661,0.71072,1.2226,1.2239,0.88817,0.55751,0.6622,0.99176,1.0179,0.82486,0.73413,0.78773,0.87476,1.195,0.58792,0.32335,0.77808,0.87452,0.81861,0.88945,0.78964,0.70606,0.86645,1.0187,0.90554,0.94933,0.50767,1.0243
973,0.3967,0.30963,0.80959,0.76281,0.79883,0.80992,0.39993,0.83918,0.8147,0.40296,0.63177,0.85056,0.42861,0.75203,0.38517,0.46814,0.85146,0.74752,0.43721,0.71773,0.82648,0.79375,0.36078,0.87222,0.7135,1.2216,1.2198,0.88683,0.55882,0.66288,0.99117,1.0207,0.82293,0.73628,0.78776,0.87398,1.1946,0.588,0.32381,0.77849,0.87361,0.82032,0.88913,0.787,0.70539,0.86512,1.0198,0.90468,0.94827,0.50698,1.024
974,0.40048,0.31077,0.82297,0.76049,0.79607,0.81177,0.39942,0.84064,0.81531,0.40173,0.62933,0.85031,0.42824,0.75046,0.38566,0.46666,0.8476,0.74994,0.43824,0.72141,0.82455,0.79464,0.35558,0.87175,0.71342,1.2216,1.2177,0.88374,0.56011,0.66359,0.99035,1.0257,0.82184,0.7363,0.78612,0.87318,1.1935,0.58579,0.32352,0.77767,0.87326,0.81899,0.88897,0.78464,0.70488,0.86535,1.0163,0.90318,0.94763,0.5062,1.0238
975,0.40183,0.31228,0.82418,0.75716,0.79288,0.81407,0.40082,0.84271,0.81628,0.40129,0.63002,0.8507,0.42672,0.74815,0.3859,0.46484,0.84315,0.75058,0.43071,0.72802,0.82317,0.79803,0.3598,0.87228,0.71011,1.2194,1.2164,0.87778,0.56127,0.66431,0.99011,1.0273,0.82127,0.73467,0.78406,0.87215,1.1933,0.58431,0.32399,0.77575,0.87153,0.81687,0.88857,0.78245,0.70226,0.86559,1.0176,0.90318,0.94714,0.50558,1.0235
976,0.38851,0.31038,0.82256,0.76314,0.79585,0.81005,0.4016,0.84225,0.81489,0.40148,0.63075,0.85096,0.42703,0.74878,0.38744,0.46152,0.84249,0.74689,0.43161,0.72149,0.81275,0.79157,0.36562,0.8708,0.70716,1.2172,1.2141,0.88364,0.5641,0.66559,0.98957,1.0238,0.82021,0.73411,0.78449,0.86889,1.1955,0.58631,0.32493,0.77591,0.8687,0.817,0.88969,0.77874,0.6993,0.86365,1.0226,0.90126,0.94574,0.50544,1.0239
977,0.3966,0.31134,0.81778,0.76853,0.79577,0.80851,0.39942,0.84323,0.81338,0.40062,0.63183,0.85071,0.42642,0.75017,0.39031,0.45971,0.843,0.74465,0.43744,0.71249,0.81902,0.7887,0.3649,0.86691,0.70549,1.2158,1.2123,0.87911,0.5667,0.66705,0.98956,1.0232,0.81838,0.736,0.78453,0.86779,1.1934,0.58797,0.3258,0.7772,0.86802,0.8158,0.88888,0.77464,0.70328,0.86441,1.0191,0.89971,0.9454,0.50471,1.0245
978,0.40248,0.31113,0.81585,0.7628,0.7929,0.80641,0.3978,0.84386,0.81116,0.40181,0.62962,0.84817,0.42545,0.74829,0.39146,0.45837,0.84398,0.74689,0.43763,0.71015,0.82582,0.79141,0.35314,0.86601,0.70467,1.2148,1.21,0.87131,0.56898,0.66873,0.98886,1.0251,0.81571,0.73842,0.78304,0.86689,1.1927,0.58889,0.3267,0.77699,0.86723,0.81378,0.88735,0.77334,0.70567,0.86543,1.0179,0.89693,0.94539,0.50403,1.0242
979,0.40576,0.31028,0.82026,0.75375,0.79102,0.80593,0.39541,0.84483,0.81273,0.40255,0.6271,0.84985,0.42483,0.74586,0.38971,0.45782,0.84165,0.75123,0.43481,0.7164,0.82731,0.79146,0.34462,0.86611,0.70404,1.2174,1.2058,0.8663,0.57144,0.67065,0.98801,1.0241,0.81437,0.7377,0.78134,0.86482,1.1957,0.58841,0.32653,0.776,0.86554,0.81188,0.88667,0.77338,0.69559,0.8652,1.0211,0.89259,0.94479,0.5036,1.0235
980,0.40342,0.31166,0.81618,0.75674,0.79266,0.80748,0.39237,0.84471,0.81615,0.39979,0.62569,0.84992,0.42309,0.74689,0.38618,0.46008,0.83932,0.75446,0.42854,0.71538,0.82628,0.7893,0.3724,0.86281,0.70061,1.2149,1.2024,0.86238,0.57323,0.6724,0.98768,1.0234,0.8146,0.73579,0.78032,0.8636,1.1951,0.58714,0.32568,0.7759,0.86349,0.81096,0.88561,0.7705,0.69207,0.86453,1.0186,0.89027,0.94236,0.5034,1.0231
981,0.40732,0.31413,0.81168,0.75966,0.7894,0.80317,0.39144,0.84554,0.81208,0.39976,0.6244,0.84881,0.42439,0.74541,0.38878,0.4564,0.8378,0.75208,0.42554,0.71204,0.815,0.78905,0.38021,0.86323,0.69689,1.2102,1.2013,0.86343,0.57538,0.67366,0.98661,1.0229,0.81437,0.73588,0.78004,0.86311,1.1947,0.58749,0.32602,0.7745,0.86196,0.8089,0.88452,0.76892,0.69461,0.86442,1.0187,0.88798,0.94069,0.50261,1.0232
982,0.41295,0.31578,0.80614,0.75884,0.78511,0.80131,0.39354,0.84786,0.80957,0.40074,0.62436,0.84667,0.4274,0.74368,0.39217,0.4513,0.8376,0.74308,0.42722,0.70686,0.8105,0.78859,0.3676,0.86402,0.69324,1.2073,1.1983,0.86486,0.57843,0.67484,0.98589,1.0238,0.8127,0.7377,0.77925,0.8623,1.1944,0.58775,0.32673,0.77299,0.86089,0.80766,0.8834,0.76701,0.6975,0.8637,1.0205,0.88713,0.93977,0.5018,1.0234
983,0.4076,0.31617,0.8035,0.75701,0.78418,0.80405,0.39662,0.84853,0.81401,0.3994,0.62581,0.84479,0.42834,0.74566,0.38982,0.45029,0.83823,0.74014,0.43522,0.69397,0.81187,0.78372,0.36056,0.86314,0.69005,1.2046,1.1931,0.85364,0.58163,0.67787,0.98665,1.0243,0.8098,0.73874,0.77837,0.85945,1.1944,0.58682,0.32679,0.77327,0.86038,0.80558,0.88252,0.76303,0.68838,0.86232,1.0191,0.88408,0.9397,0.50189,1.0232
984,0.40106,0.31222,0.80348,0.75836,0.78224,0.80957,0.3969,0.84746,0.81295,0.39972,0.62428,0.84502,0.42451,0.74434,0.39375,0.44832,0.83264,0.74979,0.43798,0.69551,0.82124,0.78589,0.35264,0.86297,0.6874,1.2007,1.1901,0.84818,0.58526,0.68084,0.98671,1.0246,0.80932,0.73736,0.77786,0.85869,1.1957,0.58769,0.3253,0.77171,0.85908,0.80542,0.88023,0.76127,0.68131,0.86295,1.0175,0.87906,0.93857,0.50216,1.0224
985,0.40516,0.31259,0.80519,0.75875,0.78389,0.80994,0.3948,0.84761,0.81178,0.40016,0.62385,0.84536,0.42245,0.74213,0.39535,0.44619,0.83086,0.75132,0.43364,0.69721,0.81752,0.78621,0.3514,0.86106,0.68829,1.2007,1.1873,0.84211,0.58885,0.6835,0.98697,1.0255,0.80846,0.73587,0.77632,0.85825,1.1956,0.58804,0.32667,0.77184,0.85747,0.80368,0.87916,0.75826,0.67924,0.86413,1.0163,0.8788,0.93789,0.50112,1.0219
986,0.4134,0.31498,0.80927,0.75311,0.78753,0.80233,0.3936,0.84847,0.81402,0.40162,0.62501,0.84679,0.42402,0.74213,0.39212,0.44587,0.83207,0.75074,0.42449,0.69166,0.80434,0.77773,0.3593,0.85973,0.688,1.2021,1.1833,0.82931,0.59176,0.68632,0.98657,1.0238,0.80735,0.73615,0.77434,0.85594,1.1948,0.58834,0.33057,0.77271,0.85579,0.79971,0.87977,0.75527,0.68,0.86528,1.0139,0.87747,0.93773,0.49963,1.0216
987,0.415,0.3203,0.81276,0.75586,0.79027,0.80381,0.39464,0.84826,0.81779,0.40408,0.62279,0.84348,0.42436,0.73736,0.39364,0.44141,0.82854,0.74913,0.42069,0.6871,0.80994,0.77439,0.34735,0.86163,0.68336,1.1986,1.1832,0.8232,0.59489,0.68918,0.98448,1.0263,0.8067,0.73779,0.77274,0.85424,1.1937,0.59004,0.33268,0.7711,0.85365,0.79976,0.87885,0.75518,0.6904,0.86437,1.0139,0.87321,0.93665,0.49878,1.0207
988,0.42036,0.32112,0.8121,0.75753,0.78648,0.80476,0.39289,0.84987,0.81546,0.40307,0.62153,0.84515,0.42518,0.73707,0.39509,0.44052,0.8266,0.75203,0.41582,0.68454,0.81016,0.77322,0.34903,0.85869,0.68151,1.1995,1.1792,0.81962,0.5985,0.69247,0.98342,1.0278,0.80577,0.73726,0.77273,0.85409,1.1936,0.5888,0.33184,0.77047,0.85243,0.79861,0.87889,0.75146,0.6925,0.86341,1.0131,0.87345,0.93543,0.49899,1.0205
989,0.42046,0.31863,0.8067,0.75927,0.78057,0.79949,0.39053,0.85106,0.81081,0.40391,0.6219,0.84768,0.42582,0.73998,0.3934,0.44144,0.82563,0.75516,0.42039,0.68361,0.80889,0.77613,0.34962,0.85619,0.68139,1.202,1.1726,0.82154,0.60275,0.69614,0.98301,1.0253,0.80314,0.73788,0.77242,0.8529,1.1943,0.58839,0.33172,0.77042,0.85254,0.79663,0.87856,0.74733,0.68643,0.86432,1.0148,0.87528,0.93407,0.4989,1.0202
990,0.42042,0.31881,0.81909,0.76169,0.78114,0.79634,0.38794,0.8513,0.81037,0.40688,0.62114,0.8464,0.42683,0.73673,0.39283,0.4395,0.82321,0.75285,0.43799,0.68352,0.81361,0.78153,0.34373,0.85699,0.68098,1.1963,1.1682,0.82293,0.60806,0.69954,0.98299,1.0262,0.80015,0.7397,0.77182,0.8501,1.1939,0.58943,0.3316,0.76982,0.85271,0.79511,0.87676,0.7473,0.67543,0.86515,1.0216,0.87411,0.93417,0.49803,1.02
991,0.42107,0.32543,0.81945,0.75439,0.78309,0.80187,0.38725,0.85417,0.81077,0.40654,0.62046,0.84334,0.42636,0.73535,0.39983,0.44069,0.81847,0.75343,0.435,0.68213,0.81221,0.78083,0.3652,0.85883,0.67915,1.193,1.17,0.82097,0.61289,0.70288,0.98158,1.0323,0.79959,0.7404,0.77249,0.84969,1.1946,0.58989,0.33089,0.76859,0.85039,0.79463,0.87727,0.74456,0.68793,0.86489,1.0196,0.87156,0.93392,0.49754,1.0197
992,0.40658,0.33091,0.81584,0.75441,0.7795,0.80358,0.38985,0.85448,0.81366,0.40567,0.62054,0.84085,0.42748,0.73693,0.40453,0.44237,0.82194,0.76061,0.42838,0.68537,0.81443,0.7753,0.37572,0.85657,0.67877,1.1907,1.1684,0.81627,0.61645,0.70648,0.98245,1.0313,0.80047,0.73905,0.77046,0.84923,1.1936,0.59018,0.33319,0.76868,0.84668,0.79519,0.8774,0.74218,0.6993,0.86312,1.0177,0.86812,0.93199,0.49647,1.02
993,0.41001,0.33321,0.81836,0.75689,0.77654,0.80679,0.38848,0.854,0.81573,0.40462,0.62063,0.84424,0.4285,0.73842,0.40442,0.44078,0.82843,0.76158,0.42128,0.6893,0.81927,0.76801,0.3679,0.85218,0.67819,1.185,1.1616,0.8084,0.61929,0.71062,0.9841,1.0316,0.80053,0.73729,0.76777,0.84792,1.1922,0.58949,0.33474,0.76892,0.84582,0.79375,0.87539,0.74088,0.69209,0.86033,1.0201,0.86477,0.93025,0.49558,1.0205
994,0.44082,0.33036,0.80485,0.74852,0.78275,0.81492,0.38225,0.85586,0.81317,0.40438,0.61731,0.84256,0.42873,0.73746,0.40115,0.43419,0.82457,0.74938,0.43136,0.69238,0.8129,0.7637,0.36806,0.84967,0.67414,1.1882,1.1618,0.81207,0.62448,0.71435,0.98195,1.036,0.79916,0.74011,0.76645,0.84414,1.193,0.59078,0.33506,0.76738,0.84762,0.79319,0.87472,0.73897,0.68241,0.86019,1.023,0.86482,0.93057,0.49543,1.02
995,0.41965,0.32524,0.80112,0.74809,0.77934,0.80979,0.3832,0.85507,0.81473,0.40349,0.61498,0.84073,0.42902,0.73802,0.40019,0.43335,0.81771,0.75343,0.44296,0.67969,0.80551,0.76896,0.36046,0.84893,0.67338,1.1952,1.1597,0.80371,0.63029,0.7188,0.98026,1.0353,0.79826,0.74051,0.76561,0.845,1.1929,0.59106,0.33553,0.7686,0.84771,0.79149,0.87705,0.73695,0.69001,0.86133,1.0185,0.86294,0.93046,0.49495,1.019
996,0.41567,0.32543,0.80776,0.75104,0.77501,0.80483,0.3857,0.85417,0.81438,0.40338,0.61479,0.83956,0.42786,0.73847,0.40338,0.43504,0.81611,0.75899,0.43632,0.6773,0.80616,0.76592,0.36636,0.84728,0.67246,1.1977,1.1586,0.79454,0.63567,0.7238,0.98071,1.031,0.79721,0.73967,0.76656,0.84534,1.1914,0.58985,0.33714,0.76974,0.84632,0.79045,0.87746,0.73464,0.68903,0.86081,1.0149,0.86122,0.92851,0.49411,1.018
997,0.44757,0.33096,0.81009,0.75346,0.77454,0.8062,0.38523,0.85379,0.81023,0.40622,0.61597,0.83939,0.42629,0.73737,0.40675,0.43986,0.81696,0.75499,0.43318,0.6843,0.80614,0.76264,0.38101,0.84444,0.66963,1.1949,1.1577,0.79942,0.64128,0.7275,0.98141,1.0312,0.79747,0.74054,0.76828,0.83874,1.1929,0.59072,0.33983,0.76714,0.8441,0.78805,0.87435,0.73347,0.66679,0.86128,1.0187,0.86158,0.92712,0.49325,1.0177
998,0.43699,0.33315,0.81757,0.76387,0.7693,0.80441,0.38389,0.85554,0.81498,0.4063,0.61478,0.8397,0.42687,0.73421,0.40574,0.44107,0.81586,0.75643,0.42843,0.67248,0.79282,0.77248,0.3667,0.84313,0.66876,1.1919,1.1543,0.80219,0.64688,0.73116,0.97911,1.0368,0.79895,0.73948,0.76685,0.83845,1.1931,0.59094,0.33884,0.76517,0.84119,0.78809,0.8721,0.7313,0.67303,0.86074,1.023,0.85634,0.9287,0.49353,1.0171
999,0.43444,0.33076,0.81622,0.76778,0.77273,0.80067,0.38273,0.85637,0.81411,0.40691,0.61681,0.83568,0.42519,0.73297,0.40278,0.4362,0.81338,0.75589,0.42778,0.67661,0.79693,0.77192,0.36891,0.84595,0.66548,1.1909,1.1509,0.79206,0.65196,0.73615,0.9788,1.0398,0.79802,0.73866,0.76474,0.83757,1.1916,0.59176,0.33861,0.76672,0.84089,0.78794,0.8718,0.72688,0.68896,0.8593,1.0236,0.8533,0.92877,0.4932,1.017
1000,0.47176,0.33382,0.83018,0.77838,0.78982,0.83457,0.3816,0.8328,0.79419,0.4124,0.60626,0.84442,0.41915,0.72561,0.39995,0.4351,0.80373,0.76454,0.49609,0.69363,0.79059,0.78807,0.41496,0.84796,0.65704,1.2105,1.1792,0.79053,0.63346,0.73567,0.98581,1.0513,0.79343,0.74079,0.75773,0.83631,1.1785,0.59764,0.34698,0.76601,0.85204,0.78859,0.86729,0.72613,0.76475,0.85203,1.0483,0.87945,0.93141,0.48821,1.0045
1001,0.35528,0.29974,0.83042,0.67618,0.7263,0.70707,0.40005,0.7883,0.74921,0.32969,0.62438,0.78087,0.47595,0.72779,0.42476,0.35876,0.92043,0.56965,0.36107,0.80684,0.72994,0.63879,0.30534,0.85483,0.64289,1.1568,1.1536,0.87245,0.63904,0.74062,0.95816,0.88034,0.74476,0.60907,0.84271,0.82793,1.0877,0.64825,0.33073,0.87554,0.89142,0.7604,0.75456,0.69725,0.50282,0.82379,0.99795,0.87478,0.90681,0.48478,0.99465
1002,0.35639,0.30044,0.83049,0.67638,0.72576,0.70712,0.39961,0.78901,0.74927,0.32979,0.62398,0.78078,0.47599,0.727,0.42516,0.35779,0.91879,0.56942,0.36079,0.80617,0.72934,0.63805,0.30549,0.85376,0.64162,1.1554,1.151,0.86989,0.64475,0.74575,0.95795,0.88021,0.74363,0.6094,0.84204,0.82663,1.0873,0.64845,0.331,0.87582,0.89043,0.75927,0.75397,0.69566,0.50237,0.82333,0.99781,0.87353,0.90621,0.48428,0.9945
1003,0.35725,0.30116,0.82997,0.67665,0.72528,0.70704,0.39918,0.78971,0.74925,0.32999,0.62347,0.78069,0.47611,0.72621,0.42549,0.35703,0.91706,0.56918,0.36011,0.80526,0.72925,0.63725,0.30625,0.85276,0.64036,1.1538,1.1481,0.86736,0.65042,0.75101,0.95777,0.88005,0.74241,0.60979,0.84121,0.82526,1.0868,0.6485,0.33123,0.8759,0.88935,0.75812,0.75321,0.69401,0.50175,0.82289,0.99785,0.87225,0.90561,0.48369,0.99446
1004,0.35858,0.30188,0.82958,0.6765,0.72487,0.70695,0.39878,0.79033,0.74922,0.33011,0.62304,0.78059,0.4761,0.72555,0.42596,0.35618,0.91544,0.56902,0.35971,0.80457,0.72854,0.63644,0.3063,0.85179,0.63916,1.1522,1.1457,0.86484,0.65619,0.75631,0.95763,0.88001,0.74125,0.6101,0.84043,0.82403,1.0864,0.64858,0.33141,0.87601,0.88833,0.75702,0.75268,0.69254,0.50088,0.82238,0.99783,0.87098,0.90507,0.4832,0.99435
1005,0.36046,0.30271,0.82966,0.67602,0.72419,0.70697,0.3984,0.79092,0.74925,0.33016,0.62271,0.78048,0.4761,0.72469,0.42645,0.35532,0.91373,0.56908,0.3594,0.80442,0.72778,0.6355,0.30623,0.85087,0.6379,1.1505,1.1434,0.86212,0.66205,0.76172,0.95736,0.87995,0.74018,0.61025,0.83957,0.82279,1.0859,0.64878,0.3317,0.87615,0.88726,0.75592,0.75227,0.69113,0.49975,0.82181,0.99746,0.86968,0.90452,0.48271,0.99404
1006,0.36208,0.30344,0.82943,0.67576,0.72369,0.70717,0.39802,0.79152,0.74931,0.33031,0.6224,0.78047,0.47615,0.724,0.42691,0.35459,0.91214,0.56904,0.35875,0.80396,0.72721,0.63484,0.30659,0.84994,0.63676,1.149,1.141,0.85979,0.66793,0.76725,0.95716,0.87993,0.73906,0.61052,0.83879,0.82163,1.0854,0.64891,0.33192,0.8763,0.88634,0.75501,0.75168,0.68976,0.49935,0.82137,0.99737,0.86839,0.904,0.48223,0.99387
1007,0.36364,0.30422,0.82856,0.6754,0.7232,0.70738,0.39769,0.79198,0.74941,0.33055,0.62217,0.78059,0.47609,0.72348,0.42737,0.35382,0.91076,0.56886,0.35808,0.80345,0.72687,0.63442,0.30693,0.84901,0.63566,1.1474,1.1389,0.85751,0.67392,0.77293,0.95694,0.87988,0.73793,0.61079,0.83796,0.8205,1.085,0.64889,0.33209,0.87638,0.88556,0.75401,0.75119,0.68843,0.49927,0.82083,0.99726,0.86688,0.90343,0.48177,0.9937
1008,0.36495,0.3051,0.82861,0.67543,0.7226,0.70771,0.39729,0.79247,0.74928,0.33081,0.62195,0.78053,0.47605,0.7229,0.42773,0.35318,0.9093,0.56888,0.35779,0.80321,0.7259,0.63378,0.30715,0.84812,0.63456,1.1462,1.1367,0.85551,0.6799,0.77858,0.95669,0.87989,0.7369,0.61114,0.83721,0.8193,1.0844,0.64905,0.3323,0.87656,0.88474,0.75302,0.75076,0.68705,0.49908,0.82024,0.99736,0.86561,0.90275,0.48138,0.99354
1009,0.36581,0.30578,0.82903,0.67568,0.72206,0.70802,0.39693,0.79291,0.74923,0.33108,0.62164,0.78032,0.47619,0.72237,0.42791,0.35272,0.90796,0.56871,0.35754,0.80256,0.72501,0.63319,0.30755,0.8474,0.63349,1.145,1.1341,0.85356,0.68581,0.7842,0.95652,0.87981,0.73591,0.61158,0.83662,0.81823,1.0839,0.64924,0.33242,0.87683,0.88403,0.7522,0.75023,0.68562,0.49899,0.8198,0.99725,0.86446,0.90226,0.48097,0.99344
1010,0.36706,0.30662,0.82867,0.67571,0.72174,0.70824,0.3967,0.7934,0.7492,0.33121,0.62127,0.78031,0.47627,0.72194,0.42813,0.3521,0.90677,0.56844,0.3572,0.80162,0.72414,0.63259,0.30726,0.84673,0.63261,1.1436,1.1319,0.85145,0.69182,0.78985,0.9564,0.87965,0.73493,0.61207,0.83601,0.8173,1.0835,0.64932,0.33256,0.87701,0.88335,0.7513,0.74964,0.68432,0.49897,0.81919,0.99709,0.86321,0.90182,0.48052,0.99337
1011,0.36857,0.30728,0.82838,0.67534,0.72135,0.70834,0.39641,0.79387,0.74904,0.33128,0.62093,0.78039,0.47636,0.72145,0.42851,0.35149,0.90553,0.56835,0.35711,0.80073,0.72342,0.63173,0.30664,0.84599,0.63168,1.1422,1.1297,0.84916,0.69783,0.79551,0.95622,0.87946,0.73409,0.61252,0.83542,0.81623,1.083,0.64939,0.3327,0.87729,0.8825,0.75029,0.74923,0.68303,0.49889,0.81849,0.99705,0.86199,0.9013,0.48011,0.99317
1012,0.36972,0.30758,0.82818,0.67467,0.72082,0.70843,0.39611,0.79415,0.74901,0.33133,0.62058,0.78037,0.47642,0.72092,0.42898,0.35092,0.90414,0.56814,0.35687,0.7995,0.72306,0.63103,0.30639,0.84532,0.63065,1.1408,1.1275,0.84706,0.7037,0.80109,0.95608,0.87932,0.73326,0.61284,0.835,0.8152,1.0824,0.64935,0.33285,0.87743,0.88169,0.74936,0.74886,0.68178,0.49848,0.81796,0.99676,0.86075,0.90092,0.4797,0.99296
1013,0.37108,0.30808,0.82777,0.6741,0.72048,0.7087,0.39578,0.79459,0.74907,0.33139,0.62039,0.7805,0.47643,0.72035,0.42961,0.35046,0.90269,0.56782,0.35656,0.79866,0.72275,0.63065,0.3059,0.84473,0.62965,1.1396,1.1256,0.84494,0.70959,0.80669,0.95598,0.87927,0.7324,0.61304,0.83437,0.81422,1.0819,0.64923,0.33321,0.8774,0.88085,0.7485,0.74849,0.68062,0.49862,0.81749,0.99659,0.85956,0.90054,0.47927,0.99271
1014,0.3722,0.30844,0.8275,0.67369,0.72011,0.70897,0.39537,0.79503,0.74905,0.33156,0.62027,0.78059,0.47654,0.71974,0.43,0.35015,0.90125,0.56769,0.3564,0.79807,0.72267,0.63019,0.30562,0.84418,0.62868,1.1386,1.1237,0.84292,0.71555,0.81227,0.95581,0.87903,0.73154,0.61326,0.83361,0.81316,1.0814,0.64916,0.33352,0.87756,0.88,0.74777,0.74826,0.67955,0.49911,0.81705,0.99651,0.85842,0.90017,0.47892,0.99244
1015,0.37309,0.30879,0.82765,0.67351,0.71962,0.70924,0.39509,0.79517,0.74915,0.33173,0.62017,0.78049,0.47656,0.71927,0.43007,0.34989,0.89984,0.56761,0.35587,0.79761,0.72242,0.62949,0.3054,0.8438,0.62776,1.1375,1.1218,0.84135,0.72135,0.8177,0.95559,0.87875,0.73073,0.61355,0.83303,0.81217,1.0809,0.64913,0.3336,0.87763,0.87935,0.74707,0.74799,0.67859,0.49924,0.81657,0.99636,0.85732,0.89985,0.47857,0.99231
1016,0.37414,0.30933,0.82783,0.67349,0.71928,0.70962,0.39488,0.79535,0.74917,0.33186,0.6201,0.78056,0.47651,0.71889,0.43015,0.34966,0.89867,0.56755,0.3556,0.79719,0.72214,0.62899,0.30481,0.84364,0.62689,1.1363,1.1201,0.83967,0.72707,0.8231,0.95539,0.87854,0.72994,0.61384,0.83241,0.81129,1.0805,0.64901,0.33371,0.87756,0.87878,0.74643,0.74763,0.67764,0.49929,0.81602,0.99638,0.85625,0.89948,0.47825,0.99222
1017,0.37534,0.30983,0.8274,0.67349,0.71911,0.71,0.3947,0.79561,0.7492,0.33203,0.62003,0.78072,0.47653,0.7186,0.4302,0.34946,0.89753,0.56748,0.35552,0.79684,0.72191,0.62854,0.30433,0.84332,0.62618,1.1351,1.1184,0.838,0.73279,0.82836,0.95519,0.87839,0.72919,0.61418,0.83179,0.81053,1.0802,0.64891,0.33382,0.87756,0.87822,0.74583,0.74729,0.67685,0.49962,0.81548,0.99645,0.85532,0.89923,0.47792,0.99212
1018,0.37647,0.31019,0.82677,0.67332,0.71876,0.71014,0.39458,0.79577,0.74913,0.33219,0.6199,0.78091,0.47648,0.71833,0.43023,0.34916,0.89664,0.5674,0.3557,0.7961,0.72127,0.62833,0.30402,0.8428,0.62559,1.1335,1.1169,0.83671,0.73816,0.83354,0.95501,0.8782,0.72845,0.61454,0.83135,0.80976,1.0799,0.64876,0.33385,0.87772,0.87778,0.74526,0.7471,0.67609,0.49991,0.81487,0.99628,0.85413,0.89891,0.47765,0.99205
1019,0.37734,0.31066,0.82658,0.67319,0.7184,0.71048,0.39443,0.79588,0.74911,0.33232,0.61984,0.78103,0.47652,0.71815,0.43046,0.34902,0.89583,0.5673,0.35593,0.79549,0.72094,0.62795,0.30381,0.84246,0.62496,1.1321,1.1156,0.83549,0.74332,0.8387,0.95481,0.87806,0.72786,0.61492,0.83091,0.80906,1.0794,0.64857,0.33394,0.87787,0.87729,0.7446,0.74693,0.67533,0.50005,0.8144,0.99606,0.85327,0.89863,0.47739,0.99196
1020,0.37822,0.31121,0.82625,0.67308,0.71821,0.71074,0.39422,0.79607,0.74905,0.33246,0.61978,0.78116,0.47656,0.71788,0.43084,0.3489,0.8951,0.56713,0.35641,0.7946,0.72064,0.62787,0.30342,0.84221,0.62434,1.1309,1.1143,0.83424,0.74839,0.84365,0.95462,0.87807,0.72728,0.61529,0.83037,0.8084,1.0789,0.64837,0.33411,0.87793,0.8767,0.744,0.7468,0.67452,0.50033,0.81399,0.99584,0.85256,0.89842,0.47712,0.9918
1021,0.37916,0.31154,0.82589,0.67267,0.71793,0.71106,0.39393,0.7962,0.74899,0.3326,0.61977,0.7812,0.47667,0.71757,0.43099,0.34884,0.8942,0.56666,0.35667,0.79384,0.72068,0.62759,0.30326,0.84189,0.62387,1.1299,1.1133,0.83318,0.75332,0.84836,0.95453,0.87781,0.72665,0.61557,0.8298,0.80781,1.0784,0.64819,0.33421,0.87809,0.87611,0.74342,0.74673,0.67389,0.50068,0.81361,0.99533,0.85173,0.89823,0.47691,0.99157
1022,0.37997,0.31186,0.82593,0.67222,0.71768,0.71126,0.39384,0.79632,0.74912,0.33269,0.61988,0.78135,0.47662,0.7174,0.43115,0.34882,0.89338,0.56613,0.35696,0.7934,0.72096,0.62727,0.30336,0.84152,0.62327,1.129,1.1123,0.83221,0.758,0.85293,0.95442,0.87753,0.72607,0.61594,0.82931,0.80737,1.0779,0.648,0.33434,0.87829,0.8756,0.7428,0.74674,0.67333,0.50099,0.81322,0.9948,0.8511,0.89805,0.47675,0.99136
1023,0.38083,0.31211,0.82588,0.67197,0.71767,0.7115,0.3938,0.79636,0.74927,0.33279,0.62005,0.78144,0.47658,0.71721,0.43131,0.34877,0.89274,0.56581,0.35731,0.7929,0.72113,0.62681,0.30319,0.84135,0.62275,1.1284,1.1113,0.83094,0.76247,0.85735,0.95426,0.87738,0.7256,0.6162,0.82878,0.80697,1.0774,0.64781,0.33453,0.87823,0.87514,0.74235,0.74663,0.67267,0.50129,0.81278,0.99458,0.85041,0.89788,0.47659,0.99123
1024,0.38183,0.31225,0.82563,0.67158,0.71743,0.71178,0.39375,0.79633,0.74916,0.33289,0.62026,0.78149,0.47662,0.71701,0.43136,0.34885,0.89205,0.56544,0.35719,0.79239,0.72118,0.62622,0.30309,0.84122,0.62216,1.1278,1.1106,0.82956,0.76679,0.86149,0.95423,0.87719,0.72506,0.61632,0.82828,0.80659,1.077,0.64762,0.33467,0.87815,0.87474,0.74193,0.74646,0.67219,0.50155,0.8123,0.99438,0.8496,0.89768,0.47647,0.99113
1025,0.38271,0.31244,0.82546,0.6713,0.71722,0.71185,0.39366,0.79632,0.7491,0.33302,0.62042,0.78165,0.4766,0.71694,0.43156,0.34894,0.89152,0.56516,0.35752,0.79218,0.72147,0.62599,0.30286,0.84103,0.6216,1.1271,1.1099,0.82856,0.7708,0.86544,0.95408,0.87708,0.72461,0.61655,0.82789,0.80626,1.0766,0.64753,0.33487,0.87816,0.87449,0.74143,0.74637,0.67186,0.50211,0.81189,0.99417,0.84904,0.8975,0.47635,0.99107
1026,0.38354,0.31253,0.8253,0.67114,0.71726,0.71209,0.39356,0.79616,0.74914,0.33318,0.62038,0.7818,0.4767,0.71695,0.43155,0.34909,0.89117,0.56513,0.35766,0.79162,0.72148,0.62575,0.30219,0.84106,0.62135,1.1264,1.109,0.82797,0.77451,0.86922,0.95381,0.87691,0.72434,0.61674,0.82751,0.80583,1.0762,0.64744,0.33501,0.87816,0.87428,0.74101,0.74631,0.67156,0.50268,0.81143,0.99389,0.84853,0.89738,0.47621,0.99096
1027,0.38448,0.31248,0.82531,0.67067,0.71713,0.71242,0.39364,0.79603,0.74901,0.33325,0.62035,0.78199,0.47676,0.71708,0.43143,0.34938,0.89071,0.56505,0.35773,0.79088,0.72157,0.62555,0.30185,0.84124,0.62107,1.1255,1.1086,0.82744,0.77785,0.87263,0.95367,0.87678,0.724,0.61693,0.82707,0.80546,1.0757,0.64722,0.33498,0.87828,0.87402,0.74071,0.74631,0.67137,0.5033,0.81098,0.9936,0.84793,0.89738,0.47616,0.99083
1028,0.38528,0.3125,0.82533,0.67021,0.71708,0.71281,0.39364,0.79586,0.74899,0.33323,0.62054,0.78225,0.47677,0.71721,0.4315,0.34964,0.89029,0.56473,0.35851,0.79062,0.72207,0.6257,0.3017,0.84134,0.6208,1.1246,1.1082,0.82721,0.78092,0.87573,0.95358,0.87665,0.72368,0.61725,0.82675,0.80516,1.0752,0.64694,0.33503,0.87837,0.8738,0.74046,0.7464,0.67129,0.50408,0.81062,0.99337,0.84728,0.89742,0.47613,0.99078
1029,0.38591,0.31238,0.82516,0.66987,0.71739,0.71337,0.39363,0.79558,0.74911,0.33321,0.62077,0.78248,0.47675,0.71732,0.43143,0.34987,0.88999,0.56432,0.35887,0.7902,0.72196,0.62558,0.30138,0.84153,0.62059,1.1239,1.1078,0.82687,0.78361,0.8786,0.95346,0.87642,0.72344,0.6174,0.8264,0.80481,1.0749,0.64663,0.33511,0.8784,0.87363,0.74023,0.74651,0.67117,0.50488,0.81021,0.99315,0.84678,0.89743,0.47607,0.99078
1030,0.38675,0.31223,0.82476,0.66959,0.7176,0.71379,0.39376,0.79542,0.74902,0.33322,0.62101,0.78259,0.47666,0.71749,0.43139,0.35033,0.88979,0.56395,0.35932,0.78973,0.72204,0.62557,0.30137,0.84172,0.62028,1.1234,1.1077,0.82619,0.7859,0.88114,0.9533,0.87641,0.72322,0.6175,0.82597,0.80462,1.0744,0.64639,0.33518,0.87838,0.87352,0.74004,0.74664,0.67106,0.50599,0.8099,0.99297,0.84653,0.8975,0.47606,0.99086
1031,0.38748,0.31224,0.82443,0.66932,0.71769,0.71412,0.3938,0.79517,0.74894,0.33315,0.62129,0.78267,0.47668,0.71779,0.43144,0.35089,0.88948,0.56349,0.36011,0.78952,0.72262,0.62564,0.30115,0.84182,0.62,1.123,1.1075,0.8257,0.7881,0.88339,0.95322,0.87637,0.72308,0.61774,0.82561,0.80459,1.0739,0.64624,0.33531,0.87833,0.87339,0.73985,0.74679,0.67108,0.50711,0.80955,0.99267,0.84623,0.8976,0.47608,0.99089
1032,0.38784,0.31213,0.82417,0.66888,0.71794,0.71445,0.39386,0.7947,0.74894,0.33314,0.62149,0.78282,0.47667,0.71815,0.43131,0.35139,0.88913,0.56311,0.36068,0.789,0.72311,0.62532,0.30103,0.84202,0.61978,1.1226,1.1075,0.82568,0.78997,0.88535,0.95316,0.87617,0.72296,0.61793,0.8252,0.80447,1.0735,0.64599,0.33537,0.8783,0.87331,0.73957,0.7469,0.6711,0.50808,0.80908,0.99238,0.84599,0.89766,0.47612,0.9908
1033,0.38855,0.31206,0.82397,0.66852,0.71817,0.71491,0.39408,0.79433,0.74881,0.33322,0.62176,0.783,0.47669,0.71852,0.4311,0.35209,0.8891,0.56307,0.3614,0.78846,0.72398,0.62507,0.30123,0.84235,0.61964,1.1224,1.1077,0.826,0.79142,0.88703,0.95305,0.87602,0.72289,0.61812,0.82483,0.80442,1.0731,0.64574,0.33537,0.87824,0.87337,0.73935,0.74703,0.67122,0.50947,0.80875,0.99198,0.8459,0.89789,0.47621,0.99068
1034,0.38922,0.31197,0.82405,0.66809,0.71834,0.71522,0.39424,0.79389,0.74869,0.33328,0.62202,0.7833,0.47674,0.71891,0.43093,0.35276,0.88923,0.56294,0.36197,0.78801,0.72477,0.62504,0.30118,0.84272,0.61957,1.1221,1.1081,0.82616,0.79242,0.88851,0.95296,0.87591,0.72281,0.61832,0.82449,0.80443,1.0728,0.64546,0.33542,0.87816,0.87342,0.73921,0.74728,0.6713,0.51084,0.80847,0.99168,0.84591,0.89815,0.47632,0.99058
1035,0.3899,0.31199,0.82442,0.66741,0.71852,0.71555,0.39442,0.79347,0.74857,0.33325,0.6223,0.78359,0.47687,0.71933,0.43074,0.35338,0.88942,0.56273,0.36259,0.78767,0.72562,0.62503,0.30093,0.84319,0.61952,1.1219,1.1086,0.82653,0.7931,0.88967,0.95301,0.87576,0.72276,0.61863,0.8242,0.80445,1.0726,0.64509,0.33551,0.87811,0.87345,0.73912,0.74757,0.6715,0.51208,0.8082,0.99136,0.84569,0.8985,0.47644,0.99047
1036,0.3902,0.31186,0.82483,0.6668,0.7189,0.71586,0.39461,0.79291,0.7484,0.33336,0.62252,0.7839,0.47686,0.71964,0.4306,0.3539,0.88975,0.56219,0.36309,0.7873,0.72595,0.62512,0.30054,0.84376,0.6195,1.1218,1.1094,0.82723,0.79342,0.89051,0.95302,0.87564,0.72277,0.61869,0.82385,0.80442,1.0724,0.64464,0.33559,0.87794,0.87353,0.7391,0.74787,0.67181,0.51344,0.80795,0.99123,0.84562,0.89877,0.47658,0.99053
1037,0.39067,0.31168,0.82498,0.66668,0.71924,0.71633,0.3948,0.79247,0.74828,0.3335,0.62283,0.78423,0.47691,0.72004,0.43048,0.35465,0.89024,0.56193,0.36361,0.78712,0.72657,0.62559,0.3001,0.84425,0.6196,1.1216,1.1102,0.82759,0.79335,0.89103,0.95291,0.87568,0.72293,0.61866,0.82357,0.80456,1.0722,0.64443,0.3357,0.87772,0.87374,0.73922,0.74826,0.67228,0.51531,0.8078,0.99095,0.84583,0.89911,0.47674,0.99055
1038,0.39103,0.31147,0.82512,0.66629,0.71944,0.71663,0.39499,0.79211,0.74837,0.33352,0.62309,0.78448,0.47697,0.7206,0.43032,0.35545,0.8905,0.56152,0.36417,0.78696,0.72734,0.6261,0.29939,0.84458,0.61978,1.1217,1.1108,0.82775,0.79302,0.89119,0.95289,0.87574,0.72311,0.61873,0.82325,0.80481,1.0719,0.64426,0.33588,0.87759,0.87392,0.73934,0.74865,0.67284,0.51716,0.80759,0.99071,0.84587,0.89937,0.47693,0.99052
1039,0.39141,0.31117,0.82536,0.66591,0.71982,0.71691,0.39518,0.79154,0.74842,0.33361,0.62352,0.78477,0.47698,0.72121,0.43032,0.35631,0.89085,0.56105,0.3651,0.78662,0.7282,0.62632,0.29873,0.84505,0.61998,1.1218,1.1117,0.82851,0.79252,0.89106,0.95293,0.87569,0.72331,0.61886,0.82292,0.80531,1.0717,0.64401,0.336,0.8775,0.8741,0.7395,0.7489,0.67348,0.51895,0.80735,0.9906,0.84612,0.89964,0.47721,0.99059
1040,0.39233,0.31088,0.82545,0.66559,0.72028,0.71748,0.39542,0.79102,0.74851,0.33361,0.62418,0.78506,0.47703,0.72186,0.4302,0.35732,0.89145,0.56099,0.3663,0.78645,0.72912,0.62651,0.29854,0.84557,0.62019,1.1218,1.1127,0.82923,0.7916,0.89066,0.95289,0.87564,0.72358,0.61918,0.82285,0.80575,1.0716,0.64393,0.33613,0.87746,0.87441,0.73963,0.74927,0.67408,0.52087,0.80719,0.99035,0.84658,0.90003,0.47746,0.99059
1041,0.39351,0.31062,0.82524,0.66513,0.72071,0.71789,0.39567,0.79054,0.74876,0.33361,0.62465,0.78534,0.47703,0.72246,0.42994,0.35838,0.89202,0.56068,0.36753,0.78621,0.72962,0.62668,0.29845,0.84605,0.62041,1.1222,1.1136,0.82991,0.79024,0.88998,0.95286,0.87546,0.72386,0.61956,0.82277,0.80607,1.0714,0.64368,0.33629,0.87742,0.87466,0.73975,0.74972,0.67461,0.52279,0.80711,0.99003,0.84677,0.90042,0.47768,0.99062
1042,0.39438,0.31034,0.82521,0.66494,0.72139,0.71839,0.3959,0.79004,0.74886,0.33376,0.62516,0.78581,0.47714,0.72301,0.42976,0.35944,0.89273,0.56025,0.36897,0.78593,0.73062,0.62692,0.29821,0.84668,0.62069,1.1225,1.1149,0.83103,0.78866,0.88898,0.9529,0.8753,0.72419,0.61992,0.82272,0.80666,1.0712,0.64336,0.3364,0.87735,0.8749,0.73994,0.75017,0.67525,0.52446,0.80698,0.98997,0.84711,0.90099,0.47797,0.99082
1043,0.39483,0.31005,0.82534,0.66471,0.72219,0.71909,0.39623,0.78957,0.74898,0.33384,0.6258,0.78626,0.47733,0.72374,0.42953,0.36051,0.89361,0.55999,0.3702,0.78575,0.73183,0.62735,0.29812,0.84735,0.62088,1.1226,1.1162,0.83232,0.78675,0.88774,0.95298,0.87536,0.72461,0.6202,0.8228,0.80711,1.0711,0.64317,0.33652,0.8772,0.87525,0.74015,0.75073,0.676,0.52638,0.80682,0.98993,0.84743,0.90154,0.47825,0.99093
1044,0.39523,0.30964,0.82495,0.66465,0.72296,0.71966,0.39652,0.78904,0.74914,0.33392,0.62628,0.78672,0.47745,0.72453,0.42931,0.36163,0.89452,0.55977,0.37113,0.78551,0.73294,0.62763,0.29808,0.84798,0.62108,1.123,1.1173,0.83337,0.78449,0.88623,0.9531,0.87529,0.72503,0.62042,0.8227,0.8075,1.0709,0.64284,0.33663,0.87703,0.87568,0.74055,0.7513,0.67683,0.52854,0.80672,0.98983,0.8476,0.90197,0.47852,0.99097
1045,0.39562,0.30936,0.82487,0.66465,0.72363,0.72034,0.39684,0.78851,0.7491,0.33403,0.62679,0.7872,0.47759,0.72526,0.42914,0.36279,0.89535,0.55964,0.37221,0.78538,0.73454,0.6278,0.29756,0.84875,0.62141,1.1234,1.1186,0.83447,0.78203,0.88446,0.95334,0.87522,0.72544,0.6207,0.82263,0.80816,1.0708,0.64247,0.33679,0.87699,0.87625,0.74097,0.75184,0.67771,0.53059,0.80655,0.98985,0.8481,0.90253,0.47885,0.99102
1046,0.3959,0.30927,0.82521,0.66434,0.72419,0.72101,0.3973,0.78796,0.74912,0.33402,0.62738,0.78752,0.47772,0.72601,0.42891,0.36404,0.89624,0.55943,0.37324,0.78533,0.73578,0.62798,0.29691,0.84963,0.62174,1.1239,1.12,0.83558,0.77929,0.88243,0.95361,0.87517,0.72582,0.62095,0.82261,0.80871,1.071,0.64212,0.33694,0.87696,0.87678,0.74123,0.75226,0.67853,0.53246,0.80646,0.98972,0.84864,0.90314,0.47919,0.99107
1047,0.39659,0.30909,0.82521,0.66415,0.7248,0.72161,0.39779,0.78743,0.7493,0.33405,0.62789,0.78792,0.47779,0.72679,0.42864,0.36536,0.89714,0.55917,0.37466,0.78557,0.73666,0.62833,0.29689,0.85054,0.62214,1.1246,1.1214,0.83656,0.77625,0.88016,0.95386,0.8751,0.72619,0.62115,0.82258,0.80915,1.071,0.64174,0.3371,0.8769,0.87718,0.74159,0.75273,0.6794,0.53437,0.8066,0.98936,0.8492,0.90377,0.47951,0.99112
1048,0.39747,0.30889,0.82561,0.66388,0.72537,0.72242,0.39828,0.7869,0.74946,0.33413,0.6284,0.7884,0.4779,0.72756,0.42835,0.36672,0.89796,0.55907,0.37638,0.78593,0.73782,0.6288,0.29684,0.8514,0.62264,1.1253,1.1231,0.83787,0.7731,0.87761,0.95407,0.87511,0.72666,0.6214,0.82269,0.80978,1.0711,0.64142,0.3373,0.87689,0.87764,0.74192,0.7533,0.68038,0.53644,0.80663,0.98905,0.84994,0.90449,0.47983,0.99123
1049,0.39796,0.30851,0.82606,0.66353,0.72612,0.72325,0.39878,0.7864,0.74959,0.33414,0.62914,0.78883,0.47797,0.72839,0.42813,0.3681,0.89897,0.55906,0.3779,0.78607,0.73906,0.62935,0.29658,0.85217,0.62318,1.1262,1.1247,0.83904,0.76967,0.87487,0.9543,0.87506,0.72721,0.62169,0.82287,0.81054,1.0712,0.6411,0.33741,0.8768,0.87824,0.74224,0.75397,0.68142,0.53883,0.80665,0.9888,0.85062,0.90526,0.48017,0.99135
1050,0.39829,0.3081,0.8263,0.66327,0.72681,0.72389,0.39923,0.78596,0.74968,0.33419,0.6299,0.78931,0.47812,0.72925,0.42789,0.36951,0.90003,0.55893,0.3794,0.78626,0.74044,0.6299,0.29646,0.85301,0.62371,1.127,1.1265,0.84036,0.76597,0.87194,0.95457,0.87503,0.7278,0.62192,0.82303,0.8112,1.0713,0.64078,0.33759,0.87669,0.87882,0.74272,0.75467,0.68249,0.54126,0.80665,0.98859,0.85109,0.90592,0.48054,0.99151
1051,0.39873,0.30754,0.82649,0.66314,0.72767,0.72453,0.39973,0.78553,0.74983,0.33428,0.63077,0.78989,0.47822,0.73029,0.42786,0.3709,0.90123,0.5588,0.38117,0.78647,0.74198,0.6307,0.29668,0.85382,0.62432,1.1279,1.1285,0.84184,0.76217,0.86884,0.9549,0.87507,0.72852,0.62222,0.82325,0.81196,1.0711,0.64049,0.33779,0.8766,0.87956,0.74348,0.75554,0.68368,0.54413,0.80676,0.9884,0.85163,0.90657,0.48093,0.99165
1052,0.39908,0.30713,0.82687,0.66304,0.72838,0.72515,0.40019,0.78499,0.75001,0.33438,0.63156,0.79036,0.47839,0.7312,0.4278,0.3723,0.90231,0.55875,0.38275,0.78645,0.74353,0.63134,0.29648,0.85467,0.6249,1.1288,1.1304,0.84345,0.75809,0.86559,0.95516,0.8751,0.72934,0.62255,0.82354,0.81282,1.0712,0.64023,0.33805,0.87667,0.88039,0.74426,0.75637,0.68484,0.54695,0.80668,0.98846,0.8522,0.90727,0.48131,0.99182
1053,0.39912,0.30685,0.8269,0.66305,0.72917,0.7257,0.40057,0.78453,0.75018,0.33443,0.63237,0.79071,0.47851,0.73197,0.42761,0.37372,0.90328,0.55862,0.38403,0.78661,0.74504,0.63193,0.29599,0.8556,0.62547,1.1297,1.1322,0.84493,0.75388,0.86213,0.95555,0.87502,0.73007,0.62288,0.82385,0.81362,1.0712,0.63991,0.33827,0.87666,0.88111,0.74499,0.75713,0.68605,0.54924,0.80667,0.98858,0.85288,0.90806,0.48173,0.99205
1054,0.39943,0.30672,0.82717,0.66326,0.72996,0.7263,0.40106,0.784,0.75036,0.33462,0.63317,0.79129,0.47863,0.73288,0.42745,0.37516,0.90446,0.55844,0.38563,0.78732,0.74673,0.63269,0.29597,0.85662,0.62606,1.1306,1.1341,0.84705,0.7497,0.85859,0.95597,0.87511,0.73081,0.62319,0.82409,0.81432,1.0713,0.63956,0.33856,0.87669,0.88172,0.74581,0.75775,0.68729,0.55142,0.80682,0.98865,0.85369,0.9088,0.48218,0.99224
1055,0.40001,0.30655,0.82739,0.66347,0.7309,0.72705,0.4016,0.78336,0.75045,0.33481,0.63394,0.79181,0.47881,0.73367,0.42709,0.37662,0.90568,0.55852,0.38716,0.78799,0.74822,0.63315,0.29569,0.85761,0.62664,1.1312,1.136,0.84907,0.74537,0.85499,0.95617,0.87526,0.73152,0.62345,0.82435,0.81503,1.0714,0.63927,0.33878,0.87679,0.88237,0.74643,0.7583,0.68855,0.55347,0.80694,0.98868,0.85458,0.9095,0.48263,0.99237
1056,0.40037,0.30629,0.82739,0.6636,0.7321,0.72791,0.40205,0.7829,0.75059,0.33496,0.6348,0.79234,0.47897,0.73447,0.42679,0.37802,0.90679,0.55844,0.38846,0.78867,0.74961,0.6337,0.29512,0.85854,0.62726,1.1321,1.1379,0.85094,0.74097,0.85133,0.95646,0.87525,0.73217,0.62377,0.82466,0.81585,1.0715,0.63895,0.33896,0.87688,0.8831,0.74708,0.75901,0.68985,0.55547,0.80711,0.9885,0.85558,0.91023,0.48309,0.99258
1057,0.40068,0.30598,0.82775,0.66373,0.73313,0.72872,0.4026,0.78244,0.75079,0.33519,0.63573,0.79306,0.47915,0.73548,0.4265,0.37949,0.90812,0.55846,0.3898,0.78942,0.75114,0.63458,0.29471,0.85939,0.62796,1.1331,1.1402,0.85313,0.73655,0.84764,0.95684,0.87539,0.73297,0.62409,0.82495,0.81672,1.0717,0.63858,0.33916,0.87708,0.88386,0.74781,0.75971,0.69108,0.558,0.80729,0.98832,0.85654,0.91093,0.48352,0.99272
1058,0.40128,0.3056,0.82805,0.66375,0.73411,0.72936,0.40321,0.78196,0.75096,0.33539,0.6366,0.79359,0.47941,0.73636,0.42614,0.38101,0.90926,0.55858,0.39092,0.78972,0.75238,0.63515,0.29433,0.86021,0.62867,1.134,1.1422,0.85486,0.73201,0.84389,0.95713,0.87556,0.73378,0.62433,0.82526,0.81767,1.0718,0.63826,0.33932,0.87728,0.88457,0.74836,0.76044,0.69228,0.56044,0.80744,0.98827,0.85748,0.91163,0.48391,0.99282
1059,0.40187,0.30532,0.82856,0.6639,0.73522,0.73011,0.40373,0.78166,0.75137,0.33558,0.63753,0.79408,0.47975,0.73729,0.42597,0.38254,0.91026,0.55851,0.39249,0.79025,0.75355,0.63579,0.29422,0.8611,0.62941,1.1351,1.1442,0.85666,0.72745,0.84011,0.9575,0.87565,0.73461,0.62466,0.82558,0.81876,1.072,0.63801,0.33944,0.8774,0.8853,0.74905,0.76132,0.69354,0.56278,0.80768,0.98827,0.85845,0.91246,0.48441,0.99315
1060,0.40235,0.30506,0.8291,0.66413,0.73601,0.73084,0.4042,0.78137,0.75166,0.33576,0.63846,0.79461,0.48004,0.73826,0.42573,0.38401,0.91143,0.55854,0.39438,0.79099,0.75496,0.63654,0.29422,0.86197,0.63005,1.1363,1.1462,0.85881,0.72293,0.83632,0.95791,0.87584,0.73547,0.62495,0.82588,0.8198,1.0723,0.63766,0.33957,0.87742,0.88606,0.74988,0.76212,0.69474,0.56516,0.80781,0.98821,0.85943,0.91331,0.48489,0.99335
1061,0.40268,0.30483,0.82953,0.66428,0.73673,0.73141,0.40473,0.78093,0.75172,0.3359,0.63931,0.79511,0.48025,0.73914,0.42555,0.38547,0.91247,0.55853,0.39587,0.79145,0.75632,0.63717,0.29414,0.86288,0.6307,1.1373,1.1481,0.86053,0.71839,0.83253,0.95816,0.87594,0.73627,0.62518,0.82617,0.82085,1.0725,0.63736,0.33973,0.87743,0.8868,0.75058,0.76282,0.69597,0.56732,0.80793,0.98819,0.86034,0.91414,0.48533,0.99348
1062,0.40288,0.30461,0.83009,0.66465,0.73766,0.73216,0.40527,0.78054,0.75196,0.33614,0.64024,0.79575,0.48051,0.74007,0.42553,0.38701,0.91365,0.5586,0.39765,0.79216,0.75758,0.63782,0.29402,0.86377,0.63135,1.1384,1.1503,0.86228,0.71383,0.82868,0.95834,0.8761,0.73719,0.62555,0.82652,0.8219,1.0728,0.63719,0.33993,0.87764,0.88767,0.75133,0.76356,0.69729,0.56971,0.80809,0.98824,0.86126,0.91507,0.48587,0.99368
1063,0.40299,0.3045,0.83041,0.66503,0.73837,0.7328,0.40578,0.7801,0.75208,0.33644,0.64102,0.79631,0.4807,0.74097,0.4254,0.38846,0.91492,0.55863,0.39944,0.79286,0.75902,0.63856,0.29358,0.86458,0.63194,1.1395,1.1524,0.86409,0.70927,0.8249,0.95858,0.87631,0.73806,0.62582,0.82698,0.82279,1.0729,0.637,0.34011,0.87786,0.88851,0.7522,0.76429,0.69857,0.57207,0.8082,0.98821,0.86238,0.91589,0.48629,0.99373
1064,0.40318,0.30452,0.83115,0.66556,0.73922,0.73349,0.4064,0.77967,0.75228,0.33669,0.64185,0.79691,0.48087,0.74183,0.42536,0.38999,0.91622,0.55866,0.40078,0.79372,0.76052,0.63936,0.29315,0.8653,0.63274,1.1406,1.1544,0.86585,0.70479,0.82119,0.95894,0.87644,0.73887,0.62614,0.8275,0.82371,1.0732,0.63684,0.34036,0.87815,0.88933,0.753,0.76496,0.69986,0.57424,0.80841,0.98843,0.86349,0.91667,0.48667,0.99384
1065,0.40337,0.30433,0.83177,0.66602,0.74016,0.73398,0.40698,0.77918,0.75245,0.33692,0.64271,0.79747,0.48105,0.74255,0.42521,0.39145,0.9173,0.55879,0.40198,0.79437,0.76178,0.64004,0.29283,0.86608,0.63345,1.1416,1.1564,0.86759,0.70039,0.81735,0.95918,0.87659,0.73969,0.62646,0.82784,0.8246,1.0734,0.63663,0.34054,0.87829,0.89013,0.75371,0.76562,0.70107,0.57623,0.80858,0.98848,0.86433,0.91732,0.48706,0.99392
1066,0.40387,0.30424,0.83195,0.66654,0.74121,0.73464,0.40757,0.77882,0.75268,0.33718,0.64353,0.79806,0.48131,0.74326,0.42516,0.39289,0.91858,0.559,0.40358,0.79541,0.76325,0.6407,0.29283,0.86693,0.6342,1.1427,1.1584,0.86951,0.69605,0.81361,0.95962,0.8769,0.74051,0.62679,0.82825,0.82551,1.0736,0.63647,0.34069,0.87858,0.89092,0.75455,0.7664,0.70225,0.57815,0.80886,0.98834,0.86533,0.9179,0.48751,0.99408
1067,0.40396,0.30408,0.83218,0.66697,0.742,0.73523,0.40808,0.77848,0.7528,0.33737,0.64442,0.79855,0.48153,0.74394,0.42498,0.3942,0.91967,0.55902,0.40501,0.79623,0.76448,0.64129,0.29276,0.86766,0.63492,1.1437,1.1603,0.87134,0.69176,0.80991,0.95998,0.87707,0.74122,0.62708,0.82852,0.82633,1.0737,0.63623,0.34083,0.87882,0.89173,0.75529,0.76706,0.70334,0.57987,0.80907,0.98818,0.86633,0.91849,0.48789,0.99428
1068,0.40391,0.30382,0.83263,0.66742,0.74293,0.73589,0.4086,0.77821,0.75295,0.33752,0.6454,0.79912,0.48174,0.7446,0.4248,0.39548,0.92064,0.55918,0.40619,0.79734,0.76583,0.64193,0.29281,0.86835,0.63572,1.1447,1.1622,0.87313,0.68766,0.80622,0.96038,0.87724,0.742,0.62746,0.82881,0.8272,1.074,0.636,0.34101,0.8791,0.89262,0.756,0.76771,0.70444,0.58172,0.8093,0.98828,0.86724,0.91918,0.48825,0.99456
1069,0.40356,0.30338,0.83285,0.66772,0.74377,0.73641,0.40906,0.77789,0.75307,0.33768,0.64626,0.79961,0.48202,0.74522,0.42465,0.39668,0.92161,0.55955,0.40753,0.79823,0.76691,0.64244,0.29288,0.86904,0.63635,1.1456,1.1641,0.87473,0.68355,0.8026,0.96078,0.87751,0.74274,0.62783,0.82902,0.8281,1.0743,0.63582,0.34113,0.87934,0.89343,0.75667,0.76836,0.70553,0.58342,0.80947,0.98836,0.86807,0.91994,0.48862,0.99484
1070,0.40335,0.3033,0.83306,0.66786,0.7445,0.73665,0.40948,0.77749,0.75306,0.33791,0.64692,0.79994,0.4823,0.74576,0.42453,0.39772,0.92251,0.5598,0.40883,0.79887,0.76796,0.6429,0.29306,0.86958,0.63698,1.1465,1.1659,0.87613,0.67944,0.79907,0.9611,0.87767,0.74343,0.62812,0.82931,0.82894,1.0744,0.63566,0.34123,0.87957,0.89419,0.7574,0.76897,0.70651,0.58486,0.80973,0.98848,0.86897,0.92068,0.48896,0.9951
1071,0.4031,0.30324,0.83395,0.66828,0.74532,0.73707,0.40996,0.77716,0.75328,0.33813,0.64767,0.80039,0.48253,0.74629,0.42454,0.39885,0.92348,0.5602,0.4102,0.79973,0.76902,0.64351,0.2933,0.87001,0.63778,1.1475,1.1677,0.87781,0.67544,0.79565,0.96138,0.8779,0.74417,0.62848,0.8297,0.82981,1.0748,0.63556,0.34139,0.87986,0.89504,0.75804,0.7696,0.70753,0.5863,0.81,0.9888,0.86991,0.92152,0.48927,0.9953
1072,0.40281,0.30307,0.83459,0.66866,0.7461,0.73748,0.41034,0.77678,0.75358,0.33827,0.64832,0.8007,0.48268,0.74678,0.42452,0.39996,0.9243,0.56054,0.41131,0.80046,0.76984,0.64409,0.29317,0.87058,0.63848,1.1484,1.1693,0.87941,0.6715,0.79222,0.9616,0.87805,0.74484,0.62879,0.83005,0.83068,1.0751,0.63548,0.34155,0.88012,0.89569,0.75861,0.7702,0.70857,0.58735,0.81023,0.98881,0.8707,0.92225,0.4896,0.99543
1073,0.40308,0.3032,0.83501,0.66902,0.74691,0.73785,0.41073,0.77654,0.75384,0.33845,0.64895,0.80107,0.48288,0.74731,0.42453,0.40098,0.92509,0.56072,0.41224,0.8012,0.77091,0.64462,0.29309,0.87116,0.63913,1.1494,1.1707,0.88103,0.66762,0.78878,0.96177,0.87821,0.74553,0.62906,0.83041,0.83154,1.0753,0.63542,0.3417,0.88043,0.89621,0.75926,0.77086,0.70948,0.58885,0.81045,0.9887,0.87151,0.92283,0.48996,0.9955
1074,0.40323,0.30313,0.83566,0.66975,0.74771,0.73828,0.41117,0.77653,0.75411,0.33868,0.64956,0.80162,0.48308,0.74786,0.42448,0.40201,0.926,0.56094,0.4132,0.80225,0.77206,0.6452,0.29297,0.8716,0.6398,1.1506,1.1722,0.88257,0.66381,0.78539,0.96202,0.87843,0.74626,0.62936,0.83075,0.83228,1.0756,0.6354,0.34187,0.88076,0.89679,0.75991,0.77156,0.71045,0.59051,0.81055,0.98858,0.87247,0.92333,0.49027,0.99564
1075,0.40302,0.30287,0.836,0.67034,0.7485,0.73857,0.41145,0.77649,0.7545,0.33884,0.65008,0.80202,0.48325,0.74836,0.42441,0.40294,0.9267,0.56108,0.41397,0.80323,0.77298,0.64574,0.29257,0.87197,0.64035,1.1514,1.1736,0.88391,0.66012,0.78198,0.96243,0.87853,0.74687,0.62962,0.831,0.83293,1.0758,0.63541,0.34198,0.88104,0.8974,0.76048,0.7721,0.71143,0.59201,0.81071,0.9885,0.87342,0.92384,0.49057,0.99579
1076,0.40309,0.3028,0.83645,0.67083,0.74934,0.73881,0.41179,0.77646,0.75489,0.33896,0.65063,0.80244,0.48353,0.74892,0.42445,0.40377,0.92741,0.56106,0.4152,0.80414,0.77428,0.64632,0.29266,0.87229,0.64094,1.1525,1.1747,0.88536,0.65639,0.77863,0.96287,0.87873,0.74747,0.6299,0.83115,0.83366,1.076,0.63543,0.34198,0.88127,0.898,0.76109,0.77268,0.71228,0.59336,0.81086,0.98874,0.87441,0.92438,0.49085,0.99593
1077,0.40283,0.30275,0.83702,0.67149,0.75019,0.73895,0.41213,0.77639,0.75503,0.33911,0.65106,0.80286,0.48378,0.74933,0.42438,0.40451,0.9281,0.56109,0.41627,0.8049,0.77534,0.6469,0.29268,0.87249,0.64157,1.1535,1.176,0.88676,0.65263,0.77534,0.96322,0.879,0.74811,0.63021,0.83134,0.83423,1.0762,0.6354,0.34194,0.88148,0.89854,0.7617,0.77312,0.71314,0.59428,0.81101,0.989,0.87531,0.92475,0.49108,0.99611
1078,0.40227,0.30266,0.83716,0.67192,0.75103,0.73908,0.41233,0.77613,0.75522,0.33922,0.65151,0.80309,0.48388,0.74961,0.42433,0.40518,0.92843,0.56115,0.4168,0.80567,0.77587,0.64735,0.29245,0.87276,0.64211,1.1543,1.1769,0.88805,0.64878,0.772,0.9634,0.87921,0.74869,0.6305,0.83151,0.83481,1.0763,0.63542,0.34189,0.88177,0.89905,0.76223,0.77344,0.71389,0.59488,0.81127,0.98913,0.87615,0.92512,0.4913,0.99624
1079,0.40221,0.30266,0.83722,0.67248,0.75177,0.73919,0.41252,0.77596,0.75532,0.33925,0.65204,0.80333,0.48401,0.74998,0.42446,0.40583,0.92888,0.56116,0.41727,0.80651,0.77657,0.64782,0.29239,0.87311,0.64263,1.1551,1.1778,0.88923,0.64494,0.76874,0.96353,0.8794,0.74925,0.63082,0.83159,0.83544,1.0765,0.63551,0.34183,0.88214,0.89951,0.76273,0.77387,0.71448,0.5954,0.81146,0.98937,0.87696,0.92559,0.49146,0.99637
1080,0.40203,0.30256,0.83768,0.67308,0.7523,0.73925,0.41267,0.77586,0.75537,0.3393,0.65248,0.80369,0.48418,0.75038,0.42446,0.40635,0.92946,0.56132,0.41748,0.80702,0.77712,0.6481,0.29226,0.87337,0.64319,1.1558,1.1788,0.89016,0.64102,0.76537,0.96368,0.87953,0.74976,0.63106,0.83168,0.83604,1.0767,0.63556,0.34175,0.88246,0.89992,0.76316,0.7743,0.71501,0.5959,0.81168,0.98962,0.87767,0.92594,0.4916,0.99651
1081,0.40175,0.30234,0.83818,0.67368,0.75273,0.73919,0.41278,0.77581,0.75537,0.3394,0.65282,0.80399,0.48438,0.75061,0.42452,0.40686,0.92997,0.56174,0.41745,0.8075,0.77737,0.64841,0.29207,0.87358,0.64367,1.1564,1.1801,0.89117,0.63713,0.76198,0.96379,0.87967,0.75022,0.63124,0.83179,0.83663,1.0769,0.63564,0.34174,0.88278,0.90037,0.7636,0.77458,0.7156,0.5963,0.81192,0.9895,0.87834,0.92622,0.49171,0.99669
1082,0.40145,0.30221,0.83842,0.6742,0.75317,0.73916,0.41285,0.77573,0.75557,0.33945,0.65314,0.80425,0.48453,0.7508,0.42463,0.40726,0.93042,0.56194,0.41782,0.80812,0.77774,0.64878,0.29216,0.87378,0.64408,1.157,1.1811,0.89222,0.63323,0.75855,0.96397,0.87972,0.75064,0.63144,0.83187,0.83711,1.0771,0.63571,0.34169,0.88302,0.90069,0.76398,0.77483,0.71611,0.59671,0.81208,0.98946,0.87909,0.92661,0.49178,0.9968
1083,0.40123,0.30217,0.83922,0.67485,0.75348,0.73922,0.41292,0.77573,0.75588,0.33948,0.65348,0.80462,0.48472,0.75109,0.42474,0.40765,0.93093,0.56209,0.41806,0.80884,0.77829,0.64909,0.29215,0.87399,0.64449,1.1576,1.1821,0.8931,0.62922,0.75502,0.96427,0.87982,0.7511,0.63163,0.83187,0.83761,1.0774,0.63575,0.34164,0.88311,0.90097,0.76438,0.77514,0.71666,0.59726,0.81218,0.98959,0.87981,0.92702,0.49185,0.99689
1084,0.4009,0.30215,0.83956,0.67543,0.75399,0.73919,0.41298,0.77566,0.75603,0.33947,0.65374,0.80484,0.48488,0.75116,0.42476,0.4079,0.93123,0.56221,0.41815,0.80953,0.7788,0.64935,0.29201,0.87405,0.64491,1.1584,1.1829,0.89409,0.62527,0.75156,0.96442,0.87994,0.75149,0.63178,0.83188,0.83808,1.0776,0.63585,0.34153,0.88326,0.90125,0.76485,0.7754,0.71716,0.59747,0.81227,0.98953,0.88035,0.92731,0.49189,0.99699
1085,0.40048,0.30223,0.84001,0.67586,0.75452,0.73916,0.41306,0.77555,0.75627,0.33947,0.65394,0.80505,0.48504,0.7511,0.42474,0.408,0.93125,0.5622,0.41838,0.81046,0.77946,0.64952,0.2921,0.87401,0.64533,1.159,1.1835,0.89535,0.62124,0.74811,0.9645,0.88012,0.75187,0.63205,0.83203,0.83851,1.0777,0.63599,0.34141,0.88343,0.90144,0.7653,0.77569,0.71756,0.59774,0.81239,0.98949,0.88084,0.92755,0.4919,0.99712
1086,0.40028,0.30221,0.8402,0.67654,0.75492,0.73896,0.41308,0.77557,0.75645,0.33937,0.65417,0.80518,0.48512,0.75104,0.42484,0.40798,0.93137,0.56227,0.41842,0.81146,0.78011,0.64959,0.292,0.87395,0.64567,1.1597,1.184,0.89634,0.6171,0.74466,0.96456,0.88028,0.75219,0.63226,0.832,0.83882,1.0779,0.63615,0.34124,0.88376,0.90163,0.76571,0.77608,0.7179,0.59793,0.81246,0.98977,0.88132,0.92791,0.4919,0.99719
1087,0.40005,0.30207,0.84058,0.67722,0.75536,0.73864,0.41307,0.77565,0.7565,0.33928,0.6543,0.80531,0.48518,0.75094,0.4249,0.40796,0.93149,0.56244,0.41851,0.81218,0.78034,0.64963,0.29155,0.8738,0.64606,1.1603,1.1845,0.89676,0.61305,0.74125,0.96453,0.88034,0.75238,0.63236,0.83186,0.83915,1.078,0.63624,0.34106,0.88402,0.90186,0.76603,0.77636,0.71812,0.59796,0.81254,0.98988,0.88174,0.92816,0.4919,0.99721
1088,0.3997,0.30208,0.84069,0.67777,0.75568,0.73836,0.4131,0.77565,0.7566,0.3392,0.65422,0.80539,0.48525,0.75085,0.42491,0.40787,0.93146,0.56249,0.41882,0.81268,0.78087,0.64967,0.29149,0.87361,0.6465,1.1611,1.185,0.89744,0.60885,0.73777,0.96444,0.88041,0.75256,0.63246,0.83187,0.83937,1.0782,0.63636,0.3409,0.88432,0.90198,0.76623,0.77654,0.71825,0.59812,0.81265,0.9899,0.88221,0.92833,0.49185,0.99733
1089,0.39933,0.30202,0.84053,0.67842,0.75576,0.73802,0.41302,0.77556,0.75678,0.33906,0.65403,0.80535,0.48527,0.7508,0.42489,0.40787,0.9315,0.56258,0.4185,0.8131,0.78098,0.64952,0.29129,0.87335,0.64675,1.1618,1.1854,0.89784,0.60449,0.73419,0.96439,0.88053,0.7527,0.63251,0.83171,0.8395,1.0783,0.63649,0.3407,0.88459,0.90206,0.76645,0.77671,0.71847,0.59792,0.81271,0.99007,0.8828,0.92846,0.49178,0.9974
1090,0.39895,0.30192,0.84088,0.67899,0.75582,0.73758,0.41289,0.77542,0.75694,0.33902,0.65388,0.80531,0.48531,0.75065,0.42485,0.40789,0.93171,0.56276,0.41819,0.81357,0.78074,0.64935,0.29121,0.87304,0.64696,1.1624,1.1859,0.89807,0.60018,0.73063,0.96442,0.88056,0.7528,0.63261,0.83149,0.83974,1.0783,0.63664,0.34051,0.88477,0.90216,0.76671,0.77679,0.71862,0.59767,0.81277,0.99036,0.88347,0.92854,0.49169,0.99738
1091,0.3986,0.30192,0.84118,0.67957,0.75583,0.73721,0.41266,0.7753,0.75708,0.3389,0.65378,0.80527,0.48539,0.75051,0.42483,0.4077,0.93177,0.56279,0.41776,0.81394,0.7809,0.64933,0.29151,0.87276,0.64721,1.163,1.1864,0.89862,0.59566,0.72689,0.96442,0.88072,0.75288,0.63267,0.83123,0.84001,1.0784,0.63682,0.34034,0.88499,0.90218,0.76694,0.77682,0.71874,0.59752,0.81283,0.99068,0.88408,0.92858,0.49156,0.99742
1092,0.39823,0.30183,0.84129,0.6803,0.75586,0.73684,0.41241,0.77524,0.7572,0.33876,0.65364,0.80517,0.48541,0.75033,0.42488,0.40749,0.93174,0.56279,0.41693,0.81444,0.78096,0.64928,0.29162,0.87245,0.64735,1.1635,1.1866,0.89912,0.59107,0.72308,0.96439,0.88099,0.7529,0.63274,0.83091,0.84015,1.0784,0.63698,0.34008,0.88528,0.90216,0.76712,0.77684,0.7189,0.59725,0.81295,0.99096,0.88455,0.9286,0.49141,0.99749
1093,0.39796,0.30175,0.84177,0.68096,0.75605,0.73651,0.41228,0.77535,0.75736,0.33875,0.65353,0.80509,0.48546,0.75,0.42504,0.40726,0.93194,0.56279,0.4165,0.81516,0.78089,0.64932,0.29172,0.87211,0.64742,1.164,1.1869,0.89976,0.58654,0.71931,0.96433,0.88119,0.75287,0.63286,0.83067,0.84027,1.0784,0.63711,0.33981,0.88556,0.90209,0.7673,0.77684,0.71895,0.59736,0.81309,0.99116,0.88512,0.92866,0.49126,0.99758
1094,0.39769,0.30181,0.84214,0.68142,0.75625,0.73617,0.41216,0.77554,0.75744,0.33867,0.6534,0.80494,0.48543,0.74972,0.42519,0.40687,0.93181,0.56268,0.41596,0.81567,0.78108,0.6493,0.29143,0.87172,0.64761,1.1644,1.1872,0.90027,0.58206,0.71557,0.96413,0.88144,0.75281,0.63291,0.83042,0.84032,1.0784,0.63726,0.33961,0.88575,0.90195,0.76736,0.77686,0.71894,0.59752,0.81315,0.99101,0.88558,0.92867,0.49104,0.9977
1095,0.3976,0.30184,0.84214,0.68184,0.75642,0.73576,0.41205,0.77572,0.7575,0.33851,0.65316,0.80471,0.48533,0.74946,0.4253,0.40644,0.93147,0.56277,0.41542,0.81625,0.78118,0.64897,0.29099,0.87117,0.6477,1.1649,1.1874,0.90064,0.57749,0.71174,0.9639,0.88161,0.75279,0.63291,0.83017,0.84024,1.0785,0.63745,0.33934,0.88599,0.90188,0.76736,0.77684,0.71887,0.59724,0.81318,0.9908,0.88591,0.92858,0.49076,0.99785
1096,0.39759,0.30183,0.84222,0.68232,0.75672,0.73533,0.41189,0.77591,0.75762,0.33831,0.6529,0.80451,0.48526,0.74903,0.42545,0.40603,0.9311,0.56297,0.41486,0.81695,0.78107,0.64865,0.29066,0.87053,0.64768,1.1655,1.1874,0.90104,0.57297,0.70801,0.96365,0.88173,0.75274,0.633,0.82986,0.84016,1.0786,0.63763,0.33907,0.88619,0.90178,0.76744,0.77679,0.71878,0.59692,0.81314,0.99078,0.88647,0.92852,0.49048,0.99802
1097,0.39784,0.30179,0.84257,0.683,0.7569,0.73477,0.41177,0.77612,0.75767,0.33811,0.65267,0.80438,0.48525,0.74857,0.42554,0.40561,0.93073,0.56312,0.41446,0.81764,0.78083,0.64828,0.29042,0.86991,0.64777,1.166,1.1875,0.90142,0.56833,0.70417,0.96339,0.8819,0.75268,0.63306,0.82948,0.8401,1.0788,0.63778,0.33885,0.8864,0.90171,0.76755,0.77686,0.7187,0.59656,0.81309,0.99088,0.88704,0.92863,0.49019,0.99811
1098,0.39819,0.3018,0.84261,0.68389,0.75702,0.73421,0.41156,0.77635,0.75771,0.33779,0.65245,0.80423,0.48515,0.74814,0.42564,0.4051,0.93001,0.56323,0.4138,0.81811,0.78078,0.64785,0.28997,0.86926,0.64781,1.1665,1.1877,0.90156,0.56377,0.70035,0.96288,0.88208,0.75249,0.63298,0.82887,0.84002,1.0788,0.63789,0.33866,0.8866,0.90158,0.76766,0.77688,0.71857,0.59593,0.81289,0.99108,0.88746,0.92866,0.48984,0.99812
1099,0.39823,0.30189,0.84262,0.68484,0.75704,0.73388,0.41135,0.77651,0.75774,0.33755,0.65217,0.80409,0.48508,0.74773,0.42573,0.40463,0.92962,0.56322,0.41318,0.81853,0.78048,0.64749,0.28997,0.86858,0.64787,1.1671,1.1879,0.90185,0.55908,0.69634,0.96252,0.88236,0.75233,0.63299,0.82837,0.83986,1.0789,0.63802,0.33843,0.88694,0.90149,0.76776,0.77686,0.71844,0.59543,0.81284,0.99112,0.88794,0.9287,0.48953,0.9982
1100,0.39807,0.30199,0.8429,0.68571,0.75689,0.73331,0.4111,0.77662,0.7579,0.33735,0.65184,0.80381,0.48508,0.74721,0.42575,0.40415,0.92933,0.56286,0.41209,0.81877,0.78,0.6471,0.29046,0.86791,0.64787,1.1675,1.1879,0.90181,0.55446,0.69231,0.96218,0.88268,0.75208,0.63294,0.82785,0.83968,1.0787,0.6381,0.33819,0.88727,0.90128,0.76782,0.77675,0.7183,0.5951,0.81276,0.9911,0.88833,0.92877,0.48923,0.99817
1101,0.39832,0.30215,0.84315,0.68641,0.75703,0.73288,0.41089,0.77684,0.75803,0.33717,0.65154,0.80358,0.48504,0.7468,0.4258,0.4036,0.92894,0.56266,0.41114,0.81922,0.77999,0.64676,0.29048,0.86713,0.64793,1.1681,1.1879,0.9021,0.54984,0.6882,0.96185,0.88288,0.7519,0.63301,0.82732,0.83962,1.0788,0.63828,0.33798,0.88758,0.90106,0.76786,0.77675,0.71819,0.59488,0.81269,0.9913,0.8889,0.92878,0.48891,0.99827
1102,0.39854,0.30224,0.84324,0.68706,0.75699,0.73217,0.41066,0.77698,0.75801,0.337,0.65121,0.80324,0.48498,0.74631,0.42574,0.40293,0.92849,0.56254,0.41041,0.81972,0.77998,0.64629,0.29033,0.86625,0.64797,1.1689,1.1879,0.90241,0.54517,0.68405,0.96148,0.88294,0.75175,0.63309,0.82671,0.83957,1.0788,0.63838,0.33779,0.88783,0.90082,0.76781,0.77662,0.71799,0.59462,0.8127,0.99124,0.88935,0.92865,0.48852,0.99844
1103,0.39895,0.30234,0.84366,0.6878,0.75695,0.73142,0.41046,0.77705,0.75806,0.33682,0.65086,0.80289,0.48499,0.74582,0.42579,0.40234,0.92808,0.56245,0.4097,0.8201,0.78024,0.64599,0.29018,0.86541,0.648,1.1697,1.1878,0.90277,0.54048,0.67984,0.96116,0.88315,0.75154,0.63321,0.82617,0.83954,1.0789,0.63852,0.33761,0.88816,0.90054,0.76782,0.77659,0.71781,0.59443,0.81266,0.99132,0.88985,0.9286,0.48814,0.99854
1104,0.39965,0.30252,0.84401,0.68848,0.75698,0.73072,0.41024,0.7771,0.75806,0.33662,0.65052,0.80257,0.48495,0.74529,0.4259,0.40172,0.92768,0.56231,0.40928,0.82027,0.78064,0.64539,0.28969,0.86453,0.64801,1.1705,1.1876,0.90325,0.53566,0.67552,0.96078,0.88324,0.75126,0.63334,0.82558,0.8394,1.0791,0.63866,0.33741,0.8885,0.90021,0.76776,0.77657,0.71752,0.59416,0.81264,0.99145,0.89029,0.92852,0.48771,0.99867
1105,0.40052,0.30259,0.84444,0.68938,0.75695,0.73011,0.41009,0.77729,0.75803,0.33648,0.6503,0.80232,0.48494,0.74478,0.42598,0.40123,0.92723,0.56244,0.40908,0.82069,0.78093,0.64492,0.28891,0.86357,0.64796,1.1712,1.1875,0.90365,0.53086,0.67123,0.96038,0.88365,0.75093,0.63339,0.8251,0.8392,1.0792,0.63876,0.33727,0.88887,0.89991,0.76778,0.77665,0.7173,0.5939,0.81257,0.99137,0.89079,0.9284,0.4873,0.9987
1106,0.40112,0.30273,0.84472,0.69016,0.75673,0.72958,0.40983,0.77735,0.75791,0.33625,0.64994,0.80191,0.48489,0.74422,0.42613,0.40066,0.92666,0.5624,0.40812,0.82068,0.78085,0.64466,0.28861,0.86278,0.6479,1.1718,1.1874,0.90399,0.52605,0.66685,0.96006,0.88415,0.75059,0.63337,0.82458,0.83893,1.0792,0.63887,0.3371,0.88931,0.89957,0.7678,0.77657,0.71703,0.59356,0.81242,0.99119,0.89107,0.92833,0.4869,0.99857
1107,0.40168,0.30276,0.84506,0.69075,0.75666,0.72901,0.40959,0.77746,0.75789,0.33597,0.64952,0.80159,0.48483,0.74367,0.42637,0.39998,0.9262,0.56225,0.40728,0.82092,0.78064,0.64437,0.28862,0.86204,0.6479,1.1725,1.1872,0.90407,0.52128,0.66242,0.95971,0.88446,0.75018,0.63332,0.82391,0.83858,1.0793,0.63909,0.3369,0.88964,0.8993,0.76779,0.77643,0.71674,0.59296,0.8123,0.99139,0.8915,0.92827,0.48645,0.99849
1108,0.40247,0.30271,0.84565,0.69148,0.7568,0.72844,0.40942,0.77771,0.75789,0.3358,0.64925,0.80144,0.48479,0.74308,0.42657,0.39934,0.92572,0.56227,0.40699,0.82143,0.78022,0.64417,0.28836,0.86122,0.64786,1.1733,1.1872,0.90413,0.5166,0.65798,0.95939,0.88477,0.74981,0.6333,0.82327,0.83824,1.0794,0.63927,0.33674,0.88985,0.89902,0.7678,0.77629,0.71667,0.59232,0.8122,0.99178,0.89214,0.92834,0.48604,0.99852
1109,0.40335,0.30274,0.8457,0.69214,0.75704,0.72785,0.40909,0.77793,0.7578,0.33561,0.64885,0.80118,0.4847,0.74238,0.42668,0.39856,0.92499,0.5622,0.40611,0.82155,0.77972,0.64397,0.28793,0.86039,0.64781,1.1742,1.1873,0.9042,0.51196,0.65352,0.95906,0.88481,0.74949,0.6332,0.82262,0.83797,1.0795,0.63939,0.33656,0.89011,0.89864,0.76779,0.77615,0.71665,0.59138,0.81209,0.99217,0.89274,0.92839,0.48562,0.99859
1110,0.40393,0.30269,0.84551,0.6931,0.75724,0.72729,0.40886,0.77815,0.75778,0.33545,0.64833,0.80095,0.48461,0.74171,0.4267,0.39781,0.92452,0.56231,0.40544,0.82188,0.77919,0.6435,0.2878,0.85961,0.6478,1.1754,1.1873,0.90411,0.50738,0.64901,0.95872,0.8847,0.74917,0.63312,0.82211,0.83766,1.0796,0.63956,0.33633,0.89046,0.89824,0.76779,0.77612,0.71659,0.59019,0.81202,0.9924,0.89348,0.92839,0.48517,0.99883
1111,0.40435,0.30268,0.84554,0.69418,0.75734,0.72682,0.4087,0.77826,0.75773,0.33532,0.6479,0.80072,0.48454,0.74108,0.42671,0.39714,0.92414,0.56258,0.40474,0.82208,0.77878,0.64292,0.28759,0.85877,0.64771,1.1765,1.1872,0.90429,0.50285,0.64449,0.9584,0.88474,0.74885,0.63307,0.82167,0.83723,1.0796,0.63973,0.33613,0.89083,0.89778,0.76783,0.77606,0.71648,0.58904,0.81195,0.99249,0.89403,0.92839,0.48472,0.99899
1112,0.40498,0.3028,0.84588,0.69516,0.75729,0.72632,0.40842,0.77828,0.75755,0.33518,0.64748,0.80049,0.48457,0.74042,0.42671,0.39641,0.92381,0.56286,0.40359,0.82195,0.77851,0.64244,0.28773,0.85798,0.64767,1.1776,1.1871,0.90466,0.49837,0.64005,0.95818,0.88494,0.7486,0.63301,0.82121,0.83681,1.0795,0.63992,0.3359,0.89119,0.89732,0.76786,0.776,0.71631,0.58747,0.81194,0.99265,0.89453,0.92841,0.48418,0.99916
1113,0.40522,0.30291,0.84627,0.69642,0.75729,0.72583,0.40815,0.7783,0.75726,0.33509,0.64699,0.80024,0.48468,0.73976,0.42678,0.39561,0.92348,0.56278,0.40186,0.82174,0.77804,0.64214,0.28843,0.85725,0.64765,1.1785,1.187,0.90516,0.494,0.63568,0.95797,0.88519,0.74828,0.63297,0.82067,0.83639,1.0795,0.64013,0.33571,0.89154,0.89687,0.76794,0.77604,0.71604,0.5857,0.81187,0.99297,0.895,0.92833,0.48355,0.99922
1114,0.40599,0.30295,0.84709,0.69733,0.75728,0.72542,0.40785,0.77834,0.75706,0.33497,0.64645,0.80003,0.48476,0.73912,0.42695,0.39472,0.92326,0.5628,0.40055,0.82155,0.7776,0.64163,0.28887,0.85654,0.64754,1.1794,1.187,0.90536,0.48976,0.63136,0.95781,0.88518,0.74796,0.6329,0.82008,0.83583,1.0795,0.64042,0.33547,0.89177,0.89639,0.76792,0.77595,0.71583,0.58423,0.81183,0.99347,0.89548,0.9282,0.48299,0.99924
1115,0.40706,0.30312,0.84791,0.6981,0.7574,0.72502,0.40739,0.77841,0.7569,0.33479,0.646,0.79989,0.48485,0.73845,0.42728,0.39385,0.92298,0.56284,0.39958,0.82137,0.7775,0.64137,0.28915,0.85584,0.64742,1.1803,1.1868,0.90592,0.48559,0.62703,0.9578,0.88531,0.74771,0.63275,0.81935,0.83537,1.0794,0.64077,0.33519,0.89198,0.89596,0.76799,0.7759,0.71568,0.58259,0.81184,0.99415,0.89607,0.9281,0.48237,0.99922
1116,0.40771,0.3032,0.84798,0.69888,0.75741,0.72462,0.40693,0.77852,0.75671,0.33453,0.64527,0.79963,0.48487,0.73767,0.42749,0.39284,0.9224,0.5628,0.3984,0.821,0.77686,0.64092,0.28881,0.85514,0.64724,1.1812,1.1864,0.90616,0.48152,0.62277,0.95767,0.88508,0.74739,0.63247,0.81874,0.83486,1.0795,0.6411,0.33485,0.89207,0.89537,0.76794,0.77577,0.71552,0.58074,0.81174,0.9949,0.89669,0.92789,0.48173,0.99923
1117,0.40877,0.30334,0.84817,0.69975,0.75748,0.72451,0.40651,0.77861,0.75667,0.33426,0.6444,0.79941,0.48486,0.73709,0.42764,0.39188,0.92196,0.56314,0.3976,0.8208,0.77652,0.64057,0.28793,0.85452,0.64705,1.1825,1.1862,0.90619,0.47751,0.61854,0.95776,0.8846,0.74722,0.63231,0.81827,0.83428,1.0795,0.64145,0.33447,0.89218,0.89479,0.76781,0.77572,0.71543,0.57886,0.81164,0.99552,0.89732,0.92776,0.48115,0.99925
1118,0.40975,0.3034,0.84849,0.70048,0.75761,0.72425,0.40593,0.77862,0.75661,0.33391,0.64353,0.79897,0.48492,0.73629,0.42771,0.39073,0.92139,0.56329,0.39751,0.82036,0.77573,0.6403,0.28757,0.85385,0.64676,1.1836,1.1856,0.90657,0.4738,0.61447,0.9577,0.88414,0.74688,0.63206,0.81781,0.83363,1.0796,0.64179,0.3341,0.89216,0.89405,0.76761,0.77544,0.71513,0.57584,0.81158,0.99617,0.89769,0.92748,0.48044,0.99924
1119,0.41029,0.30337,0.84879,0.70111,0.75763,0.72417,0.40535,0.77861,0.75637,0.33359,0.64262,0.79863,0.48507,0.7354,0.42767,0.3895,0.9209,0.5633,0.39688,0.82,0.77473,0.63989,0.28729,0.85317,0.64646,1.1846,1.1849,0.90639,0.47021,0.61055,0.9576,0.88352,0.74647,0.63174,0.81744,0.83285,1.0795,0.64215,0.3338,0.89204,0.89326,0.76739,0.77502,0.71488,0.57231,0.81158,0.99708,0.89777,0.9272,0.47967,0.99928
1120,0.41104,0.30359,0.8492,0.70199,0.75772,0.72409,0.40476,0.77864,0.75603,0.33333,0.6417,0.79835,0.48511,0.73453,0.42781,0.3882,0.92036,0.56345,0.39593,0.81948,0.77414,0.63939,0.28715,0.8525,0.64615,1.1856,1.1844,0.90628,0.46673,0.60671,0.95749,0.88308,0.7461,0.63143,0.81693,0.83212,1.0795,0.64246,0.33353,0.89192,0.8925,0.7672,0.77475,0.71452,0.5692,0.81158,0.99782,0.89797,0.92684,0.47894,0.99921
1121,0.41171,0.30384,0.84911,0.70242,0.75764,0.72357,0.40408,0.77865,0.75571,0.33296,0.64088,0.79798,0.48513,0.73356,0.42805,0.38676,0.91964,0.56342,0.39518,0.81838,0.77326,0.63896,0.28727,0.85196,0.64587,1.1865,1.1841,0.90668,0.46347,0.60301,0.95734,0.88255,0.74567,0.6311,0.8164,0.83146,1.0795,0.64275,0.3332,0.89179,0.89175,0.76692,0.77435,0.71401,0.56577,0.81164,0.99823,0.89828,0.92649,0.47816,0.9991
1122,0.41221,0.30407,0.84937,0.70294,0.75704,0.72316,0.40321,0.77865,0.75528,0.33259,0.63997,0.79762,0.4851,0.73249,0.4282,0.38516,0.91883,0.56359,0.39355,0.81792,0.77194,0.63873,0.28766,0.85122,0.64554,1.1873,1.1831,0.9064,0.46038,0.59944,0.95722,0.882,0.74529,0.63064,0.81594,0.83073,1.0796,0.64313,0.33278,0.89164,0.89092,0.76664,0.77387,0.7136,0.56216,0.81171,0.99854,0.89839,0.92595,0.47735,0.99905
1123,0.41277,0.30424,0.84918,0.70329,0.75625,0.72276,0.40228,0.77867,0.7547,0.33223,0.63898,0.79735,0.48496,0.73131,0.42826,0.38339,0.91804,0.56386,0.3912,0.8176,0.77051,0.63839,0.28787,0.85043,0.64521,1.1879,1.1821,0.90612,0.45741,0.59591,0.95711,0.88139,0.74494,0.63008,0.81555,0.83002,1.0796,0.64355,0.33233,0.89149,0.89011,0.76627,0.77348,0.71319,0.5588,0.81182,0.99876,0.89838,0.92529,0.47656,0.9989
1124,0.41335,0.30473,0.84962,0.70375,0.75554,0.72225,0.40122,0.77871,0.75427,0.33179,0.63783,0.79684,0.48482,0.72998,0.42844,0.38152,0.91723,0.56419,0.389,0.81695,0.76906,0.63838,0.2881,0.84953,0.64478,1.1886,1.1809,0.90619,0.45462,0.59251,0.95698,0.88093,0.74453,0.6296,0.81514,0.82926,1.0796,0.64399,0.33178,0.89118,0.88911,0.76594,0.77294,0.71263,0.55465,0.81192,0.99914,0.89852,0.92453,0.47577,0.99881
1125,0.41375,0.30472,0.85024,0.70412,0.75482,0.72156,0.40008,0.77892,0.75386,0.33139,0.63682,0.79632,0.48479,0.72855,0.4286,0.37944,0.91637,0.56469,0.38722,0.81716,0.76752,0.6384,0.2889,0.84859,0.64431,1.1891,1.1794,0.90592,0.45203,0.58924,0.95702,0.88048,0.74405,0.62919,0.81472,0.82854,1.0795,0.64449,0.33121,0.89095,0.88804,0.76578,0.77221,0.71207,0.55048,0.81204,0.99947,0.89837,0.92377,0.47503,0.99869
1126,0.41417,0.30458,0.85043,0.70413,0.75424,0.7209,0.39904,0.77913,0.75335,0.331,0.63559,0.79574,0.48474,0.72699,0.42865,0.3773,0.9154,0.56505,0.38556,0.81699,0.76541,0.63794,0.28974,0.84754,0.64385,1.1899,1.1778,0.90502,0.44952,0.58607,0.9569,0.88001,0.74357,0.62872,0.81415,0.82764,1.0793,0.64508,0.33071,0.89063,0.88684,0.76563,0.77149,0.71134,0.54586,0.81222,0.99966,0.89801,0.92291,0.47422,0.99852
1127,0.41459,0.3048,0.85059,0.70417,0.75359,0.72028,0.39797,0.77927,0.75282,0.33045,0.63424,0.79498,0.48469,0.72544,0.42885,0.37526,0.9143,0.56514,0.38404,0.81647,0.76341,0.63748,0.2911,0.84653,0.64342,1.1909,1.1762,0.90414,0.44717,0.58297,0.9565,0.87967,0.74303,0.62817,0.81358,0.8266,1.0792,0.64549,0.33031,0.89015,0.88565,0.76551,0.77074,0.71041,0.54131,0.81238,1.0004,0.89801,0.92199,0.47343,0.99828
1128,0.41452,0.30491,0.84958,0.70454,0.75239,0.71936,0.39683,0.77948,0.7523,0.32988,0.63286,0.79418,0.48457,0.72389,0.42914,0.37308,0.91308,0.5653,0.38258,0.81628,0.76114,0.63658,0.29228,0.84556,0.64294,1.1915,1.1744,0.90306,0.44486,0.5799,0.95617,0.87909,0.74247,0.62749,0.81292,0.82576,1.0791,0.64578,0.32986,0.88964,0.88453,0.76529,0.76981,0.70954,0.53682,0.81246,1.0007,0.89768,0.92113,0.47265,0.99803
1129,0.41485,0.30534,0.84912,0.70491,0.75115,0.71841,0.39557,0.77966,0.75178,0.32932,0.63142,0.79324,0.48438,0.72218,0.42942,0.37066,0.91186,0.56551,0.38078,0.81622,0.75864,0.63589,0.29324,0.84437,0.64236,1.1918,1.1724,0.90176,0.44256,0.57682,0.95567,0.87833,0.74192,0.62666,0.81224,0.82487,1.0789,0.64613,0.32945,0.88904,0.88322,0.76501,0.76871,0.70862,0.53147,0.81248,1.0011,0.89718,0.92004,0.47182,0.99779
1130,0.41522,0.30596,0.84885,0.70505,0.75005,0.71758,0.39428,0.77981,0.75119,0.32869,0.62982,0.79231,0.48409,0.72031,0.42967,0.36831,0.91069,0.56546,0.37859,0.81612,0.75634,0.63518,0.2942,0.84302,0.64178,1.1918,1.1701,0.90019,0.44034,0.57377,0.95503,0.87757,0.74138,0.62574,0.81171,0.82394,1.0787,0.64657,0.32904,0.8885,0.88196,0.76469,0.7676,0.70764,0.52538,0.81261,1.0013,0.89674,0.91876,0.47098,0.99753
1131,0.4153,0.30639,0.84816,0.7057,0.74835,0.71624,0.39291,0.77996,0.75052,0.32815,0.62821,0.79139,0.48382,0.71823,0.42972,0.36561,0.90912,0.56551,0.37582,0.81573,0.75356,0.63409,0.29437,0.84172,0.64109,1.1915,1.1677,0.89914,0.43815,0.57074,0.95456,0.87687,0.74068,0.62465,0.81111,0.82314,1.0785,0.64688,0.32849,0.88769,0.88068,0.76424,0.76617,0.7062,0.51913,0.81257,1.0011,0.89549,0.91721,0.47014,0.99715
1132,0.41573,0.30682,0.84854,0.70649,0.74712,0.71449,0.39162,0.78017,0.75002,0.32776,0.62683,0.7906,0.48349,0.71612,0.42987,0.36299,0.90787,0.56611,0.37326,0.8156,0.75074,0.63375,0.29396,0.84036,0.64039,1.1909,1.1654,0.89843,0.436,0.56777,0.95433,0.87634,0.74006,0.62382,0.81052,0.82232,1.0784,0.64742,0.32798,0.88706,0.87938,0.7641,0.76498,0.70487,0.51292,0.81253,1.001,0.89449,0.91564,0.46939,0.99681
1133,0.41586,0.30711,0.84778,0.70638,0.74569,0.7124,0.39017,0.78026,0.7492,0.3273,0.62525,0.78965,0.48311,0.71395,0.42989,0.3604,0.90609,0.566,0.37075,0.81499,0.74751,0.63313,0.29436,0.839,0.63965,1.1902,1.1628,0.89613,0.43384,0.56483,0.95377,0.87544,0.73933,0.62284,0.80994,0.82116,1.0782,0.64795,0.32744,0.88653,0.87807,0.7638,0.76363,0.70316,0.50708,0.81255,1.0007,0.89325,0.91382,0.46866,0.99636
1134,0.41597,0.30752,0.84666,0.70678,0.7442,0.71073,0.38875,0.78039,0.74839,0.3269,0.6238,0.78868,0.48297,0.71185,0.42997,0.35759,0.90467,0.56633,0.3682,0.81445,0.74434,0.63241,0.29524,0.83779,0.63901,1.1898,1.1603,0.8943,0.43178,0.56192,0.95343,0.87476,0.73875,0.62192,0.80952,0.82028,1.0782,0.64837,0.3269,0.88595,0.87687,0.76371,0.76239,0.7016,0.50205,0.81269,1.0012,0.8922,0.91237,0.46798,0.99593
1135,0.41624,0.30809,0.84551,0.70659,0.74212,0.70925,0.38726,0.78042,0.74743,0.32641,0.62228,0.78756,0.48271,0.70963,0.43015,0.35492,0.90312,0.56628,0.36575,0.81403,0.74058,0.63195,0.29639,0.83634,0.63821,1.1889,1.1573,0.89189,0.42979,0.55905,0.95286,0.87406,0.73799,0.62091,0.80884,0.81922,1.078,0.64873,0.32647,0.88532,0.87545,0.76314,0.76083,0.70014,0.4969,0.81279,1.0015,0.89104,0.91057,0.46723,0.99544
1136,0.41619,0.30865,0.84421,0.70612,0.74028,0.70802,0.38566,0.78061,0.74657,0.32578,0.62061,0.78643,0.48243,0.70733,0.43049,0.35238,0.90154,0.5662,0.36348,0.81336,0.73732,0.6313,0.29781,0.8348,0.63749,1.1882,1.1542,0.8895,0.4278,0.5562,0.95228,0.87324,0.73733,0.61983,0.80822,0.8182,1.0778,0.64916,0.32606,0.8848,0.87415,0.7627,0.75928,0.69877,0.49226,0.81294,1.0022,0.89012,0.90885,0.46655,0.99496
1137,0.41639,0.3093,0.84337,0.7054,0.73812,0.7069,0.38421,0.78077,0.74571,0.32526,0.61898,0.78536,0.48225,0.70504,0.4307,0.34974,0.89962,0.56645,0.36084,0.8129,0.73395,0.6301,0.299,0.83319,0.63663,1.1875,1.1509,0.8873,0.42593,0.55335,0.95166,0.87263,0.73657,0.61873,0.80742,0.8173,1.0774,0.64946,0.32563,0.88416,0.87272,0.76194,0.7576,0.69697,0.48759,0.8131,1.0025,0.88907,0.90692,0.46584,0.99444
1138,0.4167,0.30988,0.84337,0.70493,0.73576,0.70581,0.38303,0.78104,0.74471,0.32478,0.61743,0.78431,0.48216,0.70277,0.43081,0.34745,0.89802,0.56635,0.35842,0.81309,0.73028,0.62921,0.30033,0.83158,0.63579,1.1867,1.1473,0.885,0.42411,0.55049,0.95116,0.87218,0.73588,0.61769,0.80665,0.81642,1.0772,0.64977,0.32522,0.88358,0.8713,0.76102,0.75617,0.69529,0.48254,0.81333,1.0025,0.88811,0.90496,0.46517,0.99409
1139,0.41703,0.3106,0.842,0.70428,0.73315,0.7041,0.38174,0.7813,0.74387,0.3243,0.61584,0.7831,0.48211,0.70033,0.43082,0.34496,0.89595,0.56643,0.35559,0.81275,0.72625,0.62791,0.30149,0.82974,0.63488,1.1852,1.1439,0.88181,0.42233,0.54768,0.95048,0.87145,0.73507,0.61644,0.80575,0.8154,1.0768,0.65005,0.32483,0.88308,0.86989,0.75992,0.75461,0.6932,0.47821,0.81334,1.0019,0.88641,0.90281,0.46454,0.9936
1140,0.41782,0.31163,0.84071,0.70412,0.73107,0.7028,0.38056,0.7816,0.74304,0.324,0.61432,0.78186,0.48207,0.69789,0.43097,0.34253,0.89376,0.56698,0.35333,0.81324,0.72298,0.62644,0.30286,0.82777,0.63384,1.1835,1.1405,0.8792,0.42054,0.54487,0.94988,0.87112,0.73428,0.6153,0.80484,0.81441,1.0765,0.65035,0.32442,0.88264,0.86856,0.75884,0.75304,0.69137,0.47454,0.81347,1.0016,0.88495,0.90096,0.46397,0.99307
1141,0.41859,0.31248,0.8388,0.70324,0.72878,0.7013,0.3793,0.78188,0.74206,0.32369,0.61277,0.78051,0.48206,0.69537,0.43111,0.34012,0.89156,0.56718,0.35139,0.81268,0.71966,0.62493,0.30375,0.82572,0.6327,1.1819,1.1368,0.8761,0.41875,0.54215,0.94927,0.87052,0.73335,0.61415,0.80384,0.81319,1.0761,0.65074,0.32411,0.8821,0.86706,0.75754,0.75123,0.68922,0.47089,0.81354,1.0007,0.88303,0.89894,0.46333,0.99242
1142,0.4195,0.31353,0.83817,0.70269,0.72675,0.69998,0.37796,0.78223,0.74131,0.32339,0.61124,0.77912,0.48207,0.69293,0.43146,0.33782,0.8896,0.56771,0.34992,0.81232,0.7164,0.62367,0.30502,0.82349,0.6316,1.1803,1.1331,0.87316,0.417,0.53948,0.94874,0.86997,0.7324,0.61301,0.80289,0.8119,1.0757,0.65133,0.32393,0.88168,0.86557,0.75623,0.74935,0.68697,0.4679,0.81354,0.99984,0.88108,0.8969,0.46272,0.99172
1143,0.42015,0.31462,0.8366,0.7022,0.72448,0.6986,0.3766,0.78251,0.74052,0.32311,0.60973,0.77781,0.48195,0.69043,0.43177,0.33551,0.88743,0.56817,0.34796,0.81194,0.71262,0.62263,0.30603,0.82132,0.63043,1.179,1.1292,0.86977,0.41533,0.53687,0.94799,0.86928,0.73132,0.61201,0.80185,0.81066,1.0754,0.65184,0.32376,0.8813,0.86422,0.75494,0.74743,0.68475,0.46439,0.81354,0.99919,0.87918,0.89481,0.46215,0.99102
1144,0.42163,0.31551,0.83583,0.70208,0.72216,0.69722,0.37545,0.7827,0.73951,0.32286,0.60822,0.77648,0.48179,0.68782,0.43213,0.33337,0.88504,0.56891,0.34646,0.81183,0.70942,0.62171,0.30702,0.81898,0.62916,1.1777,1.1249,0.86616,0.41366,0.53433,0.9472,0.86878,0.73014,0.61099,0.80062,0.80943,1.0751,0.65242,0.32368,0.88085,0.86265,0.75337,0.74532,0.68232,0.461,0.81352,0.99838,0.87735,0.8926,0.46152,0.99041
1145,0.4228,0.3162,0.83524,0.70153,0.71986,0.69577,0.37438,0.78297,0.7385,0.32258,0.6067,0.77511,0.48174,0.68527,0.43235,0.33129,0.88279,0.56931,0.3448,0.81148,0.70589,0.62056,0.30737,0.81659,0.62786,1.176,1.1204,0.86232,0.41195,0.53174,0.94634,0.8682,0.72902,0.60986,0.79945,0.8081,1.0746,0.65284,0.32358,0.88044,0.861,0.75167,0.74321,0.67978,0.45815,0.81344,0.99736,0.87549,0.89043,0.46092,0.98987
1146,0.42412,0.3173,0.83422,0.70166,0.71738,0.69439,0.37349,0.78332,0.73767,0.32237,0.60522,0.77388,0.4817,0.68263,0.43246,0.32923,0.88033,0.56988,0.34255,0.81192,0.70248,0.61918,0.30747,0.8141,0.62667,1.1743,1.116,0.85861,0.41041,0.52922,0.94534,0.86748,0.72787,0.60884,0.79814,0.80682,1.0743,0.65327,0.32355,0.88011,0.85953,0.7499,0.741,0.67727,0.45527,0.81334,0.99632,0.87351,0.88828,0.46031,0.98919
1147,0.42555,0.31833,0.83258,0.70151,0.71466,0.69305,0.37264,0.78367,0.73676,0.32215,0.60369,0.77247,0.48156,0.67988,0.4324,0.32704,0.87749,0.57044,0.34153,0.81229,0.6992,0.61733,0.3079,0.81143,0.62538,1.1723,1.1114,0.85464,0.40894,0.52682,0.94431,0.86695,0.72653,0.60777,0.79672,0.80538,1.074,0.65364,0.32353,0.87963,0.85795,0.74798,0.73881,0.67485,0.45242,0.81323,0.99561,0.87117,0.88603,0.45976,0.98855
1148,0.42704,0.31949,0.83094,0.70065,0.71223,0.69187,0.37167,0.784,0.73578,0.32195,0.60213,0.77117,0.48152,0.67712,0.43244,0.32498,0.87459,0.57095,0.34096,0.81216,0.69616,0.61564,0.30889,0.80884,0.62396,1.1702,1.1069,0.85066,0.40757,0.52448,0.94346,0.86654,0.72523,0.6067,0.79535,0.80377,1.0734,0.654,0.32347,0.87927,0.85639,0.746,0.73667,0.67221,0.45005,0.81302,0.99479,0.86895,0.88382,0.45914,0.9878
1149,0.42833,0.32087,0.82934,0.7005,0.7098,0.69074,0.37065,0.78447,0.73492,0.32183,0.6007,0.76992,0.48158,0.67444,0.43227,0.32299,0.87181,0.57103,0.33976,0.81245,0.69407,0.61377,0.30999,0.80629,0.6225,1.1682,1.1022,0.84651,0.4063,0.5222,0.94249,0.86579,0.72396,0.60582,0.79397,0.80211,1.0728,0.65439,0.32341,0.87903,0.85497,0.74395,0.73433,0.66953,0.44794,0.81286,0.99358,0.86664,0.88156,0.45854,0.98702
1150,0.43014,0.32211,0.82798,0.70012,0.70702,0.68967,0.36962,0.7849,0.73399,0.32181,0.59941,0.76858,0.48164,0.67197,0.43243,0.32116,0.86912,0.57141,0.33933,0.81297,0.69163,0.61211,0.31097,0.80375,0.62106,1.1663,1.0975,0.84171,0.40517,0.52015,0.94163,0.86525,0.72263,0.60492,0.79253,0.80042,1.0721,0.65485,0.32336,0.87886,0.85347,0.74198,0.73208,0.66676,0.44583,0.81272,0.99227,0.86446,0.87926,0.45794,0.98636
1151,0.43209,0.32324,0.82655,0.69992,0.70463,0.6887,0.36857,0.78521,0.733,0.32181,0.59814,0.76717,0.48165,0.66924,0.4327,0.31947,0.86606,0.57184,0.33872,0.81358,0.6889,0.61069,0.31214,0.80136,0.61946,1.164,1.0924,0.83712,0.40406,0.51813,0.94077,0.8647,0.72125,0.60386,0.79102,0.79874,1.0713,0.65525,0.32333,0.87876,0.85191,0.73996,0.72976,0.66393,0.44403,0.81243,0.99116,0.86261,0.87707,0.45732,0.98578
1152,0.43409,0.32468,0.82528,0.70012,0.70273,0.68795,0.36782,0.78558,0.73202,0.32189,0.59702,0.76577,0.48165,0.66653,0.43308,0.31801,0.86308,0.57215,0.3377,0.81451,0.68632,0.6093,0.31239,0.79874,0.61792,1.162,1.0877,0.8329,0.40299,0.51615,0.93982,0.86418,0.71992,0.60304,0.78938,0.79709,1.0707,0.65564,0.32342,0.87861,0.8503,0.73809,0.72749,0.66139,0.44305,0.81226,0.98993,0.86055,0.87497,0.45667,0.98517
1153,0.43656,0.32644,0.82409,0.69936,0.70049,0.68717,0.36721,0.78596,0.73104,0.32207,0.59579,0.76443,0.48161,0.66386,0.43376,0.31667,0.86021,0.57275,0.33675,0.81525,0.6835,0.60768,0.31265,0.7961,0.61638,1.1599,1.0828,0.82918,0.40196,0.51428,0.93881,0.8637,0.71841,0.60215,0.78777,0.79526,1.0701,0.65605,0.32355,0.87838,0.84865,0.73631,0.72526,0.65883,0.442,0.81193,0.98865,0.85851,0.87278,0.45606,0.98454
1154,0.43885,0.32818,0.82271,0.69903,0.69854,0.68653,0.36662,0.78632,0.73034,0.32232,0.59464,0.76323,0.4817,0.66129,0.43419,0.31535,0.8573,0.5733,0.33576,0.81579,0.68119,0.60633,0.31357,0.79346,0.6149,1.1581,1.0778,0.82553,0.40099,0.51251,0.93814,0.86343,0.71701,0.60158,0.78624,0.79334,1.0695,0.6566,0.32374,0.87831,0.84712,0.73457,0.72337,0.65639,0.4408,0.81158,0.98765,0.85659,0.87074,0.45548,0.98401
1155,0.44112,0.32989,0.82153,0.69909,0.6965,0.68595,0.36602,0.78672,0.72957,0.32255,0.59347,0.76208,0.48176,0.65873,0.43442,0.314,0.85421,0.5738,0.33433,0.81599,0.67864,0.60464,0.31396,0.7907,0.61327,1.1561,1.0731,0.82147,0.40002,0.51086,0.93739,0.86328,0.71562,0.6011,0.78454,0.7914,1.0688,0.65712,0.3238,0.87813,0.8455,0.73256,0.72146,0.65396,0.43962,0.81116,0.98659,0.85446,0.86869,0.45491,0.9834
1156,0.44365,0.33167,0.82048,0.69945,0.69455,0.6856,0.36568,0.78734,0.72888,0.32283,0.5923,0.76105,0.48194,0.65639,0.43481,0.31288,0.8516,0.57457,0.33271,0.8164,0.67704,0.60277,0.3148,0.78799,0.61178,1.1543,1.0686,0.81796,0.39925,0.50938,0.93678,0.86335,0.71432,0.60078,0.78297,0.78964,1.0682,0.65777,0.32389,0.87815,0.84412,0.73072,0.71959,0.65146,0.43864,0.81078,0.98567,0.85292,0.86692,0.45435,0.98283
1157,0.44604,0.33327,0.81915,0.69996,0.69237,0.68538,0.36529,0.78789,0.72831,0.32306,0.59121,0.75982,0.4821,0.65395,0.43508,0.31161,0.8486,0.57525,0.33201,0.8167,0.67526,0.60128,0.31562,0.78535,0.61019,1.1522,1.0638,0.81389,0.39857,0.50796,0.93619,0.8632,0.71299,0.60045,0.78138,0.78789,1.0675,0.65835,0.32403,0.87817,0.84265,0.72876,0.71763,0.64879,0.43783,0.81035,0.98457,0.85121,0.86511,0.45372,0.98236
1158,0.44837,0.33492,0.81784,0.70049,0.69035,0.68512,0.36498,0.78856,0.72774,0.32343,0.59036,0.75889,0.48225,0.65151,0.43552,0.3106,0.84581,0.57581,0.33182,0.81692,0.67285,0.6003,0.31585,0.78271,0.60871,1.1501,1.0592,0.81004,0.39799,0.50662,0.93578,0.86316,0.71175,0.60016,0.77984,0.78632,1.067,0.65886,0.32433,0.87825,0.84134,0.72714,0.71591,0.64651,0.43782,0.81011,0.98371,0.84951,0.86343,0.45317,0.98186
1159,0.45101,0.33667,0.81673,0.70115,0.68848,0.68488,0.36492,0.78931,0.72713,0.32395,0.58954,0.75792,0.48253,0.64921,0.43624,0.30997,0.84343,0.57645,0.3315,0.81758,0.67143,0.59939,0.31668,0.77995,0.60736,1.1484,1.0546,0.80624,0.39753,0.50532,0.93535,0.86325,0.71047,0.59997,0.77833,0.78476,1.0665,0.65941,0.32482,0.87854,0.84019,0.72579,0.71416,0.64411,0.4387,0.80994,0.9829,0.84791,0.86183,0.45267,0.9815
1160,0.45374,0.33852,0.81611,0.70173,0.68675,0.68501,0.36481,0.79005,0.72678,0.32448,0.58868,0.75694,0.48281,0.64725,0.43668,0.30915,0.84093,0.57728,0.33151,0.81835,0.67032,0.59857,0.31723,0.77738,0.60593,1.147,1.0502,0.80257,0.39716,0.50419,0.93499,0.86333,0.70924,0.59979,0.77695,0.78314,1.066,0.66016,0.32521,0.87893,0.83907,0.72427,0.71254,0.64183,0.43915,0.80971,0.982,0.84631,0.86036,0.45219,0.98119
1161,0.4564,0.34039,0.81548,0.70234,0.68505,0.68507,0.36466,0.79093,0.72649,0.32513,0.58787,0.75619,0.48306,0.64534,0.43704,0.3084,0.83844,0.57809,0.33151,0.81936,0.66944,0.5975,0.31737,0.77489,0.60436,1.1456,1.0459,0.7994,0.3969,0.50324,0.93469,0.8635,0.70804,0.59977,0.77539,0.78144,1.0656,0.66096,0.3256,0.87926,0.83785,0.72282,0.71115,0.63976,0.43961,0.80941,0.98131,0.84473,0.85896,0.45179,0.98085
1162,0.45929,0.34232,0.81541,0.70333,0.6838,0.68511,0.36464,0.79201,0.72626,0.3258,0.58731,0.75549,0.48341,0.64354,0.43762,0.30781,0.83619,0.57901,0.33135,0.82037,0.66874,0.59625,0.31791,0.7725,0.60305,1.1445,1.0418,0.79684,0.3967,0.50232,0.93458,0.86394,0.70691,0.59986,0.77416,0.77995,1.0653,0.66186,0.32607,0.87991,0.83679,0.72143,0.70988,0.63773,0.4401,0.80927,0.9811,0.84342,0.85771,0.45138,0.98053
1163,0.46231,0.34426,0.81509,0.70418,0.68264,0.6855,0.36472,0.79301,0.72606,0.32643,0.58674,0.75466,0.48376,0.64185,0.43803,0.3072,0.83402,0.57994,0.33148,0.82095,0.66753,0.59466,0.31848,0.77019,0.60182,1.1437,1.0379,0.79398,0.39665,0.50157,0.93448,0.86417,0.70588,0.60003,0.773,0.77866,1.0651,0.66283,0.32654,0.88075,0.83579,0.71995,0.70863,0.63559,0.44047,0.80919,0.98084,0.84221,0.85659,0.4509,0.98027
1164,0.46524,0.34642,0.81471,0.70491,0.68144,0.68581,0.36472,0.79418,0.72596,0.32713,0.5863,0.75393,0.48408,0.64014,0.43851,0.30661,0.83168,0.58082,0.33157,0.82169,0.66633,0.59345,0.31902,0.76797,0.60058,1.1428,1.0341,0.79112,0.39662,0.50093,0.93439,0.86428,0.70482,0.60023,0.772,0.77725,1.0649,0.66381,0.32698,0.88159,0.83491,0.71848,0.70742,0.63366,0.4403,0.80908,0.98052,0.84107,0.85557,0.45042,0.97998
1165,0.46807,0.34839,0.81386,0.70538,0.68016,0.68581,0.36483,0.79552,0.72589,0.32794,0.58607,0.75335,0.48454,0.63843,0.43915,0.30631,0.82959,0.58166,0.33178,0.82237,0.66546,0.59219,0.31982,0.76583,0.59942,1.142,1.0302,0.78829,0.39667,0.50035,0.93441,0.86427,0.7038,0.60056,0.77109,0.77588,1.0648,0.66475,0.32762,0.88251,0.83418,0.71722,0.70628,0.63192,0.44069,0.80898,0.98047,0.84016,0.85453,0.44995,0.97972
1166,0.47152,0.35023,0.81391,0.7066,0.67936,0.68598,0.36499,0.79692,0.72588,0.32888,0.5859,0.75287,0.48521,0.63681,0.43985,0.30631,0.82766,0.58272,0.33169,0.82316,0.6646,0.59127,0.32094,0.76368,0.59853,1.1412,1.0266,0.78542,0.3968,0.49986,0.93468,0.86458,0.70281,0.60086,0.77043,0.7747,1.0648,0.66582,0.32835,0.88366,0.83361,0.71601,0.70526,0.63021,0.44142,0.80903,0.98041,0.83941,0.85359,0.44953,0.97948
1167,0.47475,0.35219,0.81339,0.70798,0.6784,0.68653,0.36524,0.79836,0.72609,0.32977,0.58565,0.75246,0.48586,0.6353,0.44016,0.30618,0.82554,0.58369,0.33172,0.82394,0.6631,0.59044,0.32141,0.76167,0.59756,1.1404,1.023,0.7821,0.39705,0.49952,0.93493,0.86488,0.70188,0.60122,0.76977,0.7736,1.0651,0.66708,0.32896,0.88482,0.83321,0.71473,0.70426,0.62856,0.4419,0.80893,0.97998,0.83861,0.8528,0.44911,0.97933
1168,0.47831,0.35426,0.81294,0.70998,0.67759,0.68705,0.36577,0.8001,0.72652,0.33078,0.58567,0.75228,0.4867,0.63406,0.4408,0.30619,0.82379,0.58504,0.33226,0.82542,0.66292,0.5897,0.32229,0.75969,0.59667,1.1398,1.0199,0.77956,0.39754,0.49944,0.93537,0.86566,0.70116,0.60181,0.76916,0.77254,1.0654,0.6685,0.32972,0.8861,0.83296,0.71361,0.70359,0.62718,0.44304,0.80893,0.98012,0.83826,0.85211,0.44873,0.97926
1169,0.48203,0.35633,0.81351,0.71191,0.67714,0.68753,0.36617,0.80199,0.72689,0.33181,0.58575,0.75216,0.48755,0.63278,0.44145,0.30623,0.82195,0.58624,0.33303,0.82655,0.66289,0.58871,0.32279,0.75779,0.59594,1.1392,1.0167,0.77764,0.39827,0.49953,0.9359,0.86664,0.70043,0.60242,0.76881,0.7717,1.066,0.67004,0.33049,0.88761,0.83275,0.71235,0.70304,0.62565,0.44426,0.80917,0.98039,0.83772,0.85146,0.44841,0.97917
1170,0.48546,0.35868,0.81375,0.71365,0.67664,0.68845,0.36661,0.80388,0.72739,0.33289,0.58581,0.75201,0.48838,0.63157,0.442,0.30622,0.82007,0.58717,0.33357,0.82787,0.66233,0.58751,0.3229,0.75582,0.59523,1.139,1.0135,0.77545,0.39908,0.49976,0.93646,0.86753,0.69969,0.60311,0.76846,0.77087,1.0666,0.67154,0.33126,0.88935,0.83269,0.71127,0.7025,0.62415,0.44507,0.80941,0.98069,0.83717,0.85106,0.44806,0.97913
1171,0.48915,0.3609,0.81412,0.71577,0.67612,0.68952,0.36725,0.80594,0.72802,0.33419,0.58596,0.75198,0.48932,0.63062,0.44305,0.30635,0.81841,0.58842,0.33378,0.82934,0.66226,0.58635,0.32353,0.75407,0.59463,1.139,1.0106,0.77372,0.40003,0.50025,0.93728,0.86864,0.69906,0.60398,0.76822,0.77019,1.0673,0.67316,0.33219,0.89122,0.83272,0.71031,0.70201,0.62276,0.4457,0.80973,0.98141,0.83714,0.85073,0.44772,0.97922
1172,0.49269,0.36301,0.81453,0.71759,0.67595,0.69055,0.36779,0.80813,0.72846,0.33558,0.5861,0.75211,0.49038,0.62965,0.44408,0.30666,0.81666,0.58976,0.33387,0.83005,0.66219,0.58501,0.32402,0.75233,0.59403,1.1396,1.0077,0.77209,0.40116,0.50088,0.93803,0.86944,0.69845,0.60493,0.76804,0.76953,1.0681,0.67477,0.33312,0.89326,0.83274,0.70936,0.70152,0.62131,0.44639,0.81016,0.98163,0.83707,0.85047,0.44742,0.97938
1173,0.49693,0.36549,0.81432,0.71994,0.67599,0.69184,0.36843,0.81048,0.7291,0.33693,0.58632,0.75233,0.49152,0.62875,0.4448,0.307,0.81499,0.59129,0.33373,0.83157,0.66163,0.58371,0.3245,0.75072,0.59337,1.1402,1.0051,0.77019,0.40236,0.50162,0.93893,0.87022,0.69784,0.60595,0.76796,0.76911,1.0691,0.67632,0.33396,0.89541,0.83296,0.70863,0.70109,0.61997,0.44676,0.81061,0.98188,0.8372,0.85038,0.44707,0.97956
1174,0.50145,0.368,0.8144,0.72271,0.67588,0.69309,0.36937,0.81294,0.72999,0.33835,0.58663,0.75272,0.49265,0.6279,0.44577,0.30732,0.81361,0.59295,0.33398,0.83316,0.66113,0.58316,0.32469,0.74912,0.59281,1.1409,1.0026,0.76838,0.40375,0.5026,0.9399,0.87117,0.69718,0.60707,0.76793,0.76878,1.0702,0.67826,0.33482,0.89756,0.83322,0.70776,0.70073,0.61865,0.44738,0.81109,0.98239,0.83718,0.85014,0.44671,0.97977
1175,0.50555,0.37046,0.8144,0.72511,0.67611,0.69423,0.3703,0.81559,0.73086,0.33976,0.58699,0.75327,0.49381,0.627,0.44678,0.30764,0.8125,0.59437,0.33532,0.83406,0.66144,0.58245,0.32456,0.74768,0.59232,1.1418,1.0001,0.76666,0.40541,0.50375,0.94088,0.87208,0.69658,0.60832,0.76821,0.76844,1.0715,0.68043,0.33574,0.90005,0.83353,0.70705,0.70045,0.61739,0.44849,0.81174,0.98336,0.83738,0.84998,0.44639,0.98007
1176,0.51049,0.37332,0.8151,0.72744,0.67613,0.69563,0.37118,0.81836,0.73178,0.34114,0.58743,0.75374,0.49486,0.62609,0.44752,0.30809,0.81112,0.59563,0.33644,0.8355,0.66219,0.58141,0.32469,0.74621,0.59182,1.1426,0.99766,0.76461,0.40733,0.50512,0.9421,0.87307,0.69585,0.60949,0.76853,0.76817,1.0728,0.68249,0.33671,0.90262,0.8339,0.70635,0.70024,0.61606,0.44927,0.81233,0.9844,0.8376,0.84985,0.44599,0.98019
1177,0.51513,0.37623,0.81689,0.7302,0.67623,0.69704,0.37213,0.82131,0.73304,0.34264,0.5879,0.75431,0.49593,0.62523,0.44857,0.30859,0.80991,0.59694,0.33722,0.83635,0.6625,0.58068,0.32497,0.74485,0.59153,1.1436,0.99524,0.76326,0.40939,0.50685,0.94343,0.87408,0.69537,0.61077,0.76899,0.76817,1.0744,0.68483,0.33777,0.90524,0.83442,0.70571,0.70021,0.61499,0.4495,0.81302,0.98582,0.83794,0.8498,0.44569,0.98043
1178,0.51975,0.37891,0.81737,0.73299,0.67632,0.69827,0.37292,0.82414,0.73407,0.34412,0.58828,0.75475,0.49705,0.62441,0.44972,0.3091,0.80837,0.59795,0.33848,0.83707,0.66257,0.57942,0.32559,0.74344,0.59113,1.1446,0.99275,0.76182,0.41155,0.50865,0.9444,0.87485,0.69481,0.61209,0.76937,0.76801,1.0757,0.68711,0.33887,0.90788,0.83474,0.7049,0.69999,0.61371,0.44969,0.81368,0.98659,0.83819,0.8496,0.44534,0.9806
1179,0.52481,0.38166,0.81787,0.73621,0.67658,0.69994,0.37365,0.82723,0.73514,0.3456,0.58882,0.75515,0.49816,0.62383,0.45077,0.30962,0.80681,0.59912,0.33953,0.83835,0.66278,0.57831,0.3267,0.74219,0.5908,1.1458,0.99047,0.76105,0.41384,0.51057,0.94569,0.87593,0.69437,0.61346,0.76993,0.76808,1.0772,0.6894,0.3399,0.91059,0.83524,0.70434,0.69999,0.61264,0.4497,0.81429,0.98728,0.83883,0.84968,0.445,0.98075
1180,0.52956,0.3841,0.81847,0.73915,0.67643,0.70135,0.37436,0.83018,0.73619,0.34711,0.58929,0.75545,0.49925,0.6231,0.45166,0.30996,0.80507,0.60022,0.34036,0.83914,0.66253,0.57731,0.32734,0.74094,0.59034,1.1468,0.98768,0.75997,0.41613,0.51261,0.9467,0.87656,0.69382,0.61464,0.77025,0.76806,1.0785,0.69166,0.34084,0.91302,0.83555,0.70349,0.69978,0.61152,0.44948,0.81473,0.98784,0.83895,0.84954,0.44468,0.98085
1181,0.53439,0.38639,0.8188,0.74189,0.67649,0.70272,0.37517,0.83301,0.73711,0.34866,0.58945,0.75585,0.50023,0.62232,0.45272,0.31042,0.80342,0.60121,0.34146,0.84064,0.66225,0.57611,0.32753,0.73966,0.58985,1.1479,0.98526,0.75873,0.41859,0.51467,0.94768,0.87708,0.69316,0.61589,0.77063,0.76793,1.0799,0.69395,0.34185,0.91557,0.83575,0.70249,0.69953,0.61031,0.44965,0.81517,0.98847,0.83894,0.84941,0.44434,0.98102
1182,0.53872,0.38882,0.81879,0.74469,0.67638,0.70411,0.37604,0.83585,0.73796,0.35018,0.58954,0.75615,0.50101,0.62149,0.4534,0.31082,0.80155,0.60251,0.34232,0.84214,0.66205,0.57472,0.32776,0.73839,0.58929,1.1489,0.9826,0.75701,0.42111,0.51681,0.94873,0.87757,0.69247,0.61705,0.77105,0.76765,1.0811,0.69608,0.34286,0.91803,0.83587,0.7015,0.69923,0.60904,0.44993,0.81532,0.98861,0.83903,0.84918,0.44394,0.9811
1183,0.54319,0.3914,0.81888,0.74762,0.67615,0.70551,0.37683,0.83861,0.73877,0.35157,0.58975,0.75635,0.5019,0.62057,0.45403,0.31121,0.79968,0.60374,0.34316,0.84316,0.66181,0.57346,0.32791,0.73699,0.5887,1.15,0.97966,0.7552,0.4237,0.51907,0.94965,0.87787,0.69175,0.61817,0.77151,0.76743,1.0822,0.69814,0.34378,0.92037,0.83596,0.7006,0.69889,0.6077,0.45013,0.81548,0.98885,0.83914,0.84891,0.44354,0.98116
1184,0.54735,0.39414,0.819,0.75033,0.67573,0.70674,0.37763,0.84123,0.73942,0.35287,0.58994,0.75642,0.50273,0.61945,0.45447,0.31157,0.79768,0.60501,0.34387,0.84374,0.66148,0.57209,0.32767,0.73542,0.58805,1.1511,0.97639,0.75299,0.42639,0.52148,0.95038,0.87776,0.69098,0.61918,0.77193,0.76712,1.0832,0.70001,0.34468,0.92251,0.83601,0.69964,0.69845,0.60625,0.4503,0.81554,0.98903,0.8391,0.84853,0.44312,0.98117
1185,0.55228,0.397,0.81904,0.75299,0.67551,0.7079,0.3783,0.84377,0.74012,0.35409,0.58997,0.75651,0.50361,0.61838,0.45518,0.31205,0.79576,0.6061,0.34443,0.84461,0.66105,0.57059,0.3281,0.73353,0.58736,1.1521,0.97319,0.75091,0.42917,0.52392,0.95105,0.87771,0.69007,0.62022,0.77242,0.76672,1.0841,0.70184,0.3455,0.9246,0.83589,0.69862,0.6979,0.60466,0.45052,0.81558,0.98901,0.839,0.8481,0.44263,0.98115
1186,0.5572,0.39958,0.8191,0.75632,0.67486,0.70905,0.37884,0.84625,0.74082,0.35518,0.59003,0.75652,0.50449,0.61726,0.45558,0.3124,0.79365,0.60727,0.34491,0.84532,0.66061,0.56919,0.32907,0.73168,0.58653,1.1527,0.96968,0.74839,0.4319,0.52644,0.95171,0.87775,0.68914,0.62115,0.77281,0.7663,1.0846,0.7036,0.34616,0.92643,0.83561,0.6977,0.69726,0.60319,0.45071,0.81544,0.98894,0.839,0.84764,0.44215,0.9811
1187,0.56202,0.40176,0.81923,0.75923,0.67399,0.71016,0.37924,0.84854,0.74133,0.35618,0.58999,0.75647,0.50527,0.61589,0.45584,0.31264,0.79091,0.60793,0.34539,0.84543,0.6597,0.56776,0.32964,0.72966,0.58562,1.1527,0.966,0.74588,0.43458,0.52893,0.9521,0.87727,0.68797,0.62181,0.77291,0.76575,1.0849,0.70528,0.34677,0.92808,0.83515,0.69662,0.6964,0.6014,0.451,0.81516,0.98842,0.83829,0.84695,0.44163,0.98093
1188,0.56693,0.40372,0.81977,0.76155,0.67351,0.71107,0.37968,0.85085,0.74188,0.35734,0.58983,0.75651,0.50588,0.61447,0.45617,0.31299,0.78825,0.60883,0.34576,0.84619,0.65883,0.56585,0.33064,0.72751,0.5847,1.1523,0.96276,0.74372,0.43725,0.53144,0.95245,0.87676,0.68676,0.62241,0.77295,0.76505,1.085,0.70693,0.34738,0.92986,0.83453,0.69535,0.6956,0.59966,0.45137,0.81483,0.98797,0.83733,0.84623,0.44108,0.9807
1189,0.57124,0.4055,0.81917,0.7637,0.67248,0.71159,0.38007,0.8528,0.74233,0.35837,0.58949,0.75625,0.50636,0.61295,0.45611,0.31328,0.78523,0.60976,0.34594,0.84678,0.65748,0.56373,0.33131,0.72512,0.58362,1.1519,0.95916,0.74052,0.44001,0.53399,0.95239,0.87608,0.68533,0.6229,0.77286,0.76418,1.0849,0.70845,0.34788,0.93128,0.83378,0.69381,0.69465,0.5978,0.45154,0.81425,0.98699,0.83581,0.84521,0.44054,0.98029
1190,0.57528,0.40738,0.81795,0.76588,0.67125,0.71226,0.38037,0.85442,0.74259,0.35922,0.58911,0.75579,0.50677,0.61146,0.45603,0.31342,0.78194,0.61021,0.34628,0.84675,0.65603,0.56171,0.33112,0.72277,0.58244,1.1512,0.9553,0.7374,0.44287,0.53652,0.95205,0.87523,0.68376,0.62323,0.77264,0.76313,1.0846,0.70967,0.34837,0.93243,0.83297,0.69232,0.69362,0.59582,0.45134,0.81336,0.9855,0.83405,0.84399,0.43993,0.97974
1191,0.57929,0.40931,0.81686,0.76745,0.66978,0.71286,0.38072,0.85602,0.74289,0.36015,0.58888,0.7553,0.50721,0.61007,0.45615,0.3136,0.77914,0.61074,0.34717,0.84698,0.65479,0.55959,0.3315,0.72023,0.5811,1.1505,0.9514,0.73461,0.44581,0.53914,0.95185,0.87442,0.68222,0.62355,0.77236,0.76207,1.0844,0.71078,0.34884,0.93367,0.83208,0.69087,0.69257,0.59394,0.45104,0.81246,0.98414,0.8326,0.84286,0.43926,0.97915
1192,0.5832,0.41129,0.81484,0.76875,0.66791,0.71319,0.38088,0.85732,0.74303,0.36095,0.5884,0.75468,0.50765,0.60862,0.45626,0.31379,0.77623,0.61095,0.34781,0.8468,0.65303,0.55752,0.3318,0.71768,0.57966,1.1499,0.94702,0.73115,0.44869,0.54174,0.95141,0.87333,0.68059,0.62373,0.77196,0.76098,1.0841,0.7117,0.34932,0.93463,0.83107,0.68921,0.69134,0.59204,0.45074,0.81156,0.98258,0.83119,0.84169,0.43864,0.97859
1193,0.58758,0.41333,0.81341,0.77104,0.66656,0.71365,0.3811,0.85871,0.74304,0.36174,0.5879,0.75436,0.50798,0.60717,0.45642,0.31381,0.77315,0.61103,0.34896,0.84671,0.65159,0.5557,0.33182,0.71508,0.57827,1.1492,0.94286,0.7284,0.45164,0.54442,0.9511,0.87226,0.67903,0.62399,0.77157,0.76001,1.0837,0.71254,0.34983,0.93558,0.82999,0.68771,0.69011,0.59016,0.45041,0.81054,0.98094,0.82951,0.84042,0.43799,0.9781
1194,0.59176,0.4151,0.81197,0.77231,0.66502,0.71397,0.38138,0.86026,0.74298,0.36256,0.58744,0.75385,0.50815,0.6056,0.45637,0.3139,0.76997,0.61121,0.35015,0.84679,0.65012,0.55421,0.33207,0.71245,0.57675,1.1483,0.9388,0.72623,0.45461,0.54712,0.95081,0.87102,0.67738,0.62412,0.77111,0.75904,1.083,0.71333,0.35023,0.9365,0.82874,0.68613,0.68887,0.58817,0.45042,0.80942,0.97919,0.82762,0.8392,0.43735,0.97753
1195,0.59557,0.41705,0.81053,0.77351,0.66318,0.71415,0.38148,0.86159,0.74284,0.36325,0.58686,0.75309,0.50814,0.60397,0.45616,0.31404,0.76664,0.6112,0.35045,0.8459,0.64869,0.55253,0.33183,0.70965,0.57526,1.1472,0.93472,0.72339,0.45755,0.54983,0.95012,0.86939,0.67564,0.6241,0.77076,0.75789,1.0822,0.71413,0.35065,0.9372,0.82736,0.68428,0.68763,0.58605,0.45049,0.80822,0.97726,0.8256,0.83793,0.43676,0.97694
1196,0.59967,0.41882,0.80996,0.77523,0.66183,0.71427,0.38168,0.86272,0.74268,0.36399,0.58633,0.75247,0.50818,0.60239,0.45611,0.31415,0.7634,0.61143,0.35158,0.84519,0.64756,0.55061,0.33155,0.70698,0.57384,1.1462,0.93061,0.72052,0.46049,0.55257,0.94949,0.86798,0.67391,0.62419,0.77033,0.7567,1.0813,0.71502,0.35093,0.93775,0.82593,0.68244,0.68644,0.58401,0.45038,0.80684,0.97522,0.82342,0.83655,0.43612,0.97631
1197,0.60345,0.42027,0.80835,0.7762,0.66013,0.71412,0.38189,0.86358,0.74255,0.36468,0.58569,0.75171,0.50839,0.6009,0.45575,0.31434,0.76021,0.61144,0.35236,0.84487,0.64551,0.5488,0.3315,0.70443,0.57226,1.1446,0.92626,0.71728,0.46345,0.55529,0.94882,0.86646,0.6721,0.62416,0.76972,0.75538,1.0803,0.71572,0.35115,0.9382,0.82457,0.68063,0.68513,0.5821,0.45006,0.80541,0.97271,0.82148,0.83526,0.43547,0.97556
1198,0.60659,0.42196,0.80679,0.77773,0.65821,0.71428,0.382,0.86436,0.7424,0.36525,0.58503,0.75098,0.50848,0.5994,0.45531,0.31449,0.75717,0.61136,0.35258,0.8442,0.64375,0.5463,0.3314,0.70176,0.57073,1.1429,0.92197,0.71341,0.46623,0.55809,0.94803,0.86472,0.6703,0.62416,0.76905,0.75394,1.0793,0.71637,0.3514,0.93854,0.82316,0.6789,0.68372,0.58022,0.44975,0.80398,0.96956,0.81943,0.83395,0.43481,0.97482
1199,0.61,0.4234,0.80566,0.77954,0.65663,0.71447,0.38219,0.86514,0.74219,0.36593,0.58429,0.75021,0.5086,0.59785,0.45503,0.31454,0.75427,0.61147,0.35336,0.84458,0.64226,0.54392,0.33159,0.69925,0.56931,1.142,0.91794,0.71004,0.46903,0.5609,0.94729,0.86326,0.66849,0.62419,0.76838,0.75266,1.0784,0.71701,0.35153,0.93893,0.82172,0.67724,0.68223,0.57827,0.44965,0.80246,0.96665,0.81727,0.8325,0.43408,0.97404
1200,0.61335,0.42483,0.80355,0.78078,0.65446,0.71431,0.38233,0.86585,0.74193,0.36645,0.58344,0.74929,0.5087,0.5963,0.45434,0.31454,0.75117,0.61121,0.35346,0.84501,0.64048,0.54213,0.33204,0.6965,0.56774,1.1407,0.9139,0.70666,0.47193,0.56371,0.94647,0.86168,0.66664,0.62392,0.76774,0.75131,1.0774,0.71738,0.35162,0.9394,0.82028,0.67559,0.68063,0.57633,0.44971,0.80094,0.96377,0.8153,0.83105,0.43342,0.97326
1201,0.61611,0.42656,0.80183,0.78202,0.65247,0.71444,0.38248,0.86684,0.74177,0.36686,0.58275,0.74845,0.50866,0.5948,0.45369,0.31461,0.74837,0.61086,0.35341,0.84439,0.6396,0.53981,0.33258,0.69351,0.56632,1.1392,0.90998,0.70409,0.47482,0.56666,0.94567,0.85989,0.66486,0.6237,0.76712,0.74989,1.0765,0.71794,0.35162,0.9398,0.8188,0.67396,0.67923,0.57438,0.44999,0.79947,0.96084,0.81318,0.82964,0.4328,0.97251
1202,0.61905,0.42793,0.80088,0.78314,0.6508,0.71455,0.38265,0.86758,0.74153,0.36744,0.58197,0.74752,0.50857,0.59325,0.45331,0.31468,0.74553,0.61075,0.35383,0.8439,0.63839,0.53772,0.33289,0.69063,0.56486,1.1378,0.90611,0.70172,0.47784,0.56955,0.94481,0.85819,0.66301,0.62352,0.76639,0.74855,1.0756,0.71851,0.35167,0.94029,0.81729,0.67212,0.67779,0.57226,0.45037,0.79799,0.95837,0.81128,0.82819,0.43216,0.97172
1203,0.62227,0.42905,0.79914,0.78395,0.64926,0.71421,0.38282,0.86818,0.74126,0.36801,0.58115,0.74661,0.50849,0.59175,0.45295,0.31457,0.7425,0.61039,0.35395,0.84285,0.63664,0.536,0.33279,0.68777,0.56335,1.1364,0.90224,0.69917,0.48103,0.57255,0.94386,0.85663,0.66119,0.62324,0.76569,0.74724,1.0746,0.71894,0.35171,0.94064,0.81567,0.67022,0.67636,0.57006,0.45061,0.79651,0.95628,0.80947,0.8267,0.43152,0.97096
1204,0.62549,0.43023,0.79791,0.78483,0.64789,0.71402,0.38306,0.86865,0.74092,0.36856,0.58036,0.7458,0.50843,0.59023,0.45256,0.3146,0.73951,0.61026,0.35456,0.84186,0.63562,0.53425,0.33281,0.68481,0.56183,1.1348,0.89832,0.69665,0.48408,0.57551,0.94285,0.85506,0.6594,0.62308,0.76505,0.74588,1.0736,0.71934,0.35182,0.94092,0.81408,0.66846,0.67498,0.56823,0.45079,0.79507,0.95382,0.80775,0.82522,0.43091,0.97015
1205,0.62889,0.43147,0.79673,0.78577,0.64697,0.71404,0.38327,0.86935,0.7407,0.36909,0.57969,0.74512,0.50829,0.58878,0.45214,0.31473,0.73673,0.61019,0.35531,0.841,0.63481,0.53199,0.33253,0.68202,0.56037,1.1332,0.89472,0.69436,0.48719,0.57848,0.94197,0.85364,0.65775,0.62311,0.7644,0.74471,1.0724,0.71984,0.35196,0.94107,0.81259,0.66685,0.67381,0.56649,0.45083,0.79373,0.95124,0.80546,0.8238,0.4303,0.96936
1206,0.63223,0.43229,0.79587,0.78685,0.64528,0.71404,0.38336,0.86987,0.74047,0.36962,0.57891,0.74415,0.50797,0.58732,0.45163,0.3148,0.73383,0.61005,0.35599,0.84,0.63303,0.52993,0.33217,0.67938,0.55886,1.1318,0.89129,0.69129,0.49024,0.58146,0.94096,0.85222,0.65598,0.62302,0.76371,0.7436,1.0712,0.72011,0.35216,0.94128,0.81098,0.66511,0.67247,0.56458,0.45101,0.79225,0.9487,0.80331,0.82236,0.42965,0.96851
1207,0.63543,0.43349,0.79408,0.78811,0.64315,0.71365,0.38347,0.87037,0.7403,0.37004,0.57821,0.74316,0.50774,0.58599,0.45095,0.31481,0.73102,0.60974,0.3565,0.8393,0.63174,0.52805,0.33209,0.6767,0.55743,1.1305,0.8876,0.68798,0.49322,0.58444,0.93994,0.85056,0.65425,0.62286,0.76311,0.74238,1.0697,0.72032,0.35233,0.94144,0.80938,0.66349,0.6712,0.56291,0.45121,0.79072,0.94583,0.80117,0.82096,0.42904,0.96769
1208,0.63864,0.43503,0.79225,0.78961,0.6413,0.71347,0.38363,0.87092,0.74018,0.37035,0.57756,0.7423,0.50765,0.58475,0.45026,0.31499,0.7286,0.60946,0.35699,0.83886,0.6299,0.52585,0.33198,0.6741,0.55601,1.1291,0.88391,0.68531,0.49614,0.58742,0.93897,0.84896,0.65255,0.62261,0.76242,0.74114,1.0683,0.7208,0.35236,0.94164,0.8079,0.66185,0.66997,0.56125,0.45157,0.7893,0.94277,0.79888,0.81967,0.42844,0.96683
1209,0.64129,0.43654,0.79092,0.79129,0.63926,0.71329,0.38367,0.87134,0.74,0.37074,0.57672,0.74139,0.50758,0.58348,0.44977,0.31506,0.72609,0.60937,0.35701,0.83778,0.62736,0.52391,0.33211,0.67149,0.55459,1.1277,0.88026,0.68214,0.49913,0.5905,0.93803,0.84728,0.65075,0.62237,0.76163,0.73979,1.0673,0.72117,0.35238,0.94199,0.80646,0.66008,0.66861,0.55924,0.45159,0.7878,0.94001,0.79699,0.8184,0.42787,0.96607
1210,0.64394,0.43831,0.78972,0.79298,0.63757,0.71305,0.38383,0.87167,0.73968,0.37122,0.57596,0.74048,0.50762,0.58227,0.44941,0.31499,0.72364,0.60923,0.3573,0.83743,0.62596,0.5226,0.33231,0.66893,0.55319,1.1266,0.87678,0.67977,0.50215,0.59356,0.93708,0.84559,0.64894,0.62223,0.76081,0.7385,1.066,0.72146,0.35249,0.94214,0.80514,0.65834,0.66731,0.55736,0.45124,0.78623,0.93735,0.79512,0.81709,0.42732,0.96531
1211,0.64666,0.43968,0.7882,0.79441,0.63622,0.71301,0.38398,0.87204,0.73928,0.37157,0.57525,0.73975,0.50752,0.58104,0.44908,0.31501,0.72122,0.60894,0.35808,0.83699,0.62491,0.52071,0.33201,0.66645,0.55173,1.1256,0.87348,0.67768,0.50513,0.59661,0.93609,0.8441,0.64723,0.62207,0.76006,0.73739,1.0647,0.7219,0.35251,0.94218,0.80382,0.65666,0.66602,0.5557,0.45107,0.78473,0.93478,0.79321,0.81575,0.42676,0.96457
1212,0.64891,0.44065,0.78687,0.79528,0.63484,0.71291,0.38395,0.87229,0.73889,0.37184,0.57435,0.73901,0.50729,0.57979,0.44871,0.31501,0.7187,0.60866,0.35896,0.83569,0.62423,0.51874,0.33195,0.66416,0.55034,1.1242,0.87025,0.67515,0.50816,0.59969,0.93513,0.84247,0.64558,0.6217,0.75929,0.73627,1.0634,0.72215,0.35251,0.94219,0.80241,0.65504,0.66473,0.55403,0.45065,0.78324,0.93232,0.7912,0.81438,0.42622,0.96385
1213,0.65148,0.44168,0.7859,0.79609,0.63373,0.71287,0.38395,0.87239,0.73873,0.37216,0.57365,0.73821,0.50708,0.57879,0.44822,0.315,0.71624,0.60827,0.35964,0.83506,0.62377,0.51723,0.33183,0.6617,0.54912,1.1227,0.86728,0.67359,0.51121,0.60274,0.93428,0.84105,0.644,0.62144,0.75853,0.73532,1.0619,0.72242,0.35263,0.94219,0.80096,0.65354,0.6636,0.55252,0.45061,0.78181,0.92945,0.78922,0.8131,0.42568,0.96304
1214,0.65396,0.4423,0.78436,0.79694,0.63211,0.71257,0.3839,0.87242,0.73851,0.37237,0.57294,0.73746,0.50675,0.57778,0.44775,0.31503,0.71379,0.60755,0.35952,0.83452,0.62267,0.51519,0.3311,0.65923,0.54784,1.121,0.8641,0.67101,0.51424,0.60582,0.93329,0.83976,0.64245,0.6212,0.75788,0.73438,1.0606,0.72273,0.35259,0.94214,0.79944,0.65206,0.66244,0.55108,0.45091,0.78035,0.92682,0.78732,0.81188,0.42508,0.96221
1215,0.65626,0.4432,0.78265,0.79817,0.6305,0.71221,0.38384,0.87254,0.73813,0.37257,0.57206,0.73667,0.50644,0.57661,0.44732,0.315,0.71141,0.60717,0.3593,0.83399,0.62154,0.51341,0.33087,0.65689,0.54657,1.1195,0.86098,0.66821,0.51722,0.60896,0.93243,0.83843,0.64093,0.62081,0.75724,0.73336,1.0593,0.72288,0.35247,0.9422,0.79795,0.65064,0.66129,0.5495,0.4508,0.77899,0.92479,0.7855,0.81069,0.42452,0.96136
1216,0.65894,0.44448,0.78132,0.79957,0.62931,0.71201,0.3837,0.87279,0.73796,0.37296,0.57144,0.73582,0.50631,0.57557,0.44671,0.31495,0.70913,0.60673,0.3591,0.83422,0.62046,0.51208,0.33091,0.65455,0.54536,1.1181,0.85834,0.66654,0.52013,0.61206,0.93166,0.83711,0.63943,0.62075,0.75662,0.73234,1.0582,0.72306,0.35244,0.94225,0.79653,0.64923,0.66021,0.5479,0.45072,0.77763,0.9223,0.78379,0.8095,0.42399,0.96044
1217,0.6607,0.44526,0.77973,0.80068,0.62762,0.71176,0.38369,0.87312,0.7377,0.37333,0.57083,0.73505,0.50619,0.57457,0.44609,0.31508,0.70696,0.606,0.35905,0.83374,0.61933,0.51026,0.33094,0.6523,0.54412,1.1166,0.8557,0.66397,0.52321,0.6152,0.93079,0.83553,0.638,0.62073,0.75609,0.73135,1.0573,0.7232,0.35227,0.94232,0.79528,0.64786,0.65921,0.54645,0.45065,0.77629,0.92019,0.78196,0.8083,0.42349,0.95968
1218,0.66208,0.44599,0.77817,0.80184,0.62639,0.71164,0.38393,0.87341,0.73737,0.37363,0.57014,0.73427,0.50608,0.57353,0.44566,0.31527,0.70511,0.6056,0.3597,0.83276,0.61877,0.50849,0.3313,0.65027,0.54298,1.1154,0.85328,0.66142,0.52637,0.6184,0.93,0.83384,0.63662,0.62047,0.75555,0.73036,1.0561,0.72334,0.35207,0.94247,0.79409,0.64656,0.65818,0.54512,0.45057,0.77511,0.91811,0.78034,0.80707,0.423,0.95889
1219,0.66396,0.44673,0.77728,0.80257,0.6256,0.7115,0.38409,0.8737,0.73737,0.37401,0.56962,0.73357,0.50601,0.57269,0.44497,0.31542,0.70325,0.60523,0.36009,0.83199,0.61832,0.50695,0.33127,0.64823,0.54188,1.114,0.85113,0.66019,0.52947,0.62157,0.9293,0.8323,0.63529,0.62033,0.75497,0.72936,1.0552,0.72365,0.3521,0.94263,0.79296,0.64519,0.65714,0.54375,0.45051,0.77386,0.9153,0.77865,0.80587,0.42252,0.95815
1220,0.66512,0.44751,0.77659,0.80333,0.62442,0.71112,0.38427,0.87384,0.73724,0.37428,0.56906,0.73296,0.50576,0.5719,0.44428,0.31557,0.70135,0.60504,0.35998,0.8307,0.61726,0.5055,0.33091,0.6462,0.54084,1.1125,0.84877,0.65895,0.53274,0.62472,0.92859,0.83104,0.63394,0.62015,0.75432,0.72851,1.0541,0.72394,0.35216,0.9427,0.79193,0.64388,0.65614,0.54242,0.45037,0.77265,0.91283,0.77684,0.80477,0.42207,0.95754
1221,0.66703,0.44847,0.77554,0.80453,0.62324,0.71084,0.38448,0.87399,0.73707,0.37442,0.56844,0.73236,0.50553,0.57112,0.44395,0.31556,0.69968,0.60504,0.36023,0.8299,0.6161,0.50418,0.33066,0.64427,0.53984,1.1116,0.84635,0.65726,0.53595,0.62784,0.92781,0.83018,0.63252,0.61999,0.75374,0.72782,1.0529,0.72422,0.35219,0.94275,0.79082,0.64261,0.65511,0.54116,0.45026,0.77157,0.91058,0.77546,0.80386,0.42163,0.95685
1222,0.66969,0.4492,0.77404,0.80553,0.62225,0.71069,0.38441,0.87427,0.73691,0.37453,0.56792,0.73176,0.50532,0.5704,0.44336,0.31554,0.69792,0.60477,0.36075,0.82964,0.61475,0.5027,0.33024,0.64249,0.53879,1.1104,0.84398,0.65613,0.53896,0.63093,0.92704,0.8293,0.63115,0.61987,0.75319,0.72719,1.0519,0.72442,0.35219,0.94268,0.78973,0.64127,0.65401,0.53982,0.44997,0.77029,0.90836,0.77379,0.80289,0.42123,0.95618
1223,0.67184,0.45004,0.77274,0.80633,0.62107,0.71052,0.38444,0.87441,0.73674,0.37474,0.56739,0.73103,0.50503,0.56964,0.44305,0.31551,0.69604,0.60453,0.36092,0.82921,0.61344,0.50116,0.32985,0.64075,0.53777,1.1092,0.84172,0.6544,0.54193,0.63401,0.92631,0.8284,0.62989,0.61972,0.75268,0.72654,1.0509,0.7246,0.35215,0.94263,0.78868,0.64003,0.65309,0.53858,0.44963,0.76911,0.90625,0.77199,0.80194,0.42085,0.95558
1224,0.67432,0.45075,0.7716,0.80702,0.62023,0.71035,0.38446,0.87454,0.73648,0.375,0.56694,0.73042,0.50488,0.56888,0.44309,0.31565,0.69444,0.60436,0.36106,0.8286,0.61255,0.50016,0.32974,0.6392,0.53692,1.1086,0.83964,0.65223,0.545,0.63712,0.92555,0.8276,0.62865,0.61968,0.75222,0.72605,1.0498,0.72481,0.35202,0.94275,0.78768,0.63899,0.65241,0.53755,0.44961,0.76801,0.90432,0.7707,0.8011,0.42048,0.95493
1225,0.67675,0.4511,0.77014,0.80776,0.61926,0.7104,0.38452,0.87467,0.73643,0.37534,0.56648,0.72981,0.50486,0.56819,0.44297,0.31571,0.69275,0.60364,0.36104,0.82823,0.61197,0.49898,0.3297,0.63755,0.53607,1.1074,0.83767,0.65066,0.54793,0.64025,0.92497,0.82667,0.62748,0.61957,0.75175,0.72544,1.049,0.72498,0.35193,0.943,0.78679,0.63798,0.65155,0.53665,0.44977,0.76702,0.90232,0.76944,0.80027,0.42012,0.95434
1226,0.6776,0.45128,0.76911,0.80842,0.61846,0.71021,0.38463,0.8749,0.73629,0.3756,0.56602,0.7292,0.50479,0.56758,0.44268,0.31584,0.69102,0.60321,0.36086,0.82793,0.61121,0.49774,0.32951,0.63586,0.53515,1.1063,0.83585,0.64911,0.55069,0.64348,0.92448,0.8258,0.62626,0.61933,0.75124,0.72479,1.0481,0.72498,0.35194,0.94316,0.78591,0.63699,0.65086,0.53565,0.44966,0.76605,0.90051,0.76793,0.79934,0.41978,0.95385
1227,0.67854,0.45194,0.76911,0.80967,0.61802,0.71011,0.38483,0.87509,0.73631,0.37586,0.56558,0.72875,0.50468,0.56703,0.44255,0.31596,0.68966,0.6032,0.36111,0.82813,0.61086,0.49694,0.32962,0.6343,0.53438,1.1058,0.83411,0.64771,0.5536,0.64663,0.92394,0.82499,0.62512,0.61921,0.75081,0.72423,1.0472,0.72519,0.35204,0.94342,0.78512,0.63597,0.65026,0.53478,0.4501,0.76516,0.89884,0.76691,0.7985,0.41945,0.9533
1228,0.67942,0.45207,0.76835,0.81047,0.61717,0.70993,0.38498,0.87513,0.73641,0.37599,0.56505,0.72816,0.50462,0.56644,0.44206,0.31589,0.68817,0.60281,0.36152,0.82801,0.60947,0.49544,0.32957,0.63278,0.53353,1.1046,0.83225,0.64641,0.55645,0.64972,0.92342,0.8241,0.62404,0.61918,0.75037,0.72348,1.0463,0.72538,0.35207,0.94348,0.78426,0.63486,0.64941,0.53381,0.45016,0.76424,0.89734,0.76573,0.79774,0.41909,0.95278
1229,0.6805,0.45248,0.76742,0.81155,0.61652,0.70984,0.38506,0.87522,0.7363,0.37613,0.56456,0.72759,0.5046,0.56583,0.44166,0.31605,0.68682,0.60261,0.36205,0.82761,0.60854,0.49436,0.32961,0.63132,0.53272,1.1035,0.83059,0.64545,0.55924,0.65277,0.92283,0.8232,0.62295,0.61912,0.74988,0.72299,1.0455,0.7255,0.35206,0.94361,0.78345,0.63384,0.64876,0.53289,0.45024,0.76333,0.89595,0.76464,0.79705,0.41876,0.95232
1230,0.68213,0.4534,0.76693,0.81244,0.61578,0.70967,0.38529,0.87538,0.73621,0.37639,0.56418,0.72692,0.50443,0.56519,0.44129,0.31612,0.68566,0.60248,0.36284,0.82746,0.60885,0.4933,0.3294,0.63001,0.53208,1.1027,0.82913,0.64396,0.56198,0.65573,0.92231,0.82246,0.62198,0.61912,0.74956,0.7227,1.0447,0.72572,0.35198,0.9438,0.78259,0.63277,0.64827,0.53203,0.4501,0.76248,0.89441,0.76378,0.79643,0.41844,0.95186
1231,0.68383,0.45415,0.76593,0.81308,0.61491,0.70928,0.38538,0.87535,0.736,0.37668,0.56381,0.72629,0.50429,0.5645,0.44081,0.31612,0.68476,0.60209,0.36306,0.82687,0.60888,0.49219,0.32927,0.62899,0.53135,1.1017,0.82753,0.64266,0.56477,0.65865,0.9218,0.82168,0.62114,0.61915,0.74922,0.72244,1.0441,0.72596,0.35172,0.94397,0.78182,0.63175,0.64766,0.53121,0.44983,0.76162,0.89273,0.76285,0.79577,0.41814,0.95141
1232,0.68573,0.45482,0.76464,0.81357,0.61426,0.70923,0.3853,0.87544,0.73577,0.37692,0.56344,0.72582,0.50426,0.5639,0.44056,0.3162,0.68384,0.6017,0.36299,0.82556,0.6082,0.49137,0.32929,0.6278,0.5306,1.1008,0.82607,0.64177,0.56749,0.66162,0.92122,0.82093,0.62024,0.61913,0.74885,0.72218,1.0435,0.72608,0.35164,0.94405,0.78103,0.63099,0.64719,0.53039,0.44962,0.76086,0.89071,0.76189,0.79517,0.41786,0.951
1233,0.68766,0.45569,0.76453,0.8145,0.61398,0.7092,0.38516,0.87565,0.73561,0.37713,0.56304,0.72535,0.50422,0.56347,0.44037,0.31634,0.68324,0.60144,0.36293,0.82513,0.60817,0.49033,0.32941,0.62666,0.53,1.1002,0.82478,0.64132,0.57003,0.66452,0.92073,0.82033,0.61932,0.61916,0.7485,0.72195,1.0427,0.72614,0.35155,0.94415,0.78026,0.63021,0.64664,0.52962,0.4492,0.76019,0.88901,0.7611,0.7945,0.41764,0.95056
1234,0.68948,0.45625,0.76393,0.81513,0.61347,0.7091,0.38506,0.87567,0.73545,0.37724,0.56268,0.72497,0.50409,0.56299,0.44017,0.31642,0.68224,0.60118,0.36262,0.82459,0.60708,0.48923,0.32949,0.62548,0.52937,1.0994,0.8235,0.64054,0.57256,0.66739,0.92035,0.81954,0.61845,0.61918,0.74811,0.72159,1.0419,0.7261,0.35152,0.94418,0.77965,0.62941,0.646,0.5289,0.44878,0.75949,0.88775,0.76015,0.79384,0.41741,0.95014
1235,0.69183,0.45704,0.76296,0.81569,0.61329,0.70942,0.38511,0.87593,0.73558,0.37742,0.56251,0.72474,0.50405,0.56247,0.44011,0.3165,0.68111,0.60114,0.36209,0.82386,0.60579,0.48876,0.32968,0.62422,0.52888,1.0991,0.82249,0.6398,0.57496,0.67018,0.91993,0.81892,0.61756,0.61925,0.74786,0.72124,1.0411,0.72615,0.35162,0.94424,0.77909,0.62884,0.64552,0.52834,0.44831,0.75877,0.88661,0.75939,0.79339,0.41716,0.94972
1236,0.69317,0.45779,0.76305,0.81675,0.61292,0.70924,0.38527,0.87612,0.73574,0.37757,0.56233,0.72433,0.50407,0.56213,0.43995,0.31658,0.6799,0.60106,0.36189,0.82352,0.60546,0.48809,0.32968,0.62309,0.52835,1.0987,0.82133,0.63907,0.5772,0.67292,0.91961,0.81842,0.6168,0.61929,0.74757,0.72092,1.0403,0.7263,0.35158,0.94436,0.77853,0.62813,0.64505,0.52783,0.448,0.75802,0.88558,0.75884,0.79295,0.41693,0.94932
1237,0.69402,0.45832,0.76271,0.81824,0.61225,0.70884,0.38543,0.87626,0.7357,0.37768,0.5622,0.72389,0.50403,0.5618,0.43971,0.31677,0.67869,0.60088,0.3622,0.82341,0.60542,0.48739,0.32955,0.62203,0.52775,1.0984,0.82028,0.63767,0.57929,0.67555,0.91933,0.81786,0.61609,0.61924,0.74725,0.72063,1.0396,0.7264,0.35152,0.94443,0.778,0.62726,0.64464,0.52738,0.44803,0.75732,0.88446,0.75803,0.79248,0.41672,0.94896
1238,0.69501,0.45882,0.76221,0.81945,0.61233,0.70873,0.38567,0.87656,0.73575,0.37788,0.562,0.72349,0.50395,0.56141,0.43954,0.31682,0.67803,0.60072,0.36234,0.82363,0.60591,0.48669,0.32939,0.62102,0.52723,1.0984,0.81946,0.63732,0.58135,0.67804,0.91904,0.81774,0.61537,0.61915,0.74701,0.72043,1.0389,0.72659,0.35147,0.94452,0.77754,0.62662,0.64435,0.52689,0.44818,0.75671,0.88328,0.75723,0.79206,0.41652,0.94865
1239,0.69575,0.45854,0.76235,0.81975,0.61204,0.70825,0.38581,0.87649,0.73576,0.37789,0.56166,0.72302,0.50382,0.56112,0.43929,0.31666,0.67721,0.60063,0.36247,0.82354,0.60629,0.48528,0.32905,0.62015,0.52664,1.0977,0.81856,0.63737,0.58344,0.68051,0.91862,0.81756,0.61466,0.61898,0.74666,0.72015,1.0383,0.72658,0.35137,0.94457,0.77706,0.62585,0.64406,0.52619,0.44821,0.75606,0.88205,0.75664,0.7917,0.4163,0.94829
1240,0.69638,0.45837,0.76206,0.82024,0.61138,0.7081,0.38593,0.87641,0.73576,0.37789,0.56143,0.72259,0.50361,0.56085,0.43899,0.31671,0.67656,0.60047,0.36262,0.82323,0.60652,0.48429,0.32851,0.61922,0.52616,1.0972,0.81791,0.63689,0.58531,0.68275,0.91818,0.81698,0.61392,0.61884,0.74626,0.71991,1.0377,0.72653,0.35134,0.94472,0.77658,0.62522,0.64374,0.52561,0.44833,0.75548,0.88075,0.75622,0.79135,0.41611,0.948
1241,0.69677,0.45873,0.7616,0.82106,0.61119,0.70823,0.38634,0.87652,0.73585,0.37804,0.56124,0.72226,0.50331,0.56059,0.43869,0.31671,0.67624,0.60028,0.36258,0.82316,0.60705,0.48391,0.3279,0.61828,0.52587,1.0969,0.81743,0.63687,0.58703,0.68484,0.91786,0.8166,0.61329,0.61872,0.74594,0.71979,1.0371,0.72657,0.35142,0.94489,0.77617,0.62483,0.64352,0.52515,0.44845,0.75499,0.87994,0.75606,0.791,0.41591,0.94776
1242,0.69747,0.45869,0.76136,0.82127,0.61061,0.70801,0.38647,0.87643,0.7359,0.37807,0.5611,0.72204,0.5031,0.56027,0.43841,0.31667,0.67553,0.60036,0.36295,0.82276,0.60691,0.48334,0.32761,0.61742,0.52548,1.0963,0.81669,0.63626,0.58864,0.68685,0.91753,0.81614,0.61271,0.61862,0.74562,0.71961,1.0367,0.72648,0.35137,0.94494,0.77567,0.62437,0.64337,0.52475,0.44846,0.75443,0.87927,0.7559,0.79074,0.4157,0.94757
1243,0.69839,0.45896,0.76118,0.82242,0.61006,0.70799,0.38643,0.87647,0.7361,0.37815,0.56099,0.72171,0.50312,0.56005,0.43825,0.31691,0.67496,0.60067,0.3637,0.82204,0.60668,0.48302,0.32746,0.61652,0.5251,1.0962,0.81621,0.63518,0.59021,0.68874,0.91725,0.81571,0.61222,0.61866,0.74528,0.71946,1.0362,0.72657,0.3513,0.94512,0.77519,0.62406,0.6431,0.52459,0.44847,0.75398,0.87824,0.75563,0.79051,0.41553,0.94742
1244,0.69978,0.45965,0.76097,0.82393,0.60995,0.7079,0.38647,0.87658,0.7362,0.37833,0.56075,0.72134,0.50312,0.55988,0.43816,0.31715,0.67462,0.60077,0.36405,0.82172,0.60664,0.4826,0.32744,0.61575,0.52471,1.0964,0.81569,0.63449,0.59174,0.69047,0.91696,0.81558,0.6117,0.61869,0.74496,0.71922,1.0358,0.72666,0.35126,0.94527,0.77476,0.62362,0.64283,0.52436,0.44856,0.75359,0.87746,0.75532,0.79023,0.41536,0.94719
1245,0.70194,0.46003,0.76061,0.82409,0.60974,0.70746,0.38634,0.87656,0.73614,0.37844,0.56054,0.72106,0.503,0.55953,0.43808,0.31725,0.67407,0.60081,0.36384,0.82147,0.60638,0.48181,0.32748,0.61514,0.52433,1.0961,0.81476,0.63427,0.59315,0.69212,0.91664,0.81544,0.61108,0.61867,0.74467,0.71909,1.0354,0.7266,0.35105,0.94529,0.77436,0.62312,0.64266,0.524,0.44901,0.75315,0.87684,0.75501,0.79007,0.4152,0.94695
1246,0.70387,0.46051,0.76002,0.82441,0.60959,0.70721,0.38634,0.8766,0.73601,0.37851,0.56038,0.72062,0.50299,0.55931,0.43797,0.3173,0.67341,0.60064,0.3638,0.82116,0.60639,0.48118,0.32738,0.61449,0.52399,1.0958,0.81416,0.63406,0.59422,0.69359,0.91638,0.81514,0.6105,0.61862,0.7443,0.71907,1.0349,0.72648,0.35092,0.94544,0.77404,0.62277,0.64249,0.52374,0.44925,0.75266,0.8759,0.75455,0.78986,0.41506,0.94673
1247,0.70594,0.4613,0.76024,0.82531,0.60966,0.70732,0.38654,0.8767,0.73597,0.3786,0.56041,0.72022,0.50306,0.55914,0.43807,0.31733,0.67282,0.60022,0.36396,0.82091,0.60732,0.48116,0.32738,0.61383,0.52371,1.0961,0.81375,0.63472,0.59517,0.69487,0.91609,0.81491,0.60995,0.61858,0.74404,0.7191,1.0344,0.7265,0.35091,0.94561,0.77381,0.62252,0.64244,0.5235,0.44952,0.75228,0.87538,0.75424,0.78967,0.41493,0.94646
1248,0.7069,0.46164,0.75987,0.82572,0.6095,0.70724,0.38654,0.87652,0.73555,0.37855,0.56036,0.71993,0.5029,0.55883,0.43779,0.31718,0.67234,0.59943,0.36351,0.82006,0.60728,0.48054,0.32697,0.61336,0.52352,1.0958,0.81313,0.63513,0.59583,0.69607,0.91581,0.81449,0.60953,0.6184,0.74362,0.71896,1.0339,0.72637,0.35081,0.94561,0.77339,0.62219,0.64231,0.52322,0.4493,0.75186,0.87512,0.75369,0.78934,0.41477,0.94625
1249,0.70804,0.46196,0.7605,0.82574,0.6093,0.70746,0.38657,0.87643,0.7355,0.37851,0.56052,0.71978,0.50284,0.55875,0.43768,0.31717,0.67202,0.5996,0.36384,0.82016,0.60737,0.48008,0.32725,0.61288,0.52347,1.0957,0.81288,0.63518,0.59617,0.69719,0.91577,0.81414,0.60919,0.61838,0.7434,0.71902,1.0334,0.72625,0.35082,0.94569,0.77329,0.62195,0.64246,0.52309,0.44922,0.75153,0.87475,0.75352,0.78917,0.41463,0.94614
1250,0.70954,0.4621,0.76125,0.8261,0.60916,0.70803,0.38666,0.8763,0.73546,0.37845,0.56059,0.71959,0.50295,0.55867,0.43757,0.31706,0.67173,0.59984,0.36372,0.82019,0.60778,0.47971,0.32744,0.61243,0.5233,1.0961,0.81289,0.63486,0.59664,0.69811,0.91568,0.81402,0.60888,0.61838,0.74322,0.7189,1.033,0.72605,0.35078,0.94581,0.77315,0.62166,0.64248,0.52304,0.44885,0.75127,0.87408,0.75338,0.78909,0.41448,0.94603
1251,0.71013,0.46174,0.76064,0.82635,0.60876,0.7084,0.38658,0.87617,0.73531,0.37834,0.56059,0.71945,0.50285,0.55842,0.43735,0.31713,0.67139,0.5997,0.36307,0.81985,0.60764,0.47902,0.32749,0.6122,0.52311,1.096,0.81261,0.63406,0.59709,0.69888,0.91545,0.81384,0.60852,0.61832,0.74283,0.71853,1.0325,0.72581,0.35076,0.94586,0.77286,0.62133,0.64239,0.52296,0.44851,0.7509,0.87356,0.75338,0.78899,0.41433,0.94588
1252,0.71145,0.46168,0.76079,0.82685,0.60865,0.70866,0.38663,0.87617,0.7353,0.37841,0.56074,0.71941,0.50274,0.55834,0.43742,0.31733,0.67112,0.59991,0.3633,0.82007,0.60814,0.4789,0.32762,0.61201,0.52305,1.0962,0.81269,0.63389,0.59736,0.69955,0.91538,0.81379,0.60818,0.61843,0.74261,0.71842,1.0322,0.72563,0.35076,0.94589,0.77277,0.62108,0.64252,0.52297,0.44854,0.75066,0.87343,0.75365,0.78906,0.4142,0.94577
1253,0.71283,0.46192,0.76051,0.82731,0.60877,0.70865,0.38672,0.87639,0.73527,0.3785,0.56075,0.71911,0.50272,0.55839,0.43734,0.31736,0.67081,0.60015,0.36387,0.82053,0.60838,0.47885,0.32748,0.61173,0.52291,1.0965,0.81273,0.63393,0.59768,0.7,0.91538,0.81358,0.60784,0.61859,0.74246,0.71838,1.0319,0.72545,0.35073,0.94601,0.77268,0.62084,0.64255,0.52306,0.44872,0.75037,0.87301,0.754,0.78916,0.41406,0.94566
1254,0.71371,0.46215,0.75975,0.82764,0.60877,0.70811,0.38684,0.87666,0.73522,0.37852,0.56075,0.7189,0.50262,0.55824,0.43733,0.31723,0.67047,0.59981,0.36342,0.81985,0.60822,0.47882,0.3273,0.61136,0.52284,1.0968,0.8125,0.63424,0.59771,0.70038,0.91535,0.81335,0.60749,0.6186,0.74215,0.71827,1.0316,0.72524,0.35063,0.94608,0.77248,0.62053,0.6427,0.52312,0.44882,0.75013,0.87301,0.75403,0.7892,0.41396,0.94553
1255,0.71465,0.46207,0.75962,0.82858,0.60863,0.70799,0.38678,0.87664,0.73515,0.3786,0.56076,0.719,0.50264,0.55831,0.43729,0.31724,0.67033,0.59956,0.3638,0.81929,0.60808,0.4787,0.32728,0.61122,0.52282,1.0972,0.81249,0.63484,0.59747,0.7007,0.91538,0.81323,0.60725,0.61865,0.74197,0.71824,1.0315,0.72519,0.35056,0.94608,0.77226,0.62046,0.64289,0.52319,0.44859,0.74999,0.8731,0.75401,0.78922,0.41385,0.94545
1256,0.71498,0.4623,0.75899,0.8287,0.60807,0.70752,0.38666,0.87635,0.73493,0.37854,0.56062,0.71903,0.50279,0.55862,0.43711,0.31702,0.67035,0.5992,0.36438,0.81891,0.60677,0.47866,0.32731,0.6111,0.52272,1.0975,0.8124,0.63487,0.59715,0.70086,0.91552,0.81297,0.60704,0.61857,0.74195,0.71829,1.0314,0.72529,0.35038,0.94599,0.77215,0.6203,0.64308,0.52319,0.44809,0.74984,0.87293,0.7537,0.78924,0.41372,0.94539
1257,0.71549,0.46239,0.75863,0.82823,0.60779,0.70729,0.38655,0.87592,0.73478,0.37846,0.56069,0.71893,0.50282,0.55864,0.43696,0.31689,0.66999,0.59891,0.36413,0.81807,0.60618,0.47852,0.32713,0.61109,0.52263,1.0979,0.81223,0.63453,0.59664,0.70077,0.91555,0.8128,0.60679,0.61825,0.74171,0.71823,1.0311,0.72513,0.35026,0.94584,0.77203,0.62017,0.64323,0.52322,0.44724,0.74974,0.87275,0.75301,0.78926,0.41364,0.94527
1258,0.71654,0.4618,0.75861,0.82859,0.60759,0.70755,0.38636,0.87552,0.73466,0.37849,0.56095,0.71891,0.50289,0.55873,0.43695,0.31697,0.66948,0.599,0.36387,0.81802,0.60578,0.4783,0.32661,0.61135,0.52251,1.0982,0.81228,0.63398,0.5959,0.70062,0.91556,0.81248,0.60667,0.61821,0.74151,0.71823,1.0309,0.72502,0.35023,0.94577,0.77197,0.62033,0.64334,0.52336,0.44649,0.74974,0.87228,0.75256,0.78931,0.41359,0.94521
1259,0.71685,0.46171,0.75856,0.82818,0.6075,0.7073,0.38614,0.87512,0.7345,0.37836,0.56111,0.71869,0.50276,0.55878,0.43692,0.3169,0.66916,0.59908,0.36352,0.81789,0.60519,0.4781,0.32625,0.61149,0.52233,1.0983,0.81222,0.63336,0.59503,0.70031,0.91556,0.81194,0.60652,0.618,0.74127,0.71815,1.0305,0.72489,0.35011,0.94558,0.7719,0.62026,0.64334,0.52344,0.44586,0.74967,0.87208,0.7524,0.7893,0.41355,0.9452
1260,0.71731,0.4622,0.75987,0.82826,0.60815,0.70725,0.3861,0.87493,0.73461,0.37839,0.56125,0.7185,0.50271,0.55875,0.43689,0.31699,0.66918,0.59952,0.36296,0.81794,0.60567,0.47785,0.3258,0.6116,0.52223,1.0989,0.81244,0.63366,0.59414,0.69983,0.91573,0.81167,0.60646,0.61778,0.74096,0.71822,1.0302,0.72451,0.35006,0.94539,0.77197,0.62022,0.64338,0.52363,0.44545,0.74968,0.87249,0.75252,0.78938,0.41358,0.94521
1261,0.71781,0.4621,0.76075,0.82862,0.60823,0.70724,0.38613,0.87462,0.73452,0.37832,0.56129,0.71846,0.50278,0.55886,0.43693,0.31704,0.6694,0.59963,0.36283,0.81835,0.60603,0.47765,0.3257,0.6118,0.5221,1.0989,0.8126,0.63401,0.59317,0.69936,0.91583,0.81123,0.60643,0.61785,0.74067,0.71828,1.0298,0.72413,0.34998,0.94512,0.77198,0.62032,0.64344,0.5238,0.44508,0.74967,0.87242,0.75288,0.78938,0.41357,0.94522
1262,0.71775,0.46201,0.76118,0.82821,0.6079,0.70708,0.38606,0.87415,0.73436,0.37811,0.56123,0.71836,0.50273,0.55898,0.437,0.317,0.66981,0.59941,0.36293,0.81802,0.60667,0.47783,0.32613,0.61197,0.52197,1.0988,0.81264,0.63393,0.59229,0.69871,0.91595,0.81081,0.60634,0.61779,0.7404,0.71828,1.0296,0.72385,0.3499,0.94467,0.77193,0.62035,0.64359,0.52385,0.44431,0.74965,0.87264,0.75343,0.7893,0.41354,0.94521
1263,0.71753,0.46206,0.76183,0.82839,0.60801,0.70726,0.38584,0.87368,0.73435,0.37792,0.56131,0.7184,0.50284,0.55904,0.43707,0.31685,0.66999,0.59956,0.36332,0.81774,0.60746,0.47804,0.32612,0.61232,0.52196,1.0988,0.81284,0.63474,0.59136,0.69779,0.91622,0.8109,0.6063,0.61765,0.7401,0.71837,1.0294,0.72353,0.34993,0.94439,0.77191,0.62034,0.64379,0.524,0.44377,0.74959,0.87314,0.75372,0.78938,0.4135,0.94514
1264,0.71785,0.46189,0.76134,0.82808,0.60778,0.70719,0.38542,0.87315,0.7342,0.37749,0.56139,0.71838,0.50292,0.55906,0.43721,0.31643,0.66966,0.59956,0.36307,0.8173,0.60748,0.47829,0.32582,0.6128,0.52203,1.0979,0.8129,0.63493,0.59009,0.69688,0.9164,0.81065,0.60632,0.61754,0.73994,0.71847,1.0292,0.72341,0.34984,0.94414,0.77189,0.62023,0.64394,0.52412,0.44288,0.74945,0.873,0.75321,0.78951,0.41343,0.94503
1265,0.71792,0.46159,0.76146,0.82749,0.60751,0.70723,0.38517,0.87289,0.73408,0.37717,0.56137,0.71825,0.50273,0.55909,0.43731,0.31628,0.66946,0.59977,0.36287,0.81693,0.60777,0.47844,0.32557,0.61327,0.52199,1.0974,0.81295,0.63348,0.58868,0.69579,0.91647,0.81018,0.60632,0.6173,0.73985,0.7185,1.029,0.72335,0.34971,0.9436,0.77177,0.62009,0.64406,0.52416,0.44217,0.74928,0.8729,0.75259,0.78954,0.41338,0.94495
1266,0.7164,0.46122,0.76246,0.82713,0.60782,0.7076,0.38507,0.87269,0.73411,0.37701,0.56163,0.71852,0.50265,0.55921,0.43751,0.31621,0.6696,0.60025,0.36332,0.81717,0.60808,0.4783,0.32493,0.61388,0.52202,1.0975,0.81323,0.63341,0.58699,0.6946,0.91668,0.81009,0.60643,0.61715,0.73981,0.71864,1.0288,0.72327,0.34962,0.94332,0.77173,0.62009,0.64423,0.52446,0.44198,0.74918,0.87304,0.75219,0.78973,0.41341,0.94488
1267,0.71541,0.46046,0.76199,0.82644,0.60783,0.70745,0.38484,0.87232,0.73398,0.3767,0.56177,0.71851,0.50259,0.55931,0.43756,0.31609,0.66956,0.60014,0.36287,0.81738,0.6082,0.47838,0.32464,0.61444,0.52201,1.097,0.81327,0.63372,0.58505,0.69343,0.91668,0.80952,0.60652,0.61706,0.73968,0.71868,1.0285,0.72307,0.34943,0.94302,0.77169,0.6201,0.64438,0.52468,0.44175,0.74911,0.87274,0.75149,0.78977,0.4134,0.94477
1268,0.71509,0.45958,0.76206,0.82654,0.60782,0.70754,0.38479,0.87226,0.73388,0.37651,0.56193,0.71851,0.50254,0.55956,0.43753,0.31615,0.66983,0.60017,0.36302,0.81799,0.60939,0.4789,0.3252,0.61492,0.52207,1.0977,0.81346,0.63334,0.58315,0.69231,0.91674,0.80886,0.60675,0.61702,0.73962,0.71877,1.0284,0.72283,0.34941,0.94274,0.77168,0.62028,0.64461,0.52496,0.4417,0.74934,0.87281,0.75151,0.78969,0.41342,0.94479
1269,0.7141,0.45916,0.76221,0.82672,0.60781,0.7073,0.38463,0.87193,0.73391,0.37633,0.56225,0.71855,0.50266,0.55977,0.43753,0.31612,0.67016,0.60006,0.36304,0.81827,0.61003,0.47913,0.32528,0.6155,0.52217,1.0982,0.81368,0.63392,0.58123,0.69098,0.91687,0.80867,0.60694,0.617,0.73943,0.71885,1.0284,0.72255,0.3493,0.94242,0.77166,0.62043,0.64469,0.52526,0.44183,0.74956,0.87311,0.75163,0.78975,0.41347,0.94478
1270,0.71313,0.45862,0.76183,0.82657,0.60738,0.70675,0.38437,0.87143,0.73391,0.37596,0.56248,0.71841,0.50269,0.5598,0.43719,0.31579,0.67033,0.59928,0.36206,0.81749,0.6101,0.47908,0.32505,0.61615,0.52228,1.098,0.81382,0.63503,0.57929,0.68961,0.91687,0.80836,0.60705,0.61678,0.73909,0.71888,1.0282,0.72216,0.34912,0.94199,0.77158,0.62059,0.64481,0.52535,0.44214,0.74966,0.87339,0.75125,0.78983,0.41351,0.94471
1271,0.7125,0.45827,0.76107,0.8266,0.60734,0.70637,0.38406,0.87107,0.73393,0.37574,0.5626,0.71835,0.50271,0.55981,0.43692,0.31578,0.67065,0.5992,0.3618,0.81687,0.6102,0.47919,0.32502,0.61684,0.52236,1.0979,0.81406,0.63518,0.57732,0.6881,0.91679,0.80814,0.60727,0.61661,0.73894,0.71901,1.0283,0.72198,0.3489,0.94154,0.77155,0.62066,0.64471,0.52546,0.44181,0.74979,0.87336,0.75095,0.78989,0.41354,0.94471
1272,0.71197,0.45853,0.76197,0.82632,0.60727,0.70613,0.38396,0.87077,0.73388,0.37565,0.56269,0.71847,0.50258,0.56004,0.43683,0.31596,0.6708,0.59955,0.36176,0.81672,0.61024,0.47937,0.32509,0.61754,0.52238,1.098,0.81415,0.63497,0.57546,0.68651,0.91682,0.8083,0.60753,0.61677,0.73882,0.71922,1.0283,0.72188,0.34868,0.94103,0.7716,0.62079,0.64464,0.52547,0.44165,0.75005,0.87387,0.75127,0.79003,0.4136,0.94481
1273,0.70992,0.45834,0.76104,0.82498,0.60691,0.7056,0.38369,0.87018,0.73381,0.37534,0.56265,0.7186,0.5023,0.56004,0.43665,0.31579,0.67068,0.59966,0.36118,0.81617,0.60875,0.47886,0.32433,0.61824,0.52242,1.0971,0.81398,0.63463,0.57349,0.68494,0.91678,0.80815,0.60757,0.61667,0.73846,0.71931,1.0283,0.72151,0.34846,0.94037,0.77156,0.62088,0.64464,0.52539,0.44176,0.75011,0.8736,0.7509,0.79004,0.41367,0.94483
1274,0.70855,0.45784,0.76002,0.82384,0.6072,0.70558,0.38341,0.86992,0.73393,0.37507,0.56272,0.71884,0.50213,0.56021,0.43671,0.31574,0.67085,0.60019,0.36116,0.81633,0.60814,0.47939,0.32386,0.61871,0.52247,1.097,0.81424,0.63488,0.5715,0.68337,0.91674,0.80814,0.60773,0.61666,0.73839,0.71944,1.0284,0.7212,0.34839,0.94006,0.77184,0.6211,0.64469,0.52561,0.44189,0.75027,0.87349,0.75082,0.79011,0.41377,0.94494
1275,0.70725,0.45742,0.76007,0.82334,0.60719,0.70552,0.38323,0.86977,0.73397,0.37468,0.5629,0.71891,0.502,0.56041,0.43698,0.31567,0.67091,0.6005,0.36102,0.81726,0.60779,0.47972,0.32358,0.619,0.52257,1.0968,0.81422,0.63498,0.56937,0.68175,0.91675,0.80827,0.60798,0.61655,0.73828,0.71956,1.0283,0.72074,0.34832,0.93976,0.77216,0.62131,0.64477,0.52576,0.44225,0.75042,0.87404,0.75082,0.79022,0.41387,0.94516
1276,0.70512,0.45673,0.75951,0.82285,0.60694,0.70544,0.38314,0.86963,0.73389,0.37421,0.56323,0.71901,0.50202,0.56032,0.43723,0.31542,0.67129,0.60032,0.3611,0.81822,0.60701,0.47962,0.32301,0.61934,0.52275,1.0959,0.81429,0.63498,0.56706,0.68007,0.91661,0.80805,0.60814,0.61622,0.73807,0.71974,1.0282,0.72017,0.34819,0.93935,0.77219,0.62146,0.64481,0.52584,0.44291,0.75047,0.87407,0.75049,0.79034,0.41398,0.94524
1277,0.70428,0.4559,0.75949,0.82267,0.60703,0.70539,0.38313,0.86966,0.73375,0.37396,0.56366,0.71919,0.50213,0.56041,0.43741,0.31534,0.67196,0.60051,0.36141,0.81901,0.60741,0.48004,0.32277,0.61964,0.52289,1.0955,0.81471,0.63537,0.5649,0.6783,0.91647,0.80821,0.60841,0.61618,0.73812,0.71997,1.0282,0.71995,0.34818,0.93902,0.77238,0.6218,0.64482,0.52621,0.44355,0.75059,0.87446,0.75058,0.79046,0.41409,0.94535
1278,0.70306,0.45562,0.75952,0.82238,0.60643,0.70485,0.38296,0.86931,0.73349,0.3737,0.56394,0.71911,0.5021,0.56045,0.43773,0.31536,0.67199,0.60028,0.36111,0.81942,0.60708,0.47957,0.32271,0.61978,0.52282,1.0946,0.81461,0.63513,0.56266,0.67641,0.91641,0.80836,0.60863,0.61607,0.73797,0.72015,1.0281,0.7197,0.348,0.93856,0.77243,0.62195,0.64481,0.52626,0.44395,0.75068,0.87436,0.75069,0.79048,0.41415,0.94545
1279,0.70129,0.4558,0.75944,0.82209,0.60615,0.7046,0.3828,0.86905,0.73343,0.37351,0.56417,0.71901,0.50201,0.56057,0.43801,0.31536,0.67207,0.60004,0.36097,0.81998,0.60721,0.47955,0.32256,0.62016,0.52287,1.0942,0.81464,0.63519,0.56042,0.67466,0.91633,0.80826,0.60879,0.61612,0.73783,0.72043,1.0282,0.71948,0.34777,0.93829,0.77245,0.62221,0.64494,0.52632,0.44465,0.75086,0.87417,0.75114,0.79052,0.41424,0.94545
1280,0.69982,0.45578,0.75977,0.82201,0.60601,0.70434,0.38278,0.86883,0.73348,0.3731,0.56412,0.7189,0.5018,0.56056,0.43796,0.31535,0.67214,0.60021,0.36046,0.82003,0.60786,0.47949,0.32257,0.62051,0.5229,1.0942,0.81467,0.63531,0.55812,0.6729,0.91622,0.80823,0.60892,0.61607,0.73778,0.72071,1.0282,0.71921,0.34775,0.9379,0.77249,0.6225,0.64484,0.52647,0.44494,0.75095,0.87406,0.75123,0.79046,0.41433,0.94549
1281,0.69692,0.455,0.75962,0.82136,0.60546,0.70373,0.3826,0.86874,0.7335,0.37274,0.5639,0.71855,0.50151,0.56067,0.43757,0.31527,0.67191,0.60022,0.35904,0.81943,0.60792,0.47939,0.32256,0.62086,0.52279,1.0942,0.8146,0.63544,0.55598,0.6712,0.91605,0.80844,0.60902,0.61584,0.73776,0.72089,1.0282,0.71904,0.34784,0.9377,0.77255,0.62279,0.6448,0.52653,0.4452,0.751,0.87385,0.75119,0.79036,0.41442,0.94561
1282,0.69513,0.45451,0.75914,0.8207,0.60529,0.70341,0.38246,0.86872,0.73364,0.37246,0.56384,0.71827,0.50128,0.56048,0.43759,0.3152,0.67165,0.60009,0.35854,0.81985,0.60815,0.4794,0.32257,0.62109,0.52289,1.0937,0.81463,0.63559,0.55393,0.66961,0.9159,0.8083,0.60914,0.6154,0.73753,0.72125,1.0283,0.71867,0.34778,0.93757,0.77258,0.62289,0.64476,0.5265,0.44528,0.75112,0.87408,0.75099,0.79038,0.41453,0.94569
1283,0.69466,0.45428,0.75921,0.82068,0.60569,0.70326,0.3825,0.8688,0.73358,0.37199,0.56374,0.71813,0.50112,0.56041,0.43736,0.31514,0.67152,0.60039,0.35837,0.82062,0.60912,0.47991,0.32259,0.62144,0.5233,1.0936,0.81485,0.63598,0.5517,0.66799,0.9157,0.80837,0.60928,0.61498,0.73742,0.72158,1.0283,0.71823,0.34784,0.93736,0.77262,0.62316,0.64448,0.52665,0.44543,0.75131,0.8744,0.75056,0.79051,0.41465,0.94584
1284,0.69375,0.45368,0.75857,0.82047,0.60522,0.70286,0.38238,0.86871,0.73326,0.37175,0.5637,0.71802,0.50104,0.56043,0.43726,0.31494,0.67135,0.60044,0.35749,0.82044,0.60936,0.4798,0.32252,0.62151,0.52343,1.0933,0.81491,0.63644,0.54963,0.66634,0.91556,0.80838,0.60938,0.6146,0.73724,0.72169,1.0283,0.71802,0.34774,0.93711,0.77262,0.62328,0.64443,0.52668,0.44544,0.7514,0.87415,0.75029,0.79048,0.41474,0.94593
1285,0.69422,0.45402,0.75848,0.82071,0.60502,0.70283,0.38225,0.86851,0.73335,0.37182,0.56383,0.71799,0.50106,0.56035,0.43759,0.31496,0.67146,0.60066,0.35795,0.82111,0.61047,0.47963,0.32246,0.62132,0.52354,1.0934,0.81502,0.63684,0.54772,0.66473,0.91552,0.80819,0.60947,0.61429,0.73701,0.722,1.0284,0.71778,0.34757,0.9369,0.77276,0.6233,0.6446,0.52673,0.44557,0.75162,0.87427,0.75058,0.79054,0.4148,0.94595
1286,0.69369,0.45411,0.75861,0.82052,0.60499,0.70249,0.38223,0.86833,0.73326,0.37155,0.56385,0.71793,0.50096,0.5603,0.43762,0.31507,0.67168,0.60066,0.35813,0.82187,0.61044,0.47951,0.32227,0.62125,0.52361,1.0938,0.81514,0.63701,0.54553,0.6631,0.91532,0.80828,0.6095,0.61411,0.73696,0.72216,1.0285,0.71736,0.34756,0.93677,0.77285,0.62346,0.64455,0.52671,0.44609,0.75179,0.87417,0.75089,0.79063,0.41485,0.94598
1287,0.69231,0.45348,0.75852,0.82076,0.60442,0.70192,0.38223,0.86834,0.73299,0.37119,0.56393,0.71786,0.50086,0.56005,0.43765,0.315,0.67192,0.60066,0.35773,0.82173,0.6094,0.47931,0.32198,0.62116,0.52348,1.0938,0.81524,0.63731,0.54356,0.66154,0.91512,0.80837,0.60962,0.61394,0.73701,0.72227,1.0284,0.717,0.34747,0.9368,0.77286,0.62366,0.64456,0.52652,0.4463,0.75177,0.87395,0.75115,0.79064,0.41494,0.946
1288,0.69181,0.45318,0.75915,0.82113,0.60424,0.70137,0.38227,0.86852,0.73296,0.37103,0.56416,0.71766,0.50089,0.55978,0.43784,0.31516,0.67207,0.60094,0.35809,0.82204,0.6099,0.47934,0.32176,0.62096,0.52349,1.0937,0.81539,0.63726,0.54176,0.66001,0.91487,0.80847,0.60972,0.61372,0.73686,0.72267,1.0284,0.71663,0.34741,0.93689,0.77293,0.62382,0.64463,0.52651,0.44673,0.75174,0.87403,0.75148,0.79067,0.41502,0.94607
1289,0.69068,0.45292,0.75971,0.8206,0.60415,0.70062,0.38238,0.86844,0.73274,0.37069,0.56431,0.71752,0.50082,0.55956,0.43797,0.31554,0.67208,0.60063,0.35786,0.82255,0.60936,0.479,0.32133,0.62077,0.52365,1.0937,0.8156,0.63651,0.53984,0.65858,0.91446,0.80868,0.60974,0.61341,0.7367,0.723,1.0283,0.71614,0.34731,0.93701,0.77297,0.62393,0.64453,0.52654,0.44707,0.75175,0.87384,0.75161,0.79067,0.4151,0.94624
1290,0.69036,0.45293,0.75972,0.82075,0.60399,0.70003,0.38244,0.86815,0.73251,0.37058,0.56443,0.71743,0.50082,0.55929,0.43801,0.31564,0.67206,0.60045,0.35763,0.82292,0.6094,0.47866,0.32084,0.62047,0.52376,1.0936,0.81578,0.63629,0.5379,0.65717,0.91404,0.80878,0.60985,0.61303,0.73658,0.72322,1.0283,0.71577,0.34709,0.9371,0.77299,0.62402,0.64439,0.52645,0.44692,0.75185,0.8734,0.75178,0.79057,0.41515,0.94636
1291,0.69081,0.45347,0.75966,0.82108,0.6041,0.69949,0.3824,0.86791,0.73245,0.37086,0.56446,0.71707,0.501,0.55914,0.43801,0.31567,0.67204,0.60064,0.35775,0.82358,0.61102,0.4782,0.32058,0.62,0.52381,1.0939,0.81589,0.63668,0.53593,0.65585,0.91372,0.8089,0.60994,0.61271,0.73622,0.7235,1.0283,0.71541,0.34693,0.9374,0.7731,0.624,0.64431,0.52642,0.44689,0.75206,0.87353,0.75225,0.79047,0.41516,0.94647
1292,0.69108,0.45359,0.75922,0.82087,0.60397,0.6992,0.3823,0.86764,0.73233,0.37083,0.56442,0.71681,0.50103,0.55876,0.43778,0.31576,0.67205,0.60041,0.35793,0.82414,0.6112,0.47787,0.32026,0.61962,0.52395,1.0942,0.8158,0.63679,0.53411,0.6546,0.9134,0.80901,0.60995,0.61232,0.7359,0.72374,1.0282,0.71507,0.34681,0.93764,0.77313,0.62393,0.64412,0.52631,0.44686,0.75227,0.8736,0.75266,0.79032,0.41516,0.94655
1293,0.69208,0.45327,0.75913,0.82145,0.60401,0.69926,0.38219,0.86768,0.73219,0.37085,0.56453,0.7167,0.50105,0.5584,0.43784,0.31587,0.67233,0.60049,0.35863,0.82425,0.61167,0.4782,0.32013,0.61928,0.52416,1.0945,0.81594,0.63788,0.53238,0.65337,0.91315,0.80919,0.61005,0.61201,0.7357,0.72401,1.0281,0.71496,0.34678,0.93787,0.77315,0.6242,0.64392,0.52623,0.447,0.75252,0.87329,0.75298,0.79024,0.41518,0.94654
1294,0.69253,0.45328,0.75994,0.82233,0.60413,0.69919,0.3821,0.86792,0.73209,0.37082,0.56456,0.71651,0.50111,0.55821,0.43802,0.31596,0.67246,0.60094,0.35899,0.82441,0.61219,0.47826,0.32024,0.61879,0.52433,1.0951,0.81621,0.63872,0.53088,0.65233,0.91285,0.80924,0.6101,0.61176,0.73543,0.72428,1.0281,0.71478,0.34686,0.93808,0.77314,0.62447,0.64374,0.52622,0.4475,0.75264,0.87324,0.75328,0.79022,0.41519,0.94657
1295,0.69325,0.4532,0.75993,0.82268,0.60383,0.69914,0.38198,0.86807,0.73183,0.37056,0.56454,0.71633,0.50115,0.55784,0.43796,0.31603,0.67211,0.60143,0.35829,0.8242,0.6123,0.47804,0.31996,0.61818,0.52454,1.0954,0.81622,0.63869,0.52964,0.6513,0.9125,0.80911,0.61001,0.61147,0.73501,0.72463,1.0281,0.71465,0.34684,0.93797,0.77312,0.62446,0.64358,0.52616,0.44805,0.75261,0.87338,0.75338,0.7902,0.41518,0.94658
1296,0.69426,0.45312,0.76013,0.82281,0.60366,0.69932,0.38196,0.86813,0.73156,0.37042,0.56459,0.71635,0.50109,0.55753,0.43791,0.31624,0.67224,0.6016,0.35834,0.82464,0.6125,0.47799,0.31985,0.61776,0.52473,1.0962,0.81644,0.63801,0.52821,0.6502,0.91214,0.80906,0.60996,0.61136,0.73469,0.72491,1.0283,0.71457,0.34678,0.93785,0.77309,0.62458,0.64357,0.52603,0.44842,0.75261,0.87336,0.75355,0.7902,0.41519,0.94673
1297,0.69526,0.45382,0.75998,0.82398,0.60384,0.69915,0.38193,0.86818,0.73141,0.37023,0.56453,0.7163,0.50083,0.55747,0.43787,0.31627,0.6723,0.60209,0.35837,0.82547,0.6126,0.47752,0.31995,0.61718,0.52468,1.0971,0.81662,0.63753,0.52704,0.64921,0.91192,0.80892,0.60998,0.61121,0.73458,0.72517,1.0285,0.71429,0.34681,0.93798,0.77307,0.62462,0.6434,0.52601,0.44875,0.75273,0.87346,0.75394,0.79024,0.41518,0.94687
1298,0.69585,0.45438,0.75884,0.824,0.6037,0.69862,0.38202,0.8679,0.73102,0.37002,0.56432,0.71616,0.50062,0.55718,0.43762,0.31613,0.67188,0.60203,0.35774,0.82551,0.61172,0.47673,0.31983,0.61664,0.52464,1.0976,0.81638,0.63712,0.52578,0.64827,0.91148,0.80887,0.60985,0.6109,0.73432,0.72538,1.0285,0.71395,0.34661,0.93804,0.77286,0.62431,0.64312,0.52601,0.44873,0.75271,0.87366,0.75426,0.79028,0.41513,0.94704
1299,0.69761,0.45485,0.7586,0.82423,0.60386,0.69827,0.38217,0.86789,0.73063,0.37003,0.56433,0.71615,0.50066,0.55683,0.43771,0.31608,0.67197,0.60204,0.35821,0.82621,0.61207,0.47645,0.32016,0.61628,0.52466,1.0987,0.81653,0.63722,0.52456,0.64721,0.91105,0.8091,0.60984,0.61087,0.73409,0.72552,1.0285,0.71381,0.34651,0.93824,0.77278,0.62444,0.64297,0.52613,0.44869,0.75271,0.87377,0.75459,0.79035,0.41513,0.94718
1300,0.69885,0.45497,0.75856,0.82537,0.60368,0.69772,0.38221,0.86796,0.73018,0.36983,0.56429,0.71597,0.50062,0.55656,0.43802,0.31612,0.67178,0.60224,0.35842,0.82595,0.61291,0.47594,0.32032,0.61572,0.52463,1.0996,0.8167,0.63739,0.52353,0.64621,0.91075,0.80909,0.60993,0.61053,0.73385,0.72564,1.0284,0.71367,0.34644,0.93863,0.77274,0.62461,0.64264,0.52621,0.44883,0.75263,0.87343,0.75502,0.79032,0.41509,0.94722
1301,0.70011,0.45512,0.75843,0.82593,0.60333,0.69716,0.38224,0.86788,0.72943,0.36963,0.56402,0.71565,0.50073,0.5561,0.43809,0.31617,0.67159,0.60238,0.35848,0.82582,0.61303,0.47546,0.32038,0.61511,0.52478,1.1007,0.8168,0.63807,0.52265,0.64542,0.91032,0.80901,0.60992,0.61001,0.73349,0.72572,1.0283,0.71366,0.34626,0.93879,0.77256,0.62471,0.64226,0.5261,0.44904,0.75258,0.87311,0.75542,0.79031,0.41503,0.94721
1302,0.7026,0.45553,0.75892,0.82701,0.6035,0.6973,0.38223,0.86802,0.72887,0.36959,0.56377,0.71538,0.50102,0.55558,0.43796,0.31636,0.67161,0.60294,0.35874,0.82686,0.61335,0.4752,0.32049,0.61451,0.52505,1.102,0.81696,0.63867,0.52196,0.64454,0.91,0.80892,0.60998,0.60973,0.73317,0.72589,1.0284,0.71371,0.34622,0.93905,0.77263,0.62513,0.64207,0.52591,0.44958,0.75273,0.87314,0.75602,0.79032,0.415,0.94726
1303,0.70408,0.45585,0.75904,0.82794,0.60345,0.6975,0.38214,0.86814,0.72843,0.36933,0.56352,0.71497,0.50108,0.55515,0.43754,0.3165,0.67124,0.60294,0.35891,0.82637,0.61324,0.47466,0.3201,0.61384,0.52515,1.1033,0.81671,0.63821,0.52136,0.64351,0.90965,0.80844,0.61002,0.60922,0.7329,0.72609,1.0284,0.71362,0.34604,0.93936,0.77255,0.6253,0.64184,0.52554,0.4502,0.75276,0.87258,0.75666,0.79016,0.41491,0.94732
1304,0.70546,0.45666,0.75897,0.82906,0.6036,0.69792,0.38225,0.86826,0.72804,0.3691,0.56344,0.71472,0.50113,0.55467,0.43719,0.31664,0.67104,0.60272,0.35953,0.82633,0.61322,0.47421,0.32008,0.61321,0.52522,1.1048,0.81664,0.63834,0.52081,0.64267,0.90925,0.80821,0.61,0.60881,0.73267,0.72629,1.0286,0.71368,0.34584,0.93946,0.77218,0.62538,0.64163,0.52537,0.45064,0.75288,0.87245,0.75708,0.78998,0.4148,0.94739
1305,0.70709,0.45688,0.75863,0.83067,0.60373,0.69828,0.3823,0.86834,0.72779,0.36876,0.56323,0.71454,0.50126,0.55405,0.43712,0.31672,0.67087,0.60296,0.35965,0.82675,0.61328,0.47391,0.3198,0.61254,0.52527,1.106,0.81657,0.63848,0.52062,0.64179,0.90887,0.80843,0.60995,0.60858,0.73245,0.72665,1.0288,0.71372,0.34579,0.93969,0.77195,0.62547,0.64146,0.52538,0.4509,0.75297,0.87292,0.75756,0.78986,0.41471,0.94749
1306,0.70788,0.45704,0.75811,0.83206,0.60335,0.698,0.38217,0.86823,0.72749,0.36836,0.56298,0.71419,0.50125,0.55343,0.43701,0.31682,0.6705,0.60306,0.35986,0.82638,0.61351,0.47358,0.31915,0.61184,0.5252,1.1071,0.81625,0.63794,0.52035,0.641,0.90843,0.80823,0.60986,0.60829,0.73217,0.72683,1.0289,0.7139,0.34567,0.93991,0.7717,0.62538,0.64121,0.52526,0.45097,0.75296,0.87276,0.75783,0.78972,0.4146,0.9476
1307,0.70938,0.45746,0.75804,0.83335,0.60325,0.69777,0.38216,0.86804,0.72706,0.36822,0.56275,0.71383,0.50121,0.55284,0.4369,0.31699,0.67045,0.60315,0.3602,0.82643,0.61434,0.47304,0.31888,0.61116,0.52514,1.1084,0.81638,0.63764,0.5201,0.64045,0.90803,0.80795,0.60983,0.60799,0.7319,0.72693,1.0289,0.71421,0.34555,0.9401,0.77153,0.62533,0.64083,0.52527,0.45083,0.75305,0.87284,0.7581,0.78965,0.4145,0.94765
1308,0.71133,0.45737,0.75832,0.83411,0.60293,0.69764,0.38221,0.86786,0.72674,0.36817,0.56246,0.71357,0.50114,0.55232,0.43671,0.31713,0.67061,0.60398,0.36123,0.82701,0.61522,0.47249,0.31942,0.61053,0.52511,1.1096,0.81653,0.63804,0.52005,0.63971,0.90762,0.8078,0.60988,0.60773,0.73177,0.72714,1.029,0.71452,0.34553,0.94037,0.77145,0.62527,0.64045,0.52549,0.45092,0.75327,0.87347,0.75843,0.78962,0.41444,0.94761
1309,0.71299,0.45798,0.75748,0.8345,0.6028,0.69758,0.38231,0.86777,0.72622,0.36802,0.56209,0.71311,0.50107,0.55166,0.43656,0.31726,0.67032,0.60473,0.36149,0.82707,0.61453,0.47206,0.31976,0.60974,0.52521,1.1109,0.8166,0.63852,0.52001,0.63897,0.90711,0.80745,0.60983,0.60735,0.73157,0.72716,1.0291,0.71471,0.3455,0.9407,0.77123,0.6254,0.63986,0.52538,0.45117,0.75343,0.87361,0.75894,0.78957,0.41436,0.94763
1310,0.71632,0.45944,0.75698,0.83554,0.60292,0.69795,0.38259,0.86798,0.72582,0.36806,0.56198,0.71266,0.50106,0.55119,0.43626,0.31766,0.67025,0.60528,0.36246,0.82728,0.61435,0.47136,0.32077,0.6089,0.52525,1.1126,0.81678,0.639,0.52011,0.63819,0.90662,0.80704,0.60985,0.60692,0.73137,0.72717,1.0292,0.71488,0.34551,0.94113,0.77096,0.62545,0.63942,0.52526,0.45159,0.75355,0.87363,0.75962,0.78942,0.41427,0.94764
1311,0.71968,0.46058,0.75671,0.83703,0.60245,0.69821,0.38283,0.86818,0.72538,0.368,0.56176,0.71247,0.50115,0.55074,0.43604,0.3178,0.66988,0.60584,0.3628,0.82763,0.61459,0.47049,0.32151,0.60801,0.52529,1.1146,0.81671,0.6394,0.5204,0.63727,0.90611,0.80688,0.60981,0.60658,0.73114,0.72729,1.0294,0.71488,0.34543,0.94141,0.7706,0.62546,0.63905,0.52536,0.45199,0.75356,0.87376,0.76019,0.78931,0.41418,0.94765
1312,0.72246,0.46173,0.75584,0.83847,0.60213,0.69831,0.38285,0.8683,0.72475,0.36788,0.56137,0.71207,0.50121,0.55004,0.43578,0.31765,0.669,0.6059,0.36261,0.82742,0.61371,0.47018,0.3213,0.6069,0.52539,1.1163,0.81649,0.63998,0.52121,0.63634,0.90557,0.8066,0.60958,0.606,0.73062,0.72726,1.0295,0.71482,0.34523,0.94159,0.77015,0.62548,0.63852,0.52501,0.45213,0.7534,0.87313,0.76074,0.78914,0.41404,0.94769
1313,0.72592,0.46267,0.75595,0.84047,0.60216,0.69851,0.38287,0.86857,0.72435,0.36778,0.5612,0.71167,0.50124,0.54948,0.43562,0.31778,0.66859,0.60603,0.36373,0.82786,0.61399,0.46972,0.32124,0.60592,0.52538,1.1181,0.81624,0.64098,0.5221,0.6353,0.90525,0.80655,0.60948,0.6056,0.73023,0.72733,1.0297,0.71506,0.34516,0.94197,0.76979,0.62567,0.63805,0.52484,0.45261,0.75337,0.87303,0.76142,0.78894,0.4139,0.94772
1314,0.7287,0.46289,0.75674,0.84259,0.60157,0.69836,0.38287,0.86861,0.7237,0.36759,0.5609,0.71142,0.50117,0.54876,0.43558,0.31754,0.66796,0.60599,0.3643,0.82821,0.61496,0.46875,0.3211,0.605,0.52523,1.1197,0.81562,0.64077,0.52289,0.63406,0.90468,0.80648,0.60936,0.60536,0.72982,0.72739,1.0298,0.71531,0.34482,0.94214,0.76942,0.62587,0.63732,0.52474,0.45323,0.7534,0.87295,0.76167,0.78877,0.41376,0.94775
1315,0.73121,0.46303,0.75717,0.84413,0.60128,0.69835,0.38278,0.86876,0.72299,0.36741,0.56046,0.71091,0.50106,0.54788,0.43538,0.31737,0.66767,0.6063,0.36547,0.82815,0.61461,0.4683,0.32107,0.60415,0.52508,1.1215,0.81515,0.6405,0.52338,0.63306,0.90405,0.80627,0.60916,0.60502,0.72943,0.72751,1.0298,0.71559,0.34456,0.94225,0.7691,0.62595,0.63673,0.5245,0.45333,0.75343,0.87274,0.762,0.78857,0.41362,0.94784
1316,0.73393,0.46315,0.75734,0.84587,0.60127,0.6984,0.38266,0.86893,0.72242,0.36716,0.55997,0.71025,0.50104,0.54715,0.43526,0.31769,0.66776,0.60714,0.36726,0.82846,0.61412,0.46783,0.32137,0.60344,0.52483,1.1234,0.8147,0.64046,0.52331,0.63162,0.90349,0.80583,0.60904,0.60477,0.72928,0.72781,1.0298,0.71597,0.34464,0.94252,0.7687,0.62595,0.63624,0.5244,0.45348,0.75358,0.8732,0.76261,0.78823,0.41347,0.94795
1317,0.73698,0.46402,0.7568,0.84746,0.60072,0.69811,0.3827,0.86886,0.72177,0.36683,0.55937,0.70966,0.50102,0.54635,0.43492,0.31764,0.66743,0.60746,0.36772,0.82867,0.61453,0.46725,0.32139,0.60255,0.52475,1.1253,0.81429,0.63917,0.52382,0.63019,0.90295,0.80526,0.60894,0.60458,0.72894,0.728,1.03,0.71618,0.34459,0.94277,0.76823,0.62584,0.6356,0.52422,0.45348,0.75368,0.87298,0.76298,0.78788,0.41334,0.94803
1318,0.7411,0.46596,0.75638,0.84784,0.60026,0.69806,0.38281,0.8691,0.7214,0.36666,0.559,0.70921,0.50105,0.54571,0.43426,0.31752,0.66699,0.60765,0.36791,0.82905,0.61598,0.46671,0.3215,0.60161,0.5249,1.1271,0.81423,0.63884,0.52434,0.62912,0.90244,0.80454,0.60878,0.60426,0.7286,0.7281,1.0302,0.71643,0.34454,0.94305,0.76783,0.62567,0.63513,0.52393,0.45328,0.75363,0.87269,0.76356,0.78751,0.41324,0.94814
1319,0.74509,0.46716,0.75599,0.84786,0.59996,0.69828,0.38277,0.86911,0.72108,0.36645,0.55875,0.70889,0.50104,0.54525,0.43384,0.31788,0.66678,0.60779,0.36765,0.82923,0.6169,0.46597,0.32166,0.60066,0.52493,1.1287,0.81431,0.63938,0.52517,0.62775,0.90195,0.80394,0.60874,0.604,0.72834,0.72813,1.0304,0.71675,0.34459,0.94324,0.7675,0.62554,0.63457,0.52362,0.45376,0.75373,0.87271,0.76407,0.78723,0.4131,0.94812
1320,0.74857,0.46754,0.75468,0.84838,0.59957,0.6979,0.38282,0.86889,0.72048,0.3659,0.55838,0.70855,0.50087,0.54447,0.43323,0.31788,0.66668,0.60727,0.3669,0.82895,0.61638,0.46532,0.3216,0.59968,0.52487,1.1299,0.81397,0.63953,0.52755,0.62673,0.90135,0.8038,0.60869,0.60372,0.72791,0.72808,1.0305,0.71693,0.34442,0.94329,0.76707,0.62543,0.63367,0.52313,0.45423,0.75368,0.8725,0.76423,0.7868,0.41291,0.94804
1321,0.75227,0.46835,0.75416,0.8497,0.59948,0.69778,0.38301,0.86896,0.71996,0.36571,0.55799,0.70824,0.50081,0.54367,0.43287,0.31797,0.66646,0.60763,0.36713,0.82892,0.61647,0.46472,0.3215,0.59859,0.52475,1.1315,0.81375,0.64044,0.52776,0.62583,0.90068,0.80356,0.60858,0.60336,0.72752,0.72817,1.0306,0.71724,0.34429,0.94347,0.76668,0.62534,0.63298,0.52284,0.45486,0.75363,0.87282,0.76477,0.78637,0.41273,0.94803
1322,0.75587,0.46895,0.75439,0.85212,0.60001,0.69811,0.3832,0.869,0.71952,0.36582,0.55762,0.70797,0.50052,0.54276,0.43281,0.31843,0.66604,0.60853,0.36873,0.82897,0.61579,0.4643,0.32151,0.59749,0.52447,1.1332,0.81352,0.64176,0.52725,0.6245,0.89989,0.80337,0.60845,0.60294,0.72726,0.72841,1.0307,0.71798,0.34404,0.94361,0.76629,0.62499,0.6325,0.52261,0.45575,0.75361,0.87337,0.76556,0.78596,0.41254,0.94801
1323,0.75845,0.46915,0.75308,0.85455,0.60012,0.69773,0.38323,0.86883,0.71897,0.3657,0.55711,0.70729,0.50018,0.54155,0.4324,0.31853,0.66539,0.60973,0.36887,0.82849,0.61448,0.46354,0.32121,0.59641,0.5242,1.1344,0.81311,0.64146,0.52747,0.62287,0.89896,0.80325,0.60835,0.60249,0.72674,0.72853,1.0308,0.71849,0.34392,0.94373,0.76571,0.6247,0.63187,0.5222,0.45631,0.75354,0.87313,0.7657,0.7856,0.41233,0.94796
1324,0.76213,0.47076,0.75336,0.85833,0.6006,0.69811,0.38366,0.86885,0.71867,0.36579,0.55669,0.70662,0.50023,0.54048,0.43197,0.31871,0.66447,0.61051,0.36968,0.82897,0.61574,0.46275,0.32163,0.59501,0.52401,1.1367,0.81292,0.64136,0.52476,0.62008,0.89816,0.80315,0.60824,0.60212,0.7263,0.72864,1.031,0.71918,0.34389,0.94428,0.76518,0.62466,0.63118,0.5219,0.45765,0.75346,0.87287,0.7665,0.7852,0.41219,0.94806
1325,0.76568,0.47203,0.75339,0.86136,0.6,0.69861,0.38375,0.86888,0.7184,0.36588,0.5561,0.70586,0.50014,0.53951,0.43133,0.31901,0.66314,0.6107,0.37059,0.82843,0.6171,0.4613,0.32176,0.59342,0.52394,1.139,0.81244,0.64193,0.52221,0.61728,0.89723,0.8029,0.608,0.60156,0.72575,0.72868,1.0311,0.71979,0.34378,0.94461,0.76471,0.62454,0.63042,0.5216,0.45875,0.7533,0.87298,0.76704,0.78486,0.41206,0.94817
1326,0.76953,0.47196,0.75283,0.86256,0.59894,0.69832,0.38382,0.86885,0.71817,0.36557,0.55565,0.705,0.50014,0.5386,0.43085,0.3193,0.66232,0.61082,0.37054,0.82789,0.61699,0.45982,0.32218,0.59177,0.52388,1.1409,0.81162,0.64233,0.52101,0.61436,0.89621,0.80281,0.60788,0.60103,0.72512,0.72856,1.0312,0.7201,0.34372,0.94472,0.76425,0.62436,0.62959,0.52131,0.46006,0.75327,0.87301,0.76787,0.78457,0.4119,0.9483
1327,0.77474,0.47262,0.75323,0.86416,0.5985,0.69858,0.38424,0.86896,0.71812,0.36533,0.55519,0.70419,0.50029,0.53778,0.43061,0.31942,0.66154,0.61096,0.37167,0.82808,0.61707,0.4592,0.32282,0.59004,0.52382,1.1433,0.81097,0.64279,0.52117,0.61215,0.89549,0.80266,0.60772,0.60068,0.72469,0.72858,1.0314,0.7205,0.34364,0.94495,0.7638,0.62418,0.62896,0.52116,0.46159,0.75319,0.87308,0.76931,0.78424,0.41178,0.94847
1328,0.77842,0.47316,0.7525,0.86487,0.59731,0.6985,0.38438,0.86879,0.7177,0.36506,0.55439,0.70325,0.50013,0.53666,0.43001,0.31923,0.66058,0.61078,0.37198,0.82721,0.61623,0.45835,0.32288,0.58828,0.52356,1.1447,0.81002,0.64369,0.5223,0.61193,0.89455,0.80231,0.6074,0.60024,0.72406,0.72864,1.0314,0.72086,0.34339,0.94496,0.76321,0.62371,0.62818,0.52078,0.46227,0.7528,0.8732,0.77001,0.78385,0.41161,0.94863
1329,0.78271,0.47391,0.75164,0.86567,0.5973,0.69851,0.38467,0.86879,0.7175,0.36478,0.55401,0.70255,0.50006,0.53553,0.42968,0.31951,0.66007,0.61103,0.37267,0.82737,0.6157,0.45761,0.32304,0.58673,0.52325,1.1466,0.80984,0.64429,0.5216,0.6096,0.89357,0.80214,0.60722,0.60009,0.72339,0.7288,1.0318,0.72131,0.34327,0.94536,0.76277,0.62308,0.62745,0.52056,0.46384,0.7527,0.87262,0.77107,0.78353,0.41144,0.94875
1330,0.7881,0.47564,0.75034,0.86733,0.59774,0.69869,0.3851,0.869,0.71715,0.36463,0.55349,0.70184,0.49986,0.53451,0.42918,0.3196,0.65943,0.61092,0.37353,0.8276,0.6155,0.45653,0.32276,0.58527,0.52309,1.149,0.80999,0.64406,0.52196,0.60656,0.89266,0.80182,0.60698,0.59991,0.72271,0.72904,1.032,0.72192,0.34321,0.94599,0.76235,0.62245,0.62677,0.52034,0.46546,0.75258,0.8717,0.77202,0.78328,0.41134,0.94891
1331,0.79202,0.47679,0.74851,0.86858,0.5972,0.69862,0.38527,0.86892,0.71638,0.36447,0.55276,0.70104,0.49943,0.53336,0.42838,0.31948,0.6589,0.61028,0.37398,0.82741,0.61457,0.45483,0.32264,0.58355,0.52279,1.1499,0.80945,0.64353,0.51585,0.60295,0.89156,0.8016,0.60668,0.59943,0.7218,0.72923,1.032,0.7224,0.34309,0.94648,0.7619,0.62182,0.62557,0.51986,0.46633,0.75233,0.8718,0.77217,0.78282,0.41118,0.94908
1332,0.79677,0.4773,0.7479,0.87069,0.59783,0.69917,0.38574,0.86912,0.71634,0.36444,0.55252,0.70042,0.49923,0.53233,0.42828,0.31992,0.65859,0.61045,0.37636,0.82826,0.61583,0.45422,0.3224,0.58179,0.5227,1.1517,0.80948,0.64295,0.49906,0.59468,0.89055,0.80189,0.60654,0.59912,0.72111,0.72947,1.0324,0.72282,0.34309,0.94733,0.76177,0.6214,0.62461,0.51967,0.46818,0.75239,0.87204,0.77295,0.78245,0.41099,0.94924
1333,0.80227,0.47791,0.74653,0.87311,0.59808,0.69887,0.38609,0.86942,0.71625,0.36439,0.55216,0.69932,0.49909,0.53134,0.42815,0.32008,0.65796,0.61092,0.37747,0.82851,0.61677,0.45365,0.32153,0.58004,0.52277,1.1536,0.80915,0.64181,0.4859,0.58761,0.88933,0.80192,0.60627,0.59861,0.72041,0.72947,1.0326,0.72316,0.34302,0.94806,0.76159,0.62101,0.62372,0.5192,0.46978,0.75228,0.8718,0.77398,0.78225,0.41086,0.94953
1334,0.80736,0.47919,0.74643,0.87576,0.59713,0.69811,0.38629,0.86952,0.716,0.36416,0.5516,0.69816,0.499,0.53025,0.42755,0.32033,0.65759,0.61205,0.37796,0.82831,0.61653,0.45264,0.32201,0.57823,0.52263,1.1543,0.8086,0.64086,0.47334,0.58409,0.88801,0.80215,0.60599,0.59819,0.71959,0.72957,1.0328,0.72333,0.34289,0.94861,0.76124,0.62051,0.6226,0.51846,0.47138,0.75194,0.87205,0.77509,0.78192,0.41073,0.94972
1335,0.81239,0.48088,0.74786,0.87881,0.59765,0.69844,0.38689,0.86977,0.71605,0.36412,0.55113,0.69724,0.49923,0.52906,0.42726,0.32078,0.65692,0.61325,0.37959,0.82819,0.61897,0.45247,0.32264,0.5766,0.52256,1.156,0.80905,0.64177,0.46132,0.57924,0.88697,0.80273,0.60574,0.59791,0.71903,0.7298,1.0329,0.7235,0.34295,0.94961,0.76091,0.62001,0.62204,0.51823,0.47363,0.75164,0.87202,0.77679,0.78178,0.41063,0.94984
1336,0.81681,0.48181,0.7464,0.87928,0.5981,0.69769,0.38712,0.86997,0.71578,0.364,0.55048,0.69597,0.49941,0.52803,0.42675,0.32073,0.65581,0.61289,0.38006,0.82726,0.61925,0.45156,0.32263,0.57485,0.52242,1.1576,0.80856,0.64218,0.46207,0.57765,0.88583,0.80301,0.60526,0.59727,0.71828,0.72963,1.0331,0.72365,0.34296,0.95048,0.76055,0.61956,0.62144,0.51797,0.47487,0.7513,0.87143,0.77761,0.78163,0.41051,0.95001
1337,0.82109,0.4832,0.74587,0.88085,0.59804,0.6971,0.38759,0.87013,0.71581,0.3637,0.55011,0.69503,0.49937,0.52732,0.42612,0.321,0.65521,0.6127,0.38094,0.82675,0.61883,0.4503,0.3237,0.57297,0.52228,1.1595,0.80807,0.64248,0.4542,0.57152,0.88476,0.80383,0.60492,0.59682,0.71746,0.72973,1.0332,0.72402,0.34283,0.95132,0.76025,0.61947,0.62093,0.51761,0.47605,0.75104,0.87134,0.7779,0.78129,0.41041,0.95018
1338,0.82615,0.48458,0.74683,0.88195,0.5984,0.69762,0.3885,0.87037,0.71583,0.36373,0.54991,0.6941,0.49939,0.52635,0.42575,0.32171,0.65487,0.61267,0.38086,0.82601,0.6193,0.44955,0.32411,0.57125,0.52237,1.1617,0.80792,0.64339,0.44846,0.56618,0.88377,0.80462,0.60478,0.59643,0.71673,0.73006,1.0333,0.72452,0.3427,0.95251,0.76003,0.61924,0.62078,0.51738,0.47782,0.7509,0.87111,0.77765,0.78103,0.41027,0.95026
1339,0.83006,0.48524,0.74657,0.88269,0.59915,0.69836,0.38913,0.87062,0.71549,0.36396,0.5499,0.69328,0.49926,0.52554,0.42536,0.32251,0.65414,0.61201,0.3811,0.82455,0.62017,0.44845,0.32328,0.56946,0.52221,1.1633,0.80713,0.6437,0.43197,0.55836,0.88248,0.80508,0.60457,0.59595,0.71593,0.73008,1.0336,0.72459,0.34258,0.95377,0.75983,0.61918,0.62053,0.51704,0.47921,0.75085,0.87071,0.77795,0.78072,0.41007,0.95055
1340,0.8348,0.48586,0.74519,0.88438,0.59901,0.69818,0.38945,0.87042,0.71507,0.36411,0.54998,0.69264,0.49896,0.52476,0.42497,0.3229,0.65374,0.61121,0.38225,0.82411,0.62059,0.44659,0.32321,0.56773,0.52241,1.1647,0.80693,0.64288,0.3977,0.54603,0.88125,0.80533,0.60456,0.59583,0.71486,0.73038,1.0335,0.72462,0.34252,0.95482,0.75971,0.619,0.62004,0.51625,0.48026,0.75063,0.86987,0.77911,0.78058,0.40998,0.95085
1341,0.84085,0.48729,0.74737,0.88614,0.59929,0.69849,0.39022,0.87058,0.71487,0.3646,0.54995,0.69195,0.49871,0.52364,0.42463,0.32381,0.65421,0.61202,0.38421,0.8243,0.62197,0.44569,0.32336,0.56632,0.52285,1.1667,0.80732,0.64225,0.38227,0.53627,0.87997,0.80642,0.60461,0.5958,0.71406,0.73062,1.0332,0.72425,0.34243,0.95621,0.75965,0.61838,0.61999,0.51609,0.48201,0.75037,0.86953,0.7798,0.78066,0.40991,0.95103
1342,0.84588,0.48798,0.74752,0.88724,0.60049,0.69831,0.39049,0.87099,0.71443,0.36487,0.54968,0.69125,0.49861,0.52269,0.42391,0.32428,0.6538,0.61262,0.38573,0.82459,0.62363,0.44531,0.32288,0.56452,0.52285,1.1682,0.80708,0.64139,0.37397,0.52779,0.87871,0.80765,0.60429,0.59544,0.71321,0.73073,1.0334,0.72379,0.34247,0.95749,0.75952,0.61776,0.61957,0.51623,0.48334,0.75008,0.86925,0.78082,0.78052,0.40983,0.95131
1343,0.85332,0.48866,0.74716,0.88945,0.60175,0.69792,0.39081,0.87144,0.71418,0.36486,0.54955,0.69045,0.49877,0.52195,0.42348,0.32434,0.65424,0.61362,0.38704,0.82652,0.62611,0.44593,0.32341,0.5622,0.52305,1.1708,0.80733,0.64258,0.36865,0.5197,0.8778,0.80901,0.60392,0.59517,0.71208,0.73112,1.0336,0.7238,0.34283,0.95915,0.7595,0.61742,0.61905,0.51619,0.48503,0.74985,0.86924,0.7824,0.78044,0.40981,0.95154
1344,0.86123,0.49004,0.74981,0.8902,0.60264,0.69865,0.39152,0.87222,0.71419,0.36514,0.54941,0.68967,0.49936,0.52123,0.42291,0.32475,0.65422,0.61442,0.38742,0.82734,0.62778,0.44573,0.32375,0.56036,0.52321,1.1745,0.80748,0.64564,0.37219,0.51294,0.8769,0.81054,0.6034,0.59501,0.71133,0.73144,1.0339,0.7236,0.343,0.96138,0.75951,0.61678,0.61877,0.51627,0.48749,0.74977,0.86997,0.78347,0.78038,0.4098,0.95188
1345,0.86776,0.49156,0.74913,0.89067,0.6031,0.69856,0.39168,0.87249,0.71362,0.36523,0.54918,0.68881,0.50011,0.52033,0.42179,0.32516,0.65343,0.61397,0.38573,0.8266,0.63026,0.44408,0.32302,0.55851,0.52322,1.1769,0.80737,0.64574,0.37932,0.5066,0.87602,0.81159,0.60277,0.59449,0.71027,0.73185,1.0343,0.72328,0.34303,0.96326,0.75931,0.61606,0.61855,0.51613,0.49059,0.74973,0.86986,0.78545,0.78016,0.40976,0.95232
1346,0.87544,0.49351,0.7489,0.89301,0.60356,0.6983,0.39195,0.87261,0.71271,0.36561,0.54933,0.68785,0.50095,0.51954,0.42192,0.32564,0.65422,0.61454,0.38559,0.82719,0.6329,0.44331,0.32328,0.55677,0.52348,1.179,0.80784,0.64625,0.37151,0.49708,0.87522,0.81204,0.60254,0.59363,0.70906,0.73228,1.0345,0.72283,0.34309,0.96569,0.75908,0.61532,0.6191,0.51565,0.49353,0.74996,0.86987,0.78808,0.78039,0.40975,0.95267
1347,0.8817,0.49375,0.7477,0.89291,0.60226,0.69869,0.39224,0.87273,0.71185,0.36621,0.54914,0.68737,0.5016,0.51861,0.42206,0.32578,0.65377,0.61386,0.38747,0.82684,0.63177,0.44164,0.32332,0.5556,0.52375,1.1819,0.80742,0.64684,0.35407,0.48774,0.87435,0.81308,0.60227,0.59292,0.70776,0.7325,1.0343,0.7218,0.34282,0.96841,0.75887,0.61435,0.61978,0.51527,0.4957,0.75006,0.86929,0.78979,0.78086,0.40965,0.95298
1348,0.88513,0.49452,0.74278,0.89183,0.60123,0.69733,0.39229,0.87278,0.71126,0.36643,0.549,0.68668,0.50195,0.51744,0.42201,0.32605,0.65286,0.61229,0.38935,0.82653,0.63076,0.44011,0.32221,0.55395,0.52394,1.1833,0.80622,0.64351,0.34267,0.47763,0.8733,0.81462,0.60164,0.59193,0.70603,0.73288,1.0343,0.72118,0.34285,0.97048,0.75867,0.61348,0.62032,0.51499,0.49735,0.75004,0.86662,0.79038,0.78076,0.40957,0.95334
1349,0.88958,0.49647,0.74488,0.89308,0.60329,0.6956,0.39318,0.87333,0.71091,0.36689,0.54921,0.68589,0.50225,0.51704,0.42365,0.32719,0.65395,0.61319,0.39193,0.82787,0.63178,0.44049,0.32036,0.55176,0.52414,1.1852,0.80627,0.64362,0.33028,0.46891,0.87284,0.81623,0.60117,0.59104,0.70448,0.73337,1.0342,0.72045,0.34322,0.97311,0.7586,0.61318,0.62143,0.51534,0.49848,0.75031,0.86492,0.79215,0.78107,0.40962,0.95355
1350,0.89593,0.4974,0.74493,0.89371,0.6052,0.69572,0.39404,0.8738,0.71063,0.36739,0.54903,0.68536,0.50235,0.51635,0.42445,0.32812,0.65362,0.61363,0.39475,0.82785,0.63217,0.44067,0.31884,0.54983,0.52431,1.1879,0.80624,0.64279,0.32365,0.46184,0.87253,0.81784,0.6005,0.5909,0.70281,0.73391,1.034,0.71984,0.34338,0.97581,0.75856,0.61235,0.62185,0.51568,0.49934,0.75018,0.86353,0.79445,0.78128,0.40974,0.95379
1351,0.9011,0.49829,0.74344,0.89159,0.60382,0.69617,0.3949,0.87375,0.71022,0.36793,0.54912,0.68518,0.50244,0.51553,0.42369,0.32922,0.65189,0.61263,0.39709,0.82563,0.62805,0.43938,0.31625,0.54761,0.5247,1.1919,0.80606,0.64085,0.31799,0.45259,0.87155,0.81907,0.59956,0.59065,0.70094,0.73454,1.0335,0.71948,0.34336,0.97824,0.758,0.61091,0.62198,0.51601,0.49853,0.7498,0.86233,0.79515,0.78115,0.4099,0.95394
1352,0.91132,0.50258,0.74693,0.8981,0.60533,0.69733,0.39583,0.87389,0.71025,0.36888,0.55011,0.68553,0.50336,0.51478,0.42477,0.33106,0.6536,0.61294,0.39945,0.8277,0.63347,0.43854,0.31616,0.54589,0.52535,1.1948,0.80584,0.64074,0.30696,0.4426,0.87104,0.82215,0.59865,0.59098,0.69938,0.73477,1.0338,0.71951,0.34374,0.98149,0.75798,0.60887,0.62284,0.51701,0.50046,0.74989,0.86375,0.79709,0.78101,0.41012,0.95447
1353,0.92087,0.50568,0.75129,0.89498,0.6061,0.69709,0.39564,0.87403,0.70883,0.36928,0.55053,0.68555,0.50344,0.51356,0.42341,0.33147,0.65525,0.61194,0.3953,0.82554,0.63842,0.43673,0.31655,0.54484,0.52545,1.1957,0.80616,0.64081,0.30042,0.43114,0.87042,0.8238,0.59774,0.59111,0.69717,0.73481,1.0336,0.71908,0.34392,0.98457,0.7579,0.60601,0.62288,0.51594,0.5028,0.7496,0.86337,0.79851,0.78091,0.41033,0.95496
1354,0.93189,0.507,0.75137,0.89266,0.60613,0.69881,0.3961,0.87434,0.70762,0.37,0.55118,0.68618,0.50437,0.51237,0.42252,0.33311,0.65645,0.61254,0.39432,0.82592,0.64364,0.43463,0.31929,0.54293,0.52607,1.1992,0.80612,0.64328,0.29251,0.41883,0.86965,0.8253,0.59713,0.59081,0.69505,0.73499,1.0334,0.71952,0.34437,0.98818,0.75763,0.60301,0.62342,0.51451,0.50673,0.74932,0.86378,0.7995,0.78119,0.41051,0.95557
1355,0.94172,0.51054,0.75282,0.89472,0.60949,0.69865,0.3979,0.87495,0.70636,0.37114,0.55183,0.68677,0.50573,0.51179,0.42469,0.3365,0.65747,0.61225,0.39443,0.82771,0.6517,0.43372,0.31954,0.54067,0.52655,1.2016,0.8053,0.64967,0.2843,0.40928,0.86943,0.82754,0.59631,0.59052,0.69348,0.73492,1.0335,0.72001,0.34503,0.99241,0.75793,0.60072,0.6243,0.51384,0.51305,0.7495,0.86408,0.80102,0.78193,0.41059,0.95677
1356,0.94932,0.51263,0.74729,0.88979,0.60853,0.69426,0.39791,0.87432,0.70496,0.37127,0.55092,0.68574,0.50564,0.51065,0.42491,0.33739,0.65731,0.60929,0.395,0.8237,0.64858,0.43007,0.31566,0.53848,0.52612,1.2045,0.80586,0.64841,0.27748,0.40082,0.86791,0.82753,0.5949,0.59017,0.69112,0.73518,1.0324,0.71967,0.34497,0.99565,0.75749,0.59828,0.62324,0.51219,0.51424,0.74912,0.8638,0.80254,0.78259,0.41081,0.95772
1357,0.96616,0.51611,0.74813,0.90157,0.61248,0.69601,0.3986,0.87422,0.70527,0.37201,0.55077,0.6851,0.50703,0.51022,0.42704,0.33782,0.65719,0.61263,0.40845,0.82684,0.64941,0.42971,0.31346,0.53521,0.52672,1.2146,0.80775,0.65,0.26871,0.3916,0.86678,0.83015,0.59471,0.59038,0.68894,0.73586,1.0326,0.72006,0.34505,0.99878,0.75668,0.59607,0.62362,0.51289,0.51495,0.74905,0.86734,0.80541,0.78383,0.41124,0.95823
1358,0.9802,0.51952,0.75076,0.90851,0.61521,0.70012,0.40042,0.87435,0.70491,0.37249,0.55111,0.68454,0.50842,0.50941,0.42852,0.33826,0.65797,0.6115,0.40701,0.82024,0.65043,0.42793,0.30655,0.53305,0.52742,1.2222,0.80822,0.65166,0.26264,0.3831,0.86553,0.83239,0.59426,0.59225,0.68682,0.73675,1.0332,0.71983,0.34472,1.0014,0.75554,0.59334,0.62462,0.5136,0.51662,0.74915,0.86357,0.80607,0.78458,0.41153,0.95917
1359,0.99309,0.51892,0.74554,0.90739,0.61097,0.70176,0.40146,0.87412,0.70466,0.3725,0.55147,0.68383,0.50825,0.50685,0.42562,0.33873,0.66165,0.60913,0.40183,0.80906,0.64837,0.42601,0.30287,0.53112,0.52807,1.228,0.80937,0.64498,0.25736,0.37374,0.86349,0.83248,0.59342,0.59483,0.68433,0.73708,1.0334,0.72002,0.34459,1.0039,0.75422,0.59011,0.62377,0.51223,0.51785,0.74899,0.85997,0.80714,0.78374,0.41206,0.96015
1360,1.014,0.51939,0.76305,0.90748,0.61661,0.70739,0.40386,0.87555,0.7052,0.37413,0.55244,0.68497,0.50839,0.50492,0.42582,0.34058,0.66479,0.6177,0.40544,0.80864,0.67691,0.43676,0.30673,0.52849,0.53039,1.2381,0.81101,0.6502,0.25038,0.36531,0.86433,0.83559,0.59323,0.59731,0.68272,0.73748,1.0347,0.72232,0.34573,1.0076,0.75326,0.58887,0.62372,0.51181,0.52319,0.74936,0.85674,0.815,0.78325,0.41273,0.96062
1361,1.0287,0.51945,0.76347,0.88638,0.6149,0.70479,0.40553,0.87519,0.70445,0.37447,0.55186,0.68615,0.50828,0.50245,0.42721,0.34553,0.66968,0.61021,0.39167,0.79718,0.68933,0.43905,0.30518,0.52719,0.53078,1.2427,0.80929,0.64197,0.24296,0.35814,0.86449,0.83587,0.59204,0.59919,0.68053,0.73819,1.0359,0.72437,0.34599,1.0114,0.75206,0.58776,0.62366,0.51126,0.52513,0.74943,0.84492,0.81751,0.78199,0.41306,0.96191
1362,1.0541,0.52539,0.75119,0.88289,0.61279,0.7031,0.40535,0.87515,0.70432,0.37468,0.55093,0.68746,0.50801,0.50078,0.43158,0.35175,0.67799,0.60665,0.3947,0.79161,0.67559,0.43595,0.30915,0.52617,0.5305,1.2489,0.81014,0.63004,0.23568,0.34937,0.86261,0.83571,0.59113,0.60198,0.6781,0.73782,1.0377,0.72773,0.34595,1.017,0.75153,0.58662,0.62333,0.5099,0.52759,0.74962,0.85323,0.81563,0.78133,0.41327,0.96364
1363,1.0923,0.53449,0.77576,0.87953,0.62026,0.70624,0.40452,0.87661,0.70559,0.37543,0.55004,0.68871,0.50844,0.50068,0.43825,0.35226,0.68026,0.62166,0.41216,0.79404,0.6749,0.43427,0.30751,0.52462,0.5316,1.261,0.81355,0.63954,0.2275,0.34105,0.86291,0.84025,0.59079,0.60504,0.67646,0.73793,1.0396,0.73266,0.34567,1.021,0.75155,0.58626,0.62283,0.50769,0.53285,0.75022,0.86617,0.81874,0.78342,0.41402,0.96531
1364,1.1131,0.53829,0.7679,0.85814,0.61957,0.69843,0.40191,0.87545,0.70641,0.37394,0.5477,0.687,0.50905,0.49997,0.43664,0.34913,0.68141,0.61617,0.40466,0.77191,0.64544,0.41447,0.28658,0.52231,0.5307,1.2696,0.81485,0.63654,0.22002,0.33188,0.86124,0.84261,0.59007,0.6034,0.67436,0.7376,1.0402,0.73603,0.34426,1.0216,0.75008,0.58167,0.622,0.50209,0.53244,0.74986,0.85507,0.8169,0.78294,0.4143,0.96735
1365,1.1512,0.54981,0.7735,0.87557,0.64243,0.70774,0.40397,0.87818,0.70817,0.37459,0.54753,0.68637,0.51044,0.50136,0.43285,0.34937,0.68361,0.62168,0.40297,0.74558,0.63654,0.41011,0.28383,0.51937,0.53173,1.2848,0.82079,0.66664,0.21761,0.32308,0.85831,0.84375,0.59079,0.60478,0.67455,0.73717,1.0408,0.74065,0.34405,1.0238,0.74908,0.58118,0.6241,0.49974,0.53424,0.75101,0.8608,0.82185,0.78452,0.4142,0.96866
1366,1.2099,0.55638,0.80662,0.87316,0.65599,0.71743,0.40583,0.87935,0.70808,0.37484,0.54759,0.68611,0.51033,0.50181,0.42293,0.35044,0.66624,0.61808,0.39795,0.74549,0.63557,0.41383,0.28297,0.51562,0.53418,1.29,0.82524,0.67703,0.21446,0.31673,0.85561,0.83988,0.59179,0.60601,0.67565,0.73714,1.0402,0.74464,0.34394,1.0222,0.74788,0.58331,0.62034,0.49688,0.52358,0.75278,0.86763,0.83822,0.78702,0.41503,0.96836
1367,1.2359,0.55802,0.76661,0.86936,0.65758,0.7136,0.40674,0.87723,0.70521,0.37226,0.54563,0.68445,0.50954,0.50115,0.41415,0.34819,0.64475,0.58956,0.3946,0.7667,0.59248,0.40926,0.2646,0.51601,0.53591,1.2923,0.82475,0.63993,0.20797,0.31071,0.85117,0.83369,0.5933,0.5992,0.67641,0.73493,1.04,0.74762,0.34436,1.0195,0.74436,0.58308,0.62013,0.49167,0.50893,0.75389,0.84307,0.85368,0.78281,0.41554,0.96899
1368,1.2852,0.57266,0.76542,0.91158,0.69951,0.72741,0.41384,0.88011,0.70351,0.37204,0.54626,0.68685,0.512,0.50237,0.4212,0.34625,0.63952,0.59819,0.40397,0.79277,0.57266,0.43598,0.26458,0.52018,0.53856,1.3144,0.82718,0.67134,0.20461,0.30651,0.85124,0.8345,0.59664,0.60687,0.67945,0.73379,1.0428,0.75274,0.3465,1.0208,0.74252,0.59468,0.62958,0.4993,0.52378,0.75602,0.85532,0.85784,0.78117,0.41657,0.97079
1369,1.309,0.57556,0.758,0.87789,0.66063,0.71366,0.40989,0.88035,0.69845,0.37089,0.54471,0.68819,0.51029,0.49997,0.42336,0.33947,0.62644,0.59158,0.3753,0.83582,0.56565,0.43413,0.26668,0.52263,0.53909,1.3244,0.82254,0.66173,0.19852,0.29975,0.85416,0.8252,0.59653,0.61457,0.68208,0.73317,1.0437,0.75645,0.34687,1.0138,0.74043,0.59873,0.62332,0.50076,0.5238,0.7568,0.85291,0.83765,0.77566,0.41827,0.97038
1370,1.2889,0.57732,0.72083,0.88155,0.62174,0.68901,0.40798,0.88042,0.69492,0.36762,0.54176,0.68764,0.50934,0.49759,0.42276,0.34236,0.6321,0.60387,0.43125,0.87074,0.60927,0.43985,0.27554,0.52691,0.53972,1.357,0.82116,0.65866,0.19263,0.29278,0.8577,0.82584,0.59898,0.61014,0.68649,0.73228,1.0448,0.76206,0.34817,1.0051,0.73749,0.60201,0.62582,0.49881,0.53805,0.75592,0.82356,0.8187,0.76784,0.42024,0.97295
1371,1.3299,0.58945,0.7712,0.8924,0.64065,0.69436,0.40369,0.88263,0.69547,0.36607,0.54085,0.6897,0.51078,0.49812,0.42823,0.34959,0.66235,0.66452,0.52626,0.82964,0.7219,0.51131,0.31954,0.52794,0.53897,1.3982,0.81999,0.75445,0.19317,0.29014,0.86021,0.82867,0.5993,0.61042,0.69224,0.7334,1.0475,0.76755,0.34948,1.0003,0.73608,0.62003,0.63187,0.50825,0.58782,0.75439,0.86343,0.81268,0.76882,0.42109,0.97556
1372,1.355,0.60318,0.77861,0.81619,0.62061,0.69731,0.38987,0.88179,0.69333,0.36477,0.53569,0.68829,0.50771,0.49702,0.43311,0.34001,0.65834,0.66575,0.5302,0.76341,0.76859,0.52696,0.36764,0.52585,0.53676,1.4115,0.81808,0.80252,0.19047,0.28561,0.86057,0.81437,0.59647,0.60261,0.69592,0.73264,1.0481,0.77257,0.34736,0.99284,0.7331,0.6265,0.6265,0.51191,0.57223,0.75276,0.89353,0.80265,0.76495,0.42003,0.97599
1373,1.3957,0.61475,0.73244,0.75091,0.5661,0.72944,0.37775,0.88014,0.6915,0.36208,0.5297,0.6835,0.5013,0.49446,0.42518,0.34128,0.63925,0.66438,0.51376,0.6923,0.81641,0.49708,0.39587,0.52452,0.53465,1.3996,0.81407,0.72491,0.1864,0.27966,0.85512,0.788,0.59481,0.58328,0.69864,0.73059,1.0467,0.77443,0.34399,0.98365,0.72853,0.62028,0.6183,0.50867,0.52604,0.74837,0.92556,0.81792,0.75938,0.41899,0.97881
1374,1.4324,0.62061,0.63455,0.80954,0.59828,0.77321,0.38134,0.88166,0.69305,0.35899,0.52812,0.68282,0.5012,0.49775,0.43977,0.3406,0.65459,0.6509,0.57247,0.67511,0.70342,0.47006,0.35062,0.52199,0.53447,1.4217,0.81255,0.76932,0.18379,0.27716,0.85608,0.78188,0.60002,0.58753,0.7033,0.72832,1.0484,0.77971,0.3428,0.98101,0.72791,0.63832,0.62905,0.50614,0.48361,0.74831,0.91809,0.8061,0.76496,0.41924,0.9821
1375,1.4314,0.63471,0.58908,0.84226,0.61174,0.80431,0.38672,0.88247,0.69071,0.35692,0.52281,0.67811,0.50056,0.49756,0.44795,0.31591,0.63616,0.62735,0.44008,0.64132,0.61138,0.37811,0.31541,0.52072,0.53086,1.4121,0.81149,0.76303,0.17842,0.27266,0.85207,0.74914,0.59736,0.59277,0.7057,0.72312,1.0465,0.78331,0.33892,0.9803,0.72429,0.65175,0.60747,0.48513,0.42594,0.74885,0.8718,0.7685,0.77292,0.41903,0.97813
1376,1.445,0.66338,0.60107,0.87692,0.56653,0.81287,0.40831,0.88572,0.68963,0.35708,0.52284,0.67813,0.50103,0.4966,0.42926,0.32179,0.6499,0.60508,0.38719,0.73833,0.63651,0.30483,0.34374,0.51966,0.53214,1.4073,0.82204,0.77396,0.1768,0.27094,0.85565,0.75265,0.60678,0.60211,0.70982,0.72154,1.0474,0.78834,0.33574,0.97763,0.72284,0.66068,0.5959,0.49792,0.43019,0.75121,0.83266,0.79544,0.77802,0.42406,0.98011
1377,1.4974,0.67497,0.64337,0.94659,0.62013,0.77143,0.41877,0.88669,0.68743,0.35565,0.52049,0.67794,0.50344,0.49898,0.41357,0.32435,0.63977,0.55524,0.32192,0.90471,0.63448,0.31939,0.35845,0.51788,0.52897,1.4256,0.82682,0.79193,0.17876,0.27419,0.85468,0.76227,0.61028,0.60734,0.71432,0.7192,1.0495,0.79478,0.33554,0.97593,0.72239,0.66315,0.58695,0.50522,0.43317,0.75299,0.81948,0.82384,0.79331,0.42607,0.9761
1378,1.5338,0.68096,0.74781,0.90189,0.6783,0.75904,0.41268,0.88849,0.68255,0.35433,0.51722,0.67468,0.50413,0.49738,0.39844,0.30724,0.60384,0.52557,0.34241,0.88906,0.60906,0.35223,0.37279,0.51691,0.52573,1.4281,0.82353,0.72182,0.18099,0.27343,0.85279,0.74629,0.60618,0.6,0.71665,0.71749,1.0502,0.79631,0.33424,0.97347,0.71965,0.64703,0.57035,0.48592,0.4747,0.75282,0.81838,0.83365,0.79777,0.4265,0.97372
1379,1.5618,0.69995,0.82241,0.87763,0.69456,0.7637,0.4126,0.89311,0.68108,0.35434,0.51294,0.67445,0.5011,0.49454,0.40349,0.3001,0.62606,0.51265,0.36193,0.90813,0.71343,0.3987,0.37267,0.51402,0.52547,1.4272,0.80684,0.79738,0.18684,0.27134,0.86045,0.74842,0.6102,0.58663,0.71773,0.71653,1.0513,0.79632,0.33388,0.96715,0.71559,0.62715,0.57076,0.48652,0.54787,0.75082,0.82889,0.8625,0.78672,0.42328,0.97262
1380,1.5769,0.70189,0.7953,0.85603,0.7338,0.75279,0.40439,0.89367,0.67951,0.35183,0.50446,0.67432,0.49993,0.49257,0.42331,0.28971,0.61947,0.50784,0.35695,0.99476,0.69388,0.41697,0.25891,0.50874,0.5227,1.4331,0.79261,0.75378,0.1875,0.26879,0.86025,0.74572,0.61051,0.58355,0.71792,0.71501,1.0504,0.79913,0.33458,0.9666,0.71255,0.62325,0.57972,0.46217,0.50284,0.74891,0.843,0.85101,0.78507,0.41676,0.97035
1381,1.5771,0.68694,0.71596,0.91166,0.70395,0.74242,0.40052,0.89318,0.67576,0.34973,0.49817,0.67147,0.49771,0.48769,0.45581,0.30209,0.6362,0.5407,0.55163,1.0758,0.61961,0.38017,0.26218,0.50636,0.51949,1.4356,0.7871,0.66341,0.18667,0.26278,0.85332,0.733,0.60715,0.5938,0.71758,0.71516,1.0499,0.79973,0.3334,0.9659,0.70979,0.63711,0.58142,0.44509,0.48572,0.74617,0.82906,0.78064,0.76618,0.41407,0.96605
1382,1.5927,0.68923,0.6806,0.98495,0.64723,0.73361,0.41255,0.89453,0.6736,0.35012,0.49296,0.66823,0.49728,0.4877,0.47187,0.32769,0.66035,0.56367,0.68191,1.0458,0.66267,0.36242,0.33305,0.50703,0.52014,1.4363,0.78687,0.67549,0.18435,0.25951,0.85885,0.74862,0.60675,0.60176,0.71888,0.71644,1.0499,0.80209,0.33274,0.96623,0.70917,0.65149,0.57745,0.47938,0.48317,0.74766,0.83484,0.76549,0.75554,0.41376,0.96513
1383,1.618,0.68261,0.67412,0.95472,0.64637,0.74939,0.41334,0.89455,0.67105,0.34983,0.49055,0.66457,0.49861,0.48838,0.44674,0.3361,0.63428,0.59482,0.5737,1.024,0.68882,0.37321,0.37621,0.50422,0.5199,1.4238,0.78626,0.65084,0.17847,0.25716,0.86115,0.7536,0.60721,0.60613,0.72058,0.71611,1.048,0.80645,0.33193,0.96647,0.70683,0.67296,0.58226,0.50313,0.45142,0.74701,0.8529,0.78216,0.74824,0.41283,0.96695
1384,1.6573,0.66484,0.6376,0.86656,0.64034,0.7405,0.40972,0.89312,0.66797,0.35022,0.49249,0.66042,0.49615,0.48646,0.41,0.34294,0.58713,0.54575,0.55379,1.0054,0.74579,0.3886,0.42316,0.50166,0.51708,1.412,0.79088,0.60385,0.17191,0.25437,0.857,0.75403,0.60341,0.59938,0.72085,0.71644,1.0474,0.81036,0.32999,0.96757,0.7054,0.67478,0.55932,0.48837,0.40071,0.74496,0.83526,0.75755,0.74038,0.41314,0.96568
1385,1.7732,0.67707,0.86469,1.0814,0.68628,0.78573,0.42065,0.89586,0.6662,0.35303,0.49811,0.65997,0.4973,0.48869,0.41917,0.35684,0.58941,0.58399,0.697,0.99932,0.96141,0.42951,0.46096,0.49539,0.51587,1.4237,0.78637,0.67883,0.17403,0.25162,0.85589,0.76647,0.60731,0.59667,0.72244,0.71858,1.0491,0.81677,0.33071,0.96948,0.70568,0.68266,0.55605,0.50048,0.42668,0.7445,0.88509,0.75969,0.75467,0.41474,0.9665
1386,1.7775,0.68107,0.78534,1.02,0.61768,0.78538,0.41416,0.89612,0.66512,0.35153,0.4988,0.65846,0.49422,0.48414,0.3962,0.34993,0.55512,0.53516,0.53518,0.88879,0.92508,0.38219,0.36534,0.48886,0.51572,1.4401,0.77924,0.70656,0.17416,0.24764,0.84483,0.75095,0.6008,0.59581,0.71895,0.7174,1.048,0.81863,0.32774,0.96924,0.70122,0.64439,0.53529,0.47872,0.42782,0.74414,0.87018,0.73766,0.75015,0.41304,0.96655
1387,1.7754,0.68601,0.63411,1.1133,0.61032,0.76379,0.40588,0.89722,0.66533,0.34989,0.49858,0.6645,0.4921,0.47828,0.40079,0.34245,0.57039,0.54675,0.46238,0.94307,1.0338,0.39193,0.3061,0.48263,0.51547,1.4609,0.78684,0.77458,0.17393,0.24422,0.84186,0.7367,0.59783,0.59942,0.71566,0.71808,1.0503,0.82173,0.32615,0.96973,0.69975,0.62639,0.51871,0.47211,0.43876,0.74344,0.88122,0.74734,0.74919,0.41165,0.96363
1388,1.8234,0.7027,0.64946,1.4288,0.63108,0.72405,0.40403,0.90073,0.66507,0.34969,0.49446,0.66652,0.49251,0.47548,0.41607,0.33792,0.62621,0.55458,0.33595,0.94982,0.93123,0.40848,0.27499,0.4784,0.51341,1.487,0.79128,0.80897,0.17896,0.24212,0.841,0.73294,0.59862,0.59998,0.71619,0.71967,1.0534,0.82628,0.3249,0.97248,0.69778,0.63925,0.52835,0.48991,0.4629,0.74364,0.8793,0.7256,0.75711,0.41127,0.96397
1389,1.8014,0.71088,0.58908,1.2715,0.58584,0.67104,0.39001,0.90118,0.66345,0.34769,0.48711,0.65954,0.4893,0.46998,0.39031,0.32306,0.61824,0.50206,0.23132,0.71667,0.61799,0.37274,0.25555,0.47626,0.51155,1.4768,0.78821,0.68489,0.17757,0.24029,0.84029,0.72464,0.59343,0.58716,0.71523,0.71875,1.0521,0.82679,0.32077,0.98004,0.69292,0.62839,0.53224,0.46294,0.40995,0.74246,0.83639,0.71581,0.74975,0.40863,0.96277
1390,1.8418,0.73232,0.64806,1.2947,0.60968,0.69383,0.39331,0.90377,0.66182,0.34868,0.48561,0.65823,0.49029,0.46962,0.39715,0.33083,0.6554,0.56656,0.30314,0.65979,0.68897,0.35797,0.30259,0.47251,0.51088,1.4622,0.79252,0.74161,0.17668,0.24016,0.85187,0.72615,0.59947,0.58115,0.71669,0.71934,1.0527,0.82997,0.31977,0.9885,0.69239,0.63468,0.54582,0.46392,0.40362,0.74268,0.87356,0.79242,0.75211,0.40699,0.96224
1391,1.8618,0.74615,0.74972,1.3351,0.59648,0.753,0.40095,0.90733,0.65865,0.35033,0.4831,0.65259,0.49088,0.46947,0.38074,0.34257,0.66614,0.58984,0.32195,0.71655,0.63396,0.34364,0.33804,0.46861,0.50684,1.4358,0.78774,0.74837,0.17823,0.2375,0.85113,0.72241,0.59765,0.57946,0.71935,0.72025,1.0528,0.8329,0.31889,0.99253,0.69099,0.64232,0.54937,0.4541,0.41367,0.74172,0.8682,0.80322,0.75313,0.40617,0.96205
1392,1.8677,0.75327,0.77149,1.2978,0.55769,0.85018,0.39848,0.90957,0.65509,0.35053,0.47932,0.64757,0.48947,0.46776,0.3659,0.3502,0.61959,0.58439,0.40203,0.7235,0.49682,0.32826,0.35076,0.46424,0.50585,1.3873,0.78191,0.68863,0.17925,0.2327,0.84697,0.71344,0.59007,0.58304,0.72119,0.72064,1.0521,0.83415,0.31661,0.99512,0.68872,0.62714,0.55082,0.44,0.39501,0.73929,0.87375,0.83155,0.74458,0.4051,0.95987
1393,1.9157,0.76037,0.79922,1.4149,0.59625,0.95135,0.40676,0.91243,0.6545,0.35095,0.47998,0.65178,0.4898,0.46924,0.38467,0.37546,0.60618,0.63115,0.57659,0.87444,0.55246,0.33632,0.37922,0.45975,0.50735,1.3792,0.78389,0.76408,0.18106,0.22953,0.85346,0.71745,0.59171,0.59415,0.7239,0.72172,1.0565,0.84065,0.31609,0.9975,0.688,0.61903,0.55801,0.47956,0.44154,0.73956,0.92944,0.90136,0.743,0.40542,0.95921
1394,1.8203,0.74636,0.73493,1.4383,0.60464,0.91619,0.40694,0.91322,0.65405,0.34923,0.47544,0.65092,0.4886,0.46679,0.37492,0.38077,0.56588,0.58141,0.61075,0.96286,0.5645,0.34501,0.36815,0.45452,0.50432,1.3795,0.7805,0.67231,0.17834,0.22487,0.84796,0.71689,0.58757,0.59639,0.72548,0.72318,1.0593,0.84524,0.31482,0.99761,0.68481,0.60938,0.53516,0.49711,0.47187,0.73693,0.88968,0.83226,0.73906,0.40472,0.95723
1395,1.8073,0.76421,0.73723,1.4774,0.61585,0.85284,0.40481,0.91517,0.65164,0.34738,0.47058,0.65145,0.49029,0.46449,0.36905,0.37868,0.55278,0.55056,0.63271,0.87055,0.63908,0.35306,0.36904,0.44843,0.50218,1.3881,0.78338,0.61573,0.17603,0.22158,0.84447,0.71548,0.58589,0.6024,0.72693,0.72466,1.06,0.84986,0.31304,1.0021,0.68276,0.6027,0.53746,0.49239,0.45234,0.7343,0.88427,0.79424,0.74468,0.40333,0.95346
1396,1.9047,0.78825,0.81546,1.4122,0.62128,0.81536,0.41115,0.91953,0.64816,0.34626,0.46932,0.65473,0.49207,0.46464,0.37931,0.38897,0.56787,0.54894,0.60612,0.83928,0.76498,0.36898,0.3771,0.44353,0.49962,1.4253,0.77704,0.62392,0.17542,0.22062,0.84803,0.7277,0.58919,0.60676,0.72628,0.72599,1.0624,0.85644,0.31038,1.0141,0.6813,0.60245,0.55196,0.48371,0.45869,0.73353,0.90686,0.81572,0.75303,0.40218,0.95106
1397,1.8799,0.78078,0.79399,1.2482,0.59074,0.78868,0.40628,0.9228,0.64399,0.34593,0.46269,0.65203,0.49183,0.46135,0.36735,0.38046,0.56105,0.51516,0.54047,0.71627,0.77685,0.3402,0.36309,0.43673,0.49376,1.4511,0.76904,0.55819,0.17451,0.21698,0.84438,0.72128,0.58485,0.60317,0.72413,0.72705,1.0611,0.85711,0.30677,1.0195,0.67838,0.59595,0.54458,0.45172,0.44674,0.73023,0.84504,0.80604,0.7494,0.40047,0.94847
1398,1.936,0.80068,0.87666,1.2628,0.6142,0.81854,0.40698,0.92898,0.64191,0.34831,0.45773,0.6517,0.49413,0.45985,0.36245,0.38096,0.59671,0.54931,0.53537,0.67022,0.82731,0.33547,0.35901,0.43219,0.49101,1.4587,0.77444,0.60927,0.17547,0.21494,0.84541,0.71642,0.58092,0.60918,0.72513,0.72829,1.0607,0.86181,0.30418,1.0234,0.67781,0.60089,0.55615,0.4414,0.44292,0.72978,0.8484,0.86122,0.75377,0.39914,0.94799
1399,2.0308,0.79765,0.88792,1.2502,0.63557,0.83061,0.40661,0.93318,0.64103,0.3501,0.45536,0.64864,0.49159,0.45858,0.36876,0.38653,0.61954,0.58356,0.48489,0.70192,0.76506,0.36639,0.34288,0.42851,0.48853,1.4454,0.76487,0.62228,0.17599,0.21237,0.84901,0.7224,0.5786,0.60647,0.72596,0.7286,1.0617,0.8693,0.30119,1.0297,0.67597,0.59993,0.55068,0.43166,0.44776,0.72886,0.87098,0.89957,0.74897,0.39826,0.94883
1400,2.0148,0.78388,0.74078,1.2663,0.63444,0.83443,0.39654,0.93324,0.64224,0.35206,0.45076,0.64478,0.48842,0.45502,0.36506,0.38684,0.6122,0.58958,0.47864,0.66861,0.72529,0.36085,0.34614,0.42204,0.48741,1.4343,0.76714,0.59752,0.17465,0.20693,0.84939,0.71698,0.57727,0.60289,0.72882,0.72832,1.0625,0.8749,0.30016,1.0296,0.67333,0.58886,0.53486,0.43385,0.43444,0.7256,0.8394,0.86621,0.73468,0.39792,0.94856
1401,2.0585,0.80563,0.71552,1.3704,0.63775,0.8502,0.40366,0.93768,0.64435,0.3546,0.4505,0.64497,0.4897,0.45404,0.36846,0.3959,0.61897,0.61642,0.5026,0.68601,0.81022,0.35072,0.35838,0.41837,0.48801,1.4348,0.78183,0.68105,0.17499,0.20434,0.84942,0.71671,0.57822,0.61328,0.73242,0.7301,1.0643,0.88202,0.29995,1.0327,0.67247,0.59057,0.54274,0.44518,0.43676,0.72385,0.8565,0.86109,0.73311,0.39706,0.94869
1402,2.0834,0.80117,0.63567,1.3408,0.60931,0.81997,0.40935,0.94119,0.6436,0.35419,0.44908,0.64049,0.48737,0.45359,0.37363,0.39138,0.60457,0.5985,0.48845,0.70899,0.78559,0.35041,0.34549,0.415,0.48514,1.4202,0.77043,0.64151,0.17646,0.20165,0.84803,0.71103,0.5754,0.61744,0.7325,0.73183,1.0638,0.88582,0.29658,1.0375,0.67009,0.58634,0.54084,0.429,0.42738,0.71898,0.839,0.8389,0.72892,0.39528,0.94726
1403,2.0807,0.81158,0.58506,1.3449,0.58702,0.84052,0.41268,0.9438,0.64479,0.3557,0.4443,0.64139,0.48832,0.45513,0.37868,0.383,0.59466,0.58778,0.52607,0.70485,0.81262,0.35173,0.35234,0.40981,0.48408,1.422,0.76643,0.60244,0.17753,0.19832,0.84731,0.70717,0.5739,0.62334,0.73442,0.73365,1.0647,0.88918,0.29325,1.0426,0.66838,0.58195,0.54442,0.43955,0.41947,0.71383,0.80973,0.82153,0.72921,0.39393,0.94615
1404,2.1355,0.82708,0.63652,1.4044,0.58314,0.8562,0.42175,0.94777,0.64568,0.35792,0.44187,0.64641,0.49194,0.4565,0.37971,0.38203,0.59475,0.58809,0.54942,0.72957,0.86453,0.349,0.35071,0.40724,0.48294,1.4433,0.76893,0.61784,0.17965,0.19667,0.84167,0.70496,0.57098,0.63203,0.73553,0.73725,1.0656,0.89111,0.28954,1.0517,0.66742,0.58502,0.54848,0.45952,0.43214,0.71175,0.81193,0.81878,0.73773,0.39264,0.94523
1405,2.1495,0.81386,0.62118,1.365,0.59788,0.82481,0.41662,0.94593,0.64443,0.35723,0.43645,0.64531,0.49029,0.45244,0.36451,0.3767,0.58165,0.57114,0.52634,0.7162,0.80214,0.34172,0.34122,0.40362,0.48,1.4333,0.76196,0.56109,0.17846,0.19373,0.83833,0.69527,0.56232,0.62687,0.73565,0.73809,1.0641,0.89152,0.28514,1.0584,0.66443,0.57553,0.53288,0.44602,0.43289,0.70892,0.79515,0.79605,0.73592,0.39123,0.94165
1406,2.1639,0.83126,0.62843,1.393,0.62583,0.84284,0.41736,0.94697,0.64577,0.35726,0.4319,0.64579,0.49079,0.44997,0.35229,0.38246,0.57113,0.57953,0.57215,0.69092,0.77713,0.35074,0.37003,0.39529,0.47901,1.4316,0.77259,0.57049,0.17705,0.19083,0.84366,0.70261,0.55805,0.6251,0.73837,0.73843,1.065,0.89567,0.283,1.0664,0.66248,0.56952,0.52925,0.44587,0.4393,0.70571,0.80993,0.79334,0.73697,0.39008,0.93905
1407,2.1925,0.84839,0.64028,1.5135,0.62472,0.83478,0.41949,0.95307,0.64629,0.35646,0.42926,0.64286,0.48953,0.44829,0.34085,0.39268,0.56071,0.56772,0.56778,0.6685,0.69688,0.33697,0.38279,0.38938,0.47779,1.4345,0.78119,0.59897,0.17692,0.18861,0.84101,0.70547,0.55301,0.62789,0.73909,0.74057,1.0657,0.89993,0.28089,1.0752,0.6593,0.56953,0.52603,0.43482,0.44729,0.70208,0.79461,0.79082,0.73674,0.38874,0.93694
1408,2.1904,0.86901,0.60438,1.5766,0.62924,0.80291,0.41523,0.95676,0.64638,0.35708,0.4249,0.63703,0.48553,0.44687,0.34176,0.40191,0.54986,0.5448,0.53828,0.64114,0.65785,0.32038,0.38723,0.38671,0.47621,1.4104,0.77562,0.60126,0.17512,0.1862,0.83754,0.70531,0.54989,0.62407,0.73841,0.74233,1.0652,0.90523,0.27891,1.0834,0.65507,0.5661,0.52516,0.41559,0.4413,0.69592,0.77158,0.79195,0.72816,0.38722,0.93498
1409,2.2052,0.91379,0.60187,1.5987,0.62695,0.80393,0.41955,0.96189,0.64807,0.35997,0.42316,0.63728,0.48508,0.45007,0.35748,0.41703,0.54936,0.56373,0.55851,0.65223,0.70751,0.3287,0.40265,0.38118,0.47577,1.4089,0.77109,0.64119,0.17668,0.1851,0.83994,0.71378,0.552,0.62605,0.73974,0.74493,1.0667,0.91286,0.27754,1.0918,0.65321,0.56931,0.53326,0.4169,0.44328,0.69027,0.78585,0.81459,0.7277,0.38597,0.93501
1410,2.2067,0.92316,0.58452,1.5938,0.59383,0.7888,0.41703,0.96574,0.64631,0.36187,0.42052,0.63629,0.48258,0.45048,0.36058,0.41645,0.54918,0.56612,0.54174,0.68206,0.72007,0.31373,0.38935,0.3767,0.47456,1.408,0.76326,0.62384,0.17744,0.18326,0.83693,0.70555,0.54919,0.63051,0.74122,0.7473,1.067,0.91819,0.27469,1.098,0.64981,0.56626,0.52704,0.40843,0.44697,0.68621,0.75961,0.80238,0.72518,0.38515,0.93439
1411,2.2355,0.9265,0.5879,1.5888,0.594,0.79182,0.41738,0.96923,0.64388,0.36425,0.41786,0.63489,0.48155,0.45023,0.3672,0.41044,0.55144,0.563,0.55952,0.70899,0.75395,0.30673,0.38559,0.37449,0.4731,1.4053,0.76216,0.61489,0.17754,0.18183,0.83648,0.70426,0.54878,0.63536,0.74195,0.74892,1.0662,0.92222,0.27195,1.1061,0.64736,0.56057,0.52425,0.4133,0.44395,0.68155,0.74739,0.7999,0.7223,0.38445,0.93365
1412,2.2851,0.91785,0.59118,1.5215,0.60128,0.80255,0.4214,0.9709,0.6429,0.36605,0.41697,0.6335,0.48035,0.44798,0.37171,0.41103,0.55464,0.58766,0.56774,0.74099,0.77219,0.318,0.39085,0.37024,0.47291,1.4015,0.76011,0.61926,0.17867,0.18145,0.84149,0.70335,0.54933,0.63964,0.74333,0.75153,1.0642,0.92624,0.26834,1.1108,0.64534,0.55557,0.52602,0.41894,0.442,0.67753,0.74721,0.79455,0.72146,0.38385,0.93277
1413,2.304,0.90363,0.59967,1.5112,0.58898,0.81706,0.4231,0.97309,0.64229,0.36672,0.4138,0.62944,0.48008,0.44684,0.359,0.41156,0.55782,0.60078,0.57243,0.74054,0.77145,0.32162,0.38039,0.36273,0.47148,1.39,0.76027,0.62212,0.17824,0.18057,0.84262,0.70223,0.5454,0.63988,0.74402,0.75292,1.0629,0.92923,0.26381,1.1178,0.64373,0.54734,0.52052,0.4148,0.44064,0.67264,0.73972,0.79015,0.72193,0.38282,0.9315
1414,2.3499,0.89938,0.59208,1.5935,0.60168,0.82791,0.42415,0.97808,0.64181,0.36808,0.40922,0.62535,0.48001,0.44627,0.35893,0.40797,0.55587,0.58604,0.56658,0.72044,0.74737,0.33194,0.37394,0.35888,0.46987,1.3696,0.76114,0.61262,0.17706,0.17938,0.84067,0.70832,0.54036,0.64134,0.74422,0.75334,1.0614,0.93033,0.26043,1.1295,0.64159,0.5392,0.5158,0.41468,0.44105,0.66666,0.73201,0.77484,0.72015,0.38179,0.92983
1415,2.3827,0.90036,0.59402,1.6281,0.60547,0.82913,0.42748,0.97953,0.64344,0.3696,0.40593,0.62427,0.47926,0.44561,0.35831,0.41359,0.55118,0.58889,0.55398,0.69468,0.73427,0.34967,0.38209,0.35596,0.47033,1.3739,0.75853,0.61452,0.17804,0.17892,0.83846,0.7124,0.53869,0.64144,0.74419,0.75414,1.0606,0.93509,0.25765,1.1403,0.6394,0.53161,0.51764,0.41436,0.44141,0.66013,0.7417,0.78949,0.72463,0.38104,0.92935
1416,2.3698,0.89681,0.58931,1.5838,0.57508,0.81475,0.42767,0.97865,0.64349,0.37172,0.40252,0.62348,0.47773,0.44684,0.35158,0.41475,0.53941,0.58593,0.5475,0.66917,0.71797,0.33926,0.37667,0.35323,0.46842,1.3766,0.75502,0.61956,0.17808,0.17794,0.83366,0.71203,0.5372,0.63987,0.74416,0.75442,1.0607,0.93841,0.25418,1.1519,0.63707,0.52866,0.51513,0.40602,0.44309,0.65373,0.7503,0.80838,0.72669,0.38,0.92847
1417,2.3821,0.9069,0.56659,1.5891,0.57533,0.80935,0.42996,0.98037,0.64356,0.3749,0.3992,0.62421,0.47745,0.44823,0.35917,0.40694,0.53687,0.57413,0.55762,0.66545,0.70975,0.33284,0.3733,0.35311,0.46648,1.374,0.75708,0.61795,0.1798,0.17783,0.83291,0.7121,0.53578,0.64396,0.74613,0.75462,1.0609,0.94021,0.2509,1.1642,0.63529,0.53014,0.51469,0.40468,0.44986,0.64857,0.7532,0.80177,0.72613,0.37969,0.92758
1418,2.3913,0.9152,0.56931,1.6012,0.57011,0.80964,0.43173,0.98142,0.64498,0.37714,0.39754,0.6252,0.47736,0.44719,0.35917,0.40944,0.54039,0.56528,0.56512,0.66539,0.69644,0.3274,0.37538,0.35018,0.46592,1.3821,0.7563,0.61723,0.18236,0.17851,0.83232,0.71171,0.53549,0.64925,0.7477,0.75489,1.0606,0.94351,0.24767,1.1766,0.63354,0.53074,0.51453,0.40761,0.45098,0.64461,0.75316,0.79966,0.72764,0.37922,0.92612
1419,2.3996,0.92962,0.58318,1.6023,0.55896,0.80458,0.43026,0.98329,0.64556,0.38024,0.3961,0.62392,0.47744,0.44785,0.35304,0.41629,0.53969,0.55246,0.57386,0.6528,0.69002,0.32153,0.37282,0.34643,0.46478,1.3775,0.75552,0.61769,0.1834,0.17848,0.8308,0.71086,0.53474,0.65169,0.74829,0.75597,1.0595,0.94357,0.2442,1.1876,0.63171,0.53286,0.51042,0.41117,0.45088,0.64023,0.74408,0.79093,0.72546,0.3786,0.9244
1420,2.4257,0.9585,0.59145,1.6617,0.57093,0.8121,0.42958,0.98682,0.64744,0.38318,0.39295,0.62307,0.47893,0.44903,0.35583,0.42014,0.54458,0.54046,0.5891,0.65168,0.72727,0.32484,0.37459,0.34247,0.46608,1.3749,0.7625,0.60694,0.18378,0.17882,0.83188,0.70889,0.53174,0.65489,0.75023,0.75848,1.0592,0.94263,0.24079,1.1983,0.62959,0.53223,0.51127,0.4178,0.45485,0.63633,0.72764,0.78033,0.7261,0.37804,0.92312
1421,2.4359,0.96407,0.59981,1.6947,0.56868,0.81825,0.42707,0.98816,0.64778,0.38411,0.38985,0.62203,0.47867,0.44769,0.35092,0.42672,0.54757,0.53178,0.58876,0.65131,0.71661,0.32548,0.37942,0.33603,0.46749,1.372,0.76469,0.5876,0.18461,0.17866,0.83117,0.70752,0.52895,0.65963,0.75087,0.75983,1.0584,0.94312,0.23773,1.209,0.62555,0.52689,0.51357,0.41394,0.45477,0.63087,0.71321,0.77654,0.727,0.3772,0.92288
1422,2.4607,0.96547,0.59562,1.6828,0.57332,0.80864,0.42578,0.98774,0.64657,0.38593,0.38795,0.61879,0.47695,0.44755,0.3484,0.4304,0.54577,0.53591,0.60382,0.64035,0.70065,0.32746,0.38247,0.33192,0.46631,1.3614,0.76647,0.57865,0.18386,0.17738,0.82712,0.70443,0.52638,0.66079,0.75115,0.7605,1.0575,0.94319,0.23439,1.2181,0.62274,0.52286,0.51499,0.40819,0.45456,0.62436,0.71305,0.77992,0.72504,0.3764,0.92266
1423,2.4614,0.97386,0.59521,1.7024,0.5892,0.81347,0.42827,0.98898,0.64675,0.3881,0.38535,0.61767,0.47635,0.44942,0.35399,0.42977,0.54494,0.54251,0.61601,0.63906,0.69748,0.3289,0.38016,0.32911,0.46568,1.3492,0.77205,0.57047,0.18525,0.17718,0.82577,0.70185,0.52306,0.6612,0.75151,0.76246,1.0566,0.94418,0.23037,1.2289,0.62097,0.52078,0.51814,0.40465,0.45659,0.61958,0.723,0.78914,0.72615,0.37589,0.92259
1424,2.4458,0.9749,0.59588,1.7239,0.5977,0.8235,0.43058,0.99172,0.64584,0.39056,0.38324,0.61753,0.4761,0.44985,0.35585,0.42859,0.54432,0.5398,0.61269,0.63847,0.67033,0.32539,0.37593,0.32611,0.46515,1.3378,0.77168,0.55907,0.18824,0.17707,0.82508,0.70063,0.52122,0.66525,0.75108,0.76486,1.0562,0.94633,0.2264,1.2406,0.61854,0.51923,0.5184,0.40078,0.46012,0.61467,0.72744,0.79125,0.72697,0.37525,0.92177
1425,2.437,0.9845,0.59299,1.7075,0.59547,0.81691,0.42939,0.99321,0.64476,0.39385,0.38001,0.61543,0.47517,0.44886,0.35735,0.42595,0.54228,0.53682,0.60263,0.63308,0.65228,0.31899,0.37132,0.32426,0.46385,1.326,0.76592,0.54548,0.1903,0.17727,0.8221,0.70114,0.51865,0.66623,0.75057,0.7653,1.0544,0.94544,0.22272,1.2545,0.61748,0.51706,0.51452,0.3932,0.45966,0.60985,0.72793,0.79347,0.72786,0.37494,0.92101
1426,2.4667,0.99701,0.6037,1.742,0.60655,0.82386,0.43585,0.99669,0.64567,0.39758,0.37794,0.61433,0.4768,0.45032,0.36295,0.43108,0.5414,0.54191,0.60873,0.63051,0.67245,0.31917,0.37436,0.32036,0.46598,1.3406,0.76243,0.56236,0.19249,0.17869,0.82334,0.70332,0.51565,0.66673,0.7525,0.76824,1.0532,0.94547,0.21882,1.2718,0.61734,0.51874,0.51575,0.39698,0.45829,0.60668,0.73031,0.81206,0.73464,0.37478,0.92006
1427,2.4741,0.99983,0.60141,1.7694,0.59285,0.83452,0.43934,0.99807,0.64399,0.39905,0.37511,0.611,0.47718,0.4496,0.35703,0.43391,0.54081,0.53674,0.6014,0.62884,0.68131,0.31357,0.37434,0.31678,0.4666,1.3347,0.76104,0.55105,0.19373,0.18016,0.82445,0.70023,0.51249,0.67022,0.75176,0.77011,1.0517,0.94544,0.21282,1.286,0.61345,0.51465,0.51442,0.39594,0.45705,0.6001,0.71369,0.79764,0.7338,0.37426,0.91934
1428,2.4954,1.0083,0.59602,1.7773,0.58199,0.83085,0.44031,0.99839,0.64395,0.40332,0.37333,0.60792,0.47723,0.44904,0.35594,0.43988,0.54096,0.53944,0.58247,0.6271,0.7253,0.31328,0.37636,0.31377,0.46642,1.3291,0.76383,0.5535,0.19411,0.18211,0.82398,0.69973,0.51171,0.67336,0.75255,0.77049,1.0512,0.94518,0.20842,1.3053,0.61057,0.51113,0.51795,0.39719,0.45696,0.59416,0.70982,0.78724,0.7349,0.37381,0.91878
1429,2.5286,1.0106,0.59164,1.7945,0.58832,0.82975,0.44319,0.99939,0.64502,0.40714,0.37164,0.60533,0.47922,0.45025,0.35557,0.44688,0.53754,0.5454,0.57892,0.62604,0.76071,0.31623,0.38067,0.31035,0.46611,1.3275,0.76903,0.57718,0.19541,0.18398,0.82299,0.69959,0.51019,0.67411,0.75502,0.77017,1.0517,0.94656,0.2044,1.3266,0.60807,0.50901,0.5198,0.40161,0.45766,0.58844,0.70755,0.78058,0.73759,0.37334,0.91802
1430,2.534,1.0145,0.58528,1.78,0.5896,0.83028,0.44348,0.99862,0.64374,0.40992,0.36893,0.6022,0.47879,0.44981,0.34738,0.4457,0.53306,0.5378,0.57697,0.62243,0.7347,0.3163,0.37562,0.30886,0.46512,1.2892,0.76937,0.56548,0.19713,0.18557,0.81886,0.69716,0.50737,0.67404,0.7543,0.76759,1.0494,0.94606,0.20004,1.3414,0.60354,0.50124,0.5176,0.3991,0.45797,0.58065,0.69279,0.76821,0.73424,0.37265,0.91681
1431,2.5566,1.0311,0.59209,1.7939,0.60376,0.83289,0.44418,0.99895,0.64411,0.41519,0.36724,0.60181,0.47788,0.45151,0.35245,0.44753,0.5347,0.53159,0.57722,0.61965,0.73796,0.32082,0.37401,0.30739,0.46614,1.276,0.76748,0.57589,0.20143,0.188,0.81621,0.69867,0.50696,0.67681,0.75457,0.76781,1.0473,0.94449,0.19732,1.3622,0.60111,0.49623,0.52169,0.39967,0.46,0.57587,0.68935,0.7829,0.73558,0.37202,0.91549
1432,2.5638,1.042,0.5854,1.8201,0.60761,0.82813,0.44309,0.99668,0.64321,0.41879,0.36408,0.60059,0.47697,0.4523,0.35405,0.44467,0.52972,0.52676,0.58054,0.61067,0.73003,0.32328,0.37619,0.30506,0.46652,1.2718,0.76152,0.59425,0.20693,0.19024,0.81389,0.69947,0.50374,0.68151,0.75447,0.7681,1.0446,0.94305,0.19289,1.3838,0.59783,0.49268,0.51943,0.39915,0.45824,0.57013,0.67251,0.78912,0.73678,0.37136,0.91431
1433,2.5704,1.0492,0.58361,1.8799,0.60233,0.82825,0.44156,0.99442,0.64039,0.42376,0.36106,0.60011,0.4765,0.45232,0.35322,0.43953,0.52497,0.52221,0.57238,0.60501,0.71708,0.32498,0.37132,0.30355,0.46722,1.2533,0.75607,0.59123,0.21145,0.19308,0.81103,0.69962,0.49998,0.6851,0.75294,0.76667,1.0407,0.94102,0.18801,1.4019,0.59328,0.4906,0.52,0.39964,0.45558,0.56331,0.66164,0.77752,0.7368,0.37082,0.91254
1434,2.5933,1.0652,0.58812,1.9893,0.61058,0.83057,0.44207,0.99461,0.63893,0.43032,0.35916,0.5997,0.4778,0.45516,0.35864,0.44243,0.53048,0.52403,0.57396,0.6029,0.73776,0.32667,0.36904,0.30089,0.46778,1.2628,0.76202,0.59061,0.21814,0.19695,0.80976,0.70181,0.49922,0.69078,0.75295,0.76712,1.0393,0.94024,0.18453,1.4247,0.58902,0.49011,0.52448,0.40174,0.4551,0.559,0.66301,0.78344,0.74002,0.37024,0.91085
1435,2.576,1.0701,0.57229,2.0101,0.61197,0.82279,0.44097,0.9925,0.6361,0.43326,0.35536,0.5953,0.47841,0.45526,0.35295,0.44256,0.52821,0.52707,0.57441,0.59496,0.73793,0.32191,0.37036,0.29656,0.46669,1.2569,0.7681,0.58317,0.22267,0.20045,0.80567,0.69852,0.4962,0.69534,0.75229,0.76679,1.0371,0.93772,0.17967,1.4447,0.58317,0.48577,0.51687,0.39922,0.45317,0.55171,0.65102,0.7736,0.73978,0.36924,0.90956
1436,2.5964,1.0685,0.56676,1.9944,0.61997,0.83946,0.44331,0.99238,0.63424,0.43709,0.35157,0.59232,0.48015,0.45539,0.34975,0.44817,0.531,0.53378,0.58215,0.60379,0.7234,0.32129,0.37255,0.29293,0.46712,1.2436,0.7703,0.58342,0.22471,0.20512,0.80214,0.69571,0.49391,0.69688,0.75262,0.76601,1.0355,0.93564,0.17549,1.4634,0.57982,0.48206,0.51583,0.40246,0.45497,0.54516,0.65972,0.76068,0.74104,0.36824,0.90735
1437,2.6388,1.0805,0.55989,2.0055,0.63474,0.85935,0.44664,0.99115,0.63351,0.44035,0.34763,0.58924,0.48047,0.45559,0.3477,0.45573,0.53856,0.53848,0.6062,0.61002,0.70735,0.32063,0.37461,0.2898,0.46726,1.2506,0.76979,0.57316,0.22981,0.21064,0.79903,0.69375,0.49273,0.69833,0.75253,0.76659,1.0328,0.93207,0.17123,1.4826,0.57618,0.47526,0.51789,0.4006,0.45674,0.54071,0.66748,0.77477,0.74168,0.36704,0.90505
1438,2.632,1.087,0.55135,1.967,0.62504,0.86115,0.44626,0.98503,0.63087,0.44112,0.34334,0.58555,0.47783,0.4537,0.34049,0.45295,0.53002,0.541,0.59816,0.59674,0.70046,0.31667,0.37598,0.28748,0.46721,1.2424,0.76288,0.55205,0.23509,0.21545,0.7945,0.6897,0.48935,0.69979,0.74913,0.76399,1.0272,0.92468,0.16549,1.5013,0.57086,0.46655,0.51502,0.39392,0.45526,0.53215,0.65866,0.77467,0.73911,0.3655,0.9026
1439,2.6438,1.0971,0.56554,1.9636,0.61892,0.86761,0.44672,0.97971,0.62973,0.44423,0.33975,0.58564,0.47712,0.45444,0.34364,0.45147,0.52488,0.54626,0.58236,0.59608,0.71376,0.3175,0.37811,0.28572,0.46784,1.2304,0.76127,0.55398,0.23907,0.22168,0.7918,0.69072,0.4862,0.70163,0.74845,0.75972,1.0224,0.91983,0.16085,1.5267,0.56687,0.46596,0.52011,0.39896,0.45708,0.52393,0.6634,0.77139,0.74071,0.36409,0.89917
1440,2.6548,1.108,0.56277,1.9697,0.61484,0.86328,0.44563,0.97491,0.62851,0.44759,0.33606,0.58297,0.47602,0.45409,0.3467,0.44768,0.52171,0.5327,0.57282,0.58912,0.70047,0.31391,0.37406,0.28345,0.46663,1.216,0.76229,0.54816,0.24584,0.22792,0.7859,0.68917,0.48387,0.70218,0.74735,0.75448,1.0156,0.91445,0.15572,1.548,0.55979,0.46388,0.52222,0.39552,0.45686,0.51593,0.65049,0.77998,0.73877,0.36248,0.89544
1441,2.6546,1.1051,0.55466,1.9644,0.60384,0.84964,0.44537,0.97081,0.62601,0.45091,0.33375,0.57924,0.47473,0.45467,0.34657,0.44633,0.51496,0.52027,0.55987,0.57148,0.69027,0.31192,0.3714,0.27998,0.46649,1.1967,0.76535,0.55179,0.25135,0.23307,0.77849,0.68661,0.4826,0.70425,0.74391,0.74755,1.0106,0.90866,0.15074,1.5655,0.55255,0.45947,0.51822,0.39143,0.45564,0.50652,0.63639,0.78508,0.73719,0.36066,0.89125
1442,2.7071,1.1071,0.55305,2.0058,0.61402,0.8447,0.44689,0.96775,0.62501,0.4543,0.33111,0.57757,0.47532,0.45624,0.35141,0.45038,0.51166,0.51884,0.56561,0.57009,0.70119,0.31445,0.37277,0.27628,0.46648,1.1938,0.77169,0.57483,0.25735,0.24005,0.77388,0.68679,0.48107,0.70768,0.74172,0.74433,1.0073,0.90523,0.14662,1.5869,0.5475,0.45845,0.51844,0.39943,0.45771,0.50026,0.64635,0.79428,0.74205,0.35899,0.88668
1443,2.7561,1.1034,0.52967,2.0034,0.61938,0.84083,0.44562,0.9623,0.62253,0.45521,0.32709,0.57204,0.4738,0.45386,0.35032,0.45051,0.5086,0.50933,0.57161,0.5678,0.68754,0.31134,0.36884,0.27403,0.46442,1.1799,0.76661,0.57275,0.26431,0.24679,0.76515,0.68363,0.47756,0.70906,0.7373,0.74069,1.0027,0.89915,0.14155,1.5999,0.54159,0.45405,0.51705,0.39827,0.45719,0.4936,0.64584,0.79468,0.74127,0.35705,0.8823
1444,2.7805,1.104,0.52319,2.0284,0.61421,0.83853,0.44609,0.95623,0.61886,0.45802,0.3244,0.56759,0.4729,0.45363,0.34796,0.4535,0.50661,0.51403,0.57844,0.56321,0.69644,0.31104,0.36773,0.27266,0.46495,1.169,0.76346,0.58207,0.27003,0.25333,0.75721,0.68341,0.47453,0.71144,0.73336,0.7356,0.99886,0.8908,0.1375,1.6156,0.53588,0.45187,0.51753,0.39845,0.45707,0.48694,0.65009,0.7966,0.74002,0.35505,0.87801
1445,2.8063,1.1187,0.5232,2.078,0.61284,0.84287,0.4456,0.94972,0.61528,0.45998,0.32096,0.56489,0.47173,0.45325,0.34787,0.45314,0.50365,0.51595,0.58126,0.56364,0.72587,0.31107,0.36967,0.27178,0.46502,1.1668,0.76198,0.5901,0.27622,0.26145,0.75149,0.68268,0.47065,0.71292,0.73051,0.7312,0.99277,0.88202,0.13337,1.6393,0.53044,0.44935,0.52135,0.40039,0.45874,0.48172,0.6604,0.79602,0.73915,0.35313,0.87337
1446,2.7889,1.1268,0.50823,2.036,0.59542,0.84647,0.443,0.9419,0.61091,0.46139,0.31653,0.56032,0.46896,0.45105,0.34175,0.4496,0.50462,0.50548,0.57307,0.56096,0.72195,0.30799,0.36815,0.27038,0.46283,1.1471,0.75711,0.57531,0.28014,0.26857,0.74139,0.67584,0.46594,0.71056,0.72744,0.72289,0.98506,0.87129,0.12876,1.6594,0.52485,0.44388,0.52048,0.39458,0.45823,0.47425,0.66179,0.78082,0.73256,0.35095,0.86867
1447,2.7743,1.1338,0.51457,2.0411,0.58842,0.8516,0.4423,0.93776,0.60683,0.46696,0.31344,0.55685,0.46984,0.45157,0.34063,0.4525,0.50729,0.50833,0.58426,0.55778,0.7222,0.31073,0.36942,0.26885,0.46323,1.1458,0.76078,0.58111,0.28432,0.27536,0.73499,0.67154,0.46514,0.7106,0.72602,0.71497,0.97926,0.86253,0.12622,1.6815,0.51988,0.44202,0.52158,0.39198,0.45936,0.46857,0.66537,0.78539,0.73122,0.34899,0.86453
1448,2.776,1.1348,0.52524,2.0725,0.59264,0.85066,0.44072,0.93212,0.60212,0.46924,0.31003,0.55313,0.46859,0.45098,0.34157,0.45222,0.50551,0.50494,0.58356,0.55239,0.72465,0.31204,0.37126,0.26688,0.463,1.145,0.7586,0.57213,0.29036,0.28274,0.72894,0.66831,0.46422,0.71356,0.72241,0.70695,0.97323,0.85504,0.12295,1.7033,0.51468,0.43749,0.51935,0.38695,0.46158,0.46426,0.64581,0.78224,0.72873,0.34709,0.86022
1449,2.7664,1.1318,0.5294,2.0592,0.58929,0.84193,0.43827,0.92414,0.59899,0.47058,0.30673,0.54867,0.4665,0.45133,0.33892,0.45156,0.50502,0.5027,0.57668,0.54987,0.71514,0.3107,0.36962,0.26467,0.46249,1.1277,0.75735,0.56296,0.29569,0.28961,0.71976,0.66721,0.46095,0.71951,0.71923,0.69873,0.96675,0.84655,0.11959,1.7213,0.51013,0.43536,0.51514,0.38401,0.46207,0.45853,0.63162,0.77203,0.72592,0.34516,0.85587
1450,2.7692,1.1363,0.5423,2.0959,0.60146,0.83812,0.43486,0.91863,0.59697,0.47394,0.30458,0.54537,0.46773,0.45374,0.34223,0.45516,0.50453,0.50979,0.5951,0.5486,0.71744,0.31083,0.36929,0.26401,0.46297,1.1211,0.761,0.57301,0.3029,0.29717,0.71406,0.67056,0.45948,0.72701,0.71943,0.69298,0.96269,0.84103,0.11726,1.7389,0.50671,0.43499,0.51794,0.38869,0.46436,0.45425,0.62866,0.79005,0.72931,0.34367,0.85186
1451,2.7702,1.139,0.53869,2.1012,0.60421,0.83254,0.432,0.91061,0.59342,0.47508,0.30254,0.54244,0.4652,0.45368,0.34322,0.45512,0.5029,0.5037,0.59287,0.54035,0.71643,0.307,0.37028,0.2634,0.46149,1.1057,0.75759,0.55842,0.30815,0.30495,0.7076,0.66967,0.45659,0.73151,0.71788,0.68547,0.95925,0.83535,0.11321,1.7535,0.50139,0.42895,0.51864,0.38807,0.46674,0.44983,0.61134,0.79321,0.72693,0.34228,0.84716
1452,2.7872,1.147,0.53497,2.0741,0.59338,0.8365,0.43161,0.90556,0.59321,0.47836,0.30074,0.53983,0.46373,0.45488,0.34267,0.45545,0.50303,0.50236,0.58487,0.53994,0.71381,0.30381,0.37153,0.26313,0.46144,1.0925,0.75713,0.56047,0.31139,0.31318,0.70013,0.66608,0.45254,0.73598,0.71676,0.67907,0.95505,0.82824,0.11014,1.7697,0.49696,0.42629,0.52109,0.39242,0.46649,0.44445,0.61939,0.78869,0.72719,0.34082,0.84287
1453,2.8131,1.1565,0.52958,2.0677,0.59301,0.85396,0.43059,0.90302,0.59211,0.48206,0.29843,0.53655,0.46362,0.45639,0.34586,0.45547,0.50189,0.50495,0.59142,0.54013,0.71746,0.30344,0.37143,0.26285,0.46251,1.0929,0.75491,0.56558,0.31679,0.32224,0.69364,0.66224,0.45017,0.73669,0.71652,0.67443,0.95175,0.82108,0.10826,1.7869,0.49307,0.42389,0.52517,0.40062,0.46659,0.44013,0.6247,0.78773,0.7309,0.33953,0.83958
1454,2.8327,1.162,0.51014,2.028,0.58695,0.85618,0.43002,0.89748,0.58619,0.48167,0.29551,0.53138,0.45963,0.45553,0.34569,0.45393,0.49839,0.49947,0.58392,0.53538,0.71166,0.30195,0.37037,0.26145,0.46356,1.0825,0.74865,0.54156,0.32113,0.32951,0.68636,0.65799,0.44764,0.7344,0.71251,0.66642,0.94693,0.81181,0.10571,1.8012,0.48706,0.41886,0.52424,0.39911,0.46808,0.4353,0.61287,0.7676,0.72882,0.33808,0.83611
1455,2.861,1.1761,0.51745,2.0416,0.58908,0.8551,0.43038,0.8938,0.58307,0.48139,0.29384,0.52692,0.45946,0.45681,0.34635,0.45607,0.49678,0.50484,0.58606,0.54246,0.71076,0.30352,0.37126,0.2599,0.46575,1.0768,0.7523,0.54528,0.32733,0.33714,0.68283,0.65687,0.44684,0.73585,0.71019,0.65785,0.94071,0.80324,0.10472,1.8214,0.48348,0.42101,0.52353,0.40084,0.46978,0.43146,0.63046,0.76899,0.7309,0.33673,0.83318
1456,2.8633,1.1823,0.51636,2.1169,0.5947,0.85953,0.4281,0.88783,0.57937,0.4811,0.29124,0.523,0.46048,0.45691,0.34537,0.45563,0.49494,0.5038,0.5935,0.54214,0.70717,0.30556,0.37056,0.25771,0.46531,1.068,0.75766,0.54694,0.336,0.34494,0.67878,0.65514,0.44696,0.73713,0.70906,0.65193,0.9345,0.79543,0.10408,1.8415,0.4794,0.42001,0.52163,0.40065,0.47065,0.42827,0.63587,0.77746,0.73152,0.33554,0.82999
1457,2.86,1.1843,0.50458,2.1717,0.59616,0.84919,0.42659,0.88106,0.57304,0.48163,0.28885,0.51956,0.45911,0.45519,0.341,0.45745,0.49398,0.49752,0.59142,0.53664,0.69985,0.30671,0.36987,0.25643,0.46346,1.0521,0.75828,0.53319,0.34222,0.35142,0.67219,0.65317,0.44774,0.73849,0.70715,0.64493,0.92929,0.78786,0.10271,1.8575,0.47461,0.41527,0.52126,0.39566,0.47215,0.42403,0.62243,0.78295,0.72753,0.33444,0.82624
1458,2.8697,1.1921,0.50841,2.1969,0.60428,0.83929,0.42542,0.87623,0.56952,0.48446,0.28851,0.51752,0.45922,0.45573,0.34242,0.46075,0.49496,0.50173,0.59619,0.53807,0.70022,0.30842,0.37098,0.25623,0.46287,1.0497,0.76299,0.54361,0.34781,0.35973,0.66693,0.65299,0.4488,0.74185,0.7065,0.63903,0.92652,0.78094,0.10128,1.8756,0.47213,0.41686,0.52235,0.39339,0.4733,0.42112,0.62125,0.80333,0.7274,0.33359,0.82299
1459,2.8839,1.2007,0.50986,2.2398,0.60735,0.83903,0.42415,0.87107,0.56744,0.48835,0.28753,0.51421,0.45977,0.4558,0.34271,0.46066,0.49502,0.49882,0.59199,0.5368,0.69883,0.30885,0.371,0.25507,0.46224,1.046,0.76812,0.55969,0.35409,0.36985,0.6577,0.65101,0.44771,0.74749,0.70652,0.63429,0.92479,0.77553,0.099228,1.8938,0.46898,0.4142,0.52344,0.38923,0.47357,0.41858,0.61448,0.81057,0.72951,0.33269,0.81981
1460,2.9042,1.1984,0.49846,2.2286,0.60632,0.83871,0.4238,0.86672,0.5636,0.49076,0.28445,0.51123,0.45801,0.45619,0.3419,0.45923,0.49453,0.49312,0.58751,0.5307,0.69784,0.30755,0.36887,0.25383,0.46319,1.0379,0.76356,0.56637,0.35965,0.37917,0.64872,0.6492,0.44507,0.75025,0.70416,0.62824,0.92219,0.76942,0.095544,1.9105,0.46385,0.40915,0.52616,0.38743,0.47442,0.41463,0.60634,0.80392,0.72841,0.33152,0.817
1461,2.9235,1.2,0.4975,2.1164,0.61061,0.83552,0.42316,0.86361,0.56086,0.49361,0.28286,0.50913,0.45659,0.45734,0.34227,0.46159,0.49681,0.49566,0.59601,0.53148,0.70126,0.30799,0.36933,0.25257,0.46466,1.0423,0.75929,0.57229,0.36366,0.39072,0.64261,0.6509,0.44445,0.75436,0.70396,0.62152,0.92331,0.76521,0.093539,1.9279,0.46129,0.4086,0.52995,0.38964,0.47625,0.41093,0.6114,0.80142,0.73106,0.33041,0.81478
1462,2.9407,1.1986,0.4983,2.0709,0.60854,0.83674,0.42041,0.85628,0.55767,0.49453,0.27959,0.50446,0.45436,0.45667,0.34149,0.45994,0.49163,0.49056,0.59295,0.53136,0.69835,0.30436,0.36955,0.2501,0.46456,1.0314,0.7599,0.5682,0.36859,0.39972,0.63493,0.64898,0.44195,0.75428,0.70123,0.61444,0.91945,0.75814,0.091702,1.9461,0.45749,0.40235,0.52716,0.38802,0.47594,0.40671,0.62138,0.79184,0.7331,0.32887,0.81135
1463,2.9756,1.1933,0.50773,2.0618,0.60194,0.8409,0.42103,0.85114,0.55429,0.49531,0.27587,0.50186,0.45376,0.45604,0.34106,0.45745,0.48748,0.48933,0.59781,0.52894,0.69613,0.30229,0.36949,0.24867,0.46419,1.0226,0.75713,0.56463,0.37384,0.40678,0.62993,0.64621,0.44156,0.75382,0.69868,0.60898,0.9155,0.75193,0.090619,1.9636,0.4542,0.39726,0.52732,0.3889,0.4754,0.40352,0.62891,0.7789,0.73311,0.32761,0.80849
1464,2.9801,1.1992,0.52789,2.0679,0.589,0.84518,0.4197,0.84838,0.55096,0.49744,0.27355,0.50013,0.45341,0.45413,0.34264,0.45884,0.48475,0.49572,0.60301,0.53023,0.70306,0.30229,0.36895,0.24837,0.46361,1.0232,0.75408,0.57004,0.38092,0.41556,0.62493,0.64398,0.44289,0.75563,0.69799,0.60433,0.91079,0.74764,0.090679,1.9829,0.45269,0.39785,0.5278,0.38735,0.47543,0.4006,0.62321,0.77915,0.73371,0.32637,0.80511
1465,2.9782,1.2074,0.53085,2.1065,0.57545,0.84059,0.41666,0.84283,0.54631,0.49867,0.27076,0.49563,0.45217,0.45126,0.3421,0.4582,0.47904,0.49252,0.59023,0.52711,0.70672,0.29882,0.36674,0.24667,0.46355,1.0105,0.75228,0.55968,0.3879,0.4217,0.6181,0.63901,0.44153,0.75262,0.69418,0.59769,0.90411,0.7412,0.090377,2.0051,0.44817,0.39366,0.52375,0.38217,0.47475,0.39784,0.62049,0.77354,0.733,0.32534,0.8017
1466,2.9912,1.2165,0.52417,2.1522,0.56669,0.83468,0.41651,0.84086,0.54189,0.49959,0.26895,0.49197,0.45233,0.45049,0.34238,0.45771,0.47958,0.4934,0.58611,0.52417,0.71202,0.29734,0.366,0.24445,0.46442,1.0099,0.75148,0.55275,0.39584,0.43062,0.6128,0.63623,0.44007,0.75419,0.69388,0.59111,0.90118,0.73564,0.090512,2.0241,0.44347,0.39121,0.52623,0.38124,0.47443,0.39699,0.62551,0.77155,0.7321,0.32454,0.79904
1467,2.9802,1.235,0.51182,2.1769,0.55821,0.83379,0.41386,0.83929,0.53824,0.50049,0.26742,0.4882,0.4504,0.45011,0.34315,0.45854,0.47835,0.49536,0.57612,0.52122,0.71409,0.30013,0.36489,0.24337,0.46494,1.0059,0.75307,0.55858,0.40636,0.44294,0.60764,0.63324,0.43837,0.7581,0.69408,0.58531,0.89654,0.72986,0.089913,2.038,0.4394,0.39111,0.52523,0.38133,0.47344,0.39419,0.61484,0.77632,0.73117,0.32344,0.79588
1468,2.9851,1.2381,0.49591,2.1674,0.56401,0.83407,0.41115,0.8345,0.5346,0.50102,0.26615,0.48375,0.44771,0.45026,0.34122,0.45812,0.47611,0.48784,0.57239,0.51613,0.71073,0.30339,0.3642,0.24183,0.46422,0.99313,0.75196,0.55746,0.4126,0.45273,0.60118,0.62942,0.43497,0.75905,0.69186,0.57902,0.8934,0.72299,0.089494,2.0538,0.43433,0.38711,0.51985,0.38211,0.4719,0.39005,0.60755,0.77663,0.72856,0.32214,0.79197
1469,3.0149,1.2361,0.48077,2.1677,0.57569,0.84696,0.41072,0.831,0.53175,0.5009,0.26473,0.48081,0.44785,0.45085,0.34212,0.45881,0.47826,0.48561,0.58972,0.51695,0.70971,0.30612,0.36563,0.24085,0.46369,0.98861,0.75082,0.56499,0.41836,0.46382,0.59559,0.6274,0.4348,0.76208,0.69302,0.57445,0.89058,0.71749,0.088582,2.0709,0.43128,0.3847,0.52057,0.38343,0.47089,0.38739,0.60348,0.77469,0.72832,0.32119,0.78861
1470,3.0065,1.2417,0.47485,2.1653,0.58184,0.8583,0.40884,0.82662,0.52914,0.49997,0.26173,0.47857,0.44746,0.44944,0.3434,0.45768,0.47588,0.48456,0.59369,0.5176,0.70604,0.3086,0.36482,0.24109,0.46368,0.97055,0.7472,0.57242,0.42405,0.47478,0.59107,0.62319,0.43546,0.7639,0.69165,0.56925,0.8866,0.71324,0.086395,2.0829,0.42824,0.38218,0.5173,0.38264,0.47013,0.38359,0.58905,0.76625,0.72854,0.32,0.78509
1471,2.9841,1.2399,0.48975,2.1813,0.59136,0.85734,0.40733,0.8216,0.5267,0.5007,0.2592,0.47754,0.44679,0.4482,0.34168,0.45708,0.47419,0.48299,0.59767,0.51856,0.70824,0.30768,0.36445,0.24107,0.46305,0.95672,0.74436,0.56373,0.42777,0.48366,0.58551,0.62024,0.4348,0.76488,0.68946,0.56306,0.88555,0.70845,0.085142,2.0967,0.42523,0.37912,0.51766,0.3797,0.47091,0.3807,0.58434,0.76154,0.72727,0.31881,0.78178
1472,2.9977,1.2429,0.49044,2.1835,0.58535,0.85731,0.40606,0.81795,0.52412,0.50191,0.25676,0.47478,0.44643,0.44677,0.34089,0.45821,0.47353,0.48393,0.59945,0.52073,0.7117,0.30309,0.3644,0.24124,0.46394,0.9586,0.74556,0.56141,0.43319,0.49267,0.57964,0.61878,0.43491,0.76491,0.69025,0.55743,0.88272,0.70456,0.084007,2.1124,0.42194,0.37624,0.52124,0.37511,0.47066,0.38,0.58205,0.76893,0.72592,0.31757,0.77833
1473,2.9995,1.2447,0.47885,2.1396,0.57141,0.8495,0.40383,0.81435,0.52137,0.50303,0.25451,0.4705,0.44498,0.44604,0.33976,0.45758,0.4706,0.47969,0.58795,0.51862,0.70813,0.30081,0.36183,0.24027,0.4653,0.96144,0.7445,0.56144,0.43626,0.50101,0.57293,0.61617,0.43391,0.76618,0.6888,0.55127,0.88142,0.70045,0.083259,2.1206,0.41849,0.37294,0.51695,0.37552,0.46901,0.37814,0.56996,0.77436,0.72077,0.31634,0.77493
1474,3.0067,1.2442,0.48056,2.1303,0.57312,0.84664,0.40224,0.81167,0.51934,0.50413,0.25327,0.46858,0.44447,0.44686,0.34019,0.45787,0.46862,0.47745,0.5891,0.51597,0.71121,0.30057,0.36082,0.23897,0.46446,0.96999,0.74461,0.56471,0.44159,0.50883,0.56629,0.6168,0.43375,0.76835,0.68854,0.54619,0.88127,0.6945,0.083266,2.1314,0.41742,0.37188,0.51695,0.37901,0.46778,0.37575,0.56241,0.779,0.71609,0.31513,0.77081
1475,3.0397,1.2501,0.48455,2.1326,0.57202,0.85136,0.40143,0.80951,0.51709,0.50494,0.25249,0.46675,0.44431,0.44725,0.34047,0.45907,0.46781,0.47831,0.58622,0.51443,0.71683,0.30026,0.36112,0.23814,0.46351,0.97733,0.74434,0.58126,0.45009,0.51716,0.5623,0.61692,0.43249,0.76767,0.6887,0.54169,0.87901,0.68868,0.082818,2.1456,0.4149,0.36957,0.51512,0.3806,0.46667,0.37388,0.56347,0.787,0.71482,0.31374,0.76609
1476,3.0382,1.2489,0.46919,2.1146,0.5574,0.85181,0.39827,0.80544,0.51446,0.50449,0.25176,0.46406,0.44191,0.44802,0.33977,0.45848,0.46722,0.47368,0.57767,0.51399,0.71185,0.29926,0.36018,0.23624,0.46149,0.97315,0.74011,0.56821,0.45407,0.52446,0.5579,0.61462,0.42956,0.76603,0.68651,0.53705,0.87397,0.68139,0.081898,2.1538,0.4109,0.36447,0.5092,0.3822,0.46509,0.37169,0.55744,0.78774,0.71229,0.31198,0.76107
1477,3.0395,1.2513,0.46829,2.1316,0.55454,0.84683,0.39625,0.80372,0.5132,0.50493,0.25081,0.46376,0.44096,0.44965,0.34028,0.45885,0.46681,0.47498,0.57516,0.5128,0.7004,0.30208,0.36077,0.23536,0.4613,0.9615,0.7393,0.55985,0.45995,0.53308,0.55332,0.61185,0.42563,0.7666,0.68464,0.53227,0.87107,0.67616,0.082328,2.1601,0.40879,0.36267,0.50817,0.38227,0.46442,0.36921,0.56675,0.77343,0.71012,0.31049,0.75711
1478,3.0651,1.2643,0.46957,2.1498,0.55867,0.85471,0.39593,0.80278,0.51177,0.50387,0.25049,0.4641,0.43935,0.44978,0.34008,0.45907,0.46614,0.48231,0.57523,0.51412,0.69532,0.30276,0.36257,0.2365,0.46132,0.94737,0.74381,0.56275,0.46843,0.54255,0.54961,0.60949,0.42396,0.76593,0.68436,0.52886,0.86874,0.67214,0.082008,2.1636,0.40579,0.36235,0.51021,0.37824,0.46468,0.3666,0.57765,0.77755,0.71271,0.30898,0.75312
1479,3.0513,1.2561,0.4692,2.112,0.5432,0.84654,0.39346,0.80112,0.50917,0.50223,0.24823,0.46328,0.43613,0.44866,0.33784,0.45654,0.46613,0.48097,0.57276,0.51042,0.68913,0.30107,0.36195,0.23628,0.46189,0.93452,0.74002,0.55794,0.46924,0.54977,0.54454,0.60427,0.42231,0.76465,0.68341,0.52517,0.86632,0.66721,0.082255,2.1664,0.40244,0.35997,0.50693,0.37185,0.46494,0.36352,0.57953,0.77157,0.7098,0.30717,0.74853
1480,3.0539,1.248,0.48211,2.1443,0.54525,0.83902,0.39194,0.80016,0.50823,0.50364,0.24669,0.46201,0.43588,0.44891,0.33836,0.45554,0.46787,0.48507,0.57759,0.50947,0.68671,0.30248,0.36221,0.23623,0.46293,0.93335,0.74106,0.56322,0.47214,0.55687,0.54101,0.60099,0.4239,0.76662,0.68393,0.52241,0.8656,0.66479,0.083798,2.1697,0.40148,0.36136,0.50863,0.37185,0.46457,0.3625,0.58441,0.7645,0.70579,0.30592,0.74497
1481,3.0531,1.2445,0.47856,2.1897,0.55612,0.83853,0.39143,0.7955,0.50605,0.50253,0.24622,0.45845,0.43494,0.44745,0.33706,0.45317,0.46533,0.4886,0.57913,0.51074,0.69028,0.3015,0.36164,0.23635,0.46172,0.92775,0.73843,0.56275,0.47598,0.56271,0.53781,0.59922,0.42695,0.76579,0.68384,0.5201,0.86334,0.66402,0.083299,2.1716,0.39959,0.35847,0.50597,0.3712,0.46397,0.36183,0.57612,0.76715,0.70602,0.30434,0.7405
1482,3.0145,1.2358,0.48296,2.1994,0.54753,0.83818,0.39051,0.79061,0.50394,0.50102,0.24567,0.45634,0.43466,0.4466,0.33418,0.45163,0.46267,0.48538,0.58079,0.51085,0.69419,0.30079,0.36068,0.23614,0.45956,0.92618,0.73224,0.55409,0.47766,0.56754,0.53532,0.59754,0.42776,0.76456,0.68337,0.51762,0.86007,0.66192,0.082744,2.1758,0.39803,0.3546,0.49984,0.37002,0.46498,0.36111,0.56938,0.7656,0.70657,0.30297,0.73482
1483,3.0185,1.2394,0.49307,2.2304,0.54822,0.847,0.39027,0.78873,0.50423,0.50388,0.24568,0.45584,0.43551,0.44837,0.33365,0.45331,0.4627,0.4856,0.57855,0.51154,0.7001,0.30216,0.36097,0.23647,0.45965,0.93318,0.73308,0.55094,0.48165,0.57411,0.53331,0.59788,0.42815,0.76736,0.68308,0.51472,0.85674,0.66203,0.082999,2.1798,0.39757,0.3533,0.49905,0.37236,0.46539,0.36201,0.56823,0.77962,0.70546,0.30208,0.73099
1484,3.0264,1.2415,0.48379,2.1738,0.55293,0.84758,0.38927,0.78695,0.50331,0.50387,0.24517,0.45352,0.43449,0.44761,0.33271,0.45313,0.459,0.48363,0.56969,0.5088,0.69792,0.30183,0.36021,0.23553,0.46007,0.92951,0.73045,0.55,0.48528,0.57979,0.52898,0.59653,0.42665,0.76596,0.6826,0.50971,0.85208,0.66145,0.082186,2.1813,0.39551,0.35003,0.49422,0.3693,0.46472,0.36047,0.56353,0.78587,0.70413,0.30044,0.72763
1485,3.0247,1.2462,0.48587,2.0941,0.54754,0.84721,0.38918,0.78664,0.50203,0.50334,0.24437,0.45281,0.43447,0.44727,0.333,0.45447,0.4588,0.47782,0.56904,0.50702,0.6916,0.30143,0.36019,0.23513,0.4599,0.93627,0.73308,0.55862,0.48826,0.58456,0.52648,0.5959,0.42523,0.76293,0.68321,0.50646,0.85092,0.65869,0.081704,2.1831,0.39488,0.35224,0.49282,0.36515,0.46574,0.35858,0.5602,0.78723,0.7057,0.29915,0.72412
1486,3.0487,1.2556,0.48226,2.0901,0.54846,0.84551,0.38833,0.78752,0.50172,0.50502,0.24368,0.45277,0.43381,0.44916,0.33494,0.45595,0.46125,0.47603,0.56921,0.50727,0.68761,0.30097,0.36067,0.23521,0.45967,0.94099,0.73426,0.56324,0.48947,0.58936,0.52613,0.59589,0.42441,0.7634,0.68407,0.5046,0.8502,0.65711,0.081495,2.1835,0.39518,0.35585,0.49557,0.36504,0.46623,0.35837,0.56252,0.78576,0.7072,0.29816,0.72131
1487,3.056,1.2529,0.45965,2.0657,0.55104,0.8359,0.38581,0.78538,0.50128,0.50448,0.24259,0.45035,0.43197,0.44846,0.33517,0.45442,0.45855,0.47629,0.56734,0.5079,0.68079,0.3013,0.35982,0.23444,0.45849,0.92904,0.73067,0.55811,0.49068,0.59349,0.52528,0.59298,0.42269,0.76143,0.68393,0.50303,0.84793,0.655,0.081256,2.1823,0.39445,0.35494,0.49442,0.36222,0.46517,0.3567,0.56697,0.76971,0.70511,0.29664,0.71819
1488,3.0592,1.252,0.45642,2.0624,0.55642,0.83847,0.38532,0.78389,0.50191,0.50425,0.242,0.44973,0.43249,0.44855,0.33503,0.45427,0.45911,0.47661,0.57598,0.51064,0.67744,0.30201,0.35986,0.23472,0.45749,0.93221,0.73311,0.55744,0.49328,0.59761,0.52574,0.59281,0.42338,0.76035,0.68334,0.50323,0.84947,0.65409,0.082167,2.186,0.39552,0.35411,0.49432,0.36126,0.46595,0.35722,0.56537,0.77328,0.70471,0.29583,0.71537
1489,3.0412,1.2462,0.45274,2.0789,0.55297,0.83823,0.38376,0.78301,0.50178,0.5028,0.24161,0.44894,0.433,0.44878,0.33475,0.45223,0.46109,0.47632,0.57911,0.51085,0.67713,0.30077,0.35996,0.23475,0.45629,0.92392,0.72677,0.54307,0.49586,0.60083,0.52529,0.59292,0.42265,0.76193,0.68156,0.50162,0.84841,0.6543,0.082693,2.1874,0.3951,0.35177,0.49337,0.36039,0.46649,0.35836,0.56684,0.77182,0.70316,0.29527,0.71267
1490,3.0126,1.2358,0.44119,2.0606,0.5424,0.83464,0.382,0.77953,0.50087,0.50029,0.24088,0.44726,0.4325,0.44711,0.33367,0.44986,0.4588,0.47685,0.57874,0.51009,0.67981,0.30104,0.35922,0.23361,0.4565,0.91016,0.72352,0.53112,0.49858,0.60419,0.52273,0.59019,0.42106,0.76368,0.67949,0.49938,0.84705,0.65311,0.082588,2.1861,0.39299,0.34906,0.49327,0.35902,0.46626,0.35792,0.57181,0.76226,0.69677,0.29449,0.71064
1491,3.012,1.2372,0.44977,2.0696,0.54098,0.83685,0.38262,0.77805,0.50116,0.50056,0.2407,0.44731,0.4331,0.44639,0.33236,0.45102,0.45882,0.47922,0.58572,0.50902,0.67918,0.30217,0.35916,0.23243,0.45792,0.91107,0.72776,0.53636,0.50266,0.60787,0.52074,0.58979,0.42186,0.76463,0.67966,0.49956,0.84845,0.65146,0.082861,2.1877,0.39188,0.34816,0.49449,0.36077,0.46778,0.35851,0.56783,0.77432,0.69522,0.29399,0.70958
1492,2.9987,1.2385,0.44778,2.0744,0.53197,0.82874,0.38305,0.77581,0.50003,0.50019,0.24028,0.44601,0.4323,0.44583,0.33103,0.45131,0.45842,0.47745,0.58495,0.50558,0.67216,0.3014,0.3594,0.23129,0.45738,0.90227,0.72381,0.53478,0.50405,0.61053,0.51847,0.58939,0.42054,0.76291,0.6797,0.49994,0.84582,0.64984,0.081958,2.1844,0.38973,0.34554,0.49339,0.36064,0.46885,0.35712,0.55253,0.77021,0.695,0.29339,0.70789
1493,2.9956,1.2401,0.43582,2.0677,0.53836,0.82732,0.38431,0.77357,0.5001,0.49977,0.23954,0.4457,0.43085,0.44689,0.33121,0.45145,0.45732,0.47658,0.5827,0.5048,0.67183,0.30262,0.35971,0.23067,0.45761,0.90261,0.72736,0.53973,0.50652,0.61532,0.51797,0.58725,0.42082,0.76266,0.67998,0.50022,0.84596,0.64843,0.081382,2.1831,0.38906,0.34605,0.49427,0.36214,0.46982,0.35555,0.55549,0.75731,0.69411,0.29293,0.70655
1494,2.9941,1.2511,0.44088,2.0852,0.55323,0.83038,0.38538,0.77458,0.50054,0.50056,0.23863,0.44575,0.43111,0.44864,0.33061,0.45188,0.45771,0.47755,0.58031,0.50375,0.67109,0.30341,0.35987,0.2307,0.4575,0.90214,0.73157,0.54651,0.50978,0.61961,0.51913,0.58741,0.42298,0.76184,0.68082,0.50039,0.84583,0.64653,0.081843,2.1874,0.38997,0.34722,0.49415,0.36191,0.47081,0.35498,0.56499,0.76042,0.69548,0.29259,0.70588
1495,2.962,1.2492,0.44089,2.1035,0.54972,0.82539,0.38538,0.77487,0.49899,0.49959,0.23736,0.44345,0.43073,0.44904,0.32949,0.44945,0.45727,0.47614,0.57393,0.50176,0.66533,0.30204,0.35958,0.23125,0.45513,0.88917,0.72831,0.54189,0.51047,0.62223,0.51844,0.58692,0.42209,0.75929,0.68003,0.49859,0.84258,0.64464,0.081857,2.1894,0.38985,0.34473,0.49076,0.35816,0.4709,0.3544,0.55753,0.75211,0.69297,0.29212,0.70446
1496,2.9559,1.2403,0.43762,2.1094,0.55473,0.82896,0.3855,0.77658,0.49985,0.4987,0.23772,0.44311,0.43126,0.44983,0.33174,0.44719,0.45909,0.47735,0.57502,0.50458,0.66518,0.30178,0.35975,0.2321,0.45409,0.88566,0.72992,0.54534,0.51423,0.62634,0.51829,0.58511,0.42156,0.76211,0.67899,0.49759,0.84396,0.6455,0.082709,2.1946,0.39024,0.34585,0.49109,0.35673,0.47143,0.35489,0.56703,0.74388,0.69074,0.29192,0.70323
1497,2.9453,1.2377,0.43604,2.097,0.55149,0.82997,0.38458,0.778,0.50028,0.49872,0.2381,0.44342,0.4322,0.44963,0.33289,0.4468,0.45925,0.47741,0.57299,0.50659,0.6653,0.30014,0.35967,0.23196,0.45318,0.88295,0.72617,0.54626,0.51765,0.62908,0.51844,0.58531,0.42027,0.76393,0.67754,0.49716,0.84423,0.6463,0.082822,2.1972,0.38995,0.34602,0.49252,0.35493,0.47128,0.35437,0.56514,0.74749,0.68836,0.29166,0.70238
1498,2.9208,1.2265,0.43141,2.0849,0.54513,0.8256,0.38446,0.77716,0.50054,0.49891,0.23805,0.44402,0.43176,0.4483,0.33266,0.4458,0.45788,0.47394,0.5665,0.50744,0.66338,0.29879,0.35991,0.23149,0.45226,0.88529,0.71972,0.54726,0.51856,0.63141,0.51719,0.58574,0.41784,0.76373,0.67651,0.49647,0.84225,0.64616,0.081908,2.1952,0.38945,0.34454,0.49112,0.35544,0.47138,0.35408,0.54415,0.74926,0.68605,0.29121,0.70102
1499,2.929,1.2194,0.43745,2.0803,0.55062,0.82645,0.3851,0.77744,0.50219,0.49874,0.23892,0.44662,0.4317,0.44791,0.33403,0.4463,0.45887,0.473,0.56626,0.51111,0.66586,0.29868,0.36098,0.23156,0.45294,0.89447,0.71753,0.55754,0.52103,0.63517,0.51697,0.58712,0.41851,0.76699,0.67635,0.49695,0.84213,0.64781,0.082057,2.1969,0.39014,0.34515,0.49237,0.35925,0.47185,0.3543,0.5467,0.74988,0.68864,0.29099,0.70003
1500,2.9194,1.2158,0.44368,2.063,0.54682,0.82429,0.3839,0.77511,0.50172,0.49866,0.23809,0.44697,0.43083,0.44793,0.33328,0.4465,0.45658,0.47226,0.56344,0.50974,0.66996,0.29732,0.3605,0.23095,0.45298,0.90129,0.71262,0.55149,0.52256,0.63794,0.51689,0.58779,0.41953,0.76788,0.67579,0.4962,0.84125,0.64759,0.081382,2.1918,0.38965,0.34415,0.4931,0.35929,0.47151,0.35361,0.54847,0.74681,0.68982,0.29057,0.69947
1501,2.9091,1.2126,0.44896,2.0555,0.54608,0.82342,0.38425,0.77213,0.50194,0.49956,0.23756,0.44627,0.43044,0.44876,0.33239,0.44548,0.45643,0.47264,0.56687,0.5079,0.67288,0.29762,0.36011,0.23049,0.45354,0.90409,0.71141,0.54281,0.5238,0.64093,0.51647,0.58776,0.42039,0.76874,0.67704,0.4963,0.83997,0.64736,0.081104,2.1862,0.39006,0.34436,0.49081,0.35905,0.472,0.35335,0.54658,0.75084,0.69017,0.29024,0.69926
1502,2.9219,1.2132,0.45677,2.0622,0.54844,0.82577,0.38506,0.77162,0.50231,0.50022,0.23793,0.44624,0.43044,0.44941,0.33267,0.44515,0.45788,0.47493,0.57342,0.5078,0.66957,0.29861,0.36059,0.23055,0.45446,0.89816,0.71589,0.54278,0.52549,0.64388,0.51686,0.58845,0.42,0.77052,0.67741,0.49723,0.84095,0.6479,0.081833,2.1886,0.39074,0.34451,0.49038,0.36034,0.47182,0.3534,0.55328,0.75211,0.69074,0.2902,0.69893
1503,2.9124,1.2062,0.45232,2.0556,0.54732,0.8239,0.38463,0.77048,0.50163,0.50075,0.23795,0.4451,0.42968,0.44994,0.3325,0.44349,0.45486,0.4727,0.57237,0.50303,0.66509,0.29879,0.36007,0.2302,0.45427,0.89325,0.71777,0.53747,0.5261,0.64592,0.51742,0.58788,0.41753,0.76822,0.67452,0.49666,0.8417,0.64603,0.081737,2.1856,0.39018,0.34273,0.48864,0.35802,0.47133,0.35323,0.55044,0.74332,0.68969,0.29003,0.69836
1504,2.899,1.209,0.44853,2.0564,0.54815,0.82547,0.3875,0.77208,0.50222,0.5004,0.23858,0.44551,0.43079,0.45074,0.33315,0.44338,0.45565,0.47163,0.57491,0.50254,0.66741,0.29946,0.3602,0.23008,0.45549,0.88797,0.71926,0.54271,0.52814,0.64966,0.51867,0.58936,0.41711,0.76765,0.67376,0.49726,0.84099,0.64557,0.082179,2.1832,0.39141,0.34278,0.4866,0.35724,0.47165,0.35318,0.54874,0.74498,0.69051,0.29003,0.69809
1505,2.8878,1.2128,0.4466,2.0608,0.54485,0.82479,0.38888,0.77495,0.50182,0.49876,0.23793,0.44636,0.43116,0.44974,0.3319,0.44408,0.45599,0.47119,0.57195,0.50368,0.6648,0.29945,0.36069,0.23077,0.45537,0.88495,0.72226,0.54936,0.53036,0.654,0.5189,0.58992,0.4168,0.767,0.67285,0.49747,0.84078,0.64476,0.082162,2.1833,0.39152,0.3422,0.48687,0.35827,0.47119,0.35333,0.54577,0.73878,0.69013,0.28992,0.69744
1506,2.8684,1.2037,0.44792,2.0579,0.54343,0.8181,0.38778,0.77607,0.50111,0.49798,0.23779,0.44612,0.43027,0.44954,0.33031,0.44406,0.45435,0.47004,0.56902,0.50314,0.66147,0.29957,0.36004,0.23166,0.45369,0.88998,0.72136,0.54334,0.53179,0.65691,0.51887,0.58854,0.41681,0.76576,0.67083,0.49663,0.8403,0.64404,0.081887,2.1812,0.39122,0.34132,0.48651,0.35737,0.4711,0.35367,0.53522,0.73048,0.68879,0.28972,0.69722
1507,2.8576,1.2059,0.45382,2.0559,0.54367,0.81828,0.38932,0.77757,0.5026,0.4982,0.23855,0.44663,0.43118,0.44994,0.33137,0.44533,0.45778,0.47204,0.57467,0.50627,0.66392,0.29941,0.35981,0.23188,0.45435,0.8884,0.71939,0.54128,0.53568,0.6605,0.51909,0.5896,0.41744,0.768,0.67172,0.49699,0.83977,0.64644,0.082398,2.1826,0.3927,0.34287,0.48609,0.35765,0.47158,0.35396,0.53006,0.73577,0.68936,0.28983,0.69773
1508,2.8481,1.2056,0.44656,2.0434,0.53985,0.81416,0.38872,0.7763,0.50358,0.4972,0.23793,0.44612,0.43108,0.44883,0.33103,0.44566,0.45824,0.47128,0.57455,0.50684,0.65908,0.29856,0.35946,0.23173,0.45414,0.88411,0.71939,0.53795,0.5383,0.66326,0.51717,0.58944,0.4166,0.76798,0.67118,0.49762,0.83966,0.64741,0.082239,2.1802,0.39182,0.34305,0.48561,0.35727,0.47138,0.35407,0.51855,0.7316,0.6875,0.28975,0.6978
1509,2.8338,1.2044,0.44846,2.0572,0.54233,0.81005,0.38769,0.77521,0.50436,0.49648,0.23842,0.44612,0.43116,0.44916,0.3321,0.44545,0.45741,0.47043,0.57737,0.50618,0.65582,0.29925,0.35894,0.23124,0.45376,0.87761,0.71893,0.53734,0.53951,0.66452,0.51707,0.58948,0.41655,0.76889,0.67025,0.4987,0.84016,0.64832,0.082509,2.1777,0.39098,0.3437,0.48644,0.35717,0.47137,0.35512,0.50884,0.73386,0.68642,0.28982,0.69812
1510,2.8201,1.2116,0.4521,2.0689,0.54344,0.81464,0.38902,0.77467,0.50664,0.49748,0.23927,0.44661,0.4326,0.45027,0.33446,0.44482,0.45779,0.47027,0.58033,0.50586,0.6582,0.29982,0.35909,0.23065,0.45447,0.86842,0.7161,0.53976,0.54229,0.66769,0.51768,0.5908,0.41704,0.77106,0.67084,0.50022,0.84049,0.65001,0.083153,2.1763,0.39171,0.34473,0.48738,0.35753,0.47141,0.35627,0.51362,0.74042,0.68682,0.29006,0.69824
1511,2.8111,1.2043,0.44425,2.0548,0.54286,0.8147,0.38831,0.7718,0.50724,0.49779,0.23903,0.4465,0.43213,0.45063,0.33311,0.44356,0.45507,0.46835,0.57365,0.50401,0.65406,0.29914,0.35873,0.23061,0.45359,0.86468,0.71129,0.53467,0.54348,0.67078,0.51733,0.58976,0.41771,0.77008,0.67044,0.50057,0.83987,0.64907,0.082908,2.1676,0.39096,0.34383,0.48645,0.35542,0.47087,0.35621,0.51823,0.73355,0.68497,0.29,0.698
1512,2.8163,1.1974,0.45241,2.0775,0.55192,0.81572,0.38781,0.77224,0.50739,0.49905,0.24005,0.44869,0.43248,0.4524,0.33247,0.44343,0.45639,0.46862,0.56994,0.50373,0.6529,0.29974,0.35876,0.23065,0.45287,0.86228,0.71238,0.53055,0.54452,0.67452,0.52081,0.58931,0.4184,0.77146,0.6705,0.50017,0.84,0.64879,0.082824,2.1674,0.39143,0.34515,0.48742,0.35523,0.47091,0.35638,0.52871,0.7367,0.68451,0.29006,0.69865
1513,2.8157,1.192,0.45066,2.0771,0.55379,0.81571,0.38908,0.77317,0.50888,0.50039,0.24064,0.45001,0.4327,0.45298,0.33136,0.4434,0.45822,0.47053,0.56399,0.50228,0.65325,0.30008,0.35842,0.23082,0.45271,0.86062,0.71278,0.52222,0.5454,0.67847,0.5234,0.59028,0.41759,0.77078,0.66937,0.49902,0.83997,0.64877,0.082732,2.1693,0.39276,0.34534,0.4872,0.3543,0.47071,0.3562,0.53848,0.73725,0.6834,0.29005,0.69893
1514,2.8056,1.1818,0.44237,2.0469,0.55089,0.81304,0.3904,0.7735,0.50906,0.49922,0.24004,0.4506,0.43178,0.45177,0.32921,0.44368,0.45776,0.47214,0.55799,0.50138,0.65345,0.29908,0.35773,0.2316,0.45292,0.85783,0.7123,0.5171,0.54565,0.6807,0.52395,0.59058,0.41755,0.76829,0.66779,0.49834,0.83979,0.64774,0.082426,2.1631,0.39282,0.34485,0.48467,0.35208,0.47036,0.35562,0.54,0.73285,0.68298,0.28992,0.69905
1515,2.8013,1.188,0.44726,2.0519,0.55137,0.81413,0.39132,0.77577,0.50886,0.49963,0.2401,0.45243,0.43278,0.45119,0.32968,0.44452,0.45836,0.4724,0.55877,0.50216,0.65884,0.29906,0.35843,0.23192,0.4535,0.85864,0.71857,0.5242,0.54697,0.68574,0.5263,0.59113,0.41874,0.77022,0.66733,0.49974,0.84059,0.64889,0.082332,2.162,0.39321,0.3465,0.48532,0.3533,0.47098,0.3558,0.54544,0.73804,0.68474,0.28999,0.69976
1516,2.7727,1.1921,0.43848,2.041,0.54125,0.81272,0.3917,0.77676,0.50913,0.4994,0.2397,0.45175,0.43326,0.44945,0.32989,0.44414,0.45564,0.47111,0.56016,0.50124,0.65803,0.29895,0.35855,0.23144,0.45295,0.85903,0.71682,0.52663,0.5493,0.6896,0.52626,0.59129,0.41806,0.77017,0.66604,0.50063,0.84097,0.64936,0.082061,2.1567,0.39288,0.34546,0.48621,0.35363,0.47093,0.35522,0.54141,0.73576,0.68422,0.29001,0.69978
1517,2.7501,1.1895,0.43804,2.0222,0.54067,0.8151,0.3923,0.77705,0.50939,0.4983,0.23951,0.45075,0.43355,0.44997,0.33181,0.44362,0.45392,0.47185,0.56506,0.50264,0.65688,0.29883,0.3587,0.23159,0.45294,0.85531,0.71251,0.53491,0.55434,0.69192,0.52557,0.59112,0.41775,0.77065,0.66541,0.50239,0.84138,0.65097,0.082106,2.1504,0.39302,0.34455,0.48484,0.35481,0.47095,0.35477,0.53883,0.73281,0.68601,0.29016,0.70036
1518,2.7591,1.1952,0.44267,2.0277,0.55043,0.81825,0.39247,0.77779,0.51042,0.49921,0.2403,0.45086,0.43383,0.45214,0.33424,0.44317,0.45468,0.47305,0.568,0.50448,0.6562,0.29917,0.35869,0.23152,0.45217,0.85631,0.71305,0.54436,0.5575,0.69694,0.52681,0.5914,0.41863,0.77232,0.66496,0.50442,0.84215,0.65405,0.082111,2.148,0.39376,0.34508,0.48463,0.35712,0.47153,0.35531,0.53734,0.73314,0.68713,0.29028,0.70121
1519,2.7594,1.1917,0.43819,2.0253,0.54807,0.81515,0.39321,0.7775,0.51157,0.49803,0.24067,0.451,0.43337,0.45235,0.33389,0.44159,0.45521,0.47257,0.57007,0.50354,0.65315,0.29921,0.35741,0.23085,0.45049,0.85632,0.70881,0.53239,0.55736,0.69939,0.52763,0.5916,0.41718,0.77115,0.66384,0.50416,0.84295,0.65438,0.081855,2.1433,0.39311,0.34416,0.48434,0.35669,0.47136,0.35524,0.52425,0.73004,0.68515,0.29029,0.70137
1520,2.7651,1.1884,0.44849,2.023,0.55417,0.81665,0.39494,0.77714,0.51291,0.49815,0.24096,0.45241,0.43462,0.45441,0.33452,0.44107,0.45752,0.4762,0.57232,0.50436,0.65648,0.30045,0.35692,0.23134,0.45107,0.86057,0.70645,0.52789,0.55952,0.70122,0.52912,0.59214,0.41657,0.77103,0.66349,0.50503,0.84378,0.65527,0.082336,2.1423,0.39342,0.34422,0.4834,0.35718,0.47183,0.35592,0.5253,0.73631,0.68623,0.29044,0.70205
1521,2.7717,1.1888,0.4527,2.0262,0.55762,0.81722,0.39531,0.77734,0.51347,0.49994,0.2414,0.45327,0.43571,0.45479,0.33357,0.44091,0.45855,0.47669,0.5683,0.50455,0.65896,0.30127,0.35622,0.2317,0.45104,0.86629,0.70722,0.52766,0.56057,0.70504,0.53069,0.5919,0.41688,0.77002,0.66321,0.50578,0.84439,0.655,0.082706,2.1376,0.39385,0.34439,0.48265,0.35728,0.47245,0.35692,0.52891,0.73851,0.68557,0.2905,0.70207
1522,2.7606,1.1799,0.45397,2.0271,0.55066,0.81316,0.39494,0.7769,0.5138,0.5002,0.24176,0.45347,0.43643,0.45323,0.33169,0.44027,0.45835,0.47177,0.56728,0.50379,0.65768,0.30067,0.35567,0.23092,0.4512,0.86533,0.70595,0.5191,0.56148,0.70831,0.53168,0.59119,0.41544,0.76915,0.66267,0.50593,0.84531,0.65459,0.082867,2.1326,0.39349,0.34593,0.48204,0.35611,0.47239,0.35713,0.52927,0.73317,0.68499,0.29043,0.70185
1523,2.75,1.1786,0.46086,2.032,0.55687,0.81153,0.39539,0.77794,0.51534,0.50063,0.24211,0.45344,0.43829,0.45439,0.3321,0.44007,0.45825,0.47177,0.56706,0.50533,0.65494,0.30042,0.35646,0.23058,0.45256,0.86477,0.70724,0.5243,0.56549,0.71278,0.53376,0.59198,0.4147,0.77034,0.6621,0.50826,0.84606,0.65578,0.083196,2.1333,0.39439,0.34762,0.4839,0.35669,0.4727,0.35761,0.53712,0.73633,0.68713,0.29046,0.7027
1524,2.7343,1.1781,0.45893,2.0212,0.55996,0.80919,0.39546,0.77875,0.51604,0.50079,0.24211,0.45223,0.43803,0.45481,0.33124,0.43944,0.45725,0.47191,0.56379,0.50515,0.65142,0.29974,0.35647,0.23078,0.45166,0.85852,0.70932,0.52652,0.56642,0.71637,0.53526,0.59238,0.41383,0.77022,0.66113,0.50961,0.84646,0.65553,0.083085,2.1281,0.39523,0.34567,0.48394,0.35584,0.47253,0.35759,0.53375,0.72915,0.68665,0.29049,0.70308
1525,2.7335,1.1789,0.46155,2.0167,0.55731,0.8056,0.39605,0.77919,0.51698,0.5017,0.24223,0.45262,0.43717,0.45535,0.33076,0.43924,0.45841,0.47256,0.56449,0.50419,0.65212,0.29918,0.35648,0.23111,0.45111,0.85511,0.7113,0.52097,0.56674,0.71905,0.53668,0.59195,0.41331,0.77134,0.6606,0.51091,0.84672,0.65733,0.083261,2.1245,0.39574,0.34691,0.4831,0.35431,0.4723,0.35799,0.53029,0.7241,0.6867,0.29069,0.70359
1526,2.7405,1.1834,0.45832,2.0165,0.55538,0.80427,0.39752,0.77994,0.51789,0.50211,0.24241,0.45449,0.43733,0.45688,0.33145,0.43913,0.45962,0.47448,0.57009,0.50443,0.65423,0.29884,0.35699,0.23195,0.45077,0.86188,0.71302,0.52038,0.56945,0.72377,0.53798,0.592,0.41353,0.77328,0.6607,0.5133,0.84695,0.65905,0.083453,2.1254,0.39639,0.34745,0.48448,0.35416,0.47224,0.35851,0.53134,0.72981,0.68609,0.29096,0.70443
1527,2.7297,1.1783,0.45095,2.011,0.55352,0.80529,0.39785,0.77943,0.5184,0.50247,0.24221,0.45527,0.43714,0.45769,0.33163,0.43955,0.46001,0.47412,0.57204,0.50345,0.65652,0.29887,0.3564,0.23272,0.44956,0.86467,0.71374,0.51978,0.57155,0.72821,0.53776,0.59138,0.41338,0.77357,0.66021,0.51412,0.84639,0.6589,0.083333,2.1219,0.39647,0.34529,0.48296,0.35263,0.47194,0.3585,0.53285,0.72882,0.68503,0.29114,0.70471
1528,2.7177,1.1724,0.4461,2.0022,0.55364,0.80684,0.39848,0.77972,0.51874,0.5035,0.24258,0.45583,0.43691,0.45778,0.33141,0.43956,0.46014,0.4742,0.5721,0.50428,0.65903,0.29952,0.35532,0.23296,0.44949,0.86491,0.71376,0.51678,0.57546,0.73172,0.53801,0.59195,0.41414,0.77411,0.65998,0.51444,0.84731,0.6576,0.083266,2.1152,0.39655,0.34519,0.48125,0.35252,0.47204,0.35912,0.5358,0.72462,0.6847,0.29128,0.70472
1529,2.7128,1.171,0.44659,2.0053,0.55239,0.80689,0.39954,0.78049,0.51986,0.5033,0.24331,0.45673,0.43815,0.45706,0.33143,0.43916,0.46167,0.47195,0.57353,0.50705,0.66145,0.30037,0.35453,0.2326,0.45115,0.86489,0.71645,0.51936,0.57979,0.73596,0.53981,0.59261,0.41588,0.77462,0.65959,0.5159,0.84811,0.65883,0.083303,2.1119,0.39657,0.34785,0.48182,0.35441,0.47277,0.36039,0.5403,0.72646,0.68481,0.29147,0.70526
1530,2.689,1.1622,0.44863,1.9958,0.55267,0.8083,0.40001,0.7807,0.52115,0.50275,0.24399,0.45674,0.43877,0.45689,0.33162,0.4391,0.46078,0.47088,0.57137,0.50804,0.65864,0.30115,0.35486,0.23235,0.45118,0.85918,0.71459,0.5184,0.58313,0.73904,0.54107,0.59149,0.41591,0.77269,0.65915,0.51603,0.84802,0.65792,0.08297,2.1073,0.39745,0.34742,0.48134,0.35369,0.47311,0.36058,0.54154,0.72445,0.68399,0.29154,0.70599
1531,2.6825,1.1613,0.45731,1.9945,0.55726,0.80897,0.40053,0.78114,0.52262,0.50212,0.24535,0.45782,0.4394,0.45661,0.33128,0.43982,0.4601,0.4742,0.56693,0.509,0.65737,0.30232,0.35528,0.23159,0.45175,0.85172,0.71346,0.52087,0.58616,0.74256,0.54297,0.59269,0.41661,0.77225,0.65921,0.5169,0.84828,0.65788,0.082399,2.1004,0.39873,0.34767,0.48067,0.35274,0.47391,0.3607,0.54094,0.72099,0.68501,0.29157,0.7065
1532,2.6908,1.1616,0.46353,1.9973,0.55723,0.80944,0.40142,0.78031,0.52337,0.50101,0.24605,0.45953,0.44023,0.45701,0.33119,0.43985,0.46065,0.47446,0.5663,0.50844,0.65705,0.30213,0.35556,0.23179,0.45166,0.84942,0.7139,0.52051,0.5882,0.74686,0.54455,0.59338,0.41663,0.77265,0.65904,0.51891,0.84798,0.66109,0.082492,2.0964,0.40013,0.34864,0.48111,0.35122,0.4745,0.36072,0.53413,0.72194,0.68583,0.29172,0.70706
1533,2.6804,1.1593,0.45764,1.9877,0.55342,0.80807,0.40178,0.77973,0.52434,0.50076,0.24655,0.46045,0.44,0.45772,0.33147,0.44015,0.45963,0.47226,0.56751,0.50581,0.65117,0.30067,0.35626,0.23253,0.44967,0.85042,0.71099,0.51156,0.58989,0.75074,0.54497,0.59268,0.41512,0.77199,0.65848,0.51922,0.84774,0.66226,0.082712,2.0929,0.40179,0.34816,0.48094,0.35014,0.47435,0.3606,0.52706,0.72097,0.6853,0.2919,0.70784
1534,2.6778,1.1645,0.45652,1.9883,0.55646,0.80477,0.4021,0.77973,0.52571,0.50052,0.24738,0.46152,0.44059,0.45835,0.3321,0.43986,0.46009,0.47148,0.56848,0.50516,0.65003,0.29984,0.3566,0.23248,0.44961,0.85819,0.70958,0.5093,0.59071,0.75567,0.54614,0.59387,0.41496,0.77279,0.65795,0.52056,0.84942,0.66322,0.082701,2.0894,0.4026,0.34957,0.48177,0.35,0.47488,0.36108,0.52761,0.72411,0.68592,0.29209,0.70855
1535,2.6744,1.1634,0.45192,1.988,0.5588,0.80233,0.40283,0.77919,0.52658,0.49999,0.24743,0.46081,0.4413,0.45839,0.33255,0.43761,0.46208,0.46798,0.56837,0.50492,0.65469,0.29944,0.35616,0.23238,0.44922,0.86335,0.71031,0.50428,0.59119,0.76043,0.54743,0.59364,0.41387,0.7728,0.65576,0.52116,0.85184,0.66445,0.082699,2.0854,0.40238,0.35086,0.48244,0.35015,0.47538,0.36121,0.52696,0.72456,0.68587,0.29233,0.70938
1536,2.672,1.1586,0.44266,1.9784,0.55591,0.80056,0.4038,0.78083,0.52809,0.50111,0.24762,0.46002,0.44179,0.45769,0.33302,0.43621,0.46181,0.46804,0.56761,0.5065,0.65542,0.29994,0.35547,0.23247,0.44783,0.8617,0.71112,0.50226,0.59162,0.7637,0.54876,0.59327,0.41345,0.77118,0.65427,0.5213,0.85392,0.66422,0.082743,2.08,0.40233,0.35118,0.48234,0.35063,0.47581,0.36187,0.52891,0.72358,0.68504,0.29268,0.71041
1537,2.6745,1.1541,0.44131,1.9872,0.557,0.80156,0.40503,0.78163,0.53001,0.50184,0.24844,0.46015,0.44276,0.45788,0.33357,0.43588,0.46137,0.47228,0.56492,0.50967,0.65615,0.30049,0.35474,0.23197,0.44746,0.8637,0.70949,0.51105,0.59492,0.76776,0.55,0.59446,0.41472,0.77122,0.65393,0.52284,0.85464,0.66541,0.082482,2.0741,0.40285,0.35217,0.48199,0.34987,0.47675,0.36258,0.53599,0.72604,0.68471,0.29297,0.71108
1538,2.6646,1.1503,0.43833,1.992,0.55754,0.80525,0.406,0.78071,0.53143,0.50173,0.24874,0.46066,0.44307,0.45933,0.33328,0.43529,0.46087,0.47447,0.56158,0.51082,0.65634,0.30022,0.35427,0.23232,0.44712,0.8639,0.7107,0.51434,0.59762,0.77104,0.55066,0.59474,0.41498,0.7709,0.65269,0.52369,0.85381,0.66728,0.082666,2.0665,0.40331,0.35137,0.48075,0.34994,0.47709,0.36257,0.53556,0.72284,0.68402,0.29317,0.71149
1539,2.6569,1.1538,0.43915,1.9928,0.5536,0.80768,0.4069,0.78133,0.53349,0.50359,0.24905,0.46309,0.44296,0.46031,0.3338,0.43579,0.45909,0.47819,0.56186,0.51202,0.6513,0.30077,0.35413,0.23378,0.44686,0.86288,0.71577,0.51605,0.60015,0.7736,0.5521,0.59637,0.41565,0.77109,0.65266,0.5251,0.85374,0.6678,0.083714,2.062,0.40442,0.35168,0.48081,0.35133,0.47767,0.36377,0.53562,0.72252,0.68392,0.29356,0.71218
1540,2.6448,1.1579,0.4458,2.0073,0.55473,0.80726,0.40743,0.78136,0.53522,0.50445,0.24997,0.46457,0.4423,0.46135,0.33475,0.43682,0.4598,0.47854,0.56224,0.51196,0.64909,0.30112,0.3545,0.23435,0.4472,0.86445,0.71341,0.51646,0.60345,0.77621,0.5533,0.59717,0.41632,0.77231,0.65317,0.52665,0.85344,0.66862,0.08434,2.0599,0.40566,0.35225,0.48213,0.35199,0.47838,0.36488,0.53644,0.72284,0.68353,0.2938,0.71298
1541,2.6278,1.1577,0.45191,2.0119,0.55999,0.80745,0.40808,0.78201,0.53629,0.50229,0.25092,0.46457,0.44164,0.46293,0.33468,0.43634,0.46149,0.47514,0.56384,0.51007,0.65144,0.30069,0.3552,0.23485,0.44777,0.86229,0.70831,0.51553,0.60389,0.77928,0.55408,0.59665,0.41568,0.77252,0.65308,0.52742,0.85509,0.66953,0.084816,2.0565,0.40618,0.35183,0.4823,0.35215,0.47853,0.36535,0.53545,0.71777,0.68337,0.29396,0.71373
1542,2.6172,1.1544,0.45742,2.0132,0.56265,0.80684,0.40934,0.78316,0.53767,0.50168,0.25175,0.46478,0.44251,0.46244,0.33467,0.43615,0.46213,0.47447,0.56725,0.51011,0.65418,0.301,0.35556,0.23496,0.44772,0.85918,0.7079,0.51725,0.60535,0.78264,0.55576,0.59758,0.41476,0.77376,0.65368,0.52879,0.85797,0.67055,0.085071,2.0538,0.40654,0.35316,0.48131,0.35171,0.47902,0.36632,0.53063,0.71765,0.68439,0.29422,0.71462
1543,2.5986,1.1486,0.46063,2.0077,0.5626,0.80476,0.41024,0.78211,0.53772,0.50105,0.25241,0.46368,0.44331,0.46209,0.33443,0.43621,0.46335,0.47304,0.56624,0.51011,0.65496,0.30081,0.35552,0.23455,0.44716,0.85408,0.70462,0.51198,0.60651,0.78601,0.55676,0.59771,0.41388,0.77437,0.65429,0.53041,0.8581,0.67163,0.084832,2.0478,0.40661,0.35297,0.48013,0.35102,0.4792,0.36747,0.5215,0.71888,0.68421,0.29427,0.71554
1544,2.5833,1.1455,0.45921,1.9955,0.56269,0.80539,0.41152,0.78195,0.5381,0.49974,0.25271,0.46333,0.44387,0.46331,0.3342,0.43531,0.46448,0.47301,0.56422,0.51,0.65539,0.30075,0.35537,0.23416,0.44744,0.85583,0.70461,0.51207,0.60736,0.78909,0.55772,0.59787,0.41343,0.7738,0.65357,0.53185,0.85906,0.67381,0.084923,2.0405,0.40706,0.35243,0.47851,0.35154,0.4795,0.36847,0.51718,0.71537,0.68376,0.29439,0.71624
1545,2.5828,1.1469,0.45065,1.9807,0.56296,0.80511,0.41312,0.78197,0.53931,0.50083,0.25278,0.46497,0.44504,0.46333,0.33539,0.43522,0.46483,0.47531,0.56478,0.51167,0.65527,0.3012,0.35527,0.23319,0.44816,0.86755,0.7105,0.51788,0.6102,0.79112,0.5592,0.59792,0.41391,0.77303,0.65166,0.53337,0.85962,0.6764,0.08512,2.0338,0.40795,0.35341,0.47742,0.35243,0.48022,0.3693,0.51012,0.71061,0.68367,0.29464,0.71697
1546,2.5796,1.1479,0.44667,1.9588,0.5638,0.80312,0.4138,0.7816,0.54009,0.501,0.25302,0.46607,0.44521,0.4631,0.3358,0.43532,0.46453,0.47499,0.56501,0.51165,0.65219,0.30151,0.35496,0.23294,0.44807,0.87039,0.71158,0.51309,0.60899,0.79353,0.56036,0.59811,0.4143,0.77097,0.64949,0.53448,0.85957,0.6765,0.085302,2.0258,0.40922,0.35356,0.47807,0.35292,0.48048,0.37007,0.50719,0.70973,0.68238,0.29473,0.71741
1547,2.5852,1.1444,0.44963,1.9675,0.56913,0.80245,0.41425,0.78408,0.54232,0.50134,0.25373,0.4675,0.44465,0.46313,0.3347,0.43545,0.4647,0.47516,0.56701,0.51135,0.65124,0.30294,0.35458,0.23319,0.44792,0.87316,0.71247,0.51204,0.60967,0.79548,0.5631,0.60028,0.41425,0.76939,0.64798,0.53588,0.8603,0.67806,0.086058,2.0202,0.41116,0.3539,0.47924,0.35424,0.48122,0.37056,0.51722,0.70922,0.6807,0.29504,0.7177
1548,2.5929,1.1395,0.44852,1.9916,0.57263,0.80154,0.41424,0.78546,0.54447,0.50185,0.25487,0.46898,0.44459,0.4626,0.33356,0.43578,0.46429,0.47446,0.56975,0.51215,0.65023,0.30319,0.35476,0.23317,0.44775,0.87706,0.7126,0.51501,0.61287,0.79652,0.56542,0.60215,0.41416,0.76888,0.64738,0.53679,0.86016,0.67977,0.086378,2.0145,0.41221,0.35532,0.48017,0.35389,0.48209,0.37054,0.52189,0.70816,0.68099,0.29541,0.71822
1549,2.582,1.1368,0.4494,1.9978,0.57245,0.80329,0.41397,0.78568,0.54666,0.50154,0.25578,0.46975,0.44527,0.46277,0.33255,0.43558,0.46365,0.4716,0.56948,0.51054,0.64635,0.30256,0.35516,0.23322,0.44764,0.8684,0.70862,0.51187,0.61222,0.79803,0.5669,0.6034,0.41382,0.76964,0.64841,0.53812,0.86104,0.67874,0.086267,2.0104,0.41271,0.35692,0.48122,0.35281,0.48241,0.37052,0.52277,0.71346,0.68201,0.29566,0.71895
1550,2.5718,1.1348,0.45458,2.0108,0.57173,0.80475,0.41422,0.7872,0.54875,0.50296,0.25665,0.47098,0.44551,0.46321,0.33263,0.43518,0.46453,0.47246,0.56981,0.51098,0.64647,0.30265,0.3554,0.23366,0.4475,0.86533,0.70734,0.50896,0.61415,0.79972,0.56883,0.60395,0.41351,0.7707,0.65012,0.54102,0.86112,0.67986,0.086232,2.0083,0.41337,0.35682,0.48086,0.35359,0.48288,0.3713,0.52905,0.71435,0.68214,0.29597,0.71997
1551,2.5582,1.1309,0.45248,2.0107,0.57014,0.80208,0.41437,0.78646,0.54885,0.50228,0.25785,0.4722,0.44545,0.4629,0.33249,0.43409,0.46519,0.4741,0.56826,0.51416,0.64821,0.30149,0.35572,0.23433,0.44649,0.86902,0.70531,0.50508,0.61637,0.80121,0.56904,0.60364,0.4132,0.77026,0.64985,0.54235,0.86044,0.68133,0.08562,2.0022,0.41363,0.35566,0.47861,0.35221,0.48334,0.37193,0.52431,0.70573,0.68208,0.2962,0.72081
1552,2.5389,1.1308,0.44831,1.9968,0.5714,0.80118,0.41527,0.78495,0.54924,0.50159,0.25809,0.4734,0.4461,0.46372,0.33251,0.43363,0.46591,0.4741,0.56496,0.5146,0.65084,0.30125,0.35559,0.2343,0.44595,0.86899,0.70225,0.50426,0.61494,0.80328,0.57012,0.60336,0.41257,0.77005,0.64931,0.54368,0.86133,0.68221,0.085528,1.9976,0.41493,0.35578,0.47783,0.3515,0.48377,0.37267,0.51915,0.70183,0.68148,0.29637,0.72147
1553,2.5378,1.1343,0.4488,1.9936,0.57053,0.79986,0.4166,0.78505,0.54985,0.50281,0.25806,0.47384,0.44619,0.4642,0.33302,0.4337,0.46686,0.47489,0.56252,0.51561,0.6569,0.30218,0.35523,0.23419,0.44522,0.87266,0.70296,0.50616,0.61541,0.80525,0.57216,0.60344,0.41163,0.77044,0.64939,0.54561,0.86181,0.68498,0.085872,1.993,0.41652,0.35535,0.47766,0.35269,0.4843,0.37388,0.51901,0.70206,0.68183,0.29656,0.72223
1554,2.5421,1.1325,0.44743,1.9845,0.5695,0.79784,0.41703,0.78459,0.54998,0.50233,0.25841,0.47392,0.44647,0.46431,0.33222,0.43306,0.46613,0.47512,0.5586,0.51719,0.65805,0.30231,0.35497,0.23443,0.44466,0.87382,0.70194,0.50646,0.61599,0.8048,0.57225,0.6047,0.41126,0.77097,0.64823,0.54572,0.86122,0.68653,0.086077,1.984,0.41773,0.35605,0.4775,0.35227,0.4847,0.37419,0.51495,0.70042,0.68164,0.29672,0.72259
1555,2.5447,1.1308,0.44577,1.9765,0.57278,0.79933,0.4185,0.78566,0.55136,0.50311,0.25821,0.47513,0.44777,0.46776,0.33233,0.43334,0.46511,0.47406,0.55641,0.51647,0.65654,0.30296,0.35486,0.23395,0.44598,0.87356,0.7016,0.51327,0.61548,0.80452,0.57365,0.60584,0.41165,0.77262,0.64742,0.54605,0.86147,0.68703,0.086693,1.9775,0.41966,0.35903,0.48006,0.35302,0.48564,0.37451,0.51814,0.70276,0.68169,0.297,0.72328
1556,2.5532,1.1299,0.44501,1.9723,0.57254,0.79974,0.41978,0.7883,0.55306,0.50405,0.2587,0.47565,0.44851,0.46937,0.33331,0.43271,0.46487,0.47352,0.55755,0.51638,0.65623,0.30314,0.3549,0.23406,0.44624,0.87495,0.70332,0.51591,0.61658,0.80433,0.57576,0.60532,0.41167,0.77392,0.64661,0.54649,0.86268,0.68751,0.087268,1.9726,0.42028,0.36028,0.4812,0.35316,0.48586,0.37512,0.52027,0.70455,0.68185,0.29733,0.72431
1557,2.5518,1.1227,0.4457,1.9644,0.57144,0.80034,0.41946,0.78977,0.55406,0.50341,0.2598,0.47652,0.44881,0.46871,0.33314,0.4311,0.46445,0.47495,0.55979,0.51738,0.65383,0.30298,0.35482,0.23545,0.44527,0.8718,0.70109,0.51034,0.6186,0.80328,0.57694,0.60468,0.41163,0.77298,0.64488,0.54721,0.86307,0.68837,0.087633,1.9663,0.42065,0.36062,0.47969,0.35219,0.48547,0.37563,0.52042,0.70226,0.6806,0.29772,0.72498
1558,2.546,1.1168,0.44678,1.9584,0.57358,0.80093,0.42034,0.79186,0.55568,0.50356,0.26107,0.47852,0.44893,0.46965,0.33313,0.43101,0.46562,0.47576,0.56042,0.51763,0.65249,0.30314,0.35534,0.23593,0.44489,0.87292,0.69768,0.50785,0.62093,0.80443,0.57988,0.60493,0.41159,0.77165,0.64372,0.54866,0.86377,0.6919,0.087899,1.9637,0.42204,0.36083,0.47877,0.35243,0.48543,0.37732,0.52106,0.70355,0.68149,0.29805,0.72596
1559,2.5338,1.1153,0.44705,1.9577,0.57104,0.79864,0.42124,0.79292,0.55732,0.50214,0.26279,0.47874,0.44862,0.46786,0.33377,0.43021,0.46796,0.47551,0.56127,0.5168,0.65148,0.30309,0.35549,0.23578,0.44372,0.87448,0.69337,0.50154,0.62177,0.80477,0.58217,0.60492,0.4107,0.77042,0.64289,0.55045,0.86428,0.69633,0.08803,1.9595,0.4221,0.3607,0.47682,0.35166,0.48456,0.3787,0.51635,0.70156,0.68222,0.29827,0.72685
1560,2.5195,1.1147,0.45265,1.9553,0.56804,0.79934,0.42219,0.79386,0.55853,0.50078,0.26375,0.47875,0.44923,0.46608,0.33442,0.42996,0.46898,0.47674,0.56375,0.51755,0.6491,0.30308,0.35482,0.23585,0.44277,0.8718,0.69277,0.49856,0.62219,0.80407,0.58298,0.60603,0.41032,0.76933,0.64313,0.55288,0.86249,0.69879,0.088257,1.9529,0.42325,0.36133,0.47529,0.35154,0.4841,0.37948,0.51509,0.69992,0.68289,0.29851,0.72745
1561,2.5164,1.1131,0.45612,1.9564,0.57329,0.80033,0.42429,0.79563,0.55992,0.5006,0.26422,0.47893,0.44953,0.4673,0.33498,0.43139,0.4697,0.47813,0.56283,0.51901,0.64707,0.30209,0.35455,0.23556,0.44311,0.87563,0.69537,0.50279,0.62319,0.80419,0.58463,0.60824,0.41084,0.76943,0.64367,0.55462,0.86105,0.69984,0.088527,1.9471,0.4254,0.36196,0.47611,0.35242,0.48445,0.38071,0.51536,0.70466,0.68397,0.29868,0.72845
1562,2.5093,1.1095,0.45653,1.9683,0.57411,0.79879,0.42493,0.79553,0.56119,0.49942,0.26519,0.47805,0.44935,0.4676,0.33525,0.43129,0.46976,0.47875,0.56106,0.51953,0.64647,0.30132,0.35435,0.23572,0.4431,0.88028,0.69675,0.50027,0.62283,0.80319,0.58541,0.61,0.41108,0.76923,0.64277,0.55569,0.86101,0.70063,0.088835,1.9376,0.42618,0.36272,0.47737,0.35168,0.4844,0.3807,0.51548,0.70461,0.68288,0.2989,0.72918
1563,2.5087,1.1079,0.46314,1.9733,0.5729,0.80058,0.42564,0.79603,0.56286,0.50078,0.26628,0.47896,0.45079,0.46824,0.33555,0.43182,0.46882,0.48008,0.56268,0.52171,0.64798,0.30156,0.35427,0.23612,0.44343,0.88335,0.7013,0.49765,0.62305,0.8025,0.58721,0.61168,0.41198,0.76981,0.6428,0.55708,0.86206,0.70139,0.089617,1.9302,0.42795,0.36354,0.47895,0.35196,0.48435,0.38087,0.51942,0.70631,0.68215,0.29926,0.72992
1564,2.5064,1.104,0.46443,1.9707,0.58038,0.80307,0.42642,0.79559,0.56487,0.50187,0.26701,0.48118,0.45144,0.46888,0.33472,0.43224,0.46845,0.48007,0.56019,0.52342,0.64877,0.30164,0.35445,0.23648,0.44356,0.88515,0.70081,0.49791,0.62357,0.80221,0.59044,0.61238,0.41225,0.77008,0.64291,0.55851,0.86338,0.70305,0.089951,1.9248,0.43015,0.36443,0.47994,0.35296,0.48442,0.38243,0.52064,0.70922,0.68141,0.29951,0.73086
1565,2.4995,1.1004,0.46229,1.9599,0.58369,0.80183,0.42616,0.79449,0.5667,0.50155,0.26825,0.48311,0.45155,0.46894,0.33324,0.43054,0.46927,0.47799,0.55772,0.52467,0.64883,0.30205,0.35441,0.23729,0.44224,0.88225,0.697,0.49243,0.62175,0.80075,0.59147,0.61318,0.41157,0.7688,0.64054,0.56024,0.86384,0.70622,0.089523,1.9184,0.43184,0.36558,0.48008,0.3524,0.48426,0.3836,0.52062,0.70578,0.68031,0.29983,0.73149
1566,2.5023,1.1025,0.46704,1.9528,0.58438,0.80006,0.42759,0.79596,0.56826,0.50195,0.26929,0.48545,0.45222,0.46948,0.33318,0.43007,0.47095,0.47818,0.56272,0.52588,0.64983,0.30229,0.35403,0.2376,0.44206,0.88479,0.6971,0.49,0.62049,0.79955,0.5941,0.614,0.41118,0.76899,0.63976,0.56317,0.86437,0.71029,0.08957,1.9148,0.4335,0.36638,0.47934,0.35315,0.48426,0.3851,0.5235,0.70367,0.68046,0.30023,0.73234
1567,2.4892,1.1023,0.46468,1.9478,0.58863,0.79778,0.42912,0.7967,0.56862,0.50037,0.26953,0.48658,0.45147,0.46799,0.3332,0.42958,0.47162,0.47904,0.56371,0.52505,0.64887,0.30186,0.35393,0.23769,0.44186,0.88714,0.6946,0.49224,0.61954,0.79839,0.59665,0.61395,0.40974,0.7691,0.63996,0.56542,0.86372,0.71245,0.089405,1.9098,0.43463,0.3673,0.47723,0.35352,0.48411,0.38685,0.51878,0.70043,0.6807,0.30058,0.73321
1568,2.4784,1.1048,0.46231,1.9326,0.58782,0.79565,0.42985,0.79766,0.5689,0.49936,0.27029,0.48698,0.45131,0.46795,0.33398,0.42889,0.47279,0.47935,0.56265,0.52344,0.64763,0.30139,0.35399,0.23783,0.4413,0.8887,0.69518,0.49496,0.6177,0.79605,0.59752,0.61457,0.40891,0.76768,0.63858,0.56711,0.86351,0.714,0.089721,1.9038,0.4356,0.36857,0.47681,0.35209,0.48368,0.38744,0.51517,0.69795,0.68169,0.30097,0.73386
1569,2.4777,1.1076,0.46481,1.9355,0.58432,0.79463,0.4311,0.79952,0.57056,0.49864,0.27099,0.4879,0.45204,0.46944,0.33425,0.42956,0.47498,0.48119,0.56403,0.52261,0.64813,0.30099,0.35409,0.23738,0.44258,0.89302,0.69955,0.49897,0.6172,0.79422,0.60152,0.61531,0.40894,0.76675,0.63908,0.56913,0.86488,0.71666,0.090967,1.897,0.43634,0.36989,0.47714,0.35171,0.48334,0.38803,0.51943,0.7008,0.68288,0.30143,0.73504
1570,2.4639,1.1023,0.46174,1.9433,0.5811,0.79246,0.43221,0.79928,0.57173,0.49682,0.27125,0.48782,0.45216,0.46889,0.33439,0.42894,0.47549,0.48131,0.56127,0.52249,0.64739,0.3015,0.35434,0.23788,0.44281,0.89189,0.70244,0.49721,0.61583,0.79257,0.6043,0.61528,0.40814,0.76605,0.63944,0.57019,0.86493,0.71664,0.091717,1.8863,0.4371,0.37049,0.47619,0.35133,0.48321,0.389,0.51652,0.70238,0.6827,0.30183,0.73621
1571,2.4675,1.1005,0.46637,1.9429,0.58087,0.7923,0.43324,0.79908,0.5736,0.49636,0.27185,0.48892,0.45312,0.47075,0.3368,0.4279,0.47677,0.48009,0.56106,0.52298,0.64736,0.30278,0.35411,0.23943,0.44204,0.89203,0.70587,0.49868,0.61467,0.79081,0.60682,0.61515,0.40814,0.76494,0.63858,0.57184,0.8645,0.71803,0.092536,1.8782,0.43874,0.37107,0.47678,0.35157,0.48295,0.38965,0.5204,0.7062,0.68252,0.30225,0.7372
1572,2.4832,1.1008,0.46857,1.9461,0.58463,0.79226,0.43421,0.8004,0.57557,0.49675,0.273,0.49091,0.45417,0.47231,0.33733,0.42747,0.47815,0.48044,0.56252,0.52544,0.64817,0.30328,0.3541,0.23987,0.44199,0.89818,0.70762,0.50297,0.61414,0.78956,0.61021,0.6157,0.40844,0.765,0.63846,0.57457,0.86514,0.72114,0.093403,1.8714,0.44024,0.37144,0.47747,0.35193,0.48255,0.39074,0.52538,0.70733,0.68202,0.30261,0.73823
1573,2.4789,1.0953,0.46816,1.9346,0.58819,0.79239,0.43511,0.8017,0.57656,0.49635,0.27382,0.49115,0.45505,0.47163,0.3361,0.426,0.47825,0.48026,0.56357,0.52807,0.64849,0.30293,0.35358,0.24022,0.44161,0.90036,0.70645,0.50113,0.61387,0.78677,0.61262,0.61566,0.40792,0.76541,0.63795,0.57687,0.86446,0.7226,0.093958,1.8647,0.44088,0.37023,0.47723,0.35115,0.48227,0.39186,0.5228,0.70466,0.68188,0.30289,0.73901
1574,2.4644,1.0959,0.46845,1.9143,0.58921,0.79366,0.43668,0.80291,0.57685,0.49677,0.27588,0.49281,0.4559,0.47085,0.33731,0.42555,0.4788,0.48005,0.56631,0.52894,0.64942,0.30371,0.35313,0.24043,0.441,0.90546,0.70565,0.49998,0.6127,0.78447,0.61423,0.61663,0.40829,0.766,0.63845,0.5792,0.86493,0.72394,0.094537,1.8586,0.44219,0.37166,0.47667,0.35206,0.48251,0.3933,0.52045,0.69649,0.68128,0.30326,0.7399
1575,2.4558,1.097,0.47245,1.9178,0.5933,0.79585,0.43758,0.80511,0.57813,0.49764,0.2775,0.49493,0.45718,0.4717,0.33687,0.42642,0.47995,0.48239,0.5726,0.5296,0.64995,0.30399,0.35313,0.24017,0.44093,0.91219,0.70413,0.50534,0.61248,0.78235,0.61529,0.61843,0.40792,0.76671,0.63883,0.58141,0.86714,0.72686,0.094862,1.8569,0.4443,0.37353,0.47779,0.35234,0.48288,0.39432,0.52072,0.6915,0.68138,0.30367,0.74114
1576,2.4335,1.085,0.46872,1.9161,0.58935,0.79428,0.43734,0.80596,0.57859,0.49675,0.27799,0.49452,0.45659,0.47103,0.33438,0.42614,0.47979,0.48033,0.57199,0.52883,0.64872,0.30299,0.35282,0.23953,0.4409,0.91095,0.70118,0.498,0.61147,0.77945,0.61574,0.61908,0.40726,0.76574,0.63788,0.58251,0.86704,0.72766,0.094604,1.8503,0.44529,0.37384,0.47675,0.35159,0.48256,0.39544,0.51681,0.68651,0.68044,0.30396,0.74213
1577,2.4189,1.0791,0.47297,1.9282,0.58563,0.79507,0.43821,0.80801,0.57999,0.49742,0.27912,0.49607,0.45614,0.47217,0.33537,0.42741,0.48061,0.48031,0.57148,0.529,0.65003,0.30416,0.35331,0.24065,0.4418,0.91532,0.70279,0.49376,0.61054,0.77856,0.61798,0.62032,0.4091,0.76524,0.63874,0.58384,0.86927,0.72923,0.094763,1.8442,0.44713,0.3759,0.47612,0.35323,0.48235,0.39652,0.52211,0.68513,0.68006,0.30453,0.74351
1578,2.4045,1.0716,0.47474,1.9373,0.58463,0.79565,0.43839,0.80897,0.58107,0.49874,0.27907,0.49752,0.45652,0.47343,0.33536,0.42706,0.47936,0.48163,0.56734,0.53041,0.6472,0.30398,0.35385,0.24194,0.44134,0.91371,0.69968,0.49407,0.6096,0.77671,0.61975,0.62105,0.40981,0.76462,0.63934,0.58423,0.87042,0.73145,0.09476,1.8368,0.44948,0.37625,0.47599,0.35316,0.48155,0.39666,0.5234,0.68788,0.67991,0.30502,0.74486
1579,2.3987,1.065,0.47617,1.9155,0.584,0.794,0.43866,0.80935,0.58255,0.4994,0.27941,0.49775,0.45619,0.47378,0.33469,0.42584,0.47751,0.48114,0.56081,0.53244,0.64313,0.30368,0.35352,0.24227,0.44072,0.90761,0.69674,0.49479,0.60833,0.77346,0.6211,0.62084,0.41034,0.76387,0.63873,0.58522,0.86971,0.73309,0.095312,1.8273,0.45058,0.37593,0.47514,0.35261,0.48063,0.39795,0.5201,0.68998,0.68004,0.30542,0.74587
1580,2.404,1.0741,0.4815,1.9103,0.58695,0.79611,0.44068,0.81185,0.58517,0.49994,0.28109,0.50024,0.45665,0.47478,0.33533,0.4262,0.47856,0.48426,0.56015,0.53432,0.64283,0.30501,0.35365,0.24255,0.44135,0.90923,0.7007,0.50282,0.60818,0.77131,0.62484,0.62228,0.41158,0.76431,0.63908,0.5882,0.87132,0.73594,0.096774,1.8218,0.45255,0.37727,0.47575,0.35369,0.48091,0.39947,0.5255,0.69502,0.68139,0.30591,0.74712
1581,2.3922,1.0753,0.47514,1.8995,0.5869,0.79535,0.44118,0.81215,0.58677,0.49895,0.28166,0.50154,0.45656,0.47446,0.3344,0.4246,0.47869,0.48648,0.55895,0.53485,0.64077,0.3047,0.35333,0.24258,0.44079,0.90754,0.70142,0.50317,0.60538,0.76903,0.62735,0.62298,0.41025,0.76377,0.63836,0.58944,0.87021,0.73826,0.097563,1.813,0.45441,0.37833,0.47566,0.35357,0.48074,0.40024,0.52157,0.69633,0.68112,0.30618,0.74804
1582,2.3957,1.0717,0.47758,1.8883,0.58962,0.79465,0.44139,0.81268,0.58956,0.49745,0.28295,0.50199,0.45699,0.47472,0.33363,0.42391,0.47901,0.48756,0.56019,0.53595,0.64362,0.30485,0.35259,0.24249,0.44081,0.91114,0.70336,0.50262,0.60334,0.7668,0.63004,0.62326,0.4088,0.76395,0.63637,0.59178,0.86926,0.74035,0.09792,1.8069,0.45554,0.37945,0.47582,0.35364,0.48032,0.40116,0.51971,0.69518,0.6805,0.30652,0.74876
1583,2.4012,1.0744,0.48008,1.8925,0.59039,0.7972,0.442,0.81517,0.59155,0.49694,0.2841,0.50315,0.45799,0.47556,0.33402,0.42403,0.47988,0.48791,0.56101,0.5371,0.64806,0.30517,0.35273,0.24238,0.44084,0.91642,0.70711,0.50009,0.60366,0.76576,0.63337,0.62425,0.40818,0.76412,0.63475,0.59436,0.86991,0.7423,0.09827,1.8027,0.45683,0.38128,0.47655,0.35327,0.48049,0.40204,0.5271,0.6942,0.68012,0.30687,0.74959
1584,2.3887,1.0686,0.46953,1.8883,0.58547,0.79696,0.44165,0.81574,0.59157,0.49668,0.28383,0.50304,0.45798,0.47565,0.3347,0.42315,0.48017,0.48558,0.56061,0.5377,0.64798,0.30502,0.35255,0.24265,0.44001,0.91493,0.70521,0.49093,0.60126,0.76391,0.63428,0.62323,0.40777,0.76323,0.63411,0.59494,0.86827,0.74231,0.098448,1.7947,0.45739,0.3816,0.4765,0.35227,0.47989,0.40263,0.51873,0.69159,0.67983,0.30715,0.75042
1585,2.3909,1.0638,0.46874,1.8948,0.58788,0.79623,0.4434,0.81663,0.59327,0.49762,0.28493,0.5032,0.45862,0.47634,0.33593,0.42359,0.48254,0.48456,0.56132,0.53878,0.64902,0.30565,0.35227,0.24307,0.43979,0.91831,0.7035,0.49285,0.60101,0.76149,0.63589,0.62372,0.40919,0.76382,0.63452,0.59693,0.86813,0.74427,0.098792,1.7919,0.4577,0.38026,0.47743,0.35194,0.47972,0.40377,0.51522,0.68955,0.67946,0.30766,0.7515
1586,2.3813,1.0623,0.46864,1.8924,0.5893,0.79519,0.44562,0.81792,0.59442,0.4989,0.28568,0.5038,0.45862,0.47635,0.3366,0.42316,0.48414,0.48386,0.55855,0.53803,0.64483,0.30588,0.35234,0.24317,0.43909,0.91845,0.70089,0.48944,0.60061,0.75954,0.63826,0.62579,0.40993,0.76352,0.63514,0.59821,0.86873,0.74648,0.099701,1.7874,0.45827,0.37951,0.47672,0.35145,0.48006,0.40551,0.51833,0.68832,0.67901,0.30806,0.7526
1587,2.3656,1.0578,0.46729,1.8876,0.58946,0.79332,0.44733,0.81765,0.59542,0.49778,0.28618,0.50435,0.45859,0.4758,0.33608,0.42211,0.48466,0.48394,0.55822,0.53715,0.64058,0.30678,0.35275,0.24384,0.43927,0.91989,0.69703,0.4872,0.59652,0.75723,0.64069,0.62617,0.41019,0.76314,0.63666,0.59931,0.86991,0.7478,0.10121,1.7801,0.46015,0.37945,0.47533,0.35207,0.47975,0.40639,0.5139,0.68896,0.68018,0.3084,0.75372
1588,2.3634,1.0555,0.47383,1.8998,0.59698,0.79181,0.44932,0.81862,0.598,0.49716,0.28753,0.50518,0.45929,0.47523,0.33626,0.42217,0.48569,0.48674,0.55906,0.5388,0.6429,0.30721,0.35368,0.24461,0.44016,0.92253,0.6974,0.49179,0.59479,0.7549,0.64404,0.62798,0.41112,0.76317,0.63804,0.60165,0.87248,0.7513,0.10214,1.777,0.46219,0.38035,0.47585,0.35278,0.47944,0.40775,0.51976,0.68868,0.68155,0.30886,0.75461
1589,2.3533,1.0499,0.47927,1.8902,0.5992,0.7916,0.44843,0.82002,0.5991,0.49726,0.28783,0.5057,0.45928,0.47453,0.33645,0.42115,0.48479,0.48798,0.55733,0.54001,0.64116,0.30658,0.35375,0.24448,0.4396,0.91474,0.6948,0.4856,0.59328,0.75287,0.64609,0.62957,0.41005,0.76112,0.63772,0.60261,0.87309,0.75302,0.10213,1.7694,0.46336,0.38186,0.47481,0.35221,0.47934,0.40884,0.52198,0.68839,0.6825,0.30914,0.75515
1590,2.3472,1.051,0.48328,1.8859,0.59911,0.79301,0.44763,0.82186,0.60013,0.49686,0.28843,0.5065,0.46032,0.4756,0.33697,0.42058,0.48413,0.4893,0.55986,0.54128,0.64217,0.30711,0.35367,0.24435,0.44039,0.91383,0.69421,0.48718,0.59207,0.75176,0.6458,0.63001,0.40966,0.75973,0.63773,0.6039,0.87339,0.75419,0.10218,1.7617,0.46522,0.38313,0.47416,0.35253,0.47928,0.4098,0.51632,0.68948,0.68437,0.30939,0.7559
1591,2.3421,1.0527,0.48617,1.8904,0.60253,0.79119,0.44759,0.82456,0.60106,0.49824,0.28936,0.50743,0.46157,0.47596,0.33789,0.42088,0.48453,0.49007,0.56252,0.54283,0.64706,0.30673,0.35307,0.24399,0.44143,0.9167,0.69652,0.48412,0.59145,0.74986,0.64529,0.63113,0.41008,0.75814,0.63734,0.60597,0.87271,0.75687,0.10217,1.7571,0.46616,0.38341,0.47426,0.35298,0.47881,0.41155,0.51335,0.6872,0.68425,0.30977,0.75668
1592,2.3316,1.0434,0.48428,1.8805,0.60045,0.7895,0.44674,0.82483,0.60027,0.49945,0.28977,0.50766,0.46207,0.47597,0.33744,0.42063,0.4849,0.48891,0.56001,0.54238,0.64679,0.30565,0.35128,0.24379,0.44053,0.91507,0.69437,0.4775,0.59047,0.74815,0.64538,0.63051,0.40878,0.75662,0.63665,0.6067,0.87108,0.7581,0.10199,1.7515,0.46681,0.38366,0.47233,0.35277,0.47873,0.41168,0.50828,0.68699,0.68221,0.31014,0.75753
1593,2.3339,1.0432,0.48313,1.8857,0.59891,0.79124,0.44818,0.82457,0.60072,0.49962,0.29058,0.50826,0.46361,0.47774,0.33758,0.42131,0.48458,0.49021,0.55985,0.54356,0.65018,0.30561,0.35073,0.24437,0.44126,0.92312,0.69666,0.48211,0.59122,0.74788,0.64586,0.6306,0.40795,0.75777,0.63624,0.60811,0.87046,0.75967,0.10263,1.7472,0.46865,0.38439,0.47156,0.353,0.47861,0.41264,0.51088,0.68894,0.68277,0.31056,0.75889
1594,2.3363,1.0422,0.48182,1.891,0.59724,0.78914,0.44902,0.82463,0.60166,0.49892,0.29143,0.50882,0.46382,0.47779,0.33784,0.42197,0.48317,0.49031,0.55988,0.54531,0.65293,0.30531,0.35056,0.2448,0.4411,0.92883,0.69734,0.48093,0.5902,0.74634,0.64779,0.63114,0.40748,0.75847,0.63475,0.60904,0.8704,0.76146,0.10366,1.7422,0.46981,0.38461,0.47155,0.3526,0.47832,0.41376,0.5159,0.68503,0.68237,0.31098,0.76
1595,2.3311,1.0375,0.47786,1.897,0.59514,0.78874,0.4489,0.82457,0.60234,0.4982,0.29207,0.50938,0.46309,0.47784,0.33785,0.42172,0.48349,0.48957,0.55917,0.5457,0.65308,0.30524,0.35042,0.24624,0.43969,0.92647,0.6943,0.48666,0.59095,0.74537,0.65076,0.63063,0.40779,0.75901,0.6346,0.60967,0.86982,0.7617,0.10448,1.739,0.47106,0.3861,0.47175,0.35204,0.47849,0.4132,0.51758,0.68452,0.68173,0.31131,0.76066
1596,2.3268,1.0406,0.47944,1.9082,0.60059,0.79129,0.44998,0.82588,0.60476,0.49872,0.29279,0.51157,0.46337,0.4792,0.33815,0.42094,0.48327,0.49017,0.56207,0.54694,0.65381,0.30583,0.35101,0.24724,0.43995,0.93025,0.69613,0.49532,0.59123,0.74507,0.6537,0.63209,0.40893,0.7598,0.63506,0.61119,0.86932,0.7627,0.10527,1.7371,0.47216,0.38723,0.47345,0.35281,0.47847,0.41453,0.5211,0.68679,0.68392,0.31162,0.76163
1597,2.3152,1.0398,0.4778,1.8975,0.60219,0.78888,0.44968,0.82647,0.6062,0.49819,0.2929,0.51242,0.46329,0.47871,0.33745,0.42011,0.4819,0.48797,0.56126,0.54577,0.65082,0.3066,0.35101,0.24692,0.43903,0.93055,0.69382,0.49184,0.59024,0.74402,0.65556,0.63242,0.40987,0.75863,0.63483,0.6126,0.87045,0.76431,0.10557,1.7317,0.47276,0.3868,0.47436,0.35255,0.47854,0.41609,0.52009,0.68364,0.68349,0.31188,0.76247
1598,2.3002,1.0411,0.47512,1.8938,0.60482,0.79013,0.45006,0.827,0.60631,0.49845,0.29274,0.51252,0.46329,0.47813,0.33755,0.41979,0.48322,0.487,0.55948,0.54504,0.64882,0.30723,0.3512,0.2471,0.43905,0.92862,0.69123,0.48943,0.58981,0.74339,0.65684,0.63185,0.41086,0.75894,0.63601,0.61561,0.87044,0.76702,0.10609,1.7294,0.47463,0.38786,0.47525,0.35242,0.4787,0.41667,0.51648,0.68661,0.68277,0.3121,0.76321
1599,2.2875,1.0421,0.48061,1.8884,0.60739,0.79289,0.45168,0.82836,0.60683,0.49899,0.29306,0.51371,0.4636,0.47925,0.33676,0.4196,0.48456,0.48939,0.55862,0.54501,0.64421,0.30651,0.35064,0.24633,0.44019,0.93063,0.69329,0.48726,0.58924,0.74426,0.65832,0.63273,0.41056,0.76059,0.63623,0.6171,0.87014,0.77053,0.10703,1.7266,0.47599,0.38834,0.4751,0.35342,0.47908,0.41826,0.51372,0.68978,0.68303,0.31242,0.76415
1600,2.2758,1.0375,0.47673,1.8689,0.59824,0.79094,0.45248,0.82869,0.60757,0.49769,0.29343,0.51335,0.46384,0.47983,0.33495,0.41887,0.48533,0.49005,0.55621,0.54315,0.63844,0.30466,0.34955,0.24583,0.43975,0.92843,0.69225,0.48331,0.58844,0.74382,0.65916,0.63196,0.40995,0.75998,0.63509,0.61717,0.86998,0.77274,0.10764,1.7208,0.4765,0.38852,0.47368,0.35227,0.47969,0.41899,0.51001,0.68473,0.68198,0.31275,0.76476
1601,2.2681,1.0384,0.47437,1.8678,0.59687,0.79286,0.45364,0.8299,0.60967,0.49694,0.29446,0.51359,0.4642,0.48014,0.33539,0.41769,0.48761,0.49039,0.5575,0.5439,0.63666,0.30326,0.34994,0.24677,0.44,0.93199,0.69275,0.48647,0.58816,0.743,0.66089,0.6327,0.41012,0.75952,0.63535,0.6186,0.86853,0.77454,0.10859,1.7167,0.47782,0.39006,0.47391,0.35236,0.47976,0.41913,0.50924,0.68512,0.68269,0.31306,0.76546
1602,2.2654,1.0339,0.47804,1.8632,0.59736,0.79163,0.45471,0.83113,0.61191,0.49591,0.29566,0.51431,0.46462,0.48059,0.3356,0.41631,0.48865,0.49021,0.55696,0.5445,0.63511,0.30309,0.35008,0.24692,0.44023,0.93764,0.69357,0.49068,0.58872,0.74255,0.6629,0.63545,0.41019,0.75836,0.63518,0.61903,0.86843,0.77412,0.10933,1.7123,0.47829,0.38945,0.47359,0.35302,0.47962,0.42017,0.51092,0.68334,0.6826,0.31335,0.76627
1603,2.2729,1.0281,0.47498,1.8574,0.59347,0.78585,0.455,0.83118,0.61395,0.49483,0.29638,0.51462,0.46547,0.48053,0.33628,0.41506,0.4882,0.48913,0.55575,0.54523,0.63741,0.30446,0.3501,0.24721,0.43921,0.93846,0.69357,0.49323,0.58922,0.74087,0.66455,0.63622,0.41015,0.75691,0.63385,0.62019,0.86908,0.77425,0.10905,1.7072,0.47845,0.38964,0.47349,0.35224,0.47954,0.42121,0.51356,0.68041,0.68248,0.31367,0.76695
1604,2.2859,1.0293,0.47857,1.8662,0.59908,0.7856,0.45507,0.83151,0.61524,0.49407,0.29748,0.51631,0.46644,0.48055,0.33822,0.41562,0.48776,0.49069,0.55861,0.54763,0.64067,0.30635,0.35062,0.2483,0.43864,0.94425,0.69417,0.49553,0.58984,0.74,0.66711,0.63821,0.4098,0.75837,0.63429,0.62247,0.86971,0.77606,0.10882,1.703,0.48016,0.39047,0.47465,0.35314,0.47986,0.42262,0.51683,0.68343,0.68355,0.31401,0.76794
1605,2.2861,1.024,0.48471,1.867,0.60168,0.78322,0.45499,0.83292,0.61448,0.49324,0.29783,0.51754,0.46627,0.48026,0.33886,0.41684,0.48688,0.49161,0.56085,0.54755,0.64028,0.30745,0.35033,0.24835,0.43827,0.9419,0.69266,0.49303,0.58979,0.74047,0.66871,0.63981,0.40899,0.76024,0.63475,0.62344,0.87089,0.7766,0.10917,1.699,0.4814,0.38894,0.47388,0.35362,0.48041,0.42379,0.51779,0.68193,0.68214,0.31421,0.76888
1606,2.2832,1.019,0.48734,1.8712,0.60101,0.78268,0.45495,0.8351,0.61474,0.49399,0.2985,0.51924,0.46631,0.48071,0.33966,0.41721,0.48718,0.49317,0.56387,0.54766,0.64216,0.30738,0.35012,0.24857,0.43784,0.93451,0.69217,0.49393,0.58868,0.74092,0.67124,0.63974,0.40875,0.76127,0.63442,0.62434,0.87293,0.78036,0.10994,1.6952,0.4827,0.38932,0.47347,0.35427,0.48107,0.42423,0.51813,0.68306,0.68227,0.31446,0.76972
1607,2.2788,1.0186,0.48626,1.8709,0.60392,0.78674,0.45494,0.83494,0.61595,0.49423,0.29937,0.52042,0.46618,0.48112,0.34017,0.4171,0.48778,0.49417,0.56675,0.54822,0.64079,0.30652,0.35018,0.24874,0.43799,0.93336,0.69175,0.49436,0.58776,0.74116,0.67342,0.63961,0.40848,0.76126,0.63527,0.62498,0.87426,0.78344,0.11055,1.6918,0.48447,0.39012,0.47412,0.35522,0.48204,0.42449,0.51801,0.68222,0.68305,0.31471,0.77048
1608,2.2592,1.018,0.48293,1.8554,0.60448,0.7864,0.45537,0.8356,0.61697,0.49393,0.29929,0.51961,0.46473,0.48084,0.3399,0.41616,0.48775,0.4916,0.56759,0.54757,0.63755,0.30644,0.35019,0.2481,0.43834,0.93062,0.69182,0.49009,0.58747,0.74218,0.67279,0.63871,0.40846,0.75899,0.63523,0.62523,0.87447,0.78286,0.11136,1.687,0.48486,0.39071,0.47337,0.35459,0.48195,0.42481,0.51694,0.67993,0.68146,0.31482,0.77105
1609,2.254,1.0205,0.48476,1.857,0.6056,0.78795,0.45693,0.83768,0.61882,0.49514,0.30055,0.52029,0.46472,0.48243,0.34071,0.41564,0.48826,0.49187,0.5653,0.54984,0.64226,0.30681,0.35015,0.24819,0.43913,0.93788,0.69476,0.49235,0.58766,0.74365,0.6734,0.63947,0.40942,0.75661,0.63491,0.62582,0.87602,0.78437,0.11259,1.6829,0.48571,0.39358,0.47379,0.35445,0.48227,0.42619,0.51745,0.68679,0.6812,0.31509,0.77178
1610,2.2549,1.02,0.48136,1.857,0.60483,0.78824,0.45761,0.83704,0.62031,0.49399,0.30109,0.5206,0.46521,0.48356,0.3406,0.41503,0.48711,0.49147,0.56025,0.5513,0.64073,0.30643,0.34918,0.2483,0.43946,0.94541,0.69646,0.49104,0.58847,0.74404,0.67377,0.63903,0.40904,0.75516,0.6349,0.62625,0.87456,0.78386,0.11301,1.679,0.48673,0.39521,0.47392,0.35356,0.48294,0.42765,0.51563,0.68458,0.68146,0.31539,0.77224
1611,2.2451,1.0203,0.48463,1.8582,0.60306,0.78675,0.45714,0.83887,0.62143,0.49316,0.3008,0.5204,0.46498,0.48311,0.33978,0.41479,0.48658,0.49183,0.55841,0.55148,0.63728,0.30697,0.34894,0.24883,0.4391,0.94554,0.69469,0.49045,0.5896,0.74447,0.67394,0.63862,0.40888,0.75419,0.63399,0.62735,0.8721,0.78276,0.11364,1.6749,0.48678,0.39595,0.47336,0.35229,0.48309,0.4291,0.51543,0.68109,0.68152,0.31569,0.77273
1612,2.2508,1.0218,0.493,1.8734,0.60362,0.78955,0.45692,0.84157,0.6227,0.49461,0.30181,0.52166,0.46561,0.48313,0.34036,0.41546,0.48745,0.49437,0.55753,0.55364,0.64193,0.30766,0.3492,0.24932,0.43932,0.95128,0.69174,0.49872,0.59042,0.74506,0.67617,0.64008,0.4094,0.75507,0.63387,0.62936,0.87324,0.78484,0.11487,1.6727,0.48752,0.39643,0.4742,0.3528,0.4835,0.4309,0.51596,0.68385,0.68276,0.31601,0.77359
1613,2.2522,1.0167,0.48593,1.8628,0.59916,0.788,0.4561,0.84038,0.62386,0.49321,0.3017,0.52163,0.46633,0.48194,0.34042,0.41443,0.4869,0.49389,0.55652,0.5532,0.64018,0.30693,0.34879,0.24892,0.43942,0.94725,0.68876,0.49359,0.59111,0.74536,0.67811,0.63926,0.40849,0.75594,0.63367,0.63027,0.87345,0.7852,0.11524,1.6677,0.48879,0.39524,0.47338,0.35226,0.48339,0.431,0.51218,0.67732,0.68346,0.3162,0.77409
1614,2.2472,1.0183,0.48754,1.8531,0.59752,0.78535,0.45636,0.84099,0.62458,0.49317,0.30182,0.52163,0.46734,0.48122,0.34036,0.41331,0.48807,0.49559,0.561,0.55406,0.6413,0.30686,0.34928,0.24922,0.43965,0.9438,0.68924,0.48909,0.5913,0.74633,0.67942,0.63997,0.40882,0.75639,0.63321,0.6309,0.87443,0.78669,0.11618,1.6631,0.4904,0.39553,0.47354,0.35223,0.48313,0.43109,0.51594,0.67525,0.68352,0.31643,0.77471
1615,2.2416,1.0196,0.49004,1.8408,0.60024,0.7843,0.4572,0.84211,0.62362,0.49422,0.30292,0.52281,0.46855,0.48172,0.34043,0.4125,0.48835,0.49531,0.56339,0.55448,0.64456,0.30681,0.3493,0.24953,0.43972,0.94906,0.69081,0.48984,0.59089,0.74802,0.68024,0.64073,0.40954,0.75663,0.63369,0.63171,0.87608,0.7885,0.11757,1.6585,0.4918,0.3958,0.47444,0.35318,0.48279,0.43201,0.51764,0.67953,0.68322,0.31659,0.77543
1616,2.2209,1.0133,0.4839,1.815,0.59949,0.78121,0.45783,0.84116,0.62331,0.49278,0.3031,0.5233,0.46864,0.48222,0.3395,0.4109,0.48744,0.49246,0.56027,0.55122,0.64036,0.30588,0.34874,0.24952,0.43909,0.94606,0.69186,0.48293,0.59107,0.74922,0.68073,0.63933,0.40938,0.75559,0.63373,0.63089,0.87627,0.78901,0.11774,1.6539,0.49299,0.39541,0.47351,0.3525,0.48252,0.43186,0.5174,0.67742,0.68216,0.31666,0.776
1617,2.2182,1.0146,0.49244,1.8116,0.60362,0.78282,0.45874,0.8422,0.62506,0.49379,0.30424,0.52416,0.46803,0.48379,0.34011,0.41092,0.48891,0.49349,0.56046,0.5511,0.6422,0.30597,0.34865,0.24964,0.43876,0.94553,0.69582,0.48795,0.59244,0.74942,0.68208,0.64003,0.41021,0.75518,0.63288,0.63198,0.87683,0.79248,0.11763,1.6517,0.49384,0.39711,0.47373,0.35282,0.48281,0.43268,0.52333,0.67625,0.68228,0.31692,0.77686
1618,2.219,1.0151,0.49565,1.8077,0.60689,0.78565,0.45837,0.84279,0.62578,0.49503,0.30534,0.52451,0.46688,0.48463,0.34091,0.4115,0.48903,0.49252,0.55717,0.55108,0.64133,0.30672,0.34854,0.24921,0.43828,0.94401,0.69525,0.4906,0.59355,0.74932,0.68351,0.64005,0.40986,0.75506,0.63218,0.63334,0.87717,0.7949,0.11769,1.6488,0.49289,0.39761,0.47326,0.35255,0.4826,0.43386,0.52001,0.67647,0.68213,0.31713,0.7775
1619,2.2178,1.0098,0.49568,1.809,0.60361,0.78674,0.45892,0.84243,0.6277,0.49513,0.30549,0.52403,0.46611,0.48515,0.34111,0.41137,0.48973,0.49227,0.55293,0.55085,0.63716,0.30715,0.34859,0.2498,0.43848,0.93899,0.69228,0.48613,0.5948,0.74946,0.68522,0.64054,0.40865,0.75567,0.63266,0.63405,0.87769,0.79626,0.11797,1.647,0.49298,0.39778,0.47262,0.35192,0.48218,0.43427,0.51775,0.67695,0.68111,0.31732,0.77791
1620,2.2352,1.0076,0.5042,1.8237,0.60388,0.78857,0.45973,0.84352,0.63056,0.49568,0.3065,0.52438,0.4662,0.48587,0.34298,0.41154,0.49095,0.4955,0.55675,0.55449,0.64068,0.30743,0.34842,0.25081,0.43891,0.94156,0.69256,0.48797,0.59649,0.7505,0.68731,0.64319,0.40867,0.75676,0.63357,0.63702,0.87791,0.79743,0.1188,1.6447,0.49431,0.39908,0.47279,0.35232,0.48192,0.43559,0.5183,0.67774,0.68179,0.31764,0.77832
1621,2.2267,1.0064,0.50113,1.8245,0.60583,0.78567,0.45941,0.84425,0.63054,0.49396,0.3071,0.52444,0.4668,0.48468,0.34303,0.41077,0.48958,0.49562,0.55661,0.55663,0.63978,0.30694,0.34866,0.25117,0.43788,0.93914,0.69009,0.48586,0.59622,0.7521,0.68776,0.64383,0.40859,0.75623,0.63379,0.63719,0.87742,0.79679,0.12014,1.6411,0.49464,0.39854,0.47269,0.35221,0.48162,0.43641,0.51112,0.67524,0.68185,0.31788,0.77842
1622,2.2128,1.0078,0.49686,1.8348,0.60763,0.78281,0.46009,0.84572,0.63159,0.49402,0.30752,0.52608,0.46795,0.48427,0.34226,0.40997,0.48955,0.49578,0.55652,0.55731,0.63649,0.30701,0.34896,0.25199,0.43778,0.93961,0.68901,0.48418,0.59634,0.75397,0.6881,0.64407,0.40915,0.75554,0.63441,0.63694,0.87743,0.79692,0.12099,1.6387,0.49551,0.39899,0.47386,0.35348,0.48208,0.43709,0.51163,0.67567,0.68175,0.31818,0.77877
1623,2.2165,1.0103,0.49517,1.8413,0.61034,0.78359,0.46073,0.84734,0.63331,0.49516,0.30802,0.52847,0.46786,0.48546,0.34245,0.4098,0.48922,0.49714,0.56037,0.55912,0.63617,0.30746,0.34867,0.25207,0.43753,0.94625,0.69113,0.4817,0.5982,0.75551,0.68921,0.64469,0.40981,0.75454,0.63435,0.63893,0.87825,0.79737,0.12089,1.6359,0.49635,0.40013,0.47405,0.35425,0.4824,0.43779,0.51706,0.67321,0.68328,0.31844,0.77929
1624,2.2145,1.0121,0.48903,1.8304,0.61188,0.78212,0.46067,0.84678,0.63355,0.49473,0.3078,0.5286,0.46756,0.48552,0.34214,0.40951,0.48887,0.49608,0.55872,0.55869,0.63521,0.30735,0.34875,0.25173,0.43644,0.9441,0.69079,0.47912,0.59925,0.75627,0.68985,0.64488,0.40929,0.75346,0.63347,0.63849,0.87909,0.79868,0.12065,1.632,0.49658,0.39983,0.4732,0.35439,0.48208,0.43805,0.51618,0.67024,0.68327,0.31857,0.77972
1625,2.2174,1.0136,0.49074,1.8427,0.61351,0.78231,0.46067,0.84646,0.63574,0.49662,0.30805,0.52878,0.46808,0.48639,0.34294,0.40989,0.49109,0.49623,0.55734,0.55869,0.63572,0.30891,0.34914,0.25244,0.43737,0.94327,0.69103,0.4795,0.60102,0.75787,0.69185,0.64457,0.40897,0.75397,0.63409,0.63843,0.87986,0.80126,0.1209,1.6297,0.49783,0.40081,0.47305,0.35578,0.48184,0.43954,0.52106,0.67505,0.68358,0.3188,0.78038
1626,2.2103,1.0071,0.49638,1.8393,0.61257,0.78126,0.46033,0.84596,0.63762,0.4965,0.30825,0.5278,0.46795,0.48746,0.34267,0.41027,0.49129,0.49787,0.55705,0.55933,0.63545,0.30999,0.34906,0.25361,0.43774,0.94293,0.69089,0.47732,0.60148,0.75932,0.69364,0.64322,0.40854,0.75382,0.63439,0.64017,0.88073,0.80221,0.1214,1.6282,0.49945,0.40137,0.47207,0.35537,0.48094,0.44035,0.52242,0.67469,0.68408,0.31898,0.78077
1627,2.1994,1.0016,0.4972,1.8173,0.61289,0.77797,0.46013,0.84533,0.63795,0.49398,0.30862,0.52603,0.46885,0.48735,0.34199,0.41011,0.49161,0.49906,0.55727,0.55961,0.63861,0.30997,0.3489,0.25445,0.43726,0.94188,0.68893,0.48299,0.60007,0.76059,0.69462,0.64274,0.40884,0.75421,0.63344,0.64054,0.88114,0.80304,0.1218,1.6256,0.50048,0.4017,0.47147,0.35438,0.48016,0.44089,0.51671,0.67304,0.68303,0.31919,0.78131
1628,2.1945,1.0014,0.49449,1.8198,0.61741,0.78048,0.4607,0.84638,0.63936,0.49383,0.30974,0.52668,0.47009,0.48855,0.34185,0.40915,0.49253,0.5009,0.55838,0.56057,0.64125,0.31012,0.34915,0.25493,0.43798,0.94586,0.69039,0.488,0.60094,0.76193,0.69656,0.64244,0.40976,0.75547,0.63362,0.64205,0.88186,0.8052,0.12287,1.6257,0.50222,0.40332,0.47222,0.35465,0.48057,0.44219,0.51817,0.677,0.68357,0.31952,0.78209
1629,2.1804,0.99576,0.48749,1.8141,0.61557,0.78153,0.46024,0.84734,0.64005,0.49358,0.31021,0.52814,0.46995,0.48936,0.34099,0.40802,0.49129,0.50227,0.55668,0.5599,0.63582,0.30855,0.34923,0.25442,0.43795,0.94812,0.69086,0.48281,0.60154,0.76163,0.69715,0.64278,0.4096,0.75517,0.63322,0.64335,0.88225,0.80566,0.12335,1.6242,0.50421,0.40321,0.47196,0.35445,0.48061,0.44217,0.51682,0.67515,0.68298,0.31975,0.78242
1630,2.1804,0.99507,0.48486,1.8168,0.61339,0.78262,0.46014,0.84881,0.64069,0.4938,0.31071,0.53016,0.47048,0.48966,0.34196,0.40812,0.49172,0.50426,0.55577,0.56089,0.63507,0.3082,0.34968,0.25434,0.43788,0.95241,0.6898,0.48398,0.60225,0.76242,0.69834,0.64517,0.40981,0.75614,0.63282,0.64314,0.88284,0.80639,0.12359,1.621,0.50555,0.40337,0.47226,0.35565,0.48061,0.44243,0.51637,0.67301,0.68302,0.32003,0.78301
1631,2.1814,0.99755,0.48898,1.8306,0.61653,0.78658,0.46128,0.84937,0.64238,0.49484,0.31087,0.53232,0.47024,0.48995,0.3424,0.40857,0.49242,0.50352,0.5547,0.56273,0.63603,0.30968,0.35005,0.25514,0.43899,0.95691,0.68983,0.48131,0.60421,0.76413,0.70011,0.64749,0.40996,0.7573,0.6347,0.64387,0.88313,0.80786,0.12437,1.6182,0.50639,0.40404,0.47322,0.35693,0.48073,0.44299,0.51894,0.67407,0.6843,0.32028,0.78372
1632,2.1657,0.99344,0.49506,1.8233,0.61641,0.78471,0.46192,0.84804,0.64315,0.49458,0.31038,0.53237,0.4688,0.48858,0.34222,0.41014,0.49208,0.49966,0.5521,0.56361,0.6321,0.31004,0.34965,0.25507,0.43962,0.95639,0.68765,0.47733,0.60479,0.76509,0.70041,0.64853,0.40981,0.75648,0.63562,0.64338,0.8821,0.80729,0.12456,1.612,0.50713,0.40302,0.47252,0.35629,0.48046,0.44302,0.51777,0.66972,0.68347,0.3204,0.78418
1633,2.1641,0.99338,0.50305,1.8205,0.61993,0.78272,0.46372,0.84879,0.64373,0.49501,0.31124,0.53184,0.46921,0.48856,0.34331,0.41221,0.49325,0.49907,0.55264,0.56591,0.6367,0.31142,0.34911,0.25576,0.44064,0.95839,0.68701,0.48512,0.60583,0.7668,0.70202,0.64868,0.41028,0.75583,0.63552,0.64476,0.8833,0.80888,0.12534,1.6092,0.50817,0.4042,0.47332,0.35663,0.48095,0.44399,0.51946,0.67327,0.6844,0.32065,0.78502
1634,2.1547,0.98794,0.50284,1.8018,0.62493,0.78117,0.46553,0.84884,0.64354,0.49406,0.31168,0.53096,0.4695,0.48879,0.34441,0.41107,0.49367,0.49838,0.54924,0.56331,0.6393,0.31208,0.34772,0.25693,0.44085,0.95985,0.68694,0.48436,0.60684,0.76779,0.70245,0.64878,0.41011,0.75575,0.63549,0.6469,0.88414,0.80978,0.12626,1.6077,0.50827,0.40553,0.47274,0.35605,0.48149,0.44479,0.51534,0.67912,0.684,0.32084,0.78572
1635,2.1561,0.98424,0.50124,1.7993,0.62465,0.78332,0.46589,0.85083,0.64414,0.49404,0.31278,0.53077,0.46983,0.48956,0.34624,0.41088,0.49608,0.50052,0.5514,0.56167,0.64072,0.31199,0.34791,0.2572,0.44039,0.96116,0.69077,0.48958,0.60896,0.76896,0.70343,0.6497,0.41101,0.75676,0.63472,0.64708,0.88512,0.81162,0.12753,1.6068,0.50977,0.40615,0.47159,0.35685,0.4819,0.44622,0.51768,0.68334,0.68465,0.32112,0.78641
1636,2.1617,0.98595,0.49895,1.8134,0.62515,0.78559,0.46546,0.85311,0.64459,0.49474,0.31382,0.53107,0.47127,0.49055,0.34724,0.4103,0.49741,0.50156,0.55326,0.56262,0.64208,0.31261,0.34852,0.25781,0.44039,0.96281,0.69291,0.49089,0.61045,0.77051,0.70457,0.65017,0.41152,0.75708,0.63329,0.6482,0.88573,0.81387,0.1284,1.6069,0.51165,0.40726,0.47247,0.35837,0.48209,0.44795,0.51713,0.68802,0.68553,0.3215,0.78709
1637,2.1641,0.98817,0.49344,1.8153,0.62592,0.78729,0.46471,0.85502,0.64545,0.49485,0.31378,0.53162,0.47267,0.49112,0.34701,0.40891,0.49793,0.49939,0.55422,0.56443,0.63629,0.3132,0.34897,0.25869,0.43999,0.96446,0.692,0.49038,0.60927,0.77172,0.70521,0.651,0.41224,0.75816,0.63267,0.64682,0.88491,0.81463,0.12925,1.6057,0.51229,0.40651,0.4729,0.35941,0.48171,0.4496,0.51702,0.68513,0.68617,0.3219,0.78768
1638,2.1668,0.99319,0.49481,1.8334,0.62159,0.78973,0.46471,0.85521,0.64714,0.49427,0.31448,0.53306,0.47365,0.49149,0.3473,0.40951,0.49886,0.5004,0.55927,0.56734,0.63509,0.31293,0.3495,0.25958,0.44037,0.97104,0.69222,0.49319,0.60976,0.77315,0.7074,0.65155,0.41356,0.75795,0.63323,0.6459,0.88322,0.81676,0.12984,1.603,0.5134,0.40669,0.47354,0.35936,0.48142,0.45073,0.52316,0.68461,0.6871,0.32224,0.78858
1639,2.1612,0.99514,0.49801,1.8322,0.61718,0.78818,0.46474,0.85333,0.64839,0.49329,0.31511,0.53366,0.47422,0.49158,0.34716,0.41058,0.49904,0.5029,0.5587,0.56815,0.63668,0.31081,0.35016,0.26068,0.44109,0.97215,0.68914,0.49143,0.61054,0.77473,0.7096,0.65045,0.4137,0.75634,0.63382,0.64676,0.88335,0.8187,0.12919,1.6005,0.51463,0.40664,0.47413,0.35789,0.481,0.45136,0.52094,0.68276,0.68742,0.32254,0.7893
1640,2.1578,0.99283,0.5022,1.8077,0.61726,0.78662,0.46578,0.85331,0.64972,0.49306,0.3153,0.53475,0.47454,0.49158,0.34635,0.41019,0.49834,0.50333,0.557,0.56846,0.63622,0.30982,0.35039,0.26145,0.44167,0.97333,0.6873,0.49292,0.61004,0.77655,0.71111,0.65005,0.41314,0.756,0.63451,0.64632,0.88469,0.81998,0.12947,1.5979,0.51532,0.40714,0.47386,0.35698,0.48054,0.452,0.52222,0.6775,0.6875,0.32288,0.78999
1641,2.1551,0.98817,0.51082,1.7967,0.61849,0.78868,0.46796,0.85411,0.65072,0.49273,0.31595,0.53638,0.47474,0.49193,0.34602,0.41,0.49829,0.5065,0.56093,0.56973,0.63694,0.30972,0.35001,0.26239,0.44205,0.97845,0.69029,0.49816,0.61224,0.77853,0.7136,0.652,0.41251,0.75599,0.63519,0.64879,0.88656,0.82343,0.12995,1.5945,0.51675,0.40827,0.47355,0.35714,0.48004,0.45287,0.52692,0.6808,0.68802,0.32324,0.79099
1642,2.1512,0.98088,0.51296,1.7766,0.62089,0.78748,0.46916,0.85466,0.65147,0.49224,0.31628,0.53638,0.47421,0.49288,0.34522,0.40948,0.49892,0.50634,0.56388,0.56993,0.63351,0.30965,0.34955,0.26288,0.44293,0.97728,0.69102,0.49362,0.61384,0.77937,0.71517,0.65245,0.41202,0.75596,0.63474,0.65085,0.88944,0.8254,0.13059,1.5917,0.51866,0.4084,0.47351,0.35701,0.47933,0.45371,0.52445,0.68116,0.68891,0.32363,0.79177
1643,2.1535,0.97881,0.51232,1.7695,0.62436,0.7852,0.47003,0.85737,0.65301,0.49389,0.31727,0.53751,0.47484,0.49409,0.34543,0.40831,0.49861,0.50378,0.5643,0.57181,0.62865,0.31123,0.34962,0.26251,0.4439,0.97825,0.69301,0.48823,0.6137,0.77987,0.71607,0.65379,0.41211,0.75672,0.63441,0.65212,0.89159,0.82765,0.13256,1.5902,0.52044,0.41013,0.47469,0.35752,0.47918,0.45473,0.52801,0.67946,0.68978,0.32413,0.79273
1644,2.1511,0.97809,0.51225,1.7805,0.62223,0.78489,0.47048,0.85889,0.6549,0.49565,0.31823,0.539,0.47563,0.49468,0.34724,0.40875,0.49957,0.50542,0.56304,0.57414,0.63076,0.31216,0.34947,0.26272,0.44434,0.98411,0.69589,0.49014,0.61549,0.78097,0.71834,0.6563,0.41249,0.75804,0.63443,0.65583,0.89286,0.83178,0.13362,1.589,0.52181,0.41178,0.47651,0.358,0.47951,0.45625,0.53029,0.6824,0.69111,0.32451,0.79377
1645,2.1479,0.97932,0.51171,1.7869,0.6182,0.78664,0.47046,0.86027,0.65694,0.49675,0.31792,0.53913,0.47508,0.4945,0.34843,0.41034,0.50088,0.5067,0.55781,0.57414,0.63545,0.31206,0.34957,0.2628,0.44509,0.98766,0.69367,0.48818,0.61709,0.78236,0.72035,0.65732,0.41367,0.75943,0.63516,0.65692,0.89292,0.83392,0.13422,1.5864,0.52276,0.41301,0.4769,0.35773,0.47999,0.45775,0.53159,0.68003,0.69207,0.32489,0.79469
1646,2.1508,0.98867,0.51391,1.7976,0.61765,0.78981,0.4707,0.86424,0.65905,0.49772,0.31888,0.5403,0.47501,0.49381,0.34798,0.41114,0.50062,0.50843,0.55133,0.57327,0.63916,0.31309,0.35045,0.26356,0.44589,0.99094,0.69295,0.49218,0.61823,0.78386,0.72167,0.65971,0.41497,0.75974,0.637,0.65751,0.89401,0.83678,0.13503,1.5834,0.52343,0.41477,0.47643,0.3586,0.48079,0.45887,0.5358,0.67874,0.6928,0.32538,0.79599
1647,2.1538,0.99135,0.5103,1.8034,0.61849,0.79184,0.47016,0.86586,0.6596,0.49637,0.32006,0.5418,0.47513,0.49333,0.34694,0.41131,0.50077,0.5112,0.54949,0.57234,0.6421,0.31273,0.35004,0.26517,0.44615,0.9933,0.69106,0.49641,0.61871,0.785,0.72258,0.66032,0.41553,0.75938,0.63719,0.65847,0.89537,0.83938,0.13535,1.579,0.52433,0.41588,0.47607,0.35964,0.48101,0.46004,0.53485,0.6828,0.69362,0.32583,0.79741
1648,2.1528,0.98893,0.50747,1.8041,0.62208,0.79477,0.47038,0.8669,0.66014,0.49359,0.32076,0.54196,0.47554,0.49419,0.34706,0.41113,0.50121,0.51236,0.54857,0.57283,0.64357,0.31227,0.3499,0.26628,0.44637,0.99323,0.68817,0.49314,0.61797,0.78481,0.72334,0.66112,0.41656,0.75982,0.63729,0.65705,0.89506,0.83995,0.136,1.5728,0.52663,0.41667,0.47538,0.36009,0.48124,0.46129,0.53378,0.68684,0.69364,0.32624,0.79861
1649,2.1517,0.99198,0.50669,1.8073,0.62527,0.79547,0.47089,0.86846,0.66204,0.49072,0.32264,0.54264,0.4764,0.49559,0.34715,0.41029,0.50143,0.51229,0.54809,0.57509,0.64204,0.31384,0.3506,0.26783,0.44723,0.99334,0.68985,0.49421,0.61759,0.78526,0.72564,0.66391,0.41824,0.75997,0.6371,0.65719,0.89707,0.84132,0.13711,1.5706,0.52963,0.41811,0.47544,0.36004,0.48191,0.46271,0.52911,0.68977,0.6944,0.32682,0.80018
1650,2.1464,0.98947,0.50053,1.8101,0.62423,0.79288,0.47088,0.86702,0.66232,0.48923,0.32329,0.54363,0.47745,0.49603,0.34749,0.40952,0.50253,0.51149,0.54826,0.57696,0.63958,0.31388,0.35015,0.26883,0.44792,0.99215,0.68817,0.49438,0.61717,0.78631,0.72786,0.66368,0.41899,0.75997,0.63537,0.65743,0.89816,0.84224,0.13801,1.5691,0.53248,0.41998,0.47624,0.35934,0.48209,0.46447,0.52425,0.68677,0.69477,0.32737,0.80146
1651,2.1375,0.98851,0.50662,1.8122,0.62457,0.7949,0.47315,0.86819,0.66312,0.49073,0.3234,0.5444,0.47907,0.49659,0.34946,0.41027,0.5038,0.51132,0.54798,0.57988,0.64147,0.31434,0.35078,0.26894,0.44947,0.99273,0.68738,0.50147,0.61814,0.78799,0.73065,0.66528,0.42017,0.76163,0.63592,0.65967,0.89873,0.84433,0.13919,1.5687,0.53582,0.42061,0.4774,0.35922,0.48326,0.46654,0.52943,0.68311,0.69491,0.32788,0.80265
1652,2.1307,0.99334,0.5108,1.8101,0.62353,0.7986,0.47562,0.87179,0.66445,0.49313,0.32414,0.54515,0.4803,0.49698,0.34979,0.4109,0.50416,0.5114,0.54895,0.58317,0.63891,0.31605,0.35205,0.26949,0.45216,0.99805,0.69062,0.50927,0.61977,0.7909,0.73349,0.66803,0.42124,0.76268,0.63634,0.66499,0.9012,0.84771,0.14039,1.5702,0.53742,0.42102,0.47969,0.35967,0.48446,0.46801,0.53482,0.67895,0.69539,0.3286,0.80431
1653,2.1252,0.99039,0.50475,1.8077,0.62216,0.79835,0.4775,0.87321,0.66544,0.49499,0.32415,0.5453,0.48161,0.49684,0.34885,0.411,0.50497,0.51249,0.55047,0.58341,0.63608,0.31593,0.35207,0.27009,0.45376,1.0019,0.69291,0.507,0.62068,0.79323,0.7356,0.66874,0.4211,0.76169,0.63649,0.66743,0.90261,0.85022,0.14124,1.5688,0.53785,0.42112,0.48093,0.36166,0.4847,0.46911,0.53623,0.67385,0.69561,0.32929,0.80589
1654,2.1259,0.98936,0.51231,1.8134,0.62665,0.80028,0.47957,0.87597,0.66736,0.49744,0.325,0.54526,0.48231,0.49796,0.35123,0.41211,0.50519,0.51423,0.55159,0.58394,0.6426,0.31617,0.35278,0.27084,0.45429,1.0057,0.69613,0.50439,0.62128,0.7959,0.73938,0.67153,0.42257,0.76184,0.63893,0.67033,0.90451,0.85345,0.14188,1.5672,0.54027,0.42026,0.48176,0.36362,0.48507,0.47089,0.53853,0.6766,0.69698,0.32983,0.80747
1655,2.123,0.98745,0.51505,1.8054,0.62628,0.80128,0.47966,0.87811,0.66851,0.49772,0.32635,0.5451,0.48191,0.49892,0.35257,0.41122,0.50466,0.51341,0.55316,0.58495,0.64326,0.31735,0.35293,0.27176,0.45396,1.0042,0.69847,0.49867,0.62164,0.79783,0.74173,0.6732,0.42338,0.76257,0.63867,0.67168,0.90526,0.85529,0.14183,1.5648,0.54188,0.42076,0.48291,0.36407,0.48473,0.47136,0.53678,0.67819,0.69861,0.33038,0.80904
1656,2.1258,0.98135,0.51409,1.7898,0.6223,0.80004,0.47969,0.87762,0.67083,0.49673,0.3268,0.54491,0.4826,0.49985,0.35335,0.41013,0.50701,0.51416,0.5543,0.58413,0.6444,0.31737,0.35195,0.273,0.45336,0.99601,0.69817,0.49537,0.62183,0.79905,0.74379,0.67368,0.42354,0.76189,0.63749,0.66937,0.90429,0.85607,0.14241,1.562,0.54306,0.42194,0.48219,0.3653,0.4842,0.47176,0.53103,0.67621,0.70055,0.33095,0.81036
1657,2.1312,0.98342,0.52155,1.7853,0.62404,0.80022,0.48028,0.87833,0.67238,0.49797,0.32765,0.54626,0.48339,0.50134,0.3564,0.41081,0.50967,0.5158,0.55288,0.58547,0.6513,0.31716,0.35242,0.27443,0.45353,0.99489,0.69449,0.49605,0.62249,0.80071,0.74689,0.67575,0.42553,0.7628,0.63865,0.66977,0.90571,0.85766,0.14342,1.5602,0.54609,0.42356,0.4816,0.3661,0.48447,0.47379,0.52807,0.67877,0.70175,0.33156,0.81172
1658,2.1182,0.98446,0.51813,1.7622,0.6286,0.79779,0.48016,0.87878,0.67243,0.49728,0.32891,0.54937,0.48423,0.50138,0.35519,0.41056,0.51034,0.51584,0.55176,0.58722,0.64553,0.31731,0.35248,0.27565,0.45397,0.9955,0.68954,0.49247,0.62401,0.80089,0.74763,0.67593,0.42634,0.76415,0.6384,0.67147,0.90788,0.85792,0.1445,1.5574,0.54711,0.42507,0.48177,0.36626,0.48475,0.47487,0.52682,0.67685,0.70057,0.33216,0.81317
1659,2.1136,0.98448,0.51791,1.759,0.63344,0.79771,0.48149,0.88106,0.67514,0.49761,0.3299,0.55209,0.4858,0.50132,0.35518,0.41155,0.51273,0.51994,0.55419,0.58843,0.64299,0.31739,0.35235,0.27735,0.45501,1.0008,0.69135,0.491,0.62573,0.80208,0.74981,0.67738,0.42721,0.76483,0.64027,0.67385,0.90966,0.85958,0.14632,1.556,0.54751,0.42632,0.48219,0.36734,0.48569,0.4776,0.53225,0.67244,0.70083,0.33282,0.81486
1660,2.1125,0.98732,0.51816,1.7843,0.63934,0.79483,0.48333,0.8865,0.67668,0.49938,0.33076,0.55451,0.48633,0.50103,0.35639,0.41287,0.51235,0.5234,0.55743,0.59045,0.64735,0.31696,0.35301,0.27842,0.45618,1.0114,0.69625,0.49097,0.62727,0.80436,0.75386,0.67992,0.42933,0.76643,0.64303,0.67782,0.91136,0.86174,0.14762,1.5538,0.54957,0.42808,0.48311,0.36822,0.48719,0.48134,0.54092,0.6725,0.70182,0.33348,0.81669
1661,2.111,0.9873,0.5119,1.7864,0.64266,0.7917,0.48383,0.88963,0.67745,0.49892,0.33166,0.55691,0.48643,0.5012,0.35571,0.41339,0.50833,0.52464,0.55982,0.5906,0.64293,0.31646,0.35245,0.27921,0.45683,1.0126,0.69871,0.48882,0.62827,0.80545,0.75666,0.68084,0.42981,0.76759,0.64335,0.68072,0.91354,0.86549,0.14893,1.5528,0.55125,0.42833,0.48479,0.3689,0.4882,0.48247,0.5447,0.67425,0.70355,0.33407,0.81813
1662,2.1291,0.98622,0.52026,1.8025,0.64027,0.79876,0.48476,0.89196,0.68058,0.50025,0.33207,0.55854,0.48829,0.5032,0.35797,0.41451,0.5084,0.52886,0.56737,0.59329,0.64392,0.31683,0.35238,0.27999,0.45782,1.0142,0.70426,0.4936,0.62916,0.80726,0.76103,0.68377,0.42968,0.76777,0.64517,0.68427,0.91552,0.87271,0.15023,1.5552,0.55388,0.42951,0.48685,0.37046,0.48878,0.48394,0.55142,0.68296,0.70768,0.33475,0.81942
1663,2.1301,0.98435,0.5196,1.8014,0.63424,0.80129,0.48454,0.89234,0.6811,0.50003,0.33187,0.55898,0.48977,0.50406,0.35722,0.41444,0.50975,0.52862,0.56926,0.5963,0.64628,0.31842,0.35266,0.27999,0.45873,1.0144,0.70547,0.50021,0.62854,0.80793,0.76479,0.68407,0.43051,0.76726,0.64389,0.68365,0.91573,0.87512,0.15082,1.5529,0.5568,0.43065,0.48773,0.37093,0.4883,0.48478,0.54762,0.68881,0.70914,0.3354,0.82077
1664,2.1119,0.98372,0.5158,1.7616,0.63305,0.8019,0.48306,0.89043,0.68258,0.49743,0.33233,0.55896,0.48984,0.50498,0.35509,0.4152,0.51141,0.52608,0.56477,0.59774,0.647,0.3212,0.35276,0.28062,0.45935,1.0078,0.70203,0.50216,0.62807,0.8064,0.76698,0.68324,0.43177,0.76832,0.64213,0.67997,0.91937,0.87557,0.15132,1.5515,0.56021,0.42962,0.48871,0.3718,0.48781,0.48599,0.53514,0.69208,0.71001,0.33606,0.82199
1665,2.1089,0.98448,0.52366,1.7472,0.63344,0.80624,0.48291,0.89015,0.68592,0.49726,0.33341,0.5593,0.49069,0.50708,0.35547,0.4165,0.51587,0.52691,0.56663,0.60075,0.65217,0.3232,0.35352,0.28151,0.46039,1.0119,0.702,0.50354,0.62816,0.80642,0.76948,0.68533,0.43325,0.76917,0.64465,0.67931,0.92235,0.8779,0.15178,1.5487,0.56332,0.43036,0.48781,0.3729,0.48708,0.48884,0.53443,0.69339,0.71093,0.33657,0.82334
1666,2.1055,0.97948,0.51513,1.7276,0.621,0.80258,0.48205,0.88962,0.68496,0.4969,0.33516,0.55973,0.49029,0.50804,0.35483,0.4164,0.51955,0.5262,0.56512,0.6018,0.65291,0.32461,0.35368,0.282,0.46146,1.0174,0.70187,0.50067,0.62557,0.80728,0.77013,0.68561,0.43457,0.76876,0.6442,0.67691,0.92046,0.87714,0.15243,1.5377,0.56381,0.43184,0.48627,0.37157,0.48503,0.4897,0.5334,0.68043,0.71028,0.3368,0.8249
1667,2.1078,0.97905,0.51547,1.7195,0.6175,0.79916,0.48363,0.89148,0.68626,0.49699,0.3373,0.56098,0.49051,0.51049,0.35649,0.41686,0.52304,0.52822,0.56493,0.60359,0.65454,0.32479,0.35391,0.28223,0.46209,1.0231,0.7045,0.49659,0.62621,0.80818,0.7718,0.6888,0.43584,0.77102,0.6437,0.6776,0.92135,0.87861,0.15343,1.534,0.56422,0.43464,0.48789,0.37228,0.48506,0.49195,0.53131,0.67705,0.7104,0.33704,0.82597
1668,2.119,0.98596,0.52974,1.7275,0.62193,0.79882,0.48698,0.89367,0.68904,0.49929,0.33872,0.56309,0.49352,0.51358,0.35973,0.41646,0.52386,0.53229,0.5678,0.60515,0.64919,0.32114,0.35419,0.28316,0.46331,1.0371,0.70553,0.49025,0.62992,0.80982,0.77494,0.69495,0.43588,0.77404,0.6457,0.68233,0.92365,0.88389,0.1548,1.5329,0.56418,0.43939,0.48817,0.3738,0.48643,0.49428,0.53525,0.68484,0.709,0.33724,0.82703
1669,2.1232,0.98434,0.53924,1.7339,0.62211,0.7984,0.4878,0.89362,0.68931,0.49983,0.3398,0.56348,0.49489,0.51285,0.36147,0.41516,0.52097,0.53311,0.5665,0.60438,0.64223,0.31924,0.35457,0.28487,0.46427,1.0387,0.70323,0.48835,0.6301,0.81077,0.77846,0.69623,0.43502,0.77369,0.64294,0.68306,0.92279,0.88598,0.156,1.5314,0.56503,0.44129,0.48775,0.37382,0.48721,0.49335,0.53946,0.68058,0.70856,0.33741,0.82775
1670,2.138,0.98222,0.55704,1.7693,0.63257,0.80416,0.48962,0.89599,0.6944,0.50086,0.34,0.56156,0.4951,0.51272,0.36383,0.41486,0.51907,0.53373,0.56888,0.60505,0.64787,0.32027,0.35602,0.28601,0.46507,1.0389,0.70357,0.49717,0.63073,0.81158,0.78387,0.69778,0.43623,0.77285,0.64035,0.68293,0.92171,0.88751,0.15697,1.5385,0.56856,0.44212,0.49026,0.37513,0.48979,0.49463,0.54386,0.6799,0.70962,0.33785,0.82822
1671,2.1283,0.97881,0.55571,1.769,0.6385,0.80823,0.49078,0.89622,0.69588,0.50047,0.33997,0.56012,0.49457,0.51095,0.36407,0.41511,0.51573,0.5314,0.56641,0.60502,0.65003,0.31882,0.35634,0.28799,0.4657,1.0377,0.6986,0.49945,0.62915,0.81052,0.78525,0.69812,0.43712,0.77134,0.64096,0.68183,0.92235,0.89007,0.15748,1.5398,0.57175,0.4409,0.48846,0.37533,0.49059,0.4958,0.54907,0.68088,0.70895,0.33808,0.8285
1672,2.1189,0.96792,0.53746,1.7515,0.64322,0.80914,0.49218,0.89283,0.69199,0.49789,0.34108,0.56003,0.49289,0.50669,0.36332,0.41533,0.51357,0.52877,0.56212,0.60606,0.65323,0.3196,0.35586,0.28872,0.46545,1.0346,0.69569,0.50214,0.62539,0.80962,0.78577,0.69442,0.43679,0.7656,0.63927,0.67848,0.92285,0.89327,0.15798,1.5392,0.57398,0.43822,0.48355,0.37402,0.48888,0.49458,0.55446,0.67162,0.70861,0.33807,0.8283
1673,2.1198,0.96528,0.53247,1.7627,0.64801,0.81203,0.49475,0.89339,0.69043,0.49818,0.34178,0.56091,0.49219,0.50785,0.36392,0.41701,0.51686,0.52806,0.56141,0.61055,0.65807,0.32179,0.35606,0.28716,0.46544,1.0416,0.69956,0.51116,0.62598,0.80861,0.78715,0.69472,0.43705,0.7642,0.63893,0.67659,0.9229,0.89258,0.15905,1.5349,0.57493,0.43762,0.48317,0.37477,0.48867,0.49682,0.56207,0.66977,0.70782,0.33804,0.8281
1674,2.0671,0.96557,0.52648,1.7361,0.65001,0.81296,0.49696,0.89613,0.686,0.49703,0.34194,0.56245,0.49182,0.50879,0.36285,0.4196,0.52126,0.52275,0.55041,0.61396,0.6556,0.32027,0.35588,0.28674,0.4643,1.0421,0.6968,0.5107,0.62677,0.80393,0.78365,0.69491,0.43613,0.76775,0.63841,0.67326,0.92443,0.88658,0.16035,1.5213,0.57528,0.43587,0.48176,0.37631,0.48842,0.50061,0.57224,0.66926,0.70584,0.33778,0.82778
1675,2.06,0.97079,0.52724,1.7417,0.6553,0.81162,0.49859,0.89836,0.68466,0.49609,0.34237,0.56266,0.49357,0.50909,0.36289,0.42064,0.52551,0.52385,0.55045,0.61719,0.64962,0.32133,0.3572,0.28657,0.46339,1.0369,0.69908,0.51189,0.62751,0.80223,0.78418,0.69616,0.43571,0.76928,0.6365,0.67075,0.9233,0.88349,0.16264,1.5151,0.57668,0.43539,0.48244,0.37701,0.4894,0.50168,0.57769,0.67391,0.706,0.33749,0.8272
1676,2.1036,0.98515,0.5376,1.7994,0.64732,0.81008,0.49576,0.90573,0.68601,0.49822,0.34244,0.56039,0.49551,0.51346,0.36434,0.42261,0.52907,0.52886,0.56057,0.62039,0.63961,0.32438,0.35944,0.28647,0.46287,1.0274,0.70332,0.5199,0.6283,0.80267,0.78969,0.70176,0.43661,0.77107,0.63714,0.66962,0.9196,0.87841,0.16451,1.512,0.57736,0.43617,0.48755,0.37862,0.49176,0.50231,0.58009,0.68083,0.70844,0.33729,0.82655
1677,2.0905,0.98949,0.53193,1.8128,0.63943,0.8095,0.49387,0.9064,0.68797,0.49705,0.34321,0.55851,0.4961,0.5125,0.36366,0.42241,0.52842,0.53116,0.56331,0.61786,0.63715,0.32585,0.36028,0.2871,0.46113,1.0222,0.69882,0.51637,0.62488,0.79976,0.79143,0.7043,0.43638,0.7705,0.63595,0.66882,0.91728,0.87787,0.16477,1.502,0.57889,0.43772,0.48883,0.37766,0.49159,0.50069,0.57813,0.68163,0.70865,0.337,0.82554
1678,2.086,1.0008,0.52386,1.8474,0.63833,0.80591,0.49538,0.9009,0.69363,0.495,0.34552,0.55785,0.50015,0.50831,0.36422,0.41965,0.52658,0.54408,0.5766,0.61283,0.64354,0.32726,0.361,0.28759,0.46089,1.0259,0.70254,0.51511,0.62147,0.79872,0.79232,0.70569,0.43741,0.76715,0.63372,0.66906,0.91645,0.88779,0.16529,1.4951,0.58209,0.44193,0.49016,0.3746,0.49129,0.49718,0.57424,0.69922,0.70797,0.33684,0.82438
1679,2.0705,1.0014,0.51907,1.8507,0.63404,0.79964,0.49458,0.89693,0.69374,0.49263,0.34715,0.55758,0.49982,0.50718,0.36583,0.41879,0.52231,0.54758,0.57735,0.61199,0.64453,0.32701,0.36029,0.28786,0.46061,1.0291,0.70676,0.51391,0.6178,0.7955,0.79325,0.70832,0.4367,0.7662,0.62989,0.66991,0.91385,0.88785,0.16555,1.486,0.58091,0.44241,0.48863,0.37212,0.49064,0.49533,0.56826,0.70039,0.70614,0.33624,0.82299
1680,2.005,0.98479,0.50855,1.806,0.63457,0.80164,0.49606,0.8872,0.6933,0.48707,0.34789,0.56049,0.49554,0.50266,0.36565,0.4167,0.5157,0.5397,0.56141,0.6126,0.64652,0.32657,0.35956,0.28775,0.45981,1.0402,0.70346,0.49967,0.61204,0.78938,0.79237,0.70976,0.43288,0.76675,0.6249,0.67354,0.90991,0.8818,0.16521,1.4659,0.57983,0.44032,0.48363,0.36855,0.48838,0.49456,0.56067,0.68531,0.70293,0.33526,0.82137
1681,1.9855,0.97165,0.51045,1.7875,0.63704,0.80119,0.4982,0.88204,0.69282,0.48586,0.34912,0.562,0.49549,0.5018,0.36635,0.41579,0.51508,0.53816,0.55699,0.61455,0.64771,0.32789,0.35999,0.2876,0.45986,1.0429,0.70216,0.49902,0.60937,0.78636,0.79037,0.71009,0.43261,0.76667,0.62235,0.67427,0.90632,0.88064,0.16659,1.4588,0.58102,0.43939,0.48157,0.36763,0.48827,0.49531,0.55898,0.67993,0.70163,0.33459,0.81985
1682,1.9814,0.94924,0.50882,1.7455,0.6357,0.78844,0.49698,0.8813,0.68596,0.48485,0.35028,0.56094,0.49352,0.50567,0.36641,0.41693,0.51506,0.5304,0.55325,0.6201,0.63408,0.33011,0.35927,0.28709,0.4584,1.0302,0.70157,0.49691,0.60802,0.78152,0.78938,0.70999,0.433,0.76868,0.62043,0.67364,0.90069,0.87633,0.16728,1.4595,0.57863,0.43802,0.47751,0.36803,0.48926,0.49565,0.54981,0.66285,0.70145,0.33391,0.81835
1683,1.9721,0.93849,0.51164,1.725,0.64155,0.78977,0.49733,0.87981,0.68499,0.48499,0.35064,0.56064,0.49344,0.50548,0.36475,0.41694,0.51577,0.52869,0.54974,0.62081,0.62972,0.33104,0.36062,0.28606,0.45836,1.028,0.70225,0.49058,0.60912,0.7779,0.78975,0.7105,0.43326,0.7673,0.61962,0.67371,0.89691,0.8752,0.16736,1.4577,0.57871,0.4379,0.47559,0.36982,0.48987,0.49629,0.54974,0.65519,0.6978,0.33348,0.81697
1684,1.9679,0.93022,0.53193,1.7176,0.65039,0.79999,0.49713,0.87986,0.68961,0.49174,0.35114,0.55758,0.49735,0.5073,0.36386,0.41744,0.52029,0.53666,0.54787,0.61546,0.6318,0.33042,0.36248,0.28531,0.46032,1.0319,0.70849,0.5013,0.61215,0.77639,0.78813,0.71338,0.43629,0.76098,0.61787,0.67017,0.89452,0.87707,0.1692,1.4639,0.58195,0.43943,0.47671,0.37462,0.49096,0.49903,0.56299,0.66179,0.69073,0.33362,0.81643
1685,1.9654,0.93269,0.54027,1.706,0.64439,0.79562,0.4956,0.87856,0.68848,0.4917,0.35107,0.5562,0.49634,0.50822,0.36285,0.41709,0.52259,0.5419,0.55004,0.61519,0.62988,0.32915,0.36195,0.28401,0.46023,1.0232,0.70999,0.51182,0.61186,0.77439,0.78709,0.71459,0.43627,0.75778,0.61618,0.67068,0.89266,0.87725,0.17017,1.4621,0.58181,0.43883,0.47452,0.37633,0.49176,0.5003,0.56633,0.65999,0.68989,0.33342,0.81589
1686,1.9856,0.95604,0.54947,1.7088,0.63744,0.79619,0.49541,0.87794,0.68699,0.49057,0.34959,0.55778,0.49412,0.50536,0.36228,0.41516,0.52612,0.54811,0.56039,0.61677,0.64148,0.3276,0.36151,0.28412,0.4594,1.0131,0.70666,0.52184,0.61308,0.77626,0.7899,0.71592,0.43488,0.75546,0.61557,0.67651,0.89056,0.87864,0.17143,1.4557,0.58082,0.43555,0.47456,0.37612,0.49216,0.50123,0.56433,0.65397,0.69275,0.33305,0.81555
1687,1.9897,0.9506,0.55187,1.7018,0.62783,0.80189,0.49504,0.87846,0.68628,0.49022,0.34884,0.5573,0.49418,0.50385,0.36146,0.41468,0.52907,0.5506,0.55843,0.61667,0.63971,0.32777,0.36045,0.28524,0.45985,1.0065,0.70215,0.51603,0.60986,0.7749,0.78774,0.71494,0.43394,0.75515,0.61573,0.67713,0.89208,0.87766,0.17279,1.4523,0.58024,0.43482,0.47462,0.37506,0.49182,0.50198,0.55957,0.65616,0.69306,0.3328,0.81505
1688,2.0041,0.93678,0.54131,1.7158,0.60947,0.79837,0.49523,0.87925,0.68201,0.48491,0.34904,0.55898,0.49431,0.50285,0.36075,0.41582,0.53026,0.54922,0.5534,0.62041,0.63102,0.32978,0.35931,0.28589,0.46001,0.99608,0.69196,0.50249,0.60335,0.77189,0.78133,0.70761,0.43203,0.75916,0.61908,0.67725,0.89986,0.882,0.17256,1.4475,0.57895,0.43567,0.47323,0.37311,0.49162,0.50125,0.55486,0.65832,0.69568,0.33263,0.81457
1689,2.0123,0.93813,0.53207,1.7042,0.60924,0.79699,0.49601,0.88042,0.68236,0.4838,0.35022,0.56042,0.49474,0.50245,0.36069,0.41745,0.52969,0.5488,0.552,0.62237,0.63012,0.33055,0.36039,0.28801,0.45888,1.0056,0.68812,0.499,0.60086,0.76977,0.78331,0.70742,0.43191,0.76081,0.62056,0.67783,0.90167,0.88358,0.173,1.4443,0.58045,0.43667,0.47522,0.37342,0.49166,0.50011,0.55197,0.6668,0.69456,0.33266,0.81456
1690,1.9731,0.92492,0.51394,1.6421,0.6157,0.80092,0.49457,0.88093,0.68511,0.4834,0.35136,0.55898,0.49573,0.50252,0.35886,0.41918,0.52585,0.54885,0.53577,0.62162,0.61789,0.32999,0.36194,0.2886,0.46015,1.0265,0.6903,0.48694,0.59588,0.76537,0.78631,0.71026,0.43205,0.7587,0.62037,0.67752,0.90467,0.875,0.17383,1.442,0.58324,0.43986,0.4756,0.37535,0.49086,0.49935,0.55472,0.68805,0.68874,0.33282,0.81465
1691,1.9691,0.93034,0.51174,1.6327,0.62745,0.80187,0.49523,0.88194,0.68999,0.48255,0.3532,0.55943,0.4958,0.50339,0.3607,0.41818,0.52527,0.5481,0.53813,0.62495,0.62005,0.33274,0.3629,0.28742,0.45958,1.0356,0.69405,0.48642,0.5959,0.76317,0.78818,0.7146,0.43278,0.75963,0.62227,0.67628,0.90541,0.87512,0.17491,1.4403,0.5844,0.44198,0.47706,0.37755,0.49228,0.50009,0.56319,0.69703,0.68837,0.3331,0.81564
1692,1.9805,0.95646,0.52084,1.6355,0.6486,0.79709,0.49957,0.88332,0.69905,0.48269,0.35578,0.55986,0.49406,0.5058,0.36397,0.41442,0.52611,0.55069,0.55508,0.62826,0.63179,0.3359,0.36323,0.28781,0.45539,1.0476,0.69766,0.49444,0.60159,0.76241,0.79532,0.72357,0.43514,0.76468,0.62399,0.67421,0.89746,0.87972,0.17772,1.4388,0.58555,0.44311,0.4811,0.37856,0.49461,0.50126,0.56549,0.69616,0.69183,0.33359,0.81732
1693,1.9916,0.9603,0.52637,1.6413,0.6521,0.79868,0.49901,0.88408,0.70115,0.48208,0.35678,0.56029,0.49287,0.50669,0.36649,0.41414,0.52709,0.55017,0.56942,0.63306,0.63354,0.33679,0.36398,0.28866,0.45498,1.0454,0.69723,0.49068,0.59965,0.76156,0.79862,0.72639,0.43555,0.76383,0.62357,0.67297,0.89654,0.8815,0.17943,1.4367,0.58631,0.4441,0.48101,0.37764,0.49604,0.50375,0.56099,0.69587,0.69402,0.33398,0.81854
1694,2.0418,0.96414,0.54553,1.6948,0.65411,0.80961,0.49842,0.88804,0.70409,0.48368,0.35856,0.56413,0.49199,0.50596,0.37224,0.41687,0.53054,0.54377,0.60033,0.64157,0.64097,0.33868,0.36638,0.28884,0.45559,1.0343,0.70159,0.48578,0.59481,0.76118,0.80047,0.72979,0.43529,0.76121,0.6255,0.66933,0.90006,0.89028,0.17966,1.4376,0.58739,0.44481,0.48244,0.37623,0.49743,0.5081,0.55965,0.69933,0.69597,0.33447,0.8205
1695,2.0592,0.96546,0.54684,1.7178,0.65023,0.80911,0.49942,0.88923,0.70253,0.4826,0.35937,0.56594,0.49282,0.50591,0.3721,0.41695,0.529,0.54201,0.60171,0.64071,0.6447,0.33707,0.36702,0.2894,0.45541,1.0339,0.70014,0.48441,0.59306,0.76102,0.80015,0.72995,0.43469,0.76071,0.625,0.66693,0.90041,0.88878,0.17994,1.4359,0.58981,0.44465,0.48217,0.37523,0.49801,0.51018,0.55582,0.69586,0.69597,0.33478,0.82173
1696,2.0685,0.96163,0.53247,1.7156,0.6341,0.80351,0.49496,0.88732,0.69245,0.4828,0.3595,0.56498,0.49563,0.50578,0.36855,0.41741,0.52437,0.54179,0.59191,0.63612,0.64571,0.33287,0.36762,0.28985,0.45641,1.029,0.69329,0.48882,0.58898,0.76298,0.79879,0.72524,0.43336,0.75797,0.62119,0.66896,0.90414,0.87836,0.17883,1.4317,0.59427,0.44413,0.47705,0.37672,0.4983,0.51239,0.5482,0.69526,0.69487,0.33488,0.82259
1697,2.0632,0.95437,0.53465,1.7309,0.63593,0.80268,0.49576,0.88892,0.69214,0.48265,0.35945,0.56465,0.49616,0.50674,0.36766,0.41655,0.52705,0.54589,0.5848,0.63491,0.65353,0.33098,0.36614,0.28982,0.45819,1.0332,0.69538,0.48535,0.5872,0.76309,0.79851,0.72367,0.43346,0.7557,0.62162,0.66841,0.90466,0.87731,0.17926,1.4294,0.59675,0.44443,0.47666,0.37883,0.49905,0.5131,0.55143,0.69623,0.6971,0.33535,0.82344
1698,2.0232,0.93927,0.53401,1.7586,0.64207,0.79598,0.50051,0.89266,0.692,0.47604,0.35695,0.5628,0.49676,0.50936,0.36396,0.4126,0.53115,0.55248,0.55343,0.62994,0.65294,0.32914,0.36076,0.28983,0.45988,1.0423,0.69364,0.4741,0.58857,0.7615,0.79249,0.71889,0.43404,0.75603,0.62178,0.6642,0.8978,0.87079,0.18066,1.4244,0.59626,0.44319,0.47717,0.37962,0.50054,0.51182,0.5509,0.68405,0.70105,0.33602,0.82349
1699,2.0099,0.93656,0.54852,1.7637,0.64766,0.79995,0.5012,0.89258,0.69518,0.47717,0.35773,0.5645,0.49789,0.5121,0.3661,0.41217,0.53493,0.55517,0.55354,0.63459,0.64979,0.32966,0.36054,0.28968,0.46144,1.0518,0.6939,0.47805,0.58901,0.76091,0.79516,0.72049,0.43608,0.75759,0.62274,0.66226,0.89939,0.87219,0.18125,1.4255,0.59906,0.44384,0.47922,0.38121,0.5018,0.51331,0.55181,0.68154,0.70188,0.3365,0.82414
1700,1.9901,0.93047,0.58503,1.7592,0.66364,0.81342,0.50365,0.89152,0.70833,0.47993,0.36033,0.56957,0.49723,0.51537,0.37395,0.41284,0.54452,0.55589,0.57327,0.64535,0.65453,0.33192,0.36128,0.29058,0.46459,1.0682,0.70025,0.48327,0.58835,0.75961,0.80379,0.72709,0.43801,0.75514,0.62533,0.65878,0.90396,0.88615,0.18255,1.4288,0.60267,0.447,0.48603,0.38138,0.50182,0.51377,0.56388,0.67563,0.70171,0.33706,0.82522
1701,1.9742,0.92975,0.5904,1.7362,0.66516,0.81318,0.50504,0.89344,0.71305,0.47899,0.36179,0.57072,0.49685,0.51566,0.37417,0.41448,0.54264,0.55569,0.57434,0.64659,0.64384,0.33405,0.361,0.29178,0.46621,1.0788,0.69978,0.48961,0.58659,0.75862,0.80764,0.73073,0.43951,0.75447,0.62721,0.66022,0.90659,0.88973,0.18381,1.4291,0.60381,0.44969,0.48819,0.38152,0.50283,0.51388,0.56148,0.67863,0.70135,0.3375,0.82612
1702,1.9727,0.94357,0.59174,1.6994,0.66521,0.81341,0.50442,0.89108,0.7164,0.48629,0.36683,0.5713,0.49913,0.51471,0.37548,0.41864,0.53228,0.55762,0.58276,0.64907,0.62709,0.33767,0.36369,0.29255,0.4667,1.099,0.70172,0.50014,0.5869,0.75911,0.81532,0.73847,0.44293,0.76047,0.63144,0.66577,0.91827,0.89574,0.18543,1.436,0.60635,0.45334,0.48983,0.38507,0.50535,0.51607,0.5563,0.69445,0.69901,0.33772,0.82737
1703,1.9757,0.93857,0.57245,1.6693,0.65894,0.80872,0.50389,0.89015,0.71554,0.48535,0.36758,0.56826,0.49931,0.51252,0.374,0.41935,0.52851,0.55723,0.58083,0.64406,0.62443,0.33725,0.36324,0.29533,0.46547,1.0933,0.69795,0.50061,0.58453,0.75757,0.81725,0.74027,0.44401,0.75798,0.6304,0.66964,0.92004,0.89838,0.18675,1.4349,0.60571,0.45548,0.48911,0.38509,0.50599,0.51693,0.55848,0.69812,0.69967,0.33802,0.82837
1704,1.9907,0.92788,0.52447,1.6296,0.63639,0.7962,0.50218,0.89391,0.70762,0.47572,0.36394,0.56338,0.49632,0.50894,0.36584,0.42042,0.52407,0.55759,0.56596,0.63373,0.62042,0.33417,0.3609,0.29478,0.46372,1.0714,0.68887,0.50443,0.57781,0.755,0.81507,0.73892,0.44462,0.75027,0.62689,0.67735,0.91423,0.89021,0.18769,1.4308,0.60241,0.4565,0.48426,0.38295,0.50607,0.51644,0.55519,0.71205,0.70419,0.33854,0.82882
1705,2.0018,0.93037,0.51452,1.6183,0.63534,0.79095,0.50262,0.89555,0.70482,0.47648,0.36381,0.56226,0.49764,0.50723,0.3651,0.4223,0.52458,0.55619,0.56208,0.63388,0.62913,0.33546,0.36084,0.29048,0.46239,1.0632,0.68846,0.51459,0.5766,0.75291,0.81365,0.73752,0.44538,0.74843,0.62647,0.67816,0.91364,0.89106,0.1877,1.4263,0.60273,0.45709,0.48284,0.38235,0.50571,0.51864,0.55519,0.71795,0.70393,0.33892,0.8296
1706,2.0038,0.927,0.51147,1.5975,0.64136,0.78434,0.504,0.89328,0.70084,0.47691,0.3622,0.55975,0.49886,0.50469,0.3651,0.41959,0.52881,0.54969,0.55959,0.63196,0.65569,0.3371,0.36198,0.29094,0.45818,1.0419,0.68489,0.53304,0.57682,0.74907,0.80813,0.73073,0.44431,0.74184,0.62225,0.67202,0.90874,0.89512,0.18682,1.4147,0.60388,0.45617,0.47953,0.37862,0.50319,0.52188,0.55954,0.71075,0.70119,0.33894,0.83069
1707,2.0113,0.92875,0.51487,1.6101,0.64242,0.78962,0.5052,0.8977,0.70164,0.47717,0.36291,0.56215,0.50083,0.50396,0.36578,0.41922,0.53112,0.55004,0.55717,0.63605,0.66651,0.34039,0.3631,0.29163,0.45893,1.0425,0.69024,0.54297,0.57744,0.74801,0.8075,0.73308,0.44441,0.74325,0.62356,0.67668,0.90859,0.89517,0.1876,1.4086,0.60352,0.45546,0.48018,0.37822,0.5029,0.52413,0.56302,0.71007,0.70122,0.33916,0.83088
1708,2.0203,0.94025,0.5407,1.6625,0.65328,0.80133,0.50896,0.91103,0.70599,0.48507,0.36584,0.568,0.50559,0.50329,0.37067,0.42056,0.5321,0.55459,0.55238,0.64578,0.663,0.34631,0.36442,0.2935,0.46186,1.0569,0.70414,0.53496,0.58216,0.74909,0.80964,0.73902,0.44514,0.75229,0.62971,0.6847,0.91068,0.89873,0.18921,1.399,0.60158,0.45507,0.48445,0.38091,0.50447,0.52703,0.56099,0.70335,0.69992,0.33936,0.83063
1709,2.0288,0.94063,0.55313,1.674,0.65821,0.80402,0.50978,0.91252,0.70629,0.48745,0.36642,0.56796,0.50724,0.50468,0.3706,0.41954,0.53171,0.55636,0.54711,0.64433,0.65563,0.34485,0.36588,0.2998,0.46162,1.0582,0.70603,0.53533,0.5811,0.74798,0.81034,0.73991,0.44533,0.75656,0.62994,0.68782,0.91171,0.9003,0.19114,1.3955,0.60156,0.45478,0.486,0.38272,0.50421,0.52801,0.55953,0.6922,0.69919,0.33935,0.83104
1710,2.0632,0.94372,0.56135,1.698,0.65468,0.81365,0.50776,0.91257,0.70945,0.48577,0.36844,0.56729,0.51049,0.50904,0.36977,0.41969,0.53689,0.55874,0.54257,0.64471,0.64698,0.34231,0.36651,0.3019,0.46431,1.0622,0.70808,0.54215,0.57789,0.74789,0.8131,0.74426,0.44669,0.76783,0.63162,0.69807,0.91532,0.89826,0.19343,1.4031,0.60347,0.45581,0.49173,0.38764,0.50413,0.52797,0.57206,0.68611,0.69908,0.33962,0.8313
1711,2.0799,0.93549,0.56193,1.6858,0.6484,0.80765,0.50679,0.90939,0.7095,0.48547,0.36843,0.56564,0.50974,0.51102,0.36899,0.41642,0.53737,0.55683,0.54081,0.64257,0.63811,0.34093,0.36554,0.30241,0.46579,1.0559,0.70472,0.53763,0.57465,0.74479,0.81212,0.74216,0.44635,0.77151,0.63068,0.69853,0.91646,0.89548,0.194,1.3957,0.60374,0.45596,0.49074,0.38765,0.50356,0.5284,0.57336,0.67962,0.69769,0.33967,0.83129
1712,2.0795,0.91476,0.55864,1.6281,0.64253,0.78529,0.50409,0.89502,0.70619,0.4848,0.36799,0.56107,0.50601,0.51602,0.36489,0.41345,0.53484,0.55077,0.54559,0.63449,0.63431,0.33796,0.36381,0.30258,0.46484,1.0448,0.69625,0.53901,0.56742,0.7391,0.80651,0.73376,0.44316,0.76756,0.62596,0.69099,0.92021,0.89332,0.19395,1.3831,0.60473,0.45502,0.48359,0.38509,0.50266,0.52939,0.56479,0.67634,0.69682,0.33949,0.83166
1713,2.067,0.9091,0.55496,1.6324,0.64657,0.78211,0.50294,0.8909,0.70705,0.48477,0.36932,0.55994,0.50396,0.51577,0.36554,0.41381,0.53622,0.54873,0.54932,0.63529,0.63832,0.33859,0.36224,0.30106,0.46533,1.0501,0.69415,0.5425,0.56537,0.73506,0.80662,0.73109,0.44259,0.7665,0.62522,0.68833,0.92058,0.89206,0.1944,1.3824,0.60486,0.45343,0.48132,0.38382,0.50174,0.53027,0.56796,0.67704,0.69757,0.33963,0.83163
1714,2.0411,0.89631,0.54311,1.6602,0.64699,0.78234,0.5036,0.89026,0.70717,0.48482,0.36907,0.5616,0.49894,0.50867,0.36891,0.41118,0.53299,0.54386,0.55548,0.63664,0.63261,0.33796,0.36105,0.30111,0.46612,1.0549,0.69273,0.52987,0.56514,0.72951,0.80898,0.72983,0.44279,0.7618,0.62374,0.68305,0.91671,0.88619,0.19424,1.3777,0.60104,0.44926,0.47682,0.37883,0.50004,0.52955,0.56698,0.66455,0.69869,0.33954,0.8307
1715,2.0372,0.90802,0.54284,1.6706,0.64836,0.78365,0.5046,0.8879,0.70941,0.48162,0.3701,0.56484,0.498,0.50919,0.37207,0.41226,0.53266,0.54575,0.56105,0.63807,0.63615,0.33548,0.36327,0.30035,0.46667,1.058,0.69705,0.52734,0.56627,0.72771,0.81145,0.7313,0.4434,0.75919,0.62377,0.68189,0.9169,0.88821,0.19581,1.3775,0.60261,0.44994,0.47779,0.37976,0.4993,0.53041,0.56268,0.66645,0.70137,0.33977,0.83106
1716,2.0324,0.94567,0.54066,1.6977,0.66358,0.7935,0.50592,0.8865,0.71318,0.47669,0.37146,0.56766,0.49862,0.50907,0.37825,0.41487,0.53352,0.55278,0.55432,0.64311,0.64679,0.33286,0.36699,0.30232,0.46645,1.0724,0.70081,0.53801,0.57066,0.72784,0.81705,0.73382,0.44634,0.76002,0.62606,0.67995,0.91517,0.89626,0.19867,1.3888,0.60815,0.45247,0.4847,0.3828,0.49723,0.53223,0.56518,0.67936,0.70528,0.3403,0.83198
1717,2.0133,0.95393,0.54461,1.7063,0.66415,0.79547,0.50715,0.88678,0.71381,0.47274,0.37084,0.56955,0.49912,0.50899,0.38218,0.41518,0.53018,0.55243,0.55295,0.65056,0.64648,0.33451,0.36963,0.30691,0.46652,1.0725,0.7014,0.53847,0.5723,0.72638,0.81788,0.73633,0.44681,0.75871,0.62731,0.67936,0.91503,0.8991,0.19941,1.3896,0.61113,0.45475,0.48412,0.38375,0.49815,0.53205,0.56495,0.68275,0.7056,0.34056,0.83246
1718,2.0003,0.96436,0.5613,1.6956,0.6508,0.7955,0.50875,0.88963,0.71569,0.46646,0.3699,0.57545,0.50202,0.51658,0.38418,0.41885,0.5284,0.55622,0.56366,0.66082,0.65924,0.33931,0.37186,0.30831,0.46713,1.0637,0.7045,0.53418,0.57529,0.72656,0.81587,0.74209,0.44457,0.75711,0.62842,0.68502,0.91944,0.90363,0.19947,1.3837,0.61513,0.46113,0.4825,0.38682,0.50232,0.5316,0.5597,0.69409,0.70663,0.34099,0.83332
1719,1.9611,0.96224,0.55827,1.6759,0.6476,0.79826,0.50821,0.89225,0.71505,0.46385,0.36853,0.57251,0.50267,0.51776,0.38376,0.41863,0.52769,0.55516,0.5534,0.66285,0.6546,0.34052,0.37231,0.31052,0.46471,1.056,0.70033,0.52637,0.57233,0.72549,0.81603,0.74131,0.44323,0.75697,0.62843,0.68278,0.91726,0.90404,0.19942,1.3827,0.61587,0.46225,0.48109,0.38469,0.50243,0.53126,0.5567,0.69175,0.70594,0.34109,0.83362
1720,1.8983,0.94114,0.5592,1.6658,0.64797,0.80224,0.50859,0.89539,0.71324,0.46386,0.36772,0.56307,0.50405,0.51561,0.38164,0.41547,0.5285,0.55034,0.54118,0.66302,0.63612,0.34328,0.37288,0.31011,0.46192,1.0416,0.69548,0.51684,0.56502,0.72297,0.81695,0.73635,0.44247,0.75563,0.62897,0.67819,0.91132,0.90112,0.19827,1.3856,0.61421,0.46129,0.47552,0.38379,0.50313,0.53081,0.55389,0.68427,0.70118,0.34109,0.83383
1721,1.8869,0.93868,0.55842,1.6543,0.64199,0.79813,0.50944,0.89952,0.71238,0.46606,0.36829,0.56189,0.50409,0.5152,0.37862,0.41466,0.53183,0.55228,0.54061,0.65931,0.63918,0.34504,0.37281,0.30687,0.46162,1.0484,0.69278,0.50934,0.56202,0.72231,0.81749,0.7381,0.44177,0.75345,0.62991,0.67373,0.913,0.9007,0.19795,1.3808,0.61308,0.4616,0.47635,0.38587,0.50379,0.53162,0.55005,0.67854,0.70006,0.34099,0.8341
1722,1.8804,0.93892,0.5419,1.6058,0.63461,0.78965,0.50839,0.90406,0.71022,0.47176,0.36916,0.55998,0.50178,0.51153,0.37396,0.41166,0.53515,0.55077,0.52738,0.64729,0.63533,0.3426,0.37216,0.3048,0.4601,1.062,0.68655,0.49013,0.55756,0.72275,0.81751,0.7397,0.44199,0.75035,0.63005,0.66436,0.91565,0.89817,0.19954,1.3714,0.61161,0.46008,0.48181,0.38479,0.50238,0.53331,0.54792,0.6673,0.70031,0.34066,0.83399
1723,1.9569,0.93522,0.54844,1.5938,0.64886,0.7896,0.51086,0.90481,0.713,0.47552,0.37248,0.5651,0.50349,0.51126,0.37527,0.4144,0.5397,0.56104,0.54243,0.6544,0.63795,0.34309,0.37054,0.30156,0.46382,1.0792,0.69233,0.51205,0.55976,0.72429,0.81971,0.74157,0.44231,0.74798,0.63264,0.66187,0.9202,0.90344,0.20097,1.3696,0.6131,0.46114,0.48601,0.38572,0.50254,0.53463,0.55542,0.67513,0.70114,0.34073,0.83489
1724,1.9825,0.93339,0.54021,1.602,0.63742,0.78135,0.51054,0.90197,0.71307,0.47473,0.37389,0.56773,0.50283,0.50979,0.37317,0.41477,0.54135,0.56312,0.55182,0.65514,0.63927,0.34114,0.3671,0.30083,0.46533,1.0859,0.69174,0.50631,0.55883,0.72218,0.82,0.74408,0.44209,0.74594,0.63373,0.66166,0.92301,0.90209,0.20104,1.3654,0.61342,0.45974,0.48476,0.38469,0.50201,0.53477,0.55576,0.66785,0.70066,0.34058,0.83515
1725,1.9662,0.91953,0.53715,1.5946,0.63411,0.78048,0.50977,0.89573,0.71137,0.47011,0.37214,0.56714,0.50231,0.51025,0.37351,0.41357,0.53961,0.564,0.54702,0.65431,0.63776,0.33816,0.36566,0.30125,0.46563,1.0922,0.69213,0.5086,0.56076,0.72073,0.81757,0.74162,0.44427,0.74601,0.62945,0.66672,0.92137,0.90637,0.20171,1.3748,0.61519,0.46161,0.47937,0.3843,0.50342,0.53404,0.568,0.68321,0.7005,0.34046,0.83476
1726,1.9848,0.91891,0.54619,1.6294,0.6426,0.78601,0.50842,0.88865,0.71398,0.46661,0.37234,0.5685,0.50392,0.5106,0.37471,0.41404,0.54192,0.57056,0.5505,0.65515,0.64765,0.33604,0.36622,0.30264,0.46766,1.1028,0.69989,0.53136,0.5596,0.71958,0.8174,0.73816,0.446,0.74601,0.62943,0.67104,0.91266,0.91256,0.20159,1.3806,0.61832,0.46413,0.4805,0.38601,0.50386,0.53615,0.58826,0.70191,0.70248,0.34082,0.83513
1727,1.9156,0.91894,0.52698,1.6637,0.632,0.7812,0.50435,0.88735,0.71439,0.46648,0.37065,0.56742,0.50121,0.50538,0.37075,0.41118,0.54014,0.56539,0.5469,0.64404,0.65339,0.33313,0.36526,0.30654,0.46607,1.1052,0.69602,0.51576,0.55601,0.71523,0.81524,0.73303,0.44584,0.74106,0.62894,0.6721,0.90882,0.90498,0.20132,1.3681,0.61516,0.46254,0.475,0.38666,0.50125,0.53666,0.59128,0.7015,0.69901,0.3412,0.83482
1728,1.855,0.91363,0.5386,1.6935,0.63866,0.77882,0.50489,0.89326,0.7164,0.46941,0.36938,0.56807,0.50203,0.50576,0.36964,0.41313,0.53964,0.56628,0.54747,0.63775,0.65667,0.33596,0.36498,0.30633,0.46623,1.1221,0.69275,0.52923,0.55611,0.71383,0.81276,0.73392,0.4475,0.74014,0.62607,0.67475,0.91111,0.90561,0.20389,1.3638,0.61388,0.46518,0.47305,0.38747,0.50153,0.53579,0.59789,0.71143,0.69899,0.34158,0.83468
1729,1.8728,0.90246,0.54775,1.719,0.64853,0.77926,0.50413,0.89806,0.72201,0.46603,0.37091,0.56863,0.50588,0.50632,0.36901,0.41456,0.53892,0.56831,0.5501,0.64098,0.65119,0.33609,0.36446,0.30569,0.46564,1.1143,0.69359,0.54276,0.55287,0.7122,0.81299,0.73453,0.44561,0.74056,0.62858,0.6752,0.91167,0.90909,0.20452,1.356,0.61213,0.46464,0.4771,0.38628,0.49866,0.5367,0.5896,0.69854,0.69886,0.34189,0.8356
1730,1.8923,0.89603,0.54285,1.6846,0.64731,0.77785,0.50036,0.9039,0.72473,0.46198,0.37066,0.56604,0.50548,0.50538,0.36802,0.413,0.53722,0.56409,0.54918,0.64623,0.63861,0.33341,0.36415,0.30922,0.46285,1.0981,0.69586,0.52219,0.55266,0.71011,0.81472,0.73237,0.44332,0.73987,0.62942,0.67245,0.91516,0.90182,0.20445,1.3478,0.61141,0.45933,0.47596,0.38451,0.49488,0.53686,0.56305,0.68883,0.69682,0.34204,0.83623
1731,1.9627,0.88756,0.56502,1.6822,0.65016,0.7819,0.50385,0.90818,0.7236,0.4619,0.36892,0.57156,0.50641,0.50852,0.37418,0.41579,0.53698,0.55707,0.54406,0.66004,0.63461,0.33798,0.36601,0.31005,0.46183,1.1011,0.69529,0.51794,0.55231,0.70884,0.8126,0.74002,0.44511,0.7445,0.63689,0.67058,0.91694,0.90012,0.20544,1.3461,0.61662,0.46087,0.48605,0.38516,0.49787,0.53565,0.56299,0.71964,0.69851,0.34194,0.83686
1732,1.9917,0.88623,0.57213,1.6711,0.64069,0.78827,0.50351,0.91234,0.72215,0.46035,0.36971,0.57252,0.50499,0.50856,0.37506,0.41597,0.53616,0.55531,0.54371,0.66887,0.63591,0.33718,0.36693,0.30832,0.46096,1.1,0.69894,0.5168,0.55322,0.70747,0.81175,0.74234,0.44423,0.74569,0.63948,0.67135,0.91517,0.90091,0.2058,1.3466,0.61919,0.45961,0.49055,0.38428,0.49806,0.53552,0.56231,0.7259,0.70001,0.34207,0.83749
1733,1.9703,0.90722,0.5771,1.6633,0.64051,0.79947,0.5007,0.91553,0.71916,0.46534,0.37166,0.57464,0.49891,0.50976,0.37633,0.41375,0.53735,0.56009,0.55177,0.67481,0.66034,0.33885,0.36819,0.30791,0.46278,1.114,0.69881,0.51503,0.55242,0.7073,0.81317,0.74752,0.44571,0.74658,0.63699,0.675,0.91154,0.90046,0.20683,1.3497,0.62196,0.46094,0.49239,0.38542,0.4992,0.53565,0.57495,0.73119,0.70335,0.34266,0.83778
1734,1.9808,0.91509,0.57722,1.6606,0.64099,0.80134,0.50156,0.9151,0.717,0.46774,0.3725,0.5754,0.49698,0.50872,0.37725,0.41231,0.5376,0.55786,0.55648,0.67429,0.66629,0.33857,0.36772,0.30393,0.46378,1.1133,0.69455,0.50434,0.54781,0.70708,0.81412,0.74692,0.44683,0.74684,0.63631,0.67699,0.90983,0.89834,0.20724,1.3495,0.62294,0.46216,0.49243,0.38442,0.49984,0.53669,0.57411,0.72619,0.70337,0.34297,0.83814
1735,2.0161,0.91508,0.55935,1.6424,0.63807,0.80636,0.49937,0.91383,0.71767,0.46627,0.37444,0.57052,0.49499,0.50386,0.37443,0.41175,0.539,0.5533,0.56315,0.66414,0.663,0.33565,0.36877,0.30191,0.46276,1.0994,0.69305,0.48823,0.54005,0.70685,0.81504,0.73709,0.44402,0.74677,0.63128,0.68266,0.9085,0.90198,0.2066,1.3524,0.62247,0.46109,0.48585,0.38325,0.49831,0.54076,0.55395,0.68972,0.70423,0.34316,0.83925
1736,2.0213,0.91885,0.54977,1.6253,0.63721,0.80743,0.49809,0.91296,0.71786,0.46781,0.37452,0.57016,0.49351,0.50145,0.37232,0.41118,0.5401,0.55348,0.56221,0.65834,0.66332,0.33605,0.36874,0.30376,0.46295,1.0897,0.69127,0.48168,0.53616,0.70782,0.81696,0.73361,0.44408,0.74917,0.62815,0.68598,0.90971,0.90478,0.2065,1.3548,0.62127,0.46126,0.48288,0.384,0.49705,0.54203,0.55257,0.67211,0.70413,0.3431,0.8396
1737,1.9907,0.91732,0.54634,1.594,0.62541,0.79537,0.50004,0.91057,0.71412,0.47183,0.37268,0.57084,0.49744,0.49733,0.36932,0.41278,0.53777,0.54934,0.55024,0.64914,0.64702,0.33601,0.36675,0.30412,0.46209,1.058,0.69088,0.47749,0.53498,0.70794,0.81916,0.73074,0.4455,0.75437,0.63123,0.6848,0.91356,0.90206,0.20617,1.3466,0.61978,0.46238,0.47969,0.38183,0.4952,0.53984,0.5569,0.66089,0.69868,0.34275,0.83919
1738,1.9795,0.9167,0.54246,1.5906,0.6206,0.79424,0.50046,0.9094,0.71427,0.47199,0.37326,0.57052,0.49959,0.49516,0.36877,0.41497,0.53826,0.55184,0.54306,0.64686,0.6416,0.33598,0.36659,0.30275,0.46102,1.0592,0.69709,0.48288,0.53503,0.70701,0.81795,0.72998,0.44502,0.7536,0.63233,0.68624,0.91507,0.90173,0.20662,1.3439,0.62047,0.46256,0.47789,0.38041,0.49481,0.54007,0.55694,0.65922,0.69817,0.34262,0.83952
1739,1.9525,0.91874,0.54059,1.5949,0.62364,0.7963,0.50298,0.90867,0.71753,0.46846,0.37438,0.57223,0.50151,0.49533,0.36717,0.4149,0.54107,0.56147,0.52421,0.65173,0.64252,0.33869,0.36474,0.30251,0.46142,1.0967,0.70124,0.50935,0.53945,0.70815,0.81459,0.73105,0.4451,0.74527,0.63145,0.68867,0.91345,0.90609,0.20716,1.3511,0.6204,0.46147,0.4775,0.38012,0.49629,0.54071,0.57104,0.66832,0.69981,0.34246,0.83964
1740,1.935,0.91904,0.55289,1.604,0.62885,0.79473,0.50433,0.91071,0.71868,0.46593,0.37511,0.57291,0.50215,0.4964,0.36684,0.41333,0.5393,0.56483,0.52363,0.65168,0.64252,0.34083,0.36296,0.30205,0.46137,1.1051,0.70105,0.51488,0.54238,0.70872,0.81415,0.73337,0.44578,0.74248,0.63297,0.69196,0.91287,0.90532,0.20759,1.3511,0.62079,0.46323,0.47815,0.38029,0.49818,0.5413,0.5811,0.67626,0.69964,0.34249,0.83971
1741,1.9796,0.91488,0.57561,1.6741,0.65354,0.79715,0.50297,0.91665,0.72374,0.46306,0.37612,0.57346,0.50176,0.49977,0.37174,0.41152,0.53875,0.56872,0.53989,0.65518,0.65301,0.34375,0.36466,0.303,0.46239,1.1165,0.70129,0.50977,0.54135,0.70847,0.81153,0.74006,0.44602,0.73877,0.6344,0.69963,0.91412,0.90061,0.20932,1.3527,0.62287,0.46724,0.48178,0.38344,0.50275,0.54523,0.57801,0.69404,0.70217,0.34273,0.84005
1742,2.0052,0.90782,0.57611,1.6926,0.65879,0.79622,0.50314,0.91758,0.72536,0.46173,0.37569,0.57286,0.49992,0.50078,0.37336,0.41131,0.5376,0.5659,0.54468,0.65663,0.65678,0.34309,0.36429,0.30691,0.46258,1.1188,0.69516,0.51172,0.53991,0.70871,0.811,0.74155,0.44654,0.7352,0.63458,0.70196,0.91402,0.89746,0.20976,1.3518,0.62278,0.46678,0.48186,0.38638,0.50343,0.54628,0.58452,0.70322,0.70215,0.34277,0.84011
1743,1.986,0.89961,0.57698,1.6667,0.64698,0.79431,0.50311,0.91677,0.7217,0.46115,0.37615,0.57099,0.49731,0.50167,0.37156,0.41236,0.53303,0.5574,0.55408,0.6525,0.66134,0.33778,0.36165,0.30813,0.46107,1.0892,0.68704,0.50029,0.53446,0.70848,0.81549,0.74398,0.44828,0.73937,0.63579,0.70229,0.91476,0.89139,0.21021,1.3408,0.6219,0.4661,0.4832,0.38963,0.50003,0.54418,0.60313,0.69947,0.69881,0.3429,0.84055
1744,1.9772,0.89863,0.58054,1.6776,0.64356,0.79309,0.50141,0.91643,0.72168,0.46098,0.37659,0.57039,0.4963,0.50312,0.37327,0.41225,0.53283,0.55512,0.55949,0.65102,0.66492,0.33667,0.36209,0.30887,0.46096,1.0805,0.69033,0.49669,0.532,0.70848,0.81602,0.74285,0.44854,0.74181,0.63647,0.7014,0.91501,0.8891,0.21153,1.3351,0.62279,0.46577,0.48255,0.39128,0.49902,0.54436,0.60581,0.69644,0.69835,0.34311,0.8408
1745,1.9726,0.9075,0.56206,1.6603,0.62753,0.78971,0.50173,0.91426,0.72077,0.46061,0.37578,0.56915,0.49162,0.50311,0.37686,0.41,0.53286,0.5532,0.55668,0.65098,0.65203,0.33483,0.3622,0.30921,0.45987,1.0828,0.69658,0.50702,0.53205,0.70944,0.81539,0.73189,0.44747,0.73881,0.635,0.69343,0.91256,0.89059,0.21158,1.3317,0.6222,0.4611,0.47664,0.39103,0.49714,0.54367,0.60777,0.70122,0.6985,0.34317,0.84072
1746,1.9618,0.91526,0.5581,1.6717,0.61951,0.79437,0.50189,0.91163,0.72272,0.45868,0.37595,0.56939,0.49219,0.50376,0.37654,0.4092,0.5347,0.5548,0.55948,0.65049,0.64757,0.33484,0.36221,0.307,0.45819,1.0867,0.70401,0.51725,0.53263,0.70864,0.81485,0.72543,0.44788,0.74114,0.63485,0.69161,0.91087,0.89255,0.21166,1.3293,0.62135,0.45935,0.47414,0.39014,0.49627,0.54389,0.60915,0.70206,0.70064,0.34337,0.84099
1747,1.9552,0.92369,0.57135,1.7507,0.61864,0.80044,0.49959,0.90653,0.72694,0.45783,0.37379,0.5722,0.4961,0.50649,0.37787,0.41031,0.53749,0.55864,0.57625,0.64906,0.64455,0.34229,0.36395,0.306,0.45873,1.0972,0.71916,0.52446,0.53565,0.70428,0.81297,0.7219,0.44899,0.74834,0.63558,0.69491,0.90954,0.89562,0.21253,1.3334,0.62289,0.46083,0.47175,0.3886,0.4982,0.5472,0.59119,0.6991,0.70555,0.34379,0.8406
1748,1.9646,0.92584,0.56047,1.7709,0.62314,0.80316,0.49822,0.90606,0.72653,0.45904,0.37278,0.5728,0.49681,0.50753,0.37801,0.40987,0.53783,0.56043,0.58544,0.64934,0.64068,0.34228,0.36321,0.30658,0.45864,1.1057,0.7219,0.5294,0.53801,0.70184,0.81293,0.71959,0.44935,0.74753,0.63636,0.69329,0.91049,0.89665,0.21253,1.3304,0.62227,0.46197,0.47002,0.3862,0.49886,0.5466,0.58844,0.69543,0.70658,0.34397,0.84047
1749,1.9808,0.92257,0.54126,1.7721,0.63828,0.81278,0.49715,0.90722,0.72948,0.45907,0.37384,0.57183,0.50175,0.50726,0.37571,0.4099,0.54237,0.56248,0.58601,0.65305,0.64388,0.33954,0.36128,0.30551,0.45801,1.1245,0.71646,0.53821,0.54142,0.69945,0.81339,0.72213,0.4503,0.74661,0.63926,0.69223,0.91356,0.89825,0.21246,1.3203,0.62042,0.46371,0.47149,0.3822,0.4977,0.5441,0.59626,0.68055,0.70641,0.3441,0.84151
1750,1.9677,0.9153,0.54173,1.7723,0.64379,0.81191,0.49631,0.90661,0.72954,0.46073,0.37262,0.57194,0.50251,0.5072,0.37457,0.4104,0.54537,0.56029,0.58777,0.65366,0.64198,0.33881,0.36007,0.30222,0.45819,1.1197,0.71466,0.53655,0.54227,0.6987,0.81286,0.72433,0.44973,0.74639,0.6383,0.69131,0.91433,0.89858,0.21295,1.3157,0.62017,0.46365,0.47233,0.37987,0.49736,0.54493,0.59177,0.6747,0.70625,0.34396,0.84144
1751,1.9584,0.90623,0.54104,1.7414,0.65262,0.80262,0.49543,0.90792,0.72489,0.46652,0.37274,0.57292,0.49898,0.50665,0.3744,0.41033,0.54295,0.55886,0.58161,0.65491,0.64453,0.33384,0.36038,0.30176,0.45885,1.096,0.71024,0.53002,0.54232,0.70245,0.81218,0.72332,0.44659,0.74327,0.63607,0.6849,0.91637,0.89638,0.21238,1.3108,0.61904,0.46314,0.47169,0.37901,0.49835,0.54463,0.59448,0.68364,0.7055,0.34363,0.84094
1752,1.9458,0.89951,0.54459,1.7243,0.66035,0.80018,0.49448,0.90775,0.72638,0.46775,0.37224,0.57302,0.4979,0.50613,0.37674,0.40844,0.54137,0.561,0.56959,0.6562,0.64827,0.3314,0.36175,0.30239,0.45811,1.0967,0.70803,0.53205,0.54277,0.70316,0.81085,0.72427,0.44562,0.74298,0.63528,0.68304,0.91578,0.8965,0.21164,1.3061,0.61937,0.46335,0.47296,0.37857,0.49875,0.54602,0.59026,0.69409,0.70458,0.34362,0.8411
1753,1.8926,0.87727,0.55672,1.7051,0.65731,0.79719,0.49405,0.90554,0.72713,0.46692,0.36998,0.57097,0.49702,0.50493,0.37442,0.40635,0.54002,0.5603,0.54913,0.65128,0.65239,0.32915,0.36317,0.30255,0.45513,1.1016,0.70562,0.53198,0.53996,0.70145,0.80813,0.7257,0.44538,0.74092,0.63139,0.68435,0.91079,0.89825,0.21088,1.3025,0.62022,0.46293,0.47604,0.37887,0.49909,0.54962,0.56868,0.70042,0.70357,0.34358,0.84081
1754,1.8905,0.87292,0.56009,1.6952,0.65411,0.79712,0.49541,0.90741,0.72656,0.4665,0.36987,0.57049,0.49681,0.5048,0.37277,0.40699,0.53809,0.56002,0.54636,0.65062,0.64856,0.32957,0.3653,0.30488,0.4537,1.1083,0.7015,0.52767,0.54061,0.70187,0.80776,0.72498,0.4454,0.73991,0.63198,0.68338,0.91113,0.89843,0.20943,1.3041,0.62055,0.4648,0.47802,0.38074,0.50109,0.54909,0.56863,0.69957,0.7032,0.34378,0.84095
1755,1.9104,0.88673,0.55511,1.6855,0.64838,0.80022,0.49801,0.91429,0.72959,0.4624,0.36993,0.57009,0.49644,0.50489,0.37448,0.40478,0.53983,0.56187,0.55468,0.65304,0.63352,0.33252,0.36516,0.30549,0.45212,1.1271,0.69947,0.5233,0.54578,0.70195,0.8088,0.72563,0.44669,0.73911,0.63676,0.68367,0.91151,0.89873,0.20867,1.31,0.62289,0.46787,0.48039,0.3815,0.50309,0.54778,0.5771,0.69426,0.70088,0.34424,0.84163
1756,1.9294,0.88839,0.55622,1.6633,0.64062,0.79516,0.49972,0.91798,0.73015,0.46202,0.37047,0.57038,0.49738,0.50487,0.37417,0.40431,0.54091,0.55948,0.55693,0.65194,0.63209,0.33509,0.36441,0.30409,0.45226,1.1309,0.70035,0.52291,0.54701,0.70306,0.80922,0.72817,0.44735,0.73843,0.63648,0.68483,0.91226,0.89921,0.20924,1.3107,0.62242,0.4686,0.48114,0.38024,0.50318,0.54729,0.58048,0.68585,0.70055,0.34435,0.84218
1757,1.9992,0.90234,0.57013,1.657,0.63524,0.78532,0.50118,0.92112,0.73018,0.46487,0.37229,0.57555,0.49817,0.50535,0.376,0.40736,0.53932,0.55492,0.57114,0.65129,0.63758,0.34113,0.36532,0.30381,0.45645,1.1202,0.70205,0.51809,0.54788,0.70802,0.81167,0.73098,0.44825,0.74283,0.63436,0.68638,0.9172,0.89984,0.20974,1.3142,0.62121,0.47102,0.48069,0.38042,0.50427,0.54688,0.59434,0.68409,0.70324,0.34442,0.84253
1758,2.0103,0.90735,0.57121,1.645,0.6349,0.78112,0.49977,0.91869,0.72917,0.46326,0.37165,0.57554,0.49823,0.5051,0.37572,0.40685,0.53861,0.55197,0.57194,0.64872,0.63205,0.34307,0.36404,0.30467,0.45775,1.1066,0.70054,0.51936,0.54727,0.70913,0.8121,0.73131,0.44744,0.74458,0.6335,0.68737,0.91748,0.89775,0.21078,1.3142,0.62035,0.47219,0.47829,0.38059,0.5035,0.54681,0.58961,0.68337,0.70386,0.3446,0.84282
1759,2.0005,0.89586,0.56985,1.6064,0.63878,0.77695,0.49667,0.91389,0.72563,0.46178,0.37072,0.57239,0.5005,0.50606,0.37276,0.40581,0.5371,0.55196,0.55966,0.64699,0.63321,0.34248,0.36315,0.30373,0.45685,1.099,0.69812,0.52973,0.54302,0.70729,0.81019,0.73177,0.44637,0.74401,0.63166,0.68829,0.91795,0.89438,0.21193,1.3067,0.61758,0.46979,0.47497,0.37992,0.49953,0.54657,0.57627,0.67461,0.70419,0.34476,0.84321
1760,1.9832,0.8955,0.5726,1.5991,0.64557,0.77973,0.49533,0.9122,0.72579,0.46085,0.37018,0.57064,0.49932,0.50489,0.37121,0.40515,0.53704,0.55381,0.5545,0.64637,0.63899,0.34238,0.36371,0.3017,0.45593,1.096,0.6948,0.5312,0.54116,0.70799,0.81055,0.72879,0.44658,0.74213,0.63166,0.68568,0.91803,0.89289,0.21215,1.3033,0.61779,0.46947,0.4743,0.38112,0.49855,0.54522,0.57816,0.67427,0.70404,0.34496,0.84345
1761,1.9081,0.8985,0.56442,1.6044,0.64771,0.78822,0.49632,0.90525,0.7259,0.45758,0.36837,0.56644,0.49492,0.50202,0.36888,0.40349,0.53777,0.5522,0.54693,0.64418,0.62642,0.33879,0.36335,0.30031,0.45251,1.0835,0.69284,0.52367,0.69213,0.70361,0.81217,0.71985,0.44463,0.73788,0.63405,0.68118,0.91457,0.88735,0.21213,1.3035,0.61832,0.46851,0.47269,0.38273,0.49862,0.54304,0.57843,0.67246,0.70172,0.3453,0.84377
1762,1.9013,0.89583,0.56121,1.6131,0.64553,0.79307,0.49712,0.9033,0.72385,0.45742,0.36805,0.56624,0.49196,0.50157,0.36964,0.40311,0.53558,0.55436,0.54703,0.64655,0.63925,0.34043,0.36432,0.29685,0.45073,1.0922,0.69807,0.5234,0.69143,0.70501,0.81092,0.71887,0.44426,0.73816,0.63525,0.68206,0.91361,0.8883,0.21144,1.3018,0.62118,0.46669,0.47276,0.38313,0.49908,0.54298,0.58373,0.67444,0.70231,0.34535,0.84423
1763,1.9271,0.88595,0.56221,1.6449,0.65044,0.79909,0.49629,0.90433,0.72337,0.45961,0.36799,0.5676,0.48745,0.49914,0.37316,0.40207,0.53335,0.55412,0.55172,0.64616,0.6648,0.34441,0.36545,0.29679,0.45207,1.1117,0.70078,0.52687,0.69844,0.71134,0.80782,0.72229,0.44546,0.73931,0.6352,0.68252,0.91185,0.89703,0.21143,1.2972,0.62602,0.46788,0.47526,0.38419,0.50141,0.54231,0.58875,0.69144,0.70419,0.34495,0.84487
1764,1.9173,0.89117,0.55609,1.6704,0.64325,0.79976,0.49575,0.90596,0.72255,0.45935,0.36811,0.5669,0.4869,0.4991,0.37407,0.40142,0.53204,0.55441,0.5492,0.64688,0.66007,0.34342,0.36528,0.29963,0.45341,1.1199,0.69911,0.52205,0.70637,0.71558,0.80821,0.72299,0.44636,0.74081,0.63497,0.68655,0.91161,0.90023,0.2115,1.2955,0.62631,0.47023,0.47605,0.38496,0.50305,0.54374,0.58518,0.69506,0.70512,0.34487,0.84529
1765,1.9331,0.9089,0.55108,1.7054,0.62931,0.79875,0.49447,0.91171,0.72135,0.45806,0.36931,0.56756,0.49093,0.50289,0.37613,0.40394,0.53043,0.56546,0.54621,0.65625,0.6682,0.34443,0.36434,0.30059,0.45557,1.1307,0.69965,0.52264,0.71348,0.71653,0.80776,0.73019,0.44916,0.74432,0.63464,0.69585,0.91331,0.90267,0.21194,1.2954,0.6277,0.47216,0.47657,0.38526,0.50368,0.54842,0.58553,0.69496,0.70908,0.345,0.84563
1766,1.9408,0.90942,0.55294,1.6893,0.62759,0.7991,0.49229,0.91388,0.72069,0.45696,0.3707,0.56669,0.49265,0.50352,0.377,0.405,0.53107,0.56654,0.54642,0.65498,0.6684,0.34118,0.36372,0.30257,0.45539,1.13,0.69425,0.51932,0.72498,0.71345,0.8082,0.7325,0.44956,0.74536,0.63497,0.69667,0.91436,0.9027,0.21374,1.294,0.62741,0.47057,0.476,0.38342,0.5043,0.55036,0.58564,0.69846,0.7095,0.34497,0.84562
1767,1.9114,0.91124,0.54925,1.6492,0.61555,0.79998,0.49073,0.91691,0.72084,0.45432,0.37225,0.56489,0.49586,0.50472,0.37672,0.40611,0.53303,0.56343,0.54022,0.64963,0.65879,0.3344,0.36531,0.30345,0.45512,1.128,0.68799,0.51794,0.72807,0.71412,0.81404,0.72861,0.4486,0.7473,0.63557,0.69617,0.91663,0.89925,0.21514,1.2914,0.62351,0.46815,0.47504,0.38231,0.50528,0.55244,0.58771,0.68843,0.70645,0.34532,0.84509
1768,1.9118,0.9159,0.55604,1.633,0.6148,0.79837,0.48976,0.91548,0.72192,0.4544,0.37167,0.56341,0.49533,0.50405,0.37921,0.40688,0.53367,0.56322,0.54303,0.64834,0.66803,0.33347,0.36633,0.30317,0.45502,1.1184,0.68886,0.52678,0.72522,0.71684,0.81377,0.73122,0.44928,0.74579,0.63597,0.6953,0.91763,0.89803,0.21623,1.2919,0.62225,0.46581,0.47659,0.38261,0.5055,0.55186,0.59817,0.68031,0.70666,0.34567,0.84504
1769,1.9363,0.90924,0.57268,1.5858,0.631,0.79468,0.48778,0.90752,0.71975,0.45793,0.37093,0.5597,0.48924,0.50108,0.37866,0.40417,0.53415,0.5555,0.55982,0.64288,0.66631,0.33354,0.36559,0.30262,0.4508,1.1045,0.68927,0.53634,0.72832,0.71783,0.80928,0.73058,0.44879,0.74189,0.6372,0.68936,0.92024,0.89884,0.21636,1.2953,0.62178,0.46048,0.47889,0.38163,0.50557,0.54683,0.60623,0.67589,0.70603,0.34564,0.84498
1770,1.9402,0.90644,0.56591,1.5916,0.63547,0.79364,0.4873,0.90835,0.72,0.45967,0.3711,0.55994,0.48787,0.50006,0.37836,0.40234,0.53424,0.5563,0.56973,0.6437,0.66104,0.33449,0.3654,0.30157,0.45035,1.1062,0.69108,0.54476,0.72695,0.72019,0.81021,0.72801,0.44836,0.74238,0.64046,0.6896,0.92074,0.89857,0.21529,1.2962,0.62111,0.46161,0.48142,0.38459,0.50604,0.54447,0.60227,0.67146,0.7063,0.34594,0.84544
1771,1.9455,0.91614,0.56174,1.6328,0.64508,0.79008,0.48914,0.91025,0.72423,0.46055,0.37025,0.5616,0.48649,0.49763,0.37856,0.40119,0.53384,0.56627,0.57677,0.64967,0.66745,0.33777,0.36394,0.3013,0.4504,1.1007,0.69202,0.54124,0.73512,0.72457,0.81033,0.72957,0.44865,0.74204,0.64348,0.69311,0.91811,0.89594,0.21502,1.298,0.62103,0.46607,0.48391,0.38575,0.50628,0.54418,0.59444,0.67311,0.7083,0.34631,0.84651
1772,1.9531,0.91734,0.56711,1.6568,0.65454,0.78507,0.49037,0.91066,0.72441,0.46039,0.37024,0.56459,0.48715,0.49819,0.37435,0.40076,0.53642,0.57088,0.57925,0.65058,0.65805,0.33946,0.36303,0.30056,0.44919,1.1083,0.69313,0.53988,0.75852,0.72886,0.81105,0.72917,0.44808,0.74121,0.64461,0.69438,0.91919,0.8947,0.21507,1.2998,0.62107,0.46721,0.48196,0.38689,0.50523,0.54514,0.58649,0.67693,0.70967,0.34632,0.84699
1773,1.9604,0.8993,0.55971,1.7016,0.65087,0.78311,0.49124,0.91926,0.72325,0.45809,0.37031,0.57282,0.4933,0.50158,0.3711,0.40422,0.54179,0.57454,0.58529,0.64904,0.64174,0.33781,0.36487,0.29987,0.45275,1.1334,0.69774,0.54832,0.77586,0.72627,0.81497,0.73052,0.44713,0.74183,0.64562,0.69816,0.91815,0.89396,0.21494,1.2998,0.62176,0.4703,0.47787,0.39231,0.50371,0.54788,0.57989,0.68722,0.71277,0.34643,0.84743
1774,1.9553,0.89618,0.56003,1.7138,0.64866,0.78306,0.4917,0.9206,0.72323,0.4561,0.3686,0.57304,0.49464,0.50053,0.36901,0.40527,0.54317,0.57227,0.57684,0.64541,0.64311,0.33634,0.36556,0.30025,0.45433,1.1425,0.69874,0.55044,0.78903,0.72769,0.81219,0.73118,0.44705,0.74351,0.64328,0.69806,0.91802,0.89053,0.21524,1.2953,0.62248,0.47221,0.47309,0.39245,0.50342,0.54793,0.57559,0.69956,0.71353,0.3466,0.84784
1775,1.9315,0.90324,0.56996,1.7185,0.6485,0.77751,0.49185,0.91575,0.72281,0.45796,0.36723,0.57066,0.49392,0.49852,0.36687,0.40231,0.54262,0.56524,0.55696,0.64144,0.63896,0.33531,0.36608,0.29983,0.45474,1.1459,0.70388,0.54733,0.79473,0.73424,0.80777,0.72832,0.44821,0.74335,0.63925,0.69463,0.92166,0.88698,0.21466,1.2902,0.6231,0.47432,0.46828,0.39406,0.50252,0.54535,0.57209,0.70883,0.71355,0.34674,0.84814
1776,1.9356,0.90021,0.56869,1.7136,0.64363,0.77668,0.49222,0.91541,0.7224,0.4599,0.36772,0.57047,0.49388,0.49595,0.36681,0.40349,0.54132,0.563,0.54833,0.6439,0.63332,0.3337,0.36704,0.29798,0.45497,1.1409,0.70631,0.5447,0.79655,0.7374,0.80497,0.72879,0.44784,0.74313,0.63762,0.69434,0.91973,0.88482,0.2136,1.2853,0.62292,0.47423,0.46831,0.39381,0.50279,0.54471,0.57692,0.71499,0.71369,0.34685,0.84866
1777,1.9444,0.902,0.57141,1.6864,0.63623,0.7818,0.49246,0.913,0.72373,0.45874,0.36797,0.56606,0.4927,0.4901,0.36673,0.40204,0.53422,0.56162,0.52888,0.64578,0.64271,0.33521,0.36827,0.29781,0.45152,1.1332,0.69911,0.53386,0.78204,0.73577,0.8002,0.72739,0.44602,0.74838,0.637,0.69312,0.91658,0.88108,0.21401,1.2753,0.62182,0.46976,0.46803,0.38874,0.50459,0.54439,0.57813,0.7146,0.70934,0.34686,0.84885
1778,1.9524,0.90845,0.57646,1.6978,0.62953,0.78165,0.49474,0.91234,0.72704,0.45767,0.3688,0.567,0.49271,0.48992,0.3674,0.40088,0.52963,0.56116,0.52694,0.64685,0.64836,0.33626,0.37139,0.29853,0.45035,1.1267,0.69734,0.52963,0.7821,0.73756,0.80066,0.72516,0.44446,0.74739,0.6375,0.69252,0.91686,0.88335,0.21486,1.2722,0.62191,0.46932,0.46975,0.38811,0.50528,0.54552,0.58113,0.71197,0.70892,0.34691,0.84918
1779,1.9963,0.90944,0.56633,1.7222,0.6258,0.78247,0.49808,0.91484,0.73066,0.4567,0.37112,0.57119,0.49414,0.49359,0.36778,0.40614,0.52879,0.5646,0.54457,0.65188,0.63948,0.33437,0.37402,0.29894,0.44988,1.1093,0.6979,0.53609,0.78457,0.7425,0.80209,0.72689,0.44324,0.73921,0.63697,0.69379,0.91641,0.89076,0.21558,1.2723,0.62181,0.46725,0.4754,0.38658,0.50648,0.54968,0.59576,0.70707,0.71272,0.34681,0.84954
1780,2.0086,0.91766,0.56369,1.7358,0.63571,0.79355,0.50024,0.91441,0.73046,0.45508,0.37218,0.57024,0.4967,0.49565,0.37215,0.40487,0.52703,0.56771,0.55514,0.64639,0.63671,0.33571,0.37688,0.30031,0.45167,1.1184,0.70378,0.54606,0.79415,0.74514,0.80345,0.72868,0.44501,0.74256,0.63867,0.69882,0.92559,0.89445,0.21694,1.2799,0.62325,0.46674,0.47835,0.38638,0.50761,0.5505,0.61306,0.72234,0.71309,0.3468,0.85043
1781,1.9946,0.91411,0.55847,1.7258,0.63156,0.79832,0.50166,0.91088,0.73133,0.45358,0.37252,0.56904,0.49356,0.49628,0.37359,0.4049,0.52421,0.56229,0.56147,0.6414,0.63346,0.33348,0.37856,0.29914,0.4541,1.1276,0.70357,0.55111,0.80246,0.74339,0.80367,0.73058,0.44517,0.74171,0.63782,0.69675,0.92721,0.89459,0.21657,1.2824,0.62434,0.46967,0.47511,0.38377,0.50693,0.55011,0.61735,0.73468,0.70913,0.34682,0.85077
1782,1.9811,0.90424,0.57106,1.6973,0.63037,0.80231,0.50112,0.9101,0.7266,0.45429,0.37056,0.56826,0.49129,0.49677,0.37551,0.40517,0.52615,0.56672,0.55723,0.64574,0.63519,0.33068,0.37791,0.29866,0.4556,1.1357,0.70725,0.559,0.81032,0.74662,0.80252,0.73558,0.44786,0.74485,0.63717,0.69828,0.92492,0.89696,0.21654,1.2842,0.62226,0.46881,0.47664,0.38503,0.50596,0.55024,0.64066,0.73038,0.70493,0.34715,0.85142
1783,1.953,0.89802,0.57611,1.6303,0.62212,0.8014,0.50096,0.90922,0.72098,0.45255,0.36819,0.56649,0.49008,0.49406,0.37441,0.39924,0.52697,0.56303,0.5493,0.64005,0.63023,0.33079,0.37576,0.29937,0.45328,1.1441,0.70475,0.54559,0.8191,0.7626,0.79906,0.73452,0.44755,0.7437,0.63728,0.69872,0.92277,0.88967,0.21586,1.2801,0.61935,0.46568,0.47321,0.38545,0.50457,0.55019,0.63843,0.71655,0.70244,0.34737,0.85168
1784,1.9747,0.89373,0.58561,1.5698,0.61503,0.79761,0.49661,0.91261,0.72161,0.4517,0.36608,0.5696,0.49079,0.49455,0.37173,0.398,0.52914,0.55747,0.55387,0.63729,0.63171,0.33329,0.37474,0.29886,0.4509,1.1392,0.69812,0.52495,0.84192,0.76383,0.79958,0.73207,0.44469,0.74241,0.63539,0.69574,0.91582,0.88781,0.21665,1.2809,0.61966,0.4654,0.46891,0.38793,0.50503,0.54908,0.63324,0.69653,0.70551,0.34781,0.85183
1785,2.0338,0.88957,0.60368,1.5542,0.61422,0.79507,0.49268,0.91482,0.72125,0.45049,0.36451,0.57065,0.49343,0.49428,0.37077,0.39875,0.53354,0.56346,0.55601,0.64036,0.64891,0.33512,0.37383,0.30158,0.45076,1.1277,0.69899,0.5153,0.86318,0.75146,0.79925,0.729,0.44496,0.7425,0.63406,0.69621,0.91107,0.88968,0.21809,1.277,0.62085,0.46588,0.47181,0.39003,0.50689,0.54838,0.64079,0.68184,0.71036,0.34836,0.85225
1786,2.0467,0.89188,0.61541,1.585,0.61529,0.79149,0.48819,0.91053,0.72239,0.44881,0.3665,0.57054,0.49452,0.49065,0.37238,0.39631,0.53619,0.56935,0.56023,0.63154,0.65207,0.33527,0.37212,0.30466,0.44882,1.1238,0.69674,0.51054,0.8652,0.75477,0.79772,0.72531,0.44536,0.74033,0.635,0.69785,0.91318,0.88756,0.218,1.2714,0.62241,0.46907,0.47103,0.38743,0.51057,0.55013,0.63491,0.68054,0.71479,0.34845,0.85247
1787,2.0841,0.90844,0.63815,1.6368,0.62222,0.79524,0.48424,0.90612,0.72826,0.45081,0.36965,0.57382,0.49504,0.49016,0.37562,0.39977,0.53799,0.57453,0.57369,0.63921,0.66328,0.33753,0.37324,0.30599,0.45105,1.1314,0.69716,0.51025,0.89247,0.76164,0.80316,0.72704,0.44568,0.7445,0.63659,0.69915,0.91542,0.89232,0.21925,1.2838,0.62768,0.47316,0.47372,0.38599,0.51375,0.55114,0.64602,0.68788,0.71661,0.34873,0.85268
1788,2.0577,0.92123,0.63773,1.706,0.63151,0.79309,0.48578,0.90139,0.72481,0.45365,0.36822,0.57025,0.49037,0.4862,0.37028,0.39935,0.53599,0.57935,0.57909,0.64175,0.68235,0.3368,0.37114,0.30677,0.45227,1.1157,0.69943,0.52538,0.92301,0.75004,0.80689,0.72766,0.44704,0.74218,0.63634,0.70316,0.91945,0.88808,0.2193,1.272,0.62717,0.47696,0.47557,0.38383,0.51824,0.55394,0.62893,0.69358,0.71737,0.34868,0.85247
1789,2.0352,0.92536,0.62067,1.7248,0.63378,0.79579,0.48652,0.90185,0.72393,0.45354,0.3684,0.56887,0.49057,0.48598,0.37298,0.39763,0.53188,0.57716,0.58433,0.63456,0.68941,0.33672,0.37288,0.30204,0.45151,1.12,0.70102,0.53266,0.96438,0.75714,0.80849,0.7271,0.44692,0.74135,0.63683,0.70365,0.91993,0.88682,0.21861,1.2704,0.62799,0.47734,0.47554,0.38401,0.51887,0.55447,0.62523,0.69324,0.71616,0.3487,0.85272
1790,2.0254,0.90627,0.6089,1.6439,0.6268,0.78823,0.48556,0.90861,0.72002,0.45415,0.3669,0.56346,0.48873,0.48776,0.37538,0.39832,0.53245,0.57471,0.5816,0.63641,0.67481,0.33902,0.37429,0.29976,0.45003,1.1348,0.70196,0.54086,1.0503,0.79374,0.80871,0.72093,0.44485,0.73809,0.63671,0.70521,0.91338,0.88759,0.21726,1.2678,0.62876,0.47583,0.47164,0.3847,0.51525,0.54973,0.63095,0.69635,0.71491,0.34867,0.85324
1791,2.0389,0.90102,0.60337,1.6399,0.633,0.78838,0.48737,0.9139,0.71831,0.45132,0.36509,0.56097,0.48839,0.48839,0.37644,0.39946,0.53303,0.57213,0.57794,0.62664,0.66714,0.34073,0.37473,0.29611,0.44715,1.1363,0.7018,0.54703,1.109,0.81261,0.80646,0.72044,0.44629,0.73691,0.63596,0.70463,0.91151,0.88796,0.21577,1.2656,0.63045,0.47492,0.47019,0.38472,0.51624,0.54918,0.62441,0.70716,0.7148,0.34869,0.854
1792,2.0616,0.91185,0.59126,1.6436,0.62729,0.78862,0.48948,0.91987,0.72094,0.44665,0.3678,0.56197,0.48974,0.49027,0.38395,0.40093,0.52849,0.56043,0.56475,0.61691,0.64529,0.33712,0.37656,0.29441,0.44492,1.1411,0.70219,0.52267,1.1706,0.83132,0.79873,0.72247,0.44786,0.73538,0.63803,0.69737,0.91221,0.89026,0.21599,1.2741,0.6309,0.4719,0.47246,0.38139,0.5178,0.54876,0.62265,0.72348,0.712,0.34902,0.85448
1793,2.0931,0.90929,0.58602,1.6432,0.62997,0.78595,0.491,0.91923,0.72243,0.44815,0.36765,0.56221,0.4879,0.49238,0.38754,0.4004,0.52927,0.55473,0.55451,0.62525,0.63214,0.33666,0.37539,0.29585,0.44694,1.1537,0.70773,0.52891,1.1999,0.85122,0.7985,0.72006,0.44746,0.73486,0.63889,0.69749,0.91306,0.89346,0.21619,1.2734,0.63263,0.47179,0.47406,0.38135,0.51915,0.54893,0.6143,0.73549,0.71305,0.34925,0.85506
1794,2.1478,0.90868,0.55455,1.7122,0.67064,0.80034,0.49638,0.91176,0.72413,0.44977,0.36507,0.56599,0.48603,0.49268,0.38662,0.39866,0.52928,0.54926,0.55433,0.62502,0.6262,0.33686,0.37149,0.29708,0.45045,1.1596,0.7103,0.54901,1.181,0.85911,0.80246,0.7219,0.44534,0.73909,0.63762,0.70125,0.91767,0.89486,0.21671,1.2725,0.63573,0.47052,0.47895,0.3816,0.52391,0.54992,0.59841,0.73906,0.71309,0.34954,0.85553
1795,2.1752,0.91243,0.53607,1.7322,0.681,0.80435,0.49663,0.91102,0.7247,0.4495,0.36435,0.56948,0.48532,0.49284,0.38428,0.39885,0.52767,0.54357,0.54284,0.6236,0.62678,0.33944,0.37246,0.30024,0.4525,1.1779,0.70711,0.55097,1.1745,0.86531,0.80411,0.72241,0.44335,0.73916,0.63677,0.69828,0.9198,0.89264,0.21873,1.2731,0.63572,0.47058,0.48249,0.38155,0.52586,0.5504,0.6069,0.74161,0.71245,0.34984,0.85587
1796,2.1647,0.90651,0.54229,1.7213,0.66653,0.80033,0.49147,0.90996,0.72639,0.45388,0.3612,0.57041,0.48508,0.49191,0.37905,0.3948,0.53413,0.54181,0.50855,0.62617,0.63158,0.3467,0.37507,0.30215,0.45505,1.2363,0.70398,0.56682,1.1816,0.90335,0.8108,0.71895,0.44186,0.74285,0.63702,0.6958,0.92136,0.88849,0.22088,1.2648,0.63594,0.47468,0.48314,0.38839,0.52382,0.55343,0.62884,0.72941,0.71516,0.34984,0.85704
1797,2.1386,0.90506,0.54012,1.7267,0.66108,0.80684,0.49084,0.90725,0.72645,0.45508,0.35909,0.56929,0.48541,0.48991,0.37646,0.3936,0.53528,0.53754,0.51002,0.62426,0.63153,0.34456,0.37087,0.30329,0.45308,1.2523,0.70047,0.53927,1.2055,0.95641,0.81,0.7178,0.44221,0.74726,0.63615,0.69452,0.92209,0.88449,0.22227,1.262,0.63393,0.47529,0.48544,0.38819,0.5239,0.55395,0.63022,0.71848,0.71394,0.34992,0.85804
1798,2.1502,0.90747,0.58142,1.6809,0.63291,0.80509,0.48831,0.90629,0.72303,0.45256,0.36264,0.56898,0.48784,0.48964,0.3736,0.39205,0.53362,0.53444,0.53621,0.6227,0.6266,0.33678,0.36665,0.3047,0.44893,1.2317,0.69346,0.49429,1.3091,0.99834,0.80306,0.71921,0.44449,0.75008,0.63336,0.68817,0.9203,0.87519,0.22494,1.2632,0.62938,0.47385,0.48881,0.38294,0.5222,0.55429,0.61373,0.7245,0.71331,0.34984,0.85863
1799,2.1662,0.91398,0.60007,1.6702,0.61694,0.80458,0.48464,0.90627,0.72227,0.45015,0.36548,0.56861,0.4903,0.48844,0.37286,0.3878,0.53447,0.53021,0.55875,0.62333,0.63367,0.33244,0.36558,0.30598,0.44789,1.2138,0.69629,0.47529,1.6263,1.0587,0.80048,0.71766,0.44536,0.75344,0.63189,0.68623,0.92072,0.87292,0.22662,1.2615,0.62682,0.47218,0.48738,0.38185,0.5218,0.55535,0.61603,0.72156,0.71205,0.35001,0.85968
1800,1.7855,0.83875,0.41624,1.1663,0.56121,0.72485,0.45595,0.86987,0.71251,0.42902,0.33632,0.52162,0.4576,0.46004,0.29163,0.32583,0.45404,0.45186,0.34212,0.45423,0.39773,0.22496,0.32203,0.30574,0.44231,1.0523,0.6542,0.27377,1.4583,1.0678,0.74789,0.65647,0.43413,0.65259,0.59907,0.67525,0.90849,0.8499,0.20994,1.2177,0.59712,0.37182,0.39328,0.3343,0.43714,0.53811,0.48877,0.57042,0.69391,0.34786,0.85739
1801,1.6483,0.87633,0.46615,1.316,0.61024,0.63258,0.43145,0.93479,0.79906,0.47242,0.33257,0.65389,0.42551,0.4662,0.36283,0.35743,0.53966,0.48512,0.40384,0.39212,0.42908,0.28591,0.88124,0.25714,0.45267,1.0814,0.61073,0.34443,1.5325,1.1246,0.70107,0.64993,0.57161,0.64079,0.66359,0.46541,0.94709,0.46222,0.19743,0.91394,0.61695,0.44816,0.357,0.35234,0.36947,0.59171,0.57274,0.51479,0.67556,0.36007,0.93857
1802,1.7351,0.86629,0.47849,1.3039,0.63789,0.62471,0.43093,0.92794,0.79265,0.4761,0.33722,0.654,0.41977,0.4711,0.35391,0.35761,0.5443,0.45903,0.40125,0.38883,0.43676,0.27421,0.87779,0.26241,0.45419,1.0691,0.60387,0.35258,1.6235,1.1354,0.6962,0.6474,0.55985,0.65147,0.66485,0.46654,0.94566,0.45819,0.20171,0.89511,0.61867,0.4484,0.3517,0.33781,0.36828,0.59591,0.54748,0.50851,0.68206,0.36013,0.93771
1803,1.7963,0.85405,0.4707,1.2306,0.6029,0.61856,0.43446,0.9284,0.78788,0.47558,0.34076,0.65365,0.41405,0.47311,0.35686,0.3491,0.55009,0.44639,0.39105,0.37364,0.44031,0.27418,0.87573,0.26198,0.45878,1.0656,0.59906,0.3345,1.5804,1.1968,0.70376,0.63623,0.55165,0.63167,0.66994,0.46168,0.93982,0.45812,0.20402,0.88153,0.61295,0.44942,0.34869,0.3269,0.37221,0.59995,0.53729,0.50962,0.68314,0.36056,0.9367
1804,1.7979,0.83923,0.43628,1.1775,0.58521,0.61977,0.43082,0.92855,0.78529,0.47216,0.3411,0.64603,0.41272,0.47025,0.35161,0.34942,0.54305,0.4279,0.37265,0.37115,0.4509,0.27015,0.8678,0.25399,0.45754,1.0538,0.59997,0.32537,1.5705,1.3185,0.70827,0.63103,0.55187,0.62221,0.66873,0.45919,0.93793,0.45694,0.20539,0.87231,0.61144,0.44316,0.34713,0.32076,0.37101,0.60141,0.52229,0.48778,0.68093,0.3606,0.93682
1805,1.7515,0.82444,0.4118,1.1751,0.55568,0.61867,0.43691,0.93278,0.78409,0.46679,0.33833,0.64584,0.4172,0.4689,0.33984,0.35288,0.53086,0.4351,0.34279,0.36382,0.45832,0.26519,0.85374,0.25137,0.45941,1.0674,0.61038,0.31825,1.7832,1.383,0.71716,0.63172,0.56039,0.62676,0.66137,0.46022,0.94043,0.45498,0.20715,0.87489,0.61034,0.45005,0.34104,0.32036,0.36796,0.60009,0.49817,0.46042,0.6652,0.36116,0.9372
1806,1.7205,0.84308,0.41644,1.1667,0.55492,0.62145,0.44141,0.93555,0.77671,0.46578,0.33628,0.64997,0.41876,0.4676,0.33865,0.34963,0.51654,0.4387,0.32861,0.35353,0.44026,0.26219,0.85787,0.24782,0.46419,1.0845,0.59852,0.30555,2.0024,1.4312,0.71716,0.62976,0.56121,0.62066,0.66136,0.45892,0.94169,0.45248,0.20777,0.87417,0.60775,0.451,0.33379,0.32263,0.36454,0.59803,0.47997,0.46866,0.65849,0.36123,0.93665
1807,1.6422,0.83908,0.42546,1.153,0.58081,0.62103,0.42233,0.93289,0.78206,0.45743,0.33138,0.64384,0.41836,0.45721,0.33506,0.35093,0.50509,0.43968,0.33221,0.33704,0.42827,0.25926,0.86414,0.24998,0.45888,1.0922,0.59497,0.28809,2.072,1.4366,0.70586,0.64168,0.5643,0.61135,0.66475,0.45249,0.94478,0.44849,0.20405,0.87592,0.60919,0.44548,0.33153,0.32443,0.34862,0.59533,0.46987,0.46078,0.65592,0.36048,0.93579
1808,1.6023,0.8363,0.43186,1.1433,0.58597,0.60228,0.41266,0.92775,0.78567,0.44825,0.32967,0.64012,0.42222,0.45194,0.32668,0.35574,0.49895,0.44077,0.33184,0.34038,0.42243,0.27053,0.85147,0.26041,0.45651,1.0771,0.59167,0.2874,2.1139,1.4072,0.69706,0.6536,0.56581,0.61222,0.66278,0.45246,0.94824,0.44679,0.20197,0.87422,0.61383,0.44102,0.32317,0.32684,0.34205,0.59638,0.4519,0.4615,0.65724,0.3603,0.93496
1809,1.5456,0.8532,0.42107,1.0852,0.62016,0.5889,0.39948,0.92662,0.78347,0.44745,0.33127,0.64078,0.41913,0.45347,0.32523,0.34514,0.4998,0.45103,0.34649,0.3671,0.41349,0.27209,0.8312,0.262,0.45998,1.0442,0.58119,0.30772,2.1693,1.4246,0.68513,0.64512,0.56126,0.61326,0.66551,0.4604,0.94418,0.44791,0.20093,0.86466,0.62466,0.43861,0.31935,0.32314,0.3521,0.60027,0.44317,0.52558,0.65214,0.36006,0.93453
1810,1.5328,0.81497,0.41224,1.0373,0.57527,0.56776,0.38906,0.92209,0.78585,0.45083,0.33258,0.64202,0.41367,0.45108,0.32515,0.33633,0.50902,0.44711,0.34343,0.36114,0.38447,0.26118,0.81408,0.26361,0.45565,1.0138,0.58431,0.31362,1.8823,1.5096,0.67191,0.63386,0.55742,0.61061,0.66799,0.46378,0.94258,0.44663,0.19991,0.85358,0.62516,0.43602,0.31822,0.30564,0.35298,0.60226,0.44963,0.52731,0.64844,0.35958,0.93451
1811,1.6166,0.79973,0.40329,0.99082,0.48492,0.55438,0.39408,0.92161,0.7861,0.45458,0.3312,0.64163,0.41181,0.45091,0.31616,0.33587,0.50323,0.44378,0.31923,0.35926,0.36122,0.2585,0.79147,0.26434,0.45375,0.98211,0.58296,0.31568,1.9211,1.4593,0.66333,0.61823,0.55315,0.60341,0.66413,0.46684,0.94474,0.44765,0.20214,0.84808,0.61913,0.42827,0.30865,0.29564,0.34774,0.60246,0.44872,0.50487,0.65766,0.35987,0.93579
1812,1.6503,0.78437,0.41178,1.0344,0.42618,0.56104,0.41409,0.91127,0.7809,0.46331,0.33124,0.65044,0.41844,0.45704,0.30556,0.33617,0.49654,0.44097,0.30779,0.37107,0.35384,0.25413,0.78054,0.25675,0.452,0.95001,0.60414,0.29974,2.2138,1.3138,0.67243,0.59384,0.55365,0.59688,0.66447,0.47037,0.9478,0.4488,0.20954,0.84716,0.61411,0.41672,0.30266,0.28869,0.34973,0.60626,0.45459,0.49607,0.66242,0.36054,0.93769
1813,1.6468,0.77465,0.42623,1.0294,0.392,0.55635,0.42877,0.90029,0.76974,0.46844,0.32702,0.65383,0.4179,0.46072,0.29592,0.33546,0.50071,0.41649,0.29676,0.37212,0.34182,0.24303,0.77069,0.25061,0.45484,0.96489,0.5933,0.28118,2.4686,1.1906,0.67551,0.58803,0.55977,0.57848,0.66788,0.46362,0.94328,0.44325,0.21508,0.84157,0.60685,0.41175,0.29406,0.2825,0.34173,0.60871,0.43803,0.48071,0.64699,0.35973,0.93855
1814,1.7521,0.77798,0.43697,1.0275,0.39721,0.57638,0.43775,0.89516,0.77916,0.47169,0.33132,0.6527,0.41664,0.46171,0.29627,0.3372,0.50818,0.389,0.30037,0.3549,0.33554,0.25791,0.7787,0.25739,0.45349,1.0129,0.58226,0.26785,2.5841,0.98746,0.68923,0.60924,0.56179,0.57446,0.67627,0.46633,0.94752,0.44155,0.21614,0.84001,0.60435,0.40935,0.29574,0.28015,0.33672,0.60813,0.4276,0.42659,0.65645,0.36037,0.93777
1815,1.706,0.78701,0.41233,1.0028,0.38126,0.55222,0.44225,0.89393,0.77894,0.46694,0.33351,0.64631,0.41745,0.464,0.29149,0.33583,0.50013,0.38447,0.29822,0.34202,0.34069,0.25249,0.77608,0.25735,0.44696,1.0121,0.58725,0.24624,2.7899,0.97169,0.68783,0.61799,0.55914,0.55862,0.678,0.46353,0.95127,0.44041,0.21286,0.83814,0.60662,0.40469,0.29582,0.27916,0.33873,0.60279,0.40387,0.40321,0.65701,0.3609,0.93668
1816,1.5013,0.80248,0.3511,0.91989,0.40152,0.50699,0.41461,0.91001,0.79046,0.45352,0.33377,0.61974,0.41431,0.46929,0.28834,0.32181,0.50036,0.39954,0.31591,0.34522,0.3666,0.23432,0.75034,0.25807,0.44001,1.0135,0.59499,0.22804,2.6256,1.204,0.67339,0.63182,0.55425,0.5418,0.68285,0.46375,0.95155,0.44051,0.2061,0.84558,0.62034,0.39622,0.31062,0.2877,0.33127,0.59653,0.39553,0.41256,0.64495,0.36226,0.93675
1817,1.4642,0.77879,0.32997,0.87888,0.4147,0.48843,0.39736,0.91702,0.79366,0.4452,0.33304,0.60992,0.41319,0.46395,0.28879,0.29309,0.5118,0.38119,0.29339,0.33856,0.38849,0.21772,0.72677,0.26128,0.44255,0.98969,0.59549,0.24429,2.1481,1.2681,0.66079,0.62053,0.54832,0.54058,0.67813,0.46231,0.94915,0.43732,0.19543,0.8365,0.61558,0.38238,0.3164,0.26927,0.3215,0.5862,0.41011,0.38582,0.63138,0.36218,0.93603
1818,1.433,0.77129,0.35162,0.91144,0.39652,0.51087,0.39727,0.90719,0.77429,0.44085,0.33003,0.60273,0.41364,0.455,0.29057,0.28076,0.48475,0.36484,0.25532,0.32871,0.37023,0.22247,0.6846,0.25967,0.44161,0.91827,0.60505,0.25741,1.9114,1.2921,0.65998,0.60029,0.54683,0.53189,0.66186,0.45458,0.94757,0.43631,0.19461,0.83877,0.61029,0.36429,0.31239,0.26381,0.32712,0.57443,0.43762,0.38988,0.625,0.3626,0.93626
1819,1.389,0.75792,0.36714,0.8594,0.37658,0.52536,0.39246,0.90046,0.76458,0.43609,0.32677,0.59825,0.40835,0.45513,0.28912,0.27541,0.47892,0.37216,0.26657,0.32369,0.3627,0.20998,0.65138,0.25224,0.43604,0.92197,0.60811,0.25269,1.7196,1.3658,0.65799,0.58344,0.53567,0.51847,0.64935,0.45551,0.93983,0.43246,0.20037,0.82928,0.60957,0.35994,0.29912,0.26781,0.31857,0.57255,0.44968,0.42418,0.61847,0.36401,0.93362
1820,1.4006,0.73007,0.40359,0.80786,0.35274,0.51585,0.39131,0.89928,0.75577,0.4357,0.32557,0.60452,0.40301,0.45812,0.28431,0.27393,0.49296,0.35871,0.26762,0.31915,0.34731,0.21169,0.61113,0.24983,0.43817,0.90876,0.59338,0.23859,1.4528,1.3303,0.6538,0.5661,0.53704,0.52029,0.63964,0.45746,0.9231,0.42338,0.20332,0.80342,0.59426,0.35418,0.27666,0.26918,0.30376,0.56771,0.47272,0.39378,0.59891,0.36281,0.93391
1821,1.5436,0.73382,0.43919,0.74201,0.33016,0.56228,0.40557,0.88874,0.76413,0.44551,0.32517,0.62101,0.39721,0.46433,0.29071,0.28862,0.48146,0.34228,0.25136,0.30954,0.28701,0.25089,0.6244,0.24683,0.4519,0.93078,0.5932,0.21034,1.2611,1.1395,0.6608,0.54369,0.53809,0.53412,0.64413,0.4566,0.92295,0.42129,0.20769,0.79839,0.58573,0.35807,0.25688,0.26614,0.30451,0.5649,0.41086,0.38648,0.58259,0.36247,0.93147
1822,1.4589,0.76799,0.33237,0.66429,0.30696,0.5687,0.39384,0.87489,0.76535,0.44353,0.32671,0.60268,0.39373,0.47364,0.29241,0.29217,0.4541,0.33925,0.23626,0.30763,0.24321,0.24967,0.63115,0.24229,0.45016,0.90581,0.59655,0.191,1.2132,1.0126,0.65747,0.54749,0.51407,0.51427,0.64577,0.45071,0.92161,0.41629,0.20872,0.77715,0.5937,0.36531,0.25407,0.26222,0.31074,0.56037,0.35585,0.36202,0.58281,0.36047,0.92309
1823,1.4571,0.73448,0.31214,0.60849,0.30099,0.56471,0.37232,0.88164,0.77719,0.45316,0.3288,0.5897,0.38565,0.48573,0.28505,0.30639,0.44636,0.36284,0.24932,0.31794,0.26748,0.23209,0.65123,0.24784,0.45084,0.87523,0.59504,0.19107,1.0682,1.0021,0.63162,0.55679,0.48627,0.50225,0.65213,0.45117,0.93328,0.42365,0.20815,0.7645,0.59436,0.36504,0.25655,0.23667,0.29588,0.55103,0.36359,0.36972,0.57306,0.35885,0.91731
1824,1.5918,0.71873,0.33596,0.63256,0.29098,0.53118,0.37178,0.88797,0.78267,0.46179,0.32197,0.58426,0.37736,0.48805,0.28564,0.3166,0.37983,0.34732,0.22818,0.31608,0.2718,0.22834,0.6543,0.2468,0.4627,0.87184,0.59221,0.1877,0.92801,0.84477,0.61018,0.56333,0.47803,0.48495,0.663,0.44951,0.94674,0.43775,0.2071,0.75636,0.59466,0.35857,0.257,0.22448,0.27694,0.54838,0.33034,0.35688,0.55971,0.35982,0.91046
1825,1.5533,0.70985,0.32268,0.59986,0.33286,0.57828,0.3635,0.88795,0.77273,0.45331,0.3171,0.55912,0.37963,0.46326,0.28836,0.30523,0.34315,0.32429,0.22911,0.28562,0.27239,0.22549,0.6141,0.22869,0.458,0.85261,0.57831,0.19886,0.92337,0.70148,0.60935,0.57964,0.4649,0.46283,0.657,0.4497,0.93057,0.43663,0.20482,0.7349,0.59531,0.35265,0.25689,0.22628,0.26743,0.55716,0.31073,0.33417,0.56416,0.36116,0.90632
1826,1.5219,0.69214,0.3299,0.57158,0.38001,0.61086,0.34288,0.88133,0.77062,0.44813,0.31581,0.55002,0.38118,0.45308,0.2731,0.2987,0.37268,0.33106,0.25085,0.26397,0.28397,0.23276,0.59889,0.22875,0.44896,0.82405,0.59998,0.21076,0.85664,0.74529,0.59705,0.56378,0.44749,0.44419,0.65452,0.45185,0.91922,0.43628,0.20571,0.72271,0.59427,0.35851,0.24967,0.22517,0.26666,0.5668,0.31328,0.35135,0.56099,0.36278,0.90336
1827,1.6739,0.69332,0.37998,0.53124,0.40998,0.54924,0.36147,0.86446,0.77462,0.44174,0.31408,0.57583,0.37996,0.44734,0.25686,0.31488,0.39195,0.32932,0.24429,0.28677,0.27001,0.24379,0.52957,0.23088,0.44121,0.78949,0.58865,0.20014,0.71697,0.73399,0.57187,0.49633,0.45078,0.43062,0.6634,0.4606,0.8917,0.4262,0.2023,0.71958,0.57737,0.36495,0.24276,0.24854,0.24734,0.57329,0.32111,0.31007,0.55195,0.3628,0.89866
1828,1.7383,0.73735,0.40206,0.53928,0.35178,0.59966,0.3765,0.85627,0.77908,0.43276,0.31509,0.57699,0.38325,0.43866,0.23108,0.30264,0.40019,0.29252,0.21595,0.30111,0.22265,0.24173,0.54238,0.23798,0.43874,0.76054,0.62126,0.18284,0.65183,0.67044,0.57169,0.46881,0.45213,0.41604,0.66578,0.45654,0.88228,0.43231,0.20125,0.72228,0.56433,0.34473,0.22901,0.25673,0.2329,0.57232,0.29624,0.33528,0.52508,0.35881,0.89582
1829,1.5075,0.74655,0.43197,0.58606,0.31422,0.67725,0.34584,0.83918,0.76208,0.43856,0.30785,0.558,0.39606,0.41882,0.20549,0.26358,0.43068,0.30958,0.21376,0.28712,0.21516,0.22507,0.57378,0.23919,0.44654,0.69268,0.60008,0.1814,0.5982,0.69599,0.58952,0.43779,0.4318,0.41248,0.64133,0.44112,0.886,0.42857,0.20342,0.71461,0.55554,0.32311,0.22848,0.22642,0.23538,0.55319,0.30032,0.36874,0.53081,0.35214,0.90109
1830,1.4261,0.73423,0.41778,0.62214,0.25657,0.5842,0.33775,0.83646,0.75649,0.44836,0.30656,0.55491,0.38141,0.42107,0.19407,0.26872,0.40841,0.32584,0.17296,0.30026,0.22795,0.19008,0.53985,0.24819,0.46482,0.67777,0.55603,0.18403,0.52316,0.60551,0.57903,0.439,0.41538,0.40291,0.62458,0.4295,0.88886,0.42397,0.20292,0.69947,0.55255,0.2997,0.2349,0.21489,0.23101,0.53307,0.32522,0.33216,0.54073,0.34998,0.90017
1831,1.3861,0.72265,0.36877,0.76218,0.19757,0.49439,0.30746,0.8474,0.75068,0.44067,0.30652,0.53527,0.36316,0.42453,0.19453,0.27351,0.39313,0.29828,0.13475,0.31712,0.22331,0.17423,0.50294,0.24605,0.46327,0.75828,0.56034,0.18851,0.46192,0.52941,0.56691,0.47434,0.40222,0.379,0.61527,0.42093,0.90319,0.43193,0.20242,0.68629,0.55814,0.28137,0.22318,0.20634,0.22293,0.53048,0.31914,0.29638,0.51365,0.35223,0.8981
1832,1.3404,0.74241,0.36309,0.71182,0.18814,0.4912,0.29082,0.90038,0.75491,0.43731,0.29919,0.53949,0.35796,0.41757,0.21444,0.25025,0.36625,0.27279,0.14209,0.30882,0.23189,0.16795,0.47252,0.23121,0.45389,0.819,0.52798,0.22444,0.42427,0.46816,0.54807,0.50541,0.39818,0.37232,0.5927,0.42025,0.9139,0.44105,0.20164,0.65127,0.56009,0.2763,0.21085,0.20255,0.21116,0.5421,0.33573,0.2742,0.50943,0.35792,0.89912
1833,1.3133,0.71449,0.47084,0.547,0.15522,0.41879,0.2814,0.89382,0.74943,0.43911,0.28961,0.57908,0.35236,0.41283,0.21464,0.21061,0.42033,0.27847,0.14822,0.27014,0.26107,0.17398,0.4337,0.21297,0.43843,0.78058,0.54925,0.27923,0.38387,0.45207,0.5222,0.50139,0.40012,0.34756,0.56796,0.41306,0.90939,0.42989,0.19931,0.62301,0.55281,0.28819,0.18916,0.20015,0.20768,0.57338,0.32254,0.28546,0.49293,0.36641,0.88413
1834,1.349,0.63974,0.37736,0.45482,0.11968,0.33794,0.25995,0.83949,0.74583,0.4413,0.29158,0.57422,0.34312,0.41874,0.22249,0.21282,0.46516,0.25958,0.13159,0.24694,0.27441,0.17407,0.39073,0.19432,0.41145,0.86939,0.59132,0.28565,0.31925,0.38865,0.48889,0.4422,0.39203,0.31226,0.5815,0.40914,0.89519,0.41035,0.19923,0.62901,0.53589,0.28942,0.18429,0.19488,0.22671,0.58074,0.29087,0.2757,0.433,0.36452,0.86043
1835,1.3293,0.61513,0.42028,0.42774,0.14076,0.38638,0.26316,0.81044,0.75977,0.43522,0.28264,0.563,0.35794,0.42185,0.22175,0.21237,0.40983,0.24681,0.15564,0.25637,0.29408,0.19227,0.39897,0.20674,0.40038,0.86848,0.61128,0.30029,0.29443,0.40163,0.49233,0.37792,0.41935,0.29557,0.59585,0.40996,0.88285,0.41155,0.20102,0.62497,0.53446,0.29127,0.1921,0.18715,0.21917,0.55353,0.29775,0.31433,0.38693,0.35413,0.85516
1836,1.1944,0.55512,0.40373,0.43844,0.17902,0.37946,0.28849,0.75345,0.7299,0.42713,0.29049,0.54089,0.36966,0.41337,0.19457,0.20319,0.37704,0.25395,0.19279,0.24885,0.33563,0.19706,0.40711,0.22507,0.41883,0.70762,0.62901,0.30428,0.28978,0.38536,0.49372,0.36181,0.40708,0.28754,0.59437,0.41186,0.86542,0.40405,0.19792,0.62562,0.54714,0.27855,0.21444,0.20045,0.20014,0.52454,0.26641,0.34356,0.36537,0.34794,0.8412
1837,1.1486,0.51271,0.34423,0.404,0.21313,0.3539,0.2867,0.72115,0.71336,0.428,0.30158,0.52667,0.36693,0.41959,0.19921,0.22055,0.35327,0.23568,0.21571,0.24553,0.33707,0.18659,0.4014,0.23113,0.44268,0.65686,0.61542,0.2738,0.24576,0.29644,0.46187,0.37205,0.37049,0.28923,0.59988,0.42199,0.85362,0.40232,0.20005,0.62914,0.54748,0.26771,0.23556,0.23148,0.22558,0.49991,0.24831,0.32634,0.36197,0.34717,0.83062
1838,1.1133,0.51377,0.27258,0.37889,0.27691,0.32658,0.26972,0.72274,0.71125,0.42239,0.30571,0.49786,0.36511,0.41091,0.22878,0.22739,0.3291,0.22844,0.23643,0.24654,0.31137,0.19016,0.39436,0.23302,0.44741,0.65236,0.6018,0.22785,0.21185,0.23691,0.42536,0.35585,0.32929,0.28145,0.637,0.43329,0.84208,0.41426,0.20589,0.62337,0.56915,0.25647,0.25116,0.24494,0.22539,0.47554,0.23374,0.28174,0.36446,0.34515,0.81004
1839,1.0116,0.51316,0.24245,0.39739,0.35577,0.33507,0.26204,0.72976,0.71493,0.41425,0.30087,0.47363,0.34669,0.39749,0.25312,0.20966,0.31122,0.22754,0.25601,0.22483,0.30577,0.1989,0.35847,0.23406,0.43132,0.59144,0.59387,0.19662,0.20926,0.20999,0.38072,0.32864,0.30195,0.26666,0.63492,0.42036,0.82953,0.41782,0.20137,0.62139,0.55728,0.23886,0.2049,0.23853,0.2207,0.47952,0.24788,0.30314,0.37692,0.34573,0.80889
1840,1.061,0.4978,0.23175,0.40969,0.40038,0.35575,0.27236,0.71656,0.68611,0.42104,0.2968,0.46464,0.32261,0.37684,0.23896,0.1852,0.35408,0.22773,0.2807,0.22546,0.30418,0.18974,0.32173,0.22842,0.41511,0.53322,0.59795,0.18295,0.18949,0.16766,0.36153,0.34233,0.29549,0.27031,0.60613,0.4132,0.82666,0.43053,0.19977,0.61815,0.53436,0.23715,0.19109,0.21728,0.23314,0.49872,0.24179,0.29927,0.33924,0.35844,0.81201
1841,1.0653,0.51733,0.25249,0.37304,0.31034,0.35608,0.26122,0.71298,0.69018,0.43526,0.26718,0.47042,0.31398,0.36912,0.25509,0.18311,0.44971,0.24285,0.22181,0.23442,0.28813,0.18265,0.3346,0.20377,0.4064,0.56697,0.59541,0.1851,0.16604,0.1491,0.35193,0.30074,0.2753,0.28867,0.6004,0.41091,0.835,0.42032,0.20628,0.60419,0.50597,0.2606,0.18062,0.18018,0.27322,0.51327,0.21047,0.28537,0.31715,0.37008,0.8278
1842,1.0473,0.51326,0.41138,0.48371,0.25052,0.35461,0.24027,0.73734,0.68919,0.41361,0.2521,0.46578,0.31887,0.36754,0.2592,0.19666,0.41026,0.20798,0.19802,0.27913,0.24646,0.20311,0.35632,0.19934,0.3869,0.60211,0.58691,0.17957,0.16024,0.1672,0.34822,0.22084,0.29587,0.29019,0.57514,0.39709,0.84632,0.39799,0.20622,0.58402,0.48582,0.2718,0.18331,0.16471,0.23678,0.50938,0.20199,0.27138,0.28822,0.37657,0.85022
1843,1.1012,0.52826,0.45615,0.7181,0.27649,0.38668,0.24053,0.72712,0.67364,0.41421,0.27006,0.4481,0.316,0.3489,0.21544,0.18708,0.35871,0.22479,0.25884,0.34754,0.32888,0.21222,0.31604,0.20641,0.3941,0.58035,0.63034,0.18314,0.15014,0.17983,0.33829,0.22823,0.30278,0.26851,0.54989,0.38147,0.85776,0.39669,0.18459,0.5765,0.4995,0.24574,0.19703,0.15305,0.20748,0.52667,0.17179,0.2536,0.26798,0.37804,0.84419
1844,1.0656,0.65521,0.53187,0.59624,0.22729,0.3814,0.24365,0.71626,0.66537,0.40573,0.28143,0.48046,0.32277,0.34055,0.21651,0.20873,0.3544,0.24796,0.26289,0.43886,0.39792,0.212,0.26207,0.21858,0.42461,0.59964,0.68537,0.20971,0.1347,0.16654,0.33085,0.2696,0.2878,0.24652,0.55595,0.38208,0.8435,0.4106,0.19109,0.59804,0.52561,0.22149,0.19305,0.16973,0.21741,0.51685,0.24197,0.2391,0.28658,0.38487,0.82597
1845,1.0098,0.64526,0.51881,0.42441,0.24434,0.39944,0.24364,0.68961,0.6472,0.36856,0.28886,0.46565,0.32796,0.35521,0.21998,0.24572,0.31959,0.20715,0.31299,0.42162,0.38533,0.22651,0.2376,0.21859,0.4314,0.63129,0.67084,0.18899,0.11387,0.15532,0.31209,0.2657,0.28846,0.21577,0.56684,0.38184,0.80306,0.41778,0.20267,0.61839,0.52673,0.21534,0.17572,0.19582,0.22094,0.50762,0.31011,0.25408,0.29134,0.39312,0.7999
1846,0.97011,0.60551,0.41899,0.38992,0.32636,0.51665,0.26785,0.69016,0.64618,0.38603,0.3038,0.43412,0.34057,0.35631,0.19442,0.24055,0.31017,0.26451,0.36015,0.33768,0.46377,0.25664,0.25324,0.21321,0.44374,0.70923,0.69635,0.1899,0.09848,0.13899,0.3029,0.31576,0.27538,0.19591,0.56333,0.3807,0.80266,0.44575,0.19596,0.61612,0.51554,0.22319,0.15739,0.19342,0.24486,0.52037,0.33292,0.2376,0.31287,0.40315,0.76834
1847,0.92736,0.6722,0.34912,0.37412,0.31454,0.59294,0.3318,0.73126,0.6557,0.4131,0.30297,0.44715,0.36892,0.34912,0.18055,0.24675,0.42648,0.38114,0.31993,0.33812,0.48677,0.27325,0.27506,0.20359,0.44174,0.74787,0.63588,0.22568,0.091522,0.11363,0.3176,0.33489,0.28391,0.19769,0.54632,0.39513,0.77689,0.46729,0.20171,0.61969,0.49676,0.25021,0.15059,0.23338,0.26888,0.51588,0.39263,0.21968,0.29532,0.39634,0.77444
1848,1.0194,0.64508,0.27247,0.35955,0.34843,0.54189,0.30503,0.74599,0.65276,0.39548,0.31145,0.44187,0.37114,0.3479,0.18438,0.27455,0.50825,0.39727,0.31525,0.34728,0.44711,0.27562,0.30156,0.17858,0.43991,0.66889,0.59998,0.20514,0.095833,0.11274,0.31701,0.28704,0.29176,0.22643,0.54491,0.39661,0.75125,0.4737,0.21092,0.61078,0.48266,0.28942,0.1827,0.25685,0.27904,0.51782,0.33685,0.21458,0.25652,0.38523,0.74314
1849,1.1739,0.61382,0.33738,0.37946,0.38787,0.43076,0.25836,0.76593,0.6592,0.39937,0.32576,0.40893,0.37719,0.34144,0.20862,0.29188,0.59983,0.38252,0.38753,0.36917,0.39526,0.29699,0.30831,0.1756,0.43452,0.60896,0.52221,0.23013,0.099554,0.11434,0.29213,0.2315,0.30155,0.25728,0.54985,0.39294,0.75237,0.44552,0.20587,0.60726,0.47773,0.32593,0.21602,0.27627,0.26474,0.50731,0.278,0.21953,0.25553,0.36863,0.72653
1850,1.2473,0.72623,0.50448,0.38798,0.31028,0.35731,0.2019,0.7682,0.64551,0.41075,0.31547,0.4215,0.35398,0.3273,0.22626,0.21379,0.5263,0.38652,0.35761,0.43019,0.42377,0.2823,0.22893,0.19714,0.4379,0.54022,0.46008,0.29969,0.096596,0.10819,0.29093,0.21773,0.2586,0.22344,0.53876,0.39305,0.80027,0.41069,0.20263,0.5906,0.48784,0.31739,0.19816,0.23556,0.21362,0.50821,0.25839,0.20323,0.26945,0.34285,0.71448
1851,1.2766,0.72831,0.58405,0.38498,0.23342,0.38052,0.19647,0.73499,0.62271,0.40139,0.314,0.48365,0.33138,0.34039,0.21856,0.20382,0.48865,0.39572,0.3137,0.45605,0.43678,0.27848,0.17935,0.20452,0.44557,0.47474,0.4657,0.28425,0.093623,0.11526,0.27957,0.23117,0.26291,0.22541,0.54806,0.39526,0.81995,0.39298,0.20224,0.61282,0.51339,0.32031,0.19374,0.23893,0.20947,0.51481,0.28808,0.20046,0.25332,0.32441,0.68923
1852,1.058,0.66576,0.45919,0.26041,0.23179,0.38295,0.17537,0.68532,0.60417,0.38561,0.29547,0.47493,0.31648,0.38244,0.22412,0.18992,0.38416,0.2971,0.2534,0.40409,0.4022,0.3002,0.14808,0.21578,0.49148,0.44119,0.48026,0.266,0.088492,0.12131,0.28947,0.26519,0.27996,0.25587,0.54365,0.40238,0.81535,0.37856,0.20249,0.58821,0.54661,0.31366,0.19107,0.21742,0.2418,0.51677,0.32153,0.27562,0.23812,0.31697,0.68197
1853,0.90272,0.59572,0.4646,0.34071,0.16937,0.38301,0.19417,0.70857,0.59845,0.39678,0.28278,0.48056,0.31222,0.38867,0.22654,0.19683,0.33031,0.32012,0.15549,0.37972,0.43096,0.31763,0.17634,0.22366,0.52703,0.457,0.52916,0.28771,0.073864,0.11218,0.35005,0.32904,0.29042,0.25755,0.54562,0.42327,0.86475,0.37479,0.20405,0.58735,0.55571,0.33037,0.18994,0.22582,0.27595,0.48716,0.39429,0.26761,0.25605,0.33258,0.66705
1854,0.88639,0.53494,0.44285,0.34387,0.11236,0.42434,0.2481,0.72012,0.59139,0.40583,0.27614,0.48834,0.29895,0.34724,0.23418,0.22315,0.35072,0.34625,0.15284,0.43601,0.40001,0.35772,0.21512,0.2179,0.47317,0.50582,0.55072,0.23686,0.069154,0.10955,0.41352,0.33136,0.29901,0.22961,0.51872,0.40957,0.86239,0.37573,0.18763,0.59979,0.53187,0.32793,0.19151,0.2341,0.27474,0.47943,0.33894,0.2759,0.22418,0.33555,0.63902
1855,0.94479,0.47357,0.41372,0.28096,0.18404,0.38902,0.29607,0.71373,0.63319,0.42141,0.28048,0.47573,0.3055,0.32301,0.23137,0.26951,0.38634,0.3187,0.2346,0.50996,0.35401,0.38432,0.25953,0.1879,0.46087,0.56765,0.51251,0.17284,0.069269,0.11139,0.43238,0.32641,0.3622,0.23455,0.50885,0.3832,0.80656,0.39246,0.18307,0.59021,0.51278,0.31169,0.21672,0.23108,0.27301,0.49197,0.2529,0.32135,0.23317,0.32536,0.66579
1856,1.1174,0.49244,0.4838,0.35673,0.28263,0.37089,0.29446,0.73228,0.68854,0.43022,0.27236,0.47387,0.3197,0.30836,0.238,0.31341,0.41153,0.30303,0.33849,0.48403,0.3345,0.31683,0.32431,0.19095,0.44292,0.61834,0.4825,0.18578,0.06924,0.1043,0.43412,0.29132,0.37753,0.21245,0.53117,0.38848,0.79844,0.41275,0.19875,0.6165,0.51588,0.30406,0.2325,0.21581,0.25549,0.5032,0.2569,0.30216,0.33174,0.33563,0.70586
1857,1.1622,0.55449,0.50609,0.36211,0.30352,0.40207,0.23331,0.69426,0.69229,0.42661,0.26617,0.45921,0.32658,0.29945,0.28086,0.31245,0.41317,0.29663,0.36135,0.40715,0.33879,0.29584,0.34007,0.22727,0.40634,0.62909,0.49567,0.21711,0.076969,0.10092,0.41495,0.24839,0.32309,0.20744,0.5428,0.38667,0.82756,0.40762,0.19729,0.64019,0.51452,0.26767,0.22161,0.1672,0.22788,0.52719,0.22817,0.25161,0.40624,0.34991,0.70286
1858,1.1111,0.57614,0.50761,0.3218,0.32289,0.43402,0.28902,0.67613,0.70275,0.4341,0.27512,0.47981,0.34657,0.33497,0.27688,0.29486,0.40903,0.35648,0.35383,0.36286,0.33446,0.32457,0.31766,0.24627,0.45598,0.64845,0.4675,0.20303,0.084256,0.10497,0.3993,0.34357,0.32816,0.25289,0.55026,0.38494,0.8229,0.39777,0.20176,0.62436,0.5215,0.25851,0.20152,0.19922,0.25905,0.53537,0.23755,0.19672,0.48257,0.35792,0.75066
1859,1.145,0.51516,0.46637,0.40925,0.33949,0.45586,0.28011,0.68247,0.69845,0.4149,0.26498,0.49792,0.34082,0.35967,0.23877,0.29444,0.37068,0.36697,0.33768,0.30754,0.35172,0.31589,0.2596,0.25966,0.49894,0.64445,0.43525,0.19079,0.089981,0.10498,0.34908,0.36969,0.33828,0.27194,0.5527,0.38596,0.81761,0.39797,0.20712,0.61325,0.52339,0.27339,0.19611,0.23983,0.29461,0.51463,0.2728,0.16932,0.48248,0.36589,0.77571
1860,1.2023,0.49251,0.41688,0.43146,0.37667,0.47648,0.26426,0.72021,0.71421,0.3985,0.26688,0.49958,0.34531,0.39096,0.23208,0.29286,0.36795,0.35611,0.31578,0.29249,0.39147,0.29926,0.24343,0.25824,0.50707,0.69095,0.49932,0.20915,0.093982,0.09725,0.34515,0.45424,0.32829,0.28142,0.56199,0.3808,0.82835,0.42663,0.21338,0.61858,0.52718,0.27702,0.19176,0.25639,0.31818,0.49087,0.32442,0.19434,0.41228,0.36758,0.78294
1861,1.2653,0.45467,0.38435,0.47069,0.36458,0.41759,0.18841,0.70322,0.69378,0.37448,0.2906,0.48237,0.31365,0.39519,0.26152,0.26847,0.38378,0.35832,0.26581,0.29434,0.52599,0.32173,0.20653,0.23561,0.47807,0.66137,0.59508,0.21615,0.092753,0.10282,0.33808,0.38716,0.29191,0.28047,0.5495,0.36285,0.83113,0.43587,0.19839,0.61466,0.52185,0.26199,0.20393,0.2304,0.30835,0.46137,0.31929,0.23643,0.30161,0.36152,0.73886
1862,1.3426,0.45583,0.43613,0.36853,0.32848,0.35918,0.22019,0.70069,0.68117,0.3961,0.32201,0.50025,0.31239,0.41329,0.2747,0.25,0.40364,0.32555,0.26071,0.3378,0.54903,0.32207,0.20556,0.18796,0.4512,0.67232,0.59567,0.21049,0.085273,0.11024,0.365,0.30176,0.31084,0.2892,0.53576,0.35408,0.77922,0.43194,0.19552,0.61216,0.51449,0.26455,0.22168,0.22611,0.2865,0.46164,0.292,0.23887,0.25775,0.34366,0.76367
1863,1.3365,0.45999,0.44723,0.37068,0.3756,0.3895,0.20116,0.72399,0.66174,0.39476,0.30054,0.50451,0.33532,0.38944,0.20792,0.29619,0.37723,0.26649,0.25174,0.31789,0.52587,0.26761,0.22689,0.17705,0.42584,0.62346,0.57317,0.23443,0.081655,0.098264,0.366,0.2293,0.30241,0.27148,0.52112,0.35095,0.75418,0.42781,0.19991,0.61369,0.50387,0.28507,0.21396,0.21326,0.30408,0.46227,0.31997,0.2984,0.26046,0.33816,0.74438
1864,1.2423,0.54652,0.48801,0.4079,0.42307,0.48758,0.2089,0.72917,0.66579,0.38737,0.27795,0.46401,0.34417,0.37647,0.20639,0.33745,0.41318,0.3049,0.18988,0.31203,0.61402,0.25965,0.2956,0.18605,0.40804,0.56544,0.55291,0.24678,0.08227,0.10188,0.37169,0.30381,0.29411,0.25607,0.50085,0.35912,0.76449,0.40838,0.19564,0.60863,0.52227,0.26053,0.20981,0.22878,0.29612,0.45715,0.3407,0.31145,0.30156,0.35029,0.70971
1865,1.3723,0.62896,0.59402,0.36037,0.31133,0.4408,0.33477,0.75532,0.67568,0.39677,0.28116,0.44468,0.35303,0.39126,0.22508,0.32685,0.42113,0.39147,0.12468,0.35945,0.5539,0.26851,0.41401,0.18995,0.40329,0.61338,0.50176,0.26176,0.073971,0.11424,0.41236,0.37986,0.33712,0.26396,0.52272,0.36953,0.78453,0.39156,0.18249,0.62743,0.53326,0.25233,0.22877,0.25321,0.28086,0.46578,0.30024,0.19948,0.29045,0.33431,0.73401
1866,1.5476,0.63862,0.64176,0.35842,0.20895,0.3877,0.37076,0.77181,0.676,0.36773,0.28648,0.44465,0.3455,0.37532,0.18791,0.33122,0.36562,0.45081,0.10907,0.38098,0.48918,0.26315,0.49589,0.21038,0.42016,0.60077,0.48006,0.27533,0.067666,0.10168,0.38485,0.41503,0.34741,0.24618,0.55509,0.35487,0.79646,0.3968,0.17041,0.63762,0.51973,0.28098,0.2109,0.21802,0.32643,0.44766,0.26089,0.18748,0.25685,0.31927,0.71716
1867,1.6442,0.69423,0.68158,0.40064,0.20832,0.45955,0.36804,0.75792,0.68333,0.37115,0.27518,0.43393,0.32461,0.38653,0.24181,0.29454,0.31854,0.46421,0.14161,0.39141,0.47468,0.2902,0.47756,0.22181,0.435,0.54062,0.49537,0.24181,0.067885,0.095497,0.35071,0.4722,0.37085,0.2462,0.55058,0.35327,0.79546,0.41577,0.16992,0.6453,0.52434,0.26995,0.20542,0.19608,0.2897,0.42905,0.27785,0.21895,0.26769,0.33091,0.74853
1868,1.7473,0.66863,0.587,0.29883,0.28118,0.42593,0.33867,0.72486,0.6573,0.41984,0.27228,0.41639,0.33332,0.39467,0.32205,0.22544,0.31828,0.40835,0.16227,0.39796,0.38192,0.30188,0.42848,0.21069,0.42286,0.49538,0.53964,0.22711,0.071653,0.087583,0.36301,0.3432,0.37979,0.27727,0.54251,0.35548,0.77727,0.4324,0.16772,0.68036,0.53189,0.25355,0.20376,0.16331,0.21801,0.44657,0.28917,0.1831,0.23389,0.32905,0.81854
1869,1.6024,0.6225,0.43897,0.23683,0.36886,0.41517,0.27849,0.70144,0.61942,0.41683,0.28442,0.43267,0.3424,0.36658,0.29673,0.24325,0.36724,0.4507,0.17773,0.42359,0.38127,0.26406,0.3839,0.21721,0.42004,0.42639,0.60933,0.23851,0.077672,0.085618,0.3689,0.20671,0.35187,0.29071,0.53597,0.34709,0.74954,0.4327,0.17812,0.71083,0.51887,0.2638,0.18099,0.13383,0.21968,0.43867,0.25526,0.22212,0.2159,0.33262,0.78271
1870,1.4846,0.67955,0.33973,0.25307,0.39931,0.49428,0.31183,0.68906,0.61157,0.40455,0.26639,0.44458,0.3379,0.35614,0.28217,0.26194,0.32204,0.46753,0.20651,0.43124,0.40723,0.29727,0.34918,0.22406,0.43911,0.43106,0.6483,0.22207,0.07553,0.092422,0.37671,0.21968,0.35455,0.2915,0.536,0.34805,0.72381,0.41315,0.19475,0.72008,0.49154,0.24512,0.17586,0.1756,0.24931,0.44143,0.22233,0.2901,0.24236,0.34703,0.75875
1871,1.4272,0.71796,0.33711,0.29717,0.49276,0.54446,0.35518,0.6862,0.60045,0.39697,0.25663,0.46302,0.33781,0.358,0.28158,0.25516,0.34679,0.44939,0.2117,0.44532,0.44852,0.29453,0.31725,0.21837,0.47125,0.47702,0.61998,0.20668,0.075707,0.097937,0.38713,0.23312,0.35947,0.29629,0.52622,0.35269,0.70145,0.4056,0.18991,0.70635,0.48285,0.24573,0.17667,0.21189,0.26545,0.44445,0.22005,0.37185,0.25794,0.36063,0.73721
1872,1.4828,0.6835,0.29413,0.2539,0.39402,0.49338,0.41539,0.67583,0.6157,0.38929,0.25483,0.45175,0.33289,0.3641,0.28545,0.24777,0.38693,0.35655,0.1967,0.43177,0.46236,0.34379,0.32227,0.20752,0.50439,0.65468,0.57516,0.20393,0.069013,0.093598,0.4113,0.28417,0.37912,0.28307,0.54349,0.34322,0.69586,0.39268,0.17296,0.69586,0.47201,0.24652,0.19426,0.23702,0.25846,0.47298,0.19387,0.35593,0.21164,0.34606,0.73161
1873,1.5207,0.67173,0.32355,0.34361,0.21546,0.46735,0.37274,0.68808,0.65798,0.37124,0.2905,0.48535,0.32052,0.36987,0.25887,0.28664,0.42667,0.34323,0.1857,0.44405,0.53484,0.35227,0.32096,0.18959,0.52547,0.71334,0.56886,0.23915,0.067088,0.089747,0.41847,0.3232,0.39031,0.26747,0.56952,0.35135,0.7122,0.38309,0.15712,0.72392,0.47973,0.28459,0.22768,0.18883,0.2638,0.46584,0.21647,0.41564,0.19431,0.33497,0.70889
1874,1.5155,0.72528,0.38271,0.65446,0.18128,0.52777,0.37928,0.70705,0.67712,0.4,0.29329,0.50437,0.31981,0.37141,0.24516,0.24736,0.32409,0.3608,0.20342,0.42722,0.47074,0.3115,0.30979,0.17533,0.5476,0.68735,0.57314,0.25438,0.065195,0.090987,0.39327,0.38525,0.41689,0.26297,0.57012,0.36748,0.72774,0.36851,0.14188,0.73261,0.48645,0.29295,0.23332,0.16644,0.27594,0.46409,0.29442,0.33392,0.26593,0.34325,0.72261
1875,1.6878,0.67165,0.31167,0.53474,0.24826,0.48914,0.3519,0.67445,0.66112,0.46254,0.27781,0.50078,0.31923,0.3558,0.24812,0.20748,0.31273,0.35611,0.22871,0.36935,0.32864,0.28267,0.33732,0.18494,0.54558,0.61351,0.50708,0.23185,0.057275,0.093457,0.39987,0.39899,0.4608,0.25202,0.56161,0.35498,0.75586,0.37866,0.1308,0.71845,0.47722,0.30017,0.21085,0.11992,0.25301,0.46558,0.28993,0.1809,0.36846,0.34304,0.76195
1876,1.9651,0.67606,0.22615,0.38125,0.38866,0.45167,0.32366,0.64466,0.66071,0.46761,0.27687,0.50924,0.31613,0.33427,0.2369,0.25415,0.34009,0.42391,0.21452,0.32695,0.27826,0.26179,0.31511,0.19243,0.50183,0.50018,0.50956,0.20865,0.055199,0.099544,0.41314,0.37569,0.43869,0.26242,0.54023,0.3757,0.77998,0.37862,0.1414,0.74994,0.49205,0.31797,0.19801,0.10405,0.25739,0.46291,0.26814,0.18485,0.42163,0.33632,0.7541
1877,1.7911,0.71507,0.21223,0.35419,0.57279,0.37429,0.33468,0.6486,0.66613,0.45026,0.2579,0.49974,0.32385,0.31829,0.24051,0.24772,0.35735,0.58396,0.17352,0.27332,0.25602,0.22137,0.306,0.18547,0.47199,0.54231,0.55602,0.21002,0.058458,0.10148,0.36115,0.34323,0.38609,0.29463,0.50827,0.38026,0.77768,0.35077,0.14574,0.7469,0.48811,0.2888,0.19204,0.12946,0.26504,0.44909,0.27265,0.23474,0.40399,0.33265,0.75272
1878,1.4977,0.67016,0.25214,0.33525,0.61941,0.31345,0.28529,0.61948,0.66784,0.45101,0.24883,0.50239,0.33024,0.33042,0.27366,0.23274,0.43245,0.51354,0.18395,0.27689,0.22666,0.23628,0.34511,0.19405,0.44536,0.63407,0.51846,0.21119,0.055795,0.10359,0.36072,0.3175,0.3338,0.30552,0.50997,0.34785,0.7621,0.35913,0.1365,0.72735,0.46046,0.25245,0.17457,0.1429,0.2566,0.4434,0.25995,0.28719,0.35425,0.33189,0.77849
1879,1.3831,0.62594,0.32859,0.34084,0.46877,0.30902,0.21872,0.6204,0.68109,0.44074,0.26001,0.50955,0.34176,0.33589,0.27112,0.25925,0.44331,0.36995,0.20895,0.31632,0.29909,0.27936,0.35586,0.20224,0.43816,0.62779,0.54828,0.218,0.056342,0.093761,0.35002,0.29266,0.27846,0.31431,0.51759,0.34418,0.75003,0.37402,0.13046,0.76915,0.485,0.25408,0.16622,0.14182,0.28063,0.46052,0.29753,0.34677,0.32741,0.32484,0.7623
1880,1.315,0.56753,0.43925,0.38439,0.3678,0.28581,0.20682,0.6448,0.67355,0.43705,0.26722,0.50005,0.33548,0.33802,0.24303,0.22235,0.36173,0.39991,0.17647,0.28163,0.36538,0.26393,0.40819,0.19328,0.43638,0.57192,0.68356,0.21864,0.060245,0.089505,0.31498,0.27376,0.26693,0.32242,0.51228,0.34774,0.74802,0.3661,0.11864,0.75879,0.4883,0.25288,0.16537,0.14349,0.27833,0.45344,0.30622,0.31108,0.29951,0.3173,0.73869
1881,1.1719,0.52208,0.58778,0.41014,0.30074,0.24706,0.20475,0.6912,0.64922,0.44005,0.27031,0.46565,0.32627,0.33549,0.21796,0.20915,0.31769,0.43641,0.18358,0.28185,0.38386,0.26428,0.45816,0.19353,0.45682,0.53866,0.81903,0.22963,0.051021,0.088405,0.30898,0.2764,0.28121,0.32304,0.51608,0.34569,0.75011,0.37714,0.10932,0.72595,0.48818,0.23602,0.16642,0.12081,0.25798,0.43647,0.28837,0.29497,0.30553,0.33442,0.73727
1882,1.2803,0.5292,0.53107,0.42693,0.28452,0.31585,0.25241,0.70195,0.63065,0.45052,0.27808,0.44486,0.32232,0.34548,0.19175,0.19848,0.24726,0.45338,0.28243,0.31954,0.36619,0.28952,0.44809,0.23095,0.48098,0.4786,0.80809,0.20946,0.047484,0.083558,0.37377,0.31936,0.30227,0.33691,0.52835,0.33504,0.75366,0.3977,0.10027,0.74164,0.48978,0.22453,0.15189,0.11215,0.26923,0.4377,0.30947,0.297,0.30664,0.34419,0.74178
1883,1.5444,0.55371,0.42462,0.47323,0.25582,0.34487,0.3038,0.71573,0.61303,0.45366,0.27058,0.42922,0.3075,0.34251,0.1867,0.21068,0.23973,0.38226,0.29759,0.31047,0.41589,0.30076,0.48244,0.2368,0.49733,0.46935,0.78396,0.21135,0.046095,0.079483,0.42751,0.35339,0.30557,0.34255,0.51527,0.35213,0.74782,0.41518,0.10182,0.74287,0.50859,0.24514,0.15233,0.11774,0.2917,0.42805,0.33055,0.34411,0.29152,0.33514,0.75422
1884,1.5873,0.5875,0.39645,0.52865,0.21715,0.3451,0.31989,0.76361,0.62086,0.41079,0.25958,0.3962,0.29176,0.34428,0.2007,0.25486,0.28425,0.34586,0.241,0.28551,0.40091,0.28888,0.47943,0.21202,0.51026,0.50184,0.76059,0.19659,0.046316,0.080621,0.41722,0.38558,0.29326,0.33664,0.48801,0.34441,0.74282,0.37063,0.10415,0.74623,0.50543,0.25096,0.17135,0.15659,0.2476,0.38826,0.28334,0.43946,0.26425,0.32011,0.78553
1885,1.4891,0.6242,0.39705,0.65803,0.28455,0.36159,0.29896,0.76368,0.63489,0.38295,0.25427,0.40963,0.30617,0.35586,0.23118,0.275,0.37721,0.3371,0.25364,0.341,0.37909,0.28591,0.40185,0.19757,0.51506,0.51675,0.69792,0.20868,0.049273,0.085818,0.43108,0.39574,0.27653,0.31597,0.50921,0.34018,0.76094,0.35278,0.11484,0.74781,0.4773,0.24424,0.18114,0.1987,0.2314,0.37767,0.28032,0.45754,0.29599,0.32394,0.8042
1886,1.5235,0.60677,0.31752,0.5453,0.28747,0.38755,0.25662,0.74581,0.63506,0.38439,0.24998,0.43001,0.32818,0.35692,0.25058,0.26446,0.45716,0.28284,0.24448,0.35003,0.34193,0.30785,0.37507,0.22091,0.48018,0.5343,0.60663,0.23253,0.052164,0.090436,0.40448,0.37875,0.26234,0.31112,0.52126,0.33418,0.78506,0.36463,0.12087,0.76412,0.47846,0.24525,0.19268,0.22164,0.23961,0.38575,0.29503,0.40828,0.3259,0.32349,0.79785
1887,1.5099,0.65693,0.2864,0.43156,0.22262,0.39577,0.27511,0.73669,0.64507,0.39079,0.26135,0.42736,0.32438,0.35698,0.24642,0.24445,0.40683,0.26927,0.18092,0.31054,0.28918,0.31136,0.4412,0.22319,0.43134,0.53031,0.51598,0.24413,0.048837,0.084533,0.34628,0.34957,0.28505,0.27561,0.52804,0.31292,0.7658,0.35475,0.11973,0.76779,0.46612,0.24679,0.19848,0.19876,0.21341,0.3903,0.23242,0.37332,0.33658,0.31467,0.77386
1888,1.436,0.78545,0.30666,0.40167,0.28511,0.44806,0.30274,0.72224,0.65229,0.40175,0.2601,0.45413,0.33091,0.34687,0.23874,0.24418,0.35133,0.37048,0.19098,0.29545,0.31773,0.3034,0.46021,0.19684,0.41976,0.50204,0.49917,0.26376,0.047526,0.086674,0.33403,0.36975,0.3328,0.26538,0.53534,0.31787,0.73908,0.3758,0.12757,0.76131,0.44743,0.24483,0.20534,0.18149,0.2205,0.40555,0.28157,0.31891,0.30867,0.32932,0.76121
1889,1.502,0.71836,0.282,0.32286,0.29178,0.47378,0.25762,0.72509,0.61398,0.4095,0.25025,0.45357,0.33219,0.35182,0.23778,0.26449,0.30447,0.36415,0.24198,0.29623,0.31267,0.30439,0.43328,0.19532,0.42198,0.46144,0.50335,0.29054,0.04842,0.090283,0.35585,0.35568,0.33128,0.26991,0.51592,0.33634,0.72818,0.40778,0.12458,0.75573,0.45413,0.24353,0.20964,0.18073,0.24593,0.4221,0.30381,0.2085,0.22526,0.33985,0.76388
1890,1.5349,0.75329,0.28331,0.32999,0.2756,0.50275,0.2751,0.74345,0.59748,0.43038,0.26564,0.4354,0.32753,0.35206,0.26099,0.30942,0.34052,0.33214,0.27559,0.34507,0.27429,0.28901,0.44157,0.18925,0.45134,0.51969,0.51619,0.30625,0.047311,0.088471,0.37397,0.32011,0.35041,0.26827,0.51584,0.32844,0.71826,0.38828,0.11136,0.76566,0.45737,0.24534,0.19415,0.17396,0.26994,0.41526,0.26958,0.16237,0.20463,0.32703,0.74908
1891,1.5172,0.83152,0.26965,0.3922,0.31097,0.50842,0.29732,0.75288,0.60482,0.42795,0.27527,0.44742,0.33842,0.32979,0.26992,0.32763,0.36035,0.37471,0.27003,0.36087,0.29626,0.26412,0.43286,0.16685,0.48211,0.60994,0.60994,0.28938,0.046468,0.085562,0.40067,0.30994,0.36662,0.24587,0.51777,0.31628,0.72816,0.38777,0.11373,0.77062,0.46371,0.25152,0.18008,0.18931,0.27962,0.41321,0.2713,0.21149,0.19795,0.31938,0.73489
1892,1.4178,0.81411,0.28549,0.40139,0.29954,0.50632,0.28069,0.73832,0.59832,0.40247,0.28957,0.49036,0.32894,0.30932,0.2556,0.29617,0.37584,0.38118,0.21364,0.34462,0.32105,0.24445,0.39757,0.16249,0.49468,0.58889,0.78465,0.25668,0.045704,0.08763,0.3888,0.32606,0.31962,0.28277,0.49911,0.30324,0.76698,0.37491,0.11249,0.75091,0.46622,0.25467,0.17649,0.18553,0.25208,0.39359,0.26886,0.1929,0.28032,0.31232,0.69982
1893,1.3579,0.83833,0.22062,0.24219,0.17468,0.46702,0.30196,0.72576,0.60793,0.38165,0.27696,0.49158,0.33691,0.33485,0.27042,0.23167,0.45218,0.33728,0.14142,0.35372,0.28687,0.27044,0.36581,0.19373,0.44213,0.5885,0.82357,0.22453,0.045574,0.08592,0.39753,0.32635,0.29888,0.31408,0.49359,0.2972,0.7589,0.37061,0.09825,0.7433,0.45539,0.25736,0.18828,0.16356,0.22623,0.41142,0.28125,0.19887,0.36098,0.31732,0.6857
1894,1.2611,0.86584,0.21934,0.21413,0.16705,0.41788,0.31948,0.71263,0.64099,0.38321,0.27133,0.47002,0.34217,0.34807,0.27187,0.2213,0.44791,0.33328,0.10585,0.35439,0.28543,0.26675,0.35444,0.19637,0.44364,0.69016,0.78117,0.21074,0.042494,0.075257,0.37084,0.35331,0.35515,0.31436,0.50554,0.29246,0.77295,0.3735,0.09724,0.71319,0.46212,0.26119,0.17893,0.15573,0.20544,0.41769,0.31248,0.22515,0.37996,0.31697,0.67764
1895,1.2134,0.92705,0.24958,0.24018,0.20424,0.32134,0.34375,0.73169,0.67745,0.37221,0.24944,0.47561,0.32975,0.36155,0.24041,0.21555,0.39697,0.37195,0.10253,0.3203,0.32562,0.2664,0.36475,0.18166,0.45076,0.69707,0.70628,0.21835,0.041135,0.073948,0.34759,0.41409,0.40628,0.32193,0.50516,0.29875,0.7393,0.38402,0.10349,0.71966,0.47759,0.27349,0.17292,0.15095,0.18221,0.40155,0.3741,0.23518,0.35736,0.30988,0.68634
1896,1.24,0.76907,0.33997,0.27104,0.23417,0.30662,0.30231,0.75507,0.66776,0.33682,0.23257,0.44297,0.32215,0.37279,0.23163,0.20739,0.38553,0.40966,0.11529,0.27989,0.34914,0.23384,0.33876,0.17384,0.43858,0.56795,0.58076,0.22989,0.044481,0.078037,0.33938,0.44049,0.36074,0.31164,0.48883,0.30912,0.70517,0.36759,0.10591,0.72565,0.47638,0.25976,0.18953,0.1438,0.17198,0.39536,0.31278,0.2545,0.25666,0.30209,0.6834
1897,1.3251,0.71574,0.36547,0.26644,0.30173,0.3319,0.26593,0.72566,0.66578,0.36308,0.25141,0.42925,0.35809,0.37335,0.24709,0.20119,0.43807,0.54747,0.14754,0.32735,0.37051,0.22732,0.32062,0.1789,0.45344,0.5337,0.58858,0.24677,0.046636,0.082337,0.302,0.42754,0.38178,0.30552,0.51242,0.31189,0.73703,0.34744,0.095207,0.72677,0.45771,0.28694,0.19314,0.1494,0.19827,0.40181,0.27461,0.27391,0.24479,0.30496,0.68326
1898,1.3671,0.70798,0.35109,0.29333,0.35973,0.34276,0.2701,0.7082,0.66762,0.40922,0.25216,0.4567,0.38107,0.35411,0.22862,0.18882,0.38398,0.63145,0.17724,0.31306,0.40542,0.24812,0.28737,0.18225,0.49706,0.54263,0.57512,0.25048,0.043842,0.083482,0.23721,0.38911,0.375,0.3135,0.52528,0.30194,0.74291,0.34079,0.091642,0.7449,0.4741,0.30558,0.17791,0.17221,0.24119,0.38687,0.2367,0.29284,0.22695,0.29721,0.66302
1899,1.4849,0.76739,0.34002,0.34694,0.30809,0.47199,0.2715,0.69564,0.66272,0.4067,0.24036,0.4539,0.36479,0.33526,0.21633,0.19545,0.4064,0.52035,0.18131,0.27223,0.43766,0.24725,0.2764,0.19182,0.482,0.54524,0.55948,0.25074,0.042868,0.082538,0.28287,0.3764,0.30219,0.29869,0.49051,0.29177,0.68694,0.33244,0.10014,0.77786,0.49879,0.28159,0.16692,0.16164,0.25237,0.38171,0.21976,0.36626,0.2132,0.29495,0.627
1900,1.6019,0.80161,0.25275,0.34335,0.29168,0.61309,0.28288,0.70074,0.65715,0.40918,0.23488,0.40937,0.33318,0.32594,0.23438,0.20445,0.48573,0.39873,0.17595,0.28935,0.36397,0.26151,0.29022,0.20491,0.46909,0.58542,0.62552,0.28995,0.041422,0.082484,0.38791,0.3858,0.27013,0.27052,0.4938,0.30584,0.68038,0.33513,0.10277,0.77869,0.48358,0.28573,0.17702,0.17549,0.23906,0.38329,0.25076,0.4098,0.22934,0.31484,0.62836
1901,1.5735,0.7817,0.23112,0.36766,0.24389,0.52646,0.31487,0.72148,0.6247,0.42016,0.21981,0.38947,0.29748,0.31174,0.23593,0.21622,0.47683,0.30172,0.17156,0.28122,0.25109,0.29177,0.31993,0.2033,0.48523,0.59284,0.60241,0.34301,0.039051,0.084452,0.34685,0.39928,0.26867,0.2916,0.50469,0.33478,0.64224,0.33758,0.10877,0.76599,0.48391,0.26306,0.17665,0.20197,0.24745,0.35568,0.26962,0.37465,0.20378,0.3153,0.62951
1902,1.6179,0.72977,0.26937,0.43444,0.2425,0.53675,0.29954,0.73488,0.62063,0.44425,0.22417,0.38295,0.2913,0.32297,0.22141,0.25469,0.48841,0.26872,0.17061,0.26345,0.25029,0.29213,0.36186,0.19515,0.49174,0.57853,0.57242,0.34801,0.038981,0.088246,0.29684,0.41901,0.26481,0.30665,0.48513,0.33364,0.61927,0.33869,0.13193,0.76604,0.49956,0.24634,0.17307,0.20031,0.2438,0.32805,0.3214,0.39433,0.23067,0.31361,0.64333
1903,1.8205,0.73932,0.26623,0.48363,0.2856,0.52634,0.29827,0.76324,0.58216,0.43207,0.22387,0.39544,0.28301,0.33782,0.2152,0.27424,0.43614,0.2638,0.28489,0.26143,0.25783,0.29684,0.3556,0.19117,0.45164,0.4381,0.54324,0.3471,0.042899,0.10309,0.30554,0.45227,0.28667,0.31292,0.4655,0.29902,0.61255,0.33136,0.12975,0.79235,0.50022,0.26181,0.16767,0.20353,0.24074,0.33672,0.35731,0.38835,0.22379,0.31023,0.65299
1904,1.8592,0.66243,0.26939,0.41103,0.28251,0.50818,0.29257,0.7652,0.58233,0.39669,0.24162,0.40861,0.30713,0.34346,0.23529,0.26628,0.38401,0.27021,0.36714,0.29974,0.27338,0.31277,0.32706,0.17711,0.44833,0.40167,0.59768,0.34835,0.04655,0.11066,0.30087,0.40605,0.28848,0.30592,0.45903,0.27236,0.63147,0.31811,0.09433,0.79806,0.46333,0.28062,0.16395,0.23832,0.25937,0.35476,0.26911,0.351,0.22004,0.31301,0.65435
1905,1.8038,0.64096,0.29939,0.34378,0.27907,0.43752,0.29162,0.74757,0.6033,0.3752,0.25363,0.42963,0.33963,0.34461,0.23718,0.2586,0.33786,0.31177,0.34048,0.32018,0.28884,0.31918,0.32394,0.18201,0.45638,0.38023,0.63797,0.29159,0.04856,0.10969,0.2366,0.39522,0.29592,0.32702,0.4395,0.2453,0.63744,0.31845,0.088861,0.80413,0.45409,0.27105,0.16846,0.23956,0.27082,0.36505,0.25277,0.42411,0.24064,0.29936,0.64347
1906,1.8442,0.70222,0.31185,0.33967,0.35909,0.49529,0.26454,0.75812,0.61494,0.37122,0.26993,0.45608,0.36175,0.37495,0.24699,0.29709,0.3113,0.38845,0.3693,0.35446,0.3649,0.29503,0.36883,0.20678,0.46979,0.4053,0.65433,0.23548,0.050024,0.11272,0.25476,0.40832,0.30943,0.30368,0.4315,0.22697,0.64727,0.33786,0.098316,0.88443,0.48396,0.25035,0.17475,0.21224,0.27741,0.3779,0.29759,0.36801,0.28717,0.30412,0.64574
1907,1.6824,0.63168,0.24105,0.31526,0.39996,0.48056,0.26317,0.75984,0.62129,0.35208,0.27651,0.44829,0.34035,0.36801,0.25521,0.32086,0.33196,0.34989,0.26113,0.37166,0.34312,0.27094,0.40483,0.22007,0.43824,0.48625,0.62983,0.25742,0.052744,0.12328,0.31701,0.45604,0.30735,0.27277,0.45883,0.22255,0.63559,0.33933,0.088858,0.90963,0.48292,0.24346,0.19134,0.18722,0.28031,0.3791,0.29962,0.34703,0.28408,0.30714,0.63846
1908,1.5829,0.66793,0.23187,0.3075,0.31802,0.40363,0.289,0.75882,0.62255,0.34607,0.29462,0.43116,0.33704,0.34528,0.23308,0.28324,0.39547,0.35229,0.2181,0.42765,0.2564,0.26664,0.38844,0.20997,0.44556,0.55644,0.62477,0.30766,0.056867,0.14212,0.32128,0.44857,0.29621,0.26972,0.48363,0.24264,0.62275,0.33885,0.083629,0.85219,0.47566,0.24411,0.21086,0.18791,0.28111,0.35245,0.25141,0.3909,0.32676,0.30159,0.6318
1909,1.575,0.73685,0.23613,0.4126,0.26869,0.46396,0.28903,0.77269,0.6358,0.36473,0.29335,0.42968,0.34761,0.35623,0.21269,0.28017,0.46057,0.3701,0.20136,0.45198,0.25293,0.2551,0.42703,0.20871,0.46644,0.66749,0.64573,0.28244,0.06317,0.15127,0.31218,0.4214,0.29441,0.29731,0.48919,0.26073,0.59709,0.34608,0.10633,0.86422,0.49815,0.26452,0.21969,0.18705,0.27767,0.34911,0.25179,0.40839,0.35162,0.29621,0.6442
1910,1.564,0.70824,0.20535,0.4869,0.26455,0.41874,0.23404,0.72898,0.65386,0.36821,0.2802,0.4222,0.34774,0.36514,0.22879,0.24253,0.51424,0.35999,0.18469,0.37804,0.32843,0.25835,0.45409,0.18762,0.43169,0.64712,0.5967,0.28915,0.068111,0.16547,0.33529,0.3818,0.29609,0.32499,0.47115,0.25845,0.5607,0.31378,0.1052,0.89581,0.52561,0.27844,0.20505,0.19389,0.26671,0.35182,0.21246,0.42042,0.33832,0.28532,0.62258
1911,1.6626,0.76816,0.22678,0.49411,0.35906,0.40923,0.22033,0.72888,0.67195,0.37281,0.2846,0.40727,0.35415,0.3757,0.24886,0.22658,0.59054,0.47464,0.19976,0.34855,0.3805,0.27806,0.43772,0.16905,0.4656,0.61087,0.61031,0.31684,0.069837,0.18811,0.3838,0.38091,0.28921,0.33199,0.44971,0.24652,0.57511,0.30813,0.091153,0.93844,0.52787,0.2916,0.20032,0.21452,0.25996,0.34731,0.18692,0.38182,0.34833,0.28746,0.6146
1912,1.6737,0.81659,0.30087,0.50329,0.40405,0.54379,0.24828,0.77579,0.67662,0.39229,0.27643,0.40552,0.37205,0.38378,0.25434,0.27395,0.5861,0.49837,0.18534,0.32606,0.39239,0.28155,0.47849,0.17867,0.51252,0.66664,0.60265,0.28826,0.070787,0.17952,0.3702,0.41498,0.29529,0.34165,0.42998,0.23662,0.5771,0.3316,0.094041,1.039,0.52252,0.29724,0.20012,0.18032,0.25181,0.34539,0.21515,0.35413,0.31726,0.3021,0.61147
1913,1.8482,0.82531,0.29904,0.52682,0.33363,0.50843,0.28569,0.75803,0.66921,0.44062,0.26196,0.41031,0.35819,0.3835,0.24867,0.26469,0.56384,0.46526,0.21446,0.32283,0.41167,0.27173,0.50997,0.18433,0.51036,0.72624,0.63419,0.28763,0.072879,0.18324,0.35997,0.44292,0.31407,0.35029,0.41948,0.24319,0.56473,0.33841,0.10042,1.1087,0.52754,0.28954,0.20817,0.14849,0.24327,0.34436,0.19595,0.37432,0.28191,0.29908,0.61383
1914,2.0669,0.83962,0.31222,0.53669,0.31964,0.46144,0.26756,0.71288,0.62785,0.47451,0.27426,0.45131,0.35104,0.3866,0.23112,0.27431,0.5391,0.44067,0.21651,0.31911,0.44179,0.26276,0.52619,0.18816,0.50243,0.75236,0.67899,0.31432,0.076583,0.2125,0.35897,0.49715,0.33705,0.333,0.43658,0.23997,0.54999,0.34106,0.098236,1.1875,0.50517,0.26494,0.20147,0.14588,0.25407,0.33657,0.2176,0.35358,0.30366,0.28989,0.59369
1915,2.121,0.84546,0.30947,0.53799,0.34449,0.43491,0.2905,0.72031,0.62274,0.46929,0.28225,0.46266,0.35421,0.39026,0.21792,0.26619,0.54708,0.41977,0.21302,0.34489,0.35602,0.23829,0.55927,0.19032,0.51008,0.83572,0.72635,0.32891,0.084252,0.22189,0.33548,0.53602,0.33481,0.35612,0.45574,0.23327,0.56945,0.32831,0.091718,1.2052,0.50827,0.26232,0.19647,0.18979,0.27197,0.33518,0.23293,0.30547,0.35925,0.28518,0.59049
1916,2.2949,0.88092,0.33838,0.56892,0.31216,0.42733,0.33492,0.72731,0.6171,0.44258,0.27412,0.46093,0.35801,0.41363,0.21809,0.26385,0.47439,0.43958,0.22181,0.34266,0.30514,0.23663,0.59116,0.19838,0.52142,0.81928,0.74454,0.30796,0.092448,0.20202,0.32717,0.48155,0.33092,0.39747,0.4582,0.24546,0.55793,0.32987,0.091887,1.1614,0.5061,0.25497,0.19042,0.1875,0.28777,0.3332,0.24053,0.34798,0.40593,0.27908,0.62308
1917,2.2759,0.91716,0.28555,0.59078,0.36287,0.36732,0.30592,0.69839,0.62069,0.41534,0.272,0.48023,0.3632,0.41645,0.24731,0.24176,0.45823,0.50969,0.20775,0.30462,0.33355,0.24501,0.64779,0.21036,0.50394,0.73812,0.71945,0.29881,0.10473,0.21718,0.36128,0.42613,0.35171,0.41317,0.46635,0.24937,0.56482,0.31543,0.090438,1.2047,0.50632,0.23603,0.18672,0.1769,0.30672,0.34987,0.25997,0.34835,0.43643,0.27748,0.6348
1918,2.2083,0.99184,0.28481,0.50041,0.52616,0.33962,0.27963,0.70296,0.62821,0.41176,0.27331,0.47247,0.36663,0.4452,0.27544,0.26891,0.46924,0.54774,0.20069,0.27011,0.37015,0.26515,0.62377,0.22076,0.50906,0.71772,0.67067,0.32242,0.11702,0.25391,0.40476,0.36876,0.35964,0.38923,0.47461,0.23676,0.58872,0.32893,0.087786,1.2106,0.51309,0.241,0.19784,0.17991,0.33578,0.36201,0.26947,0.25471,0.48371,0.28994,0.62468
1919,2.1073,0.94193,0.33875,0.44585,0.56824,0.39464,0.28499,0.72427,0.6527,0.39649,0.26227,0.45535,0.36741,0.44022,0.30588,0.32093,0.4723,0.42833,0.20008,0.29415,0.36467,0.2758,0.60542,0.21941,0.52809,0.72839,0.5964,0.28281,0.1196,0.24429,0.42467,0.34298,0.36423,0.36251,0.48039,0.23464,0.60824,0.36354,0.091643,1.1939,0.53911,0.26001,0.20416,0.19094,0.32892,0.35092,0.28239,0.29989,0.46341,0.30775,0.63689
1920,2.1094,0.92313,0.25817,0.48876,0.43028,0.3917,0.29303,0.72948,0.66579,0.41467,0.25341,0.46686,0.37694,0.40573,0.30999,0.31353,0.51525,0.36917,0.19657,0.31154,0.37763,0.27773,0.58224,0.20972,0.52969,0.77517,0.59552,0.26395,0.11949,0.26826,0.46315,0.3787,0.38044,0.36899,0.48889,0.25127,0.62308,0.37549,0.09591,1.1843,0.54472,0.2732,0.21003,0.2069,0.3155,0.36459,0.27698,0.35536,0.4052,0.3138,0.65246
1921,2.2101,0.95923,0.20112,0.48198,0.3632,0.38574,0.27715,0.72752,0.65654,0.45258,0.2542,0.458,0.38569,0.40459,0.30182,0.27875,0.57746,0.33349,0.19456,0.31041,0.40446,0.28789,0.57361,0.19947,0.51374,0.75058,0.65836,0.29381,0.1261,0.29764,0.45538,0.43429,0.38828,0.4034,0.49175,0.26347,0.64992,0.36541,0.094707,1.1766,0.54332,0.2839,0.21737,0.239,0.31822,0.36291,0.27937,0.37273,0.376,0.30956,0.63719
1922,2.5271,0.95191,0.21315,0.48425,0.34041,0.52242,0.27651,0.7513,0.65593,0.45544,0.26254,0.43982,0.40787,0.42587,0.3253,0.23788,0.55332,0.30174,0.22737,0.33535,0.40037,0.30649,0.64993,0.19264,0.53003,0.7574,0.70273,0.26701,0.13461,0.2707,0.42578,0.48035,0.41128,0.44788,0.47205,0.25853,0.68314,0.36256,0.092489,1.1596,0.56272,0.26977,0.22172,0.27153,0.32369,0.35383,0.28709,0.47881,0.37874,0.30096,0.65251
1923,2.6354,1.0121,0.23713,0.60359,0.32643,0.55315,0.26181,0.79385,0.6498,0.44249,0.26839,0.45292,0.43152,0.44114,0.35874,0.22664,0.51834,0.35099,0.24281,0.34954,0.37399,0.30603,0.71172,0.19825,0.57044,0.84114,0.7261,0.26514,0.1454,0.2714,0.38451,0.46527,0.45031,0.4807,0.46426,0.25318,0.66703,0.35535,0.09348,1.1666,0.57242,0.25551,0.22403,0.21991,0.33443,0.3661,0.23901,0.61362,0.40452,0.2997,0.6705
1924,2.6733,1.0028,0.24448,0.62913,0.37549,0.55478,0.25347,0.80314,0.64,0.43572,0.2699,0.47515,0.42331,0.44496,0.34628,0.24671,0.50101,0.3634,0.22803,0.3337,0.39007,0.29453,0.72081,0.21706,0.58384,0.8773,0.74174,0.28553,0.15296,0.28503,0.34697,0.44589,0.43775,0.50858,0.46477,0.25347,0.64934,0.3539,0.096444,1.1766,0.57363,0.25959,0.2333,0.17579,0.34432,0.37725,0.18755,0.67932,0.4225,0.30307,0.67269
1925,2.6581,0.95048,0.27136,0.58238,0.4607,0.62374,0.26882,0.84083,0.63905,0.4251,0.28047,0.4838,0.40833,0.43362,0.31899,0.27756,0.44843,0.34678,0.25875,0.30504,0.41308,0.28644,0.74954,0.21997,0.56796,0.89041,0.76233,0.29658,0.15682,0.31371,0.32516,0.44542,0.42941,0.51095,0.45676,0.25303,0.61123,0.3539,0.097573,1.2256,0.58277,0.26179,0.23903,0.16944,0.3547,0.37981,0.15999,0.53794,0.42756,0.31297,0.65655
1926,2.6984,0.95612,0.28425,0.56891,0.4189,0.57048,0.28835,0.8503,0.63625,0.40565,0.28394,0.50577,0.41212,0.4315,0.29214,0.31229,0.39191,0.35869,0.26512,0.33408,0.42034,0.26923,0.76,0.21191,0.54629,1.0085,0.80345,0.28521,0.16266,0.3295,0.31255,0.44972,0.43437,0.5061,0.45979,0.25246,0.61247,0.37261,0.099223,1.2593,0.60177,0.27903,0.24987,0.19552,0.36366,0.39057,0.14742,0.5376,0.43804,0.30989,0.66812
1927,2.709,0.96999,0.28992,0.65023,0.37446,0.46821,0.29552,0.81689,0.64233,0.40057,0.27348,0.53529,0.4112,0.44265,0.29844,0.3366,0.39593,0.36981,0.2397,0.34876,0.39029,0.27065,0.76847,0.20767,0.54962,1.021,0.82148,0.30346,0.1666,0.3546,0.31347,0.44417,0.4348,0.51544,0.47778,0.25195,0.60734,0.37664,0.096931,1.2892,0.60866,0.2898,0.24812,0.20022,0.36201,0.39092,0.15932,0.50398,0.43703,0.31146,0.67297
1928,2.5088,0.98251,0.22478,0.63591,0.3376,0.42113,0.30157,0.77605,0.64286,0.41219,0.2649,0.54297,0.40203,0.44484,0.27579,0.35694,0.44129,0.33489,0.20142,0.358,0.35806,0.26866,0.76006,0.1987,0.52732,0.83808,0.79782,0.31882,0.16519,0.37773,0.35236,0.47489,0.42537,0.54229,0.48264,0.25644,0.61891,0.36379,0.089984,1.2942,0.58098,0.2975,0.24994,0.20544,0.36159,0.38307,0.20131,0.39899,0.43204,0.307,0.67444
1929,2.795,0.96831,0.22869,0.56379,0.33182,0.47302,0.30747,0.77658,0.64863,0.44191,0.26309,0.54093,0.42626,0.47003,0.29731,0.34982,0.42907,0.36602,0.22323,0.37199,0.3442,0.28359,0.80122,0.19437,0.52893,0.85693,0.79166,0.3104,0.16512,0.37426,0.41127,0.49542,0.45874,0.55539,0.4675,0.2577,0.64201,0.3532,0.085897,1.2912,0.57895,0.28787,0.25949,0.22386,0.37973,0.38401,0.25163,0.37499,0.48263,0.3061,0.66102
1930,3.2617,1.1053,0.27474,0.63643,0.27687,0.48072,0.30515,0.77463,0.64945,0.43895,0.25515,0.54047,0.4414,0.48921,0.34379,0.33773,0.44975,0.37425,0.25454,0.40745,0.3845,0.29978,0.81202,0.1937,0.55484,0.93357,0.73225,0.28439,0.1732,0.37785,0.43414,0.46176,0.50302,0.53943,0.46781,0.25895,0.64583,0.34999,0.08336,1.3415,0.58068,0.28823,0.26923,0.21167,0.39297,0.38948,0.26123,0.42779,0.5626,0.30544,0.65362
1931,3.2045,1.1355,0.26611,0.71704,0.28764,0.528,0.30222,0.76419,0.64896,0.43067,0.26049,0.52972,0.40988,0.47972,0.35797,0.34842,0.48568,0.3853,0.25933,0.3778,0.4036,0.29666,0.79317,0.19329,0.56573,0.89142,0.65792,0.25676,0.18799,0.39895,0.42425,0.4491,0.48516,0.55246,0.4696,0.25643,0.645,0.34321,0.085208,1.3697,0.56606,0.28468,0.25712,0.20463,0.40392,0.39539,0.26349,0.5117,0.60317,0.30282,0.66982
1932,3.0385,1.0121,0.22593,0.68206,0.35705,0.6668,0.30979,0.77366,0.64168,0.42229,0.27467,0.53551,0.37456,0.45501,0.35488,0.36474,0.49638,0.41805,0.25603,0.36402,0.41001,0.28832,0.81757,0.19582,0.56577,0.96115,0.71952,0.24634,0.19903,0.40415,0.40754,0.47337,0.47609,0.58465,0.46149,0.2572,0.64161,0.33723,0.088592,1.356,0.57838,0.30231,0.24095,0.19975,0.41571,0.40541,0.28618,0.51186,0.6128,0.30127,0.67684
1933,2.8874,1.056,0.19598,0.66622,0.36448,0.65785,0.33935,0.78488,0.6248,0.40375,0.26228,0.54258,0.3658,0.43594,0.36552,0.35634,0.53047,0.40527,0.2635,0.37074,0.44352,0.29563,0.81976,0.19267,0.56402,0.94491,0.79432,0.21657,0.20354,0.41178,0.41389,0.4937,0.47798,0.6027,0.4645,0.25404,0.63593,0.33279,0.086019,1.3439,0.58872,0.32514,0.24879,0.20351,0.41668,0.40737,0.30353,0.42407,0.53661,0.30371,0.68291
1934,2.571,1.0897,0.20997,0.75473,0.35152,0.60272,0.33258,0.78856,0.62469,0.40428,0.25325,0.53308,0.36763,0.43988,0.39199,0.37295,0.5384,0.40124,0.26853,0.3449,0.42307,0.3203,0.80972,0.18615,0.57333,0.76956,0.81843,0.23297,0.20564,0.43246,0.41247,0.48475,0.46447,0.60244,0.47918,0.24742,0.65001,0.32198,0.085148,1.331,0.57871,0.30969,0.26942,0.21261,0.41912,0.39385,0.26481,0.38419,0.47083,0.30755,0.7018
1935,2.4936,1.0742,0.19685,0.79651,0.3236,0.6194,0.3226,0.78603,0.62788,0.41507,0.2585,0.53587,0.36921,0.43462,0.41617,0.38037,0.50706,0.40078,0.24015,0.3136,0.36968,0.31608,0.83289,0.18697,0.57634,0.76168,0.83108,0.248,0.21337,0.4454,0.40421,0.46244,0.46046,0.60873,0.49128,0.24177,0.65897,0.32176,0.089686,1.3246,0.58163,0.30415,0.28613,0.20293,0.42186,0.37786,0.23812,0.39492,0.47067,0.31048,0.71417
1936,2.5891,1.1016,0.19462,0.88951,0.32982,0.56684,0.31283,0.80917,0.63566,0.42955,0.25848,0.5389,0.37489,0.43066,0.39829,0.3962,0.47373,0.42816,0.22853,0.33234,0.36643,0.286,0.86595,0.19054,0.56922,0.77549,0.81342,0.25942,0.21631,0.47113,0.42009,0.46501,0.47376,0.60459,0.48789,0.24351,0.65577,0.32573,0.091047,1.3288,0.58962,0.30847,0.29776,0.2101,0.4291,0.37841,0.28089,0.41398,0.51512,0.31279,0.68739
1937,2.6432,1.0856,0.2524,1.0276,0.34066,0.52379,0.30162,0.81569,0.63791,0.42634,0.26662,0.55086,0.4046,0.45081,0.39768,0.41054,0.48338,0.44388,0.2101,0.34789,0.45147,0.30049,0.88641,0.19939,0.55723,0.86573,0.75317,0.27541,0.21785,0.47172,0.44032,0.47837,0.49782,0.60991,0.48993,0.23973,0.66547,0.3321,0.091336,1.3663,0.5995,0.29856,0.28966,0.23469,0.41314,0.39121,0.27993,0.45337,0.54796,0.32146,0.66874
1938,2.5734,1.1586,0.25966,1.1545,0.32405,0.53608,0.29078,0.81162,0.62404,0.41489,0.26841,0.53187,0.41179,0.46296,0.4094,0.43226,0.46927,0.41986,0.21774,0.32849,0.42734,0.30292,0.90623,0.20334,0.5537,0.89744,0.69665,0.36325,0.23873,0.44058,0.40122,0.46231,0.51529,0.61407,0.49035,0.23888,0.68328,0.33968,0.091847,1.4276,0.59959,0.2924,0.27912,0.23719,0.41062,0.394,0.23507,0.50706,0.57429,0.32521,0.68172
1939,2.5736,1.1831,0.23405,1.1421,0.34035,0.52,0.29452,0.81672,0.62231,0.41665,0.26119,0.50483,0.38557,0.43905,0.38241,0.43167,0.47658,0.40702,0.24273,0.32124,0.37348,0.26652,0.90204,0.2127,0.54653,0.83051,0.70593,0.40396,0.25736,0.44179,0.37897,0.46934,0.53505,0.63322,0.47956,0.24467,0.66445,0.34796,0.088982,1.442,0.6001,0.29218,0.28636,0.23139,0.41331,0.40328,0.24252,0.49071,0.58882,0.31951,0.67869
1940,2.6438,1.1231,0.26137,0.97537,0.36144,0.49174,0.28786,0.80736,0.61908,0.4142,0.26113,0.48232,0.38123,0.43265,0.36577,0.40203,0.50541,0.41957,0.2675,0.32611,0.38418,0.25383,0.89669,0.21564,0.5513,0.78725,0.68765,0.39251,0.2696,0.44261,0.38994,0.48362,0.54005,0.64665,0.47414,0.2439,0.6417,0.34485,0.08729,1.4325,0.61784,0.28634,0.28938,0.2462,0.40002,0.407,0.26259,0.48828,0.59602,0.31836,0.67903
1941,2.8402,1.137,0.35808,0.93118,0.41398,0.49462,0.28563,0.82724,0.62061,0.41395,0.25857,0.46757,0.39135,0.44898,0.38926,0.39832,0.52177,0.41427,0.37754,0.32523,0.44344,0.26388,0.90053,0.21285,0.5738,0.79193,0.65097,0.37176,0.2678,0.45948,0.39702,0.48011,0.53224,0.64441,0.47058,0.24904,0.63648,0.34995,0.087955,1.4406,0.63183,0.26903,0.29621,0.2751,0.40152,0.39986,0.23023,0.5104,0.57815,0.32201,0.68055
1942,2.9649,1.1105,0.35585,0.93123,0.37524,0.51305,0.28624,0.83593,0.62987,0.41899,0.2495,0.47853,0.40248,0.44754,0.39294,0.40003,0.51922,0.37579,0.39726,0.30702,0.47461,0.25961,0.90976,0.20537,0.57978,0.76077,0.63759,0.32338,0.26697,0.46357,0.39723,0.47725,0.5437,0.6347,0.48445,0.24816,0.61051,0.34956,0.089714,1.3973,0.61177,0.264,0.28456,0.23187,0.41073,0.38006,0.19931,0.51005,0.54091,0.32355,0.69383
1943,3.0692,1.0749,0.32013,0.93927,0.4058,0.48623,0.29966,0.8249,0.63432,0.44038,0.2583,0.499,0.40917,0.44091,0.38128,0.40915,0.50624,0.39802,0.38703,0.31252,0.50438,0.26231,0.92405,0.20901,0.57499,0.73062,0.66185,0.27493,0.26417,0.4663,0.40748,0.49921,0.54759,0.63959,0.49116,0.24572,0.58184,0.3494,0.089256,1.3574,0.60269,0.26243,0.27363,0.21005,0.40808,0.38029,0.25794,0.5316,0.51971,0.32509,0.68999
1944,2.925,1.0767,0.3078,0.91135,0.4823,0.5134,0.30513,0.83855,0.6283,0.44236,0.26163,0.50921,0.41782,0.46434,0.37789,0.4134,0.50549,0.42912,0.39019,0.34386,0.51482,0.28675,0.95663,0.21079,0.57146,0.77013,0.67678,0.26913,0.26171,0.45324,0.43676,0.53356,0.53717,0.65144,0.48544,0.24568,0.59062,0.3494,0.091135,1.3945,0.60878,0.26079,0.26419,0.21376,0.40447,0.39056,0.2737,0.56855,0.51121,0.32933,0.68208
1945,2.6985,1.0888,0.31201,0.96256,0.48949,0.57764,0.29707,0.84079,0.61565,0.42164,0.25174,0.50472,0.41786,0.48133,0.36395,0.39962,0.50439,0.42421,0.38928,0.3371,0.51173,0.29463,0.96259,0.20842,0.55682,0.75776,0.6719,0.29158,0.25962,0.4357,0.43371,0.52972,0.55138,0.65259,0.47451,0.23255,0.60736,0.35394,0.089739,1.4044,0.59234,0.28388,0.2747,0.21277,0.40989,0.39422,0.243,0.51897,0.52174,0.32286,0.68259
1946,2.7062,1.125,0.33659,0.93598,0.46709,0.56957,0.30472,0.83114,0.61572,0.41845,0.2561,0.49876,0.41098,0.48077,0.37499,0.39542,0.51166,0.41914,0.41398,0.33192,0.522,0.29761,0.96473,0.20629,0.54928,0.75012,0.6839,0.32895,0.26404,0.43925,0.4283,0.51826,0.56244,0.65433,0.46719,0.22784,0.6174,0.35851,0.089057,1.4134,0.5878,0.29669,0.30386,0.24325,0.4189,0.39167,0.27741,0.51948,0.52072,0.31882,0.69195
1947,2.9181,1.1989,0.42853,0.83,0.41672,0.60038,0.29493,0.8166,0.63071,0.41764,0.25926,0.48477,0.40074,0.46561,0.36721,0.37935,0.52843,0.43532,0.39742,0.32346,0.53521,0.30472,0.96301,0.20466,0.55274,0.78636,0.71633,0.38427,0.27904,0.4648,0.44245,0.52343,0.55722,0.64732,0.46662,0.22875,0.6363,0.34679,0.088846,1.4461,0.59549,0.28665,0.31698,0.28596,0.42342,0.3832,0.36728,0.56646,0.54792,0.31589,0.69732
1948,2.9743,1.2257,0.48164,0.92585,0.42144,0.62669,0.27539,0.81058,0.63529,0.42175,0.25262,0.48984,0.3986,0.49532,0.3728,0.36603,0.53291,0.43186,0.40074,0.33267,0.49882,0.29949,0.9486,0.19696,0.56073,0.85805,0.70976,0.38129,0.28372,0.47722,0.47663,0.52992,0.54011,0.62719,0.47083,0.23329,0.64483,0.33378,0.089358,1.4451,0.62291,0.27003,0.30565,0.29062,0.43464,0.38123,0.38953,0.55712,0.55141,0.316,0.69437
1949,3.0144,1.3586,0.41779,1.0062,0.50881,0.59407,0.28331,0.80784,0.64099,0.4336,0.25284,0.49701,0.396,0.51551,0.38739,0.37005,0.54529,0.46728,0.43826,0.32674,0.49509,0.29645,0.93859,0.19622,0.5651,0.85916,0.70186,0.35779,0.28508,0.49361,0.4734,0.52707,0.51593,0.61493,0.47274,0.23865,0.63447,0.33024,0.088734,1.4208,0.62628,0.28437,0.30269,0.28531,0.43754,0.39244,0.31418,0.54421,0.5622,0.31864,0.70643
1950,3.0487,1.3268,0.43619,0.97289,0.51081,0.56327,0.29728,0.81371,0.64431,0.44575,0.25746,0.50621,0.38854,0.49646,0.40035,0.37308,0.55077,0.4456,0.44172,0.32877,0.45568,0.29802,0.94824,0.19992,0.56563,0.84878,0.76402,0.39986,0.29723,0.5057,0.45556,0.53513,0.50166,0.62497,0.47779,0.24517,0.6228,0.32596,0.085561,1.4258,0.61529,0.28539,0.3015,0.27495,0.43335,0.39117,0.31016,0.57499,0.58331,0.32508,0.69843
1951,2.948,1.1928,0.42674,1.015,0.50262,0.55573,0.29177,0.81093,0.65745,0.44877,0.25348,0.51894,0.38928,0.49215,0.41958,0.38161,0.53873,0.42974,0.43499,0.33472,0.43919,0.29315,0.94397,0.20303,0.56795,0.86162,0.74231,0.40825,0.30566,0.50317,0.46337,0.5371,0.49432,0.63395,0.48678,0.25364,0.62383,0.31972,0.084628,1.4313,0.62158,0.28211,0.30941,0.27989,0.43688,0.39285,0.33203,0.57949,0.58185,0.33204,0.6839
1952,2.9238,1.129,0.37833,1.1662,0.62016,0.57939,0.27794,0.81473,0.65104,0.44327,0.2531,0.52619,0.39408,0.49146,0.43123,0.40008,0.52752,0.45009,0.45819,0.33588,0.46215,0.29061,0.94971,0.21174,0.569,0.93189,0.72217,0.41796,0.3022,0.51581,0.46073,0.52166,0.51573,0.65171,0.4901,0.25083,0.64432,0.32877,0.083201,1.4372,0.62199,0.29792,0.32378,0.27688,0.44331,0.39598,0.31635,0.53644,0.59742,0.3295,0.67246
1953,3.069,1.1852,0.35009,1.5191,0.60208,0.57087,0.28038,0.82523,0.6404,0.43217,0.24465,0.51659,0.39619,0.47559,0.45927,0.40755,0.52787,0.44102,0.45021,0.32536,0.523,0.29783,0.97293,0.21193,0.57046,0.98074,0.71375,0.46044,0.31473,0.53359,0.45637,0.512,0.53198,0.65507,0.48576,0.24467,0.65023,0.33241,0.084117,1.455,0.60547,0.31023,0.33457,0.2798,0.44461,0.38699,0.35307,0.53318,0.59964,0.33115,0.67803
1954,3.0952,1.1664,0.35578,1.5507,0.51664,0.57753,0.28862,0.84512,0.64055,0.42484,0.2344,0.50854,0.38908,0.46783,0.46894,0.40585,0.50563,0.43324,0.45566,0.32862,0.54561,0.30651,0.96868,0.20188,0.55963,0.90507,0.72944,0.54129,0.31892,0.53047,0.46889,0.52323,0.53496,0.65695,0.47251,0.24861,0.65102,0.32952,0.085805,1.4928,0.59287,0.28947,0.32895,0.27169,0.44286,0.37036,0.34563,0.55509,0.58825,0.33291,0.68335
1955,3.335,1.2058,0.33335,1.5222,0.54601,0.5846,0.29697,0.84236,0.64921,0.43874,0.23999,0.50638,0.40211,0.47419,0.43357,0.40708,0.50739,0.44478,0.46813,0.35032,0.54899,0.30885,0.97132,0.20616,0.55702,0.87335,0.73563,0.54396,0.3154,0.52532,0.4794,0.53902,0.53788,0.66414,0.47849,0.25155,0.66273,0.33483,0.08677,1.5414,0.59772,0.28649,0.32019,0.2803,0.44579,0.364,0.30276,0.59404,0.5993,0.33298,0.6777
1956,3.5252,1.2496,0.31275,1.5301,0.55101,0.54408,0.29307,0.83662,0.64909,0.45835,0.24256,0.49559,0.40165,0.48263,0.41154,0.39721,0.52498,0.44341,0.44085,0.36028,0.55333,0.30895,0.9839,0.21602,0.55738,0.84334,0.72865,0.45332,0.32224,0.52368,0.4553,0.53348,0.52977,0.65367,0.47764,0.24834,0.65229,0.33876,0.086117,1.5566,0.59803,0.29118,0.31644,0.27782,0.44545,0.37185,0.28969,0.71094,0.63383,0.33109,0.67834
1957,3.5428,1.238,0.33244,1.3689,0.52678,0.52603,0.28757,0.83576,0.64393,0.46098,0.23989,0.48805,0.39448,0.49101,0.41669,0.40091,0.52881,0.46163,0.44003,0.37092,0.55459,0.31283,0.99483,0.21456,0.55459,0.82422,0.75503,0.43771,0.32791,0.52717,0.44419,0.52865,0.53417,0.65305,0.46717,0.24655,0.64662,0.3432,0.084435,1.5623,0.59463,0.28192,0.32065,0.26675,0.44059,0.37507,0.28506,0.76334,0.65445,0.32976,0.68385
1958,3.7074,1.1366,0.39456,1.1107,0.44672,0.51982,0.28778,0.8261,0.64024,0.46219,0.23918,0.50023,0.40343,0.49121,0.40893,0.41083,0.5329,0.46687,0.43272,0.37392,0.56822,0.30743,1.0051,0.21227,0.5481,0.87419,0.77161,0.42252,0.33423,0.52969,0.44698,0.52775,0.54437,0.66616,0.46449,0.24143,0.64751,0.34616,0.084227,1.5576,0.60545,0.29446,0.32528,0.27368,0.43963,0.36919,0.31507,0.71331,0.65697,0.33102,0.68422
1959,3.7328,1.1163,0.38863,1.1078,0.45578,0.50849,0.27779,0.81957,0.6475,0.46211,0.23424,0.51785,0.41643,0.48914,0.40464,0.41476,0.53895,0.42594,0.43594,0.35114,0.59946,0.298,1.0027,0.2139,0.55433,0.91719,0.73336,0.42368,0.34011,0.53357,0.45473,0.51176,0.55039,0.67404,0.46675,0.23871,0.64275,0.33928,0.084378,1.5529,0.6171,0.3135,0.33743,0.25514,0.44186,0.36646,0.3442,0.66916,0.66048,0.33226,0.68806
1960,3.5287,1.1849,0.32838,1.256,0.46933,0.51862,0.27777,0.82157,0.6379,0.45731,0.23372,0.51908,0.40348,0.49091,0.41474,0.41734,0.52461,0.43494,0.40094,0.3431,0.62541,0.29264,0.9968,0.21225,0.55294,0.89251,0.71564,0.44517,0.34404,0.54341,0.44568,0.50593,0.54877,0.66884,0.46569,0.23432,0.63989,0.33309,0.084843,1.52,0.61425,0.3167,0.35369,0.23378,0.44529,0.37355,0.35679,0.61123,0.66024,0.32974,0.69688
1961,3.4879,1.2098,0.34224,1.312,0.41228,0.54926,0.29403,0.82922,0.63531,0.44805,0.23428,0.51818,0.40415,0.48024,0.44102,0.42266,0.51281,0.46313,0.40492,0.34639,0.59106,0.29384,0.99639,0.19813,0.5493,0.87922,0.73636,0.44412,0.35519,0.55241,0.44443,0.52276,0.54846,0.6636,0.46058,0.23102,0.64647,0.33577,0.086059,1.5279,0.61397,0.3343,0.35393,0.23472,0.44711,0.37628,0.32793,0.52552,0.64384,0.33144,0.69937
1962,3.451,1.2398,0.36301,1.489,0.42583,0.55033,0.29573,0.82939,0.64172,0.44641,0.2384,0.51906,0.41079,0.47693,0.44059,0.42267,0.52126,0.4579,0.42327,0.34415,0.57319,0.29222,0.98943,0.19534,0.55385,0.89537,0.73195,0.45591,0.37836,0.56366,0.44934,0.52906,0.54257,0.65717,0.46566,0.23175,0.64663,0.33488,0.086851,1.5522,0.61454,0.33735,0.35673,0.24554,0.44651,0.37366,0.3233,0.49334,0.63588,0.33475,0.69278
1963,3.3803,1.2936,0.31472,1.4596,0.46938,0.53677,0.28816,0.82347,0.63871,0.45122,0.24302,0.50587,0.40764,0.48111,0.42314,0.40853,0.54101,0.45365,0.44986,0.3508,0.52547,0.28983,0.99095,0.20114,0.55665,0.93348,0.73879,0.43233,0.38421,0.57555,0.4366,0.51672,0.54452,0.65145,0.47358,0.23172,0.64239,0.33834,0.088125,1.5641,0.61413,0.32883,0.36112,0.25692,0.44541,0.37832,0.29262,0.4897,0.61406,0.33322,0.68546
1964,3.3521,1.3643,0.26622,1.298,0.49907,0.53554,0.28731,0.82446,0.63253,0.44146,0.24507,0.49865,0.40309,0.4828,0.42928,0.41791,0.53481,0.47549,0.46584,0.34968,0.47352,0.29356,1.0049,0.20412,0.5557,1.01,0.76368,0.39306,0.39012,0.57884,0.43189,0.51639,0.5423,0.66076,0.47574,0.23646,0.64658,0.34243,0.086619,1.5428,0.61574,0.31581,0.35544,0.27758,0.444,0.38359,0.31831,0.53109,0.60588,0.33791,0.67751
1965,3.2579,1.3415,0.29734,1.2468,0.48309,0.5562,0.29237,0.84223,0.63748,0.43416,0.2427,0.50175,0.40496,0.48149,0.43795,0.42571,0.51312,0.45616,0.50953,0.34269,0.48203,0.29749,1.0109,0.19948,0.54853,1.0642,0.75317,0.38768,0.39496,0.56986,0.43946,0.52962,0.54354,0.67327,0.47058,0.24197,0.64495,0.34587,0.086789,1.5334,0.61998,0.30626,0.34617,0.28004,0.44398,0.37808,0.34702,0.56543,0.60956,0.34173,0.66715
1966,3.1787,1.3059,0.32476,1.2462,0.4607,0.56257,0.28744,0.84511,0.63892,0.4334,0.23851,0.50263,0.40715,0.48967,0.43168,0.41957,0.50904,0.42033,0.539,0.34014,0.52691,0.29835,1.0186,0.1989,0.54498,1.03,0.74793,0.40807,0.40228,0.57778,0.44434,0.52412,0.56007,0.69567,0.46921,0.2467,0.65016,0.34365,0.08906,1.542,0.62426,0.30591,0.33655,0.26669,0.44765,0.37216,0.33328,0.57746,0.60666,0.34539,0.6597
1967,3.2516,1.3388,0.31437,1.2854,0.43266,0.5514,0.28479,0.83162,0.63589,0.43031,0.23681,0.49885,0.41081,0.48742,0.43867,0.41432,0.51548,0.42747,0.53886,0.33237,0.54422,0.3036,1.0307,0.19925,0.54242,0.92729,0.79158,0.40858,0.40795,0.57794,0.44965,0.5287,0.56047,0.70804,0.47665,0.24534,0.66436,0.34174,0.087838,1.5359,0.6302,0.30928,0.32996,0.26808,0.45304,0.37653,0.38114,0.58792,0.61054,0.34826,0.6602
1968,3.2898,1.3235,0.30495,1.2626,0.44065,0.55497,0.28287,0.82572,0.64104,0.42899,0.2294,0.49464,0.41643,0.4834,0.45491,0.41676,0.51186,0.44283,0.54187,0.32764,0.53532,0.31107,1.0362,0.19712,0.53978,0.87684,0.78158,0.42927,0.41111,0.57705,0.44955,0.53938,0.55417,0.7039,0.47898,0.243,0.6703,0.34272,0.085566,1.5396,0.63838,0.30117,0.33746,0.2667,0.45678,0.38514,0.38545,0.55267,0.61487,0.34533,0.66213
1969,3.3394,1.2815,0.34582,1.306,0.42422,0.55774,0.27677,0.82017,0.64534,0.44269,0.23057,0.50102,0.42814,0.48934,0.4551,0.42292,0.51834,0.43641,0.53555,0.32537,0.54208,0.31248,1.0384,0.19686,0.53939,0.86371,0.78791,0.45134,0.42063,0.58672,0.45315,0.53873,0.55112,0.70825,0.48438,0.24352,0.66921,0.34022,0.084295,1.5746,0.64375,0.30529,0.34781,0.27988,0.45954,0.39162,0.35729,0.53437,0.6191,0.3415,0.67125
1970,3.3281,1.2701,0.38279,1.3677,0.432,0.57975,0.27814,0.8139,0.64824,0.44931,0.23488,0.50281,0.4265,0.49782,0.43953,0.42167,0.53335,0.42283,0.5196,0.32187,0.54297,0.3061,1.0369,0.20138,0.5391,0.88463,0.79791,0.4602,0.42508,0.59441,0.45169,0.52934,0.55478,0.71244,0.48585,0.23674,0.67316,0.33514,0.081981,1.5852,0.63695,0.30854,0.3572,0.27999,0.45396,0.39274,0.32769,0.57901,0.62355,0.34006,0.67683
1971,3.3559,1.1754,0.41129,1.3128,0.46227,0.60973,0.28308,0.81279,0.65623,0.45661,0.23708,0.49876,0.42279,0.50213,0.43386,0.42408,0.52873,0.43209,0.47614,0.32582,0.54772,0.30333,1.0365,0.20101,0.53977,0.92195,0.79396,0.45287,0.41676,0.59286,0.44643,0.53558,0.55768,0.70381,0.48221,0.23769,0.66581,0.33346,0.080731,1.5557,0.62956,0.30427,0.35828,0.28009,0.44884,0.39621,0.32949,0.63328,0.63451,0.33609,0.67622
1972,3.3166,1.1427,0.44641,1.2932,0.46648,0.63873,0.28278,0.82206,0.65685,0.46853,0.24375,0.50754,0.42126,0.50604,0.43941,0.42529,0.51879,0.44572,0.48242,0.33858,0.56882,0.30109,1.0361,0.19552,0.54154,0.93515,0.76997,0.44643,0.41545,0.59196,0.44086,0.53931,0.54474,0.70816,0.47681,0.24044,0.65815,0.33063,0.080762,1.5442,0.62733,0.30731,0.35938,0.28387,0.45156,0.40026,0.33972,0.65472,0.64056,0.33275,0.67952
1973,3.24,1.1821,0.46653,1.3815,0.47281,0.62151,0.27573,0.83195,0.65338,0.46483,0.24609,0.50987,0.41985,0.51108,0.44269,0.41713,0.51903,0.45192,0.48958,0.34608,0.58158,0.29652,1.0338,0.19466,0.54449,0.91905,0.77705,0.46411,0.41993,0.5965,0.43359,0.53242,0.53362,0.7108,0.47807,0.24088,0.66456,0.33095,0.080683,1.5584,0.62183,0.30949,0.35686,0.27355,0.45215,0.39463,0.35339,0.64813,0.63462,0.332,0.6774
1974,3.2517,1.2129,0.41811,1.385,0.47999,0.58658,0.26902,0.83106,0.64886,0.4634,0.24303,0.50266,0.4215,0.51253,0.4423,0.41145,0.5148,0.4612,0.48602,0.35464,0.59114,0.29277,1.0391,0.19659,0.55022,0.87897,0.80313,0.46236,0.4247,0.6042,0.4363,0.53323,0.52938,0.71145,0.48129,0.24607,0.66919,0.33005,0.079868,1.5569,0.62211,0.30283,0.35388,0.25874,0.44844,0.39101,0.36774,0.65519,0.62776,0.33155,0.67029
1975,3.3009,1.3124,0.36394,1.3154,0.47397,0.5788,0.26856,0.82654,0.64372,0.46937,0.24104,0.50536,0.41792,0.51026,0.44664,0.40469,0.51018,0.47006,0.49938,0.35683,0.60005,0.29019,1.0417,0.19536,0.55533,0.87657,0.78533,0.45604,0.41817,0.59735,0.44611,0.53697,0.52147,0.71859,0.48075,0.2455,0.67169,0.32881,0.079858,1.5527,0.62404,0.30237,0.35563,0.25736,0.44953,0.38734,0.37897,0.62997,0.61232,0.33203,0.67079
1976,3.3026,1.3822,0.36399,1.3874,0.51273,0.59026,0.2723,0.82737,0.64181,0.47812,0.23811,0.51943,0.41452,0.50875,0.46135,0.40476,0.51648,0.46865,0.50554,0.35596,0.57592,0.28962,1.0475,0.19261,0.55526,0.91,0.75551,0.45877,0.41789,0.59669,0.45809,0.53995,0.5206,0.7259,0.48147,0.24133,0.6738,0.32858,0.081654,1.558,0.62564,0.30736,0.36205,0.25779,0.4504,0.38583,0.37957,0.62467,0.60945,0.33455,0.67775
1977,3.3032,1.3486,0.34484,1.491,0.47322,0.60586,0.26715,0.82339,0.64788,0.47715,0.23395,0.51172,0.41328,0.5071,0.45573,0.40753,0.51574,0.45174,0.49501,0.35486,0.58778,0.28841,1.0492,0.19415,0.5494,0.96828,0.74418,0.43252,0.42401,0.59831,0.452,0.54551,0.53704,0.72326,0.48466,0.24405,0.68092,0.32888,0.082417,1.5599,0.6167,0.30994,0.35599,0.26144,0.4482,0.38586,0.3462,0.63021,0.61794,0.33734,0.67639
1978,3.2598,1.3508,0.31137,1.517,0.43849,0.61696,0.27053,0.8305,0.64737,0.47379,0.23325,0.50044,0.40994,0.507,0.45913,0.41302,0.51141,0.44449,0.50471,0.35252,0.61767,0.28861,1.0539,0.19091,0.54264,0.96418,0.71894,0.43979,0.43659,0.6007,0.44862,0.54673,0.53963,0.72106,0.48464,0.24577,0.68117,0.32913,0.083285,1.5498,0.61593,0.30245,0.3514,0.27008,0.44685,0.38452,0.33112,0.63981,0.61858,0.34005,0.67172
1979,3.2393,1.3254,0.28624,1.4796,0.4695,0.61733,0.27374,0.83187,0.64179,0.47099,0.231,0.50576,0.40937,0.5072,0.46908,0.41695,0.51407,0.43731,0.52152,0.34852,0.61958,0.29394,1.0559,0.1873,0.54751,0.9533,0.6766,0.44492,0.43743,0.6018,0.45374,0.54943,0.53796,0.72216,0.48132,0.24497,0.67603,0.32551,0.084813,1.5487,0.61601,0.29714,0.35414,0.27307,0.4492,0.38464,0.35656,0.63534,0.62062,0.34111,0.67595
1980,3.2243,1.29,0.3439,1.3992,0.50383,0.59664,0.26961,0.83424,0.63971,0.46183,0.23121,0.51109,0.41048,0.50832,0.46623,0.42194,0.52127,0.42939,0.549,0.34568,0.59803,0.29554,1.0508,0.18843,0.54936,0.91053,0.69343,0.4273,0.43677,0.59995,0.45026,0.54028,0.53398,0.72451,0.48595,0.24189,0.66532,0.3248,0.085922,1.555,0.61692,0.29646,0.35655,0.28525,0.45315,0.38729,0.38189,0.64046,0.6221,0.34077,0.67396
1981,3.2137,1.2911,0.36231,1.4656,0.49136,0.60003,0.27105,0.83005,0.6423,0.45288,0.22913,0.50737,0.41193,0.50446,0.45836,0.42725,0.51779,0.40829,0.53953,0.34438,0.59672,0.29714,1.053,0.1953,0.54873,0.88311,0.73631,0.43588,0.43806,0.59962,0.45189,0.53113,0.54121,0.72035,0.48868,0.24801,0.67236,0.31973,0.086212,1.5513,0.61316,0.29942,0.35801,0.27121,0.45499,0.39227,0.40568,0.67691,0.62272,0.33896,0.66733
1982,3.2898,1.3266,0.33938,1.5438,0.47603,0.60076,0.2745,0.81813,0.63742,0.4462,0.23013,0.51318,0.40769,0.49813,0.46164,0.42861,0.51908,0.40455,0.52558,0.34479,0.58392,0.30003,1.0528,0.1953,0.55168,0.90253,0.72845,0.45276,0.43558,0.59879,0.45653,0.53664,0.54061,0.71979,0.48554,0.24988,0.67973,0.3177,0.084489,1.5424,0.61436,0.2962,0.3533,0.2585,0.45578,0.38864,0.47225,0.62218,0.62722,0.34035,0.66577
1983,3.2785,1.2984,0.35283,1.5246,0.47561,0.59123,0.26845,0.81414,0.63035,0.44767,0.23624,0.52255,0.39818,0.49557,0.45656,0.42205,0.5263,0.42243,0.52997,0.35363,0.55897,0.30006,1.0518,0.1943,0.55162,0.92707,0.7086,0.4322,0.43049,0.5996,0.46371,0.53647,0.52787,0.72985,0.48347,0.24988,0.68124,0.32076,0.082655,1.5286,0.61766,0.29522,0.34517,0.26351,0.45457,0.38304,0.48504,0.58221,0.63449,0.34128,0.66555
1984,3.1797,1.2782,0.32709,1.6823,0.4566,0.61843,0.26597,0.82245,0.62661,0.44992,0.24032,0.51583,0.4007,0.49745,0.45171,0.41887,0.5238,0.41803,0.51521,0.35442,0.56253,0.30314,1.0575,0.19455,0.54453,0.97262,0.71359,0.39519,0.42573,0.60629,0.46509,0.52878,0.52278,0.73121,0.47818,0.25113,0.69229,0.32128,0.081645,1.5103,0.61516,0.29522,0.3353,0.25787,0.45289,0.38124,0.46219,0.62561,0.63638,0.33872,0.66392
1985,3.1733,1.2756,0.26515,1.6813,0.43003,0.62624,0.27017,0.82554,0.62538,0.44576,0.23973,0.50679,0.40463,0.5055,0.45404,0.41647,0.52187,0.3953,0.51757,0.34825,0.55905,0.30711,1.0573,0.19097,0.5399,0.98802,0.71164,0.35846,0.42361,0.60617,0.45418,0.53353,0.5279,0.72774,0.47295,0.24681,0.69463,0.31763,0.079543,1.5064,0.61343,0.28838,0.33051,0.25664,0.45089,0.37644,0.43042,0.6264,0.62963,0.33619,0.66729
1986,3.2084,1.284,0.26756,1.6235,0.43717,0.62113,0.27165,0.82355,0.62474,0.44564,0.23875,0.51284,0.40111,0.50745,0.45937,0.41285,0.51862,0.3966,0.53777,0.34807,0.55925,0.30454,1.0461,0.18951,0.5416,0.99506,0.70107,0.35196,0.42,0.60075,0.44828,0.53055,0.53026,0.73361,0.4717,0.24289,0.6885,0.31574,0.078835,1.5065,0.6148,0.28661,0.32802,0.26207,0.44898,0.37218,0.38742,0.60352,0.62465,0.33507,0.67336
1987,3.2104,1.2681,0.29683,1.4339,0.46918,0.61948,0.27035,0.81517,0.6213,0.44647,0.23894,0.51506,0.39713,0.50954,0.46431,0.41346,0.51361,0.39785,0.537,0.34775,0.56333,0.301,1.0438,0.19101,0.55002,0.97371,0.73119,0.35129,0.41221,0.59907,0.44359,0.52556,0.52616,0.73656,0.47507,0.24244,0.68865,0.31365,0.077773,1.5104,0.6136,0.27999,0.33194,0.26867,0.44844,0.37283,0.35716,0.60729,0.61585,0.33268,0.68064
1988,3.2621,1.2503,0.32788,1.3487,0.44778,0.63456,0.27648,0.80951,0.62366,0.44672,0.2367,0.50885,0.40052,0.51206,0.46483,0.42497,0.51392,0.4021,0.52579,0.34789,0.56239,0.30208,1.0507,0.19289,0.54484,0.95901,0.76219,0.38782,0.40999,0.60204,0.44344,0.52011,0.53028,0.727,0.4822,0.24348,0.69537,0.31136,0.07946,1.5064,0.60742,0.28335,0.34201,0.26949,0.45146,0.3824,0.34898,0.61405,0.60874,0.33092,0.679
1989,3.2827,1.2578,0.34573,1.3921,0.45043,0.63008,0.27692,0.81375,0.62243,0.45147,0.23714,0.50298,0.39659,0.50963,0.46003,0.42542,0.51231,0.4142,0.50203,0.34752,0.55943,0.29907,1.054,0.18865,0.53577,0.92224,0.74674,0.4321,0.41514,0.59885,0.43775,0.51805,0.5442,0.71728,0.48752,0.24589,0.68941,0.31082,0.08075,1.5089,0.59467,0.27766,0.34925,0.26881,0.45439,0.37984,0.35234,0.59284,0.60132,0.33263,0.67102
1990,3.3379,1.2774,0.36169,1.3729,0.46744,0.61607,0.26962,0.81356,0.62108,0.45272,0.24149,0.50569,0.3886,0.50743,0.45641,0.42028,0.50987,0.41974,0.49666,0.35485,0.57107,0.29418,1.0556,0.18681,0.53201,0.90986,0.72346,0.48231,0.41508,0.59677,0.43048,0.51888,0.54697,0.71834,0.48692,0.2462,0.67911,0.31254,0.080627,1.5045,0.5974,0.27424,0.35154,0.27282,0.45312,0.37137,0.35143,0.60063,0.61102,0.33492,0.67572
1991,3.3581,1.3115,0.41753,1.3447,0.49009,0.62006,0.26209,0.80988,0.62061,0.45663,0.24355,0.5146,0.39097,0.50228,0.44922,0.42267,0.50277,0.41372,0.48126,0.35664,0.57162,0.2926,1.058,0.18474,0.52532,0.91356,0.73885,0.45106,0.4146,0.59831,0.42367,0.51779,0.53306,0.72375,0.4833,0.24674,0.66635,0.31347,0.081652,1.4703,0.60146,0.27447,0.34986,0.26932,0.44988,0.3737,0.36848,0.65554,0.62198,0.33474,0.68182
1992,3.3017,1.2772,0.39316,1.3002,0.49494,0.60229,0.26895,0.8064,0.62473,0.45943,0.2389,0.51535,0.39313,0.49528,0.43772,0.41327,0.5003,0.39533,0.47235,0.35154,0.55826,0.29849,1.059,0.18121,0.52385,0.88333,0.76999,0.42655,0.41101,0.5974,0.42129,0.51162,0.5308,0.72182,0.48031,0.24092,0.66665,0.31071,0.083621,1.4547,0.59382,0.2812,0.34857,0.27452,0.44806,0.38403,0.31977,0.64097,0.61585,0.335,0.68594
1993,3.2382,1.2389,0.38201,1.2573,0.49753,0.56717,0.26993,0.79193,0.63462,0.45392,0.23521,0.51247,0.38967,0.49355,0.45206,0.40611,0.49839,0.39162,0.48071,0.34637,0.54922,0.30032,1.0533,0.17862,0.5258,0.92328,0.7961,0.46102,0.40334,0.59233,0.41491,0.51051,0.53696,0.72905,0.47439,0.23622,0.67523,0.31513,0.083699,1.4629,0.59208,0.29207,0.34908,0.27649,0.44717,0.38291,0.31318,0.6225,0.62025,0.3384,0.69443
1994,3.2385,1.2555,0.34174,1.2516,0.4681,0.5453,0.26248,0.7821,0.63479,0.44435,0.23489,0.52035,0.38924,0.49106,0.46546,0.41743,0.50645,0.38259,0.47897,0.34153,0.53319,0.29663,1.0522,0.17571,0.53198,0.94971,0.78956,0.44068,0.39967,0.58933,0.40956,0.51319,0.52841,0.73574,0.47058,0.23663,0.68686,0.31599,0.083798,1.4513,0.59211,0.29624,0.35445,0.27131,0.44448,0.38289,0.32521,0.61699,0.62383,0.33855,0.69299
1995,3.1781,1.2511,0.29559,1.3753,0.48693,0.5492,0.26454,0.77733,0.62679,0.43996,0.23499,0.51844,0.39012,0.48391,0.46471,0.42398,0.51927,0.38525,0.45882,0.34065,0.52509,0.29893,1.06,0.17736,0.53675,0.90018,0.75014,0.45257,0.39923,0.58928,0.41772,0.50791,0.52406,0.7289,0.46962,0.24075,0.70006,0.3105,0.082636,1.4272,0.58031,0.29309,0.3611,0.28377,0.44666,0.38912,0.31105,0.6136,0.62075,0.33375,0.67845
1996,3.0934,1.2391,0.26326,1.3995,0.51178,0.5648,0.26884,0.772,0.62895,0.44289,0.23677,0.51363,0.39432,0.4884,0.47034,0.42262,0.52533,0.4102,0.45799,0.34142,0.50485,0.30295,1.0619,0.18406,0.53904,0.8852,0.71602,0.4563,0.39116,0.58809,0.42991,0.50788,0.54421,0.71473,0.46621,0.24385,0.70116,0.31345,0.079565,1.4194,0.5775,0.29368,0.36047,0.29506,0.45251,0.38928,0.33137,0.62228,0.62961,0.32937,0.67221
1997,3.1187,1.2972,0.25154,1.3173,0.47955,0.58218,0.27243,0.77684,0.62961,0.44592,0.23968,0.51899,0.40003,0.49885,0.46501,0.41838,0.51453,0.42083,0.46075,0.34436,0.49182,0.29758,1.0621,0.18517,0.54589,0.85213,0.70561,0.38764,0.36982,0.58385,0.43776,0.51233,0.5574,0.70409,0.47265,0.24593,0.69332,0.31374,0.078311,1.412,0.59243,0.29205,0.35405,0.28015,0.45435,0.38698,0.33476,0.5978,0.64614,0.3298,0.66806
1998,3.1041,1.3315,0.30129,1.312,0.44277,0.59849,0.28076,0.78105,0.62101,0.4455,0.23795,0.524,0.40026,0.50473,0.45467,0.41238,0.50035,0.43159,0.43209,0.34581,0.5057,0.2906,1.0608,0.18577,0.54763,0.81553,0.73786,0.36888,0.36652,0.57849,0.43773,0.51846,0.53497,0.69744,0.48053,0.24897,0.69409,0.30814,0.074785,1.3969,0.60321,0.28104,0.33968,0.26746,0.45575,0.39315,0.35413,0.56252,0.64784,0.33068,0.66627
1999,3.02,1.3196,0.29613,1.2223,0.4161,0.59279,0.29043,0.78444,0.61983,0.44648,0.23639,0.52186,0.39526,0.50824,0.44408,0.41347,0.49945,0.43693,0.40065,0.34904,0.5184,0.28565,1.0578,0.188,0.55241,0.81834,0.75973,0.35347,0.37527,0.5683,0.44028,0.52098,0.52399,0.70101,0.47961,0.24622,0.69933,0.31069,0.072377,1.3734,0.60689,0.27917,0.33147,0.2642,0.45544,0.39673,0.37608,0.54222,0.6445,0.32891,0.66944
2000,2.9719,1.2495,0.29059,1.1634,0.40741,0.57491,0.2956,0.78822,0.62523,0.4527,0.23406,0.5098,0.39367,0.50371,0.43528,0.41925,0.49415,0.4299,0.39345,0.35608,0.52608,0.28559,1.0527,0.18535,0.55598,0.82169,0.74865,0.37034,0.37641,0.56953,0.44016,0.52613,0.51144,0.70458,0.47594,0.24115,0.70511,0.31354,0.071705,1.3721,0.60678,0.28948,0.3325,0.2581,0.45347,0.39867,0.43281,0.51009,0.64596,0.32962,0.66752
2001,3.0602,1.2713,0.2882,1.3121,0.421,0.5383,0.28292,0.78226,0.62993,0.4447,0.23344,0.49859,0.37904,0.49831,0.40795,0.41872,0.48857,0.39931,0.38415,0.35397,0.54589,0.28205,1.0552,0.18734,0.54472,0.81764,0.74586,0.37827,0.36879,0.57391,0.43177,0.53363,0.50824,0.70484,0.46821,0.23545,0.70425,0.30862,0.074561,1.3776,0.5994,0.28482,0.33726,0.23537,0.448,0.39126,0.38351,0.54696,0.65167,0.33095,0.65925
2002,3.1211,1.2567,0.2597,1.6294,0.4478,0.54496,0.28137,0.7863,0.62759,0.44709,0.23783,0.49512,0.37726,0.49728,0.39796,0.42248,0.50827,0.39905,0.40011,0.34414,0.57012,0.29169,1.057,0.19009,0.54083,0.917,0.76367,0.39147,0.37704,0.57176,0.43377,0.5355,0.51485,0.69997,0.46538,0.23744,0.70055,0.31617,0.077008,1.382,0.59359,0.27659,0.33709,0.22768,0.44669,0.38943,0.34711,0.57689,0.64715,0.33069,0.65959
2003,3.1135,1.2447,0.24048,1.6131,0.4653,0.5414,0.28677,0.77445,0.62936,0.45454,0.23825,0.48866,0.37485,0.49113,0.40443,0.42312,0.50997,0.39365,0.41553,0.33474,0.56907,0.29911,1.0605,0.19381,0.53628,0.93164,0.74307,0.36977,0.37594,0.56634,0.4317,0.53192,0.51701,0.69559,0.45815,0.23564,0.69218,0.32367,0.080376,1.3999,0.58949,0.28103,0.33065,0.23179,0.44781,0.39645,0.33445,0.5708,0.63258,0.32853,0.65627
2004,3.1578,1.319,0.2544,1.5273,0.45697,0.55839,0.28697,0.75459,0.63303,0.45838,0.24495,0.47752,0.3694,0.49556,0.41902,0.4173,0.49747,0.40143,0.44427,0.32883,0.55912,0.30389,1.0691,0.19986,0.52354,0.94677,0.72054,0.38269,0.35468,0.56252,0.434,0.535,0.52488,0.69184,0.44534,0.23755,0.67352,0.33154,0.083857,1.4262,0.59064,0.29151,0.3244,0.23038,0.45181,0.40171,0.28884,0.55616,0.61482,0.33035,0.6419
2005,3.1203,1.2889,0.31686,1.4704,0.40978,0.56808,0.2815,0.75654,0.62846,0.45179,0.25459,0.47577,0.36894,0.50236,0.44247,0.40929,0.50139,0.39908,0.45441,0.31228,0.55363,0.29486,1.069,0.20819,0.51867,0.91177,0.7447,0.40426,0.35022,0.55966,0.44094,0.54929,0.51195,0.69746,0.44309,0.24495,0.6597,0.33032,0.090357,1.4314,0.59613,0.29103,0.30983,0.22826,0.45744,0.40567,0.257,0.53087,0.59357,0.33473,0.649
2006,3.116,1.2196,0.33955,1.2675,0.4348,0.58206,0.28148,0.75589,0.62764,0.45483,0.24978,0.486,0.38325,0.49281,0.44443,0.40331,0.50447,0.4064,0.46923,0.31042,0.56173,0.29167,1.0572,0.209,0.51446,0.8263,0.74955,0.37906,0.36195,0.5473,0.44314,0.54664,0.48803,0.70759,0.4401,0.2399,0.65253,0.3206,0.090249,1.4379,0.60309,0.28751,0.30618,0.23254,0.45479,0.39759,0.24746,0.54804,0.57706,0.3306,0.66609
2007,3.1194,1.2422,0.32651,1.2154,0.48348,0.59079,0.2786,0.7531,0.63167,0.44587,0.23985,0.4806,0.38459,0.47628,0.43165,0.40399,0.49634,0.41674,0.47377,0.33329,0.55748,0.29368,1.0549,0.2092,0.51164,0.84347,0.7217,0.35342,0.36238,0.54487,0.44312,0.54814,0.50428,0.70504,0.44243,0.2352,0.64744,0.31736,0.087432,1.4398,0.59951,0.28845,0.32219,0.22815,0.44903,0.37851,0.24204,0.56198,0.57888,0.32673,0.67948
2008,3.0353,1.1917,0.34351,1.3162,0.52464,0.57946,0.27851,0.76638,0.62869,0.43164,0.23418,0.47796,0.38692,0.48586,0.42114,0.40237,0.5016,0.4081,0.48891,0.33828,0.54159,0.29216,1.0512,0.2104,0.51856,0.94728,0.74496,0.34448,0.35622,0.5532,0.44671,0.55469,0.51833,0.69847,0.45636,0.23331,0.64808,0.31452,0.086756,1.4205,0.59399,0.29785,0.32594,0.23236,0.44596,0.37465,0.22416,0.52332,0.58624,0.33078,0.69194
2009,3.0706,1.1476,0.3451,1.3739,0.54118,0.55872,0.28112,0.7631,0.62705,0.43041,0.22365,0.48358,0.39447,0.49686,0.41927,0.39838,0.50108,0.41251,0.46256,0.32966,0.56683,0.29212,1.0453,0.20418,0.52789,0.96124,0.81349,0.35413,0.35552,0.55441,0.4434,0.54351,0.49671,0.69616,0.46235,0.2283,0.64692,0.30961,0.079036,1.4336,0.59119,0.29313,0.31797,0.24325,0.44838,0.373,0.21389,0.5008,0.5871,0.32881,0.67766
2010,3.2007,1.1906,0.33431,1.353,0.4852,0.56624,0.28291,0.76746,0.62569,0.42407,0.21809,0.47928,0.38583,0.49549,0.42258,0.4069,0.50186,0.41286,0.39486,0.33507,0.59278,0.29591,1.0504,0.19969,0.5456,0.90639,0.84581,0.3396,0.35252,0.55605,0.43817,0.53402,0.50024,0.69025,0.46012,0.23073,0.64466,0.31297,0.077655,1.461,0.58464,0.28456,0.32091,0.23846,0.45341,0.37276,0.24905,0.52223,0.59308,0.32659,0.66943
2011,3.246,1.2427,0.3662,1.3165,0.43609,0.56237,0.28456,0.77138,0.61482,0.4243,0.21837,0.48794,0.3878,0.49535,0.42213,0.40896,0.50677,0.40096,0.37528,0.34189,0.58338,0.29914,1.0548,0.19698,0.55142,0.83978,0.86863,0.33117,0.35601,0.55502,0.44653,0.53524,0.50549,0.68678,0.46239,0.23014,0.6432,0.31476,0.085163,1.4663,0.59396,0.28727,0.3162,0.23341,0.45679,0.39691,0.30925,0.54081,0.5874,0.32987,0.68553
2012,3.2962,1.2364,0.3917,1.2267,0.40645,0.53515,0.28514,0.76331,0.61175,0.43039,0.21935,0.49016,0.39443,0.49168,0.42469,0.40492,0.51181,0.40136,0.3629,0.34414,0.58895,0.29425,1.0567,0.19875,0.55176,0.75313,0.91329,0.36664,0.36569,0.54141,0.46499,0.53499,0.50336,0.68444,0.46149,0.22961,0.63321,0.31567,0.086932,1.4986,0.60593,0.28844,0.31786,0.24901,0.45792,0.41164,0.32495,0.56399,0.59904,0.32688,0.68522
2013,3.2459,1.2062,0.374,1.1742,0.4013,0.54778,0.27863,0.74737,0.61706,0.44835,0.21719,0.49947,0.39686,0.47921,0.43116,0.41051,0.51898,0.42311,0.37469,0.35163,0.5883,0.29127,1.0497,0.19954,0.55487,0.73535,0.88964,0.38869,0.3794,0.54527,0.47875,0.52542,0.50721,0.69879,0.45627,0.22488,0.64018,0.31682,0.084249,1.5084,0.60942,0.29624,0.31709,0.26083,0.45882,0.40642,0.31615,0.57833,0.60454,0.326,0.68767
2014,3.2585,1.1416,0.36093,1.1905,0.38627,0.58131,0.27597,0.74625,0.62045,0.45135,0.21888,0.50067,0.39631,0.47473,0.43393,0.41225,0.54545,0.4433,0.40774,0.34662,0.59474,0.29359,1.0497,0.20095,0.5539,0.75457,0.81885,0.3784,0.37461,0.56158,0.48299,0.53764,0.52184,0.69603,0.46352,0.22493,0.65551,0.31791,0.084858,1.5056,0.59969,0.29597,0.32707,0.26232,0.45491,0.39469,0.29006,0.58363,0.61564,0.32496,0.69593
2015,3.2031,1.1278,0.36648,1.2584,0.41075,0.57766,0.27992,0.74365,0.61971,0.44424,0.22529,0.50318,0.40193,0.47582,0.43022,0.4087,0.56711,0.43711,0.45943,0.33647,0.57046,0.29689,1.0374,0.21035,0.5409,0.79384,0.76667,0.35757,0.37344,0.56573,0.48991,0.54803,0.52758,0.68637,0.46749,0.23054,0.66083,0.3177,0.088682,1.4973,0.604,0.29609,0.32917,0.26352,0.45536,0.39363,0.26773,0.56164,0.63592,0.32427,0.69573
2016,3.2034,1.1168,0.38368,1.2804,0.43413,0.57717,0.27957,0.73545,0.63152,0.43578,0.23241,0.50263,0.40144,0.4753,0.43412,0.40312,0.57172,0.43024,0.47172,0.32726,0.56657,0.29347,1.0389,0.2181,0.53771,0.85083,0.7527,0.36511,0.373,0.57334,0.48616,0.55251,0.53235,0.68868,0.47128,0.22906,0.66033,0.32163,0.090075,1.5072,0.61195,0.30525,0.32994,0.27745,0.45695,0.38997,0.27643,0.55552,0.64402,0.32525,0.69459
2017,3.3184,1.1054,0.37907,1.4326,0.50263,0.58312,0.2783,0.73715,0.63874,0.43253,0.23313,0.49285,0.40472,0.47203,0.42919,0.40891,0.56017,0.4328,0.46412,0.3286,0.58691,0.29129,1.0428,0.22055,0.53709,0.88188,0.69819,0.38377,0.35593,0.59602,0.46525,0.5501,0.54239,0.69194,0.47916,0.23659,0.64969,0.32655,0.088266,1.5422,0.6109,0.3074,0.32961,0.26911,0.45685,0.3833,0.30171,0.61955,0.65609,0.32709,0.69536
2018,3.4116,1.1767,0.40606,1.5003,0.53346,0.57645,0.28138,0.74621,0.63238,0.43834,0.22952,0.48905,0.42167,0.47393,0.42976,0.41036,0.54931,0.43348,0.4763,0.34025,0.56971,0.30311,1.0394,0.21804,0.5382,0.8285,0.68938,0.3815,0.36116,0.5998,0.46522,0.55542,0.54009,0.68263,0.49176,0.23395,0.64472,0.32489,0.088745,1.5361,0.61327,0.29654,0.34108,0.26093,0.45451,0.38303,0.37771,0.65231,0.64831,0.32571,0.70046
2019,3.3885,1.3357,0.3999,1.3584,0.58126,0.58477,0.28674,0.75676,0.62793,0.43738,0.23331,0.49156,0.43406,0.47603,0.42762,0.41039,0.53114,0.42424,0.5093,0.34371,0.55873,0.30782,1.038,0.21585,0.54125,0.80217,0.74411,0.36658,0.38961,0.58474,0.47406,0.54954,0.53833,0.67234,0.49311,0.22704,0.6472,0.3304,0.090431,1.5311,0.62254,0.29693,0.34705,0.26819,0.45975,0.38744,0.44739,0.66759,0.64472,0.32357,0.70224
2020,3.2575,1.3665,0.38263,1.3104,0.58981,0.60142,0.28862,0.74934,0.6309,0.43536,0.23225,0.48544,0.42401,0.47312,0.41703,0.4056,0.50479,0.43918,0.51332,0.34908,0.5736,0.2997,1.0413,0.212,0.54163,0.84877,0.76568,0.39647,0.39934,0.58461,0.47144,0.54011,0.53703,0.67593,0.48579,0.23192,0.6439,0.3288,0.085368,1.5561,0.61536,0.30148,0.34634,0.27584,0.46205,0.39121,0.43945,0.69796,0.65391,0.32018,0.70106
2021,3.1161,1.3213,0.37196,1.3085,0.51275,0.60206,0.28635,0.75501,0.6419,0.44348,0.22699,0.48365,0.42295,0.47858,0.42443,0.40383,0.51266,0.44281,0.49447,0.35522,0.58063,0.29433,1.0484,0.20853,0.542,0.89098,0.78134,0.41555,0.40757,0.58297,0.4763,0.54155,0.52172,0.67956,0.48543,0.23927,0.64503,0.31717,0.083867,1.5735,0.59844,0.30428,0.35723,0.27361,0.45993,0.39502,0.41623,0.68359,0.64181,0.31977,0.69968
2022,3.1672,1.3259,0.34341,1.2652,0.48919,0.59088,0.28929,0.76215,0.65206,0.44439,0.22446,0.49664,0.43404,0.4881,0.43903,0.4103,0.53289,0.41276,0.49116,0.349,0.57291,0.29006,1.054,0.20011,0.54484,0.92706,0.81083,0.41171,0.41592,0.5851,0.48219,0.5485,0.51797,0.68232,0.48716,0.24037,0.65144,0.31956,0.088635,1.5745,0.61019,0.30856,0.35218,0.26136,0.46189,0.39407,0.38938,0.67196,0.63808,0.32266,0.69843
2023,3.2861,1.2983,0.32822,1.2539,0.50876,0.58742,0.29591,0.7559,0.65524,0.44421,0.22396,0.49767,0.43101,0.49866,0.43468,0.40709,0.52605,0.40711,0.47949,0.34616,0.59072,0.28834,1.0575,0.1984,0.5454,0.99759,0.80077,0.40539,0.41734,0.59577,0.46639,0.55911,0.53733,0.69143,0.48749,0.23969,0.6606,0.32544,0.089066,1.5902,0.62782,0.302,0.33854,0.25828,0.4623,0.38698,0.39088,0.66708,0.64302,0.32508,0.69723
2024,3.3556,1.2271,0.34529,1.2885,0.50831,0.5859,0.29063,0.75958,0.65191,0.45633,0.2232,0.49168,0.4286,0.50708,0.42598,0.40727,0.51066,0.4222,0.48012,0.35103,0.61963,0.292,1.0612,0.20303,0.54957,0.94979,0.77859,0.36729,0.41933,0.60356,0.45303,0.56296,0.54326,0.69549,0.49081,0.2362,0.66702,0.32396,0.085861,1.5763,0.62368,0.2991,0.34022,0.26039,0.45849,0.3862,0.42689,0.64321,0.6316,0.32616,0.70011
2025,3.2993,1.1905,0.3441,1.2869,0.48679,0.58303,0.28779,0.75811,0.64731,0.46004,0.22207,0.49032,0.42721,0.50757,0.42246,0.41029,0.51159,0.43417,0.50679,0.3558,0.61829,0.29477,1.0571,0.20176,0.55213,0.86278,0.77997,0.3532,0.42339,0.61674,0.45694,0.56385,0.539,0.70167,0.49584,0.23378,0.66604,0.31924,0.08501,1.5428,0.62513,0.29971,0.34293,0.26402,0.45745,0.38822,0.39879,0.5976,0.62537,0.32614,0.70545
2026,3.4328,1.1991,0.37744,1.345,0.489,0.60667,0.28916,0.75993,0.64783,0.45455,0.22394,0.49304,0.41987,0.50467,0.42701,0.40766,0.51849,0.44616,0.52949,0.35599,0.61532,0.30292,1.057,0.19533,0.55305,0.84075,0.81736,0.38056,0.4266,0.6178,0.47266,0.5591,0.53371,0.70038,0.50194,0.23196,0.66322,0.31785,0.084058,1.5099,0.6357,0.2883,0.34412,0.27911,0.45733,0.38453,0.35462,0.56889,0.63884,0.32593,0.70342
2027,3.4548,1.2013,0.37404,1.25,0.49989,0.61011,0.28782,0.75511,0.64381,0.45014,0.22664,0.49849,0.41213,0.49942,0.42233,0.4056,0.51769,0.45997,0.55034,0.36036,0.60428,0.30451,1.0571,0.19866,0.54911,0.84345,0.81208,0.37394,0.43216,0.62023,0.46826,0.55602,0.53997,0.70862,0.5004,0.23231,0.66775,0.31449,0.084608,1.5089,0.63195,0.28556,0.34366,0.29342,0.46035,0.38473,0.32466,0.54788,0.63998,0.32375,0.70117
2028,3.3567,1.1927,0.41911,1.1842,0.48705,0.60051,0.28571,0.75222,0.64916,0.45396,0.23043,0.50856,0.41167,0.49599,0.42526,0.41092,0.52043,0.45999,0.5486,0.36434,0.59586,0.30157,1.0622,0.20134,0.54942,0.88078,0.80653,0.3686,0.43281,0.63268,0.46827,0.55476,0.54152,0.7189,0.49817,0.23894,0.67262,0.30813,0.084123,1.5185,0.62053,0.29785,0.35086,0.29114,0.46196,0.3903,0.31141,0.56049,0.63718,0.32264,0.69796
2029,3.2896,1.218,0.44455,1.2453,0.46778,0.5784,0.28182,0.75685,0.65184,0.4539,0.23,0.51475,0.41626,0.49372,0.44082,0.41519,0.53998,0.45839,0.54305,0.36893,0.58234,0.29984,1.0608,0.20359,0.55534,0.86275,0.79664,0.39323,0.43527,0.63516,0.48094,0.55878,0.53074,0.72839,0.49896,0.24071,0.67084,0.30847,0.083543,1.5296,0.61552,0.30464,0.34801,0.28368,0.46284,0.39325,0.28266,0.57874,0.64889,0.3228,0.69846
2030,3.2876,1.2521,0.42105,1.2677,0.46621,0.56463,0.28144,0.75743,0.6502,0.44261,0.2279,0.51353,0.41898,0.49208,0.45161,0.42072,0.5462,0.46077,0.56123,0.36909,0.59143,0.30175,1.0597,0.20286,0.55943,0.89158,0.77555,0.39499,0.44382,0.63405,0.48279,0.56225,0.53225,0.72982,0.49254,0.23489,0.67271,0.32197,0.082441,1.5524,0.61309,0.30434,0.35072,0.28635,0.46741,0.39089,0.28171,0.63506,0.65951,0.32005,0.69718
2031,3.304,1.2913,0.40372,1.293,0.45599,0.57402,0.28041,0.75619,0.64943,0.44078,0.22449,0.51928,0.41996,0.48726,0.44301,0.42348,0.53985,0.44939,0.54971,0.36237,0.59442,0.30141,1.0664,0.205,0.56525,0.93988,0.75329,0.34876,0.44672,0.63128,0.46542,0.55904,0.53946,0.72813,0.48775,0.23119,0.67969,0.32498,0.080178,1.548,0.60861,0.30333,0.35771,0.29553,0.46929,0.39162,0.30976,0.70083,0.66891,0.31701,0.69978
2032,3.3103,1.3285,0.3858,1.5014,0.45203,0.58913,0.27949,0.75474,0.65088,0.44069,0.22617,0.51878,0.41499,0.48688,0.43604,0.42262,0.53838,0.44447,0.49913,0.36338,0.58402,0.30246,1.0726,0.20579,0.5655,0.94913,0.74189,0.33097,0.44501,0.62033,0.45808,0.54937,0.54244,0.72655,0.49174,0.23338,0.67704,0.32624,0.079316,1.5391,0.60805,0.30288,0.36008,0.29596,0.46524,0.39437,0.31487,0.68316,0.66765,0.31905,0.71437
2033,3.3076,1.3026,0.37093,1.5283,0.46344,0.59989,0.28704,0.74937,0.65658,0.44257,0.22418,0.51382,0.41672,0.49126,0.44265,0.42498,0.53534,0.44095,0.49167,0.36932,0.56917,0.30945,1.0737,0.20146,0.56305,0.96809,0.7622,0.33332,0.444,0.61815,0.46192,0.54725,0.53806,0.72064,0.49958,0.2394,0.66557,0.336,0.079164,1.5321,0.61333,0.30549,0.36041,0.29352,0.46007,0.39687,0.33292,0.62564,0.663,0.32028,0.71786
2034,3.3389,1.3117,0.39653,1.3385,0.46518,0.59024,0.29921,0.75001,0.66169,0.45486,0.22048,0.52267,0.42623,0.49163,0.44414,0.42412,0.52835,0.42731,0.49966,0.36846,0.56759,0.30879,1.0749,0.19972,0.56281,0.9547,0.79161,0.34445,0.44123,0.622,0.46204,0.55302,0.53745,0.7175,0.5013,0.24445,0.67451,0.33059,0.07966,1.5132,0.6167,0.30922,0.35711,0.29598,0.4597,0.3968,0.34728,0.58994,0.66846,0.31913,0.71434
2035,3.2913,1.2832,0.46737,1.3265,0.47078,0.57161,0.30104,0.75311,0.65396,0.45922,0.22742,0.52485,0.42756,0.48997,0.44608,0.41682,0.52241,0.41935,0.48346,0.36517,0.58302,0.29948,1.0733,0.20081,0.55923,0.91231,0.79646,0.36033,0.44057,0.61968,0.46543,0.56487,0.54052,0.71785,0.49686,0.24847,0.6881,0.32052,0.081096,1.5066,0.61252,0.31504,0.35532,0.29864,0.46109,0.39407,0.35116,0.56376,0.66448,0.31977,0.71555
2036,3.1377,1.2056,0.48,1.3525,0.47208,0.57614,0.2942,0.76028,0.64174,0.45796,0.22951,0.51675,0.42652,0.49333,0.45185,0.41516,0.52143,0.41569,0.47859,0.3624,0.59355,0.29878,1.0694,0.20197,0.55723,0.89052,0.78319,0.35883,0.43414,0.61309,0.47194,0.57569,0.53203,0.70874,0.5022,0.25092,0.67851,0.31808,0.081341,1.5127,0.60667,0.31148,0.35822,0.30926,0.4602,0.39963,0.33353,0.58644,0.66365,0.3184,0.71547
2037,3.1422,1.2317,0.4296,1.343,0.44876,0.58998,0.29081,0.76632,0.64327,0.45632,0.2245,0.51735,0.43091,0.50041,0.4511,0.42014,0.52823,0.4127,0.49709,0.36107,0.59863,0.298,1.0695,0.20272,0.55712,0.89417,0.76168,0.39783,0.43625,0.61456,0.47268,0.57704,0.53246,0.71222,0.5115,0.24898,0.67928,0.31707,0.081526,1.5167,0.60489,0.30858,0.3579,0.31199,0.46211,0.40287,0.30093,0.64895,0.67609,0.31691,0.71398
2038,3.1348,1.2496,0.40341,1.3737,0.45893,0.58254,0.29193,0.76623,0.64273,0.45092,0.226,0.51618,0.42752,0.50415,0.44899,0.42404,0.54166,0.41131,0.50309,0.35976,0.59753,0.29578,1.0705,0.20225,0.5552,0.90638,0.74848,0.44515,0.45299,0.61655,0.47284,0.58006,0.53819,0.72434,0.51021,0.25067,0.68651,0.31924,0.081091,1.5145,0.60301,0.30573,0.35731,0.30526,0.46124,0.39985,0.33431,0.69101,0.67437,0.31708,0.70934
2039,3.2567,1.3124,0.38115,1.4079,0.48644,0.579,0.28894,0.76648,0.63826,0.45124,0.23214,0.51502,0.41779,0.50196,0.44518,0.42699,0.54356,0.42525,0.49688,0.35886,0.59166,0.30033,1.069,0.20225,0.55629,0.94136,0.73264,0.47874,0.45986,0.61947,0.46541,0.57436,0.54415,0.73858,0.51193,0.2578,0.69219,0.32631,0.080824,1.5132,0.60574,0.30765,0.35494,0.29777,0.46053,0.40112,0.35407,0.71863,0.67842,0.31942,0.7082
2040,3.3052,1.3465,0.36362,1.4634,0.48554,0.58782,0.29131,0.75634,0.63784,0.44854,0.23557,0.51198,0.41318,0.49556,0.44546,0.43013,0.54741,0.42638,0.49715,0.3615,0.56795,0.3044,1.0699,0.20396,0.55499,0.93306,0.72978,0.49108,0.45336,0.62519,0.47066,0.5742,0.5419,0.73143,0.51285,0.25906,0.68925,0.3335,0.079458,1.5048,0.60565,0.3049,0.34819,0.29723,0.45881,0.40315,0.3559,0.69953,0.67712,0.32075,0.71041
2041,3.4221,1.4215,0.35769,1.5072,0.45999,0.59916,0.29678,0.74568,0.64419,0.44663,0.23518,0.50815,0.41465,0.48847,0.44381,0.4243,0.54552,0.43066,0.52221,0.3655,0.56818,0.30146,1.075,0.20419,0.54878,0.8938,0.72577,0.52805,0.44386,0.631,0.47635,0.57789,0.54557,0.73217,0.51232,0.25788,0.69452,0.3353,0.079766,1.49,0.60094,0.3123,0.33726,0.28871,0.46023,0.40028,0.3844,0.63809,0.68277,0.32185,0.70825
2042,3.3488,1.4456,0.37312,1.5619,0.46723,0.59401,0.29998,0.74227,0.6425,0.44616,0.2378,0.51119,0.41365,0.48626,0.4408,0.41642,0.5457,0.42145,0.53263,0.36275,0.58909,0.29799,1.0809,0.20192,0.55107,0.86864,0.73307,0.50131,0.44486,0.63454,0.47207,0.57473,0.54765,0.74124,0.50251,0.25623,0.70004,0.33101,0.07995,1.4846,0.59661,0.31575,0.34282,0.29115,0.46282,0.3941,0.43171,0.62343,0.6824,0.32231,0.70536
2043,3.195,1.4447,0.35887,1.7315,0.47887,0.59641,0.29948,0.73447,0.64097,0.44908,0.23764,0.52494,0.41352,0.48662,0.43762,0.41662,0.53738,0.42496,0.51884,0.35735,0.58689,0.29936,1.0914,0.19996,0.55653,0.82367,0.73706,0.43396,0.43573,0.63218,0.47112,0.56624,0.54688,0.72692,0.49694,0.2539,0.68683,0.32531,0.080436,1.4821,0.59193,0.31527,0.35102,0.2956,0.46393,0.39804,0.41817,0.63757,0.66954,0.32157,0.71648
2044,3.2133,1.4602,0.34907,1.7718,0.45795,0.5984,0.29891,0.73009,0.64863,0.45963,0.23256,0.53225,0.41531,0.48897,0.438,0.41899,0.53084,0.42921,0.51409,0.35732,0.58484,0.2937,1.0946,0.19727,0.54956,0.84769,0.69202,0.39937,0.43986,0.63118,0.469,0.56445,0.54301,0.71933,0.50059,0.2483,0.67624,0.31866,0.083122,1.4848,0.5938,0.31572,0.34908,0.29001,0.46404,0.40221,0.38673,0.62042,0.66828,0.32023,0.72248
2045,3.265,1.4482,0.3296,1.6745,0.47488,0.58898,0.29989,0.73656,0.65293,0.46307,0.2311,0.53454,0.41549,0.49299,0.43729,0.41977,0.52468,0.42658,0.53265,0.35335,0.60601,0.29384,1.0881,0.19776,0.54735,0.9059,0.71144,0.39918,0.46775,0.63068,0.46813,0.56651,0.53052,0.72495,0.50192,0.24621,0.68379,0.31598,0.083586,1.4955,0.60375,0.31517,0.35568,0.27534,0.46402,0.40529,0.39528,0.64562,0.67411,0.32005,0.72275
2046,3.1952,1.3794,0.28652,1.6439,0.48139,0.58529,0.3022,0.74057,0.64746,0.46266,0.2357,0.53531,0.40908,0.48728,0.44572,0.42635,0.51562,0.43794,0.52601,0.34778,0.60662,0.29463,1.0829,0.1994,0.54556,0.91296,0.76597,0.42591,0.47505,0.63657,0.47057,0.57024,0.53539,0.7126,0.49562,0.24684,0.68828,0.31825,0.082054,1.4883,0.60319,0.3142,0.36098,0.26292,0.46548,0.40879,0.40158,0.61665,0.66534,0.32024,0.72637
2047,3.2084,1.3156,0.27575,1.647,0.43099,0.59865,0.30248,0.7383,0.64477,0.4611,0.23682,0.52322,0.40021,0.47857,0.45779,0.43242,0.51885,0.44638,0.49285,0.34672,0.58895,0.29234,1.0752,0.19922,0.5394,0.94574,0.75697,0.41653,0.47235,0.64371,0.47739,0.57572,0.55029,0.6915,0.49472,0.24969,0.68928,0.32091,0.081724,1.4835,0.59859,0.3147,0.35207,0.26353,0.46466,0.40886,0.37169,0.54776,0.66011,0.32068,0.72415
2048,3.2689,1.2968,0.25623,1.6271,0.42142,0.62244,0.30943,0.73806,0.64646,0.45408,0.23315,0.51382,0.3989,0.48338,0.45307,0.43085,0.5148,0.44589,0.48697,0.34578,0.57978,0.29818,1.0691,0.20003,0.55178,0.93792,0.78217,0.4005,0.47316,0.6465,0.4841,0.58268,0.54706,0.68792,0.49715,0.24916,0.69298,0.32109,0.080286,1.4778,0.60341,0.31288,0.34867,0.26111,0.46375,0.404,0.37294,0.54219,0.66121,0.32019,0.71775
2049,3.0778,1.2274,0.25696,1.5155,0.4339,0.62647,0.31572,0.74465,0.6401,0.45034,0.23466,0.52526,0.40279,0.49239,0.4468,0.42881,0.50182,0.45631,0.47972,0.34681,0.57976,0.30274,1.0701,0.20257,0.56729,0.85526,0.79724,0.40201,0.47087,0.65123,0.48055,0.58424,0.54735,0.68443,0.49584,0.24986,0.69908,0.31663,0.081261,1.4528,0.60804,0.31365,0.35739,0.2578,0.46562,0.39653,0.38445,0.55737,0.64254,0.31711,0.71931
2050,3.0368,1.2137,0.30178,1.4277,0.45339,0.60657,0.31126,0.75128,0.63329,0.44849,0.23178,0.5289,0.41031,0.48651,0.44515,0.42915,0.50631,0.47425,0.46988,0.35124,0.5721,0.3022,1.0708,0.20556,0.57257,0.83874,0.76402,0.38029,0.46701,0.65807,0.47973,0.58131,0.54946,0.68439,0.4964,0.25705,0.69828,0.31635,0.087055,1.4483,0.60759,0.31653,0.35773,0.26802,0.46573,0.39638,0.33002,0.59643,0.63022,0.31567,0.72659
2051,3.1433,1.2383,0.32356,1.4044,0.48312,0.5947,0.31132,0.75998,0.63942,0.45501,0.22732,0.52613,0.41041,0.48047,0.43888,0.43247,0.50855,0.47286,0.48497,0.3537,0.57445,0.30282,1.0672,0.20599,0.5776,0.86935,0.75352,0.37952,0.45615,0.66431,0.48128,0.59088,0.5396,0.69395,0.49165,0.2558,0.68962,0.32157,0.088461,1.4427,0.608,0.32065,0.34817,0.27555,0.46545,0.39496,0.30445,0.60879,0.63806,0.31511,0.7304
2052,3.1788,1.3003,0.34177,1.2842,0.52794,0.58255,0.31214,0.77155,0.64064,0.46424,0.22709,0.52046,0.4073,0.47586,0.42721,0.42622,0.50694,0.46245,0.48052,0.35944,0.57872,0.30384,1.0677,0.20681,0.57821,0.94402,0.76433,0.39672,0.45526,0.66686,0.478,0.60403,0.52375,0.70028,0.49168,0.25156,0.68946,0.31865,0.086538,1.4335,0.61395,0.31605,0.33956,0.26244,0.46712,0.39358,0.28253,0.62852,0.64072,0.31232,0.72609
2053,3.1132,1.3044,0.37038,1.2778,0.56454,0.5726,0.30882,0.76983,0.64354,0.47346,0.22843,0.51921,0.40253,0.48032,0.42553,0.42376,0.51319,0.44687,0.49789,0.3594,0.58597,0.30527,1.0661,0.20967,0.57438,0.98152,0.7574,0.41582,0.45562,0.67339,0.47788,0.60295,0.52243,0.70261,0.49232,0.24897,0.69077,0.32408,0.085216,1.4429,0.61252,0.31879,0.33913,0.2682,0.46816,0.39352,0.32207,0.61981,0.64448,0.31241,0.72938
2054,3.0582,1.3266,0.36957,1.3472,0.57591,0.5608,0.3035,0.76341,0.64688,0.4804,0.2245,0.50777,0.39805,0.47715,0.43815,0.42427,0.53257,0.45221,0.5384,0.36741,0.58632,0.30729,1.0644,0.20991,0.57198,1.0346,0.76523,0.4029,0.46145,0.68181,0.479,0.5815,0.5282,0.70078,0.49451,0.25138,0.68882,0.32968,0.08469,1.4657,0.60234,0.31748,0.33386,0.28228,0.46612,0.39774,0.33372,0.60736,0.65373,0.31374,0.73284
2055,3.0666,1.3331,0.32468,1.3895,0.55287,0.57153,0.30706,0.76426,0.65351,0.47469,0.21837,0.49605,0.38962,0.47486,0.43884,0.42397,0.53656,0.4553,0.54323,0.37132,0.58725,0.30461,1.0642,0.20429,0.57341,1.0648,0.776,0.39104,0.4639,0.68195,0.47433,0.57686,0.52457,0.7031,0.49366,0.24641,0.69036,0.32509,0.085496,1.4787,0.60168,0.31834,0.33302,0.28119,0.46284,0.40263,0.38106,0.56906,0.65462,0.31064,0.73466
2056,3.042,1.3184,0.35783,1.4787,0.53212,0.5806,0.31338,0.75155,0.65165,0.46769,0.22348,0.5032,0.3932,0.48516,0.43191,0.42072,0.53716,0.457,0.52074,0.36824,0.59152,0.30387,1.0695,0.20397,0.56834,1.0488,0.7905,0.40754,0.47455,0.67723,0.46026,0.5771,0.53098,0.69817,0.4958,0.24312,0.69903,0.31889,0.083941,1.5132,0.6053,0.32539,0.34549,0.2854,0.46294,0.40846,0.46143,0.59002,0.64597,0.30704,0.73318
2057,3.0328,1.3207,0.4205,1.5092,0.51749,0.58714,0.31134,0.74589,0.63593,0.45929,0.23027,0.50949,0.40738,0.48477,0.43148,0.41682,0.54113,0.46802,0.52063,0.36826,0.59396,0.30368,1.0728,0.20779,0.56838,1.0188,0.8206,0.42156,0.47376,0.67735,0.45207,0.57326,0.53443,0.69995,0.49608,0.24191,0.70149,0.31844,0.083212,1.508,0.59973,0.32506,0.35461,0.29608,0.46383,0.41702,0.45541,0.59965,0.64216,0.30758,0.73355
2058,3.0868,1.3549,0.37043,1.488,0.50769,0.59701,0.30942,0.74999,0.63509,0.44851,0.23185,0.50513,0.41328,0.4872,0.42268,0.41626,0.5382,0.45923,0.49129,0.37159,0.56708,0.29843,1.0733,0.2082,0.56295,0.98055,0.7936,0.42747,0.46273,0.68016,0.45163,0.57173,0.52978,0.70663,0.49208,0.23686,0.69197,0.31835,0.084404,1.4715,0.59587,0.31621,0.35312,0.2906,0.46205,0.41771,0.42311,0.56105,0.63262,0.30645,0.73813
2059,3.182,1.3592,0.32698,1.4936,0.5039,0.59104,0.3141,0.74432,0.64617,0.44632,0.23494,0.50819,0.4096,0.4948,0.40978,0.42069,0.53352,0.44128,0.49047,0.37315,0.54192,0.29683,1.0745,0.20829,0.55562,0.97547,0.75698,0.44427,0.45927,0.68144,0.45579,0.57228,0.53025,0.7064,0.49546,0.23668,0.67873,0.32102,0.082473,1.468,0.59653,0.30749,0.34424,0.29152,0.46037,0.40817,0.42324,0.55835,0.63266,0.30644,0.73926
2060,3.1739,1.2731,0.33423,1.4771,0.47951,0.58275,0.31269,0.74978,0.64263,0.44918,0.23809,0.51051,0.41201,0.49522,0.41236,0.42462,0.52122,0.43939,0.55184,0.37256,0.55478,0.29729,1.0731,0.20763,0.55844,0.967,0.74079,0.43792,0.45592,0.67983,0.45857,0.56638,0.52937,0.70405,0.49564,0.24433,0.6849,0.32086,0.081268,1.4469,0.60021,0.30417,0.34011,0.30228,0.46132,0.40159,0.42949,0.57776,0.63414,0.30748,0.74062
2061,3.1207,1.2425,0.30301,1.4763,0.4774,0.56708,0.30718,0.75556,0.64008,0.45172,0.23769,0.51229,0.42069,0.49248,0.41775,0.42319,0.5135,0.44097,0.56779,0.37112,0.56253,0.28893,1.0725,0.20373,0.56034,0.9204,0.73426,0.40721,0.45338,0.68241,0.46249,0.56072,0.52595,0.70117,0.49334,0.24823,0.68121,0.31443,0.085039,1.4393,0.60155,0.30776,0.33881,0.29161,0.46265,0.40221,0.41239,0.58014,0.63293,0.30457,0.74587
2062,3.0425,1.2552,0.31684,1.4576,0.49118,0.57784,0.30716,0.74293,0.6458,0.44823,0.23464,0.51805,0.42309,0.47881,0.42178,0.41831,0.51761,0.43265,0.54648,0.3675,0.56798,0.28632,1.0827,0.20362,0.56028,0.91386,0.73511,0.40147,0.44655,0.69328,0.47084,0.57501,0.52611,0.69894,0.49399,0.24775,0.66625,0.31312,0.085078,1.4592,0.59479,0.31735,0.33945,0.28052,0.4657,0.40417,0.37919,0.58951,0.64355,0.30163,0.74656
2063,2.978,1.2902,0.43899,1.4897,0.48586,0.60981,0.30634,0.73704,0.64904,0.44496,0.23608,0.51574,0.42604,0.46904,0.42869,0.42225,0.52934,0.4315,0.53194,0.36773,0.58589,0.29282,1.088,0.20612,0.56327,0.93683,0.72652,0.4137,0.45054,0.69303,0.47059,0.59107,0.52611,0.69744,0.48616,0.24647,0.67124,0.31528,0.080184,1.4651,0.59434,0.32864,0.34895,0.29302,0.46691,0.40654,0.38648,0.59805,0.64386,0.30109,0.743
2064,3.0369,1.364,0.53206,1.5637,0.49074,0.62514,0.3013,0.72809,0.64735,0.45038,0.23991,0.51272,0.43264,0.46465,0.43078,0.42658,0.54294,0.43714,0.50273,0.37795,0.59234,0.29206,1.0817,0.20625,0.56304,0.94623,0.73044,0.44339,0.47202,0.68333,0.47199,0.59469,0.52899,0.69815,0.48291,0.24278,0.66971,0.31831,0.079347,1.4778,0.59813,0.33116,0.35408,0.29724,0.46497,0.40452,0.39375,0.55758,0.64501,0.30216,0.74157
2065,3.0342,1.4063,0.52054,1.5199,0.51095,0.62535,0.2954,0.72085,0.65105,0.45222,0.23746,0.50853,0.43004,0.46049,0.42998,0.4227,0.54769,0.44232,0.4948,0.39026,0.58803,0.2896,1.0793,0.20644,0.55934,0.96639,0.7355,0.44527,0.47649,0.68537,0.47152,0.59271,0.53038,0.69742,0.48922,0.24394,0.66837,0.32345,0.080612,1.4826,0.59897,0.32874,0.35553,0.29747,0.46468,0.40314,0.39703,0.53513,0.65006,0.30209,0.74216
2066,3.0158,1.4725,0.48591,1.5259,0.50129,0.62758,0.29604,0.7261,0.65468,0.45072,0.23733,0.51123,0.42381,0.46597,0.43152,0.42792,0.55489,0.44231,0.51576,0.39409,0.59562,0.292,1.0767,0.20805,0.5515,0.99554,0.75294,0.43449,0.47966,0.68787,0.47186,0.59081,0.53921,0.70192,0.49641,0.24781,0.67775,0.32773,0.080618,1.4746,0.59981,0.32833,0.3602,0.30549,0.46472,0.40398,0.40495,0.53238,0.64805,0.3012,0.74319
2067,3.0146,1.4511,0.41695,1.5142,0.48135,0.6157,0.30374,0.72759,0.65505,0.45435,0.24069,0.51335,0.41647,0.46894,0.42999,0.43224,0.5571,0.4294,0.5464,0.39177,0.61503,0.29813,1.0742,0.21084,0.54811,1.0035,0.75817,0.43087,0.47657,0.6901,0.46235,0.5956,0.54475,0.70585,0.50551,0.24821,0.69441,0.33292,0.079277,1.4605,0.60096,0.32541,0.36462,0.3087,0.46512,0.40917,0.39223,0.57634,0.63469,0.30039,0.74713
2068,3.0181,1.4549,0.39956,1.4853,0.48054,0.60673,0.31189,0.7233,0.65294,0.46579,0.24537,0.52514,0.41477,0.48177,0.43053,0.43526,0.5604,0.43004,0.55235,0.38215,0.62072,0.29959,1.0716,0.20908,0.55126,1.0295,0.77477,0.42644,0.47776,0.69626,0.46421,0.59099,0.55394,0.71203,0.51123,0.24914,0.6917,0.33447,0.082066,1.4612,0.59988,0.31954,0.36393,0.30967,0.46768,0.4124,0.39234,0.59865,0.63945,0.30079,0.74902
2069,2.9827,1.4557,0.3948,1.3494,0.50087,0.58225,0.31866,0.71899,0.65701,0.46972,0.24419,0.53455,0.41899,0.49135,0.42858,0.42904,0.55791,0.43096,0.53316,0.37488,0.61212,0.30221,1.0708,0.21094,0.5543,1.0509,0.75771,0.41608,0.47265,0.70168,0.46744,0.59503,0.55641,0.70471,0.51623,0.25065,0.68282,0.33762,0.08338,1.4509,0.59325,0.323,0.36189,0.30142,0.4694,0.4174,0.37996,0.6327,0.6532,0.29942,0.75155
2070,3.0124,1.4082,0.38285,1.3543,0.49347,0.58253,0.31902,0.72118,0.66056,0.46727,0.24229,0.52953,0.41989,0.49249,0.43307,0.43171,0.5612,0.43403,0.53125,0.36734,0.60989,0.3022,1.0708,0.21649,0.54816,1.0164,0.72114,0.41485,0.47276,0.7091,0.47078,0.5986,0.56015,0.69578,0.5114,0.25138,0.67662,0.33538,0.08529,1.456,0.59577,0.32112,0.36183,0.29732,0.46864,0.41339,0.39227,0.62088,0.65208,0.2985,0.75273
2071,3.1477,1.2925,0.37531,1.3415,0.4784,0.60773,0.32212,0.72447,0.65647,0.47674,0.24246,0.52356,0.41949,0.48247,0.43976,0.43591,0.55689,0.44414,0.53928,0.36777,0.6243,0.30012,1.0643,0.2187,0.55452,0.97876,0.70547,0.43694,0.48695,0.71297,0.47443,0.59524,0.55835,0.68909,0.50826,0.24999,0.66697,0.33646,0.085559,1.4895,0.59916,0.31791,0.36329,0.30336,0.46981,0.4058,0.43157,0.6206,0.66937,0.29997,0.75379
2072,3.1824,1.2634,0.37127,1.3365,0.50273,0.6008,0.31675,0.72809,0.65449,0.47713,0.2401,0.51763,0.41653,0.47545,0.43924,0.4324,0.54492,0.46312,0.53631,0.37606,0.60257,0.30209,1.0623,0.21984,0.57057,0.99267,0.71278,0.44212,0.49698,0.71717,0.47669,0.58888,0.54602,0.68608,0.50608,0.24985,0.66059,0.34086,0.083418,1.5048,0.59786,0.32579,0.35523,0.30623,0.46963,0.40811,0.44405,0.64648,0.67867,0.2998,0.7533
2073,3.1719,1.2749,0.36107,1.3761,0.53587,0.58845,0.31391,0.73273,0.65536,0.47492,0.23738,0.51645,0.40449,0.47234,0.44078,0.43103,0.54534,0.46022,0.55755,0.37408,0.58562,0.30454,1.0764,0.21996,0.56703,1.013,0.72136,0.42979,0.50656,0.73065,0.4826,0.58622,0.54411,0.6875,0.50545,0.24618,0.6759,0.33936,0.083447,1.5103,0.59909,0.32506,0.35153,0.30495,0.46923,0.41262,0.44987,0.65376,0.67728,0.29935,0.75659
2074,3.1746,1.2932,0.36764,1.3996,0.54809,0.61117,0.32317,0.73452,0.65108,0.47705,0.23479,0.51885,0.39742,0.47208,0.43968,0.43719,0.5487,0.4533,0.58472,0.37332,0.58357,0.30415,1.0868,0.21915,0.56366,0.98899,0.74266,0.40574,0.50824,0.73483,0.48088,0.59075,0.5424,0.6989,0.51264,0.2407,0.69345,0.33541,0.08733,1.4997,0.59794,0.32496,0.35585,0.31334,0.47012,0.41637,0.48198,0.66389,0.67271,0.29902,0.75936
2075,3.1128,1.3408,0.42353,1.4968,0.57052,0.60844,0.32175,0.73283,0.64951,0.47609,0.2333,0.51258,0.3998,0.47915,0.43689,0.44208,0.54601,0.45574,0.60235,0.37481,0.57522,0.31015,1.0874,0.21797,0.57026,0.98736,0.75324,0.40686,0.50621,0.72732,0.4786,0.59486,0.53969,0.71224,0.52287,0.24453,0.68781,0.33212,0.085419,1.4769,0.59688,0.33387,0.35282,0.31366,0.46705,0.41589,0.49245,0.66,0.6489,0.29849,0.75984
2076,3.1098,1.3725,0.51263,1.5774,0.57732,0.59526,0.31021,0.74064,0.65356,0.48246,0.23264,0.51492,0.40279,0.48596,0.43555,0.4398,0.5478,0.45964,0.60236,0.37871,0.59256,0.31392,1.0862,0.21355,0.56704,0.99803,0.74153,0.40813,0.51092,0.72878,0.48243,0.59274,0.54184,0.71519,0.52167,0.25294,0.6812,0.32522,0.079232,1.4714,0.60083,0.3347,0.35488,0.31673,0.46576,0.4104,0.48262,0.64105,0.63449,0.29894,0.76184
2077,3.1994,1.3714,0.53345,1.6654,0.55191,0.61646,0.31155,0.75122,0.65092,0.481,0.23563,0.52764,0.41224,0.48256,0.43681,0.43436,0.55564,0.4607,0.58078,0.38785,0.61204,0.30792,1.0843,0.21319,0.56638,0.95231,0.74836,0.41276,0.51293,0.72988,0.48082,0.59313,0.53636,0.72129,0.5202,0.25276,0.67215,0.32309,0.080277,1.4634,0.60493,0.33906,0.36207,0.31985,0.47052,0.4126,0.47339,0.63165,0.6221,0.29816,0.76012
2078,3.1879,1.3294,0.50664,1.7151,0.56082,0.61119,0.31683,0.75713,0.65286,0.47291,0.2405,0.52812,0.42499,0.475,0.43901,0.42968,0.55253,0.45394,0.57133,0.38949,0.61311,0.30756,1.0756,0.21565,0.57533,0.93314,0.72716,0.44169,0.514,0.73409,0.47435,0.59634,0.5307,0.72204,0.52367,0.24914,0.66396,0.32759,0.080525,1.4608,0.60554,0.342,0.36375,0.30467,0.47181,0.41626,0.45233,0.62772,0.62157,0.29695,0.75938
2079,3.1025,1.3228,0.49226,1.6823,0.57907,0.61047,0.3153,0.76193,0.65833,0.47311,0.24462,0.5315,0.42806,0.4678,0.44137,0.42546,0.54174,0.44486,0.56044,0.39191,0.61004,0.3085,1.0664,0.2159,0.57713,0.9623,0.69914,0.45613,0.51514,0.74279,0.47494,0.59511,0.52796,0.70752,0.52442,0.24985,0.66694,0.33321,0.080405,1.4585,0.60542,0.34272,0.3685,0.30299,0.4715,0.41394,0.41512,0.63345,0.63025,0.29584,0.76072
2080,3.1469,1.3313,0.47727,1.6699,0.61078,0.62838,0.31551,0.76531,0.65794,0.48111,0.24812,0.53547,0.42424,0.46268,0.44953,0.42367,0.54481,0.43378,0.56045,0.39169,0.60548,0.31084,1.0676,0.21524,0.57203,0.99437,0.69883,0.48748,0.53124,0.75269,0.4798,0.59641,0.52528,0.70409,0.52422,0.25364,0.68677,0.34012,0.086632,1.4752,0.59909,0.34882,0.37688,0.30974,0.47329,0.41407,0.39901,0.65104,0.65519,0.29536,0.76846
2081,3.1679,1.3222,0.44662,1.634,0.58948,0.64575,0.31958,0.76072,0.65499,0.47746,0.2483,0.53806,0.4224,0.45736,0.44792,0.42398,0.54656,0.42088,0.56713,0.38953,0.60357,0.30686,1.0699,0.21831,0.56358,0.98446,0.70114,0.48306,0.54465,0.75922,0.47938,0.60024,0.52578,0.70366,0.52276,0.25299,0.69238,0.34234,0.091256,1.4705,0.59906,0.34791,0.37923,0.31214,0.4751,0.41682,0.41858,0.62869,0.65789,0.29471,0.77052
2082,3.1224,1.3057,0.42432,1.5731,0.56482,0.64241,0.32336,0.75639,0.65015,0.47475,0.24425,0.5292,0.41964,0.45827,0.45108,0.42725,0.54698,0.42396,0.60591,0.38043,0.60942,0.31163,1.0667,0.21875,0.56299,0.96182,0.70624,0.47989,0.53641,0.7689,0.47503,0.60657,0.52687,0.70217,0.52601,0.2561,0.69428,0.34189,0.089878,1.4601,0.59997,0.341,0.38069,0.31078,0.4737,0.41558,0.43209,0.60233,0.65599,0.29555,0.77335
2083,3.0557,1.3223,0.42563,1.5651,0.54931,0.63485,0.32145,0.74647,0.65649,0.47492,0.24335,0.53498,0.41737,0.46168,0.45286,0.43037,0.55122,0.44415,0.61058,0.38359,0.61973,0.31782,1.0656,0.21705,0.56152,0.97897,0.73153,0.46647,0.54044,0.78095,0.47999,0.60868,0.52557,0.69948,0.53017,0.26533,0.70097,0.33901,0.081316,1.4563,0.59738,0.33645,0.38036,0.32742,0.47304,0.41558,0.41466,0.62075,0.66404,0.29739,0.77445
2084,3.0891,1.3462,0.41425,1.5867,0.51025,0.6198,0.32433,0.73941,0.65862,0.46881,0.24388,0.54636,0.41664,0.46624,0.44895,0.42973,0.57146,0.44773,0.60186,0.38428,0.61603,0.32025,1.0713,0.21744,0.55564,1.0027,0.76627,0.48481,0.55048,0.7873,0.4864,0.60466,0.52961,0.70182,0.529,0.26455,0.70506,0.33684,0.080253,1.4616,0.59784,0.34494,0.37032,0.34009,0.47521,0.4198,0.44025,0.62491,0.66347,0.299,0.77389
2085,3.1084,1.3223,0.39252,1.6,0.5286,0.60075,0.33125,0.74184,0.65899,0.46865,0.24365,0.54716,0.41597,0.47092,0.44891,0.43464,0.57829,0.45729,0.58906,0.37241,0.61237,0.31792,1.0736,0.21972,0.55912,1.008,0.76205,0.47172,0.55132,0.78385,0.49039,0.61339,0.53663,0.70883,0.52882,0.25663,0.70399,0.33229,0.08098,1.4589,0.60027,0.34833,0.36192,0.32841,0.47669,0.42404,0.45901,0.61773,0.66764,0.29916,0.77467
2086,3.0743,1.3002,0.40188,1.6213,0.5596,0.58767,0.33512,0.74547,0.66848,0.47277,0.2488,0.54586,0.41942,0.4716,0.45746,0.44112,0.5615,0.47548,0.56533,0.371,0.61228,0.31151,1.0782,0.21941,0.56414,0.99757,0.75519,0.43254,0.55825,0.78877,0.49549,0.62045,0.53259,0.70886,0.53329,0.25622,0.7102,0.32916,0.08095,1.4495,0.59577,0.34669,0.36203,0.31602,0.4764,0.42225,0.46427,0.65078,0.67864,0.29836,0.77693
2087,3.0372,1.2736,0.42511,1.6893,0.55285,0.58383,0.33383,0.75318,0.67178,0.47532,0.24947,0.5458,0.42088,0.4708,0.45475,0.43444,0.54985,0.46808,0.56106,0.37496,0.61536,0.30835,1.0788,0.21765,0.56184,1.0133,0.7567,0.45198,0.56127,0.7908,0.49806,0.61888,0.53052,0.70812,0.52905,0.25671,0.71228,0.33211,0.08226,1.4434,0.59481,0.35205,0.3605,0.30902,0.47509,0.42092,0.47058,0.65843,0.67672,0.29751,0.77872
2088,3.0077,1.2644,0.43892,1.7746,0.56504,0.58838,0.33293,0.76515,0.6696,0.48288,0.24816,0.54193,0.42378,0.47556,0.45238,0.43324,0.55503,0.46803,0.54808,0.37009,0.61415,0.30486,1.0803,0.21753,0.56302,1.0362,0.74311,0.4821,0.56826,0.77969,0.49985,0.62421,0.53691,0.7145,0.52723,0.26002,0.70637,0.3311,0.082257,1.427,0.59473,0.35422,0.36679,0.30481,0.47579,0.42162,0.45674,0.63806,0.67072,0.29675,0.77937
2089,3.0085,1.2941,0.46392,1.7977,0.58468,0.59245,0.33874,0.76825,0.67022,0.48235,0.25364,0.5366,0.42897,0.47274,0.45596,0.43661,0.5623,0.48692,0.55531,0.37172,0.62051,0.30279,1.0843,0.21523,0.56627,1.0175,0.73915,0.48971,0.56921,0.77942,0.49982,0.62503,0.53598,0.7111,0.53373,0.26208,0.70906,0.32952,0.079794,1.4114,0.58816,0.34846,0.37154,0.30131,0.47745,0.41779,0.4475,0.62007,0.67265,0.29706,0.7809
2090,2.978,1.3029,0.49779,1.9003,0.57007,0.59473,0.3415,0.76833,0.66838,0.47369,0.25396,0.53622,0.42769,0.4702,0.45024,0.43091,0.56726,0.48539,0.58393,0.37984,0.62442,0.30447,1.0828,0.21656,0.56465,1.0173,0.73347,0.4829,0.56128,0.78472,0.50181,0.61876,0.53445,0.69857,0.53567,0.26226,0.71415,0.33465,0.078742,1.4067,0.58907,0.34676,0.36761,0.30947,0.47616,0.41987,0.42589,0.5985,0.67308,0.29629,0.78394
2091,2.951,1.2947,0.4608,1.9382,0.57194,0.60048,0.3379,0.77089,0.67076,0.47481,0.25235,0.5404,0.42772,0.47558,0.44601,0.43428,0.56725,0.47858,0.58399,0.37904,0.61181,0.30387,1.0863,0.22397,0.56681,1.0217,0.72247,0.45417,0.56352,0.79168,0.50717,0.62031,0.53765,0.70068,0.53839,0.26708,0.70529,0.341,0.079602,1.4162,0.59236,0.34916,0.3702,0.31966,0.47703,0.42353,0.42221,0.59001,0.67266,0.295,0.78834
2092,2.9416,1.2627,0.43404,1.8612,0.60461,0.62532,0.33971,0.76935,0.67582,0.4768,0.25511,0.54719,0.42584,0.47185,0.44998,0.43645,0.56764,0.47734,0.59319,0.37918,0.60996,0.30593,1.0947,0.22521,0.57042,0.97783,0.72752,0.43117,0.57284,0.80587,0.51157,0.62936,0.53638,0.70159,0.54561,0.26745,0.69425,0.34211,0.080504,1.434,0.59536,0.34764,0.36976,0.31219,0.48034,0.41641,0.44577,0.60345,0.6722,0.29529,0.79264
2093,2.9252,1.2299,0.48747,1.8054,0.61528,0.64532,0.34234,0.76747,0.67561,0.46811,0.25501,0.54917,0.41999,0.46956,0.44853,0.43283,0.57754,0.46424,0.58172,0.38475,0.59608,0.30986,1.0948,0.22383,0.56899,0.94775,0.72651,0.42181,0.57417,0.81286,0.51204,0.63091,0.53936,0.69465,0.54487,0.26529,0.69551,0.34208,0.081477,1.4359,0.59635,0.34297,0.36563,0.3063,0.48034,0.41176,0.44295,0.62078,0.66807,0.29623,0.79597
2094,2.9414,1.2476,0.47788,1.728,0.60951,0.63142,0.34066,0.76796,0.67556,0.46517,0.25347,0.55192,0.42223,0.46996,0.44324,0.43334,0.5771,0.45036,0.54989,0.38632,0.58845,0.30928,1.0938,0.2242,0.56317,0.96385,0.72822,0.43926,0.57052,0.81919,0.51026,0.63043,0.54372,0.69825,0.54164,0.26625,0.69216,0.34163,0.081916,1.4438,0.59106,0.33669,0.36865,0.30744,0.47952,0.41662,0.42915,0.60957,0.66555,0.29677,0.80015
2095,3.0118,1.2744,0.42455,1.6797,0.61719,0.62131,0.3408,0.76348,0.67649,0.47511,0.25316,0.55127,0.42765,0.47,0.44232,0.43503,0.57638,0.44145,0.5376,0.39051,0.57983,0.31276,1.0907,0.22427,0.56185,0.99442,0.72269,0.47894,0.57837,0.82034,0.5115,0.62354,0.54078,0.70327,0.53805,0.26489,0.68956,0.33815,0.083047,1.4316,0.59058,0.33744,0.3774,0.31132,0.47964,0.41748,0.43073,0.59354,0.66585,0.29625,0.80181
2096,2.9896,1.2853,0.44028,1.6934,0.61975,0.62711,0.34541,0.75911,0.67448,0.48347,0.25412,0.55139,0.43183,0.46766,0.44431,0.44091,0.57483,0.43686,0.5342,0.3935,0.58863,0.314,1.0851,0.21962,0.55909,1.0016,0.7386,0.50904,0.58512,0.82329,0.51603,0.62173,0.54239,0.70168,0.5397,0.26562,0.69564,0.3352,0.083756,1.4212,0.59233,0.33392,0.37946,0.31415,0.47953,0.42119,0.42369,0.58973,0.66764,0.29683,0.80362
2097,2.9449,1.292,0.51494,1.7646,0.60424,0.6187,0.34981,0.75728,0.67046,0.48954,0.25416,0.54369,0.43004,0.4662,0.45329,0.44339,0.57696,0.44086,0.54092,0.39469,0.59549,0.31553,1.0754,0.2196,0.56189,0.9946,0.74213,0.52063,0.58837,0.83068,0.51997,0.61676,0.54245,0.69789,0.53757,0.26184,0.71399,0.33821,0.083258,1.4037,0.59248,0.33594,0.38095,0.3229,0.47883,0.42933,0.39953,0.58147,0.6713,0.29785,0.80457
2098,2.9775,1.2951,0.50677,1.7482,0.59314,0.60279,0.34499,0.76378,0.6764,0.48832,0.25292,0.54584,0.43063,0.46516,0.44984,0.43803,0.56328,0.45204,0.55159,0.39577,0.59154,0.31228,1.0731,0.22377,0.56436,1,0.73501,0.52134,0.59992,0.83516,0.52049,0.61851,0.54625,0.69765,0.53827,0.2602,0.72043,0.34587,0.081547,1.3983,0.59082,0.34471,0.38534,0.32718,0.47804,0.44344,0.40073,0.57487,0.67457,0.29765,0.80695
2099,2.9832,1.2943,0.47826,1.7033,0.57952,0.61269,0.34534,0.76993,0.68201,0.4934,0.253,0.55066,0.43355,0.46942,0.44637,0.43703,0.56463,0.46541,0.57178,0.39698,0.61466,0.31262,1.0776,0.22437,0.56654,1.0268,0.72661,0.51991,0.61605,0.84605,0.52055,0.62585,0.54951,0.69292,0.54171,0.26296,0.72001,0.34926,0.08204,1.3948,0.59743,0.35697,0.38722,0.32104,0.47884,0.44226,0.45783,0.6126,0.68401,0.29724,0.80925
2100,2.9245,1.271,0.47799,1.7025,0.58926,0.63576,0.35014,0.77134,0.68177,0.49082,0.25171,0.55761,0.43157,0.4755,0.44844,0.44276,0.58231,0.47599,0.58365,0.38582,0.61746,0.31532,1.0833,0.22377,0.57098,1.0172,0.718,0.50152,0.61721,0.85,0.5219,0.62668,0.55108,0.68981,0.54416,0.2649,0.73014,0.34929,0.082164,1.3895,0.60229,0.36872,0.37657,0.31304,0.48171,0.43085,0.49007,0.63752,0.6866,0.29841,0.8109
2101,2.9338,1.2576,0.46434,1.7019,0.60347,0.64156,0.34996,0.77447,0.68745,0.47777,0.25163,0.56569,0.42852,0.47653,0.44123,0.43968,0.58196,0.47072,0.59663,0.38217,0.60282,0.31411,1.0895,0.22292,0.57411,0.98509,0.71962,0.48598,0.6168,0.84947,0.52394,0.6214,0.54813,0.69352,0.54623,0.26651,0.736,0.34888,0.081869,1.3909,0.59848,0.37167,0.37236,0.30875,0.48085,0.42983,0.47158,0.64076,0.68024,0.29762,0.81313
2102,2.9238,1.2345,0.45715,1.7374,0.59496,0.62856,0.35271,0.77549,0.69041,0.48416,0.25474,0.56634,0.42827,0.4773,0.43828,0.43544,0.5749,0.467,0.6005,0.38611,0.62264,0.31401,1.0916,0.22002,0.57552,0.97448,0.71819,0.47644,0.62089,0.85497,0.52458,0.61735,0.54702,0.69419,0.5499,0.27084,0.73095,0.34884,0.083213,1.3895,0.59886,0.37024,0.37615,0.30628,0.47775,0.42964,0.47647,0.65588,0.67847,0.29697,0.8164
2103,2.8462,1.177,0.47419,1.81,0.60052,0.62197,0.3567,0.76617,0.68411,0.49465,0.2557,0.56776,0.43207,0.47369,0.4474,0.4393,0.57507,0.46593,0.60685,0.38606,0.62894,0.31353,1.0906,0.22046,0.57356,0.94997,0.71812,0.4717,0.61193,0.8569,0.5272,0.61758,0.54365,0.69395,0.55072,0.27089,0.72565,0.34828,0.083155,1.3784,0.59924,0.37172,0.37315,0.30545,0.47731,0.43046,0.50201,0.66328,0.67411,0.29765,0.82077
2104,2.8135,1.1844,0.50947,1.838,0.61968,0.62663,0.35532,0.76021,0.68531,0.48723,0.25655,0.56559,0.43267,0.46778,0.4515,0.44117,0.57511,0.46242,0.61247,0.39267,0.60887,0.3137,1.0863,0.22202,0.56578,0.91216,0.73109,0.48515,0.61069,0.85829,0.53115,0.62212,0.54937,0.69247,0.55005,0.27065,0.72236,0.34969,0.081771,1.37,0.59892,0.3736,0.37501,0.3133,0.47603,0.43567,0.49705,0.66536,0.66302,0.29749,0.82314
2105,2.8207,1.247,0.50343,1.8492,0.60407,0.62574,0.35528,0.7655,0.68844,0.48499,0.25891,0.56081,0.4304,0.46594,0.45441,0.44116,0.57862,0.4634,0.61083,0.39904,0.60872,0.3132,1.084,0.22355,0.56281,0.92083,0.72602,0.49183,0.628,0.85568,0.52655,0.62226,0.56285,0.68523,0.55055,0.27113,0.71787,0.35329,0.081965,1.3698,0.59989,0.37297,0.37711,0.31658,0.47546,0.43896,0.50473,0.65389,0.65287,0.29796,0.82416
2106,2.8454,1.2531,0.48617,1.866,0.59453,0.62544,0.35841,0.76276,0.68163,0.48448,0.25898,0.56581,0.4371,0.46514,0.45605,0.44579,0.58027,0.45857,0.61461,0.39774,0.60495,0.30836,1.0861,0.22871,0.56484,0.96759,0.72546,0.48701,0.63221,0.85796,0.52721,0.62266,0.55574,0.68484,0.5536,0.27018,0.71518,0.35453,0.082895,1.3695,0.59691,0.36749,0.36953,0.30601,0.47751,0.43812,0.5106,0.64918,0.6547,0.29886,0.82423
2107,2.8378,1.2417,0.47448,1.9272,0.62835,0.63281,0.36201,0.75775,0.68035,0.4832,0.25911,0.57368,0.44455,0.46708,0.45558,0.44665,0.57654,0.45923,0.62152,0.39638,0.58824,0.31049,1.0887,0.23069,0.56449,0.96622,0.74292,0.5107,0.63591,0.86277,0.53655,0.63408,0.54979,0.68775,0.55597,0.27241,0.72589,0.35671,0.083081,1.3626,0.60097,0.36426,0.37059,0.30084,0.47779,0.43453,0.45765,0.6526,0.6549,0.29918,0.82277
2108,2.8042,1.2466,0.47293,1.995,0.63482,0.63595,0.36682,0.76283,0.6835,0.49293,0.26113,0.57321,0.44575,0.46862,0.45325,0.44349,0.57083,0.47155,0.61958,0.39504,0.59591,0.31265,1.0881,0.22867,0.56501,0.94144,0.75372,0.53836,0.64018,0.86536,0.54031,0.63932,0.5572,0.69161,0.55797,0.27104,0.7371,0.35759,0.08397,1.3642,0.60431,0.36846,0.37928,0.30474,0.47879,0.43732,0.42528,0.66202,0.65979,0.30012,0.82358
2109,2.7996,1.2555,0.46951,2.0779,0.62449,0.64523,0.37136,0.76196,0.68149,0.49842,0.26368,0.57541,0.44562,0.46872,0.4471,0.4409,0.56705,0.47674,0.62149,0.39125,0.61181,0.31228,1.0836,0.22981,0.56802,0.95815,0.74854,0.52797,0.63865,0.87115,0.54246,0.64017,0.55375,0.69573,0.56269,0.27019,0.73609,0.35593,0.084599,1.3682,0.60177,0.3709,0.38442,0.30847,0.48142,0.44239,0.45153,0.6732,0.67463,0.301,0.82538
2110,2.7959,1.2479,0.44242,2.0074,0.64861,0.64301,0.37585,0.76296,0.67888,0.49427,0.26605,0.57616,0.4494,0.46249,0.44698,0.44091,0.5685,0.47854,0.61306,0.39484,0.60927,0.31145,1.0829,0.23406,0.56606,0.96852,0.72815,0.50941,0.63628,0.87331,0.54502,0.64619,0.54691,0.70003,0.5601,0.26992,0.73467,0.3523,0.084683,1.3583,0.5996,0.37531,0.38627,0.31402,0.48458,0.44131,0.47797,0.66597,0.68285,0.30043,0.82669
2111,2.7655,1.2483,0.42117,2.0052,0.66358,0.64137,0.37807,0.7619,0.68134,0.49621,0.26723,0.58015,0.45196,0.46279,0.44689,0.43988,0.57014,0.48148,0.60879,0.3937,0.61795,0.31281,1.0835,0.23521,0.56778,0.97893,0.72535,0.49863,0.64055,0.8721,0.54853,0.654,0.5457,0.69831,0.55795,0.27009,0.73687,0.35325,0.083283,1.3496,0.59997,0.37341,0.39078,0.32488,0.48573,0.43833,0.50401,0.65638,0.68346,0.30058,0.82962
2112,2.7094,1.2573,0.42696,2.0422,0.6366,0.64002,0.3781,0.76979,0.68768,0.49494,0.26653,0.58046,0.44678,0.4611,0.44421,0.43703,0.57843,0.47722,0.59475,0.39266,0.63009,0.31355,1.0773,0.23421,0.57059,0.99914,0.72087,0.47748,0.64532,0.87447,0.54811,0.64884,0.54607,0.6949,0.55568,0.26944,0.73783,0.35351,0.08211,1.3492,0.59775,0.37523,0.39119,0.34036,0.48534,0.43849,0.50815,0.65065,0.68486,0.30083,0.8316
2113,2.7224,1.2254,0.42786,2.0177,0.62703,0.63332,0.37949,0.77245,0.69013,0.48846,0.26693,0.57712,0.44696,0.45795,0.44657,0.42996,0.5878,0.47671,0.59724,0.39104,0.627,0.31128,1.0756,0.23186,0.57781,1.0231,0.69231,0.47097,0.64478,0.87273,0.54372,0.6392,0.53838,0.69477,0.56222,0.2699,0.736,0.35427,0.079798,1.3536,0.587,0.37209,0.38833,0.34251,0.48285,0.44034,0.502,0.65428,0.68604,0.30182,0.83376
2114,2.7656,1.1818,0.41217,1.9403,0.63449,0.6128,0.38085,0.77285,0.69657,0.49287,0.26689,0.576,0.4506,0.45518,0.44953,0.43172,0.59291,0.48311,0.59676,0.39091,0.61241,0.31242,1.0847,0.23273,0.57536,1.0227,0.68083,0.46732,0.64928,0.85916,0.541,0.6427,0.53933,0.69287,0.56655,0.27071,0.74095,0.3577,0.079358,1.3391,0.58428,0.37362,0.38308,0.3337,0.48109,0.43825,0.49437,0.64627,0.66762,0.30242,0.83791
2115,2.7683,1.2007,0.41376,1.8781,0.62613,0.61334,0.38062,0.78015,0.70261,0.49866,0.26498,0.57652,0.44955,0.45482,0.44401,0.43687,0.5951,0.48047,0.60679,0.39053,0.61347,0.3158,1.0861,0.23182,0.57588,1.0167,0.68739,0.46554,0.64666,0.85303,0.54465,0.64152,0.54293,0.6926,0.56651,0.27243,0.74783,0.36159,0.079207,1.3339,0.5867,0.38244,0.38304,0.33135,0.48103,0.43936,0.48052,0.65131,0.66232,0.30301,0.84069
2116,2.816,1.2324,0.40592,1.7904,0.62765,0.62954,0.38247,0.78343,0.70845,0.49811,0.2685,0.57192,0.44955,0.4556,0.44723,0.44365,0.5941,0.48071,0.64928,0.39063,0.61055,0.31694,1.0843,0.23165,0.57977,1.0008,0.69758,0.46246,0.64643,0.85321,0.54721,0.63945,0.54823,0.69245,0.56693,0.27766,0.75028,0.36581,0.078818,1.3465,0.58204,0.38929,0.39181,0.33356,0.48244,0.44884,0.46066,0.65203,0.67352,0.30424,0.84293
2117,2.808,1.2225,0.40583,1.7717,0.60928,0.63487,0.38178,0.78152,0.71458,0.49827,0.27051,0.57512,0.44504,0.45733,0.45203,0.45304,0.59492,0.47981,0.63925,0.39546,0.59327,0.31363,1.0881,0.23634,0.57826,0.99285,0.72491,0.4448,0.65798,0.86136,0.55232,0.64146,0.557,0.69617,0.56666,0.28281,0.75666,0.36749,0.080042,1.3526,0.58242,0.39517,0.39174,0.3369,0.4846,0.45628,0.46106,0.62188,0.67626,0.30492,0.84545
2118,2.7561,1.2113,0.41479,1.8169,0.59308,0.636,0.3816,0.78109,0.71349,0.49934,0.27112,0.583,0.44125,0.4585,0.45229,0.44947,0.60333,0.47496,0.60837,0.40145,0.57992,0.31351,1.0892,0.23678,0.58311,1.0298,0.73694,0.44166,0.65096,0.87805,0.55985,0.63753,0.55761,0.70277,0.57144,0.28816,0.75773,0.36749,0.080145,1.3503,0.58747,0.39333,0.38954,0.33787,0.48506,0.45692,0.47323,0.60279,0.67191,0.30525,0.84709
2119,2.7424,1.2171,0.43538,1.8367,0.61115,0.63052,0.3858,0.77545,0.70963,0.50302,0.2774,0.59146,0.44563,0.45556,0.45922,0.44437,0.60468,0.48155,0.60174,0.40656,0.57706,0.3168,1.0867,0.23142,0.58415,1.0539,0.72267,0.47404,0.64602,0.88927,0.5615,0.63934,0.55926,0.70026,0.58118,0.29507,0.7546,0.36962,0.079276,1.3446,0.58637,0.38981,0.39447,0.33914,0.48355,0.46239,0.47718,0.61077,0.66936,0.30652,0.84953
2120,2.6782,1.2237,0.45886,1.8387,0.61029,0.62043,0.38834,0.77257,0.70602,0.49776,0.28009,0.60996,0.44331,0.45436,0.46356,0.4481,0.59707,0.49036,0.57021,0.40994,0.58324,0.31949,1.0878,0.23113,0.57922,1.027,0.71184,0.50648,0.65221,0.89787,0.56794,0.64366,0.55814,0.70317,0.58804,0.29431,0.75503,0.36822,0.079758,1.3388,0.58492,0.39454,0.39529,0.33787,0.48154,0.46352,0.48644,0.6274,0.6698,0.30752,0.85301
2121,2.6384,1.2385,0.4457,1.8361,0.59882,0.61532,0.38798,0.77504,0.706,0.49284,0.28106,0.61034,0.43841,0.45569,0.45559,0.44968,0.59077,0.48836,0.56074,0.40537,0.59585,0.32378,1.0881,0.23354,0.57299,1.0153,0.71168,0.50244,0.64934,0.89741,0.57477,0.64232,0.55258,0.7099,0.58703,0.28724,0.75151,0.36469,0.080796,1.3259,0.58633,0.39664,0.39489,0.32983,0.48281,0.46186,0.49673,0.62969,0.669,0.30804,0.85572
2122,2.6444,1.2762,0.43168,1.8244,0.60066,0.61093,0.38841,0.78206,0.7089,0.49496,0.28411,0.59994,0.44472,0.45319,0.44596,0.4503,0.58642,0.47839,0.58772,0.39982,0.60337,0.32654,1.0869,0.23456,0.56516,1.0165,0.71045,0.49131,0.65149,0.89705,0.58125,0.64357,0.55421,0.70152,0.58387,0.28368,0.75312,0.36612,0.080212,1.308,0.59092,0.39765,0.39623,0.32513,0.48434,0.46787,0.48685,0.62231,0.66768,0.30884,0.85822
2123,2.6356,1.2768,0.45804,1.8334,0.60626,0.60978,0.39174,0.78694,0.7133,0.49264,0.28345,0.59693,0.4504,0.45546,0.44672,0.4512,0.58333,0.46878,0.5984,0.40128,0.60342,0.32841,1.0869,0.23807,0.56495,0.99111,0.70738,0.48865,0.65045,0.89975,0.59223,0.64436,0.55429,0.6967,0.58176,0.28342,0.76025,0.36754,0.078644,1.3042,0.59588,0.40069,0.3957,0.32629,0.48341,0.46702,0.46933,0.62914,0.67736,0.30934,0.86081
2124,2.6375,1.2518,0.46949,1.8802,0.63,0.60898,0.39278,0.78394,0.72035,0.49415,0.27996,0.58815,0.45097,0.45908,0.45238,0.45339,0.58654,0.47336,0.59365,0.40262,0.60185,0.32864,1.0857,0.23913,0.56646,0.97584,0.70566,0.49271,0.64702,0.88705,0.58938,0.64024,0.5531,0.70004,0.57941,0.28509,0.76616,0.37207,0.078563,1.2997,0.60263,0.40234,0.39161,0.33014,0.48296,0.46415,0.48272,0.63278,0.68129,0.30947,0.86156
2125,2.6693,1.2465,0.47271,1.8946,0.65532,0.61046,0.39384,0.78811,0.71902,0.50015,0.277,0.58597,0.45357,0.45602,0.45604,0.45986,0.58646,0.4846,0.59446,0.40244,0.59939,0.32766,1.0855,0.23643,0.56707,0.9871,0.69467,0.50085,0.6499,0.88297,0.57918,0.64258,0.5531,0.70187,0.58325,0.29056,0.77063,0.38303,0.078452,1.2921,0.61001,0.40348,0.38917,0.32683,0.48244,0.47253,0.49745,0.62864,0.67182,0.30997,0.86328
2126,2.7132,1.2646,0.5016,1.8578,0.66205,0.61599,0.39725,0.78923,0.71799,0.50592,0.27842,0.59215,0.45521,0.45641,0.4585,0.46313,0.58586,0.48579,0.59644,0.40482,0.60795,0.32688,1.0854,0.23655,0.57255,0.98477,0.68683,0.49514,0.655,0.88198,0.57753,0.64709,0.55009,0.70219,0.58807,0.29491,0.76852,0.38843,0.078391,1.2918,0.60774,0.40194,0.38859,0.32066,0.48433,0.47343,0.496,0.64522,0.6704,0.31035,0.86571
2127,2.6801,1.2442,0.52525,1.832,0.646,0.61413,0.39933,0.7823,0.71329,0.50782,0.27956,0.59724,0.44776,0.4598,0.45909,0.46507,0.58082,0.48357,0.60749,0.40665,0.61263,0.32352,1.0818,0.2385,0.57207,0.97089,0.68364,0.50419,0.65657,0.88134,0.58135,0.65455,0.54619,0.70305,0.59143,0.29455,0.7624,0.39135,0.078907,1.2934,0.59688,0.39456,0.38904,0.32037,0.4839,0.46813,0.47984,0.66025,0.67611,0.31108,0.86779
2128,2.6603,1.2366,0.50287,1.812,0.65072,0.62331,0.40124,0.77719,0.719,0.50953,0.28245,0.60233,0.44466,0.46608,0.45652,0.46231,0.58571,0.49328,0.60336,0.40664,0.62564,0.32066,1.0811,0.23888,0.57258,0.96255,0.68893,0.50235,0.66503,0.88204,0.58361,0.66013,0.54783,0.70063,0.5909,0.29284,0.76526,0.39288,0.081175,1.29,0.59212,0.39835,0.38641,0.3217,0.48715,0.46402,0.47013,0.66926,0.68194,0.31185,0.86964
2129,2.6641,1.2239,0.4747,1.8297,0.64061,0.63576,0.40668,0.77589,0.72539,0.51139,0.28391,0.60637,0.44753,0.4651,0.45378,0.45582,0.58798,0.49344,0.60304,0.40463,0.62634,0.31636,1.0837,0.2383,0.56807,0.98158,0.69315,0.49026,0.6708,0.88562,0.58588,0.66759,0.55381,0.69758,0.58925,0.29163,0.77043,0.39157,0.083077,1.2817,0.59279,0.39976,0.38497,0.32484,0.48798,0.46785,0.46387,0.66121,0.67752,0.31259,0.87159
2130,2.6477,1.216,0.50246,1.8324,0.63918,0.63574,0.4093,0.77774,0.72738,0.51277,0.28516,0.60849,0.45887,0.4605,0.45628,0.44819,0.59374,0.48612,0.60684,0.40624,0.61868,0.31387,1.0862,0.23702,0.57028,0.99682,0.68963,0.47326,0.66972,0.88533,0.59165,0.67018,0.56205,0.69394,0.59266,0.29655,0.77721,0.38946,0.08453,1.2825,0.59357,0.39681,0.37765,0.3342,0.48529,0.46639,0.46706,0.66779,0.67938,0.31303,0.87361
2131,2.6175,1.2154,0.50065,1.8317,0.65447,0.63,0.40677,0.77954,0.73444,0.51325,0.28705,0.61241,0.46367,0.4615,0.45431,0.44957,0.60827,0.49278,0.59446,0.41104,0.62575,0.31586,1.0877,0.23892,0.57577,0.98507,0.68634,0.47063,0.6689,0.88013,0.59999,0.67262,0.56515,0.69451,0.59404,0.29782,0.78809,0.38753,0.086469,1.2708,0.59303,0.39452,0.37894,0.34382,0.48374,0.46013,0.48387,0.67547,0.68904,0.31307,0.87368
2132,2.6279,1.211,0.48769,1.8262,0.65125,0.64189,0.4097,0.77891,0.73421,0.51458,0.28423,0.61526,0.46186,0.46319,0.45368,0.45328,0.61086,0.50028,0.59238,0.41889,0.62318,0.31701,1.0863,0.24182,0.57408,0.97083,0.68609,0.4701,0.66882,0.87851,0.60471,0.67601,0.56569,0.69843,0.59114,0.29942,0.79118,0.3862,0.089664,1.2641,0.59637,0.39968,0.38752,0.34078,0.48309,0.46201,0.47265,0.65212,0.69118,0.31341,0.87507
2133,2.6266,1.2175,0.50237,1.7607,0.63891,0.64503,0.4107,0.783,0.72443,0.51457,0.28178,0.61053,0.46069,0.46187,0.46096,0.45288,0.6107,0.50119,0.6145,0.41648,0.61385,0.31718,1.0825,0.24187,0.57605,0.96188,0.70007,0.46265,0.67324,0.87939,0.60615,0.67684,0.5665,0.69663,0.59719,0.30432,0.77979,0.38534,0.089785,1.2702,0.59843,0.39878,0.38945,0.33722,0.48355,0.46784,0.46406,0.65044,0.68492,0.31393,0.87859
2134,2.5715,1.2167,0.47798,1.7841,0.63634,0.63994,0.41362,0.7905,0.72566,0.51738,0.28686,0.61122,0.45683,0.46157,0.46412,0.44897,0.60642,0.50669,0.61674,0.41291,0.61621,0.31772,1.0782,0.24201,0.5781,0.97021,0.70673,0.46312,0.67097,0.88363,0.61163,0.67297,0.5601,0.6975,0.60273,0.30374,0.7841,0.38452,0.087275,1.2642,0.59571,0.39412,0.39496,0.33397,0.4865,0.47098,0.47396,0.64094,0.68046,0.31448,0.88097
2135,2.527,1.1947,0.45217,1.9182,0.62522,0.64872,0.41841,0.78841,0.73149,0.51652,0.28987,0.61863,0.45477,0.45865,0.4601,0.44211,0.59426,0.51307,0.59976,0.41615,0.61007,0.31524,1.0724,0.24471,0.57671,1.0015,0.70904,0.46852,0.66521,0.88538,0.61882,0.66855,0.55297,0.69554,0.59935,0.2993,0.79445,0.38525,0.086222,1.2587,0.59115,0.39594,0.39909,0.33528,0.48614,0.47786,0.47182,0.60558,0.67959,0.31558,0.88293
2136,2.5416,1.1721,0.46893,1.9238,0.62626,0.63973,0.41283,0.7848,0.73487,0.51431,0.28863,0.62073,0.45901,0.45491,0.458,0.44103,0.59043,0.51375,0.58565,0.41318,0.61381,0.31608,1.0702,0.24888,0.57626,1.0167,0.71468,0.45894,0.66236,0.88015,0.62123,0.67012,0.55732,0.69663,0.60215,0.29591,0.79637,0.39245,0.085402,1.2499,0.58829,0.39449,0.39368,0.34156,0.48283,0.49074,0.48087,0.61217,0.68052,0.31691,0.88446
2137,2.5578,1.1615,0.46868,1.9223,0.65027,0.63623,0.40771,0.79071,0.73913,0.51483,0.29217,0.62334,0.46036,0.45364,0.45228,0.44518,0.59643,0.50605,0.56955,0.40895,0.63135,0.3178,1.0705,0.24695,0.57605,1.0279,0.69941,0.42693,0.65478,0.87649,0.62227,0.67186,0.56487,0.70619,0.61224,0.29622,0.80785,0.3958,0.085469,1.2229,0.58574,0.39627,0.39085,0.34685,0.48267,0.49691,0.50465,0.61479,0.68624,0.31752,0.88524
2138,2.5523,1.1663,0.45149,1.9389,0.65837,0.64965,0.4086,0.79501,0.7388,0.51225,0.29465,0.62667,0.45766,0.46032,0.44637,0.44628,0.61069,0.49873,0.56447,0.41338,0.63682,0.31942,1.0688,0.24134,0.57994,1.0353,0.67649,0.41794,0.64943,0.87188,0.62016,0.67633,0.5649,0.70366,0.61482,0.29816,0.81229,0.39181,0.087073,1.2167,0.58091,0.40503,0.39019,0.35089,0.48357,0.49142,0.51073,0.60239,0.68556,0.31779,0.88722
2139,2.5442,1.1675,0.45463,1.8371,0.6519,0.64004,0.40998,0.79183,0.73142,0.50774,0.29196,0.63044,0.46137,0.4692,0.4518,0.45047,0.61971,0.50543,0.56316,0.41278,0.63236,0.319,1.07,0.24298,0.57613,1.0141,0.68598,0.43514,0.64772,0.86927,0.61361,0.68505,0.56412,0.69964,0.61261,0.29856,0.80314,0.39601,0.089318,1.2225,0.57828,0.40832,0.39033,0.34235,0.48494,0.48468,0.51036,0.61172,0.6716,0.31835,0.88992
2140,2.5401,1.1582,0.44978,1.7948,0.67158,0.63326,0.41173,0.79793,0.7265,0.50609,0.29084,0.63137,0.46197,0.46549,0.45898,0.45528,0.62053,0.51674,0.57144,0.40319,0.62481,0.31468,1.0697,0.24377,0.56768,1.0097,0.70604,0.43764,0.64318,0.8727,0.61157,0.69104,0.56787,0.69953,0.61416,0.3005,0.80101,0.40152,0.090608,1.2201,0.58313,0.40965,0.3882,0.3387,0.48538,0.48501,0.51602,0.61776,0.67227,0.31888,0.89189
2141,2.5463,1.1535,0.44002,1.8052,0.66536,0.63261,0.41791,0.80605,0.73216,0.51266,0.29317,0.627,0.4571,0.46287,0.45647,0.45268,0.61823,0.51585,0.59415,0.40759,0.62859,0.3158,1.0621,0.24304,0.56539,1.0514,0.70654,0.47227,0.63792,0.86804,0.61612,0.69241,0.56568,0.69855,0.61203,0.30225,0.80708,0.40247,0.08971,1.2287,0.58984,0.41335,0.38275,0.34741,0.48394,0.48446,0.50021,0.61555,0.6851,0.31926,0.89327
2142,2.5538,1.1461,0.44554,1.8049,0.63343,0.6271,0.42025,0.79956,0.73579,0.51619,0.2973,0.62458,0.46305,0.46511,0.45365,0.4491,0.61237,0.51577,0.59956,0.42153,0.63006,0.31592,1.0613,0.25059,0.56375,1.044,0.71372,0.50468,0.63871,0.86257,0.62198,0.69178,0.5631,0.69619,0.60898,0.30227,0.81282,0.40306,0.087421,1.2338,0.59361,0.4113,0.38283,0.34372,0.48345,0.48477,0.47682,0.59929,0.68677,0.31982,0.89491
2143,2.5755,1.1301,0.44147,1.8843,0.6356,0.63079,0.42087,0.79678,0.7342,0.51571,0.30046,0.62341,0.46457,0.46334,0.45081,0.45184,0.60625,0.51995,0.59596,0.42592,0.64067,0.31317,1.0683,0.2541,0.56125,1.0138,0.70598,0.49802,0.64159,0.86261,0.62843,0.69164,0.56913,0.6923,0.60596,0.3008,0.81384,0.40529,0.087532,1.235,0.59752,0.40987,0.38494,0.33722,0.48232,0.48937,0.46452,0.61018,0.68683,0.32065,0.89647
2144,2.6126,1.1376,0.44451,1.8716,0.66184,0.63908,0.42075,0.79799,0.73516,0.52042,0.30215,0.6241,0.45587,0.45921,0.44343,0.44789,0.60456,0.5131,0.59977,0.43016,0.64061,0.31252,1.0668,0.24962,0.56536,1.0109,0.68895,0.489,0.64408,0.8625,0.62575,0.68953,0.57522,0.68914,0.60912,0.30259,0.8165,0.40537,0.089335,1.233,0.60041,0.41309,0.38362,0.33282,0.47881,0.49075,0.44125,0.60753,0.68852,0.3208,0.89777
2145,2.6206,1.155,0.43969,1.9234,0.66379,0.65129,0.42333,0.8001,0.73755,0.51697,0.3044,0.62849,0.44874,0.46201,0.4383,0.44459,0.59919,0.50643,0.60162,0.43067,0.6425,0.31586,1.0642,0.24673,0.57082,1.0182,0.68061,0.48644,0.64259,0.8637,0.62414,0.68983,0.57437,0.68491,0.60763,0.30637,0.82455,0.40798,0.090844,1.2368,0.59959,0.41803,0.38245,0.33276,0.47802,0.49069,0.45641,0.6075,0.69042,0.32105,0.89944
2146,2.5892,1.1646,0.44582,2.0138,0.63966,0.65305,0.42062,0.80159,0.73412,0.50632,0.30355,0.63488,0.4488,0.46382,0.43595,0.44009,0.59377,0.50638,0.57449,0.43265,0.61783,0.3143,1.0635,0.24596,0.57406,1.0201,0.69366,0.47611,0.64553,0.86941,0.61924,0.68191,0.56644,0.67645,0.60593,0.31043,0.82784,0.4064,0.091476,1.2403,0.59438,0.42312,0.38112,0.32826,0.48059,0.48745,0.47374,0.60415,0.68103,0.32114,0.90188
2147,2.5525,1.1522,0.44551,1.9588,0.64993,0.64959,0.41753,0.80043,0.73571,0.49672,0.30082,0.63714,0.44836,0.46104,0.43626,0.44147,0.5954,0.50284,0.56922,0.43053,0.61691,0.30707,1.0661,0.24877,0.57032,1.0145,0.6869,0.47562,0.65426,0.87119,0.61813,0.68174,0.56357,0.67464,0.60433,0.30542,0.82681,0.4056,0.091075,1.222,0.59361,0.42683,0.38047,0.33364,0.48142,0.49096,0.4768,0.61667,0.68161,0.32148,0.90267
2148,2.5222,1.1607,0.44174,1.8355,0.65365,0.64415,0.42011,0.79925,0.74729,0.49896,0.30021,0.63372,0.44079,0.45879,0.43733,0.4413,0.5994,0.49244,0.6068,0.42683,0.62385,0.30875,1.0691,0.24828,0.56641,1.0311,0.67786,0.49144,0.65614,0.8606,0.62072,0.67807,0.56363,0.67414,0.6024,0.3042,0.83308,0.40448,0.091232,1.1999,0.59264,0.42914,0.38158,0.34299,0.48359,0.4975,0.47726,0.61431,0.69105,0.32177,0.90229
2149,2.5187,1.1681,0.44564,1.8051,0.65033,0.63151,0.41871,0.798,0.75063,0.50344,0.30203,0.63757,0.44485,0.45996,0.44352,0.43607,0.59985,0.48746,0.61858,0.42762,0.61821,0.31575,1.0675,0.2463,0.56785,1.0255,0.67883,0.49813,0.66232,0.85427,0.62693,0.67114,0.56676,0.67526,0.60563,0.31219,0.84215,0.39552,0.08895,1.1929,0.5927,0.43153,0.38155,0.34669,0.48627,0.50035,0.48493,0.60773,0.69308,0.32202,0.90348
2150,2.489,1.1527,0.44644,1.7478,0.64779,0.6249,0.41952,0.78714,0.74982,0.50213,0.30495,0.64232,0.45375,0.45943,0.44875,0.43702,0.60302,0.49864,0.62011,0.43043,0.62697,0.31454,1.0658,0.24557,0.5654,1.0067,0.67331,0.51087,0.67382,0.85102,0.6379,0.6751,0.57252,0.68366,0.60483,0.31289,0.85264,0.39732,0.088388,1.1835,0.59042,0.4375,0.3858,0.34442,0.48684,0.50423,0.50518,0.60804,0.68059,0.32232,0.90511
2151,2.4591,1.1532,0.46244,1.7635,0.64355,0.62089,0.42805,0.78232,0.74679,0.50724,0.30491,0.63702,0.45301,0.46079,0.45051,0.44569,0.61041,0.51389,0.63383,0.42709,0.62291,0.31362,1.0659,0.24389,0.55873,1.0026,0.68154,0.49882,0.66285,0.85083,0.64301,0.67903,0.5702,0.68969,0.60715,0.31153,0.85286,0.40881,0.09063,1.1783,0.58675,0.4356,0.38658,0.33341,0.48275,0.50485,0.50145,0.59197,0.67077,0.32281,0.90516
2152,2.4827,1.1517,0.48386,1.8839,0.63751,0.61703,0.43268,0.7881,0.74582,0.51102,0.30458,0.63767,0.45451,0.46356,0.45247,0.44585,0.60871,0.50953,0.63267,0.42837,0.60831,0.31685,1.0563,0.24448,0.55621,1.0017,0.7027,0.46725,0.65079,0.85126,0.64621,0.68244,0.56258,0.69345,0.61865,0.31954,0.84769,0.41329,0.092128,1.1764,0.58661,0.43465,0.38292,0.32631,0.48036,0.50074,0.47111,0.57983,0.66852,0.32335,0.90505
2153,2.488,1.1318,0.47446,1.916,0.62805,0.62464,0.43104,0.79246,0.75059,0.5014,0.30693,0.64027,0.45886,0.46211,0.4482,0.44111,0.60808,0.50136,0.63026,0.4295,0.60785,0.31268,1.0539,0.24806,0.55483,0.98514,0.71476,0.45157,0.6504,0.84896,0.65205,0.69087,0.56242,0.6896,0.6246,0.32111,0.84824,0.41758,0.094087,1.1791,0.58643,0.43914,0.38166,0.33382,0.48303,0.4969,0.45683,0.57438,0.6667,0.32388,0.90517
2154,2.5078,1.1158,0.46217,1.9365,0.61748,0.6307,0.44003,0.79605,0.75119,0.4912,0.30682,0.63508,0.45919,0.4644,0.44249,0.44227,0.60635,0.49444,0.64645,0.42923,0.59735,0.3083,1.0644,0.24832,0.55029,0.97501,0.72409,0.43914,0.64715,0.84832,0.65009,0.68776,0.564,0.67846,0.62791,0.31538,0.84074,0.41835,0.094459,1.1861,0.58763,0.43553,0.37434,0.33905,0.48409,0.49626,0.44001,0.5706,0.66287,0.32472,0.9041
2155,2.5435,1.1093,0.46424,1.9157,0.6062,0.63318,0.44468,0.7979,0.7522,0.48511,0.30663,0.63557,0.45412,0.46381,0.43694,0.44068,0.60262,0.48354,0.63824,0.43449,0.58337,0.31309,1.0652,0.24775,0.54819,0.96582,0.72399,0.43369,0.64424,0.84971,0.64758,0.68538,0.56188,0.67052,0.62958,0.31851,0.83476,0.41633,0.09459,1.1872,0.58753,0.42989,0.36953,0.33995,0.48167,0.49992,0.4418,0.58041,0.66271,0.32521,0.90542
2156,2.5398,1.1318,0.4731,1.8334,0.60641,0.63382,0.43422,0.79888,0.75253,0.48148,0.30576,0.65003,0.44744,0.46103,0.42684,0.44256,0.60573,0.49392,0.60523,0.43564,0.57009,0.31786,1.0604,0.24806,0.54951,0.95146,0.71842,0.42822,0.64422,0.85386,0.64654,0.6891,0.56172,0.66546,0.62861,0.32179,0.83467,0.42172,0.093897,1.2014,0.58563,0.42824,0.36975,0.34863,0.47951,0.50055,0.45401,0.57991,0.6587,0.32538,0.90844
2157,2.5407,1.1337,0.48505,1.7939,0.61846,0.62937,0.43028,0.79908,0.75018,0.4835,0.30512,0.6559,0.44887,0.45943,0.4206,0.44848,0.60521,0.51304,0.59838,0.43678,0.55624,0.31801,1.0609,0.24513,0.55159,0.95811,0.70812,0.4145,0.64318,0.85133,0.6421,0.68733,0.56207,0.66651,0.62605,0.31889,0.83244,0.42835,0.090306,1.1983,0.58589,0.42536,0.37099,0.34567,0.48019,0.49999,0.45686,0.57271,0.6561,0.32564,0.91061
2158,2.5778,1.1013,0.46711,1.7302,0.61895,0.62805,0.4303,0.80462,0.75494,0.48709,0.30654,0.64613,0.45157,0.45519,0.42014,0.45254,0.60993,0.51546,0.60337,0.42982,0.5518,0.32166,1.0604,0.24531,0.55442,0.95395,0.6806,0.42685,0.62799,0.84683,0.64024,0.69756,0.55904,0.67208,0.62694,0.32009,0.83571,0.42949,0.087978,1.169,0.58634,0.42148,0.37743,0.336,0.47846,0.50509,0.46696,0.59982,0.66579,0.32541,0.91409
2159,2.5525,1.1001,0.44355,1.6828,0.61443,0.63012,0.42865,0.80989,0.75765,0.48384,0.30656,0.64601,0.45024,0.45644,0.42509,0.45178,0.61492,0.52,0.59656,0.41292,0.55886,0.32739,1.0633,0.25038,0.55586,0.96714,0.67158,0.45616,0.6184,0.83983,0.6418,0.70988,0.56199,0.67524,0.63037,0.32378,0.83931,0.42715,0.086064,1.1571,0.58708,0.42373,0.38383,0.33094,0.47721,0.50657,0.46477,0.6009,0.6739,0.32543,0.91577
2160,2.4876,1.0813,0.45705,1.6618,0.59399,0.63316,0.43324,0.80049,0.752,0.47662,0.30917,0.64923,0.45048,0.45621,0.42867,0.45099,0.61716,0.52064,0.58007,0.40515,0.5769,0.32809,1.0706,0.25238,0.55249,1.033,0.67342,0.46843,0.62775,0.82914,0.64871,0.7181,0.56501,0.67787,0.6254,0.32762,0.83587,0.42498,0.086949,1.1433,0.58327,0.42713,0.38856,0.32754,0.48064,0.50146,0.46735,0.57533,0.67709,0.32589,0.91567
2161,2.4682,1.0587,0.45411,1.6781,0.57568,0.6389,0.4404,0.7987,0.74851,0.47474,0.30893,0.64713,0.45112,0.45478,0.43069,0.45523,0.62161,0.50578,0.56761,0.40698,0.58395,0.32909,1.0681,0.25541,0.54567,1.0539,0.67134,0.47038,0.63303,0.82799,0.65517,0.71729,0.56177,0.67871,0.62244,0.32752,0.84114,0.42319,0.09081,1.1309,0.58024,0.42276,0.38287,0.32655,0.48308,0.50342,0.46632,0.59902,0.67758,0.32651,0.91623
2162,2.4662,1.066,0.457,1.6928,0.5913,0.64269,0.44495,0.80043,0.74608,0.47903,0.30642,0.64133,0.45061,0.45799,0.43286,0.4549,0.61801,0.49608,0.54723,0.40829,0.57124,0.32878,1.0642,0.25589,0.54366,1.0501,0.6646,0.45705,0.62898,0.82847,0.6592,0.71818,0.56606,0.68271,0.62724,0.32481,0.83922,0.42612,0.093346,1.1301,0.58438,0.4256,0.37535,0.32172,0.48442,0.50485,0.4487,0.60738,0.67539,0.32694,0.91656
2163,2.3857,1.0832,0.48448,1.7379,0.61744,0.65295,0.44029,0.8046,0.74064,0.48282,0.30394,0.64727,0.45015,0.45901,0.43641,0.44824,0.60919,0.49648,0.54031,0.40743,0.57366,0.32882,1.0655,0.25133,0.54797,1.023,0.66367,0.4595,0.63138,0.8289,0.65955,0.70394,0.56738,0.68103,0.62431,0.32789,0.83899,0.42953,0.094892,1.1243,0.58141,0.42622,0.37217,0.31953,0.48085,0.50432,0.4401,0.59193,0.67299,0.32795,0.91776
2164,2.3395,1.0887,0.50538,1.7719,0.63187,0.64692,0.43679,0.80184,0.73729,0.49063,0.3055,0.65437,0.44985,0.45798,0.43934,0.44361,0.60515,0.50596,0.53754,0.40626,0.56672,0.32729,1.0661,0.24907,0.54815,1.0088,0.66298,0.45015,0.63154,0.8275,0.66205,0.70499,0.56559,0.67754,0.62417,0.32927,0.83779,0.432,0.098424,1.1252,0.58372,0.42683,0.37461,0.32177,0.4812,0.5019,0.43748,0.57621,0.67257,0.32845,0.91765
2165,2.3161,1.0792,0.46716,1.836,0.64973,0.64469,0.44045,0.80704,0.74201,0.49415,0.30594,0.66138,0.45332,0.45405,0.4408,0.43785,0.60054,0.51439,0.55991,0.41181,0.55765,0.32234,1.0648,0.24801,0.54578,0.96843,0.66242,0.45819,0.62006,0.82779,0.65866,0.69776,0.55981,0.67112,0.62955,0.32658,0.84456,0.43088,0.099375,1.1345,0.58883,0.42803,0.3767,0.3256,0.48197,0.50247,0.44579,0.59239,0.68481,0.32859,0.91736
2166,2.3341,1.0631,0.43998,1.8628,0.66867,0.63784,0.44528,0.80659,0.74747,0.48713,0.30705,0.6614,0.45438,0.45641,0.43738,0.43291,0.5935,0.52015,0.56585,0.41087,0.55857,0.31668,1.0631,0.24694,0.54543,0.94904,0.66502,0.46739,0.60905,0.82154,0.65897,0.69826,0.5554,0.66747,0.63141,0.32494,0.84728,0.42969,0.098211,1.1354,0.59459,0.43134,0.37524,0.32651,0.47859,0.50447,0.46872,0.59519,0.69297,0.3285,0.91886
2167,2.3833,1.0705,0.44748,1.9091,0.63544,0.62923,0.44348,0.79956,0.75298,0.47808,0.3091,0.66205,0.4524,0.46036,0.43555,0.43379,0.60041,0.52001,0.57069,0.40437,0.57385,0.31703,1.0685,0.24581,0.54492,0.98978,0.66077,0.44721,0.61243,0.81526,0.66618,0.7046,0.54831,0.66356,0.62333,0.33051,0.83777,0.42584,0.098001,1.1432,0.59326,0.43446,0.37904,0.32596,0.47524,0.50642,0.5163,0.5532,0.69524,0.32886,0.92043
2168,2.3738,1.0751,0.45156,1.8839,0.62008,0.62955,0.44042,0.7999,0.75407,0.47225,0.30991,0.66261,0.45352,0.45771,0.4251,0.43301,0.60254,0.52188,0.56468,0.41216,0.59946,0.31708,1.0636,0.24533,0.53795,1.0167,0.67622,0.43085,0.62408,0.81032,0.66327,0.70074,0.54867,0.66001,0.61846,0.33066,0.84009,0.42804,0.098299,1.1348,0.59078,0.42877,0.37694,0.32127,0.47869,0.5113,0.52082,0.53564,0.69382,0.32944,0.92096
2169,2.3682,1.0729,0.44436,1.8018,0.61721,0.61319,0.43656,0.80117,0.75408,0.46527,0.31084,0.65295,0.46522,0.45325,0.41136,0.42986,0.59565,0.51725,0.5346,0.41965,0.59795,0.31075,1.053,0.24708,0.53538,1.0053,0.68613,0.4211,0.62521,0.80489,0.65838,0.69959,0.55608,0.65687,0.61762,0.32521,0.84796,0.43138,0.098202,1.098,0.59555,0.42896,0.37255,0.31313,0.48068,0.51418,0.51179,0.56173,0.68234,0.32964,0.92229
2170,2.3558,1.0801,0.4568,1.7405,0.60153,0.5931,0.43748,0.80293,0.7545,0.46781,0.31291,0.64794,0.46986,0.45052,0.41861,0.4258,0.59605,0.50623,0.52985,0.42495,0.58398,0.31065,1.0524,0.2493,0.542,0.98825,0.67587,0.40751,0.61873,0.80626,0.65773,0.70614,0.56207,0.66007,0.62086,0.3258,0.84538,0.43463,0.098721,1.0871,0.60081,0.43219,0.37639,0.31334,0.47992,0.51008,0.51777,0.56221,0.67988,0.33008,0.92338
2171,2.2438,1.0563,0.47849,1.6199,0.58758,0.58293,0.4418,0.8005,0.75577,0.47394,0.31387,0.64919,0.45936,0.44528,0.42218,0.42408,0.5848,0.50835,0.53169,0.42903,0.59489,0.30484,1.0477,0.25186,0.54484,0.95521,0.67575,0.41664,0.61982,0.80805,0.64784,0.71032,0.56137,0.66742,0.62654,0.32797,0.84592,0.43979,0.10028,1.0837,0.59649,0.4304,0.38154,0.32113,0.48073,0.50787,0.49364,0.53585,0.68725,0.33043,0.92377
2172,2.2002,1.0352,0.4647,1.6021,0.58802,0.57639,0.44331,0.79707,0.75483,0.474,0.31179,0.65199,0.45747,0.44051,0.42273,0.42275,0.58013,0.51085,0.52871,0.42831,0.58155,0.29923,1.044,0.25965,0.54233,0.93979,0.6682,0.43327,0.6102,0.80287,0.6485,0.7066,0.5561,0.66109,0.63184,0.32622,0.85064,0.44234,0.10085,1.0791,0.59181,0.43243,0.37851,0.32499,0.47694,0.51092,0.47434,0.53921,0.68376,0.3308,0.92363
2173,2.3212,1.0338,0.47522,1.6284,0.61973,0.57651,0.44056,0.80084,0.7489,0.47965,0.30974,0.65385,0.46044,0.43977,0.43548,0.42025,0.58704,0.51309,0.53974,0.42701,0.56043,0.3094,1.0519,0.2618,0.54558,0.94385,0.64627,0.41517,0.5928,0.79467,0.65745,0.7043,0.55814,0.65266,0.63816,0.33073,0.84456,0.44802,0.10205,1.0912,0.58946,0.42882,0.36759,0.32596,0.47368,0.50813,0.47614,0.54835,0.67911,0.33159,0.92348
2174,2.3766,1.0326,0.50496,1.6548,0.64507,0.58547,0.43596,0.80251,0.75103,0.48283,0.30716,0.65068,0.45625,0.44296,0.43218,0.42065,0.5819,0.51391,0.55966,0.42155,0.58409,0.31313,1.0558,0.26096,0.54633,0.95703,0.64078,0.40178,0.58831,0.79767,0.66193,0.70268,0.55975,0.65486,0.63656,0.33492,0.83924,0.44548,0.10445,1.0977,0.58604,0.42997,0.36425,0.3277,0.47473,0.50636,0.47749,0.54591,0.67908,0.33177,0.924
2175,2.3732,1.0331,0.51161,1.8291,0.66131,0.60426,0.43204,0.80062,0.75246,0.48466,0.30405,0.6462,0.46036,0.44404,0.42691,0.41634,0.58293,0.4991,0.58637,0.42048,0.60517,0.31072,1.0499,0.25924,0.54174,0.99509,0.64593,0.41164,0.58747,0.8095,0.67477,0.70569,0.55544,0.64791,0.63255,0.33698,0.84054,0.44025,0.10373,1.0899,0.5877,0.43608,0.37231,0.33027,0.47388,0.51234,0.47807,0.56584,0.67785,0.33162,0.92352
2176,2.3713,1.0419,0.51445,1.8688,0.67376,0.60473,0.42768,0.80747,0.75302,0.49021,0.30578,0.6461,0.46597,0.44093,0.42442,0.4165,0.58952,0.50007,0.58799,0.41962,0.59024,0.31347,1.0482,0.25341,0.53804,1.0136,0.65107,0.39416,0.59124,0.8087,0.68299,0.71155,0.55783,0.63975,0.62994,0.34047,0.84479,0.44007,0.10232,1.0783,0.59271,0.43049,0.37458,0.33038,0.46902,0.5147,0.50752,0.59764,0.67827,0.33159,0.92407
2177,2.2968,1.0454,0.50108,1.7431,0.66322,0.59684,0.42979,0.81641,0.76483,0.49275,0.30807,0.64798,0.45804,0.44371,0.41875,0.42574,0.5895,0.50115,0.58949,0.41806,0.59089,0.30877,1.0475,0.25033,0.53762,1.0259,0.67016,0.36458,0.60424,0.81414,0.68351,0.70688,0.56059,0.64916,0.62432,0.33749,0.8505,0.42994,0.10279,1.0736,0.58693,0.42945,0.37032,0.33509,0.46572,0.52142,0.55454,0.60335,0.67101,0.33147,0.92511
2178,2.2839,1.0416,0.48698,1.7665,0.6448,0.60489,0.43576,0.81693,0.77023,0.49242,0.30985,0.65303,0.45334,0.44817,0.41762,0.42531,0.59498,0.4979,0.58383,0.4217,0.58289,0.30421,1.0399,0.24497,0.54245,1.0263,0.67721,0.36586,0.61186,0.81821,0.68797,0.69511,0.56133,0.65506,0.62334,0.33419,0.85658,0.42628,0.10064,1.07,0.5809,0.42857,0.3696,0.33558,0.46708,0.53072,0.54766,0.59199,0.66592,0.33211,0.92608
2179,2.3198,1.0708,0.49162,1.8479,0.63812,0.61348,0.43592,0.82308,0.76784,0.48496,0.31261,0.66547,0.45536,0.44339,0.40968,0.4219,0.61016,0.51446,0.53473,0.41781,0.53665,0.30892,1.0421,0.2436,0.54182,1.0147,0.6707,0.36607,0.61053,0.7985,0.69482,0.68239,0.57412,0.64558,0.62779,0.32915,0.87755,0.43162,0.10097,1.0532,0.58591,0.42422,0.36453,0.32197,0.46553,0.5215,0.52905,0.57743,0.66369,0.333,0.92908
2180,2.2941,1.0825,0.50453,1.7913,0.63669,0.61125,0.43529,0.82841,0.76599,0.47522,0.3093,0.66503,0.45622,0.43952,0.41076,0.42297,0.61489,0.51569,0.52236,0.40764,0.5173,0.30815,1.0442,0.24742,0.53759,1.0103,0.66377,0.35638,0.60479,0.78596,0.69341,0.68019,0.58188,0.64401,0.63541,0.32599,0.88678,0.4344,0.10619,1.0509,0.58635,0.42512,0.35878,0.31864,0.46441,0.51894,0.50328,0.56803,0.66168,0.33289,0.92993
2181,2.2349,1.0486,0.52098,1.7336,0.63824,0.61191,0.43249,0.82718,0.76334,0.46538,0.30667,0.66113,0.4579,0.4422,0.41378,0.4253,0.61245,0.5141,0.53863,0.40241,0.51569,0.30649,1.0312,0.24885,0.53557,0.98445,0.64405,0.35824,0.5995,0.78561,0.67947,0.68604,0.57863,0.65026,0.63621,0.32708,0.87579,0.4346,0.10758,1.0549,0.58591,0.41761,0.35995,0.31637,0.46574,0.52243,0.47764,0.55417,0.66931,0.33243,0.93098
2182,2.2716,1.0734,0.53396,1.7615,0.60763,0.61525,0.4324,0.8252,0.75637,0.46544,0.30841,0.65252,0.46096,0.44282,0.40865,0.43128,0.61283,0.50094,0.55309,0.40516,0.50264,0.31044,1.0238,0.25276,0.53555,0.95455,0.63567,0.38674,0.59745,0.77957,0.67863,0.70085,0.58014,0.65627,0.63867,0.33627,0.87031,0.43899,0.11025,1.071,0.58795,0.41535,0.37032,0.31928,0.46769,0.52949,0.44663,0.54434,0.68334,0.33254,0.93374
2183,2.2445,1.0532,0.53978,1.7414,0.60806,0.60914,0.42777,0.81815,0.75306,0.46281,0.30634,0.64545,0.46536,0.43833,0.40074,0.43554,0.61712,0.49687,0.56438,0.39875,0.50026,0.30831,1.0266,0.25337,0.5278,0.95968,0.62463,0.41144,0.59002,0.77363,0.67449,0.70929,0.57731,0.65792,0.63507,0.33715,0.87191,0.44448,0.1115,1.055,0.58695,0.41433,0.37376,0.31707,0.46759,0.52792,0.43629,0.54196,0.68964,0.33292,0.93565
2184,2.181,1.0131,0.52838,1.5965,0.60636,0.5953,0.43336,0.79886,0.74757,0.45775,0.30209,0.63585,0.46865,0.43154,0.39765,0.43668,0.61533,0.49098,0.60075,0.3974,0.52041,0.30157,1.0399,0.25565,0.52751,0.97686,0.62819,0.42395,0.57921,0.77193,0.66809,0.70908,0.56906,0.66195,0.63311,0.33876,0.86685,0.45207,0.11309,1.0218,0.5833,0.41557,0.36498,0.32447,0.46818,0.534,0.4403,0.55186,0.68513,0.33336,0.93447
2185,2.151,1.0245,0.49441,1.5487,0.60065,0.59137,0.43787,0.79436,0.74858,0.45792,0.30051,0.63616,0.46431,0.43355,0.40094,0.43348,0.60683,0.4891,0.59844,0.41491,0.53328,0.2976,1.0435,0.2602,0.52753,0.94725,0.6293,0.4428,0.57293,0.76612,0.66214,0.70754,0.56298,0.66134,0.62784,0.34245,0.86364,0.45533,0.1101,1.026,0.58094,0.41231,0.35937,0.32291,0.47299,0.53902,0.43716,0.56465,0.68416,0.3337,0.93398
2186,2.143,1.0297,0.46149,1.551,0.61097,0.59451,0.42896,0.79466,0.75413,0.4628,0.30428,0.63998,0.45395,0.43371,0.3978,0.42641,0.60313,0.49218,0.54785,0.42978,0.52298,0.29719,1.0493,0.25498,0.52459,0.90828,0.64155,0.45591,0.5626,0.75225,0.66608,0.70121,0.56481,0.6626,0.62544,0.33878,0.8701,0.4603,0.11056,1.0371,0.57863,0.41603,0.3621,0.31669,0.47171,0.52686,0.43938,0.55247,0.6866,0.33453,0.93546
2187,2.1064,1.0066,0.45767,1.5809,0.62223,0.59957,0.4223,0.79103,0.76099,0.47564,0.3049,0.64006,0.45178,0.43465,0.38945,0.4265,0.60045,0.49935,0.54054,0.42528,0.52647,0.29177,1.0466,0.24181,0.52404,0.90895,0.65675,0.44458,0.55502,0.7483,0.67689,0.69562,0.5635,0.6616,0.62871,0.33491,0.8758,0.46293,0.11212,1.0318,0.58047,0.42143,0.36001,0.31678,0.46614,0.5245,0.43478,0.54357,0.68155,0.33478,0.936
2188,2.0267,1.0151,0.45047,1.5812,0.63784,0.59433,0.41178,0.79909,0.77583,0.48561,0.30415,0.64585,0.45232,0.44447,0.38789,0.43475,0.59298,0.50902,0.54935,0.41631,0.53213,0.29031,1.0266,0.23995,0.51754,0.91056,0.67863,0.42084,0.54855,0.74911,0.67583,0.69336,0.55347,0.65314,0.63171,0.33872,0.86262,0.4524,0.11179,1.0459,0.57965,0.42374,0.36367,0.3019,0.46365,0.53817,0.4277,0.52967,0.6732,0.33368,0.93518
2189,1.9789,1.0122,0.42591,1.5983,0.64952,0.59003,0.40717,0.80501,0.78169,0.48696,0.30844,0.65108,0.4506,0.44934,0.38722,0.43748,0.59064,0.50513,0.54874,0.41155,0.51818,0.28583,1.0218,0.23649,0.51406,0.90788,0.66877,0.38369,0.55352,0.74986,0.6752,0.692,0.55287,0.66015,0.63241,0.3355,0.85367,0.44412,0.11312,1.0458,0.57638,0.42719,0.3618,0.30062,0.46084,0.53601,0.4136,0.50534,0.68144,0.33347,0.93483
2190,1.9444,1.0183,0.39637,1.8629,0.67482,0.60795,0.41428,0.81539,0.78608,0.5008,0.30793,0.65333,0.45001,0.45036,0.3749,0.43627,0.59091,0.4961,0.5649,0.40071,0.51931,0.27883,1.041,0.23487,0.51653,0.93509,0.6475,0.36354,0.56979,0.7565,0.67986,0.67992,0.55872,0.67246,0.62198,0.32637,0.86574,0.4449,0.11426,0.99771,0.58327,0.43206,0.34523,0.31758,0.4549,0.52158,0.39855,0.48535,0.69021,0.33359,0.93614
2191,1.9135,1.0394,0.39452,2.016,0.66853,0.60226,0.42199,0.82121,0.78452,0.50185,0.29961,0.64915,0.44795,0.44915,0.37177,0.42828,0.57788,0.48267,0.56993,0.39789,0.5354,0.27961,1.0378,0.24497,0.52291,0.96444,0.63052,0.37309,0.56434,0.75195,0.68209,0.67608,0.55987,0.66703,0.6145,0.3249,0.87249,0.444,0.11187,0.98339,0.59068,0.42623,0.33856,0.3205,0.45289,0.52031,0.40365,0.49129,0.6914,0.33377,0.93497
2192,1.898,1.0672,0.38852,1.9782,0.61793,0.58381,0.42911,0.81615,0.76051,0.50185,0.29975,0.64499,0.44811,0.44872,0.3808,0.41666,0.56473,0.4642,0.53073,0.39975,0.54258,0.27779,1.0178,0.24619,0.52598,0.95486,0.60418,0.34998,0.54767,0.73791,0.69197,0.70283,0.57038,0.6599,0.61965,0.32511,0.8676,0.44085,0.10878,1.0139,0.59147,0.41825,0.33353,0.33262,0.45402,0.51708,0.41366,0.51548,0.70321,0.33443,0.93122
2193,1.9228,1.0649,0.37256,1.9655,0.60714,0.58232,0.42928,0.81586,0.75586,0.49903,0.30185,0.63932,0.44224,0.44369,0.37537,0.4147,0.56525,0.46325,0.50446,0.39868,0.52757,0.27723,1.0087,0.23677,0.52543,0.93634,0.60309,0.34304,0.54499,0.72866,0.69057,0.71588,0.57227,0.65455,0.62038,0.32731,0.87181,0.43907,0.10934,1.0138,0.59319,0.41293,0.32817,0.33904,0.44876,0.50782,0.40819,0.52556,0.69595,0.33485,0.93074
2194,1.9839,1.0094,0.40936,1.9379,0.62239,0.56906,0.42678,0.81069,0.772,0.4675,0.29315,0.62054,0.43365,0.42684,0.36884,0.4094,0.56882,0.46208,0.51602,0.40158,0.51496,0.28159,0.98933,0.23588,0.52587,0.95059,0.59973,0.36391,0.53734,0.71697,0.68142,0.69936,0.55477,0.63645,0.61992,0.33136,0.88279,0.43751,0.10944,1.0009,0.60271,0.39702,0.33338,0.32771,0.44374,0.50414,0.42579,0.53173,0.66903,0.33554,0.92953
2195,2.0391,0.97107,0.39458,1.8272,0.61599,0.55486,0.42637,0.80405,0.77239,0.4577,0.29441,0.62685,0.43172,0.42875,0.36719,0.40265,0.56733,0.46477,0.52093,0.39706,0.49456,0.27832,0.98251,0.23877,0.5191,0.93928,0.58672,0.35932,0.5324,0.71889,0.68335,0.7037,0.54826,0.62906,0.61993,0.33162,0.88302,0.43831,0.1122,0.99066,0.60309,0.3908,0.33306,0.32326,0.44692,0.50303,0.43888,0.54165,0.66674,0.33636,0.92921
2196,2.1908,0.93595,0.32951,1.6596,0.60515,0.53924,0.42784,0.81394,0.77808,0.4551,0.29919,0.65254,0.42488,0.43784,0.35133,0.40407,0.56099,0.48014,0.49726,0.39213,0.44194,0.27999,1.0036,0.24193,0.51284,0.91283,0.58239,0.38025,0.55679,0.73158,0.67815,0.72442,0.55088,0.64353,0.6129,0.32889,0.88639,0.43516,0.1167,0.96138,0.58108,0.39398,0.32375,0.31547,0.44876,0.49612,0.40316,0.53904,0.6729,0.33706,0.93289
2197,2.1861,0.91266,0.3349,1.5605,0.61844,0.52929,0.43246,0.81615,0.77873,0.4481,0.29336,0.64859,0.4156,0.42785,0.34368,0.40672,0.56125,0.47199,0.50669,0.38742,0.43661,0.28355,1.006,0.25342,0.51056,0.90455,0.57562,0.40175,0.56474,0.73067,0.67326,0.722,0.54882,0.64356,0.60986,0.32641,0.89241,0.43902,0.11378,0.9508,0.56434,0.39625,0.32411,0.3133,0.44745,0.49359,0.37985,0.53633,0.66756,0.33763,0.93641
2198,2.0296,0.89351,0.35484,1.4204,0.64368,0.51544,0.43697,0.79823,0.75459,0.4568,0.29319,0.64898,0.40656,0.42595,0.35284,0.41703,0.5561,0.44864,0.57026,0.37738,0.45675,0.27914,0.98623,0.25512,0.51568,0.83847,0.58287,0.37505,0.54466,0.7185,0.6818,0.72315,0.55125,0.62334,0.6128,0.32552,0.89477,0.45232,0.11165,0.96373,0.56207,0.40202,0.33242,0.32025,0.44551,0.50128,0.37578,0.56137,0.65852,0.33867,0.9411
2199,1.9384,0.91062,0.35188,1.3376,0.58722,0.50003,0.43133,0.7876,0.74492,0.45212,0.29614,0.64617,0.4089,0.42498,0.35424,0.41702,0.54844,0.43983,0.57004,0.37591,0.44556,0.27426,0.97523,0.24611,0.51793,0.8092,0.59563,0.34683,0.5249,0.71179,0.68187,0.72942,0.55582,0.61032,0.61019,0.33023,0.8892,0.4471,0.11281,0.96744,0.55813,0.40463,0.33073,0.31488,0.44416,0.49975,0.36256,0.56434,0.65727,0.33877,0.94181
2200,1.77,1.0108,0.36838,1.2696,0.49559,0.52147,0.42299,0.78609,0.74278,0.43293,0.29328,0.61395,0.41377,0.40773,0.34746,0.40453,0.57029,0.43836,0.52386,0.38181,0.47874,0.26818,0.96138,0.24684,0.51461,0.8582,0.5982,0.32033,0.50986,0.7165,0.66663,0.72253,0.55598,0.60153,0.60072,0.34122,0.8834,0.44105,0.11209,0.97262,0.5495,0.40204,0.32262,0.29993,0.44439,0.48938,0.34757,0.53824,0.66839,0.33784,0.93975
2201,1.6598,1.0133,0.38027,1.2452,0.47768,0.53395,0.42007,0.78449,0.73693,0.43944,0.29194,0.60286,0.417,0.40004,0.35092,0.39293,0.56333,0.44267,0.52781,0.38625,0.51025,0.26643,0.94641,0.25508,0.52029,0.86336,0.60229,0.30097,0.50059,0.70877,0.65836,0.70457,0.5576,0.59794,0.59119,0.34162,0.88115,0.4364,0.1125,0.96126,0.54902,0.39324,0.32097,0.29661,0.44136,0.48827,0.35822,0.5224,0.66454,0.33806,0.94001
2202,1.5925,0.99266,0.38876,1.3206,0.48069,0.53203,0.40954,0.76465,0.73728,0.45705,0.29951,0.60783,0.4363,0.4051,0.35079,0.38047,0.53968,0.45537,0.53173,0.38352,0.49402,0.26374,0.93306,0.25129,0.52367,0.90841,0.61028,0.28894,0.47765,0.6866,0.65852,0.69963,0.5563,0.59817,0.58108,0.33454,0.85898,0.42794,0.11755,0.9238,0.55045,0.38664,0.31953,0.29416,0.43652,0.4911,0.38169,0.49093,0.65712,0.33734,0.93847
2203,1.608,0.95888,0.36344,1.3136,0.44486,0.51376,0.40217,0.77143,0.74655,0.4562,0.30082,0.61686,0.45206,0.40258,0.35344,0.36053,0.51551,0.4694,0.50231,0.3822,0.46463,0.26794,0.93295,0.24181,0.5133,0.87602,0.60783,0.29096,0.45964,0.68379,0.66088,0.68598,0.56077,0.60876,0.57956,0.32753,0.84583,0.41029,0.12408,0.89002,0.54107,0.3908,0.31205,0.28956,0.43764,0.48758,0.37977,0.48122,0.64886,0.33814,0.93766
2204,1.6267,0.9005,0.36415,1.263,0.45699,0.51696,0.40088,0.77909,0.73421,0.45751,0.3003,0.61242,0.44994,0.39824,0.34715,0.35353,0.51174,0.47782,0.50879,0.36969,0.45325,0.26648,0.9394,0.23981,0.51338,0.88875,0.58989,0.28414,0.45862,0.68791,0.66888,0.68324,0.56286,0.60348,0.58418,0.33013,0.83787,0.40361,0.12806,0.88529,0.53222,0.38952,0.3084,0.29181,0.43965,0.48868,0.38038,0.45587,0.64373,0.33879,0.94081
2205,1.6495,0.77406,0.39014,1.1831,0.56524,0.50657,0.40164,0.78982,0.71101,0.46585,0.29476,0.6049,0.42603,0.38127,0.36093,0.35169,0.49029,0.46491,0.64159,0.34922,0.422,0.26471,0.94828,0.23798,0.51557,0.81296,0.57397,0.26633,0.47334,0.69105,0.6894,0.65563,0.56816,0.57509,0.6029,0.34107,0.84698,0.40393,0.12758,0.90082,0.53277,0.38708,0.31206,0.31027,0.43485,0.49955,0.40324,0.43197,0.61807,0.34062,0.94943
2206,1.6575,0.74046,0.39262,1.2232,0.56755,0.50694,0.39664,0.79631,0.7196,0.45796,0.29363,0.60448,0.42354,0.38247,0.3594,0.35108,0.49182,0.46035,0.61493,0.34567,0.38046,0.25646,0.94903,0.2248,0.51885,0.77651,0.56536,0.26305,0.46875,0.68589,0.69097,0.65185,0.56659,0.56141,0.59416,0.33977,0.84953,0.40528,0.12544,0.91854,0.5323,0.38657,0.31523,0.31453,0.42719,0.49944,0.39211,0.43015,0.60286,0.34134,0.95091
2207,1.7089,0.72324,0.39224,1.2471,0.48164,0.55444,0.39562,0.82349,0.72986,0.43498,0.28585,0.60664,0.42811,0.39718,0.33298,0.35675,0.53914,0.47358,0.46209,0.34007,0.37675,0.2499,0.96047,0.22175,0.52028,0.78097,0.54057,0.26371,0.47329,0.7063,0.69106,0.68915,0.55461,0.54695,0.57998,0.3445,0.85206,0.40893,0.12668,0.98673,0.52589,0.39241,0.31759,0.30283,0.42989,0.48582,0.34015,0.43777,0.59609,0.34218,0.95201
2208,1.6801,0.71127,0.38095,1.2928,0.46195,0.57443,0.39922,0.83605,0.73681,0.43389,0.27891,0.59702,0.42626,0.38766,0.32355,0.35861,0.54734,0.4617,0.43363,0.3361,0.38228,0.2425,0.95911,0.23456,0.51105,0.78634,0.53826,0.26463,0.467,0.69883,0.68805,0.66652,0.54945,0.54578,0.57745,0.3408,0.85846,0.4067,0.1226,0.96667,0.52809,0.38317,0.31138,0.29673,0.42563,0.48726,0.336,0.42355,0.60196,0.3425,0.95286
2209,1.5928,0.72973,0.36412,1.7097,0.46677,0.56993,0.3963,0.8455,0.79559,0.43182,0.27276,0.58146,0.42809,0.37403,0.3248,0.36185,0.55001,0.41696,0.41212,0.35542,0.39199,0.23606,0.94798,0.23581,0.50794,0.78922,0.55683,0.27612,0.43467,0.64585,0.65792,0.61697,0.54118,0.55931,0.55696,0.30884,0.87772,0.41354,0.1171,0.8965,0.53747,0.36719,0.30995,0.29253,0.40422,0.5043,0.36291,0.42962,0.61035,0.34171,0.94995
2210,1.5803,0.74612,0.35898,1.7119,0.47048,0.57531,0.38037,0.83563,0.81619,0.42473,0.27133,0.57722,0.42705,0.36904,0.32156,0.36025,0.55004,0.41142,0.39654,0.35405,0.38231,0.23093,0.96171,0.22943,0.49623,0.7682,0.54384,0.24526,0.42412,0.63114,0.64102,0.61208,0.52249,0.55787,0.54383,0.29923,0.87051,0.41332,0.1211,0.88109,0.54511,0.36621,0.29556,0.28612,0.39679,0.50445,0.35904,0.44314,0.61207,0.34195,0.94878
2211,1.5938,0.83502,0.34887,1.261,0.50136,0.57416,0.36614,0.80283,0.7905,0.42291,0.27999,0.57111,0.41318,0.35686,0.31452,0.35989,0.53205,0.41227,0.42608,0.33709,0.36441,0.2235,1.0005,0.22416,0.45984,0.74977,0.53492,0.1985,0.43103,0.64637,0.64395,0.58936,0.50324,0.56821,0.54972,0.30457,0.84718,0.39994,0.12226,0.84159,0.55696,0.37291,0.26214,0.27293,0.39494,0.50051,0.34018,0.43337,0.62306,0.34273,0.94801
2212,1.5378,0.82439,0.3428,1.2156,0.50201,0.53618,0.36973,0.77954,0.77056,0.40623,0.27906,0.55877,0.41362,0.34869,0.30005,0.34449,0.51849,0.41096,0.43131,0.32652,0.33255,0.22179,1.0007,0.2191,0.45556,0.77487,0.54524,0.18354,0.42496,0.62796,0.63411,0.58709,0.50881,0.54897,0.55053,0.30752,0.8418,0.39677,0.11692,0.79667,0.5474,0.36099,0.25273,0.2647,0.38626,0.49777,0.33435,0.42904,0.63936,0.34316,0.94771
2213,1.4751,0.72974,0.32233,1.207,0.4845,0.48575,0.38328,0.73732,0.72649,0.38577,0.27042,0.56279,0.43566,0.34623,0.27527,0.32002,0.49389,0.47937,0.43056,0.2979,0.28795,0.21711,0.98796,0.21125,0.48484,0.81288,0.56274,0.16816,0.4195,0.59429,0.6143,0.65205,0.51087,0.49246,0.54072,0.31971,0.82173,0.39451,0.11456,0.75795,0.52873,0.34317,0.24885,0.26638,0.38179,0.48292,0.31636,0.45998,0.65002,0.34451,0.94745
2214,1.4071,0.6927,0.30242,1.125,0.46356,0.46647,0.38842,0.70938,0.71175,0.37625,0.27071,0.55344,0.42744,0.35019,0.2614,0.31101,0.4863,0.47862,0.40319,0.27956,0.28383,0.21287,0.94026,0.19462,0.4716,0.80212,0.55872,0.15899,0.40605,0.57576,0.60593,0.65804,0.5,0.4751,0.52784,0.31941,0.80408,0.39117,0.11488,0.74097,0.5273,0.33349,0.23996,0.25947,0.38145,0.47626,0.30219,0.43119,0.64982,0.34534,0.94767
2215,1.2711,0.61612,0.33399,1.0952,0.42128,0.4373,0.38963,0.69528,0.71143,0.35782,0.2701,0.50803,0.39445,0.35934,0.25773,0.29491,0.49034,0.40506,0.34574,0.27664,0.28496,0.21683,0.82622,0.19031,0.43511,0.81517,0.56186,0.16329,0.37974,0.53974,0.5998,0.62504,0.52254,0.47629,0.51594,0.32453,0.81484,0.39448,0.11753,0.72768,0.5063,0.31012,0.23828,0.25285,0.37964,0.47833,0.31301,0.35448,0.71683,0.34588,0.95357
2216,1.2373,0.59393,0.30763,1.1739,0.37051,0.40039,0.39166,0.67865,0.70398,0.34726,0.26328,0.50268,0.37942,0.34234,0.25005,0.27622,0.49341,0.38434,0.33757,0.27044,0.28232,0.21027,0.79377,0.1947,0.44007,0.82134,0.54282,0.15978,0.36122,0.52323,0.58653,0.6222,0.52953,0.45859,0.51547,0.31605,0.8148,0.39044,0.1166,0.70987,0.50453,0.29591,0.23397,0.2458,0.37115,0.47793,0.30185,0.32876,0.70651,0.34579,0.95124
2217,1.3015,0.64109,0.24747,1.4586,0.29961,0.37233,0.38591,0.65706,0.71887,0.35389,0.26956,0.53728,0.35766,0.32124,0.25841,0.26938,0.51494,0.36556,0.38204,0.2579,0.30486,0.19948,0.80337,0.1938,0.44281,0.73413,0.4632,0.1516,0.34145,0.54272,0.56842,0.62328,0.49579,0.43838,0.53221,0.27048,0.77762,0.39113,0.11222,0.7304,0.56183,0.29466,0.23053,0.22311,0.36494,0.47603,0.26102,0.31369,0.57565,0.34547,0.93742
2218,1.2121,0.62234,0.23765,1.4177,0.26519,0.36662,0.3808,0.6374,0.72116,0.3497,0.27247,0.52922,0.34268,0.31357,0.25288,0.26471,0.49422,0.33422,0.33918,0.25372,0.28835,0.19173,0.77236,0.19689,0.43079,0.7172,0.41761,0.14674,0.32385,0.53844,0.56542,0.58787,0.49513,0.42983,0.53409,0.26617,0.76852,0.38603,0.11028,0.73697,0.55249,0.28897,0.22247,0.21445,0.35432,0.46118,0.23564,0.29512,0.53999,0.34347,0.9345
2219,1.0084,0.59541,0.21198,1.3107,0.24311,0.35232,0.4073,0.6276,0.70628,0.33089,0.24877,0.51821,0.34904,0.28044,0.22018,0.2513,0.43865,0.31397,0.26654,0.26752,0.24612,0.18126,0.75121,0.19683,0.43838,0.85542,0.37687,0.14086,0.29911,0.50711,0.57951,0.50855,0.53866,0.40582,0.51386,0.29796,0.80848,0.3594,0.1049,0.69797,0.47914,0.28511,0.21081,0.21682,0.33532,0.44329,0.23071,0.28127,0.51009,0.3382,0.93751
2220,0.95886,0.5418,0.1854,1.2871,0.23951,0.34562,0.40564,0.60602,0.69473,0.31721,0.24221,0.51485,0.34535,0.26652,0.20143,0.23555,0.3972,0.29966,0.25165,0.25553,0.22011,0.16762,0.73761,0.19585,0.4532,0.79932,0.35933,0.13491,0.28986,0.50188,0.56411,0.49262,0.52142,0.38751,0.52818,0.29866,0.79603,0.36105,0.098559,0.67997,0.45853,0.27093,0.2024,0.20718,0.32424,0.43463,0.21888,0.27478,0.48658,0.33474,0.93363
2221,1.0043,0.43318,0.17586,0.89528,0.25813,0.41109,0.35397,0.57011,0.68163,0.30283,0.26322,0.46966,0.33586,0.30612,0.1823,0.22238,0.35497,0.24234,0.22253,0.21954,0.19425,0.15026,0.6874,0.18969,0.47206,0.57938,0.38096,0.13617,0.29692,0.52369,0.54264,0.51431,0.46105,0.41766,0.61293,0.30415,0.7489,0.40544,0.099995,0.72698,0.43897,0.24908,0.18741,0.18665,0.31066,0.41637,0.18196,0.25827,0.53504,0.33026,0.9327
2222,0.96267,0.3927,0.16351,0.7652,0.27045,0.40788,0.33116,0.54924,0.66673,0.29187,0.25855,0.44853,0.32513,0.30612,0.16684,0.21077,0.33066,0.22979,0.18514,0.20834,0.17104,0.14012,0.64344,0.17848,0.45667,0.51202,0.36487,0.13178,0.29147,0.51509,0.52185,0.4926,0.44497,0.41674,0.58997,0.30672,0.74095,0.38825,0.099874,0.71052,0.41226,0.23467,0.17449,0.1839,0.29909,0.39562,0.16528,0.23465,0.53983,0.32676,0.93423
2223,0.99511,0.39168,0.14417,0.92756,0.31844,0.33285,0.30781,0.55057,0.63602,0.30403,0.23498,0.50779,0.30724,0.26366,0.16785,0.19727,0.29968,0.31358,0.15757,0.20994,0.15376,0.13288,0.63133,0.17122,0.46952,0.47978,0.34087,0.12728,0.29853,0.50632,0.46011,0.48842,0.4193,0.3741,0.51437,0.25666,0.74386,0.33225,0.093516,0.62275,0.42934,0.21577,0.17162,0.22273,0.29826,0.38424,0.15875,0.22292,0.49005,0.32702,0.92619
2224,1.0021,0.36471,0.12572,0.93426,0.35791,0.30357,0.28848,0.52891,0.6065,0.29079,0.22456,0.4947,0.29864,0.24306,0.15725,0.18692,0.28383,0.3312,0.15293,0.19248,0.14316,0.12269,0.61623,0.1574,0.47765,0.41162,0.32614,0.11995,0.29478,0.50917,0.43021,0.49516,0.38557,0.34429,0.49133,0.23848,0.69514,0.32341,0.088124,0.57489,0.424,0.20276,0.16217,0.2165,0.285,0.36877,0.1501,0.21478,0.46697,0.326,0.92344
2225,0.80936,0.33689,0.10596,0.82196,0.42911,0.24523,0.28549,0.48165,0.58814,0.24737,0.21143,0.38555,0.29732,0.20389,0.12955,0.18286,0.29383,0.29338,0.15276,0.18719,0.13102,0.11585,0.60319,0.14709,0.39853,0.34212,0.28883,0.10096,0.26103,0.47989,0.44211,0.43776,0.38206,0.31651,0.39455,0.26139,0.64559,0.30309,0.082619,0.51689,0.35782,0.21382,0.14434,0.18188,0.26613,0.34293,0.16561,0.2093,0.42794,0.32746,0.94979
2226,0.70778,0.32244,0.10466,0.73417,0.48375,0.21418,0.2806,0.46135,0.56674,0.23234,0.19486,0.34479,0.27744,0.1822,0.11856,0.17263,0.27555,0.28829,0.14943,0.18501,0.12039,0.11224,0.57305,0.15061,0.33805,0.32546,0.26077,0.087774,0.23322,0.4436,0.42996,0.40922,0.3711,0.28353,0.3345,0.26936,0.60897,0.27026,0.081208,0.47102,0.32447,0.2055,0.13399,0.16684,0.25202,0.32059,0.16781,0.20137,0.41169,0.32627,0.95542
2227,0.64404,0.33908,0.12851,0.68369,0.51059,0.20512,0.27747,0.44297,0.53563,0.20497,0.1796,0.32623,0.25551,0.18386,0.11784,0.16123,0.26451,0.24156,0.20531,0.15993,0.1164,0.11189,0.54643,0.14292,0.29851,0.32225,0.25885,0.075338,0.20991,0.43437,0.42876,0.40426,0.35495,0.25086,0.31782,0.28269,0.55275,0.26674,0.082023,0.44208,0.30288,0.17862,0.12321,0.12885,0.228,0.30156,0.15912,0.20057,0.438,0.32369,0.94346
2228,0.66777,0.26043,0.13189,0.49778,0.40272,0.22114,0.2826,0.43162,0.52216,0.20374,0.1812,0.26668,0.24265,0.18562,0.10514,0.14439,0.24122,0.18079,0.34158,0.12671,0.10574,0.099214,0.50591,0.13059,0.2539,0.304,0.24575,0.071387,0.18928,0.39483,0.40992,0.54999,0.29402,0.21466,0.3252,0.29485,0.43969,0.25423,0.075957,0.42098,0.29942,0.15242,0.11585,0.097802,0.20851,0.28507,0.14378,0.20334,0.46692,0.31404,0.92267
2229,0.70976,0.22352,0.11879,0.48504,0.20196,0.25249,0.25581,0.39166,0.48197,0.25143,0.17336,0.25419,0.19968,0.17033,0.095512,0.13438,0.22582,0.18349,0.55145,0.11305,0.095834,0.088716,0.42866,0.10702,0.23487,0.3005,0.24414,0.069298,0.15899,0.33694,0.3287,0.51356,0.27611,0.16383,0.2848,0.25701,0.41364,0.21738,0.067511,0.42,0.28565,0.13295,0.10681,0.087775,0.20395,0.25259,0.12063,0.18421,0.4352,0.31173,0.87016
2230,0.54906,0.18816,0.11745,0.36074,0.14223,0.22133,0.22048,0.38577,0.4749,0.31424,0.15122,0.28453,0.16034,0.15909,0.095953,0.12379,0.19087,0.18439,0.61772,0.11286,0.083176,0.078342,0.36297,0.091002,0.22143,0.27985,0.2097,0.063431,0.14108,0.31003,0.28735,0.37127,0.29637,0.14293,0.24632,0.20412,0.40013,0.17599,0.067073,0.33084,0.28018,0.10983,0.093401,0.09826,0.20197,0.22936,0.086357,0.14104,0.42402,0.30388,0.82425
2231,0.50624,0.17974,0.11188,0.27914,0.10884,0.18822,0.19684,0.35136,0.42241,0.31161,0.13794,0.29723,0.13889,0.15056,0.090023,0.11379,0.1766,0.16175,0.40921,0.10767,0.072036,0.070799,0.32298,0.089146,0.20036,0.27392,0.20066,0.050216,0.12701,0.27612,0.26681,0.29762,0.30184,0.13215,0.20792,0.17343,0.36886,0.17288,0.061059,0.2932,0.26996,0.099374,0.081479,0.1038,0.19087,0.21094,0.069915,0.13356,0.39493,0.29672,0.79297
2232,0.51234,0.18743,0.074684,0.1973,0.075326,0.13856,0.16083,0.26662,0.35224,0.24395,0.13614,0.32593,0.12426,0.13406,0.074033,0.10607,0.19448,0.12103,0.25937,0.10388,0.062516,0.061493,0.29939,0.081147,0.21597,0.21017,0.21924,0.036241,0.1171,0.2571,0.25745,0.2028,0.32565,0.13316,0.16956,0.13074,0.33885,0.24645,0.051076,0.26169,0.25862,0.10053,0.066557,0.11831,0.18613,0.19748,0.056456,0.15476,0.33456,0.29563,0.77583
2233,0.43102,0.16407,0.064126,0.17907,0.064994,0.10751,0.13939,0.23938,0.29796,0.19577,0.12897,0.31232,0.10617,0.11863,0.065956,0.096477,0.17802,0.10482,0.17601,0.095364,0.056747,0.053354,0.27338,0.081855,0.20377,0.2026,0.22095,0.031212,0.099322,0.22706,0.23314,0.17473,0.34915,0.12129,0.15436,0.11891,0.31872,0.25192,0.045699,0.23596,0.25294,0.089263,0.059869,0.11514,0.15723,0.16653,0.048461,0.12293,0.26497,0.28775,0.74463
2234,0.33746,0.15823,0.085441,0.18954,0.076437,0.078368,0.12685,0.2635,0.24405,0.12623,0.11538,0.27335,0.096029,0.11082,0.064252,0.083919,0.14128,0.090717,0.073461,0.08491,0.057342,0.05219,0.25312,0.072322,0.1496,0.3692,0.26487,0.025439,0.083842,0.18698,0.24393,0.17891,0.39777,0.1201,0.14568,0.14295,0.29809,0.23598,0.043603,0.22467,0.29122,0.079968,0.057655,0.11452,0.11107,0.13005,0.043701,0.097112,0.1938,0.26959,0.73051
2235,0.28804,0.13909,0.077065,0.16179,0.071765,0.066293,0.11458,0.23783,0.20348,0.096109,0.11032,0.24841,0.084097,0.097452,0.053697,0.073815,0.1224,0.082617,0.062755,0.07579,0.047837,0.045393,0.25004,0.057763,0.14034,0.36467,0.21879,0.021168,0.073891,0.17163,0.21126,0.15771,0.41226,0.11245,0.13156,0.12113,0.27755,0.21976,0.041766,0.19441,0.23482,0.068395,0.050734,0.095293,0.10067,0.12191,0.038592,0.079436,0.17331,0.25378,0.70466
2236,0.21565,0.099263,0.04705,0.1422,0.071278,0.060222,0.1038,0.21199,0.17725,0.071798,0.13033,0.19829,0.068507,0.079491,0.040755,0.065603,0.1185,0.088653,0.11384,0.067455,0.037239,0.03397,0.31686,0.048423,0.17962,0.19446,0.12463,0.019985,0.062025,0.18286,0.15175,0.13639,0.47405,0.093472,0.13975,0.093385,0.272,0.14779,0.041553,0.15704,0.14745,0.051702,0.044098,0.058301,0.1007,0.12976,0.034015,0.051764,0.16631,0.23774,0.65163
2237,0.20524,0.070302,0.037628,0.14212,0.06112,0.051895,0.094528,0.17245,0.13889,0.064384,0.11675,0.14885,0.060674,0.067141,0.034257,0.051612,0.08949,0.082161,0.079578,0.055189,0.03275,0.028573,0.26505,0.038666,0.15149,0.14689,0.09675,0.01754,0.054255,0.16018,0.11752,0.13774,0.34868,0.082045,0.13002,0.075159,0.25155,0.11088,0.036009,0.13574,0.11961,0.042848,0.040058,0.043722,0.086244,0.11596,0.028974,0.040728,0.13592,0.22217,0.63809
2238,0.34496,0.049903,0.030426,0.13517,0.042485,0.051261,0.10161,0.11882,0.10007,0.073751,0.084233,0.10805,0.05938,0.057582,0.029951,0.040318,0.060418,0.077064,0.042244,0.043504,0.027198,0.025632,0.17506,0.033575,0.10954,0.097831,0.076704,0.013988,0.058845,0.12926,0.087154,0.19169,0.17129,0.084306,0.10037,0.047719,0.23669,0.095061,0.030894,0.12028,0.093007,0.038432,0.036904,0.033661,0.084795,0.12041,0.025895,0.037617,0.12759,0.20814,0.72221
2239,0.31231,0.038981,0.023323,0.10672,0.035431,0.039523,0.090614,0.09415,0.083066,0.061678,0.063526,0.095392,0.052849,0.050751,0.024932,0.032934,0.048411,0.058155,0.036607,0.036485,0.021556,0.020755,0.14816,0.032912,0.089924,0.075694,0.060036,0.012424,0.049698,0.11795,0.074597,0.14725,0.13165,0.070036,0.085448,0.040074,0.19275,0.074473,0.026057,0.10023,0.074624,0.031399,0.032077,0.027706,0.075624,0.10857,0.023011,0.030372,0.11329,0.19409,0.69654
2240,0.21568,0.028135,0.022083,0.097803,0.029537,0.024434,0.069459,0.079763,0.074559,0.055602,0.044065,0.090439,0.047678,0.050357,0.021311,0.025622,0.036171,0.034897,0.027255,0.02983,0.020013,0.017512,0.10674,0.027118,0.05877,0.067796,0.05208,0.01289,0.036099,0.10275,0.069058,0.09356,0.096107,0.048158,0.08074,0.046856,0.12452,0.053478,0.019481,0.087682,0.073179,0.025324,0.031583,0.025036,0.055035,0.066585,0.021107,0.022332,0.076216,0.18915,0.61984
2241,0.15628,0.023597,0.019229,0.097401,0.026177,0.020426,0.052603,0.0673,0.06357,0.046096,0.032766,0.074721,0.043874,0.04195,0.017501,0.020854,0.028866,0.029052,0.022796,0.025767,0.017468,0.014601,0.087384,0.021653,0.048461,0.062443,0.046328,0.011254,0.028973,0.085996,0.061819,0.079996,0.077221,0.038091,0.073055,0.042039,0.11311,0.042739,0.015359,0.079136,0.061731,0.022909,0.027705,0.020736,0.04395,0.050685,0.018983,0.018091,0.063814,0.17461,0.55996
2242,0.091129,0.025124,0.014401,0.073543,0.027736,0.019972,0.042054,0.056199,0.060746,0.027659,0.025308,0.073731,0.044092,0.032062,0.013592,0.018891,0.027801,0.027071,0.043677,0.025909,0.01347,0.011402,0.10194,0.018288,0.057283,0.074907,0.039701,0.0089406,0.020749,0.099367,0.070971,0.052354,0.085493,0.030769,0.064047,0.035432,0.14315,0.03455,0.01335,0.072463,0.048043,0.02214,0.020546,0.017833,0.038293,0.052665,0.016724,0.016305,0.077288,0.1576,0.42559
2243,0.063674,0.025175,0.012365,0.066812,0.025425,0.01705,0.032138,0.052394,0.055625,0.02161,0.02311,0.074341,0.036948,0.026803,0.011709,0.016352,0.025313,0.022927,0.041089,0.023467,0.01139,0.010225,0.10188,0.015288,0.057869,0.059817,0.033248,0.0074775,0.017631,0.088641,0.067637,0.038027,0.080757,0.027279,0.057607,0.034257,0.12969,0.030872,0.011507,0.061748,0.039945,0.020123,0.01699,0.015921,0.033461,0.043018,0.013915,0.014952,0.073926,0.14532,0.37825
2244,0.047233,0.032688,0.011261,0.1077,0.020629,0.017544,0.022066,0.062564,0.049922,0.021117,0.025965,0.071155,0.028935,0.020909,0.010348,0.012485,0.023456,0.025907,0.019014,0.019834,0.011411,0.011008,0.093258,0.012329,0.073384,0.040117,0.033696,0.0062966,0.017563,0.058529,0.051087,0.042277,0.075468,0.027548,0.058274,0.035523,0.18856,0.030968,0.0096407,0.052829,0.032232,0.02045,0.013544,0.013438,0.029366,0.031144,0.012208,0.014887,0.056826,0.13825,0.40419
2245,0.040632,0.030453,0.01061,0.12264,0.020721,0.017782,0.019039,0.056479,0.042729,0.020098,0.024383,0.056965,0.023814,0.018344,0.0095156,0.011393,0.020007,0.024124,0.013171,0.018264,0.0098923,0.0097006,0.085204,0.010611,0.057186,0.034452,0.033118,0.0057318,0.016303,0.047458,0.048691,0.038291,0.064622,0.02647,0.049039,0.029555,0.16245,0.031871,0.0088098,0.050503,0.028484,0.019735,0.012286,0.012654,0.023954,0.023932,0.01134,0.013758,0.052452,0.12492,0.39413
2246,0.038075,0.021607,0.011837,0.079786,0.038957,0.01565,0.019401,0.046897,0.040382,0.022265,0.023474,0.04112,0.017931,0.021582,0.010807,0.015523,0.017378,0.016397,0.0085569,0.018703,0.0076732,0.0075796,0.077707,0.0094842,0.02884,0.028272,0.031554,0.0057891,0.018446,0.042815,0.070787,0.022654,0.049469,0.030912,0.037597,0.026367,0.059663,0.052652,0.0091536,0.054856,0.029331,0.016856,0.014301,0.01592,0.021441,0.016886,0.0098699,0.013041,0.059515,0.11371,0.38369
2247,0.031147,0.017843,0.013387,0.071126,0.053097,0.013324,0.016584,0.044563,0.036688,0.02122,0.022119,0.037169,0.015414,0.022167,0.011248,0.015505,0.016479,0.014694,0.0071972,0.017406,0.0070566,0.0070153,0.07841,0.0082523,0.025771,0.024081,0.026051,0.0057121,0.018439,0.038004,0.058579,0.019897,0.04648,0.028565,0.03358,0.024138,0.045819,0.060005,0.0090313,0.046826,0.025835,0.016029,0.014274,0.017356,0.020026,0.014608,0.0095855,0.012588,0.054205,0.10488,0.38351
2248,0.028292,0.011478,0.016973,0.076523,0.047572,0.013121,0.01701,0.037737,0.03033,0.019656,0.017814,0.037298,0.015322,0.022003,0.013173,0.013425,0.016053,0.017374,0.0064942,0.016494,0.0058458,0.0066593,0.075902,0.007613,0.026243,0.025954,0.019874,0.0061151,0.016237,0.03123,0.036167,0.026036,0.052245,0.022685,0.029578,0.021488,0.047905,0.056722,0.012062,0.038689,0.022404,0.017307,0.015398,0.021311,0.017828,0.015574,0.010361,0.013304,0.040278,0.089899,0.41166
2249,0.025783,0.011066,0.025643,0.074874,0.050201,0.013417,0.014272,0.033754,0.026785,0.018627,0.016664,0.030626,0.0143,0.020513,0.013266,0.01355,0.015856,0.016408,0.0056806,0.015327,0.0056904,0.0063778,0.074471,0.0082641,0.025121,0.024438,0.017861,0.0061609,0.015558,0.030243,0.031598,0.028409,0.047003,0.02119,0.028426,0.017727,0.042821,0.044609,0.011195,0.036275,0.020807,0.017728,0.015604,0.020793,0.016582,0.015385,0.011618,0.012104,0.04135,0.085024,0.39855
2250,0.020222,0.019395,0.11412,0.047248,0.034673,0.011857,0.0085211,0.037013,0.022024,0.016787,0.019611,0.02894,0.013175,0.016914,0.0098052,0.011341,0.015701,0.013048,0.0066434,0.013376,0.0083677,0.0083502,0.11542,0.0085042,0.048798,0.019072,0.014415,0.0058673,0.015704,0.038106,0.024341,0.035887,0.04379,0.01805,0.035536,0.016328,0.036915,0.019331,0.0069112,0.02798,0.015829,0.01792,0.012599,0.013304,0.017464,0.01846,0.018826,0.0090598,0.05513,0.09246,0.36064
2251,0.020096,0.024718,-0.22891,0.057345,0.025346,0.011166,0.0078593,0.039596,0.02286,0.015176,0.021086,0.030581,0.013498,0.016221,0.0096415,0.011068,0.01738,0.012828,0.0072473,0.012627,0.0096685,0.0092998,0.12171,0.0079265,0.051819,0.017831,0.013937,0.0060846,0.015622,0.03734,0.022174,0.041406,0.041802,0.016649,0.037225,0.015018,0.034824,0.016256,0.0055915,0.025148,0.014928,0.017743,0.011988,0.011308,0.018656,0.01899,0.017947,0.0094222,0.053737,0.091861,0.34729
2252,0.025605,0.032744,-0.06482,0.17921,0.020602,0.014384,0.0087454,0.038287,0.031101,0.014212,0.021099,0.026093,0.015327,0.016325,0.011033,0.016631,0.026684,0.012958,0.0080553,0.012194,0.010268,0.0070937,0.079554,0.0084041,0.026678,0.017689,0.021281,0.0062467,0.015745,0.0338,0.028365,0.041875,0.036162,0.017588,0.034531,0.010261,0.032396,0.017077,0.0041951,0.032887,0.021521,0.01821,0.01165,0.010806,0.018791,0.014462,0.010939,0.01147,0.053715,0.092788,0.32295
2253,0.028112,0.043724,-0.083222,0.18591,0.019273,0.015148,0.0088025,0.037514,0.040487,0.014216,0.020434,0.023716,0.015601,0.01658,0.011412,0.019115,0.026433,0.012797,0.0072259,0.012146,0.012002,0.0069598,0.069616,0.010856,0.020915,0.018029,0.024908,0.0059717,0.015376,0.03215,0.033554,0.039643,0.031501,0.018559,0.033932,0.010034,0.032029,0.017047,0.0039768,0.034765,0.02558,0.017688,0.01179,0.01004,0.02019,0.014394,0.0099669,0.011147,0.056653,0.092482,0.29705
2254,0.033661,0.034494,0.034686,0.1236,0.021286,0.010842,0.010501,0.043453,0.094988,0.014012,0.018577,0.028765,0.014883,0.020928,0.014221,0.015423,0.018977,0.017757,0.0047848,0.012404,0.018683,0.0082907,0.064413,0.011793,0.015907,0.023601,0.024678,0.0062552,0.012847,0.024899,0.038819,0.033708,0.025548,0.020036,0.030746,0.01349,0.042492,0.026553,0.0055065,0.02984,0.028794,0.014778,0.014549,0.0094657,0.026035,0.016575,0.0078642,0.0114,0.043426,0.080367,0.28865
2255,0.036629,0.027152,0.017416,0.13114,0.019272,0.011015,0.012287,0.043988,0.16071,0.013209,0.017686,0.033454,0.016256,0.021528,0.01541,0.016184,0.019761,0.019963,0.0048906,0.012963,0.017788,0.0087696,0.05717,0.012048,0.014422,0.024664,0.023677,0.0063119,0.013489,0.022394,0.039733,0.032369,0.025653,0.020668,0.031552,0.01541,0.047902,0.037151,0.0064651,0.029553,0.0338,0.014078,0.015881,0.010213,0.027868,0.01822,0.0068457,0.014115,0.037865,0.083251,0.28231
2256,0.033542,0.018793,0.010853,0.0986,0.014531,0.014198,0.011519,0.035623,0.15546,0.012647,0.017383,0.032795,0.018057,0.017724,0.012591,0.019972,0.019538,0.020502,0.005266,0.014525,0.011352,0.009384,0.050648,0.012613,0.013658,0.02007,0.021539,0.0053613,0.017187,0.024694,0.035404,0.02719,0.026407,0.021421,0.038611,0.016556,0.04397,0.037371,0.0073076,0.034458,0.036734,0.014209,0.01612,0.011742,0.025874,0.024561,0.010101,0.017861,0.035243,0.099241,0.27751
2257,0.034901,0.023554,0.009595,0.077374,0.012346,0.015786,0.015236,0.031833,0.097731,0.013295,0.016577,0.034939,0.020887,0.016035,0.011926,0.018928,0.018138,0.014075,0.0062356,0.014445,0.010421,0.0098075,0.044591,0.01383,0.014547,0.020156,0.01635,0.0044078,0.025784,0.023484,0.033668,0.02772,0.030413,0.022325,0.046445,0.02168,0.043557,0.035244,0.0078913,0.033005,0.042197,0.014906,0.017516,0.014347,0.025675,0.031041,0.010905,0.021311,0.046271,0.10816,0.25395
2258,0.036604,0.022935,0.0093539,0.059399,0.011645,0.017579,0.021092,0.03711,0.050834,0.013973,0.018573,0.076556,0.01888,0.018174,0.015589,0.018695,0.023489,0.01242,0.0068989,0.016803,0.0092653,0.0085285,0.048983,0.011933,0.018485,0.023903,0.015735,0.0045854,0.024545,0.028457,0.036661,0.036567,0.035133,0.025209,0.041791,0.031726,0.050889,0.053053,0.0097567,0.030473,0.046513,0.018331,0.016718,0.013299,0.02408,0.030224,0.0062458,0.032907,0.050911,0.11938,0.25711
2259,0.042126,0.020669,0.0085725,0.16356,0.012774,0.023906,0.023806,0.048559,0.042006,0.015557,0.019088,0.20829,0.018365,0.021665,0.016708,0.017702,0.036921,0.01361,0.0087885,0.019329,0.0080873,0.0086984,0.058184,0.010298,0.025595,0.023239,0.02041,0.0053479,0.023782,0.032219,0.044151,0.039171,0.040177,0.028417,0.046223,0.044607,0.052356,0.10899,0.0099762,0.033861,0.049922,0.021625,0.016541,0.012133,0.024413,0.034838,0.0067422,0.024785,0.047454,0.14046,0.29707
2260,0.045346,0.018589,0.0091781,0.18795,0.020797,0.033202,0.034909,0.066111,0.065203,0.017667,0.0242,0.11164,0.020248,0.022678,0.013272,0.01644,0.045632,0.016614,0.011736,0.017377,0.0091893,0.010793,0.083721,0.0095531,0.034066,0.030185,0.025759,0.0057477,0.02857,0.033529,0.049083,0.037672,0.041631,0.032234,0.035626,0.045029,0.064226,0.31961,0.0086298,0.044317,0.051921,0.023613,0.015279,0.010943,0.028175,0.040236,0.0085827,0.018296,0.05403,0.15972,0.34422
2261,0.043554,0.01848,0.0097781,0.09244,0.039213,0.042377,0.043253,0.077438,0.061748,0.018916,0.030331,0.098009,0.017617,0.023665,0.012441,0.020067,0.046178,0.020183,0.012016,0.016846,0.011952,0.013548,0.1668,0.0097033,0.039202,0.037189,0.035167,0.0071799,0.032237,0.035817,0.048757,0.033601,0.035174,0.037929,0.031893,0.04896,0.080586,0.13462,0.0087799,0.053227,0.0509,0.025167,0.014445,0.010234,0.031673,0.039818,0.0085019,0.016519,0.059706,0.16611,0.45051
2262,0.049209,0.021308,0.011723,0.11312,0.053144,0.042588,0.038842,0.089245,0.061273,0.022561,0.033651,0.094854,0.017961,0.025918,0.013809,0.0206,0.042644,0.023578,0.013468,0.017872,0.014965,0.014988,0.14998,0.0098354,0.045983,0.033773,0.037081,0.0087059,0.031858,0.039932,0.051714,0.032903,0.038163,0.042699,0.03673,0.057904,0.08321,0.10626,0.0092377,0.057851,0.054047,0.025359,0.014916,0.010862,0.033414,0.04062,0.0088801,0.016909,0.064189,0.16788,0.53718
2263,0.054701,0.02594,0.017713,0.44671,0.042677,0.042105,0.02868,0.081664,0.073412,0.026152,0.040235,0.074028,0.02297,0.023505,0.013566,0.027051,0.0338,0.034161,0.018931,0.017654,0.016796,0.017587,0.087232,0.010621,0.044838,0.021895,0.030512,0.009058,0.049412,0.041141,0.046289,0.029548,0.050947,0.044637,0.053105,0.034067,0.07056,0.059815,0.0089437,0.076881,0.064401,0.024425,0.014201,0.01727,0.034581,0.041699,0.010448,0.022523,0.060796,0.17055,0.67377
2264,0.064572,0.030194,0.020252,0.42304,0.050928,0.039674,0.028563,0.08006,0.072279,0.028882,0.038048,0.060927,0.024446,0.024004,0.01438,0.03262,0.035628,0.03342,0.018991,0.01896,0.019032,0.016533,0.07859,0.013554,0.04513,0.023805,0.031272,0.0078635,0.058781,0.046534,0.04609,0.030736,0.055596,0.048465,0.064784,0.034036,0.079461,0.051163,0.009185,0.08833,0.062049,0.023776,0.015138,0.017741,0.036409,0.039773,0.011014,0.024919,0.071422,0.1597,0.67707
2265,0.1242,0.051561,0.021118,0.51698,0.076851,0.026426,0.025837,0.079881,0.053738,0.036012,0.026363,0.052989,0.021867,0.028899,0.022306,0.033956,0.039005,0.023225,0.013474,0.025175,0.022412,0.012611,0.062838,0.016016,0.050827,0.030388,0.031524,0.006611,0.037296,0.06268,0.049675,0.035526,0.060036,0.055583,0.10325,0.055028,0.096478,0.052692,0.011226,0.066141,0.053271,0.02151,0.020133,0.013872,0.035505,0.03302,0.0096099,0.029313,0.11463,0.12651,0.61208
2266,0.12503,0.056418,0.02708,0.20559,0.049661,0.030354,0.024843,0.090334,0.055613,0.048646,0.028811,0.057568,0.025184,0.031835,0.025371,0.027678,0.039943,0.026879,0.014334,0.026829,0.02478,0.012557,0.063065,0.020934,0.04874,0.033811,0.035905,0.0066504,0.034442,0.070276,0.061152,0.041531,0.059008,0.057253,0.10212,0.068933,0.10377,0.048912,0.012465,0.067635,0.054643,0.022353,0.021845,0.01534,0.03857,0.036497,0.010677,0.02687,0.11322,0.13224,0.56298
2267,0.074856,0.038797,0.032515,0.084059,0.033419,0.07321,0.02827,0.09689,0.064723,0.074688,0.037835,0.068471,0.033946,0.032096,0.021391,0.023243,0.0494,0.033025,0.017533,0.024087,0.026788,0.012824,0.075714,0.019118,0.037446,0.045561,0.048271,0.0063194,0.046508,0.069656,0.085189,0.047609,0.05039,0.05533,0.072537,0.05544,0.12908,0.041709,0.011875,0.091735,0.058617,0.024661,0.022183,0.019025,0.04737,0.046478,0.01238,0.021593,0.10266,0.15469,0.45792
2268,0.07863,0.040322,0.042541,0.07051,0.025868,0.081605,0.031313,0.10503,0.078511,0.078634,0.041507,0.060905,0.036197,0.034407,0.0222,0.023467,0.056787,0.036057,0.021163,0.02462,0.02762,0.012834,0.086142,0.01476,0.038954,0.061537,0.064285,0.006659,0.041824,0.064415,0.085024,0.055024,0.052663,0.05471,0.071127,0.066736,0.13983,0.045277,0.012659,0.088179,0.061913,0.027019,0.022559,0.020199,0.05253,0.050803,0.014571,0.023598,0.10054,0.1697,0.4348
2269,0.087559,0.043327,0.077627,0.056806,0.015211,0.074287,0.031762,0.17944,0.1318,0.081867,0.053862,0.054359,0.034896,0.042025,0.025224,0.01994,0.053381,0.055056,0.028515,0.025189,0.026554,0.013482,0.10577,0.014621,0.044324,0.064235,0.12225,0.010047,0.025916,0.055384,0.089632,0.081481,0.05973,0.049735,0.06277,0.3401,0.11761,0.053071,0.014297,0.068135,0.068981,0.033913,0.020754,0.024199,0.057559,0.059845,0.020743,0.026921,0.070657,0.21262,0.42918
2270,0.090112,0.049657,0.090327,0.063129,0.0155,0.083159,0.034161,0.14744,0.13181,0.075825,0.055133,0.064934,0.039546,0.042741,0.025391,0.021707,0.052575,0.066547,0.038626,0.026127,0.027614,0.014603,0.12278,0.012917,0.049028,0.071962,0.097323,0.011531,0.027124,0.054877,0.10173,0.083475,0.060797,0.05469,0.06695,3.172,0.1227,0.055437,0.015207,0.070016,0.073717,0.03631,0.021569,0.031113,0.063337,0.069851,0.024111,0.027654,0.068436,0.22809,0.43407
2271,0.10413,0.067038,0.076792,0.11025,0.021506,0.062555,0.038493,0.087749,0.10948,0.04836,0.0389,0.07266,0.04688,0.037901,0.023677,0.031133,0.058725,0.056821,0.11516,0.029569,0.030799,0.015545,0.14772,0.013287,0.060852,0.1399,0.058636,0.0098797,0.038225,0.050553,0.078839,0.064883,0.059679,0.0683,0.091948,0.45699,0.16125,0.064441,0.017457,0.074716,0.071742,0.034056,0.024143,0.028803,0.0645,0.075192,0.024313,0.03011,0.081393,0.20953,0.4516
2272,0.11919,0.084513,0.075947,0.13506,0.024681,0.050799,0.04664,0.080732,0.11536,0.048548,0.040138,0.070393,0.048048,0.037277,0.022953,0.036696,0.060024,0.052598,0.13134,0.03077,0.028995,0.017953,0.15341,0.017688,0.078209,0.14829,0.055155,0.01073,0.037169,0.053969,0.083203,0.068315,0.071118,0.071771,0.10814,0.45996,0.1468,0.070163,0.015635,0.080986,0.078065,0.036703,0.025449,0.03273,0.068,0.073957,0.02621,0.029286,0.090042,0.21314,0.47754
2273,0.12812,0.13854,0.076988,0.22863,0.029405,0.045401,0.070321,0.070042,0.098169,0.059929,0.055903,0.087539,0.052986,0.034389,0.021325,0.042407,0.052744,0.047448,0.063485,0.028339,0.025345,0.024755,0.13289,0.019082,0.11208,0.079509,0.041933,0.011526,0.036964,0.072859,0.15093,0.068677,0.086322,0.078816,0.13309,0.64801,0.10793,0.065404,0.012077,0.10612,0.10446,0.039435,0.026093,0.058108,0.074587,0.078932,0.026086,0.023997,0.098752,0.23063,0.54298
2274,0.14093,0.12183,0.07575,0.25981,0.033976,0.051717,0.077137,0.067764,0.092597,0.061628,0.058769,0.10583,0.058982,0.03679,0.021371,0.046763,0.053579,0.048542,0.072593,0.030901,0.024954,0.027592,0.13817,0.017814,0.11277,0.077867,0.040714,0.012705,0.036694,0.085374,0.17601,0.075964,0.10867,0.081937,0.15291,0.19612,0.11396,0.071926,0.013897,0.11862,0.10774,0.040619,0.028964,0.07485,0.079685,0.077507,0.026526,0.02516,0.1024,0.22888,0.56595
2275,0.17657,0.079176,0.063907,0.13489,0.036188,0.060252,0.071352,0.072919,0.10996,0.064283,0.059949,0.092463,0.054187,0.046384,0.024158,0.05224,0.062121,0.050683,0.075566,0.037817,0.021712,0.027381,0.14812,0.018924,0.10099,0.092102,0.054013,0.016161,0.028736,0.10763,0.12792,0.10928,0.2723,0.070154,0.1572,0.078264,0.12841,0.097874,0.017531,0.11724,0.091635,0.046167,0.034047,0.088589,0.085823,0.064115,0.030825,0.03409,0.10562,0.21505,0.54678
2276,0.2231,0.075898,0.051413,0.11789,0.040216,0.062661,0.087056,0.082123,0.11231,0.069926,0.063417,0.091959,0.054846,0.049715,0.027162,0.052588,0.065193,0.054255,0.055742,0.040629,0.02073,0.029847,0.15448,0.020687,0.11592,0.089837,0.060581,0.017878,0.029109,0.11436,0.13401,0.14735,0.45367,0.072911,0.1572,0.066505,0.13159,0.11088,0.018402,0.11856,0.098072,0.046492,0.035287,0.071959,0.088029,0.060399,0.033437,0.038835,0.12053,0.21837,0.59235
2277,0.27027,0.059691,0.038762,0.10859,0.058597,0.092758,0.095854,0.10242,0.09054,0.079937,0.053746,0.12996,0.066637,0.054245,0.029581,0.044731,0.060845,0.06858,0.045152,0.05392,0.028675,0.03137,0.17871,0.022013,0.11172,0.082377,0.063002,0.019503,0.036926,0.093073,0.16314,0.26512,0.29854,0.091888,0.14899,0.052342,0.16163,0.10711,0.022716,0.11179,0.1118,0.040183,0.035692,0.045759,0.08878,0.058295,0.029778,0.044414,0.15244,0.21764,0.70106
2278,0.2361,0.06785,0.039159,0.11169,0.060383,0.10296,0.096359,0.10786,0.095087,0.075813,0.051453,0.12758,0.07069,0.053101,0.033158,0.041168,0.06751,0.068814,0.042673,0.054078,0.030656,0.031454,0.18264,0.023472,0.11764,0.088728,0.067445,0.019156,0.038823,0.097471,0.16847,0.24312,0.25857,0.095483,0.14404,0.052981,0.18519,0.11717,0.024919,0.11534,0.11351,0.041868,0.040382,0.042045,0.088006,0.058015,0.034101,0.045383,0.15341,0.22181,0.70637
2279,0.20707,0.14466,0.039364,0.11512,0.04191,0.060183,0.16189,0.10968,0.12133,0.060931,0.058506,0.08926,0.06522,0.042772,0.037826,0.036485,0.087491,0.061661,0.033126,0.037495,0.024584,0.031637,0.15885,0.026113,0.16064,0.10406,0.086572,0.017207,0.036861,0.11305,0.16785,0.15705,0.2089,0.095571,0.12701,0.089523,0.15794,0.14341,0.020063,0.12535,0.12557,0.047085,0.043929,0.038217,0.078578,0.057039,0.066811,0.039235,0.14428,0.24957,0.68375
2280,0.18436,0.22373,0.042182,0.132,0.045073,0.065035,0.17392,0.11881,0.1405,0.061601,0.062142,0.080581,0.063463,0.043061,0.038056,0.038848,0.091492,0.05417,0.033119,0.036632,0.025643,0.033538,0.16408,0.029529,0.19605,0.098486,0.08237,0.017915,0.036309,0.11159,0.19467,0.13707,0.17981,0.09224,0.13196,0.10419,0.17094,0.13599,0.021093,0.12933,0.13099,0.047708,0.046985,0.034894,0.081185,0.059495,0.059732,0.03843,0.15293,0.2556,0.71979
2281,0.13391,0.41044,0.069006,0.26797,0.05388,0.13821,0.10119,0.11722,0.19676,0.064803,0.062653,0.074792,0.060508,0.04642,0.041734,0.046592,0.092844,0.04354,0.048024,0.038563,0.027377,0.033685,0.18384,0.034261,0.21635,0.083207,0.054757,0.016092,0.033619,0.10531,0.2489,0.092986,0.1312,0.073768,0.15401,0.10082,0.28194,0.11343,0.029068,0.13647,0.11352,0.049676,0.058408,0.034077,0.088961,0.070971,0.038941,0.035407,0.14049,0.25072,0.68627
2282,0.12929,0.68987,0.068363,0.38299,0.057713,0.14848,0.089831,0.12323,0.21756,0.063609,0.064062,0.078722,0.065683,0.053554,0.042781,0.050051,0.10276,0.04392,0.05208,0.039322,0.028745,0.032331,0.19549,0.054582,0.22131,0.090485,0.057318,0.016206,0.033756,0.11639,0.24649,0.090481,0.13636,0.0737,0.16356,0.09341,0.33793,0.12171,0.032451,0.14835,0.10958,0.052912,0.06214,0.034121,0.099228,0.079038,0.038754,0.035055,0.14043,0.24232,0.70192
2283,0.14134,0.34197,0.04967,0.40385,0.081421,0.11448,0.083158,0.155,0.18094,0.070834,0.076974,0.099951,0.079402,0.077985,0.035342,0.058446,0.10351,0.046224,0.044414,0.047877,0.038884,0.032057,0.23487,0.060033,0.24887,0.10745,0.078487,0.02284,0.036846,0.13268,0.2963,0.13363,0.2287,0.088757,0.18958,0.076872,0.37191,0.12858,0.029864,0.15761,0.12523,0.055648,0.055883,0.031117,0.14022,0.083839,0.027954,0.037404,0.17917,0.22032,0.9067
2284,0.14425,0.27652,0.047863,0.36444,0.087495,0.11584,0.082286,0.17403,0.17551,0.077638,0.076059,0.10089,0.081665,0.09239,0.035829,0.06612,0.10009,0.046625,0.045479,0.049842,0.04854,0.035169,0.23502,0.045854,0.25509,0.11661,0.077873,0.026697,0.037604,0.13632,0.25748,0.13758,0.22165,0.093422,0.20628,0.068794,0.3403,0.13805,0.030948,0.16645,0.11989,0.05501,0.054806,0.033125,0.15272,0.087363,0.024585,0.039581,0.20115,0.21569,0.94077
2285,0.15004,0.33366,0.038528,0.1832,0.068023,0.085005,0.083686,0.17507,0.15057,0.0751,0.058501,0.087013,0.084382,0.10539,0.039532,0.065551,0.11033,0.046238,0.046326,0.045006,0.048113,0.038411,0.19839,0.044419,0.19557,0.1705,0.090667,0.027098,0.036205,0.1595,0.14091,0.11577,0.17848,0.099631,0.18965,0.055566,0.21729,0.20659,0.035866,0.18534,0.09018,0.054293,0.056827,0.05096,0.13174,0.088974,0.036427,0.04972,0.19609,0.21683,0.77748
2286,0.14883,0.23173,0.03981,0.17029,0.059446,0.082121,0.089446,0.17252,0.15677,0.076504,0.057733,0.098082,0.086036,0.11924,0.041758,0.065558,0.11547,0.046834,0.051168,0.046133,0.049856,0.039148,0.19185,0.03748,0.16576,0.22431,0.10198,0.030507,0.03894,0.17507,0.12936,0.11544,0.17758,0.10979,0.19685,0.052434,0.20289,0.21961,0.037991,0.19731,0.094056,0.054856,0.055485,0.059011,0.1355,0.093578,0.04402,0.0585,0.18985,0.21226,0.7648
2287,0.14218,0.12031,0.065766,0.19025,0.050006,0.12454,0.11759,0.16931,0.21749,0.091135,0.061125,0.11865,0.079405,0.096255,0.049376,0.069182,0.094698,0.049425,0.077629,0.04475,0.055585,0.04669,0.16991,0.036848,0.15386,0.1971,0.071994,0.030767,0.0473,0.1584,0.13863,0.1007,0.13272,0.11214,0.23591,0.055405,0.20607,0.1502,0.034305,0.19416,0.11333,0.05055,0.053358,0.056249,0.12745,0.10617,0.044743,0.057059,0.17825,0.20883,0.77461
2288,0.14945,0.10533,0.068829,0.20793,0.05121,0.1388,0.12146,0.1638,0.24002,0.099173,0.057108,0.13021,0.075976,0.10155,0.050122,0.073955,0.092815,0.051969,0.081022,0.045025,0.057028,0.050299,0.17858,0.041715,0.14928,0.16136,0.062448,0.028069,0.047966,0.14274,0.13967,0.10027,0.12397,0.1115,0.23442,0.057055,0.20591,0.14227,0.035359,0.19673,0.13088,0.046826,0.046599,0.056267,0.12844,0.11214,0.043609,0.057635,0.18107,0.21068,0.77069
2289,0.17185,0.102,0.052813,0.28445,0.050293,0.13047,0.10876,0.13127,0.25114,0.091952,0.054223,0.20083,0.071119,0.15532,0.043233,0.070583,0.11728,0.069246,0.055885,0.052878,0.05584,0.040956,0.24523,0.046048,0.1322,0.14211,0.071048,0.032495,0.044674,0.13164,0.1723,0.13006,0.16324,0.1136,0.19896,0.068095,0.25725,0.15483,0.039745,0.2154,0.25613,0.046594,0.03514,0.044474,0.15715,0.10537,0.037182,0.059706,0.18832,0.20662,0.82106
2290,0.17474,0.091328,0.057924,0.33462,0.056112,0.12144,0.11043,0.13267,0.25396,0.090467,0.057407,0.26962,0.075221,0.16775,0.042907,0.072552,0.1223,0.077378,0.060128,0.05299,0.060768,0.041692,0.27009,0.053321,0.14265,0.13699,0.07943,0.029935,0.046662,0.13149,0.19122,0.16097,0.1804,0.11823,0.21423,0.077476,0.26202,0.15579,0.043053,0.22263,0.34924,0.046746,0.033921,0.043588,0.18527,0.10382,0.037835,0.056324,0.18865,0.21296,0.84967
2291,0.1636,0.092693,0.063302,0.32882,0.13497,0.081812,0.10062,0.19226,0.21663,0.091932,0.065814,0.21077,0.087239,0.17257,0.044885,0.090333,0.10432,0.063447,0.061404,0.047653,0.072876,0.052754,0.30078,0.060242,0.21449,0.11086,0.080018,0.019672,0.04613,0.12705,0.16222,0.23199,0.18114,0.12985,0.26887,0.074321,0.20082,0.14158,0.078474,0.20804,0.24126,0.044694,0.036761,0.053363,0.26309,0.1033,0.040699,0.053089,0.22328,0.25387,0.87772
2292,0.17832,0.096302,0.05889,0.39448,0.17258,0.08415,0.10325,0.2019,0.19647,0.091941,0.063114,0.20858,0.094147,0.17919,0.046958,0.098542,0.10914,0.060585,0.067012,0.047732,0.066432,0.053801,0.32089,0.098806,0.22113,0.10083,0.088599,0.017835,0.045933,0.12004,0.17317,0.25261,0.18509,0.12283,0.27126,0.075293,0.19516,0.1603,0.085267,0.21217,0.22126,0.046258,0.037514,0.057649,0.25474,0.10542,0.044125,0.054885,0.20388,0.26151,0.84097
2293,0.21783,0.082411,0.067483,0.54966,0.085271,0.12816,0.13193,0.16595,0.17711,0.096427,0.056627,0.2976,0.13394,0.14657,0.051594,0.10228,0.13009,0.05896,0.35836,0.04686,0.052149,0.05182,0.24671,0.094649,0.18028,0.10047,0.1223,0.016037,0.053966,0.11587,0.27832,0.19153,0.16514,0.10185,0.31085,0.082996,0.2159,0.31262,0.045485,0.25245,0.16971,0.053413,0.041061,0.068562,0.17075,0.11643,0.057412,0.04947,0.13685,0.2409,0.76899
2294,0.22168,0.087015,0.063142,0.64103,0.087442,0.13949,0.13964,0.18146,0.18072,0.091927,0.060145,0.28755,0.15086,0.11894,0.053411,0.1051,0.13767,0.058029,-0.47246,0.046645,0.04564,0.050943,0.24371,0.050213,0.18529,0.10927,0.1224,0.015207,0.061667,0.12049,0.29911,0.19839,0.17335,0.099612,0.31075,0.086916,0.21537,0.33891,0.038851,0.2346,0.15137,0.057152,0.045936,0.066151,0.16381,0.1255,0.05887,0.04969,0.12668,0.23818,0.73376
2295,0.21539,0.13077,0.037189,0.88697,0.079614,0.17966,0.1299,0.19303,0.18931,0.08078,0.060909,0.16742,0.10462,0.087081,0.051018,0.096209,0.17817,0.05962,-0.6604,0.050207,0.035133,0.042492,0.34046,0.04544,0.16977,0.12694,0.10571,0.020429,0.063588,0.13416,0.25014,0.2187,0.25666,0.10087,0.20508,0.08738,0.24421,0.29582,0.032329,0.17148,0.15033,0.059216,0.049045,0.048205,0.16977,0.13521,0.050396,0.068767,0.12709,0.22162,0.65491
2296,0.23412,0.14953,0.032808,0.85956,0.06913,0.23528,0.13633,0.19078,0.19076,0.077939,0.058409,0.15663,0.096705,0.079205,0.054557,0.087196,0.20118,0.060946,-0.56627,0.05301,0.033762,0.040326,0.34152,0.047335,0.16542,0.13643,0.10626,0.023355,0.063668,0.12991,0.25978,0.20238,0.2392,0.096083,0.1865,0.092552,0.25725,0.2782,0.030216,0.17579,0.15272,0.059512,0.047853,0.040494,0.14183,0.12963,0.049762,0.074682,0.12042,0.21455,0.61638
2297,0.22356,0.20679,0.036197,0.3234,0.09484,0.19308,0.13573,0.27653,0.21773,0.071049,0.064141,0.17869,0.095637,0.080449,0.062843,0.080103,0.14893,0.058619,-0.77883,0.054412,0.041208,0.045618,0.25909,0.039824,0.23071,0.24272,0.086263,0.02069,0.066003,0.13403,0.21882,0.17789,0.15423,0.095817,0.18413,0.10098,0.21146,0.15594,0.033039,0.22008,0.16931,0.054459,0.049596,0.030043,0.11186,0.11508,0.042454,0.065998,0.13185,0.22511,0.59532
2298,0.21317,0.21019,0.040323,0.37274,0.13075,0.15099,0.13855,0.34765,0.23862,0.068818,0.073534,0.18308,0.09335,0.074826,0.062404,0.077405,0.13245,0.056666,0.41511,0.052664,0.049311,0.047074,0.25847,0.032098,0.26927,0.2115,0.086922,0.022051,0.068759,0.13165,0.19595,0.1949,0.15497,0.098594,0.19993,0.10254,0.20056,0.12744,0.03365,0.20906,0.18073,0.054518,0.052007,0.028921,0.10973,0.10883,0.040739,0.082658,0.13886,0.23045,0.60611
2299,0.23708,0.10625,0.043898,-1.0318,0.1267,0.12736,0.17144,0.25177,0.2424,0.077565,0.085984,0.26029,0.092747,0.070685,0.064314,0.07059,0.12753,0.063352,0.079827,0.049778,0.07335,0.045732,0.24694,0.032301,0.20807,0.093667,0.11355,0.026491,0.06629,0.09355,0.2211,0.28187,0.17148,0.095662,0.30211,0.11277,0.20753,0.12818,0.035972,0.20199,0.2019,0.064424,0.04894,0.041541,0.10871,0.09849,0.055374,0.15365,0.12539,0.22907,0.71231
2300,0.30523,0.094887,0.053442,-0.79512,0.13072,0.11191,0.17814,0.22381,0.24552,0.080459,0.081409,0.33107,0.093114,0.073392,0.062311,0.066345,0.12517,0.065929,0.067164,0.051179,0.081272,0.045835,0.2365,0.032602,0.2087,0.079274,0.12367,0.027556,0.060179,0.088242,0.23049,0.25534,0.1539,0.091863,0.42709,0.11755,0.20728,0.12073,0.034742,0.21519,0.20166,0.067309,0.044053,0.046738,0.10382,0.090061,0.05296,0.16975,0.12617,0.23128,0.72437
2301,0.59721,0.095513,0.16784,-5.2395,0.1881,0.068649,0.18233,0.21013,0.25495,0.078442,0.071869,0.21359,0.10623,0.082539,0.049823,0.067938,0.1322,0.055671,0.063016,0.050319,0.059483,0.042037,0.31004,0.031019,0.26183,0.061433,0.12156,0.036279,0.053742,0.12018,0.1999,0.19652,0.16769,0.099219,4.3453,0.10065,0.2114,0.10731,0.028049,0.1756,0.19328,0.062412,0.041881,0.049595,0.12256,0.082983,0.041116,0.17047,0.15298,0.24013,0.69204
2302,0.66784,0.086198,0.30373,-7.9047,0.22505,0.066363,0.15524,0.21387,0.25897,0.079522,0.068206,0.21012,0.10773,0.077406,0.047285,0.065886,0.12202,0.056584,0.065732,0.049579,0.048559,0.039855,0.36006,0.040423,0.27852,0.057795,0.12736,0.043493,0.051766,0.11978,0.18432,0.20307,0.20169,0.10313,-7.8119,0.093546,0.21481,0.10349,0.028481,0.15962,0.16923,0.061321,0.043123,0.055625,0.13658,0.080189,0.041264,0.17605,0.15604,0.24642,0.68385
2303,0.72642,0.086561,0.22391,0.56075,0.219,0.10079,0.09874,0.2058,0.22481,0.080977,0.056951,0.28729,0.10209,0.081361,0.048269,0.060368,0.099372,0.075853,0.13833,0.053517,0.038982,0.035742,0.31373,0.045816,0.29859,0.063622,0.15057,0.044031,0.046569,0.10227,0.20145,0.25772,0.2136,0.10112,0.51455,0.096238,0.25169,0.098872,0.034154,0.16497,0.11226,0.05632,0.038211,0.05389,0.13762,0.078199,0.035888,0.088592,0.13575,0.25908,0.61118
2304,0.60438,0.09242,0.14547,0.27441,0.13176,0.16668,0.079513,0.25157,0.24847,0.079762,0.046677,0.5003,0.10038,0.069298,0.047307,0.05861,0.09785,0.071861,-0.24466,0.056007,0.034229,0.038792,0.3031,0.039592,0.3923,0.088193,0.13361,0.029934,0.043936,0.098759,0.18098,0.13796,0.16243,0.087416,0.29635,0.081954,0.22026,0.12014,0.037863,0.23779,0.10658,0.050353,0.037273,0.038626,0.11046,0.076845,0.027826,0.059663,0.13253,0.26052,0.54638
2305,0.21151,0.094162,0.072942,0.22989,0.16861,0.10892,0.080327,0.38181,0.32852,0.079127,0.052852,0.328,0.075214,0.056757,0.044647,0.064022,0.065043,0.068375,3.2656,0.059382,0.035334,0.045073,0.37756,0.029727,0.2085,0.097318,0.09652,0.022616,0.054062,0.094824,0.14281,0.10674,0.16902,0.08074,0.23019,0.061878,0.18771,0.11106,0.04312,0.19191,0.11406,0.05151,0.037401,0.039879,0.1086,0.073087,0.025734,0.054051,0.12512,0.24794,0.53235
2306,0.14922,0.084737,0.046046,0.18176,0.20644,0.10674,0.08038,0.49033,0.24488,0.092425,0.06578,0.40086,0.063967,0.057394,0.036609,0.074525,0.054632,0.11746,0.099874,0.058505,0.042826,0.042892,0.38445,0.028084,0.1753,0.10115,0.079977,0.023991,0.055738,0.076284,0.11479,0.13912,0.23653,0.10106,0.23501,0.065372,0.19872,0.093017,0.064174,0.17919,0.11469,0.057528,0.042006,0.041721,0.13445,0.070779,0.026094,0.0531,0.11677,0.24111,0.57037
2307,0.11722,0.075913,0.032829,0.1926,0.061478,0.079908,0.081977,0.2687,0.31787,0.10156,0.055566,0.20653,0.059928,0.048015,0.03004,0.085904,0.056778,0.077273,0.053321,0.056468,0.045872,0.05252,0.25032,0.029385,0.15939,0.13362,0.062904,0.027994,0.049722,0.085206,0.10903,0.11567,0.2211,0.11627,0.4018,0.090655,0.1584,0.065712,0.043081,0.21334,0.11588,0.054673,0.046764,0.035101,0.13878,0.0716,0.03298,0.049145,0.11939,0.21135,0.61259
2308,0.10262,0.08187,0.029186,0.20942,0.046666,0.06291,0.098028,0.16447,0.31896,0.10072,0.048838,0.10764,0.053038,0.048374,0.02804,0.081935,0.055165,0.051933,0.033282,0.04979,0.050266,0.065716,0.23913,0.028409,0.12509,0.14364,0.050394,0.023474,0.058288,0.10902,0.12579,0.092571,0.15024,0.11062,0.51285,0.099263,0.1418,0.054145,0.031481,0.18118,0.10809,0.046698,0.046123,0.036813,0.13362,0.069276,0.034779,0.037401,0.12733,0.19042,0.59886
2309,0.10952,0.076545,0.03647,0.17614,0.051914,0.070367,0.16751,0.12205,0.21584,0.084906,0.041187,0.10324,0.057356,0.055826,0.024421,0.06807,0.059045,0.047831,0.028248,0.041095,0.059766,0.047026,0.25606,0.028447,0.12144,0.081594,0.041728,0.027641,0.054294,0.083042,0.19714,0.11082,0.14981,0.11273,0.21332,0.098641,0.1487,0.054311,0.027856,0.17589,0.097106,0.037543,0.040991,0.036743,0.11804,0.065962,0.040154,0.030963,0.11238,0.19568,0.53676
2310,0.12133,0.072447,0.041217,0.22859,0.042536,0.083589,0.29049,0.099399,0.26085,0.059448,0.03466,0.1023,0.062722,0.045475,0.02529,0.0557,0.061049,0.035134,0.033932,0.037864,0.054635,0.040678,0.18994,0.031404,0.12273,0.066547,0.041112,0.038049,0.040288,0.068614,0.28887,0.10834,0.16778,0.1011,0.13648,0.090649,0.12688,0.065222,0.025257,0.17662,0.086223,0.035388,0.040563,0.035044,0.10322,0.071187,0.059152,0.031465,0.094944,0.18558,0.50077
2311,0.14982,0.083,0.05923,0.31158,0.042962,0.093029,0.42616,0.096795,0.19861,0.057892,0.045679,0.12283,0.074292,0.041316,0.02986,0.044107,0.070049,0.030553,0.03362,0.033542,0.061394,0.035122,0.21472,0.034129,0.15319,0.073933,0.053723,0.026102,0.032211,0.074723,0.1458,0.081148,0.15728,0.081835,0.12224,0.068656,0.14369,0.091024,0.032286,0.24235,0.087832,0.036887,0.037914,0.038545,0.10176,0.069075,0.045824,0.026026,0.10064,0.18572,0.50886
2312,0.17285,0.079251,0.43277,0.14838,0.053585,0.093793,0.25943,0.10165,0.15042,0.068541,0.051675,0.12899,0.086105,0.044757,0.027136,0.035766,0.066095,0.030762,0.02829,0.032799,0.062302,0.026061,0.23955,0.032479,0.1265,0.06125,0.067938,0.023191,0.028831,0.066487,0.084883,0.073973,0.1632,0.077323,0.096997,0.0644,0.19384,0.084904,0.032632,0.27095,0.098116,0.036766,0.030254,0.038566,0.093521,0.057563,0.048116,0.02587,0.10847,0.19506,0.49016
2313,0.18773,0.069459,-0.10595,0.09387,0.083279,0.10265,0.09395,0.10847,0.14351,0.068475,0.047261,0.14491,0.073607,0.054163,0.026304,0.031772,0.057167,0.031668,0.024209,0.038055,0.044334,0.025471,0.18066,0.034477,0.11745,0.056255,0.089746,0.01991,0.034461,0.056146,0.062854,0.084401,0.1388,0.078272,0.10361,0.059336,0.29922,0.10409,0.02124,0.14718,0.09393,0.036,0.031273,0.033045,0.097416,0.060484,0.033807,0.033814,0.089147,0.17609,0.44904
2314,0.15493,0.066448,-0.23863,0.1006,0.24162,0.13234,0.059459,0.11007,0.12738,0.075082,0.071046,0.24189,0.081436,0.054247,0.033059,0.03522,0.068898,0.038669,0.022107,0.041895,0.041382,0.027396,0.17158,0.042197,0.14722,0.06475,0.19307,0.016503,0.040741,0.066144,0.055396,0.075161,0.11121,0.068395,0.17373,0.050559,0.26346,0.085762,0.017004,0.19705,0.086169,0.033374,0.034849,0.025108,0.11902,0.074145,0.025863,0.031311,0.082834,0.17008,0.44135
2315,0.13386,0.068362,-0.34121,0.10685,0.17952,0.11255,0.059198,0.10202,0.12928,0.089536,0.07689,0.19478,0.07618,0.039251,0.040335,0.035573,0.057164,0.045003,0.028443,0.045977,0.036788,0.021133,0.20236,0.036337,0.096751,0.070492,0.31928,0.01712,0.037183,0.065245,0.058284,0.053623,0.11491,0.063671,0.14129,0.04692,0.1448,0.053162,0.014961,0.66956,0.073025,0.032799,0.03055,0.017861,0.11689,0.061511,0.022222,0.028276,0.092374,0.17624,0.40462
2316,0.1575,0.074524,-0.07072,0.15805,0.225,0.060033,0.073756,0.08958,0.10973,0.075149,0.062834,0.88311,0.053382,0.041961,0.039345,0.029863,0.046914,0.050301,0.036133,0.047226,0.032821,0.01835,0.32218,0.027131,0.091701,0.074186,0.12246,0.022301,0.049672,0.051855,0.070989,0.052012,0.12524,0.076891,0.11921,0.032951,0.19554,0.059328,0.01297,0.51852,0.068246,0.031007,0.031407,0.016061,0.11335,0.052422,0.015379,0.029292,0.083581,0.17887,0.34449
2317,0.14149,0.061307,-0.13141,0.17617,0.17641,0.054257,0.073827,0.089105,0.10006,0.067715,0.05581,0.61992,0.047832,0.040256,0.037387,0.028795,0.043311,0.055815,0.033773,0.043016,0.033476,0.018469,0.31431,0.02389,0.08479,0.073632,0.087234,0.020524,0.061867,0.050949,0.067631,0.058091,0.087766,0.079985,0.12465,0.032137,0.13322,0.062569,0.013138,0.24466,0.071669,0.029192,0.029778,0.01551,0.10364,0.052252,0.013879,0.028031,0.082193,0.17263,0.32972
2318,0.11648,0.044424,0.066838,28.192,0.034318,0.063979,0.072499,0.081248,0.088745,0.097149,0.055118,0.15529,0.045813,0.028176,0.035524,0.023536,0.04625,0.044619,0.028674,0.027824,0.051059,0.019275,0.30832,0.023298,0.070626,0.15715,0.074857,0.01468,0.056508,0.064478,0.054113,0.073226,0.056351,0.079774,0.11165,0.053456,0.075463,0.062175,0.017639,0.16489,0.075841,0.0319,0.027053,0.016166,0.077726,0.046463,0.015034,0.019108,0.12956,0.16587,0.36941
2319,0.11065,0.04218,0.034225,0.85058,0.031434,0.060505,0.073414,0.075625,0.077659,0.072237,0.04619,0.12852,0.050198,0.026795,0.034512,0.023119,0.045332,0.042506,0.02992,0.027046,0.040743,0.016508,0.33713,0.020154,0.074181,0.1965,0.057823,0.011936,0.053006,0.064857,0.054328,0.074419,0.052805,0.076026,0.13014,0.043661,0.067447,0.057087,0.016588,0.14057,0.084853,0.030329,0.023441,0.014623,0.080932,0.047147,0.014692,0.022172,0.13131,0.15734,0.39425
2320,0.10497,0.038615,0.022171,0.06575,0.052595,0.05983,0.069593,0.082318,0.065337,0.034069,0.03094,0.12495,0.064592,0.037502,0.029544,0.028508,0.046111,0.051061,0.024978,0.035352,0.028494,0.014717,0.23396,0.020307,0.10874,0.082015,0.037491,0.0090313,0.058223,0.061975,0.051377,0.11869,0.043426,0.071435,-3.7184,0.02775,0.065111,0.070715,0.014189,0.074645,0.17352,0.023732,0.019305,0.012579,0.11117,0.078277,0.016602,0.046646,0.075559,0.13606,0.43147
2321,0.098312,0.041522,0.017724,0.053241,0.076468,0.044422,0.061298,0.082927,0.063427,0.031797,0.028047,0.087469,0.082446,0.041348,0.027482,0.032454,0.054572,0.040833,0.028453,0.035486,0.021487,0.015394,0.16797,0.030814,0.1078,0.05876,0.034524,0.0093468,0.055653,0.05702,0.055832,0.16003,0.043962,0.06367,0.62006,0.023398,0.058359,0.06735,0.015546,0.066667,0.18,0.022872,0.018983,0.011233,0.1106,0.067071,0.016371,0.053546,0.066306,0.13236,0.44797
2322,0.098853,0.084483,0.012572,0.058533,0.085616,0.02629,0.060496,0.071787,0.069446,0.037521,0.02703,0.058495,0.16954,0.035034,0.029587,0.033857,0.072436,0.028761,0.088056,0.032015,0.013099,0.015286,0.16198,0.032073,0.10022,0.0529,0.03764,0.011518,0.039694,0.047288,0.097334,0.082042,0.074441,0.05016,0.09971,0.018865,0.063652,0.043757,0.018717,0.11301,0.10317,0.024725,0.018699,0.010753,0.13288,0.039038,0.015233,0.048241,0.064486,0.14634,0.48812
2323,0.11728,0.086973,0.01386,0.050082,0.13919,0.027108,0.0505,0.069117,0.068516,0.048156,0.025265,0.059694,0.1816,0.035697,0.029408,0.030749,0.08547,0.02843,0.30423,0.03142,0.013387,0.014153,0.14014,0.0242,0.092403,0.048924,0.037524,0.011999,0.029197,0.044751,0.093903,0.082849,0.11568,0.054575,0.07628,0.017571,0.065207,0.03837,0.01648,0.11408,0.092905,0.024177,0.016377,0.011143,0.10837,0.036077,0.016218,0.064672,0.061093,0.13231,0.50309
2324,0.16693,0.052785,0.027906,0.045851,-0.10596,0.03557,0.033266,0.077522,0.071953,1.0843,0.02842,0.070957,0.14399,0.048057,0.026389,0.028097,0.13148,0.026932,0.33912,0.028473,0.018044,0.015392,0.090499,0.024609,0.070935,0.042222,0.04185,0.013593,0.024656,0.043399,0.063569,0.25134,0.21999,0.076097,0.051543,0.017168,0.055743,0.038733,0.014372,0.072329,0.084166,0.023673,0.016797,0.012784,0.063338,0.031219,0.015907,0.088505,0.057674,0.11026,0.45948
2325,0.12382,0.045184,0.028566,0.047713,-0.15777,0.038825,0.03744,0.074902,0.072589,0.34801,0.029234,0.07165,0.09393,0.048617,0.023731,0.032638,0.098874,0.025809,0.17531,0.026196,0.017429,0.016879,0.089624,0.028967,0.06646,0.034602,0.039846,0.014639,0.025337,0.04532,0.06339,0.28424,0.13073,0.071846,0.050798,0.018109,0.056279,0.045423,0.014226,0.068378,0.064449,0.025042,0.016988,0.01467,0.050287,0.032549,0.015959,0.052968,0.067538,0.10619,0.42527
2326,0.083773,0.038252,0.031551,0.051414,0.078164,0.067456,0.062476,0.060307,0.060769,0.060629,0.026367,0.098938,0.050606,0.041627,0.022709,0.037496,0.053514,0.030186,0.067944,0.027826,0.018385,0.014537,0.12304,0.023075,0.064383,0.030742,0.032959,0.01329,0.024475,0.051813,0.06143,0.14589,0.073217,0.077853,0.068753,0.020031,0.07233,0.057886,0.01222,0.074963,0.048894,0.02571,0.01462,0.016961,0.040902,0.045721,0.018043,0.034952,0.10574,0.097249,0.39933
2327,0.09538,0.0382,0.032656,0.057534,0.04578,0.060159,0.083359,0.065897,0.064701,0.042696,0.029842,0.11204,0.038278,0.042623,0.022037,0.043147,0.051947,0.029943,0.050154,0.034777,0.019768,0.014516,0.14192,0.01769,0.070356,0.029415,0.034749,0.012076,0.0243,0.052417,0.053027,0.078443,0.069794,0.064405,0.076756,0.020547,0.08072,0.064188,0.01101,0.074177,0.054122,0.025789,0.014579,0.017454,0.043677,0.052109,0.020536,0.038164,0.12713,0.097904,0.37875
2328,0.11073,0.038928,0.015603,0.082232,0.027498,0.029225,0.30794,0.099679,0.081786,0.024814,0.040331,0.08127,0.028996,0.038993,0.020298,0.086501,0.049605,0.024629,0.031958,0.045707,0.01753,0.020419,0.16258,0.017375,0.085535,0.023028,0.041301,0.013169,0.029466,0.054761,0.048672,0.041305,0.05115,0.040054,0.08289,0.024939,0.080363,0.081819,0.010266,0.071635,0.063431,0.029025,0.016421,0.017275,0.052723,0.055536,0.020798,0.032488,0.2549,0.11293,0.3197
2329,0.10678,0.045852,0.012863,0.099448,0.025007,0.029257,0.24468,0.10135,0.092828,0.020203,0.04054,0.069832,0.028329,0.04213,0.018887,0.073448,0.049584,0.02695,0.024718,0.049365,0.018677,0.023032,0.20413,0.015265,0.088735,0.027734,0.046653,0.013699,0.025428,0.054899,0.050081,0.04006,0.05054,0.036263,0.083601,0.027558,0.083454,0.09486,0.0096526,0.077116,0.056771,0.030871,0.015805,0.018097,0.055377,0.056117,0.020802,0.023933,0.14489,0.12157,0.32806
2330,0.15309,0.063753,0.015343,0.089828,0.033024,0.040558,0.0689,0.099071,0.12724,0.018783,0.042685,0.070905,0.029069,0.064835,0.018275,0.038181,0.066957,0.038221,0.025326,0.065235,0.024846,0.021073,0.27781,0.015957,0.10146,0.1041,0.068683,0.014428,0.018451,0.050718,0.044438,0.041267,0.082443,0.033847,0.087903,0.024901,0.086738,0.095705,0.008426,0.089883,0.062379,0.030554,0.013979,0.017597,0.074468,0.055114,0.025297,0.032015,0.060638,0.12708,0.40323
2331,0.18238,0.085324,0.019786,0.10123,0.049889,0.046448,0.061838,0.097341,0.13503,0.020705,0.064186,0.064156,0.03416,0.07239,0.018272,0.033986,0.077713,0.040414,0.026395,0.074637,0.02802,0.021257,0.38425,0.022874,0.1169,0.25132,0.059354,0.014517,0.01723,0.05056,0.047801,0.042106,0.087872,0.039105,0.087275,0.023692,0.095078,0.085429,0.010243,0.088454,0.065897,0.029308,0.014299,0.0196,0.082138,0.052375,0.030992,0.029193,0.057779,0.13498,0.43246
2332,0.11496,0.20307,0.027013,0.15773,-0.64342,0.062778,0.061834,0.067694,0.10392,0.025446,0.074356,0.047291,0.054484,0.073219,0.016897,0.0285,0.081207,0.038657,0.026694,0.054347,0.028911,0.021976,0.84636,0.02444,0.11207,0.70019,0.033319,0.010784,0.015876,0.051066,0.086887,0.06413,0.063619,0.059438,0.076865,0.025606,0.10748,0.078879,0.019917,0.091197,0.050512,0.02693,0.016003,0.032901,0.064708,0.047539,0.041658,0.01585,0.054218,0.15532,0.47302
2333,0.11068,0.20136,0.030388,0.19848,-0.97234,0.078655,0.052554,0.069955,0.11878,0.028015,0.10026,0.050065,0.067178,0.06393,0.018011,0.026387,0.071413,0.040731,0.025479,0.047525,0.026938,0.02145,2.0533,0.022134,0.13635,0.34585,0.037216,0.0091882,0.016576,0.052171,0.086453,0.070028,0.066103,0.064962,0.067619,0.02507,0.13081,0.084667,0.027472,0.087595,0.055192,0.028662,0.017912,0.033144,0.067525,0.04865,0.035921,0.019131,0.055855,0.16172,0.55517
2334,0.15906,0.12144,0.049542,0.17237,0.11461,0.083732,0.046461,0.11557,0.19569,0.038552,-0.40674,0.07363,0.11377,0.044843,0.023816,0.028161,0.058447,0.035594,0.022712,0.049443,0.022364,0.019602,2.9774,0.021939,0.22571,0.062686,0.061351,0.0091253,0.021302,0.053659,0.05518,0.050391,0.081973,0.079466,0.060605,0.01971,0.25747,0.06959,0.028024,0.06499,0.08904,0.03032,0.020328,0.021867,0.090067,0.048652,0.024086,0.040649,0.09072,0.15195,0.68896
2335,0.21483,0.09713,0.055249,0.20014,0.069743,0.061701,0.047905,0.1097,0.18086,0.045418,-0.25639,0.07139,0.10811,0.0463,0.028307,0.030478,0.056123,0.033828,0.025751,0.049424,0.022026,0.019973,1.7216,0.019454,0.21788,0.05389,0.064613,0.01034,0.023631,0.058667,0.056345,0.055908,0.094647,0.072324,0.058666,0.021307,0.16805,0.060756,0.035686,0.0676,0.094101,0.031137,0.022897,0.022074,0.092663,0.051596,0.018707,0.048654,0.075251,0.15596,0.59629
2336,0.26451,0.062492,0.026093,0.52491,0.032291,0.04615,0.046315,0.078586,0.14761,0.038488,0.26813,0.06401,0.059015,0.063826,0.035858,0.037015,0.049994,0.042468,0.039575,0.043835,0.022055,0.020801,0.90606,0.023031,0.19631,0.051033,0.086857,0.013288,0.022926,0.065957,0.058804,0.092142,0.1094,0.046536,0.055478,0.029819,0.087664,0.079635,0.081162,0.084176,0.074157,0.041163,0.025183,0.021463,0.077682,0.0625,0.0132,0.085193,0.046113,0.15743,0.45841
2337,0.26907,0.059125,0.02127,0.44986,0.038774,0.044017,0.052782,0.085116,0.13977,0.040641,0.12951,0.069643,0.054037,0.052837,0.042619,0.038634,0.052063,0.045706,0.031663,0.036998,0.022164,0.02136,0.75806,0.038839,0.1589,0.058515,0.081211,0.014564,0.026225,0.078012,0.067171,0.099128,0.11805,0.04047,0.05299,0.033258,0.081526,0.062765,0.043533,0.10015,0.083521,0.040779,0.02423,0.023268,0.083542,0.069181,0.013335,0.065814,0.045864,0.17583,0.4632
2338,0.42118,0.062823,0.027041,0.19786,0.075581,0.031935,0.11591,0.098602,0.10369,0.052488,0.071261,0.063675,0.050291,0.037768,0.04043,0.037944,0.065012,0.039291,0.022264,0.032176,0.026865,0.023881,0.53666,0.035834,0.10063,0.079158,0.040915,0.015757,0.034235,0.11729,0.14183,0.094146,0.13665,0.037707,0.053882,0.040742,0.070313,0.037573,0.021558,0.18279,0.11335,0.032227,0.024816,0.068007,0.10035,0.077929,0.018815,0.02605,0.047106,0.23252,0.41653
2339,0.36377,0.067698,0.019143,0.3258,0.075432,0.034857,0.10504,0.088308,0.1002,0.062666,0.071052,0.06644,0.048201,0.03839,0.043675,0.036262,0.079323,0.041001,0.020777,0.030762,0.02897,0.030475,0.42912,0.03155,0.095173,0.08059,0.043989,0.015407,0.035094,0.12612,0.17899,0.084011,0.12579,0.03612,0.055781,0.048756,0.071399,0.036733,0.019673,0.17666,0.14112,0.030706,0.026589,0.071552,0.096894,0.080218,0.018711,0.024789,0.049886,0.23098,0.42659
2340,0.18465,0.085247,0.013967,-2.1577,0.05179,0.063896,0.059477,0.080667,0.11932,0.076658,0.089601,0.10318,0.052309,0.03717,0.053676,0.031496,0.12843,0.04689,0.015364,0.02721,0.0292,0.04549,0.4308,0.031056,0.10168,0.095467,0.093756,0.013855,0.040335,0.11201,0.13137,0.061961,0.098107,0.035681,0.051847,0.04736,0.11929,0.035025,0.013885,0.11449,0.22931,0.027812,0.025338,0.032168,0.10511,0.080632,0.01417,0.028264,0.074899,0.20972,0.62059
2341,0.14782,0.095021,0.013897,4.1748,0.046227,0.067542,0.054775,0.085376,0.15027,0.068662,0.092253,0.12787,0.066697,0.036641,0.053361,0.03399,0.12194,0.051272,0.016447,0.027069,0.033516,0.057706,0.31009,0.021541,0.10109,0.0899,0.087876,0.015387,0.047543,0.10934,0.11933,0.061879,0.10796,0.033327,0.060621,0.047677,0.12166,0.038855,0.01413,0.11758,0.27298,0.028356,0.022837,0.028701,0.10104,0.07104,0.013796,0.030143,0.072433,0.22189,0.67446
2342,0.12595,0.095062,0.0094488,19.704,0.050008,0.066473,0.044238,0.085713,0.2427,0.053732,0.13985,0.10944,0.090114,0.048808,0.049441,0.042567,0.0913,0.066133,0.035075,0.034496,0.038574,0.069883,0.17676,0.021508,0.10197,0.057572,0.067406,0.014732,0.03985,0.090145,0.082903,0.064451,0.11158,0.030074,0.11895,0.047795,0.081409,0.071915,0.020327,0.11021,0.17354,0.031999,0.02056,0.023667,0.07152,0.054368,0.01433,0.044026,0.046297,0.21051,0.55099
2343,0.11158,0.093222,0.010514,2.7986,0.053606,0.074889,0.044888,0.078177,0.18519,0.058737,0.09037,0.13418,0.10683,0.05074,0.05103,0.05127,0.087369,0.058642,0.044734,0.03896,0.042217,0.08014,0.20169,0.028817,0.13943,0.05054,0.065412,0.015814,0.044043,0.078137,0.10053,0.07429,0.13162,0.031379,0.1075,0.05347,0.08053,0.081442,0.025524,0.10747,0.20016,0.034084,0.021478,0.021267,0.071679,0.051786,0.015031,0.040184,0.048266,0.20892,0.55519
2344,0.08562,0.085323,0.016085,0.1977,0.058947,0.061481,0.061451,0.084474,0.1266,0.055711,0.039679,0.278,0.2345,0.038151,0.052797,0.063829,0.065565,0.042588,0.031318,0.037241,0.043533,0.092702,0.33374,0.034434,0.40879,0.058145,0.045887,0.035575,0.084327,0.070499,0.27648,0.098239,0.43295,0.035576,0.069574,0.056632,0.087575,0.083916,0.031204,0.13642,0.61122,0.039254,0.020475,0.021706,0.090608,0.048111,0.02629,0.025649,0.06355,0.2495,0.64736
2345,0.088902,0.089468,0.017997,0.16618,0.069151,0.056516,0.074636,0.090999,0.13306,0.053602,0.040879,0.45304,0.68526,0.039207,0.055047,0.065685,0.069612,0.040994,0.039551,0.03537,0.041922,0.094392,0.36509,0.045995,0.54229,0.059549,0.047486,0.069524,0.081603,0.074727,0.29034,0.13514,0.45903,0.039614,0.077599,0.06376,0.092946,0.073473,0.034154,0.12391,0.53259,0.036488,0.022511,0.026869,0.099935,0.045577,0.030642,0.029033,0.069928,0.25983,0.60322
2346,0.14644,0.13963,0.062448,0.32143,0.065083,0.057772,0.096082,0.07203,0.11661,0.088674,0.063509,-0.79841,0.5014,0.05137,0.056299,0.058449,0.10598,0.036565,0.076748,0.034696,0.038214,0.09745,1.235,0.046267,-0.85754,0.05443,0.079238,0.12996,0.047578,0.078977,0.28617,0.69886,0.19544,0.0493,0.081992,0.24837,0.12632,0.043911,0.13956,0.088913,0.3422,0.030916,0.039589,0.033566,0.12107,0.050974,0.029623,0.041597,0.099871,0.23714,0.50697
2347,0.1662,0.13596,0.077654,0.2975,0.07014,0.054546,0.10429,0.06971,0.10477,0.092697,0.063135,0.46742,0.77758,0.055202,0.05758,0.061722,0.14373,0.036921,0.083496,0.032179,0.036447,0.063672,0.87376,0.050154,0.67389,0.051368,0.080411,0.055683,0.051123,0.082866,0.42964,0.44304,0.21413,0.060477,0.082711,0.14112,0.12421,0.040976,0.05303,0.090942,0.24241,0.031022,0.035824,0.039133,0.13926,0.050818,0.02804,0.043193,0.13248,0.21255,0.49677
2348,0.17178,0.10145,0.029834,0.19148,0.10356,0.047605,0.10682,0.095123,0.13783,0.063159,0.084017,0.09186,-0.6606,0.058921,0.057728,0.066501,0.26582,0.054178,0.11438,0.030182,0.03613,0.032318,0.20654,0.038276,0.082694,0.046033,0.063685,0.024925,0.066503,0.14677,0.21885,0.13144,0.21957,0.071466,0.15193,0.045105,0.090946,0.042368,0.016436,0.10376,0.11357,0.031021,0.026674,0.10185,0.13678,0.04497,0.016003,0.06549,0.10073,0.19274,0.49053
2349,0.22,0.11495,0.03006,0.14076,0.16338,0.054558,0.10544,0.11348,0.11032,0.04918,0.093705,0.065414,3.321,0.051569,0.048157,0.073331,1.3609,0.053346,0.11896,0.030817,0.031976,0.030749,0.20093,0.02203,0.072317,0.056215,0.067599,0.017755,0.053564,0.14577,0.17315,0.11863,0.24181,0.06879,0.16268,0.039133,0.092464,0.048822,0.024756,0.10571,0.10608,0.028927,0.025639,0.16215,0.1289,0.050414,0.013378,0.075468,0.12322,0.18056,0.44402
2350,0.21834,0.11386,0.022673,0.099199,0.5065,0.085811,0.090707,0.11286,0.063315,0.036151,0.053855,0.03887,0.16232,0.038202,0.041457,0.11149,-0.32256,0.039579,0.052233,0.029216,0.029243,0.037921,0.25756,0.018187,0.079938,0.11956,0.071058,0.0096715,0.046708,0.091069,0.30456,0.087053,5.0314,0.067973,0.078608,0.032066,0.11265,0.073024,0.035604,0.10778,0.15478,0.026231,0.018515,0.063947,0.13414,0.066537,0.012678,0.0426,0.68155,0.15366,0.40502
2351,0.18454,0.10363,0.018283,0.082829,3.308,0.081054,0.082015,0.11251,0.057572,0.032731,0.046995,0.040174,0.097592,0.035818,0.043491,0.10612,-0.37899,0.036792,0.046102,0.029694,0.035574,0.036372,0.2697,0.014901,0.088889,0.12116,0.052961,0.0071608,0.047372,0.074237,0.19647,0.081257,1.9594,0.074405,0.073842,0.031442,0.097476,0.10324,0.025164,0.1201,0.16359,0.026141,0.01826,0.10768,0.11639,0.070728,0.01141,0.04042,0.3937,0.14838,0.40236
2352,0.20725,0.14433,0.025616,0.064873,-0.33846,0.068074,0.071675,0.12441,0.059502,0.03085,0.058385,0.07958,0.060691,0.028774,0.041856,0.066869,0.77811,0.032552,0.046363,0.030805,0.042231,0.041818,0.48946,0.014211,0.19223,0.090715,0.039115,0.0095151,0.040302,0.053178,0.086261,0.10273,0.26625,0.064683,0.10188,0.056439,0.078469,0.22839,0.02732,0.13949,0.18377,0.025683,0.021811,-0.14297,0.084086,0.08532,0.011829,0.044858,0.12756,0.16208,0.37353
2353,0.24317,0.12386,0.041789,0.054385,-1.0193,0.058904,0.052998,0.12813,0.060067,0.031476,0.055788,0.084699,0.053318,0.026189,0.037983,0.074335,0.59285,0.030046,0.079191,0.034904,0.035357,0.04378,0.56005,0.014669,0.18201,0.17241,0.037835,0.0114,0.029472,0.051413,0.069402,0.092723,0.11685,0.05417,0.10893,0.048001,0.079004,0.57604,0.034561,0.15208,0.14101,0.025203,0.020298,-0.0925,0.08214,0.075102,0.013527,0.04852,0.10208,0.16073,0.35891
2354,0.16845,0.070026,0.17115,0.052496,0.17314,0.040705,0.038782,0.10348,0.066117,0.040858,0.039498,0.11154,0.049301,0.033625,0.038701,0.11237,0.26579,0.031677,-0.078575,0.061133,0.034594,0.032504,0.36433,0.016,0.09246,-6.0126,0.035624,0.013919,0.024505,0.05312,0.062531,0.068335,0.059393,0.048762,0.10675,0.027913,0.072086,1.1067,0.023439,0.20572,0.091161,0.031015,0.018822,-0.053681,0.084194,0.047717,0.020226,0.061728,0.061745,0.15326,0.40388
2355,0.20883,0.061351,-0.22371,0.049967,0.061483,0.052956,0.037402,0.097368,0.065963,0.045645,0.039914,0.1445,0.047606,0.036724,0.038032,0.094608,0.20238,0.032477,0.64503,0.064392,0.033302,0.029861,0.2532,0.023132,0.10214,0.29482,0.037294,0.015223,0.022625,0.062602,0.054687,0.068344,0.054089,0.051806,0.10756,0.026918,0.072241,-0.72276,0.022877,0.23309,0.078566,0.032126,0.019745,-0.083921,0.082008,0.043106,0.020157,0.045422,0.064586,0.15646,0.42086
2356,-1.4533,0.058861,-0.040936,0.044535,0.030132,0.11532,0.039057,0.12096,0.060569,0.043643,0.051819,0.073453,0.059079,0.039627,0.030056,0.081886,0.55682,0.0338,0.031266,0.052673,0.025459,0.038906,0.15689,0.0206,0.15262,0.13348,0.041731,0.010975,0.016593,0.17673,0.046988,0.085922,0.048636,0.051291,0.11197,0.02291,0.11837,-0.24788,0.057559,0.21182,0.067424,0.025799,0.019675,0.058249,0.09527,0.044141,0.016953,0.03262,0.16376,0.17453,0.37311
2357,-0.67807,0.05049,-0.10554,0.047805,0.030226,0.1511,0.038373,0.10869,0.061844,0.053054,0.052761,0.073692,0.056198,0.042986,0.031896,0.070893,0.35957,0.033367,0.024977,0.045693,0.02173,0.036332,0.1554,0.014414,0.15153,0.26634,0.04856,0.0087952,0.015525,0.21366,0.044244,0.085027,0.049313,0.055201,0.089334,0.026492,0.11655,-0.18665,0.077155,0.14168,0.066544,0.023032,0.020409,0.038355,0.092521,0.04613,0.016819,0.030284,0.19736,0.1575,0.39233
2358,-3.008,0.042562,0.035775,0.06226,0.030474,1.2138,0.040503,0.07569,0.070952,0.084821,0.047254,0.12225,0.05055,0.040339,0.054845,0.045989,0.13349,0.027253,0.013731,0.030675,0.018412,0.024092,0.17334,0.013901,0.28493,0.11208,0.063343,0.0084313,0.01956,0.10995,0.041495,0.072043,0.080381,0.10883,0.056413,0.053249,0.067537,-0.15465,0.027933,0.079091,0.073335,0.022468,0.024064,0.029555,0.072509,0.048386,0.012136,0.020669,0.1765,0.13324,0.5379
2359,0.70979,0.04303,0.028545,0.07328,0.029797,0.27906,0.038608,0.06815,0.071576,0.078598,0.066261,0.11564,0.049717,0.04307,0.063638,0.039427,0.10157,0.023236,0.012992,0.035088,0.018692,0.023339,0.19388,0.011851,0.17396,0.077861,0.056573,0.0089638,0.023417,0.1013,0.041997,0.083723,0.072527,0.14454,0.066695,0.080712,0.070383,-0.16283,0.019503,0.098232,0.064876,0.020354,0.024828,0.021492,0.07658,0.039339,0.011853,0.022968,0.15321,0.117,0.52642
2360,0.14191,0.044968,0.022971,0.10549,0.076285,0.05317,0.032514,0.061006,0.063024,0.054466,0.24992,0.084346,0.040863,0.050405,0.062229,0.039339,0.06685,0.022315,0.030694,0.053773,0.018467,0.025581,0.43884,0.010691,0.064155,0.23736,0.0808,0.011325,0.030597,0.069099,0.056202,0.12818,0.046312,0.089177,0.12558,0.12162,0.089521,-1.3604,0.021172,0.21354,0.055303,0.017155,0.023429,0.017859,0.098694,0.029459,0.019936,0.078665,0.080426,0.090095,0.41879
2361,0.15715,0.051212,0.025043,0.12246,0.087305,0.051043,0.030303,0.0615,0.075936,0.056862,0.18123,0.066325,0.03874,0.056423,0.059831,0.040506,0.075058,0.025412,0.043466,0.048734,0.016313,0.029771,0.56555,0.013039,0.054045,-0.25482,0.080442,0.012106,0.031664,0.063748,0.053623,0.12306,0.046142,0.069057,0.14183,0.11623,0.10264,-0.58662,0.016982,0.29753,0.050803,0.01663,0.023618,0.013657,0.098549,0.029848,0.02733,0.063766,0.057549,0.086344,0.42876
2362,0.42959,0.086836,0.31674,0.12161,0.034787,0.058309,0.029496,0.073332,0.11931,0.056138,0.12019,0.046123,0.048137,0.086364,0.04785,0.040795,0.17793,0.044133,0.048119,0.037807,0.023262,0.075157,0.31113,0.012664,0.047167,0.46772,0.034369,0.011489,0.031759,0.092549,0.040409,0.15715,0.047311,0.060283,0.48595,0.063005,0.23816,-0.12051,0.012062,-0.25944,0.040802,0.016807,0.023957,0.010575,0.10949,0.033664,0.033013,0.026698,0.047982,0.095289,0.45402
2363,0.63592,0.11328,-0.31791,0.088787,0.049853,0.051502,0.027266,0.096004,0.11795,0.055821,0.12901,0.046342,0.044403,0.081963,0.03319,0.041155,0.13865,0.041337,0.042521,0.0321,0.025527,0.061907,0.26496,0.0092056,0.050695,0.10938,0.033091,0.011542,0.033843,0.094553,0.050322,0.11421,0.054423,0.053413,-1.069,0.088664,0.21406,-0.11995,0.014224,-0.29628,0.055194,0.017392,0.025729,0.010283,0.10438,0.032516,0.02373,0.021646,0.040708,0.095046,0.39491
2364,-0.39718,0.14867,0.63373,0.048158,0.10756,0.057656,0.023401,0.28779,0.17782,0.091378,0.051513,0.053205,0.033462,0.051236,0.023104,0.063965,0.13691,0.028647,0.023196,0.025744,0.018231,0.031385,0.24126,0.0089667,0.072906,0.25492,0.045045,0.010393,0.024716,0.068096,0.099374,0.047344,0.10348,0.041175,0.21344,0.32853,0.092156,-0.086113,0.016966,0.13417,0.19148,0.022077,0.033984,0.01362,0.071147,0.036285,0.014696,0.014033,0.036125,0.098982,0.33522
2365,-0.49797,0.096346,0.075079,0.062934,-1.2038,0.056141,0.024073,0.18913,0.11752,0.10536,0.035711,0.047965,0.036446,0.047075,0.021631,0.041685,0.14142,0.029463,0.023082,0.022174,0.01985,0.025295,0.18667,0.010621,0.092595,-0.89925,0.043662,0.0077476,0.024055,0.067031,0.099562,0.043164,0.24278,0.038178,0.087741,0.44025,0.076028,-0.14536,0.015706,0.075606,1.2033,0.022155,0.028177,0.015913,0.072703,0.04365,0.010446,0.0158,0.030009,0.10402,0.4087
2366,0.19263,0.042646,0.014562,0.083113,-0.042037,0.041263,0.03092,0.079563,0.044389,0.062595,0.048789,0.049602,0.04148,0.0432,0.0188,0.019471,0.060654,0.02472,0.025644,0.019302,0.023018,0.017258,0.13484,0.010919,0.24239,0.10632,0.056458,0.0064482,0.032897,0.0792,0.15212,0.057314,-0.3269,0.041509,0.069971,-0.18512,0.056675,0.073675,0.017564,0.05014,-0.15027,0.018981,0.020296,0.018287,0.097853,0.043605,0.0080301,0.025719,0.022277,0.10553,0.57696
2367,0.18382,0.071849,0.028339,0.22582,-0.34755,0.031677,0.038843,0.062044,0.040163,0.043895,0.047228,0.048639,0.05553,0.033882,0.022525,0.017955,0.085386,0.027158,0.037218,0.023843,0.019705,0.014104,0.13421,0.011275,0.29022,-1.0496,0.065249,0.0062997,0.028922,0.045795,0.12257,0.041304,0.13248,0.039336,0.061674,0.052262,0.047933,0.054002,0.025558,0.076008,-0.23996,0.017569,0.016055,0.020133,0.12335,0.057459,0.012706,0.026074,0.022752,0.10668,0.55622
2368,0.11858,0.072415,-0.032746,0.20254,0.25392,0.035098,0.041752,0.06099,0.049838,0.054319,0.03557,0.040454,0.057355,0.034694,0.02745,0.017709,0.15517,0.037368,-0.071199,0.02755,0.017547,0.013705,0.093446,0.008576,0.096139,-0.059624,0.033982,0.0049786,0.02696,0.046104,0.076846,0.049007,1.1013,0.029391,0.039525,0.029792,0.066343,0.074366,0.019527,0.082153,0.64894,0.016151,0.013663,0.015142,0.12659,0.054512,0.011747,0.065901,0.024593,0.10749,0.89791
2369,0.12958,0.033896,-0.056179,0.083645,0.2201,0.030364,0.027242,0.14939,0.084806,0.06358,0.04238,0.03107,0.073126,0.044768,0.018262,0.022425,0.068684,0.028167,-0.1231,0.031259,0.014536,0.012578,0.076598,0.0095056,0.094548,-0.1221,0.022124,0.0048384,0.029414,0.031842,0.048595,0.08152,-0.68874,0.027947,0.036005,-0.27705,0.071792,0.17046,0.0079142,0.14241,0.085625,0.017398,0.015145,0.014505,0.077764,0.029488,0.016536,0.067598,0.030952,0.089826,0.49718
2370,0.34873,0.061343,-0.027143,0.064433,0.15085,0.028249,0.02337,-0.32927,0.23313,0.051954,0.04137,0.036542,0.061091,0.040849,0.018656,0.044846,0.040785,0.020332,0.092932,0.039238,0.012623,0.01281,0.10973,0.012908,0.052368,-0.75629,0.018102,0.0063694,0.037499,0.027645,0.055593,0.1085,0.43649,0.027165,0.038964,-0.089295,0.050791,-0.43253,0.005857,-0.28039,0.071965,0.017682,0.012946,0.011928,0.074003,0.02091,0.021519,0.051876,0.081674,0.078741,0.35534
2371,0.26871,0.11298,-0.038467,0.049604,-0.062458,0.048219,0.025052,-0.19368,0.64539,0.059805,0.024868,0.040161,0.068259,0.029339,0.019769,0.044241,0.038286,0.016757,-0.096584,0.033877,0.016602,0.018431,0.13161,0.013163,0.043603,-0.21637,0.018709,0.0075196,0.057485,0.034812,0.057252,0.17429,-0.31996,0.02468,0.038522,0.17858,0.047708,0.15512,0.0052333,0.41927,0.071042,0.013154,0.012066,0.0066762,0.070671,0.026675,0.008561,0.20394,0.055068,0.083171,0.37376
2372,0.34002,0.054426,0.023587,0.093577,-0.04541,0.25066,0.027808,-0.31589,-0.80012,0.076953,0.023291,0.028735,12.046,0.036623,0.019576,0.036086,0.02822,0.015297,0.064357,0.030377,0.023331,0.025126,0.1544,0.015813,0.0701,-0.1851,0.025631,0.00806,0.040168,0.034242,0.035187,0.23265,0.22037,0.032458,0.042231,-0.1131,0.062091,0.11095,0.0057136,0.15902,0.079473,0.012365,0.013842,0.0061818,0.069454,0.033761,0.0082072,0.041688,0.039439,0.10365,0.511
2373,1.6631,0.063343,0.023606,0.44419,-0.079719,0.044649,0.033609,0.16798,0.84173,0.069673,0.025752,0.030149,0.10909,0.045203,0.028343,0.033046,0.021167,0.019386,0.028459,0.029597,0.028613,0.01724,0.71889,0.020497,0.10926,-0.16173,0.040818,0.0097863,0.02706,0.037409,0.042172,0.15806,0.10333,0.044918,0.046313,-0.075645,0.071223,0.041474,0.0079983,0.34435,0.48163,0.017029,0.015911,0.010032,0.075217,0.035906,0.012732,0.010621,0.040857,0.16137,1.0232
2374,0.82513,0.064384,0.034197,0.19704,-0.40401,0.041049,0.031068,0.072101,0.19331,0.047261,0.020827,0.075796,0.039013,0.030983,0.029542,0.024817,0.026873,0.01813,0.1362,0.028063,0.022826,0.014981,0.76116,0.01862,0.20532,0.22061,0.046989,0.0086376,0.028696,0.041071,0.06665,0.059928,0.19928,0.040774,0.039927,-0.098569,0.11705,0.025518,0.010426,0.10084,-1.0406,0.018806,0.020206,0.0143,0.065575,0.03981,0.011629,0.0079705,0.024393,0.22869,0.67455
2375,0.47832,0.03318,0.0167,0.071505,0.027846,0.076343,0.028569,0.053748,0.21439,0.054525,0.023247,0.19628,0.041264,0.032909,0.032738,0.032619,0.039736,0.015357,0.075193,0.036001,0.01482,0.015807,0.25334,0.018495,-0.24334,-0.29104,0.044855,0.011439,0.05901,0.031738,0.12157,0.05923,0.090141,0.039989,0.049752,0.066758,-0.16884,0.063799,0.012092,0.1698,0.93515,0.021008,0.026088,0.02132,0.097048,0.033629,0.012652,0.0095578,0.022067,0.17805,0.46247
2376,0.2094,0.021314,0.010025,0.051629,0.02284,0.02782,0.02979,0.053665,0.15737,0.046738,0.021637,0.53491,0.050113,0.070846,0.031082,0.040541,0.048557,0.018553,0.020223,0.028304,0.012057,0.016529,0.29346,0.023901,-0.10777,-0.07205,0.062804,0.01658,-0.67694,0.029833,0.47583,0.11034,0.080467,0.035365,0.041344,0.10135,-0.59327,0.066523,0.015375,0.30914,0.15568,0.04389,0.023996,0.020415,0.1282,0.039437,0.012003,0.0096548,0.024308,0.12882,0.4511
2377,0.14221,0.022694,0.012569,0.047962,0.028609,0.02059,0.024154,0.091354,0.12157,0.046228,0.021942,-0.29612,0.061206,0.082114,0.021651,0.02347,0.29325,0.020714,0.017815,0.021449,0.012174,0.022019,0.17777,0.022893,-0.3184,-0.21646,-0.89444,0.014463,-0.06268,0.024943,0.095837,0.053456,0.14442,0.048315,0.046237,-0.13058,0.087454,0.04202,0.024813,0.10644,0.11696,0.033392,0.020123,0.013429,0.068438,0.040038,0.0052024,0.012612,0.02439,0.099061,0.37658
2378,0.12129,0.026509,0.018348,0.04972,0.029814,0.030791,0.021924,0.12523,0.15688,0.82802,0.026566,0.17343,0.10228,0.086384,0.023636,0.020544,0.15977,0.019469,0.012644,0.024886,0.016287,0.028118,0.13922,0.014461,-0.41249,-0.044117,-0.098673,0.016355,-0.042407,0.022491,0.33723,0.037735,0.074019,0.25521,0.091805,0.066687,0.16508,2.031,-0.28841,0.12697,0.11591,0.026473,0.020757,0.012554,0.065588,0.033521,0.0043017,0.016785,0.034511,0.10593,0.4164
2379,0.086082,0.022258,0.014229,0.075745,-0.097672,0.052202,0.016664,0.092678,0.097826,0.14644,0.02027,0.18266,0.063962,0.033543,0.019659,0.024786,0.065101,0.013377,0.011419,0.013375,0.021513,0.01345,0.14692,0.01222,0.14153,-0.1805,0.14552,0.0097611,0.036141,0.03521,0.063143,0.057832,0.069253,0.066837,0.037751,-0.38662,0.052797,0.033213,0.016023,0.076221,0.41722,0.019117,0.01525,0.035361,0.056041,0.028931,0.010354,0.01579,0.036434,0.47394,0.5112
2380,0.077278,0.026526,0.013761,0.090691,-0.040728,0.039974,0.015119,0.082552,0.075842,0.08936,0.026652,0.2025,0.048369,0.032064,0.01908,0.024137,0.047682,0.01406,0.010787,0.013568,0.022682,0.012129,0.14908,0.010599,0.077789,0.19023,0.067972,0.0075295,0.02425,0.040194,0.047081,0.05176,0.09789,0.065496,0.03009,-0.13745,0.037743,0.022782,0.016168,0.065814,0.40173,0.01762,0.014846,-0.13232,0.04563,0.02682,0.012786,0.01749,0.035343,13.431,0.60663
2381,0.050536,0.056574,0.011405,0.080742,0.17043,0.029922,0.022278,0.042841,0.056702,0.0288,-0.23185,-0.47371,0.037081,0.065875,0.037171,0.035555,0.036619,0.021891,0.011145,0.019172,0.019986,0.020591,0.099148,0.010705,0.091304,0.12956,0.024773,0.0084782,0.045938,0.050535,0.096497,0.05963,0.10689,0.042499,0.027281,0.029473,0.045388,0.0249,0.012415,0.072738,0.078318,0.01339,0.013454,-0.041023,0.052062,0.031563,0.010861,0.074803,0.025239,-0.75653,0.43233
2382,0.044432,0.076663,0.012253,0.11525,0.097154,0.026065,0.029688,0.040278,0.046622,0.025985,-0.090218,-1.362,0.045069,0.056712,0.043316,0.050521,0.033879,0.018987,0.012602,0.023379,0.018244,0.024143,0.099897,0.015233,0.067223,0.07604,0.020385,0.0080127,0.039898,0.054579,0.078549,0.07029,0.077659,0.030256,0.026781,0.019038,0.048265,0.023788,0.01099,0.064378,0.055538,0.012173,0.011657,-0.40575,0.062602,0.040012,0.019402,0.19866,0.024076,-0.92699,0.35281
2383,0.082602,0.097842,0.025406,-0.78547,0.093803,0.013726,0.041433,0.075558,0.044132,0.050611,-0.16984,0.075029,0.12885,0.031283,0.025741,0.030858,0.024908,0.014556,0.020305,0.026774,0.018856,0.018277,0.30527,0.017442,0.036288,0.066972,0.035236,0.0056816,0.13076,0.031895,0.037034,0.04059,0.073515,0.02934,0.040534,0.03073,0.0365,0.021428,0.019209,0.048072,0.039856,0.010156,0.012832,0.0099952,0.058214,0.09556,0.032839,0.44241,0.029719,0.13308,0.32053
2384,0.12261,0.1663,0.051835,-0.33076,0.10128,0.011611,0.037355,0.080782,0.044362,0.074917,-0.085958,0.055767,0.13516,0.038481,0.024605,0.022262,0.025132,0.014062,0.081338,0.032773,0.019299,0.020894,0.5015,0.017571,0.035756,0.046766,0.033213,0.0049811,-0.37777,0.025249,0.034004,0.035472,0.069611,0.027976,0.054562,0.026789,0.036556,0.024966,0.014847,0.04703,0.034145,0.0093198,0.01308,0.0077826,0.055211,0.12786,0.027331,0.029952,0.030031,0.097991,0.35362
2385,0.11245,0.075875,0.043491,2.8391,-0.042825,0.01305,0.021973,0.05683,0.036975,0.55394,0.094997,0.046008,0.14697,0.059558,0.019641,0.022154,0.14636,0.01079,-0.017202,0.046785,0.016233,0.037892,0.38009,0.019309,0.048513,0.023716,0.028534,0.0058618,0.066729,0.019972,0.032998,0.059559,0.036647,0.020168,0.056703,0.01812,0.074249,0.035477,0.010067,0.058569,0.04607,0.016652,0.011533,0.0076543,0.067327,0.090178,0.025582,0.0043555,0.029187,0.15677,0.53428
2386,0.14055,0.076778,0.06844,-0.45584,-0.047598,0.015484,0.021706,0.061444,0.0381,-0.26371,0.052228,0.046643,0.28256,0.051513,0.018057,0.023305,0.44923,0.0099734,-0.013598,0.048469,0.014132,0.02955,0.46542,0.021938,0.052223,0.027749,0.026376,0.0084307,0.03629,0.019145,0.028498,0.069447,0.032901,0.019295,0.12277,0.019126,0.074411,0.051718,0.010552,0.056962,0.051242,0.020526,0.011875,0.0075464,0.081801,0.076364,0.025968,0.0041477,0.031132,0.14688,0.57519
2387,0.13523,0.51362,-0.072258,-0.59567,0.05788,0.026837,0.020829,0.051991,0.11061,0.18627,-0.5715,0.21077,0.10041,0.08917,0.023181,0.017315,0.069677,0.011117,-0.043726,0.058362,0.010847,0.018216,0.14267,0.023092,0.065639,0.052918,0.015458,0.013843,0.034682,0.021076,0.03526,0.047192,0.094606,0.034699,-0.11529,0.021662,0.043407,-0.38772,0.0072509,0.057043,0.050954,0.019234,0.016449,0.010195,0.077195,0.033877,0.012742,0.0068559,0.031398,0.13875,0.74061
2388,0.14112,2.1232,-0.1267,0.9317,0.052713,0.03766,0.020954,0.054725,0.13836,0.10659,-0.29982,-0.71486,0.059538,0.15687,0.021217,0.015857,0.083755,0.011968,0.20009,0.053783,0.011343,0.023129,0.12538,0.024848,0.13602,0.062196,0.015951,0.014049,0.027763,0.021943,0.036925,0.041413,0.12559,0.037632,-0.10138,0.022175,0.041285,-0.13894,0.0062578,0.069367,0.044561,0.021448,0.015176,0.013718,0.079559,0.031685,0.010551,0.0073159,0.033515,0.14406,0.84565
2389,0.26705,0.14813,0.039073,-6.7221,0.049141,0.049194,0.042587,0.15124,0.056579,0.061926,0.041972,10.002,0.061404,0.04663,0.013643,0.020021,0.04997,0.015653,0.0082274,0.024132,0.021238,0.025831,-0.63515,0.026563,-2184.1,-0.42921,0.021113,0.0081486,0.017223,0.033131,0.023687,0.034288,0.054309,0.025464,-0.11076,0.023233,0.035098,0.10275,0.0055017,0.060898,0.025349,0.01324,0.011695,0.014371,0.12074,0.053958,0.040968,0.016881,0.041447,0.11667,0.34097
2390,0.56989,0.14752,0.02861,-0.73243,0.044304,0.048957,0.073712,-1.193,0.068243,0.060845,0.035969,-1.1283,0.050983,0.032425,0.011185,0.021824,0.035672,0.018268,0.0059306,0.023534,0.022478,0.024155,-7.4551,0.0246,-0.33527,-0.19394,0.019056,0.0054812,0.016158,0.036824,0.023385,0.035959,0.054515,0.023699,-0.078786,0.036521,0.032604,0.090162,0.0041676,0.066564,0.024413,0.011134,0.01284,0.012726,0.13591,0.055736,0.064015,0.033437,0.043511,0.091426,0.33335
2391,-0.59273,1.1913,0.021927,0.19505,-0.034674,0.02055,0.051053,-0.10398,0.072506,0.13341,0.053977,-0.2053,0.021342,0.028445,0.0094037,0.0282,0.037589,0.025369,0.0057788,0.032475,0.017004,-0.10024,0.12984,0.019253,-0.083383,0.031576,0.024422,0.0040879,0.019551,0.024638,0.031005,0.039778,0.050092,0.019578,-0.14126,0.23341,0.042684,0.075687,0.0049073,0.18713,0.051211,0.015638,0.010834,0.011945,0.15764,0.035893,0.020224,0.011068,0.038796,0.080523,6.7519
2392,0.93745,0.20276,0.0091805,0.10819,-0.022086,0.018154,0.050891,-0.075712,0.065949,0.080636,0.061709,0.18159,0.020776,0.030241,0.0084785,0.034839,0.039347,0.03477,0.0053377,0.031226,0.020382,-0.050319,0.093411,0.014682,-0.066264,0.026202,0.027266,0.0066468,0.018726,0.022749,0.033732,0.043093,0.04476,0.018689,0.29569,-0.066033,0.06038,0.081198,0.0062308,0.43112,0.062431,0.017744,0.0093804,0.011322,0.097476,0.035087,0.026658,0.0075593,0.030132,0.076238,1.7678
2393,0.1108,0.051521,0.0060984,0.062682,-0.037197,0.024529,0.052766,-0.094107,0.16563,0.037394,-3.0804,0.034247,0.062512,0.03509,0.0089562,0.031908,0.033926,0.021064,0.0095197,0.023639,0.020906,0.038512,0.052279,0.012786,-0.71792,0.0847,0.014444,0.019733,0.020488,0.021892,0.04578,0.096697,0.060334,0.021443,0.066024,-0.011078,0.12455,-0.51047,0.0063689,0.255,0.10452,0.018956,0.011323,0.0070268,0.043111,0.035331,0.030851,0.011045,0.023526,0.064983,0.34948
2394,0.082336,0.046772,0.010332,0.27993,-0.069209,0.026193,0.050469,-0.077236,1.1654,0.035799,-0.25351,0.027871,0.068694,0.034542,0.0086095,0.034019,0.028456,0.019101,0.012489,0.019348,0.029671,0.026546,0.046205,0.010965,-0.92311,0.15073,0.013345,0.021712,0.020554,0.022122,0.049813,0.13793,0.086003,0.023285,0.042609,-0.0089931,0.095037,-0.077958,0.0066546,0.23879,0.14074,0.017953,0.012135,0.0060587,0.038681,0.032262,0.017116,0.014012,0.02716,0.056589,0.27531
2395,0.058254,0.037492,0.020104,-0.024872,0.06824,0.070458,0.048307,-0.058953,0.37255,0.024906,0.097263,0.018984,0.048532,0.070775,0.0086958,0.039888,0.032473,0.031581,0.010907,0.023161,-0.3386,0.018839,0.060548,0.010014,-0.087441,-0.069509,0.01622,0.027033,0.016422,0.025998,0.02726,0.097785,0.089299,0.021272,0.021855,-0.020177,0.050729,-0.034977,0.0059877,0.11876,0.049702,0.012753,0.012806,0.0080811,0.043891,0.056601,0.0092037,0.01555,0.044204,0.052877,0.14713
2396,0.049828,0.035707,0.022152,-0.031564,0.044596,0.11776,0.039752,-0.067383,0.1892,0.024734,0.06581,0.021856,0.06026,0.071569,0.010748,0.04274,0.032655,0.037799,0.015028,0.023013,-0.19279,0.018501,0.072819,0.0088706,-0.085524,-0.065622,0.018955,0.026617,0.012811,0.031162,0.027364,0.090677,0.10462,0.022112,0.019054,-0.041485,0.050216,-0.038832,0.0058817,0.11438,0.031026,0.012106,0.016825,0.01012,0.041186,0.057104,0.0096037,0.018104,0.03719,0.053474,0.12682
2397,0.049531,0.10191,0.036348,-0.099234,0.020982,0.050922,0.031178,-0.1408,0.15853,-4.2974,0.063911,-0.07251,0.033037,0.020226,0.01418,0.058679,0.021005,0.036804,0.03829,0.01998,0.032264,0.033128,0.092813,0.0087768,-0.086516,0.037319,0.034942,0.0069651,0.0081102,0.043419,0.042677,0.056393,-11.035,0.031295,0.027925,0.036878,0.034435,-0.068296,0.0065473,0.19187,0.018666,0.010566,0.019951,0.02211,0.053494,0.030182,0.012794,0.013029,0.019413,0.055414,0.17762
2398,0.049763,0.40468,0.098708,-0.15055,0.027669,0.030887,0.023794,-0.16326,0.1875,7.0901,0.046279,-0.061505,0.027804,0.017402,0.017065,0.053261,0.020206,0.028594,0.061575,0.022624,0.024223,0.037113,0.16387,0.010156,-0.10959,0.022036,0.046097,0.0049259,0.0088414,0.046094,0.052315,0.040671,-0.37868,0.04354,0.03539,0.018503,0.031895,-0.62909,0.0060095,0.19187,0.020645,0.011632,0.020898,0.01826,0.055956,0.02609,0.015349,0.013965,0.018085,0.056189,0.20512
2399,0.046708,0.11486,0.042626,0.11811,-0.051361,0.016239,0.017234,-0.38133,0.069043,0.041324,0.027701,0.033579,0.049357,0.018583,0.021716,0.031046,0.029788,0.018073,-0.029501,0.019853,0.027394,0.113,-0.21066,0.0099607,0.13862,0.018904,0.040013,0.0043883,0.012095,0.049154,-0.34795,0.031241,-2.3878,0.071986,0.041438,0.015118,0.073043,0.026371,0.0056545,0.15498,0.026794,0.044666,0.023887,0.0089022,0.032459,0.020988,0.19555,0.041037,0.019227,0.066241,0.22183
2400,0.047144,0.15957,0.055917,0.11152,-0.029501,0.015395,0.020358,-5.0172,0.065394,0.029663,0.036591,0.043255,0.054559,0.024161,0.021384,0.020998,0.02653,0.019732,-0.017026,0.013813,0.031534,0.078932,-0.14048,0.0096854,0.11835,0.030304,0.052206,0.0045206,0.013703,0.039215,-0.35513,0.031359,0.19411,0.069545,0.055551,0.016418,0.066633,0.018509,0.0060134,0.21496,0.026637,0.40873,0.022442,0.010632,0.030821,0.017344,0.089354,0.034219,0.019076,0.065922,0.25624
2401,0.058811,-0.13121,-0.036635,-0.26024,-0.024067,0.014865,0.034522,-0.12562,-0.33982,0.019647,8.1646,0.11897,0.028556,0.069164,0.014966,0.014955,0.016806,0.022825,0.035219,0.014605,0.059369,0.013074,-0.24787,0.0094301,-0.1229,-0.043595,0.059312,0.0083757,0.028422,0.018552,0.04371,0.031172,0.052669,0.044458,0.07699,0.030358,0.030071,0.022304,0.0079999,0.38694,0.064612,-0.044822,0.0219,0.012268,0.042558,0.016369,-0.00015724,0.019933,0.15695,0.051582,0.35319
2402,0.066867,-0.094042,-0.02314,-0.2045,-0.019329,0.016661,0.045841,-0.082514,-0.2902,0.020335,0.19599,0.19573,0.024963,0.084899,0.016077,0.0172,0.015715,0.025314,0.016815,0.015773,0.12654,0.011854,-0.2567,0.0077286,-0.1311,-0.051464,0.059219,0.011672,0.032552,0.016603,0.029452,0.035217,0.037569,0.032729,0.078651,0.039029,0.02753,0.021737,0.0059922,0.63838,0.26135,-0.045047,0.020221,0.0087754,0.043236,0.014446,-8.7816e-05,0.010787,0.85629,0.051324,0.38841
2403,0.082014,-0.062073,-0.032868,0.74302,-0.032565,0.051743,-0.12057,-0.07389,0.093511,0.026469,0.038614,-0.034714,0.027664,0.06083,0.024782,0.025391,0.014739,0.068187,0.046349,0.011419,0.13485,0.015476,0.28779,0.007112,-0.74712,0.07808,0.094219,0.016645,0.015285,0.019529,0.023229,0.069748,0.026836,0.019018,0.054271,-0.071907,0.022253,0.020213,0.0037932,-0.3262,0.083396,0.034605,0.014036,0.010945,0.04035,0.013104,0.0091119,0.0026684,0.025357,0.053538,0.30038
2404,0.09855,-0.092013,-0.15256,0.36124,-0.86886,0.064948,-0.11881,-0.14249,0.11044,0.024972,0.041194,-0.028247,0.023989,0.062298,0.023207,0.03285,0.01551,0.075513,0.010602,0.011816,0.08839,0.023101,0.17807,0.007289,0.46902,0.03685,0.055233,0.011917,0.011557,0.018754,0.019891,0.078577,0.029933,0.01762,0.071839,-0.14485,0.018885,0.021794,0.0038863,-0.21082,0.075239,0.021677,0.013408,0.022187,0.04292,0.015693,0.010152,0.0016648,0.021304,0.061302,0.35289
2405,0.10763,0.053356,0.021923,0.091794,0.081537,0.028721,0.023528,0.18251,0.15909,0.024489,0.020428,-0.16389,0.016962,0.037928,0.016738,0.080207,0.025831,0.030097,0.0042641,0.012677,-0.12878,-0.035668,-1.3403,0.00792,0.045593,0.012307,0.024956,0.0059114,0.0082588,0.024155,0.019151,0.089464,0.10972,0.020232,-0.14085,0.01503,0.02077,0.029753,0.0047978,-0.29568,4.4989,0.016673,0.012493,0.016122,0.043667,0.01892,0.014334,0.0025737,0.018974,0.087467,0.64493
2406,0.14926,0.035264,0.01442,0.084122,0.043121,0.025929,0.019308,0.10569,0.26879,0.021457,0.018739,0.091558,0.018241,0.039399,0.018012,0.14276,0.040477,0.037047,0.0051225,0.011341,0.13863,-0.019618,1.6098,0.010673,0.037016,0.01035,0.018092,0.0061946,0.0088369,0.024904,0.018883,0.05458,0.12652,0.020097,-0.21017,0.013439,0.022837,0.034896,0.0061576,-8.5011,0.17363,0.017067,0.014851,0.020163,0.03982,0.019994,0.012077,0.00248,0.017222,0.11921,0.57559
2407,0.2342,0.020955,0.013161,-0.16148,0.015811,0.014882,0.0143,0.046342,-0.089138,0.015686,0.06539,0.056624,0.026914,0.058872,0.020254,0.041082,0.076211,0.034937,0.0067811,0.013454,0.014746,-0.027251,0.089746,0.010088,0.07483,0.017946,0.010637,0.007219,0.0069308,0.015201,0.017322,0.022617,0.048306,0.018954,0.12806,0.025055,0.02632,0.066808,0.01287,0.20159,0.021789,0.028123,0.061356,-0.033151,0.037776,0.028617,0.0042406,0.00065181,0.019092,0.60505,0.43096
2408,0.17164,0.019223,0.014049,-0.034187,0.020842,0.015816,0.016297,0.0424,-0.055037,0.017932,0.53421,0.037117,0.039245,0.069476,0.013159,0.079327,0.092321,0.025358,0.0060384,0.016809,0.011965,-0.045367,0.12664,0.0078962,0.085254,0.021353,0.012439,0.0065911,0.01338,0.024683,0.013719,0.02259,0.065585,0.018642,0.16342,0.013603,0.025786,0.40365,0.018898,0.11667,0.024066,0.019995,0.041563,-0.015292,0.031211,0.025663,0.0035217,0.0015376,0.016674,0.51763,0.38773
2409,0.15749,0.065025,0.057534,-0.049465,-0.039278,0.11591,0.095948,0.098385,-0.038493,0.021869,-0.73013,0.01901,0.19567,0.1678,0.01066,-0.040043,0.075155,0.031294,0.0086161,0.022049,0.014932,0.05383,1.9948,0.0095457,0.061692,0.017587,0.027828,0.002268,0.037193,0.3299,0.010938,0.022154,0.24499,0.022377,0.064631,0.0070842,0.026896,-0.65374,0.0055,0.059183,0.073122,0.010596,0.019883,-0.01827,0.021351,0.014571,0.0059393,0.0069087,0.016078,0.12915,0.23106
2410,0.07237,-1.5892,0.10121,-0.048386,-0.014468,0.15912,0.040539,0.31925,-0.041457,0.026966,-1.7769,0.025207,-0.7978,0.04694,0.012139,-0.025325,0.053964,0.028553,0.0083352,0.03126,0.012886,0.032903,-0.20514,0.017949,0.085809,0.021966,0.025676,0.00093549,0.040571,0.30042,0.011175,0.022648,0.10237,0.020473,0.062615,0.010264,0.031793,-0.86487,0.006053,0.044291,0.055356,0.0088317,0.016393,0.031973,0.024346,0.01116,0.0070781,0.010705,0.014907,0.11877,0.18637
2411,0.029119,-0.023655,0.062723,-0.091536,-0.0017389,0.034057,0.01328,-0.32662,-0.051839,0.10245,-0.96176,-0.10083,0.11226,0.015313,0.009786,-0.022508,0.024329,0.019047,0.0039109,0.061203,0.024881,0.023616,-0.05395,0.024374,0.28131,0.047065,0.042078,0.0023229,-0.076514,0.092647,0.012385,0.044721,0.39282,0.015936,-1.4149,0.014966,0.031425,-0.14774,0.90186,0.042948,0.096233,0.0086353,0.0071808,0.0053333,0.038693,0.008411,0.0073583,0.016716,0.0099177,0.098406,0.20545
2412,0.030317,-0.039327,-0.019,-0.14531,-0.00056405,0.040033,0.014692,-0.74558,-0.06012,0.095945,0.26028,-0.036899,0.12858,0.015255,0.0085959,-0.02221,0.017264,0.027843,0.0028695,0.41566,0.026981,0.029142,-0.055313,-0.031075,0.53417,0.055126,0.029617,0.00366,-0.028452,0.062631,0.014955,0.052702,0.074773,0.015914,0.155,0.017142,0.031795,-0.28166,0.017844,0.045868,0.03886,0.0077395,0.0065012,0.0043388,0.040927,0.0089732,0.0084579,0.016274,0.011708,0.065268,0.22864
2413,0.039599,0.060778,-0.011727,0.037143,-0.015498,0.086062,0.0098077,-0.8164,-0.62005,0.047371,0.034617,-0.022502,-0.12296,0.016128,0.011243,-0.045686,0.015622,-0.55352,0.0027203,-1.1716,0.013056,0.059869,-0.096742,-0.017515,-0.56219,0.049772,0.009731,0.0030146,-0.04042,0.011331,0.022424,0.038265,0.015349,0.014742,0.012688,-0.094706,0.04484,0.04557,0.0032728,0.052557,0.0098165,0.0060681,0.0099517,0.0028774,0.047062,0.013619,0.0075708,0.0074727,0.022192,0.045136,0.2211
2414,0.044802,0.047886,-0.0089016,0.041219,-0.15947,0.071541,0.010669,-0.30994,0.50298,0.030725,0.03496,-0.017427,0.10604,0.020878,0.011467,-0.1061,0.016302,0.25736,0.0026708,0.20818,0.012313,0.087814,-0.1265,0.045369,-0.20824,-0.59812,0.010257,0.0035877,-0.049969,0.011524,0.0219,0.029636,0.013678,0.016734,0.012136,-0.028112,0.047413,0.024421,0.0028821,0.042844,0.0087208,0.0052952,0.0084817,0.0026918,0.039357,0.019525,0.005859,0.0060142,0.023183,0.045803,0.2801
2415,0.071931,0.027609,-0.0063891,0.17018,-2.0698,-0.61277,0.13514,0.19831,-0.15768,0.013142,0.057117,-0.01476,0.024289,-0.086392,0.0084436,-1.5744,0.015997,0.040948,0.00243,0.037805,0.010383,-0.10341,-0.45283,0.026857,2.8848,-0.038084,0.015944,0.0044249,-0.029114,-0.026182,0.014196,0.022196,0.015001,0.05062,0.019115,-0.028546,0.033439,0.017352,0.0028301,0.034163,0.011128,0.0052009,0.0067225,0.0061968,0.020866,0.073476,0.010219,0.0087063,0.022637,0.042316,-10.498
2416,0.079139,0.017009,-0.019925,4.8145,-0.048526,-0.89078,-0.035793,0.1381,0.19627,0.011606,0.22645,-0.018387,0.021769,-0.10667,0.0087229,0.25542,0.012173,0.016748,0.0030256,0.019166,0.0069914,-0.033524,0.5603,-4.2574,-0.68479,-0.1988,0.017049,0.0038704,-0.036106,-0.030695,0.014825,0.018998,0.019146,0.57024,0.020135,0.066797,0.027338,0.022583,0.0039359,0.039002,0.014228,0.0057715,0.0070996,0.010863,0.022334,0.036238,0.015809,0.0087893,0.019715,0.039291,1.5243
2417,0.056454,0.0074937,0.0067188,-0.14806,-0.027318,0.015403,-0.01476,-0.7038,0.045008,0.016265,-0.042701,-0.027253,0.014151,0.029555,0.012814,0.13073,0.0094885,0.0091564,0.0059569,0.01424,0.0061154,-0.017807,0.17482,0.021666,-0.054024,0.068151,0.025906,0.0045868,0.026435,-0.07446,0.026456,0.016046,-0.076002,0.7528,0.046956,0.011106,0.024332,0.09184,0.58165,0.046707,0.029304,0.010603,0.0072954,-0.024121,0.035385,0.013099,0.014967,0.01459,0.011283,0.077066,0.23804
2418,0.043513,0.0080652,0.0059057,-0.040593,-0.22903,0.0069908,-0.013895,-0.078548,0.017192,0.015097,-0.02914,-0.048251,0.014649,0.015049,0.0075653,0.20652,0.014898,0.0089795,0.0075379,0.0088649,0.0041473,-0.024348,-0.8196,0.0038603,-0.21368,0.09522,0.033165,0.0045767,0.0053232,-0.021661,0.014385,0.016076,-0.039925,-0.031935,0.030155,0.095738,0.027958,0.13878,0.013002,-1.2008,0.017807,0.0086881,0.0075278,-0.0093435,0.054355,0.010411,0.032418,0.0092093,0.0084276,0.12062,0.085736
2419,0.058538,0.0067116,0.013396,-0.15206,0.068625,0.015752,-0.02151,-0.10386,0.012577,0.017681,-0.022184,-0.21972,0.023118,0.013949,0.0068702,-0.16687,0.023224,0.0097003,0.0085168,0.014774,0.0052662,-0.16575,-0.86625,0.0034395,0.045143,0.041416,0.022877,0.0045484,0.0049141,-0.17419,0.011913,0.013988,0.056486,-0.028363,0.019934,0.012173,0.016055,-0.085257,0.0039986,0.25848,0.014746,0.0063326,0.0080526,-0.0064634,0.064729,0.0059151,0.026081,0.0044071,0.0087505,0.049239,0.062491
2420,0.044483,0.0094383,0.027011,-0.099175,0.010553,0.031768,0.086608,-0.033181,0.020456,0.012438,-0.012277,-2.1037,0.043688,0.011965,0.0063685,-0.10296,-0.62398,0.0092459,0.0059098,0.019842,0.0045302,0.023381,-0.24963,0.0043504,0.034982,0.82126,0.017569,0.0063183,-0.35912,0.029574,0.0056529,0.010334,0.018813,-0.10079,0.038868,-0.040043,0.013284,-0.10057,0.0035426,0.038029,0.012887,0.013844,0.0046171,-0.025821,0.082198,0.0048461,0.0094284,0.0038865,0.010146,0.12077,0.12101
2421,0.041366,0.021576,0.045462,0.38848,0.0082498,0.025615,0.017038,-0.031062,0.0273,0.011872,-0.011587,0.23298,0.032138,0.0090454,0.0062386,-0.24034,-0.058288,0.0091804,0.0057553,0.016231,0.0052956,0.014521,-0.20117,0.011981,0.027978,-0.12391,0.01614,0.0053691,-0.046727,0.033814,0.0045299,0.0096335,0.018214,-0.19992,0.057403,-0.022409,0.011892,-0.13541,0.0043312,0.026062,0.012604,0.019548,0.0030393,0.054188,0.055341,0.0048008,0.0080787,0.01771,0.011998,0.61751,0.16536
2422,0.050648,0.025445,0.020159,0.050274,-0.03566,0.04873,0.0067987,-0.89116,0.23846,0.012009,-0.017629,0.030723,0.0094098,0.0088131,0.0089152,0.032165,11.506,0.009555,0.0053712,0.016776,0.0080168,0.0097208,0.16637,0.016911,0.30847,0.03061,0.010129,0.0022471,-0.051854,0.0327,0.0098661,0.0093949,0.063548,-3.6787,0.048082,0.0063031,0.0076733,-0.10652,0.0070039,0.025251,0.063286,-0.044211,0.0035104,0.055088,0.02653,0.0054056,0.0094509,-0.011513,0.040851,0.10266,-1.5821
2423,0.049498,0.017066,0.021907,0.050748,-0.019036,0.026818,0.0064923,0.14767,-0.71141,0.0091907,-0.018756,0.029246,0.011803,0.0088208,0.010531,0.022232,0.88734,0.0062524,0.0047489,0.018027,0.0068672,0.012179,0.090668,0.01487,0.51657,0.022542,0.0076486,0.0033833,-0.030652,0.026604,0.019555,0.0092865,0.19083,0.041163,0.025605,0.0042992,0.0081972,-0.053441,0.0047295,0.025134,-0.62337,-0.0092783,0.004047,0.0067603,0.023853,0.0067684,0.0042589,-0.013412,0.05584,0.1309,-0.24375
2424,0.077691,0.015117,0.030168,0.036139,-0.018609,0.0052494,0.0079502,0.11046,0.080973,0.0087193,-0.023191,0.10376,-0.035749,0.0067722,0.0086999,0.028548,-0.11794,0.0046657,0.011726,0.010129,0.0076294,-0.042748,-0.11109,0.0092032,0.019261,-0.055458,0.01023,0.0038121,0.01918,-0.032813,-0.049558,0.020833,0.034864,0.037432,0.0074568,0.0037544,0.017078,-0.015162,0.0029613,0.02602,0.028645,0.025437,0.0019059,0.0040004,0.021442,0.014103,0.0027192,-0.024319,0.0094462,-0.10217,-0.22465
2425,0.080422,0.013141,0.015472,0.022058,-0.019662,0.0060776,0.0065864,0.11286,0.078929,0.007801,-0.088283,-1.0362,-0.03675,0.0071244,0.0090082,0.018583,-0.12361,0.005452,0.012853,0.0064957,0.0089069,-0.037201,-0.22604,0.0019025,0.015209,-0.017012,0.010629,0.003311,0.013167,-0.024855,-0.019156,0.1883,0.029212,0.031865,0.0071974,0.0031185,0.025463,-0.017827,0.0027586,0.031628,0.021387,0.006725,0.0011589,0.0021357,0.020188,0.016049,0.0036913,-0.39801,0.0086509,-0.10871,-0.1977
2426,0.034651,-0.00020561,0.0071252,0.020344,0.03757,0.01262,-0.018358,-0.087834,0.031951,0.0042136,-0.066011,-0.043784,-0.12153,0.012431,0.0093243,0.011194,-0.19794,0.0051397,0.013674,0.0082459,0.0047669,0.021986,0.04317,0.0012876,0.0086121,-0.0044684,0.0095947,0.0043967,-1.3983,0.027148,-0.012375,0.094984,0.022637,0.011677,0.0098726,0.0029616,-0.34862,0.053977,0.0023661,0.048929,0.012493,0.0070163,0.0021583,0.0003832,0.042726,0.0089686,-0.002066,0.0043,0.0095458,0.099045,-3.6073
2427,0.029563,-1.3639e-05,0.0051299,0.02098,0.021801,0.012318,-0.0081116,-0.077479,0.025483,0.0033823,-1.1186,-0.03078,-0.06236,0.021707,0.0084283,0.0093432,0.49054,0.0051708,0.0081649,0.01121,0.004887,0.012983,0.053228,0.0040167,0.007547,-0.0026308,0.012036,-0.00049913,-0.031447,0.015201,-0.010011,0.40082,0.022268,0.0092086,0.0093716,0.0024628,-0.0919,0.01333,0.0027348,0.098261,0.0077066,0.0060791,0.0022913,0.00049005,0.058684,0.0068232,-0.00058324,0.0031233,0.009406,0.083846,1.315
2428,0.037852,0.011699,0.0090664,0.019744,0.023691,0.035516,0.0030588,0.022098,-0.84645,0.0022486,0.021356,-0.040532,0.023368,-0.051378,0.01949,0.0073227,0.021107,0.003622,0.0026554,0.012913,0.010714,0.0030494,0.15612,0.004725,0.015487,-0.0259,0.0076293,-0.001105,-0.027011,0.01563,-0.032199,-0.076282,0.034911,0.0098375,0.0072548,0.0018069,0.017013,0.0036311,0.0032993,-0.039869,0.0045391,0.0043735,0.0044507,0.0065875,0.024547,0.0053094,0.019834,0.0029002,0.0162,0.052083,-0.59725
2429,0.028869,0.01931,0.034664,0.019351,0.026255,0.014828,0.0024605,0.0099293,-0.068614,0.0020597,0.012644,-0.029535,0.010552,-0.022898,0.025775,0.0045647,0.017423,0.0038271,0.002673,0.016366,0.0080768,0.0019363,0.12801,0.008215,0.041855,-0.25329,0.007517,0.0020747,-0.026019,0.010257,-0.077179,-0.098912,0.023579,0.010475,0.0062939,0.0013118,0.0074433,0.0038652,0.004081,-0.031163,0.0040367,0.0033327,0.00606,0.0059953,0.027537,0.0047033,0.050962,0.0035882,0.017015,0.043754,0.90887
2430,0.025789,-0.039789,-0.0081209,0.027196,-0.015095,-0.0052126,-0.0088946,0.020477,-0.083413,0.008419,0.0023064,-0.010562,0.051586,-0.034536,0.014751,0.0030851,-0.036088,0.01321,0.0048948,0.021241,0.0062051,0.0063335,0.17015,0.01053,-0.065334,-0.017248,0.061245,0.0012297,-0.034006,0.0088459,-0.041269,0.069697,0.0087315,0.027387,0.0043449,0.00037668,0.0019257,0.0084209,0.0048132,-0.071166,-0.012083,0.0035938,0.0029181,-0.00035733,0.035821,0.0037074,-0.072546,0.0063986,0.0083199,-0.028025,0.048001
2431,0.039077,-0.040857,-0.0061463,0.43895,-0.010283,-0.0031203,-0.010938,0.01451,-2.0467,0.026095,0.00078288,-0.014351,-0.40852,-0.07302,0.013074,0.0031342,-0.020787,0.014298,0.0051413,0.015288,0.007462,0.0099487,-3.659,0.0054839,-0.020854,-0.018405,0.039633,0.00030595,-0.023407,0.0097119,-0.040491,0.060414,0.0065172,0.041045,0.0040695,0.00057809,0.0021249,0.01918,0.003448,-0.99258,-0.027673,0.0035815,0.0029387,-0.00041272,0.040877,0.0039698,-0.12224,0.0041239,0.0083417,-0.021533,0.035655
2432,0.031549,0.016656,-0.016195,0.082158,-0.034095,-0.0024557,0.036706,0.0072073,0.028998,0.088678,0.0033429,0.025325,0.0128,0.030505,0.0054808,0.001639,0.0094226,0.029918,-0.0088574,0.008439,0.00081351,0.016624,1.7408,0.0043157,-0.0012795,-0.0058476,0.0064204,0.00020381,-0.013291,0.0088922,-0.0044492,-0.22304,0.0052884,0.019598,0.0070576,0.0035735,0.021323,-0.011193,0.0025333,0.029669,0.018394,0.0021514,0.0040891,-0.0016129,1018.6,0.0059473,0.11682,0.00091576,0.015953,0.15216,0.055316
2433,0.03063,0.011774,-0.017585,0.074854,-0.019378,-0.0024662,0.024929,0.010808,0.020096,0.42712,0.0072303,0.008892,0.012449,0.011394,0.0038534,0.001652,0.016602,0.052682,-0.0043008,0.0093876,-3.8799e-05,0.035083,0.20786,0.0036037,-0.0018961,-0.0054887,0.0073368,-2.316e-05,-0.0057694,0.012217,-0.0002476,0.034001,0.0035625,0.01672,0.0091009,0.0042096,0.019365,-0.0067043,0.0023576,0.026813,0.016767,0.001501,0.0027029,-0.0028669,-0.79691,0.0063012,0.052688,-0.00049068,0.015502,0.06091,0.05305
2434,0.047926,0.015177,-0.01217,0.10942,-0.0034914,-5.0545e-05,0.0041975,0.031116,0.015189,0.026556,-0.022979,0.0043229,0.034014,0.0071263,0.0063814,0.0051937,0.0091984,0.016693,0.0035238,0.011464,0.0068628,0.072134,0.14283,0.0027986,-0.02745,-0.019799,0.0050106,0.00013667,-0.0012578,0.024976,-0.0055068,-0.0018724,0.0032706,0.013039,0.013707,0.0036257,0.0077639,-0.0062378,0.0013524,0.031538,0.0046193,0.0012578,0.0024673,-0.036696,0.085802,0.010737,0.017251,0.0019875,0.011437,0.043197,0.082123
2435,0.05115,0.0093132,-0.014038,0.097543,-0.0041897,0.002075,0.002287,0.025314,0.011893,0.014925,-0.010991,0.0043713,0.025832,0.0067582,0.0061492,0.0064629,0.013197,0.015988,0.0010674,0.018727,0.057386,-0.081974,-509.95,0.0013502,-0.017401,-0.018995,0.0049484,0.0042295,-0.0012987,0.028071,-0.0067485,-0.0015226,0.0035744,0.0079942,0.015159,0.012835,0.0062826,-0.0068725,0.00079827,0.046603,0.0051585,0.00098545,0.0029084,-0.0035624,0.055034,0.01154,0.012227,0.0093046,0.01313,0.036923,0.079562
2436,0.032076,0.0052763,-0.012043,0.0382,-0.0071724,0.0010883,0.012116,0.029461,0.011742,0.0080994,-0.010017,0.0070875,0.0053559,0.014712,0.0057295,0.0067373,0.066956,0.0091363,0.03114,-0.088621,-0.021815,-0.0091358,-0.087735,0.00073025,-0.012692,-0.0087975,0.01118,0.014822,0.0030185,0.12863,-0.0034552,0.0056613,0.0048826,0.0080229,0.0064746,0.035084,0.0010024,-0.012029,0.00074367,-0.015384,0.22714,0.00044448,0.0010119,-0.0019244,0.021566,0.0053484,-0.00095339,0.039741,0.011002,0.0426,0.030226
2437,0.027842,0.0020714,-0.051688,0.031632,-0.0052923,0.00097637,0.00025041,0.061733,0.013841,0.0075954,-0.008908,0.0076961,0.0052517,0.023491,0.0039102,0.0074422,-0.090949,0.0088886,0.010113,-0.11316,-0.013422,-0.0087086,-0.036155,-0.0061809,-0.013709,-0.0067636,0.011532,0.0085187,0.0034984,-0.31801,-0.0016681,0.0061686,0.0050757,0.0072557,-0.00024693,-0.032513,-0.00063648,-0.020446,0.00053358,-0.0041314,0.027914,-0.0032727,0.00097627,-0.0030346,0.017986,0.0041812,-0.00172,0.094139,0.01027,0.044419,0.019177
2438,0.039303,-0.0023734,0.039269,0.00047738,-0.024752,0.00047481,0.0097042,0.015635,0.016996,0.0070574,-0.0067756,-0.013923,-0.05676,-0.0035308,0.0016333,0.0089762,-0.018143,0.0025552,0.0023166,0.0092268,-0.0030972,0.045694,-0.0058924,-0.0062908,-0.0018227,-0.0033778,0.0092514,0.0027101,-0.050874,0.030736,-0.0015422,0.0097537,0.0090929,0.006222,-0.015369,-0.0033809,2.697e-05,0.045878,0.00072131,-0.0020447,0.0048781,-0.015064,0.0045549,0.0016265,0.023532,0.0027167,6.1347e-05,-0.026202,0.033131,0.035319,0.0033161
2439,0.037701,-0.0028151,0.35857,-0.051234,-0.017408,0.0021368,0.041007,0.017201,0.011437,0.0055912,-0.011024,-0.0045302,0.039159,-0.0048607,0.0023792,0.0095755,-0.0099229,0.0071213,0.0018699,0.0056781,-0.0020138,0.015598,-0.0048677,-0.013543,-0.00085571,-0.0056185,0.0083885,0.00058905,-0.025095,0.025272,-0.0020079,0.011965,0.0082316,0.0052274,-0.015329,-0.0029718,-0.001254,0.016424,0.0012526,-0.003314,0.0031342,-0.011716,0.0053502,0.0033871,0.022008,0.0025254,-0.00089627,-0.041259,0.03305,0.013431,0.0067464
2440,0.051061,0.0010358,-0.047086,0.29847,-0.0040726,-0.0021456,0.0044218,-0.006296,0.01004,0.0071391,-0.028942,-0.0056676,0.0040587,0.56354,0.0099332,0.0047505,-0.0057127,-0.017479,-0.0029638,0.0052821,0.0011234,0.0028153,0.023137,-0.020093,-0.0065347,0.01037,0.0062827,-3.3781e-05,-0.0054372,0.025737,-0.00022542,0.0047743,-0.00093085,-0.0093243,-0.037063,-0.0077088,-0.0075485,0.014639,0.00074969,-0.016424,0.00067158,-0.0010948,0.01017,-0.0071322,0.021618,0.0059693,-0.010492,-0.11444,0.0023859,0.024838,0.057169
2441,0.022579,-0.00041837,-0.032982,1.1193,-0.0053106,-0.0019652,0.0054777,-0.019479,0.01043,0.016124,0.044308,-0.014101,0.012442,0.018698,0.015201,0.0035055,-0.0049087,-0.016673,-0.087311,0.0040982,0.001216,0.0019139,0.0058352,0.018189,-0.012545,0.0068489,0.0056102,-0.00058056,-0.012129,0.01705,-0.00090127,0.0014733,-0.00064593,-0.0034781,0.087092,-0.0038982,-0.00052706,0.0089289,0.00064539,-0.088193,0.00048936,-8.0927e-05,0.0053934,-0.014715,0.042549,0.0037032,0.015862,0.017061,0.0017504,-0.55725,0.094655
2442,0.02056,-0.0025378,-0.017945,-0.024549,-0.22102,-0.0017379,0.0055418,0.031952,0.0066934,0.017648,0.0064947,-0.017398,0.011412,0.0097208,0.02462,0.0035157,-0.016808,-0.025874,0.0017701,0.0046767,0.0062682,0.001859,0.0043346,0.0029642,0.017535,0.0029291,0.0053455,-0.00048861,0.0098347,0.013224,-0.005591,0.0021331,0.0024726,0.0031866,-0.00066681,-0.0013552,0.013145,0.0023837,0.00026877,0.028704,0.0028256,0.0030073,0.00012239,0.0012122,-0.018694,0.0026811,0.024958,0.0056689,-0.0018205,0.026211,0.1764
2443,0.019561,-0.0022149,-0.013937,-0.004592,-0.027028,-0.001121,0.0041933,0.022951,0.0035197,0.038629,0.0083052,-0.011986,0.0094131,0.0068538,0.041213,0.0058147,-0.009609,-0.025003,0.006593,0.0051082,0.0086781,-0.00015134,0.003167,0.0022597,0.012921,0.0012725,0.006042,0.00033053,0.010726,0.02061,-0.0033834,0.0017054,0.0018121,0.0059644,-0.0011652,-0.00148,0.014596,0.0033825,0.00055099,0.029807,0.0029519,0.0058031,0.00063416,-0.00040748,-0.026766,0.0029855,0.032363,0.0029791,0.0049159,0.036572,0.13989
2444,0.018079,-0.004323,0.039657,0.16934,0.0018379,-0.014516,0.0018825,0.016991,0.012649,-0.086708,0.015763,-0.0023886,0.017159,0.002686,0.0092407,0.013895,-3.0625e-05,-0.024446,-0.0052733,0.0038199,0.011632,-0.0025417,0.040855,0.0021339,0.0060227,4.3947e-05,0.015628,0.0039574,0.0033749,-0.069554,0.00025747,-0.0026723,0.001759,0.011185,-0.010035,-0.0022819,0.0075147,-0.029807,0.0014415,0.11046,0.0029455,0.006481,0.0018456,-0.0084478,-0.090091,0.0015642,0.01365,0.0058612,0.015038,0.074723,0.036591
2445,0.015833,-0.0065523,0.0022234,-0.013344,-0.0079068,-0.0086888,0.0030263,0.008154,0.084013,0.021938,-0.0070338,0.0099138,0.020866,0.030212,-0.096464,0.0051483,0.017625,0.018725,-0.0064655,0.0028974,0.0055335,-0.0044904,-0.013057,0.001954,0.026211,0.0015932,0.038801,0.024266,0.019514,0.61465,0.00090018,-0.0044657,-0.0010314,-0.0090228,-0.00070929,-0.0038777,0.0025246,0.018321,0.0016602,-0.010394,-0.0018947,0.0019187,0.0018425,0.57053,-0.093044,0.0085925,0.0045528,-0.0064402,0.016116,0.024423,0.025894
2446,0.01851,-0.0060911,0.0023199,-0.001832,-0.0054131,-0.0056719,0.0032981,0.0036149,0.11444,0.01133,-0.0046571,0.0061651,0.014562,-0.0099056,-0.0047068,0.0070064,0.022148,0.0077602,-0.0079379,0.0070682,0.0031486,-0.022301,-0.038795,0.0027318,-0.044734,0.0016915,0.033709,0.037273,-0.0072201,0.083505,0.0019854,-0.0064752,-0.0067187,-0.0029485,0.0052278,-0.0022208,0.0032674,0.036877,-0.0072733,-0.0039695,-0.0016667,0.0010951,0.0026774,-0.10243,0.029857,0.016724,0.0026841,-0.017489,0.014614,0.020197,0.019206
2447,0.012054,-0.030619,0.0030171,0.006095,-0.0044213,-0.0063381,0.0072796,0.01037,0.0013547,0.0041609,0.03153,0.00094217,0.054072,0.0083705,0.0048332,0.005717,0.0041248,-0.033462,0.0058699,0.010032,0.0028567,0.0065958,-0.039309,0.003133,0.00061055,-0.0095002,0.0089204,0.014147,-0.0052218,0.0043036,0.020228,0.083945,-0.0027839,0.26792,0.0042517,0.0026828,0.0084428,-0.0080306,0.00013141,0.0028018,0.0072969,-0.00020671,0.0024263,0.0078921,0.058773,0.010866,0.0025823,0.017185,0.012791,0.020913,0.0539
2448,0.021265,0.052636,0.0029462,0.0071283,-0.0044482,-0.0094503,0.010814,0.0095054,0.032578,0.0040977,0.032399,0.00022591,0.15796,0.0085914,0.0019773,0.0073043,0.0049528,0.051273,0.0049118,0.0080868,0.0026272,0.0050196,-0.088704,0.0018379,0.003752,-0.0041224,0.0070509,0.0035679,0.0041125,0.0042535,-0.0040231,-0.11247,-0.0044675,-0.01133,0.0018967,0.0031639,0.0079286,-0.0093852,0.00012461,-0.0015604,0.0062457,-0.00069819,-0.0017251,0.0071431,0.060206,0.0071183,0.00077647,0.0058639,0.0096919,0.025623,0.075559
2449,-0.095034,-0.017097,-0.0042411,-0.053153,-0.010165,0.0014261,0.012768,0.010025,-0.0072202,0.019184,-0.026036,0.0051647,0.0094425,0.0038792,0.003579,-0.010759,0.017674,0.098866,0.0052545,0.006613,0.0009253,0.0040459,0.037888,0.0016677,0.059566,0.0005726,0.011972,-0.0022695,0.021818,0.067942,-0.023835,-0.0042049,0.0059385,-0.023182,0.0080301,0.0023687,0.0060127,-0.00017342,0.0064872,-0.005911,0.0025748,0.00054662,0.00051909,-0.0090029,0.0031761,0.0010078,-0.0025379,-0.0018596,0.014432,-1.0531,0.10246
2450,-0.44814,-0.017536,-0.0023382,-0.15435,-0.0084951,-0.010299,0.0051057,0.017929,-0.0099768,0.038434,-0.4189,0.0055931,0.0081109,0.0043372,0.0068894,-0.012542,0.016825,0.048552,0.0040872,0.0088904,0.00060743,0.0047681,0.03453,0.0023725,0.16457,0.0010126,0.011312,-0.0023772,0.039254,-0.084488,0.10704,-0.0025887,0.0038238,-0.27218,0.0042192,0.003648,0.0066452,-0.00087495,0.0037136,-0.0046711,0.0037711,0.00097601,0.001913,-0.0046758,0.0070017,0.00022261,-0.0066851,-0.00075852,0.0098503,-5.7952,0.21116
2451,0.029689,0.039028,0.00059124,-0.068796,-0.019594,0.14469,0.00038143,0.029088,-0.027823,0.043774,-0.022121,0.0032767,0.0097384,0.019446,0.007301,-0.032758,-0.022385,0.010984,-0.0016278,0.011669,0.0016634,0.0081518,0.033269,0.0024557,0.02839,-0.062923,0.010578,-0.00068394,-0.22744,-0.041443,0.0088491,-0.002606,0.0052322,-0.00526,0.002904,0.0026362,0.0084655,0.0063747,0.0024256,-0.00015926,0.010373,0.00046191,0.0046372,0.00031431,0.015327,0.0015027,-0.0081998,0.00028577,0.0036842,0.043673,0.20661
2452,0.029568,0.11342,-0.10999,-0.043465,-0.012544,0.010223,0.00044328,0.027518,-0.030812,0.03142,-0.01461,0.0034379,0.0098173,0.029226,0.006217,-0.053146,-0.018282,0.0073849,-0.0034453,0.01325,0.0016426,0.23336,0.033926,0.0044126,0.042367,-0.013854,0.012051,-7.1452e-05,-0.079318,-0.019589,0.006755,-0.0016594,0.0038223,-0.0039513,0.007113,0.0041769,0.0093428,0.013284,0.0016781,0.00382,0.014686,0.00062486,0.0037981,0.00067968,0.010102,0.0024943,-0.0091882,0.00082042,0.0034037,0.026248,0.21573
2453,0.03113,-0.02642,0.0076862,0.022686,-0.029597,0.0018509,0.0020881,0.029813,-0.0058923,0.0098656,0.012729,0.0025725,-0.058034,-0.00070602,0.016945,0.0071462,0.0034337,0.0047242,0.022165,-0.050979,0.0013192,-0.002448,-0.77178,0.0039992,-0.0095539,0.046259,0.0048528,0.00091365,0.0010007,-0.010951,0.0078777,-0.00059815,0.0091418,-0.031098,-0.0024633,-0.10323,0.00079705,-0.0092445,0.0036951,0.0083525,-0.0052477,0.0013781,0.0096121,-0.0056189,-0.0030622,0.020973,0.025615,0.023637,0.0033108,0.022993,0.33473
2454,0.022827,-0.016798,0.0086471,0.038047,0.049266,0.00083468,0.0019521,0.026422,-0.0081082,0.009511,0.01721,0.0018405,-0.084524,-0.0047566,0.0089072,0.0052724,0.0031032,0.0045438,0.017397,-0.045354,0.00081593,-0.0021809,-0.067493,0.0015788,-0.0058885,0.023671,0.003946,0.00054111,-0.011229,-0.009161,0.0004422,-0.0004245,0.0093314,0.032528,0.00014825,0.034139,0.0013858,-0.010469,-0.01522,0.0091741,-0.0030638,0.00095666,0.0060898,-0.00017549,-0.0040101,0.05579,-0.0017687,-0.024888,0.0012881,0.025096,0.1928
2455,0.013042,-0.015383,0.016808,0.022832,-0.01209,-0.0011142,0.0032967,0.012792,-0.029197,0.011048,-0.003597,0.0026091,0.026606,-0.0026876,0.0044452,0.080401,0.010752,0.017422,0.00019762,-0.00048812,0.00038583,-0.0023108,-0.30323,0.0012887,-0.0065163,-0.010711,0.0071227,-0.00024031,0.068646,-0.02023,-0.008958,-0.0011335,0.0026568,0.021675,-0.0011192,0.0080231,-0.060017,0.0077004,-0.017026,-0.00037927,-0.0023799,0.0020432,0.00077594,-0.00016745,-0.0049602,0.0033424,-0.0046176,0.0012764,0.010315,0.03695,0.066123
2456,0.0089591,-0.012267,0.015554,0.016829,-0.014321,-0.0011505,0.0042467,0.0083562,0.089737,0.0077319,-0.0016925,0.0035364,0.023631,0.00017693,0.0036115,-0.053614,0.012496,0.01772,0.0023839,-0.0006402,0.00011693,-0.0040887,-0.029592,0.00097898,-0.006826,0.010664,0.0084423,5.7888e-05,0.02436,-0.11122,-0.0046011,-0.0001922,0.0031769,0.013772,-0.0020014,0.0046282,-0.01004,0.0034255,0.0080736,-0.00036833,-0.005142,0.0035116,0.00076919,-0.0016083,-0.0039096,0.0021751,0.030331,0.0037954,-0.0014602,0.039939,0.043428
2457,0.0058477,-0.0084615,-0.0078156,0.015267,-0.015063,0.0055085,0.0029744,0.0063276,0.0083216,0.0053392,-0.0055768,0.0069722,0.016579,0.0075923,0.0036164,-0.086816,0.0060116,0.010163,-0.00061132,0.00046545,-0.00019745,0.058543,-0.039084,0.00099754,-0.0098181,0.0069699,0.011088,0.0019721,0.0070574,0.0091869,-0.0013291,0.0054754,0.0057505,0.0081381,-0.0022944,0.0010419,-0.0033204,0.0019664,0.0019258,0.0075764,0.018251,0.0021233,0.001523,-0.019727,0.0035068,0.0019975,0.012029,-0.24587,0.0020657,0.13844,0.016602
2458,0.006482,-0.0025312,-0.0035222,0.021806,-0.017754,0.0087588,0.0028682,0.0062895,0.0075675,0.0043149,-0.0066752,0.010614,0.0074614,0.012358,0.0023209,-0.028443,0.0053357,0.013833,-0.0023559,0.0017404,-0.00049396,0.0099527,-0.057522,0.0022825,-0.010509,0.0080527,0.011615,0.008756,0.0055188,0.0020883,-0.0023528,0.0088894,0.004921,0.0073626,-0.0035792,0.00086596,-0.0021354,0.0012032,0.00064178,0.018754,0.013128,0.0029091,0.001588,-0.055994,0.0097905,0.0023797,0.015226,-0.02644,0.0026631,0.16187,0.008332
2459,0.015673,0.0011446,0.00061141,0.026834,-0.012906,0.010491,0.0015228,0.0054323,0.032768,0.0048136,-0.0082085,-0.020303,0.0042683,0.015103,0.00090722,-0.017123,0.0045366,0.012965,-0.015359,0.0076042,-0.0007668,0.015033,-0.057551,0.0024271,-0.010211,0.012841,0.014369,0.010484,0.012458,0.0047567,-0.0022661,0.011135,0.0044399,0.0027864,-0.0093536,0.0012157,-0.020125,0.0036431,-0.00028073,0.031184,0.00060224,0.0025644,0.0028443,-0.0021704,0.031588,0.0082878,0.010849,-0.0027875,0.0042209,0.018981,0.013932
2460,0.018985,-0.00014117,-0.0036992,0.0448,-0.0021588,0.0077039,0.00052155,0.0090494,0.020271,0.0049652,-0.056639,-0.037684,0.0040154,0.032494,0.0010028,-0.0095311,0.0044328,0.014536,-0.010784,0.0090583,-0.00037094,0.011089,-0.036228,0.0016822,-0.0072499,0.010443,0.0094135,0.011016,0.017535,0.0025257,-0.0022337,0.017699,0.0048059,0.0011942,-0.011418,0.0014977,-0.024221,0.0070448,-5.775e-05,0.042239,0.00010385,0.0011298,0.0030501,-0.0075236,0.039569,0.012126,0.0055157,0.00022599,0.0037095,0.0030304,0.012777
2461,0.0086491,0.045083,-0.0050714,-0.35729,0.0078276,0.00055008,0.00054901,-0.13008,0.0024547,0.0031111,-0.077098,0.0091163,0.0025365,-0.002486,0.002096,-0.0026042,-0.0154,0.046142,-0.0021734,0.0091179,0.0009243,0.0045995,-0.01833,0.0020035,-0.0017669,0.025947,0.0057554,0.0049194,,,-0.064898,0.0090689,0.0042354,0.0040812,-0.076593,-0.0041145,-0.0056362,0.030341,0.00025132,-0.006129,0.0080264,0.00059939,0.0025652,-0.065076,0.018795,-0.14247,0.0015641,0.0040623,0.0029467,-0.0044074,0.0073393
2462,0.017003,-0.12396,0.00012659,-6.1499,0.0067273,-0.00041684,2.6435e-05,-0.054515,-0.00081916,0.0033605,38.029,0.0094987,0.0051421,-0.0035637,0.0018847,-0.0024858,-0.031596,0.014602,-0.0047404,0.0062553,0.0037375,0.0033355,-0.0025719,0.0024209,0.00052626,0.0095781,0.0030604,0.0048344,,,0.14918,0.0051796,0.0047315,0.0051792,0.026081,-0.0019343,-0.0047566,0.002492,0.00057203,0.011418,0.0003198,0.00062521,0.0033235,-0.025529,0.013382,0.012052,0.00067027,0.0050133,0.0052102,-0.0042165,0.028554
2463,-0.022945,-0.016415,-0.0046739,0.25793,-0.0097732,-0.018685,-0.00061965,-0.063337,0.00024739,0.0035215,0.010644,0.012634,-0.067204,0.016135,0.0012992,-0.001055,0.0060152,0.0051549,0.0083095,0.0091098,0.012414,0.0040922,0.043192,0.0023636,0.0038762,0.0038973,0.0031681,0.0036831,,,0.0083036,0.0097545,0.0069545,0.0070818,-0.01927,0.12726,-0.0010613,0.0011926,0.00074491,0.00083529,0.00048294,0.00094146,0.0042446,0.003018,0.003057,-0.024347,4.9727e-05,0.0096476,0.0092452,-0.017016,0.066224
2464,-0.040062,-0.00034023,-0.010109,0.19539,-0.017763,-0.011096,0.00066493,-0.065094,0.0027527,-0.23031,0.027615,0.036823,0.024521,0.01163,0.0023088,-0.015102,0.003324,0.0044157,-0.011847,0.046015,0.013128,0.0027673,-0.57327,0.0083593,0.0031221,-0.0024927,0.003099,0.00775,,,0.0031014,0.0042566,0.0030951,0.0085695,0.087824,-0.013296,0.0042747,0.0082901,0.0024808,-0.0029534,-0.00031879,0.001364,0.0055392,0.0053721,0.0052581,-0.0027508,-6.8331e-05,0.0071757,0.015125,0.02745,0.10094
2465,-0.030147,0.0054547,-0.0027006,0.040849,-0.010815,0.011783,1.3856e-06,0.043714,0.00042074,0.046877,0.13911,0.10307,0.014001,0.0046612,0.0021013,0.04853,0.0050696,0.0013687,0.049343,0.036204,0.0086589,0.0024228,-0.12138,-0.065541,0.022778,-0.017265,0.0047759,0.015642,,,0.013178,0.0032664,0.0014289,0.008815,-0.051242,-0.0039154,0.0049894,0.017645,0.0064728,-0.0006054,-0.0011474,0.0020084,0.0046866,-0.0022772,0.025785,0.0024805,-0.00013068,0.0018041,0.0099752,0.039078,0.10742
2466,-0.025885,0.011779,0.0066374,0.14957,0.0077852,0.002082,-0.00028561,-0.030151,-0.0045952,0.014107,0.040416,-0.028439,0.0042086,0.0062042,0.0033057,0.027454,0.0085445,0.0012974,0.0062558,0.020919,0.0038008,0.0031741,-0.15222,0.0061338,-0.048014,0.0087991,0.014579,0.020628,,,0.0078182,0.0051294,0.0034614,0.013846,-0.015158,-0.0038357,0.010029,-0.018806,0.00097119,-0.00016746,-0.028291,0.0046782,0.0092854,0.00086393,0.01462,0.0013317,-0.0025566,0.00024631,0.00533,0.049268,0.047973
2467,-0.032443,0.026247,0.026091,-2.1608,0.003793,7.5428e-05,4.567e-05,-0.037538,-0.0041616,0.010613,0.040895,-0.0080251,0.0037471,0.006564,0.0062706,0.025455,0.012416,8.4015e-05,0.0068272,0.01035,0.00036946,0.003749,-0.13784,-0.0005825,-0.059199,0.0089829,0.02414,0.027564,,,0.0051236,0.0064369,0.0046089,0.02027,-0.015526,-0.0043345,0.0097819,-0.0095662,0.00036562,-0.0002174,-0.024678,0.003647,0.0072706,0.00022797,0.013884,0.0011253,0.0043639,0.00086906,0.0048326,0.043648,0.037596
2468,-0.023207,0.01177,-0.0078242,0.27888,-0.0014821,-0.0019767,0.00064396,0.015963,-0.001742,0.014574,0.01602,-0.0012166,-0.031704,0.0039225,0.024534,0.016883,0.01522,-0.00033039,-0.003793,0.0018314,0.0028036,0.0097543,0.099597,-0.0010604,-0.03849,0.010668,0.011839,0.00472,,,0.0030983,0.01883,0.010272,0.0067529,0.30641,-0.0009296,0.006773,-0.16837,-0.0012896,0.00053395,0.014125,0.0020096,0.00031152,-0.00015466,0.01217,0.0025213,0.0054703,0.0044925,0.0059421,0.047483,0.051283
2469,-0.016908,0.012875,0.0090578,-0.3277,-0.016224,-0.0010879,0.0025554,0.0095272,0.00025185,0.016223,0.010635,0.0016116,-0.0078973,0.0062867,0.025994,0.0092462,0.012797,0.00035393,0.0011058,0.00211,0.0010387,0.021412,0.098678,0.00015698,-0.046833,0.009848,-0.0083487,-0.0037212,,,0.0061564,0.012506,0.02907,0.00015541,0.0051749,-0.00080484,0.0026224,0.00086437,-0.0013516,0.0029643,0.0095823,0.0018279,1.1621e-05,-0.0003654,0.0084523,0.0053342,-0.0010744,-0.31408,0.0056405,0.063354,0.049594
2470,-0.037162,-0.022258,-0.25494,0.0034042,0.03745,0.055812,0.0062357,0.006576,0.0024133,0.028556,0.049303,0.0053072,-0.024892,0.017665,0.010299,0.00372,0.024463,0.0016805,0.0013157,0.00386,-0.00058479,0.013429,-0.14089,5.559e-05,0.1088,0.0067036,-0.0062371,-0.0039944,,,-0.016929,-0.0011803,-0.016096,0.0027736,0.011555,-0.0034499,-0.002715,0.0032267,-0.0012954,-0.012324,0.0021867,0.00013564,9.0125e-05,-0.0043946,0.006995,0.0074397,3.0935e-05,0.0743,-0.0023914,0.016269,0.054252
2471,0.094384,-0.2374,-0.42005,0.015891,0.014629,0.002142,0.0044769,0.0050902,0.0037474,0.0096563,0.097793,0.0087263,0.00829,0.0076098,0.0084303,0.0047356,0.023423,0.0063848,0.014852,0.0055779,-0.0004051,0.015874,-0.05939,-0.0010232,0.051287,0.0048603,-0.0032444,0.0043846,,,-0.025209,-0.0031725,-0.0081231,0.0031076,0.0067969,0.010017,-0.0024811,0.0028455,-0.0019713,-0.0089416,0.0015485,0.00056068,0.00060662,-0.0042927,0.0079813,0.0097783,0.0007401,0.0089942,-0.0056458,0.014654,0.073096
2472,0.015173,0.0055105,0.0097359,0.021199,0.093045,-0.002965,0.0018961,0.0012991,0.0084035,0.001916,0.040818,0.0011969,0.00093866,0.0032966,0.0018207,0.013088,0.0081554,0.018462,0.016184,0.0038912,0.00035847,0.0092271,-0.028427,0.00061739,-0.054828,0.0040639,0.007244,0.0060345,,,0.01479,-0.0026889,-0.039235,0.0080371,0.0041863,-0.012697,-0.0039601,0.0039958,-0.00054851,0.00375,0.0074902,0.0055583,0.0019653,0.00019519,0.01049,0.0077229,0.0027667,-0.0021397,0.0010078,1.7533,0.10319
2473,0.018026,0.0067101,0.025409,0.043811,0.076523,-0.0015155,0.0018075,0.0010729,0.010085,0.0014308,0.028799,0.0031151,0.0019385,0.0027377,0.0011617,0.010433,0.0085569,0.060703,-0.11849,0.0014667,0.0051176,0.019951,-0.028361,0.033935,-0.21119,0.0064126,0.0076802,0.004624,,,0.0092338,-0.0033721,0.12162,0.0089447,0.0026613,-0.016336,-0.0023094,0.0054231,0.00020166,0.0056803,0.010836,0.0033736,0.0030152,0.00030065,0.0097242,0.013509,0.0071172,-0.0094923,0.0013514,-0.069681,0.11485
2474,0.020714,0.0051377,-0.21486,0.011309,0.0063628,0.00028809,0.0014032,0.0059197,-0.061144,0.0022327,0.013365,0.012126,0.0028138,0.00091385,0.0037869,0.0088234,0.013405,0.02416,-0.012421,0.0019311,0.0047997,-0.029612,-0.040824,-0.024838,0.0048442,0.067692,0.01385,0.0060891,,,0.0034371,-0.017516,0.0027727,0.0051421,-0.0035856,-0.011964,0.023494,0.0074889,0.0019831,0.008891,0.0087759,0.0040324,-9.185e-05,0.00077605,0.010502,-0.01103,0.0048448,0.0033348,0.00087559,-0.044325,0.16965
2475,0.025277,0.0037687,-0.095164,0.025196,0.0012914,0.00091829,0.0013657,0.0089844,-0.041997,0.0020112,0.0064223,0.010038,0.0038436,0.0020174,0.0030171,0.010463,0.010015,0.0037925,-0.0091729,0.0020567,0.00054191,-0.067067,-0.029515,-0.022109,0.0040304,-0.026631,0.009418,0.0096389,,,0.0045213,-0.019544,0.0064207,0.0047706,-0.0030296,-0.0056733,0.025892,0.0097021,0.0016642,0.012253,0.0068981,0.0067309,0.0010028,0.0024086,0.015198,-0.0065624,0.002756,0.0068076,0.003301,-0.080186,0.15628
2476,0.08712,0.097171,-0.079242,0.074339,0.00083542,0.0012066,0.001522,0.012617,0.0047663,0.0016473,0.0017885,-0.0010687,0.0080764,0.038141,0.0032045,0.005554,0.021125,0.00066951,-0.0063999,0.0013059,-0.000111,0.011114,-0.0098897,0.0085427,0.011272,-0.0036166,0.0064073,0.014811,,,0.017222,-0.011902,0.071292,0.0056596,-0.00013651,0.0076201,0.026439,0.0095777,0.00050813,-0.057365,0.0069007,0.0024337,0.0045456,-0.00056617,0.0060056,-0.0032038,0.0047793,0.026711,0.022945,-0.068637,0.097336
2477,0.074551,-0.0051339,-0.043937,0.054169,0.00038002,0.0012214,0.00078296,0.012034,0.0032356,0.0015697,0.00089288,-0.0027087,0.0099034,-0.029009,0.0057324,0.00444,0.016722,0.0028208,-0.0030355,0.0043048,-0.0093155,0.0095584,-0.0078464,0.0051075,0.0081142,0.0041835,0.0051474,0.018674,,,0.020246,-0.0072895,0.13223,0.0055213,0.0013978,0.038411,0.0044184,0.0049391,0.00036855,-0.035368,0.0088207,0.0012486,0.008075,-0.00085987,0.0052762,0.015853,0.010414,0.016534,0.022736,0.36078,0.086293
2478,0.022285,0.00086074,-0.015138,0.031975,-0.002018,0.00028877,0.0003509,0.0079705,0.0028179,0.00018777,0.0012312,0.038944,0.0089413,-0.0041272,0.0056617,0.015882,0.0030545,0.003856,-0.00050175,0.0067989,-0.043934,0.0071401,-0.0059701,0.0050323,0.069332,0.0056979,-0.00082443,0.017037,,,0.0067653,0.0023648,0.44276,0.0083472,0.0030038,0.0044716,-0.0001334,-0.00029454,0.0004044,0.0091081,0.043189,0.00058907,0.0092156,-0.0011632,0.017693,0.002198,0.010673,2.2484,0.015,0.089515,0.081545
2479,0.022321,0.0047607,-0.028369,0.017871,-0.023222,0.0003756,0.00039021,0.0090318,0.0034798,0.0011836,0.0035896,-0.0034671,0.013126,-0.002541,0.0031936,0.011435,0.0018025,0.002469,0.0007266,0.0037516,0.0092601,0.0066715,-0.038008,0.0053991,0.011172,1.628e-05,-0.0029597,0.0087447,,,0.0022286,0.0047687,0.12561,0.0069052,0.0096942,0.0057168,0.00032068,0.0012521,0.00028893,0.03066,0.069241,0.00047976,0.0025146,0.0031467,0.0063817,0.0042201,0.008696,0.0038892,0.0036206,0.059598,0.0805
2480,0.02633,0.0072502,-0.039609,0.010639,-0.097836,0.00089237,0.0012624,-0.52987,0.0044698,0.0052695,0.011903,0.0052153,0.0506,-0.030029,0.0028215,0.014014,0.0015997,0.0019428,0.0014127,0.055931,-6.8317e-05,0.022718,0.041892,0.0038146,0.0049386,-0.012772,-0.0024393,0.0039707,,,0.0013573,0.0049212,0.023587,0.0070936,0.026151,0.0081844,0.0061051,0.0025917,-0.0003482,0.015697,0.007215,0.0023258,0.00042065,0.0014993,0.0046311,0.0028929,0.0098515,0.0091731,0.0018027,0.045957,0.08876
2481,0.028542,0.029375,-0.4927,0.0294,0.035901,0.0016535,0.004456,0.033335,0.0056438,0.0030238,0.026127,0.0074912,0.069797,0.033306,0.0031509,0.014991,0.0045715,0.0030626,0.0010232,0.013182,-0.0015477,0.038503,0.025527,0.0058472,0.0094553,-0.022306,0.0027641,-0.0014537,,,0.00061969,0.0087934,0.0081815,0.0085603,0.033895,0.005237,0.013234,0.0047307,-0.00046289,0.0085259,-0.0086581,0.012101,0.0010503,0.010239,0.0099886,0.002587,0.0079933,-0.0016715,0.0031643,0.056787,0.069529
2482,0.07448,0.26543,-0.12075,0.082301,0.01763,0.0027247,0.0049359,0.028653,0.0099092,0.0034849,0.022115,0.011439,0.068152,-0.67898,0.0024389,0.007413,0.010672,0.010651,0.0014116,0.006919,0.0022047,0.013688,0.039432,0.0059725,0.0094256,-0.0021351,0.017057,0.0078894,,,0.0044164,0.0028059,0.0045481,0.0045038,0.069399,-0.0020297,0.032764,0.019597,-0.0018393,0.0068409,-0.0099094,0.0093488,0.0061372,0.023001,0.013673,0.0041921,0.018574,-0.00016697,0.012013,0.051322,0.064567
2483,0.10872,-0.11739,-0.021201,0.13849,0.18371,0.003636,0.0044111,0.01064,0.0044822,0.014432,0.0013702,0.03469,0.068519,0.0066812,0.0031076,0.01083,0.00048351,0.018891,0.0098598,0.024397,0.0040069,0.017736,0.013531,0.0022756,0.0086301,0.0049044,-0.033117,0.0084207,,,0.0031738,0.031566,0.0026669,-0.0045712,0.0078836,0.0010123,0.003876,0.0079401,0.0010664,0.00037119,0.0058802,0.028382,0.012216,-0.0041591,0.017812,0.0057579,0.0086311,-0.00011043,0.022956,0.025586,0.057365
2484,0.068982,-0.068432,-0.077723,0.084437,0.27196,0.0063668,0.0015103,0.0053172,0.0048517,-0.020895,-0.0075772,-0.68989,0.021513,-9.2313e-05,0.002638,0.014314,-0.00036106,0.020078,0.0061529,0.012836,0.011353,0.020824,0.011858,0.0016853,0.0064236,0.0027379,-0.027841,0.0099079,,,-0.0014732,-0.058079,0.0070617,-0.0059394,0.0047768,0.00056625,0.0032221,0.0052574,0.00081435,-0.001668,0.0051845,-0.005207,0.0027494,-0.0035042,0.025622,0.0037422,0.0059911,0.0085394,0.020435,0.022209,0.050502
2485,0.044412,-0.021596,-0.20548,0.046401,0.0050424,-0.0044208,0.00045881,-0.010865,0.0096908,0.45975,0.021832,0.10415,0.027872,-0.0034169,0.0014657,0.010461,0.0013458,0.015491,-0.00654,0.010275,0.010612,0.020604,0.033161,0.0013151,0.0018104,0.0031672,0.005353,0.0018933,,,-0.004685,-0.0007104,0.079977,-0.0007192,-0.053538,0.00048334,0.004345,0.012238,0.00041149,0.0048742,0.0022227,-0.00070194,0.00021149,-0.00079481,0.012751,0.0020076,0.0076287,0.0085887,0.0036892,0.019895,0.076088
2486,0.017285,-0.035118,-0.29837,0.051284,0.0037953,-0.0047262,0.001307,-0.010083,0.0081825,0.026157,0.079026,0.044784,0.01854,0.0014916,0.0034734,0.0069285,0.0022971,0.01466,-0.011085,-0.003521,0.0078518,0.013365,0.057708,0.0025532,0.00097467,0.0033704,0.00070866,0.0011483,,,-0.0054289,-0.00023252,0.065595,0.002766,0.23979,0.0027142,0.00295,0.011332,-0.00051767,0.0058143,0.0032095,0.0014741,0.0026888,0.0022482,0.0098377,0.0033907,0.024744,0.010118,0.0040853,0.021615,0.065767
2487,0.0094923,0.011031,0.84083,0.1152,0.0013942,0.0043763,0.0035816,-0.0025668,0.014124,0.0093007,0.017537,0.02708,0.0059013,0.0036751,0.0032082,0.0069865,0.0050049,0.013766,-0.01056,0.00050485,0.014629,0.009536,0.42203,0.0035419,0.0022563,-0.0010434,0.0028572,0.0099816,,,0.0012076,0.0007095,0.0061199,0.011362,0.0015375,0.0062513,0.0051577,0.0093962,-0.0006473,0.0066401,0.0054317,0.00099452,0.0032308,0.012145,0.011532,0.0048817,0.071774,0.024322,0.010511,0.1091,0.023325
2488,0.017175,0.0081846,0.76198,0.16239,0.004335,0.003186,0.0069676,-0.00014595,0.0088425,0.011529,0.041903,0.022056,0.0084688,0.026308,0.0029022,0.0048658,0.01224,0.0063173,-0.012413,0.019088,0.0092214,0.0088009,3,0.011649,0.0031362,-0.063355,0.0071122,0.014444,,,0.0023072,0.0039571,0.003612,0.010335,0.0024699,0.018167,0.0053449,0.019568,0.0015828,0.0064146,0.0042797,0.0014786,0.0068092,0.0097899,0.0096359,0.0049437,0.031651,0.023126,0.01533,0.20491,0.023346
2489,0.014214,0.0014154,-0.28636,0.071672,0.061907,-0.0012564,0.0097696,0.0044062,0.0020331,0.0090826,0.0051381,0.006853,0.014603,0.030487,0.0051231,0.0050619,0.056526,0.0060974,0.016723,0.068209,0.0068937,0.0045593,0.20334,0.018852,0.012577,0.0051931,-0.023277,0.013267,,,0.0019391,0.0087254,-0.0035886,0.0064246,-0.0024111,-0.043189,0.0035379,0.019084,0.0056798,-0.0024871,0.0043297,0.0072143,0.006305,0.010149,0.02502,0.0061111,0.084698,0.016053,0.021368,0.07433,0.041805
2490,0.011781,0.00080359,-0.16843,0.040037,0.10618,0.00038434,0.0054223,0.0042847,0.0017143,0.0076397,0.0029056,0.0050546,0.017374,0.0054327,0.0048594,0.0066973,0.15865,0.0082563,0.0020197,0.065514,0.018215,0.0027282,0.075607,-0.088599,0.013091,0.002869,-0.021515,0.014614,,,0.0033948,0.016601,-0.0053082,0.0093866,-0.0043608,-0.030631,0.004798,-0.18105,0.012319,-0.0065297,0.0043567,0.011824,0.0031002,0.011228,0.060181,0.0081981,0.10962,0.023022,0.018623,0.047744,0.039031
2491,0.018733,0.0016655,-0.15852,0.016937,0.066447,0.00034191,0.0025443,0.0072674,0.0033914,0.0053544,0.0015668,0.011404,-0.015206,0.0035939,0.0044374,-0.0025927,-0.058833,0.0039589,-0.00019154,0.045947,0.022082,0.0041044,0.049342,-0.05743,0.0032698,0.0058866,0.0073768,0.033874,,,0.0064095,0.022874,0.01562,0.004844,-0.008241,-0.031964,0.0078373,-0.0011141,-0.040834,-0.012275,0.00057239,0.0077303,0.0024764,0.00035665,0.18077,0.0081353,0.030554,0.020001,0.0086308,0.021941,0.044424
2492,0.018048,0.0022525,-0.080363,-0.0052158,0.064594,-0.00059061,0.0046453,0.0082762,0.0047637,0.0052868,0.0013039,0.014777,-0.025298,0.0023058,0.0028232,0.0018773,-0.085727,0.016791,-0.0047358,0.054398,0.016034,0.0053238,0.03855,0.0042745,0.0054661,0.0069886,0.007482,0.020188,,,0.0063984,0.017184,0.024771,0.0068067,-0.0032802,0.0032237,0.0081488,-0.00079112,-0.048846,-0.0014925,0.0022245,0.0063224,0.00098272,-0.00059904,0.081668,0.0040153,0.011899,0.016409,0.002824,0.019569,0.048447
2493,0.052462,0.0050383,-0.096229,-0.0016973,0.033684,-0.00037013,0.013574,0.010647,0.011896,0.0055791,0.015908,0.017469,0.006993,0.0013269,0.0019518,0.014066,0.018875,0.042119,0.0088996,0.040865,0.01623,0.01269,0.013293,0.0016524,0.012404,0.0041607,0.0039621,0.0066462,,,0.010367,0.083695,0.018262,0.019865,0.019092,-0.0012328,0.0064408,-0.0023361,0.024913,0.0082059,0.010629,0.0080205,-0.0014723,-3.2836e-05,0.028407,0.0029543,0.021038,-0.036287,-0.0017923,0.032779,0.031436
2494,0.1048,-0.011564,-0.43184,0.14414,5.2034,-0.0040742,0.031693,0.021242,0.0043772,0.00085286,0.0097762,0.0098277,0.0010094,0.004479,0.0017149,0.013738,0.024967,0.0096124,-0.0022643,0.032617,-0.0068505,0.025519,0.011445,0.0031466,0.019311,0.0077185,0.0097383,0.0073097,,,0.011186,0.20331,0.013761,0.0095969,0.012314,-0.00065843,0.0029583,-0.0071805,0.0093593,0.0080034,0.0090792,0.014788,-0.004614,0.00028244,0.021074,0.0011672,0.020772,0.015335,-0.00019122,0.054555,0.031364
2495,0.022651,0.046688,-0.73675,-1.2059,-0.41987,-0.0032231,0.026467,0.025883,0.00087395,0.0014,0.01023,0.0081871,0.0018602,0.0011432,0.0044783,0.040674,0.032848,0.020914,0.0028369,0.064195,0.008772,0.022019,0.012735,0.00091955,0.18154,0.01653,0.0094232,0.013924,,,0.008898,0.12992,0.05359,0.019702,-0.0040719,-0.0062692,0.0012889,-0.018332,0.005544,0.012757,0.014158,0.026519,0.0043137,0.00019993,0.035511,0.00069717,0.041546,0.05855,0.0009638,0.061536,0.050479
2496,0.01808,0.031544,-0.20716,-0.066631,0.34812,0.0043641,-0.12118,0.030839,0.011468,0.0022025,0.027099,0.011339,0.0024467,-0.00022774,0.0059452,0.037581,0.033015,0.012507,0.0039415,0.027604,0.033194,0.021093,0.016259,0.00050477,0.0084893,0.0135,0.0058839,0.04633,,,0.0055633,0.024751,0.024033,0.030406,-0.0025919,-0.28326,0.00031237,0.017689,0.0055861,0.015544,0.01764,0.02601,0.0092548,0.00081479,0.032873,0.0032303,0.037979,0.091639,0.0058059,0.11192,0.063554
2497,0.018692,0.015647,-0.38589,-0.0075516,0.14763,0.0089314,-0.15286,0.042961,0.025113,0.00077284,0.033532,0.0018335,0.0046339,2.8526e-05,0.0071855,0.031954,-1.6083,0.015603,0.0099916,0.019578,0.058374,0.016673,0.03048,0.0044223,0.0039228,0.018415,0.017631,0.066885,,,0.0026135,0.014417,0.010578,0.012578,0.0082232,-0.011558,-0.00059685,0.01989,0.024004,0.01146,0.0077437,0.022103,0.019488,0.0040972,0.043367,0.0055672,0.0096553,0.06054,0.0033486,0.1056,0.10896
2498,0.013387,0.013135,-0.21423,0.018458,0.079611,0.0019911,0.038806,0.030675,0.038992,0.017155,0.029834,0.0054469,0.0054346,-0.00050271,0.010578,0.024315,-0.15135,0.02946,0.014882,0.028578,0.029965,0.020286,0.050485,0.007451,0.0070511,0.01381,0.019049,0.067671,,,0.0023419,0.0027195,0.0047918,0.009966,0.013793,0.027704,0.0023285,0.017994,0.51642,0.010172,0.0021436,0.021462,0.019129,0.0082143,0.05177,0.0025902,-0.012286,0.060756,0.0039889,0.09737,0.11126
2499,0.033238,0.0018925,-5.8121,0.3509,0.021765,0.0004768,0.024266,0.025489,0.037147,0.011499,0.02382,0.037567,0.0064605,0.0023474,-0.0022687,0.017267,0.060175,0.009651,0.031338,0.0043497,0.043805,0.030366,0.041107,0.0013317,0.011026,0.0029494,0.013394,0.047666,,,0.0041216,0.0080722,0.0043376,0.014924,0.011443,-0.023577,0.0024708,0.010892,-0.055328,0.0041232,0.0035095,0.021547,0.011626,0.0074814,0.048786,0.0071874,-0.00017611,0.08326,0.0017114,0.096615,0.068267
