wavelength_nm,050821-S2,050821-S3,050821-S4,050821-S7,050821-S8,060821-S1,060821-S2,060821-S3,060821-S4,060821-S5,060821-S6,060821-S7,060821-S9,060821-S10,060821-S11,060821-S12,060821-S13,060821-S14,060821-S15,060821-S16
350,0.43039,0.33268,0.27550,0.21080,0.21116,0.17009,0.24213,0.33121,0.18589,0.17769,0.12487,0.26600,0.11652,0.12919,0.45647,0.35809,0.20201,0.29026,0.13346,0.23618
351,0.43049,0.33271,0.27561,0.21087,0.21130,0.17016,0.24232,0.33132,0.18593,0.17776,0.12505,0.26624,0.11661,0.12929,0.45655,0.35820,0.20209,0.29048,0.13349,0.23615
352,0.43056,0.33272,0.27571,0.21099,0.21144,0.17031,0.24249,0.33145,0.18606,0.17788,0.12528,0.26655,0.11668,0.12937,0.45669,0.35832,0.20216,0.29066,0.13361,0.23621
353,0.43058,0.33264,0.27575,0.21111,0.21160,0.17031,0.24263,0.33147,0.18607,0.17793,0.12541,0.26681,0.11668,0.12947,0.45675,0.35856,0.20222,0.29066,0.13374,0.23619
354,0.43058,0.33270,0.27591,0.21127,0.21180,0.17035,0.24265,0.33145,0.18601,0.17788,0.12558,0.26696,0.11672,0.12959,0.45682,0.35873,0.20214,0.29076,0.13372,0.23602
355,0.43051,0.33271,0.27608,0.21135,0.21193,0.17032,0.24278,0.33142,0.18597,0.17781,0.12570,0.26708,0.11674,0.12961,0.45685,0.35887,0.20205,0.29084,0.13363,0.23594
356,0.43041,0.33269,0.27623,0.21138,0.21200,0.17024,0.24302,0.33139,0.18597,0.17777,0.12579,0.26723,0.11674,0.12956,0.45685,0.35900,0.20206,0.29087,0.13360,0.23600
357,0.43042,0.33285,0.27639,0.21159,0.21229,0.17021,0.24310,0.33144,0.18594,0.17782,0.12600,0.26749,0.11678,0.12965,0.45689,0.35911,0.20228,0.29101,0.13371,0.23599
358,0.43047,0.33294,0.27654,0.21167,0.21262,0.17019,0.24321,0.33143,0.18585,0.17782,0.12616,0.26777,0.11685,0.12969,0.45701,0.35923,0.20236,0.29111,0.13376,0.23594
359,0.43049,0.33297,0.27659,0.21173,0.21287,0.17013,0.24334,0.33140,0.18571,0.17773,0.12625,0.26794,0.11687,0.12967,0.45708,0.35927,0.20230,0.29119,0.13372,0.23583
360,0.43048,0.33300,0.27657,0.21185,0.21298,0.17004,0.24348,0.33140,0.18556,0.17762,0.12633,0.26802,0.11686,0.12965,0.45706,0.35923,0.20221,0.29126,0.13363,0.23570
361,0.43042,0.33311,0.27671,0.21200,0.21310,0.17006,0.24365,0.33144,0.18553,0.17765,0.12652,0.26824,0.11695,0.12977,0.45723,0.35932,0.20224,0.29134,0.13361,0.23574
362,0.43037,0.33314,0.27678,0.21202,0.21322,0.17007,0.24383,0.33145,0.18559,0.17766,0.12666,0.26845,0.11703,0.12986,0.45736,0.35941,0.20229,0.29151,0.13356,0.23566
363,0.43036,0.33310,0.27680,0.21203,0.21333,0.17004,0.24400,0.33146,0.18562,0.17767,0.12676,0.26863,0.11706,0.12989,0.45743,0.35949,0.20232,0.29167,0.13350,0.23555
364,0.43038,0.33305,0.27687,0.21215,0.21345,0.17000,0.24410,0.33151,0.18553,0.17772,0.12685,0.26878,0.11707,0.12991,0.45743,0.35959,0.20231,0.29174,0.13348,0.23551
365,0.43043,0.33301,0.27702,0.21230,0.21360,0.17001,0.24413,0.33152,0.18547,0.17769,0.12687,0.26892,0.11707,0.13005,0.45741,0.35967,0.20224,0.29182,0.13342,0.23540
366,0.43052,0.33288,0.27710,0.21238,0.21379,0.17007,0.24420,0.33156,0.18548,0.17767,0.12701,0.26904,0.11708,0.13016,0.45739,0.35989,0.20225,0.29188,0.13339,0.23531
367,0.43063,0.33269,0.27714,0.21244,0.21394,0.17017,0.24430,0.33161,0.18551,0.17770,0.12720,0.26918,0.11710,0.13022,0.45739,0.36021,0.20230,0.29195,0.13341,0.23525
368,0.43070,0.33253,0.27723,0.21256,0.21400,0.17033,0.24435,0.33162,0.18550,0.17781,0.12730,0.26938,0.11711,0.13029,0.45743,0.36048,0.20229,0.29206,0.13351,0.23518
369,0.43077,0.33257,0.27737,0.21269,0.21410,0.17042,0.24441,0.33165,0.18551,0.17788,0.12743,0.26956,0.11712,0.13034,0.45737,0.36073,0.20238,0.29209,0.13355,0.23516
370,0.43088,0.33265,0.27755,0.21286,0.21426,0.17049,0.24444,0.33165,0.18557,0.17794,0.12759,0.26975,0.11719,0.13042,0.45730,0.36096,0.20245,0.29215,0.13372,0.23514
371,0.43100,0.33272,0.27773,0.21302,0.21444,0.17053,0.24447,0.33162,0.18561,0.17798,0.12775,0.26994,0.11726,0.13050,0.45729,0.36119,0.20244,0.29227,0.13395,0.23512
372,0.43108,0.33280,0.27789,0.21310,0.21464,0.17049,0.24448,0.33159,0.18551,0.17794,0.12784,0.27015,0.11720,0.13050,0.45741,0.36144,0.20240,0.29239,0.13398,0.23506
373,0.43112,0.33278,0.27800,0.21312,0.21477,0.17049,0.24463,0.33161,0.18550,0.17800,0.12803,0.27040,0.11723,0.13054,0.45748,0.36169,0.20250,0.29257,0.13400,0.23505
374,0.43114,0.33272,0.27813,0.21319,0.21488,0.17051,0.24483,0.33174,0.18551,0.17807,0.12822,0.27064,0.11728,0.13059,0.45754,0.36189,0.20261,0.29274,0.13404,0.23508
375,0.43117,0.33269,0.27829,0.21331,0.21503,0.17054,0.24502,0.33192,0.18547,0.17808,0.12833,0.27083,0.11731,0.13063,0.45764,0.36206,0.20267,0.29287,0.13410,0.23512
376,0.43128,0.33275,0.27840,0.21337,0.21524,0.17059,0.24518,0.33194,0.18544,0.17808,0.12840,0.27096,0.11732,0.13071,0.45780,0.36227,0.20280,0.29298,0.13412,0.23510
377,0.43144,0.33284,0.27853,0.21356,0.21549,0.17069,0.24527,0.33206,0.18548,0.17818,0.12853,0.27118,0.11739,0.13083,0.45791,0.36256,0.20292,0.29316,0.13418,0.23508
378,0.43162,0.33296,0.27870,0.21383,0.21570,0.17082,0.24530,0.33220,0.18555,0.17832,0.12870,0.27143,0.11746,0.13097,0.45799,0.36291,0.20300,0.29333,0.13428,0.23507
379,0.43181,0.33311,0.27888,0.21405,0.21581,0.17091,0.24532,0.33229,0.18557,0.17844,0.12887,0.27165,0.11749,0.13108,0.45805,0.36329,0.20302,0.29341,0.13440,0.23507
380,0.43197,0.33327,0.27907,0.21424,0.21607,0.17098,0.24538,0.33236,0.18563,0.17853,0.12908,0.27194,0.11752,0.13120,0.45806,0.36363,0.20310,0.29346,0.13452,0.23501
381,0.43212,0.33342,0.27931,0.21443,0.21630,0.17107,0.24547,0.33243,0.18568,0.17864,0.12929,0.27224,0.11757,0.13129,0.45808,0.36394,0.20317,0.29357,0.13465,0.23500
382,0.43223,0.33350,0.27959,0.21459,0.21648,0.17113,0.24560,0.33249,0.18572,0.17874,0.12951,0.27255,0.11761,0.13137,0.45814,0.36420,0.20323,0.29374,0.13478,0.23504
383,0.43226,0.33347,0.27986,0.21470,0.21667,0.17112,0.24578,0.33252,0.18574,0.17878,0.12976,0.27286,0.11765,0.13144,0.45822,0.36438,0.20330,0.29393,0.13490,0.23507
384,0.43229,0.33352,0.27996,0.21477,0.21688,0.17119,0.24610,0.33272,0.18578,0.17888,0.13001,0.27317,0.11774,0.13155,0.45842,0.36464,0.20344,0.29416,0.13500,0.23520
385,0.43235,0.33362,0.28006,0.21484,0.21708,0.17120,0.24634,0.33285,0.18575,0.17893,0.13019,0.27344,0.11780,0.13161,0.45864,0.36482,0.20355,0.29436,0.13503,0.23525
386,0.43243,0.33378,0.28021,0.21496,0.21728,0.17116,0.24648,0.33288,0.18567,0.17891,0.13031,0.27365,0.11785,0.13165,0.45884,0.36494,0.20363,0.29454,0.13500,0.23524
387,0.43253,0.33403,0.28034,0.21516,0.21750,0.17118,0.24671,0.33300,0.18567,0.17895,0.13046,0.27388,0.11799,0.13179,0.45904,0.36511,0.20376,0.29478,0.13498,0.23530
388,0.43266,0.33422,0.28047,0.21540,0.21768,0.17131,0.24689,0.33320,0.18567,0.17904,0.13061,0.27413,0.11811,0.13193,0.45917,0.36535,0.20385,0.29498,0.13502,0.23531
389,0.43280,0.33436,0.28059,0.21560,0.21789,0.17144,0.24701,0.33340,0.18568,0.17915,0.13077,0.27438,0.11824,0.13206,0.45930,0.36559,0.20391,0.29512,0.13508,0.23529
390,0.43294,0.33447,0.28069,0.21575,0.21810,0.17153,0.24709,0.33353,0.18572,0.17923,0.13095,0.27462,0.11836,0.13220,0.45945,0.36582,0.20396,0.29523,0.13515,0.23527
391,0.43315,0.33454,0.28077,0.21596,0.21822,0.17162,0.24715,0.33358,0.18572,0.17931,0.13112,0.27489,0.11841,0.13231,0.45949,0.36606,0.20396,0.29536,0.13517,0.23525
392,0.43326,0.33462,0.28090,0.21606,0.21829,0.17167,0.24726,0.33370,0.18572,0.17939,0.13134,0.27517,0.11847,0.13241,0.45953,0.36632,0.20398,0.29548,0.13530,0.23525
393,0.43323,0.33477,0.28109,0.21607,0.21841,0.17164,0.24739,0.33377,0.18565,0.17942,0.13155,0.27543,0.11850,0.13245,0.45959,0.36650,0.20401,0.29561,0.13540,0.23524
394,0.43310,0.33500,0.28131,0.21606,0.21861,0.17153,0.24755,0.33370,0.18550,0.17937,0.13169,0.27568,0.11848,0.13241,0.45970,0.36652,0.20402,0.29576,0.13537,0.23519
395,0.43306,0.33513,0.28133,0.21612,0.21873,0.17154,0.24783,0.33380,0.18546,0.17934,0.13189,0.27605,0.11858,0.13244,0.45995,0.36652,0.20407,0.29596,0.13537,0.23519
396,0.43304,0.33521,0.28135,0.21616,0.21887,0.17149,0.24812,0.33390,0.18535,0.17926,0.13204,0.27630,0.11866,0.13246,0.46018,0.36646,0.20413,0.29616,0.13531,0.23520
397,0.43302,0.33524,0.28136,0.21615,0.21898,0.17140,0.24836,0.33397,0.18520,0.17918,0.13210,0.27642,0.11871,0.13249,0.46039,0.36641,0.20417,0.29636,0.13520,0.23519
398,0.43300,0.33519,0.28131,0.21612,0.21902,0.17140,0.24852,0.33406,0.18510,0.17919,0.13212,0.27650,0.11879,0.13253,0.46064,0.36646,0.20415,0.29654,0.13509,0.23515
399,0.43300,0.33519,0.28134,0.21625,0.21909,0.17146,0.24854,0.33412,0.18500,0.17918,0.13213,0.27659,0.11886,0.13256,0.46080,0.36648,0.20414,0.29663,0.13500,0.23505
400,0.43308,0.33519,0.28133,0.21637,0.21911,0.17150,0.24860,0.33419,0.18493,0.17918,0.13217,0.27671,0.11894,0.13262,0.46084,0.36666,0.20411,0.29666,0.13496,0.23494
401,0.43323,0.33515,0.28129,0.21646,0.21911,0.17154,0.24869,0.33425,0.18491,0.17921,0.13225,0.27684,0.11899,0.13271,0.46083,0.36695,0.20408,0.29669,0.13497,0.23487
402,0.43330,0.33506,0.28138,0.21658,0.21916,0.17162,0.24863,0.33420,0.18486,0.17928,0.13232,0.27697,0.11897,0.13281,0.46082,0.36718,0.20403,0.29670,0.13503,0.23487
403,0.43334,0.33494,0.28147,0.21661,0.21919,0.17161,0.24860,0.33409,0.18484,0.17926,0.13240,0.27709,0.11893,0.13282,0.46072,0.36737,0.20406,0.29668,0.13512,0.23480
404,0.43338,0.33487,0.28157,0.21663,0.21928,0.17160,0.24860,0.33402,0.18482,0.17926,0.13249,0.27722,0.11889,0.13282,0.46062,0.36756,0.20410,0.29672,0.13521,0.23473
405,0.43344,0.33489,0.28171,0.21670,0.21945,0.17164,0.24866,0.33400,0.18481,0.17932,0.13261,0.27738,0.11886,0.13286,0.46059,0.36780,0.20413,0.29684,0.13530,0.23473
406,0.43348,0.33491,0.28188,0.21685,0.21955,0.17163,0.24881,0.33399,0.18483,0.17936,0.13274,0.27757,0.11882,0.13290,0.46061,0.36807,0.20419,0.29699,0.13537,0.23474
407,0.43352,0.33496,0.28200,0.21695,0.21965,0.17158,0.24889,0.33397,0.18480,0.17938,0.13284,0.27776,0.11881,0.13290,0.46070,0.36826,0.20424,0.29708,0.13546,0.23473
408,0.43354,0.33503,0.28208,0.21701,0.21977,0.17154,0.24897,0.33399,0.18475,0.17941,0.13293,0.27793,0.11884,0.13291,0.46081,0.36840,0.20429,0.29717,0.13552,0.23471
409,0.43356,0.33513,0.28218,0.21709,0.21991,0.17153,0.24911,0.33411,0.18472,0.17943,0.13304,0.27810,0.11890,0.13297,0.46090,0.36855,0.20437,0.29733,0.13553,0.23468
410,0.43362,0.33524,0.28227,0.21718,0.22001,0.17157,0.24923,0.33420,0.18468,0.17944,0.13314,0.27828,0.11897,0.13304,0.46099,0.36867,0.20444,0.29746,0.13558,0.23467
411,0.43371,0.33534,0.28239,0.21732,0.22014,0.17159,0.24933,0.33430,0.18466,0.17946,0.13325,0.27847,0.11903,0.13313,0.46106,0.36878,0.20449,0.29761,0.13561,0.23468
412,0.43380,0.33546,0.28253,0.21746,0.22028,0.17160,0.24943,0.33438,0.18465,0.17948,0.13336,0.27867,0.11909,0.13320,0.46115,0.36890,0.20452,0.29775,0.13563,0.23468
413,0.43389,0.33559,0.28265,0.21756,0.22037,0.17165,0.24952,0.33442,0.18463,0.17953,0.13346,0.27889,0.11914,0.13325,0.46133,0.36907,0.20456,0.29785,0.13565,0.23468
414,0.43396,0.33563,0.28271,0.21766,0.22048,0.17171,0.24963,0.33452,0.18467,0.17959,0.13358,0.27910,0.11920,0.13332,0.46144,0.36928,0.20461,0.29801,0.13574,0.23469
415,0.43400,0.33567,0.28279,0.21776,0.22058,0.17175,0.24974,0.33458,0.18468,0.17966,0.13370,0.27927,0.11925,0.13339,0.46150,0.36948,0.20466,0.29813,0.13582,0.23468
416,0.43405,0.33575,0.28293,0.21789,0.22068,0.17175,0.24982,0.33460,0.18464,0.17971,0.13380,0.27942,0.11927,0.13343,0.46156,0.36966,0.20470,0.29822,0.13586,0.23466
417,0.43414,0.33582,0.28306,0.21799,0.22081,0.17176,0.24989,0.33463,0.18462,0.17972,0.13391,0.27962,0.11931,0.13347,0.46161,0.36980,0.20473,0.29834,0.13590,0.23465
418,0.43422,0.33588,0.28317,0.21808,0.22093,0.17181,0.25003,0.33467,0.18462,0.17979,0.13405,0.27982,0.11937,0.13354,0.46170,0.36998,0.20481,0.29855,0.13598,0.23469
419,0.43430,0.33594,0.28326,0.21817,0.22103,0.17184,0.25014,0.33473,0.18461,0.17985,0.13417,0.28001,0.11943,0.13360,0.46181,0.37014,0.20488,0.29875,0.13605,0.23470
420,0.43439,0.33605,0.28333,0.21829,0.22113,0.17183,0.25020,0.33479,0.18458,0.17986,0.13424,0.28018,0.11945,0.13364,0.46191,0.37027,0.20491,0.29884,0.13607,0.23465
421,0.43447,0.33618,0.28348,0.21843,0.22126,0.17191,0.25034,0.33484,0.18458,0.17994,0.13437,0.28038,0.11953,0.13371,0.46206,0.37046,0.20499,0.29900,0.13615,0.23469
422,0.43454,0.33630,0.28360,0.21854,0.22141,0.17193,0.25047,0.33495,0.18457,0.17997,0.13451,0.28057,0.11959,0.13379,0.46214,0.37062,0.20505,0.29914,0.13622,0.23471
423,0.43463,0.33638,0.28368,0.21863,0.22154,0.17194,0.25057,0.33507,0.18455,0.18000,0.13464,0.28075,0.11963,0.13388,0.46218,0.37077,0.20509,0.29926,0.13628,0.23474
424,0.43475,0.33643,0.28376,0.21876,0.22163,0.17201,0.25064,0.33512,0.18452,0.18006,0.13475,0.28094,0.11968,0.13397,0.46226,0.37098,0.20515,0.29941,0.13633,0.23476
425,0.43490,0.33651,0.28393,0.21891,0.22176,0.17205,0.25072,0.33520,0.18453,0.18010,0.13484,0.28110,0.11972,0.13404,0.46234,0.37121,0.20522,0.29953,0.13640,0.23477
426,0.43505,0.33664,0.28412,0.21907,0.22191,0.17208,0.25082,0.33529,0.18455,0.18018,0.13498,0.28129,0.11978,0.13412,0.46242,0.37147,0.20531,0.29967,0.13652,0.23479
427,0.43517,0.33681,0.28430,0.21920,0.22204,0.17212,0.25094,0.33537,0.18457,0.18027,0.13516,0.28154,0.11987,0.13423,0.46252,0.37170,0.20540,0.29984,0.13664,0.23485
428,0.43527,0.33699,0.28445,0.21933,0.22215,0.17217,0.25104,0.33543,0.18458,0.18033,0.13534,0.28186,0.11995,0.13430,0.46261,0.37185,0.20549,0.30001,0.13674,0.23493
429,0.43535,0.33715,0.28457,0.21942,0.22227,0.17217,0.25126,0.33550,0.18454,0.18036,0.13550,0.28210,0.11999,0.13435,0.46272,0.37193,0.20559,0.30026,0.13679,0.23499
430,0.43538,0.33729,0.28467,0.21949,0.22242,0.17216,0.25149,0.33559,0.18447,0.18038,0.13564,0.28231,0.12006,0.13438,0.46291,0.37197,0.20569,0.30051,0.13681,0.23502
431,0.43536,0.33743,0.28476,0.21956,0.22257,0.17217,0.25168,0.33573,0.18439,0.18040,0.13574,0.28250,0.12017,0.13440,0.46318,0.37201,0.20579,0.30072,0.13680,0.23505
432,0.43542,0.33759,0.28479,0.21966,0.22267,0.17227,0.25189,0.33586,0.18434,0.18039,0.13583,0.28268,0.12025,0.13445,0.46340,0.37207,0.20588,0.30098,0.13679,0.23508
433,0.43548,0.33768,0.28479,0.21977,0.22274,0.17230,0.25200,0.33599,0.18427,0.18040,0.13590,0.28284,0.12035,0.13452,0.46349,0.37223,0.20593,0.30114,0.13683,0.23513
434,0.43556,0.33776,0.28481,0.21988,0.22277,0.17230,0.25204,0.33607,0.18419,0.18043,0.13595,0.28298,0.12045,0.13459,0.46351,0.37242,0.20597,0.30122,0.13688,0.23516
435,0.43567,0.33790,0.28490,0.22000,0.22280,0.17234,0.25207,0.33610,0.18413,0.18044,0.13602,0.28313,0.12050,0.13464,0.46355,0.37258,0.20605,0.30131,0.13690,0.23513
436,0.43577,0.33798,0.28496,0.22018,0.22291,0.17237,0.25209,0.33610,0.18407,0.18045,0.13610,0.28326,0.12050,0.13467,0.46359,0.37276,0.20607,0.30140,0.13693,0.23509
437,0.43583,0.33796,0.28501,0.22025,0.22297,0.17239,0.25219,0.33609,0.18403,0.18047,0.13619,0.28342,0.12053,0.13471,0.46362,0.37293,0.20610,0.30150,0.13700,0.23511
438,0.43586,0.33792,0.28509,0.22026,0.22300,0.17239,0.25232,0.33609,0.18398,0.18049,0.13629,0.28359,0.12056,0.13475,0.46366,0.37305,0.20618,0.30164,0.13708,0.23517
439,0.43592,0.33798,0.28526,0.22035,0.22310,0.17240,0.25244,0.33610,0.18392,0.18049,0.13636,0.28372,0.12057,0.13476,0.46373,0.37314,0.20628,0.30182,0.13712,0.23520
440,0.43595,0.33808,0.28535,0.22044,0.22317,0.17240,0.25253,0.33616,0.18389,0.18055,0.13643,0.28384,0.12060,0.13476,0.46386,0.37329,0.20636,0.30197,0.13716,0.23521
441,0.43597,0.33817,0.28541,0.22057,0.22327,0.17242,0.25263,0.33625,0.18386,0.18061,0.13649,0.28400,0.12066,0.13481,0.46398,0.37345,0.20644,0.30211,0.13722,0.23523
442,0.43601,0.33826,0.28549,0.22075,0.22338,0.17245,0.25273,0.33634,0.18382,0.18064,0.13657,0.28418,0.12074,0.13488,0.46404,0.37361,0.20653,0.30224,0.13731,0.23526
443,0.43612,0.33843,0.28559,0.22088,0.22342,0.17247,0.25278,0.33638,0.18379,0.18070,0.13667,0.28433,0.12078,0.13494,0.46406,0.37378,0.20661,0.30241,0.13740,0.23530
444,0.43618,0.33853,0.28563,0.22097,0.22346,0.17247,0.25283,0.33639,0.18373,0.18070,0.13676,0.28449,0.12084,0.13500,0.46410,0.37389,0.20671,0.30257,0.13747,0.23531
445,0.43618,0.33859,0.28567,0.22108,0.22351,0.17248,0.25288,0.33640,0.18367,0.18068,0.13686,0.28467,0.12092,0.13505,0.46418,0.37400,0.20681,0.30275,0.13754,0.23531
446,0.43619,0.33868,0.28576,0.22123,0.22358,0.17251,0.25294,0.33643,0.18363,0.18070,0.13696,0.28485,0.12099,0.13508,0.46431,0.37414,0.20690,0.30298,0.13764,0.23533
447,0.43627,0.33883,0.28585,0.22137,0.22367,0.17257,0.25298,0.33651,0.18360,0.18077,0.13706,0.28500,0.12107,0.13512,0.46440,0.37429,0.20703,0.30321,0.13775,0.23536
448,0.43638,0.33903,0.28593,0.22152,0.22375,0.17259,0.25303,0.33661,0.18357,0.18086,0.13714,0.28511,0.12115,0.13517,0.46447,0.37444,0.20715,0.30342,0.13785,0.23541
449,0.43649,0.33928,0.28602,0.22169,0.22383,0.17260,0.25306,0.33671,0.18355,0.18095,0.13721,0.28522,0.12122,0.13522,0.46454,0.37460,0.20723,0.30359,0.13795,0.23547
450,0.43660,0.33954,0.28612,0.22188,0.22391,0.17262,0.25305,0.33678,0.18352,0.18102,0.13729,0.28535,0.12128,0.13528,0.46458,0.37476,0.20731,0.30372,0.13806,0.23552
451,0.43672,0.33973,0.28621,0.22202,0.22393,0.17262,0.25311,0.33680,0.18351,0.18110,0.13740,0.28547,0.12138,0.13533,0.46459,0.37496,0.20738,0.30383,0.13823,0.23559
452,0.43681,0.33990,0.28633,0.22213,0.22398,0.17262,0.25320,0.33680,0.18349,0.18119,0.13751,0.28559,0.12146,0.13540,0.46458,0.37518,0.20745,0.30395,0.13837,0.23564
453,0.43686,0.34007,0.28648,0.22224,0.22405,0.17264,0.25331,0.33678,0.18347,0.18127,0.13760,0.28571,0.12151,0.13547,0.46459,0.37541,0.20753,0.30410,0.13845,0.23568
454,0.43690,0.34022,0.28660,0.22238,0.22409,0.17266,0.25347,0.33677,0.18346,0.18130,0.13769,0.28581,0.12158,0.13551,0.46463,0.37564,0.20765,0.30429,0.13852,0.23572
455,0.43698,0.34033,0.28670,0.22251,0.22418,0.17271,0.25362,0.33675,0.18344,0.18134,0.13776,0.28595,0.12164,0.13556,0.46472,0.37583,0.20777,0.30449,0.13859,0.23577
456,0.43706,0.34041,0.28680,0.22263,0.22426,0.17275,0.25378,0.33674,0.18341,0.18134,0.13781,0.28612,0.12170,0.13562,0.46486,0.37596,0.20790,0.30470,0.13870,0.23583
457,0.43713,0.34049,0.28689,0.22274,0.22429,0.17278,0.25396,0.33675,0.18337,0.18133,0.13786,0.28628,0.12177,0.13566,0.46501,0.37601,0.20804,0.30492,0.13883,0.23589
458,0.43720,0.34066,0.28697,0.22288,0.22437,0.17280,0.25410,0.33678,0.18334,0.18136,0.13792,0.28646,0.12187,0.13571,0.46508,0.37611,0.20815,0.30515,0.13894,0.23598
459,0.43727,0.34083,0.28707,0.22304,0.22444,0.17282,0.25424,0.33683,0.18331,0.18141,0.13798,0.28663,0.12197,0.13575,0.46516,0.37623,0.20827,0.30538,0.13904,0.23606
460,0.43734,0.34100,0.28717,0.22321,0.22451,0.17285,0.25436,0.33688,0.18328,0.18146,0.13804,0.28679,0.12207,0.13580,0.46526,0.37636,0.20840,0.30558,0.13915,0.23614
461,0.43744,0.34121,0.28726,0.22340,0.22458,0.17289,0.25441,0.33692,0.18326,0.18152,0.13809,0.28694,0.12216,0.13585,0.46533,0.37652,0.20854,0.30577,0.13926,0.23625
462,0.43752,0.34144,0.28743,0.22360,0.22466,0.17291,0.25447,0.33694,0.18322,0.18158,0.13814,0.28708,0.12225,0.13591,0.46537,0.37670,0.20867,0.30597,0.13940,0.23633
463,0.43761,0.34164,0.28757,0.22381,0.22471,0.17294,0.25455,0.33694,0.18320,0.18166,0.13821,0.28724,0.12235,0.13597,0.46540,0.37690,0.20881,0.30614,0.13956,0.23643
464,0.43772,0.34182,0.28768,0.22399,0.22475,0.17299,0.25465,0.33695,0.18319,0.18174,0.13829,0.28742,0.12246,0.13604,0.46545,0.37708,0.20896,0.30631,0.13973,0.23655
465,0.43781,0.34203,0.28781,0.22414,0.22482,0.17301,0.25475,0.33697,0.18316,0.18180,0.13836,0.28756,0.12256,0.13607,0.46555,0.37720,0.20911,0.30655,0.13988,0.23664
466,0.43787,0.34223,0.28794,0.22430,0.22489,0.17304,0.25487,0.33697,0.18313,0.18187,0.13842,0.28769,0.12267,0.13611,0.46566,0.37734,0.20925,0.30678,0.14002,0.23674
467,0.43794,0.34247,0.28806,0.22448,0.22496,0.17306,0.25498,0.33699,0.18308,0.18194,0.13847,0.28782,0.12278,0.13615,0.46576,0.37746,0.20939,0.30700,0.14015,0.23684
468,0.43802,0.34275,0.28817,0.22467,0.22502,0.17308,0.25508,0.33702,0.18304,0.18199,0.13853,0.28798,0.12291,0.13619,0.46588,0.37757,0.20954,0.30724,0.14029,0.23692
469,0.43807,0.34296,0.28829,0.22486,0.22510,0.17310,0.25521,0.33707,0.18301,0.18205,0.13859,0.28815,0.12305,0.13622,0.46599,0.37769,0.20970,0.30747,0.14043,0.23702
470,0.43811,0.34318,0.28840,0.22503,0.22516,0.17311,0.25533,0.33708,0.18295,0.18210,0.13863,0.28828,0.12318,0.13624,0.46612,0.37777,0.20984,0.30769,0.14054,0.23710
471,0.43816,0.34341,0.28850,0.22520,0.22519,0.17312,0.25545,0.33707,0.18289,0.18213,0.13866,0.28841,0.12329,0.13627,0.46623,0.37785,0.20997,0.30791,0.14064,0.23719
472,0.43823,0.34364,0.28859,0.22541,0.22522,0.17314,0.25556,0.33709,0.18285,0.18217,0.13871,0.28856,0.12341,0.13630,0.46629,0.37798,0.21012,0.30812,0.14078,0.23727
473,0.43831,0.34385,0.28869,0.22560,0.22528,0.17315,0.25564,0.33706,0.18277,0.18220,0.13875,0.28869,0.12352,0.13632,0.46635,0.37809,0.21024,0.30832,0.14091,0.23733
474,0.43837,0.34407,0.28879,0.22576,0.22532,0.17317,0.25570,0.33704,0.18270,0.18224,0.13878,0.28881,0.12361,0.13634,0.46642,0.37822,0.21036,0.30854,0.14104,0.23742
475,0.43842,0.34428,0.28889,0.22591,0.22535,0.17319,0.25578,0.33703,0.18264,0.18228,0.13882,0.28895,0.12372,0.13636,0.46651,0.37837,0.21050,0.30878,0.14116,0.23753
476,0.43848,0.34445,0.28901,0.22608,0.22539,0.17320,0.25589,0.33705,0.18259,0.18232,0.13886,0.28909,0.12383,0.13636,0.46657,0.37849,0.21063,0.30900,0.14128,0.23762
477,0.43852,0.34467,0.28912,0.22626,0.22543,0.17320,0.25598,0.33702,0.18252,0.18236,0.13888,0.28924,0.12394,0.13636,0.46667,0.37856,0.21077,0.30921,0.14139,0.23771
478,0.43860,0.34490,0.28918,0.22642,0.22546,0.17321,0.25606,0.33698,0.18245,0.18239,0.13890,0.28937,0.12404,0.13637,0.46675,0.37865,0.21091,0.30941,0.14151,0.23779
479,0.43871,0.34512,0.28922,0.22655,0.22547,0.17324,0.25615,0.33696,0.18238,0.18243,0.13894,0.28947,0.12412,0.13640,0.46676,0.37876,0.21105,0.30960,0.14163,0.23787
480,0.43880,0.34532,0.28925,0.22671,0.22547,0.17326,0.25623,0.33694,0.18232,0.18250,0.13897,0.28960,0.12423,0.13644,0.46680,0.37886,0.21119,0.30976,0.14177,0.23798
481,0.43890,0.34551,0.28930,0.22687,0.22548,0.17326,0.25628,0.33688,0.18225,0.18254,0.13898,0.28971,0.12431,0.13645,0.46680,0.37898,0.21131,0.30991,0.14185,0.23807
482,0.43904,0.34570,0.28937,0.22701,0.22551,0.17328,0.25633,0.33682,0.18218,0.18258,0.13900,0.28981,0.12438,0.13647,0.46679,0.37914,0.21142,0.31005,0.14194,0.23815
483,0.43921,0.34594,0.28947,0.22717,0.22555,0.17331,0.25642,0.33682,0.18215,0.18268,0.13904,0.28996,0.12446,0.13652,0.46678,0.37932,0.21154,0.31019,0.14212,0.23827
484,0.43932,0.34615,0.28956,0.22729,0.22553,0.17327,0.25649,0.33679,0.18209,0.18271,0.13910,0.29010,0.12456,0.13655,0.46680,0.37951,0.21167,0.31035,0.14229,0.23838
485,0.43938,0.34634,0.28967,0.22741,0.22556,0.17325,0.25660,0.33676,0.18199,0.18274,0.13914,0.29024,0.12465,0.13655,0.46686,0.37964,0.21181,0.31052,0.14240,0.23846
486,0.43942,0.34654,0.28978,0.22753,0.22564,0.17326,0.25676,0.33674,0.18189,0.18277,0.13917,0.29038,0.12473,0.13653,0.46698,0.37967,0.21195,0.31071,0.14246,0.23853
487,0.43945,0.34677,0.28980,0.22763,0.22568,0.17328,0.25693,0.33675,0.18180,0.18281,0.13920,0.29049,0.12486,0.13651,0.46715,0.37963,0.21206,0.31092,0.14251,0.23861
488,0.43951,0.34701,0.28979,0.22777,0.22571,0.17327,0.25698,0.33673,0.18165,0.18281,0.13917,0.29056,0.12498,0.13647,0.46722,0.37964,0.21213,0.31106,0.14254,0.23865
489,0.43958,0.34721,0.28975,0.22790,0.22568,0.17326,0.25700,0.33669,0.18151,0.18281,0.13913,0.29063,0.12510,0.13646,0.46725,0.37972,0.21220,0.31117,0.14259,0.23870
490,0.43964,0.34736,0.28969,0.22799,0.22559,0.17324,0.25702,0.33661,0.18140,0.18282,0.13912,0.29073,0.12520,0.13648,0.46728,0.37984,0.21226,0.31127,0.14266,0.23875
491,0.43965,0.34740,0.28966,0.22801,0.22551,0.17320,0.25703,0.33650,0.18123,0.18278,0.13910,0.29078,0.12524,0.13642,0.46723,0.37989,0.21228,0.31137,0.14269,0.23874
492,0.43964,0.34744,0.28964,0.22804,0.22544,0.17319,0.25706,0.33639,0.18110,0.18275,0.13909,0.29085,0.12529,0.13638,0.46723,0.37993,0.21231,0.31147,0.14273,0.23875
493,0.43963,0.34753,0.28965,0.22811,0.22539,0.17318,0.25708,0.33631,0.18097,0.18273,0.13908,0.29093,0.12533,0.13634,0.46724,0.37995,0.21236,0.31157,0.14279,0.23878
494,0.43961,0.34772,0.28965,0.22821,0.22538,0.17314,0.25709,0.33625,0.18081,0.18272,0.13907,0.29101,0.12538,0.13627,0.46721,0.37997,0.21239,0.31164,0.14283,0.23880
495,0.43963,0.34784,0.28962,0.22829,0.22534,0.17310,0.25709,0.33616,0.18065,0.18274,0.13903,0.29108,0.12542,0.13621,0.46717,0.38003,0.21241,0.31171,0.14287,0.23881
496,0.43966,0.34792,0.28959,0.22836,0.22529,0.17308,0.25709,0.33607,0.18050,0.18275,0.13901,0.29116,0.12548,0.13617,0.46718,0.38013,0.21246,0.31178,0.14294,0.23882
497,0.43969,0.34800,0.28957,0.22843,0.22523,0.17307,0.25711,0.33598,0.18036,0.18275,0.13900,0.29123,0.12554,0.13614,0.46722,0.38023,0.21253,0.31187,0.14301,0.23882
498,0.43972,0.34807,0.28959,0.22847,0.22516,0.17304,0.25715,0.33590,0.18021,0.18273,0.13898,0.29126,0.12558,0.13609,0.46724,0.38030,0.21257,0.31197,0.14304,0.23882
499,0.43974,0.34814,0.28958,0.22852,0.22511,0.17300,0.25717,0.33581,0.18006,0.18273,0.13899,0.29133,0.12564,0.13604,0.46725,0.38037,0.21261,0.31207,0.14308,0.23885
500,0.43973,0.34822,0.28956,0.22860,0.22510,0.17297,0.25719,0.33572,0.17989,0.18275,0.13899,0.29142,0.12569,0.13599,0.46727,0.38040,0.21265,0.31217,0.14313,0.23885
501,0.43968,0.34831,0.28953,0.22867,0.22507,0.17296,0.25723,0.33564,0.17971,0.18276,0.13898,0.29148,0.12574,0.13592,0.46729,0.38042,0.21268,0.31224,0.14317,0.23881
502,0.43963,0.34839,0.28946,0.22871,0.22497,0.17294,0.25722,0.33553,0.17949,0.18272,0.13895,0.29154,0.12578,0.13584,0.46728,0.38045,0.21271,0.31232,0.14318,0.23880
503,0.43955,0.34843,0.28940,0.22872,0.22489,0.17290,0.25718,0.33543,0.17928,0.18268,0.13893,0.29159,0.12583,0.13576,0.46729,0.38046,0.21270,0.31240,0.14319,0.23877
504,0.43947,0.34846,0.28933,0.22872,0.22481,0.17286,0.25714,0.33532,0.17906,0.18264,0.13890,0.29163,0.12587,0.13568,0.46727,0.38044,0.21268,0.31246,0.14319,0.23872
505,0.43939,0.34848,0.28920,0.22875,0.22471,0.17281,0.25708,0.33520,0.17885,0.18259,0.13885,0.29163,0.12592,0.13560,0.46721,0.38043,0.21267,0.31247,0.14319,0.23865
506,0.43937,0.34848,0.28906,0.22878,0.22458,0.17274,0.25704,0.33506,0.17863,0.18253,0.13879,0.29161,0.12591,0.13552,0.46710,0.38045,0.21264,0.31246,0.14317,0.23858
507,0.43933,0.34848,0.28893,0.22879,0.22446,0.17267,0.25699,0.33490,0.17840,0.18246,0.13874,0.29158,0.12590,0.13543,0.46701,0.38048,0.21261,0.31245,0.14314,0.23852
508,0.43926,0.34846,0.28881,0.22875,0.22436,0.17261,0.25695,0.33472,0.17818,0.18240,0.13868,0.29155,0.12590,0.13532,0.46696,0.38048,0.21259,0.31245,0.14311,0.23848
509,0.43921,0.34842,0.28865,0.22869,0.22426,0.17253,0.25691,0.33455,0.17793,0.18235,0.13863,0.29151,0.12590,0.13520,0.46689,0.38043,0.21257,0.31245,0.14308,0.23845
510,0.43914,0.34842,0.28849,0.22866,0.22412,0.17244,0.25683,0.33433,0.17766,0.18227,0.13854,0.29144,0.12587,0.13507,0.46677,0.38037,0.21251,0.31243,0.14303,0.23838
511,0.43905,0.34841,0.28831,0.22864,0.22397,0.17235,0.25674,0.33413,0.17739,0.18219,0.13847,0.29138,0.12586,0.13496,0.46664,0.38035,0.21243,0.31239,0.14298,0.23827
512,0.43897,0.34835,0.28810,0.22858,0.22381,0.17227,0.25666,0.33394,0.17713,0.18211,0.13840,0.29136,0.12586,0.13486,0.46651,0.38037,0.21235,0.31236,0.14294,0.23815
513,0.43890,0.34824,0.28792,0.22848,0.22365,0.17219,0.25662,0.33373,0.17688,0.18202,0.13834,0.29135,0.12584,0.13473,0.46637,0.38035,0.21229,0.31235,0.14289,0.23801
514,0.43883,0.34821,0.28778,0.22840,0.22346,0.17212,0.25653,0.33356,0.17664,0.18196,0.13829,0.29131,0.12582,0.13464,0.46624,0.38038,0.21223,0.31232,0.14285,0.23790
515,0.43877,0.34818,0.28764,0.22833,0.22329,0.17205,0.25641,0.33339,0.17640,0.18191,0.13825,0.29123,0.12580,0.13456,0.46614,0.38042,0.21216,0.31229,0.14283,0.23781
516,0.43873,0.34808,0.28746,0.22825,0.22317,0.17196,0.25628,0.33317,0.17615,0.18185,0.13820,0.29117,0.12578,0.13446,0.46608,0.38042,0.21209,0.31226,0.14280,0.23773
517,0.43860,0.34798,0.28729,0.22816,0.22303,0.17187,0.25623,0.33300,0.17586,0.18178,0.13811,0.29116,0.12573,0.13434,0.46603,0.38030,0.21199,0.31222,0.14271,0.23763
518,0.43843,0.34790,0.28708,0.22806,0.22290,0.17178,0.25616,0.33285,0.17556,0.18167,0.13802,0.29113,0.12570,0.13418,0.46598,0.38016,0.21189,0.31216,0.14257,0.23751
519,0.43825,0.34782,0.28681,0.22796,0.22271,0.17168,0.25604,0.33271,0.17525,0.18154,0.13791,0.29108,0.12568,0.13403,0.46591,0.38003,0.21177,0.31204,0.14241,0.23736
520,0.43810,0.34769,0.28650,0.22780,0.22242,0.17158,0.25594,0.33253,0.17494,0.18141,0.13777,0.29104,0.12566,0.13390,0.46577,0.37993,0.21161,0.31185,0.14229,0.23716
521,0.43799,0.34748,0.28620,0.22768,0.22215,0.17145,0.25580,0.33230,0.17463,0.18128,0.13763,0.29097,0.12560,0.13377,0.46558,0.37982,0.21143,0.31171,0.14216,0.23698
522,0.43783,0.34724,0.28592,0.22754,0.22190,0.17131,0.25564,0.33204,0.17432,0.18115,0.13752,0.29087,0.12552,0.13362,0.46537,0.37971,0.21127,0.31159,0.14202,0.23682
523,0.43761,0.34702,0.28565,0.22736,0.22166,0.17117,0.25548,0.33177,0.17401,0.18101,0.13742,0.29076,0.12542,0.13347,0.46517,0.37958,0.21113,0.31146,0.14188,0.23666
524,0.43741,0.34682,0.28544,0.22722,0.22140,0.17104,0.25533,0.33155,0.17371,0.18089,0.13731,0.29064,0.12533,0.13331,0.46495,0.37948,0.21094,0.31125,0.14176,0.23648
525,0.43722,0.34661,0.28523,0.22707,0.22112,0.17091,0.25518,0.33130,0.17341,0.18077,0.13719,0.29054,0.12525,0.13318,0.46476,0.37942,0.21080,0.31104,0.14165,0.23631
526,0.43702,0.34638,0.28497,0.22688,0.22085,0.17078,0.25504,0.33103,0.17312,0.18064,0.13708,0.29044,0.12516,0.13303,0.46464,0.37932,0.21066,0.31087,0.14151,0.23615
527,0.43678,0.34615,0.28466,0.22667,0.22063,0.17064,0.25491,0.33079,0.17280,0.18050,0.13694,0.29032,0.12506,0.13286,0.46456,0.37916,0.21048,0.31073,0.14133,0.23593
528,0.43655,0.34598,0.28435,0.22650,0.22037,0.17051,0.25474,0.33057,0.17247,0.18035,0.13680,0.29016,0.12499,0.13269,0.46441,0.37900,0.21031,0.31059,0.14118,0.23572
529,0.43632,0.34574,0.28404,0.22633,0.22005,0.17035,0.25455,0.33034,0.17211,0.18019,0.13662,0.28998,0.12490,0.13252,0.46422,0.37887,0.21011,0.31042,0.14100,0.23547
530,0.43610,0.34543,0.28370,0.22612,0.21969,0.17018,0.25437,0.33007,0.17175,0.18004,0.13643,0.28982,0.12479,0.13234,0.46401,0.37879,0.20987,0.31023,0.14081,0.23522
531,0.43591,0.34514,0.28336,0.22588,0.21933,0.17005,0.25418,0.32976,0.17142,0.17991,0.13627,0.28970,0.12468,0.13218,0.46378,0.37875,0.20963,0.31005,0.14067,0.23502
532,0.43569,0.34483,0.28307,0.22566,0.21904,0.16990,0.25398,0.32947,0.17109,0.17976,0.13613,0.28958,0.12457,0.13198,0.46357,0.37863,0.20942,0.30987,0.14052,0.23481
533,0.43544,0.34456,0.28278,0.22547,0.21879,0.16976,0.25381,0.32920,0.17075,0.17961,0.13598,0.28943,0.12446,0.13177,0.46338,0.37847,0.20924,0.30969,0.14034,0.23458
534,0.43517,0.34435,0.28247,0.22528,0.21851,0.16963,0.25363,0.32894,0.17041,0.17947,0.13580,0.28928,0.12436,0.13156,0.46319,0.37830,0.20904,0.30951,0.14015,0.23435
535,0.43495,0.34411,0.28213,0.22507,0.21819,0.16948,0.25338,0.32867,0.17002,0.17934,0.13565,0.28909,0.12423,0.13138,0.46295,0.37817,0.20881,0.30934,0.13998,0.23413
536,0.43475,0.34383,0.28178,0.22484,0.21786,0.16933,0.25318,0.32838,0.16969,0.17919,0.13548,0.28891,0.12412,0.13121,0.46272,0.37805,0.20859,0.30912,0.13982,0.23392
537,0.43452,0.34353,0.28144,0.22462,0.21753,0.16917,0.25300,0.32807,0.16936,0.17903,0.13531,0.28873,0.12402,0.13104,0.46248,0.37796,0.20838,0.30888,0.13966,0.23370
538,0.43427,0.34324,0.28112,0.22443,0.21722,0.16903,0.25282,0.32778,0.16901,0.17886,0.13515,0.28856,0.12391,0.13084,0.46222,0.37787,0.20815,0.30868,0.13949,0.23349
539,0.43406,0.34297,0.28082,0.22422,0.21695,0.16889,0.25268,0.32756,0.16868,0.17873,0.13502,0.28842,0.12384,0.13068,0.46200,0.37771,0.20798,0.30853,0.13935,0.23329
540,0.43383,0.34270,0.28051,0.22401,0.21668,0.16875,0.25253,0.32733,0.16834,0.17860,0.13487,0.28827,0.12375,0.13051,0.46177,0.37755,0.20779,0.30836,0.13916,0.23306
541,0.43357,0.34241,0.28018,0.22380,0.21639,0.16861,0.25235,0.32708,0.16798,0.17845,0.13470,0.28810,0.12364,0.13032,0.46154,0.37740,0.20758,0.30814,0.13895,0.23281
542,0.43331,0.34214,0.27983,0.22361,0.21608,0.16844,0.25218,0.32684,0.16760,0.17828,0.13452,0.28795,0.12356,0.13012,0.46137,0.37725,0.20735,0.30793,0.13876,0.23253
543,0.43302,0.34183,0.27941,0.22339,0.21571,0.16827,0.25196,0.32655,0.16721,0.17809,0.13431,0.28779,0.12344,0.12990,0.46116,0.37708,0.20710,0.30768,0.13856,0.23226
544,0.43273,0.34151,0.27902,0.22318,0.21536,0.16812,0.25175,0.32623,0.16682,0.17790,0.13412,0.28762,0.12334,0.12969,0.46096,0.37694,0.20685,0.30742,0.13837,0.23201
545,0.43246,0.34120,0.27869,0.22300,0.21504,0.16797,0.25157,0.32589,0.16646,0.17773,0.13395,0.28747,0.12326,0.12949,0.46076,0.37680,0.20663,0.30721,0.13820,0.23180
546,0.43218,0.34089,0.27831,0.22272,0.21468,0.16782,0.25136,0.32560,0.16611,0.17757,0.13377,0.28733,0.12317,0.12928,0.46051,0.37664,0.20643,0.30702,0.13807,0.23156
547,0.43191,0.34060,0.27792,0.22248,0.21437,0.16764,0.25113,0.32529,0.16575,0.17741,0.13358,0.28716,0.12308,0.12907,0.46025,0.37646,0.20622,0.30684,0.13789,0.23132
548,0.43164,0.34032,0.27755,0.22227,0.21409,0.16744,0.25091,0.32500,0.16536,0.17723,0.13338,0.28697,0.12298,0.12887,0.46002,0.37626,0.20599,0.30664,0.13768,0.23108
549,0.43139,0.34003,0.27720,0.22203,0.21375,0.16725,0.25077,0.32473,0.16498,0.17706,0.13319,0.28679,0.12288,0.12868,0.45982,0.37605,0.20577,0.30642,0.13751,0.23083
550,0.43116,0.33973,0.27684,0.22182,0.21343,0.16709,0.25059,0.32443,0.16460,0.17689,0.13301,0.28664,0.12278,0.12849,0.45964,0.37588,0.20553,0.30623,0.13733,0.23059
551,0.43091,0.33944,0.27647,0.22162,0.21310,0.16693,0.25042,0.32412,0.16424,0.17673,0.13284,0.28647,0.12270,0.12832,0.45946,0.37577,0.20530,0.30606,0.13716,0.23038
552,0.43066,0.33916,0.27611,0.22141,0.21279,0.16677,0.25026,0.32382,0.16390,0.17659,0.13267,0.28630,0.12263,0.12814,0.45925,0.37568,0.20509,0.30587,0.13700,0.23016
553,0.43040,0.33892,0.27579,0.22120,0.21251,0.16661,0.25012,0.32352,0.16355,0.17646,0.13250,0.28611,0.12254,0.12794,0.45904,0.37554,0.20487,0.30564,0.13682,0.22994
554,0.43017,0.33864,0.27546,0.22100,0.21220,0.16649,0.24999,0.32322,0.16321,0.17632,0.13234,0.28594,0.12247,0.12776,0.45884,0.37544,0.20467,0.30544,0.13665,0.22974
555,0.42997,0.33836,0.27512,0.22083,0.21187,0.16637,0.24986,0.32292,0.16287,0.17617,0.13218,0.28581,0.12241,0.12759,0.45866,0.37534,0.20448,0.30527,0.13651,0.22957
556,0.42977,0.33810,0.27479,0.22066,0.21159,0.16623,0.24971,0.32264,0.16255,0.17605,0.13203,0.28569,0.12235,0.12742,0.45849,0.37523,0.20429,0.30510,0.13639,0.22939
557,0.42953,0.33786,0.27449,0.22049,0.21133,0.16611,0.24954,0.32239,0.16225,0.17594,0.13191,0.28557,0.12231,0.12725,0.45834,0.37512,0.20414,0.30492,0.13627,0.22920
558,0.42928,0.33764,0.27418,0.22034,0.21108,0.16597,0.24937,0.32218,0.16193,0.17582,0.13178,0.28546,0.12226,0.12706,0.45820,0.37503,0.20399,0.30474,0.13614,0.22900
559,0.42903,0.33743,0.27386,0.22020,0.21083,0.16583,0.24922,0.32198,0.16160,0.17569,0.13162,0.28535,0.12220,0.12688,0.45805,0.37492,0.20385,0.30458,0.13601,0.22880
560,0.42875,0.33725,0.27353,0.22005,0.21058,0.16571,0.24908,0.32180,0.16126,0.17557,0.13147,0.28519,0.12216,0.12672,0.45784,0.37477,0.20369,0.30446,0.13589,0.22862
561,0.42854,0.33703,0.27322,0.21990,0.21032,0.16559,0.24898,0.32161,0.16094,0.17547,0.13133,0.28503,0.12215,0.12656,0.45762,0.37462,0.20353,0.30434,0.13577,0.22843
562,0.42837,0.33680,0.27293,0.21975,0.21003,0.16547,0.24887,0.32140,0.16062,0.17536,0.13120,0.28490,0.12212,0.12641,0.45740,0.37448,0.20335,0.30423,0.13565,0.22825
563,0.42820,0.33658,0.27265,0.21961,0.20974,0.16535,0.24875,0.32117,0.16029,0.17524,0.13107,0.28479,0.12208,0.12627,0.45720,0.37437,0.20314,0.30414,0.13553,0.22807
564,0.42798,0.33640,0.27235,0.21948,0.20948,0.16522,0.24864,0.32090,0.15997,0.17513,0.13095,0.28467,0.12203,0.12611,0.45702,0.37427,0.20298,0.30408,0.13543,0.22791
565,0.42777,0.33624,0.27210,0.21940,0.20927,0.16511,0.24860,0.32069,0.15966,0.17505,0.13085,0.28456,0.12202,0.12599,0.45690,0.37415,0.20289,0.30404,0.13533,0.22776
566,0.42752,0.33608,0.27185,0.21929,0.20907,0.16500,0.24861,0.32052,0.15935,0.17497,0.13075,0.28448,0.12203,0.12584,0.45682,0.37400,0.20280,0.30402,0.13521,0.22763
567,0.42722,0.33592,0.27156,0.21914,0.20884,0.16487,0.24862,0.32033,0.15901,0.17485,0.13063,0.28440,0.12205,0.12568,0.45677,0.37386,0.20268,0.30397,0.13511,0.22754
568,0.42697,0.33583,0.27133,0.21905,0.20860,0.16477,0.24858,0.32016,0.15874,0.17481,0.13057,0.28432,0.12210,0.12557,0.45672,0.37379,0.20256,0.30391,0.13504,0.22744
569,0.42673,0.33579,0.27115,0.21902,0.20838,0.16464,0.24846,0.31997,0.15848,0.17479,0.13051,0.28423,0.12212,0.12542,0.45661,0.37378,0.20242,0.30385,0.13498,0.22733
570,0.42650,0.33579,0.27098,0.21904,0.20819,0.16451,0.24826,0.31977,0.15822,0.17477,0.13048,0.28414,0.12216,0.12525,0.45649,0.37373,0.20231,0.30381,0.13495,0.22720
571,0.42626,0.33578,0.27078,0.21906,0.20802,0.16442,0.24803,0.31961,0.15797,0.17477,0.13048,0.28406,0.12226,0.12512,0.45642,0.37357,0.20229,0.30377,0.13497,0.22708
572,0.42604,0.33571,0.27053,0.21907,0.20778,0.16436,0.24781,0.31938,0.15768,0.17470,0.13045,0.28399,0.12234,0.12499,0.45628,0.37340,0.20223,0.30370,0.13496,0.22689
573,0.42588,0.33556,0.27027,0.21908,0.20753,0.16434,0.24768,0.31913,0.15740,0.17466,0.13040,0.28393,0.12239,0.12490,0.45619,0.37332,0.20217,0.30366,0.13497,0.22676
574,0.42579,0.33532,0.27007,0.21909,0.20731,0.16433,0.24765,0.31891,0.15717,0.17465,0.13033,0.28389,0.12242,0.12485,0.45616,0.37336,0.20213,0.30367,0.13501,0.22671
575,0.42566,0.33492,0.26991,0.21905,0.20708,0.16435,0.24771,0.31865,0.15692,0.17460,0.13021,0.28389,0.12240,0.12479,0.45615,0.37350,0.20209,0.30362,0.13506,0.22664
576,0.42552,0.33458,0.26978,0.21903,0.20687,0.16437,0.24778,0.31844,0.15667,0.17459,0.13009,0.28385,0.12236,0.12472,0.45600,0.37371,0.20203,0.30363,0.13508,0.22660
577,0.42541,0.33437,0.26961,0.21904,0.20668,0.16438,0.24789,0.31830,0.15643,0.17463,0.12999,0.28384,0.12232,0.12466,0.45583,0.37389,0.20197,0.30373,0.13510,0.22661
578,0.42535,0.33430,0.26937,0.21905,0.20650,0.16437,0.24805,0.31824,0.15618,0.17467,0.12991,0.28392,0.12233,0.12461,0.45577,0.37391,0.20192,0.30390,0.13511,0.22665
579,0.42528,0.33420,0.26908,0.21898,0.20632,0.16433,0.24818,0.31822,0.15593,0.17465,0.12986,0.28400,0.12237,0.12450,0.45572,0.37387,0.20186,0.30407,0.13508,0.22669
580,0.42530,0.33423,0.26878,0.21890,0.20617,0.16430,0.24821,0.31819,0.15571,0.17461,0.12985,0.28406,0.12243,0.12437,0.45556,0.37385,0.20178,0.30425,0.13506,0.22670
581,0.42538,0.33431,0.26849,0.21886,0.20600,0.16428,0.24817,0.31811,0.15552,0.17454,0.12987,0.28411,0.12252,0.12425,0.45531,0.37383,0.20171,0.30440,0.13506,0.22670
582,0.42544,0.33431,0.26817,0.21883,0.20577,0.16421,0.24815,0.31799,0.15530,0.17442,0.12990,0.28412,0.12265,0.12411,0.45503,0.37376,0.20169,0.30446,0.13505,0.22668
583,0.42542,0.33426,0.26792,0.21873,0.20557,0.16415,0.24823,0.31786,0.15505,0.17434,0.12996,0.28414,0.12280,0.12400,0.45479,0.37362,0.20170,0.30460,0.13504,0.22669
584,0.42534,0.33420,0.26769,0.21863,0.20535,0.16407,0.24837,0.31768,0.15479,0.17429,0.13003,0.28412,0.12296,0.12388,0.45463,0.37349,0.20170,0.30474,0.13508,0.22670
585,0.42524,0.33417,0.26745,0.21860,0.20512,0.16397,0.24852,0.31747,0.15453,0.17427,0.13014,0.28406,0.12313,0.12375,0.45457,0.37339,0.20170,0.30484,0.13518,0.22671
586,0.42514,0.33434,0.26724,0.21867,0.20493,0.16390,0.24869,0.31734,0.15424,0.17432,0.13029,0.28403,0.12331,0.12366,0.45462,0.37326,0.20171,0.30504,0.13526,0.22676
587,0.42495,0.33451,0.26706,0.21879,0.20471,0.16381,0.24880,0.31728,0.15392,0.17436,0.13042,0.28403,0.12355,0.12354,0.45472,0.37315,0.20168,0.30529,0.13532,0.22682
588,0.42464,0.33470,0.26693,0.21897,0.20449,0.16372,0.24886,0.31724,0.15361,0.17443,0.13057,0.28405,0.12382,0.12342,0.45483,0.37306,0.20164,0.30556,0.13541,0.22687
589,0.42423,0.33495,0.26685,0.21925,0.20432,0.16369,0.24886,0.31717,0.15332,0.17459,0.13073,0.28406,0.12408,0.12329,0.45488,0.37300,0.20165,0.30582,0.13558,0.22688
590,0.42390,0.33529,0.26674,0.21957,0.20425,0.16368,0.24885,0.31706,0.15301,0.17474,0.13088,0.28413,0.12437,0.12314,0.45486,0.37296,0.20174,0.30607,0.13570,0.22690
591,0.42374,0.33552,0.26652,0.21981,0.20410,0.16366,0.24886,0.31689,0.15268,0.17485,0.13095,0.28416,0.12462,0.12302,0.45483,0.37291,0.20179,0.30633,0.13579,0.22689
592,0.42368,0.33560,0.26623,0.21994,0.20386,0.16360,0.24892,0.31669,0.15236,0.17493,0.13096,0.28413,0.12481,0.12291,0.45478,0.37289,0.20182,0.30655,0.13590,0.22690
593,0.42359,0.33564,0.26604,0.22006,0.20366,0.16353,0.24906,0.31646,0.15210,0.17501,0.13099,0.28404,0.12499,0.12277,0.45466,0.37293,0.20187,0.30672,0.13605,0.22696
594,0.42348,0.33576,0.26589,0.22019,0.20350,0.16347,0.24923,0.31623,0.15183,0.17513,0.13100,0.28396,0.12517,0.12262,0.45453,0.37294,0.20195,0.30687,0.13620,0.22701
595,0.42337,0.33593,0.26569,0.22033,0.20335,0.16340,0.24944,0.31602,0.15154,0.17524,0.13098,0.28392,0.12537,0.12247,0.45444,0.37296,0.20203,0.30709,0.13635,0.22706
596,0.42329,0.33608,0.26541,0.22044,0.20317,0.16332,0.24968,0.31586,0.15121,0.17531,0.13094,0.28393,0.12560,0.12233,0.45444,0.37300,0.20209,0.30738,0.13649,0.22712
597,0.42327,0.33618,0.26511,0.22049,0.20292,0.16325,0.24989,0.31570,0.15089,0.17532,0.13091,0.28392,0.12585,0.12222,0.45444,0.37296,0.20212,0.30765,0.13660,0.22715
598,0.42326,0.33637,0.26477,0.22057,0.20266,0.16322,0.25010,0.31549,0.15056,0.17534,0.13090,0.28391,0.12610,0.12207,0.45438,0.37293,0.20214,0.30786,0.13670,0.22716
599,0.42325,0.33659,0.26442,0.22069,0.20241,0.16322,0.25028,0.31531,0.15022,0.17538,0.13091,0.28392,0.12637,0.12190,0.45428,0.37287,0.20215,0.30809,0.13681,0.22721
600,0.42321,0.33678,0.26413,0.22082,0.20218,0.16321,0.25041,0.31518,0.14986,0.17545,0.13092,0.28396,0.12667,0.12174,0.45417,0.37276,0.20220,0.30842,0.13693,0.22735
601,0.42311,0.33696,0.26385,0.22097,0.20196,0.16320,0.25049,0.31497,0.14955,0.17551,0.13095,0.28396,0.12698,0.12157,0.45396,0.37275,0.20226,0.30874,0.13705,0.22747
602,0.42298,0.33719,0.26360,0.22114,0.20176,0.16320,0.25063,0.31475,0.14926,0.17560,0.13098,0.28400,0.12729,0.12143,0.45380,0.37279,0.20234,0.30904,0.13719,0.22757
603,0.42288,0.33743,0.26339,0.22134,0.20158,0.16320,0.25084,0.31457,0.14899,0.17569,0.13101,0.28410,0.12758,0.12132,0.45374,0.37284,0.20244,0.30935,0.13736,0.22767
604,0.42284,0.33765,0.26318,0.22156,0.20140,0.16319,0.25104,0.31439,0.14875,0.17575,0.13101,0.28418,0.12786,0.12124,0.45372,0.37289,0.20255,0.30974,0.13757,0.22778
605,0.42280,0.33790,0.26307,0.22181,0.20127,0.16317,0.25131,0.31424,0.14855,0.17587,0.13101,0.28424,0.12818,0.12117,0.45378,0.37295,0.20269,0.31013,0.13781,0.22791
606,0.42273,0.33818,0.26300,0.22209,0.20116,0.16317,0.25160,0.31413,0.14835,0.17601,0.13102,0.28433,0.12852,0.12114,0.45387,0.37300,0.20286,0.31051,0.13808,0.22808
607,0.42263,0.33848,0.26292,0.22237,0.20108,0.16323,0.25187,0.31407,0.14817,0.17613,0.13105,0.28447,0.12887,0.12113,0.45397,0.37303,0.20305,0.31090,0.13837,0.22828
608,0.42252,0.33883,0.26286,0.22270,0.20101,0.16331,0.25214,0.31410,0.14799,0.17626,0.13111,0.28457,0.12925,0.12109,0.45408,0.37303,0.20325,0.31126,0.13868,0.22849
609,0.42245,0.33915,0.26280,0.22302,0.20092,0.16339,0.25243,0.31412,0.14783,0.17640,0.13115,0.28463,0.12961,0.12107,0.45410,0.37303,0.20346,0.31164,0.13896,0.22872
610,0.42241,0.33949,0.26274,0.22335,0.20083,0.16344,0.25273,0.31412,0.14768,0.17655,0.13117,0.28469,0.12997,0.12104,0.45407,0.37306,0.20367,0.31207,0.13923,0.22896
611,0.42236,0.33984,0.26267,0.22368,0.20077,0.16348,0.25300,0.31409,0.14755,0.17670,0.13117,0.28481,0.13034,0.12099,0.45406,0.37312,0.20386,0.31254,0.13951,0.22918
612,0.42227,0.34014,0.26258,0.22396,0.20063,0.16349,0.25326,0.31399,0.14739,0.17683,0.13117,0.28495,0.13072,0.12096,0.45409,0.37320,0.20407,0.31301,0.13978,0.22941
613,0.42217,0.34044,0.26250,0.22427,0.20053,0.16350,0.25355,0.31386,0.14722,0.17698,0.13115,0.28504,0.13112,0.12095,0.45410,0.37326,0.20433,0.31346,0.14005,0.22962
614,0.42207,0.34074,0.26243,0.22460,0.20046,0.16352,0.25387,0.31375,0.14702,0.17715,0.13112,0.28509,0.13154,0.12094,0.45408,0.37330,0.20460,0.31389,0.14033,0.22981
615,0.42197,0.34102,0.26232,0.22492,0.20032,0.16350,0.25419,0.31368,0.14680,0.17730,0.13109,0.28519,0.13192,0.12090,0.45406,0.37333,0.20480,0.31435,0.14065,0.23002
616,0.42186,0.34134,0.26224,0.22524,0.20021,0.16354,0.25447,0.31353,0.14660,0.17745,0.13108,0.28529,0.13229,0.12086,0.45407,0.37333,0.20498,0.31475,0.14097,0.23023
617,0.42171,0.34166,0.26214,0.22558,0.20010,0.16363,0.25474,0.31339,0.14639,0.17758,0.13105,0.28537,0.13267,0.12082,0.45409,0.37330,0.20516,0.31514,0.14127,0.23042
618,0.42152,0.34196,0.26199,0.22591,0.19997,0.16372,0.25503,0.31332,0.14618,0.17769,0.13099,0.28543,0.13305,0.12080,0.45412,0.37327,0.20536,0.31553,0.14153,0.23061
619,0.42133,0.34223,0.26186,0.22624,0.19979,0.16375,0.25530,0.31324,0.14595,0.17780,0.13093,0.28550,0.13344,0.12075,0.45413,0.37327,0.20553,0.31596,0.14180,0.23082
620,0.42115,0.34249,0.26174,0.22657,0.19965,0.16378,0.25556,0.31313,0.14574,0.17794,0.13085,0.28553,0.13386,0.12068,0.45420,0.37327,0.20571,0.31636,0.14206,0.23101
621,0.42097,0.34278,0.26164,0.22691,0.19953,0.16381,0.25584,0.31301,0.14553,0.17808,0.13078,0.28555,0.13431,0.12062,0.45427,0.37327,0.20593,0.31673,0.14231,0.23119
622,0.42074,0.34309,0.26155,0.22726,0.19941,0.16385,0.25615,0.31291,0.14532,0.17822,0.13074,0.28561,0.13476,0.12059,0.45423,0.37329,0.20618,0.31708,0.14258,0.23137
623,0.42051,0.34342,0.26146,0.22762,0.19931,0.16395,0.25649,0.31285,0.14511,0.17840,0.13075,0.28568,0.13526,0.12057,0.45420,0.37333,0.20641,0.31750,0.14291,0.23156
624,0.42029,0.34374,0.26138,0.22800,0.19922,0.16402,0.25684,0.31280,0.14491,0.17857,0.13074,0.28577,0.13576,0.12055,0.45416,0.37341,0.20662,0.31793,0.14326,0.23178
625,0.42009,0.34402,0.26130,0.22837,0.19912,0.16407,0.25719,0.31272,0.14471,0.17873,0.13071,0.28585,0.13624,0.12052,0.45412,0.37351,0.20681,0.31835,0.14359,0.23202
626,0.41988,0.34426,0.26117,0.22876,0.19897,0.16411,0.25748,0.31261,0.14449,0.17891,0.13066,0.28592,0.13670,0.12047,0.45409,0.37356,0.20697,0.31881,0.14388,0.23227
627,0.41959,0.34451,0.26110,0.22919,0.19890,0.16419,0.25777,0.31250,0.14428,0.17907,0.13062,0.28602,0.13715,0.12040,0.45415,0.37354,0.20714,0.31929,0.14417,0.23251
628,0.41926,0.34477,0.26108,0.22962,0.19883,0.16427,0.25805,0.31241,0.14411,0.17926,0.13060,0.28615,0.13761,0.12036,0.45429,0.37349,0.20737,0.31975,0.14449,0.23274
629,0.41896,0.34507,0.26104,0.23002,0.19873,0.16436,0.25835,0.31230,0.14397,0.17949,0.13058,0.28626,0.13806,0.12035,0.45443,0.37346,0.20766,0.32018,0.14485,0.23298
630,0.41877,0.34540,0.26091,0.23041,0.19862,0.16439,0.25873,0.31218,0.14376,0.17965,0.13055,0.28635,0.13854,0.12033,0.45448,0.37344,0.20787,0.32062,0.14519,0.23319
631,0.41866,0.34576,0.26075,0.23077,0.19853,0.16445,0.25914,0.31206,0.14356,0.17983,0.13051,0.28646,0.13905,0.12029,0.45442,0.37344,0.20804,0.32105,0.14550,0.23342
632,0.41857,0.34612,0.26057,0.23113,0.19842,0.16454,0.25953,0.31191,0.14337,0.18004,0.13046,0.28654,0.13956,0.12024,0.45433,0.37348,0.20821,0.32147,0.14581,0.23366
633,0.41848,0.34647,0.26039,0.23150,0.19828,0.16461,0.25991,0.31176,0.14319,0.18025,0.13042,0.28655,0.14007,0.12023,0.45429,0.37357,0.20843,0.32194,0.14615,0.23387
634,0.41831,0.34683,0.26027,0.23187,0.19817,0.16469,0.26032,0.31167,0.14302,0.18042,0.13038,0.28660,0.14058,0.12023,0.45423,0.37367,0.20868,0.32242,0.14649,0.23409
635,0.41809,0.34719,0.26014,0.23225,0.19807,0.16478,0.26072,0.31159,0.14284,0.18059,0.13034,0.28673,0.14111,0.12022,0.45412,0.37373,0.20893,0.32288,0.14683,0.23432
636,0.41786,0.34754,0.25998,0.23263,0.19794,0.16487,0.26108,0.31150,0.14266,0.18077,0.13029,0.28692,0.14163,0.12021,0.45399,0.37374,0.20919,0.32329,0.14716,0.23456
637,0.41768,0.34787,0.25986,0.23302,0.19784,0.16496,0.26143,0.31139,0.14247,0.18091,0.13024,0.28709,0.14214,0.12023,0.45388,0.37372,0.20941,0.32368,0.14750,0.23480
638,0.41756,0.34822,0.25971,0.23341,0.19777,0.16502,0.26179,0.31128,0.14227,0.18107,0.13019,0.28726,0.14265,0.12023,0.45391,0.37373,0.20961,0.32399,0.14778,0.23506
639,0.41746,0.34856,0.25958,0.23380,0.19767,0.16507,0.26216,0.31117,0.14207,0.18125,0.13016,0.28741,0.14316,0.12023,0.45399,0.37377,0.20983,0.32429,0.14806,0.23530
640,0.41735,0.34889,0.25949,0.23418,0.19753,0.16512,0.26251,0.31105,0.14188,0.18147,0.13013,0.28752,0.14368,0.12022,0.45405,0.37382,0.21010,0.32466,0.14838,0.23552
641,0.41714,0.34923,0.25936,0.23458,0.19744,0.16521,0.26289,0.31088,0.14169,0.18167,0.13006,0.28749,0.14419,0.12018,0.45409,0.37379,0.21030,0.32511,0.14871,0.23574
642,0.41692,0.34954,0.25920,0.23496,0.19734,0.16527,0.26322,0.31071,0.14148,0.18187,0.12997,0.28751,0.14472,0.12014,0.45409,0.37380,0.21046,0.32555,0.14901,0.23599
643,0.41672,0.34982,0.25906,0.23533,0.19724,0.16532,0.26350,0.31056,0.14126,0.18204,0.12988,0.28758,0.14525,0.12012,0.45408,0.37384,0.21063,0.32596,0.14927,0.23623
644,0.41649,0.35009,0.25898,0.23572,0.19715,0.16541,0.26377,0.31046,0.14108,0.18219,0.12982,0.28762,0.14576,0.12008,0.45411,0.37387,0.21086,0.32635,0.14954,0.23643
645,0.41620,0.35030,0.25882,0.23611,0.19704,0.16550,0.26411,0.31038,0.14091,0.18237,0.12976,0.28764,0.14625,0.12004,0.45412,0.37388,0.21103,0.32674,0.14983,0.23665
646,0.41584,0.35050,0.25871,0.23650,0.19696,0.16561,0.26447,0.31031,0.14075,0.18258,0.12970,0.28770,0.14671,0.12000,0.45405,0.37385,0.21122,0.32714,0.15010,0.23688
647,0.41539,0.35069,0.25869,0.23691,0.19690,0.16571,0.26480,0.31025,0.14058,0.18278,0.12965,0.28780,0.14716,0.11996,0.45394,0.37378,0.21144,0.32755,0.15034,0.23712
648,0.41492,0.35086,0.25866,0.23734,0.19685,0.16575,0.26509,0.31017,0.14037,0.18294,0.12955,0.28786,0.14761,0.11995,0.45386,0.37372,0.21162,0.32794,0.15060,0.23734
649,0.41461,0.35109,0.25850,0.23767,0.19678,0.16580,0.26542,0.31008,0.14017,0.18312,0.12948,0.28791,0.14807,0.11992,0.45372,0.37364,0.21177,0.32830,0.15085,0.23755
650,0.41447,0.35136,0.25827,0.23796,0.19667,0.16587,0.26578,0.31000,0.13999,0.18329,0.12938,0.28797,0.14855,0.11989,0.45362,0.37358,0.21192,0.32859,0.15108,0.23771
651,0.41442,0.35161,0.25806,0.23826,0.19650,0.16595,0.26614,0.30993,0.13981,0.18341,0.12927,0.28801,0.14903,0.11985,0.45366,0.37355,0.21205,0.32884,0.15129,0.23781
652,0.41423,0.35184,0.25794,0.23859,0.19640,0.16603,0.26649,0.30990,0.13963,0.18358,0.12922,0.28806,0.14950,0.11980,0.45371,0.37347,0.21222,0.32917,0.15152,0.23798
653,0.41404,0.35208,0.25779,0.23891,0.19631,0.16611,0.26685,0.30986,0.13946,0.18380,0.12919,0.28812,0.14996,0.11977,0.45375,0.37346,0.21240,0.32952,0.15174,0.23819
654,0.41389,0.35233,0.25765,0.23924,0.19623,0.16621,0.26722,0.30982,0.13930,0.18405,0.12918,0.28821,0.15043,0.11975,0.45375,0.37354,0.21258,0.32986,0.15196,0.23841
655,0.41373,0.35259,0.25760,0.23963,0.19621,0.16631,0.26757,0.30976,0.13917,0.18431,0.12916,0.28836,0.15096,0.11976,0.45373,0.37365,0.21273,0.33019,0.15225,0.23865
656,0.41354,0.35285,0.25750,0.23998,0.19621,0.16640,0.26787,0.30958,0.13901,0.18456,0.12918,0.28851,0.15143,0.11973,0.45367,0.37370,0.21290,0.33045,0.15254,0.23884
657,0.41338,0.35300,0.25726,0.24025,0.19615,0.16651,0.26817,0.30943,0.13880,0.18468,0.12915,0.28870,0.15188,0.11967,0.45362,0.37372,0.21302,0.33064,0.15275,0.23899
658,0.41325,0.35305,0.25696,0.24042,0.19597,0.16664,0.26846,0.30939,0.13853,0.18468,0.12906,0.28886,0.15229,0.11959,0.45359,0.37371,0.21303,0.33078,0.15284,0.23914
659,0.41303,0.35318,0.25677,0.24063,0.19574,0.16664,0.26870,0.30928,0.13827,0.18477,0.12897,0.28883,0.15272,0.11952,0.45347,0.37363,0.21311,0.33106,0.15297,0.23932
660,0.41280,0.35329,0.25656,0.24082,0.19560,0.16663,0.26896,0.30915,0.13804,0.18491,0.12887,0.28876,0.15309,0.11944,0.45335,0.37351,0.21318,0.33137,0.15310,0.23941
661,0.41257,0.35336,0.25633,0.24099,0.19551,0.16662,0.26920,0.30899,0.13783,0.18504,0.12876,0.28869,0.15340,0.11936,0.45323,0.37340,0.21325,0.33163,0.15320,0.23945
662,0.41236,0.35340,0.25611,0.24113,0.19536,0.16662,0.26936,0.30885,0.13761,0.18510,0.12863,0.28861,0.15365,0.11930,0.45307,0.37334,0.21332,0.33177,0.15325,0.23951
663,0.41208,0.35343,0.25590,0.24131,0.19519,0.16664,0.26950,0.30872,0.13745,0.18521,0.12852,0.28860,0.15395,0.11924,0.45286,0.37333,0.21331,0.33182,0.15328,0.23968
664,0.41179,0.35345,0.25571,0.24146,0.19504,0.16666,0.26965,0.30862,0.13729,0.18533,0.12838,0.28857,0.15425,0.11920,0.45268,0.37328,0.21329,0.33184,0.15330,0.23983
665,0.41149,0.35343,0.25551,0.24155,0.19492,0.16668,0.26982,0.30850,0.13711,0.18541,0.12821,0.28850,0.15451,0.11915,0.45250,0.37317,0.21328,0.33186,0.15330,0.23989
666,0.41120,0.35335,0.25528,0.24160,0.19478,0.16666,0.26999,0.30828,0.13690,0.18542,0.12804,0.28837,0.15472,0.11904,0.45228,0.37299,0.21325,0.33192,0.15326,0.23985
667,0.41092,0.35328,0.25503,0.24165,0.19465,0.16665,0.27017,0.30813,0.13675,0.18548,0.12791,0.28831,0.15497,0.11896,0.45222,0.37286,0.21323,0.33199,0.15321,0.23981
668,0.41068,0.35320,0.25479,0.24169,0.19448,0.16664,0.27030,0.30801,0.13659,0.18555,0.12778,0.28829,0.15520,0.11889,0.45223,0.37277,0.21324,0.33200,0.15316,0.23979
669,0.41048,0.35309,0.25457,0.24174,0.19429,0.16662,0.27038,0.30788,0.13638,0.18561,0.12764,0.28830,0.15539,0.11883,0.45220,0.37272,0.21326,0.33194,0.15311,0.23981
670,0.41025,0.35305,0.25438,0.24187,0.19418,0.16663,0.27046,0.30777,0.13619,0.18568,0.12752,0.28832,0.15566,0.11876,0.45202,0.37267,0.21326,0.33192,0.15306,0.23985
671,0.40998,0.35301,0.25418,0.24198,0.19407,0.16665,0.27052,0.30768,0.13598,0.18576,0.12743,0.28832,0.15594,0.11870,0.45183,0.37265,0.21325,0.33205,0.15306,0.23995
672,0.40966,0.35297,0.25399,0.24208,0.19395,0.16668,0.27061,0.30762,0.13577,0.18582,0.12734,0.28830,0.15622,0.11865,0.45164,0.37262,0.21322,0.33220,0.15309,0.24005
673,0.40931,0.35292,0.25381,0.24221,0.19382,0.16671,0.27078,0.30756,0.13559,0.18587,0.12723,0.28827,0.15649,0.11859,0.45142,0.37253,0.21319,0.33222,0.15313,0.24010
674,0.40908,0.35287,0.25362,0.24232,0.19372,0.16673,0.27107,0.30749,0.13545,0.18597,0.12718,0.28829,0.15677,0.11856,0.45122,0.37247,0.21319,0.33212,0.15319,0.24017
675,0.40891,0.35285,0.25342,0.24243,0.19359,0.16673,0.27133,0.30737,0.13528,0.18606,0.12711,0.28829,0.15702,0.11852,0.45111,0.37239,0.21322,0.33207,0.15325,0.24015
676,0.40874,0.35285,0.25324,0.24258,0.19346,0.16675,0.27153,0.30723,0.13508,0.18617,0.12703,0.28825,0.15727,0.11848,0.45107,0.37232,0.21326,0.33215,0.15329,0.24008
677,0.40856,0.35285,0.25304,0.24276,0.19336,0.16682,0.27173,0.30711,0.13490,0.18633,0.12699,0.28824,0.15763,0.11846,0.45100,0.37227,0.21328,0.33234,0.15336,0.24008
678,0.40829,0.35285,0.25285,0.24293,0.19326,0.16684,0.27192,0.30701,0.13470,0.18648,0.12695,0.28831,0.15797,0.11840,0.45095,0.37228,0.21331,0.33253,0.15344,0.24021
679,0.40803,0.35291,0.25271,0.24315,0.19317,0.16689,0.27215,0.30696,0.13453,0.18664,0.12694,0.28841,0.15837,0.11836,0.45097,0.37231,0.21340,0.33276,0.15355,0.24043
680,0.40785,0.35307,0.25260,0.24346,0.19311,0.16702,0.27248,0.30697,0.13440,0.18683,0.12699,0.28852,0.15886,0.11839,0.45105,0.37236,0.21353,0.33309,0.15374,0.24070
681,0.40772,0.35329,0.25248,0.24389,0.19311,0.16720,0.27295,0.30705,0.13430,0.18713,0.12710,0.28868,0.15944,0.11848,0.45105,0.37238,0.21369,0.33349,0.15405,0.24095
682,0.40757,0.35362,0.25248,0.24444,0.19316,0.16743,0.27346,0.30711,0.13425,0.18750,0.12727,0.28897,0.16014,0.11864,0.45104,0.37245,0.21398,0.33397,0.15446,0.24129
683,0.40744,0.35411,0.25262,0.24517,0.19330,0.16775,0.27407,0.30719,0.13423,0.18798,0.12753,0.28937,0.16100,0.11886,0.45114,0.37263,0.21442,0.33459,0.15504,0.24173
684,0.40739,0.35479,0.25288,0.24610,0.19356,0.16818,0.27484,0.30735,0.13424,0.18858,0.12787,0.28983,0.16203,0.11913,0.45142,0.37291,0.21496,0.33540,0.15581,0.24229
685,0.40752,0.35558,0.25311,0.24706,0.19382,0.16867,0.27579,0.30759,0.13429,0.18925,0.12831,0.29034,0.16324,0.11943,0.45176,0.37327,0.21559,0.33633,0.15665,0.24298
686,0.40747,0.35651,0.25359,0.24832,0.19420,0.16919,0.27671,0.30800,0.13439,0.19011,0.12887,0.29091,0.16457,0.11977,0.45234,0.37369,0.21632,0.33735,0.15766,0.24374
687,0.40712,0.35752,0.25433,0.24997,0.19475,0.16982,0.27766,0.30858,0.13455,0.19115,0.12958,0.29159,0.16605,0.12015,0.45317,0.37416,0.21719,0.33860,0.15890,0.24455
688,0.40669,0.35837,0.25506,0.25172,0.19538,0.17065,0.27879,0.30920,0.13476,0.19209,0.13034,0.29240,0.16756,0.12045,0.45403,0.37468,0.21813,0.34020,0.16021,0.24543
689,0.40694,0.35929,0.25551,0.25307,0.19571,0.17137,0.28004,0.30976,0.13494,0.19289,0.13103,0.29324,0.16911,0.12082,0.45436,0.37516,0.21894,0.34171,0.16134,0.24638
690,0.40736,0.36030,0.25574,0.25419,0.19598,0.17191,0.28116,0.31009,0.13499,0.19357,0.13158,0.29399,0.17057,0.12117,0.45440,0.37558,0.21961,0.34288,0.16233,0.24712
691,0.40758,0.36138,0.25590,0.25537,0.19634,0.17237,0.28218,0.31023,0.13494,0.19424,0.13206,0.29466,0.17197,0.12148,0.45441,0.37599,0.22027,0.34381,0.16334,0.24767
692,0.40769,0.36225,0.25597,0.25641,0.19648,0.17278,0.28320,0.31033,0.13493,0.19489,0.13253,0.29529,0.17332,0.12174,0.45434,0.37639,0.22093,0.34475,0.16430,0.24833
693,0.40757,0.36305,0.25610,0.25754,0.19672,0.17317,0.28415,0.31045,0.13487,0.19556,0.13296,0.29571,0.17463,0.12194,0.45431,0.37660,0.22149,0.34570,0.16513,0.24893
694,0.40735,0.36376,0.25620,0.25865,0.19696,0.17354,0.28498,0.31057,0.13475,0.19624,0.13333,0.29600,0.17589,0.12207,0.45435,0.37669,0.22195,0.34662,0.16585,0.24946
695,0.40721,0.36429,0.25614,0.25952,0.19704,0.17387,0.28569,0.31064,0.13459,0.19685,0.13364,0.29629,0.17704,0.12213,0.45440,0.37679,0.22235,0.34743,0.16650,0.24996
696,0.40716,0.36487,0.25594,0.26022,0.19704,0.17418,0.28647,0.31056,0.13437,0.19728,0.13387,0.29664,0.17818,0.12215,0.45436,0.37697,0.22261,0.34809,0.16708,0.25040
697,0.40710,0.36538,0.25571,0.26084,0.19695,0.17440,0.28726,0.31047,0.13407,0.19769,0.13403,0.29695,0.17931,0.12214,0.45425,0.37713,0.22280,0.34871,0.16764,0.25075
698,0.40688,0.36578,0.25547,0.26145,0.19683,0.17455,0.28797,0.31042,0.13372,0.19812,0.13416,0.29717,0.18040,0.12207,0.45410,0.37720,0.22297,0.34927,0.16816,0.25103
699,0.40637,0.36605,0.25522,0.26212,0.19675,0.17472,0.28848,0.31033,0.13336,0.19855,0.13430,0.29727,0.18142,0.12193,0.45390,0.37712,0.22315,0.34966,0.16855,0.25132
700,0.40579,0.36615,0.25498,0.26277,0.19667,0.17493,0.28892,0.31015,0.13298,0.19894,0.13447,0.29735,0.18237,0.12174,0.45363,0.37703,0.22333,0.35007,0.16889,0.25156
701,0.40525,0.36618,0.25463,0.26331,0.19654,0.17513,0.28936,0.30986,0.13256,0.19928,0.13458,0.29740,0.18329,0.12153,0.45329,0.37687,0.22344,0.35045,0.16916,0.25174
702,0.40477,0.36623,0.25415,0.26373,0.19636,0.17528,0.28982,0.30951,0.13210,0.19955,0.13461,0.29741,0.18419,0.12133,0.45290,0.37665,0.22349,0.35081,0.16938,0.25186
703,0.40429,0.36627,0.25366,0.26411,0.19611,0.17536,0.29028,0.30925,0.13164,0.19980,0.13459,0.29737,0.18506,0.12110,0.45257,0.37644,0.22348,0.35120,0.16950,0.25192
704,0.40382,0.36630,0.25310,0.26441,0.19581,0.17541,0.29064,0.30895,0.13114,0.20004,0.13452,0.29730,0.18594,0.12084,0.45230,0.37629,0.22350,0.35151,0.16963,0.25200
705,0.40330,0.36632,0.25255,0.26473,0.19552,0.17545,0.29093,0.30865,0.13063,0.20028,0.13443,0.29719,0.18681,0.12054,0.45198,0.37616,0.22350,0.35175,0.16977,0.25213
706,0.40271,0.36631,0.25206,0.26515,0.19530,0.17547,0.29121,0.30837,0.13011,0.20052,0.13437,0.29708,0.18769,0.12020,0.45153,0.37598,0.22341,0.35196,0.16994,0.25229
707,0.40216,0.36626,0.25153,0.26545,0.19506,0.17546,0.29154,0.30802,0.12957,0.20073,0.13429,0.29699,0.18859,0.11983,0.45108,0.37568,0.22325,0.35213,0.17004,0.25234
708,0.40167,0.36619,0.25096,0.26578,0.19480,0.17544,0.29187,0.30768,0.12905,0.20092,0.13418,0.29690,0.18947,0.11949,0.45067,0.37536,0.22311,0.35225,0.17010,0.25239
709,0.40118,0.36611,0.25041,0.26615,0.19453,0.17546,0.29212,0.30738,0.12855,0.20112,0.13408,0.29678,0.19032,0.11916,0.45032,0.37509,0.22301,0.35237,0.17014,0.25244
710,0.40056,0.36604,0.24988,0.26648,0.19427,0.17555,0.29228,0.30712,0.12799,0.20133,0.13402,0.29666,0.19113,0.11877,0.45003,0.37490,0.22293,0.35255,0.17019,0.25246
711,0.39992,0.36598,0.24932,0.26680,0.19401,0.17559,0.29251,0.30683,0.12742,0.20152,0.13394,0.29650,0.19196,0.11837,0.44970,0.37468,0.22282,0.35274,0.17026,0.25253
712,0.39928,0.36595,0.24876,0.26714,0.19379,0.17561,0.29281,0.30645,0.12685,0.20172,0.13387,0.29634,0.19279,0.11792,0.44936,0.37438,0.22267,0.35294,0.17032,0.25256
713,0.39865,0.36591,0.24823,0.26753,0.19361,0.17563,0.29316,0.30602,0.12628,0.20194,0.13383,0.29621,0.19363,0.11746,0.44905,0.37402,0.22247,0.35315,0.17035,0.25257
714,0.39802,0.36575,0.24771,0.26790,0.19337,0.17570,0.29348,0.30576,0.12574,0.20220,0.13377,0.29615,0.19449,0.11706,0.44872,0.37370,0.22226,0.35328,0.17037,0.25265
715,0.39738,0.36562,0.24725,0.26825,0.19315,0.17578,0.29372,0.30557,0.12517,0.20245,0.13371,0.29614,0.19532,0.11664,0.44852,0.37355,0.22204,0.35340,0.17035,0.25265
716,0.39657,0.36548,0.24689,0.26874,0.19299,0.17590,0.29385,0.30541,0.12460,0.20275,0.13364,0.29608,0.19617,0.11618,0.44840,0.37348,0.22182,0.35355,0.17034,0.25262
717,0.39544,0.36526,0.24662,0.26950,0.19292,0.17609,0.29385,0.30525,0.12403,0.20311,0.13358,0.29588,0.19708,0.11568,0.44831,0.37337,0.22159,0.35379,0.17038,0.25265
718,0.39420,0.36488,0.24627,0.27029,0.19298,0.17631,0.29375,0.30502,0.12350,0.20352,0.13354,0.29563,0.19794,0.11510,0.44822,0.37317,0.22135,0.35406,0.17037,0.25268
719,0.39314,0.36448,0.24585,0.27092,0.19300,0.17645,0.29377,0.30475,0.12293,0.20382,0.13349,0.29550,0.19883,0.11448,0.44801,0.37287,0.22111,0.35425,0.17034,0.25269
720,0.39246,0.36414,0.24530,0.27123,0.19283,0.17652,0.29404,0.30446,0.12233,0.20396,0.13339,0.29543,0.19974,0.11390,0.44765,0.37254,0.22087,0.35434,0.17030,0.25273
721,0.39216,0.36385,0.24456,0.27124,0.19247,0.17666,0.29451,0.30416,0.12175,0.20401,0.13328,0.29530,0.20067,0.11342,0.44720,0.37226,0.22064,0.35438,0.17025,0.25283
722,0.39203,0.36394,0.24384,0.27124,0.19203,0.17658,0.29495,0.30379,0.12113,0.20412,0.13314,0.29516,0.20152,0.11298,0.44665,0.37202,0.22040,0.35445,0.17018,0.25292
723,0.39156,0.36412,0.24332,0.27160,0.19181,0.17651,0.29521,0.30338,0.12052,0.20436,0.13304,0.29503,0.20236,0.11251,0.44625,0.37184,0.22018,0.35460,0.17015,0.25297
724,0.39064,0.36417,0.24289,0.27231,0.19177,0.17657,0.29530,0.30294,0.11989,0.20468,0.13297,0.29489,0.20325,0.11193,0.44598,0.37165,0.21993,0.35481,0.17014,0.25298
725,0.38976,0.36381,0.24237,0.27277,0.19168,0.17672,0.29538,0.30252,0.11921,0.20492,0.13287,0.29473,0.20412,0.11124,0.44559,0.37133,0.21954,0.35501,0.17000,0.25295
726,0.38904,0.36347,0.24172,0.27308,0.19151,0.17684,0.29559,0.30227,0.11853,0.20515,0.13278,0.29458,0.20497,0.11061,0.44517,0.37100,0.21920,0.35515,0.16985,0.25291
727,0.38840,0.36322,0.24103,0.27336,0.19128,0.17687,0.29579,0.30199,0.11782,0.20536,0.13265,0.29439,0.20578,0.10995,0.44471,0.37069,0.21883,0.35520,0.16964,0.25288
728,0.38772,0.36298,0.24033,0.27370,0.19099,0.17683,0.29589,0.30148,0.11702,0.20549,0.13244,0.29411,0.20660,0.10917,0.44420,0.37034,0.21836,0.35514,0.16933,0.25286
729,0.38696,0.36270,0.23955,0.27392,0.19074,0.17682,0.29592,0.30083,0.11617,0.20557,0.13221,0.29378,0.20741,0.10828,0.44373,0.36988,0.21784,0.35509,0.16897,0.25276
730,0.38607,0.36229,0.23862,0.27410,0.19043,0.17679,0.29588,0.30018,0.11522,0.20561,0.13194,0.29340,0.20818,0.10732,0.44308,0.36935,0.21728,0.35495,0.16851,0.25255
731,0.38514,0.36179,0.23751,0.27416,0.19003,0.17670,0.29586,0.29957,0.11423,0.20560,0.13166,0.29302,0.20893,0.10632,0.44221,0.36881,0.21664,0.35466,0.16800,0.25227
732,0.38435,0.36131,0.23633,0.27403,0.18956,0.17651,0.29594,0.29893,0.11324,0.20554,0.13136,0.29265,0.20971,0.10528,0.44126,0.36830,0.21593,0.35424,0.16748,0.25197
733,0.38376,0.36091,0.23518,0.27389,0.18912,0.17628,0.29607,0.29820,0.11224,0.20552,0.13102,0.29226,0.21043,0.10430,0.44040,0.36786,0.21515,0.35391,0.16693,0.25172
734,0.38316,0.36066,0.23420,0.27390,0.18872,0.17610,0.29609,0.29749,0.11132,0.20556,0.13069,0.29186,0.21115,0.10341,0.43962,0.36746,0.21442,0.35375,0.16645,0.25153
735,0.38245,0.36047,0.23336,0.27407,0.18838,0.17597,0.29601,0.29686,0.11048,0.20564,0.13041,0.29148,0.21190,0.10261,0.43893,0.36706,0.21380,0.35369,0.16608,0.25138
736,0.38166,0.36016,0.23257,0.27428,0.18810,0.17584,0.29595,0.29632,0.10969,0.20570,0.13018,0.29111,0.21270,0.10187,0.43844,0.36659,0.21329,0.35362,0.16579,0.25125
737,0.38096,0.35979,0.23184,0.27444,0.18782,0.17581,0.29602,0.29590,0.10902,0.20578,0.12999,0.29085,0.21354,0.10124,0.43801,0.36622,0.21288,0.35364,0.16554,0.25116
738,0.38037,0.35956,0.23117,0.27462,0.18756,0.17578,0.29613,0.29555,0.10841,0.20588,0.12981,0.29062,0.21434,0.10072,0.43765,0.36597,0.21254,0.35363,0.16536,0.25107
739,0.37985,0.35952,0.23054,0.27482,0.18733,0.17571,0.29621,0.29523,0.10782,0.20598,0.12966,0.29040,0.21509,0.10028,0.43733,0.36583,0.21225,0.35358,0.16526,0.25096
740,0.37934,0.35936,0.22994,0.27499,0.18709,0.17568,0.29642,0.29502,0.10733,0.20611,0.12957,0.29030,0.21588,0.09992,0.43682,0.36569,0.21199,0.35359,0.16519,0.25092
741,0.37885,0.35920,0.22938,0.27519,0.18684,0.17566,0.29658,0.29466,0.10684,0.20622,0.12947,0.29019,0.21664,0.09955,0.43633,0.36542,0.21172,0.35353,0.16510,0.25088
742,0.37837,0.35902,0.22884,0.27539,0.18660,0.17564,0.29667,0.29423,0.10635,0.20633,0.12934,0.29003,0.21739,0.09916,0.43590,0.36501,0.21145,0.35347,0.16501,0.25081
743,0.37785,0.35881,0.22830,0.27555,0.18635,0.17561,0.29673,0.29387,0.10589,0.20646,0.12917,0.28981,0.21814,0.09880,0.43550,0.36457,0.21119,0.35345,0.16492,0.25071
744,0.37727,0.35857,0.22777,0.27572,0.18609,0.17551,0.29683,0.29355,0.10543,0.20657,0.12901,0.28955,0.21883,0.09848,0.43509,0.36421,0.21097,0.35327,0.16479,0.25063
745,0.37667,0.35831,0.22721,0.27586,0.18581,0.17542,0.29690,0.29319,0.10501,0.20669,0.12886,0.28936,0.21955,0.09820,0.43469,0.36391,0.21072,0.35303,0.16470,0.25060
746,0.37602,0.35802,0.22661,0.27596,0.18551,0.17535,0.29691,0.29278,0.10458,0.20678,0.12871,0.28923,0.22028,0.09791,0.43422,0.36361,0.21041,0.35282,0.16462,0.25056
747,0.37531,0.35766,0.22599,0.27604,0.18520,0.17527,0.29689,0.29236,0.10407,0.20679,0.12855,0.28903,0.22100,0.09758,0.43357,0.36323,0.21008,0.35272,0.16443,0.25044
748,0.37458,0.35729,0.22536,0.27610,0.18486,0.17523,0.29693,0.29193,0.10357,0.20680,0.12838,0.28877,0.22171,0.09722,0.43295,0.36284,0.20977,0.35260,0.16425,0.25032
749,0.37380,0.35687,0.22469,0.27611,0.18449,0.17516,0.29697,0.29147,0.10306,0.20680,0.12817,0.28844,0.22235,0.09685,0.43236,0.36246,0.20947,0.35249,0.16408,0.25017
750,0.37298,0.35636,0.22396,0.27608,0.18410,0.17502,0.29693,0.29094,0.10254,0.20680,0.12793,0.28802,0.22296,0.09643,0.43177,0.36209,0.20914,0.35236,0.16391,0.24998
751,0.37217,0.35582,0.22324,0.27604,0.18370,0.17483,0.29679,0.29037,0.10201,0.20681,0.12768,0.28756,0.22358,0.09598,0.43125,0.36158,0.20875,0.35210,0.16368,0.24979
752,0.37127,0.35524,0.22247,0.27597,0.18324,0.17462,0.29656,0.28988,0.10143,0.20680,0.12740,0.28709,0.22413,0.09553,0.43067,0.36104,0.20830,0.35189,0.16335,0.24955
753,0.37034,0.35461,0.22167,0.27585,0.18276,0.17438,0.29633,0.28939,0.10080,0.20672,0.12709,0.28662,0.22465,0.09506,0.43010,0.36047,0.20781,0.35168,0.16298,0.24927
754,0.36943,0.35392,0.22083,0.27568,0.18228,0.17413,0.29615,0.28882,0.10018,0.20654,0.12674,0.28616,0.22520,0.09455,0.42963,0.35987,0.20729,0.35141,0.16261,0.24900
755,0.36852,0.35321,0.21994,0.27549,0.18179,0.17386,0.29594,0.28814,0.09961,0.20641,0.12641,0.28570,0.22573,0.09407,0.42912,0.35919,0.20678,0.35109,0.16220,0.24877
756,0.36757,0.35245,0.21901,0.27523,0.18122,0.17360,0.29574,0.28743,0.09903,0.20629,0.12607,0.28520,0.22621,0.09358,0.42849,0.35856,0.20623,0.35079,0.16177,0.24856
757,0.36666,0.35165,0.21815,0.27491,0.18056,0.17334,0.29549,0.28680,0.09846,0.20615,0.12569,0.28474,0.22668,0.09313,0.42783,0.35808,0.20568,0.35056,0.16134,0.24841
758,0.36584,0.35096,0.21746,0.27467,0.17988,0.17308,0.29516,0.28630,0.09789,0.20603,0.12527,0.28440,0.22722,0.09278,0.42731,0.35779,0.20523,0.35042,0.16091,0.24838
759,0.36486,0.35108,0.21698,0.27514,0.17959,0.17278,0.29485,0.28590,0.09726,0.20637,0.12507,0.28387,0.22792,0.09253,0.42722,0.35753,0.20500,0.35021,0.16069,0.24830
760,0.36315,0.35156,0.21664,0.27599,0.17974,0.17258,0.29437,0.28530,0.09659,0.20690,0.12498,0.28309,0.22837,0.09199,0.42747,0.35722,0.20490,0.34978,0.16056,0.24798
761,0.35993,0.35126,0.21615,0.27675,0.18010,0.17264,0.29337,0.28431,0.09583,0.20716,0.12478,0.28208,0.22837,0.09074,0.42771,0.35655,0.20461,0.34909,0.16019,0.24728
762,0.35735,0.34711,0.21474,0.27544,0.17886,0.17292,0.29222,0.28419,0.09527,0.20617,0.12427,0.28200,0.22862,0.08960,0.42669,0.35524,0.20365,0.34899,0.15906,0.24691
763,0.35570,0.34460,0.21343,0.27473,0.17785,0.17256,0.29126,0.28361,0.09449,0.20559,0.12387,0.28147,0.22905,0.08894,0.42547,0.35385,0.20272,0.34842,0.15835,0.24641
764,0.35473,0.34350,0.21229,0.27422,0.17726,0.17194,0.29074,0.28268,0.09372,0.20523,0.12344,0.28061,0.22942,0.08842,0.42423,0.35275,0.20188,0.34763,0.15780,0.24589
765,0.35406,0.34210,0.21086,0.27311,0.17646,0.17134,0.29043,0.28159,0.09299,0.20464,0.12282,0.27972,0.22967,0.08781,0.42274,0.35184,0.20095,0.34686,0.15706,0.24536
766,0.35381,0.34115,0.20929,0.27189,0.17532,0.17061,0.29009,0.28041,0.09230,0.20408,0.12226,0.27899,0.22989,0.08736,0.42119,0.35103,0.20012,0.34615,0.15633,0.24477
767,0.35344,0.34055,0.20794,0.27108,0.17439,0.16985,0.28985,0.27931,0.09156,0.20362,0.12168,0.27829,0.23011,0.08695,0.41975,0.35029,0.19933,0.34536,0.15567,0.24412
768,0.35287,0.34006,0.20677,0.27049,0.17361,0.16915,0.28955,0.27829,0.09081,0.20321,0.12111,0.27753,0.23030,0.08653,0.41849,0.34956,0.19856,0.34450,0.15508,0.24352
769,0.35214,0.33950,0.20568,0.26992,0.17288,0.16856,0.28909,0.27733,0.09008,0.20284,0.12058,0.27668,0.23048,0.08608,0.41740,0.34879,0.19780,0.34362,0.15451,0.24301
770,0.35121,0.33870,0.20451,0.26938,0.17219,0.16802,0.28870,0.27634,0.08940,0.20251,0.12008,0.27592,0.23079,0.08559,0.41640,0.34801,0.19711,0.34288,0.15397,0.24256
771,0.35012,0.33777,0.20337,0.26882,0.17147,0.16752,0.28830,0.27541,0.08873,0.20213,0.11957,0.27516,0.23105,0.08505,0.41545,0.34718,0.19644,0.34226,0.15336,0.24208
772,0.34895,0.33678,0.20226,0.26823,0.17074,0.16706,0.28782,0.27455,0.08807,0.20171,0.11907,0.27443,0.23123,0.08451,0.41452,0.34630,0.19574,0.34169,0.15273,0.24156
773,0.34779,0.33575,0.20117,0.26765,0.17009,0.16662,0.28725,0.27375,0.08744,0.20131,0.11864,0.27380,0.23141,0.08398,0.41354,0.34542,0.19504,0.34106,0.15214,0.24104
774,0.34662,0.33479,0.20014,0.26713,0.16947,0.16615,0.28668,0.27290,0.08680,0.20093,0.11821,0.27317,0.23156,0.08346,0.41251,0.34454,0.19433,0.34041,0.15164,0.24057
775,0.34545,0.33378,0.19911,0.26663,0.16882,0.16567,0.28611,0.27203,0.08618,0.20059,0.11776,0.27252,0.23168,0.08294,0.41151,0.34369,0.19368,0.33986,0.15114,0.24009
776,0.34426,0.33269,0.19808,0.26613,0.16813,0.16520,0.28553,0.27116,0.08557,0.20028,0.11728,0.27184,0.23180,0.08244,0.41058,0.34287,0.19306,0.33936,0.15058,0.23959
777,0.34308,0.33170,0.19713,0.26561,0.16752,0.16472,0.28486,0.27033,0.08495,0.19995,0.11682,0.27117,0.23193,0.08196,0.40965,0.34205,0.19239,0.33876,0.15001,0.23912
778,0.34195,0.33072,0.19619,0.26513,0.16691,0.16431,0.28424,0.26954,0.08436,0.19966,0.11641,0.27052,0.23203,0.08149,0.40875,0.34136,0.19176,0.33808,0.14943,0.23865
779,0.34085,0.32976,0.19522,0.26464,0.16630,0.16394,0.28370,0.26881,0.08382,0.19938,0.11605,0.26992,0.23214,0.08104,0.40792,0.34072,0.19113,0.33739,0.14888,0.23821
780,0.33977,0.32881,0.19423,0.26416,0.16573,0.16355,0.28324,0.26814,0.08332,0.19909,0.11570,0.26939,0.23232,0.08063,0.40714,0.34002,0.19050,0.33672,0.14839,0.23782
781,0.33876,0.32786,0.19332,0.26371,0.16516,0.16315,0.28274,0.26742,0.08276,0.19874,0.11531,0.26882,0.23254,0.08019,0.40628,0.33930,0.18984,0.33612,0.14788,0.23747
782,0.33778,0.32695,0.19247,0.26328,0.16461,0.16279,0.28225,0.26674,0.08227,0.19843,0.11499,0.26827,0.23274,0.07981,0.40543,0.33865,0.18925,0.33563,0.14744,0.23710
783,0.33684,0.32610,0.19169,0.26288,0.16409,0.16245,0.28178,0.26610,0.08183,0.19817,0.11471,0.26776,0.23287,0.07946,0.40466,0.33805,0.18875,0.33521,0.14703,0.23671
784,0.33591,0.32528,0.19094,0.26254,0.16360,0.16208,0.28135,0.26551,0.08140,0.19796,0.11442,0.26725,0.23293,0.07910,0.40398,0.33744,0.18830,0.33483,0.14658,0.23633
785,0.33499,0.32441,0.19021,0.26216,0.16312,0.16174,0.28089,0.26496,0.08100,0.19775,0.11412,0.26675,0.23300,0.07878,0.40339,0.33682,0.18785,0.33442,0.14619,0.23601
786,0.33409,0.32362,0.18955,0.26185,0.16270,0.16146,0.28049,0.26445,0.08063,0.19759,0.11387,0.26625,0.23314,0.07851,0.40276,0.33621,0.18742,0.33403,0.14584,0.23577
787,0.33318,0.32290,0.18895,0.26163,0.16231,0.16122,0.28013,0.26394,0.08026,0.19744,0.11366,0.26576,0.23334,0.07828,0.40208,0.33561,0.18702,0.33368,0.14550,0.23556
788,0.33227,0.32220,0.18837,0.26140,0.16190,0.16098,0.27973,0.26342,0.07990,0.19726,0.11341,0.26531,0.23355,0.07801,0.40143,0.33499,0.18666,0.33339,0.14514,0.23533
789,0.33137,0.32156,0.18785,0.26120,0.16160,0.16077,0.27935,0.26296,0.07955,0.19708,0.11320,0.26500,0.23368,0.07776,0.40101,0.33448,0.18636,0.33305,0.14488,0.23510
790,0.33059,0.32094,0.18735,0.26101,0.16128,0.16059,0.27906,0.26253,0.07925,0.19696,0.11305,0.26474,0.23379,0.07758,0.40061,0.33401,0.18610,0.33273,0.14467,0.23487
791,0.32998,0.32036,0.18685,0.26081,0.16091,0.16043,0.27886,0.26212,0.07901,0.19689,0.11294,0.26449,0.23394,0.07746,0.40009,0.33355,0.18585,0.33249,0.14447,0.23466
792,0.32944,0.31985,0.18641,0.26062,0.16065,0.16031,0.27871,0.26178,0.07880,0.19683,0.11285,0.26422,0.23417,0.07735,0.39944,0.33312,0.18566,0.33234,0.14429,0.23450
793,0.32894,0.31945,0.18601,0.26048,0.16037,0.16022,0.27855,0.26147,0.07861,0.19673,0.11278,0.26395,0.23435,0.07726,0.39890,0.33272,0.18546,0.33215,0.14414,0.23437
794,0.32849,0.31909,0.18564,0.26039,0.16011,0.16012,0.27837,0.26122,0.07841,0.19664,0.11273,0.26374,0.23449,0.07717,0.39844,0.33238,0.18525,0.33187,0.14402,0.23431
795,0.32809,0.31876,0.18531,0.26037,0.15994,0.15998,0.27818,0.26103,0.07823,0.19662,0.11269,0.26360,0.23466,0.07708,0.39805,0.33214,0.18506,0.33155,0.14393,0.23434
796,0.32762,0.31848,0.18508,0.26035,0.15983,0.15991,0.27802,0.26083,0.07807,0.19657,0.11267,0.26343,0.23488,0.07700,0.39781,0.33191,0.18493,0.33138,0.14384,0.23432
797,0.32721,0.31818,0.18488,0.26035,0.15967,0.15988,0.27794,0.26065,0.07794,0.19657,0.11270,0.26327,0.23520,0.07698,0.39779,0.33176,0.18485,0.33130,0.14378,0.23428
798,0.32691,0.31791,0.18469,0.26041,0.15949,0.15988,0.27796,0.26052,0.07785,0.19665,0.11275,0.26320,0.23558,0.07698,0.39783,0.33164,0.18484,0.33130,0.14377,0.23422
799,0.32671,0.31778,0.18454,0.26054,0.15939,0.15990,0.27806,0.26046,0.07781,0.19678,0.11281,0.26328,0.23598,0.07699,0.39771,0.33150,0.18490,0.33138,0.14379,0.23417
800,0.32654,0.31772,0.18440,0.26060,0.15934,0.15995,0.27817,0.26034,0.07776,0.19689,0.11287,0.26338,0.23630,0.07699,0.39745,0.33143,0.18497,0.33146,0.14390,0.23418
801,0.32634,0.31762,0.18431,0.26068,0.15930,0.16003,0.27823,0.26034,0.07775,0.19704,0.11295,0.26349,0.23658,0.07704,0.39723,0.33141,0.18504,0.33154,0.14402,0.23428
802,0.32614,0.31751,0.18428,0.26085,0.15927,0.16012,0.27826,0.26044,0.07776,0.19720,0.11304,0.26359,0.23685,0.07713,0.39708,0.33140,0.18514,0.33165,0.14413,0.23442
803,0.32604,0.31752,0.18431,0.26110,0.15934,0.16020,0.27830,0.26051,0.07778,0.19734,0.11318,0.26367,0.23714,0.07724,0.39694,0.33138,0.18524,0.33177,0.14427,0.23454
804,0.32602,0.31757,0.18434,0.26133,0.15939,0.16031,0.27837,0.26052,0.07781,0.19749,0.11335,0.26377,0.23744,0.07738,0.39692,0.33141,0.18537,0.33186,0.14441,0.23467
805,0.32602,0.31765,0.18438,0.26153,0.15940,0.16042,0.27855,0.26053,0.07785,0.19765,0.11352,0.26389,0.23774,0.07752,0.39698,0.33142,0.18553,0.33194,0.14455,0.23480
806,0.32606,0.31777,0.18444,0.26173,0.15940,0.16054,0.27882,0.26057,0.07790,0.19782,0.11370,0.26404,0.23804,0.07767,0.39708,0.33143,0.18572,0.33204,0.14472,0.23494
807,0.32617,0.31797,0.18456,0.26202,0.15949,0.16068,0.27906,0.26076,0.07795,0.19804,0.11394,0.26419,0.23838,0.07782,0.39710,0.33154,0.18591,0.33222,0.14497,0.23512
808,0.32624,0.31821,0.18471,0.26237,0.15965,0.16089,0.27930,0.26105,0.07802,0.19831,0.11417,0.26440,0.23876,0.07796,0.39715,0.33179,0.18609,0.33240,0.14520,0.23533
809,0.32626,0.31841,0.18489,0.26274,0.15981,0.16114,0.27954,0.26131,0.07811,0.19861,0.11439,0.26464,0.23912,0.07810,0.39729,0.33206,0.18628,0.33264,0.14541,0.23555
810,0.32624,0.31852,0.18508,0.26311,0.15995,0.16140,0.27977,0.26147,0.07821,0.19891,0.11460,0.26488,0.23946,0.07825,0.39755,0.33225,0.18648,0.33300,0.14559,0.23576
811,0.32632,0.31873,0.18534,0.26345,0.16011,0.16166,0.28002,0.26168,0.07827,0.19919,0.11480,0.26514,0.23992,0.07839,0.39780,0.33237,0.18665,0.33347,0.14579,0.23600
812,0.32633,0.31900,0.18562,0.26389,0.16031,0.16194,0.28030,0.26200,0.07833,0.19953,0.11502,0.26535,0.24042,0.07858,0.39810,0.33254,0.18687,0.33391,0.14605,0.23628
813,0.32628,0.31923,0.18589,0.26446,0.16056,0.16225,0.28055,0.26237,0.07841,0.19988,0.11527,0.26555,0.24089,0.07877,0.39847,0.33279,0.18711,0.33428,0.14633,0.23657
814,0.32623,0.31934,0.18616,0.26507,0.16090,0.16256,0.28075,0.26264,0.07853,0.20018,0.11555,0.26581,0.24132,0.07892,0.39891,0.33313,0.18729,0.33462,0.14657,0.23683
815,0.32617,0.31956,0.18646,0.26567,0.16123,0.16289,0.28102,0.26289,0.07868,0.20055,0.11586,0.26609,0.24175,0.07907,0.39930,0.33354,0.18752,0.33492,0.14685,0.23707
816,0.32614,0.31979,0.18681,0.26622,0.16157,0.16323,0.28133,0.26315,0.07880,0.20092,0.11618,0.26640,0.24218,0.07919,0.39964,0.33386,0.18777,0.33516,0.14711,0.23724
817,0.32623,0.32001,0.18713,0.26667,0.16189,0.16357,0.28167,0.26343,0.07891,0.20126,0.11649,0.26674,0.24262,0.07930,0.39991,0.33408,0.18801,0.33540,0.14735,0.23744
818,0.32655,0.32023,0.18734,0.26696,0.16209,0.16389,0.28205,0.26373,0.07906,0.20163,0.11685,0.26707,0.24303,0.07951,0.40007,0.33431,0.18826,0.33571,0.14761,0.23778
819,0.32694,0.32031,0.18757,0.26727,0.16213,0.16421,0.28241,0.26408,0.07920,0.20195,0.11717,0.26736,0.24343,0.07970,0.40019,0.33446,0.18852,0.33605,0.14786,0.23812
820,0.32735,0.32050,0.18781,0.26757,0.16213,0.16443,0.28277,0.26438,0.07930,0.20219,0.11743,0.26766,0.24380,0.07985,0.40024,0.33463,0.18872,0.33631,0.14809,0.23835
821,0.32770,0.32095,0.18804,0.26789,0.16226,0.16458,0.28311,0.26457,0.07935,0.20238,0.11765,0.26798,0.24414,0.07994,0.40030,0.33483,0.18885,0.33646,0.14830,0.23851
822,0.32790,0.32164,0.18820,0.26831,0.16273,0.16477,0.28341,0.26466,0.07935,0.20263,0.11789,0.26819,0.24447,0.07994,0.40048,0.33493,0.18892,0.33656,0.14850,0.23868
823,0.32788,0.32196,0.18828,0.26874,0.16309,0.16498,0.28358,0.26474,0.07935,0.20288,0.11812,0.26836,0.24477,0.07987,0.40073,0.33504,0.18896,0.33671,0.14866,0.23882
824,0.32791,0.32186,0.18834,0.26898,0.16312,0.16519,0.28374,0.26484,0.07932,0.20305,0.11827,0.26853,0.24511,0.07976,0.40085,0.33510,0.18892,0.33686,0.14874,0.23890
825,0.32814,0.32158,0.18839,0.26899,0.16289,0.16536,0.28396,0.26495,0.07922,0.20311,0.11834,0.26869,0.24548,0.07965,0.40075,0.33511,0.18881,0.33698,0.14872,0.23891
826,0.32829,0.32172,0.18826,0.26918,0.16286,0.16542,0.28419,0.26504,0.07906,0.20323,0.11845,0.26876,0.24575,0.07949,0.40057,0.33508,0.18868,0.33710,0.14863,0.23896
827,0.32824,0.32192,0.18819,0.26944,0.16304,0.16548,0.28427,0.26496,0.07881,0.20338,0.11853,0.26868,0.24592,0.07921,0.40047,0.33507,0.18840,0.33719,0.14848,0.23893
828,0.32806,0.32194,0.18802,0.26962,0.16322,0.16554,0.28424,0.26481,0.07852,0.20351,0.11855,0.26852,0.24608,0.07882,0.40032,0.33504,0.18804,0.33720,0.14828,0.23887
829,0.32785,0.32167,0.18764,0.26961,0.16319,0.16558,0.28415,0.26471,0.07823,0.20357,0.11854,0.26839,0.24632,0.07839,0.40001,0.33497,0.18766,0.33710,0.14806,0.23883
830,0.32766,0.32134,0.18742,0.26960,0.16309,0.16558,0.28403,0.26450,0.07794,0.20358,0.11852,0.26830,0.24653,0.07804,0.39971,0.33485,0.18723,0.33687,0.14780,0.23870
831,0.32750,0.32110,0.18715,0.26957,0.16304,0.16559,0.28393,0.26433,0.07764,0.20357,0.11849,0.26820,0.24667,0.07765,0.39939,0.33468,0.18684,0.33665,0.14752,0.23857
832,0.32734,0.32091,0.18684,0.26956,0.16301,0.16559,0.28384,0.26416,0.07732,0.20353,0.11845,0.26808,0.24679,0.07724,0.39907,0.33446,0.18647,0.33646,0.14726,0.23840
833,0.32711,0.32063,0.18657,0.26958,0.16289,0.16553,0.28372,0.26392,0.07700,0.20347,0.11837,0.26795,0.24693,0.07686,0.39874,0.33422,0.18609,0.33626,0.14701,0.23817
834,0.32691,0.32034,0.18622,0.26939,0.16274,0.16548,0.28371,0.26378,0.07674,0.20344,0.11830,0.26779,0.24710,0.07650,0.39835,0.33395,0.18573,0.33610,0.14678,0.23799
835,0.32672,0.32003,0.18585,0.26924,0.16259,0.16541,0.28365,0.26359,0.07649,0.20339,0.11822,0.26763,0.24725,0.07616,0.39798,0.33367,0.18537,0.33588,0.14653,0.23784
836,0.32649,0.31974,0.18551,0.26914,0.16244,0.16529,0.28349,0.26329,0.07622,0.20332,0.11812,0.26746,0.24731,0.07585,0.39766,0.33341,0.18498,0.33559,0.14625,0.23770
837,0.32618,0.31949,0.18522,0.26894,0.16223,0.16511,0.28332,0.26295,0.07591,0.20323,0.11798,0.26724,0.24723,0.07556,0.39735,0.33315,0.18457,0.33527,0.14597,0.23755
838,0.32587,0.31913,0.18475,0.26871,0.16202,0.16497,0.28320,0.26258,0.07562,0.20311,0.11787,0.26702,0.24719,0.07529,0.39708,0.33292,0.18416,0.33491,0.14566,0.23733
839,0.32550,0.31870,0.18426,0.26847,0.16179,0.16481,0.28298,0.26220,0.07533,0.20294,0.11773,0.26671,0.24716,0.07500,0.39675,0.33263,0.18371,0.33456,0.14533,0.23710
840,0.32502,0.31822,0.18385,0.26822,0.16154,0.16459,0.28262,0.26180,0.07501,0.20272,0.11753,0.26630,0.24715,0.07465,0.39630,0.33224,0.18322,0.33420,0.14498,0.23685
841,0.32447,0.31769,0.18340,0.26790,0.16128,0.16435,0.28222,0.26139,0.07465,0.20247,0.11733,0.26592,0.24718,0.07426,0.39576,0.33184,0.18271,0.33378,0.14460,0.23647
842,0.32380,0.31706,0.18287,0.26757,0.16094,0.16406,0.28177,0.26092,0.07428,0.20221,0.11711,0.26551,0.24711,0.07386,0.39513,0.33136,0.18217,0.33339,0.14418,0.23609
843,0.32309,0.31635,0.18225,0.26716,0.16056,0.16376,0.28130,0.26043,0.07392,0.20193,0.11686,0.26507,0.24698,0.07346,0.39444,0.33084,0.18167,0.33300,0.14376,0.23573
844,0.32240,0.31558,0.18156,0.26663,0.16015,0.16343,0.28082,0.25992,0.07353,0.20160,0.11657,0.26457,0.24683,0.07306,0.39376,0.33030,0.18118,0.33254,0.14333,0.23533
845,0.32166,0.31474,0.18086,0.26599,0.15967,0.16304,0.28025,0.25928,0.07307,0.20117,0.11616,0.26392,0.24657,0.07259,0.39312,0.32960,0.18053,0.33193,0.14278,0.23474
846,0.32088,0.31385,0.18010,0.26546,0.15919,0.16264,0.27956,0.25862,0.07260,0.20072,0.11571,0.26332,0.24633,0.07213,0.39244,0.32891,0.17982,0.33123,0.14218,0.23424
847,0.32002,0.31291,0.17931,0.26489,0.15870,0.16222,0.27885,0.25794,0.07211,0.20024,0.11528,0.26269,0.24604,0.07165,0.39171,0.32823,0.17905,0.33050,0.14158,0.23378
848,0.31904,0.31192,0.17850,0.26418,0.15816,0.16175,0.27817,0.25721,0.07161,0.19973,0.11487,0.26195,0.24565,0.07111,0.39090,0.32749,0.17823,0.32978,0.14097,0.23325
849,0.31800,0.31082,0.17753,0.26346,0.15754,0.16129,0.27745,0.25650,0.07109,0.19928,0.11442,0.26123,0.24527,0.07056,0.38994,0.32663,0.17741,0.32892,0.14029,0.23263
850,0.31686,0.30965,0.17658,0.26263,0.15693,0.16075,0.27661,0.25570,0.07056,0.19874,0.11391,0.26045,0.24484,0.06999,0.38898,0.32569,0.17653,0.32806,0.13958,0.23194
851,0.31570,0.30841,0.17567,0.26178,0.15622,0.16019,0.27565,0.25483,0.06999,0.19812,0.11336,0.25963,0.24440,0.06940,0.38794,0.32473,0.17563,0.32718,0.13885,0.23124
852,0.31456,0.30711,0.17472,0.26098,0.15539,0.15969,0.27467,0.25394,0.06940,0.19751,0.11281,0.25878,0.24403,0.06879,0.38674,0.32378,0.17477,0.32627,0.13810,0.23059
853,0.31330,0.30584,0.17354,0.26011,0.15479,0.15905,0.27369,0.25291,0.06875,0.19683,0.11224,0.25778,0.24348,0.06814,0.38558,0.32267,0.17378,0.32537,0.13727,0.22984
854,0.31196,0.30446,0.17228,0.25914,0.15413,0.15833,0.27266,0.25182,0.06810,0.19606,0.11165,0.25673,0.24284,0.06744,0.38441,0.32148,0.17277,0.32448,0.13644,0.22909
855,0.31060,0.30294,0.17108,0.25809,0.15332,0.15758,0.27162,0.25074,0.06748,0.19527,0.11104,0.25570,0.24223,0.06673,0.38314,0.32028,0.17175,0.32354,0.13562,0.22834
856,0.30925,0.30132,0.17002,0.25704,0.15249,0.15689,0.27060,0.24973,0.06688,0.19455,0.11040,0.25472,0.24171,0.06608,0.38175,0.31911,0.17068,0.32254,0.13482,0.22756
857,0.30790,0.29964,0.16888,0.25585,0.15152,0.15614,0.26949,0.24878,0.06625,0.19376,0.10973,0.25370,0.24116,0.06546,0.38045,0.31794,0.16953,0.32152,0.13396,0.22677
858,0.30650,0.29811,0.16774,0.25484,0.15062,0.15540,0.26836,0.24777,0.06559,0.19296,0.10906,0.25263,0.24053,0.06483,0.37911,0.31677,0.16842,0.32043,0.13309,0.22596
859,0.30504,0.29670,0.16662,0.25393,0.14985,0.15469,0.26727,0.24665,0.06493,0.19219,0.10840,0.25153,0.23982,0.06418,0.37767,0.31561,0.16738,0.31925,0.13224,0.22513
860,0.30360,0.29518,0.16546,0.25272,0.14907,0.15397,0.26621,0.24552,0.06429,0.19146,0.10773,0.25050,0.23912,0.06354,0.37619,0.31454,0.16637,0.31804,0.13138,0.22436
861,0.30204,0.29365,0.16427,0.25165,0.14823,0.15317,0.26505,0.24428,0.06364,0.19065,0.10701,0.24944,0.23841,0.06284,0.37463,0.31333,0.16529,0.31683,0.13046,0.22356
862,0.30052,0.29202,0.16303,0.25055,0.14733,0.15236,0.26388,0.24302,0.06300,0.18983,0.10630,0.24835,0.23765,0.06216,0.37308,0.31208,0.16414,0.31560,0.12955,0.22274
863,0.29909,0.29032,0.16181,0.24935,0.14640,0.15159,0.26276,0.24180,0.06238,0.18903,0.10563,0.24726,0.23686,0.06154,0.37159,0.31086,0.16299,0.31437,0.12869,0.22190
864,0.29759,0.28871,0.16070,0.24824,0.14556,0.15086,0.26165,0.24059,0.06175,0.18829,0.10493,0.24622,0.23612,0.06092,0.37004,0.30963,0.16193,0.31313,0.12784,0.22107
865,0.29592,0.28709,0.15954,0.24711,0.14475,0.14994,0.26037,0.23933,0.06106,0.18737,0.10415,0.24502,0.23529,0.06022,0.36839,0.30828,0.16077,0.31194,0.12692,0.22023
866,0.29422,0.28540,0.15830,0.24592,0.14392,0.14902,0.25900,0.23809,0.06039,0.18636,0.10339,0.24378,0.23445,0.05949,0.36673,0.30685,0.15959,0.31068,0.12599,0.21935
867,0.29257,0.28360,0.15699,0.24466,0.14301,0.14822,0.25763,0.23688,0.05975,0.18536,0.10268,0.24260,0.23369,0.05881,0.36510,0.30540,0.15842,0.30934,0.12510,0.21842
868,0.29087,0.28160,0.15569,0.24337,0.14195,0.14738,0.25619,0.23568,0.05910,0.18443,0.10193,0.24144,0.23288,0.05814,0.36334,0.30393,0.15718,0.30805,0.12420,0.21745
869,0.28926,0.27970,0.15447,0.24206,0.14092,0.14655,0.25481,0.23447,0.05844,0.18353,0.10119,0.24029,0.23213,0.05752,0.36180,0.30247,0.15593,0.30674,0.12324,0.21650
870,0.28773,0.27792,0.15329,0.24080,0.13998,0.14572,0.25352,0.23324,0.05780,0.18261,0.10046,0.23912,0.23135,0.05692,0.36033,0.30103,0.15473,0.30544,0.12229,0.21559
871,0.28618,0.27620,0.15208,0.23961,0.13910,0.14486,0.25223,0.23195,0.05715,0.18165,0.09972,0.23787,0.23045,0.05630,0.35873,0.29960,0.15358,0.30415,0.12140,0.21468
872,0.28448,0.27451,0.15095,0.23844,0.13822,0.14394,0.25081,0.23053,0.05645,0.18069,0.09895,0.23658,0.22946,0.05556,0.35704,0.29818,0.15236,0.30281,0.12054,0.21366
873,0.28279,0.27278,0.14978,0.23709,0.13728,0.14312,0.24948,0.22927,0.05585,0.17983,0.09824,0.23538,0.22852,0.05498,0.35546,0.29681,0.15122,0.30148,0.11975,0.21277
874,0.28110,0.27100,0.14862,0.23577,0.13635,0.14235,0.24818,0.22807,0.05528,0.17895,0.09753,0.23418,0.22763,0.05446,0.35389,0.29542,0.15013,0.30015,0.11895,0.21192
875,0.27938,0.26918,0.14752,0.23466,0.13548,0.14153,0.24677,0.22674,0.05462,0.17792,0.09677,0.23287,0.22674,0.05380,0.35217,0.29394,0.14898,0.29877,0.11810,0.21092
876,0.27763,0.26742,0.14628,0.23332,0.13453,0.14069,0.24540,0.22539,0.05401,0.17693,0.09610,0.23165,0.22589,0.05324,0.35039,0.29245,0.14784,0.29744,0.11733,0.21001
877,0.27598,0.26562,0.14514,0.23205,0.13359,0.13985,0.24404,0.22413,0.05343,0.17595,0.09542,0.23047,0.22500,0.05267,0.34863,0.29095,0.14665,0.29614,0.11651,0.20910
878,0.27438,0.26377,0.14405,0.23085,0.13264,0.13902,0.24264,0.22294,0.05285,0.17500,0.09471,0.22931,0.22407,0.05207,0.34690,0.28946,0.14545,0.29482,0.11564,0.20818
879,0.27274,0.26197,0.14285,0.22962,0.13165,0.13823,0.24121,0.22178,0.05226,0.17405,0.09403,0.22814,0.22314,0.05147,0.34516,0.28802,0.14430,0.29348,0.11482,0.20728
880,0.27116,0.26031,0.14187,0.22859,0.13096,0.13748,0.23997,0.22071,0.05176,0.17317,0.09342,0.22700,0.22223,0.05096,0.34355,0.28674,0.14325,0.29221,0.11413,0.20647
881,0.26962,0.25863,0.14093,0.22742,0.13019,0.13677,0.23877,0.21957,0.05127,0.17228,0.09283,0.22591,0.22135,0.05048,0.34204,0.28551,0.14225,0.29093,0.11346,0.20574
882,0.26809,0.25697,0.13997,0.22612,0.12932,0.13605,0.23752,0.21833,0.05075,0.17140,0.09221,0.22486,0.22047,0.04999,0.34055,0.28428,0.14121,0.28964,0.11274,0.20497
883,0.26659,0.25551,0.13906,0.22497,0.12861,0.13527,0.23623,0.21710,0.05022,0.17056,0.09157,0.22381,0.21955,0.04950,0.33902,0.28305,0.14014,0.28841,0.11199,0.20409
884,0.26521,0.25406,0.13821,0.22395,0.12785,0.13464,0.23509,0.21607,0.04978,0.16977,0.09104,0.22278,0.21872,0.04902,0.33752,0.28188,0.13919,0.28726,0.11136,0.20326
885,0.26388,0.25240,0.13733,0.22294,0.12706,0.13401,0.23395,0.21506,0.04936,0.16897,0.09050,0.22178,0.21789,0.04859,0.33609,0.28066,0.13829,0.28615,0.11075,0.20247
886,0.26258,0.25069,0.13640,0.22192,0.12631,0.13338,0.23281,0.21404,0.04894,0.16815,0.08994,0.22081,0.21706,0.04821,0.33473,0.27945,0.13739,0.28507,0.11016,0.20172
887,0.26136,0.24943,0.13551,0.22096,0.12560,0.13282,0.23185,0.21318,0.04855,0.16736,0.08943,0.21989,0.21635,0.04783,0.33339,0.27838,0.13656,0.28404,0.10967,0.20102
888,0.26012,0.24812,0.13480,0.22006,0.12488,0.13220,0.23081,0.21231,0.04813,0.16668,0.08892,0.21902,0.21562,0.04743,0.33213,0.27733,0.13567,0.28301,0.10911,0.20028
889,0.25889,0.24672,0.13409,0.21914,0.12413,0.13158,0.22985,0.21149,0.04773,0.16604,0.08845,0.21823,0.21495,0.04706,0.33090,0.27634,0.13484,0.28202,0.10858,0.19963
890,0.25774,0.24537,0.13338,0.21825,0.12344,0.13105,0.22901,0.21073,0.04738,0.16543,0.08802,0.21752,0.21436,0.04674,0.32975,0.27545,0.13412,0.28110,0.10814,0.19911
891,0.25671,0.24434,0.13296,0.21761,0.12299,0.13060,0.22819,0.20996,0.04708,0.16487,0.08761,0.21680,0.21374,0.04649,0.32878,0.27465,0.13339,0.28031,0.10772,0.19862
892,0.25564,0.24335,0.13246,0.21706,0.12259,0.13015,0.22737,0.20918,0.04678,0.16433,0.08723,0.21613,0.21317,0.04623,0.32777,0.27388,0.13272,0.27961,0.10728,0.19811
893,0.25458,0.24241,0.13195,0.21653,0.12213,0.12967,0.22652,0.20837,0.04644,0.16380,0.08685,0.21550,0.21266,0.04591,0.32675,0.27304,0.13204,0.27893,0.10687,0.19759
894,0.25357,0.24154,0.13150,0.21601,0.12166,0.12922,0.22566,0.20758,0.04609,0.16327,0.08644,0.21493,0.21217,0.04555,0.32581,0.27214,0.13137,0.27823,0.10650,0.19706
895,0.25258,0.24068,0.13110,0.21550,0.12142,0.12892,0.22490,0.20699,0.04588,0.16278,0.08613,0.21446,0.21164,0.04529,0.32502,0.27139,0.13089,0.27757,0.10617,0.19651
896,0.25163,0.23973,0.13062,0.21500,0.12116,0.12867,0.22405,0.20642,0.04566,0.16239,0.08590,0.21386,0.21114,0.04509,0.32424,0.27078,0.13042,0.27690,0.10590,0.19614
897,0.25075,0.23894,0.13023,0.21451,0.12093,0.12842,0.22321,0.20589,0.04548,0.16201,0.08571,0.21317,0.21067,0.04489,0.32345,0.27014,0.12995,0.27630,0.10563,0.19580
898,0.24993,0.23838,0.12996,0.21405,0.12073,0.12817,0.22250,0.20539,0.04533,0.16158,0.08550,0.21251,0.21022,0.04466,0.32268,0.26939,0.12950,0.27579,0.10532,0.19536
899,0.24917,0.23741,0.12944,0.21368,0.12033,0.12801,0.22195,0.20492,0.04517,0.16118,0.08527,0.21205,0.20990,0.04441,0.32195,0.26867,0.12904,0.27518,0.10504,0.19494
900,0.24847,0.23637,0.12882,0.21307,0.11993,0.12769,0.22134,0.20450,0.04499,0.16075,0.08504,0.21152,0.20956,0.04417,0.32136,0.26799,0.12855,0.27470,0.10474,0.19458
901,0.24787,0.23540,0.12836,0.21240,0.11944,0.12733,0.22081,0.20412,0.04479,0.16037,0.08479,0.21106,0.20918,0.04395,0.32078,0.26742,0.12809,0.27431,0.10443,0.19428
902,0.24737,0.23458,0.12817,0.21194,0.11884,0.12708,0.22047,0.20375,0.04458,0.16012,0.08458,0.21079,0.20881,0.04380,0.32011,0.26702,0.12771,0.27392,0.10413,0.19398
903,0.24698,0.23407,0.12796,0.21154,0.11853,0.12694,0.22010,0.20345,0.04446,0.15990,0.08448,0.21047,0.20869,0.04380,0.31953,0.26669,0.12734,0.27358,0.10390,0.19380
904,0.24657,0.23370,0.12783,0.21138,0.11835,0.12669,0.21978,0.20311,0.04426,0.15965,0.08431,0.21015,0.20855,0.04371,0.31901,0.26628,0.12701,0.27312,0.10378,0.19353
905,0.24618,0.23324,0.12758,0.21120,0.11810,0.12642,0.21943,0.20279,0.04405,0.15938,0.08410,0.20982,0.20828,0.04355,0.31849,0.26591,0.12667,0.27264,0.10362,0.19325
906,0.24584,0.23267,0.12714,0.21086,0.11777,0.12630,0.21905,0.20253,0.04394,0.15915,0.08393,0.20951,0.20793,0.04343,0.31797,0.26570,0.12630,0.27231,0.10339,0.19308
907,0.24552,0.23269,0.12719,0.21083,0.11805,0.12629,0.21879,0.20233,0.04399,0.15906,0.08406,0.20928,0.20775,0.04337,0.31780,0.26550,0.12614,0.27214,0.10342,0.19295
908,0.24505,0.23258,0.12726,0.21064,0.11811,0.12603,0.21829,0.20191,0.04382,0.15877,0.08390,0.20886,0.20744,0.04315,0.31747,0.26514,0.12580,0.27179,0.10328,0.19266
909,0.24451,0.23223,0.12707,0.21032,0.11793,0.12582,0.21782,0.20154,0.04364,0.15847,0.08365,0.20848,0.20718,0.04293,0.31705,0.26471,0.12544,0.27142,0.10302,0.19237
910,0.24401,0.23175,0.12657,0.21008,0.11781,0.12598,0.21771,0.20154,0.04371,0.15842,0.08364,0.20841,0.20717,0.04289,0.31674,0.26435,0.12532,0.27127,0.10285,0.19227
911,0.24349,0.23098,0.12637,0.20976,0.11742,0.12560,0.21731,0.20123,0.04347,0.15810,0.08340,0.20819,0.20704,0.04265,0.31617,0.26395,0.12496,0.27093,0.10266,0.19207
912,0.24318,0.23052,0.12622,0.20969,0.11723,0.12545,0.21700,0.20103,0.04336,0.15792,0.08330,0.20801,0.20694,0.04252,0.31583,0.26361,0.12474,0.27070,0.10254,0.19193
913,0.24297,0.23032,0.12599,0.20967,0.11723,0.12546,0.21675,0.20087,0.04333,0.15782,0.08329,0.20779,0.20680,0.04246,0.31556,0.26330,0.12455,0.27041,0.10241,0.19179
914,0.24263,0.23005,0.12565,0.20940,0.11718,0.12526,0.21639,0.20054,0.04313,0.15757,0.08315,0.20742,0.20653,0.04231,0.31501,0.26295,0.12415,0.26982,0.10217,0.19153
915,0.24233,0.22966,0.12545,0.20917,0.11706,0.12517,0.21621,0.20034,0.04305,0.15740,0.08308,0.20721,0.20646,0.04220,0.31464,0.26262,0.12382,0.26926,0.10212,0.19141
916,0.24210,0.22938,0.12545,0.20896,0.11693,0.12515,0.21606,0.20016,0.04302,0.15733,0.08304,0.20710,0.20635,0.04214,0.31420,0.26236,0.12352,0.26886,0.10204,0.19121
917,0.24187,0.22906,0.12536,0.20870,0.11671,0.12503,0.21584,0.19987,0.04291,0.15723,0.08293,0.20691,0.20614,0.04202,0.31367,0.26209,0.12317,0.26856,0.10185,0.19092
918,0.24161,0.22846,0.12486,0.20834,0.11634,0.12472,0.21551,0.19946,0.04266,0.15696,0.08272,0.20654,0.20589,0.04180,0.31314,0.26170,0.12271,0.26817,0.10156,0.19063
919,0.24138,0.22809,0.12457,0.20807,0.11621,0.12465,0.21530,0.19908,0.04251,0.15674,0.08258,0.20637,0.20571,0.04168,0.31260,0.26142,0.12229,0.26774,0.10136,0.19035
920,0.24113,0.22750,0.12438,0.20783,0.11590,0.12448,0.21511,0.19879,0.04238,0.15646,0.08242,0.20614,0.20559,0.04156,0.31213,0.26109,0.12188,0.26739,0.10113,0.19010
921,0.24085,0.22686,0.12418,0.20758,0.11558,0.12423,0.21492,0.19854,0.04224,0.15619,0.08224,0.20584,0.20545,0.04141,0.31174,0.26070,0.12143,0.26713,0.10093,0.18988
922,0.24055,0.22663,0.12395,0.20732,0.11559,0.12412,0.21474,0.19824,0.04209,0.15606,0.08213,0.20558,0.20528,0.04130,0.31134,0.26040,0.12091,0.26686,0.10088,0.18969
923,0.24015,0.22620,0.12392,0.20718,0.11527,0.12406,0.21436,0.19791,0.04194,0.15585,0.08200,0.20522,0.20519,0.04113,0.31078,0.26008,0.12046,0.26651,0.10070,0.18943
924,0.23960,0.22552,0.12361,0.20674,0.11485,0.12375,0.21386,0.19747,0.04163,0.15558,0.08167,0.20471,0.20492,0.04076,0.31016,0.25965,0.11992,0.26599,0.10029,0.18901
925,0.23901,0.22486,0.12318,0.20630,0.11463,0.12336,0.21337,0.19706,0.04132,0.15529,0.08128,0.20420,0.20457,0.04038,0.30949,0.25923,0.11930,0.26542,0.09990,0.18855
926,0.23860,0.22462,0.12320,0.20656,0.11479,0.12330,0.21297,0.19689,0.04130,0.15507,0.08119,0.20389,0.20442,0.04031,0.30873,0.25903,0.11873,0.26501,0.09988,0.18830
927,0.23804,0.22405,0.12307,0.20637,0.11476,0.12313,0.21252,0.19660,0.04104,0.15487,0.08086,0.20344,0.20426,0.04011,0.30819,0.25857,0.11819,0.26445,0.09949,0.18798
928,0.23735,0.22366,0.12287,0.20595,0.11467,0.12292,0.21199,0.19620,0.04076,0.15459,0.08050,0.20294,0.20393,0.03983,0.30768,0.25812,0.11762,0.26385,0.09910,0.18757
929,0.23658,0.22367,0.12284,0.20573,0.11481,0.12276,0.21135,0.19570,0.04056,0.15420,0.08024,0.20245,0.20344,0.03950,0.30708,0.25768,0.11703,0.26328,0.09885,0.18709
930,0.23581,0.22375,0.12318,0.20610,0.11536,0.12263,0.21059,0.19511,0.04040,0.15376,0.08004,0.20194,0.20296,0.03915,0.30635,0.25700,0.11644,0.26269,0.09863,0.18656
931,0.23486,0.22309,0.12284,0.20585,0.11514,0.12231,0.20960,0.19447,0.04019,0.15318,0.07977,0.20120,0.20234,0.03872,0.30562,0.25625,0.11566,0.26192,0.09819,0.18604
932,0.23393,0.22262,0.12253,0.20586,0.11575,0.12224,0.20869,0.19394,0.04014,0.15273,0.07953,0.20038,0.20172,0.03838,0.30486,0.25546,0.11486,0.26106,0.09781,0.18553
933,0.23304,0.22243,0.12241,0.20616,0.11687,0.12235,0.20799,0.19343,0.04023,0.15231,0.07934,0.19958,0.20113,0.03810,0.30393,0.25457,0.11407,0.26013,0.09753,0.18492
934,0.23190,0.22109,0.12156,0.20512,0.11518,0.12191,0.20724,0.19260,0.04004,0.15147,0.07900,0.19874,0.20043,0.03765,0.30257,0.25346,0.11308,0.25906,0.09709,0.18407
935,0.23036,0.21953,0.12067,0.20426,0.11490,0.12134,0.20602,0.19165,0.03937,0.15053,0.07840,0.19764,0.19962,0.03706,0.30114,0.25208,0.11180,0.25783,0.09632,0.18315
936,0.22902,0.21793,0.12050,0.20349,0.11493,0.12073,0.20476,0.19083,0.03886,0.14983,0.07785,0.19669,0.19896,0.03663,0.29989,0.25074,0.11069,0.25680,0.09561,0.18237
937,0.22802,0.21618,0.12037,0.20268,0.11387,0.12016,0.20385,0.19010,0.03862,0.14928,0.07739,0.19594,0.19849,0.03639,0.29864,0.24955,0.10971,0.25582,0.09505,0.18169
938,0.22687,0.21419,0.11877,0.20188,0.11172,0.11969,0.20333,0.18920,0.03817,0.14843,0.07680,0.19506,0.19799,0.03608,0.29698,0.24841,0.10841,0.25435,0.09442,0.18090
939,0.22603,0.21314,0.11903,0.20115,0.11156,0.11928,0.20255,0.18858,0.03782,0.14777,0.07638,0.19439,0.19762,0.03591,0.29545,0.24750,0.10752,0.25344,0.09410,0.18036
940,0.22525,0.21226,0.11883,0.20023,0.11108,0.11874,0.20156,0.18783,0.03755,0.14713,0.07593,0.19361,0.19717,0.03571,0.29411,0.24652,0.10659,0.25245,0.09373,0.17967
941,0.22430,0.21095,0.11785,0.19934,0.11026,0.11813,0.20050,0.18686,0.03729,0.14637,0.07542,0.19261,0.19651,0.03539,0.29287,0.24539,0.10547,0.25113,0.09321,0.17877
942,0.22307,0.20918,0.11759,0.19896,0.11097,0.11767,0.19947,0.18594,0.03698,0.14548,0.07501,0.19157,0.19559,0.03499,0.29148,0.24424,0.10438,0.24977,0.09270,0.17788
943,0.22183,0.20848,0.11696,0.19841,0.11106,0.11708,0.19828,0.18482,0.03676,0.14471,0.07462,0.19043,0.19471,0.03466,0.28977,0.24320,0.10332,0.24861,0.09226,0.17701
944,0.22063,0.20726,0.11627,0.19753,0.11059,0.11659,0.19731,0.18370,0.03652,0.14400,0.07419,0.18921,0.19374,0.03446,0.28806,0.24189,0.10239,0.24726,0.09188,0.17614
945,0.21925,0.20520,0.11563,0.19621,0.10987,0.11603,0.19638,0.18252,0.03614,0.14311,0.07359,0.18788,0.19261,0.03417,0.28635,0.24023,0.10138,0.24550,0.09137,0.17512
946,0.21746,0.20354,0.11486,0.19453,0.10926,0.11494,0.19482,0.18108,0.03560,0.14178,0.07270,0.18640,0.19140,0.03344,0.28426,0.23852,0.09983,0.24348,0.09049,0.17375
947,0.21609,0.20218,0.11467,0.19370,0.10872,0.11439,0.19354,0.17996,0.03544,0.14067,0.07207,0.18527,0.19056,0.03335,0.28210,0.23693,0.09855,0.24173,0.08998,0.17256
948,0.21462,0.19931,0.11342,0.19199,0.10734,0.11373,0.19209,0.17863,0.03505,0.13952,0.07150,0.18402,0.18968,0.03322,0.27982,0.23524,0.09730,0.24005,0.08930,0.17145
949,0.21284,0.19591,0.11180,0.18950,0.10559,0.11273,0.19032,0.17704,0.03436,0.13819,0.07080,0.18244,0.18851,0.03277,0.27744,0.23333,0.09588,0.23829,0.08838,0.17029
950,0.21108,0.19496,0.11220,0.18813,0.10498,0.11181,0.18854,0.17571,0.03394,0.13685,0.06996,0.18076,0.18719,0.03230,0.27510,0.23126,0.09436,0.23646,0.08768,0.16908
951,0.20953,0.19244,0.11122,0.18663,0.10343,0.11105,0.18701,0.17450,0.03384,0.13589,0.06940,0.17940,0.18611,0.03209,0.27292,0.22964,0.09326,0.23452,0.08716,0.16811
952,0.20804,0.19010,0.10962,0.18526,0.10233,0.11038,0.18555,0.17325,0.03363,0.13485,0.06890,0.17807,0.18505,0.03185,0.27063,0.22793,0.09215,0.23263,0.08657,0.16695
953,0.20643,0.18839,0.10831,0.18410,0.10184,0.10964,0.18400,0.17184,0.03322,0.13358,0.06827,0.17661,0.18379,0.03153,0.26821,0.22601,0.09088,0.23072,0.08590,0.16561
954,0.20457,0.18617,0.10762,0.18287,0.10085,0.10873,0.18233,0.17027,0.03283,0.13234,0.06746,0.17500,0.18228,0.03132,0.26586,0.22426,0.08965,0.22856,0.08532,0.16444
955,0.20289,0.18398,0.10656,0.18089,0.10014,0.10796,0.18091,0.16879,0.03253,0.13112,0.06690,0.17337,0.18101,0.03101,0.26351,0.22233,0.08856,0.22640,0.08462,0.16311
956,0.20115,0.18187,0.10589,0.17934,0.09970,0.10694,0.17915,0.16722,0.03211,0.12974,0.06624,0.17186,0.17966,0.03072,0.26101,0.22032,0.08735,0.22437,0.08388,0.16186
957,0.19942,0.17979,0.10535,0.17814,0.09887,0.10591,0.17732,0.16569,0.03174,0.12840,0.06556,0.17053,0.17828,0.03058,0.25849,0.21844,0.08623,0.22249,0.08335,0.16081
958,0.19802,0.17768,0.10391,0.17616,0.09687,0.10551,0.17622,0.16454,0.03179,0.12754,0.06525,0.16927,0.17721,0.03059,0.25627,0.21688,0.08562,0.22070,0.08321,0.15987
959,0.19622,0.17534,0.10241,0.17403,0.09512,0.10438,0.17447,0.16298,0.03136,0.12622,0.06462,0.16788,0.17579,0.03020,0.25391,0.21503,0.08453,0.21887,0.08246,0.15868
960,0.19465,0.17387,0.10210,0.17317,0.09472,0.10343,0.17275,0.16159,0.03100,0.12495,0.06402,0.16661,0.17445,0.02991,0.25167,0.21327,0.08358,0.21716,0.08186,0.15760
961,0.19328,0.17259,0.10203,0.17251,0.09454,0.10275,0.17127,0.16047,0.03078,0.12390,0.06351,0.16548,0.17325,0.02981,0.24959,0.21167,0.08291,0.21557,0.08145,0.15664
962,0.19158,0.16994,0.10031,0.16986,0.09243,0.10177,0.16980,0.15926,0.03040,0.12290,0.06291,0.16438,0.17192,0.02963,0.24748,0.21006,0.08217,0.21401,0.08071,0.15558
963,0.19033,0.16769,0.09981,0.16825,0.09062,0.10141,0.16873,0.15821,0.03037,0.12201,0.06271,0.16347,0.17086,0.02974,0.24563,0.20864,0.08169,0.21283,0.08055,0.15501
964,0.18902,0.16580,0.09915,0.16633,0.08942,0.10069,0.16723,0.15704,0.03013,0.12095,0.06232,0.16236,0.16963,0.02968,0.24375,0.20719,0.08109,0.21125,0.08017,0.15416
965,0.18768,0.16417,0.09833,0.16447,0.08869,0.09961,0.16544,0.15579,0.02971,0.11979,0.06173,0.16106,0.16824,0.02944,0.24176,0.20562,0.08035,0.20939,0.07952,0.15307
966,0.18663,0.16279,0.09823,0.16395,0.08811,0.09888,0.16419,0.15473,0.02959,0.11885,0.06140,0.15994,0.16707,0.02934,0.23981,0.20402,0.07969,0.20800,0.07917,0.15233
967,0.18535,0.16171,0.09805,0.16303,0.08752,0.09815,0.16325,0.15376,0.02963,0.11799,0.06109,0.15921,0.16594,0.02943,0.23805,0.20271,0.07929,0.20682,0.07888,0.15162
968,0.18413,0.16022,0.09749,0.16192,0.08673,0.09744,0.16187,0.15277,0.02950,0.11713,0.06071,0.15828,0.16478,0.02943,0.23628,0.20128,0.07893,0.20547,0.07853,0.15092
969,0.18287,0.15823,0.09652,0.16046,0.08559,0.09659,0.16013,0.15157,0.02916,0.11615,0.06021,0.15703,0.16350,0.02923,0.23429,0.19963,0.07842,0.20384,0.07803,0.15008
970,0.18135,0.15624,0.09549,0.15846,0.08422,0.09552,0.15864,0.15007,0.02879,0.11499,0.05968,0.15577,0.16203,0.02897,0.23203,0.19796,0.07769,0.20214,0.07745,0.14901
971,0.18024,0.15518,0.09590,0.15744,0.08384,0.09502,0.15761,0.14915,0.02874,0.11410,0.05956,0.15507,0.16087,0.02911,0.23048,0.19665,0.07736,0.20084,0.07734,0.14861
972,0.17888,0.15436,0.09570,0.15645,0.08323,0.09412,0.15615,0.14799,0.02848,0.11311,0.05910,0.15378,0.15933,0.02899,0.22857,0.19519,0.07673,0.19921,0.07691,0.14779
973,0.17727,0.15301,0.09475,0.15515,0.08223,0.09307,0.15436,0.14662,0.02812,0.11197,0.05845,0.15226,0.15764,0.02868,0.22636,0.19359,0.07600,0.19742,0.07625,0.14667
974,0.17581,0.15074,0.09403,0.15367,0.08133,0.09267,0.15280,0.14555,0.02808,0.11085,0.05823,0.15151,0.15641,0.02866,0.22450,0.19216,0.07576,0.19607,0.07593,0.14597
975,0.17419,0.14874,0.09331,0.15180,0.08037,0.09181,0.15097,0.14434,0.02796,0.10960,0.05789,0.15034,0.15504,0.02869,0.22245,0.19058,0.07526,0.19451,0.07569,0.14521
976,0.17265,0.14695,0.09246,0.15014,0.07920,0.09087,0.14918,0.14302,0.02770,0.10853,0.05741,0.14914,0.15347,0.02861,0.22017,0.18895,0.07467,0.19271,0.07523,0.14428
977,0.17115,0.14516,0.09171,0.14865,0.07791,0.08999,0.14748,0.14162,0.02738,0.10747,0.05691,0.14794,0.15187,0.02840,0.21790,0.18719,0.07407,0.19077,0.07460,0.14326
978,0.16955,0.14322,0.09125,0.14698,0.07665,0.08909,0.14578,0.14023,0.02714,0.10620,0.05651,0.14658,0.15043,0.02817,0.21589,0.18527,0.07346,0.18893,0.07404,0.14229
979,0.16812,0.14144,0.09020,0.14536,0.07534,0.08813,0.14415,0.13889,0.02696,0.10516,0.05610,0.14535,0.14889,0.02814,0.21379,0.18379,0.07295,0.18729,0.07362,0.14151
980,0.16675,0.13965,0.08968,0.14415,0.07457,0.08731,0.14271,0.13770,0.02692,0.10422,0.05566,0.14429,0.14751,0.02820,0.21172,0.18248,0.07261,0.18589,0.07319,0.14078
981,0.16531,0.13784,0.08906,0.14272,0.07385,0.08648,0.14105,0.13648,0.02667,0.10316,0.05520,0.14319,0.14613,0.02804,0.20959,0.18097,0.07215,0.18454,0.07270,0.13990
982,0.16379,0.13623,0.08781,0.14069,0.07270,0.08545,0.13890,0.13507,0.02601,0.10192,0.05475,0.14188,0.14453,0.02757,0.20736,0.17910,0.07140,0.18297,0.07215,0.13885
983,0.16247,0.13561,0.08875,0.13989,0.07258,0.08467,0.13737,0.13378,0.02593,0.10083,0.05441,0.14079,0.14319,0.02772,0.20550,0.17765,0.07104,0.18119,0.07167,0.13798
984,0.16126,0.13405,0.08811,0.13850,0.07131,0.08397,0.13592,0.13263,0.02585,0.09992,0.05409,0.13975,0.14185,0.02779,0.20353,0.17612,0.07064,0.17953,0.07126,0.13713
985,0.16014,0.13217,0.08677,0.13675,0.06984,0.08333,0.13465,0.13159,0.02585,0.09917,0.05386,0.13878,0.14063,0.02775,0.20157,0.17478,0.07036,0.17806,0.07098,0.13640
986,0.15905,0.13092,0.08651,0.13534,0.06945,0.08274,0.13356,0.13060,0.02602,0.09844,0.05368,0.13789,0.13958,0.02778,0.19987,0.17378,0.07035,0.17673,0.07080,0.13585
987,0.15766,0.12917,0.08608,0.13403,0.06874,0.08194,0.13180,0.12975,0.02579,0.09733,0.05327,0.13692,0.13820,0.02775,0.19817,0.17215,0.06993,0.17541,0.07039,0.13513
988,0.15622,0.12794,0.08564,0.13347,0.06783,0.08111,0.13020,0.12830,0.02536,0.09613,0.05263,0.13578,0.13672,0.02757,0.19605,0.17056,0.06919,0.17381,0.06973,0.13415
989,0.15489,0.12657,0.08510,0.13248,0.06684,0.08029,0.12893,0.12700,0.02504,0.09512,0.05223,0.13464,0.13526,0.02741,0.19416,0.16933,0.06870,0.17217,0.06928,0.13325
990,0.15378,0.12470,0.08449,0.13042,0.06600,0.07956,0.12782,0.12641,0.02502,0.09443,0.05229,0.13372,0.13395,0.02739,0.19291,0.16836,0.06872,0.17083,0.06925,0.13264
991,0.15298,0.12403,0.08419,0.12925,0.06562,0.07919,0.12654,0.12538,0.02512,0.09377,0.05209,0.13297,0.13298,0.02743,0.19124,0.16690,0.06844,0.16986,0.06897,0.13193
992,0.15195,0.12299,0.08366,0.12805,0.06443,0.07867,0.12507,0.12440,0.02485,0.09272,0.05165,0.13217,0.13179,0.02733,0.18927,0.16561,0.06790,0.16852,0.06858,0.13117
993,0.15061,0.12176,0.08324,0.12720,0.06391,0.07771,0.12344,0.12314,0.02442,0.09154,0.05103,0.13101,0.13040,0.02708,0.18728,0.16418,0.06732,0.16687,0.06802,0.13038
994,0.14919,0.12059,0.08301,0.12669,0.06437,0.07658,0.12188,0.12166,0.02418,0.09061,0.05052,0.12963,0.12909,0.02681,0.18555,0.16259,0.06692,0.16531,0.06740,0.12963
995,0.14832,0.11899,0.08215,0.12526,0.06268,0.07634,0.12081,0.12104,0.02432,0.09008,0.05069,0.12893,0.12821,0.02681,0.18416,0.16179,0.06675,0.16421,0.06714,0.12913
996,0.14724,0.11830,0.08232,0.12397,0.06217,0.07566,0.11920,0.12007,0.02411,0.08910,0.05030,0.12808,0.12710,0.02685,0.18252,0.16067,0.06641,0.16289,0.06700,0.12830
997,0.14615,0.11794,0.08257,0.12304,0.06217,0.07498,0.11791,0.11906,0.02385,0.08823,0.04989,0.12731,0.12597,0.02692,0.18100,0.15945,0.06620,0.16163,0.06664,0.12762
998,0.14530,0.11721,0.08222,0.12240,0.06193,0.07459,0.11718,0.11828,0.02379,0.08768,0.04983,0.12673,0.12500,0.02695,0.17981,0.15840,0.06622,0.16065,0.06613,0.12727
999,0.14462,0.11600,0.08197,0.12181,0.06187,0.07402,0.11582,0.11747,0.02378,0.08675,0.04961,0.12592,0.12411,0.02666,0.17849,0.15737,0.06598,0.15973,0.06607,0.12671
1000,0.14382,0.11449,0.08091,0.12088,0.06052,0.07395,0.11500,0.11708,0.02386,0.08641,0.04951,0.12547,0.12338,0.02684,0.17711,0.15665,0.06596,0.15883,0.06604,0.12623
1001,0.14272,0.11347,0.08042,0.11984,0.05984,0.07339,0.11388,0.11616,0.02368,0.08576,0.04928,0.12467,0.12224,0.02681,0.17572,0.15541,0.06559,0.15783,0.06555,0.12554
1002,0.14162,0.11246,0.07993,0.11880,0.05915,0.07283,0.11275,0.11524,0.02349,0.08511,0.04906,0.12387,0.12109,0.02678,0.17434,0.15418,0.06523,0.15682,0.06506,0.12484
1003,0.14063,0.11148,0.07942,0.11786,0.05856,0.07228,0.11170,0.11441,0.02334,0.08451,0.04887,0.12312,0.12006,0.02673,0.17302,0.15304,0.06492,0.15587,0.06466,0.12422
1004,0.13968,0.11054,0.07889,0.11699,0.05805,0.07171,0.11064,0.11362,0.02319,0.08393,0.04873,0.12239,0.11902,0.02666,0.17174,0.15195,0.06463,0.15495,0.06432,0.12360
1005,0.13878,0.10965,0.07840,0.11606,0.05757,0.07121,0.10964,0.11284,0.02304,0.08339,0.04855,0.12168,0.11808,0.02660,0.17052,0.15089,0.06435,0.15405,0.06398,0.12301
1006,0.13792,0.10877,0.07788,0.11509,0.05712,0.07075,0.10873,0.11209,0.02291,0.08290,0.04837,0.12102,0.11724,0.02656,0.16941,0.14990,0.06410,0.15318,0.06369,0.12247
1007,0.13711,0.10794,0.07746,0.11422,0.05669,0.07031,0.10785,0.11140,0.02276,0.08241,0.04822,0.12035,0.11642,0.02644,0.16823,0.14892,0.06388,0.15234,0.06337,0.12195
1008,0.13630,0.10715,0.07709,0.11346,0.05625,0.06994,0.10697,0.11069,0.02256,0.08188,0.04805,0.11966,0.11564,0.02634,0.16709,0.14794,0.06365,0.15159,0.06303,0.12146
1009,0.13555,0.10637,0.07674,0.11260,0.05593,0.06953,0.10615,0.11002,0.02237,0.08139,0.04789,0.11904,0.11493,0.02632,0.16607,0.14702,0.06344,0.15083,0.06274,0.12096
1010,0.13481,0.10560,0.07638,0.11187,0.05552,0.06909,0.10532,0.10940,0.02225,0.08094,0.04775,0.11848,0.11416,0.02628,0.16502,0.14613,0.06323,0.15008,0.06243,0.12046
1011,0.13410,0.10482,0.07606,0.11133,0.05497,0.06872,0.10454,0.10880,0.02214,0.08049,0.04763,0.11798,0.11344,0.02625,0.16407,0.14535,0.06303,0.14943,0.06210,0.12002
1012,0.13346,0.10415,0.07578,0.11068,0.05463,0.06837,0.10384,0.10826,0.02204,0.08008,0.04751,0.11750,0.11277,0.02624,0.16320,0.14463,0.06284,0.14883,0.06182,0.11960
1013,0.13284,0.10352,0.07557,0.10993,0.05443,0.06805,0.10321,0.10775,0.02199,0.07973,0.04740,0.11707,0.11211,0.02625,0.16243,0.14399,0.06264,0.14826,0.06153,0.11918
1014,0.13228,0.10300,0.07529,0.10935,0.05412,0.06778,0.10262,0.10727,0.02190,0.07942,0.04730,0.11665,0.11152,0.02623,0.16169,0.14337,0.06247,0.14774,0.06128,0.11881
1015,0.13179,0.10261,0.07500,0.10879,0.05388,0.06755,0.10213,0.10685,0.02176,0.07914,0.04720,0.11623,0.11100,0.02618,0.16105,0.14281,0.06232,0.14729,0.06108,0.11849
1016,0.13131,0.10222,0.07476,0.10832,0.05365,0.06730,0.10160,0.10645,0.02166,0.07886,0.04711,0.11587,0.11052,0.02616,0.16042,0.14227,0.06218,0.14685,0.06090,0.11821
1017,0.13087,0.10190,0.07448,0.10797,0.05338,0.06705,0.10108,0.10607,0.02157,0.07860,0.04703,0.11555,0.11004,0.02614,0.15982,0.14172,0.06205,0.14639,0.06075,0.11797
1018,0.13048,0.10155,0.07424,0.10769,0.05305,0.06686,0.10058,0.10575,0.02150,0.07837,0.04694,0.11528,0.10966,0.02611,0.15929,0.14128,0.06196,0.14606,0.06063,0.11772
1019,0.13012,0.10122,0.07410,0.10737,0.05292,0.06660,0.10009,0.10545,0.02144,0.07815,0.04687,0.11502,0.10935,0.02610,0.15881,0.14088,0.06190,0.14578,0.06049,0.11749
1020,0.12981,0.10094,0.07400,0.10706,0.05273,0.06642,0.09968,0.10521,0.02137,0.07799,0.04682,0.11481,0.10906,0.02611,0.15843,0.14057,0.06181,0.14554,0.06034,0.11733
1021,0.12959,0.10071,0.07381,0.10675,0.05251,0.06634,0.09943,0.10501,0.02133,0.07791,0.04680,0.11464,0.10883,0.02611,0.15813,0.14035,0.06178,0.14537,0.06024,0.11715
1022,0.12940,0.10052,0.07366,0.10651,0.05238,0.06624,0.09919,0.10482,0.02131,0.07782,0.04680,0.11450,0.10860,0.02610,0.15787,0.14013,0.06175,0.14521,0.06018,0.11703
1023,0.12928,0.10034,0.07352,0.10641,0.05225,0.06616,0.09902,0.10467,0.02130,0.07771,0.04679,0.11444,0.10838,0.02610,0.15769,0.14001,0.06174,0.14507,0.06016,0.11699
1024,0.12919,0.10024,0.07347,0.10635,0.05223,0.06611,0.09893,0.10458,0.02133,0.07764,0.04677,0.11441,0.10825,0.02611,0.15753,0.13992,0.06178,0.14499,0.06016,0.11693
1025,0.12914,0.10021,0.07349,0.10628,0.05220,0.06608,0.09880,0.10449,0.02131,0.07758,0.04677,0.11439,0.10815,0.02609,0.15745,0.13980,0.06179,0.14498,0.06017,0.11690
1026,0.12913,0.10022,0.07342,0.10627,0.05216,0.06603,0.09869,0.10446,0.02129,0.07762,0.04676,0.11442,0.10809,0.02608,0.15744,0.13980,0.06181,0.14501,0.06017,0.11693
1027,0.12917,0.10027,0.07343,0.10628,0.05213,0.06604,0.09867,0.10446,0.02129,0.07764,0.04676,0.11447,0.10809,0.02610,0.15748,0.13985,0.06187,0.14510,0.06018,0.11699
1028,0.12924,0.10038,0.07346,0.10630,0.05200,0.06613,0.09872,0.10448,0.02128,0.07768,0.04677,0.11449,0.10814,0.02614,0.15754,0.13989,0.06193,0.14522,0.06020,0.11710
1029,0.12936,0.10057,0.07352,0.10633,0.05203,0.06621,0.09879,0.10456,0.02130,0.07776,0.04681,0.11460,0.10822,0.02617,0.15770,0.14004,0.06202,0.14542,0.06026,0.11724
1030,0.12952,0.10081,0.07360,0.10641,0.05213,0.06630,0.09893,0.10469,0.02135,0.07789,0.04686,0.11476,0.10837,0.02620,0.15791,0.14029,0.06216,0.14567,0.06034,0.11743
1031,0.12973,0.10112,0.07379,0.10646,0.05231,0.06642,0.09912,0.10485,0.02139,0.07800,0.04693,0.11497,0.10857,0.02626,0.15820,0.14057,0.06232,0.14598,0.06044,0.11760
1032,0.12998,0.10150,0.07403,0.10657,0.05245,0.06654,0.09931,0.10504,0.02141,0.07817,0.04700,0.11519,0.10875,0.02629,0.15856,0.14088,0.06245,0.14631,0.06059,0.11776
1033,0.13028,0.10194,0.07418,0.10677,0.05271,0.06666,0.09953,0.10530,0.02149,0.07838,0.04708,0.11548,0.10898,0.02633,0.15896,0.14127,0.06259,0.14669,0.06074,0.11799
1034,0.13063,0.10225,0.07423,0.10706,0.05283,0.06685,0.09982,0.10559,0.02156,0.07857,0.04718,0.11581,0.10931,0.02637,0.15944,0.14172,0.06273,0.14711,0.06090,0.11824
1035,0.13099,0.10255,0.07442,0.10745,0.05284,0.06706,0.10013,0.10591,0.02163,0.07879,0.04725,0.11617,0.10964,0.02641,0.15996,0.14220,0.06288,0.14755,0.06107,0.11855
1036,0.13142,0.10295,0.07453,0.10782,0.05298,0.06730,0.10050,0.10628,0.02173,0.07908,0.04734,0.11662,0.11005,0.02645,0.16061,0.14277,0.06307,0.14811,0.06128,0.11897
1037,0.13187,0.10340,0.07461,0.10819,0.05314,0.06755,0.10095,0.10667,0.02182,0.07937,0.04748,0.11710,0.11053,0.02652,0.16131,0.14339,0.06328,0.14870,0.06153,0.11937
1038,0.13237,0.10393,0.07500,0.10868,0.05338,0.06779,0.10145,0.10709,0.02190,0.07969,0.04761,0.11759,0.11100,0.02661,0.16197,0.14402,0.06353,0.14930,0.06176,0.11976
1039,0.13292,0.10452,0.07534,0.10923,0.05377,0.06806,0.10199,0.10755,0.02199,0.08003,0.04773,0.11809,0.11151,0.02669,0.16270,0.14469,0.06378,0.14998,0.06201,0.12018
1040,0.13350,0.10510,0.07561,0.10976,0.05408,0.06835,0.10254,0.10803,0.02210,0.08040,0.04787,0.11860,0.11204,0.02676,0.16343,0.14540,0.06404,0.15065,0.06229,0.12063
1041,0.13414,0.10567,0.07587,0.11032,0.05437,0.06865,0.10312,0.10854,0.02224,0.08076,0.04801,0.11912,0.11256,0.02679,0.16412,0.14615,0.06432,0.15128,0.06258,0.12109
1042,0.13480,0.10634,0.07621,0.11095,0.05465,0.06900,0.10376,0.10907,0.02237,0.08117,0.04815,0.11969,0.11316,0.02687,0.16496,0.14695,0.06461,0.15203,0.06287,0.12158
1043,0.13548,0.10708,0.07650,0.11159,0.05492,0.06939,0.10442,0.10964,0.02251,0.08161,0.04828,0.12029,0.11378,0.02695,0.16587,0.14778,0.06492,0.15287,0.06318,0.12211
1044,0.13616,0.10779,0.07681,0.11221,0.05514,0.06978,0.10509,0.11023,0.02267,0.08207,0.04845,0.12093,0.11446,0.02704,0.16680,0.14868,0.06522,0.15368,0.06351,0.12266
1045,0.13693,0.10865,0.07733,0.11304,0.05554,0.07022,0.10587,0.11087,0.02282,0.08254,0.04865,0.12161,0.11525,0.02716,0.16786,0.14965,0.06557,0.15456,0.06385,0.12327
1046,0.13772,0.10952,0.07782,0.11387,0.05601,0.07067,0.10667,0.11154,0.02294,0.08303,0.04885,0.12235,0.11604,0.02726,0.16895,0.15063,0.06592,0.15551,0.06421,0.12384
1047,0.13855,0.11038,0.07826,0.11464,0.05644,0.07109,0.10747,0.11227,0.02310,0.08355,0.04907,0.12310,0.11687,0.02734,0.17007,0.15168,0.06625,0.15643,0.06461,0.12447
1048,0.13945,0.11136,0.07865,0.11550,0.05693,0.07156,0.10838,0.11302,0.02327,0.08410,0.04928,0.12383,0.11775,0.02744,0.17128,0.15281,0.06661,0.15741,0.06499,0.12518
1049,0.14034,0.11229,0.07904,0.11626,0.05736,0.07200,0.10929,0.11374,0.02344,0.08464,0.04947,0.12459,0.11857,0.02753,0.17248,0.15388,0.06697,0.15840,0.06537,0.12583
1050,0.14124,0.11321,0.07947,0.11706,0.05778,0.07248,0.11020,0.11451,0.02362,0.08523,0.04967,0.12540,0.11945,0.02761,0.17374,0.15501,0.06735,0.15942,0.06575,0.12650
1051,0.14216,0.11411,0.07993,0.11793,0.05826,0.07301,0.11115,0.11531,0.02381,0.08581,0.04985,0.12618,0.12036,0.02771,0.17503,0.15619,0.06779,0.16047,0.06613,0.12721
1052,0.14311,0.11506,0.08044,0.11877,0.05871,0.07352,0.11208,0.11609,0.02398,0.08639,0.05005,0.12702,0.12124,0.02781,0.17632,0.15735,0.06824,0.16150,0.06655,0.12792
1053,0.14414,0.11614,0.08098,0.11973,0.05919,0.07407,0.11305,0.11694,0.02413,0.08701,0.05031,0.12793,0.12221,0.02789,0.17772,0.15859,0.06867,0.16261,0.06700,0.12866
1054,0.14519,0.11721,0.08148,0.12070,0.05973,0.07462,0.11404,0.11782,0.02433,0.08763,0.05056,0.12882,0.12322,0.02801,0.17914,0.15987,0.06907,0.16375,0.06745,0.12942
1055,0.14623,0.11830,0.08201,0.12169,0.06027,0.07517,0.11507,0.11870,0.02453,0.08826,0.05082,0.12970,0.12424,0.02812,0.18055,0.16113,0.06951,0.16489,0.06791,0.13019
1056,0.14730,0.11944,0.08255,0.12270,0.06086,0.07574,0.11612,0.11958,0.02475,0.08891,0.05109,0.13062,0.12529,0.02822,0.18196,0.16238,0.06995,0.16606,0.06840,0.13097
1057,0.14838,0.12058,0.08312,0.12380,0.06148,0.07632,0.11727,0.12049,0.02495,0.08958,0.05138,0.13153,0.12636,0.02831,0.18342,0.16367,0.07039,0.16727,0.06888,0.13176
1058,0.14938,0.12167,0.08368,0.12483,0.06203,0.07687,0.11840,0.12133,0.02515,0.09023,0.05164,0.13235,0.12739,0.02844,0.18478,0.16493,0.07086,0.16839,0.06933,0.13253
1059,0.15042,0.12279,0.08427,0.12587,0.06260,0.07746,0.11955,0.12217,0.02537,0.09092,0.05191,0.13320,0.12844,0.02856,0.18618,0.16623,0.07136,0.16953,0.06978,0.13333
1060,0.15149,0.12388,0.08486,0.12694,0.06316,0.07802,0.12072,0.12305,0.02556,0.09160,0.05215,0.13409,0.12947,0.02867,0.18765,0.16756,0.07181,0.17067,0.07020,0.13412
1061,0.15255,0.12498,0.08534,0.12790,0.06370,0.07856,0.12181,0.12389,0.02576,0.09229,0.05238,0.13497,0.13046,0.02877,0.18906,0.16884,0.07227,0.17176,0.07062,0.13486
1062,0.15368,0.12611,0.08578,0.12885,0.06431,0.07916,0.12288,0.12485,0.02600,0.09301,0.05263,0.13589,0.13149,0.02886,0.19056,0.17016,0.07276,0.17292,0.07107,0.13561
1063,0.15476,0.12723,0.08626,0.12984,0.06488,0.07971,0.12394,0.12581,0.02621,0.09369,0.05287,0.13678,0.13251,0.02894,0.19206,0.17141,0.07321,0.17405,0.07151,0.13637
1064,0.15579,0.12845,0.08679,0.13082,0.06545,0.08026,0.12496,0.12667,0.02642,0.09440,0.05311,0.13762,0.13351,0.02904,0.19348,0.17260,0.07368,0.17514,0.07194,0.13712
1065,0.15683,0.12965,0.08740,0.13180,0.06595,0.08082,0.12598,0.12755,0.02663,0.09507,0.05338,0.13846,0.13455,0.02916,0.19488,0.17385,0.07414,0.17626,0.07239,0.13785
1066,0.15776,0.13068,0.08797,0.13277,0.06641,0.08130,0.12695,0.12836,0.02678,0.09567,0.05361,0.13926,0.13553,0.02926,0.19621,0.17502,0.07455,0.17730,0.07278,0.13853
1067,0.15870,0.13168,0.08848,0.13376,0.06696,0.08182,0.12794,0.12914,0.02693,0.09629,0.05383,0.14003,0.13645,0.02937,0.19749,0.17617,0.07498,0.17832,0.07316,0.13920
1068,0.15962,0.13269,0.08893,0.13468,0.06745,0.08233,0.12889,0.12993,0.02709,0.09689,0.05407,0.14077,0.13735,0.02947,0.19874,0.17728,0.07538,0.17930,0.07354,0.13985
1069,0.16052,0.13363,0.08928,0.13557,0.06789,0.08284,0.12980,0.13073,0.02723,0.09742,0.05431,0.14148,0.13821,0.02958,0.19993,0.17836,0.07576,0.18026,0.07391,0.14047
1070,0.16137,0.13453,0.08959,0.13636,0.06835,0.08331,0.13065,0.13147,0.02741,0.09797,0.05453,0.14218,0.13900,0.02966,0.20113,0.17933,0.07612,0.18112,0.07424,0.14105
1071,0.16224,0.13548,0.08996,0.13715,0.06884,0.08380,0.13154,0.13220,0.02762,0.09857,0.05475,0.14285,0.13981,0.02976,0.20229,0.18033,0.07646,0.18202,0.07460,0.14165
1072,0.16305,0.13635,0.09032,0.13788,0.06925,0.08420,0.13235,0.13287,0.02778,0.09908,0.05496,0.14349,0.14058,0.02985,0.20334,0.18129,0.07678,0.18285,0.07495,0.14220
1073,0.16380,0.13715,0.09073,0.13851,0.06964,0.08453,0.13310,0.13344,0.02792,0.09952,0.05513,0.14412,0.14128,0.02993,0.20432,0.18213,0.07710,0.18359,0.07526,0.14270
1074,0.16451,0.13787,0.09112,0.13922,0.07008,0.08490,0.13384,0.13398,0.02805,0.09993,0.05528,0.14468,0.14196,0.02999,0.20522,0.18296,0.07736,0.18429,0.07552,0.14315
1075,0.16512,0.13853,0.09137,0.13981,0.07043,0.08521,0.13447,0.13446,0.02816,0.10028,0.05544,0.14515,0.14256,0.03003,0.20599,0.18368,0.07761,0.18486,0.07575,0.14355
1076,0.16569,0.13915,0.09162,0.14031,0.07072,0.08550,0.13503,0.13493,0.02827,0.10061,0.05558,0.14560,0.14312,0.03007,0.20670,0.18431,0.07787,0.18538,0.07596,0.14392
1077,0.16621,0.13962,0.09184,0.14088,0.07096,0.08582,0.13557,0.13536,0.02837,0.10093,0.05571,0.14599,0.14362,0.03011,0.20736,0.18493,0.07807,0.18587,0.07615,0.14424
1078,0.16667,0.14004,0.09202,0.14129,0.07125,0.08608,0.13603,0.13573,0.02844,0.10121,0.05581,0.14635,0.14405,0.03014,0.20794,0.18546,0.07824,0.18630,0.07633,0.14454
1079,0.16709,0.14043,0.09223,0.14175,0.07156,0.08630,0.13646,0.13611,0.02851,0.10147,0.05591,0.14670,0.14444,0.03017,0.20851,0.18593,0.07840,0.18672,0.07652,0.14483
1080,0.16745,0.14074,0.09243,0.14217,0.07178,0.08651,0.13687,0.13642,0.02859,0.10167,0.05599,0.14702,0.14479,0.03020,0.20901,0.18636,0.07849,0.18707,0.07667,0.14503
1081,0.16776,0.14107,0.09264,0.14242,0.07201,0.08663,0.13722,0.13663,0.02865,0.10184,0.05605,0.14727,0.14509,0.03021,0.20940,0.18673,0.07857,0.18735,0.07677,0.14519
1082,0.16801,0.14129,0.09281,0.14268,0.07219,0.08675,0.13750,0.13679,0.02869,0.10196,0.05610,0.14746,0.14535,0.03022,0.20971,0.18702,0.07863,0.18757,0.07685,0.14533
1083,0.16823,0.14143,0.09294,0.14291,0.07232,0.08683,0.13774,0.13692,0.02874,0.10206,0.05615,0.14759,0.14558,0.03023,0.20994,0.18728,0.07869,0.18774,0.07692,0.14544
1084,0.16838,0.14146,0.09305,0.14308,0.07234,0.08690,0.13792,0.13698,0.02874,0.10210,0.05619,0.14768,0.14576,0.03024,0.21008,0.18744,0.07869,0.18785,0.07696,0.14550
1085,0.16849,0.14150,0.09306,0.14328,0.07241,0.08693,0.13802,0.13702,0.02871,0.10211,0.05620,0.14774,0.14588,0.03024,0.21013,0.18755,0.07867,0.18789,0.07697,0.14555
1086,0.16852,0.14138,0.09298,0.14349,0.07246,0.08696,0.13808,0.13704,0.02869,0.10209,0.05619,0.14778,0.14598,0.03022,0.21012,0.18761,0.07865,0.18788,0.07697,0.14557
1087,0.16848,0.14123,0.09292,0.14353,0.07243,0.08693,0.13810,0.13704,0.02866,0.10204,0.05616,0.14779,0.14601,0.03021,0.21006,0.18758,0.07857,0.18784,0.07695,0.14552
1088,0.16842,0.14115,0.09286,0.14348,0.07240,0.08687,0.13807,0.13702,0.02864,0.10198,0.05611,0.14774,0.14602,0.03018,0.20995,0.18753,0.07849,0.18774,0.07693,0.14547
1089,0.16829,0.14090,0.09286,0.14335,0.07242,0.08684,0.13801,0.13691,0.02864,0.10186,0.05606,0.14764,0.14600,0.03015,0.20978,0.18741,0.07840,0.18760,0.07688,0.14538
1090,0.16812,0.14060,0.09284,0.14320,0.07241,0.08677,0.13790,0.13679,0.02862,0.10172,0.05602,0.14750,0.14590,0.03012,0.20956,0.18721,0.07826,0.18743,0.07686,0.14524
1091,0.16792,0.14033,0.09271,0.14317,0.07235,0.08670,0.13772,0.13666,0.02858,0.10159,0.05597,0.14736,0.14576,0.03009,0.20927,0.18699,0.07811,0.18721,0.07681,0.14510
1092,0.16767,0.13998,0.09260,0.14314,0.07228,0.08660,0.13752,0.13646,0.02855,0.10142,0.05591,0.14722,0.14560,0.03004,0.20894,0.18672,0.07795,0.18695,0.07671,0.14493
1093,0.16737,0.13955,0.09250,0.14302,0.07221,0.08648,0.13729,0.13624,0.02850,0.10126,0.05583,0.14703,0.14539,0.02999,0.20859,0.18640,0.07777,0.18667,0.07658,0.14472
1094,0.16704,0.13911,0.09238,0.14284,0.07205,0.08633,0.13702,0.13600,0.02843,0.10110,0.05574,0.14678,0.14514,0.02994,0.20821,0.18609,0.07757,0.18633,0.07644,0.14453
1095,0.16667,0.13863,0.09224,0.14263,0.07189,0.08618,0.13673,0.13573,0.02837,0.10089,0.05563,0.14651,0.14488,0.02989,0.20779,0.18573,0.07735,0.18599,0.07628,0.14430
1096,0.16622,0.13804,0.09207,0.14235,0.07172,0.08600,0.13644,0.13542,0.02832,0.10063,0.05550,0.14617,0.14462,0.02982,0.20736,0.18533,0.07712,0.18561,0.07609,0.14404
1097,0.16577,0.13745,0.09192,0.14206,0.07156,0.08583,0.13609,0.13509,0.02825,0.10039,0.05539,0.14584,0.14430,0.02977,0.20684,0.18489,0.07687,0.18521,0.07592,0.14378
1098,0.16528,0.13685,0.09174,0.14176,0.07136,0.08565,0.13570,0.13474,0.02814,0.10012,0.05526,0.14549,0.14395,0.02974,0.20627,0.18441,0.07661,0.18479,0.07577,0.14352
1099,0.16479,0.13626,0.09156,0.14145,0.07117,0.08546,0.13530,0.13437,0.02806,0.09985,0.05513,0.14516,0.14360,0.02968,0.20564,0.18390,0.07633,0.18437,0.07561,0.14324
1100,0.16430,0.13561,0.09136,0.14106,0.07095,0.08527,0.13492,0.13398,0.02797,0.09960,0.05502,0.14483,0.14320,0.02962,0.20499,0.18336,0.07608,0.18392,0.07543,0.14295
1101,0.16382,0.13502,0.09111,0.14060,0.07066,0.08506,0.13452,0.13362,0.02788,0.09934,0.05490,0.14451,0.14282,0.02954,0.20438,0.18287,0.07585,0.18347,0.07525,0.14268
1102,0.16338,0.13440,0.09086,0.14020,0.07041,0.08482,0.13412,0.13328,0.02780,0.09902,0.05476,0.14416,0.14246,0.02947,0.20372,0.18237,0.07559,0.18303,0.07506,0.14239
1103,0.16293,0.13378,0.09064,0.13985,0.07014,0.08458,0.13373,0.13294,0.02772,0.09862,0.05462,0.14380,0.14209,0.02943,0.20302,0.18186,0.07530,0.18258,0.07483,0.14209
1104,0.16248,0.13329,0.09050,0.13952,0.06994,0.08432,0.13332,0.13258,0.02765,0.09819,0.05447,0.14349,0.14176,0.02939,0.20226,0.18137,0.07499,0.18211,0.07460,0.14181
1105,0.16204,0.13273,0.09042,0.13928,0.06983,0.08405,0.13288,0.13220,0.02757,0.09775,0.05432,0.14318,0.14143,0.02934,0.20142,0.18088,0.07465,0.18162,0.07440,0.14152
1106,0.16162,0.13211,0.09026,0.13910,0.06961,0.08380,0.13248,0.13178,0.02751,0.09734,0.05419,0.14291,0.14110,0.02927,0.20062,0.18042,0.07431,0.18114,0.07420,0.14128
1107,0.16120,0.13145,0.09005,0.13886,0.06937,0.08354,0.13210,0.13134,0.02746,0.09696,0.05407,0.14265,0.14082,0.02920,0.19982,0.18001,0.07400,0.18065,0.07402,0.14105
1108,0.16079,0.13064,0.08986,0.13860,0.06924,0.08325,0.13176,0.13090,0.02741,0.09654,0.05396,0.14235,0.14055,0.02916,0.19902,0.17963,0.07367,0.18013,0.07383,0.14082
1109,0.16040,0.12976,0.08969,0.13835,0.06912,0.08299,0.13146,0.13044,0.02737,0.09609,0.05386,0.14206,0.14030,0.02913,0.19824,0.17927,0.07331,0.17962,0.07361,0.14061
1110,0.16001,0.12889,0.08954,0.13810,0.06895,0.08274,0.13114,0.12998,0.02730,0.09567,0.05374,0.14176,0.14004,0.02908,0.19748,0.17888,0.07298,0.17911,0.07338,0.14039
1111,0.15962,0.12793,0.08949,0.13780,0.06880,0.08250,0.13084,0.12947,0.02721,0.09517,0.05360,0.14145,0.13982,0.02902,0.19669,0.17847,0.07264,0.17856,0.07313,0.14016
1112,0.15918,0.12704,0.08936,0.13753,0.06864,0.08226,0.13046,0.12898,0.02712,0.09476,0.05348,0.14111,0.13954,0.02895,0.19596,0.17805,0.07233,0.17802,0.07286,0.13990
1113,0.15874,0.12614,0.08919,0.13729,0.06843,0.08202,0.13000,0.12849,0.02703,0.09439,0.05335,0.14078,0.13923,0.02884,0.19526,0.17759,0.07203,0.17749,0.07256,0.13965
1114,0.15818,0.12514,0.08900,0.13705,0.06811,0.08176,0.12950,0.12794,0.02693,0.09405,0.05322,0.14036,0.13888,0.02875,0.19454,0.17708,0.07177,0.17691,0.07227,0.13931
1115,0.15751,0.12416,0.08869,0.13689,0.06797,0.08149,0.12893,0.12739,0.02676,0.09373,0.05309,0.13990,0.13848,0.02868,0.19388,0.17659,0.07151,0.17632,0.07195,0.13896
1116,0.15669,0.12316,0.08824,0.13660,0.06799,0.08121,0.12836,0.12680,0.02660,0.09345,0.05299,0.13938,0.13801,0.02859,0.19321,0.17604,0.07122,0.17569,0.07159,0.13853
1117,0.15576,0.12198,0.08785,0.13632,0.06794,0.08095,0.12781,0.12617,0.02642,0.09324,0.05284,0.13873,0.13750,0.02852,0.19257,0.17538,0.07097,0.17503,0.07124,0.13802
1118,0.15482,0.12085,0.08740,0.13594,0.06794,0.08071,0.12717,0.12567,0.02620,0.09305,0.05267,0.13808,0.13695,0.02842,0.19198,0.17464,0.07073,0.17436,0.07086,0.13751
1119,0.15379,0.11986,0.08680,0.13499,0.06767,0.08044,0.12646,0.12515,0.02601,0.09286,0.05251,0.13735,0.13625,0.02830,0.19134,0.17374,0.07046,0.17369,0.07047,0.13691
1120,0.15267,0.11882,0.08623,0.13391,0.06719,0.08021,0.12565,0.12463,0.02581,0.09271,0.05235,0.13653,0.13545,0.02821,0.19071,0.17276,0.07021,0.17297,0.07013,0.13621
1121,0.15156,0.11826,0.08563,0.13269,0.06655,0.07994,0.12475,0.12422,0.02560,0.09255,0.05216,0.13581,0.13463,0.02809,0.19009,0.17172,0.06997,0.17226,0.06981,0.13556
1122,0.15036,0.11773,0.08481,0.13153,0.06556,0.07959,0.12375,0.12377,0.02539,0.09232,0.05193,0.13501,0.13369,0.02791,0.18936,0.17051,0.06968,0.17149,0.06949,0.13478
1123,0.14909,0.11707,0.08410,0.13043,0.06492,0.07924,0.12277,0.12328,0.02520,0.09205,0.05170,0.13418,0.13278,0.02776,0.18852,0.16930,0.06937,0.17060,0.06917,0.13398
1124,0.14795,0.11683,0.08375,0.12988,0.06473,0.07885,0.12183,0.12289,0.02505,0.09182,0.05142,0.13344,0.13193,0.02758,0.18765,0.16810,0.06906,0.16965,0.06891,0.13319
1125,0.14669,0.11630,0.08314,0.12873,0.06412,0.07845,0.12089,0.12238,0.02489,0.09146,0.05116,0.13261,0.13103,0.02741,0.18666,0.16683,0.06871,0.16865,0.06859,0.13237
1126,0.14552,0.11568,0.08262,0.12761,0.06369,0.07813,0.12012,0.12183,0.02478,0.09100,0.05097,0.13178,0.13018,0.02729,0.18560,0.16561,0.06835,0.16761,0.06830,0.13159
1127,0.14426,0.11492,0.08188,0.12640,0.06312,0.07769,0.11919,0.12117,0.02462,0.09056,0.05072,0.13089,0.12923,0.02713,0.18451,0.16433,0.06793,0.16653,0.06795,0.13072
1128,0.14308,0.11421,0.08100,0.12504,0.06239,0.07722,0.11828,0.12048,0.02447,0.09013,0.05045,0.13004,0.12828,0.02696,0.18342,0.16307,0.06750,0.16549,0.06759,0.12985
1129,0.14189,0.11333,0.08027,0.12389,0.06153,0.07674,0.11731,0.11976,0.02429,0.08965,0.05019,0.12907,0.12730,0.02681,0.18226,0.16176,0.06705,0.16441,0.06719,0.12895
1130,0.14076,0.11243,0.07966,0.12292,0.06091,0.07621,0.11627,0.11897,0.02405,0.08915,0.04991,0.12811,0.12632,0.02665,0.18108,0.16050,0.06656,0.16324,0.06673,0.12807
1131,0.13964,0.11133,0.07938,0.12170,0.06032,0.07565,0.11514,0.11813,0.02381,0.08853,0.04956,0.12712,0.12526,0.02645,0.17964,0.15906,0.06601,0.16193,0.06624,0.12714
1132,0.13862,0.11042,0.07934,0.12054,0.05988,0.07512,0.11410,0.11728,0.02358,0.08779,0.04925,0.12609,0.12423,0.02627,0.17800,0.15745,0.06546,0.16051,0.06576,0.12624
1133,0.13773,0.10958,0.07902,0.11972,0.05955,0.07457,0.11306,0.11644,0.02339,0.08699,0.04893,0.12508,0.12325,0.02609,0.17633,0.15587,0.06486,0.15906,0.06528,0.12537
1134,0.13679,0.10852,0.07845,0.11872,0.05914,0.07400,0.11199,0.11550,0.02322,0.08617,0.04857,0.12404,0.12223,0.02590,0.17453,0.15424,0.06416,0.15758,0.06476,0.12440
1135,0.13591,0.10738,0.07779,0.11791,0.05875,0.07342,0.11099,0.11457,0.02302,0.08537,0.04822,0.12305,0.12122,0.02571,0.17273,0.15268,0.06350,0.15619,0.06425,0.12348
1136,0.13502,0.10609,0.07726,0.11690,0.05810,0.07282,0.10997,0.11358,0.02284,0.08449,0.04789,0.12202,0.12025,0.02555,0.17092,0.15121,0.06279,0.15478,0.06370,0.12260
1137,0.13404,0.10475,0.07680,0.11553,0.05728,0.07219,0.10893,0.11251,0.02265,0.08360,0.04756,0.12098,0.11927,0.02540,0.16905,0.14974,0.06205,0.15333,0.06309,0.12169
1138,0.13309,0.10337,0.07636,0.11454,0.05676,0.07152,0.10786,0.11143,0.02243,0.08269,0.04722,0.11993,0.11828,0.02523,0.16717,0.14823,0.06136,0.15182,0.06249,0.12079
1139,0.13218,0.10173,0.07620,0.11366,0.05630,0.07078,0.10678,0.11029,0.02219,0.08166,0.04690,0.11886,0.11729,0.02506,0.16520,0.14670,0.06066,0.15023,0.06190,0.11990
1140,0.13110,0.10038,0.07576,0.11275,0.05583,0.07007,0.10564,0.10913,0.02196,0.08070,0.04657,0.11774,0.11623,0.02489,0.16324,0.14509,0.05997,0.14862,0.06125,0.11895
1141,0.12998,0.09920,0.07510,0.11215,0.05564,0.06935,0.10443,0.10788,0.02173,0.07974,0.04619,0.11664,0.11517,0.02468,0.16121,0.14342,0.05928,0.14695,0.06056,0.11800
1142,0.12868,0.09777,0.07447,0.11106,0.05522,0.06861,0.10319,0.10666,0.02147,0.07882,0.04584,0.11543,0.11398,0.02449,0.15923,0.14172,0.05862,0.14522,0.05984,0.11697
1143,0.12724,0.09623,0.07379,0.10980,0.05468,0.06786,0.10191,0.10540,0.02119,0.07788,0.04551,0.11414,0.11270,0.02429,0.15720,0.13992,0.05793,0.14341,0.05906,0.11585
1144,0.12566,0.09483,0.07306,0.10832,0.05408,0.06711,0.10056,0.10414,0.02093,0.07703,0.04517,0.11282,0.11139,0.02413,0.15525,0.13815,0.05730,0.14158,0.05830,0.11473
1145,0.12393,0.09322,0.07221,0.10659,0.05336,0.06629,0.09906,0.10280,0.02063,0.07617,0.04478,0.11140,0.10996,0.02392,0.15323,0.13629,0.05668,0.13964,0.05750,0.11353
1146,0.12209,0.09115,0.07127,0.10508,0.05234,0.06545,0.09753,0.10142,0.02027,0.07526,0.04439,0.10987,0.10841,0.02368,0.15119,0.13435,0.05604,0.13765,0.05666,0.11220
1147,0.12025,0.08938,0.07039,0.10345,0.05114,0.06459,0.09593,0.10007,0.01989,0.07439,0.04400,0.10834,0.10687,0.02347,0.14922,0.13239,0.05541,0.13572,0.05587,0.11087
1148,0.11838,0.08770,0.06940,0.10162,0.05004,0.06370,0.09418,0.09866,0.01955,0.07346,0.04358,0.10678,0.10524,0.02325,0.14710,0.13022,0.05476,0.13373,0.05505,0.10947
1149,0.11665,0.08603,0.06838,0.09983,0.04913,0.06286,0.09252,0.09731,0.01920,0.07251,0.04316,0.10523,0.10362,0.02302,0.14499,0.12801,0.05416,0.13176,0.05422,0.10807
1150,0.11502,0.08469,0.06738,0.09781,0.04816,0.06204,0.09087,0.09605,0.01888,0.07159,0.04277,0.10376,0.10208,0.02281,0.14292,0.12587,0.05358,0.12989,0.05351,0.10674
1151,0.11347,0.08357,0.06655,0.09605,0.04735,0.06122,0.08919,0.09479,0.01861,0.07066,0.04238,0.10236,0.10052,0.02260,0.14082,0.12374,0.05299,0.12802,0.05282,0.10544
1152,0.11208,0.08244,0.06577,0.09460,0.04668,0.06045,0.08768,0.09359,0.01832,0.06975,0.04202,0.10106,0.09905,0.02239,0.13886,0.12178,0.05248,0.12627,0.05216,0.10424
1153,0.11068,0.08123,0.06505,0.09304,0.04597,0.05967,0.08619,0.09236,0.01807,0.06883,0.04167,0.09982,0.09762,0.02222,0.13687,0.11990,0.05194,0.12457,0.05151,0.10309
1154,0.10934,0.08011,0.06459,0.09153,0.04531,0.05889,0.08479,0.09118,0.01784,0.06794,0.04137,0.09871,0.09624,0.02208,0.13497,0.11815,0.05141,0.12299,0.05093,0.10202
1155,0.10815,0.07894,0.06399,0.09025,0.04468,0.05812,0.08342,0.09000,0.01761,0.06702,0.04106,0.09759,0.09492,0.02193,0.13306,0.11648,0.05088,0.12142,0.05029,0.10100
1156,0.10707,0.07777,0.06336,0.08912,0.04409,0.05738,0.08215,0.08884,0.01740,0.06608,0.04075,0.09655,0.09367,0.02181,0.13118,0.11492,0.05035,0.11993,0.04965,0.10005
1157,0.10600,0.07664,0.06276,0.08792,0.04352,0.05665,0.08085,0.08766,0.01719,0.06517,0.04044,0.09550,0.09243,0.02168,0.12930,0.11335,0.04984,0.11844,0.04902,0.09909
1158,0.10507,0.07558,0.06211,0.08685,0.04297,0.05592,0.07958,0.08653,0.01698,0.06428,0.04013,0.09448,0.09124,0.02155,0.12744,0.11187,0.04934,0.11700,0.04839,0.09816
1159,0.10408,0.07453,0.06158,0.08575,0.04244,0.05522,0.07834,0.08539,0.01677,0.06341,0.03985,0.09346,0.09006,0.02141,0.12563,0.11040,0.04886,0.11558,0.04778,0.09724
1160,0.10302,0.07346,0.06109,0.08456,0.04194,0.05454,0.07709,0.08419,0.01656,0.06256,0.03956,0.09243,0.08887,0.02126,0.12381,0.10891,0.04839,0.11414,0.04718,0.09632
1161,0.10204,0.07247,0.06067,0.08348,0.04144,0.05389,0.07591,0.08308,0.01634,0.06175,0.03931,0.09144,0.08774,0.02114,0.12208,0.10751,0.04795,0.11278,0.04660,0.09548
1162,0.10103,0.07138,0.06020,0.08242,0.04098,0.05320,0.07470,0.08197,0.01610,0.06093,0.03904,0.09041,0.08657,0.02103,0.12032,0.10610,0.04747,0.11141,0.04598,0.09464
1163,0.10001,0.07023,0.05967,0.08146,0.04053,0.05254,0.07349,0.08085,0.01591,0.06007,0.03878,0.08938,0.08540,0.02093,0.11855,0.10469,0.04698,0.11001,0.04535,0.09381
1164,0.09904,0.06916,0.05911,0.08050,0.03998,0.05188,0.07235,0.07977,0.01573,0.05924,0.03850,0.08839,0.08429,0.02083,0.11684,0.10331,0.04652,0.10866,0.04475,0.09299
1165,0.09801,0.06802,0.05847,0.07941,0.03943,0.05117,0.07113,0.07864,0.01551,0.05838,0.03822,0.08736,0.08313,0.02074,0.11507,0.10187,0.04602,0.10725,0.04410,0.09210
1166,0.09697,0.06696,0.05786,0.07825,0.03891,0.05048,0.06991,0.07750,0.01530,0.05752,0.03794,0.08633,0.08200,0.02062,0.11337,0.10046,0.04557,0.10583,0.04346,0.09119
1167,0.09592,0.06595,0.05731,0.07714,0.03839,0.04980,0.06874,0.07638,0.01509,0.05671,0.03767,0.08531,0.08090,0.02049,0.11171,0.09907,0.04512,0.10446,0.04286,0.09029
1168,0.09486,0.06491,0.05670,0.07607,0.03789,0.04913,0.06757,0.07527,0.01488,0.05591,0.03741,0.08431,0.07980,0.02037,0.11007,0.09768,0.04467,0.10311,0.04226,0.08940
1169,0.09373,0.06384,0.05607,0.07499,0.03743,0.04846,0.06636,0.07415,0.01468,0.05511,0.03715,0.08331,0.07869,0.02024,0.10843,0.09628,0.04421,0.10176,0.04165,0.08852
1170,0.09267,0.06278,0.05543,0.07394,0.03697,0.04781,0.06520,0.07305,0.01447,0.05433,0.03688,0.08232,0.07758,0.02012,0.10682,0.09491,0.04376,0.10042,0.04106,0.08763
1171,0.09160,0.06162,0.05470,0.07290,0.03646,0.04717,0.06404,0.07193,0.01424,0.05354,0.03660,0.08134,0.07644,0.02001,0.10518,0.09350,0.04328,0.09907,0.04047,0.08675
1172,0.09054,0.06060,0.05406,0.07189,0.03599,0.04653,0.06290,0.07084,0.01402,0.05279,0.03633,0.08036,0.07535,0.01987,0.10362,0.09215,0.04283,0.09776,0.03989,0.08584
1173,0.08949,0.05958,0.05344,0.07087,0.03557,0.04587,0.06172,0.06973,0.01377,0.05204,0.03606,0.07935,0.07425,0.01971,0.10205,0.09079,0.04236,0.09642,0.03930,0.08490
1174,0.08842,0.05858,0.05279,0.06985,0.03513,0.04523,0.06058,0.06865,0.01356,0.05129,0.03579,0.07836,0.07317,0.01956,0.10051,0.08946,0.04192,0.09509,0.03870,0.08397
1175,0.08732,0.05762,0.05215,0.06881,0.03468,0.04458,0.05945,0.06757,0.01336,0.05054,0.03551,0.07737,0.07209,0.01942,0.09899,0.08814,0.04151,0.09378,0.03810,0.08303
1176,0.08623,0.05665,0.05151,0.06784,0.03419,0.04397,0.05834,0.06654,0.01318,0.04985,0.03526,0.07639,0.07106,0.01927,0.09753,0.08686,0.04109,0.09247,0.03752,0.08211
1177,0.08513,0.05567,0.05085,0.06689,0.03371,0.04335,0.05723,0.06551,0.01300,0.04914,0.03498,0.07541,0.06998,0.01915,0.09604,0.08557,0.04066,0.09114,0.03693,0.08118
1178,0.08409,0.05475,0.05026,0.06593,0.03321,0.04278,0.05617,0.06452,0.01282,0.04845,0.03470,0.07446,0.06896,0.01905,0.09463,0.08434,0.04027,0.08987,0.03638,0.08029
1179,0.08304,0.05383,0.04971,0.06498,0.03274,0.04220,0.05507,0.06351,0.01261,0.04778,0.03443,0.07349,0.06797,0.01892,0.09321,0.08309,0.03986,0.08860,0.03582,0.07939
1180,0.08200,0.05293,0.04910,0.06399,0.03235,0.04159,0.05400,0.06250,0.01241,0.04710,0.03416,0.07254,0.06698,0.01878,0.09179,0.08183,0.03945,0.08733,0.03526,0.07848
1181,0.08094,0.05204,0.04845,0.06292,0.03194,0.04101,0.05299,0.06154,0.01223,0.04647,0.03391,0.07163,0.06599,0.01863,0.09044,0.08059,0.03907,0.08610,0.03474,0.07762
1182,0.07984,0.05111,0.04774,0.06183,0.03150,0.04042,0.05194,0.06056,0.01203,0.04582,0.03364,0.07067,0.06497,0.01847,0.08906,0.07931,0.03867,0.08483,0.03420,0.07672
1183,0.07879,0.05025,0.04711,0.06084,0.03106,0.03985,0.05094,0.05961,0.01185,0.04518,0.03337,0.06973,0.06399,0.01832,0.08774,0.07809,0.03827,0.08361,0.03367,0.07584
1184,0.07775,0.04941,0.04652,0.05995,0.03057,0.03930,0.04999,0.05871,0.01170,0.04455,0.03310,0.06880,0.06302,0.01818,0.08650,0.07692,0.03789,0.08243,0.03317,0.07496
1185,0.07677,0.04863,0.04590,0.05902,0.03013,0.03877,0.04904,0.05783,0.01153,0.04395,0.03284,0.06791,0.06209,0.01805,0.08526,0.07577,0.03750,0.08127,0.03266,0.07411
1186,0.07585,0.04794,0.04532,0.05815,0.02974,0.03825,0.04811,0.05696,0.01135,0.04334,0.03257,0.06701,0.06123,0.01794,0.08404,0.07466,0.03709,0.08015,0.03214,0.07326
1187,0.07494,0.04722,0.04476,0.05727,0.02932,0.03774,0.04722,0.05613,0.01119,0.04275,0.03231,0.06618,0.06037,0.01782,0.08285,0.07357,0.03672,0.07906,0.03166,0.07245
1188,0.07406,0.04654,0.04417,0.05637,0.02889,0.03726,0.04634,0.05533,0.01103,0.04219,0.03207,0.06540,0.05953,0.01770,0.08165,0.07251,0.03636,0.07798,0.03121,0.07166
1189,0.07322,0.04587,0.04363,0.05553,0.02850,0.03679,0.04552,0.05454,0.01088,0.04163,0.03183,0.06462,0.05873,0.01758,0.08052,0.07150,0.03601,0.07695,0.03076,0.07091
1190,0.07239,0.04516,0.04316,0.05475,0.02807,0.03632,0.04475,0.05377,0.01077,0.04104,0.03160,0.06386,0.05798,0.01747,0.07942,0.07053,0.03567,0.07593,0.03034,0.07021
1191,0.07160,0.04452,0.04264,0.05400,0.02773,0.03587,0.04400,0.05300,0.01063,0.04049,0.03138,0.06313,0.05724,0.01735,0.07835,0.06959,0.03534,0.07495,0.02992,0.06950
1192,0.07085,0.04394,0.04206,0.05331,0.02745,0.03543,0.04329,0.05224,0.01048,0.03995,0.03116,0.06241,0.05654,0.01725,0.07731,0.06869,0.03501,0.07399,0.02951,0.06882
1193,0.07014,0.04337,0.04152,0.05261,0.02717,0.03501,0.04262,0.05151,0.01034,0.03945,0.03096,0.06173,0.05588,0.01714,0.07635,0.06783,0.03468,0.07310,0.02911,0.06818
1194,0.06943,0.04276,0.04102,0.05195,0.02690,0.03459,0.04192,0.05079,0.01018,0.03895,0.03077,0.06106,0.05522,0.01704,0.07539,0.06697,0.03436,0.07218,0.02871,0.06750
1195,0.06875,0.04220,0.04059,0.05135,0.02665,0.03424,0.04125,0.05013,0.01005,0.03850,0.03058,0.06043,0.05460,0.01694,0.07446,0.06616,0.03406,0.07132,0.02834,0.06687
1196,0.06806,0.04156,0.04021,0.05072,0.02636,0.03390,0.04058,0.04948,0.00993,0.03806,0.03037,0.05977,0.05398,0.01684,0.07359,0.06535,0.03375,0.07048,0.02798,0.06626
1197,0.06736,0.04096,0.03983,0.05013,0.02605,0.03355,0.03991,0.04882,0.00982,0.03761,0.03017,0.05913,0.05337,0.01675,0.07272,0.06456,0.03345,0.06965,0.02759,0.06564
1198,0.06668,0.04044,0.03943,0.04955,0.02575,0.03320,0.03930,0.04818,0.00971,0.03719,0.02998,0.05852,0.05277,0.01665,0.07188,0.06380,0.03316,0.06884,0.02723,0.06504
1199,0.06599,0.03998,0.03901,0.04900,0.02542,0.03282,0.03870,0.04753,0.00961,0.03678,0.02978,0.05790,0.05217,0.01654,0.07105,0.06307,0.03286,0.06804,0.02687,0.06443
1200,0.06533,0.03949,0.03859,0.04842,0.02515,0.03247,0.03812,0.04692,0.00949,0.03637,0.02959,0.05730,0.05158,0.01645,0.07025,0.06233,0.03259,0.06726,0.02653,0.06383
1201,0.06471,0.03906,0.03816,0.04781,0.02494,0.03213,0.03760,0.04636,0.00938,0.03597,0.02941,0.05672,0.05101,0.01638,0.06948,0.06162,0.03235,0.06650,0.02621,0.06323
1202,0.06408,0.03861,0.03774,0.04723,0.02470,0.03180,0.03706,0.04580,0.00928,0.03559,0.02923,0.05615,0.05045,0.01629,0.06872,0.06092,0.03210,0.06577,0.02590,0.06265
1203,0.06347,0.03811,0.03731,0.04666,0.02449,0.03150,0.03652,0.04528,0.00916,0.03522,0.02904,0.05557,0.04991,0.01619,0.06800,0.06022,0.03184,0.06508,0.02560,0.06208
1204,0.06287,0.03769,0.03693,0.04609,0.02427,0.03120,0.03600,0.04475,0.00906,0.03485,0.02887,0.05502,0.04939,0.01610,0.06727,0.05954,0.03160,0.06439,0.02530,0.06153
1205,0.06226,0.03731,0.03660,0.04553,0.02408,0.03090,0.03549,0.04421,0.00898,0.03451,0.02872,0.05450,0.04891,0.01600,0.06654,0.05889,0.03134,0.06372,0.02501,0.06100
1206,0.06170,0.03694,0.03626,0.04503,0.02383,0.03061,0.03501,0.04372,0.00889,0.03417,0.02856,0.05400,0.04843,0.01591,0.06587,0.05826,0.03111,0.06306,0.02474,0.06049
1207,0.06119,0.03657,0.03592,0.04451,0.02353,0.03033,0.03458,0.04326,0.00881,0.03385,0.02840,0.05352,0.04797,0.01583,0.06525,0.05764,0.03090,0.06242,0.02449,0.06001
1208,0.06069,0.03622,0.03559,0.04404,0.02329,0.03006,0.03413,0.04280,0.00872,0.03354,0.02825,0.05305,0.04752,0.01576,0.06462,0.05705,0.03069,0.06180,0.02423,0.05953
1209,0.06023,0.03589,0.03526,0.04366,0.02304,0.02981,0.03370,0.04237,0.00862,0.03324,0.02811,0.05260,0.04709,0.01570,0.06401,0.05648,0.03046,0.06122,0.02399,0.05907
1210,0.05979,0.03560,0.03496,0.04328,0.02278,0.02957,0.03329,0.04196,0.00854,0.03294,0.02796,0.05219,0.04668,0.01563,0.06343,0.05594,0.03026,0.06068,0.02377,0.05864
1211,0.05934,0.03527,0.03461,0.04284,0.02265,0.02934,0.03289,0.04155,0.00847,0.03265,0.02782,0.05178,0.04630,0.01559,0.06285,0.05541,0.03005,0.06012,0.02355,0.05822
1212,0.05894,0.03496,0.03433,0.04249,0.02254,0.02911,0.03250,0.04115,0.00840,0.03238,0.02768,0.05140,0.04596,0.01555,0.06230,0.05493,0.02985,0.05961,0.02333,0.05783
1213,0.05854,0.03462,0.03410,0.04215,0.02239,0.02887,0.03214,0.04076,0.00833,0.03210,0.02755,0.05104,0.04561,0.01549,0.06179,0.05447,0.02966,0.05912,0.02311,0.05745
1214,0.05814,0.03431,0.03385,0.04182,0.02226,0.02866,0.03180,0.04039,0.00826,0.03185,0.02743,0.05067,0.04527,0.01542,0.06130,0.05401,0.02950,0.05863,0.02290,0.05708
1215,0.05777,0.03402,0.03360,0.04153,0.02213,0.02846,0.03148,0.04005,0.00821,0.03160,0.02731,0.05033,0.04496,0.01536,0.06083,0.05358,0.02932,0.05817,0.02270,0.05672
1216,0.05743,0.03377,0.03338,0.04130,0.02198,0.02828,0.03118,0.03971,0.00815,0.03135,0.02721,0.05002,0.04465,0.01531,0.06038,0.05318,0.02915,0.05774,0.02249,0.05637
1217,0.05709,0.03353,0.03315,0.04101,0.02187,0.02811,0.03089,0.03939,0.00809,0.03111,0.02710,0.04969,0.04435,0.01524,0.05993,0.05278,0.02898,0.05732,0.02231,0.05604
1218,0.05678,0.03331,0.03286,0.04070,0.02179,0.02797,0.03064,0.03908,0.00805,0.03088,0.02698,0.04937,0.04409,0.01517,0.05949,0.05240,0.02882,0.05691,0.02214,0.05573
1219,0.05647,0.03308,0.03262,0.04040,0.02167,0.02781,0.03038,0.03878,0.00800,0.03066,0.02688,0.04907,0.04383,0.01511,0.05909,0.05203,0.02867,0.05653,0.02198,0.05542
1220,0.05616,0.03286,0.03241,0.04007,0.02153,0.02765,0.03012,0.03847,0.00795,0.03045,0.02679,0.04879,0.04358,0.01506,0.05868,0.05168,0.02853,0.05617,0.02183,0.05512
1221,0.05587,0.03266,0.03221,0.03976,0.02138,0.02750,0.02988,0.03820,0.00791,0.03025,0.02669,0.04851,0.04334,0.01501,0.05831,0.05134,0.02839,0.05581,0.02168,0.05484
1222,0.05560,0.03248,0.03203,0.03945,0.02116,0.02734,0.02963,0.03794,0.00788,0.03007,0.02660,0.04824,0.04312,0.01499,0.05799,0.05103,0.02825,0.05546,0.02152,0.05458
1223,0.05534,0.03229,0.03186,0.03918,0.02101,0.02719,0.02940,0.03768,0.00784,0.02991,0.02652,0.04799,0.04290,0.01495,0.05767,0.05073,0.02814,0.05514,0.02138,0.05432
1224,0.05509,0.03210,0.03171,0.03893,0.02088,0.02704,0.02921,0.03745,0.00780,0.02978,0.02643,0.04775,0.04268,0.01489,0.05736,0.05046,0.02805,0.05481,0.02125,0.05407
1225,0.05485,0.03192,0.03156,0.03869,0.02078,0.02691,0.02901,0.03722,0.00775,0.02963,0.02636,0.04752,0.04246,0.01485,0.05706,0.05019,0.02794,0.05450,0.02113,0.05383
1226,0.05462,0.03172,0.03141,0.03850,0.02074,0.02679,0.02882,0.03700,0.00770,0.02947,0.02629,0.04730,0.04224,0.01482,0.05677,0.04991,0.02784,0.05422,0.02101,0.05361
1227,0.05440,0.03157,0.03127,0.03829,0.02074,0.02667,0.02864,0.03681,0.00765,0.02933,0.02623,0.04711,0.04204,0.01479,0.05649,0.04966,0.02774,0.05396,0.02092,0.05337
1228,0.05419,0.03144,0.03115,0.03811,0.02067,0.02657,0.02845,0.03660,0.00761,0.02916,0.02616,0.04690,0.04187,0.01476,0.05621,0.04940,0.02764,0.05371,0.02081,0.05314
1229,0.05399,0.03135,0.03104,0.03794,0.02061,0.02647,0.02829,0.03641,0.00758,0.02901,0.02610,0.04670,0.04171,0.01474,0.05596,0.04918,0.02752,0.05348,0.02071,0.05296
1230,0.05380,0.03125,0.03094,0.03780,0.02058,0.02637,0.02812,0.03624,0.00754,0.02888,0.02603,0.04651,0.04156,0.01470,0.05572,0.04896,0.02743,0.05325,0.02061,0.05277
1231,0.05364,0.03117,0.03085,0.03772,0.02056,0.02625,0.02797,0.03607,0.00751,0.02877,0.02596,0.04635,0.04142,0.01466,0.05548,0.04874,0.02735,0.05303,0.02051,0.05260
1232,0.05347,0.03105,0.03074,0.03759,0.02047,0.02616,0.02782,0.03590,0.00748,0.02866,0.02590,0.04618,0.04128,0.01463,0.05525,0.04854,0.02726,0.05282,0.02042,0.05244
1233,0.05331,0.03092,0.03063,0.03747,0.02037,0.02608,0.02767,0.03577,0.00744,0.02856,0.02584,0.04603,0.04114,0.01460,0.05505,0.04836,0.02718,0.05261,0.02035,0.05228
1234,0.05315,0.03078,0.03054,0.03733,0.02030,0.02600,0.02755,0.03563,0.00741,0.02844,0.02578,0.04589,0.04101,0.01458,0.05485,0.04819,0.02710,0.05241,0.02028,0.05212
1235,0.05301,0.03060,0.03046,0.03715,0.02017,0.02594,0.02745,0.03549,0.00741,0.02832,0.02574,0.04577,0.04090,0.01458,0.05467,0.04805,0.02702,0.05219,0.02022,0.05196
1236,0.05288,0.03047,0.03038,0.03701,0.02008,0.02587,0.02734,0.03535,0.00740,0.02822,0.02570,0.04565,0.04080,0.01456,0.05449,0.04791,0.02695,0.05202,0.02015,0.05183
1237,0.05275,0.03035,0.03033,0.03684,0.02005,0.02582,0.02722,0.03521,0.00739,0.02812,0.02566,0.04555,0.04071,0.01452,0.05433,0.04776,0.02689,0.05185,0.02006,0.05171
1238,0.05263,0.03024,0.03025,0.03671,0.02003,0.02576,0.02712,0.03510,0.00737,0.02804,0.02562,0.04545,0.04062,0.01450,0.05418,0.04763,0.02684,0.05170,0.01999,0.05159
1239,0.05251,0.03016,0.03014,0.03660,0.02000,0.02568,0.02701,0.03500,0.00736,0.02798,0.02557,0.04536,0.04055,0.01447,0.05403,0.04751,0.02680,0.05158,0.01993,0.05149
1240,0.05241,0.03008,0.03007,0.03650,0.01997,0.02563,0.02693,0.03490,0.00734,0.02792,0.02552,0.04526,0.04046,0.01444,0.05390,0.04740,0.02675,0.05145,0.01988,0.05138
1241,0.05231,0.03002,0.03000,0.03644,0.01998,0.02556,0.02687,0.03484,0.00729,0.02785,0.02548,0.04516,0.04036,0.01442,0.05378,0.04730,0.02670,0.05132,0.01983,0.05125
1242,0.05222,0.02996,0.02992,0.03639,0.01997,0.02551,0.02680,0.03476,0.00728,0.02779,0.02544,0.04506,0.04028,0.01441,0.05367,0.04720,0.02665,0.05121,0.01978,0.05116
1243,0.05214,0.02992,0.02983,0.03639,0.01993,0.02550,0.02674,0.03466,0.00728,0.02775,0.02542,0.04495,0.04021,0.01440,0.05357,0.04710,0.02657,0.05112,0.01974,0.05109
1244,0.05206,0.02986,0.02976,0.03634,0.01989,0.02547,0.02668,0.03458,0.00728,0.02770,0.02539,0.04486,0.04015,0.01439,0.05348,0.04701,0.02653,0.05104,0.01970,0.05101
1245,0.05199,0.02978,0.02970,0.03627,0.01984,0.02544,0.02661,0.03453,0.00729,0.02765,0.02537,0.04479,0.04008,0.01439,0.05340,0.04692,0.02651,0.05097,0.01967,0.05094
1246,0.05192,0.02971,0.02962,0.03620,0.01982,0.02542,0.02654,0.03447,0.00729,0.02760,0.02536,0.04474,0.04004,0.01439,0.05332,0.04685,0.02648,0.05092,0.01964,0.05090
1247,0.05188,0.02964,0.02963,0.03612,0.01977,0.02540,0.02650,0.03443,0.00729,0.02755,0.02535,0.04470,0.03999,0.01440,0.05325,0.04678,0.02645,0.05086,0.01961,0.05084
1248,0.05185,0.02957,0.02964,0.03600,0.01972,0.02538,0.02647,0.03439,0.00728,0.02750,0.02534,0.04468,0.03995,0.01439,0.05320,0.04672,0.02643,0.05082,0.01958,0.05078
1249,0.05182,0.02952,0.02961,0.03595,0.01972,0.02536,0.02642,0.03436,0.00727,0.02747,0.02532,0.04466,0.03993,0.01439,0.05313,0.04668,0.02640,0.05079,0.01956,0.05074
1250,0.05178,0.02946,0.02954,0.03593,0.01977,0.02534,0.02638,0.03431,0.00725,0.02745,0.02530,0.04464,0.03991,0.01440,0.05306,0.04664,0.02634,0.05078,0.01954,0.05071
1251,0.05176,0.02943,0.02952,0.03590,0.01979,0.02533,0.02635,0.03428,0.00725,0.02743,0.02529,0.04462,0.03991,0.01440,0.05302,0.04662,0.02631,0.05076,0.01952,0.05070
1252,0.05174,0.02944,0.02946,0.03592,0.01983,0.02533,0.02632,0.03427,0.00725,0.02742,0.02527,0.04462,0.03991,0.01439,0.05297,0.04663,0.02630,0.05076,0.01951,0.05071
1253,0.05173,0.02943,0.02947,0.03590,0.01984,0.02534,0.02631,0.03425,0.00725,0.02742,0.02527,0.04462,0.03991,0.01439,0.05295,0.04664,0.02630,0.05076,0.01949,0.05072
1254,0.05174,0.02946,0.02960,0.03584,0.01983,0.02538,0.02634,0.03424,0.00726,0.02742,0.02527,0.04463,0.03992,0.01439,0.05295,0.04665,0.02633,0.05076,0.01947,0.05075
1255,0.05175,0.02942,0.02962,0.03585,0.01983,0.02540,0.02634,0.03423,0.00726,0.02742,0.02527,0.04465,0.03994,0.01438,0.05295,0.04668,0.02634,0.05076,0.01946,0.05077
1256,0.05174,0.02932,0.02964,0.03587,0.01981,0.02543,0.02629,0.03419,0.00724,0.02742,0.02527,0.04470,0.03998,0.01439,0.05297,0.04670,0.02635,0.05078,0.01946,0.05078
1257,0.05174,0.02925,0.02963,0.03589,0.01979,0.02546,0.02628,0.03418,0.00724,0.02743,0.02527,0.04473,0.04001,0.01439,0.05298,0.04674,0.02635,0.05080,0.01946,0.05081
1258,0.05175,0.02916,0.02948,0.03598,0.01974,0.02547,0.02627,0.03420,0.00725,0.02744,0.02528,0.04478,0.04008,0.01438,0.05299,0.04678,0.02632,0.05082,0.01947,0.05086
1259,0.05176,0.02911,0.02943,0.03604,0.01972,0.02550,0.02628,0.03422,0.00725,0.02746,0.02530,0.04481,0.04012,0.01438,0.05302,0.04683,0.02632,0.05085,0.01948,0.05089
1260,0.05177,0.02911,0.02942,0.03607,0.01971,0.02555,0.02635,0.03425,0.00726,0.02750,0.02531,0.04483,0.04015,0.01438,0.05302,0.04687,0.02633,0.05088,0.01948,0.05094
1261,0.05177,0.02912,0.02942,0.03613,0.01971,0.02559,0.02640,0.03429,0.00726,0.02754,0.02532,0.04485,0.04019,0.01438,0.05308,0.04692,0.02636,0.05093,0.01950,0.05098
1262,0.05178,0.02914,0.02948,0.03623,0.01972,0.02562,0.02645,0.03434,0.00727,0.02757,0.02535,0.04488,0.04023,0.01438,0.05316,0.04698,0.02640,0.05099,0.01952,0.05104
1263,0.05178,0.02920,0.02954,0.03631,0.01975,0.02566,0.02650,0.03437,0.00726,0.02763,0.02536,0.04492,0.04025,0.01439,0.05327,0.04705,0.02645,0.05107,0.01954,0.05108
1264,0.05180,0.02924,0.02968,0.03626,0.01980,0.02570,0.02654,0.03443,0.00725,0.02772,0.02538,0.04498,0.04028,0.01441,0.05342,0.04714,0.02650,0.05116,0.01959,0.05112
1265,0.05182,0.02930,0.02979,0.03626,0.01985,0.02573,0.02658,0.03450,0.00727,0.02779,0.02541,0.04502,0.04030,0.01442,0.05359,0.04723,0.02655,0.05126,0.01963,0.05118
1266,0.05186,0.02939,0.02989,0.03627,0.01987,0.02578,0.02664,0.03458,0.00728,0.02787,0.02544,0.04508,0.04033,0.01444,0.05374,0.04730,0.02661,0.05137,0.01967,0.05122
1267,0.05192,0.02948,0.03002,0.03620,0.01991,0.02585,0.02670,0.03466,0.00729,0.02798,0.02548,0.04513,0.04034,0.01447,0.05392,0.04737,0.02667,0.05149,0.01971,0.05124
1268,0.05198,0.02963,0.03011,0.03627,0.01994,0.02589,0.02678,0.03476,0.00731,0.02807,0.02550,0.04519,0.04038,0.01449,0.05406,0.04745,0.02674,0.05162,0.01977,0.05129
1269,0.05205,0.02987,0.03010,0.03648,0.01993,0.02590,0.02689,0.03490,0.00735,0.02815,0.02552,0.04525,0.04044,0.01450,0.05418,0.04752,0.02681,0.05178,0.01984,0.05135
1270,0.05215,0.03001,0.03021,0.03656,0.01995,0.02594,0.02697,0.03502,0.00736,0.02823,0.02554,0.04533,0.04050,0.01451,0.05431,0.04759,0.02686,0.05192,0.01990,0.05142
1271,0.05227,0.03015,0.03039,0.03659,0.02001,0.02594,0.02706,0.03514,0.00736,0.02830,0.02555,0.04544,0.04058,0.01452,0.05441,0.04767,0.02690,0.05205,0.01999,0.05149
1272,0.05239,0.03028,0.03047,0.03667,0.02005,0.02599,0.02714,0.03525,0.00737,0.02837,0.02558,0.04553,0.04065,0.01454,0.05452,0.04775,0.02695,0.05218,0.02005,0.05159
1273,0.05254,0.03033,0.03056,0.03673,0.02007,0.02607,0.02720,0.03536,0.00737,0.02843,0.02560,0.04563,0.04073,0.01457,0.05463,0.04783,0.02697,0.05229,0.02009,0.05171
1274,0.05268,0.03043,0.03060,0.03678,0.02010,0.02613,0.02727,0.03545,0.00739,0.02849,0.02563,0.04573,0.04083,0.01458,0.05472,0.04792,0.02700,0.05242,0.02014,0.05181
1275,0.05284,0.03058,0.03051,0.03689,0.02012,0.02620,0.02737,0.03554,0.00741,0.02855,0.02566,0.04583,0.04094,0.01460,0.05479,0.04802,0.02704,0.05256,0.02019,0.05193
1276,0.05296,0.03067,0.03051,0.03694,0.02015,0.02625,0.02746,0.03562,0.00744,0.02860,0.02569,0.04593,0.04104,0.01461,0.05487,0.04814,0.02707,0.05268,0.02023,0.05203
1277,0.05307,0.03075,0.03053,0.03692,0.02021,0.02628,0.02756,0.03567,0.00746,0.02863,0.02572,0.04604,0.04116,0.01462,0.05497,0.04827,0.02710,0.05280,0.02025,0.05212
1278,0.05319,0.03080,0.03057,0.03695,0.02025,0.02633,0.02764,0.03574,0.00748,0.02867,0.02575,0.04613,0.04126,0.01462,0.05505,0.04839,0.02713,0.05291,0.02029,0.05221
1279,0.05330,0.03080,0.03065,0.03701,0.02031,0.02639,0.02772,0.03580,0.00751,0.02870,0.02576,0.04620,0.04134,0.01463,0.05515,0.04854,0.02715,0.05300,0.02033,0.05231
1280,0.05341,0.03081,0.03073,0.03707,0.02035,0.02644,0.02780,0.03586,0.00752,0.02872,0.02578,0.04628,0.04143,0.01464,0.05524,0.04865,0.02718,0.05309,0.02036,0.05239
1281,0.05352,0.03080,0.03085,0.03715,0.02038,0.02648,0.02785,0.03592,0.00753,0.02875,0.02580,0.04635,0.04151,0.01466,0.05530,0.04874,0.02721,0.05317,0.02039,0.05248
1282,0.05364,0.03081,0.03094,0.03722,0.02041,0.02652,0.02790,0.03595,0.00752,0.02877,0.02582,0.04641,0.04159,0.01466,0.05536,0.04881,0.02723,0.05324,0.02042,0.05256
1283,0.05372,0.03080,0.03098,0.03729,0.02042,0.02657,0.02795,0.03598,0.00752,0.02880,0.02584,0.04647,0.04166,0.01468,0.05543,0.04888,0.02725,0.05332,0.02044,0.05262
1284,0.05377,0.03078,0.03102,0.03738,0.02041,0.02660,0.02799,0.03600,0.00751,0.02884,0.02586,0.04653,0.04174,0.01471,0.05551,0.04892,0.02725,0.05339,0.02045,0.05265
1285,0.05383,0.03080,0.03104,0.03742,0.02042,0.02664,0.02803,0.03605,0.00752,0.02887,0.02587,0.04657,0.04179,0.01472,0.05555,0.04896,0.02726,0.05344,0.02047,0.05270
1286,0.05386,0.03086,0.03098,0.03745,0.02042,0.02668,0.02808,0.03610,0.00755,0.02891,0.02588,0.04659,0.04183,0.01472,0.05559,0.04900,0.02725,0.05349,0.02050,0.05274
1287,0.05390,0.03085,0.03101,0.03748,0.02047,0.02671,0.02811,0.03613,0.00756,0.02892,0.02588,0.04662,0.04186,0.01471,0.05559,0.04903,0.02725,0.05351,0.02052,0.05277
1288,0.05394,0.03086,0.03111,0.03748,0.02059,0.02672,0.02814,0.03616,0.00758,0.02891,0.02588,0.04664,0.04188,0.01469,0.05555,0.04904,0.02726,0.05348,0.02055,0.05280
1289,0.05396,0.03083,0.03114,0.03750,0.02063,0.02673,0.02816,0.03617,0.00758,0.02891,0.02588,0.04666,0.04190,0.01467,0.05553,0.04904,0.02726,0.05349,0.02055,0.05282
1290,0.05398,0.03070,0.03117,0.03755,0.02065,0.02675,0.02815,0.03615,0.00756,0.02891,0.02587,0.04668,0.04194,0.01467,0.05550,0.04903,0.02725,0.05349,0.02054,0.05283
1291,0.05399,0.03064,0.03118,0.03757,0.02066,0.02676,0.02816,0.03614,0.00755,0.02890,0.02586,0.04668,0.04195,0.01465,0.05548,0.04902,0.02724,0.05348,0.02053,0.05283
1292,0.05397,0.03059,0.03110,0.03757,0.02061,0.02676,0.02818,0.03614,0.00754,0.02889,0.02585,0.04669,0.04195,0.01464,0.05545,0.04903,0.02726,0.05349,0.02052,0.05284
1293,0.05396,0.03054,0.03108,0.03757,0.02060,0.02675,0.02818,0.03612,0.00754,0.02887,0.02583,0.04667,0.04195,0.01463,0.05542,0.04900,0.02724,0.05346,0.02049,0.05283
1294,0.05394,0.03055,0.03111,0.03758,0.02059,0.02672,0.02817,0.03610,0.00753,0.02885,0.02582,0.04665,0.04195,0.01462,0.05540,0.04897,0.02720,0.05340,0.02045,0.05281
1295,0.05391,0.03050,0.03109,0.03757,0.02059,0.02671,0.02815,0.03606,0.00752,0.02882,0.02581,0.04662,0.04194,0.01460,0.05535,0.04893,0.02718,0.05335,0.02041,0.05277
1296,0.05386,0.03041,0.03109,0.03755,0.02061,0.02672,0.02809,0.03599,0.00753,0.02879,0.02580,0.04657,0.04195,0.01460,0.05529,0.04889,0.02715,0.05329,0.02036,0.05272
1297,0.05380,0.03034,0.03106,0.03751,0.02060,0.02670,0.02806,0.03594,0.00753,0.02876,0.02578,0.04652,0.04194,0.01458,0.05523,0.04883,0.02711,0.05322,0.02032,0.05267
1298,0.05371,0.03024,0.03098,0.03741,0.02060,0.02668,0.02804,0.03588,0.00754,0.02872,0.02575,0.04646,0.04190,0.01455,0.05516,0.04877,0.02708,0.05318,0.02029,0.05261
1299,0.05364,0.03018,0.03090,0.03737,0.02059,0.02666,0.02801,0.03582,0.00754,0.02869,0.02572,0.04641,0.04187,0.01453,0.05508,0.04871,0.02704,0.05311,0.02026,0.05255
1300,0.05356,0.03018,0.03076,0.03734,0.02053,0.02662,0.02798,0.03576,0.00753,0.02865,0.02570,0.04636,0.04182,0.01452,0.05499,0.04863,0.02698,0.05301,0.02023,0.05250
1301,0.05349,0.03016,0.03070,0.03732,0.02049,0.02659,0.02795,0.03570,0.00752,0.02861,0.02566,0.04630,0.04177,0.01450,0.05490,0.04855,0.02692,0.05292,0.02020,0.05244
1302,0.05341,0.03012,0.03068,0.03731,0.02046,0.02656,0.02791,0.03564,0.00750,0.02858,0.02562,0.04623,0.04173,0.01448,0.05480,0.04846,0.02687,0.05282,0.02017,0.05237
1303,0.05334,0.03010,0.03069,0.03735,0.02044,0.02656,0.02787,0.03558,0.00747,0.02855,0.02558,0.04617,0.04170,0.01448,0.05467,0.04837,0.02684,0.05271,0.02014,0.05230
1304,0.05325,0.03001,0.03070,0.03732,0.02040,0.02653,0.02782,0.03551,0.00747,0.02851,0.02555,0.04609,0.04165,0.01445,0.05457,0.04828,0.02678,0.05261,0.02010,0.05222
1305,0.05316,0.02984,0.03080,0.03727,0.02034,0.02651,0.02777,0.03543,0.00746,0.02846,0.02551,0.04599,0.04159,0.01440,0.05448,0.04817,0.02671,0.05252,0.02006,0.05213
1306,0.05305,0.02975,0.03078,0.03724,0.02032,0.02648,0.02771,0.03536,0.00745,0.02839,0.02546,0.04591,0.04153,0.01437,0.05436,0.04807,0.02665,0.05240,0.02001,0.05205
1307,0.05294,0.02966,0.03072,0.03719,0.02026,0.02645,0.02763,0.03529,0.00745,0.02831,0.02543,0.04583,0.04147,0.01432,0.05423,0.04799,0.02659,0.05228,0.01993,0.05196
1308,0.05282,0.02955,0.03063,0.03712,0.02026,0.02641,0.02757,0.03521,0.00742,0.02824,0.02538,0.04574,0.04139,0.01429,0.05411,0.04788,0.02653,0.05216,0.01988,0.05187
1309,0.05269,0.02951,0.03047,0.03705,0.02034,0.02634,0.02751,0.03516,0.00737,0.02819,0.02533,0.04565,0.04129,0.01428,0.05397,0.04777,0.02649,0.05204,0.01985,0.05178
1310,0.05256,0.02939,0.03037,0.03695,0.02034,0.02629,0.02744,0.03508,0.00735,0.02812,0.02528,0.04554,0.04120,0.01426,0.05384,0.04765,0.02642,0.05190,0.01979,0.05167
1311,0.05242,0.02916,0.03023,0.03677,0.02032,0.02624,0.02735,0.03500,0.00733,0.02806,0.02527,0.04539,0.04110,0.01424,0.05373,0.04751,0.02634,0.05178,0.01972,0.05153
1312,0.05228,0.02903,0.03016,0.03666,0.02029,0.02619,0.02729,0.03491,0.00732,0.02800,0.02522,0.04527,0.04101,0.01421,0.05360,0.04737,0.02627,0.05162,0.01966,0.05140
1313,0.05214,0.02895,0.03017,0.03656,0.02020,0.02614,0.02724,0.03482,0.00731,0.02792,0.02517,0.04517,0.04092,0.01418,0.05343,0.04723,0.02619,0.05143,0.01958,0.05127
1314,0.05200,0.02886,0.03016,0.03652,0.02012,0.02609,0.02715,0.03472,0.00729,0.02785,0.02511,0.04505,0.04083,0.01415,0.05329,0.04707,0.02612,0.05126,0.01951,0.05114
1315,0.05185,0.02884,0.03024,0.03659,0.01999,0.02604,0.02705,0.03461,0.00727,0.02779,0.02502,0.04493,0.04073,0.01410,0.05314,0.04691,0.02607,0.05110,0.01947,0.05102
1316,0.05170,0.02877,0.03019,0.03655,0.01993,0.02598,0.02696,0.03450,0.00725,0.02772,0.02496,0.04480,0.04063,0.01407,0.05299,0.04674,0.02599,0.05094,0.01941,0.05090
1317,0.05152,0.02871,0.02997,0.03651,0.01992,0.02591,0.02684,0.03438,0.00722,0.02767,0.02489,0.04465,0.04054,0.01404,0.05284,0.04657,0.02590,0.05079,0.01934,0.05079
1318,0.05138,0.02860,0.02988,0.03646,0.01986,0.02584,0.02674,0.03426,0.00721,0.02758,0.02483,0.04451,0.04044,0.01400,0.05267,0.04640,0.02581,0.05062,0.01928,0.05067
1319,0.05125,0.02841,0.02973,0.03634,0.01979,0.02575,0.02666,0.03415,0.00720,0.02745,0.02478,0.04437,0.04033,0.01396,0.05248,0.04619,0.02570,0.05043,0.01921,0.05055
1320,0.05112,0.02829,0.02966,0.03622,0.01975,0.02567,0.02657,0.03402,0.00718,0.02734,0.02473,0.04425,0.04022,0.01392,0.05228,0.04601,0.02560,0.05025,0.01914,0.05042
1321,0.05100,0.02823,0.02983,0.03609,0.01966,0.02562,0.02647,0.03388,0.00717,0.02724,0.02469,0.04415,0.04010,0.01386,0.05204,0.04585,0.02548,0.05005,0.01907,0.05027
1322,0.05086,0.02811,0.02985,0.03599,0.01960,0.02557,0.02636,0.03374,0.00716,0.02712,0.02463,0.04402,0.03999,0.01381,0.05181,0.04568,0.02537,0.04985,0.01899,0.05014
1323,0.05071,0.02798,0.02981,0.03587,0.01958,0.02551,0.02625,0.03359,0.00714,0.02700,0.02456,0.04388,0.03988,0.01377,0.05158,0.04551,0.02526,0.04965,0.01890,0.05001
1324,0.05053,0.02789,0.02972,0.03573,0.01966,0.02547,0.02613,0.03343,0.00710,0.02690,0.02447,0.04371,0.03978,0.01374,0.05134,0.04536,0.02514,0.04944,0.01879,0.04988
1325,0.05034,0.02773,0.02962,0.03559,0.01965,0.02539,0.02602,0.03327,0.00707,0.02681,0.02440,0.04357,0.03966,0.01369,0.05112,0.04519,0.02503,0.04923,0.01870,0.04974
1326,0.05015,0.02745,0.02940,0.03545,0.01959,0.02531,0.02591,0.03310,0.00705,0.02670,0.02433,0.04342,0.03956,0.01363,0.05093,0.04500,0.02491,0.04903,0.01859,0.04962
1327,0.04992,0.02726,0.02926,0.03533,0.01959,0.02521,0.02579,0.03293,0.00701,0.02659,0.02426,0.04326,0.03942,0.01358,0.05071,0.04481,0.02481,0.04880,0.01850,0.04946
1328,0.04965,0.02707,0.02912,0.03520,0.01961,0.02509,0.02568,0.03276,0.00697,0.02650,0.02420,0.04315,0.03926,0.01352,0.05049,0.04463,0.02473,0.04855,0.01842,0.04925
1329,0.04938,0.02691,0.02903,0.03505,0.01961,0.02498,0.02555,0.03260,0.00692,0.02641,0.02413,0.04297,0.03910,0.01348,0.05027,0.04442,0.02463,0.04830,0.01833,0.04905
1330,0.04903,0.02679,0.02899,0.03492,0.01972,0.02487,0.02539,0.03246,0.00685,0.02629,0.02407,0.04273,0.03890,0.01348,0.05005,0.04419,0.02456,0.04805,0.01824,0.04883
1331,0.04875,0.02660,0.02888,0.03480,0.01965,0.02476,0.02525,0.03230,0.00682,0.02618,0.02398,0.04252,0.03873,0.01344,0.04984,0.04395,0.02446,0.04780,0.01814,0.04861
1332,0.04847,0.02642,0.02876,0.03467,0.01936,0.02464,0.02513,0.03212,0.00680,0.02611,0.02389,0.04227,0.03855,0.01341,0.04967,0.04368,0.02435,0.04755,0.01802,0.04837
1333,0.04822,0.02621,0.02864,0.03455,0.01926,0.02453,0.02497,0.03197,0.00677,0.02600,0.02381,0.04206,0.03838,0.01336,0.04944,0.04342,0.02424,0.04731,0.01792,0.04815
1334,0.04800,0.02587,0.02837,0.03454,0.01914,0.02441,0.02478,0.03182,0.00677,0.02587,0.02372,0.04188,0.03819,0.01329,0.04919,0.04316,0.02413,0.04707,0.01781,0.04789
1335,0.04782,0.02569,0.02828,0.03444,0.01907,0.02431,0.02463,0.03168,0.00676,0.02574,0.02363,0.04171,0.03804,0.01324,0.04893,0.04291,0.02400,0.04685,0.01771,0.04770
1336,0.04769,0.02565,0.02838,0.03429,0.01920,0.02420,0.02448,0.03160,0.00674,0.02560,0.02356,0.04157,0.03790,0.01319,0.04862,0.04262,0.02385,0.04665,0.01764,0.04753
1337,0.04757,0.02556,0.02835,0.03413,0.01923,0.02412,0.02434,0.03148,0.00672,0.02545,0.02349,0.04144,0.03779,0.01314,0.04832,0.04239,0.02371,0.04645,0.01754,0.04739
1338,0.04752,0.02567,0.02832,0.03388,0.01925,0.02408,0.02423,0.03135,0.00672,0.02528,0.02340,0.04129,0.03770,0.01309,0.04799,0.04218,0.02354,0.04626,0.01743,0.04733
1339,0.04745,0.02552,0.02829,0.03370,0.01922,0.02404,0.02411,0.03121,0.00671,0.02512,0.02334,0.04118,0.03764,0.01304,0.04770,0.04199,0.02341,0.04608,0.01733,0.04726
1340,0.04738,0.02500,0.02821,0.03349,0.01917,0.02403,0.02392,0.03102,0.00670,0.02495,0.02330,0.04107,0.03762,0.01299,0.04741,0.04184,0.02329,0.04590,0.01719,0.04719
1341,0.04731,0.02470,0.02809,0.03333,0.01907,0.02402,0.02379,0.03085,0.00668,0.02480,0.02324,0.04099,0.03761,0.01295,0.04712,0.04171,0.02318,0.04572,0.01707,0.04715
1342,0.04722,0.02436,0.02789,0.03327,0.01880,0.02403,0.02369,0.03069,0.00664,0.02464,0.02318,0.04095,0.03763,0.01290,0.04680,0.04158,0.02304,0.04552,0.01695,0.04712
1343,0.04715,0.02398,0.02781,0.03320,0.01859,0.02401,0.02359,0.03051,0.00661,0.02448,0.02314,0.04091,0.03765,0.01286,0.04652,0.04149,0.02292,0.04533,0.01683,0.04709
1344,0.04710,0.02362,0.02777,0.03316,0.01837,0.02399,0.02348,0.03032,0.00660,0.02431,0.02309,0.04089,0.03768,0.01282,0.04624,0.04145,0.02282,0.04514,0.01672,0.04707
1345,0.04706,0.02350,0.02773,0.03312,0.01804,0.02395,0.02340,0.03007,0.00659,0.02408,0.02304,0.04091,0.03771,0.01279,0.04592,0.04148,0.02271,0.04491,0.01661,0.04708
1346,0.04700,0.02308,0.02765,0.03324,0.01796,0.02392,0.02331,0.02986,0.00657,0.02392,0.02302,0.04090,0.03774,0.01276,0.04567,0.04150,0.02262,0.04473,0.01647,0.04706
1347,0.04694,0.02211,0.02774,0.03357,0.01815,0.02384,0.02322,0.02962,0.00659,0.02379,0.02305,0.04090,0.03780,0.01275,0.04549,0.04158,0.02254,0.04459,0.01629,0.04704
1348,0.04684,0.02160,0.02777,0.03388,0.01818,0.02382,0.02309,0.02936,0.00658,0.02363,0.02305,0.04090,0.03783,0.01273,0.04528,0.04163,0.02247,0.04441,0.01613,0.04700
1349,0.04664,0.02143,0.02760,0.03450,0.01854,0.02384,0.02297,0.02912,0.00652,0.02353,0.02306,0.04091,0.03784,0.01267,0.04508,0.04168,0.02242,0.04429,0.01594,0.04696
1350,0.04652,0.02092,0.02753,0.03524,0.01868,0.02386,0.02284,0.02883,0.00650,0.02340,0.02307,0.04089,0.03787,0.01264,0.04490,0.04174,0.02235,0.04407,0.01576,0.04692
1351,0.04642,0.02074,0.02776,0.03628,0.01822,0.02392,0.02262,0.02844,0.00650,0.02319,0.02302,0.04090,0.03788,0.01264,0.04476,0.04181,0.02225,0.04368,0.01563,0.04686
1352,0.04634,0.02026,0.02807,0.03747,0.01835,0.02402,0.02249,0.02805,0.00647,0.02303,0.02303,0.04087,0.03790,0.01260,0.04459,0.04188,0.02220,0.04338,0.01544,0.04680
1353,0.04655,0.01880,0.02835,0.03897,0.01937,0.02435,0.02257,0.02772,0.00636,0.02304,0.02311,0.04072,0.03796,0.01252,0.04453,0.04195,0.02214,0.04304,0.01520,0.04674
1354,0.04662,0.01796,0.02883,0.04150,0.02009,0.02445,0.02259,0.02731,0.00637,0.02303,0.02317,0.04060,0.03794,0.01245,0.04439,0.04203,0.02216,0.04269,0.01502,0.04673
1355,0.04684,0.02087,0.03125,0.04509,0.02110,0.02428,0.02279,0.02687,0.00654,0.02333,0.02333,0.04050,0.03777,0.01230,0.04413,0.04207,0.02257,0.04269,0.01498,0.04692
1356,0.04684,0.02003,0.03221,0.04891,0.02302,0.02417,0.02297,0.02646,0.00666,0.02340,0.02343,0.04033,0.03766,0.01215,0.04398,0.04219,0.02278,0.04247,0.01484,0.04689
1357,0.04575,0.01322,0.02562,0.04885,0.02519,0.02324,0.02309,0.02673,0.00706,0.02327,0.02328,0.04009,0.03740,0.01206,0.04417,0.04242,0.02283,0.04219,0.01489,0.04662
1358,0.04513,0.00666,0.02441,0.05553,0.02669,0.02238,0.02351,0.02672,0.00761,0.02327,0.02330,0.03982,0.03713,0.01208,0.04421,0.04261,0.02309,0.04190,0.01500,0.04648
1359,0.04488,-0.01355,0.02909,0.06254,0.02311,0.02234,0.02466,0.02761,0.00793,0.02269,0.02342,0.03923,0.03719,0.01259,0.04472,0.04284,0.02308,0.04183,0.01554,0.04588
1360,0.04434,-0.03232,0.03376,0.07390,0.02393,0.02142,0.02549,0.02831,0.00872,0.02212,0.02352,0.03905,0.03699,0.01287,0.04490,0.04310,0.02338,0.04166,0.01568,0.04524
1361,0.04905,-0.00907,0.06731,0.09492,0.01215,0.01934,0.02515,0.02785,0.01051,0.02290,0.02375,0.04090,0.03666,0.01357,0.04379,0.04286,0.02476,0.04217,0.01522,0.04603
1362,0.05276,0.00740,0.10471,0.13627,0.01466,0.01741,0.02586,0.02808,0.01249,0.02277,0.02427,0.04187,0.03601,0.01387,0.04324,0.04274,0.02577,0.04231,0.01533,0.04606
1363,0.04830,0.04750,0.08743,0.14270,0.08798,0.01710,0.02518,0.02792,0.01330,0.02081,0.02480,0.04286,0.03516,0.01166,0.04311,0.04333,0.02571,0.04217,0.01425,0.04495
1364,0.04819,0.07251,0.10584,0.15462,0.13583,0.01637,0.02415,0.02855,0.01420,0.01910,0.02536,0.04381,0.03400,0.01058,0.04254,0.04276,0.02600,0.04182,0.01376,0.04366
1365,0.04582,0.08033,0.15263,0.15640,0.17162,0.02030,0.02536,0.03158,0.01236,0.01771,0.02581,0.04249,0.03236,0.01045,0.04297,0.04088,0.02594,0.04048,0.01495,0.04249
1366,0.04955,0.05410,0.17287,0.16849,0.14342,0.02178,0.02520,0.03332,0.01199,0.01540,0.02703,0.04005,0.03202,0.01033,0.04341,0.03891,0.02481,0.03946,0.01773,0.04062
1367,0.05020,0.02800,0.19385,0.17534,0.15606,0.02280,0.02515,0.03321,0.01022,0.01601,0.02674,0.03794,0.03062,0.01052,0.04247,0.03814,0.02376,0.03937,0.01863,0.03920
1368,0.05744,-0.04944,0.21226,0.13452,0.13764,0.02226,0.02314,0.03249,0.00673,0.01843,0.02576,0.03661,0.02939,0.01162,0.04035,0.03803,0.02293,0.04073,0.01912,0.03854
1369,0.05465,-0.08233,0.21000,0.10156,0.11229,0.02221,0.02304,0.03068,0.00816,0.02035,0.02456,0.03558,0.02898,0.01224,0.03986,0.03647,0.02232,0.03922,0.01778,0.03754
1370,0.04366,-0.07817,0.17152,0.09788,0.09684,0.02198,0.02419,0.02689,0.01180,0.02332,0.02291,0.03433,0.02871,0.01274,0.03981,0.03575,0.02148,0.03732,0.01544,0.03665
1371,0.04195,-0.09295,0.15820,0.08030,0.08924,0.02150,0.02426,0.02658,0.01153,0.02376,0.02233,0.03409,0.02867,0.01265,0.03930,0.03455,0.02130,0.03660,0.01470,0.03632
1372,0.04091,-0.08997,0.12471,0.01426,0.04308,0.02084,0.02462,0.02755,0.01216,0.02417,0.02204,0.03484,0.02914,0.01280,0.03926,0.03201,0.02184,0.03512,0.01329,0.03582
1373,0.04181,-0.08845,0.15044,0.04924,0.04946,0.02030,0.02350,0.02688,0.01129,0.02311,0.02142,0.03462,0.02931,0.01239,0.03866,0.03148,0.02149,0.03471,0.01322,0.03625
1374,0.04694,-0.09187,0.24129,0.14877,0.11587,0.01944,0.02160,0.02638,0.00794,0.02040,0.02084,0.03402,0.02926,0.01111,0.03746,0.03173,0.02097,0.03555,0.01455,0.03743
1375,0.04954,-0.09005,0.24386,0.16970,0.14290,0.01919,0.02057,0.02599,0.00668,0.01940,0.02067,0.03391,0.02949,0.01081,0.03686,0.03189,0.02040,0.03538,0.01458,0.03783
1376,0.05468,-0.08161,0.26312,0.18869,0.15891,0.01911,0.01841,0.02445,0.00592,0.01782,0.02015,0.03398,0.03013,0.01074,0.03641,0.03273,0.01907,0.03479,0.01422,0.03851
1377,0.05241,-0.07221,0.22909,0.20738,0.17648,0.01906,0.01789,0.02405,0.00563,0.01759,0.02017,0.03363,0.03024,0.01069,0.03582,0.03269,0.01880,0.03425,0.01409,0.03874
1378,0.04555,-0.07703,0.11678,0.20488,0.20361,0.01940,0.01872,0.02487,0.00603,0.01888,0.02118,0.03338,0.03054,0.01110,0.03501,0.03241,0.01895,0.03342,0.01376,0.03862
1379,0.04127,-0.08081,0.07626,0.20277,0.20249,0.01927,0.01894,0.02488,0.00564,0.01919,0.02127,0.03292,0.03016,0.01111,0.03460,0.03212,0.01902,0.03292,0.01334,0.03831
1380,0.02699,-0.09293,0.01850,0.23853,0.19333,0.01916,0.02006,0.02509,0.00512,0.01982,0.02100,0.03206,0.02902,0.01062,0.03424,0.03172,0.02000,0.03283,0.01276,0.03782
1381,0.02654,-0.07003,-0.00398,0.22883,0.16632,0.01870,0.01989,0.02447,0.00500,0.01988,0.02072,0.03105,0.02821,0.01071,0.03395,0.03075,0.02004,0.03200,0.01258,0.03724
1382,0.04098,-0.02155,0.00156,0.14992,0.07638,0.01766,0.01879,0.02269,0.00439,0.01931,0.01997,0.02996,0.02709,0.01144,0.03452,0.02934,0.01955,0.03117,0.01291,0.03666
1383,0.04381,-0.01093,0.01718,0.10481,0.03546,0.01703,0.01802,0.02196,0.00422,0.01882,0.01947,0.02893,0.02627,0.01138,0.03410,0.02829,0.01900,0.03007,0.01243,0.03555
1384,0.04802,0.00175,0.08837,0.04319,0.02116,0.01584,0.01639,0.02163,0.00489,0.01774,0.01935,0.02777,0.02603,0.01101,0.03330,0.02692,0.01787,0.02806,0.01170,0.03445
1385,0.04874,0.01610,0.14014,0.01538,0.00661,0.01574,0.01568,0.02085,0.00519,0.01752,0.01890,0.02672,0.02536,0.01095,0.03237,0.02587,0.01721,0.02689,0.01124,0.03304
1386,0.04045,0.03892,0.24932,0.03061,0.02205,0.01657,0.01617,0.02091,0.00517,0.01841,0.01820,0.02579,0.02454,0.01044,0.03087,0.02556,0.01689,0.02625,0.01021,0.03055
1387,0.03662,0.03634,0.26864,0.04758,0.02601,0.01699,0.01585,0.02022,0.00529,0.01805,0.01778,0.02520,0.02391,0.01025,0.02980,0.02493,0.01643,0.02558,0.00970,0.02940
1388,0.03368,0.01022,0.20982,0.07168,0.02515,0.01794,0.01555,0.01809,0.00510,0.01783,0.01725,0.02477,0.02320,0.01052,0.02897,0.02419,0.01620,0.02534,0.00946,0.02874
1389,0.03383,-0.00598,0.18503,0.11724,0.01866,0.01873,0.01502,0.01735,0.00583,0.01704,0.01704,0.02443,0.02260,0.01082,0.02812,0.02334,0.01566,0.02498,0.00986,0.02841
1390,0.03405,-0.01659,0.14772,0.10259,0.02577,0.01778,0.01425,0.01704,0.00569,0.01590,0.01679,0.02412,0.02234,0.01075,0.02744,0.02290,0.01526,0.02432,0.00983,0.02805
1391,0.03550,-0.04092,0.08828,0.08021,0.03966,0.01582,0.01279,0.01710,0.00541,0.01353,0.01675,0.02416,0.02239,0.01047,0.02694,0.02261,0.01477,0.02337,0.00976,0.02824
1392,0.03438,-0.04270,0.06144,0.06433,0.04645,0.01503,0.01255,0.01683,0.00518,0.01327,0.01648,0.02365,0.02211,0.01031,0.02628,0.02215,0.01433,0.02303,0.00967,0.02785
1393,0.03334,-0.03338,0.03230,0.00800,0.05695,0.01349,0.01280,0.01717,0.00463,0.01374,0.01608,0.02291,0.02187,0.01000,0.02560,0.02184,0.01392,0.02267,0.00963,0.02723
1394,0.03245,-0.02433,0.03681,0.00711,0.06091,0.01322,0.01250,0.01659,0.00456,0.01359,0.01582,0.02227,0.02159,0.00997,0.02491,0.02133,0.01354,0.02244,0.00946,0.02659
1395,0.03014,-0.00558,0.06239,0.04579,0.05801,0.01424,0.01255,0.01517,0.00482,0.01417,0.01559,0.02136,0.02128,0.01018,0.02408,0.02057,0.01309,0.02284,0.00931,0.02589
1396,0.02933,-0.00315,0.05506,0.04617,0.05977,0.01406,0.01221,0.01479,0.00476,0.01378,0.01529,0.02085,0.02076,0.01006,0.02345,0.02004,0.01278,0.02227,0.00892,0.02521
1397,0.03015,0.00181,0.05054,0.04700,0.07286,0.01383,0.01121,0.01483,0.00459,0.01242,0.01496,0.02055,0.02024,0.00992,0.02288,0.01962,0.01263,0.02128,0.00823,0.02441
1398,0.02934,-0.00330,0.04714,0.04106,0.06115,0.01313,0.01090,0.01431,0.00469,0.01198,0.01473,0.02009,0.01964,0.00974,0.02234,0.01910,0.01231,0.02043,0.00800,0.02368
1399,0.02827,-0.01786,0.00998,0.01345,0.03780,0.01150,0.01116,0.01388,0.00497,0.01197,0.01451,0.01987,0.01871,0.00937,0.02201,0.01864,0.01191,0.01912,0.00778,0.02296
1400,0.02676,-0.02681,0.01283,0.01324,0.02871,0.01112,0.01075,0.01351,0.00488,0.01150,0.01425,0.01926,0.01815,0.00911,0.02140,0.01805,0.01160,0.01837,0.00772,0.02239
1401,0.02446,-0.04460,0.05401,0.02686,0.00523,0.01116,0.01000,0.01289,0.00479,0.01100,0.01411,0.01827,0.01791,0.00884,0.02063,0.01735,0.01131,0.01799,0.00814,0.02193
1402,0.02317,-0.04526,0.06200,0.03079,0.00674,0.01095,0.00976,0.01230,0.00471,0.01061,0.01383,0.01768,0.01738,0.00878,0.02004,0.01673,0.01094,0.01740,0.00806,0.02134
1403,0.02226,-0.03827,0.06563,0.03813,0.02943,0.01127,0.00959,0.01198,0.00434,0.00992,0.01336,0.01703,0.01668,0.00884,0.01942,0.01608,0.01056,0.01698,0.00785,0.02094
1404,0.02109,-0.03403,0.06483,0.04278,0.03682,0.01120,0.00929,0.01155,0.00415,0.00962,0.01311,0.01665,0.01634,0.00879,0.01886,0.01553,0.01026,0.01640,0.00757,0.02030
1405,0.02030,-0.02645,0.05709,0.04572,0.05175,0.01073,0.00932,0.01090,0.00429,0.00981,0.01300,0.01682,0.01620,0.00891,0.01856,0.01513,0.00996,0.01569,0.00697,0.01941
1406,0.01964,-0.01800,0.04847,0.04292,0.05011,0.01046,0.00912,0.01044,0.00414,0.00962,0.01278,0.01653,0.01585,0.00886,0.01803,0.01461,0.00968,0.01511,0.00673,0.01876
1407,0.01880,-0.01160,0.03634,0.03878,0.03590,0.01031,0.00862,0.01013,0.00383,0.00933,0.01260,0.01620,0.01576,0.00860,0.01741,0.01403,0.00959,0.01452,0.00671,0.01819
1408,0.01835,-0.00581,0.03144,0.03633,0.02874,0.01016,0.00827,0.00987,0.00359,0.00908,0.01240,0.01576,0.01541,0.00851,0.01683,0.01361,0.00933,0.01410,0.00654,0.01763
1409,0.01847,0.00167,0.02625,0.03005,0.01513,0.00995,0.00806,0.00965,0.00318,0.00877,0.01214,0.01509,0.01474,0.00852,0.01619,0.01327,0.00891,0.01390,0.00642,0.01707
1410,0.01812,0.00723,0.02419,0.02793,0.01227,0.00983,0.00780,0.00944,0.00306,0.00848,0.01194,0.01458,0.01428,0.00846,0.01564,0.01291,0.00867,0.01356,0.00633,0.01671
1411,0.01747,0.01309,0.02862,0.03163,0.01894,0.00983,0.00753,0.00940,0.00314,0.00819,0.01182,0.01410,0.01382,0.00845,0.01510,0.01267,0.00850,0.01326,0.00618,0.01645
1412,0.01718,0.01429,0.02895,0.02997,0.01936,0.00974,0.00728,0.00922,0.00311,0.00798,0.01165,0.01373,0.01352,0.00837,0.01470,0.01239,0.00831,0.01293,0.00606,0.01617
1413,0.01686,0.01168,0.02957,0.02575,0.01695,0.00961,0.00710,0.00894,0.00313,0.00779,0.01144,0.01346,0.01333,0.00822,0.01440,0.01212,0.00821,0.01253,0.00600,0.01608
1414,0.01678,0.01438,0.02651,0.02306,0.01964,0.00950,0.00689,0.00872,0.00319,0.00761,0.01127,0.01320,0.01320,0.00806,0.01413,0.01177,0.00810,0.01215,0.00597,0.01587
1415,0.01648,0.01290,0.02362,0.02105,0.02152,0.00939,0.00663,0.00851,0.00317,0.00749,0.01114,0.01291,0.01299,0.00800,0.01383,0.01145,0.00794,0.01182,0.00582,0.01552
1416,0.01639,0.00824,0.01877,0.01779,0.02246,0.00924,0.00632,0.00828,0.00307,0.00747,0.01102,0.01265,0.01282,0.00797,0.01359,0.01112,0.00772,0.01154,0.00563,0.01506
1417,0.01588,0.00760,0.01855,0.01668,0.02165,0.00915,0.00613,0.00806,0.00304,0.00734,0.01089,0.01240,0.01262,0.00792,0.01330,0.01085,0.00762,0.01124,0.00544,0.01474
1418,0.01511,0.00803,0.01954,0.01748,0.02229,0.00912,0.00593,0.00785,0.00306,0.00716,0.01082,0.01213,0.01235,0.00792,0.01295,0.01059,0.00757,0.01092,0.00518,0.01438
1419,0.01463,0.00848,0.01876,0.01680,0.02131,0.00902,0.00582,0.00768,0.00303,0.00704,0.01068,0.01192,0.01215,0.00785,0.01269,0.01034,0.00748,0.01065,0.00510,0.01407
1420,0.01417,0.01041,0.01878,0.01492,0.01785,0.00891,0.00583,0.00751,0.00298,0.00690,0.01047,0.01177,0.01200,0.00771,0.01251,0.01015,0.00745,0.01040,0.00508,0.01385
1421,0.01374,0.00992,0.01923,0.01526,0.01576,0.00880,0.00573,0.00733,0.00295,0.00677,0.01035,0.01158,0.01182,0.00767,0.01222,0.00990,0.00733,0.01017,0.00502,0.01357
1422,0.01335,0.00828,0.01906,0.01682,0.01447,0.00867,0.00562,0.00717,0.00292,0.00666,0.01026,0.01142,0.01164,0.00767,0.01193,0.00960,0.00715,0.00998,0.00504,0.01324
1423,0.01308,0.00818,0.01820,0.01711,0.01365,0.00856,0.00551,0.00701,0.00290,0.00653,0.01013,0.01121,0.01145,0.00767,0.01162,0.00939,0.00700,0.00977,0.00497,0.01298
1424,0.01279,0.00783,0.01823,0.01805,0.01192,0.00846,0.00538,0.00678,0.00288,0.00637,0.00999,0.01096,0.01122,0.00774,0.01121,0.00923,0.00683,0.00956,0.00482,0.01273
1425,0.01258,0.00753,0.01768,0.01799,0.01141,0.00836,0.00526,0.00666,0.00287,0.00624,0.00989,0.01076,0.01105,0.00771,0.01095,0.00901,0.00670,0.00936,0.00474,0.01248
1426,0.01256,0.00868,0.01567,0.01714,0.01277,0.00825,0.00512,0.00663,0.00286,0.00610,0.00977,0.01058,0.01090,0.00762,0.01076,0.00875,0.00660,0.00915,0.00467,0.01223
1427,0.01236,0.00831,0.01419,0.01601,0.01257,0.00817,0.00501,0.00648,0.00284,0.00601,0.00966,0.01037,0.01072,0.00757,0.01052,0.00856,0.00649,0.00897,0.00459,0.01198
1428,0.01206,0.00595,0.01309,0.01392,0.01130,0.00805,0.00489,0.00628,0.00282,0.00597,0.00958,0.01013,0.01056,0.00751,0.01030,0.00832,0.00641,0.00883,0.00451,0.01171
1429,0.01182,0.00559,0.01236,0.01324,0.01115,0.00802,0.00478,0.00613,0.00278,0.00586,0.00950,0.00994,0.01039,0.00746,0.01005,0.00813,0.00631,0.00863,0.00445,0.01147
1430,0.01155,0.00556,0.01097,0.01260,0.01085,0.00809,0.00467,0.00588,0.00274,0.00572,0.00943,0.00971,0.01018,0.00746,0.00977,0.00800,0.00622,0.00841,0.00440,0.01127
1431,0.01127,0.00587,0.01004,0.01209,0.01123,0.00805,0.00456,0.00574,0.00269,0.00562,0.00933,0.00951,0.00999,0.00745,0.00948,0.00786,0.00612,0.00819,0.00435,0.01103
1432,0.01100,0.00852,0.01021,0.01343,0.01424,0.00800,0.00438,0.00571,0.00261,0.00546,0.00923,0.00938,0.00983,0.00744,0.00915,0.00769,0.00599,0.00789,0.00435,0.01080
1433,0.01074,0.00894,0.01010,0.01301,0.01407,0.00793,0.00431,0.00563,0.00255,0.00537,0.00913,0.00921,0.00965,0.00742,0.00888,0.00754,0.00590,0.00766,0.00431,0.01054
1434,0.01048,0.00843,0.00918,0.00999,0.01092,0.00779,0.00433,0.00559,0.00245,0.00539,0.00897,0.00903,0.00945,0.00741,0.00861,0.00744,0.00584,0.00744,0.00425,0.01024
1435,0.01021,0.00770,0.00924,0.00947,0.01010,0.00763,0.00427,0.00550,0.00242,0.00531,0.00887,0.00882,0.00927,0.00739,0.00835,0.00730,0.00576,0.00726,0.00417,0.00997
1436,0.00996,0.00448,0.01005,0.00989,0.00873,0.00739,0.00420,0.00537,0.00246,0.00515,0.00881,0.00858,0.00909,0.00736,0.00815,0.00715,0.00568,0.00713,0.00403,0.00971
1437,0.00974,0.00293,0.01111,0.01011,0.00764,0.00727,0.00417,0.00525,0.00246,0.00505,0.00874,0.00838,0.00890,0.00733,0.00792,0.00699,0.00561,0.00697,0.00395,0.00948
1438,0.00957,0.00186,0.01385,0.01305,0.00895,0.00716,0.00414,0.00509,0.00250,0.00491,0.00867,0.00818,0.00874,0.00729,0.00763,0.00680,0.00554,0.00684,0.00391,0.00932
1439,0.00934,0.00129,0.01512,0.01387,0.00944,0.00707,0.00410,0.00496,0.00251,0.00482,0.00859,0.00800,0.00856,0.00728,0.00740,0.00662,0.00545,0.00669,0.00384,0.00912
1440,0.00913,0.00182,0.01623,0.01338,0.00939,0.00705,0.00406,0.00488,0.00254,0.00479,0.00850,0.00784,0.00832,0.00732,0.00721,0.00641,0.00536,0.00652,0.00376,0.00890
1441,0.00890,0.00302,0.01656,0.01171,0.00805,0.00706,0.00408,0.00476,0.00249,0.00477,0.00842,0.00773,0.00815,0.00731,0.00702,0.00623,0.00529,0.00634,0.00376,0.00868
1442,0.00864,0.00354,0.01344,0.01085,0.00734,0.00706,0.00405,0.00469,0.00239,0.00465,0.00835,0.00759,0.00803,0.00731,0.00685,0.00612,0.00519,0.00618,0.00372,0.00846
1443,0.00837,0.00352,0.01214,0.01038,0.00787,0.00702,0.00394,0.00465,0.00235,0.00455,0.00826,0.00749,0.00790,0.00729,0.00670,0.00600,0.00515,0.00601,0.00366,0.00823
1444,0.00819,0.00414,0.01198,0.00996,0.00858,0.00695,0.00389,0.00457,0.00231,0.00448,0.00819,0.00737,0.00777,0.00724,0.00653,0.00587,0.00508,0.00586,0.00362,0.00803
1445,0.00806,0.00457,0.01203,0.01033,0.00928,0.00688,0.00386,0.00451,0.00226,0.00441,0.00812,0.00725,0.00769,0.00712,0.00636,0.00576,0.00504,0.00572,0.00362,0.00784
1446,0.00791,0.00518,0.01262,0.01006,0.01065,0.00683,0.00379,0.00443,0.00224,0.00433,0.00806,0.00711,0.00756,0.00710,0.00620,0.00564,0.00496,0.00558,0.00357,0.00767
1447,0.00780,0.00657,0.01565,0.00912,0.01338,0.00674,0.00369,0.00433,0.00226,0.00428,0.00802,0.00696,0.00738,0.00712,0.00607,0.00549,0.00486,0.00547,0.00349,0.00751
1448,0.00764,0.00685,0.01577,0.00932,0.01448,0.00668,0.00362,0.00425,0.00227,0.00422,0.00797,0.00682,0.00726,0.00711,0.00589,0.00539,0.00479,0.00534,0.00344,0.00735
1449,0.00745,0.00662,0.01429,0.01039,0.01583,0.00666,0.00354,0.00418,0.00227,0.00414,0.00792,0.00667,0.00717,0.00715,0.00569,0.00535,0.00472,0.00520,0.00338,0.00721
1450,0.00728,0.00622,0.01420,0.00998,0.01517,0.00663,0.00349,0.00413,0.00227,0.00408,0.00786,0.00655,0.00707,0.00713,0.00554,0.00524,0.00468,0.00512,0.00334,0.00706
1451,0.00710,0.00552,0.01372,0.00972,0.01268,0.00657,0.00345,0.00411,0.00228,0.00406,0.00778,0.00644,0.00698,0.00706,0.00536,0.00511,0.00466,0.00506,0.00333,0.00689
1452,0.00697,0.00470,0.01373,0.00878,0.01155,0.00653,0.00344,0.00406,0.00227,0.00401,0.00773,0.00634,0.00689,0.00704,0.00524,0.00500,0.00462,0.00498,0.00331,0.00675
1453,0.00685,0.00301,0.01473,0.00548,0.00932,0.00651,0.00344,0.00403,0.00224,0.00393,0.00767,0.00626,0.00680,0.00704,0.00516,0.00488,0.00458,0.00491,0.00330,0.00661
1454,0.00677,0.00256,0.01497,0.00542,0.00882,0.00648,0.00345,0.00397,0.00221,0.00390,0.00764,0.00618,0.00673,0.00703,0.00505,0.00478,0.00453,0.00484,0.00327,0.00649
1455,0.00675,0.00322,0.01523,0.00687,0.00942,0.00644,0.00349,0.00386,0.00216,0.00390,0.00764,0.00611,0.00668,0.00704,0.00493,0.00468,0.00443,0.00473,0.00322,0.00638
1456,0.00668,0.00215,0.01455,0.00768,0.01029,0.00642,0.00350,0.00381,0.00215,0.00386,0.00760,0.00603,0.00662,0.00704,0.00483,0.00462,0.00439,0.00466,0.00320,0.00627
1457,0.00661,0.00026,0.01199,0.01078,0.01319,0.00642,0.00347,0.00378,0.00216,0.00383,0.00755,0.00594,0.00656,0.00702,0.00472,0.00455,0.00436,0.00461,0.00320,0.00617
1458,0.00654,-0.00029,0.01218,0.01146,0.01339,0.00640,0.00346,0.00375,0.00214,0.00379,0.00750,0.00587,0.00650,0.00701,0.00463,0.00450,0.00432,0.00454,0.00318,0.00609
1459,0.00642,-0.00207,0.01406,0.00999,0.01239,0.00639,0.00344,0.00373,0.00214,0.00370,0.00742,0.00581,0.00641,0.00699,0.00455,0.00447,0.00431,0.00444,0.00316,0.00601
1460,0.00634,-0.00224,0.01422,0.00984,0.01193,0.00639,0.00341,0.00370,0.00213,0.00367,0.00737,0.00576,0.00636,0.00697,0.00448,0.00443,0.00428,0.00438,0.00314,0.00594
1461,0.00625,0.00049,0.01608,0.00918,0.00987,0.00640,0.00336,0.00364,0.00209,0.00367,0.00735,0.00573,0.00634,0.00694,0.00444,0.00434,0.00424,0.00433,0.00309,0.00588
1462,0.00617,0.00191,0.01648,0.00889,0.00797,0.00639,0.00333,0.00362,0.00207,0.00365,0.00732,0.00568,0.00629,0.00691,0.00438,0.00429,0.00422,0.00428,0.00307,0.00582
1463,0.00611,0.00390,0.01248,0.00996,0.00591,0.00637,0.00330,0.00364,0.00210,0.00367,0.00731,0.00563,0.00623,0.00686,0.00432,0.00426,0.00421,0.00428,0.00309,0.00577
1464,0.00603,0.00483,0.01122,0.01009,0.00507,0.00636,0.00327,0.00362,0.00209,0.00364,0.00729,0.00558,0.00618,0.00684,0.00427,0.00423,0.00419,0.00424,0.00308,0.00569
1465,0.00590,0.00520,0.01291,0.00908,0.00440,0.00633,0.00321,0.00359,0.00204,0.00355,0.00728,0.00553,0.00608,0.00684,0.00420,0.00423,0.00419,0.00420,0.00308,0.00559
1466,0.00581,0.00494,0.01265,0.00879,0.00375,0.00631,0.00320,0.00359,0.00203,0.00352,0.00726,0.00548,0.00600,0.00683,0.00413,0.00421,0.00416,0.00416,0.00307,0.00550
1467,0.00573,-0.00061,0.01078,0.00912,0.00436,0.00631,0.00320,0.00358,0.00203,0.00350,0.00722,0.00544,0.00596,0.00685,0.00409,0.00415,0.00412,0.00412,0.00300,0.00539
1468,0.00564,-0.00074,0.01103,0.00870,0.00582,0.00629,0.00319,0.00355,0.00202,0.00348,0.00719,0.00539,0.00590,0.00686,0.00402,0.00410,0.00409,0.00407,0.00297,0.00529
1469,0.00560,0.00530,0.01215,0.00820,0.00807,0.00627,0.00320,0.00352,0.00207,0.00353,0.00714,0.00532,0.00584,0.00685,0.00393,0.00405,0.00405,0.00402,0.00294,0.00519
1470,0.00552,0.00742,0.01258,0.00782,0.00948,0.00623,0.00320,0.00350,0.00208,0.00353,0.00711,0.00526,0.00577,0.00685,0.00386,0.00399,0.00402,0.00397,0.00293,0.00512
1471,0.00540,0.01132,0.01408,0.00665,0.01054,0.00615,0.00318,0.00347,0.00201,0.00349,0.00710,0.00525,0.00568,0.00684,0.00378,0.00395,0.00401,0.00391,0.00296,0.00510
1472,0.00527,0.01648,0.01852,0.00506,0.01478,0.00609,0.00315,0.00343,0.00198,0.00343,0.00709,0.00521,0.00561,0.00686,0.00369,0.00391,0.00400,0.00384,0.00297,0.00505
1473,0.00521,0.01504,0.01830,0.00528,0.01601,0.00606,0.00313,0.00341,0.00194,0.00340,0.00708,0.00515,0.00555,0.00686,0.00364,0.00386,0.00399,0.00381,0.00297,0.00499
1474,0.00517,0.00594,0.01351,0.00662,0.01526,0.00603,0.00314,0.00342,0.00188,0.00336,0.00708,0.00507,0.00549,0.00686,0.00360,0.00379,0.00399,0.00379,0.00297,0.00494
1475,0.00511,0.00185,0.01355,0.00779,0.01417,0.00600,0.00310,0.00341,0.00188,0.00334,0.00706,0.00503,0.00545,0.00686,0.00355,0.00376,0.00397,0.00377,0.00295,0.00491
1476,0.00509,-0.00342,0.01377,0.01023,0.01224,0.00601,0.00302,0.00338,0.00191,0.00333,0.00703,0.00497,0.00544,0.00686,0.00350,0.00374,0.00394,0.00376,0.00292,0.00486
1477,0.00504,-0.00588,0.01520,0.01110,0.01159,0.00598,0.00301,0.00337,0.00193,0.00332,0.00702,0.00495,0.00542,0.00686,0.00346,0.00373,0.00393,0.00374,0.00288,0.00481
1478,0.00497,-0.00752,0.02007,0.01159,0.01029,0.00592,0.00303,0.00337,0.00199,0.00327,0.00700,0.00500,0.00540,0.00685,0.00340,0.00375,0.00392,0.00372,0.00284,0.00478
1479,0.00494,-0.00657,0.02116,0.01177,0.00926,0.00590,0.00304,0.00337,0.00201,0.00327,0.00699,0.00499,0.00538,0.00685,0.00337,0.00373,0.00393,0.00370,0.00283,0.00475
1480,0.00494,-0.00226,0.02093,0.01137,0.00949,0.00589,0.00309,0.00337,0.00202,0.00329,0.00700,0.00497,0.00536,0.00685,0.00333,0.00369,0.00397,0.00367,0.00283,0.00470
1481,0.00492,-0.00052,0.02075,0.01071,0.00894,0.00588,0.00310,0.00334,0.00201,0.00330,0.00700,0.00495,0.00533,0.00684,0.00333,0.00366,0.00397,0.00365,0.00284,0.00467
1482,0.00490,0.00344,0.02117,0.00857,0.00673,0.00588,0.00307,0.00329,0.00198,0.00332,0.00699,0.00493,0.00528,0.00682,0.00335,0.00362,0.00394,0.00363,0.00290,0.00466
1483,0.00488,0.00305,0.01763,0.00941,0.00681,0.00587,0.00305,0.00328,0.00198,0.00332,0.00700,0.00491,0.00526,0.00682,0.00336,0.00360,0.00392,0.00362,0.00292,0.00465
1484,0.00488,-0.00071,0.01020,0.01210,0.00921,0.00586,0.00305,0.00327,0.00195,0.00330,0.00701,0.00489,0.00524,0.00682,0.00339,0.00358,0.00387,0.00362,0.00292,0.00463
1485,0.00484,-0.00278,0.00797,0.01248,0.00894,0.00585,0.00304,0.00326,0.00195,0.00330,0.00701,0.00488,0.00524,0.00682,0.00340,0.00357,0.00386,0.00362,0.00290,0.00462
1486,0.00478,-0.00796,0.00450,0.01354,0.00756,0.00585,0.00302,0.00327,0.00199,0.00330,0.00700,0.00488,0.00528,0.00682,0.00337,0.00356,0.00386,0.00363,0.00285,0.00464
1487,0.00476,-0.00784,0.00385,0.01391,0.00765,0.00585,0.00301,0.00327,0.00199,0.00330,0.00700,0.00487,0.00529,0.00682,0.00335,0.00356,0.00387,0.00363,0.00283,0.00464
1488,0.00473,-0.00522,0.00782,0.01282,0.00771,0.00585,0.00302,0.00328,0.00200,0.00330,0.00699,0.00486,0.00530,0.00681,0.00332,0.00358,0.00389,0.00362,0.00284,0.00463
1489,0.00473,-0.00281,0.01002,0.01171,0.00707,0.00585,0.00302,0.00327,0.00200,0.00330,0.00699,0.00486,0.00530,0.00680,0.00330,0.00359,0.00389,0.00362,0.00283,0.00462
1490,0.00477,0.00306,0.01117,0.01142,0.00714,0.00586,0.00302,0.00324,0.00197,0.00330,0.00700,0.00484,0.00526,0.00680,0.00329,0.00361,0.00390,0.00360,0.00283,0.00460
1491,0.00478,0.00542,0.01355,0.01010,0.00688,0.00587,0.00303,0.00323,0.00196,0.00330,0.00700,0.00484,0.00525,0.00679,0.00329,0.00362,0.00389,0.00359,0.00283,0.00459
1492,0.00476,0.00675,0.02002,0.00604,0.00463,0.00590,0.00303,0.00322,0.00196,0.00330,0.00701,0.00485,0.00524,0.00676,0.00330,0.00364,0.00385,0.00359,0.00282,0.00459
1493,0.00477,0.00750,0.02004,0.00507,0.00456,0.00591,0.00304,0.00321,0.00196,0.00331,0.00702,0.00485,0.00525,0.00676,0.00331,0.00364,0.00384,0.00359,0.00282,0.00459
1494,0.00478,0.00740,0.01539,0.00600,0.00651,0.00592,0.00303,0.00322,0.00195,0.00335,0.00702,0.00485,0.00528,0.00677,0.00331,0.00361,0.00383,0.00359,0.00286,0.00461
1495,0.00479,0.00635,0.01435,0.00588,0.00715,0.00592,0.00304,0.00324,0.00195,0.00335,0.00703,0.00486,0.00529,0.00677,0.00332,0.00361,0.00382,0.00359,0.00286,0.00462
1496,0.00483,0.00375,0.01171,0.00620,0.00773,0.00590,0.00307,0.00326,0.00193,0.00336,0.00704,0.00487,0.00530,0.00679,0.00333,0.00361,0.00382,0.00359,0.00285,0.00464
1497,0.00485,0.00237,0.01010,0.00698,0.00837,0.00591,0.00308,0.00327,0.00192,0.00336,0.00705,0.00488,0.00532,0.00679,0.00334,0.00361,0.00382,0.00360,0.00285,0.00466
1498,0.00481,0.00059,0.01150,0.00790,0.00876,0.00592,0.00309,0.00328,0.00192,0.00333,0.00706,0.00490,0.00534,0.00678,0.00337,0.00364,0.00382,0.00360,0.00283,0.00467
1499,0.00482,-0.00036,0.01210,0.00796,0.00892,0.00593,0.00309,0.00330,0.00192,0.00333,0.00706,0.00490,0.00536,0.00677,0.00338,0.00365,0.00382,0.00361,0.00284,0.00469
1500,0.00482,-0.00105,0.01206,0.00845,0.00860,0.00596,0.00305,0.00331,0.00191,0.00334,0.00706,0.00489,0.00536,0.00674,0.00337,0.00363,0.00385,0.00363,0.00287,0.00472
1501,0.00484,-0.00039,0.01135,0.00856,0.00916,0.00598,0.00304,0.00330,0.00191,0.00335,0.00707,0.00490,0.00537,0.00674,0.00338,0.00363,0.00387,0.00364,0.00289,0.00474
1502,0.00491,0.00200,0.01028,0.00705,0.01022,0.00601,0.00304,0.00328,0.00192,0.00336,0.00707,0.00493,0.00536,0.00674,0.00339,0.00364,0.00388,0.00365,0.00291,0.00476
1503,0.00493,0.00293,0.00994,0.00652,0.01079,0.00602,0.00305,0.00329,0.00192,0.00337,0.00708,0.00494,0.00537,0.00674,0.00340,0.00364,0.00390,0.00366,0.00292,0.00478
1504,0.00492,0.00295,0.01014,0.00701,0.01197,0.00599,0.00306,0.00329,0.00193,0.00336,0.00709,0.00496,0.00537,0.00676,0.00342,0.00365,0.00391,0.00366,0.00293,0.00477
1505,0.00492,0.00539,0.00862,0.00691,0.01328,0.00599,0.00307,0.00329,0.00195,0.00336,0.00711,0.00498,0.00539,0.00679,0.00345,0.00369,0.00392,0.00367,0.00292,0.00477
1506,0.00492,0.00632,0.00484,0.00711,0.01207,0.00599,0.00306,0.00330,0.00195,0.00336,0.00712,0.00499,0.00540,0.00680,0.00346,0.00370,0.00392,0.00369,0.00291,0.00477
1507,0.00491,0.00546,0.00524,0.00752,0.00924,0.00600,0.00308,0.00332,0.00195,0.00334,0.00714,0.00499,0.00542,0.00679,0.00346,0.00371,0.00392,0.00369,0.00290,0.00477
1508,0.00493,0.00489,0.00608,0.00733,0.00833,0.00601,0.00308,0.00333,0.00196,0.00335,0.00715,0.00499,0.00544,0.00679,0.00348,0.00372,0.00393,0.00371,0.00290,0.00478
1509,0.00497,0.00395,0.00687,0.00704,0.00662,0.00605,0.00308,0.00333,0.00197,0.00336,0.00716,0.00499,0.00545,0.00679,0.00350,0.00373,0.00394,0.00373,0.00289,0.00481
1510,0.00500,0.00452,0.00758,0.00638,0.00667,0.00606,0.00308,0.00333,0.00197,0.00337,0.00717,0.00500,0.00546,0.00678,0.00351,0.00375,0.00394,0.00374,0.00289,0.00483
1511,0.00504,0.00482,0.01100,0.00501,0.00864,0.00605,0.00307,0.00334,0.00199,0.00337,0.00718,0.00501,0.00544,0.00677,0.00351,0.00377,0.00395,0.00375,0.00289,0.00486
1512,0.00506,0.00586,0.01147,0.00472,0.00900,0.00606,0.00308,0.00335,0.00199,0.00338,0.00719,0.00504,0.00546,0.00678,0.00353,0.00378,0.00396,0.00376,0.00290,0.00487
1513,0.00509,0.00868,0.00962,0.00457,0.00925,0.00607,0.00311,0.00337,0.00197,0.00339,0.00720,0.00508,0.00548,0.00679,0.00353,0.00379,0.00396,0.00376,0.00292,0.00487
1514,0.00510,0.00995,0.00879,0.00464,0.00922,0.00608,0.00312,0.00337,0.00197,0.00339,0.00721,0.00509,0.00551,0.00679,0.00355,0.00380,0.00397,0.00377,0.00292,0.00489
1515,0.00508,0.01085,0.00776,0.00556,0.00870,0.00610,0.00315,0.00335,0.00198,0.00340,0.00722,0.00506,0.00556,0.00681,0.00359,0.00382,0.00399,0.00378,0.00291,0.00492
1516,0.00509,0.01097,0.00770,0.00546,0.00842,0.00612,0.00316,0.00335,0.00199,0.00341,0.00723,0.00507,0.00559,0.00682,0.00360,0.00383,0.00400,0.00379,0.00292,0.00494
1517,0.00511,0.01130,0.00784,0.00479,0.00831,0.00613,0.00316,0.00336,0.00201,0.00340,0.00725,0.00506,0.00559,0.00683,0.00360,0.00383,0.00400,0.00379,0.00290,0.00497
1518,0.00514,0.00980,0.00780,0.00469,0.00772,0.00614,0.00315,0.00336,0.00200,0.00341,0.00726,0.00508,0.00561,0.00683,0.00361,0.00384,0.00400,0.00381,0.00291,0.00499
1519,0.00518,0.00578,0.00861,0.00430,0.00648,0.00614,0.00313,0.00336,0.00198,0.00344,0.00729,0.00515,0.00562,0.00683,0.00363,0.00385,0.00398,0.00382,0.00294,0.00502
1520,0.00521,0.00464,0.00870,0.00455,0.00634,0.00615,0.00313,0.00338,0.00198,0.00345,0.00730,0.00517,0.00564,0.00682,0.00365,0.00386,0.00398,0.00384,0.00294,0.00504
1521,0.00523,0.00331,0.00759,0.00565,0.00648,0.00615,0.00313,0.00338,0.00198,0.00346,0.00729,0.00518,0.00566,0.00680,0.00370,0.00390,0.00399,0.00385,0.00294,0.00505
1522,0.00525,0.00332,0.00775,0.00594,0.00649,0.00616,0.00312,0.00339,0.00197,0.00347,0.00731,0.00519,0.00569,0.00679,0.00372,0.00392,0.00401,0.00386,0.00295,0.00507
1523,0.00528,0.00639,0.00882,0.00603,0.00752,0.00616,0.00313,0.00343,0.00198,0.00347,0.00732,0.00517,0.00572,0.00678,0.00374,0.00392,0.00405,0.00388,0.00295,0.00508
1524,0.00531,0.00655,0.00921,0.00622,0.00735,0.00617,0.00313,0.00345,0.00198,0.00348,0.00734,0.00519,0.00574,0.00678,0.00376,0.00394,0.00407,0.00389,0.00296,0.00510
1525,0.00533,0.00554,0.01024,0.00628,0.00584,0.00620,0.00315,0.00344,0.00197,0.00349,0.00737,0.00522,0.00575,0.00681,0.00377,0.00396,0.00406,0.00391,0.00297,0.00511
1526,0.00536,0.00504,0.01005,0.00611,0.00566,0.00622,0.00315,0.00346,0.00197,0.00350,0.00739,0.00525,0.00577,0.00682,0.00379,0.00398,0.00407,0.00392,0.00297,0.00514
1527,0.00539,0.00285,0.00809,0.00580,0.00588,0.00625,0.00316,0.00351,0.00198,0.00351,0.00740,0.00528,0.00579,0.00683,0.00382,0.00401,0.00406,0.00394,0.00296,0.00516
1528,0.00541,0.00276,0.00803,0.00570,0.00583,0.00627,0.00316,0.00352,0.00199,0.00352,0.00741,0.00531,0.00582,0.00684,0.00384,0.00403,0.00407,0.00395,0.00296,0.00519
1529,0.00543,0.00485,0.00870,0.00532,0.00600,0.00628,0.00317,0.00350,0.00200,0.00351,0.00742,0.00533,0.00585,0.00683,0.00386,0.00404,0.00409,0.00395,0.00299,0.00525
1530,0.00545,0.00509,0.00875,0.00521,0.00650,0.00629,0.00317,0.00351,0.00200,0.00351,0.00744,0.00534,0.00587,0.00683,0.00388,0.00405,0.00411,0.00396,0.00300,0.00528
1531,0.00548,0.00555,0.00984,0.00509,0.00707,0.00629,0.00317,0.00352,0.00199,0.00352,0.00747,0.00535,0.00588,0.00684,0.00390,0.00405,0.00412,0.00397,0.00300,0.00529
1532,0.00550,0.00528,0.01006,0.00563,0.00740,0.00629,0.00317,0.00352,0.00199,0.00352,0.00749,0.00537,0.00590,0.00684,0.00393,0.00406,0.00413,0.00398,0.00300,0.00532
1533,0.00552,0.00261,0.00914,0.00706,0.00824,0.00629,0.00317,0.00354,0.00198,0.00354,0.00751,0.00537,0.00593,0.00685,0.00397,0.00407,0.00415,0.00401,0.00299,0.00535
1534,0.00555,0.00218,0.00851,0.00751,0.00872,0.00630,0.00318,0.00354,0.00198,0.00355,0.00753,0.00539,0.00595,0.00685,0.00399,0.00409,0.00416,0.00403,0.00300,0.00537
1535,0.00557,0.00331,0.00805,0.00795,0.00871,0.00634,0.00319,0.00352,0.00200,0.00357,0.00754,0.00543,0.00597,0.00686,0.00401,0.00415,0.00415,0.00404,0.00302,0.00541
1536,0.00560,0.00348,0.00740,0.00837,0.00863,0.00635,0.00321,0.00352,0.00200,0.00357,0.00756,0.00547,0.00599,0.00686,0.00403,0.00418,0.00416,0.00406,0.00304,0.00543
1537,0.00564,0.00455,0.00560,0.00800,0.00867,0.00636,0.00322,0.00354,0.00199,0.00356,0.00757,0.00551,0.00600,0.00686,0.00403,0.00419,0.00417,0.00407,0.00305,0.00545
1538,0.00568,0.00470,0.00535,0.00789,0.00845,0.00637,0.00322,0.00355,0.00200,0.00357,0.00758,0.00554,0.00602,0.00686,0.00405,0.00421,0.00418,0.00409,0.00306,0.00547
1539,0.00571,0.00257,0.00600,0.00838,0.00733,0.00636,0.00322,0.00357,0.00202,0.00359,0.00759,0.00553,0.00604,0.00687,0.00409,0.00421,0.00420,0.00412,0.00306,0.00549
1540,0.00574,0.00252,0.00662,0.00845,0.00707,0.00637,0.00323,0.00359,0.00203,0.00360,0.00761,0.00554,0.00607,0.00688,0.00412,0.00423,0.00422,0.00415,0.00306,0.00552
1541,0.00577,0.00431,0.00862,0.00795,0.00733,0.00638,0.00323,0.00360,0.00204,0.00362,0.00764,0.00554,0.00610,0.00689,0.00416,0.00425,0.00421,0.00418,0.00307,0.00555
1542,0.00580,0.00469,0.00976,0.00775,0.00749,0.00639,0.00323,0.00361,0.00205,0.00364,0.00766,0.00556,0.00613,0.00690,0.00420,0.00428,0.00422,0.00421,0.00307,0.00558
1543,0.00583,0.00530,0.01060,0.00767,0.00839,0.00639,0.00326,0.00362,0.00203,0.00364,0.00768,0.00560,0.00617,0.00688,0.00420,0.00430,0.00423,0.00421,0.00309,0.00566
1544,0.00586,0.00583,0.01100,0.00749,0.00871,0.00641,0.00327,0.00362,0.00203,0.00365,0.00770,0.00563,0.00620,0.00688,0.00423,0.00432,0.00424,0.00423,0.00309,0.00570
1545,0.00590,0.00491,0.01093,0.00739,0.00836,0.00646,0.00327,0.00364,0.00204,0.00369,0.00772,0.00565,0.00622,0.00691,0.00427,0.00434,0.00425,0.00425,0.00310,0.00573
1546,0.00594,0.00467,0.01074,0.00723,0.00835,0.00648,0.00328,0.00364,0.00204,0.00371,0.00773,0.00568,0.00624,0.00691,0.00430,0.00437,0.00426,0.00427,0.00310,0.00576
1547,0.00598,0.00485,0.01031,0.00701,0.00838,0.00649,0.00329,0.00365,0.00204,0.00371,0.00775,0.00570,0.00627,0.00690,0.00435,0.00439,0.00428,0.00429,0.00310,0.00579
1548,0.00603,0.00616,0.00945,0.00648,0.00843,0.00651,0.00329,0.00363,0.00203,0.00370,0.00778,0.00573,0.00630,0.00690,0.00440,0.00443,0.00429,0.00432,0.00310,0.00579
1549,0.00608,0.00577,0.00885,0.00669,0.00816,0.00652,0.00330,0.00365,0.00204,0.00371,0.00780,0.00575,0.00633,0.00690,0.00444,0.00444,0.00431,0.00434,0.00311,0.00582
1550,0.00613,0.00453,0.00801,0.00725,0.00786,0.00652,0.00332,0.00367,0.00205,0.00371,0.00781,0.00578,0.00636,0.00688,0.00448,0.00444,0.00434,0.00435,0.00313,0.00586
1551,0.00617,0.00465,0.00791,0.00745,0.00776,0.00653,0.00333,0.00369,0.00205,0.00373,0.00784,0.00580,0.00639,0.00689,0.00450,0.00447,0.00435,0.00437,0.00314,0.00590
1552,0.00620,0.00452,0.00828,0.00792,0.00759,0.00656,0.00335,0.00373,0.00207,0.00379,0.00786,0.00582,0.00642,0.00693,0.00451,0.00449,0.00436,0.00439,0.00317,0.00594
1553,0.00624,0.00492,0.00799,0.00814,0.00701,0.00658,0.00336,0.00376,0.00207,0.00382,0.00788,0.00585,0.00644,0.00693,0.00453,0.00452,0.00437,0.00441,0.00317,0.00598
1554,0.00626,0.00663,0.00774,0.00798,0.00635,0.00661,0.00336,0.00378,0.00205,0.00383,0.00790,0.00590,0.00646,0.00693,0.00456,0.00458,0.00435,0.00444,0.00317,0.00603
1555,0.00629,0.00709,0.00770,0.00809,0.00616,0.00663,0.00337,0.00379,0.00205,0.00384,0.00792,0.00593,0.00650,0.00692,0.00460,0.00461,0.00437,0.00446,0.00318,0.00607
1556,0.00632,0.00685,0.00747,0.00864,0.00546,0.00666,0.00338,0.00379,0.00206,0.00382,0.00793,0.00597,0.00654,0.00690,0.00466,0.00461,0.00442,0.00448,0.00320,0.00612
1557,0.00636,0.00699,0.00699,0.00839,0.00565,0.00668,0.00339,0.00380,0.00206,0.00383,0.00794,0.00601,0.00657,0.00689,0.00470,0.00463,0.00445,0.00451,0.00321,0.00616
1558,0.00640,0.00723,0.00661,0.00762,0.00695,0.00668,0.00341,0.00380,0.00208,0.00385,0.00796,0.00604,0.00661,0.00689,0.00474,0.00464,0.00449,0.00456,0.00322,0.00621
1559,0.00645,0.00714,0.00653,0.00729,0.00746,0.00668,0.00340,0.00381,0.00208,0.00387,0.00799,0.00607,0.00664,0.00690,0.00477,0.00467,0.00452,0.00459,0.00323,0.00626
1560,0.00652,0.00702,0.00571,0.00658,0.00784,0.00668,0.00338,0.00383,0.00209,0.00391,0.00802,0.00611,0.00667,0.00693,0.00480,0.00471,0.00452,0.00464,0.00323,0.00631
1561,0.00656,0.00662,0.00619,0.00645,0.00821,0.00671,0.00338,0.00385,0.00210,0.00392,0.00805,0.00613,0.00670,0.00694,0.00483,0.00475,0.00454,0.00467,0.00324,0.00635
1562,0.00660,0.00534,0.00822,0.00675,0.00867,0.00675,0.00336,0.00387,0.00210,0.00393,0.00809,0.00615,0.00674,0.00696,0.00487,0.00480,0.00456,0.00470,0.00327,0.00638
1563,0.00664,0.00552,0.00882,0.00704,0.00864,0.00677,0.00337,0.00388,0.00210,0.00394,0.00811,0.00616,0.00678,0.00697,0.00491,0.00483,0.00457,0.00472,0.00328,0.00642
1564,0.00666,0.00672,0.00942,0.00752,0.00841,0.00680,0.00342,0.00389,0.00209,0.00393,0.00811,0.00616,0.00684,0.00696,0.00494,0.00486,0.00458,0.00474,0.00326,0.00646
1565,0.00670,0.00666,0.00946,0.00792,0.00806,0.00682,0.00344,0.00390,0.00209,0.00394,0.00813,0.00619,0.00688,0.00695,0.00498,0.00488,0.00459,0.00477,0.00327,0.00650
1566,0.00675,0.00710,0.00825,0.00855,0.00705,0.00682,0.00346,0.00391,0.00209,0.00397,0.00813,0.00625,0.00691,0.00694,0.00502,0.00489,0.00459,0.00479,0.00329,0.00652
1567,0.00680,0.00665,0.00827,0.00885,0.00676,0.00684,0.00348,0.00393,0.00209,0.00399,0.00815,0.00630,0.00694,0.00695,0.00506,0.00492,0.00460,0.00482,0.00330,0.00657
1568,0.00687,0.00419,0.00894,0.00896,0.00691,0.00686,0.00350,0.00397,0.00212,0.00401,0.00820,0.00636,0.00696,0.00697,0.00510,0.00496,0.00461,0.00485,0.00332,0.00663
1569,0.00691,0.00372,0.00892,0.00906,0.00667,0.00688,0.00351,0.00399,0.00212,0.00404,0.00822,0.00641,0.00699,0.00698,0.00514,0.00500,0.00463,0.00489,0.00333,0.00668
1570,0.00695,0.00431,0.00918,0.00904,0.00644,0.00689,0.00350,0.00401,0.00212,0.00405,0.00823,0.00643,0.00707,0.00700,0.00519,0.00506,0.00468,0.00494,0.00332,0.00674
1571,0.00700,0.00431,0.00902,0.00898,0.00638,0.00690,0.00350,0.00402,0.00213,0.00407,0.00825,0.00647,0.00710,0.00702,0.00524,0.00510,0.00470,0.00497,0.00333,0.00679
1572,0.00703,0.00488,0.00793,0.00882,0.00618,0.00692,0.00349,0.00402,0.00213,0.00408,0.00827,0.00650,0.00708,0.00702,0.00530,0.00513,0.00473,0.00500,0.00334,0.00684
1573,0.00709,0.00500,0.00757,0.00874,0.00604,0.00694,0.00349,0.00404,0.00214,0.00409,0.00828,0.00653,0.00711,0.00703,0.00535,0.00517,0.00474,0.00503,0.00336,0.00688
1574,0.00716,0.00432,0.00755,0.00863,0.00612,0.00695,0.00352,0.00411,0.00217,0.00409,0.00830,0.00657,0.00715,0.00704,0.00537,0.00522,0.00473,0.00504,0.00339,0.00694
1575,0.00722,0.00440,0.00752,0.00852,0.00621,0.00696,0.00353,0.00413,0.00218,0.00411,0.00833,0.00660,0.00718,0.00705,0.00543,0.00526,0.00474,0.00506,0.00341,0.00698
1576,0.00728,0.00456,0.00784,0.00866,0.00602,0.00696,0.00356,0.00415,0.00219,0.00416,0.00837,0.00663,0.00725,0.00706,0.00552,0.00531,0.00475,0.00510,0.00343,0.00702
1577,0.00734,0.00529,0.00778,0.00840,0.00619,0.00698,0.00358,0.00418,0.00219,0.00418,0.00840,0.00666,0.00730,0.00706,0.00558,0.00534,0.00476,0.00514,0.00344,0.00706
1578,0.00739,0.00715,0.00743,0.00770,0.00701,0.00699,0.00360,0.00419,0.00218,0.00419,0.00845,0.00670,0.00732,0.00708,0.00563,0.00533,0.00479,0.00518,0.00344,0.00710
1579,0.00744,0.00777,0.00737,0.00743,0.00717,0.00700,0.00361,0.00420,0.00218,0.00422,0.00848,0.00673,0.00735,0.00709,0.00568,0.00536,0.00482,0.00522,0.00345,0.00715
1580,0.00749,0.00851,0.00714,0.00713,0.00690,0.00701,0.00359,0.00421,0.00218,0.00424,0.00848,0.00676,0.00739,0.00711,0.00569,0.00539,0.00486,0.00526,0.00346,0.00722
1581,0.00754,0.00849,0.00724,0.00696,0.00704,0.00704,0.00360,0.00423,0.00218,0.00425,0.00850,0.00679,0.00743,0.00712,0.00572,0.00543,0.00488,0.00529,0.00346,0.00727
1582,0.00756,0.00702,0.00803,0.00694,0.00725,0.00707,0.00361,0.00424,0.00218,0.00427,0.00851,0.00681,0.00750,0.00711,0.00576,0.00549,0.00487,0.00532,0.00345,0.00732
1583,0.00761,0.00637,0.00816,0.00717,0.00718,0.00709,0.00362,0.00426,0.00219,0.00429,0.00853,0.00684,0.00755,0.00711,0.00580,0.00553,0.00488,0.00535,0.00345,0.00738
1584,0.00767,0.00550,0.00798,0.00783,0.00724,0.00710,0.00366,0.00431,0.00220,0.00431,0.00856,0.00689,0.00758,0.00710,0.00585,0.00553,0.00487,0.00537,0.00345,0.00745
1585,0.00773,0.00531,0.00794,0.00796,0.00726,0.00711,0.00368,0.00433,0.00220,0.00430,0.00858,0.00693,0.00762,0.00709,0.00590,0.00555,0.00489,0.00540,0.00346,0.00750
1586,0.00779,0.00612,0.00720,0.00816,0.00687,0.00709,0.00369,0.00435,0.00220,0.00428,0.00860,0.00698,0.00762,0.00710,0.00597,0.00557,0.00494,0.00544,0.00349,0.00754
1587,0.00785,0.00621,0.00737,0.00817,0.00667,0.00710,0.00369,0.00437,0.00220,0.00429,0.00863,0.00702,0.00764,0.00711,0.00601,0.00559,0.00497,0.00547,0.00352,0.00758
1588,0.00789,0.00633,0.00866,0.00751,0.00672,0.00716,0.00367,0.00440,0.00220,0.00430,0.00864,0.00704,0.00768,0.00712,0.00604,0.00563,0.00500,0.00550,0.00354,0.00761
1589,0.00793,0.00630,0.00908,0.00725,0.00672,0.00719,0.00368,0.00442,0.00221,0.00432,0.00866,0.00707,0.00772,0.00713,0.00607,0.00566,0.00502,0.00553,0.00355,0.00765
1590,0.00796,0.00547,0.00980,0.00720,0.00658,0.00724,0.00371,0.00443,0.00222,0.00438,0.00868,0.00709,0.00778,0.00714,0.00610,0.00571,0.00502,0.00555,0.00355,0.00771
1591,0.00800,0.00523,0.00989,0.00718,0.00659,0.00727,0.00371,0.00444,0.00222,0.00441,0.00871,0.00713,0.00782,0.00714,0.00614,0.00575,0.00503,0.00559,0.00356,0.00777
1592,0.00807,0.00539,0.00870,0.00723,0.00670,0.00727,0.00371,0.00443,0.00222,0.00441,0.00874,0.00720,0.00785,0.00714,0.00618,0.00578,0.00507,0.00563,0.00356,0.00783
1593,0.00811,0.00552,0.00823,0.00730,0.00689,0.00728,0.00372,0.00444,0.00222,0.00442,0.00877,0.00724,0.00788,0.00714,0.00622,0.00581,0.00509,0.00567,0.00357,0.00788
1594,0.00815,0.00594,0.00789,0.00749,0.00741,0.00731,0.00371,0.00447,0.00222,0.00443,0.00878,0.00728,0.00790,0.00715,0.00627,0.00586,0.00510,0.00572,0.00358,0.00792
1595,0.00819,0.00623,0.00762,0.00764,0.00758,0.00732,0.00371,0.00448,0.00222,0.00444,0.00880,0.00731,0.00793,0.00715,0.00632,0.00588,0.00512,0.00576,0.00358,0.00796
1596,0.00821,0.00635,0.00754,0.00771,0.00746,0.00733,0.00373,0.00449,0.00222,0.00445,0.00881,0.00732,0.00794,0.00718,0.00638,0.00590,0.00513,0.00576,0.00358,0.00801
1597,0.00825,0.00665,0.00772,0.00793,0.00758,0.00734,0.00375,0.00450,0.00222,0.00446,0.00883,0.00733,0.00797,0.00718,0.00642,0.00592,0.00514,0.00578,0.00359,0.00805
1598,0.00830,0.00716,0.00837,0.00835,0.00765,0.00733,0.00379,0.00452,0.00222,0.00447,0.00885,0.00735,0.00800,0.00716,0.00645,0.00592,0.00516,0.00582,0.00358,0.00808
1599,0.00834,0.00742,0.00855,0.00858,0.00767,0.00734,0.00380,0.00453,0.00223,0.00449,0.00887,0.00738,0.00803,0.00715,0.00649,0.00594,0.00519,0.00585,0.00359,0.00812
1600,0.00837,0.00782,0.00918,0.00856,0.00794,0.00736,0.00379,0.00455,0.00225,0.00454,0.00890,0.00742,0.00807,0.00714,0.00654,0.00599,0.00519,0.00590,0.00360,0.00815
1601,0.00839,0.00793,0.00884,0.00909,0.00816,0.00738,0.00380,0.00458,0.00225,0.00459,0.00891,0.00747,0.00813,0.00714,0.00658,0.00605,0.00522,0.00593,0.00362,0.00818
1602,0.00842,0.00744,0.00812,0.00904,0.00779,0.00741,0.00379,0.00459,0.00224,0.00462,0.00892,0.00750,0.00815,0.00715,0.00662,0.00608,0.00525,0.00595,0.00365,0.00823
1603,0.00845,0.00712,0.00775,0.00872,0.00766,0.00743,0.00379,0.00460,0.00223,0.00465,0.00894,0.00752,0.00817,0.00718,0.00666,0.00611,0.00525,0.00597,0.00367,0.00827
1604,0.00849,0.00761,0.00781,0.00856,0.00719,0.00743,0.00385,0.00462,0.00223,0.00465,0.00895,0.00756,0.00820,0.00720,0.00668,0.00612,0.00525,0.00601,0.00370,0.00830
1605,0.00855,0.00749,0.00810,0.00798,0.00677,0.00742,0.00388,0.00463,0.00224,0.00464,0.00898,0.00757,0.00819,0.00723,0.00671,0.00613,0.00527,0.00604,0.00372,0.00830
1606,0.00858,0.00748,0.00832,0.00793,0.00650,0.00744,0.00389,0.00465,0.00224,0.00464,0.00899,0.00760,0.00820,0.00724,0.00674,0.00616,0.00528,0.00605,0.00373,0.00833
1607,0.00861,0.00777,0.00896,0.00803,0.00616,0.00744,0.00387,0.00468,0.00227,0.00464,0.00903,0.00765,0.00822,0.00724,0.00678,0.00621,0.00530,0.00607,0.00372,0.00837
1608,0.00864,0.00792,0.00891,0.00809,0.00622,0.00746,0.00387,0.00469,0.00228,0.00466,0.00904,0.00768,0.00823,0.00726,0.00682,0.00624,0.00531,0.00608,0.00372,0.00841
1609,0.00867,0.00779,0.00857,0.00844,0.00666,0.00751,0.00384,0.00467,0.00226,0.00468,0.00904,0.00768,0.00823,0.00726,0.00685,0.00627,0.00532,0.00607,0.00371,0.00846
1610,0.00870,0.00770,0.00826,0.00842,0.00665,0.00752,0.00385,0.00468,0.00226,0.00470,0.00905,0.00770,0.00826,0.00726,0.00688,0.00628,0.00533,0.00608,0.00371,0.00850
1611,0.00875,0.00788,0.00747,0.00815,0.00661,0.00753,0.00390,0.00467,0.00228,0.00473,0.00905,0.00773,0.00831,0.00727,0.00692,0.00628,0.00534,0.00611,0.00374,0.00853
1612,0.00878,0.00760,0.00742,0.00810,0.00676,0.00754,0.00391,0.00468,0.00228,0.00474,0.00907,0.00776,0.00833,0.00728,0.00695,0.00630,0.00535,0.00613,0.00374,0.00857
1613,0.00882,0.00683,0.00770,0.00806,0.00683,0.00753,0.00390,0.00472,0.00227,0.00475,0.00909,0.00780,0.00835,0.00726,0.00699,0.00632,0.00536,0.00615,0.00372,0.00861
1614,0.00885,0.00643,0.00784,0.00810,0.00678,0.00754,0.00391,0.00474,0.00226,0.00474,0.00911,0.00782,0.00836,0.00726,0.00701,0.00634,0.00537,0.00617,0.00373,0.00864
1615,0.00887,0.00600,0.00841,0.00834,0.00693,0.00755,0.00392,0.00475,0.00225,0.00473,0.00913,0.00783,0.00835,0.00727,0.00700,0.00637,0.00539,0.00619,0.00374,0.00865
1616,0.00891,0.00589,0.00836,0.00824,0.00691,0.00756,0.00394,0.00476,0.00225,0.00473,0.00914,0.00786,0.00837,0.00727,0.00703,0.00639,0.00540,0.00621,0.00375,0.00868
1617,0.00897,0.00585,0.00792,0.00806,0.00645,0.00757,0.00398,0.00477,0.00227,0.00471,0.00914,0.00789,0.00840,0.00726,0.00705,0.00643,0.00540,0.00622,0.00377,0.00873
1618,0.00900,0.00620,0.00767,0.00778,0.00651,0.00757,0.00399,0.00477,0.00228,0.00473,0.00915,0.00792,0.00843,0.00726,0.00709,0.00644,0.00542,0.00624,0.00378,0.00876
1619,0.00901,0.00707,0.00727,0.00707,0.00707,0.00756,0.00397,0.00476,0.00229,0.00477,0.00915,0.00797,0.00847,0.00728,0.00715,0.00643,0.00544,0.00627,0.00378,0.00879
1620,0.00904,0.00741,0.00698,0.00719,0.00707,0.00757,0.00398,0.00477,0.00230,0.00478,0.00917,0.00800,0.00850,0.00729,0.00718,0.00646,0.00546,0.00629,0.00378,0.00883
1621,0.00905,0.00800,0.00675,0.00766,0.00683,0.00758,0.00397,0.00478,0.00229,0.00481,0.00919,0.00800,0.00851,0.00730,0.00718,0.00648,0.00550,0.00632,0.00378,0.00886
1622,0.00908,0.00786,0.00652,0.00791,0.00692,0.00761,0.00397,0.00480,0.00229,0.00483,0.00921,0.00801,0.00853,0.00731,0.00720,0.00650,0.00551,0.00635,0.00378,0.00889
1623,0.00912,0.00703,0.00616,0.00866,0.00697,0.00766,0.00399,0.00484,0.00231,0.00485,0.00924,0.00802,0.00855,0.00731,0.00718,0.00652,0.00552,0.00638,0.00377,0.00893
1624,0.00914,0.00668,0.00607,0.00882,0.00699,0.00767,0.00399,0.00487,0.00231,0.00486,0.00925,0.00804,0.00858,0.00731,0.00720,0.00655,0.00552,0.00641,0.00377,0.00896
1625,0.00916,0.00609,0.00601,0.00850,0.00727,0.00767,0.00399,0.00488,0.00232,0.00486,0.00924,0.00806,0.00860,0.00731,0.00725,0.00657,0.00551,0.00645,0.00380,0.00895
1626,0.00920,0.00583,0.00627,0.00848,0.00735,0.00767,0.00397,0.00490,0.00232,0.00487,0.00926,0.00809,0.00863,0.00732,0.00728,0.00659,0.00552,0.00647,0.00381,0.00898
1627,0.00924,0.00585,0.00699,0.00846,0.00713,0.00765,0.00393,0.00493,0.00231,0.00486,0.00928,0.00812,0.00866,0.00732,0.00734,0.00663,0.00554,0.00648,0.00382,0.00903
1628,0.00927,0.00590,0.00731,0.00842,0.00711,0.00765,0.00392,0.00494,0.00231,0.00486,0.00929,0.00814,0.00869,0.00733,0.00737,0.00665,0.00555,0.00651,0.00383,0.00906
1629,0.00931,0.00603,0.00790,0.00846,0.00718,0.00767,0.00391,0.00494,0.00231,0.00488,0.00932,0.00815,0.00872,0.00734,0.00740,0.00663,0.00556,0.00653,0.00383,0.00909
1630,0.00934,0.00628,0.00785,0.00836,0.00732,0.00768,0.00392,0.00494,0.00231,0.00487,0.00932,0.00818,0.00873,0.00735,0.00742,0.00665,0.00556,0.00656,0.00382,0.00911
1631,0.00934,0.00680,0.00698,0.00821,0.00763,0.00770,0.00396,0.00491,0.00232,0.00484,0.00930,0.00822,0.00872,0.00735,0.00741,0.00668,0.00555,0.00660,0.00380,0.00911
1632,0.00936,0.00707,0.00694,0.00796,0.00760,0.00771,0.00399,0.00491,0.00232,0.00485,0.00932,0.00825,0.00873,0.00735,0.00743,0.00671,0.00556,0.00663,0.00381,0.00915
1633,0.00939,0.00735,0.00700,0.00733,0.00753,0.00773,0.00402,0.00493,0.00230,0.00489,0.00935,0.00829,0.00875,0.00735,0.00744,0.00674,0.00558,0.00664,0.00381,0.00923
1634,0.00942,0.00742,0.00716,0.00734,0.00744,0.00775,0.00404,0.00494,0.00232,0.00491,0.00936,0.00831,0.00877,0.00736,0.00747,0.00676,0.00560,0.00667,0.00382,0.00927
1635,0.00944,0.00730,0.00796,0.00773,0.00685,0.00778,0.00406,0.00496,0.00236,0.00497,0.00940,0.00829,0.00880,0.00737,0.00752,0.00678,0.00562,0.00672,0.00382,0.00933
1636,0.00948,0.00725,0.00816,0.00772,0.00686,0.00779,0.00406,0.00498,0.00237,0.00499,0.00941,0.00830,0.00883,0.00738,0.00755,0.00680,0.00564,0.00674,0.00384,0.00936
1637,0.00952,0.00703,0.00816,0.00782,0.00750,0.00779,0.00404,0.00500,0.00237,0.00498,0.00940,0.00833,0.00886,0.00739,0.00759,0.00684,0.00565,0.00673,0.00387,0.00936
1638,0.00957,0.00701,0.00770,0.00802,0.00750,0.00780,0.00405,0.00502,0.00237,0.00498,0.00941,0.00836,0.00889,0.00740,0.00764,0.00687,0.00566,0.00673,0.00389,0.00938
1639,0.00963,0.00718,0.00648,0.00799,0.00748,0.00780,0.00407,0.00501,0.00231,0.00497,0.00943,0.00839,0.00893,0.00739,0.00769,0.00691,0.00565,0.00671,0.00392,0.00940
1640,0.00968,0.00712,0.00624,0.00800,0.00730,0.00780,0.00408,0.00503,0.00230,0.00498,0.00945,0.00843,0.00896,0.00739,0.00773,0.00693,0.00566,0.00672,0.00394,0.00942
1641,0.00972,0.00699,0.00600,0.00822,0.00647,0.00783,0.00410,0.00506,0.00233,0.00502,0.00947,0.00846,0.00898,0.00740,0.00774,0.00693,0.00567,0.00676,0.00394,0.00943
1642,0.00975,0.00703,0.00612,0.00848,0.00623,0.00784,0.00411,0.00508,0.00233,0.00503,0.00949,0.00849,0.00899,0.00741,0.00778,0.00695,0.00569,0.00679,0.00395,0.00947
1643,0.00976,0.00694,0.00722,0.00871,0.00616,0.00785,0.00408,0.00512,0.00234,0.00503,0.00952,0.00851,0.00899,0.00742,0.00780,0.00700,0.00573,0.00682,0.00397,0.00952
1644,0.00978,0.00705,0.00760,0.00870,0.00637,0.00785,0.00409,0.00513,0.00234,0.00505,0.00954,0.00855,0.00901,0.00743,0.00784,0.00702,0.00575,0.00685,0.00397,0.00957
1645,0.00977,0.00752,0.00767,0.00888,0.00706,0.00786,0.00411,0.00510,0.00231,0.00506,0.00956,0.00859,0.00903,0.00743,0.00790,0.00704,0.00578,0.00686,0.00396,0.00963
1646,0.00979,0.00766,0.00771,0.00884,0.00740,0.00787,0.00413,0.00511,0.00230,0.00506,0.00957,0.00862,0.00905,0.00743,0.00796,0.00706,0.00580,0.00688,0.00397,0.00968
1647,0.00984,0.00769,0.00741,0.00824,0.00786,0.00787,0.00416,0.00512,0.00228,0.00509,0.00956,0.00866,0.00909,0.00741,0.00801,0.00705,0.00584,0.00690,0.00398,0.00972
1648,0.00988,0.00774,0.00753,0.00797,0.00805,0.00788,0.00418,0.00514,0.00227,0.00511,0.00958,0.00869,0.00912,0.00742,0.00805,0.00707,0.00585,0.00694,0.00399,0.00976
1649,0.00995,0.00761,0.00795,0.00783,0.00785,0.00790,0.00420,0.00520,0.00228,0.00508,0.00963,0.00871,0.00912,0.00742,0.00808,0.00712,0.00584,0.00700,0.00402,0.00978
1650,0.00999,0.00769,0.00798,0.00782,0.00787,0.00792,0.00420,0.00523,0.00229,0.00510,0.00965,0.00872,0.00914,0.00743,0.00811,0.00715,0.00586,0.00704,0.00402,0.00981
1651,0.01001,0.00801,0.00797,0.00791,0.00789,0.00793,0.00418,0.00526,0.00231,0.00517,0.00968,0.00872,0.00917,0.00746,0.00810,0.00717,0.00588,0.00708,0.00401,0.00985
1652,0.01004,0.00796,0.00806,0.00791,0.00790,0.00794,0.00418,0.00527,0.00232,0.00518,0.00969,0.00875,0.00920,0.00747,0.00814,0.00720,0.00588,0.00711,0.00402,0.00989
1653,0.01007,0.00783,0.00773,0.00794,0.00810,0.00796,0.00419,0.00527,0.00234,0.00519,0.00968,0.00880,0.00923,0.00747,0.00821,0.00723,0.00588,0.00713,0.00402,0.00995
1654,0.01011,0.00761,0.00781,0.00813,0.00796,0.00797,0.00420,0.00528,0.00234,0.00520,0.00968,0.00884,0.00926,0.00748,0.00825,0.00726,0.00590,0.00716,0.00403,0.00998
1655,0.01018,0.00696,0.00852,0.00848,0.00750,0.00797,0.00423,0.00527,0.00234,0.00520,0.00970,0.00889,0.00929,0.00747,0.00830,0.00730,0.00593,0.00717,0.00404,0.01000
1656,0.01023,0.00679,0.00875,0.00855,0.00724,0.00799,0.00423,0.00527,0.00234,0.00521,0.00971,0.00892,0.00931,0.00748,0.00834,0.00734,0.00595,0.00721,0.00406,0.01004
1657,0.01028,0.00676,0.00885,0.00868,0.00669,0.00800,0.00421,0.00527,0.00234,0.00524,0.00972,0.00892,0.00934,0.00751,0.00836,0.00737,0.00601,0.00728,0.00407,0.01008
1658,0.01032,0.00689,0.00896,0.00876,0.00664,0.00802,0.00421,0.00528,0.00234,0.00526,0.00974,0.00894,0.00937,0.00752,0.00839,0.00740,0.00604,0.00731,0.00408,0.01011
1659,0.01037,0.00775,0.00883,0.00856,0.00710,0.00807,0.00421,0.00529,0.00234,0.00526,0.00978,0.00897,0.00940,0.00752,0.00845,0.00744,0.00603,0.00732,0.00407,0.01016
1660,0.01039,0.00767,0.00873,0.00841,0.00723,0.00809,0.00422,0.00531,0.00234,0.00530,0.00980,0.00900,0.00943,0.00752,0.00850,0.00747,0.00603,0.00736,0.00408,0.01020
1661,0.01040,0.00681,0.00872,0.00827,0.00751,0.00807,0.00424,0.00536,0.00237,0.00540,0.00981,0.00904,0.00946,0.00750,0.00855,0.00750,0.00604,0.00738,0.00409,0.01022
1662,0.01043,0.00669,0.00854,0.00825,0.00747,0.00808,0.00426,0.00538,0.00237,0.00543,0.00983,0.00907,0.00949,0.00749,0.00860,0.00753,0.00606,0.00740,0.00410,0.01025
1663,0.01046,0.00618,0.00818,0.00820,0.00698,0.00809,0.00428,0.00540,0.00236,0.00542,0.00984,0.00912,0.00952,0.00748,0.00866,0.00757,0.00609,0.00744,0.00412,0.01029
1664,0.01048,0.00629,0.00811,0.00816,0.00686,0.00810,0.00431,0.00541,0.00236,0.00543,0.00985,0.00916,0.00955,0.00748,0.00869,0.00759,0.00610,0.00748,0.00414,0.01034
1665,0.01052,0.00787,0.00808,0.00838,0.00689,0.00812,0.00434,0.00542,0.00234,0.00539,0.00985,0.00921,0.00959,0.00747,0.00870,0.00760,0.00613,0.00749,0.00414,0.01040
1666,0.01057,0.00823,0.00815,0.00845,0.00679,0.00814,0.00436,0.00543,0.00234,0.00539,0.00986,0.00924,0.00962,0.00748,0.00873,0.00763,0.00614,0.00752,0.00414,0.01045
1667,0.01060,0.00790,0.00849,0.00825,0.00681,0.00814,0.00439,0.00542,0.00237,0.00543,0.00986,0.00927,0.00962,0.00749,0.00873,0.00766,0.00612,0.00759,0.00414,0.01049
1668,0.01064,0.00780,0.00858,0.00828,0.00669,0.00814,0.00440,0.00545,0.00238,0.00545,0.00987,0.00928,0.00964,0.00750,0.00876,0.00769,0.00613,0.00763,0.00414,0.01054
1669,0.01071,0.00701,0.00864,0.00847,0.00621,0.00814,0.00440,0.00550,0.00237,0.00546,0.00992,0.00926,0.00965,0.00752,0.00883,0.00772,0.00615,0.00765,0.00413,0.01059
1670,0.01077,0.00686,0.00861,0.00859,0.00611,0.00816,0.00439,0.00553,0.00237,0.00547,0.00994,0.00928,0.00968,0.00753,0.00888,0.00776,0.00616,0.00768,0.00413,0.01063
1671,0.01084,0.00735,0.00829,0.00876,0.00621,0.00821,0.00435,0.00558,0.00235,0.00546,0.00997,0.00931,0.00973,0.00752,0.00891,0.00781,0.00617,0.00769,0.00415,0.01066
1672,0.01089,0.00760,0.00827,0.00888,0.00633,0.00823,0.00434,0.00560,0.00234,0.00548,0.00999,0.00934,0.00977,0.00753,0.00895,0.00785,0.00620,0.00771,0.00416,0.01069
1673,0.01096,0.00812,0.00861,0.00897,0.00657,0.00827,0.00435,0.00557,0.00236,0.00550,0.01000,0.00939,0.00978,0.00753,0.00896,0.00791,0.00624,0.00773,0.00418,0.01071
1674,0.01101,0.00816,0.00849,0.00893,0.00694,0.00829,0.00436,0.00558,0.00236,0.00552,0.01001,0.00945,0.00980,0.00754,0.00900,0.00794,0.00626,0.00776,0.00418,0.01074
1675,0.01102,0.00772,0.00814,0.00875,0.00759,0.00828,0.00437,0.00562,0.00236,0.00555,0.01001,0.00951,0.00982,0.00756,0.00905,0.00792,0.00626,0.00779,0.00416,0.01078
1676,0.01106,0.00758,0.00799,0.00868,0.00783,0.00828,0.00440,0.00563,0.00237,0.00555,0.01002,0.00955,0.00985,0.00756,0.00910,0.00794,0.00628,0.00781,0.00417,0.01082
1677,0.01110,0.00756,0.00742,0.00848,0.00810,0.00830,0.00445,0.00563,0.00239,0.00553,0.01004,0.00958,0.00991,0.00757,0.00916,0.00796,0.00629,0.00785,0.00420,0.01085
1678,0.01113,0.00735,0.00725,0.00849,0.00817,0.00832,0.00446,0.00564,0.00241,0.00554,0.01005,0.00961,0.00994,0.00757,0.00921,0.00799,0.00630,0.00787,0.00422,0.01089
1679,0.01116,0.00701,0.00778,0.00880,0.00761,0.00833,0.00444,0.00560,0.00244,0.00557,0.01009,0.00961,0.00994,0.00755,0.00925,0.00808,0.00635,0.00788,0.00425,0.01091
1680,0.01120,0.00693,0.00784,0.00889,0.00754,0.00833,0.00445,0.00561,0.00246,0.00559,0.01011,0.00962,0.00996,0.00754,0.00930,0.00812,0.00636,0.00790,0.00427,0.01096
1681,0.01124,0.00667,0.00762,0.00887,0.00786,0.00832,0.00446,0.00567,0.00245,0.00564,0.01012,0.00964,0.00999,0.00755,0.00933,0.00813,0.00632,0.00791,0.00427,0.01102
1682,0.01127,0.00658,0.00768,0.00893,0.00778,0.00833,0.00446,0.00570,0.00245,0.00567,0.01015,0.00966,0.01001,0.00755,0.00937,0.00817,0.00632,0.00794,0.00427,0.01108
1683,0.01130,0.00696,0.00770,0.00911,0.00745,0.00836,0.00449,0.00577,0.00243,0.00567,0.01018,0.00967,0.01008,0.00757,0.00939,0.00820,0.00631,0.00799,0.00426,0.01117
1684,0.01133,0.00714,0.00774,0.00900,0.00747,0.00838,0.00451,0.00579,0.00243,0.00567,0.01019,0.00971,0.01010,0.00758,0.00943,0.00823,0.00632,0.00804,0.00427,0.01121
1685,0.01134,0.00719,0.00792,0.00875,0.00755,0.00841,0.00449,0.00578,0.00243,0.00564,0.01022,0.00976,0.01008,0.00759,0.00949,0.00829,0.00636,0.00808,0.00426,0.01121
1686,0.01137,0.00721,0.00816,0.00866,0.00756,0.00844,0.00450,0.00579,0.00243,0.00565,0.01024,0.00980,0.01010,0.00759,0.00953,0.00832,0.00639,0.00812,0.00427,0.01123
1687,0.01144,0.00716,0.00854,0.00820,0.00802,0.00845,0.00454,0.00579,0.00244,0.00569,0.01022,0.00984,0.01013,0.00755,0.00958,0.00830,0.00644,0.00816,0.00430,0.01123
1688,0.01149,0.00724,0.00855,0.00816,0.00805,0.00847,0.00456,0.00579,0.00244,0.00572,0.01023,0.00988,0.01014,0.00756,0.00961,0.00832,0.00646,0.00820,0.00431,0.01126
1689,0.01154,0.00741,0.00850,0.00856,0.00738,0.00849,0.00455,0.00582,0.00244,0.00577,0.01027,0.00991,0.01018,0.00759,0.00961,0.00834,0.00648,0.00823,0.00434,0.01130
1690,0.01157,0.00749,0.00853,0.00881,0.00721,0.00850,0.00456,0.00584,0.00244,0.00581,0.01029,0.00995,0.01021,0.00760,0.00963,0.00835,0.00649,0.00827,0.00435,0.01135
1691,0.01157,0.00753,0.00819,0.00921,0.00721,0.00849,0.00460,0.00588,0.00246,0.00583,0.01035,0.01000,0.01024,0.00764,0.00964,0.00836,0.00647,0.00830,0.00436,0.01142
1692,0.01160,0.00774,0.00818,0.00949,0.00721,0.00850,0.00461,0.00591,0.00245,0.00584,0.01036,0.01003,0.01026,0.00766,0.00968,0.00838,0.00647,0.00833,0.00436,0.01146
1693,0.01161,0.00815,0.00869,0.00963,0.00750,0.00853,0.00461,0.00594,0.00239,0.00586,0.01033,0.01006,0.01028,0.00763,0.00975,0.00843,0.00650,0.00836,0.00436,0.01151
1694,0.01165,0.00817,0.00864,0.00982,0.00765,0.00853,0.00463,0.00596,0.00238,0.00587,0.01032,0.01008,0.01030,0.00763,0.00979,0.00846,0.00652,0.00839,0.00436,0.01154
1695,0.01174,0.00819,0.00822,0.01008,0.00767,0.00853,0.00464,0.00594,0.00240,0.00585,0.01031,0.01011,0.01032,0.00763,0.00985,0.00850,0.00651,0.00842,0.00437,0.01157
1696,0.01179,0.00813,0.00801,0.01016,0.00769,0.00853,0.00464,0.00596,0.00241,0.00585,0.01032,0.01014,0.01034,0.00764,0.00989,0.00855,0.00653,0.00845,0.00437,0.01159
1697,0.01184,0.00740,0.00737,0.01040,0.00781,0.00850,0.00467,0.00600,0.00245,0.00584,0.01036,0.01017,0.01040,0.00766,0.00989,0.00859,0.00655,0.00847,0.00436,0.01160
1698,0.01189,0.00734,0.00738,0.01027,0.00776,0.00851,0.00468,0.00602,0.00248,0.00586,0.01038,0.01021,0.01044,0.00768,0.00992,0.00862,0.00657,0.00849,0.00437,0.01164
1699,0.01193,0.00791,0.00817,0.00948,0.00747,0.00855,0.00466,0.00606,0.00250,0.00593,0.01039,0.01023,0.01048,0.00770,0.00996,0.00867,0.00660,0.00851,0.00439,0.01169
1700,0.01197,0.00798,0.00848,0.00930,0.00744,0.00858,0.00467,0.00609,0.00250,0.00595,0.01040,0.01026,0.01052,0.00770,0.01000,0.00871,0.00662,0.00853,0.00440,0.01174
1701,0.01201,0.00805,0.00900,0.00903,0.00753,0.00865,0.00470,0.00607,0.00248,0.00594,0.01040,0.01030,0.01055,0.00768,0.01005,0.00871,0.00664,0.00857,0.00445,0.01181
1702,0.01203,0.00807,0.00920,0.00904,0.00758,0.00868,0.00471,0.00609,0.00248,0.00595,0.01041,0.01033,0.01057,0.00768,0.01009,0.00873,0.00665,0.00859,0.00448,0.01188
1703,0.01202,0.00775,0.00890,0.00988,0.00772,0.00869,0.00471,0.00612,0.00245,0.00592,0.01041,0.01036,0.01058,0.00768,0.01012,0.00875,0.00669,0.00856,0.00450,0.01196
1704,0.01205,0.00769,0.00876,0.01022,0.00787,0.00871,0.00472,0.00614,0.00244,0.00592,0.01043,0.01038,0.01059,0.00768,0.01016,0.00877,0.00672,0.00857,0.00451,0.01200
1705,0.01212,0.00775,0.00840,0.01043,0.00802,0.00869,0.00474,0.00618,0.00250,0.00596,0.01048,0.01037,0.01060,0.00770,0.01022,0.00876,0.00673,0.00857,0.00450,0.01201
1706,0.01216,0.00790,0.00830,0.01057,0.00804,0.00869,0.00475,0.00620,0.00249,0.00599,0.01050,0.01039,0.01062,0.00771,0.01026,0.00878,0.00674,0.00860,0.00450,0.01204
1707,0.01224,0.00811,0.00851,0.01048,0.00810,0.00872,0.00476,0.00618,0.00244,0.00599,0.01051,0.01040,0.01065,0.00771,0.01027,0.00884,0.00675,0.00870,0.00449,0.01203
1708,0.01229,0.00830,0.00849,0.01041,0.00810,0.00874,0.00477,0.00618,0.00243,0.00601,0.01053,0.01041,0.01068,0.00771,0.01030,0.00887,0.00676,0.00875,0.00449,0.01205
1709,0.01231,0.00889,0.00857,0.01033,0.00793,0.00876,0.00477,0.00619,0.00239,0.00603,0.01050,0.01044,0.01071,0.00771,0.01029,0.00890,0.00678,0.00876,0.00451,0.01212
1710,0.01233,0.00893,0.00862,0.01015,0.00775,0.00877,0.00478,0.00619,0.00239,0.00603,0.01051,0.01048,0.01074,0.00772,0.01030,0.00892,0.00679,0.00880,0.00453,0.01217
1711,0.01234,0.00849,0.00848,0.00967,0.00749,0.00878,0.00482,0.00619,0.00245,0.00603,0.01057,0.01055,0.01075,0.00774,0.01038,0.00891,0.00679,0.00885,0.00455,0.01222
1712,0.01238,0.00838,0.00833,0.00954,0.00735,0.00877,0.00483,0.00620,0.00246,0.00604,0.01059,0.01058,0.01077,0.00775,0.01042,0.00892,0.00680,0.00888,0.00456,0.01225
1713,0.01242,0.00816,0.00804,0.00951,0.00719,0.00875,0.00481,0.00620,0.00244,0.00605,0.01060,0.01060,0.01078,0.00776,0.01043,0.00897,0.00680,0.00894,0.00457,0.01227
1714,0.01245,0.00797,0.00794,0.00962,0.00716,0.00875,0.00482,0.00623,0.00246,0.00607,0.01061,0.01062,0.01081,0.00776,0.01046,0.00900,0.00681,0.00897,0.00458,0.01229
1715,0.01252,0.00799,0.00785,0.01036,0.00748,0.00874,0.00485,0.00629,0.00247,0.00610,0.01059,0.01060,0.01085,0.00775,0.01049,0.00906,0.00683,0.00897,0.00458,0.01229
1716,0.01255,0.00789,0.00793,0.01045,0.00749,0.00874,0.00486,0.00633,0.00248,0.00612,0.01059,0.01061,0.01089,0.00774,0.01052,0.00909,0.00684,0.00898,0.00459,0.01231
1717,0.01255,0.00771,0.00839,0.00992,0.00719,0.00876,0.00487,0.00637,0.00251,0.00615,0.01062,0.01065,0.01092,0.00774,0.01057,0.00912,0.00685,0.00901,0.00461,0.01237
1718,0.01257,0.00734,0.00870,0.00992,0.00718,0.00877,0.00487,0.00640,0.00251,0.00616,0.01063,0.01068,0.01096,0.00774,0.01060,0.00914,0.00686,0.00904,0.00460,0.01241
1719,0.01261,0.00659,0.00916,0.00994,0.00708,0.00880,0.00486,0.00639,0.00250,0.00613,0.01064,0.01071,0.01101,0.00774,0.01063,0.00910,0.00683,0.00907,0.00455,0.01247
1720,0.01263,0.00664,0.00923,0.00992,0.00710,0.00883,0.00485,0.00639,0.00250,0.00615,0.01067,0.01074,0.01104,0.00774,0.01065,0.00912,0.00685,0.00909,0.00454,0.01250
1721,0.01263,0.00701,0.00891,0.01024,0.00764,0.00885,0.00486,0.00640,0.00252,0.00619,0.01070,0.01076,0.01104,0.00777,0.01066,0.00917,0.00689,0.00911,0.00454,0.01250
1722,0.01265,0.00721,0.00883,0.01045,0.00785,0.00888,0.00487,0.00640,0.00254,0.00620,0.01072,0.01079,0.01106,0.00778,0.01069,0.00918,0.00692,0.00913,0.00454,0.01252
1723,0.01267,0.00806,0.00851,0.01055,0.00788,0.00890,0.00487,0.00641,0.00256,0.00621,0.01075,0.01081,0.01104,0.00780,0.01074,0.00919,0.00695,0.00914,0.00456,0.01253
1724,0.01268,0.00851,0.00845,0.01045,0.00801,0.00891,0.00489,0.00641,0.00257,0.00622,0.01076,0.01083,0.01105,0.00780,0.01076,0.00921,0.00697,0.00916,0.00458,0.01255
1725,0.01269,0.00849,0.00887,0.01022,0.00801,0.00891,0.00496,0.00640,0.00259,0.00618,0.01074,0.01085,0.01108,0.00777,0.01080,0.00921,0.00698,0.00919,0.00462,0.01259
1726,0.01273,0.00862,0.00898,0.01033,0.00789,0.00891,0.00498,0.00640,0.00259,0.00618,0.01074,0.01087,0.01109,0.00776,0.01082,0.00923,0.00699,0.00920,0.00463,0.01261
1727,0.01279,0.00903,0.00890,0.01034,0.00771,0.00887,0.00498,0.00642,0.00255,0.00624,0.01074,0.01089,0.01110,0.00774,0.01080,0.00931,0.00705,0.00921,0.00465,0.01264
1728,0.01281,0.00904,0.00898,0.01039,0.00754,0.00886,0.00497,0.00644,0.00255,0.00627,0.01074,0.01090,0.01111,0.00774,0.01082,0.00936,0.00707,0.00922,0.00466,0.01266
1729,0.01282,0.00861,0.00911,0.01105,0.00719,0.00888,0.00492,0.00645,0.00254,0.00627,0.01075,0.01092,0.01111,0.00777,0.01085,0.00940,0.00705,0.00921,0.00463,0.01268
1730,0.01285,0.00852,0.00907,0.01126,0.00714,0.00889,0.00491,0.00646,0.00253,0.00629,0.01075,0.01093,0.01113,0.00778,0.01088,0.00941,0.00705,0.00921,0.00462,0.01271
1731,0.01285,0.00848,0.00890,0.01110,0.00731,0.00891,0.00491,0.00647,0.00255,0.00631,0.01076,0.01089,0.01115,0.00781,0.01095,0.00937,0.00701,0.00921,0.00462,0.01278
1732,0.01287,0.00842,0.00893,0.01096,0.00741,0.00892,0.00494,0.00649,0.00255,0.00632,0.01077,0.01091,0.01116,0.00781,0.01099,0.00937,0.00702,0.00923,0.00463,0.01279
1733,0.01296,0.00839,0.00889,0.01047,0.00778,0.00891,0.00503,0.00654,0.00252,0.00636,0.01078,0.01095,0.01119,0.00778,0.01101,0.00936,0.00708,0.00926,0.00465,0.01275
1734,0.01299,0.00845,0.00882,0.01024,0.00780,0.00891,0.00507,0.00656,0.00251,0.00636,0.01079,0.01097,0.01120,0.00778,0.01101,0.00937,0.00710,0.00929,0.00466,0.01275
1735,0.01297,0.00857,0.00888,0.01008,0.00744,0.00888,0.00511,0.00658,0.00249,0.00633,0.01078,0.01101,0.01119,0.00777,0.01096,0.00941,0.00712,0.00934,0.00468,0.01273
1736,0.01297,0.00846,0.00913,0.01002,0.00753,0.00888,0.00512,0.00659,0.00250,0.00631,0.01079,0.01104,0.01119,0.00777,0.01096,0.00944,0.00713,0.00935,0.00470,0.01275
1737,0.01297,0.00841,0.00942,0.01027,0.00773,0.00890,0.00506,0.00661,0.00255,0.00627,0.01081,0.01105,0.01119,0.00779,0.01096,0.00942,0.00710,0.00933,0.00473,0.01287
1738,0.01298,0.00830,0.00957,0.01042,0.00788,0.00890,0.00504,0.00661,0.00256,0.00627,0.01082,0.01107,0.01119,0.00780,0.01098,0.00944,0.00707,0.00932,0.00475,0.01290
1739,0.01304,0.00786,0.00992,0.01043,0.00834,0.00890,0.00503,0.00662,0.00260,0.00631,0.01085,0.01113,0.01118,0.00781,0.01109,0.00945,0.00707,0.00932,0.00477,0.01288
1740,0.01305,0.00773,0.01000,0.01053,0.00845,0.00890,0.00500,0.00662,0.00261,0.00632,0.01086,0.01113,0.01118,0.00780,0.01110,0.00947,0.00706,0.00931,0.00478,0.01289
1741,0.01302,0.00774,0.00972,0.01084,0.00832,0.00887,0.00495,0.00658,0.00255,0.00637,0.01083,0.01108,0.01117,0.00778,0.01109,0.00950,0.00703,0.00929,0.00477,0.01284
1742,0.01303,0.00789,0.00977,0.01094,0.00809,0.00885,0.00495,0.00656,0.00254,0.00639,0.01083,0.01109,0.01117,0.00778,0.01109,0.00952,0.00704,0.00931,0.00474,0.01284
1743,0.01304,0.00828,0.01008,0.01101,0.00762,0.00882,0.00495,0.00657,0.00252,0.00637,0.01083,0.01108,0.01121,0.00777,0.01102,0.00955,0.00705,0.00935,0.00469,0.01290
1744,0.01305,0.00853,0.00997,0.01099,0.00754,0.00883,0.00498,0.00657,0.00253,0.00638,0.01081,0.01109,0.01122,0.00776,0.01102,0.00955,0.00707,0.00937,0.00468,0.01293
1745,0.01310,0.00884,0.00961,0.01072,0.00757,0.00887,0.00509,0.00661,0.00259,0.00640,0.01078,0.01114,0.01122,0.00775,0.01110,0.00952,0.00712,0.00942,0.00465,0.01299
1746,0.01311,0.00902,0.00932,0.01059,0.00755,0.00890,0.00513,0.00661,0.00260,0.00641,0.01077,0.01115,0.01122,0.00775,0.01113,0.00952,0.00714,0.00943,0.00464,0.01301
1747,0.01308,0.00916,0.00889,0.01061,0.00777,0.00896,0.00515,0.00656,0.00261,0.00642,0.01075,0.01114,0.01124,0.00776,0.01119,0.00952,0.00715,0.00938,0.00466,0.01298
1748,0.01308,0.00926,0.00859,0.01056,0.00778,0.00899,0.00515,0.00656,0.00261,0.00643,0.01075,0.01112,0.01123,0.00777,0.01123,0.00953,0.00716,0.00939,0.00466,0.01296
1749,0.01310,0.00960,0.00843,0.01033,0.00756,0.00900,0.00509,0.00657,0.00260,0.00643,0.01076,0.01109,0.01120,0.00778,0.01122,0.00956,0.00715,0.00942,0.00464,0.01291
1750,0.01312,0.00924,0.00840,0.01034,0.00749,0.00898,0.00508,0.00659,0.00257,0.00641,0.01078,0.01108,0.01120,0.00779,0.01123,0.00958,0.00715,0.00944,0.00464,0.01290
1751,0.01317,0.00819,0.00822,0.01049,0.00753,0.00893,0.00509,0.00667,0.00252,0.00638,0.01079,0.01108,0.01118,0.00780,0.01125,0.00962,0.00716,0.00949,0.00467,0.01293
1752,0.01320,0.00771,0.00826,0.01041,0.00749,0.00892,0.00509,0.00670,0.00250,0.00637,0.01079,0.01109,0.01118,0.00780,0.01123,0.00963,0.00715,0.00950,0.00467,0.01294
1753,0.01320,0.00665,0.00844,0.01030,0.00731,0.00893,0.00510,0.00665,0.00246,0.00634,0.01081,0.01113,0.01120,0.00778,0.01116,0.00963,0.00714,0.00948,0.00466,0.01299
1754,0.01320,0.00670,0.00885,0.01040,0.00728,0.00893,0.00511,0.00667,0.00246,0.00634,0.01081,0.01115,0.01121,0.00778,0.01114,0.00964,0.00714,0.00948,0.00466,0.01300
1755,0.01319,0.00821,0.00976,0.01054,0.00723,0.00894,0.00509,0.00673,0.00251,0.00640,0.01080,0.01114,0.01120,0.00776,0.01108,0.00965,0.00713,0.00948,0.00465,0.01296
1756,0.01317,0.00829,0.01008,0.01049,0.00743,0.00893,0.00512,0.00672,0.00254,0.00639,0.01080,0.01115,0.01121,0.00776,0.01108,0.00964,0.00712,0.00950,0.00466,0.01296
1757,0.01314,0.00803,0.01062,0.01062,0.00795,0.00890,0.00521,0.00669,0.00255,0.00637,0.01081,0.01116,0.01123,0.00777,0.01119,0.00961,0.00711,0.00955,0.00469,0.01297
1758,0.01314,0.00830,0.01064,0.01057,0.00822,0.00890,0.00523,0.00667,0.00256,0.00635,0.01081,0.01116,0.01122,0.00777,0.01122,0.00962,0.00711,0.00956,0.00470,0.01298
1759,0.01313,0.00813,0.00968,0.01008,0.00863,0.00893,0.00521,0.00657,0.00259,0.00630,0.01080,0.01119,0.01123,0.00775,0.01126,0.00962,0.00711,0.00955,0.00471,0.01300
1760,0.01314,0.00801,0.00940,0.00994,0.00858,0.00896,0.00520,0.00656,0.00260,0.00630,0.01080,0.01120,0.01125,0.00775,0.01129,0.00962,0.00712,0.00956,0.00470,0.01302
1761,0.01319,0.00849,0.00897,0.01005,0.00806,0.00900,0.00513,0.00663,0.00260,0.00635,0.01081,0.01119,0.01127,0.00779,0.01130,0.00965,0.00716,0.00951,0.00468,0.01304
1762,0.01321,0.00829,0.00889,0.01006,0.00804,0.00901,0.00511,0.00664,0.00259,0.00636,0.01082,0.01120,0.01127,0.00779,0.01130,0.00965,0.00716,0.00953,0.00467,0.01306
1763,0.01324,0.00730,0.00962,0.01008,0.00794,0.00902,0.00517,0.00665,0.00254,0.00636,0.01085,0.01121,0.01126,0.00780,0.01128,0.00961,0.00713,0.00961,0.00466,0.01309
1764,0.01324,0.00708,0.00968,0.01003,0.00796,0.00901,0.00517,0.00667,0.00251,0.00638,0.01086,0.01123,0.01127,0.00778,0.01130,0.00961,0.00713,0.00961,0.00467,0.01309
1765,0.01320,0.00724,0.00963,0.00990,0.00834,0.00893,0.00515,0.00663,0.00248,0.00638,0.01084,0.01126,0.01125,0.00773,0.01133,0.00962,0.00713,0.00961,0.00469,0.01308
1766,0.01322,0.00735,0.00976,0.00985,0.00835,0.00893,0.00516,0.00663,0.00248,0.00639,0.01082,0.01128,0.01125,0.00772,0.01133,0.00963,0.00714,0.00960,0.00471,0.01310
1767,0.01323,0.00750,0.00923,0.00965,0.00821,0.00896,0.00516,0.00669,0.00254,0.00645,0.01075,0.01132,0.01126,0.00771,0.01135,0.00965,0.00719,0.00950,0.00474,0.01314
1768,0.01324,0.00750,0.00955,0.00988,0.00808,0.00897,0.00517,0.00670,0.00254,0.00645,0.01076,0.01132,0.01130,0.00773,0.01136,0.00966,0.00719,0.00952,0.00474,0.01315
1769,0.01328,0.00758,0.01070,0.01048,0.00792,0.00900,0.00522,0.00672,0.00250,0.00639,0.01081,0.01131,0.01135,0.00779,0.01131,0.00968,0.00717,0.00962,0.00471,0.01316
1770,0.01330,0.00760,0.01114,0.01076,0.00788,0.00900,0.00523,0.00672,0.00251,0.00639,0.01082,0.01132,0.01139,0.00780,0.01129,0.00970,0.00717,0.00966,0.00471,0.01317
1771,0.01329,0.00753,0.01187,0.01133,0.00781,0.00896,0.00520,0.00669,0.00251,0.00638,0.01086,0.01132,0.01149,0.00780,0.01130,0.00969,0.00714,0.00971,0.00467,0.01316
1772,0.01332,0.00778,0.01139,0.01165,0.00837,0.00899,0.00521,0.00667,0.00254,0.00642,0.01084,0.01134,0.01148,0.00780,0.01132,0.00970,0.00718,0.00975,0.00469,0.01318
1773,0.01330,0.00784,0.01098,0.01126,0.00793,0.00905,0.00521,0.00668,0.00259,0.00645,0.01080,0.01135,0.01142,0.00775,0.01132,0.00978,0.00721,0.00979,0.00473,0.01321
1774,0.01330,0.00776,0.01058,0.01101,0.00808,0.00911,0.00521,0.00667,0.00261,0.00651,0.01080,0.01136,0.01137,0.00778,0.01129,0.00981,0.00719,0.00981,0.00476,0.01326
1775,0.01335,0.00744,0.01003,0.01112,0.00849,0.00917,0.00527,0.00671,0.00261,0.00655,0.01077,0.01139,0.01136,0.00780,0.01136,0.00983,0.00721,0.00981,0.00477,0.01327
1776,0.01340,0.00741,0.00993,0.01056,0.00845,0.00919,0.00530,0.00676,0.00257,0.00654,0.01079,0.01143,0.01140,0.00778,0.01141,0.00987,0.00722,0.00975,0.00476,0.01326
1777,0.01342,0.00794,0.01016,0.01014,0.00925,0.00922,0.00530,0.00676,0.00253,0.00651,0.01081,0.01147,0.01144,0.00781,0.01145,0.00985,0.00718,0.00970,0.00478,0.01326
1778,0.01341,0.00797,0.01023,0.01102,0.00960,0.00921,0.00531,0.00677,0.00253,0.00652,0.01081,0.01152,0.01147,0.00785,0.01152,0.00988,0.00721,0.00971,0.00478,0.01322
1779,0.01334,0.00809,0.01069,0.01155,0.00924,0.00917,0.00526,0.00680,0.00253,0.00654,0.01085,0.01151,0.01151,0.00786,0.01156,0.00990,0.00726,0.00973,0.00476,0.01319
1780,0.01329,0.00879,0.01080,0.01198,0.00933,0.00912,0.00520,0.00683,0.00258,0.00658,0.01087,0.01146,0.01152,0.00787,0.01155,0.00993,0.00730,0.00982,0.00476,0.01323
1781,0.01335,0.00845,0.01059,0.01281,0.00922,0.00901,0.00521,0.00688,0.00262,0.00667,0.01086,0.01147,0.01154,0.00786,0.01157,0.00997,0.00732,0.00988,0.00473,0.01330
1782,0.01344,0.00811,0.01046,0.01240,0.00880,0.00900,0.00524,0.00695,0.00258,0.00668,0.01086,0.01148,0.01157,0.00785,0.01165,0.00995,0.00728,0.00986,0.00472,0.01338
1783,0.01352,0.00866,0.00943,0.01157,0.00895,0.00909,0.00522,0.00700,0.00258,0.00663,0.01089,0.01148,0.01157,0.00786,0.01167,0.00997,0.00725,0.00986,0.00473,0.01344
1784,0.01357,0.00931,0.00952,0.01087,0.00931,0.00918,0.00519,0.00696,0.00260,0.00659,0.01090,0.01151,0.01157,0.00787,0.01165,0.01004,0.00721,0.00987,0.00474,0.01346
1785,0.01356,0.00953,0.00894,0.01053,0.00925,0.00928,0.00525,0.00699,0.00262,0.00657,0.01095,0.01153,0.01160,0.00787,0.01165,0.01005,0.00718,0.00988,0.00479,0.01348
1786,0.01356,0.00995,0.00771,0.01061,0.00969,0.00929,0.00536,0.00701,0.00264,0.00659,0.01104,0.01156,0.01166,0.00789,0.01161,0.01008,0.00726,0.00993,0.00484,0.01352
1787,0.01355,0.01102,0.00945,0.01084,0.01010,0.00930,0.00542,0.00692,0.00260,0.00663,0.01102,0.01163,0.01173,0.00790,0.01160,0.01013,0.00730,0.01007,0.00488,0.01358
1788,0.01361,0.01080,0.01033,0.01177,0.00992,0.00932,0.00551,0.00693,0.00252,0.00666,0.01104,0.01168,0.01179,0.00789,0.01165,0.01013,0.00733,0.01017,0.00490,0.01367
1789,0.01375,0.01062,0.01053,0.01191,0.01027,0.00937,0.00548,0.00691,0.00248,0.00668,0.01105,0.01172,0.01177,0.00793,0.01171,0.01019,0.00738,0.01018,0.00484,0.01371
1790,0.01379,0.01129,0.01294,0.01143,0.01029,0.00947,0.00541,0.00682,0.00250,0.00672,0.01097,0.01170,0.01174,0.00787,0.01177,0.01027,0.00737,0.01026,0.00480,0.01371
1791,0.01392,0.01130,0.01383,0.01046,0.01012,0.00946,0.00543,0.00694,0.00253,0.00670,0.01099,0.01164,0.01172,0.00779,0.01181,0.01033,0.00738,0.01031,0.00480,0.01374
1792,0.01410,0.01161,0.01356,0.00871,0.00984,0.00946,0.00541,0.00710,0.00252,0.00667,0.01102,0.01168,0.01172,0.00774,0.01185,0.01044,0.00738,0.01026,0.00482,0.01379
1793,0.01418,0.01163,0.01454,0.00915,0.00935,0.00951,0.00545,0.00713,0.00255,0.00674,0.01101,0.01174,0.01182,0.00766,0.01196,0.01046,0.00736,0.01033,0.00488,0.01385
1794,0.01424,0.01068,0.01419,0.00947,0.00956,0.00949,0.00554,0.00723,0.00262,0.00675,0.01106,0.01176,0.01196,0.00770,0.01207,0.01048,0.00737,0.01045,0.00492,0.01392
1795,0.01434,0.01065,0.01302,0.00938,0.00976,0.00954,0.00556,0.00727,0.00268,0.00671,0.01109,0.01183,0.01206,0.00774,0.01217,0.01054,0.00732,0.01044,0.00493,0.01399
1796,0.01448,0.01144,0.01325,0.01230,0.00988,0.00962,0.00555,0.00723,0.00269,0.00675,0.01114,0.01188,0.01215,0.00772,0.01224,0.01057,0.00732,0.01051,0.00493,0.01408
1797,0.01455,0.01161,0.01330,0.01296,0.01014,0.00967,0.00560,0.00729,0.00273,0.00676,0.01124,0.01194,0.01222,0.00777,0.01225,0.01059,0.00741,0.01064,0.00491,0.01414
1798,0.01473,0.01225,0.01472,0.01170,0.01056,0.00978,0.00570,0.00736,0.00269,0.00675,0.01130,0.01210,0.01234,0.00772,0.01229,0.01063,0.00744,0.01072,0.00493,0.01423
1799,0.01490,0.01182,0.01685,0.01151,0.01004,0.00992,0.00563,0.00740,0.00259,0.00690,0.01134,0.01219,0.01242,0.00767,0.01228,0.01078,0.00757,0.01084,0.00498,0.01434
1800,0.01487,0.00954,0.01826,0.00930,0.01060,0.00998,0.00568,0.00747,0.00268,0.00700,0.01132,0.01226,0.01246,0.00768,0.01236,0.01096,0.00775,0.01097,0.00510,0.01428
1801,0.01385,0.02923,0.02107,0.02207,0.01464,0.01076,0.00896,0.00830,0.00346,0.00702,0.01145,0.01075,0.01162,0.00868,0.01203,0.00940,0.00694,0.01073,0.00667,0.01296
1802,0.01408,0.03135,0.02538,0.02043,0.01383,0.01077,0.00914,0.00832,0.00363,0.00718,0.01149,0.01082,0.01174,0.00869,0.01203,0.00951,0.00705,0.01074,0.00680,0.01307
1803,0.01418,0.03251,0.02742,0.02027,0.01447,0.01079,0.00925,0.00833,0.00366,0.00726,0.01153,0.01087,0.01177,0.00871,0.01208,0.00956,0.00707,0.01075,0.00684,0.01312
1804,0.01434,0.03086,0.02706,0.01665,0.01614,0.01069,0.00939,0.00821,0.00343,0.00722,0.01158,0.01082,0.01164,0.00873,0.01217,0.00955,0.00694,0.01056,0.00680,0.01319
1805,0.01448,0.03277,0.02889,0.01770,0.01741,0.01075,0.00944,0.00825,0.00337,0.00734,0.01159,0.01083,0.01166,0.00880,0.01225,0.00955,0.00694,0.01059,0.00683,0.01328
1806,0.01446,0.04140,0.03172,0.02681,0.01925,0.01101,0.00926,0.00837,0.00334,0.00766,0.01154,0.01093,0.01168,0.00892,0.01242,0.00950,0.00694,0.01087,0.00676,0.01338
1807,0.01451,0.04611,0.03470,0.03311,0.02030,0.01114,0.00929,0.00843,0.00333,0.00781,0.01155,0.01101,0.01172,0.00902,0.01254,0.00953,0.00692,0.01095,0.00675,0.01345
1808,0.01468,0.04910,0.04079,0.04454,0.01923,0.01133,0.00946,0.00866,0.00343,0.00801,0.01158,0.01110,0.01189,0.00920,0.01272,0.00959,0.00696,0.01097,0.00685,0.01356
1809,0.01483,0.05355,0.04392,0.05121,0.02063,0.01142,0.00952,0.00875,0.00347,0.00810,0.01159,0.01115,0.01200,0.00929,0.01277,0.00965,0.00699,0.01106,0.00692,0.01368
1810,0.01484,0.05844,0.04331,0.05405,0.02256,0.01125,0.00966,0.00864,0.00348,0.00800,0.01160,0.01121,0.01205,0.00930,0.01267,0.00974,0.00701,0.01100,0.00696,0.01377
1811,0.01501,0.05961,0.04429,0.05321,0.02568,0.01129,0.00980,0.00857,0.00352,0.00777,0.01160,0.01120,0.01212,0.00937,0.01257,0.00991,0.00696,0.01106,0.00695,0.01384
1812,0.01532,0.06713,0.04818,0.05528,0.02836,0.01141,0.00993,0.00864,0.00356,0.00774,0.01168,0.01129,0.01223,0.00937,0.01259,0.01008,0.00700,0.01114,0.00704,0.01386
1813,0.01593,0.08346,0.05362,0.05109,0.03570,0.01153,0.00990,0.00883,0.00351,0.00780,0.01183,0.01137,0.01244,0.00926,0.01249,0.01033,0.00717,0.01150,0.00727,0.01381
1814,0.01631,0.09136,0.05640,0.05027,0.03974,0.01177,0.00996,0.00893,0.00365,0.00779,0.01191,0.01145,0.01257,0.00921,0.01258,0.01044,0.00717,0.01153,0.00739,0.01390
1815,0.01688,0.09530,0.06268,0.05382,0.04129,0.01253,0.01018,0.00924,0.00415,0.00786,0.01208,0.01166,0.01270,0.00912,0.01305,0.01050,0.00700,0.01125,0.00755,0.01401
1816,0.01732,0.10533,0.06784,0.05739,0.04110,0.01281,0.01031,0.00935,0.00428,0.00796,0.01217,0.01174,0.01282,0.00909,0.01326,0.01059,0.00701,0.01121,0.00760,0.01405
1817,0.01733,0.10231,0.06300,0.05751,0.03045,0.01272,0.01040,0.00907,0.00414,0.00790,0.01200,0.01155,0.01283,0.00908,0.01340,0.01053,0.00690,0.01108,0.00747,0.01422
1818,0.01748,0.11201,0.06391,0.06133,0.03077,0.01287,0.01041,0.00908,0.00427,0.00808,0.01200,0.01157,0.01289,0.00912,0.01356,0.01054,0.00698,0.01102,0.00740,0.01437
1819,0.01767,0.14323,0.07377,0.07728,0.03722,0.01280,0.01031,0.00920,0.00426,0.00852,0.01210,0.01168,0.01287,0.00922,0.01370,0.01059,0.00736,0.01107,0.00720,0.01422
1820,0.01754,0.17055,0.08130,0.08610,0.03988,0.01270,0.01022,0.00936,0.00426,0.00907,0.01219,0.01183,0.01313,0.00937,0.01375,0.01082,0.00780,0.01135,0.00715,0.01434
1821,0.01789,0.19113,0.09585,0.09836,0.05279,0.01313,0.01024,0.00954,0.00457,0.00963,0.01234,0.01194,0.01316,0.00952,0.01374,0.01089,0.00807,0.01154,0.00707,0.01448
1822,0.01812,0.21552,0.11033,0.11143,0.10213,0.01439,0.01006,0.01002,0.00566,0.01063,0.01267,0.01228,0.01308,0.00971,0.01367,0.01085,0.00836,0.01177,0.00699,0.01488
1823,0.01896,0.23383,0.12975,0.13014,0.12188,0.01501,0.01019,0.01023,0.00605,0.01097,0.01283,0.01232,0.01316,0.00992,0.01357,0.01086,0.00858,0.01192,0.00700,0.01508
1824,0.02112,0.21949,0.16580,0.15478,0.11460,0.01588,0.01074,0.01026,0.00608,0.01080,0.01289,0.01181,0.01319,0.01019,0.01302,0.01074,0.00846,0.01206,0.00702,0.01521
1825,0.02272,0.23392,0.19722,0.17584,0.12654,0.01632,0.01131,0.01036,0.00632,0.01088,0.01307,0.01196,0.01336,0.01042,0.01312,0.01084,0.00865,0.01233,0.00721,0.01543
1826,0.02480,0.26882,0.22530,0.18789,0.11916,0.01525,0.01230,0.01021,0.00608,0.01005,0.01322,0.01264,0.01389,0.01071,0.01400,0.01103,0.00942,0.01263,0.00789,0.01567
1827,0.02673,0.28334,0.26285,0.20139,0.12107,0.01565,0.01313,0.01041,0.00635,0.01002,0.01339,0.01292,0.01431,0.01094,0.01435,0.01136,0.00947,0.01288,0.00828,0.01592
1828,0.02646,0.30038,0.28381,0.19678,0.13464,0.01718,0.01437,0.01085,0.00729,0.01066,0.01362,0.01362,0.01482,0.01091,0.01498,0.01220,0.00853,0.01346,0.00866,0.01615
1829,0.02912,0.31778,0.33747,0.20259,0.15934,0.01858,0.01546,0.01142,0.00824,0.01162,0.01405,0.01426,0.01537,0.01118,0.01565,0.01297,0.00836,0.01396,0.00919,0.01661
1830,0.03401,0.32630,0.43132,0.21019,0.19418,0.02075,0.01648,0.01237,0.00953,0.01329,0.01463,0.01477,0.01600,0.01161,0.01623,0.01391,0.00826,0.01441,0.00976,0.01726
1831,0.04352,0.28018,0.70870,0.21223,0.21470,0.02651,0.01704,0.01464,0.01187,0.01689,0.01535,0.01397,0.01693,0.01229,0.01560,0.01523,0.00735,0.01432,0.01035,0.01798
1832,0.05168,0.30476,1.03428,0.22468,0.30073,0.02969,0.01818,0.01628,0.01388,0.02000,0.01631,0.01459,0.01745,0.01307,0.01665,0.01660,0.00723,0.01484,0.01045,0.01956
1833,0.06531,0.40880,2.72920,0.24982,0.53703,0.02862,0.01829,0.01806,0.01580,0.02424,0.01839,0.01712,0.01727,0.01454,0.02018,0.01820,0.00940,0.01578,0.00977,0.02222
1834,0.08384,0.48728,5.56085,0.27893,0.65949,0.03256,0.02121,0.02004,0.01877,0.02987,0.01995,0.01870,0.01774,0.01614,0.02245,0.01992,0.01101,0.01707,0.00993,0.02646
1835,0.09032,0.67719,2.44900,0.34184,0.78031,0.03653,0.02813,0.01862,0.02234,0.03629,0.02085,0.02008,0.01785,0.01784,0.02545,0.02099,0.01239,0.01913,0.00883,0.03552
1836,0.12387,0.72564,1.42603,0.39679,0.82020,0.04458,0.03549,0.02196,0.02572,0.04314,0.02201,0.02220,0.01804,0.01979,0.02787,0.02318,0.01434,0.02153,0.00875,0.04254
1837,0.20864,0.52221,0.62454,0.44210,0.65758,0.06586,0.04841,0.03074,0.02833,0.04867,0.01987,0.02287,0.01763,0.02264,0.02521,0.02566,0.01902,0.02373,0.01252,0.04735
1838,0.28902,0.54192,0.50224,0.46411,0.49466,0.07933,0.05665,0.03698,0.02938,0.05362,0.02033,0.02353,0.01908,0.02349,0.02528,0.02746,0.02080,0.02646,0.01463,0.05207
1839,0.29703,0.72037,0.37218,0.39680,0.19765,0.07545,0.04800,0.04423,0.01855,0.04618,0.02299,0.02276,0.02131,0.01915,0.02609,0.02729,0.01574,0.02961,0.01393,0.04552
1840,0.32587,0.68139,0.37394,0.41343,0.17626,0.07761,0.04662,0.05002,0.01624,0.04391,0.02386,0.02331,0.02346,0.01785,0.02628,0.02844,0.01452,0.03079,0.01488,0.04300
1841,0.32676,0.61019,0.44633,0.45934,0.21492,0.07653,0.04483,0.05186,0.01709,0.04229,0.02450,0.02385,0.02618,0.01697,0.02650,0.02937,0.01380,0.03048,0.01604,0.04094
1842,0.22331,0.62189,1.25985,0.53521,0.32415,0.06341,0.03683,0.04131,0.02047,0.04087,0.02611,0.02391,0.03203,0.01524,0.02684,0.02936,0.01187,0.02766,0.01749,0.03994
1843,0.22772,0.59667,1.51869,0.64794,0.34676,0.06181,0.03832,0.04247,0.02349,0.04018,0.02625,0.02297,0.03231,0.01502,0.02800,0.02881,0.01235,0.02729,0.01756,0.03860
1844,0.27524,0.45383,1.65141,0.92143,0.49495,0.06799,0.05158,0.05028,0.03454,0.04433,0.02352,0.02262,0.02879,0.01750,0.02959,0.02879,0.01626,0.02538,0.01765,0.03867
1845,0.29851,0.42922,1.36958,1.18286,0.57343,0.06812,0.05183,0.04906,0.03571,0.04178,0.02342,0.02167,0.02801,0.01819,0.02986,0.02821,0.01782,0.02541,0.01735,0.03694
1846,0.37686,0.44102,0.38594,1.96784,0.42022,0.06636,0.04804,0.04576,0.03150,0.03317,0.02520,0.01719,0.02647,0.01840,0.03056,0.02587,0.01937,0.02900,0.01473,0.03279
1847,0.41448,0.47609,0.34807,3.58043,0.45270,0.06648,0.04627,0.04382,0.02948,0.03061,0.02542,0.01662,0.02498,0.01839,0.03079,0.02456,0.01992,0.02941,0.01434,0.03153
1848,0.45479,0.66470,0.53921,-4.67809,0.88891,0.06716,0.03384,0.03404,0.02086,0.02570,0.02538,0.02088,0.02365,0.01848,0.02967,0.02411,0.02077,0.02794,0.01741,0.03005
1849,0.44725,0.78587,0.68257,-3.59542,1.52233,0.06626,0.03168,0.03035,0.01912,0.02484,0.02540,0.02091,0.02318,0.01816,0.02871,0.02319,0.02010,0.02749,0.01679,0.02975
1850,0.40479,0.82872,0.97400,-42.39090,2.97676,0.06505,0.03419,0.02948,0.02021,0.02693,0.02518,0.01991,0.02290,0.01747,0.02774,0.02207,0.01841,0.02686,0.01499,0.03072
1851,0.32409,0.88837,12.57665,1.20642,238.32530,0.06376,0.04726,0.03356,0.02666,0.03656,0.02393,0.01734,0.02112,0.01458,0.02656,0.02038,0.01415,0.02414,0.01123,0.03545
1852,0.29746,0.94888,3.41077,0.83337,-22.51028,0.06483,0.04831,0.03600,0.02649,0.03843,0.02373,0.01872,0.02226,0.01624,0.02746,0.01933,0.01334,0.02513,0.01128,0.03654
1853,0.26016,0.75455,0.69824,0.42790,5.12852,0.06535,0.05096,0.04366,0.02830,0.03976,0.02458,0.01997,0.02848,0.02120,0.02993,0.01793,0.01204,0.03028,0.01080,0.03779
1854,0.25733,0.75515,0.59399,0.42453,2.94717,0.06585,0.04935,0.04381,0.02834,0.03955,0.02427,0.02045,0.02789,0.02243,0.02997,0.01775,0.01303,0.03009,0.01070,0.03675
1855,0.31370,0.98499,0.41488,0.74373,1.46993,0.07141,0.03614,0.04111,0.01986,0.03420,0.02335,0.02499,0.02397,0.02576,0.03162,0.01860,0.01911,0.02964,0.01454,0.03466
1856,0.30816,0.94386,0.39079,0.97014,1.10747,0.07118,0.03407,0.03929,0.02031,0.03388,0.02302,0.02584,0.02278,0.02547,0.03058,0.01892,0.01960,0.02812,0.01519,0.03088
1857,0.27432,0.64388,0.80124,3.04473,0.65565,0.06568,0.04030,0.03215,0.02895,0.03611,0.02248,0.02382,0.01840,0.01985,0.02606,0.02031,0.01860,0.02217,0.01264,0.02282
1858,0.25131,0.63269,0.99824,4.21237,0.48666,0.06400,0.03942,0.03020,0.03024,0.03633,0.02219,0.02141,0.01771,0.01815,0.02363,0.02037,0.01733,0.02020,0.01195,0.02048
1859,0.21128,0.74698,0.59200,1.34919,0.54748,0.06472,0.03662,0.03297,0.03305,0.03884,0.02307,0.01758,0.02250,0.01797,0.02108,0.01976,0.01304,0.02024,0.01256,0.01923
1860,0.18921,0.95541,0.61200,1.10957,0.45650,0.06194,0.03593,0.03271,0.03193,0.03828,0.02272,0.01607,0.02322,0.01708,0.01986,0.01906,0.01105,0.01977,0.01233,0.01898
1861,0.17581,1.33944,0.72542,0.93645,0.37929,0.05844,0.03499,0.03201,0.02837,0.03635,0.02195,0.01489,0.02294,0.01633,0.01919,0.01812,0.00971,0.01960,0.01188,0.02001
1862,0.16828,2.48780,1.05395,0.61134,0.42590,0.05540,0.03147,0.03181,0.01889,0.03148,0.02076,0.01209,0.02131,0.01630,0.01904,0.01641,0.00879,0.02009,0.01079,0.02450
1863,0.16943,3.46407,1.69917,0.53683,0.44246,0.05225,0.03085,0.03071,0.01661,0.03000,0.01997,0.01219,0.02112,0.01579,0.01872,0.01568,0.00834,0.02018,0.01114,0.02540
1864,0.17905,-10.83067,-1.82822,0.61005,0.26979,0.04358,0.03091,0.02552,0.01293,0.02753,0.01779,0.01540,0.01964,0.01365,0.01867,0.01469,0.00831,0.02032,0.01149,0.02560
1865,0.17593,-5.27049,-2.17564,0.69865,0.20409,0.04173,0.03386,0.02667,0.01298,0.02693,0.01744,0.01648,0.01935,0.01391,0.01904,0.01452,0.00857,0.02016,0.01257,0.02515
1866,0.17801,2.00046,1.41821,0.89772,0.49579,0.04536,0.04193,0.03297,0.02042,0.03033,0.01855,0.01850,0.02162,0.01657,0.01995,0.01510,0.00972,0.02015,0.01600,0.02231
1867,0.18178,1.32785,0.98301,1.12859,0.53529,0.04499,0.04409,0.03550,0.02322,0.03022,0.01876,0.01878,0.02183,0.01729,0.02011,0.01584,0.01080,0.01944,0.01742,0.02198
1868,0.16181,0.68712,0.64607,4.54119,0.38169,0.04643,0.04828,0.04236,0.02692,0.02640,0.01977,0.01602,0.01984,0.01883,0.02072,0.01784,0.01325,0.01686,0.01905,0.02172
1869,0.16478,0.59919,0.49983,-17.95104,0.39926,0.04729,0.04962,0.04518,0.02885,0.02671,0.02063,0.01576,0.01934,0.01977,0.02119,0.01921,0.01447,0.01578,0.01942,0.02244
1870,0.20348,0.64401,0.40493,8.19940,0.50127,0.04932,0.04387,0.04467,0.02943,0.02846,0.02221,0.01583,0.01940,0.01947,0.02003,0.02153,0.01627,0.01285,0.01843,0.02697
1871,0.22563,0.86743,0.49302,-4.50379,0.55115,0.04130,0.03512,0.03867,0.02512,0.02889,0.02104,0.01594,0.01878,0.01772,0.01986,0.02201,0.01496,0.01515,0.01566,0.03010
1872,0.22725,1.13606,0.49559,4.26876,0.63401,0.04060,0.03239,0.03489,0.02350,0.03190,0.02070,0.01651,0.01862,0.01666,0.02055,0.02219,0.01484,0.01563,0.01376,0.03057
1873,0.23252,9.65764,0.43097,1.23117,0.85391,0.04437,0.03589,0.03058,0.02047,0.04114,0.02100,0.02078,0.02079,0.01611,0.02354,0.02175,0.01415,0.01776,0.01107,0.03053
1874,0.21055,6.21749,0.44638,0.78367,0.85894,0.04226,0.03278,0.02755,0.01969,0.04109,0.01931,0.01952,0.01918,0.01473,0.02260,0.02045,0.01279,0.01781,0.00984,0.02850
1875,0.15084,1.25135,0.63047,0.42771,0.70730,0.04281,0.03088,0.02606,0.02185,0.04090,0.01611,0.01575,0.01627,0.01269,0.02136,0.01899,0.01161,0.01774,0.00973,0.02455
1876,0.13403,1.15013,0.64628,0.35844,0.60405,0.03698,0.02649,0.02383,0.02051,0.03498,0.01546,0.01365,0.01442,0.01227,0.01940,0.01708,0.01083,0.01634,0.00971,0.02112
1877,0.13563,1.03981,0.52010,0.25706,0.45432,0.02566,0.01904,0.02155,0.01905,0.02395,0.01639,0.01071,0.01170,0.01264,0.01576,0.01489,0.00981,0.01420,0.01048,0.01710
1878,0.12056,1.04101,0.52701,0.23572,0.18898,0.02222,0.01641,0.02059,0.01763,0.01999,0.01513,0.00951,0.01069,0.01242,0.01427,0.01332,0.00890,0.01328,0.01042,0.01522
1879,0.11819,1.15092,0.55240,0.31363,0.14109,0.01836,0.01468,0.02161,0.01458,0.01597,0.01349,0.00938,0.01059,0.01234,0.01352,0.01160,0.00866,0.01218,0.01029,0.01384
1880,0.10682,1.18729,0.54065,0.36006,0.12427,0.01789,0.01393,0.01965,0.01322,0.01361,0.01269,0.00901,0.01027,0.01220,0.01291,0.01052,0.00785,0.01155,0.00976,0.01310
1881,0.09190,0.99562,0.48198,0.39116,0.04164,0.02135,0.01545,0.01614,0.01260,0.01372,0.01118,0.00898,0.00966,0.01168,0.01312,0.00930,0.00605,0.01147,0.00904,0.01324
1882,0.06284,1.35096,0.59160,0.53952,0.01437,0.02357,0.01534,0.01492,0.01267,0.01399,0.00982,0.00878,0.01005,0.01199,0.01240,0.00918,0.00535,0.01156,0.00824,0.01338
1883,0.05152,1.34982,0.67863,0.62859,0.04346,0.02393,0.01467,0.01328,0.01161,0.01313,0.00976,0.00835,0.01039,0.01145,0.01182,0.00877,0.00529,0.01076,0.00769,0.01285
1884,0.04177,9.58937,0.89863,0.87529,0.40073,0.02434,0.01347,0.00953,0.01019,0.01116,0.01125,0.00754,0.01123,0.01062,0.01093,0.00833,0.00563,0.00951,0.00710,0.01202
1885,0.03534,3.39118,0.98656,0.89092,0.79795,0.02339,0.01330,0.00947,0.00957,0.01086,0.01111,0.00749,0.01106,0.01046,0.01069,0.00825,0.00575,0.00867,0.00699,0.01122
1886,0.02973,0.71629,1.38544,0.58797,0.82727,0.02028,0.01264,0.01186,0.00844,0.01086,0.01042,0.00752,0.01079,0.00984,0.01079,0.00830,0.00656,0.00690,0.00685,0.00968
1887,0.03057,0.65485,1.13681,0.51624,0.82674,0.01922,0.01258,0.01244,0.00787,0.01068,0.01035,0.00750,0.01042,0.00993,0.01047,0.00831,0.00670,0.00651,0.00688,0.00918
1888,0.03962,0.67242,0.58158,0.34818,0.43989,0.01834,0.01392,0.01387,0.00790,0.01123,0.00975,0.00798,0.00884,0.01105,0.01009,0.00869,0.00638,0.00717,0.00743,0.00914
1889,0.04158,0.58703,0.46053,0.30646,0.38024,0.01766,0.01401,0.01423,0.00801,0.01116,0.00979,0.00797,0.00851,0.01143,0.00988,0.00877,0.00624,0.00727,0.00746,0.00889
1890,0.04603,0.49847,0.33787,0.35190,0.41202,0.01705,0.01360,0.01344,0.00801,0.00988,0.01054,0.00708,0.00870,0.01168,0.00965,0.00884,0.00612,0.00745,0.00677,0.00857
1891,0.04458,0.73917,0.27647,0.55058,0.29830,0.01813,0.01275,0.01276,0.00846,0.01023,0.01170,0.00734,0.00953,0.01214,0.00876,0.00874,0.00596,0.00808,0.00759,0.00897
1892,0.04436,0.49480,0.24068,0.65374,0.35857,0.01765,0.01300,0.01277,0.00943,0.01111,0.01172,0.00778,0.00977,0.01156,0.00822,0.00787,0.00572,0.00832,0.00762,0.00964
1893,0.04034,0.38704,0.25468,0.73767,0.52265,0.01560,0.01203,0.01288,0.01002,0.01095,0.01135,0.00795,0.00986,0.01117,0.00878,0.00695,0.00468,0.00839,0.00677,0.01025
1894,0.04171,0.37608,0.30100,0.69127,0.44485,0.01574,0.01231,0.01320,0.01058,0.01106,0.01102,0.00819,0.01001,0.01054,0.00910,0.00659,0.00440,0.00837,0.00651,0.01057
1895,0.04952,0.37384,0.48152,0.54069,0.33099,0.01617,0.01389,0.01420,0.01077,0.01160,0.00926,0.00851,0.00952,0.00887,0.00952,0.00605,0.00416,0.00811,0.00599,0.01163
1896,0.05595,0.42580,0.57966,0.49238,0.30285,0.01712,0.01502,0.01496,0.01143,0.01175,0.00923,0.00903,0.00964,0.00832,0.00995,0.00609,0.00400,0.00847,0.00606,0.01174
1897,0.06408,0.67980,0.66435,0.41935,0.24565,0.02156,0.01618,0.01624,0.01339,0.01086,0.01103,0.01009,0.01057,0.00798,0.01123,0.00723,0.00445,0.00909,0.00671,0.00995
1898,0.07096,0.74391,0.76544,0.41924,0.20082,0.02380,0.01819,0.01674,0.01384,0.01136,0.01137,0.01062,0.01097,0.00827,0.01165,0.00804,0.00487,0.00943,0.00731,0.00963
1899,0.08018,0.67999,0.66354,0.48716,0.11685,0.02505,0.02265,0.01613,0.01337,0.01253,0.01195,0.01169,0.01094,0.01050,0.01116,0.00912,0.00501,0.01046,0.00904,0.01011
1900,0.08800,0.75637,0.88020,0.53630,0.07640,0.02673,0.02465,0.01675,0.01312,0.01445,0.01264,0.01209,0.01130,0.01182,0.01116,0.01011,0.00568,0.01152,0.01007,0.01020
1901,0.09351,0.67062,4.00602,0.61100,0.04262,0.02818,0.02533,0.01756,0.01192,0.01946,0.01251,0.01139,0.01171,0.01353,0.01090,0.01104,0.00731,0.01253,0.01076,0.01015
1902,0.10468,0.72139,-3.43301,0.71293,0.07824,0.02647,0.02651,0.01780,0.00808,0.02284,0.01096,0.00901,0.01222,0.01502,0.01072,0.01280,0.00868,0.01235,0.01110,0.01208
1903,0.12098,0.68009,-25.91614,0.73265,0.18045,0.03086,0.02604,0.02206,0.00892,0.02470,0.01316,0.01003,0.01283,0.01567,0.01098,0.01399,0.01007,0.01454,0.01154,0.01345
1904,0.14358,0.64371,2.75201,0.73605,0.22497,0.03663,0.02553,0.02897,0.01087,0.02600,0.01594,0.01144,0.01434,0.01527,0.01220,0.01474,0.01199,0.01653,0.01168,0.01323
1905,0.15328,0.63687,1.33454,0.73269,0.27922,0.03771,0.02427,0.02948,0.01160,0.02557,0.01616,0.01186,0.01506,0.01434,0.01209,0.01438,0.01255,0.01765,0.01192,0.01339
1906,0.16017,0.54462,0.41836,0.65020,0.41702,0.03879,0.02473,0.02562,0.01435,0.02020,0.01476,0.01376,0.01556,0.01198,0.01138,0.01251,0.01237,0.01939,0.01228,0.01367
1907,0.15397,0.53404,0.31971,0.54557,0.63548,0.03695,0.02422,0.02460,0.01506,0.01908,0.01457,0.01386,0.01540,0.01105,0.01107,0.01178,0.01149,0.01850,0.01231,0.01354
1908,0.12096,0.56511,0.26268,0.37675,0.54739,0.02856,0.02117,0.02036,0.01269,0.01955,0.01344,0.01220,0.01455,0.01028,0.01057,0.01094,0.00923,0.01576,0.01250,0.01341
1909,0.10358,0.66397,0.25151,0.31260,0.61811,0.02534,0.01998,0.01805,0.01245,0.01922,0.01213,0.01093,0.01406,0.00960,0.00959,0.00994,0.00798,0.01364,0.01202,0.01251
1910,0.10833,1.03415,0.40289,0.30573,0.68887,0.02640,0.02005,0.02009,0.01467,0.02095,0.01272,0.01005,0.01393,0.00983,0.00924,0.00950,0.00693,0.01038,0.01178,0.01107
1911,0.09125,1.06548,0.46961,0.36584,0.77211,0.02348,0.01938,0.01809,0.01311,0.01931,0.01150,0.00889,0.01282,0.00954,0.00838,0.00876,0.00600,0.00852,0.01057,0.01034
1912,0.07723,1.03992,0.47755,0.59198,0.89098,0.02098,0.01884,0.01506,0.01039,0.01703,0.00864,0.00723,0.01160,0.00880,0.00697,0.00808,0.00514,0.00718,0.00959,0.01019
1913,0.06642,1.26631,0.56371,0.78211,1.18315,0.01793,0.01861,0.01184,0.00894,0.01463,0.00699,0.00635,0.01080,0.00843,0.00587,0.00700,0.00481,0.00650,0.00735,0.00886
1914,0.06090,0.66049,0.58165,1.04213,1.67403,0.01295,0.01769,0.00849,0.00718,0.01197,0.00765,0.00587,0.00993,0.00892,0.00563,0.00594,0.00509,0.00651,0.00513,0.00811
1915,0.04600,0.42580,0.55199,0.87986,1.14605,0.01131,0.01795,0.00784,0.00586,0.00973,0.00762,0.00561,0.00854,0.00905,0.00513,0.00562,0.00536,0.00738,0.00501,0.00779
1916,0.03712,0.37921,0.59025,0.79345,1.08569,0.01040,0.01598,0.00738,0.00505,0.00857,0.00760,0.00508,0.00722,0.00896,0.00478,0.00529,0.00515,0.00714,0.00491,0.00729
1917,0.03163,0.32162,0.70412,0.56049,0.89474,0.01001,0.01318,0.00755,0.00486,0.00833,0.00842,0.00428,0.00564,0.00911,0.00452,0.00500,0.00512,0.00719,0.00512,0.00641
1918,0.02677,0.35770,0.71740,0.55073,1.02468,0.00930,0.01156,0.00713,0.00450,0.00738,0.00818,0.00412,0.00515,0.00876,0.00446,0.00469,0.00490,0.00662,0.00521,0.00627
1919,0.02014,0.71546,0.77760,0.60618,1.88009,0.00897,0.00897,0.00705,0.00380,0.00612,0.00718,0.00400,0.00464,0.00786,0.00453,0.00447,0.00421,0.00501,0.00570,0.00666
1920,0.01684,1.10126,0.62607,0.67073,26.63491,0.00875,0.00809,0.00658,0.00363,0.00563,0.00685,0.00416,0.00454,0.00763,0.00437,0.00432,0.00400,0.00451,0.00571,0.00649
1921,0.01489,-1.10606,0.38150,1.16266,-0.71627,0.00838,0.00828,0.00546,0.00376,0.00481,0.00662,0.00495,0.00520,0.00750,0.00418,0.00401,0.00401,0.00436,0.00562,0.00627
1922,0.01308,0.00130,0.32579,2.30103,-0.63786,0.00829,0.00785,0.00520,0.00399,0.00468,0.00643,0.00504,0.00539,0.00741,0.00403,0.00384,0.00394,0.00421,0.00548,0.00599
1923,0.01120,0.61851,0.27214,3.46102,-1.57482,0.00851,0.00732,0.00542,0.00437,0.00529,0.00630,0.00506,0.00541,0.00761,0.00368,0.00384,0.00389,0.00425,0.00528,0.00556
1924,0.01035,1.59833,0.25277,3.81373,-8.46249,0.00873,0.00752,0.00514,0.00472,0.00580,0.00632,0.00464,0.00544,0.00762,0.00363,0.00374,0.00386,0.00454,0.00487,0.00509
1925,0.01033,0.82843,0.29330,-1.33673,1.00941,0.00901,0.00722,0.00508,0.00540,0.00531,0.00617,0.00423,0.00543,0.00737,0.00359,0.00368,0.00380,0.00450,0.00452,0.00443
1926,0.01074,0.93656,0.39267,-1.11221,1.46341,0.00885,0.00669,0.00535,0.00547,0.00500,0.00606,0.00391,0.00561,0.00738,0.00354,0.00379,0.00407,0.00422,0.00447,0.00411
1927,0.01128,0.66316,0.52539,-0.96564,-2.88587,0.00866,0.00647,0.00498,0.00530,0.00468,0.00609,0.00381,0.00573,0.00718,0.00359,0.00394,0.00413,0.00394,0.00462,0.00413
1928,0.01154,0.57762,0.71502,-0.62768,-4.44900,0.00814,0.00641,0.00473,0.00546,0.00437,0.00592,0.00384,0.00564,0.00705,0.00343,0.00412,0.00398,0.00372,0.00477,0.00391
1929,0.01072,0.54103,0.93406,-0.98070,610.24095,0.00772,0.00631,0.00491,0.00520,0.00433,0.00597,0.00388,0.00558,0.00704,0.00340,0.00404,0.00385,0.00381,0.00476,0.00390
1930,0.00879,0.53087,1.04233,1.22627,1.12542,0.00680,0.00628,0.00545,0.00442,0.00498,0.00626,0.00402,0.00548,0.00706,0.00358,0.00372,0.00352,0.00428,0.00469,0.00435
1931,0.00810,0.53058,1.10249,0.77997,0.60736,0.00650,0.00612,0.00550,0.00419,0.00495,0.00628,0.00407,0.00532,0.00704,0.00352,0.00360,0.00336,0.00427,0.00464,0.00433
1932,0.00726,0.55288,1.11486,0.79044,0.23152,0.00668,0.00597,0.00598,0.00425,0.00462,0.00625,0.00411,0.00508,0.00715,0.00334,0.00339,0.00328,0.00440,0.00455,0.00394
1933,0.00676,0.56796,1.07287,0.74162,0.18901,0.00661,0.00584,0.00584,0.00394,0.00442,0.00624,0.00420,0.00494,0.00718,0.00316,0.00325,0.00317,0.00434,0.00444,0.00390
1934,0.00670,0.64736,1.01006,0.71598,0.15800,0.00636,0.00564,0.00516,0.00363,0.00409,0.00616,0.00442,0.00476,0.00715,0.00293,0.00317,0.00305,0.00398,0.00430,0.00395
1935,0.00690,0.66245,0.86500,0.93585,0.29072,0.00654,0.00546,0.00451,0.00330,0.00386,0.00593,0.00434,0.00471,0.00719,0.00258,0.00325,0.00308,0.00361,0.00431,0.00394
1936,0.00651,0.77129,0.44596,0.79284,1.14296,0.00670,0.00540,0.00441,0.00301,0.00395,0.00594,0.00425,0.00471,0.00708,0.00239,0.00330,0.00299,0.00362,0.00421,0.00391
1937,0.00659,0.96432,0.37151,0.62370,-14.54031,0.00665,0.00570,0.00429,0.00275,0.00414,0.00606,0.00416,0.00465,0.00691,0.00240,0.00322,0.00289,0.00341,0.00382,0.00402
1938,0.00639,2.43773,0.42534,0.58752,-6.74769,0.00684,0.00566,0.00455,0.00266,0.00422,0.00604,0.00374,0.00472,0.00688,0.00238,0.00320,0.00290,0.00324,0.00363,0.00402
1939,0.00581,-0.91685,0.50570,0.52876,0.89139,0.00664,0.00545,0.00493,0.00281,0.00425,0.00606,0.00347,0.00466,0.00688,0.00238,0.00325,0.00271,0.00314,0.00355,0.00380
1940,0.00543,-0.79554,0.53175,0.45839,0.55699,0.00660,0.00526,0.00483,0.00283,0.00417,0.00599,0.00334,0.00456,0.00686,0.00240,0.00324,0.00267,0.00312,0.00356,0.00374
1941,0.00488,-2.22704,0.60700,0.41170,0.28418,0.00654,0.00483,0.00431,0.00279,0.00386,0.00580,0.00329,0.00438,0.00697,0.00245,0.00323,0.00271,0.00315,0.00375,0.00376
1942,0.00449,11.02280,0.60374,0.38354,0.26951,0.00645,0.00468,0.00426,0.00278,0.00374,0.00575,0.00324,0.00435,0.00696,0.00245,0.00313,0.00268,0.00316,0.00378,0.00372
1943,0.00417,0.94879,0.48946,0.32758,0.27516,0.00638,0.00456,0.00412,0.00281,0.00366,0.00574,0.00328,0.00437,0.00684,0.00242,0.00293,0.00268,0.00327,0.00378,0.00371
1944,0.00398,0.77970,0.47131,0.29817,0.30205,0.00639,0.00459,0.00409,0.00282,0.00359,0.00570,0.00326,0.00429,0.00678,0.00244,0.00283,0.00270,0.00329,0.00379,0.00366
1945,0.00365,0.76749,0.49349,0.30999,0.67442,0.00647,0.00485,0.00442,0.00283,0.00359,0.00569,0.00322,0.00426,0.00670,0.00248,0.00266,0.00269,0.00328,0.00376,0.00356
1946,0.00377,0.83336,0.58117,0.29303,0.85542,0.00629,0.00500,0.00449,0.00281,0.00353,0.00565,0.00322,0.00418,0.00665,0.00245,0.00259,0.00272,0.00315,0.00366,0.00345
1947,0.00411,0.88431,0.52496,0.24009,0.48938,0.00627,0.00501,0.00436,0.00275,0.00338,0.00559,0.00315,0.00396,0.00670,0.00256,0.00270,0.00287,0.00306,0.00371,0.00347
1948,0.00436,0.82467,0.46075,0.24362,0.43738,0.00626,0.00515,0.00450,0.00266,0.00342,0.00553,0.00312,0.00388,0.00676,0.00274,0.00278,0.00288,0.00304,0.00383,0.00331
1949,0.00448,0.72871,0.33365,0.23582,0.39457,0.00611,0.00505,0.00418,0.00251,0.00350,0.00558,0.00319,0.00393,0.00688,0.00263,0.00287,0.00283,0.00295,0.00390,0.00334
1950,0.00432,0.60285,0.37250,0.27940,0.33600,0.00607,0.00489,0.00396,0.00246,0.00358,0.00560,0.00312,0.00395,0.00700,0.00256,0.00300,0.00275,0.00285,0.00394,0.00349
1951,0.00422,0.57885,0.56183,0.45800,0.35665,0.00615,0.00483,0.00401,0.00251,0.00378,0.00558,0.00300,0.00403,0.00703,0.00253,0.00290,0.00263,0.00292,0.00387,0.00339
1952,0.00401,0.79201,1.05023,0.39273,0.31398,0.00609,0.00480,0.00381,0.00238,0.00396,0.00556,0.00308,0.00394,0.00706,0.00237,0.00278,0.00271,0.00287,0.00366,0.00343
1953,0.00402,0.71420,1.24562,0.42334,0.28306,0.00609,0.00484,0.00378,0.00234,0.00403,0.00555,0.00319,0.00393,0.00706,0.00233,0.00279,0.00276,0.00287,0.00362,0.00343
1954,0.00449,0.52091,0.96046,0.46332,0.17632,0.00615,0.00514,0.00417,0.00238,0.00407,0.00552,0.00340,0.00392,0.00704,0.00248,0.00281,0.00297,0.00297,0.00361,0.00334
1955,0.00452,0.46563,0.89817,0.46492,0.18870,0.00618,0.00517,0.00424,0.00235,0.00402,0.00556,0.00347,0.00396,0.00702,0.00245,0.00280,0.00300,0.00300,0.00360,0.00331
1956,0.00445,0.26628,0.85293,0.45070,0.29942,0.00626,0.00505,0.00408,0.00232,0.00378,0.00567,0.00358,0.00411,0.00704,0.00230,0.00297,0.00302,0.00302,0.00370,0.00336
1957,0.00427,0.20332,0.76544,0.44882,0.35018,0.00623,0.00496,0.00399,0.00236,0.00367,0.00567,0.00358,0.00418,0.00696,0.00226,0.00302,0.00292,0.00302,0.00373,0.00340
1958,0.00390,0.18701,0.62502,0.43269,0.44197,0.00615,0.00479,0.00385,0.00246,0.00354,0.00565,0.00342,0.00426,0.00679,0.00220,0.00298,0.00259,0.00301,0.00373,0.00349
1959,0.00346,0.25758,0.47078,0.38639,0.54215,0.00600,0.00455,0.00372,0.00241,0.00349,0.00554,0.00334,0.00424,0.00670,0.00223,0.00285,0.00256,0.00295,0.00355,0.00349
1960,0.00336,0.32046,0.46866,0.34041,0.48108,0.00592,0.00449,0.00376,0.00249,0.00354,0.00540,0.00327,0.00419,0.00665,0.00223,0.00283,0.00256,0.00296,0.00348,0.00344
1961,0.00334,0.47077,0.39382,0.32840,0.42592,0.00576,0.00464,0.00379,0.00244,0.00356,0.00537,0.00324,0.00406,0.00652,0.00212,0.00273,0.00244,0.00302,0.00352,0.00337
1962,0.00341,0.50128,0.42188,0.39335,0.34221,0.00572,0.00464,0.00380,0.00238,0.00354,0.00534,0.00326,0.00396,0.00648,0.00210,0.00267,0.00251,0.00305,0.00357,0.00324
1963,0.00352,0.48700,0.47309,0.34656,0.25449,0.00572,0.00462,0.00374,0.00227,0.00344,0.00527,0.00321,0.00383,0.00648,0.00208,0.00266,0.00248,0.00308,0.00361,0.00319
1964,0.00344,0.46567,0.48628,0.34013,0.19860,0.00560,0.00460,0.00368,0.00213,0.00328,0.00525,0.00320,0.00372,0.00647,0.00203,0.00258,0.00246,0.00301,0.00356,0.00316
1965,0.00323,0.34440,0.43442,0.38490,0.13539,0.00542,0.00451,0.00356,0.00187,0.00298,0.00521,0.00328,0.00360,0.00645,0.00201,0.00248,0.00243,0.00281,0.00343,0.00319
1966,0.00311,0.31980,0.44192,0.35296,0.11826,0.00532,0.00448,0.00352,0.00187,0.00289,0.00520,0.00326,0.00354,0.00646,0.00198,0.00242,0.00244,0.00270,0.00337,0.00316
1967,0.00283,0.35465,0.55294,0.25690,0.10544,0.00515,0.00450,0.00353,0.00196,0.00282,0.00523,0.00313,0.00348,0.00651,0.00185,0.00229,0.00244,0.00255,0.00329,0.00311
1968,0.00282,0.34064,0.54787,0.24278,0.11135,0.00510,0.00449,0.00349,0.00198,0.00282,0.00526,0.00311,0.00349,0.00651,0.00183,0.00227,0.00247,0.00251,0.00323,0.00309
1969,0.00292,0.30815,0.48265,0.25905,0.15677,0.00512,0.00450,0.00346,0.00210,0.00293,0.00530,0.00313,0.00360,0.00653,0.00186,0.00231,0.00257,0.00253,0.00321,0.00310
1970,0.00307,0.33229,0.51013,0.23799,0.18847,0.00517,0.00446,0.00340,0.00216,0.00298,0.00531,0.00307,0.00362,0.00650,0.00194,0.00237,0.00258,0.00260,0.00319,0.00306
1971,0.00320,0.32215,0.37584,0.20425,0.18017,0.00517,0.00437,0.00332,0.00209,0.00303,0.00531,0.00307,0.00361,0.00649,0.00197,0.00242,0.00257,0.00266,0.00319,0.00307
1972,0.00330,0.29917,0.27647,0.21032,0.19436,0.00522,0.00434,0.00327,0.00206,0.00309,0.00533,0.00312,0.00363,0.00652,0.00194,0.00241,0.00256,0.00264,0.00319,0.00306
1973,0.00326,0.29285,0.20483,0.15872,0.15720,0.00521,0.00430,0.00323,0.00202,0.00300,0.00531,0.00309,0.00356,0.00650,0.00191,0.00231,0.00250,0.00267,0.00321,0.00300
1974,0.00314,0.23583,0.11536,0.09899,0.13358,0.00517,0.00430,0.00319,0.00199,0.00293,0.00532,0.00309,0.00352,0.00645,0.00191,0.00225,0.00244,0.00267,0.00329,0.00297
1975,0.00306,0.21993,0.09368,0.10056,0.16364,0.00526,0.00429,0.00314,0.00200,0.00295,0.00538,0.00314,0.00356,0.00642,0.00191,0.00226,0.00239,0.00265,0.00330,0.00291
1976,0.00302,0.25557,0.09681,0.09548,0.12598,0.00529,0.00426,0.00312,0.00194,0.00289,0.00535,0.00318,0.00353,0.00637,0.00188,0.00226,0.00235,0.00267,0.00328,0.00290
1977,0.00300,0.29795,0.10527,0.09715,0.10500,0.00531,0.00425,0.00311,0.00191,0.00288,0.00533,0.00317,0.00353,0.00638,0.00186,0.00226,0.00235,0.00266,0.00328,0.00291
1978,0.00303,0.38805,0.14380,0.11992,0.09209,0.00537,0.00423,0.00311,0.00189,0.00299,0.00528,0.00310,0.00357,0.00645,0.00181,0.00228,0.00241,0.00262,0.00327,0.00298
1979,0.00303,0.40886,0.15295,0.12837,0.07665,0.00539,0.00422,0.00310,0.00188,0.00301,0.00526,0.00307,0.00358,0.00648,0.00177,0.00228,0.00243,0.00260,0.00327,0.00298
1980,0.00303,0.40190,0.15426,0.13314,0.05513,0.00535,0.00423,0.00316,0.00186,0.00295,0.00522,0.00303,0.00357,0.00654,0.00175,0.00222,0.00247,0.00257,0.00328,0.00297
1981,0.00302,0.41944,0.17166,0.13461,0.05490,0.00535,0.00424,0.00316,0.00189,0.00294,0.00522,0.00301,0.00357,0.00655,0.00175,0.00221,0.00249,0.00256,0.00328,0.00296
1982,0.00299,0.40687,0.19824,0.12885,0.05819,0.00536,0.00424,0.00311,0.00198,0.00294,0.00529,0.00302,0.00356,0.00654,0.00176,0.00222,0.00248,0.00254,0.00328,0.00292
1983,0.00299,0.37908,0.20724,0.12428,0.06898,0.00538,0.00427,0.00312,0.00201,0.00292,0.00530,0.00306,0.00358,0.00652,0.00176,0.00225,0.00250,0.00250,0.00327,0.00287
1984,0.00296,0.39778,0.24011,0.11758,0.09876,0.00542,0.00430,0.00314,0.00199,0.00292,0.00533,0.00306,0.00363,0.00652,0.00183,0.00229,0.00251,0.00252,0.00326,0.00284
1985,0.00290,0.43405,0.23054,0.11437,0.12285,0.00540,0.00434,0.00312,0.00198,0.00294,0.00533,0.00306,0.00363,0.00651,0.00183,0.00234,0.00248,0.00259,0.00325,0.00285
1986,0.00290,0.44194,0.17763,0.12277,0.13162,0.00542,0.00437,0.00319,0.00194,0.00295,0.00528,0.00307,0.00363,0.00650,0.00176,0.00235,0.00247,0.00262,0.00326,0.00285
1987,0.00290,0.57747,0.18679,0.12192,0.13136,0.00544,0.00435,0.00323,0.00190,0.00293,0.00529,0.00306,0.00363,0.00650,0.00173,0.00234,0.00243,0.00269,0.00328,0.00284
1988,0.00297,0.76666,0.21326,0.13874,0.10911,0.00541,0.00427,0.00324,0.00186,0.00290,0.00530,0.00306,0.00359,0.00653,0.00170,0.00229,0.00240,0.00276,0.00329,0.00284
1989,0.00308,1.22042,0.24203,0.17135,0.08813,0.00541,0.00423,0.00324,0.00185,0.00287,0.00529,0.00313,0.00359,0.00655,0.00168,0.00223,0.00242,0.00274,0.00330,0.00283
1990,0.00310,3.29655,0.24577,0.19578,0.08527,0.00544,0.00423,0.00324,0.00186,0.00287,0.00528,0.00316,0.00361,0.00659,0.00166,0.00223,0.00243,0.00275,0.00330,0.00284
1991,0.00306,1.32004,0.23241,0.23580,0.10103,0.00547,0.00427,0.00320,0.00188,0.00290,0.00530,0.00319,0.00368,0.00668,0.00169,0.00228,0.00246,0.00276,0.00325,0.00287
1992,0.00305,1.20121,0.22262,0.25268,0.09885,0.00552,0.00430,0.00321,0.00189,0.00294,0.00529,0.00321,0.00369,0.00670,0.00171,0.00230,0.00248,0.00277,0.00326,0.00288
1993,0.00296,1.35818,0.18758,0.24897,0.10115,0.00562,0.00437,0.00327,0.00193,0.00303,0.00524,0.00325,0.00368,0.00668,0.00173,0.00235,0.00249,0.00273,0.00329,0.00290
1994,0.00295,1.68109,0.17698,0.24273,0.08991,0.00578,0.00444,0.00335,0.00199,0.00309,0.00524,0.00319,0.00367,0.00668,0.00173,0.00243,0.00249,0.00272,0.00333,0.00294
1995,0.00304,1.73949,0.21640,0.25524,0.08053,0.00589,0.00447,0.00338,0.00195,0.00311,0.00521,0.00316,0.00365,0.00671,0.00176,0.00237,0.00250,0.00276,0.00337,0.00295
1996,0.00319,2.20569,0.26805,0.26694,0.08448,0.00593,0.00448,0.00336,0.00194,0.00308,0.00522,0.00318,0.00364,0.00671,0.00180,0.00238,0.00248,0.00274,0.00339,0.00293
1997,0.00337,6.07863,0.29101,0.28545,0.09703,0.00598,0.00449,0.00337,0.00202,0.00304,0.00526,0.00319,0.00371,0.00682,0.00192,0.00244,0.00247,0.00279,0.00342,0.00291
1998,0.00341,2.61419,0.33532,0.29184,0.13966,0.00603,0.00456,0.00338,0.00210,0.00299,0.00529,0.00323,0.00378,0.00699,0.00198,0.00250,0.00252,0.00288,0.00341,0.00291
1999,0.00350,1.32215,0.34619,0.28288,0.18436,0.00609,0.00462,0.00346,0.00221,0.00304,0.00530,0.00323,0.00380,0.00694,0.00202,0.00264,0.00260,0.00289,0.00340,0.00297
2000,0.00352,1.18571,0.33037,0.31668,0.14376,0.00614,0.00460,0.00368,0.00230,0.00317,0.00531,0.00324,0.00384,0.00688,0.00222,0.00273,0.00268,0.00298,0.00346,0.00306
2001,0.00349,0.88042,0.40295,0.28858,0.12422,0.00625,0.00463,0.00387,0.00228,0.00324,0.00536,0.00333,0.00390,0.00676,0.00223,0.00276,0.00268,0.00304,0.00345,0.00318
2002,0.00362,0.60132,0.53003,0.26429,0.17419,0.00638,0.00469,0.00395,0.00220,0.00338,0.00544,0.00341,0.00395,0.00649,0.00224,0.00279,0.00276,0.00299,0.00348,0.00323
2003,0.00366,0.51752,0.58724,0.26265,0.17730,0.00642,0.00478,0.00404,0.00214,0.00345,0.00555,0.00346,0.00402,0.00641,0.00229,0.00285,0.00280,0.00306,0.00357,0.00330
2004,0.00361,0.57380,0.60970,0.22835,0.16656,0.00633,0.00491,0.00398,0.00192,0.00336,0.00579,0.00348,0.00415,0.00661,0.00240,0.00289,0.00270,0.00331,0.00372,0.00325
2005,0.00366,0.58326,0.59682,0.21217,0.17008,0.00633,0.00506,0.00396,0.00191,0.00334,0.00592,0.00357,0.00421,0.00664,0.00237,0.00296,0.00265,0.00339,0.00386,0.00328
2006,0.00382,0.54810,0.52313,0.22378,0.16351,0.00636,0.00531,0.00389,0.00206,0.00332,0.00596,0.00369,0.00417,0.00670,0.00223,0.00308,0.00264,0.00340,0.00414,0.00334
2007,0.00373,0.60373,0.40730,0.28024,0.13662,0.00618,0.00549,0.00394,0.00230,0.00338,0.00603,0.00371,0.00426,0.00688,0.00212,0.00327,0.00262,0.00349,0.00426,0.00356
2008,0.00364,0.77244,0.31067,0.24619,0.10777,0.00604,0.00537,0.00390,0.00236,0.00347,0.00601,0.00373,0.00422,0.00673,0.00207,0.00310,0.00253,0.00332,0.00410,0.00350
2009,0.00358,0.57085,0.22583,0.25323,0.10467,0.00615,0.00523,0.00407,0.00234,0.00359,0.00605,0.00374,0.00416,0.00666,0.00219,0.00301,0.00267,0.00307,0.00407,0.00369
2010,0.00345,0.47421,0.23564,0.28932,0.16425,0.00620,0.00508,0.00409,0.00239,0.00374,0.00620,0.00370,0.00418,0.00679,0.00236,0.00301,0.00281,0.00298,0.00390,0.00383
2011,0.00350,0.98542,0.23487,0.22918,0.19529,0.00612,0.00487,0.00401,0.00230,0.00370,0.00615,0.00360,0.00402,0.00668,0.00256,0.00278,0.00284,0.00288,0.00369,0.00367
2012,0.00366,0.61832,0.22917,0.22363,0.27829,0.00607,0.00494,0.00406,0.00243,0.00355,0.00602,0.00359,0.00400,0.00666,0.00262,0.00279,0.00288,0.00287,0.00371,0.00388
2013,0.00370,0.75186,0.29228,0.26670,0.36463,0.00597,0.00519,0.00400,0.00268,0.00345,0.00594,0.00368,0.00406,0.00667,0.00253,0.00282,0.00288,0.00296,0.00363,0.00392
2014,0.00363,1.63335,0.28497,0.24420,0.34997,0.00587,0.00517,0.00399,0.00260,0.00333,0.00579,0.00355,0.00397,0.00664,0.00248,0.00270,0.00284,0.00288,0.00352,0.00372
2015,0.00354,0.99366,0.24455,0.21643,0.28800,0.00591,0.00506,0.00408,0.00259,0.00341,0.00571,0.00344,0.00398,0.00673,0.00246,0.00270,0.00273,0.00286,0.00360,0.00372
2016,0.00351,0.97239,0.27528,0.21236,0.26833,0.00592,0.00494,0.00403,0.00257,0.00338,0.00569,0.00340,0.00398,0.00674,0.00238,0.00266,0.00265,0.00286,0.00364,0.00360
2017,0.00344,2.13844,0.34796,0.20135,0.24708,0.00602,0.00466,0.00391,0.00244,0.00332,0.00579,0.00339,0.00397,0.00674,0.00226,0.00259,0.00252,0.00283,0.00373,0.00326
2018,0.00343,2.06784,0.36721,0.18859,0.22397,0.00599,0.00453,0.00379,0.00240,0.00328,0.00580,0.00335,0.00391,0.00675,0.00218,0.00259,0.00249,0.00281,0.00371,0.00317
2019,0.00349,0.97888,0.38100,0.18073,0.22010,0.00592,0.00445,0.00363,0.00243,0.00328,0.00581,0.00333,0.00384,0.00677,0.00209,0.00269,0.00248,0.00287,0.00368,0.00320
2020,0.00348,0.78766,0.54082,0.20835,0.18405,0.00584,0.00445,0.00349,0.00242,0.00311,0.00582,0.00332,0.00379,0.00671,0.00197,0.00260,0.00251,0.00283,0.00358,0.00314
2021,0.00338,0.64193,0.57976,0.21001,0.14320,0.00580,0.00448,0.00345,0.00239,0.00304,0.00578,0.00328,0.00370,0.00667,0.00192,0.00250,0.00254,0.00271,0.00348,0.00317
2022,0.00339,0.54564,0.56855,0.21474,0.11015,0.00582,0.00441,0.00343,0.00236,0.00315,0.00575,0.00319,0.00365,0.00666,0.00196,0.00246,0.00254,0.00277,0.00344,0.00325
2023,0.00336,0.54320,0.58754,0.22301,0.07630,0.00582,0.00436,0.00348,0.00230,0.00312,0.00575,0.00316,0.00373,0.00661,0.00199,0.00239,0.00254,0.00280,0.00343,0.00321
2024,0.00332,0.51513,0.48403,0.19091,0.06924,0.00578,0.00434,0.00354,0.00221,0.00308,0.00572,0.00318,0.00380,0.00655,0.00202,0.00241,0.00252,0.00283,0.00346,0.00317
2025,0.00333,0.43142,0.41201,0.15909,0.07140,0.00570,0.00425,0.00351,0.00206,0.00308,0.00569,0.00318,0.00387,0.00655,0.00202,0.00248,0.00247,0.00288,0.00350,0.00315
2026,0.00327,0.28119,0.36537,0.10980,0.06332,0.00565,0.00424,0.00351,0.00199,0.00305,0.00569,0.00318,0.00393,0.00665,0.00202,0.00250,0.00241,0.00285,0.00357,0.00306
2027,0.00324,0.22370,0.35696,0.08380,0.06502,0.00564,0.00427,0.00345,0.00191,0.00302,0.00568,0.00320,0.00390,0.00670,0.00199,0.00251,0.00238,0.00276,0.00366,0.00303
2028,0.00325,0.22531,0.33689,0.08805,0.07933,0.00565,0.00425,0.00335,0.00186,0.00301,0.00567,0.00321,0.00386,0.00676,0.00191,0.00250,0.00237,0.00271,0.00369,0.00308
2029,0.00326,0.22692,0.29060,0.09019,0.07496,0.00569,0.00427,0.00333,0.00185,0.00302,0.00567,0.00324,0.00385,0.00680,0.00189,0.00248,0.00237,0.00271,0.00367,0.00309
2030,0.00330,0.24121,0.23980,0.10639,0.05339,0.00579,0.00436,0.00335,0.00187,0.00302,0.00566,0.00330,0.00384,0.00678,0.00186,0.00242,0.00240,0.00276,0.00358,0.00309
2031,0.00329,0.23503,0.20758,0.11492,0.04528,0.00580,0.00439,0.00331,0.00187,0.00304,0.00566,0.00332,0.00383,0.00678,0.00186,0.00243,0.00242,0.00278,0.00352,0.00310
2032,0.00327,0.23044,0.16213,0.12716,0.03972,0.00579,0.00441,0.00326,0.00190,0.00308,0.00564,0.00334,0.00384,0.00676,0.00189,0.00246,0.00243,0.00282,0.00342,0.00312
2033,0.00322,0.19410,0.13089,0.12695,0.03332,0.00580,0.00441,0.00329,0.00190,0.00314,0.00566,0.00335,0.00385,0.00677,0.00196,0.00247,0.00244,0.00283,0.00338,0.00307
2034,0.00313,0.13765,0.11617,0.12303,0.01181,0.00581,0.00438,0.00324,0.00189,0.00317,0.00570,0.00337,0.00385,0.00675,0.00194,0.00248,0.00247,0.00279,0.00339,0.00309
2035,0.00309,0.10122,0.10569,0.12199,0.01933,0.00577,0.00433,0.00317,0.00191,0.00315,0.00575,0.00335,0.00384,0.00677,0.00199,0.00250,0.00254,0.00275,0.00343,0.00309
2036,0.00310,0.10955,0.12734,0.12234,0.02042,0.00583,0.00433,0.00320,0.00190,0.00311,0.00579,0.00339,0.00388,0.00677,0.00202,0.00252,0.00259,0.00273,0.00348,0.00303
2037,0.00315,0.11746,0.14047,0.10804,0.00267,0.00584,0.00432,0.00316,0.00189,0.00309,0.00575,0.00339,0.00387,0.00677,0.00200,0.00251,0.00263,0.00272,0.00353,0.00306
2038,0.00322,0.17102,0.15255,0.11335,0.02084,0.00578,0.00439,0.00314,0.00188,0.00304,0.00571,0.00335,0.00387,0.00678,0.00207,0.00252,0.00263,0.00276,0.00354,0.00308
2039,0.00327,0.22032,0.18953,0.12061,0.02587,0.00582,0.00448,0.00323,0.00184,0.00302,0.00568,0.00337,0.00388,0.00678,0.00207,0.00252,0.00264,0.00277,0.00352,0.00307
2040,0.00334,0.23005,0.19989,0.10604,0.02220,0.00584,0.00447,0.00330,0.00182,0.00306,0.00567,0.00335,0.00387,0.00677,0.00201,0.00249,0.00266,0.00273,0.00353,0.00308
2041,0.00334,0.23811,0.20877,0.11183,0.03078,0.00586,0.00451,0.00339,0.00184,0.00308,0.00570,0.00338,0.00393,0.00678,0.00203,0.00248,0.00269,0.00278,0.00353,0.00305
2042,0.00326,0.21989,0.20654,0.11295,0.02203,0.00590,0.00450,0.00342,0.00188,0.00306,0.00575,0.00343,0.00395,0.00677,0.00199,0.00247,0.00275,0.00281,0.00350,0.00303
2043,0.00321,0.19890,0.16596,0.10145,0.01647,0.00587,0.00438,0.00339,0.00190,0.00307,0.00578,0.00342,0.00391,0.00677,0.00195,0.00250,0.00276,0.00279,0.00354,0.00304
2044,0.00320,0.20321,0.14829,0.09413,0.01836,0.00588,0.00438,0.00339,0.00192,0.00310,0.00579,0.00343,0.00390,0.00680,0.00196,0.00251,0.00277,0.00280,0.00355,0.00306
2045,0.00318,0.22875,0.12907,0.08756,0.02375,0.00589,0.00449,0.00334,0.00196,0.00313,0.00580,0.00340,0.00387,0.00689,0.00198,0.00249,0.00277,0.00283,0.00349,0.00314
2046,0.00319,0.23340,0.11654,0.08289,0.02281,0.00591,0.00453,0.00335,0.00199,0.00315,0.00580,0.00340,0.00387,0.00690,0.00199,0.00247,0.00276,0.00285,0.00351,0.00319
2047,0.00329,0.25356,0.11073,0.07221,0.02188,0.00596,0.00461,0.00341,0.00200,0.00323,0.00578,0.00342,0.00388,0.00692,0.00202,0.00246,0.00273,0.00286,0.00360,0.00324
2048,0.00336,0.25012,0.13050,0.08193,0.03246,0.00604,0.00473,0.00351,0.00202,0.00327,0.00578,0.00349,0.00398,0.00696,0.00210,0.00246,0.00274,0.00293,0.00364,0.00324
2049,0.00339,0.22309,0.12950,0.09308,0.03253,0.00606,0.00466,0.00354,0.00202,0.00322,0.00575,0.00354,0.00403,0.00689,0.00209,0.00248,0.00271,0.00301,0.00361,0.00323
2050,0.00339,0.19289,0.13102,0.11534,0.03816,0.00604,0.00458,0.00360,0.00201,0.00323,0.00576,0.00360,0.00405,0.00686,0.00211,0.00256,0.00274,0.00304,0.00363,0.00324
2051,0.00337,0.17660,0.16283,0.14057,0.05021,0.00610,0.00459,0.00358,0.00197,0.00322,0.00583,0.00361,0.00408,0.00690,0.00208,0.00262,0.00279,0.00305,0.00360,0.00322
2052,0.00335,0.19976,0.15297,0.14137,0.04939,0.00615,0.00450,0.00347,0.00191,0.00326,0.00585,0.00364,0.00404,0.00691,0.00207,0.00268,0.00277,0.00302,0.00354,0.00328
2053,0.00338,0.26907,0.11371,0.12838,0.05553,0.00619,0.00456,0.00343,0.00189,0.00333,0.00589,0.00371,0.00402,0.00691,0.00215,0.00269,0.00275,0.00297,0.00361,0.00335
2054,0.00349,0.33392,0.11723,0.10887,0.06314,0.00621,0.00457,0.00337,0.00184,0.00330,0.00596,0.00372,0.00400,0.00689,0.00218,0.00262,0.00277,0.00293,0.00368,0.00337
2055,0.00355,0.35415,0.08529,0.08893,0.06373,0.00614,0.00449,0.00335,0.00183,0.00330,0.00602,0.00373,0.00394,0.00686,0.00223,0.00258,0.00276,0.00285,0.00369,0.00341
2056,0.00361,0.35424,0.06748,0.07973,0.07347,0.00611,0.00457,0.00337,0.00190,0.00335,0.00604,0.00373,0.00396,0.00688,0.00229,0.00253,0.00276,0.00284,0.00376,0.00344
2057,0.00362,0.30488,0.09355,0.06921,0.08174,0.00613,0.00459,0.00335,0.00193,0.00331,0.00606,0.00369,0.00403,0.00690,0.00226,0.00248,0.00282,0.00287,0.00375,0.00346
2058,0.00352,0.24116,0.09923,0.07452,0.07495,0.00616,0.00457,0.00339,0.00197,0.00330,0.00607,0.00368,0.00408,0.00689,0.00220,0.00244,0.00279,0.00288,0.00372,0.00345
2059,0.00349,0.21221,0.10756,0.07947,0.06677,0.00619,0.00457,0.00341,0.00200,0.00327,0.00609,0.00367,0.00413,0.00688,0.00218,0.00245,0.00278,0.00290,0.00372,0.00345
2060,0.00344,0.19358,0.12872,0.08937,0.05680,0.00625,0.00460,0.00340,0.00203,0.00325,0.00610,0.00369,0.00421,0.00686,0.00217,0.00251,0.00273,0.00297,0.00373,0.00344
2061,0.00349,0.18383,0.15041,0.08518,0.04362,0.00629,0.00454,0.00343,0.00201,0.00313,0.00616,0.00367,0.00427,0.00681,0.00213,0.00257,0.00275,0.00295,0.00368,0.00339
2062,0.00358,0.19765,0.15494,0.09669,0.02687,0.00636,0.00452,0.00353,0.00203,0.00316,0.00619,0.00365,0.00426,0.00678,0.00215,0.00261,0.00274,0.00293,0.00370,0.00336
2063,0.00363,0.21491,0.14246,0.09797,0.02913,0.00638,0.00457,0.00350,0.00207,0.00323,0.00621,0.00370,0.00427,0.00675,0.00220,0.00269,0.00277,0.00295,0.00374,0.00337
2064,0.00372,0.20823,0.11515,0.08827,0.04134,0.00636,0.00458,0.00350,0.00208,0.00330,0.00621,0.00367,0.00427,0.00672,0.00220,0.00273,0.00282,0.00292,0.00371,0.00334
2065,0.00377,0.19650,0.11776,0.07555,0.03983,0.00631,0.00464,0.00354,0.00207,0.00351,0.00618,0.00360,0.00421,0.00673,0.00218,0.00274,0.00285,0.00299,0.00370,0.00340
2066,0.00376,0.17642,0.10541,0.05830,0.03733,0.00623,0.00471,0.00346,0.00203,0.00360,0.00620,0.00364,0.00423,0.00672,0.00218,0.00278,0.00289,0.00307,0.00368,0.00345
2067,0.00376,0.15976,0.10661,0.05011,0.04221,0.00621,0.00468,0.00351,0.00201,0.00356,0.00621,0.00365,0.00425,0.00674,0.00222,0.00283,0.00286,0.00309,0.00365,0.00346
2068,0.00374,0.14501,0.13622,0.06118,0.04930,0.00623,0.00468,0.00361,0.00198,0.00351,0.00616,0.00369,0.00427,0.00683,0.00226,0.00280,0.00285,0.00309,0.00369,0.00349
2069,0.00370,0.13818,0.13521,0.06928,0.06841,0.00621,0.00466,0.00361,0.00196,0.00340,0.00616,0.00379,0.00433,0.00689,0.00232,0.00274,0.00282,0.00308,0.00367,0.00352
2070,0.00371,0.14971,0.14577,0.07098,0.07899,0.00612,0.00465,0.00367,0.00202,0.00329,0.00616,0.00378,0.00437,0.00690,0.00235,0.00269,0.00278,0.00309,0.00369,0.00355
2071,0.00379,0.16200,0.15696,0.07217,0.07676,0.00602,0.00471,0.00365,0.00202,0.00331,0.00614,0.00369,0.00442,0.00692,0.00230,0.00265,0.00281,0.00306,0.00379,0.00361
2072,0.00385,0.16227,0.13823,0.05851,0.06977,0.00600,0.00470,0.00352,0.00199,0.00337,0.00617,0.00365,0.00446,0.00690,0.00225,0.00264,0.00280,0.00302,0.00379,0.00365
2073,0.00388,0.16939,0.12667,0.05462,0.04861,0.00604,0.00466,0.00345,0.00200,0.00341,0.00621,0.00367,0.00447,0.00682,0.00226,0.00265,0.00277,0.00300,0.00383,0.00365
2074,0.00390,0.15847,0.11429,0.05472,0.03736,0.00609,0.00466,0.00343,0.00198,0.00344,0.00624,0.00366,0.00447,0.00680,0.00227,0.00265,0.00277,0.00300,0.00386,0.00365
2075,0.00392,0.13152,0.09437,0.06162,0.02773,0.00618,0.00468,0.00342,0.00192,0.00347,0.00625,0.00366,0.00447,0.00680,0.00228,0.00265,0.00276,0.00299,0.00389,0.00361
2076,0.00389,0.09231,0.07286,0.06770,0.02422,0.00628,0.00466,0.00341,0.00191,0.00344,0.00629,0.00371,0.00445,0.00682,0.00232,0.00262,0.00279,0.00299,0.00383,0.00361
2077,0.00386,0.08098,0.07363,0.06573,0.01826,0.00632,0.00464,0.00347,0.00192,0.00339,0.00633,0.00370,0.00443,0.00686,0.00235,0.00263,0.00283,0.00302,0.00384,0.00361
2078,0.00385,0.07149,0.06656,0.05380,0.01869,0.00631,0.00464,0.00351,0.00191,0.00337,0.00634,0.00366,0.00443,0.00687,0.00236,0.00266,0.00289,0.00305,0.00385,0.00364
2079,0.00382,0.07400,0.07113,0.04734,0.02112,0.00632,0.00461,0.00344,0.00194,0.00338,0.00635,0.00366,0.00440,0.00684,0.00241,0.00268,0.00292,0.00307,0.00381,0.00368
2080,0.00381,0.08874,0.08901,0.03958,0.02358,0.00628,0.00460,0.00340,0.00196,0.00341,0.00634,0.00366,0.00440,0.00685,0.00238,0.00275,0.00286,0.00310,0.00380,0.00364
2081,0.00380,0.09827,0.08632,0.03850,0.03068,0.00621,0.00461,0.00342,0.00196,0.00338,0.00634,0.00368,0.00440,0.00685,0.00237,0.00279,0.00284,0.00314,0.00380,0.00363
2082,0.00381,0.09085,0.08426,0.04682,0.03952,0.00620,0.00461,0.00343,0.00195,0.00335,0.00636,0.00369,0.00440,0.00689,0.00242,0.00278,0.00282,0.00321,0.00379,0.00367
2083,0.00380,0.07708,0.07187,0.05036,0.04314,0.00617,0.00462,0.00350,0.00196,0.00334,0.00636,0.00373,0.00443,0.00694,0.00239,0.00282,0.00279,0.00323,0.00380,0.00367
2084,0.00379,0.07990,0.04927,0.04997,0.04100,0.00622,0.00462,0.00352,0.00193,0.00330,0.00638,0.00376,0.00444,0.00695,0.00240,0.00285,0.00280,0.00319,0.00383,0.00371
2085,0.00378,0.07179,0.02794,0.05075,0.03341,0.00629,0.00466,0.00353,0.00193,0.00335,0.00642,0.00376,0.00447,0.00695,0.00247,0.00289,0.00281,0.00319,0.00382,0.00375
2086,0.00376,0.06633,0.01728,0.04339,0.02998,0.00627,0.00472,0.00354,0.00199,0.00346,0.00642,0.00381,0.00453,0.00696,0.00247,0.00292,0.00279,0.00313,0.00383,0.00378
2087,0.00381,0.07698,0.02286,0.03661,0.02281,0.00626,0.00472,0.00351,0.00198,0.00343,0.00644,0.00386,0.00458,0.00698,0.00250,0.00290,0.00277,0.00306,0.00384,0.00378
2088,0.00386,0.07891,0.02750,0.03833,0.01874,0.00631,0.00478,0.00352,0.00201,0.00341,0.00647,0.00391,0.00460,0.00702,0.00256,0.00287,0.00282,0.00307,0.00384,0.00378
2089,0.00393,0.08040,0.02958,0.03780,0.01770,0.00635,0.00482,0.00352,0.00205,0.00341,0.00648,0.00392,0.00463,0.00704,0.00258,0.00287,0.00286,0.00308,0.00387,0.00381
2090,0.00402,0.08175,0.03699,0.03639,0.02118,0.00639,0.00484,0.00353,0.00211,0.00340,0.00647,0.00392,0.00466,0.00707,0.00257,0.00286,0.00290,0.00310,0.00392,0.00386
2091,0.00413,0.08397,0.03950,0.03837,0.01552,0.00649,0.00483,0.00351,0.00210,0.00335,0.00648,0.00391,0.00467,0.00707,0.00259,0.00288,0.00292,0.00316,0.00396,0.00385
2092,0.00417,0.07938,0.03610,0.04162,0.01720,0.00657,0.00490,0.00354,0.00215,0.00339,0.00648,0.00388,0.00469,0.00705,0.00260,0.00292,0.00297,0.00320,0.00396,0.00387
2093,0.00419,0.07360,0.03529,0.03676,0.01826,0.00657,0.00489,0.00356,0.00218,0.00343,0.00647,0.00382,0.00473,0.00699,0.00261,0.00294,0.00295,0.00323,0.00392,0.00392
2094,0.00418,0.06807,0.03907,0.03144,0.01421,0.00657,0.00485,0.00359,0.00215,0.00345,0.00649,0.00383,0.00478,0.00698,0.00262,0.00293,0.00293,0.00328,0.00392,0.00393
2095,0.00419,0.06237,0.04381,0.03303,0.01494,0.00658,0.00494,0.00366,0.00208,0.00347,0.00654,0.00390,0.00479,0.00698,0.00261,0.00295,0.00294,0.00331,0.00390,0.00396
2096,0.00424,0.06418,0.03881,0.03504,0.01589,0.00661,0.00497,0.00368,0.00200,0.00344,0.00660,0.00399,0.00479,0.00698,0.00260,0.00300,0.00292,0.00333,0.00389,0.00400
2097,0.00424,0.06994,0.02971,0.03329,0.01611,0.00666,0.00491,0.00370,0.00194,0.00344,0.00667,0.00406,0.00481,0.00702,0.00260,0.00305,0.00294,0.00331,0.00396,0.00401
2098,0.00429,0.07267,0.02300,0.03098,0.01707,0.00662,0.00490,0.00369,0.00193,0.00341,0.00669,0.00414,0.00482,0.00701,0.00265,0.00306,0.00293,0.00334,0.00397,0.00404
2099,0.00433,0.07293,0.02164,0.02726,0.01744,0.00658,0.00487,0.00363,0.00196,0.00341,0.00666,0.00419,0.00486,0.00700,0.00268,0.00309,0.00290,0.00338,0.00395,0.00410
2100,0.00432,0.06814,0.03157,0.02172,0.01489,0.00661,0.00486,0.00365,0.00201,0.00345,0.00663,0.00420,0.00493,0.00703,0.00273,0.00310,0.00290,0.00339,0.00400,0.00416
2101,0.00436,0.06112,0.04629,0.02095,0.01547,0.00659,0.00491,0.00368,0.00207,0.00351,0.00661,0.00424,0.00495,0.00707,0.00281,0.00306,0.00287,0.00346,0.00402,0.00420
2102,0.00439,0.05257,0.05776,0.02269,0.01273,0.00659,0.00495,0.00369,0.00208,0.00361,0.00663,0.00429,0.00497,0.00707,0.00284,0.00312,0.00285,0.00347,0.00404,0.00423
2103,0.00439,0.04627,0.06384,0.02420,0.00858,0.00664,0.00494,0.00374,0.00209,0.00362,0.00668,0.00434,0.00500,0.00705,0.00290,0.00316,0.00290,0.00346,0.00409,0.00424
2104,0.00441,0.04691,0.06158,0.02348,0.01001,0.00660,0.00492,0.00375,0.00210,0.00360,0.00674,0.00438,0.00501,0.00706,0.00293,0.00314,0.00292,0.00346,0.00409,0.00424
2105,0.00445,0.04766,0.05458,0.02238,0.00525,0.00658,0.00489,0.00376,0.00209,0.00358,0.00676,0.00435,0.00503,0.00708,0.00292,0.00317,0.00294,0.00346,0.00410,0.00426
2106,0.00448,0.04838,0.04897,0.02498,0.00332,0.00660,0.00488,0.00378,0.00209,0.00359,0.00680,0.00434,0.00507,0.00709,0.00294,0.00318,0.00297,0.00348,0.00411,0.00428
2107,0.00452,0.05046,0.04093,0.03004,0.00331,0.00666,0.00489,0.00381,0.00208,0.00358,0.00685,0.00433,0.00513,0.00713,0.00295,0.00318,0.00301,0.00352,0.00412,0.00432
2108,0.00459,0.05348,0.03398,0.03321,0.00430,0.00673,0.00493,0.00386,0.00209,0.00360,0.00688,0.00432,0.00518,0.00718,0.00298,0.00316,0.00300,0.00356,0.00410,0.00434
2109,0.00464,0.05086,0.02904,0.03872,0.00063,0.00681,0.00492,0.00388,0.00215,0.00367,0.00690,0.00429,0.00523,0.00717,0.00304,0.00317,0.00302,0.00362,0.00410,0.00434
2110,0.00467,0.05017,0.02804,0.04353,0.00390,0.00688,0.00495,0.00388,0.00218,0.00377,0.00694,0.00432,0.00528,0.00714,0.00313,0.00319,0.00304,0.00367,0.00410,0.00439
2111,0.00474,0.04899,0.02820,0.04047,0.00597,0.00691,0.00495,0.00395,0.00218,0.00380,0.00697,0.00439,0.00529,0.00717,0.00321,0.00320,0.00306,0.00366,0.00408,0.00439
2112,0.00477,0.04438,0.03215,0.03812,0.00636,0.00692,0.00491,0.00398,0.00219,0.00385,0.00699,0.00440,0.00528,0.00722,0.00323,0.00322,0.00312,0.00367,0.00407,0.00438
2113,0.00478,0.04892,0.03665,0.03505,0.01181,0.00689,0.00494,0.00399,0.00213,0.00389,0.00701,0.00444,0.00528,0.00727,0.00322,0.00327,0.00314,0.00366,0.00411,0.00448
2114,0.00484,0.05311,0.03475,0.02964,0.01320,0.00687,0.00496,0.00406,0.00208,0.00385,0.00703,0.00449,0.00532,0.00729,0.00323,0.00334,0.00316,0.00366,0.00414,0.00447
2115,0.00485,0.05498,0.03467,0.02877,0.01079,0.00688,0.00498,0.00406,0.00210,0.00383,0.00705,0.00452,0.00539,0.00729,0.00319,0.00338,0.00316,0.00370,0.00415,0.00448
2116,0.00487,0.05877,0.03280,0.02808,0.01119,0.00690,0.00508,0.00405,0.00211,0.00387,0.00708,0.00457,0.00547,0.00730,0.00318,0.00338,0.00314,0.00373,0.00426,0.00452
2117,0.00493,0.05299,0.02746,0.02687,0.00986,0.00696,0.00516,0.00408,0.00213,0.00387,0.00712,0.00461,0.00549,0.00729,0.00320,0.00339,0.00317,0.00374,0.00435,0.00450
2118,0.00498,0.04511,0.02759,0.03015,0.00835,0.00699,0.00521,0.00407,0.00218,0.00390,0.00714,0.00463,0.00549,0.00732,0.00319,0.00338,0.00320,0.00381,0.00442,0.00456
2119,0.00503,0.03546,0.02466,0.03183,0.00914,0.00701,0.00525,0.00409,0.00222,0.00397,0.00718,0.00461,0.00551,0.00737,0.00325,0.00338,0.00321,0.00385,0.00448,0.00462
2120,0.00509,0.02771,0.01905,0.03204,0.00952,0.00705,0.00527,0.00414,0.00227,0.00398,0.00723,0.00460,0.00553,0.00736,0.00333,0.00343,0.00325,0.00386,0.00441,0.00467
2121,0.00513,0.02821,0.02129,0.03419,0.00862,0.00707,0.00528,0.00414,0.00228,0.00398,0.00725,0.00459,0.00559,0.00737,0.00338,0.00344,0.00322,0.00390,0.00429,0.00474
2122,0.00517,0.02945,0.02347,0.03268,0.00853,0.00709,0.00524,0.00408,0.00222,0.00398,0.00730,0.00460,0.00566,0.00738,0.00344,0.00341,0.00318,0.00387,0.00422,0.00476
2123,0.00523,0.02995,0.02567,0.03090,0.00835,0.00712,0.00523,0.00404,0.00219,0.00396,0.00734,0.00463,0.00572,0.00738,0.00348,0.00343,0.00318,0.00389,0.00421,0.00480
2124,0.00532,0.03395,0.03042,0.02747,0.00800,0.00712,0.00527,0.00395,0.00216,0.00390,0.00735,0.00471,0.00575,0.00733,0.00348,0.00348,0.00322,0.00392,0.00422,0.00486
2125,0.00539,0.03274,0.03550,0.02688,0.00734,0.00715,0.00525,0.00389,0.00210,0.00390,0.00734,0.00473,0.00580,0.00733,0.00350,0.00349,0.00323,0.00402,0.00431,0.00493
2126,0.00545,0.02751,0.03321,0.02439,0.00964,0.00721,0.00524,0.00387,0.00210,0.00393,0.00737,0.00480,0.00585,0.00734,0.00352,0.00353,0.00326,0.00405,0.00443,0.00497
2127,0.00550,0.02309,0.03075,0.02157,0.01233,0.00727,0.00531,0.00394,0.00220,0.00396,0.00736,0.00486,0.00590,0.00735,0.00356,0.00362,0.00333,0.00412,0.00448,0.00504
2128,0.00550,0.01716,0.02466,0.02079,0.01345,0.00729,0.00530,0.00402,0.00224,0.00403,0.00736,0.00485,0.00592,0.00740,0.00364,0.00363,0.00335,0.00421,0.00447,0.00509
2129,0.00549,0.01641,0.01866,0.01902,0.01492,0.00726,0.00533,0.00402,0.00228,0.00406,0.00740,0.00492,0.00590,0.00747,0.00370,0.00364,0.00337,0.00420,0.00446,0.00511
2130,0.00551,0.01982,0.01788,0.01617,0.01363,0.00725,0.00536,0.00403,0.00232,0.00400,0.00740,0.00497,0.00591,0.00745,0.00382,0.00372,0.00338,0.00424,0.00440,0.00517
2131,0.00559,0.02324,0.01644,0.01461,0.00933,0.00722,0.00535,0.00405,0.00224,0.00399,0.00740,0.00499,0.00593,0.00739,0.00388,0.00375,0.00337,0.00425,0.00434,0.00523
2132,0.00564,0.02595,0.01859,0.01295,0.00854,0.00723,0.00539,0.00402,0.00214,0.00403,0.00745,0.00508,0.00594,0.00732,0.00386,0.00376,0.00335,0.00420,0.00431,0.00528
2133,0.00569,0.02779,0.02266,0.01107,0.00842,0.00730,0.00541,0.00400,0.00207,0.00403,0.00747,0.00513,0.00600,0.00723,0.00383,0.00376,0.00335,0.00421,0.00431,0.00533
2134,0.00573,0.02723,0.02390,0.01137,0.00777,0.00728,0.00544,0.00403,0.00205,0.00410,0.00748,0.00513,0.00607,0.00721,0.00380,0.00367,0.00337,0.00422,0.00432,0.00534
2135,0.00571,0.02425,0.02440,0.01208,0.01041,0.00727,0.00545,0.00408,0.00209,0.00419,0.00752,0.00518,0.00611,0.00727,0.00379,0.00364,0.00339,0.00426,0.00433,0.00535
2136,0.00572,0.02199,0.02286,0.01399,0.01056,0.00727,0.00547,0.00411,0.00219,0.00422,0.00755,0.00519,0.00621,0.00729,0.00384,0.00365,0.00342,0.00432,0.00436,0.00536
2137,0.00576,0.02110,0.02138,0.01623,0.00897,0.00727,0.00551,0.00418,0.00227,0.00420,0.00758,0.00519,0.00628,0.00729,0.00393,0.00371,0.00350,0.00430,0.00438,0.00535
2138,0.00580,0.02251,0.02079,0.01605,0.01067,0.00733,0.00552,0.00422,0.00229,0.00420,0.00762,0.00525,0.00624,0.00732,0.00400,0.00383,0.00352,0.00434,0.00439,0.00539
2139,0.00589,0.02495,0.01804,0.01541,0.01054,0.00736,0.00552,0.00418,0.00226,0.00417,0.00764,0.00524,0.00620,0.00729,0.00406,0.00388,0.00349,0.00436,0.00444,0.00545
2140,0.00595,0.02574,0.01649,0.01538,0.01052,0.00739,0.00553,0.00419,0.00226,0.00415,0.00766,0.00526,0.00621,0.00731,0.00413,0.00392,0.00349,0.00439,0.00447,0.00551
2141,0.00602,0.02702,0.01615,0.01524,0.01059,0.00743,0.00553,0.00421,0.00225,0.00410,0.00767,0.00526,0.00620,0.00737,0.00421,0.00397,0.00351,0.00442,0.00450,0.00557
2142,0.00606,0.02667,0.01441,0.01343,0.01250,0.00747,0.00552,0.00425,0.00225,0.00412,0.00768,0.00530,0.00621,0.00745,0.00427,0.00399,0.00348,0.00452,0.00448,0.00570
2143,0.00609,0.02459,0.01253,0.01349,0.01148,0.00749,0.00554,0.00427,0.00225,0.00418,0.00773,0.00529,0.00628,0.00750,0.00436,0.00395,0.00348,0.00455,0.00443,0.00577
2144,0.00609,0.02315,0.01546,0.01653,0.01144,0.00755,0.00559,0.00432,0.00226,0.00426,0.00781,0.00535,0.00639,0.00753,0.00440,0.00402,0.00358,0.00458,0.00442,0.00581
2145,0.00608,0.02216,0.01764,0.01564,0.01140,0.00759,0.00562,0.00433,0.00222,0.00429,0.00786,0.00539,0.00644,0.00749,0.00444,0.00411,0.00364,0.00460,0.00439,0.00583
2146,0.00610,0.02295,0.02083,0.01489,0.00974,0.00760,0.00561,0.00434,0.00222,0.00428,0.00789,0.00540,0.00642,0.00744,0.00453,0.00415,0.00364,0.00454,0.00439,0.00581
2147,0.00618,0.02501,0.02663,0.01450,0.00948,0.00762,0.00559,0.00437,0.00224,0.00426,0.00792,0.00544,0.00646,0.00734,0.00456,0.00425,0.00372,0.00454,0.00446,0.00584
2148,0.00625,0.02538,0.02537,0.01069,0.00701,0.00762,0.00559,0.00438,0.00223,0.00422,0.00791,0.00545,0.00647,0.00730,0.00464,0.00428,0.00370,0.00451,0.00450,0.00584
2149,0.00628,0.02623,0.02359,0.00902,0.00403,0.00764,0.00562,0.00441,0.00226,0.00422,0.00790,0.00545,0.00652,0.00733,0.00469,0.00423,0.00361,0.00455,0.00454,0.00587
2150,0.00637,0.02612,0.02301,0.00896,0.00462,0.00770,0.00573,0.00444,0.00229,0.00425,0.00794,0.00548,0.00659,0.00737,0.00466,0.00424,0.00363,0.00470,0.00456,0.00591
2151,0.00640,0.02288,0.01484,0.00976,0.00485,0.00774,0.00574,0.00441,0.00230,0.00425,0.00799,0.00549,0.00660,0.00745,0.00467,0.00427,0.00364,0.00472,0.00457,0.00589
2152,0.00640,0.01825,0.01071,0.01312,0.00623,0.00778,0.00569,0.00442,0.00232,0.00431,0.00803,0.00547,0.00663,0.00753,0.00467,0.00424,0.00369,0.00473,0.00457,0.00589
2153,0.00645,0.01364,0.00920,0.01603,0.00932,0.00777,0.00567,0.00450,0.00236,0.00437,0.00809,0.00550,0.00664,0.00757,0.00472,0.00424,0.00380,0.00478,0.00456,0.00592
2154,0.00650,0.01169,0.00614,0.01729,0.00868,0.00771,0.00561,0.00450,0.00237,0.00442,0.00811,0.00558,0.00665,0.00754,0.00480,0.00422,0.00378,0.00475,0.00458,0.00595
2155,0.00657,0.01362,0.00965,0.01772,0.00776,0.00772,0.00560,0.00454,0.00234,0.00449,0.00806,0.00565,0.00671,0.00750,0.00482,0.00421,0.00377,0.00475,0.00461,0.00596
2156,0.00662,0.01749,0.01438,0.01607,0.00929,0.00776,0.00562,0.00458,0.00230,0.00449,0.00803,0.00567,0.00677,0.00746,0.00480,0.00428,0.00384,0.00484,0.00467,0.00602
2157,0.00668,0.02031,0.01688,0.01528,0.00993,0.00781,0.00565,0.00450,0.00224,0.00443,0.00802,0.00568,0.00679,0.00743,0.00477,0.00437,0.00384,0.00487,0.00470,0.00610
2158,0.00672,0.02037,0.01854,0.01586,0.00975,0.00788,0.00571,0.00446,0.00224,0.00440,0.00803,0.00568,0.00684,0.00749,0.00478,0.00444,0.00384,0.00485,0.00466,0.00612
2159,0.00673,0.01967,0.01890,0.01578,0.00996,0.00792,0.00575,0.00447,0.00224,0.00437,0.00805,0.00571,0.00689,0.00751,0.00483,0.00448,0.00386,0.00486,0.00466,0.00615
2160,0.00668,0.01595,0.01708,0.01584,0.01060,0.00796,0.00578,0.00450,0.00226,0.00432,0.00813,0.00575,0.00695,0.00756,0.00492,0.00446,0.00389,0.00487,0.00465,0.00621
2161,0.00670,0.01350,0.01466,0.01648,0.00940,0.00792,0.00587,0.00456,0.00231,0.00428,0.00817,0.00586,0.00697,0.00757,0.00503,0.00444,0.00383,0.00487,0.00468,0.00626
2162,0.00673,0.01392,0.01307,0.01576,0.00871,0.00792,0.00593,0.00469,0.00238,0.00439,0.00814,0.00594,0.00699,0.00756,0.00515,0.00444,0.00379,0.00491,0.00471,0.00628
2163,0.00677,0.01708,0.01235,0.01448,0.00907,0.00795,0.00589,0.00473,0.00237,0.00450,0.00814,0.00594,0.00696,0.00745,0.00519,0.00448,0.00377,0.00501,0.00477,0.00627
2164,0.00686,0.02192,0.01360,0.01422,0.00810,0.00794,0.00589,0.00474,0.00231,0.00458,0.00817,0.00590,0.00688,0.00738,0.00518,0.00457,0.00372,0.00507,0.00479,0.00630
2165,0.00697,0.02343,0.01400,0.01242,0.00711,0.00790,0.00588,0.00466,0.00231,0.00465,0.00819,0.00587,0.00683,0.00739,0.00512,0.00461,0.00367,0.00513,0.00471,0.00638
2166,0.00709,0.02277,0.01386,0.01033,0.00525,0.00784,0.00585,0.00451,0.00226,0.00465,0.00825,0.00584,0.00683,0.00740,0.00509,0.00461,0.00368,0.00517,0.00460,0.00644
2167,0.00715,0.01965,0.01472,0.00996,0.00457,0.00782,0.00592,0.00451,0.00219,0.00461,0.00829,0.00581,0.00687,0.00750,0.00514,0.00459,0.00376,0.00514,0.00456,0.00651
2168,0.00716,0.01456,0.01215,0.00967,0.00480,0.00783,0.00597,0.00451,0.00221,0.00459,0.00829,0.00587,0.00692,0.00757,0.00515,0.00460,0.00380,0.00518,0.00456,0.00664
2169,0.00716,0.01232,0.01026,0.01047,0.00498,0.00790,0.00596,0.00458,0.00221,0.00463,0.00826,0.00588,0.00700,0.00759,0.00523,0.00462,0.00380,0.00524,0.00463,0.00665
2170,0.00714,0.01237,0.00932,0.01283,0.00650,0.00798,0.00599,0.00472,0.00224,0.00466,0.00824,0.00588,0.00708,0.00759,0.00532,0.00468,0.00380,0.00520,0.00475,0.00662
2171,0.00713,0.01475,0.00694,0.01398,0.00541,0.00796,0.00595,0.00471,0.00225,0.00462,0.00827,0.00597,0.00712,0.00751,0.00528,0.00473,0.00377,0.00521,0.00481,0.00666
2172,0.00714,0.01830,0.00815,0.01396,0.00436,0.00794,0.00590,0.00469,0.00219,0.00465,0.00830,0.00601,0.00717,0.00749,0.00530,0.00476,0.00377,0.00520,0.00483,0.00665
2173,0.00713,0.01933,0.01018,0.01369,0.00456,0.00793,0.00587,0.00475,0.00219,0.00465,0.00833,0.00605,0.00724,0.00744,0.00533,0.00481,0.00383,0.00520,0.00484,0.00668
2174,0.00714,0.01868,0.01045,0.01298,0.00237,0.00793,0.00583,0.00472,0.00218,0.00463,0.00834,0.00612,0.00725,0.00742,0.00535,0.00482,0.00386,0.00532,0.00487,0.00667
2175,0.00711,0.01659,0.01176,0.01315,0.00278,0.00798,0.00584,0.00471,0.00222,0.00464,0.00837,0.00613,0.00728,0.00752,0.00542,0.00485,0.00391,0.00540,0.00495,0.00666
2176,0.00714,0.01361,0.01153,0.01330,0.00505,0.00803,0.00583,0.00469,0.00230,0.00457,0.00836,0.00614,0.00738,0.00752,0.00547,0.00484,0.00399,0.00541,0.00499,0.00669
2177,0.00725,0.01225,0.00988,0.01440,0.00605,0.00802,0.00593,0.00455,0.00232,0.00456,0.00836,0.00615,0.00742,0.00746,0.00553,0.00485,0.00394,0.00543,0.00500,0.00669
2178,0.00732,0.01102,0.00934,0.01505,0.00731,0.00800,0.00600,0.00453,0.00234,0.00458,0.00838,0.00615,0.00745,0.00746,0.00560,0.00488,0.00392,0.00545,0.00499,0.00672
2179,0.00742,0.00978,0.00890,0.01551,0.01010,0.00795,0.00609,0.00457,0.00232,0.00460,0.00838,0.00617,0.00748,0.00747,0.00566,0.00491,0.00386,0.00545,0.00490,0.00680
2180,0.00749,0.01025,0.00897,0.01508,0.01078,0.00795,0.00611,0.00460,0.00232,0.00463,0.00839,0.00614,0.00748,0.00744,0.00571,0.00493,0.00386,0.00545,0.00484,0.00686
2181,0.00757,0.01176,0.00969,0.01457,0.01013,0.00795,0.00613,0.00470,0.00232,0.00473,0.00842,0.00607,0.00745,0.00743,0.00578,0.00496,0.00385,0.00548,0.00475,0.00691
2182,0.00759,0.01313,0.01075,0.01319,0.00993,0.00797,0.00606,0.00479,0.00232,0.00473,0.00845,0.00603,0.00742,0.00741,0.00579,0.00497,0.00392,0.00545,0.00475,0.00698
2183,0.00763,0.01579,0.01083,0.01190,0.00979,0.00806,0.00594,0.00477,0.00229,0.00464,0.00843,0.00602,0.00737,0.00737,0.00579,0.00494,0.00403,0.00538,0.00474,0.00699
2184,0.00764,0.01704,0.01234,0.01090,0.00936,0.00807,0.00585,0.00473,0.00232,0.00469,0.00841,0.00606,0.00736,0.00733,0.00576,0.00500,0.00407,0.00538,0.00477,0.00700
2185,0.00766,0.01617,0.01222,0.01047,0.00946,0.00810,0.00583,0.00473,0.00238,0.00472,0.00838,0.00620,0.00738,0.00738,0.00574,0.00503,0.00409,0.00544,0.00488,0.00701
2186,0.00770,0.01514,0.01101,0.01142,0.00893,0.00819,0.00583,0.00475,0.00239,0.00470,0.00834,0.00633,0.00742,0.00744,0.00574,0.00502,0.00410,0.00553,0.00494,0.00695
2187,0.00767,0.01401,0.01167,0.01173,0.00787,0.00807,0.00588,0.00485,0.00247,0.00478,0.00837,0.00640,0.00749,0.00747,0.00572,0.00503,0.00411,0.00566,0.00496,0.00689
2188,0.00768,0.01322,0.01129,0.01268,0.00697,0.00799,0.00605,0.00491,0.00253,0.00477,0.00843,0.00641,0.00754,0.00747,0.00578,0.00502,0.00406,0.00573,0.00495,0.00692
2189,0.00774,0.01378,0.01015,0.01356,0.00642,0.00800,0.00616,0.00484,0.00247,0.00470,0.00848,0.00641,0.00755,0.00738,0.00580,0.00504,0.00405,0.00571,0.00493,0.00698
2190,0.00778,0.01429,0.01048,0.01328,0.00542,0.00791,0.00619,0.00483,0.00242,0.00470,0.00853,0.00640,0.00755,0.00735,0.00588,0.00510,0.00412,0.00573,0.00490,0.00705
2191,0.00785,0.01415,0.01020,0.01368,0.00445,0.00802,0.00620,0.00481,0.00237,0.00465,0.00852,0.00636,0.00753,0.00737,0.00598,0.00511,0.00411,0.00572,0.00485,0.00711
2192,0.00791,0.01356,0.01073,0.01500,0.00501,0.00820,0.00606,0.00477,0.00227,0.00465,0.00851,0.00636,0.00750,0.00737,0.00596,0.00512,0.00416,0.00569,0.00487,0.00716
2193,0.00792,0.01238,0.01186,0.01562,0.00501,0.00821,0.00600,0.00488,0.00226,0.00473,0.00855,0.00640,0.00751,0.00742,0.00597,0.00515,0.00419,0.00569,0.00488,0.00717
2194,0.00792,0.01229,0.01210,0.01599,0.00608,0.00818,0.00599,0.00497,0.00233,0.00481,0.00855,0.00645,0.00755,0.00747,0.00599,0.00514,0.00417,0.00568,0.00489,0.00717
2195,0.00790,0.01205,0.01225,0.01593,0.00751,0.00818,0.00593,0.00497,0.00237,0.00493,0.00857,0.00654,0.00755,0.00748,0.00601,0.00513,0.00414,0.00571,0.00498,0.00723
2196,0.00789,0.01320,0.01261,0.01465,0.00746,0.00821,0.00596,0.00495,0.00239,0.00500,0.00859,0.00659,0.00763,0.00749,0.00612,0.00516,0.00410,0.00577,0.00502,0.00727
2197,0.00793,0.01554,0.01347,0.01416,0.00773,0.00822,0.00594,0.00487,0.00237,0.00493,0.00854,0.00659,0.00765,0.00748,0.00621,0.00516,0.00411,0.00577,0.00506,0.00732
2198,0.00796,0.01570,0.01325,0.01362,0.00715,0.00827,0.00590,0.00490,0.00231,0.00488,0.00854,0.00656,0.00764,0.00745,0.00622,0.00514,0.00408,0.00577,0.00512,0.00742
2199,0.00807,0.01640,0.01288,0.01247,0.00674,0.00826,0.00603,0.00491,0.00227,0.00481,0.00859,0.00656,0.00770,0.00744,0.00622,0.00514,0.00407,0.00575,0.00510,0.00743
2200,0.00817,0.01608,0.01162,0.01120,0.00704,0.00811,0.00614,0.00493,0.00229,0.00478,0.00863,0.00655,0.00769,0.00741,0.00619,0.00518,0.00413,0.00564,0.00509,0.00744
2201,0.00820,0.01512,0.01039,0.01042,0.00698,0.00805,0.00618,0.00498,0.00229,0.00478,0.00864,0.00656,0.00772,0.00737,0.00619,0.00521,0.00416,0.00562,0.00507,0.00746
2202,0.00823,0.01284,0.00861,0.00925,0.00728,0.00804,0.00618,0.00503,0.00230,0.00488,0.00867,0.00661,0.00783,0.00732,0.00619,0.00527,0.00421,0.00569,0.00500,0.00742
2203,0.00826,0.01220,0.00812,0.00960,0.00732,0.00803,0.00620,0.00504,0.00229,0.00492,0.00868,0.00663,0.00787,0.00731,0.00623,0.00529,0.00424,0.00572,0.00497,0.00741
2204,0.00824,0.01134,0.00790,0.01104,0.00713,0.00803,0.00616,0.00505,0.00223,0.00498,0.00865,0.00660,0.00789,0.00731,0.00630,0.00530,0.00429,0.00576,0.00495,0.00739
2205,0.00822,0.01133,0.00830,0.01258,0.00625,0.00809,0.00614,0.00511,0.00223,0.00501,0.00866,0.00664,0.00788,0.00731,0.00637,0.00528,0.00429,0.00585,0.00493,0.00748
2206,0.00830,0.01284,0.00930,0.01365,0.00653,0.00814,0.00626,0.00507,0.00221,0.00505,0.00872,0.00670,0.00785,0.00737,0.00644,0.00527,0.00428,0.00591,0.00499,0.00759
2207,0.00831,0.01394,0.00986,0.01401,0.00621,0.00817,0.00637,0.00499,0.00222,0.00504,0.00876,0.00671,0.00786,0.00741,0.00650,0.00529,0.00424,0.00586,0.00508,0.00761
2208,0.00837,0.01556,0.00985,0.01365,0.00515,0.00816,0.00636,0.00489,0.00232,0.00497,0.00879,0.00676,0.00788,0.00743,0.00650,0.00533,0.00422,0.00584,0.00510,0.00770
2209,0.00844,0.01600,0.00846,0.01277,0.00517,0.00821,0.00643,0.00483,0.00233,0.00491,0.00878,0.00687,0.00788,0.00746,0.00650,0.00537,0.00424,0.00588,0.00511,0.00776
2210,0.00839,0.01488,0.00761,0.01297,0.00504,0.00826,0.00645,0.00485,0.00234,0.00488,0.00874,0.00692,0.00788,0.00749,0.00655,0.00539,0.00422,0.00591,0.00510,0.00772
2211,0.00838,0.01416,0.00734,0.01254,0.00498,0.00823,0.00645,0.00498,0.00239,0.00493,0.00874,0.00691,0.00785,0.00746,0.00657,0.00544,0.00422,0.00598,0.00504,0.00774
2212,0.00833,0.01266,0.00647,0.01166,0.00618,0.00828,0.00651,0.00508,0.00241,0.00504,0.00877,0.00691,0.00785,0.00740,0.00665,0.00548,0.00430,0.00610,0.00498,0.00780
2213,0.00828,0.01173,0.00836,0.01295,0.00733,0.00831,0.00651,0.00510,0.00241,0.00512,0.00878,0.00689,0.00792,0.00741,0.00675,0.00551,0.00429,0.00613,0.00499,0.00781
2214,0.00837,0.01167,0.00948,0.01330,0.00732,0.00832,0.00653,0.00509,0.00240,0.00515,0.00881,0.00682,0.00797,0.00742,0.00682,0.00560,0.00428,0.00616,0.00501,0.00785
2215,0.00846,0.01136,0.00908,0.01306,0.00672,0.00832,0.00654,0.00496,0.00235,0.00514,0.00885,0.00682,0.00802,0.00743,0.00691,0.00561,0.00431,0.00623,0.00499,0.00790
2216,0.00854,0.01204,0.01051,0.01428,0.00692,0.00827,0.00654,0.00492,0.00234,0.00505,0.00884,0.00682,0.00799,0.00747,0.00688,0.00557,0.00428,0.00627,0.00502,0.00792
2217,0.00862,0.01241,0.00914,0.01300,0.00676,0.00823,0.00649,0.00493,0.00232,0.00505,0.00884,0.00675,0.00791,0.00750,0.00682,0.00558,0.00432,0.00629,0.00501,0.00790
2218,0.00863,0.01215,0.00849,0.01146,0.00655,0.00823,0.00638,0.00497,0.00232,0.00507,0.00884,0.00670,0.00793,0.00750,0.00676,0.00558,0.00436,0.00626,0.00496,0.00786
2219,0.00861,0.01282,0.00954,0.01137,0.00739,0.00827,0.00636,0.00507,0.00236,0.00501,0.00884,0.00667,0.00789,0.00744,0.00670,0.00561,0.00435,0.00623,0.00495,0.00789
2220,0.00859,0.01241,0.00815,0.00922,0.00653,0.00838,0.00639,0.00514,0.00230,0.00508,0.00885,0.00667,0.00788,0.00743,0.00677,0.00568,0.00429,0.00622,0.00497,0.00795
2221,0.00859,0.01162,0.00852,0.00795,0.00585,0.00847,0.00647,0.00526,0.00225,0.00515,0.00888,0.00676,0.00803,0.00748,0.00689,0.00576,0.00424,0.00620,0.00503,0.00800
2222,0.00861,0.01260,0.00957,0.00824,0.00549,0.00849,0.00660,0.00528,0.00232,0.00510,0.00895,0.00684,0.00809,0.00748,0.00692,0.00575,0.00423,0.00626,0.00504,0.00801
2223,0.00862,0.01239,0.00879,0.00818,0.00501,0.00846,0.00664,0.00522,0.00232,0.00508,0.00901,0.00687,0.00812,0.00749,0.00690,0.00566,0.00422,0.00626,0.00503,0.00801
2224,0.00862,0.01241,0.00887,0.00885,0.00526,0.00847,0.00662,0.00518,0.00232,0.00508,0.00904,0.00687,0.00816,0.00750,0.00691,0.00561,0.00421,0.00625,0.00503,0.00805
2225,0.00859,0.01346,0.01066,0.01154,0.00630,0.00845,0.00649,0.00506,0.00236,0.00500,0.00906,0.00675,0.00816,0.00749,0.00685,0.00551,0.00421,0.00620,0.00500,0.00811
2226,0.00862,0.01324,0.01054,0.01232,0.00662,0.00847,0.00644,0.00502,0.00241,0.00500,0.00909,0.00676,0.00818,0.00750,0.00685,0.00548,0.00421,0.00620,0.00499,0.00810
2227,0.00869,0.01141,0.00917,0.01239,0.00726,0.00859,0.00640,0.00503,0.00241,0.00510,0.00906,0.00685,0.00824,0.00755,0.00693,0.00553,0.00424,0.00620,0.00502,0.00807
2228,0.00872,0.01128,0.00900,0.01297,0.00766,0.00860,0.00644,0.00501,0.00241,0.00519,0.00907,0.00690,0.00829,0.00759,0.00700,0.00557,0.00426,0.00626,0.00501,0.00805
2229,0.00878,0.01151,0.00873,0.01329,0.00751,0.00856,0.00653,0.00498,0.00244,0.00530,0.00911,0.00699,0.00835,0.00763,0.00707,0.00565,0.00430,0.00641,0.00497,0.00796
2230,0.00884,0.01085,0.00797,0.01270,0.00845,0.00846,0.00672,0.00499,0.00243,0.00540,0.00912,0.00707,0.00836,0.00768,0.00714,0.00573,0.00432,0.00650,0.00495,0.00794
2231,0.00887,0.01259,0.00925,0.01350,0.00880,0.00843,0.00687,0.00498,0.00236,0.00536,0.00915,0.00705,0.00832,0.00766,0.00712,0.00579,0.00434,0.00655,0.00496,0.00801
2232,0.00888,0.01481,0.00903,0.01380,0.00832,0.00834,0.00679,0.00496,0.00230,0.00535,0.00913,0.00703,0.00824,0.00764,0.00705,0.00576,0.00429,0.00652,0.00496,0.00809
2233,0.00893,0.01507,0.00806,0.01313,0.00735,0.00828,0.00678,0.00495,0.00233,0.00527,0.00906,0.00704,0.00816,0.00764,0.00702,0.00567,0.00426,0.00640,0.00500,0.00818
2234,0.00887,0.01499,0.00805,0.01313,0.00611,0.00842,0.00676,0.00498,0.00230,0.00512,0.00903,0.00702,0.00811,0.00754,0.00699,0.00562,0.00430,0.00633,0.00506,0.00821
2235,0.00878,0.01453,0.00677,0.01320,0.00530,0.00848,0.00664,0.00503,0.00227,0.00517,0.00899,0.00704,0.00816,0.00750,0.00704,0.00564,0.00435,0.00629,0.00510,0.00816
2236,0.00882,0.01355,0.00645,0.01238,0.00558,0.00849,0.00670,0.00513,0.00235,0.00521,0.00900,0.00702,0.00819,0.00748,0.00707,0.00568,0.00437,0.00633,0.00514,0.00817
2237,0.00876,0.01318,0.00699,0.01156,0.00580,0.00860,0.00671,0.00522,0.00231,0.00524,0.00904,0.00699,0.00818,0.00746,0.00709,0.00573,0.00436,0.00638,0.00519,0.00815
2238,0.00878,0.01470,0.00714,0.01213,0.00602,0.00857,0.00666,0.00525,0.00229,0.00533,0.00903,0.00702,0.00824,0.00751,0.00715,0.00576,0.00437,0.00641,0.00522,0.00810
2239,0.00885,0.01656,0.00711,0.01217,0.00712,0.00847,0.00673,0.00521,0.00232,0.00532,0.00903,0.00701,0.00829,0.00753,0.00720,0.00578,0.00437,0.00639,0.00525,0.00811
2240,0.00876,0.01739,0.00579,0.01152,0.00742,0.00841,0.00663,0.00513,0.00223,0.00533,0.00904,0.00704,0.00829,0.00750,0.00730,0.00580,0.00436,0.00633,0.00524,0.00813
2241,0.00879,0.01781,0.00518,0.01212,0.00851,0.00834,0.00648,0.00513,0.00228,0.00529,0.00903,0.00713,0.00825,0.00746,0.00735,0.00578,0.00434,0.00624,0.00521,0.00816
2242,0.00881,0.01749,0.00465,0.01173,0.00899,0.00836,0.00646,0.00513,0.00234,0.00519,0.00907,0.00717,0.00822,0.00741,0.00733,0.00575,0.00430,0.00616,0.00515,0.00821
2243,0.00880,0.01456,0.00419,0.01134,0.00764,0.00843,0.00648,0.00507,0.00231,0.00519,0.00908,0.00719,0.00818,0.00741,0.00727,0.00568,0.00430,0.00620,0.00507,0.00830
2244,0.00886,0.01197,0.00593,0.01257,0.00744,0.00846,0.00647,0.00512,0.00242,0.00518,0.00906,0.00723,0.00821,0.00747,0.00727,0.00567,0.00433,0.00622,0.00505,0.00829
2245,0.00885,0.01072,0.00659,0.01215,0.00596,0.00851,0.00651,0.00518,0.00248,0.00524,0.00907,0.00727,0.00831,0.00748,0.00726,0.00568,0.00436,0.00626,0.00502,0.00831
2246,0.00885,0.00926,0.00709,0.01157,0.00523,0.00862,0.00655,0.00522,0.00249,0.00534,0.00907,0.00732,0.00834,0.00752,0.00716,0.00565,0.00437,0.00630,0.00505,0.00828
2247,0.00886,0.01028,0.00934,0.01146,0.00700,0.00865,0.00656,0.00532,0.00250,0.00537,0.00908,0.00730,0.00829,0.00757,0.00713,0.00576,0.00432,0.00629,0.00513,0.00823
2248,0.00885,0.01158,0.01037,0.01035,0.00640,0.00861,0.00659,0.00523,0.00245,0.00538,0.00905,0.00725,0.00827,0.00755,0.00713,0.00574,0.00430,0.00633,0.00514,0.00832
2249,0.00888,0.01294,0.01208,0.01015,0.00630,0.00855,0.00667,0.00515,0.00241,0.00536,0.00907,0.00718,0.00828,0.00749,0.00709,0.00564,0.00432,0.00635,0.00520,0.00829
2250,0.00892,0.01392,0.01460,0.01006,0.00646,0.00843,0.00672,0.00521,0.00240,0.00532,0.00904,0.00717,0.00824,0.00745,0.00716,0.00569,0.00439,0.00644,0.00524,0.00825
2251,0.00891,0.01343,0.01509,0.00971,0.00596,0.00835,0.00669,0.00524,0.00238,0.00530,0.00902,0.00716,0.00824,0.00742,0.00719,0.00569,0.00447,0.00650,0.00524,0.00821
2252,0.00884,0.01054,0.01334,0.00902,0.00424,0.00830,0.00653,0.00535,0.00238,0.00534,0.00900,0.00720,0.00830,0.00733,0.00716,0.00552,0.00463,0.00657,0.00522,0.00807
2253,0.00879,0.00987,0.01286,0.00922,0.00447,0.00831,0.00651,0.00537,0.00237,0.00532,0.00901,0.00720,0.00829,0.00733,0.00714,0.00553,0.00463,0.00655,0.00521,0.00802
2254,0.00869,0.00964,0.01165,0.00959,0.00584,0.00837,0.00651,0.00531,0.00233,0.00527,0.00904,0.00723,0.00829,0.00750,0.00712,0.00574,0.00450,0.00648,0.00513,0.00802
2255,0.00868,0.00948,0.01088,0.01011,0.00623,0.00837,0.00649,0.00526,0.00232,0.00526,0.00905,0.00717,0.00827,0.00750,0.00711,0.00577,0.00443,0.00644,0.00510,0.00807
2256,0.00874,0.00996,0.01133,0.01188,0.00680,0.00837,0.00659,0.00518,0.00230,0.00522,0.00909,0.00706,0.00822,0.00743,0.00711,0.00579,0.00429,0.00633,0.00511,0.00822
2257,0.00879,0.01042,0.01125,0.01199,0.00697,0.00840,0.00661,0.00514,0.00230,0.00518,0.00907,0.00699,0.00817,0.00743,0.00710,0.00581,0.00421,0.00629,0.00510,0.00827
2258,0.00890,0.01128,0.01094,0.01111,0.00656,0.00843,0.00658,0.00511,0.00230,0.00516,0.00903,0.00689,0.00812,0.00740,0.00707,0.00575,0.00416,0.00635,0.00506,0.00832
2259,0.00895,0.01012,0.00987,0.01079,0.00540,0.00847,0.00655,0.00515,0.00236,0.00513,0.00893,0.00673,0.00803,0.00732,0.00710,0.00564,0.00416,0.00625,0.00514,0.00834
2260,0.00889,0.00923,0.00862,0.00928,0.00576,0.00852,0.00656,0.00514,0.00247,0.00510,0.00887,0.00674,0.00804,0.00740,0.00704,0.00565,0.00416,0.00620,0.00514,0.00822
2261,0.00884,0.01025,0.00872,0.00913,0.00674,0.00858,0.00659,0.00509,0.00252,0.00516,0.00889,0.00684,0.00806,0.00755,0.00703,0.00561,0.00417,0.00621,0.00509,0.00816
2262,0.00872,0.00935,0.01013,0.00973,0.00688,0.00851,0.00653,0.00510,0.00254,0.00515,0.00894,0.00690,0.00803,0.00754,0.00710,0.00563,0.00417,0.00619,0.00509,0.00809
2263,0.00863,0.00837,0.01132,0.00901,0.00698,0.00844,0.00641,0.00509,0.00253,0.00513,0.00900,0.00697,0.00806,0.00748,0.00701,0.00565,0.00421,0.00616,0.00495,0.00806
2264,0.00866,0.01011,0.01336,0.00989,0.00605,0.00846,0.00633,0.00511,0.00240,0.00512,0.00899,0.00697,0.00805,0.00742,0.00695,0.00566,0.00428,0.00609,0.00486,0.00815
2265,0.00869,0.01171,0.01416,0.01012,0.00487,0.00837,0.00632,0.00512,0.00236,0.00504,0.00890,0.00693,0.00800,0.00730,0.00695,0.00566,0.00418,0.00603,0.00483,0.00816
2266,0.00875,0.01279,0.01203,0.00867,0.00483,0.00831,0.00638,0.00508,0.00233,0.00506,0.00885,0.00694,0.00804,0.00724,0.00688,0.00567,0.00408,0.00601,0.00482,0.00816
2267,0.00876,0.01445,0.01061,0.00973,0.00554,0.00837,0.00645,0.00508,0.00222,0.00512,0.00884,0.00699,0.00805,0.00728,0.00682,0.00568,0.00406,0.00604,0.00493,0.00805
2268,0.00869,0.01376,0.00941,0.01047,0.00700,0.00836,0.00643,0.00511,0.00231,0.00513,0.00884,0.00699,0.00803,0.00733,0.00679,0.00566,0.00400,0.00610,0.00504,0.00792
2269,0.00857,0.01245,0.00803,0.01022,0.00822,0.00829,0.00636,0.00518,0.00238,0.00519,0.00891,0.00691,0.00804,0.00735,0.00669,0.00574,0.00409,0.00613,0.00513,0.00787
2270,0.00833,0.01218,0.00823,0.01211,0.00731,0.00839,0.00634,0.00520,0.00237,0.00529,0.00896,0.00681,0.00798,0.00740,0.00664,0.00566,0.00423,0.00600,0.00518,0.00778
2271,0.00820,0.01052,0.00777,0.01253,0.00560,0.00845,0.00632,0.00515,0.00244,0.00535,0.00887,0.00671,0.00792,0.00744,0.00666,0.00552,0.00432,0.00589,0.00508,0.00779
2272,0.00817,0.01076,0.00771,0.01211,0.00454,0.00841,0.00636,0.00501,0.00233,0.00536,0.00880,0.00670,0.00797,0.00743,0.00666,0.00555,0.00443,0.00595,0.00501,0.00780
2273,0.00813,0.01169,0.00913,0.01340,0.00510,0.00853,0.00648,0.00492,0.00218,0.00536,0.00878,0.00673,0.00795,0.00742,0.00676,0.00549,0.00441,0.00600,0.00496,0.00770
2274,0.00818,0.01057,0.01172,0.01411,0.00725,0.00849,0.00646,0.00483,0.00216,0.00524,0.00872,0.00674,0.00783,0.00742,0.00683,0.00547,0.00439,0.00605,0.00483,0.00767
2275,0.00819,0.00981,0.01393,0.01361,0.00863,0.00836,0.00641,0.00472,0.00217,0.00519,0.00873,0.00670,0.00784,0.00746,0.00676,0.00548,0.00441,0.00609,0.00479,0.00767
2276,0.00814,0.00919,0.01404,0.01329,0.00982,0.00834,0.00639,0.00470,0.00220,0.00532,0.00878,0.00660,0.00780,0.00747,0.00665,0.00546,0.00438,0.00603,0.00478,0.00763
2277,0.00809,0.00809,0.01271,0.01199,0.00932,0.00826,0.00632,0.00458,0.00215,0.00530,0.00881,0.00651,0.00774,0.00743,0.00647,0.00545,0.00430,0.00590,0.00470,0.00755
2278,0.00806,0.00906,0.00990,0.01080,0.00803,0.00825,0.00635,0.00459,0.00213,0.00528,0.00880,0.00651,0.00778,0.00748,0.00641,0.00543,0.00421,0.00584,0.00468,0.00750
2279,0.00809,0.01201,0.00746,0.01288,0.00832,0.00829,0.00633,0.00472,0.00220,0.00532,0.00869,0.00652,0.00780,0.00752,0.00645,0.00546,0.00405,0.00584,0.00469,0.00741
2280,0.00811,0.01177,0.00603,0.01400,0.00790,0.00828,0.00634,0.00477,0.00226,0.00513,0.00861,0.00652,0.00771,0.00751,0.00647,0.00545,0.00393,0.00577,0.00476,0.00726
2281,0.00809,0.01125,0.00546,0.01473,0.00902,0.00829,0.00634,0.00492,0.00236,0.00508,0.00864,0.00658,0.00761,0.00751,0.00655,0.00539,0.00393,0.00574,0.00480,0.00719
2282,0.00806,0.01178,0.00630,0.01543,0.00906,0.00828,0.00633,0.00499,0.00241,0.00503,0.00863,0.00656,0.00758,0.00748,0.00652,0.00535,0.00394,0.00574,0.00481,0.00715
2283,0.00803,0.01115,0.00933,0.01470,0.00842,0.00821,0.00631,0.00495,0.00238,0.00495,0.00866,0.00648,0.00755,0.00738,0.00632,0.00540,0.00403,0.00576,0.00484,0.00718
2284,0.00794,0.01152,0.01022,0.01396,0.00718,0.00819,0.00630,0.00501,0.00238,0.00492,0.00865,0.00643,0.00753,0.00731,0.00622,0.00533,0.00405,0.00574,0.00483,0.00716
2285,0.00775,0.01496,0.01272,0.01378,0.00432,0.00821,0.00629,0.00517,0.00240,0.00494,0.00853,0.00632,0.00759,0.00729,0.00612,0.00517,0.00407,0.00573,0.00470,0.00714
2286,0.00767,0.01507,0.01291,0.01306,0.00313,0.00820,0.00624,0.00514,0.00242,0.00493,0.00851,0.00627,0.00758,0.00727,0.00610,0.00514,0.00404,0.00567,0.00466,0.00715
2287,0.00758,0.01251,0.00923,0.01219,0.00256,0.00818,0.00611,0.00506,0.00243,0.00498,0.00860,0.00631,0.00753,0.00720,0.00621,0.00510,0.00398,0.00552,0.00467,0.00717
2288,0.00754,0.01260,0.00905,0.01163,0.00240,0.00819,0.00603,0.00496,0.00245,0.00498,0.00859,0.00630,0.00747,0.00717,0.00621,0.00507,0.00395,0.00547,0.00467,0.00718
2289,0.00758,0.01284,0.00955,0.01088,0.00420,0.00819,0.00597,0.00465,0.00246,0.00492,0.00855,0.00626,0.00735,0.00718,0.00622,0.00515,0.00390,0.00548,0.00467,0.00728
2290,0.00761,0.01302,0.00960,0.01052,0.00474,0.00815,0.00590,0.00451,0.00238,0.00490,0.00850,0.00629,0.00729,0.00716,0.00619,0.00511,0.00387,0.00545,0.00470,0.00726
2291,0.00774,0.01549,0.01200,0.00961,0.00401,0.00810,0.00581,0.00449,0.00226,0.00486,0.00830,0.00633,0.00721,0.00716,0.00607,0.00500,0.00385,0.00547,0.00476,0.00713
2292,0.00771,0.01607,0.01194,0.00955,0.00400,0.00811,0.00575,0.00444,0.00221,0.00483,0.00821,0.00629,0.00717,0.00718,0.00595,0.00493,0.00382,0.00542,0.00476,0.00705
2293,0.00760,0.01525,0.00933,0.01061,0.00466,0.00810,0.00565,0.00439,0.00213,0.00481,0.00815,0.00622,0.00718,0.00727,0.00583,0.00483,0.00382,0.00525,0.00476,0.00696
2294,0.00750,0.01342,0.00979,0.01024,0.00415,0.00815,0.00568,0.00444,0.00210,0.00482,0.00821,0.00632,0.00723,0.00723,0.00572,0.00483,0.00379,0.00522,0.00474,0.00685
2295,0.00730,0.01201,0.00831,0.01157,0.00360,0.00819,0.00565,0.00441,0.00208,0.00481,0.00824,0.00623,0.00720,0.00722,0.00555,0.00485,0.00372,0.00519,0.00465,0.00678
2296,0.00705,0.01217,0.00608,0.01278,0.00521,0.00814,0.00559,0.00439,0.00220,0.00487,0.00826,0.00613,0.00720,0.00719,0.00551,0.00485,0.00371,0.00505,0.00459,0.00670
2297,0.00706,0.01297,0.00756,0.01392,0.00364,0.00801,0.00564,0.00445,0.00226,0.00484,0.00824,0.00615,0.00725,0.00706,0.00561,0.00485,0.00386,0.00507,0.00454,0.00667
2298,0.00717,0.01269,0.00625,0.01674,0.00398,0.00786,0.00552,0.00440,0.00222,0.00476,0.00815,0.00607,0.00722,0.00705,0.00562,0.00480,0.00386,0.00502,0.00449,0.00670
2299,0.00728,0.01185,0.00636,0.01896,0.00385,0.00782,0.00546,0.00440,0.00226,0.00475,0.00810,0.00604,0.00707,0.00708,0.00566,0.00478,0.00377,0.00496,0.00445,0.00682
2300,0.00739,0.00852,0.00729,0.01893,0.00152,0.00788,0.00551,0.00443,0.00228,0.00473,0.00808,0.00604,0.00703,0.00705,0.00575,0.00470,0.00369,0.00501,0.00441,0.00685
2301,0.00728,0.00516,0.00527,0.01910,0.00302,0.00792,0.00541,0.00450,0.00229,0.00472,0.00802,0.00591,0.00696,0.00708,0.00560,0.00458,0.00347,0.00507,0.00444,0.00678
2302,0.00705,0.00176,0.00553,0.01942,0.00317,0.00801,0.00548,0.00454,0.00234,0.00478,0.00800,0.00581,0.00683,0.00714,0.00552,0.00454,0.00331,0.00510,0.00450,0.00667
2303,0.00696,-0.00267,0.00661,0.01651,0.00469,0.00799,0.00561,0.00445,0.00238,0.00479,0.00794,0.00571,0.00689,0.00706,0.00549,0.00441,0.00331,0.00513,0.00466,0.00640
2304,0.00680,-0.00297,0.00852,0.01658,0.00630,0.00781,0.00568,0.00442,0.00236,0.00474,0.00787,0.00569,0.00685,0.00706,0.00526,0.00426,0.00344,0.00513,0.00487,0.00624
2305,0.00671,-0.00112,0.01253,0.01560,0.00531,0.00765,0.00580,0.00433,0.00231,0.00471,0.00790,0.00583,0.00675,0.00715,0.00516,0.00432,0.00352,0.00492,0.00484,0.00612
2306,0.00676,0.00203,0.01258,0.01276,0.00481,0.00746,0.00559,0.00422,0.00227,0.00462,0.00792,0.00586,0.00671,0.00713,0.00513,0.00439,0.00352,0.00472,0.00474,0.00602
2307,0.00678,0.00977,0.01037,0.01427,0.00329,0.00736,0.00526,0.00433,0.00221,0.00464,0.00791,0.00577,0.00658,0.00721,0.00501,0.00438,0.00357,0.00466,0.00466,0.00610
2308,0.00682,0.01473,0.01146,0.01266,0.00181,0.00752,0.00523,0.00434,0.00218,0.00461,0.00790,0.00575,0.00657,0.00726,0.00494,0.00452,0.00360,0.00461,0.00443,0.00606
2309,0.00676,0.01366,0.01259,0.01176,0.00263,0.00774,0.00524,0.00427,0.00227,0.00452,0.00786,0.00562,0.00651,0.00723,0.00487,0.00460,0.00356,0.00466,0.00427,0.00599
2310,0.00669,0.01271,0.01315,0.01387,0.00327,0.00783,0.00543,0.00419,0.00234,0.00452,0.00790,0.00557,0.00642,0.00722,0.00478,0.00458,0.00353,0.00479,0.00439,0.00591
2311,0.00660,0.00877,0.01422,0.01408,0.00285,0.00783,0.00556,0.00403,0.00233,0.00443,0.00793,0.00564,0.00649,0.00715,0.00474,0.00461,0.00354,0.00483,0.00447,0.00584
2312,0.00645,0.00405,0.01326,0.01559,0.00308,0.00780,0.00538,0.00393,0.00236,0.00425,0.00790,0.00567,0.00655,0.00712,0.00477,0.00462,0.00352,0.00474,0.00447,0.00588
2313,0.00646,0.00669,0.01267,0.01640,0.00214,0.00771,0.00526,0.00383,0.00235,0.00424,0.00790,0.00578,0.00659,0.00710,0.00478,0.00456,0.00355,0.00468,0.00455,0.00593
2314,0.00647,0.00757,0.01207,0.01388,0.00324,0.00763,0.00517,0.00389,0.00227,0.00420,0.00784,0.00569,0.00654,0.00704,0.00473,0.00439,0.00355,0.00462,0.00444,0.00598
2315,0.00642,0.00871,0.01071,0.01268,0.00453,0.00763,0.00511,0.00394,0.00228,0.00406,0.00770,0.00552,0.00642,0.00704,0.00462,0.00437,0.00343,0.00447,0.00432,0.00597
2316,0.00640,0.01446,0.01144,0.01277,0.00551,0.00757,0.00531,0.00392,0.00237,0.00419,0.00769,0.00539,0.00632,0.00709,0.00447,0.00439,0.00328,0.00436,0.00441,0.00592
2317,0.00628,0.01201,0.00904,0.01103,0.00620,0.00743,0.00540,0.00400,0.00236,0.00427,0.00772,0.00524,0.00621,0.00709,0.00437,0.00425,0.00308,0.00431,0.00439,0.00579
2318,0.00624,0.00773,0.00862,0.01320,0.00492,0.00748,0.00542,0.00397,0.00220,0.00426,0.00775,0.00518,0.00626,0.00697,0.00436,0.00425,0.00307,0.00435,0.00439,0.00581
2319,0.00616,0.00517,0.01162,0.01372,0.00551,0.00764,0.00550,0.00390,0.00217,0.00445,0.00782,0.00515,0.00632,0.00698,0.00439,0.00423,0.00314,0.00448,0.00447,0.00595
2320,0.00610,0.00042,0.01092,0.01112,0.00565,0.00771,0.00536,0.00391,0.00220,0.00436,0.00780,0.00522,0.00616,0.00703,0.00437,0.00405,0.00312,0.00463,0.00427,0.00590
2321,0.00624,0.00298,0.01791,0.01255,0.00515,0.00765,0.00523,0.00399,0.00213,0.00412,0.00768,0.00511,0.00608,0.00701,0.00431,0.00397,0.00312,0.00475,0.00421,0.00597
2322,0.00624,0.00935,0.02532,0.01004,0.00417,0.00749,0.00514,0.00399,0.00215,0.00413,0.00760,0.00499,0.00600,0.00707,0.00429,0.00396,0.00294,0.00470,0.00437,0.00591
2323,0.00621,0.01715,0.02511,0.00770,0.00454,0.00728,0.00508,0.00393,0.00222,0.00406,0.00758,0.00503,0.00591,0.00698,0.00427,0.00395,0.00286,0.00461,0.00438,0.00567
2324,0.00625,0.02220,0.03156,0.01023,0.00485,0.00717,0.00533,0.00409,0.00218,0.00402,0.00763,0.00489,0.00605,0.00677,0.00430,0.00408,0.00299,0.00461,0.00442,0.00561
2325,0.00618,0.02053,0.03171,0.01343,0.00386,0.00713,0.00529,0.00409,0.00217,0.00412,0.00763,0.00486,0.00611,0.00671,0.00432,0.00409,0.00304,0.00456,0.00444,0.00557
2326,0.00595,0.00769,0.02050,0.02059,0.00292,0.00722,0.00501,0.00396,0.00223,0.00440,0.00766,0.00494,0.00622,0.00677,0.00434,0.00402,0.00320,0.00456,0.00441,0.00557
2327,0.00587,0.00425,0.01836,0.02349,0.00251,0.00729,0.00497,0.00386,0.00225,0.00450,0.00762,0.00499,0.00624,0.00677,0.00433,0.00401,0.00323,0.00447,0.00440,0.00559
2328,0.00586,-0.00387,0.02036,0.02712,0.00204,0.00742,0.00490,0.00369,0.00222,0.00466,0.00750,0.00507,0.00616,0.00679,0.00428,0.00395,0.00312,0.00423,0.00436,0.00565
2329,0.00580,-0.00071,0.01941,0.02853,-0.00101,0.00742,0.00487,0.00354,0.00218,0.00471,0.00739,0.00512,0.00611,0.00684,0.00430,0.00395,0.00303,0.00413,0.00435,0.00568
2330,0.00575,0.01970,0.02310,0.02565,-0.00590,0.00740,0.00511,0.00334,0.00210,0.00465,0.00718,0.00519,0.00603,0.00679,0.00438,0.00409,0.00285,0.00402,0.00442,0.00579
2331,0.00575,0.02418,0.02013,0.02360,-0.00828,0.00739,0.00516,0.00337,0.00205,0.00462,0.00715,0.00514,0.00601,0.00685,0.00435,0.00414,0.00285,0.00395,0.00441,0.00573
2332,0.00580,0.02702,0.00860,0.01993,-0.01287,0.00724,0.00507,0.00360,0.00203,0.00448,0.00723,0.00506,0.00606,0.00721,0.00436,0.00416,0.00290,0.00398,0.00440,0.00553
2333,0.00574,0.02626,0.00603,0.01833,-0.01440,0.00726,0.00505,0.00368,0.00201,0.00445,0.00721,0.00493,0.00613,0.00730,0.00429,0.00413,0.00299,0.00398,0.00437,0.00546
2334,0.00564,0.01313,0.00261,0.01757,-0.01048,0.00741,0.00492,0.00378,0.00206,0.00448,0.00721,0.00460,0.00630,0.00727,0.00401,0.00401,0.00327,0.00390,0.00419,0.00524
2335,0.00560,0.00748,0.00457,0.01561,-0.00942,0.00739,0.00501,0.00389,0.00204,0.00449,0.00720,0.00450,0.00632,0.00726,0.00387,0.00389,0.00338,0.00393,0.00412,0.00520
2336,0.00552,0.00120,0.02164,0.01598,-0.01086,0.00734,0.00521,0.00396,0.00190,0.00460,0.00706,0.00442,0.00628,0.00705,0.00368,0.00367,0.00344,0.00411,0.00410,0.00548
2337,0.00544,-0.00087,0.02272,0.01337,-0.01134,0.00732,0.00530,0.00400,0.00186,0.00465,0.00707,0.00441,0.00620,0.00686,0.00364,0.00360,0.00349,0.00415,0.00408,0.00544
2338,0.00544,0.00329,0.01466,0.00256,-0.00844,0.00727,0.00564,0.00410,0.00188,0.00471,0.00733,0.00473,0.00599,0.00667,0.00383,0.00365,0.00348,0.00419,0.00418,0.00519
2339,0.00547,0.00262,0.01207,0.00071,-0.00863,0.00727,0.00567,0.00416,0.00189,0.00465,0.00737,0.00481,0.00589,0.00655,0.00391,0.00365,0.00344,0.00421,0.00419,0.00508
2340,0.00553,0.00853,0.00063,0.00558,-0.01346,0.00732,0.00543,0.00419,0.00194,0.00442,0.00732,0.00476,0.00578,0.00637,0.00406,0.00375,0.00336,0.00417,0.00413,0.00484
2341,0.00545,0.00522,-0.00151,0.00807,-0.01230,0.00740,0.00536,0.00421,0.00197,0.00438,0.00729,0.00473,0.00573,0.00639,0.00416,0.00371,0.00329,0.00411,0.00413,0.00469
2342,0.00528,-0.01572,0.00744,0.01542,-0.01102,0.00747,0.00514,0.00429,0.00195,0.00436,0.00708,0.00446,0.00572,0.00665,0.00412,0.00349,0.00316,0.00400,0.00414,0.00473
2343,0.00520,-0.02156,0.01265,0.01971,-0.00937,0.00747,0.00507,0.00426,0.00194,0.00432,0.00706,0.00442,0.00574,0.00673,0.00412,0.00340,0.00312,0.00398,0.00414,0.00475
2344,0.00500,-0.02503,0.01726,0.02151,-0.00225,0.00743,0.00520,0.00399,0.00197,0.00445,0.00724,0.00459,0.00597,0.00682,0.00412,0.00342,0.00318,0.00404,0.00419,0.00471
2345,0.00494,-0.02173,0.02062,0.02279,0.00219,0.00744,0.00514,0.00383,0.00201,0.00440,0.00729,0.00470,0.00594,0.00685,0.00413,0.00335,0.00312,0.00392,0.00418,0.00474
2346,0.00515,0.00388,0.02658,0.02291,0.00655,0.00742,0.00505,0.00365,0.00210,0.00418,0.00739,0.00507,0.00574,0.00680,0.00416,0.00324,0.00303,0.00370,0.00410,0.00495
2347,0.00527,0.01647,0.02683,0.02569,0.01008,0.00740,0.00491,0.00362,0.00208,0.00407,0.00741,0.00502,0.00568,0.00678,0.00414,0.00321,0.00295,0.00363,0.00406,0.00492
2348,0.00541,0.02495,0.02505,0.02787,0.01920,0.00753,0.00450,0.00389,0.00192,0.00400,0.00727,0.00453,0.00548,0.00675,0.00420,0.00311,0.00271,0.00354,0.00411,0.00469
2349,0.00542,0.02857,0.02628,0.02903,0.01911,0.00753,0.00444,0.00399,0.00193,0.00396,0.00723,0.00439,0.00541,0.00674,0.00414,0.00312,0.00258,0.00342,0.00403,0.00463
2350,0.00536,0.02336,0.02317,0.03384,0.00962,0.00740,0.00458,0.00405,0.00196,0.00400,0.00723,0.00408,0.00553,0.00672,0.00391,0.00330,0.00249,0.00344,0.00382,0.00445
2351,0.00533,0.01707,0.02326,0.03329,0.00163,0.00717,0.00465,0.00407,0.00198,0.00388,0.00713,0.00404,0.00562,0.00663,0.00365,0.00345,0.00257,0.00344,0.00376,0.00446
2352,0.00517,0.00881,0.03225,0.02772,-0.00695,0.00709,0.00494,0.00399,0.00212,0.00400,0.00724,0.00451,0.00561,0.00664,0.00371,0.00362,0.00250,0.00328,0.00361,0.00464
2353,0.00503,0.00255,0.01817,0.01835,-0.01614,0.00700,0.00508,0.00386,0.00220,0.00387,0.00734,0.00468,0.00547,0.00670,0.00351,0.00362,0.00266,0.00309,0.00355,0.00472
2354,0.00491,0.00368,0.00789,0.01218,-0.00797,0.00691,0.00504,0.00366,0.00224,0.00373,0.00729,0.00473,0.00528,0.00661,0.00361,0.00337,0.00303,0.00300,0.00374,0.00489
2355,0.00481,-0.00642,0.00157,0.01165,-0.00504,0.00709,0.00517,0.00360,0.00221,0.00375,0.00736,0.00463,0.00521,0.00663,0.00384,0.00337,0.00299,0.00320,0.00373,0.00482
2356,0.00493,-0.01093,-0.01076,0.01216,-0.00596,0.00708,0.00521,0.00366,0.00199,0.00368,0.00733,0.00437,0.00510,0.00675,0.00370,0.00328,0.00293,0.00340,0.00377,0.00468
2357,0.00504,-0.00930,-0.00169,0.01517,-0.00800,0.00698,0.00516,0.00349,0.00198,0.00362,0.00716,0.00433,0.00503,0.00672,0.00363,0.00309,0.00293,0.00342,0.00377,0.00484
2358,0.00504,-0.01828,0.00323,0.01470,-0.02330,0.00705,0.00519,0.00373,0.00192,0.00363,0.00700,0.00424,0.00501,0.00681,0.00353,0.00310,0.00277,0.00356,0.00349,0.00484
2359,0.00511,-0.01578,0.00512,0.01317,-0.02872,0.00700,0.00491,0.00401,0.00177,0.00368,0.00686,0.00428,0.00494,0.00681,0.00353,0.00317,0.00282,0.00354,0.00341,0.00471
2360,0.00495,-0.00963,0.01080,0.00854,-0.02875,0.00693,0.00455,0.00395,0.00189,0.00373,0.00671,0.00440,0.00489,0.00660,0.00341,0.00324,0.00302,0.00337,0.00345,0.00477
2361,0.00482,-0.00019,0.00086,0.01126,-0.02632,0.00691,0.00466,0.00422,0.00183,0.00374,0.00657,0.00431,0.00489,0.00655,0.00332,0.00351,0.00325,0.00340,0.00339,0.00473
2362,0.00506,0.03410,0.00054,0.01511,-0.01374,0.00692,0.00463,0.00416,0.00147,0.00384,0.00678,0.00426,0.00500,0.00660,0.00345,0.00380,0.00324,0.00330,0.00340,0.00469
2363,0.00514,0.05125,-0.00347,0.01144,-0.01392,0.00683,0.00457,0.00370,0.00133,0.00406,0.00697,0.00424,0.00508,0.00659,0.00331,0.00386,0.00299,0.00326,0.00351,0.00478
2364,0.00517,0.04288,-0.01729,0.01059,-0.01667,0.00658,0.00478,0.00369,0.00132,0.00399,0.00707,0.00408,0.00522,0.00671,0.00341,0.00386,0.00296,0.00339,0.00359,0.00480
2365,0.00518,0.03644,-0.01431,0.00258,-0.01937,0.00644,0.00469,0.00359,0.00155,0.00401,0.00726,0.00403,0.00532,0.00675,0.00354,0.00376,0.00284,0.00348,0.00360,0.00476
2366,0.00491,-0.00816,-0.00027,-0.01046,-0.02428,0.00636,0.00462,0.00358,0.00220,0.00434,0.00701,0.00406,0.00508,0.00663,0.00340,0.00342,0.00272,0.00362,0.00383,0.00457
2367,0.00487,-0.04099,0.01844,-0.01640,-0.01136,0.00620,0.00468,0.00399,0.00267,0.00433,0.00676,0.00391,0.00488,0.00644,0.00334,0.00314,0.00291,0.00368,0.00394,0.00437
2368,0.00485,-0.03756,0.05111,-0.01334,-0.00089,0.00651,0.00464,0.00393,0.00269,0.00433,0.00676,0.00388,0.00472,0.00622,0.00315,0.00290,0.00290,0.00355,0.00390,0.00427
2369,0.00473,-0.04060,0.05934,-0.01012,-0.00343,0.00705,0.00460,0.00376,0.00263,0.00449,0.00663,0.00391,0.00456,0.00624,0.00315,0.00272,0.00268,0.00336,0.00399,0.00428
2370,0.00496,-0.00941,0.03992,0.00633,-0.00283,0.00697,0.00463,0.00386,0.00245,0.00430,0.00670,0.00389,0.00482,0.00632,0.00331,0.00282,0.00261,0.00347,0.00393,0.00450
2371,0.00509,0.01572,0.02262,0.01728,-0.01693,0.00702,0.00494,0.00390,0.00206,0.00409,0.00681,0.00397,0.00491,0.00633,0.00325,0.00279,0.00251,0.00350,0.00393,0.00466
2372,0.00495,0.01136,0.00129,0.01392,-0.03851,0.00700,0.00512,0.00403,0.00198,0.00413,0.00655,0.00406,0.00478,0.00651,0.00329,0.00285,0.00230,0.00356,0.00401,0.00479
2373,0.00510,0.00905,0.00244,0.02138,-0.04634,0.00667,0.00534,0.00428,0.00192,0.00390,0.00646,0.00416,0.00487,0.00647,0.00328,0.00302,0.00237,0.00385,0.00398,0.00484
2374,0.00504,-0.02653,0.01373,0.02266,-0.05764,0.00694,0.00544,0.00421,0.00135,0.00383,0.00655,0.00417,0.00483,0.00633,0.00309,0.00297,0.00241,0.00357,0.00387,0.00455
2375,0.00463,-0.05822,0.03112,0.02037,-0.06369,0.00678,0.00515,0.00386,0.00093,0.00397,0.00653,0.00431,0.00492,0.00647,0.00315,0.00320,0.00224,0.00348,0.00396,0.00441
2376,0.00480,-0.03937,0.04653,0.03625,-0.05857,0.00646,0.00510,0.00340,0.00091,0.00372,0.00668,0.00450,0.00502,0.00658,0.00329,0.00348,0.00236,0.00352,0.00410,0.00445
2377,0.00495,-0.03256,0.03981,0.04448,-0.05087,0.00639,0.00500,0.00297,0.00086,0.00387,0.00686,0.00444,0.00483,0.00664,0.00343,0.00337,0.00218,0.00318,0.00396,0.00429
2378,0.00483,-0.00839,0.03721,0.03666,-0.04380,0.00604,0.00496,0.00283,0.00115,0.00400,0.00692,0.00436,0.00480,0.00666,0.00365,0.00326,0.00200,0.00314,0.00391,0.00439
2379,0.00477,0.01683,0.03898,0.03606,-0.03311,0.00624,0.00493,0.00285,0.00169,0.00355,0.00691,0.00409,0.00471,0.00647,0.00369,0.00329,0.00227,0.00311,0.00390,0.00472
2380,0.00423,0.00744,0.03291,0.02349,-0.01934,0.00648,0.00477,0.00321,0.00166,0.00344,0.00694,0.00373,0.00462,0.00615,0.00364,0.00301,0.00228,0.00288,0.00396,0.00463
2381,0.00357,0.00158,0.06914,0.02204,-0.00764,0.00670,0.00484,0.00361,0.00172,0.00364,0.00684,0.00370,0.00481,0.00605,0.00344,0.00287,0.00243,0.00294,0.00412,0.00441
2382,0.00331,-0.01408,0.10509,0.03217,0.01558,0.00697,0.00475,0.00347,0.00178,0.00358,0.00675,0.00381,0.00475,0.00607,0.00306,0.00308,0.00256,0.00285,0.00401,0.00427
2383,0.00330,-0.01325,0.09538,0.02846,0.03125,0.00664,0.00457,0.00318,0.00155,0.00365,0.00691,0.00424,0.00479,0.00600,0.00291,0.00298,0.00227,0.00244,0.00397,0.00400
2384,0.00344,-0.01257,0.09832,0.04249,0.01854,0.00662,0.00445,0.00298,0.00180,0.00344,0.00682,0.00435,0.00502,0.00619,0.00287,0.00308,0.00207,0.00249,0.00408,0.00382
2385,0.00372,-0.02592,0.08079,0.05236,0.00780,0.00657,0.00438,0.00286,0.00184,0.00270,0.00668,0.00405,0.00494,0.00611,0.00275,0.00342,0.00215,0.00269,0.00390,0.00370
2386,0.00392,-0.01754,0.04822,0.04481,0.00399,0.00661,0.00460,0.00340,0.00209,0.00262,0.00668,0.00382,0.00502,0.00594,0.00278,0.00361,0.00234,0.00272,0.00385,0.00360
2387,0.00407,-0.01636,0.04814,0.03652,0.00697,0.00711,0.00482,0.00387,0.00255,0.00295,0.00648,0.00326,0.00492,0.00613,0.00277,0.00360,0.00277,0.00309,0.00377,0.00355
2388,0.00413,-0.03391,0.01372,0.01919,0.01398,0.00711,0.00479,0.00373,0.00222,0.00364,0.00650,0.00360,0.00471,0.00617,0.00284,0.00348,0.00290,0.00332,0.00335,0.00351
2389,0.00419,-0.02924,-0.01394,0.01018,0.01858,0.00709,0.00449,0.00405,0.00208,0.00476,0.00673,0.00449,0.00476,0.00619,0.00322,0.00340,0.00255,0.00310,0.00327,0.00369
2390,0.00437,-0.01762,-0.01332,0.01522,0.00063,0.00707,0.00376,0.00389,0.00192,0.00514,0.00677,0.00475,0.00456,0.00614,0.00343,0.00326,0.00259,0.00320,0.00333,0.00380
2391,0.00428,-0.00502,-0.03149,0.01942,-0.04297,0.00693,0.00340,0.00347,0.00152,0.00498,0.00674,0.00517,0.00438,0.00606,0.00354,0.00318,0.00250,0.00325,0.00333,0.00372
2392,0.00431,0.02301,0.01379,0.04309,-0.06013,0.00708,0.00384,0.00334,0.00149,0.00475,0.00653,0.00497,0.00433,0.00617,0.00340,0.00315,0.00270,0.00284,0.00349,0.00419
2393,0.00460,0.04117,0.04302,0.05937,-0.06671,0.00698,0.00406,0.00284,0.00152,0.00428,0.00622,0.00423,0.00416,0.00618,0.00292,0.00297,0.00324,0.00274,0.00351,0.00462
2394,0.00472,0.02622,0.02126,0.05461,-0.04378,0.00690,0.00433,0.00286,0.00155,0.00406,0.00610,0.00425,0.00439,0.00621,0.00267,0.00278,0.00300,0.00278,0.00345,0.00439
2395,0.00472,-0.01011,0.02984,0.06064,0.00512,0.00682,0.00441,0.00294,0.00149,0.00400,0.00608,0.00433,0.00485,0.00639,0.00291,0.00276,0.00275,0.00298,0.00350,0.00438
2396,0.00482,-0.08078,0.00215,0.03641,0.02355,0.00649,0.00373,0.00277,0.00151,0.00349,0.00609,0.00395,0.00489,0.00629,0.00305,0.00283,0.00263,0.00354,0.00344,0.00400
2397,0.00460,-0.15172,-0.04446,0.01266,0.03991,0.00661,0.00347,0.00310,0.00155,0.00316,0.00620,0.00389,0.00509,0.00619,0.00289,0.00295,0.00245,0.00373,0.00333,0.00329
2398,0.00403,-0.21575,-0.01391,0.02938,0.03792,0.00673,0.00367,0.00311,0.00153,0.00327,0.00617,0.00401,0.00511,0.00620,0.00298,0.00303,0.00239,0.00346,0.00340,0.00324
2399,0.00381,-0.25261,-0.01070,0.02566,0.00210,0.00668,0.00389,0.00284,0.00140,0.00315,0.00592,0.00380,0.00457,0.00590,0.00272,0.00301,0.00250,0.00317,0.00316,0.00329
2400,0.00401,-0.15587,-0.01141,0.02889,-0.00675,0.00677,0.00439,0.00314,0.00125,0.00360,0.00591,0.00408,0.00438,0.00561,0.00238,0.00307,0.00270,0.00330,0.00312,0.00326
2401,0.00435,-0.04848,0.02055,0.04104,-0.01873,0.00686,0.00468,0.00315,0.00173,0.00420,0.00602,0.00453,0.00428,0.00549,0.00253,0.00305,0.00246,0.00342,0.00326,0.00337
2402,0.00451,-0.01342,0.01636,0.00880,-0.03374,0.00676,0.00469,0.00259,0.00204,0.00412,0.00605,0.00422,0.00417,0.00573,0.00260,0.00269,0.00250,0.00332,0.00304,0.00331
2403,0.00477,0.03833,0.00925,-0.00432,-0.03900,0.00627,0.00464,0.00231,0.00221,0.00422,0.00623,0.00404,0.00420,0.00624,0.00261,0.00251,0.00294,0.00340,0.00309,0.00333
2404,0.00473,-0.01692,0.00418,0.01989,-0.04710,0.00592,0.00438,0.00223,0.00236,0.00401,0.00647,0.00393,0.00405,0.00655,0.00257,0.00269,0.00300,0.00310,0.00303,0.00367
2405,0.00423,-0.08663,-0.00925,0.02613,-0.03347,0.00560,0.00448,0.00233,0.00195,0.00368,0.00655,0.00338,0.00381,0.00672,0.00252,0.00277,0.00311,0.00264,0.00289,0.00353
2406,0.00424,-0.09179,0.00291,0.02589,-0.02573,0.00527,0.00449,0.00313,0.00171,0.00377,0.00671,0.00310,0.00334,0.00653,0.00237,0.00311,0.00315,0.00282,0.00321,0.00348
2407,0.00441,-0.07471,0.00288,0.01802,-0.00283,0.00531,0.00421,0.00359,0.00165,0.00354,0.00686,0.00329,0.00306,0.00622,0.00214,0.00334,0.00272,0.00300,0.00349,0.00364
2408,0.00441,-0.04143,-0.00990,-0.00914,0.01741,0.00556,0.00438,0.00345,0.00187,0.00357,0.00675,0.00346,0.00325,0.00638,0.00227,0.00306,0.00221,0.00282,0.00356,0.00319
2409,0.00465,-0.02863,-0.02839,-0.02155,0.00291,0.00555,0.00421,0.00328,0.00187,0.00368,0.00659,0.00374,0.00335,0.00671,0.00240,0.00274,0.00176,0.00282,0.00338,0.00296
2410,0.00522,-0.00528,-0.06180,-0.03474,-0.00235,0.00547,0.00414,0.00272,0.00173,0.00357,0.00646,0.00431,0.00371,0.00669,0.00245,0.00241,0.00182,0.00244,0.00327,0.00295
2411,0.00514,-0.05432,-0.06484,-0.01371,-0.00437,0.00583,0.00469,0.00295,0.00165,0.00424,0.00639,0.00422,0.00390,0.00651,0.00252,0.00234,0.00212,0.00200,0.00334,0.00294
2412,0.00490,-0.08001,-0.05590,0.00520,-0.01470,0.00571,0.00483,0.00353,0.00137,0.00429,0.00624,0.00377,0.00372,0.00626,0.00246,0.00214,0.00208,0.00238,0.00342,0.00319
2413,0.00488,-0.01791,-0.05196,0.00897,-0.01893,0.00559,0.00473,0.00376,0.00157,0.00434,0.00612,0.00370,0.00369,0.00586,0.00246,0.00187,0.00242,0.00275,0.00362,0.00341
2414,0.00424,-0.00566,-0.02273,0.03398,-0.02261,0.00618,0.00453,0.00461,0.00169,0.00492,0.00594,0.00361,0.00365,0.00586,0.00261,0.00166,0.00249,0.00325,0.00339,0.00353
2415,0.00420,0.03437,-0.00472,0.02163,-0.03469,0.00624,0.00401,0.00466,0.00171,0.00452,0.00554,0.00345,0.00382,0.00583,0.00286,0.00113,0.00187,0.00363,0.00305,0.00341
2416,0.00413,-0.02770,0.02818,0.01389,-0.06459,0.00646,0.00402,0.00422,0.00142,0.00449,0.00554,0.00313,0.00416,0.00570,0.00294,0.00103,0.00196,0.00277,0.00313,0.00324
2417,0.00370,-0.27119,0.06955,0.00890,-0.07463,0.00730,0.00408,0.00445,0.00104,0.00443,0.00565,0.00300,0.00438,0.00580,0.00319,0.00141,0.00215,0.00195,0.00307,0.00331
2418,0.00383,-0.37293,0.12450,-0.01873,-0.09082,0.00721,0.00383,0.00405,0.00131,0.00376,0.00576,0.00294,0.00457,0.00591,0.00347,0.00218,0.00223,0.00144,0.00261,0.00321
2419,0.00379,-0.30356,0.21189,-0.00116,-0.10068,0.00658,0.00402,0.00320,0.00158,0.00369,0.00613,0.00290,0.00469,0.00614,0.00354,0.00313,0.00249,0.00116,0.00207,0.00310
2420,0.00377,-0.33511,0.13174,-0.00407,-0.07502,0.00662,0.00399,0.00316,0.00201,0.00373,0.00605,0.00329,0.00455,0.00599,0.00373,0.00322,0.00237,0.00208,0.00182,0.00306
2421,0.00391,-0.24702,0.04240,-0.00346,-0.07735,0.00624,0.00406,0.00336,0.00244,0.00366,0.00576,0.00348,0.00438,0.00559,0.00355,0.00298,0.00220,0.00267,0.00158,0.00302
2422,0.00376,-0.16299,0.01390,0.04116,-0.09580,0.00602,0.00450,0.00345,0.00233,0.00399,0.00548,0.00373,0.00409,0.00551,0.00357,0.00289,0.00187,0.00305,0.00198,0.00352
2423,0.00361,-0.13586,-0.00035,0.04456,-0.11010,0.00660,0.00499,0.00413,0.00213,0.00375,0.00520,0.00380,0.00386,0.00555,0.00344,0.00258,0.00167,0.00376,0.00263,0.00377
2424,0.00358,-0.08901,0.01446,0.04939,-0.10195,0.00628,0.00509,0.00411,0.00222,0.00308,0.00526,0.00374,0.00405,0.00536,0.00272,0.00275,0.00185,0.00390,0.00293,0.00375
2425,0.00351,-0.10138,0.03003,0.04033,-0.08999,0.00598,0.00511,0.00360,0.00229,0.00318,0.00571,0.00388,0.00416,0.00535,0.00272,0.00317,0.00205,0.00400,0.00318,0.00359
2426,0.00325,-0.14840,0.03040,-0.00472,-0.04206,0.00590,0.00542,0.00343,0.00240,0.00336,0.00611,0.00348,0.00420,0.00569,0.00243,0.00313,0.00220,0.00384,0.00303,0.00313
2427,0.00289,-0.13586,0.02555,-0.01253,-0.00311,0.00529,0.00537,0.00308,0.00225,0.00329,0.00614,0.00327,0.00413,0.00564,0.00206,0.00299,0.00216,0.00314,0.00299,0.00315
2428,0.00306,-0.29250,0.00023,-0.02259,-0.03295,0.00506,0.00535,0.00331,0.00187,0.00342,0.00622,0.00379,0.00382,0.00622,0.00255,0.00283,0.00222,0.00267,0.00282,0.00310
2429,0.00365,0.97653,-0.02195,-0.01241,-0.04082,0.00513,0.00514,0.00373,0.00191,0.00364,0.00626,0.00419,0.00356,0.00696,0.00262,0.00273,0.00229,0.00240,0.00252,0.00331
2430,0.00455,28.11861,-0.05150,0.01094,-0.04841,0.00536,0.00482,0.00376,0.00182,0.00344,0.00637,0.00412,0.00355,0.00603,0.00242,0.00288,0.00237,0.00216,0.00280,0.00350
2431,0.00511,-0.71203,-0.11192,0.01808,-0.06228,0.00587,0.00448,0.00389,0.00175,0.00346,0.00672,0.00414,0.00365,0.00545,0.00246,0.00271,0.00266,0.00250,0.00297,0.00300
2432,0.00452,-0.49776,-0.18110,0.02166,-0.04238,0.00654,0.00448,0.00407,0.00197,0.00404,0.00689,0.00338,0.00363,0.00555,0.00245,0.00250,0.00266,0.00252,0.00296,0.00285
2433,0.00366,-0.55796,-0.15048,-0.01695,-0.04393,0.00698,0.00491,0.00374,0.00146,0.00411,0.00668,0.00239,0.00363,0.00529,0.00248,0.00300,0.00229,0.00200,0.00279,0.00268
2434,0.00317,-0.99152,-0.06458,-0.01584,-0.05885,0.00708,0.00495,0.00304,0.00070,0.00411,0.00646,0.00288,0.00356,0.00555,0.00291,0.00280,0.00178,0.00207,0.00224,0.00247
2435,0.00316,2.23600,-0.02387,-0.01217,-0.04605,0.00714,0.00489,0.00263,0.00041,0.00393,0.00649,0.00319,0.00336,0.00564,0.00315,0.00204,0.00124,0.00207,0.00183,0.00260
2436,0.00393,-4.55804,-0.01079,-0.00705,-0.08586,0.00617,0.00422,0.00234,0.00025,0.00343,0.00610,0.00330,0.00332,0.00500,0.00269,0.00215,0.00060,0.00148,0.00223,0.00272
2437,0.00441,-0.16895,-0.02966,0.04286,-0.10937,0.00524,0.00359,0.00228,0.00049,0.00353,0.00577,0.00395,0.00313,0.00480,0.00261,0.00171,0.00040,0.00125,0.00250,0.00264
2438,0.00373,-0.07544,-0.10796,0.00035,-0.06803,0.00491,0.00386,0.00270,0.00079,0.00335,0.00591,0.00354,0.00287,0.00583,0.00240,0.00144,0.00040,0.00133,0.00240,0.00268
2439,0.00325,-0.04084,-0.11977,-0.06017,-0.10179,0.00456,0.00462,0.00325,0.00087,0.00287,0.00575,0.00299,0.00297,0.00672,0.00227,0.00257,0.00025,0.00137,0.00250,0.00297
2440,0.00310,-0.18524,-0.11278,-0.06209,-0.12358,0.00522,0.00540,0.00327,0.00104,0.00334,0.00591,0.00371,0.00291,0.00708,0.00347,0.00275,0.00106,0.00221,0.00226,0.00300
2441,0.00268,-0.30916,-0.13225,-0.10001,-0.12298,0.00569,0.00596,0.00354,0.00141,0.00375,0.00637,0.00385,0.00307,0.00725,0.00408,0.00248,0.00138,0.00322,0.00189,0.00299
2442,0.00361,-0.26146,-0.07542,-0.10415,-0.17011,0.00532,0.00577,0.00358,0.00207,0.00379,0.00599,0.00315,0.00303,0.00614,0.00452,0.00224,0.00175,0.00296,0.00157,0.00316
2443,0.00397,-0.18720,-0.05023,-0.08906,-0.17948,0.00552,0.00533,0.00343,0.00247,0.00417,0.00587,0.00310,0.00290,0.00569,0.00469,0.00220,0.00199,0.00291,0.00157,0.00321
2444,0.00420,0.00694,0.03081,-0.05655,-0.10116,0.00631,0.00422,0.00244,0.00254,0.00399,0.00589,0.00272,0.00243,0.00566,0.00374,0.00250,0.00149,0.00256,0.00156,0.00326
2445,0.00422,0.01490,0.10583,-0.03473,-0.11403,0.00671,0.00369,0.00228,0.00270,0.00402,0.00590,0.00233,0.00251,0.00545,0.00327,0.00260,0.00119,0.00225,0.00166,0.00334
2446,0.00335,-0.22834,0.18089,0.03382,-0.32575,0.00761,0.00280,0.00314,0.00315,0.00548,0.00624,0.00272,0.00319,0.00547,0.00285,0.00282,0.00096,0.00207,0.00237,0.00320
2447,0.00303,-0.45517,0.23342,0.05657,-0.55376,0.00769,0.00249,0.00320,0.00313,0.00578,0.00625,0.00288,0.00361,0.00537,0.00262,0.00286,0.00069,0.00186,0.00283,0.00321
2448,0.00293,-0.67894,0.13883,-0.00054,-5.31682,0.00627,0.00341,0.00312,0.00276,0.00459,0.00561,0.00243,0.00448,0.00493,0.00277,0.00266,0.00034,0.00110,0.00316,0.00348
2449,0.00283,-0.79869,0.14416,-0.02475,-8.39896,0.00573,0.00386,0.00333,0.00235,0.00418,0.00556,0.00209,0.00488,0.00474,0.00279,0.00236,-0.00000,0.00105,0.00320,0.00376
2450,0.00335,-0.28369,0.26664,-0.04468,-0.41955,0.00526,0.00469,0.00300,0.00075,0.00358,0.00566,0.00204,0.00437,0.00472,0.00306,0.00170,-0.00020,0.00203,0.00299,0.00463
2451,0.00364,-0.17496,0.23617,-0.08468,-0.30755,0.00504,0.00493,0.00279,0.00049,0.00318,0.00576,0.00208,0.00444,0.00476,0.00319,0.00136,-0.00035,0.00231,0.00297,0.00444
2452,0.00375,-0.09537,0.10175,-0.11864,-0.25517,0.00576,0.00452,0.00327,0.00169,0.00352,0.00673,0.00217,0.00496,0.00512,0.00306,0.00073,-0.00051,0.00251,0.00296,0.00309
2453,0.00354,-0.08139,0.07878,-0.11657,-0.21045,0.00580,0.00432,0.00351,0.00190,0.00364,0.00685,0.00216,0.00501,0.00534,0.00312,0.00081,-0.00067,0.00275,0.00278,0.00270
2454,0.00292,-0.15220,-0.01905,-0.15665,-0.17954,0.00525,0.00360,0.00311,0.00232,0.00354,0.00596,0.00215,0.00517,0.00549,0.00320,0.00193,-0.00124,0.00257,0.00232,0.00225
2455,0.00287,-0.19551,-0.06183,-0.13827,-0.14467,0.00519,0.00332,0.00311,0.00255,0.00340,0.00590,0.00225,0.00492,0.00558,0.00333,0.00222,-0.00093,0.00247,0.00227,0.00186
2456,0.00267,-0.40658,0.16452,0.11923,-0.19059,0.00530,0.00335,0.00360,0.00163,0.00348,0.00599,0.00216,0.00390,0.00570,0.00364,0.00256,0.00044,0.00267,0.00206,0.00212
2457,0.00299,-0.43682,0.21454,0.20085,-0.15846,0.00533,0.00338,0.00372,0.00163,0.00323,0.00603,0.00217,0.00349,0.00556,0.00379,0.00258,0.00070,0.00272,0.00216,0.00229
2458,0.00464,-0.32109,0.09599,0.09423,-0.07151,0.00561,0.00376,0.00382,0.00275,0.00207,0.00663,0.00261,0.00330,0.00504,0.00408,0.00176,0.00071,0.00280,0.00314,0.00218
2459,0.00476,-0.13728,0.04892,0.09019,-0.05910,0.00570,0.00394,0.00378,0.00299,0.00224,0.00694,0.00276,0.00305,0.00496,0.00409,0.00142,0.00102,0.00240,0.00358,0.00213
2460,0.00377,0.15146,-0.02858,0.03720,0.00642,0.00579,0.00416,0.00342,0.00319,0.00341,0.00726,0.00273,0.00317,0.00503,0.00392,0.00110,0.00079,0.00140,0.00404,0.00250
2461,0.00370,0.16896,-0.03636,0.01163,-0.00544,0.00551,0.00408,0.00332,0.00301,0.00379,0.00694,0.00266,0.00276,0.00498,0.00371,0.00122,0.00058,0.00104,0.00404,0.00264
2462,0.00298,0.02151,-0.01525,0.02971,-0.25301,0.00472,0.00324,0.00299,0.00178,0.00480,0.00574,0.00220,0.00154,0.00527,0.00310,0.00176,0.00084,-0.00005,0.00318,0.00226
2463,0.00297,0.00544,-0.01642,0.00864,-0.38129,0.00444,0.00325,0.00314,0.00130,0.00525,0.00542,0.00226,0.00120,0.00523,0.00277,0.00218,0.00091,0.00017,0.00314,0.00232
2464,0.00468,-0.09852,0.02025,-0.03932,-0.33543,0.00405,0.00378,0.00431,0.00084,0.00460,0.00498,0.00274,0.00113,0.00455,0.00268,0.00334,0.00010,0.00254,0.00334,0.00306
2465,0.00511,-0.20744,0.03110,-0.04896,-0.51653,0.00371,0.00413,0.00428,0.00092,0.00428,0.00473,0.00284,0.00118,0.00439,0.00229,0.00358,0.00015,0.00318,0.00344,0.00295
2466,0.00506,0.00251,-0.04691,-0.04503,-1.21435,0.00417,0.00546,0.00358,0.00240,0.00415,0.00572,0.00333,0.00196,0.00475,0.00155,0.00312,0.00134,0.00395,0.00413,0.00230
2467,0.00465,-0.12966,-0.06865,-0.05851,-1.41401,0.00391,0.00560,0.00340,0.00238,0.00404,0.00582,0.00315,0.00245,0.00456,0.00157,0.00283,0.00171,0.00386,0.00451,0.00207
2468,0.00283,-0.43469,-0.07058,-0.08718,-2.13743,0.00252,0.00438,0.00237,0.00180,0.00340,0.00486,0.00173,0.00308,0.00410,0.00192,0.00190,0.00204,0.00158,0.00454,0.00102
2469,0.00226,-0.72356,-0.06551,-0.10131,-2.52323,0.00211,0.00392,0.00207,0.00122,0.00355,0.00470,0.00143,0.00312,0.00398,0.00206,0.00135,0.00210,0.00082,0.00459,0.00098
2470,0.00181,-1.02762,-0.03988,-0.11252,-0.41891,0.00210,0.00288,0.00289,-0.00108,0.00494,0.00468,0.00120,0.00273,0.00355,0.00303,0.00106,0.00153,0.00046,0.00473,0.00225
2471,0.00205,-1.52872,-0.00377,-0.15707,-0.34183,0.00204,0.00301,0.00337,-0.00172,0.00493,0.00490,0.00165,0.00271,0.00337,0.00313,0.00071,0.00103,0.00021,0.00478,0.00280
2472,0.00419,-0.21687,0.33628,-1.36999,0.23630,0.00235,0.00485,0.00387,-0.00120,0.00420,0.00605,0.00391,0.00186,0.00381,0.00191,0.00040,0.00033,0.00082,0.00452,0.00367
2473,0.00488,-0.82095,1.03048,0.16184,0.12058,0.00315,0.00509,0.00419,-0.00078,0.00432,0.00627,0.00439,0.00212,0.00412,0.00191,-0.00004,-0.00025,0.00102,0.00434,0.00408
2474,0.00492,-0.21422,-0.15611,0.05754,0.43040,0.00442,0.00496,0.00484,0.00079,0.00369,0.00604,0.00407,0.00396,0.00432,0.00242,-0.00053,-0.00119,0.00095,0.00448,0.00391
2475,0.00540,-0.31102,-0.10671,0.04716,0.38941,0.00508,0.00514,0.00471,0.00133,0.00399,0.00598,0.00416,0.00450,0.00444,0.00279,-0.00079,-0.00158,0.00115,0.00405,0.00385
2476,0.00537,-4.74684,-0.18246,-35.16343,0.58070,0.00672,0.00454,0.00367,0.00189,0.00635,0.00508,0.00341,0.00506,0.00499,0.00363,-0.00130,-0.00113,0.00183,0.00281,0.00349
2477,0.00580,-6.45754,-0.25672,-0.06110,0.55748,0.00671,0.00397,0.00305,0.00150,0.00684,0.00525,0.00290,0.00491,0.00493,0.00446,-0.00101,-0.00152,0.00164,0.00251,0.00333
2478,0.00717,-2.48426,-0.13355,-0.02583,0.28558,0.00477,0.00338,0.00147,-0.00073,0.00648,0.00653,0.00298,0.00283,0.00397,0.00572,0.00041,-0.00259,0.00090,0.00253,0.00342
2479,0.00802,4.32566,-0.18818,-0.02257,0.25506,0.00331,0.00388,0.00184,-0.00124,0.00606,0.00693,0.00276,0.00291,0.00381,0.00568,0.00063,-0.00251,0.00059,0.00233,0.00293
2480,0.00904,1.49356,0.77302,-0.02256,0.31062,0.00001,0.00437,0.00455,-0.00177,0.00423,0.00764,0.00144,0.00432,0.00386,0.00532,0.00097,-0.00208,-0.00046,0.00315,0.00189
2481,0.00870,0.96097,0.51735,-0.06342,0.30584,-0.00048,0.00530,0.00455,-0.00159,0.00365,0.00761,0.00145,0.00464,0.00371,0.00463,0.00081,-0.00207,-0.00082,0.00232,0.00138
2482,0.00756,0.43458,-0.33001,-0.46358,0.31908,0.00055,0.00927,0.00427,0.00056,0.00303,0.00595,0.00299,0.00558,0.00383,0.00183,-0.00093,-0.00072,-0.00018,-0.00026,0.00008
2483,0.00520,0.23239,-0.41995,-0.82123,0.28107,0.00200,0.00986,0.00406,0.00208,0.00376,0.00627,0.00329,0.00665,0.00410,0.00058,-0.00129,-0.00078,-0.00002,-0.00167,0.00053
2484,-0.00167,0.25395,-2.02767,-5.04822,0.12358,0.00790,0.00788,0.00074,0.00377,0.00687,0.00754,0.00369,0.00735,0.00425,-0.00000,-0.00107,-0.00292,0.00041,-0.00408,0.00354
2485,-0.00312,0.78198,5.48407,-2.51658,-0.01657,0.00812,0.00630,0.00027,0.00484,0.00794,0.00844,0.00374,0.00654,0.00434,-0.00012,-0.00097,-0.00334,-0.00028,-0.00410,0.00394
2486,-0.00073,-0.79499,2.02342,-0.14660,-0.05656,0.00413,0.00257,0.00281,0.00632,0.00888,0.01128,0.00276,0.00543,0.00512,0.00002,-0.00049,-0.00280,-0.00215,-0.00133,0.00414
2487,-0.00223,0.60437,2.52771,-0.05181,-0.02603,0.00368,0.00090,0.00400,0.00583,0.01009,0.01097,0.00243,0.00499,0.00505,0.00179,0.00036,-0.00350,-0.00250,-0.00076,0.00357
2488,-0.00135,-4.27890,13.22478,1.10324,0.10595,0.00172,-0.00007,0.00525,0.00235,0.01013,0.00798,0.00255,0.00219,0.00382,0.00577,0.00185,-0.00466,-0.00307,0.00039,0.00008
2489,-0.00196,0.70250,-1.31772,-1.96686,0.21259,0.00062,-0.00075,0.00560,0.00277,0.01016,0.00705,0.00199,0.00162,0.00402,0.00776,0.00254,-0.00431,-0.00321,0.00066,-0.00021
2490,-0.00901,0.40206,-0.15583,-0.86123,2.75796,0.00262,-0.00063,0.00631,0.00430,0.01169,0.00531,0.00117,0.00426,0.00513,0.01105,0.00324,-0.00404,-0.00160,-0.00107,0.00169
2491,-0.00494,0.33528,-0.12830,-0.61772,-1.75396,0.00279,0.00067,0.00540,0.00446,0.00963,0.00469,0.00020,0.00446,0.00426,0.00926,0.00400,-0.00334,-0.00131,-0.00102,0.00105
2492,0.00721,0.30382,-0.39157,-0.61512,-1.19470,0.00054,0.00245,0.00225,0.00682,0.00393,0.00554,-0.00126,0.00289,0.00263,0.00348,0.00419,-0.00079,-0.00241,0.00004,-0.00016
2493,0.00952,0.17305,-0.64154,-0.13492,-232.09972,0.00041,0.00663,0.00362,0.00310,0.00411,0.00611,-0.00292,0.00485,0.00323,0.00162,0.00385,-0.00184,-0.00077,0.00036,0.00087
2494,0.01078,0.06156,-0.36618,0.05107,-2.81675,0.00349,0.01078,0.00236,0.00024,0.00474,0.00644,-0.00245,0.00609,0.00400,-0.00028,0.00448,-0.00143,0.00074,0.00105,0.00107
2495,0.00245,0.15392,-0.19394,0.20622,6.72800,0.00177,0.00866,0.00674,0.00324,0.00496,0.00761,-0.00121,0.00584,0.00443,0.00320,0.00005,-0.00186,0.00424,0.00430,0.00342
2496,-0.00071,0.55459,-0.14873,0.42811,0.71956,0.00187,0.00749,0.00725,0.00382,0.00662,0.00769,-0.00046,0.00556,0.00495,0.00360,-0.00045,-0.00179,0.00488,0.00531,0.00440
2497,0.00029,0.04660,-0.24230,-0.20059,1.41176,0.00322,0.00139,0.00272,0.00657,0.00844,0.00575,0.00106,0.00323,0.00308,0.00059,0.00302,-0.00040,0.00264,0.00524,0.00259
2498,-0.00089,0.11055,-0.29097,-0.12439,1.57031,0.00353,-0.00052,0.00275,0.00710,0.00910,0.00506,0.00172,0.00183,0.00234,-0.00054,0.00326,-0.00057,0.00152,0.00570,0.00204
2499,-0.00153,0.30677,-0.27760,0.00853,1.37895,0.00474,0.00237,0.00426,0.00280,0.01156,0.00482,0.00210,0.00121,0.00328,-0.00236,0.00431,-0.00187,-0.00172,0.00494,0.00276
2500,-0.00217,0.39809,-0.22808,0.03219,1.16604,0.00527,0.00331,0.00466,0.00117,0.01297,0.00439,0.00152,0.00071,0.00409,-0.00321,0.00451,-0.00252,-0.00316,0.00426,0.00226
