wavelength_nm,13_7_SB1,13_7_SB2,13_7_SB3,13_7_SB4,13_7_SB5,14_7_SB1,14_7_SB2,14_7_SB3,14_7_SB4,14_7_SB5,14_7_SB6,14_7_SB7,14_7_SB8,14_7_SB9,14_7_SB10,15_7_SB1,15_7_SB2,15_7_SB3,15_7_SB4,15_7_SB5,17_7_SB1,17_7_SB2,20_7_SB1,20_7_SB2,20_7_SB3,20_7_SB4,21_7_SB1,21_7_SB2,21_7_SB3,21_7_SB4,21_7_SB5,21_7_SB7,21_7_SB8,21_7_SB9,21_7_SB10,22_7_SB1,22_7_SB2,22_7_SB3,22_7_SB4,22_7_SB5,23_7_SB1,23_7_SB2,23_7_SB3,23_7_SB4,23_7_SB5,24_7_SB1,24_7_SB2
350,0.37379,0.25000,0.77363,0.17614,0.89776,0.20257,0.45845,0.36576,0.13150,0.14952,0.76219,0.30665,0.85031,0.26544,0.21564,0.68544,0.42825,0.16503,0.52937,0.68012,0.67343,0.93477,0.41978,0.43028,0.39435,,0.10617,0.19749,0.71434,0.32949,0.32731,0.17216,0.32342,0.71765,0.21754,0.26151,0.37129,0.43701,0.20871,0.24605,0.62190,0.64166,0.19441,0.33856,0.23279,0.41675,0.26395
351,0.37410,0.25012,0.77294,0.17630,0.89771,0.20246,0.45819,0.36584,0.13156,0.14948,0.76193,0.30654,0.84981,0.26538,0.21576,0.68470,0.42811,0.16475,0.52896,0.67930,0.67177,0.93421,0.41943,0.43019,0.39420,,0.10623,0.19753,0.71373,0.32962,0.32723,0.17208,0.32347,0.71701,0.21751,0.26144,0.37116,0.43667,0.20864,0.24592,0.62126,0.64105,0.19444,0.33826,0.23282,0.41653,0.26381
352,0.37327,0.25022,0.77227,0.17637,0.89772,0.20262,0.45795,0.36596,0.13155,0.14953,0.76178,0.30658,0.84923,0.26534,0.21584,0.68409,0.42807,0.16457,0.52857,0.67854,0.67039,0.93370,0.41912,0.43003,0.39410,,0.10611,0.19756,0.71328,0.32974,0.32706,0.17219,0.32351,0.71647,0.21751,0.26140,0.37101,0.43632,0.20854,0.24572,0.62083,0.64048,0.19449,0.33796,0.23284,0.41638,0.26363
353,0.37257,0.25031,0.77153,0.17638,0.89771,0.20282,0.45772,0.36606,0.13151,0.14954,0.76158,0.30668,0.84857,0.26532,0.21582,0.68356,0.42801,0.16446,0.52814,0.67780,0.66921,0.93324,0.41884,0.42971,0.39408,,0.10596,0.19755,0.71289,0.32982,0.32684,0.17232,0.32353,0.71593,0.21756,0.26134,0.37095,0.43591,0.20850,0.24554,0.62047,0.63989,0.19450,0.33763,0.23285,0.41628,0.26347
354,0.37391,0.25037,0.77067,0.17639,0.89760,0.20272,0.45754,0.36612,0.13149,0.14937,0.76115,0.30667,0.84791,0.26529,0.21571,0.68301,0.42772,0.16428,0.52758,0.67708,0.66801,0.93280,0.41850,0.42922,0.39421,,0.10598,0.19745,0.71239,0.32986,0.32672,0.17226,0.32353,0.71529,0.21763,0.26122,0.37107,0.43545,0.20852,0.24547,0.61995,0.63918,0.19442,0.33730,0.23290,0.41614,0.26345
355,0.37432,0.25044,0.76997,0.17667,0.89750,0.20278,0.45732,0.36616,0.13155,0.14926,0.76089,0.30675,0.84730,0.26528,0.21566,0.68246,0.42729,0.16406,0.52700,0.67628,0.66689,0.93228,0.41815,0.42889,0.39450,,0.10599,0.19750,0.71195,0.32992,0.32654,0.17229,0.32355,0.71465,0.21757,0.26109,0.37111,0.43506,0.20836,0.24518,0.61954,0.63847,0.19442,0.33705,0.23298,0.41598,0.26340
356,0.37410,0.25053,0.76933,0.17692,0.89739,0.20288,0.45711,0.36620,0.13164,0.14923,0.76069,0.30682,0.84676,0.26524,0.21565,0.68187,0.42689,0.16381,0.52646,0.67545,0.66575,0.93172,0.41777,0.42861,0.39477,,0.10604,0.19756,0.71157,0.32999,0.32635,0.17234,0.32353,0.71405,0.21751,0.26088,0.37107,0.43469,0.20815,0.24483,0.61913,0.63779,0.19444,0.33672,0.23299,0.41580,0.26330
357,0.37375,0.25061,0.76863,0.17694,0.89727,0.20288,0.45691,0.36624,0.13169,0.14924,0.76046,0.30682,0.84627,0.26515,0.21564,0.68126,0.42664,0.16355,0.52595,0.67462,0.66448,0.93119,0.41738,0.42829,0.39482,,0.10612,0.19755,0.71118,0.33004,0.32621,0.17234,0.32345,0.71349,0.21757,0.26061,0.37102,0.43428,0.20803,0.24458,0.61865,0.63716,0.19442,0.33625,0.23289,0.41565,0.26317
358,0.37296,0.25070,0.76777,0.17708,0.89731,0.20279,0.45659,0.36619,0.13173,0.14911,0.76025,0.30692,0.84569,0.26506,0.21566,0.68074,0.42653,0.16340,0.52547,0.67379,0.66316,0.93074,0.41712,0.42810,0.39451,,0.10601,0.19752,0.71069,0.32994,0.32609,0.17238,0.32342,0.71284,0.21766,0.26061,0.37106,0.43376,0.20788,0.24440,0.61825,0.63668,0.19442,0.33596,0.23291,0.41561,0.26312
359,0.37225,0.25074,0.76698,0.17713,0.89733,0.20278,0.45635,0.36610,0.13175,0.14906,0.75999,0.30691,0.84510,0.26501,0.21572,0.68020,0.42648,0.16327,0.52502,0.67292,0.66196,0.93030,0.41681,0.42786,0.39424,,0.10584,0.19754,0.71026,0.32991,0.32584,0.17238,0.32342,0.71218,0.21773,0.26062,0.37102,0.43335,0.20774,0.24423,0.61778,0.63615,0.19437,0.33561,0.23292,0.41537,0.26296
360,0.37199,0.25075,0.76630,0.17711,0.89731,0.20287,0.45617,0.36605,0.13179,0.14907,0.75968,0.30682,0.84449,0.26498,0.21583,0.67957,0.42646,0.16313,0.52458,0.67208,0.66076,0.92984,0.41642,0.42756,0.39407,,0.10569,0.19763,0.70994,0.32998,0.32547,0.17235,0.32345,0.71152,0.21775,0.26054,0.37088,0.43303,0.20759,0.24409,0.61719,0.63555,0.19427,0.33511,0.23291,0.41497,0.26272
361,0.37240,0.25079,0.76558,0.17727,0.89733,0.20294,0.45581,0.36612,0.13190,0.14891,0.75945,0.30687,0.84382,0.26488,0.21590,0.67880,0.42646,0.16302,0.52415,0.67141,0.65914,0.92937,0.41608,0.42732,0.39374,,0.10555,0.19780,0.70964,0.33007,0.32512,0.17237,0.32353,0.71089,0.21772,0.26039,0.37080,0.43247,0.20741,0.24397,0.61652,0.63505,0.19417,0.33451,0.23301,0.41484,0.26258
362,0.37275,0.25079,0.76476,0.17736,0.89730,0.20300,0.45542,0.36614,0.13194,0.14884,0.75917,0.30683,0.84324,0.26478,0.21590,0.67804,0.42642,0.16282,0.52372,0.67074,0.65750,0.92891,0.41577,0.42706,0.39341,,0.10551,0.19783,0.70931,0.33012,0.32481,0.17231,0.32346,0.71031,0.21775,0.26028,0.37069,0.43210,0.20732,0.24389,0.61601,0.63456,0.19414,0.33409,0.23299,0.41469,0.26238
363,0.37243,0.25080,0.76397,0.17739,0.89723,0.20304,0.45509,0.36608,0.13196,0.14887,0.75891,0.30675,0.84272,0.26469,0.21587,0.67738,0.42631,0.16261,0.52333,0.67003,0.65597,0.92847,0.41551,0.42677,0.39320,,0.10547,0.19778,0.70896,0.33012,0.32460,0.17221,0.32334,0.70975,0.21784,0.26019,0.37053,0.43182,0.20723,0.24380,0.61556,0.63407,0.19409,0.33375,0.23292,0.41447,0.26218
364,0.37128,0.25089,0.76339,0.17747,0.89721,0.20306,0.45486,0.36602,0.13203,0.14893,0.75877,0.30675,0.84214,0.26460,0.21586,0.67689,0.42612,0.16253,0.52302,0.66931,0.65458,0.92800,0.41526,0.42649,0.39319,,0.10536,0.19776,0.70861,0.33009,0.32450,0.17216,0.32335,0.70916,0.21793,0.26010,0.37038,0.43139,0.20702,0.24366,0.61501,0.63355,0.19395,0.33330,0.23295,0.41426,0.26209
365,0.37254,0.25088,0.76276,0.17760,0.89717,0.20298,0.45467,0.36606,0.13206,0.14882,0.75860,0.30679,0.84168,0.26456,0.21588,0.67640,0.42599,0.16237,0.52263,0.66865,0.65350,0.92750,0.41487,0.42623,0.39324,,0.10537,0.19765,0.70806,0.33007,0.32426,0.17215,0.32329,0.70861,0.21795,0.26004,0.37031,0.43102,0.20692,0.24350,0.61449,0.63283,0.19380,0.33291,0.23292,0.41411,0.26198
366,0.37326,0.25082,0.76212,0.17771,0.89714,0.20293,0.45442,0.36607,0.13204,0.14872,0.75842,0.30685,0.84123,0.26454,0.21585,0.67588,0.42587,0.16216,0.52222,0.66799,0.65243,0.92709,0.41452,0.42598,0.39327,,0.10539,0.19759,0.70752,0.33007,0.32400,0.17213,0.32319,0.70813,0.21797,0.25991,0.37025,0.43063,0.20681,0.24333,0.61403,0.63205,0.19370,0.33251,0.23289,0.41390,0.26185
367,0.37180,0.25078,0.76151,0.17776,0.89717,0.20301,0.45411,0.36600,0.13202,0.14871,0.75825,0.30692,0.84071,0.26449,0.21577,0.67535,0.42570,0.16195,0.52184,0.66730,0.65120,0.92680,0.41428,0.42574,0.39330,,0.10535,0.19764,0.70711,0.33007,0.32380,0.17206,0.32309,0.70769,0.21807,0.25968,0.37014,0.43018,0.20663,0.24312,0.61361,0.63134,0.19365,0.33208,0.23290,0.41362,0.26169
368,0.37152,0.25077,0.76084,0.17789,0.89713,0.20317,0.45393,0.36595,0.13206,0.14868,0.75797,0.30696,0.84022,0.26442,0.21574,0.67488,0.42547,0.16176,0.52139,0.66659,0.65006,0.92629,0.41393,0.42546,0.39339,,0.10532,0.19759,0.70660,0.32998,0.32358,0.17191,0.32304,0.70714,0.21813,0.25962,0.37010,0.42978,0.20652,0.24288,0.61314,0.63071,0.19357,0.33181,0.23292,0.41346,0.26154
369,0.37128,0.25079,0.76023,0.17797,0.89712,0.20321,0.45382,0.36596,0.13210,0.14862,0.75779,0.30703,0.83985,0.26436,0.21573,0.67442,0.42516,0.16163,0.52089,0.66596,0.64904,0.92585,0.41361,0.42518,0.39358,,0.10527,0.19751,0.70609,0.32993,0.32344,0.17183,0.32299,0.70663,0.21815,0.25951,0.37006,0.42940,0.20643,0.24267,0.61268,0.63005,0.19354,0.33150,0.23301,0.41332,0.26133
370,0.37085,0.25084,0.75966,0.17797,0.89715,0.20314,0.45369,0.36600,0.13210,0.14855,0.75769,0.30715,0.83952,0.26433,0.21573,0.67396,0.42479,0.16153,0.52036,0.66535,0.64814,0.92552,0.41337,0.42493,0.39383,,0.10522,0.19744,0.70564,0.32992,0.32334,0.17184,0.32295,0.70617,0.21814,0.25931,0.36999,0.42901,0.20630,0.24248,0.61224,0.62932,0.19352,0.33112,0.23313,0.41314,0.26112
371,0.37084,0.25089,0.75889,0.17800,0.89715,0.20318,0.45342,0.36604,0.13204,0.14845,0.75748,0.30729,0.83901,0.26434,0.21576,0.67352,0.42445,0.16134,0.51981,0.66455,0.64732,0.92511,0.41313,0.42465,0.39398,,0.10519,0.19747,0.70533,0.32978,0.32314,0.17183,0.32297,0.70557,0.21815,0.25922,0.36983,0.42858,0.20610,0.24224,0.61183,0.62857,0.19338,0.33077,0.23315,0.41282,0.26111
372,0.37089,0.25091,0.75825,0.17803,0.89713,0.20322,0.45316,0.36603,0.13205,0.14843,0.75728,0.30734,0.83853,0.26426,0.21572,0.67299,0.42420,0.16112,0.51927,0.66378,0.64629,0.92462,0.41286,0.42434,0.39400,,0.10520,0.19751,0.70509,0.32966,0.32290,0.17182,0.32294,0.70496,0.21815,0.25905,0.36978,0.42819,0.20597,0.24207,0.61137,0.62794,0.19326,0.33039,0.23311,0.41251,0.26104
373,0.37094,0.25090,0.75764,0.17809,0.89712,0.20328,0.45292,0.36596,0.13212,0.14840,0.75706,0.30734,0.83808,0.26415,0.21570,0.67242,0.42405,0.16093,0.51877,0.66303,0.64510,0.92411,0.41258,0.42403,0.39386,,0.10520,0.19752,0.70486,0.32955,0.32268,0.17178,0.32287,0.70443,0.21818,0.25888,0.36978,0.42782,0.20588,0.24191,0.61085,0.62741,0.19312,0.32997,0.23304,0.41223,0.26085
374,0.37096,0.25085,0.75685,0.17826,0.89717,0.20338,0.45266,0.36585,0.13220,0.14824,0.75677,0.30738,0.83757,0.26409,0.21585,0.67193,0.42398,0.16083,0.51833,0.66225,0.64395,0.92369,0.41232,0.42379,0.39354,,0.10511,0.19747,0.70457,0.32939,0.32246,0.17166,0.32283,0.70400,0.21823,0.25887,0.36970,0.42743,0.20575,0.24168,0.61029,0.62692,0.19290,0.32947,0.23299,0.41195,0.26059
375,0.37048,0.25084,0.75615,0.17839,0.89717,0.20340,0.45234,0.36572,0.13229,0.14819,0.75665,0.30735,0.83705,0.26403,0.21591,0.67134,0.42394,0.16067,0.51802,0.66158,0.64260,0.92334,0.41205,0.42362,0.39305,,0.10491,0.19748,0.70441,0.32925,0.32225,0.17157,0.32280,0.70343,0.21818,0.25882,0.36954,0.42707,0.20565,0.24162,0.60970,0.62647,0.19278,0.32895,0.23297,0.41174,0.26036
376,0.37021,0.25081,0.75548,0.17847,0.89721,0.20340,0.45201,0.36564,0.13233,0.14825,0.75653,0.30732,0.83657,0.26394,0.21598,0.67071,0.42394,0.16048,0.51771,0.66092,0.64110,0.92301,0.41177,0.42347,0.39254,,0.10473,0.19750,0.70426,0.32914,0.32203,0.17146,0.32279,0.70284,0.21813,0.25875,0.36939,0.42669,0.20551,0.24164,0.60914,0.62601,0.19268,0.32846,0.23292,0.41150,0.26022
377,0.37053,0.25076,0.75481,0.17852,0.89735,0.20345,0.45173,0.36563,0.13231,0.14836,0.75629,0.30735,0.83614,0.26383,0.21612,0.67011,0.42394,0.16032,0.51731,0.66025,0.63956,0.92268,0.41148,0.42326,0.39216,,0.10466,0.19749,0.70401,0.32906,0.32179,0.17131,0.32281,0.70236,0.21816,0.25869,0.36930,0.42629,0.20534,0.24160,0.60864,0.62548,0.19254,0.32806,0.23285,0.41119,0.26016
378,0.37074,0.25079,0.75420,0.17859,0.89751,0.20348,0.45153,0.36567,0.13230,0.14840,0.75612,0.30731,0.83575,0.26377,0.21616,0.66959,0.42382,0.16017,0.51698,0.65977,0.63810,0.92232,0.41126,0.42300,0.39211,,0.10467,0.19736,0.70371,0.32907,0.32167,0.17123,0.32270,0.70191,0.21814,0.25856,0.36920,0.42600,0.20533,0.24146,0.60813,0.62489,0.19249,0.32768,0.23286,0.41091,0.26002
379,0.37054,0.25083,0.75365,0.17867,0.89759,0.20354,0.45142,0.36570,0.13230,0.14841,0.75601,0.30746,0.83542,0.26373,0.21611,0.66921,0.42354,0.16000,0.51657,0.65928,0.63695,0.92201,0.41100,0.42272,0.39236,,0.10473,0.19730,0.70335,0.32906,0.32158,0.17122,0.32262,0.70154,0.21812,0.25838,0.36917,0.42573,0.20528,0.24128,0.60774,0.62427,0.19242,0.32735,0.23292,0.41078,0.25990
380,0.36996,0.25088,0.75315,0.17872,0.89760,0.20363,0.45138,0.36573,0.13229,0.14841,0.75592,0.30778,0.83517,0.26372,0.21603,0.66893,0.42311,0.15982,0.51606,0.65870,0.63615,0.92175,0.41072,0.42245,0.39278,,0.10480,0.19733,0.70296,0.32897,0.32148,0.17125,0.32261,0.70123,0.21812,0.25821,0.36920,0.42545,0.20513,0.24108,0.60745,0.62366,0.19231,0.32707,0.23303,0.41074,0.25984
381,0.36947,0.25098,0.75262,0.17875,0.89762,0.20369,0.45130,0.36581,0.13229,0.14841,0.75582,0.30791,0.83496,0.26375,0.21604,0.66865,0.42266,0.15965,0.51555,0.65806,0.63558,0.92140,0.41059,0.42220,0.39312,,0.10479,0.19727,0.70267,0.32878,0.32141,0.17119,0.32254,0.70089,0.21814,0.25814,0.36927,0.42514,0.20501,0.24076,0.60718,0.62314,0.19229,0.32687,0.23320,0.41060,0.25981
382,0.36999,0.25101,0.75205,0.17888,0.89771,0.20377,0.45115,0.36583,0.13227,0.14836,0.75571,0.30801,0.83466,0.26379,0.21613,0.66829,0.42241,0.15956,0.51505,0.65741,0.63506,0.92115,0.41053,0.42201,0.39320,,0.10479,0.19732,0.70240,0.32859,0.32131,0.17119,0.32248,0.70049,0.21820,0.25805,0.36931,0.42486,0.20492,0.24057,0.60694,0.62277,0.19221,0.32659,0.23324,0.41046,0.25982
383,0.37071,0.25101,0.75146,0.17904,0.89784,0.20385,0.45094,0.36578,0.13232,0.14828,0.75561,0.30809,0.83426,0.26382,0.21627,0.66788,0.42240,0.15950,0.51467,0.65677,0.63437,0.92096,0.41046,0.42189,0.39301,,0.10473,0.19743,0.70221,0.32844,0.32117,0.17122,0.32248,0.70005,0.21833,0.25802,0.36930,0.42462,0.20482,0.24053,0.60667,0.62248,0.19211,0.32627,0.23325,0.41036,0.25981
384,0.37025,0.25103,0.75090,0.17909,0.89796,0.20388,0.45068,0.36570,0.13256,0.14827,0.75554,0.30815,0.83384,0.26383,0.21644,0.66748,0.42253,0.15940,0.51449,0.65619,0.63335,0.92071,0.41027,0.42183,0.39269,,0.10455,0.19742,0.70218,0.32833,0.32100,0.17118,0.32261,0.69962,0.21853,0.25816,0.36922,0.42442,0.20472,0.24058,0.60631,0.62218,0.19209,0.32598,0.23342,0.41034,0.25968
385,0.37051,0.25105,0.75028,0.17910,0.89807,0.20381,0.45045,0.36559,0.13265,0.14823,0.75537,0.30817,0.83346,0.26372,0.21665,0.66697,0.42278,0.15929,0.51417,0.65555,0.63223,0.92046,0.41017,0.42168,0.39228,,0.10447,0.19742,0.70233,0.32824,0.32076,0.17107,0.32271,0.69913,0.21864,0.25816,0.36907,0.42417,0.20467,0.24063,0.60597,0.62201,0.19207,0.32557,0.23351,0.41013,0.25947
386,0.37064,0.25113,0.74974,0.17913,0.89821,0.20386,0.45022,0.36552,0.13268,0.14826,0.75524,0.30817,0.83317,0.26366,0.21682,0.66647,0.42303,0.15918,0.51388,0.65496,0.63090,0.92024,0.41003,0.42145,0.39178,,0.10442,0.19745,0.70253,0.32811,0.32052,0.17098,0.32270,0.69871,0.21869,0.25810,0.36895,0.42389,0.20463,0.24064,0.60556,0.62189,0.19201,0.32510,0.23349,0.40988,0.25935
387,0.36998,0.25127,0.74934,0.17924,0.89838,0.20412,0.44998,0.36556,0.13273,0.14840,0.75521,0.30817,0.83292,0.26374,0.21690,0.66608,0.42315,0.15910,0.51373,0.65451,0.62934,0.92006,0.40977,0.42121,0.39129,,0.10433,0.19750,0.70263,0.32795,0.32035,0.17097,0.32262,0.69847,0.21875,0.25808,0.36894,0.42361,0.20457,0.24061,0.60505,0.62172,0.19191,0.32469,0.23346,0.40975,0.25937
388,0.36925,0.25127,0.74880,0.17932,0.89839,0.20416,0.44982,0.36568,0.13272,0.14846,0.75519,0.30816,0.83264,0.26367,0.21694,0.66578,0.42311,0.15894,0.51359,0.65407,0.62795,0.91991,0.40954,0.42115,0.39109,,0.10425,0.19747,0.70240,0.32790,0.32041,0.17094,0.32265,0.69825,0.21877,0.25804,0.36892,0.42342,0.20458,0.24060,0.60477,0.62133,0.19181,0.32448,0.23358,0.40984,0.25921
389,0.36847,0.25130,0.74844,0.17942,0.89845,0.20416,0.44973,0.36572,0.13273,0.14849,0.75508,0.30829,0.83242,0.26361,0.21695,0.66550,0.42296,0.15884,0.51331,0.65367,0.62705,0.91973,0.40933,0.42104,0.39120,,0.10420,0.19742,0.70214,0.32794,0.32039,0.17090,0.32269,0.69794,0.21878,0.25794,0.36891,0.42320,0.20455,0.24053,0.60455,0.62091,0.19177,0.32433,0.23367,0.40989,0.25905
390,0.36802,0.25144,0.74819,0.17954,0.89860,0.20423,0.44968,0.36569,0.13281,0.14853,0.75493,0.30852,0.83226,0.26364,0.21693,0.66522,0.42275,0.15878,0.51290,0.65331,0.62654,0.91952,0.40912,0.42084,0.39151,,0.10422,0.19739,0.70196,0.32799,0.32023,0.17088,0.32271,0.69756,0.21880,0.25777,0.36893,0.42293,0.20447,0.24037,0.60434,0.62054,0.19180,0.32418,0.23372,0.40982,0.25897
391,0.36900,0.25164,0.74767,0.17965,0.89875,0.20439,0.44960,0.36572,0.13289,0.14863,0.75492,0.30865,0.83211,0.26375,0.21694,0.66494,0.42252,0.15862,0.51258,0.65303,0.62591,0.91932,0.40897,0.42064,0.39177,,0.10431,0.19736,0.70182,0.32795,0.32020,0.17089,0.32276,0.69734,0.21881,0.25757,0.36898,0.42267,0.20448,0.24018,0.60417,0.62019,0.19188,0.32406,0.23385,0.40973,0.25888
392,0.36829,0.25172,0.74719,0.17976,0.89885,0.20443,0.44945,0.36582,0.13285,0.14859,0.75495,0.30881,0.83193,0.26383,0.21694,0.66470,0.42231,0.15850,0.51230,0.65262,0.62522,0.91916,0.40886,0.42045,0.39197,,0.10433,0.19732,0.70160,0.32785,0.32015,0.17095,0.32282,0.69705,0.21893,0.25751,0.36908,0.42249,0.20442,0.24008,0.60402,0.61993,0.19185,0.32387,0.23405,0.40973,0.25887
393,0.36698,0.25177,0.74680,0.17985,0.89896,0.20437,0.44930,0.36588,0.13282,0.14845,0.75494,0.30900,0.83174,0.26388,0.21697,0.66446,0.42216,0.15841,0.51199,0.65209,0.62461,0.91898,0.40880,0.42031,0.39207,,0.10432,0.19733,0.70142,0.32775,0.32009,0.17101,0.32287,0.69666,0.21912,0.25755,0.36919,0.42235,0.20432,0.24004,0.60391,0.61973,0.19184,0.32367,0.23427,0.40981,0.25889
394,0.36772,0.25196,0.74642,0.17992,0.89917,0.20431,0.44927,0.36580,0.13299,0.14836,0.75483,0.30913,0.83155,0.26393,0.21707,0.66415,0.42209,0.15830,0.51158,0.65154,0.62425,0.91872,0.40875,0.42025,0.39207,,0.10434,0.19745,0.70150,0.32771,0.32007,0.17102,0.32295,0.69623,0.21924,0.25758,0.36923,0.42216,0.20430,0.24000,0.60381,0.61953,0.19200,0.32358,0.23441,0.40985,0.25880
395,0.36841,0.25205,0.74591,0.17999,0.89942,0.20438,0.44916,0.36574,0.13319,0.14833,0.75478,0.30914,0.83126,0.26390,0.21727,0.66375,0.42231,0.15820,0.51140,0.65104,0.62373,0.91875,0.40860,0.42016,0.39165,,0.10427,0.19759,0.70176,0.32764,0.31979,0.17107,0.32307,0.69585,0.21933,0.25761,0.36925,0.42191,0.20424,0.24004,0.60363,0.61953,0.19199,0.32332,0.23450,0.40981,0.25876
396,0.36891,0.25212,0.74536,0.18006,0.89958,0.20452,0.44894,0.36573,0.13331,0.14835,0.75472,0.30910,0.83098,0.26389,0.21748,0.66330,0.42271,0.15811,0.51133,0.65064,0.62277,0.91879,0.40843,0.42005,0.39093,,0.10416,0.19770,0.70207,0.32758,0.31941,0.17111,0.32317,0.69553,0.21942,0.25765,0.36921,0.42167,0.20420,0.24013,0.60335,0.61965,0.19192,0.32299,0.23454,0.40972,0.25872
397,0.36927,0.25221,0.74489,0.18015,0.89961,0.20467,0.44865,0.36576,0.13333,0.14840,0.75458,0.30906,0.83079,0.26392,0.21762,0.66286,0.42305,0.15802,0.51122,0.65033,0.62137,0.91868,0.40830,0.41989,0.39021,,0.10409,0.19776,0.70228,0.32758,0.31914,0.17109,0.32319,0.69526,0.21954,0.25769,0.36909,0.42144,0.20423,0.24020,0.60302,0.61976,0.19189,0.32271,0.23458,0.40962,0.25862
398,0.36925,0.25222,0.74456,0.18026,0.89975,0.20470,0.44855,0.36561,0.13335,0.14850,0.75450,0.30895,0.83052,0.26384,0.21773,0.66247,0.42303,0.15791,0.51110,0.64992,0.62016,0.91864,0.40810,0.41978,0.38999,,0.10404,0.19778,0.70222,0.32760,0.31916,0.17102,0.32321,0.69496,0.21963,0.25761,0.36898,0.42122,0.20418,0.24010,0.60288,0.61952,0.19189,0.32255,0.23460,0.40967,0.25847
399,0.36907,0.25228,0.74420,0.18036,0.89993,0.20468,0.44847,0.36558,0.13338,0.14849,0.75449,0.30896,0.83030,0.26381,0.21777,0.66218,0.42298,0.15783,0.51088,0.64954,0.61924,0.91860,0.40785,0.41965,0.38992,,0.10400,0.19777,0.70217,0.32765,0.31907,0.17100,0.32324,0.69470,0.21968,0.25749,0.36891,0.42095,0.20417,0.24000,0.60264,0.61922,0.19189,0.32238,0.23467,0.40965,0.25836
400,0.36894,0.25242,0.74377,0.18043,0.90007,0.20466,0.44835,0.36570,0.13339,0.14842,0.75449,0.30908,0.83015,0.26384,0.21773,0.66195,0.42295,0.15775,0.51059,0.64923,0.61849,0.91854,0.40761,0.41950,0.38992,,0.10399,0.19773,0.70215,0.32772,0.31882,0.17104,0.32326,0.69448,0.21970,0.25735,0.36890,0.42067,0.20422,0.23994,0.60229,0.61893,0.19190,0.32219,0.23478,0.40955,0.25832
401,0.36925,0.25263,0.74340,0.18053,0.90010,0.20473,0.44822,0.36578,0.13338,0.14846,0.75439,0.30915,0.83010,0.26384,0.21769,0.66168,0.42273,0.15757,0.51039,0.64893,0.61765,0.91845,0.40752,0.41932,0.39023,,0.10403,0.19766,0.70187,0.32784,0.31877,0.17103,0.32319,0.69426,0.21973,0.25722,0.36896,0.42053,0.20424,0.23984,0.60214,0.61855,0.19194,0.32207,0.23488,0.40959,0.25832
402,0.36910,0.25273,0.74309,0.18062,0.90020,0.20477,0.44818,0.36586,0.13332,0.14843,0.75435,0.30924,0.83000,0.26391,0.21762,0.66151,0.42235,0.15745,0.51007,0.64860,0.61714,0.91827,0.40739,0.41919,0.39069,,0.10413,0.19762,0.70145,0.32786,0.31872,0.17109,0.32319,0.69400,0.21978,0.25712,0.36907,0.42035,0.20418,0.23963,0.60211,0.61824,0.19198,0.32200,0.23501,0.40964,0.25828
403,0.36875,0.25279,0.74278,0.18071,0.90032,0.20477,0.44819,0.36594,0.13328,0.14835,0.75436,0.30935,0.82984,0.26401,0.21757,0.66138,0.42199,0.15738,0.50970,0.64823,0.61684,0.91806,0.40724,0.41910,0.39108,,0.10422,0.19765,0.70107,0.32785,0.31860,0.17119,0.32324,0.69375,0.21988,0.25705,0.36921,0.42014,0.20410,0.23943,0.60207,0.61796,0.19203,0.32194,0.23515,0.40969,0.25824
404,0.36886,0.25291,0.74238,0.18082,0.90034,0.20475,0.44819,0.36604,0.13332,0.14829,0.75433,0.30947,0.82966,0.26411,0.21764,0.66111,0.42193,0.15731,0.50943,0.64784,0.61644,0.91793,0.40715,0.41897,0.39121,,0.10422,0.19774,0.70089,0.32796,0.31845,0.17123,0.32332,0.69353,0.21999,0.25701,0.36938,0.42002,0.20410,0.23937,0.60193,0.61765,0.19211,0.32182,0.23530,0.40973,0.25824
405,0.36859,0.25304,0.74201,0.18091,0.90045,0.20476,0.44814,0.36611,0.13332,0.14826,0.75429,0.30959,0.82950,0.26415,0.21770,0.66087,0.42193,0.15723,0.50921,0.64744,0.61591,0.91787,0.40700,0.41886,0.39125,,0.10418,0.19780,0.70074,0.32805,0.31835,0.17128,0.32342,0.69326,0.22018,0.25700,0.36954,0.41988,0.20414,0.23936,0.60190,0.61750,0.19217,0.32171,0.23543,0.40979,0.25822
406,0.36830,0.25321,0.74164,0.18102,0.90061,0.20483,0.44806,0.36617,0.13337,0.14827,0.75427,0.30971,0.82933,0.26417,0.21775,0.66062,0.42196,0.15716,0.50904,0.64704,0.61529,0.91779,0.40683,0.41877,0.39124,,0.10416,0.19785,0.70068,0.32816,0.31826,0.17134,0.32356,0.69298,0.22036,0.25702,0.36968,0.41972,0.20419,0.23936,0.60188,0.61741,0.19225,0.32161,0.23553,0.40986,0.25819
407,0.36843,0.25342,0.74125,0.18117,0.90077,0.20494,0.44797,0.36625,0.13353,0.14834,0.75430,0.30982,0.82912,0.26422,0.21781,0.66035,0.42204,0.15715,0.50888,0.64665,0.61466,0.91764,0.40667,0.41867,0.39123,,0.10421,0.19792,0.70072,0.32834,0.31813,0.17142,0.32370,0.69271,0.22048,0.25704,0.36979,0.41957,0.20423,0.23936,0.60178,0.61729,0.19235,0.32151,0.23558,0.40992,0.25818
408,0.36892,0.25359,0.74091,0.18129,0.90095,0.20503,0.44791,0.36630,0.13358,0.14838,0.75433,0.30986,0.82897,0.26424,0.21790,0.66010,0.42209,0.15711,0.50869,0.64629,0.61400,0.91757,0.40653,0.41856,0.39121,,0.10421,0.19796,0.70078,0.32847,0.31808,0.17146,0.32376,0.69243,0.22064,0.25697,0.36992,0.41947,0.20428,0.23939,0.60165,0.61725,0.19245,0.32141,0.23566,0.40993,0.25819
409,0.36890,0.25376,0.74058,0.18137,0.90111,0.20510,0.44784,0.36635,0.13362,0.14841,0.75432,0.30991,0.82887,0.26426,0.21802,0.65985,0.42219,0.15705,0.50856,0.64594,0.61333,0.91755,0.40641,0.41847,0.39116,,0.10421,0.19801,0.70082,0.32861,0.31805,0.17152,0.32386,0.69220,0.22077,0.25696,0.37007,0.41941,0.20436,0.23941,0.60156,0.61721,0.19253,0.32132,0.23575,0.40995,0.25817
410,0.36835,0.25394,0.74025,0.18143,0.90121,0.20517,0.44775,0.36643,0.13370,0.14845,0.75428,0.31000,0.82876,0.26431,0.21813,0.65961,0.42230,0.15699,0.50849,0.64561,0.61265,0.91754,0.40628,0.41839,0.39113,,0.10421,0.19810,0.70085,0.32877,0.31802,0.17162,0.32403,0.69203,0.22084,0.25703,0.37022,0.41932,0.20444,0.23939,0.60150,0.61713,0.19261,0.32120,0.23584,0.41000,0.25814
411,0.36873,0.25407,0.73995,0.18153,0.90132,0.20526,0.44773,0.36656,0.13379,0.14848,0.75430,0.31015,0.82853,0.26435,0.21820,0.65933,0.42227,0.15689,0.50837,0.64527,0.61194,0.91741,0.40613,0.41826,0.39124,,0.10420,0.19817,0.70087,0.32891,0.31807,0.17167,0.32417,0.69180,0.22093,0.25705,0.37033,0.41916,0.20446,0.23941,0.60144,0.61699,0.19270,0.32109,0.23598,0.41005,0.25812
412,0.36912,0.25421,0.73962,0.18163,0.90149,0.20535,0.44771,0.36667,0.13385,0.14851,0.75432,0.31029,0.82834,0.26441,0.21830,0.65911,0.42221,0.15680,0.50822,0.64496,0.61132,0.91733,0.40601,0.41815,0.39129,,0.10425,0.19825,0.70089,0.32905,0.31807,0.17172,0.32424,0.69164,0.22106,0.25702,0.37040,0.41903,0.20448,0.23941,0.60137,0.61687,0.19278,0.32102,0.23607,0.41010,0.25813
413,0.36922,0.25437,0.73928,0.18175,0.90168,0.20543,0.44766,0.36676,0.13391,0.14855,0.75435,0.31038,0.82821,0.26448,0.21841,0.65893,0.42217,0.15672,0.50805,0.64466,0.61074,0.91727,0.40590,0.41807,0.39128,,0.10431,0.19834,0.70086,0.32922,0.31805,0.17178,0.32431,0.69149,0.22122,0.25701,0.37048,0.41894,0.20451,0.23938,0.60131,0.61676,0.19286,0.32098,0.23614,0.41015,0.25815
414,0.36896,0.25454,0.73897,0.18193,0.90179,0.20554,0.44762,0.36689,0.13400,0.14857,0.75444,0.31044,0.82812,0.26449,0.21844,0.65875,0.42214,0.15664,0.50790,0.64436,0.61005,0.91719,0.40577,0.41794,0.39132,,0.10428,0.19844,0.70076,0.32943,0.31808,0.17184,0.32447,0.69127,0.22132,0.25711,0.37064,0.41886,0.20456,0.23934,0.60125,0.61654,0.19298,0.32090,0.23627,0.41021,0.25816
415,0.36892,0.25471,0.73871,0.18203,0.90197,0.20564,0.44762,0.36699,0.13410,0.14859,0.75448,0.31057,0.82802,0.26461,0.21850,0.65851,0.42210,0.15659,0.50775,0.64402,0.60952,0.91713,0.40562,0.41786,0.39139,,0.10433,0.19854,0.70069,0.32959,0.31813,0.17192,0.32463,0.69103,0.22149,0.25714,0.37079,0.41878,0.20464,0.23931,0.60116,0.61638,0.19312,0.32083,0.23638,0.41028,0.25819
416,0.36894,0.25489,0.73849,0.18211,0.90216,0.20569,0.44761,0.36711,0.13417,0.14863,0.75448,0.31073,0.82791,0.26474,0.21859,0.65827,0.42206,0.15654,0.50761,0.64366,0.60907,0.91710,0.40548,0.41782,0.39146,,0.10441,0.19866,0.70062,0.32973,0.31816,0.17202,0.32478,0.69080,0.22166,0.25714,0.37094,0.41868,0.20472,0.23929,0.60107,0.61628,0.19325,0.32078,0.23650,0.41036,0.25823
417,0.36882,0.25507,0.73824,0.18227,0.90227,0.20572,0.44757,0.36725,0.13422,0.14869,0.75449,0.31086,0.82779,0.26479,0.21869,0.65809,0.42205,0.15647,0.50748,0.64331,0.60856,0.91711,0.40538,0.41781,0.39150,,0.10443,0.19879,0.70054,0.32988,0.31812,0.17214,0.32493,0.69062,0.22180,0.25716,0.37113,0.41856,0.20479,0.23925,0.60102,0.61616,0.19335,0.32075,0.23666,0.41043,0.25823
418,0.36901,0.25525,0.73800,0.18240,0.90245,0.20587,0.44756,0.36735,0.13432,0.14869,0.75454,0.31099,0.82768,0.26487,0.21875,0.65795,0.42203,0.15645,0.50736,0.64296,0.60801,0.91704,0.40531,0.41778,0.39153,,0.10446,0.19891,0.70053,0.33009,0.31817,0.17221,0.32507,0.69044,0.22196,0.25718,0.37132,0.41843,0.20489,0.23921,0.60097,0.61608,0.19348,0.32071,0.23679,0.41053,0.25825
419,0.36911,0.25542,0.73771,0.18253,0.90267,0.20601,0.44752,0.36742,0.13442,0.14869,0.75460,0.31113,0.82757,0.26495,0.21883,0.65783,0.42203,0.15641,0.50722,0.64264,0.60749,0.91698,0.40523,0.41773,0.39156,,0.10450,0.19903,0.70058,0.33027,0.31820,0.17228,0.32521,0.69029,0.22214,0.25720,0.37147,0.41833,0.20500,0.23921,0.60090,0.61597,0.19363,0.32066,0.23691,0.41062,0.25828
420,0.36896,0.25558,0.73738,0.18267,0.90285,0.20607,0.44744,0.36751,0.13447,0.14873,0.75465,0.31130,0.82747,0.26503,0.21897,0.65768,0.42208,0.15632,0.50704,0.64237,0.60699,0.91695,0.40515,0.41765,0.39157,,0.10455,0.19916,0.70065,0.33040,0.31817,0.17236,0.32534,0.69016,0.22232,0.25721,0.37159,0.41825,0.20508,0.23923,0.60083,0.61583,0.19379,0.32059,0.23701,0.41069,0.25832
421,0.36912,0.25574,0.73707,0.18280,0.90299,0.20616,0.44742,0.36761,0.13456,0.14877,0.75464,0.31143,0.82742,0.26510,0.21907,0.65746,0.42206,0.15625,0.50687,0.64208,0.60639,0.91688,0.40509,0.41759,0.39159,,0.10462,0.19930,0.70076,0.33055,0.31820,0.17246,0.32544,0.68998,0.22245,0.25720,0.37171,0.41818,0.20515,0.23925,0.60075,0.61575,0.19390,0.32053,0.23713,0.41079,0.25835
422,0.36935,0.25590,0.73684,0.18293,0.90313,0.20627,0.44743,0.36772,0.13461,0.14882,0.75461,0.31158,0.82736,0.26517,0.21915,0.65724,0.42202,0.15618,0.50672,0.64181,0.60580,0.91681,0.40504,0.41754,0.39160,,0.10467,0.19943,0.70078,0.33071,0.31822,0.17257,0.32555,0.68978,0.22261,0.25720,0.37183,0.41813,0.20521,0.23925,0.60070,0.61563,0.19399,0.32048,0.23726,0.41087,0.25839
423,0.36949,0.25605,0.73668,0.18305,0.90330,0.20638,0.44742,0.36783,0.13464,0.14888,0.75461,0.31175,0.82726,0.26525,0.21922,0.65706,0.42198,0.15611,0.50660,0.64156,0.60526,0.91676,0.40499,0.41749,0.39160,,0.10472,0.19954,0.70070,0.33087,0.31823,0.17268,0.32568,0.68957,0.22279,0.25721,0.37196,0.41809,0.20529,0.23926,0.60067,0.61548,0.19409,0.32043,0.23740,0.41093,0.25845
424,0.36939,0.25620,0.73647,0.18317,0.90348,0.20646,0.44737,0.36795,0.13470,0.14893,0.75462,0.31187,0.82717,0.26535,0.21930,0.65690,0.42194,0.15609,0.50651,0.64130,0.60479,0.91672,0.40492,0.41746,0.39164,,0.10480,0.19967,0.70063,0.33106,0.31828,0.17276,0.32581,0.68935,0.22294,0.25725,0.37209,0.41801,0.20538,0.23928,0.60064,0.61533,0.19422,0.32040,0.23755,0.41101,0.25851
425,0.36923,0.25633,0.73625,0.18329,0.90359,0.20656,0.44738,0.36808,0.13475,0.14896,0.75467,0.31199,0.82712,0.26543,0.21938,0.65677,0.42192,0.15606,0.50641,0.64112,0.60428,0.91671,0.40487,0.41746,0.39172,,0.10485,0.19978,0.70061,0.33122,0.31830,0.17285,0.32595,0.68917,0.22310,0.25730,0.37222,0.41795,0.20548,0.23931,0.60061,0.61523,0.19434,0.32037,0.23769,0.41108,0.25855
426,0.36911,0.25648,0.73602,0.18342,0.90371,0.20666,0.44741,0.36823,0.13480,0.14901,0.75473,0.31214,0.82708,0.26553,0.21946,0.65668,0.42189,0.15603,0.50632,0.64094,0.60377,0.91670,0.40483,0.41747,0.39186,,0.10492,0.19987,0.70061,0.33137,0.31830,0.17295,0.32608,0.68905,0.22326,0.25735,0.37237,0.41789,0.20560,0.23932,0.60058,0.61515,0.19444,0.32035,0.23782,0.41116,0.25860
427,0.36908,0.25663,0.73577,0.18355,0.90390,0.20671,0.44738,0.36841,0.13489,0.14910,0.75479,0.31232,0.82699,0.26566,0.21952,0.65661,0.42181,0.15601,0.50623,0.64070,0.60332,0.91667,0.40478,0.41747,0.39211,,0.10502,0.19994,0.70057,0.33151,0.31833,0.17304,0.32621,0.68899,0.22340,0.25740,0.37259,0.41780,0.20573,0.23929,0.60055,0.61506,0.19453,0.32035,0.23795,0.41126,0.25866
428,0.36929,0.25681,0.73560,0.18370,0.90409,0.20679,0.44740,0.36851,0.13492,0.14914,0.75483,0.31250,0.82694,0.26575,0.21960,0.65654,0.42171,0.15600,0.50611,0.64039,0.60294,0.91662,0.40475,0.41744,0.39228,,0.10508,0.20010,0.70060,0.33167,0.31835,0.17313,0.32637,0.68889,0.22351,0.25748,0.37279,0.41778,0.20583,0.23927,0.60058,0.61498,0.19466,0.32034,0.23811,0.41134,0.25873
429,0.36948,0.25700,0.73541,0.18382,0.90428,0.20689,0.44741,0.36858,0.13498,0.14917,0.75488,0.31267,0.82688,0.26584,0.21972,0.65648,0.42170,0.15598,0.50599,0.64008,0.60256,0.91658,0.40471,0.41744,0.39232,,0.10513,0.20031,0.70067,0.33183,0.31836,0.17323,0.32657,0.68876,0.22366,0.25762,0.37298,0.41779,0.20593,0.23929,0.60063,0.61494,0.19481,0.32033,0.23830,0.41144,0.25881
430,0.36943,0.25718,0.73513,0.18390,0.90445,0.20697,0.44736,0.36867,0.13511,0.14922,0.75497,0.31284,0.82680,0.26594,0.21988,0.65639,0.42184,0.15598,0.50591,0.63981,0.60214,0.91658,0.40464,0.41747,0.39223,,0.10519,0.20050,0.70079,0.33196,0.31835,0.17334,0.32678,0.68863,0.22389,0.25778,0.37315,0.41779,0.20604,0.23935,0.60067,0.61494,0.19497,0.32032,0.23848,0.41157,0.25889
431,0.36921,0.25732,0.73487,0.18405,0.90460,0.20707,0.44734,0.36873,0.13520,0.14929,0.75504,0.31299,0.82673,0.26604,0.22008,0.65625,0.42204,0.15599,0.50588,0.63959,0.60166,0.91666,0.40453,0.41742,0.39217,,0.10520,0.20070,0.70099,0.33213,0.31836,0.17342,0.32697,0.68853,0.22414,0.25782,0.37325,0.41773,0.20613,0.23941,0.60068,0.61495,0.19508,0.32027,0.23858,0.41171,0.25896
432,0.36920,0.25747,0.73463,0.18417,0.90480,0.20718,0.44730,0.36880,0.13526,0.14936,0.75511,0.31318,0.82667,0.26610,0.22023,0.65605,0.42228,0.15599,0.50583,0.63943,0.60100,0.91671,0.40444,0.41734,0.39206,,0.10521,0.20089,0.70132,0.33229,0.31838,0.17349,0.32712,0.68846,0.22437,0.25785,0.37330,0.41768,0.20625,0.23945,0.60063,0.61499,0.19518,0.32020,0.23866,0.41183,0.25902
433,0.36946,0.25764,0.73439,0.18424,0.90504,0.20729,0.44721,0.36888,0.13529,0.14944,0.75516,0.31338,0.82664,0.26613,0.22029,0.65582,0.42245,0.15593,0.50575,0.63928,0.60021,0.91672,0.40438,0.41725,0.39198,,0.10527,0.20102,0.70161,0.33242,0.31842,0.17357,0.32725,0.68840,0.22455,0.25791,0.37334,0.41764,0.20642,0.23947,0.60053,0.61500,0.19528,0.32011,0.23875,0.41188,0.25907
434,0.36959,0.25778,0.73419,0.18434,0.90514,0.20736,0.44713,0.36897,0.13527,0.14957,0.75516,0.31352,0.82659,0.26617,0.22034,0.65561,0.42229,0.15585,0.50564,0.63901,0.59951,0.91674,0.40433,0.41710,0.39213,,0.10538,0.20102,0.70143,0.33254,0.31851,0.17366,0.32734,0.68828,0.22466,0.25793,0.37354,0.41753,0.20650,0.23946,0.60049,0.61478,0.19535,0.32000,0.23883,0.41188,0.25910
435,0.36960,0.25793,0.73399,0.18447,0.90525,0.20742,0.44714,0.36908,0.13526,0.14963,0.75521,0.31366,0.82654,0.26624,0.22037,0.65546,0.42202,0.15580,0.50546,0.63877,0.59906,0.91671,0.40425,0.41700,0.39236,,0.10546,0.20111,0.70121,0.33269,0.31853,0.17373,0.32743,0.68812,0.22473,0.25793,0.37374,0.41741,0.20657,0.23943,0.60047,0.61459,0.19545,0.31995,0.23894,0.41191,0.25914
436,0.36959,0.25808,0.73378,0.18461,0.90539,0.20748,0.44719,0.36920,0.13526,0.14963,0.75528,0.31382,0.82650,0.26632,0.22040,0.65536,0.42178,0.15578,0.50525,0.63855,0.59876,0.91663,0.40417,0.41694,0.39255,,0.10552,0.20126,0.70106,0.33287,0.31848,0.17378,0.32752,0.68796,0.22479,0.25793,0.37393,0.41731,0.20663,0.23944,0.60045,0.61447,0.19555,0.31994,0.23908,0.41196,0.25920
437,0.36973,0.25821,0.73353,0.18474,0.90553,0.20754,0.44718,0.36929,0.13527,0.14964,0.75528,0.31403,0.82651,0.26639,0.22045,0.65530,0.42169,0.15573,0.50509,0.63833,0.59838,0.91655,0.40416,0.41683,0.39265,,0.10562,0.20138,0.70100,0.33303,0.31844,0.17387,0.32762,0.68785,0.22486,0.25794,0.37412,0.41726,0.20671,0.23948,0.60042,0.61438,0.19561,0.31988,0.23922,0.41201,0.25928
438,0.36970,0.25832,0.73332,0.18483,0.90570,0.20761,0.44718,0.36936,0.13531,0.14967,0.75530,0.31417,0.82648,0.26647,0.22052,0.65527,0.42161,0.15567,0.50498,0.63807,0.59802,0.91648,0.40415,0.41686,0.39274,,0.10571,0.20155,0.70096,0.33319,0.31848,0.17396,0.32772,0.68775,0.22498,0.25798,0.37436,0.41721,0.20681,0.23951,0.60039,0.61426,0.19572,0.31986,0.23940,0.41206,0.25938
439,0.36964,0.25844,0.73313,0.18493,0.90587,0.20769,0.44718,0.36942,0.13536,0.14971,0.75534,0.31430,0.82642,0.26656,0.22061,0.65520,0.42156,0.15562,0.50488,0.63781,0.59769,0.91647,0.40414,0.41692,0.39280,,0.10580,0.20173,0.70101,0.33337,0.31851,0.17405,0.32782,0.68766,0.22514,0.25805,0.37456,0.41716,0.20692,0.23951,0.60036,0.61418,0.19587,0.31986,0.23961,0.41213,0.25945
440,0.36970,0.25858,0.73291,0.18504,0.90599,0.20779,0.44719,0.36948,0.13539,0.14975,0.75539,0.31447,0.82635,0.26663,0.22072,0.65505,0.42159,0.15562,0.50479,0.63759,0.59731,0.91655,0.40411,0.41691,0.39279,,0.10590,0.20190,0.70121,0.33357,0.31846,0.17417,0.32796,0.68757,0.22534,0.25815,0.37466,0.41712,0.20704,0.23952,0.60035,0.61420,0.19600,0.31985,0.23982,0.41221,0.25951
441,0.36966,0.25871,0.73266,0.18514,0.90611,0.20792,0.44713,0.36958,0.13541,0.14983,0.75539,0.31465,0.82634,0.26669,0.22085,0.65485,0.42172,0.15560,0.50473,0.63740,0.59676,0.91661,0.40408,0.41687,0.39276,,0.10600,0.20210,0.70146,0.33373,0.31851,0.17425,0.32810,0.68758,0.22549,0.25823,0.37470,0.41706,0.20720,0.23956,0.60029,0.61419,0.19612,0.31982,0.23997,0.41231,0.25962
442,0.36976,0.25885,0.73244,0.18525,0.90625,0.20802,0.44709,0.36968,0.13543,0.14991,0.75542,0.31483,0.82631,0.26676,0.22094,0.65470,0.42175,0.15559,0.50464,0.63721,0.59622,0.91660,0.40405,0.41678,0.39278,,0.10611,0.20227,0.70163,0.33390,0.31856,0.17432,0.32821,0.68761,0.22560,0.25827,0.37480,0.41701,0.20735,0.23958,0.60021,0.61407,0.19623,0.31980,0.24010,0.41238,0.25973
443,0.37005,0.25899,0.73226,0.18539,0.90640,0.20808,0.44710,0.36980,0.13545,0.14997,0.75548,0.31501,0.82622,0.26683,0.22099,0.65464,0.42162,0.15557,0.50451,0.63696,0.59580,0.91656,0.40403,0.41668,0.39288,,0.10622,0.20238,0.70166,0.33409,0.31857,0.17441,0.32830,0.68758,0.22567,0.25829,0.37501,0.41696,0.20747,0.23957,0.60017,0.61385,0.19636,0.31980,0.24025,0.41242,0.25981
444,0.37016,0.25911,0.73209,0.18551,0.90650,0.20816,0.44712,0.36990,0.13546,0.15003,0.75547,0.31518,0.82618,0.26691,0.22105,0.65463,0.42149,0.15553,0.50438,0.63666,0.59543,0.91654,0.40408,0.41661,0.39303,,0.10635,0.20253,0.70158,0.33431,0.31859,0.17453,0.32840,0.68741,0.22573,0.25831,0.37523,0.41691,0.20762,0.23962,0.60013,0.61372,0.19649,0.31982,0.24049,0.41248,0.25991
445,0.37019,0.25924,0.73190,0.18564,0.90663,0.20825,0.44713,0.36999,0.13547,0.15009,0.75549,0.31534,0.82615,0.26701,0.22113,0.65459,0.42139,0.15550,0.50424,0.63641,0.59509,0.91657,0.40410,0.41655,0.39316,,0.10647,0.20272,0.70152,0.33453,0.31862,0.17465,0.32852,0.68727,0.22583,0.25841,0.37543,0.41683,0.20778,0.23970,0.60013,0.61365,0.19664,0.31982,0.24071,0.41257,0.26003
446,0.37022,0.25938,0.73168,0.18578,0.90679,0.20833,0.44712,0.37008,0.13548,0.15015,0.75554,0.31551,0.82612,0.26711,0.22123,0.65448,0.42136,0.15551,0.50412,0.63626,0.59475,0.91662,0.40409,0.41650,0.39326,,0.10659,0.20295,0.70153,0.33476,0.31863,0.17476,0.32865,0.68722,0.22599,0.25855,0.37562,0.41676,0.20795,0.23977,0.60015,0.61363,0.19680,0.31982,0.24092,0.41265,0.26018
447,0.37028,0.25952,0.73147,0.18589,0.90685,0.20841,0.44711,0.37020,0.13552,0.15022,0.75559,0.31570,0.82607,0.26719,0.22139,0.65433,0.42143,0.15552,0.50404,0.63617,0.59435,0.91665,0.40406,0.41646,0.39332,,0.10673,0.20321,0.70166,0.33501,0.31866,0.17488,0.32882,0.68720,0.22614,0.25864,0.37582,0.41679,0.20811,0.23983,0.60010,0.61364,0.19694,0.31985,0.24111,0.41271,0.26033
448,0.37034,0.25962,0.73129,0.18595,0.90697,0.20853,0.44709,0.37029,0.13555,0.15030,0.75565,0.31589,0.82607,0.26728,0.22154,0.65420,0.42153,0.15551,0.50395,0.63607,0.59385,0.91665,0.40406,0.41646,0.39342,,0.10686,0.20346,0.70177,0.33525,0.31866,0.17501,0.32901,0.68716,0.22629,0.25872,0.37600,0.41677,0.20831,0.23990,0.60006,0.61363,0.19708,0.31985,0.24133,0.41277,0.26046
449,0.37037,0.25973,0.73113,0.18602,0.90711,0.20867,0.44708,0.37038,0.13556,0.15040,0.75571,0.31609,0.82609,0.26737,0.22165,0.65412,0.42155,0.15551,0.50385,0.63594,0.59337,0.91665,0.40408,0.41647,0.39358,,0.10699,0.20368,0.70181,0.33547,0.31868,0.17515,0.32920,0.68708,0.22643,0.25882,0.37620,0.41674,0.20851,0.23999,0.60004,0.61355,0.19722,0.31983,0.24152,0.41283,0.26059
450,0.37029,0.25990,0.73100,0.18620,0.90720,0.20877,0.44711,0.37051,0.13556,0.15052,0.75575,0.31627,0.82605,0.26748,0.22172,0.65408,0.42141,0.15554,0.50379,0.63584,0.59305,0.91670,0.40411,0.41650,0.39374,,0.10712,0.20385,0.70175,0.33567,0.31880,0.17524,0.32936,0.68698,0.22656,0.25897,0.37642,0.41677,0.20869,0.24008,0.59999,0.61342,0.19739,0.31982,0.24167,0.41294,0.26073
451,0.37000,0.26004,0.73089,0.18634,0.90727,0.20883,0.44713,0.37067,0.13556,0.15060,0.75583,0.31646,0.82599,0.26756,0.22180,0.65407,0.42121,0.15556,0.50373,0.63569,0.59278,0.91674,0.40413,0.41651,0.39390,,0.10723,0.20406,0.70174,0.33586,0.31889,0.17535,0.32953,0.68696,0.22667,0.25909,0.37664,0.41687,0.20887,0.24014,0.60002,0.61333,0.19755,0.31982,0.24183,0.41303,0.26083
452,0.36984,0.26017,0.73077,0.18645,0.90737,0.20891,0.44717,0.37082,0.13557,0.15066,0.75590,0.31666,0.82596,0.26767,0.22189,0.65401,0.42108,0.15558,0.50365,0.63546,0.59252,0.91676,0.40417,0.41653,0.39402,,0.10736,0.20428,0.70172,0.33609,0.31897,0.17548,0.32970,0.68693,0.22676,0.25923,0.37687,0.41699,0.20906,0.24023,0.60010,0.61325,0.19770,0.31984,0.24205,0.41314,0.26096
453,0.37010,0.26035,0.73063,0.18655,0.90752,0.20904,0.44725,0.37093,0.13561,0.15074,0.75592,0.31687,0.82601,0.26782,0.22199,0.65388,0.42107,0.15561,0.50357,0.63516,0.59223,0.91673,0.40424,0.41660,0.39412,,0.10751,0.20450,0.70170,0.33639,0.31906,0.17562,0.32989,0.68679,0.22685,0.25938,0.37711,0.41708,0.20926,0.24036,0.60021,0.61317,0.19786,0.31992,0.24231,0.41327,0.26113
454,0.37082,0.26053,0.73050,0.18666,0.90760,0.20920,0.44729,0.37103,0.13566,0.15085,0.75595,0.31711,0.82595,0.26796,0.22213,0.65379,0.42109,0.15564,0.50358,0.63497,0.59193,0.91665,0.40432,0.41669,0.39424,,0.10772,0.20476,0.70189,0.33670,0.31916,0.17575,0.33006,0.68664,0.22700,0.25955,0.37727,0.41709,0.20947,0.24051,0.60027,0.61316,0.19805,0.31999,0.24260,0.41331,0.26133
455,0.37094,0.26070,0.73036,0.18681,0.90768,0.20936,0.44731,0.37114,0.13570,0.15100,0.75601,0.31735,0.82592,0.26809,0.22228,0.65373,0.42118,0.15567,0.50356,0.63484,0.59155,0.91664,0.40437,0.41672,0.39436,,0.10789,0.20502,0.70217,0.33698,0.31928,0.17590,0.33026,0.68652,0.22716,0.25971,0.37748,0.41710,0.20970,0.24067,0.60028,0.61320,0.19824,0.32005,0.24287,0.41338,0.26151
456,0.37037,0.26085,0.73023,0.18699,0.90780,0.20950,0.44734,0.37127,0.13573,0.15115,0.75610,0.31757,0.82596,0.26821,0.22242,0.65366,0.42129,0.15573,0.50346,0.63476,0.59112,0.91674,0.40442,0.41671,0.39448,,0.10802,0.20528,0.70246,0.33721,0.31938,0.17607,0.33046,0.68648,0.22732,0.25985,0.37776,0.41712,0.20992,0.24082,0.60025,0.61324,0.19841,0.32010,0.24312,0.41351,0.26166
457,0.37047,0.26100,0.73010,0.18708,0.90792,0.20959,0.44739,0.37140,0.13575,0.15119,0.75616,0.31778,0.82596,0.26831,0.22255,0.65363,0.42131,0.15576,0.50334,0.63470,0.59078,0.91681,0.40449,0.41672,0.39461,,0.10817,0.20546,0.70263,0.33736,0.31940,0.17624,0.33061,0.68650,0.22746,0.25996,0.37806,0.41709,0.21010,0.24085,0.60023,0.61321,0.19858,0.32013,0.24333,0.41364,0.26180
458,0.37072,0.26116,0.72997,0.18720,0.90801,0.20968,0.44743,0.37151,0.13578,0.15126,0.75623,0.31797,0.82597,0.26843,0.22265,0.65359,0.42131,0.15579,0.50324,0.63462,0.59046,0.91687,0.40453,0.41679,0.39474,,0.10832,0.20571,0.70275,0.33754,0.31943,0.17637,0.33078,0.68649,0.22761,0.26011,0.37833,0.41709,0.21031,0.24092,0.60025,0.61317,0.19873,0.32017,0.24357,0.41375,0.26196
459,0.37094,0.26131,0.72983,0.18734,0.90809,0.20977,0.44747,0.37163,0.13581,0.15136,0.75631,0.31816,0.82595,0.26856,0.22277,0.65356,0.42133,0.15582,0.50317,0.63449,0.59014,0.91689,0.40455,0.41688,0.39487,,0.10847,0.20600,0.70286,0.33778,0.31949,0.17648,0.33098,0.68644,0.22776,0.26028,0.37856,0.41710,0.21054,0.24101,0.60032,0.61313,0.19888,0.32023,0.24382,0.41384,0.26214
460,0.37106,0.26147,0.72969,0.18747,0.90818,0.20986,0.44750,0.37177,0.13582,0.15144,0.75637,0.31839,0.82590,0.26869,0.22292,0.65352,0.42141,0.15583,0.50312,0.63431,0.58980,0.91689,0.40463,0.41693,0.39498,,0.10859,0.20626,0.70301,0.33804,0.31955,0.17662,0.33117,0.68637,0.22790,0.26042,0.37878,0.41707,0.21074,0.24109,0.60046,0.61310,0.19905,0.32029,0.24404,0.41391,0.26233
461,0.37103,0.26164,0.72957,0.18759,0.90828,0.21000,0.44755,0.37192,0.13583,0.15156,0.75643,0.31859,0.82588,0.26882,0.22306,0.65348,0.42151,0.15584,0.50311,0.63412,0.58941,0.91689,0.40471,0.41696,0.39510,,0.10874,0.20653,0.70313,0.33834,0.31959,0.17676,0.33136,0.68633,0.22807,0.26055,0.37905,0.41715,0.21095,0.24115,0.60049,0.61308,0.19922,0.32033,0.24425,0.41402,0.26251
462,0.37100,0.26181,0.72945,0.18770,0.90838,0.21014,0.44762,0.37206,0.13583,0.15170,0.75647,0.31877,0.82589,0.26896,0.22317,0.65344,0.42157,0.15586,0.50312,0.63394,0.58902,0.91692,0.40480,0.41698,0.39525,,0.10889,0.20680,0.70321,0.33861,0.31964,0.17690,0.33153,0.68629,0.22821,0.26068,0.37932,0.41728,0.21116,0.24122,0.60046,0.61307,0.19939,0.32038,0.24447,0.41414,0.26268
463,0.37117,0.26197,0.72933,0.18782,0.90848,0.21023,0.44768,0.37217,0.13582,0.15183,0.75651,0.31896,0.82588,0.26910,0.22327,0.65341,0.42153,0.15590,0.50314,0.63381,0.58871,0.91698,0.40492,0.41700,0.39542,,0.10902,0.20705,0.70323,0.33879,0.31971,0.17706,0.33165,0.68622,0.22829,0.26080,0.37955,0.41736,0.21137,0.24136,0.60047,0.61306,0.19954,0.32044,0.24471,0.41426,0.26287
464,0.37136,0.26212,0.72923,0.18795,0.90857,0.21037,0.44772,0.37232,0.13583,0.15193,0.75658,0.31919,0.82584,0.26924,0.22340,0.65346,0.42142,0.15594,0.50313,0.63375,0.58844,0.91702,0.40503,0.41707,0.39557,,0.10918,0.20734,0.70327,0.33904,0.31979,0.17719,0.33182,0.68606,0.22841,0.26097,0.37978,0.41736,0.21158,0.24151,0.60052,0.61303,0.19973,0.32051,0.24497,0.41439,0.26305
465,0.37152,0.26228,0.72912,0.18809,0.90867,0.21049,0.44777,0.37245,0.13583,0.15201,0.75664,0.31943,0.82582,0.26936,0.22353,0.65346,0.42129,0.15598,0.50313,0.63374,0.58820,0.91703,0.40515,0.41714,0.39570,,0.10935,0.20762,0.70338,0.33927,0.31985,0.17732,0.33199,0.68590,0.22853,0.26114,0.38004,0.41731,0.21181,0.24166,0.60059,0.61300,0.19992,0.32058,0.24522,0.41449,0.26326
466,0.37163,0.26247,0.72897,0.18823,0.90875,0.21057,0.44783,0.37254,0.13583,0.15208,0.75668,0.31967,0.82582,0.26947,0.22368,0.65333,0.42120,0.15602,0.50312,0.63374,0.58795,0.91704,0.40527,0.41716,0.39582,,0.10950,0.20788,0.70357,0.33946,0.31990,0.17746,0.33216,0.68582,0.22866,0.26130,0.38034,0.41727,0.21206,0.24180,0.60064,0.61295,0.20009,0.32064,0.24546,0.41459,0.26350
467,0.37174,0.26263,0.72886,0.18832,0.90884,0.21069,0.44786,0.37268,0.13585,0.15221,0.75673,0.31990,0.82585,0.26962,0.22383,0.65318,0.42114,0.15606,0.50303,0.63361,0.58757,0.91712,0.40541,0.41717,0.39594,,0.10964,0.20814,0.70378,0.33972,0.31997,0.17762,0.33238,0.68589,0.22882,0.26149,0.38063,0.41737,0.21230,0.24192,0.60068,0.61290,0.20029,0.32071,0.24578,0.41476,0.26368
468,0.37182,0.26279,0.72876,0.18842,0.90894,0.21078,0.44789,0.37281,0.13585,0.15234,0.75679,0.32012,0.82588,0.26975,0.22397,0.65310,0.42116,0.15610,0.50295,0.63345,0.58717,0.91720,0.40555,0.41712,0.39609,,0.10981,0.20841,0.70393,0.33994,0.32007,0.17780,0.33258,0.68598,0.22897,0.26167,0.38088,0.41750,0.21255,0.24203,0.60071,0.61290,0.20048,0.32078,0.24607,0.41487,0.26386
469,0.37185,0.26296,0.72864,0.18854,0.90904,0.21086,0.44793,0.37292,0.13582,0.15245,0.75684,0.32035,0.82589,0.26986,0.22409,0.65312,0.42122,0.15613,0.50291,0.63328,0.58682,0.91726,0.40566,0.41705,0.39628,,0.11000,0.20868,0.70404,0.34012,0.32021,0.17798,0.33272,0.68600,0.22911,0.26182,0.38108,0.41761,0.21281,0.24213,0.60076,0.61294,0.20065,0.32083,0.24631,0.41493,0.26406
470,0.37172,0.26310,0.72845,0.18868,0.90912,0.21099,0.44795,0.37301,0.13581,0.15257,0.75689,0.32058,0.82590,0.26999,0.22424,0.65315,0.42120,0.15619,0.50285,0.63308,0.58654,0.91733,0.40574,0.41707,0.39646,,0.11015,0.20894,0.70420,0.34031,0.32039,0.17815,0.33282,0.68596,0.22929,0.26201,0.38128,0.41777,0.21309,0.24226,0.60090,0.61295,0.20081,0.32089,0.24655,0.41507,0.26425
471,0.37187,0.26325,0.72829,0.18882,0.90918,0.21113,0.44797,0.37313,0.13579,0.15267,0.75694,0.32081,0.82588,0.27012,0.22437,0.65308,0.42118,0.15624,0.50275,0.63292,0.58618,0.91739,0.40581,0.41712,0.39655,,0.11032,0.20923,0.70439,0.34049,0.32054,0.17828,0.33298,0.68589,0.22946,0.26222,0.38154,0.41788,0.21335,0.24240,0.60096,0.61293,0.20100,0.32096,0.24677,0.41521,0.26441
472,0.37213,0.26341,0.72817,0.18897,0.90926,0.21126,0.44801,0.37326,0.13577,0.15277,0.75697,0.32104,0.82585,0.27024,0.22449,0.65295,0.42116,0.15628,0.50263,0.63276,0.58576,0.91742,0.40588,0.41715,0.39660,,0.11049,0.20953,0.70458,0.34068,0.32064,0.17840,0.33321,0.68585,0.22960,0.26242,0.38182,0.41794,0.21359,0.24253,0.60094,0.61291,0.20120,0.32103,0.24699,0.41533,0.26460
473,0.37210,0.26358,0.72805,0.18910,0.90942,0.21137,0.44807,0.37336,0.13572,0.15287,0.75699,0.32126,0.82582,0.27032,0.22462,0.65285,0.42111,0.15633,0.50252,0.63255,0.58536,0.91745,0.40596,0.41713,0.39670,,0.11065,0.20979,0.70475,0.34090,0.32071,0.17858,0.33342,0.68589,0.22968,0.26261,0.38207,0.41802,0.21381,0.24264,0.60095,0.61289,0.20138,0.32113,0.24725,0.41544,0.26484
474,0.37217,0.26372,0.72787,0.18920,0.90959,0.21145,0.44809,0.37346,0.13567,0.15296,0.75702,0.32150,0.82579,0.27041,0.22473,0.65277,0.42099,0.15636,0.50238,0.63237,0.58500,0.91751,0.40607,0.41713,0.39681,,0.11079,0.21006,0.70482,0.34111,0.32075,0.17873,0.33361,0.68582,0.22981,0.26281,0.38234,0.41801,0.21403,0.24275,0.60095,0.61282,0.20156,0.32123,0.24751,0.41552,0.26503
475,0.37211,0.26386,0.72768,0.18932,0.90973,0.21151,0.44810,0.37356,0.13564,0.15304,0.75707,0.32174,0.82578,0.27051,0.22484,0.65271,0.42089,0.15638,0.50219,0.63219,0.58464,0.91760,0.40618,0.41713,0.39690,,0.11093,0.21034,0.70487,0.34130,0.32078,0.17886,0.33374,0.68570,0.22995,0.26301,0.38260,0.41800,0.21425,0.24286,0.60099,0.61276,0.20174,0.32131,0.24777,0.41561,0.26521
476,0.37175,0.26402,0.72752,0.18948,0.90983,0.21157,0.44813,0.37365,0.13563,0.15313,0.75711,0.32196,0.82580,0.27063,0.22497,0.65268,0.42089,0.15641,0.50200,0.63197,0.58424,0.91769,0.40625,0.41710,0.39697,,0.11110,0.21059,0.70498,0.34150,0.32081,0.17897,0.33384,0.68558,0.23008,0.26319,0.38283,0.41804,0.21447,0.24296,0.60106,0.61278,0.20192,0.32136,0.24802,0.41573,0.26541
477,0.37170,0.26414,0.72738,0.18959,0.90992,0.21165,0.44817,0.37374,0.13559,0.15323,0.75711,0.32220,0.82582,0.27073,0.22506,0.65255,0.42088,0.15643,0.50188,0.63173,0.58387,0.91769,0.40636,0.41711,0.39708,,0.11123,0.21084,0.70513,0.34173,0.32088,0.17908,0.33399,0.68555,0.23020,0.26331,0.38304,0.41813,0.21469,0.24305,0.60110,0.61281,0.20208,0.32142,0.24825,0.41584,0.26558
478,0.37211,0.26425,0.72724,0.18965,0.90999,0.21176,0.44820,0.37382,0.13555,0.15334,0.75713,0.32243,0.82584,0.27083,0.22517,0.65243,0.42089,0.15645,0.50180,0.63158,0.58353,0.91768,0.40647,0.41712,0.39722,,0.11135,0.21108,0.70529,0.34192,0.32095,0.17920,0.33414,0.68554,0.23032,0.26341,0.38327,0.41819,0.21494,0.24315,0.60112,0.61284,0.20222,0.32146,0.24847,0.41591,0.26574
479,0.37272,0.26436,0.72713,0.18970,0.91001,0.21188,0.44820,0.37389,0.13551,0.15345,0.75718,0.32261,0.82586,0.27094,0.22530,0.65239,0.42091,0.15649,0.50174,0.63157,0.58324,0.91768,0.40658,0.41711,0.39738,,0.11148,0.21131,0.70543,0.34208,0.32099,0.17934,0.33423,0.68553,0.23044,0.26354,0.38352,0.41822,0.21521,0.24327,0.60114,0.61285,0.20235,0.32148,0.24868,0.41597,0.26591
480,0.37237,0.26444,0.72706,0.18971,0.90990,0.21194,0.44818,0.37397,0.13542,0.15356,0.75721,0.32276,0.82591,0.27099,0.22536,0.65245,0.42083,0.15654,0.50170,0.63154,0.58306,0.91768,0.40665,0.41709,0.39754,,0.11165,0.21152,0.70548,0.34227,0.32104,0.17943,0.33434,0.68552,0.23057,0.26362,0.38376,0.41825,0.21541,0.24335,0.60116,0.61277,0.20247,0.32155,0.24893,0.41605,0.26610
481,0.37217,0.26453,0.72703,0.18975,0.90981,0.21202,0.44818,0.37406,0.13535,0.15365,0.75719,0.32294,0.82586,0.27104,0.22545,0.65251,0.42074,0.15660,0.50165,0.63147,0.58294,0.91771,0.40678,0.41707,0.39766,,0.11183,0.21175,0.70552,0.34247,0.32108,0.17951,0.33444,0.68553,0.23068,0.26373,0.38395,0.41825,0.21563,0.24343,0.60114,0.61273,0.20258,0.32162,0.24916,0.41611,0.26628
482,0.37229,0.26463,0.72701,0.18984,0.90977,0.21210,0.44820,0.37414,0.13530,0.15375,0.75715,0.32316,0.82577,0.27112,0.22555,0.65254,0.42067,0.15664,0.50157,0.63136,0.58284,0.91772,0.40697,0.41707,0.39777,,0.11199,0.21197,0.70557,0.34268,0.32111,0.17960,0.33454,0.68555,0.23074,0.26387,0.38413,0.41824,0.21585,0.24352,0.60111,0.61272,0.20270,0.32168,0.24937,0.41615,0.26645
483,0.37223,0.26473,0.72697,0.18987,0.90980,0.21215,0.44822,0.37424,0.13520,0.15391,0.75717,0.32334,0.82579,0.27120,0.22558,0.65259,0.42056,0.15667,0.50146,0.63122,0.58267,0.91762,0.40712,0.41716,0.39791,,0.11214,0.21218,0.70552,0.34287,0.32117,0.17973,0.33467,0.68547,0.23074,0.26397,0.38433,0.41828,0.21603,0.24364,0.60113,0.61262,0.20285,0.32174,0.24956,0.41619,0.26662
484,0.37227,0.26484,0.72693,0.18993,0.90980,0.21222,0.44826,0.37432,0.13512,0.15401,0.75716,0.32353,0.82579,0.27129,0.22563,0.65261,0.42043,0.15668,0.50139,0.63113,0.58251,0.91761,0.40722,0.41726,0.39805,,0.11227,0.21239,0.70541,0.34303,0.32118,0.17986,0.33478,0.68545,0.23077,0.26412,0.38458,0.41828,0.21623,0.24375,0.60119,0.61254,0.20294,0.32179,0.24976,0.41624,0.26678
485,0.37244,0.26495,0.72686,0.18999,0.90977,0.21227,0.44830,0.37438,0.13506,0.15406,0.75714,0.32373,0.82577,0.27139,0.22570,0.65258,0.42034,0.15670,0.50132,0.63106,0.58233,0.91767,0.40727,0.41733,0.39819,,0.11237,0.21262,0.70536,0.34318,0.32120,0.17996,0.33485,0.68547,0.23086,0.26433,0.38485,0.41826,0.21647,0.24385,0.60127,0.61250,0.20300,0.32185,0.24998,0.41630,0.26693
486,0.37259,0.26504,0.72674,0.19000,0.90978,0.21228,0.44834,0.37440,0.13500,0.15412,0.75714,0.32393,0.82575,0.27147,0.22580,0.65248,0.42029,0.15675,0.50121,0.63094,0.58212,0.91772,0.40731,0.41731,0.39829,,0.11244,0.21288,0.70556,0.34335,0.32129,0.18002,0.33488,0.68549,0.23105,0.26456,0.38504,0.41828,0.21673,0.24393,0.60135,0.61252,0.20312,0.32190,0.25022,0.41639,0.26705
487,0.37241,0.26508,0.72663,0.19003,0.90973,0.21235,0.44829,0.37441,0.13494,0.15418,0.75720,0.32414,0.82571,0.27150,0.22592,0.65234,0.42037,0.15677,0.50119,0.63089,0.58173,0.91787,0.40734,0.41721,0.39829,,0.11259,0.21318,0.70596,0.34353,0.32141,0.18007,0.33494,0.68549,0.23132,0.26470,0.38515,0.41832,0.21692,0.24400,0.60133,0.61252,0.20327,0.32196,0.25041,0.41651,0.26718
488,0.37234,0.26513,0.72649,0.19005,0.90971,0.21244,0.44820,0.37441,0.13485,0.15429,0.75725,0.32433,0.82571,0.27153,0.22604,0.65224,0.42049,0.15676,0.50117,0.63086,0.58130,0.91798,0.40740,0.41709,0.39830,,0.11275,0.21342,0.70638,0.34368,0.32154,0.18014,0.33499,0.68548,0.23153,0.26476,0.38521,0.41833,0.21707,0.24404,0.60130,0.61253,0.20340,0.32196,0.25056,0.41660,0.26732
489,0.37265,0.26523,0.72631,0.19004,0.90978,0.21250,0.44814,0.37439,0.13472,0.15445,0.75723,0.32450,0.82578,0.27157,0.22613,0.65224,0.42054,0.15674,0.50104,0.63079,0.58097,0.91794,0.40751,0.41698,0.39838,,0.11284,0.21357,0.70664,0.34380,0.32166,0.18021,0.33503,0.68548,0.23156,0.26478,0.38528,0.41830,0.21721,0.24408,0.60131,0.61256,0.20347,0.32189,0.25069,0.41658,0.26743
490,0.37282,0.26532,0.72622,0.19009,0.90977,0.21254,0.44811,0.37441,0.13458,0.15452,0.75719,0.32462,0.82580,0.27158,0.22614,0.65222,0.42038,0.15675,0.50080,0.63055,0.58072,0.91787,0.40762,0.41697,0.39852,,0.11297,0.21374,0.70669,0.34395,0.32167,0.18028,0.33510,0.68541,0.23150,0.26484,0.38547,0.41826,0.21738,0.24416,0.60129,0.61250,0.20350,0.32190,0.25083,0.41656,0.26747
491,0.37275,0.26536,0.72611,0.19016,0.90977,0.21254,0.44810,0.37444,0.13445,0.15456,0.75716,0.32476,0.82580,0.27157,0.22613,0.65213,0.42012,0.15676,0.50052,0.63032,0.58051,0.91782,0.40768,0.41697,0.39862,,0.11309,0.21392,0.70667,0.34410,0.32162,0.18033,0.33518,0.68526,0.23146,0.26492,0.38566,0.41819,0.21751,0.24421,0.60124,0.61236,0.20353,0.32189,0.25102,0.41653,0.26756
492,0.37249,0.26537,0.72595,0.19022,0.90982,0.21250,0.44807,0.37444,0.13432,0.15462,0.75714,0.32491,0.82578,0.27156,0.22613,0.65198,0.41986,0.15675,0.50027,0.63015,0.58028,0.91783,0.40767,0.41692,0.39865,,0.11318,0.21410,0.70671,0.34423,0.32156,0.18037,0.33526,0.68507,0.23148,0.26502,0.38581,0.41813,0.21760,0.24423,0.60117,0.61222,0.20359,0.32184,0.25124,0.41651,0.26771
493,0.37238,0.26542,0.72574,0.19015,0.90982,0.21254,0.44801,0.37445,0.13419,0.15470,0.75712,0.32508,0.82578,0.27159,0.22615,0.65193,0.41979,0.15674,0.50006,0.62999,0.57995,0.91786,0.40771,0.41682,0.39872,,0.11329,0.21433,0.70684,0.34435,0.32155,0.18043,0.33530,0.68500,0.23159,0.26517,0.38594,0.41822,0.21776,0.24426,0.60109,0.61220,0.20369,0.32186,0.25143,0.41654,0.26782
494,0.37233,0.26547,0.72555,0.19017,0.90979,0.21261,0.44799,0.37443,0.13406,0.15478,0.75709,0.32523,0.82575,0.27160,0.22619,0.65191,0.41974,0.15672,0.49991,0.62976,0.57959,0.91794,0.40776,0.41666,0.39872,,0.11339,0.21452,0.70696,0.34449,0.32159,0.18049,0.33535,0.68490,0.23160,0.26529,0.38608,0.41824,0.21790,0.24429,0.60103,0.61216,0.20378,0.32186,0.25162,0.41654,0.26790
495,0.37228,0.26553,0.72541,0.19024,0.90972,0.21265,0.44799,0.37439,0.13393,0.15485,0.75705,0.32537,0.82570,0.27159,0.22624,0.65189,0.41961,0.15671,0.49977,0.62956,0.57924,0.91804,0.40781,0.41649,0.39872,,0.11349,0.21466,0.70699,0.34461,0.32164,0.18054,0.33541,0.68483,0.23152,0.26537,0.38626,0.41816,0.21803,0.24433,0.60099,0.61210,0.20385,0.32185,0.25180,0.41651,0.26797
496,0.37220,0.26562,0.72530,0.19020,0.90964,0.21266,0.44794,0.37439,0.13376,0.15487,0.75700,0.32552,0.82568,0.27158,0.22624,0.65185,0.41936,0.15672,0.49959,0.62953,0.57896,0.91805,0.40789,0.41640,0.39886,,0.11360,0.21482,0.70687,0.34471,0.32160,0.18062,0.33540,0.68493,0.23148,0.26543,0.38645,0.41803,0.21819,0.24440,0.60100,0.61202,0.20391,0.32185,0.25199,0.41650,0.26808
497,0.37211,0.26563,0.72516,0.19020,0.90960,0.21265,0.44791,0.37434,0.13361,0.15492,0.75699,0.32567,0.82568,0.27161,0.22621,0.65178,0.41909,0.15672,0.49938,0.62945,0.57873,0.91805,0.40803,0.41632,0.39897,,0.11373,0.21499,0.70679,0.34481,0.32160,0.18069,0.33539,0.68494,0.23148,0.26550,0.38660,0.41797,0.21840,0.24446,0.60097,0.61189,0.20393,0.32184,0.25216,0.41649,0.26815
498,0.37211,0.26562,0.72502,0.19023,0.90962,0.21264,0.44789,0.37430,0.13346,0.15498,0.75698,0.32581,0.82566,0.27165,0.22620,0.65167,0.41886,0.15670,0.49917,0.62931,0.57851,0.91805,0.40818,0.41627,0.39904,,0.11386,0.21516,0.70682,0.34493,0.32165,0.18073,0.33538,0.68487,0.23153,0.26556,0.38672,0.41798,0.21862,0.24449,0.60092,0.61174,0.20395,0.32181,0.25233,0.41646,0.26820
499,0.37227,0.26566,0.72487,0.19023,0.90966,0.21266,0.44784,0.37433,0.13331,0.15504,0.75691,0.32596,0.82559,0.27165,0.22623,0.65153,0.41873,0.15668,0.49898,0.62916,0.57827,0.91808,0.40830,0.41629,0.39912,,0.11394,0.21532,0.70700,0.34505,0.32169,0.18074,0.33538,0.68480,0.23162,0.26562,0.38684,0.41797,0.21879,0.24451,0.60089,0.61163,0.20400,0.32177,0.25252,0.41639,0.26830
500,0.37209,0.26569,0.72469,0.19022,0.90965,0.21268,0.44780,0.37429,0.13314,0.15509,0.75691,0.32614,0.82556,0.27161,0.22623,0.65148,0.41861,0.15667,0.49877,0.62894,0.57793,0.91809,0.40835,0.41624,0.39917,,0.11403,0.21553,0.70707,0.34518,0.32170,0.18078,0.33539,0.68473,0.23164,0.26566,0.38697,0.41793,0.21896,0.24457,0.60089,0.61156,0.20406,0.32176,0.25270,0.41634,0.26840
501,0.37197,0.26571,0.72453,0.19021,0.90962,0.21270,0.44775,0.37421,0.13298,0.15515,0.75692,0.32633,0.82557,0.27158,0.22624,0.65144,0.41850,0.15667,0.49853,0.62871,0.57756,0.91812,0.40835,0.41619,0.39918,,0.11414,0.21575,0.70716,0.34531,0.32170,0.18082,0.33539,0.68468,0.23164,0.26569,0.38711,0.41789,0.21913,0.24466,0.60090,0.61154,0.20411,0.32177,0.25288,0.41634,0.26848
502,0.37218,0.26571,0.72440,0.19020,0.90959,0.21271,0.44771,0.37413,0.13283,0.15521,0.75688,0.32650,0.82558,0.27156,0.22626,0.65135,0.41836,0.15666,0.49827,0.62853,0.57722,0.91818,0.40830,0.41615,0.39918,,0.11427,0.21594,0.70734,0.34542,0.32171,0.18085,0.33538,0.68465,0.23168,0.26571,0.38723,0.41785,0.21927,0.24475,0.60089,0.61157,0.20416,0.32175,0.25307,0.41636,0.26853
503,0.37228,0.26571,0.72423,0.19020,0.90958,0.21268,0.44764,0.37405,0.13266,0.15523,0.75688,0.32667,0.82556,0.27152,0.22629,0.65129,0.41822,0.15663,0.49795,0.62844,0.57685,0.91824,0.40821,0.41600,0.39915,,0.11437,0.21613,0.70758,0.34540,0.32177,0.18084,0.33538,0.68449,0.23173,0.26575,0.38731,0.41781,0.21945,0.24480,0.60084,0.61157,0.20419,0.32170,0.25322,0.41631,0.26855
504,0.37210,0.26571,0.72401,0.19019,0.90952,0.21266,0.44757,0.37395,0.13249,0.15527,0.75684,0.32683,0.82552,0.27147,0.22629,0.65123,0.41803,0.15659,0.49766,0.62830,0.57654,0.91833,0.40817,0.41582,0.39911,,0.11447,0.21630,0.70770,0.34538,0.32178,0.18082,0.33537,0.68435,0.23179,0.26581,0.38743,0.41775,0.21960,0.24482,0.60080,0.61150,0.20423,0.32164,0.25337,0.41625,0.26857
505,0.37175,0.26571,0.72378,0.19016,0.90942,0.21265,0.44751,0.37384,0.13230,0.15533,0.75674,0.32697,0.82549,0.27141,0.22626,0.65116,0.41780,0.15654,0.49741,0.62811,0.57628,0.91839,0.40819,0.41568,0.39908,,0.11457,0.21645,0.70766,0.34541,0.32171,0.18083,0.33532,0.68430,0.23182,0.26588,0.38761,0.41767,0.21971,0.24480,0.60077,0.61139,0.20427,0.32157,0.25351,0.41622,0.26861
506,0.37177,0.26571,0.72362,0.19009,0.90938,0.21265,0.44747,0.37371,0.13208,0.15540,0.75669,0.32712,0.82547,0.27133,0.22621,0.65106,0.41757,0.15651,0.49711,0.62798,0.57596,0.91832,0.40815,0.41551,0.39913,,0.11467,0.21658,0.70765,0.34543,0.32160,0.18087,0.33521,0.68440,0.23181,0.26589,0.38779,0.41756,0.21978,0.24476,0.60068,0.61128,0.20427,0.32147,0.25362,0.41618,0.26863
507,0.37163,0.26567,0.72351,0.19004,0.90928,0.21262,0.44740,0.37360,0.13185,0.15542,0.75662,0.32723,0.82543,0.27128,0.22613,0.65106,0.41737,0.15647,0.49682,0.62785,0.57573,0.91828,0.40810,0.41534,0.39919,,0.11477,0.21669,0.70760,0.34546,0.32154,0.18087,0.33513,0.68444,0.23177,0.26592,0.38787,0.41744,0.21986,0.24475,0.60061,0.61118,0.20426,0.32144,0.25375,0.41613,0.26866
508,0.37141,0.26560,0.72339,0.18999,0.90912,0.21258,0.44731,0.37350,0.13163,0.15544,0.75654,0.32732,0.82537,0.27124,0.22607,0.65112,0.41716,0.15643,0.49655,0.62772,0.57552,0.91829,0.40806,0.41518,0.39923,,0.11487,0.21678,0.70752,0.34549,0.32154,0.18084,0.33510,0.68441,0.23174,0.26594,0.38788,0.41732,0.21995,0.24477,0.60055,0.61108,0.20424,0.32144,0.25390,0.41604,0.26869
509,0.37144,0.26553,0.72317,0.18991,0.90900,0.21256,0.44722,0.37333,0.13143,0.15549,0.75647,0.32745,0.82535,0.27117,0.22606,0.65109,0.41689,0.15639,0.49628,0.62761,0.57518,0.91825,0.40806,0.41502,0.39928,,0.11496,0.21688,0.70746,0.34552,0.32154,0.18082,0.33507,0.68440,0.23172,0.26589,0.38788,0.41726,0.22005,0.24479,0.60044,0.61101,0.20419,0.32138,0.25403,0.41590,0.26866
510,0.37127,0.26549,0.72300,0.18984,0.90890,0.21252,0.44709,0.37317,0.13122,0.15553,0.75639,0.32757,0.82532,0.27109,0.22604,0.65099,0.41658,0.15634,0.49601,0.62752,0.57494,0.91816,0.40805,0.41494,0.39932,,0.11505,0.21696,0.70740,0.34557,0.32152,0.18078,0.33508,0.68437,0.23170,0.26584,0.38795,0.41721,0.22013,0.24479,0.60031,0.61090,0.20416,0.32130,0.25413,0.41577,0.26862
511,0.37102,0.26545,0.72283,0.18976,0.90873,0.21246,0.44697,0.37303,0.13099,0.15556,0.75630,0.32767,0.82528,0.27100,0.22598,0.65088,0.41627,0.15627,0.49573,0.62745,0.57474,0.91811,0.40804,0.41484,0.39934,,0.11514,0.21707,0.70733,0.34561,0.32146,0.18073,0.33508,0.68437,0.23165,0.26581,0.38802,0.41718,0.22022,0.24476,0.60018,0.61074,0.20412,0.32120,0.25423,0.41564,0.26858
512,0.37088,0.26538,0.72260,0.18969,0.90850,0.21237,0.44690,0.37291,0.13074,0.15561,0.75621,0.32777,0.82527,0.27090,0.22589,0.65081,0.41597,0.15621,0.49545,0.62740,0.57450,0.91815,0.40806,0.41463,0.39933,,0.11523,0.21723,0.70726,0.34562,0.32136,0.18069,0.33501,0.68445,0.23159,0.26582,0.38804,0.41716,0.22032,0.24471,0.60009,0.61054,0.20406,0.32110,0.25437,0.41548,0.26855
513,0.37069,0.26531,0.72247,0.18960,0.90841,0.21231,0.44681,0.37273,0.13052,0.15564,0.75608,0.32786,0.82528,0.27081,0.22582,0.65068,0.41565,0.15618,0.49524,0.62739,0.57426,0.91821,0.40809,0.41442,0.39936,,0.11527,0.21735,0.70719,0.34567,0.32135,0.18069,0.33489,0.68451,0.23152,0.26584,0.38807,0.41702,0.22038,0.24468,0.60002,0.61036,0.20401,0.32102,0.25443,0.41530,0.26854
514,0.37052,0.26525,0.72237,0.18953,0.90834,0.21227,0.44672,0.37256,0.13029,0.15567,0.75597,0.32795,0.82528,0.27075,0.22576,0.65054,0.41535,0.15616,0.49504,0.62733,0.57398,0.91825,0.40807,0.41426,0.39936,,0.11530,0.21742,0.70713,0.34570,0.32137,0.18071,0.33477,0.68452,0.23145,0.26585,0.38815,0.41687,0.22044,0.24469,0.59998,0.61022,0.20396,0.32095,0.25449,0.41517,0.26854
515,0.37039,0.26519,0.72226,0.18948,0.90819,0.21221,0.44663,0.37245,0.13003,0.15570,0.75593,0.32803,0.82524,0.27072,0.22569,0.65047,0.41511,0.15616,0.49482,0.62713,0.57364,0.91826,0.40799,0.41416,0.39931,,0.11535,0.21744,0.70708,0.34566,0.32134,0.18071,0.33465,0.68447,0.23139,0.26583,0.38827,0.41676,0.22052,0.24471,0.59997,0.61014,0.20393,0.32088,0.25459,0.41511,0.26851
516,0.37019,0.26519,0.72209,0.18939,0.90807,0.21212,0.44655,0.37231,0.12980,0.15569,0.75585,0.32810,0.82510,0.27066,0.22559,0.65048,0.41489,0.15613,0.49456,0.62683,0.57341,0.91825,0.40790,0.41415,0.39929,,0.11540,0.21749,0.70703,0.34563,0.32125,0.18065,0.33454,0.68441,0.23130,0.26583,0.38836,0.41663,0.22056,0.24477,0.59994,0.61005,0.20388,0.32080,0.25472,0.41502,0.26849
517,0.36985,0.26516,0.72191,0.18928,0.90798,0.21203,0.44647,0.37215,0.12957,0.15568,0.75578,0.32820,0.82500,0.27058,0.22554,0.65042,0.41470,0.15607,0.49432,0.62661,0.57315,0.91825,0.40777,0.41404,0.39932,,0.11544,0.21760,0.70708,0.34561,0.32114,0.18059,0.33445,0.68428,0.23126,0.26584,0.38839,0.41656,0.22062,0.24478,0.59987,0.60996,0.20386,0.32072,0.25483,0.41494,0.26845
518,0.36943,0.26511,0.72172,0.18919,0.90790,0.21195,0.44636,0.37194,0.12932,0.15567,0.75574,0.32832,0.82497,0.27048,0.22554,0.65025,0.41454,0.15598,0.49413,0.62651,0.57284,0.91826,0.40764,0.41378,0.39937,,0.11547,0.21773,0.70730,0.34559,0.32105,0.18053,0.33435,0.68411,0.23130,0.26584,0.38833,0.41652,0.22068,0.24473,0.59976,0.60989,0.20385,0.32064,0.25491,0.41485,0.26836
519,0.36919,0.26506,0.72152,0.18908,0.90782,0.21192,0.44620,0.37168,0.12905,0.15568,0.75565,0.32844,0.82494,0.27034,0.22551,0.65002,0.41439,0.15589,0.49395,0.62645,0.57253,0.91822,0.40760,0.41346,0.39932,,0.11554,0.21780,0.70769,0.34550,0.32112,0.18047,0.33423,0.68401,0.23130,0.26576,0.38811,0.41636,0.22066,0.24467,0.59966,0.60983,0.20381,0.32053,0.25496,0.41471,0.26828
520,0.36921,0.26499,0.72133,0.18897,0.90775,0.21184,0.44604,0.37147,0.12879,0.15572,0.75554,0.32853,0.82491,0.27017,0.22543,0.64981,0.41411,0.15579,0.49375,0.62634,0.57227,0.91816,0.40754,0.41323,0.39926,,0.11556,0.21784,0.70784,0.34543,0.32109,0.18042,0.33407,0.68404,0.23117,0.26568,0.38807,0.41617,0.22068,0.24463,0.59951,0.60972,0.20371,0.32039,0.25500,0.41454,0.26817
521,0.36933,0.26491,0.72115,0.18888,0.90768,0.21172,0.44589,0.37131,0.12852,0.15576,0.75543,0.32859,0.82488,0.27002,0.22530,0.64966,0.41376,0.15568,0.49347,0.62613,0.57203,0.91808,0.40746,0.41306,0.39921,,0.11555,0.21787,0.70774,0.34536,0.32096,0.18037,0.33391,0.68412,0.23099,0.26561,0.38818,0.41601,0.22072,0.24460,0.59937,0.60955,0.20358,0.32023,0.25504,0.41436,0.26807
522,0.36923,0.26485,0.72092,0.18879,0.90759,0.21161,0.44577,0.37114,0.12822,0.15575,0.75529,0.32863,0.82485,0.26992,0.22517,0.64956,0.41347,0.15558,0.49308,0.62582,0.57178,0.91801,0.40738,0.41287,0.39921,,0.11558,0.21789,0.70748,0.34525,0.32080,0.18030,0.33383,0.68410,0.23090,0.26554,0.38826,0.41587,0.22069,0.24458,0.59931,0.60933,0.20348,0.32008,0.25504,0.41421,0.26798
523,0.36874,0.26479,0.72070,0.18870,0.90752,0.21151,0.44563,0.37095,0.12794,0.15573,0.75518,0.32869,0.82484,0.26980,0.22505,0.64950,0.41320,0.15550,0.49275,0.62564,0.57147,0.91796,0.40729,0.41269,0.39924,,0.11557,0.21788,0.70742,0.34513,0.32065,0.18026,0.33370,0.68401,0.23084,0.26544,0.38825,0.41573,0.22066,0.24451,0.59914,0.60919,0.20339,0.31989,0.25508,0.41405,0.26786
524,0.36827,0.26474,0.72050,0.18860,0.90745,0.21141,0.44549,0.37076,0.12766,0.15572,0.75507,0.32875,0.82482,0.26967,0.22493,0.64945,0.41294,0.15542,0.49248,0.62555,0.57116,0.91796,0.40724,0.41249,0.39926,,0.11553,0.21784,0.70741,0.34499,0.32053,0.18021,0.33354,0.68389,0.23076,0.26530,0.38822,0.41556,0.22063,0.24442,0.59891,0.60909,0.20328,0.31972,0.25515,0.41388,0.26773
525,0.36822,0.26469,0.72030,0.18848,0.90734,0.21130,0.44539,0.37059,0.12736,0.15571,0.75496,0.32880,0.82476,0.26953,0.22481,0.64939,0.41269,0.15534,0.49223,0.62547,0.57090,0.91801,0.40726,0.41229,0.39925,,0.11553,0.21779,0.70723,0.34483,0.32043,0.18014,0.33342,0.68379,0.23064,0.26516,0.38826,0.41536,0.22059,0.24433,0.59870,0.60897,0.20316,0.31960,0.25522,0.41371,0.26765
526,0.36792,0.26464,0.72011,0.18836,0.90724,0.21118,0.44524,0.37036,0.12704,0.15568,0.75486,0.32881,0.82473,0.26942,0.22470,0.64931,0.41238,0.15529,0.49198,0.62528,0.57068,0.91807,0.40721,0.41209,0.39917,,0.11548,0.21778,0.70698,0.34476,0.32028,0.18001,0.33327,0.68373,0.23052,0.26507,0.38829,0.41521,0.22056,0.24430,0.59854,0.60879,0.20303,0.31948,0.25525,0.41356,0.26756
527,0.36754,0.26457,0.71987,0.18823,0.90713,0.21107,0.44508,0.37008,0.12676,0.15562,0.75475,0.32888,0.82470,0.26931,0.22461,0.64918,0.41214,0.15521,0.49172,0.62506,0.57039,0.91810,0.40712,0.41188,0.39908,,0.11543,0.21777,0.70700,0.34468,0.32016,0.17990,0.33306,0.68366,0.23044,0.26498,0.38821,0.41509,0.22052,0.24421,0.59841,0.60863,0.20292,0.31935,0.25529,0.41342,0.26743
528,0.36725,0.26446,0.71959,0.18808,0.90703,0.21096,0.44494,0.36979,0.12650,0.15557,0.75463,0.32901,0.82464,0.26916,0.22454,0.64899,0.41201,0.15508,0.49144,0.62489,0.57000,0.91809,0.40701,0.41165,0.39900,,0.11540,0.21773,0.70735,0.34454,0.32009,0.17984,0.33280,0.68358,0.23037,0.26486,0.38801,0.41498,0.22046,0.24404,0.59830,0.60853,0.20283,0.31918,0.25534,0.41327,0.26726
529,0.36714,0.26440,0.71936,0.18799,0.90694,0.21084,0.44475,0.36956,0.12617,0.15559,0.75452,0.32908,0.82461,0.26898,0.22442,0.64879,0.41181,0.15493,0.49105,0.62486,0.56974,0.91810,0.40692,0.41142,0.39902,,0.11539,0.21766,0.70746,0.34438,0.32001,0.17977,0.33261,0.68359,0.23023,0.26476,0.38794,0.41485,0.22038,0.24391,0.59821,0.60838,0.20271,0.31901,0.25535,0.41311,0.26712
530,0.36691,0.26435,0.71916,0.18789,0.90685,0.21069,0.44458,0.36935,0.12584,0.15563,0.75438,0.32909,0.82455,0.26881,0.22425,0.64860,0.41149,0.15480,0.49070,0.62484,0.56949,0.91808,0.40687,0.41125,0.39906,,0.11537,0.21759,0.70730,0.34421,0.31989,0.17970,0.33247,0.68353,0.23006,0.26469,0.38799,0.41470,0.22033,0.24382,0.59809,0.60816,0.20258,0.31884,0.25537,0.41293,0.26699
531,0.36652,0.26427,0.71898,0.18777,0.90672,0.21053,0.44444,0.36913,0.12551,0.15562,0.75422,0.32908,0.82447,0.26867,0.22406,0.64841,0.41108,0.15470,0.49039,0.62477,0.56923,0.91801,0.40683,0.41112,0.39906,,0.11533,0.21754,0.70698,0.34406,0.31973,0.17961,0.33236,0.68339,0.22989,0.26461,0.38810,0.41453,0.22032,0.24375,0.59792,0.60790,0.20245,0.31868,0.25541,0.41273,0.26688
532,0.36626,0.26416,0.71874,0.18763,0.90657,0.21039,0.44431,0.36888,0.12518,0.15554,0.75409,0.32910,0.82446,0.26852,0.22396,0.64818,0.41076,0.15460,0.49004,0.62462,0.56894,0.91795,0.40670,0.41092,0.39899,,0.11525,0.21754,0.70679,0.34397,0.31961,0.17950,0.33222,0.68331,0.22974,0.26445,0.38810,0.41427,0.22025,0.24366,0.59775,0.60771,0.20231,0.31850,0.25542,0.41255,0.26675
533,0.36617,0.26404,0.71851,0.18748,0.90638,0.21026,0.44419,0.36860,0.12487,0.15549,0.75395,0.32917,0.82447,0.26835,0.22384,0.64802,0.41048,0.15448,0.48976,0.62442,0.56858,0.91792,0.40654,0.41063,0.39888,,0.11519,0.21756,0.70683,0.34389,0.31953,0.17939,0.33205,0.68325,0.22964,0.26427,0.38793,0.41405,0.22020,0.24358,0.59761,0.60751,0.20217,0.31833,0.25546,0.41234,0.26661
534,0.36600,0.26394,0.71831,0.18732,0.90621,0.21014,0.44404,0.36831,0.12457,0.15547,0.75382,0.32926,0.82446,0.26818,0.22370,0.64798,0.41023,0.15434,0.48953,0.62418,0.56824,0.91795,0.40638,0.41032,0.39877,,0.11517,0.21757,0.70698,0.34375,0.31947,0.17928,0.33183,0.68322,0.22955,0.26411,0.38772,0.41388,0.22015,0.24350,0.59748,0.60735,0.20203,0.31818,0.25550,0.41212,0.26644
535,0.36535,0.26385,0.71813,0.18715,0.90613,0.21000,0.44382,0.36802,0.12424,0.15547,0.75371,0.32935,0.82441,0.26802,0.22360,0.64805,0.40995,0.15420,0.48927,0.62393,0.56801,0.91804,0.40627,0.41008,0.39869,,0.11517,0.21750,0.70702,0.34352,0.31938,0.17915,0.33158,0.68326,0.22942,0.26393,0.38769,0.41376,0.22005,0.24335,0.59730,0.60731,0.20188,0.31802,0.25545,0.41190,0.26625
536,0.36504,0.26374,0.71791,0.18700,0.90600,0.20988,0.44365,0.36775,0.12391,0.15548,0.75359,0.32941,0.82434,0.26787,0.22347,0.64795,0.40960,0.15410,0.48897,0.62378,0.56782,0.91808,0.40615,0.40995,0.39872,,0.11516,0.21748,0.70690,0.34338,0.31926,0.17905,0.33142,0.68326,0.22927,0.26381,0.38767,0.41362,0.21998,0.24326,0.59715,0.60729,0.20170,0.31783,0.25545,0.41169,0.26610
537,0.36495,0.26364,0.71769,0.18686,0.90583,0.20975,0.44350,0.36748,0.12358,0.15547,0.75344,0.32943,0.82425,0.26771,0.22334,0.64784,0.40923,0.15400,0.48865,0.62368,0.56760,0.91809,0.40599,0.40982,0.39874,,0.11514,0.21748,0.70672,0.34326,0.31914,0.17897,0.33128,0.68324,0.22911,0.26372,0.38764,0.41343,0.21991,0.24322,0.59700,0.60720,0.20152,0.31762,0.25551,0.41148,0.26597
538,0.36478,0.26354,0.71750,0.18671,0.90565,0.20960,0.44335,0.36719,0.12323,0.15544,0.75328,0.32943,0.82417,0.26755,0.22321,0.64786,0.40889,0.15390,0.48833,0.62356,0.56730,0.91811,0.40583,0.40962,0.39864,,0.11511,0.21747,0.70660,0.34307,0.31905,0.17889,0.33108,0.68327,0.22897,0.26363,0.38758,0.41322,0.21984,0.24317,0.59682,0.60701,0.20140,0.31742,0.25560,0.41129,0.26581
539,0.36450,0.26344,0.71730,0.18658,0.90545,0.20946,0.44320,0.36693,0.12288,0.15543,0.75308,0.32947,0.82413,0.26740,0.22309,0.64774,0.40846,0.15378,0.48803,0.62334,0.56709,0.91805,0.40568,0.40944,0.39853,,0.11508,0.21742,0.70650,0.34291,0.31894,0.17882,0.33090,0.68320,0.22889,0.26354,0.38757,0.41305,0.21982,0.24314,0.59666,0.60682,0.20127,0.31719,0.25566,0.41109,0.26569
540,0.36404,0.26334,0.71711,0.18642,0.90526,0.20931,0.44303,0.36666,0.12255,0.15541,0.75291,0.32952,0.82410,0.26724,0.22297,0.64755,0.40810,0.15367,0.48773,0.62311,0.56685,0.91798,0.40555,0.40922,0.39839,,0.11504,0.21738,0.70646,0.34278,0.31885,0.17874,0.33070,0.68307,0.22882,0.26343,0.38751,0.41286,0.21979,0.24310,0.59649,0.60660,0.20113,0.31700,0.25571,0.41088,0.26556
541,0.36347,0.26325,0.71691,0.18624,0.90513,0.20915,0.44287,0.36635,0.12224,0.15539,0.75281,0.32960,0.82402,0.26707,0.22283,0.64737,0.40789,0.15356,0.48742,0.62295,0.56652,0.91795,0.40544,0.40891,0.39822,,0.11499,0.21736,0.70648,0.34266,0.31882,0.17864,0.33047,0.68293,0.22874,0.26330,0.38733,0.41263,0.21971,0.24302,0.59631,0.60639,0.20097,0.31687,0.25577,0.41064,0.26539
542,0.36325,0.26312,0.71664,0.18609,0.90499,0.20900,0.44270,0.36603,0.12191,0.15536,0.75266,0.32968,0.82396,0.26689,0.22272,0.64720,0.40766,0.15343,0.48703,0.62290,0.56624,0.91789,0.40538,0.40853,0.39807,,0.11492,0.21733,0.70664,0.34248,0.31877,0.17852,0.33022,0.68289,0.22864,0.26318,0.38702,0.41251,0.21956,0.24295,0.59611,0.60628,0.20081,0.31674,0.25582,0.41047,0.26526
543,0.36314,0.26301,0.71638,0.18595,0.90483,0.20887,0.44252,0.36571,0.12154,0.15535,0.75249,0.32974,0.82386,0.26672,0.22260,0.64697,0.40737,0.15329,0.48669,0.62279,0.56601,0.91784,0.40534,0.40818,0.39794,,0.11486,0.21732,0.70678,0.34230,0.31864,0.17840,0.33001,0.68277,0.22855,0.26308,0.38683,0.41236,0.21945,0.24286,0.59595,0.60620,0.20063,0.31658,0.25584,0.41026,0.26511
544,0.36291,0.26290,0.71616,0.18579,0.90463,0.20874,0.44234,0.36541,0.12116,0.15534,0.75233,0.32978,0.82375,0.26656,0.22246,0.64671,0.40702,0.15314,0.48642,0.62259,0.56581,0.91782,0.40529,0.40789,0.39784,,0.11483,0.21731,0.70684,0.34214,0.31845,0.17831,0.32985,0.68260,0.22848,0.26297,0.38680,0.41216,0.21940,0.24275,0.59582,0.60608,0.20045,0.31640,0.25584,0.41002,0.26493
545,0.36229,0.26281,0.71594,0.18563,0.90448,0.20857,0.44216,0.36514,0.12082,0.15533,0.75217,0.32983,0.82369,0.26640,0.22229,0.64656,0.40665,0.15301,0.48614,0.62239,0.56561,0.91781,0.40522,0.40765,0.39781,,0.11481,0.21733,0.70689,0.34201,0.31828,0.17825,0.32969,0.68255,0.22838,0.26282,0.38677,0.41199,0.21936,0.24268,0.59563,0.60587,0.20030,0.31624,0.25588,0.40986,0.26477
546,0.36185,0.26270,0.71573,0.18546,0.90426,0.20840,0.44196,0.36481,0.12048,0.15530,0.75198,0.32987,0.82369,0.26624,0.22215,0.64652,0.40629,0.15287,0.48580,0.62215,0.56533,0.91775,0.40512,0.40749,0.39777,,0.11478,0.21731,0.70664,0.34187,0.31810,0.17819,0.32952,0.68256,0.22824,0.26267,0.38669,0.41180,0.21930,0.24262,0.59549,0.60565,0.20013,0.31603,0.25590,0.40965,0.26464
547,0.36163,0.26256,0.71551,0.18527,0.90399,0.20824,0.44175,0.36446,0.12012,0.15527,0.75179,0.32990,0.82369,0.26607,0.22202,0.64650,0.40592,0.15273,0.48545,0.62196,0.56502,0.91768,0.40498,0.40733,0.39772,,0.11473,0.21728,0.70622,0.34172,0.31792,0.17810,0.32932,0.68257,0.22808,0.26253,0.38655,0.41158,0.21922,0.24254,0.59531,0.60541,0.19995,0.31580,0.25592,0.40938,0.26452
548,0.36141,0.26243,0.71526,0.18509,0.90376,0.20809,0.44159,0.36418,0.11978,0.15526,0.75161,0.32997,0.82361,0.26590,0.22189,0.64639,0.40547,0.15261,0.48517,0.62193,0.56479,0.91766,0.40483,0.40712,0.39767,,0.11468,0.21731,0.70598,0.34157,0.31782,0.17801,0.32908,0.68256,0.22797,0.26237,0.38639,0.41134,0.21913,0.24244,0.59499,0.60515,0.19976,0.31560,0.25598,0.40916,0.26436
549,0.36109,0.26228,0.71503,0.18490,0.90353,0.20794,0.44144,0.36384,0.11944,0.15525,0.75143,0.33002,0.82355,0.26572,0.22176,0.64629,0.40505,0.15250,0.48491,0.62190,0.56461,0.91766,0.40469,0.40682,0.39764,,0.11467,0.21731,0.70588,0.34146,0.31770,0.17790,0.32885,0.68260,0.22785,0.26223,0.38635,0.41109,0.21903,0.24239,0.59480,0.60496,0.19955,0.31543,0.25604,0.40895,0.26421
550,0.36063,0.26215,0.71483,0.18473,0.90333,0.20780,0.44126,0.36349,0.11909,0.15526,0.75125,0.33006,0.82352,0.26554,0.22162,0.64625,0.40467,0.15241,0.48462,0.62190,0.56444,0.91764,0.40457,0.40649,0.39759,,0.11467,0.21728,0.70587,0.34134,0.31757,0.17778,0.32859,0.68266,0.22774,0.26209,0.38636,0.41090,0.21892,0.24238,0.59468,0.60478,0.19936,0.31527,0.25608,0.40873,0.26404
551,0.36012,0.26206,0.71463,0.18462,0.90315,0.20765,0.44103,0.36319,0.11874,0.15528,0.75107,0.33013,0.82349,0.26538,0.22147,0.64625,0.40433,0.15234,0.48428,0.62190,0.56423,0.91756,0.40451,0.40621,0.39752,,0.11466,0.21725,0.70588,0.34115,0.31745,0.17768,0.32829,0.68267,0.22764,0.26192,0.38632,0.41081,0.21884,0.24237,0.59452,0.60454,0.19920,0.31512,0.25613,0.40849,0.26385
552,0.36009,0.26194,0.71440,0.18447,0.90294,0.20750,0.44085,0.36286,0.11838,0.15527,0.75090,0.33020,0.82341,0.26523,0.22134,0.64615,0.40406,0.15225,0.48398,0.62167,0.56401,0.91753,0.40448,0.40596,0.39752,,0.11463,0.21723,0.70580,0.34098,0.31730,0.17757,0.32799,0.68255,0.22756,0.26173,0.38624,0.41070,0.21876,0.24234,0.59430,0.60434,0.19903,0.31499,0.25620,0.40823,0.26368
553,0.35987,0.26183,0.71417,0.18432,0.90272,0.20735,0.44068,0.36253,0.11803,0.15525,0.75072,0.33026,0.82326,0.26508,0.22124,0.64595,0.40375,0.15216,0.48368,0.62135,0.56374,0.91748,0.40442,0.40574,0.39757,,0.11460,0.21722,0.70576,0.34081,0.31717,0.17749,0.32773,0.68238,0.22744,0.26157,0.38616,0.41054,0.21870,0.24229,0.59404,0.60417,0.19887,0.31485,0.25627,0.40795,0.26354
554,0.35920,0.26175,0.71398,0.18419,0.90253,0.20720,0.44048,0.36223,0.11771,0.15525,0.75053,0.33033,0.82308,0.26493,0.22114,0.64572,0.40338,0.15207,0.48334,0.62106,0.56343,0.91742,0.40431,0.40552,0.39763,,0.11458,0.21719,0.70580,0.34064,0.31709,0.17744,0.32754,0.68222,0.22727,0.26148,0.38610,0.41031,0.21867,0.24223,0.59378,0.60403,0.19874,0.31468,0.25633,0.40768,0.26341
555,0.35909,0.26167,0.71377,0.18407,0.90235,0.20709,0.44030,0.36195,0.11738,0.15526,0.75036,0.33041,0.82295,0.26481,0.22104,0.64566,0.40305,0.15198,0.48302,0.62093,0.56322,0.91748,0.40424,0.40530,0.39751,,0.11454,0.21715,0.70556,0.34051,0.31703,0.17736,0.32742,0.68203,0.22708,0.26138,0.38604,0.41011,0.21864,0.24214,0.59363,0.60392,0.19863,0.31450,0.25638,0.40753,0.26328
556,0.35877,0.26159,0.71357,0.18392,0.90215,0.20697,0.44015,0.36169,0.11704,0.15528,0.75019,0.33047,0.82292,0.26470,0.22093,0.64571,0.40271,0.15187,0.48276,0.62075,0.56299,0.91749,0.40417,0.40509,0.39736,,0.11451,0.21711,0.70536,0.34041,0.31693,0.17728,0.32731,0.68193,0.22690,0.26130,0.38606,0.40992,0.21861,0.24204,0.59349,0.60377,0.19852,0.31430,0.25645,0.40737,0.26315
557,0.35819,0.26152,0.71339,0.18375,0.90193,0.20683,0.44000,0.36143,0.11671,0.15529,0.75002,0.33053,0.82295,0.26458,0.22081,0.64576,0.40238,0.15174,0.48255,0.62050,0.56271,0.91741,0.40414,0.40486,0.39726,,0.11449,0.21710,0.70530,0.34034,0.31677,0.17722,0.32718,0.68195,0.22675,0.26120,0.38611,0.40976,0.21860,0.24196,0.59333,0.60358,0.19840,0.31410,0.25653,0.40719,0.26303
558,0.35807,0.26145,0.71320,0.18361,0.90179,0.20667,0.43983,0.36115,0.11638,0.15531,0.74984,0.33063,0.82293,0.26447,0.22072,0.64562,0.40216,0.15163,0.48227,0.62025,0.56240,0.91738,0.40418,0.40453,0.39723,,0.11452,0.21715,0.70536,0.34031,0.31661,0.17716,0.32698,0.68207,0.22668,0.26100,0.38596,0.40959,0.21859,0.24198,0.59317,0.60336,0.19825,0.31390,0.25666,0.40704,0.26292
559,0.35789,0.26138,0.71297,0.18348,0.90160,0.20655,0.43965,0.36087,0.11607,0.15535,0.74966,0.33074,0.82285,0.26435,0.22066,0.64538,0.40188,0.15152,0.48196,0.62011,0.56211,0.91731,0.40419,0.40424,0.39726,,0.11452,0.21724,0.70539,0.34024,0.31655,0.17712,0.32677,0.68218,0.22662,0.26089,0.38582,0.40947,0.21859,0.24201,0.59301,0.60310,0.19810,0.31375,0.25675,0.40687,0.26283
560,0.35760,0.26130,0.71274,0.18334,0.90139,0.20647,0.43948,0.36057,0.11577,0.15539,0.74949,0.33086,0.82276,0.26422,0.22061,0.64511,0.40157,0.15142,0.48163,0.62002,0.56183,0.91722,0.40417,0.40406,0.39726,,0.11450,0.21735,0.70531,0.34013,0.31657,0.17708,0.32657,0.68219,0.22655,0.26085,0.38576,0.40942,0.21860,0.24201,0.59285,0.60284,0.19797,0.31365,0.25680,0.40669,0.26275
561,0.35737,0.26122,0.71253,0.18319,0.90123,0.20639,0.43935,0.36023,0.11544,0.15542,0.74927,0.33100,0.82271,0.26407,0.22054,0.64488,0.40132,0.15130,0.48132,0.61989,0.56157,0.91719,0.40415,0.40397,0.39710,,0.11453,0.21741,0.70511,0.34002,0.31660,0.17702,0.32639,0.68202,0.22647,0.26081,0.38575,0.40945,0.21858,0.24197,0.59267,0.60263,0.19781,0.31360,0.25688,0.40653,0.26261
562,0.35688,0.26119,0.71227,0.18308,0.90103,0.20629,0.43921,0.35991,0.11512,0.15548,0.74903,0.33112,0.82266,0.26397,0.22047,0.64462,0.40104,0.15122,0.48102,0.61985,0.56136,0.91728,0.40410,0.40386,0.39694,,0.11463,0.21748,0.70502,0.33997,0.31657,0.17699,0.32624,0.68181,0.22637,0.26071,0.38573,0.40943,0.21856,0.24201,0.59250,0.60243,0.19770,0.31350,0.25701,0.40644,0.26247
563,0.35634,0.26114,0.71200,0.18299,0.90082,0.20618,0.43903,0.35964,0.11481,0.15556,0.74881,0.33121,0.82262,0.26387,0.22040,0.64438,0.40074,0.15116,0.48071,0.61978,0.56118,0.91734,0.40407,0.40371,0.39683,,0.11474,0.21755,0.70506,0.33995,0.31646,0.17697,0.32606,0.68161,0.22625,0.26059,0.38574,0.40934,0.21853,0.24207,0.59231,0.60223,0.19762,0.31336,0.25716,0.40633,0.26235
564,0.35602,0.26103,0.71177,0.18293,0.90065,0.20609,0.43883,0.35938,0.11450,0.15560,0.74868,0.33128,0.82258,0.26373,0.22032,0.64417,0.40042,0.15111,0.48041,0.61956,0.56098,0.91727,0.40410,0.40353,0.39679,,0.11480,0.21762,0.70516,0.33993,0.31631,0.17693,0.32581,0.68148,0.22611,0.26052,0.38579,0.40917,0.21849,0.24208,0.59208,0.60206,0.19753,0.31318,0.25728,0.40610,0.26228
565,0.35588,0.26095,0.71153,0.18284,0.90050,0.20602,0.43866,0.35909,0.11419,0.15563,0.74851,0.33137,0.82241,0.26362,0.22026,0.64401,0.40016,0.15105,0.48015,0.61929,0.56073,0.91737,0.40413,0.40341,0.39679,,0.11484,0.21770,0.70508,0.33991,0.31616,0.17692,0.32563,0.68150,0.22600,0.26044,0.38589,0.40900,0.21845,0.24206,0.59186,0.60190,0.19744,0.31299,0.25738,0.40593,0.26218
566,0.35572,0.26088,0.71128,0.18273,0.90035,0.20595,0.43850,0.35881,0.11388,0.15566,0.74834,0.33147,0.82228,0.26354,0.22020,0.64384,0.39992,0.15096,0.47989,0.61899,0.56041,0.91742,0.40410,0.40326,0.39676,,0.11489,0.21780,0.70503,0.33986,0.31600,0.17693,0.32547,0.68158,0.22587,0.26034,0.38598,0.40884,0.21844,0.24205,0.59167,0.60176,0.19738,0.31284,0.25748,0.40572,0.26210
567,0.35539,0.26083,0.71104,0.18264,0.90020,0.20589,0.43832,0.35858,0.11357,0.15572,0.74819,0.33159,0.82227,0.26345,0.22017,0.64365,0.39966,0.15086,0.47958,0.61873,0.56003,0.91735,0.40399,0.40305,0.39669,,0.11493,0.21793,0.70509,0.33977,0.31584,0.17696,0.32530,0.68164,0.22574,0.26023,0.38605,0.40871,0.21846,0.24208,0.59152,0.60166,0.19733,0.31273,0.25761,0.40545,0.26204
568,0.35496,0.26080,0.71080,0.18256,0.90010,0.20581,0.43818,0.35835,0.11325,0.15584,0.74803,0.33173,0.82230,0.26338,0.22015,0.64357,0.39930,0.15077,0.47926,0.61870,0.55966,0.91739,0.40386,0.40275,0.39671,,0.11495,0.21805,0.70514,0.33965,0.31575,0.17696,0.32514,0.68178,0.22569,0.26013,0.38610,0.40862,0.21856,0.24209,0.59143,0.60160,0.19723,0.31263,0.25776,0.40522,0.26204
569,0.35467,0.26076,0.71060,0.18250,0.90001,0.20571,0.43806,0.35814,0.11293,0.15593,0.74794,0.33188,0.82233,0.26333,0.22010,0.64362,0.39894,0.15071,0.47897,0.61873,0.55926,0.91742,0.40377,0.40250,0.39683,,0.11498,0.21818,0.70503,0.33957,0.31561,0.17692,0.32497,0.68197,0.22569,0.26008,0.38611,0.40850,0.21871,0.24211,0.59133,0.60151,0.19714,0.31253,0.25790,0.40499,0.26197
570,0.35453,0.26071,0.71043,0.18245,0.89989,0.20561,0.43796,0.35792,0.11263,0.15596,0.74788,0.33203,0.82232,0.26329,0.22001,0.64372,0.39858,0.15066,0.47874,0.61867,0.55883,0.91741,0.40374,0.40232,0.39701,,0.11502,0.21832,0.70486,0.33952,0.31543,0.17685,0.32480,0.68212,0.22571,0.26010,0.38607,0.40836,0.21886,0.24213,0.59119,0.60136,0.19708,0.31242,0.25800,0.40480,0.26182
571,0.35426,0.26072,0.71020,0.18238,0.89973,0.20554,0.43785,0.35766,0.11235,0.15603,0.74767,0.33220,0.82223,0.26324,0.21997,0.64367,0.39815,0.15062,0.47857,0.61839,0.55845,0.91742,0.40380,0.40216,0.39706,,0.11503,0.21845,0.70501,0.33944,0.31534,0.17681,0.32460,0.68201,0.22574,0.26016,0.38597,0.40830,0.21896,0.24215,0.59099,0.60117,0.19702,0.31231,0.25812,0.40476,0.26173
572,0.35405,0.26068,0.70995,0.18229,0.89957,0.20544,0.43774,0.35739,0.11207,0.15611,0.74748,0.33239,0.82211,0.26318,0.21996,0.64352,0.39777,0.15056,0.47828,0.61814,0.55820,0.91735,0.40394,0.40198,0.39706,,0.11510,0.21857,0.70515,0.33938,0.31526,0.17677,0.32440,0.68191,0.22573,0.26023,0.38591,0.40826,0.21905,0.24212,0.59088,0.60096,0.19698,0.31221,0.25822,0.40474,0.26166
573,0.35376,0.26063,0.70968,0.18223,0.89941,0.20534,0.43761,0.35713,0.11180,0.15620,0.74731,0.33257,0.82202,0.26312,0.21996,0.64335,0.39744,0.15049,0.47789,0.61797,0.55802,0.91727,0.40409,0.40177,0.39701,,0.11519,0.21868,0.70521,0.33937,0.31518,0.17672,0.32421,0.68188,0.22568,0.26028,0.38591,0.40821,0.21914,0.24211,0.59081,0.60078,0.19695,0.31213,0.25834,0.40467,0.26162
574,0.35317,0.26064,0.70939,0.18224,0.89923,0.20527,0.43748,0.35691,0.11150,0.15628,0.74713,0.33274,0.82198,0.26306,0.21995,0.64323,0.39707,0.15043,0.47755,0.61782,0.55778,0.91729,0.40414,0.40157,0.39691,,0.11527,0.21883,0.70521,0.33936,0.31510,0.17671,0.32403,0.68186,0.22563,0.26030,0.38596,0.40811,0.21925,0.24221,0.59071,0.60060,0.19692,0.31208,0.25854,0.40453,0.26162
575,0.35307,0.26063,0.70918,0.18214,0.89903,0.20522,0.43737,0.35663,0.11122,0.15635,0.74696,0.33294,0.82193,0.26301,0.21993,0.64303,0.39678,0.15039,0.47720,0.61762,0.55743,0.91737,0.40419,0.40144,0.39688,,0.11536,0.21901,0.70518,0.33932,0.31489,0.17669,0.32387,0.68184,0.22563,0.26035,0.38600,0.40796,0.21936,0.24236,0.59055,0.60039,0.19686,0.31198,0.25877,0.40441,0.26158
576,0.35289,0.26058,0.70902,0.18203,0.89880,0.20518,0.43725,0.35635,0.11096,0.15643,0.74675,0.33315,0.82188,0.26297,0.21992,0.64282,0.39650,0.15038,0.47685,0.61743,0.55709,0.91740,0.40430,0.40132,0.39692,,0.11547,0.21922,0.70512,0.33928,0.31469,0.17669,0.32373,0.68183,0.22565,0.26042,0.38607,0.40782,0.21947,0.24250,0.59033,0.60018,0.19679,0.31187,0.25901,0.40429,0.26155
577,0.35213,0.26052,0.70885,0.18202,0.89851,0.20515,0.43709,0.35611,0.11072,0.15657,0.74649,0.33334,0.82184,0.26296,0.21993,0.64271,0.39618,0.15036,0.47654,0.61728,0.55685,0.91730,0.40446,0.40113,0.39698,,0.11557,0.21944,0.70501,0.33929,0.31466,0.17673,0.32357,0.68184,0.22566,0.26044,0.38620,0.40776,0.21957,0.24257,0.59011,0.60000,0.19676,0.31184,0.25924,0.40414,0.26157
578,0.35232,0.26045,0.70871,0.18187,0.89816,0.20512,0.43692,0.35585,0.11044,0.15671,0.74624,0.33355,0.82177,0.26293,0.21994,0.64271,0.39587,0.15031,0.47627,0.61717,0.55661,0.91715,0.40457,0.40092,0.39692,,0.11571,0.21968,0.70495,0.33933,0.31470,0.17681,0.32342,0.68171,0.22567,0.26042,0.38638,0.40763,0.21971,0.24262,0.58996,0.59972,0.19672,0.31182,0.25947,0.40392,0.26155
579,0.35243,0.26035,0.70859,0.18171,0.89772,0.20510,0.43676,0.35556,0.11014,0.15684,0.74601,0.33379,0.82164,0.26291,0.21996,0.64269,0.39549,0.15026,0.47602,0.61711,0.55643,0.91712,0.40469,0.40071,0.39686,,0.11587,0.21992,0.70494,0.33932,0.31469,0.17690,0.32324,0.68158,0.22570,0.26044,0.38651,0.40750,0.21988,0.24269,0.58980,0.59943,0.19667,0.31177,0.25970,0.40373,0.26154
580,0.35184,0.26021,0.70852,0.18160,0.89719,0.20509,0.43660,0.35526,0.10986,0.15698,0.74577,0.33404,0.82146,0.26290,0.22000,0.64259,0.39501,0.15024,0.47581,0.61706,0.55635,0.91722,0.40487,0.40052,0.39688,,0.11604,0.22017,0.70498,0.33924,0.31455,0.17699,0.32304,0.68159,0.22576,0.26053,0.38653,0.40740,0.22007,0.24279,0.58959,0.59921,0.19661,0.31167,0.25991,0.40359,0.26158
581,0.35137,0.26007,0.70847,0.18142,0.89661,0.20507,0.43646,0.35496,0.10965,0.15712,0.74545,0.33416,0.82139,0.26286,0.22001,0.64256,0.39451,0.15024,0.47561,0.61696,0.55642,0.91723,0.40503,0.40048,0.39697,,0.11619,0.22043,0.70508,0.33922,0.31436,0.17705,0.32283,0.68175,0.22580,0.26065,0.38649,0.40736,0.22024,0.24287,0.58936,0.59902,0.19653,0.31155,0.26013,0.40343,0.26157
582,0.35126,0.25994,0.70842,0.18124,0.89602,0.20503,0.43630,0.35466,0.10940,0.15728,0.74513,0.33428,0.82128,0.26282,0.22000,0.64245,0.39399,0.15026,0.47541,0.61682,0.55642,0.91721,0.40518,0.40039,0.39705,,0.11634,0.22069,0.70512,0.33926,0.31413,0.17712,0.32260,0.68187,0.22582,0.26067,0.38644,0.40738,0.22042,0.24296,0.58910,0.59890,0.19646,0.31143,0.26035,0.40320,0.26158
583,0.35139,0.25982,0.70833,0.18109,0.89545,0.20498,0.43613,0.35437,0.10911,0.15744,0.74483,0.33444,0.82114,0.26280,0.22000,0.64223,0.39348,0.15030,0.47519,0.61663,0.55631,0.91719,0.40531,0.40022,0.39708,,0.11651,0.22093,0.70506,0.33936,0.31392,0.17720,0.32239,0.68190,0.22582,0.26058,0.38643,0.40740,0.22060,0.24307,0.58883,0.59881,0.19643,0.31132,0.26058,0.40293,0.26165
584,0.35112,0.25971,0.70827,0.18098,0.89490,0.20496,0.43603,0.35408,0.10883,0.15762,0.74454,0.33467,0.82109,0.26281,0.22002,0.64199,0.39308,0.15033,0.47493,0.61637,0.55624,0.91709,0.40543,0.40004,0.39708,,0.11673,0.22115,0.70492,0.33949,0.31379,0.17728,0.32221,0.68198,0.22579,0.26056,0.38648,0.40738,0.22081,0.24323,0.58866,0.59864,0.19640,0.31123,0.26090,0.40275,0.26176
585,0.35075,0.25958,0.70815,0.18089,0.89438,0.20496,0.43591,0.35380,0.10857,0.15781,0.74431,0.33493,0.82106,0.26278,0.22007,0.64184,0.39280,0.15035,0.47462,0.61627,0.55612,0.91698,0.40559,0.39989,0.39703,,0.11694,0.22142,0.70477,0.33957,0.31368,0.17731,0.32206,0.68219,0.22573,0.26056,0.38652,0.40735,0.22103,0.24343,0.58849,0.59847,0.19637,0.31120,0.26124,0.40263,0.26187
586,0.35037,0.25943,0.70797,0.18082,0.89391,0.20495,0.43577,0.35353,0.10830,0.15799,0.74411,0.33520,0.82100,0.26276,0.22014,0.64179,0.39252,0.15036,0.47426,0.61626,0.55592,0.91687,0.40580,0.39972,0.39699,,0.11712,0.22173,0.70467,0.33956,0.31358,0.17732,0.32193,0.68250,0.22570,0.26061,0.38651,0.40731,0.22127,0.24365,0.58832,0.59829,0.19634,0.31119,0.26157,0.40254,0.26194
587,0.35002,0.25935,0.70775,0.18083,0.89353,0.20495,0.43566,0.35328,0.10800,0.15818,0.74386,0.33550,0.82087,0.26277,0.22018,0.64179,0.39205,0.15035,0.47387,0.61605,0.55558,0.91677,0.40603,0.39950,0.39701,,0.11729,0.22203,0.70468,0.33950,0.31345,0.17733,0.32178,0.68281,0.22577,0.26075,0.38649,0.40724,0.22154,0.24386,0.58818,0.59807,0.19629,0.31113,0.26188,0.40245,0.26198
588,0.34971,0.25929,0.70751,0.18085,0.89327,0.20497,0.43558,0.35303,0.10769,0.15835,0.74366,0.33579,0.82079,0.26284,0.22023,0.64176,0.39157,0.15036,0.47351,0.61575,0.55491,0.91677,0.40625,0.39935,0.39702,,0.11748,0.22242,0.70452,0.33951,0.31330,0.17738,0.32164,0.68294,0.22582,0.26088,0.38666,0.40715,0.22184,0.24415,0.58807,0.59777,0.19626,0.31109,0.26220,0.40231,0.26203
589,0.34942,0.25923,0.70726,0.18082,0.89299,0.20497,0.43549,0.35275,0.10740,0.15854,0.74350,0.33612,0.82074,0.26290,0.22032,0.64168,0.39109,0.15037,0.47323,0.61546,0.55406,0.91682,0.40640,0.39917,0.39705,,0.11770,0.22284,0.70444,0.33953,0.31317,0.17745,0.32145,0.68289,0.22591,0.26101,0.38690,0.40716,0.22212,0.24446,0.58798,0.59747,0.19624,0.31104,0.26252,0.40213,0.26207
590,0.34917,0.25913,0.70702,0.18071,0.89259,0.20496,0.43536,0.35242,0.10715,0.15877,0.74334,0.33649,0.82066,0.26288,0.22046,0.64153,0.39061,0.15036,0.47303,0.61528,0.55331,0.91685,0.40643,0.39885,0.39712,,0.11799,0.22317,0.70473,0.33953,0.31311,0.17753,0.32115,0.68274,0.22606,0.26113,0.38706,0.40731,0.22230,0.24467,0.58783,0.59726,0.19624,0.31096,0.26281,0.40199,0.26207
591,0.34913,0.25901,0.70681,0.18065,0.89214,0.20502,0.43520,0.35208,0.10687,0.15902,0.74307,0.33684,0.82062,0.26290,0.22057,0.64137,0.39014,0.15036,0.47277,0.61518,0.55315,0.91684,0.40655,0.39856,0.39714,,0.11826,0.22351,0.70496,0.33955,0.31305,0.17768,0.32085,0.68272,0.22614,0.26129,0.38719,0.40739,0.22250,0.24481,0.58752,0.59715,0.19621,0.31092,0.26312,0.40188,0.26210
592,0.34889,0.25886,0.70662,0.18059,0.89160,0.20508,0.43505,0.35176,0.10660,0.15926,0.74275,0.33712,0.82054,0.26292,0.22064,0.64127,0.38966,0.15038,0.47246,0.61515,0.55314,0.91679,0.40670,0.39838,0.39712,,0.11850,0.22390,0.70503,0.33957,0.31288,0.17780,0.32058,0.68272,0.22614,0.26140,0.38730,0.40735,0.22276,0.24495,0.58717,0.59700,0.19619,0.31088,0.26345,0.40175,0.26218
593,0.34830,0.25868,0.70646,0.18048,0.89095,0.20506,0.43491,0.35144,0.10633,0.15948,0.74242,0.33736,0.82038,0.26294,0.22070,0.64127,0.38914,0.15041,0.47212,0.61517,0.55294,0.91672,0.40688,0.39831,0.39712,,0.11871,0.22433,0.70496,0.33956,0.31260,0.17786,0.32034,0.68268,0.22612,0.26143,0.38740,0.40722,0.22312,0.24513,0.58685,0.59672,0.19617,0.31082,0.26382,0.40158,0.26232
594,0.34786,0.25853,0.70627,0.18034,0.89037,0.20508,0.43477,0.35110,0.10607,0.15972,0.74210,0.33767,0.82021,0.26297,0.22079,0.64128,0.38861,0.15039,0.47180,0.61511,0.55266,0.91662,0.40715,0.39822,0.39729,,0.11895,0.22475,0.70499,0.33956,0.31241,0.17794,0.32013,0.68275,0.22619,0.26142,0.38760,0.40711,0.22350,0.24533,0.58659,0.59645,0.19612,0.31080,0.26422,0.40138,0.26243
595,0.34776,0.25836,0.70607,0.18022,0.88975,0.20510,0.43461,0.35072,0.10580,0.15998,0.74174,0.33800,0.82004,0.26300,0.22086,0.64119,0.38803,0.15038,0.47147,0.61496,0.55241,0.91649,0.40749,0.39807,0.39744,,0.11920,0.22518,0.70498,0.33961,0.31222,0.17803,0.31989,0.68292,0.22629,0.26145,0.38779,0.40703,0.22384,0.24557,0.58636,0.59617,0.19603,0.31078,0.26460,0.40118,0.26253
596,0.34781,0.25813,0.70589,0.18011,0.88904,0.20511,0.43444,0.35030,0.10553,0.16026,0.74133,0.33835,0.81988,0.26302,0.22091,0.64099,0.38741,0.15039,0.47110,0.61478,0.55225,0.91634,0.40785,0.39786,0.39750,,0.11945,0.22563,0.70492,0.33973,0.31197,0.17814,0.31959,0.68311,0.22636,0.26155,0.38790,0.40697,0.22415,0.24582,0.58612,0.59591,0.19594,0.31072,0.26496,0.40100,0.26261
597,0.34734,0.25784,0.70576,0.17995,0.88824,0.20510,0.43427,0.34985,0.10528,0.16051,0.74085,0.33865,0.81969,0.26302,0.22098,0.64078,0.38682,0.15042,0.47068,0.61467,0.55221,0.91626,0.40819,0.39760,0.39749,,0.11975,0.22607,0.70493,0.33980,0.31168,0.17826,0.31922,0.68314,0.22638,0.26172,0.38797,0.40683,0.22447,0.24601,0.58585,0.59568,0.19584,0.31066,0.26534,0.40074,0.26272
598,0.34674,0.25751,0.70559,0.17979,0.88743,0.20509,0.43411,0.34938,0.10501,0.16075,0.74039,0.33893,0.81952,0.26299,0.22104,0.64056,0.38622,0.15044,0.47027,0.61455,0.55216,0.91619,0.40850,0.39734,0.39755,,0.12008,0.22654,0.70487,0.33991,0.31137,0.17838,0.31884,0.68318,0.22641,0.26189,0.38803,0.40665,0.22479,0.24621,0.58556,0.59544,0.19576,0.31057,0.26575,0.40046,0.26282
599,0.34623,0.25717,0.70539,0.17964,0.88663,0.20510,0.43394,0.34892,0.10474,0.16097,0.73995,0.33916,0.81939,0.26295,0.22111,0.64040,0.38560,0.15047,0.46991,0.61442,0.55210,0.91617,0.40878,0.39705,0.39763,,0.12042,0.22703,0.70482,0.34001,0.31108,0.17849,0.31846,0.68323,0.22649,0.26205,0.38810,0.40648,0.22512,0.24644,0.58526,0.59522,0.19570,0.31046,0.26615,0.40019,0.26287
600,0.34599,0.25682,0.70519,0.17949,0.88581,0.20519,0.43374,0.34850,0.10448,0.16121,0.73949,0.33933,0.81933,0.26293,0.22122,0.64035,0.38500,0.15049,0.46961,0.61436,0.55209,0.91622,0.40905,0.39665,0.39757,,0.12071,0.22750,0.70494,0.34004,0.31087,0.17857,0.31812,0.68315,0.22664,0.26217,0.38823,0.40641,0.22546,0.24672,0.58494,0.59506,0.19565,0.31040,0.26651,0.39996,0.26288
601,0.34575,0.25656,0.70506,0.17936,0.88499,0.20527,0.43356,0.34809,0.10420,0.16154,0.73907,0.33954,0.81920,0.26295,0.22134,0.64040,0.38443,0.15055,0.46940,0.61431,0.55195,0.91620,0.40934,0.39623,0.39749,,0.12105,0.22798,0.70512,0.34006,0.31089,0.17865,0.31781,0.68323,0.22684,0.26231,0.38835,0.40643,0.22586,0.24709,0.58457,0.59483,0.19566,0.31034,0.26694,0.39981,0.26298
602,0.34546,0.25636,0.70496,0.17924,0.88422,0.20538,0.43336,0.34771,0.10391,0.16200,0.73868,0.33994,0.81901,0.26303,0.22152,0.64048,0.38386,0.15060,0.46918,0.61417,0.55172,0.91604,0.40969,0.39585,0.39756,,0.12148,0.22852,0.70527,0.34014,0.31117,0.17874,0.31755,0.68342,0.22706,0.26244,0.38850,0.40664,0.22628,0.24752,0.58421,0.59444,0.19571,0.31031,0.26749,0.39977,0.26322
603,0.34517,0.25618,0.70485,0.17916,0.88356,0.20552,0.43307,0.34739,0.10366,0.16258,0.73827,0.34066,0.81885,0.26315,0.22181,0.64047,0.38324,0.15060,0.46878,0.61390,0.55146,0.91570,0.41012,0.39554,0.39791,,0.12199,0.22911,0.70526,0.34029,0.31161,0.17887,0.31738,0.68361,0.22727,0.26253,0.38876,0.40710,0.22672,0.24796,0.58392,0.59390,0.19577,0.31036,0.26815,0.39986,0.26360
604,0.34512,0.25615,0.70473,0.17913,0.88291,0.20560,0.43268,0.34711,0.10341,0.16304,0.73790,0.34149,0.81875,0.26322,0.22220,0.64021,0.38274,0.15072,0.46799,0.61346,0.55118,0.91537,0.41057,0.39512,0.39843,,0.12234,0.22972,0.70490,0.34048,0.31175,0.17904,0.31729,0.68382,0.22742,0.26251,0.38938,0.40749,0.22716,0.24829,0.58377,0.59338,0.19572,0.31049,0.26895,0.40010,0.26421
605,0.34495,0.25615,0.70453,0.17913,0.88236,0.20558,0.43226,0.34676,0.10318,0.16330,0.73755,0.34229,0.81864,0.26328,0.22262,0.63976,0.38241,0.15091,0.46691,0.61293,0.55088,0.91510,0.41101,0.39467,0.39902,,0.12257,0.23044,0.70441,0.34075,0.31124,0.17927,0.31714,0.68396,0.22742,0.26245,0.39024,0.40743,0.22758,0.24858,0.58377,0.59304,0.19552,0.31068,0.26979,0.40030,0.26480
606,0.34452,0.25614,0.70425,0.17914,0.88196,0.20551,0.43195,0.34631,0.10295,0.16333,0.73720,0.34289,0.81848,0.26334,0.22301,0.63918,0.38231,0.15115,0.46581,0.61239,0.55057,0.91492,0.41148,0.39432,0.39952,,0.12275,0.23128,0.70404,0.34112,0.31003,0.17958,0.31687,0.68398,0.22725,0.26246,0.39111,0.40678,0.22793,0.24890,0.58389,0.59295,0.19525,0.31091,0.27061,0.40033,0.26517
607,0.34426,0.25628,0.70390,0.17921,0.88156,0.20545,0.43205,0.34574,0.10272,0.16316,0.73681,0.34293,0.81836,0.26343,0.22327,0.63847,0.38257,0.15148,0.46513,0.61196,0.55018,0.91485,0.41225,0.39426,0.39950,,0.12295,0.23207,0.70403,0.34156,0.30847,0.18000,0.31649,0.68408,0.22704,0.26284,0.39160,0.40577,0.22818,0.24922,0.58400,0.59303,0.19509,0.31112,0.27128,0.40016,0.26520
608,0.34414,0.25655,0.70359,0.17932,0.88117,0.20560,0.43259,0.34522,0.10254,0.16321,0.73624,0.34290,0.81827,0.26363,0.22339,0.63804,0.38261,0.15175,0.46534,0.61174,0.54973,0.91478,0.41321,0.39457,0.39897,,0.12339,0.23269,0.70433,0.34198,0.30795,0.18044,0.31616,0.68405,0.22695,0.26348,0.39156,0.40500,0.22842,0.24962,0.58415,0.59307,0.19518,0.31138,0.27197,0.39987,0.26502
609,0.34410,0.25692,0.70346,0.17942,0.88080,0.20596,0.43341,0.34494,0.10240,0.16372,0.73552,0.34310,0.81819,0.26402,0.22339,0.63811,0.38201,0.15187,0.46646,0.61179,0.54936,0.91476,0.41420,0.39513,0.39819,,0.12407,0.23310,0.70488,0.34223,0.30891,0.18075,0.31600,0.68394,0.22712,0.26429,0.39110,0.40488,0.22879,0.25009,0.58428,0.59298,0.19557,0.31160,0.27263,0.39959,0.26480
610,0.34407,0.25731,0.70373,0.17949,0.88040,0.20625,0.43406,0.34515,0.10212,0.16471,0.73490,0.34365,0.81804,0.26462,0.22336,0.63866,0.38046,0.15182,0.46795,0.61213,0.54935,0.91506,0.41503,0.39560,0.39779,,0.12464,0.23332,0.70549,0.34202,0.31078,0.18077,0.31605,0.68421,0.22776,0.26525,0.39065,0.40561,0.22955,0.25046,0.58414,0.59270,0.19612,0.31158,0.27300,0.39964,0.26469
611,0.34420,0.25752,0.70429,0.17959,0.88009,0.20635,0.43429,0.34578,0.10178,0.16578,0.73483,0.34411,0.81792,0.26524,0.22340,0.63975,0.37899,0.15185,0.46922,0.61254,0.54953,0.91572,0.41549,0.39574,0.39821,,0.12490,0.23358,0.70593,0.34149,0.31148,0.18066,0.31601,0.68503,0.22873,0.26599,0.39042,0.40652,0.23064,0.25083,0.58369,0.59260,0.19676,0.31141,0.27291,0.39958,0.26479
612,0.34430,0.25750,0.70488,0.17973,0.87993,0.20646,0.43401,0.34655,0.10143,0.16673,0.73519,0.34435,0.81787,0.26582,0.22354,0.64111,0.37826,0.15198,0.46996,0.61290,0.54972,0.91645,0.41559,0.39555,0.39948,,0.12492,0.23401,0.70608,0.34102,0.31043,0.18061,0.31579,0.68626,0.22964,0.26640,0.39050,0.40727,0.23178,0.25126,0.58304,0.59272,0.19739,0.31115,0.27249,0.39906,0.26510
613,0.34396,0.25731,0.70511,0.17988,0.87995,0.20697,0.43332,0.34700,0.10111,0.16744,0.73549,0.34443,0.81791,0.26633,0.22381,0.64219,0.37874,0.15213,0.47005,0.61320,0.54974,0.91672,0.41550,0.39523,0.40129,,0.12500,0.23468,0.70594,0.34113,0.30804,0.18084,0.31547,0.68753,0.22999,0.26646,0.39086,0.40764,0.23248,0.25186,0.58244,0.59292,0.19788,0.31086,0.27215,0.39777,0.26556
614,0.34351,0.25722,0.70482,0.17997,0.87968,0.20723,0.43276,0.34676,0.10094,0.16788,0.73559,0.34410,0.81789,0.26650,0.22428,0.64277,0.38005,0.15239,0.46970,0.61379,0.54978,0.91708,0.41538,0.39513,0.40182,,0.12530,0.23541,0.70607,0.34157,0.30659,0.18135,0.31523,0.68820,0.23020,0.26652,0.39134,0.40807,0.23256,0.25259,0.58193,0.59298,0.19827,0.31032,0.27207,0.39665,0.26587
615,0.34322,0.25723,0.70420,0.18005,0.87909,0.20745,0.43238,0.34611,0.10086,0.16816,0.73545,0.34360,0.81779,0.26645,0.22483,0.64278,0.38137,0.15264,0.46917,0.61468,0.54965,0.91751,0.41556,0.39569,0.40087,,0.12578,0.23616,0.70679,0.34201,0.30686,0.18193,0.31509,0.68822,0.23046,0.26652,0.39174,0.40867,0.23215,0.25328,0.58136,0.59283,0.19843,0.30961,0.27235,0.39595,0.26592
616,0.34327,0.25728,0.70356,0.18019,0.87832,0.20799,0.43207,0.34553,0.10076,0.16848,0.73511,0.34329,0.81763,0.26643,0.22526,0.64225,0.38193,0.15273,0.46876,0.61566,0.54913,0.91783,0.41627,0.39720,0.39876,,0.12638,0.23693,0.70813,0.34217,0.30879,0.18238,0.31499,0.68778,0.23085,0.26633,0.39190,0.40948,0.23159,0.25374,0.58061,0.59251,0.19825,0.30900,0.27304,0.39580,0.26576
617,0.34315,0.25737,0.70313,0.18025,0.87762,0.20859,0.43163,0.34539,0.10051,0.16915,0.73476,0.34331,0.81742,0.26664,0.22555,0.64157,0.38217,0.15274,0.46890,0.61638,0.54827,0.91796,0.41689,0.39922,0.39585,,0.12726,0.23759,0.70895,0.34211,0.31056,0.18268,0.31508,0.68736,0.23118,0.26640,0.39208,0.41039,0.23157,0.25407,0.57997,0.59243,0.19799,0.30910,0.27422,0.39665,0.26574
618,0.34314,0.25751,0.70282,0.18031,0.87694,0.20879,0.43117,0.34548,0.10019,0.17029,0.73438,0.34368,0.81725,0.26693,0.22578,0.64082,0.38213,0.15283,0.46934,0.61654,0.54737,0.91787,0.41708,0.40084,0.39331,,0.12852,0.23824,0.70894,0.34212,0.31133,0.18302,0.31535,0.68681,0.23141,0.26668,0.39221,0.41116,0.23216,0.25425,0.57960,0.59221,0.19788,0.30992,0.27536,0.39825,0.26589
619,0.34336,0.25767,0.70258,0.18042,0.87620,0.20845,0.43081,0.34556,0.09990,0.17181,0.73388,0.34447,0.81720,0.26721,0.22604,0.64006,0.38154,0.15296,0.46963,0.61609,0.54675,0.91753,0.41684,0.40149,0.39240,,0.13007,0.23903,0.70835,0.34240,0.31108,0.18349,0.31572,0.68604,0.23150,0.26703,0.39212,0.41169,0.23319,0.25420,0.57946,0.59145,0.19803,0.31117,0.27595,0.40001,0.26623
620,0.34343,0.25773,0.70254,0.18048,0.87530,0.20830,0.43063,0.34536,0.09962,0.17333,0.73284,0.34605,0.81730,0.26767,0.22632,0.63939,0.37917,0.15272,0.46912,0.61549,0.54676,0.91702,0.41691,0.40135,0.39519,,0.13163,0.24020,0.70854,0.34305,0.31145,0.18397,0.31592,0.68526,0.23139,0.26717,0.39143,0.41246,0.23423,0.25360,0.57914,0.58958,0.19825,0.31202,0.27554,0.40065,0.26686
621,0.34311,0.25772,0.70260,0.18049,0.87468,0.20832,0.43082,0.34513,0.09945,0.17437,0.73173,0.34768,0.81735,0.26828,0.22680,0.63912,0.37655,0.15243,0.46818,0.61500,0.54695,0.91648,0.41734,0.40078,0.39795,,0.13229,0.24125,0.70890,0.34367,0.31184,0.18440,0.31604,0.68534,0.23103,0.26740,0.39051,0.41272,0.23523,0.25351,0.57870,0.58775,0.19876,0.31274,0.27508,0.40077,0.26765
622,0.34246,0.25772,0.70271,0.18050,0.87446,0.20845,0.43133,0.34496,0.09934,0.17466,0.73073,0.34883,0.81722,0.26899,0.22750,0.63931,0.37452,0.15227,0.46727,0.61463,0.54705,0.91610,0.41811,0.40025,0.39852,,0.13181,0.24206,0.70894,0.34417,0.31213,0.18478,0.31606,0.68639,0.23072,0.26784,0.38992,0.41221,0.23615,0.25423,0.57817,0.58690,0.19961,0.31345,0.27536,0.40085,0.26851
623,0.34195,0.25800,0.70283,0.18065,0.87447,0.20851,0.43171,0.34482,0.09909,0.17420,0.72980,0.34903,0.81683,0.26970,0.22823,0.63979,0.37323,0.15230,0.46710,0.61414,0.54687,0.91620,0.41907,0.40065,0.39592,,0.13067,0.24298,0.70811,0.34481,0.31272,0.18521,0.31577,0.68755,0.23127,0.26840,0.39064,0.41138,0.23683,0.25513,0.57750,0.58804,0.20069,0.31413,0.27741,0.40140,0.26944
624,0.34181,0.25829,0.70292,0.18078,0.87435,0.20896,0.43187,0.34417,0.09881,0.17347,0.72898,0.34897,0.81653,0.27005,0.22881,0.64028,0.37243,0.15250,0.46714,0.61371,0.54673,0.91646,0.42026,0.40106,0.39413,,0.12988,0.24387,0.70762,0.34520,0.31370,0.18565,0.31504,0.68818,0.23205,0.26868,0.39208,0.41024,0.23737,0.25573,0.57692,0.59006,0.20132,0.31450,0.27924,0.40118,0.27008
625,0.34188,0.25856,0.70291,0.18085,0.87410,0.20985,0.43186,0.34300,0.09865,0.17286,0.72836,0.34932,0.81646,0.26992,0.22929,0.64059,0.37200,0.15282,0.46702,0.61342,0.54673,0.91653,0.42151,0.40073,0.39483,,0.12992,0.24437,0.70789,0.34522,0.31473,0.18596,0.31413,0.68831,0.23232,0.26856,0.39364,0.40904,0.23776,0.25616,0.57685,0.59163,0.20121,0.31454,0.27996,0.40000,0.27024
626,0.34170,0.25890,0.70267,0.18089,0.87394,0.21093,0.43192,0.34168,0.09876,0.17276,0.72807,0.35074,0.81661,0.26938,0.22981,0.64060,0.37182,0.15316,0.46637,0.61330,0.54686,0.91605,0.42252,0.39901,0.39823,,0.13093,0.24401,0.70886,0.34490,0.31512,0.18595,0.31350,0.68845,0.23121,0.26810,0.39462,0.40814,0.23804,0.25693,0.57782,0.59124,0.20036,0.31439,0.27933,0.39836,0.26993
627,0.34131,0.25933,0.70191,0.18097,0.87390,0.21108,0.43189,0.34119,0.09869,0.17326,0.72791,0.35224,0.81665,0.26892,0.23008,0.64002,0.37123,0.15344,0.46587,0.61265,0.54660,0.91522,0.42321,0.39795,0.39949,,0.13230,0.24336,0.70823,0.34507,0.31539,0.18546,0.31310,0.68806,0.23061,0.26784,0.39596,0.40851,0.23844,0.25813,0.57892,0.59044,0.20021,0.31419,0.28009,0.39867,0.26977
628,0.34099,0.25984,0.70096,0.18108,0.87385,0.21065,0.43172,0.34135,0.09844,0.17409,0.72777,0.35366,0.81659,0.26878,0.23020,0.63899,0.37082,0.15367,0.46541,0.61169,0.54608,0.91435,0.42360,0.39750,0.39943,,0.13337,0.24296,0.70642,0.34573,0.31515,0.18488,0.31300,0.68757,0.23069,0.26795,0.39743,0.40956,0.23883,0.25932,0.57981,0.58963,0.20044,0.31402,0.28195,0.40017,0.26997
629,0.34099,0.26036,0.70030,0.18115,0.87362,0.21038,0.43139,0.34162,0.09811,0.17494,0.72760,0.35502,0.81652,0.26911,0.23039,0.63778,0.37138,0.15392,0.46471,0.61081,0.54557,0.91373,0.42370,0.39701,0.40034,,0.13364,0.24326,0.70461,0.34661,0.31392,0.18471,0.31321,0.68762,0.23109,0.26846,0.39856,0.41037,0.23902,0.25995,0.58033,0.58891,0.20030,0.31394,0.28376,0.40126,0.27057
630,0.34062,0.26072,0.69995,0.18118,0.87318,0.21069,0.43098,0.34165,0.09764,0.17587,0.72731,0.35644,0.81646,0.26984,0.23074,0.63642,0.37304,0.15416,0.46368,0.61006,0.54522,0.91328,0.42300,0.39571,0.40326,,0.13331,0.24404,0.70322,0.34752,0.31219,0.18483,0.31348,0.68850,0.23107,0.26900,0.39957,0.41107,0.23909,0.26010,0.58064,0.58823,0.19971,0.31392,0.28490,0.40138,0.27147
631,0.34030,0.26101,0.69983,0.18115,0.87260,0.21097,0.43068,0.34155,0.09722,0.17641,0.72679,0.35727,0.81632,0.27055,0.23117,0.63562,0.37458,0.15452,0.46289,0.60942,0.54488,0.91302,0.42246,0.39435,0.40598,,0.13292,0.24499,0.70229,0.34821,0.31020,0.18520,0.31360,0.68920,0.23100,0.26952,0.40011,0.41130,0.23937,0.26022,0.58078,0.58785,0.19929,0.31391,0.28561,0.40111,0.27222
632,0.34034,0.26131,0.69983,0.18113,0.87196,0.21077,0.43059,0.34145,0.09697,0.17635,0.72604,0.35719,0.81607,0.27098,0.23164,0.63567,0.37518,0.15508,0.46271,0.60889,0.54445,0.91300,0.42278,0.39350,0.40699,,0.13282,0.24589,0.70173,0.34857,0.30813,0.18576,0.31346,0.68914,0.23118,0.27003,0.40008,0.41089,0.24003,0.26061,0.58077,0.58786,0.19940,0.31387,0.28618,0.40097,0.27259
633,0.34041,0.26153,0.69990,0.18126,0.87124,0.21045,0.43063,0.34145,0.09672,0.17616,0.72520,0.35681,0.81583,0.27139,0.23217,0.63570,0.37540,0.15569,0.46281,0.60864,0.54409,0.91335,0.42360,0.39280,0.40749,,0.13282,0.24682,0.70137,0.34874,0.30602,0.18634,0.31322,0.68903,0.23148,0.27047,0.39991,0.41020,0.24073,0.26107,0.58070,0.58802,0.19959,0.31381,0.28663,0.40092,0.27283
634,0.34023,0.26164,0.70001,0.18139,0.87053,0.21023,0.43064,0.34133,0.09648,0.17617,0.72436,0.35654,0.81562,0.27178,0.23261,0.63584,0.37535,0.15616,0.46283,0.60864,0.54386,0.91370,0.42459,0.39259,0.40727,,0.13306,0.24777,0.70125,0.34887,0.30452,0.18683,0.31294,0.68899,0.23181,0.27095,0.39979,0.40966,0.24138,0.26161,0.58031,0.58794,0.19983,0.31379,0.28716,0.40075,0.27300
635,0.33987,0.26162,0.70013,0.18145,0.86984,0.21015,0.43054,0.34102,0.09624,0.17651,0.72357,0.35653,0.81543,0.27212,0.23295,0.63610,0.37510,0.15643,0.46267,0.60873,0.54374,0.91391,0.42556,0.39294,0.40640,,0.13354,0.24874,0.70144,0.34899,0.30381,0.18724,0.31263,0.68902,0.23218,0.27149,0.39979,0.40943,0.24198,0.26223,0.57957,0.58745,0.20009,0.31381,0.28788,0.40040,0.27311
636,0.34003,0.26148,0.70021,0.18148,0.86912,0.21012,0.43042,0.34062,0.09599,0.17707,0.72282,0.35660,0.81526,0.27241,0.23335,0.63639,0.37462,0.15660,0.46251,0.60857,0.54368,0.91409,0.42650,0.39366,0.40517,,0.13417,0.24974,0.70198,0.34902,0.30353,0.18768,0.31229,0.68892,0.23269,0.27202,0.39988,0.40933,0.24255,0.26290,0.57874,0.58654,0.20037,0.31386,0.28879,0.39997,0.27310
637,0.34003,0.26138,0.70025,0.18153,0.86842,0.21019,0.43024,0.34022,0.09577,0.17774,0.72210,0.35683,0.81509,0.27271,0.23376,0.63659,0.37406,0.15668,0.46235,0.60844,0.54373,0.91420,0.42733,0.39448,0.40406,,0.13487,0.25066,0.70270,0.34902,0.30354,0.18810,0.31196,0.68877,0.23326,0.27243,0.39992,0.40946,0.24301,0.26347,0.57797,0.58587,0.20059,0.31389,0.28962,0.39966,0.27315
638,0.33972,0.26139,0.70021,0.18161,0.86773,0.21036,0.43003,0.33985,0.09558,0.17846,0.72143,0.35715,0.81489,0.27302,0.23416,0.63675,0.37345,0.15676,0.46224,0.60836,0.54378,0.91430,0.42806,0.39519,0.40325,,0.13556,0.25150,0.70337,0.34906,0.30371,0.18851,0.31163,0.68863,0.23379,0.27265,0.39994,0.40980,0.24342,0.26389,0.57732,0.58562,0.20077,0.31393,0.29028,0.39955,0.27330
639,0.33926,0.26150,0.70010,0.18174,0.86704,0.21058,0.42984,0.33951,0.09543,0.17921,0.72081,0.35744,0.81464,0.27333,0.23452,0.63704,0.37279,0.15695,0.46229,0.60826,0.54363,0.91451,0.42883,0.39568,0.40275,,0.13621,0.25228,0.70380,0.34920,0.30392,0.18888,0.31132,0.68859,0.23417,0.27269,0.40007,0.41028,0.24394,0.26421,0.57675,0.58566,0.20098,0.31402,0.29080,0.39967,0.27353
640,0.33923,0.26161,0.69994,0.18183,0.86643,0.21080,0.42971,0.33920,0.09527,0.17992,0.72022,0.35777,0.81440,0.27368,0.23500,0.63712,0.37211,0.15706,0.46238,0.60832,0.54338,0.91466,0.42945,0.39600,0.40248,,0.13676,0.25298,0.70413,0.34938,0.30414,0.18926,0.31105,0.68869,0.23457,0.27275,0.40023,0.41068,0.24447,0.26456,0.57632,0.58556,0.20119,0.31417,0.29135,0.39976,0.27378
641,0.33933,0.26173,0.69977,0.18192,0.86585,0.21105,0.42958,0.33890,0.09512,0.18061,0.71966,0.35814,0.81419,0.27404,0.23554,0.63701,0.37150,0.15717,0.46246,0.60843,0.54310,0.91473,0.42990,0.39620,0.40244,,0.13725,0.25361,0.70442,0.34956,0.30438,0.18961,0.31081,0.68886,0.23495,0.27291,0.40035,0.41096,0.24493,0.26493,0.57600,0.58536,0.20141,0.31436,0.29188,0.39982,0.27399
642,0.33910,0.26192,0.69959,0.18201,0.86526,0.21139,0.42940,0.33863,0.09497,0.18132,0.71911,0.35858,0.81400,0.27438,0.23607,0.63686,0.37103,0.15737,0.46247,0.60845,0.54281,0.91472,0.43023,0.39630,0.40266,,0.13769,0.25417,0.70465,0.34971,0.30466,0.18988,0.31057,0.68900,0.23523,0.27316,0.40039,0.41114,0.24530,0.26528,0.57572,0.58523,0.20163,0.31455,0.29230,0.39991,0.27413
643,0.33874,0.26217,0.69940,0.18210,0.86471,0.21171,0.42929,0.33843,0.09479,0.18205,0.71857,0.35907,0.81389,0.27475,0.23657,0.63662,0.37059,0.15747,0.46249,0.60848,0.54254,0.91461,0.43059,0.39640,0.40298,,0.13817,0.25470,0.70471,0.35004,0.30476,0.19009,0.31027,0.68903,0.23543,0.27334,0.40044,0.41131,0.24573,0.26571,0.57547,0.58506,0.20185,0.31462,0.29264,0.39998,0.27435
644,0.33834,0.26238,0.69919,0.18217,0.86421,0.21203,0.42917,0.33826,0.09465,0.18276,0.71806,0.35963,0.81378,0.27513,0.23706,0.63631,0.37024,0.15755,0.46252,0.60850,0.54225,0.91449,0.43093,0.39648,0.40329,,0.13861,0.25521,0.70459,0.35039,0.30484,0.19027,0.31000,0.68904,0.23562,0.27346,0.40046,0.41152,0.24617,0.26614,0.57522,0.58492,0.20205,0.31465,0.29295,0.40001,0.27459
645,0.33798,0.26252,0.69894,0.18221,0.86373,0.21234,0.42899,0.33808,0.09453,0.18345,0.71760,0.36024,0.81365,0.27552,0.23755,0.63598,0.36999,0.15765,0.46252,0.60848,0.54191,0.91440,0.43126,0.39651,0.40351,,0.13895,0.25571,0.70440,0.35068,0.30503,0.19048,0.30978,0.68911,0.23581,0.27358,0.40050,0.41176,0.24658,0.26652,0.57499,0.58486,0.20224,0.31472,0.29325,0.40002,0.27479
646,0.33788,0.26274,0.69858,0.18235,0.86331,0.21267,0.42887,0.33789,0.09432,0.18411,0.71716,0.36079,0.81348,0.27592,0.23801,0.63575,0.36972,0.15775,0.46257,0.60839,0.54145,0.91430,0.43165,0.39649,0.40370,,0.13928,0.25622,0.70441,0.35092,0.30526,0.19074,0.30964,0.68938,0.23600,0.27378,0.40085,0.41192,0.24697,0.26693,0.57481,0.58466,0.20243,0.31482,0.29359,0.40008,0.27501
647,0.33777,0.26296,0.69823,0.18252,0.86298,0.21299,0.42878,0.33772,0.09409,0.18476,0.71673,0.36135,0.81336,0.27629,0.23846,0.63564,0.36942,0.15787,0.46252,0.60831,0.54100,0.91418,0.43205,0.39645,0.40388,,0.13958,0.25670,0.70445,0.35111,0.30548,0.19099,0.30949,0.68963,0.23616,0.27396,0.40128,0.41204,0.24734,0.26738,0.57465,0.58433,0.20260,0.31493,0.29397,0.40019,0.27523
648,0.33751,0.26315,0.69796,0.18263,0.86266,0.21326,0.42869,0.33757,0.09390,0.18545,0.71628,0.36193,0.81328,0.27663,0.23892,0.63565,0.36909,0.15800,0.46233,0.60832,0.54064,0.91408,0.43246,0.39639,0.40409,,0.13986,0.25714,0.70445,0.35124,0.30561,0.19122,0.30927,0.68986,0.23632,0.27410,0.40166,0.41217,0.24771,0.26787,0.57448,0.58393,0.20275,0.31501,0.29440,0.40030,0.27544
649,0.33710,0.26336,0.69779,0.18261,0.86208,0.21352,0.42852,0.33733,0.09371,0.18616,0.71573,0.36245,0.81311,0.27697,0.23937,0.63580,0.36880,0.15813,0.46212,0.60848,0.54038,0.91404,0.43289,0.39637,0.40431,,0.14015,0.25755,0.70442,0.35140,0.30561,0.19146,0.30892,0.69029,0.23651,0.27428,0.40196,0.41235,0.24815,0.26831,0.57422,0.58363,0.20295,0.31507,0.29485,0.40033,0.27558
650,0.33698,0.26350,0.69765,0.18266,0.86150,0.21379,0.42834,0.33708,0.09357,0.18687,0.71517,0.36299,0.81295,0.27733,0.23983,0.63581,0.36849,0.15826,0.46191,0.60854,0.54036,0.91405,0.43334,0.39646,0.40456,,0.14047,0.25804,0.70456,0.35153,0.30558,0.19167,0.30855,0.69053,0.23673,0.27455,0.40217,0.41252,0.24853,0.26871,0.57395,0.58335,0.20310,0.31511,0.29532,0.40034,0.27576
651,0.33709,0.26358,0.69750,0.18279,0.86094,0.21407,0.42819,0.33685,0.09344,0.18755,0.71462,0.36355,0.81280,0.27770,0.24029,0.63562,0.36816,0.15838,0.46171,0.60843,0.54042,0.91406,0.43384,0.39657,0.40479,,0.14080,0.25858,0.70470,0.35165,0.30557,0.19187,0.30821,0.69067,0.23699,0.27486,0.40234,0.41267,0.24888,0.26909,0.57370,0.58309,0.20321,0.31516,0.29585,0.40037,0.27600
652,0.33709,0.26371,0.69733,0.18292,0.86033,0.21435,0.42813,0.33664,0.09330,0.18820,0.71410,0.36410,0.81265,0.27807,0.24073,0.63537,0.36782,0.15850,0.46154,0.60818,0.54026,0.91403,0.43443,0.39651,0.40489,,0.14110,0.25914,0.70447,0.35182,0.30557,0.19208,0.30797,0.69103,0.23728,0.27504,0.40257,0.41279,0.24930,0.26950,0.57344,0.58291,0.20330,0.31526,0.29642,0.40045,0.27630
653,0.33680,0.26383,0.69715,0.18298,0.85983,0.21461,0.42803,0.33639,0.09321,0.18880,0.71356,0.36460,0.81242,0.27844,0.24117,0.63519,0.36748,0.15865,0.46138,0.60804,0.54018,0.91393,0.43498,0.39643,0.40500,,0.14143,0.25971,0.70423,0.35208,0.30550,0.19233,0.30773,0.69133,0.23757,0.27518,0.40283,0.41287,0.24967,0.26990,0.57328,0.58279,0.20338,0.31530,0.29690,0.40059,0.27660
654,0.33643,0.26392,0.69697,0.18300,0.85934,0.21485,0.42792,0.33618,0.09312,0.18939,0.71305,0.36506,0.81218,0.27882,0.24159,0.63507,0.36722,0.15882,0.46124,0.60791,0.53996,0.91376,0.43551,0.39643,0.40509,,0.14176,0.26027,0.70402,0.35237,0.30532,0.19261,0.30748,0.69145,0.23780,0.27534,0.40314,0.41292,0.25003,0.27029,0.57312,0.58262,0.20345,0.31527,0.29733,0.40068,0.27685
655,0.33617,0.26395,0.69683,0.18306,0.85872,0.21508,0.42784,0.33604,0.09297,0.19002,0.71256,0.36551,0.81204,0.27923,0.24199,0.63499,0.36703,0.15903,0.46113,0.60763,0.53939,0.91354,0.43604,0.39655,0.40512,,0.14211,0.26083,0.70382,0.35261,0.30505,0.19289,0.30722,0.69136,0.23793,0.27558,0.40351,0.41298,0.25045,0.27068,0.57288,0.58231,0.20351,0.31519,0.29780,0.40062,0.27701
656,0.33555,0.26397,0.69665,0.18322,0.85809,0.21530,0.42775,0.33574,0.09288,0.19070,0.71203,0.36601,0.81188,0.27958,0.24245,0.63498,0.36668,0.15918,0.46100,0.60738,0.53867,0.91346,0.43650,0.39668,0.40509,,0.14251,0.26139,0.70374,0.35268,0.30496,0.19316,0.30694,0.69131,0.23813,0.27583,0.40373,0.41316,0.25087,0.27111,0.57255,0.58191,0.20354,0.31512,0.29828,0.40059,0.27713
657,0.33525,0.26396,0.69640,0.18332,0.85744,0.21555,0.42760,0.33535,0.09281,0.19138,0.71144,0.36654,0.81169,0.27991,0.24298,0.63490,0.36630,0.15929,0.46084,0.60712,0.53856,0.91348,0.43697,0.39669,0.40514,,0.14295,0.26195,0.70392,0.35277,0.30498,0.19340,0.30661,0.69138,0.23843,0.27609,0.40381,0.41339,0.25131,0.27151,0.57224,0.58159,0.20357,0.31510,0.29877,0.40055,0.27727
658,0.33552,0.26394,0.69614,0.18327,0.85682,0.21583,0.42739,0.33499,0.09273,0.19198,0.71085,0.36705,0.81149,0.28021,0.24352,0.63468,0.36595,0.15939,0.46061,0.60685,0.53921,0.91349,0.43750,0.39656,0.40536,,0.14333,0.26247,0.70426,0.35299,0.30498,0.19360,0.30622,0.69154,0.23876,0.27629,0.40383,0.41353,0.25171,0.27186,0.57200,0.58143,0.20361,0.31515,0.29921,0.40049,0.27743
659,0.33539,0.26397,0.69602,0.18328,0.85631,0.21605,0.42728,0.33475,0.09265,0.19260,0.71038,0.36747,0.81137,0.28049,0.24388,0.63442,0.36553,0.15954,0.46030,0.60660,0.53925,0.91340,0.43806,0.39643,0.40563,,0.14360,0.26292,0.70403,0.35319,0.30473,0.19385,0.30579,0.69157,0.23898,0.27636,0.40395,0.41353,0.25203,0.27228,0.57174,0.58123,0.20361,0.31520,0.29970,0.40050,0.27758
660,0.33508,0.26400,0.69593,0.18336,0.85582,0.21626,0.42721,0.33455,0.09254,0.19316,0.70986,0.36787,0.81129,0.28079,0.24426,0.63435,0.36508,0.15972,0.46005,0.60641,0.53907,0.91329,0.43856,0.39625,0.40582,,0.14382,0.26329,0.70376,0.35339,0.30451,0.19407,0.30541,0.69161,0.23922,0.27652,0.40414,0.41344,0.25231,0.27262,0.57152,0.58100,0.20362,0.31520,0.30019,0.40047,0.27773
661,0.33477,0.26404,0.69580,0.18348,0.85533,0.21648,0.42714,0.33433,0.09241,0.19366,0.70928,0.36828,0.81119,0.28113,0.24472,0.63442,0.36466,0.15991,0.45991,0.60632,0.53889,0.91319,0.43897,0.39606,0.40590,,0.14401,0.26360,0.70366,0.35357,0.30441,0.19427,0.30509,0.69165,0.23953,0.27677,0.40435,0.41331,0.25256,0.27285,0.57133,0.58075,0.20364,0.31514,0.30066,0.40042,0.27788
662,0.33480,0.26417,0.69563,0.18355,0.85490,0.21670,0.42701,0.33414,0.09231,0.19416,0.70885,0.36865,0.81107,0.28145,0.24510,0.63428,0.36435,0.16004,0.45987,0.60633,0.53878,0.91306,0.43926,0.39607,0.40596,,0.14418,0.26395,0.70370,0.35369,0.30431,0.19443,0.30483,0.69155,0.23977,0.27679,0.40439,0.41323,0.25279,0.27310,0.57117,0.58048,0.20359,0.31507,0.30096,0.40049,0.27802
663,0.33456,0.26425,0.69548,0.18360,0.85448,0.21688,0.42688,0.33391,0.09226,0.19464,0.70842,0.36899,0.81094,0.28177,0.24548,0.63402,0.36410,0.16016,0.45979,0.60623,0.53863,0.91295,0.43954,0.39616,0.40598,,0.14436,0.26430,0.70379,0.35375,0.30419,0.19458,0.30457,0.69154,0.24001,0.27683,0.40455,0.41329,0.25296,0.27329,0.57097,0.58028,0.20356,0.31505,0.30120,0.40051,0.27809
664,0.33420,0.26432,0.69532,0.18364,0.85407,0.21703,0.42679,0.33367,0.09218,0.19513,0.70795,0.36932,0.81080,0.28208,0.24588,0.63372,0.36392,0.16027,0.45964,0.60599,0.53844,0.91293,0.43990,0.39627,0.40598,,0.14453,0.26460,0.70383,0.35377,0.30405,0.19473,0.30432,0.69164,0.24024,0.27691,0.40474,0.41343,0.25309,0.27348,0.57075,0.58017,0.20355,0.31506,0.30142,0.40051,0.27811
665,0.33417,0.26451,0.69511,0.18368,0.85365,0.21718,0.42671,0.33349,0.09202,0.19565,0.70746,0.36966,0.81066,0.28238,0.24629,0.63353,0.36378,0.16034,0.45951,0.60574,0.53831,0.91303,0.44038,0.39633,0.40600,,0.14462,0.26480,0.70376,0.35374,0.30389,0.19485,0.30406,0.69179,0.24039,0.27697,0.40476,0.41352,0.25323,0.27382,0.57056,0.58011,0.20356,0.31504,0.30162,0.40058,0.27815
666,0.33384,0.26466,0.69491,0.18374,0.85327,0.21734,0.42661,0.33325,0.09193,0.19612,0.70705,0.36999,0.81053,0.28267,0.24668,0.63355,0.36358,0.16042,0.45933,0.60551,0.53811,0.91298,0.44079,0.39621,0.40597,,0.14468,0.26504,0.70362,0.35369,0.30365,0.19499,0.30377,0.69186,0.24043,0.27697,0.40475,0.41356,0.25335,0.27413,0.57045,0.57995,0.20354,0.31500,0.30182,0.40064,0.27812
667,0.33354,0.26476,0.69473,0.18385,0.85291,0.21750,0.42650,0.33300,0.09186,0.19656,0.70666,0.37032,0.81042,0.28296,0.24702,0.63366,0.36335,0.16050,0.45914,0.60539,0.53787,0.91281,0.44113,0.39608,0.40594,,0.14471,0.26530,0.70342,0.35367,0.30344,0.19513,0.30345,0.69182,0.24051,0.27695,0.40477,0.41357,0.25348,0.27435,0.57033,0.57972,0.20352,0.31493,0.30202,0.40066,0.27809
668,0.33364,0.26484,0.69455,0.18398,0.85254,0.21770,0.42639,0.33282,0.09175,0.19700,0.70618,0.37065,0.81031,0.28328,0.24734,0.63368,0.36315,0.16057,0.45895,0.60543,0.53766,0.91265,0.44142,0.39607,0.40599,,0.14476,0.26551,0.70317,0.35371,0.30334,0.19523,0.30314,0.69172,0.24073,0.27698,0.40488,0.41358,0.25366,0.27448,0.57013,0.57948,0.20353,0.31484,0.30222,0.40062,0.27810
669,0.33348,0.26498,0.69437,0.18402,0.85219,0.21785,0.42631,0.33259,0.09164,0.19743,0.70571,0.37098,0.81015,0.28356,0.24773,0.63358,0.36298,0.16065,0.45876,0.60535,0.53750,0.91282,0.44158,0.39602,0.40612,,0.14486,0.26574,0.70313,0.35389,0.30320,0.19537,0.30295,0.69185,0.24096,0.27702,0.40512,0.41354,0.25381,0.27473,0.56998,0.57922,0.20354,0.31477,0.30239,0.40058,0.27804
670,0.33327,0.26512,0.69421,0.18406,0.85184,0.21797,0.42621,0.33236,0.09154,0.19785,0.70526,0.37130,0.81007,0.28383,0.24816,0.63339,0.36284,0.16074,0.45857,0.60520,0.53732,0.91297,0.44175,0.39601,0.40619,,0.14497,0.26597,0.70314,0.35403,0.30303,0.19554,0.30279,0.69197,0.24115,0.27710,0.40536,0.41343,0.25396,0.27504,0.56982,0.57898,0.20351,0.31467,0.30258,0.40054,0.27801
671,0.33312,0.26523,0.69407,0.18413,0.85148,0.21808,0.42608,0.33217,0.09144,0.19831,0.70483,0.37162,0.81008,0.28413,0.24859,0.63319,0.36272,0.16081,0.45838,0.60505,0.53712,0.91289,0.44203,0.39611,0.40615,,0.14505,0.26618,0.70303,0.35403,0.30286,0.19572,0.30260,0.69190,0.24131,0.27721,0.40552,0.41328,0.25411,0.27533,0.56959,0.57878,0.20346,0.31455,0.30284,0.40050,0.27807
672,0.33269,0.26536,0.69390,0.18421,0.85117,0.21822,0.42600,0.33197,0.09132,0.19884,0.70439,0.37198,0.80998,0.28448,0.24896,0.63309,0.36264,0.16091,0.45812,0.60498,0.53707,0.91274,0.44236,0.39623,0.40614,,0.14516,0.26637,0.70277,0.35395,0.30271,0.19583,0.30230,0.69172,0.24151,0.27722,0.40559,0.41320,0.25417,0.27557,0.56929,0.57854,0.20343,0.31445,0.30321,0.40055,0.27821
673,0.33243,0.26550,0.69373,0.18431,0.85075,0.21837,0.42592,0.33177,0.09119,0.19938,0.70398,0.37236,0.80983,0.28482,0.24935,0.63300,0.36247,0.16103,0.45783,0.60492,0.53702,0.91264,0.44276,0.39627,0.40612,,0.14529,0.26661,0.70250,0.35389,0.30253,0.19592,0.30194,0.69166,0.24163,0.27721,0.40570,0.41324,0.25429,0.27584,0.56896,0.57835,0.20342,0.31439,0.30364,0.40060,0.27830
674,0.33238,0.26561,0.69354,0.18444,0.85025,0.21854,0.42582,0.33157,0.09108,0.19990,0.70357,0.37273,0.80965,0.28513,0.24976,0.63288,0.36219,0.16116,0.45753,0.60483,0.53688,0.91258,0.44317,0.39624,0.40610,,0.14541,0.26691,0.70236,0.35390,0.30232,0.19601,0.30160,0.69176,0.24170,0.27724,0.40592,0.41337,0.25451,0.27616,0.56864,0.57820,0.20342,0.31438,0.30406,0.40062,0.27833
675,0.33205,0.26568,0.69331,0.18452,0.84993,0.21876,0.42571,0.33131,0.09099,0.20038,0.70308,0.37314,0.80944,0.28544,0.25015,0.63269,0.36184,0.16122,0.45729,0.60478,0.53661,0.91244,0.44347,0.39624,0.40611,,0.14545,0.26727,0.70242,0.35397,0.30213,0.19614,0.30132,0.69176,0.24186,0.27742,0.40620,0.41346,0.25478,0.27653,0.56841,0.57800,0.20344,0.31438,0.30433,0.40059,0.27838
676,0.33174,0.26582,0.69313,0.18461,0.84955,0.21897,0.42561,0.33102,0.09094,0.20091,0.70259,0.37352,0.80921,0.28573,0.25061,0.63264,0.36152,0.16129,0.45701,0.60475,0.53630,0.91234,0.44383,0.39628,0.40616,,0.14560,0.26760,0.70255,0.35403,0.30193,0.19630,0.30114,0.69189,0.24206,0.27760,0.40641,0.41344,0.25499,0.27684,0.56821,0.57779,0.20344,0.31436,0.30460,0.40056,0.27842
677,0.33149,0.26599,0.69294,0.18471,0.84909,0.21918,0.42552,0.33073,0.09091,0.20149,0.70211,0.37393,0.80899,0.28604,0.25110,0.63267,0.36126,0.16139,0.45671,0.60473,0.53604,0.91229,0.44428,0.39635,0.40625,,0.14584,0.26788,0.70265,0.35408,0.30175,0.19650,0.30100,0.69208,0.24230,0.27774,0.40656,0.41338,0.25522,0.27712,0.56804,0.57759,0.20344,0.31436,0.30492,0.40056,0.27846
678,0.33126,0.26610,0.69263,0.18482,0.84861,0.21946,0.42540,0.33048,0.09087,0.20212,0.70163,0.37443,0.80884,0.28644,0.25159,0.63256,0.36100,0.16156,0.45647,0.60469,0.53585,0.91220,0.44473,0.39645,0.40636,,0.14607,0.26815,0.70264,0.35415,0.30169,0.19675,0.30084,0.69216,0.24257,0.27785,0.40674,0.41343,0.25559,0.27745,0.56798,0.57739,0.20344,0.31444,0.30530,0.40063,0.27855
679,0.33100,0.26625,0.69238,0.18496,0.84814,0.21978,0.42533,0.33024,0.09083,0.20285,0.70114,0.37499,0.80870,0.28685,0.25209,0.63233,0.36072,0.16171,0.45627,0.60457,0.53570,0.91216,0.44506,0.39659,0.40642,,0.14645,0.26863,0.70255,0.35425,0.30167,0.19701,0.30061,0.69217,0.24291,0.27800,0.40688,0.41352,0.25597,0.27782,0.56786,0.57709,0.20348,0.31458,0.30570,0.40066,0.27864
680,0.33102,0.26645,0.69223,0.18515,0.84767,0.22018,0.42527,0.33004,0.09082,0.20365,0.70066,0.37561,0.80854,0.28733,0.25269,0.63216,0.36045,0.16192,0.45610,0.60439,0.53551,0.91211,0.44543,0.39671,0.40649,,0.14704,0.26932,0.70250,0.35444,0.30172,0.19733,0.30038,0.69216,0.24330,0.27821,0.40706,0.41365,0.25641,0.27830,0.56770,0.57679,0.20359,0.31472,0.30621,0.40068,0.27881
681,0.33146,0.26668,0.69213,0.18540,0.84720,0.22073,0.42521,0.32989,0.09084,0.20452,0.70018,0.37630,0.80833,0.28792,0.25342,0.63224,0.36018,0.16224,0.45592,0.60417,0.53527,0.91203,0.44597,0.39676,0.40667,,0.14785,0.27017,0.70256,0.35476,0.30181,0.19777,0.30023,0.69219,0.24372,0.27848,0.40734,0.41382,0.25700,0.27894,0.56753,0.57657,0.20380,0.31480,0.30691,0.40074,0.27910
682,0.33139,0.26701,0.69200,0.18574,0.84670,0.22129,0.42524,0.32979,0.09091,0.20545,0.69966,0.37708,0.80825,0.28859,0.25426,0.63245,0.35992,0.16266,0.45579,0.60409,0.53519,0.91202,0.44656,0.39685,0.40702,,0.14887,0.27112,0.70248,0.35519,0.30187,0.19824,0.30017,0.69242,0.24426,0.27882,0.40779,0.41409,0.25778,0.27968,0.56738,0.57643,0.20410,0.31493,0.30778,0.40095,0.27953
683,0.33107,0.26741,0.69191,0.18615,0.84626,0.22196,0.42529,0.32973,0.09103,0.20650,0.69915,0.37797,0.80816,0.28935,0.25518,0.63254,0.35979,0.16314,0.45574,0.60405,0.53520,0.91205,0.44722,0.39697,0.40742,,0.15006,0.27224,0.70236,0.35576,0.30189,0.19878,0.30016,0.69282,0.24490,0.27934,0.40840,0.41450,0.25879,0.28056,0.56727,0.57630,0.20450,0.31514,0.30886,0.40125,0.28006
684,0.33084,0.26788,0.69185,0.18664,0.84594,0.22276,0.42536,0.32970,0.09121,0.20765,0.69870,0.37898,0.80798,0.29019,0.25617,0.63243,0.35981,0.16370,0.45575,0.60395,0.53524,0.91208,0.44799,0.39712,0.40780,,0.15138,0.27357,0.70226,0.35645,0.30185,0.19941,0.30018,0.69329,0.24562,0.28009,0.40914,0.41499,0.26000,0.28158,0.56723,0.57612,0.20498,0.31542,0.31013,0.40158,0.28067
685,0.33107,0.26849,0.69156,0.18728,0.84574,0.22359,0.42551,0.32974,0.09140,0.20880,0.69830,0.38007,0.80781,0.29111,0.25730,0.63246,0.35975,0.16433,0.45561,0.60375,0.53538,0.91220,0.44885,0.39729,0.40820,,0.15274,0.27501,0.70211,0.35712,0.30170,0.20015,0.30030,0.69353,0.24633,0.28099,0.40989,0.41533,0.26125,0.28266,0.56725,0.57600,0.20552,0.31576,0.31152,0.40190,0.28140
686,0.33099,0.26925,0.69097,0.18823,0.84619,0.22445,0.42574,0.32990,0.09151,0.20999,0.69803,0.38125,0.80778,0.29213,0.25839,0.63242,0.35946,0.16494,0.45532,0.60345,0.53409,0.91235,0.44963,0.39754,0.40848,,0.15422,0.27650,0.70189,0.35785,0.30162,0.20090,0.30053,0.69384,0.24705,0.28188,0.41075,0.41570,0.26263,0.28386,0.56724,0.57582,0.20612,0.31613,0.31292,0.40228,0.28212
687,0.33050,0.27013,0.69012,0.18946,0.84714,0.22541,0.42601,0.33012,0.09155,0.21137,0.69780,0.38261,0.80788,0.29330,0.25953,0.63233,0.35902,0.16554,0.45497,0.60314,0.53160,0.91252,0.45039,0.39789,0.40865,,0.15596,0.27817,0.70179,0.35869,0.30173,0.20169,0.30082,0.69432,0.24788,0.28274,0.41174,0.41623,0.26420,0.28525,0.56712,0.57559,0.20681,0.31651,0.31446,0.40275,0.28286
688,0.33040,0.27082,0.68935,0.19031,0.84737,0.22646,0.42619,0.33008,0.09174,0.21298,0.69735,0.38409,0.80797,0.29449,0.26096,0.63244,0.35882,0.16620,0.45485,0.60302,0.53085,0.91275,0.45146,0.39831,0.40883,,0.15790,0.28010,0.70228,0.35958,0.30210,0.20258,0.30096,0.69467,0.24889,0.28362,0.41260,0.41689,0.26576,0.28663,0.56689,0.57539,0.20762,0.31685,0.31625,0.40324,0.28364
689,0.33051,0.27132,0.68918,0.19082,0.84661,0.22755,0.42628,0.32996,0.09200,0.21468,0.69664,0.38545,0.80783,0.29558,0.26233,0.63239,0.35880,0.16687,0.45488,0.60282,0.53110,0.91281,0.45265,0.39874,0.40916,,0.15980,0.28199,0.70261,0.36047,0.30236,0.20344,0.30093,0.69523,0.24975,0.28444,0.41349,0.41747,0.26724,0.28796,0.56665,0.57525,0.20829,0.31724,0.31807,0.40357,0.28447
690,0.33071,0.27166,0.68947,0.19107,0.84523,0.22853,0.42628,0.32982,0.09226,0.21625,0.69581,0.38660,0.80753,0.29653,0.26352,0.63220,0.35879,0.16751,0.45490,0.60258,0.53169,0.91271,0.45381,0.39909,0.40961,,0.16155,0.28366,0.70270,0.36121,0.30241,0.20421,0.30076,0.69596,0.25048,0.28520,0.41424,0.41793,0.26861,0.28918,0.56644,0.57509,0.20879,0.31768,0.31978,0.40376,0.28528
691,0.33092,0.27191,0.68977,0.19120,0.84385,0.22936,0.42620,0.32969,0.09248,0.21770,0.69500,0.38769,0.80720,0.29742,0.26465,0.63197,0.35857,0.16811,0.45475,0.60239,0.53200,0.91252,0.45489,0.39928,0.41009,,0.16325,0.28521,0.70276,0.36175,0.30232,0.20492,0.30052,0.69673,0.25129,0.28595,0.41474,0.41833,0.26999,0.29028,0.56623,0.57479,0.20921,0.31813,0.32138,0.40393,0.28601
692,0.33096,0.27211,0.68990,0.19136,0.84260,0.23022,0.42621,0.32954,0.09259,0.21907,0.69422,0.38881,0.80692,0.29828,0.26570,0.63176,0.35828,0.16866,0.45448,0.60227,0.53204,0.91230,0.45589,0.39925,0.41053,,0.16487,0.28665,0.70268,0.36229,0.30224,0.20559,0.30020,0.69723,0.25197,0.28663,0.41530,0.41853,0.27123,0.29130,0.56606,0.57448,0.20953,0.31844,0.32279,0.40416,0.28666
693,0.33085,0.27224,0.68982,0.19164,0.84154,0.23103,0.42621,0.32932,0.09265,0.22038,0.69346,0.38990,0.80665,0.29907,0.26666,0.63160,0.35785,0.16917,0.45415,0.60205,0.53174,0.91213,0.45673,0.39915,0.41096,,0.16637,0.28798,0.70253,0.36285,0.30213,0.20618,0.29986,0.69746,0.25254,0.28725,0.41590,0.41861,0.27235,0.29227,0.56580,0.57413,0.20979,0.31858,0.32407,0.40436,0.28720
694,0.33066,0.27230,0.68957,0.19203,0.84063,0.23168,0.42611,0.32897,0.09272,0.22166,0.69265,0.39087,0.80635,0.29977,0.26758,0.63149,0.35723,0.16965,0.45381,0.60161,0.53120,0.91205,0.45741,0.39909,0.41137,,0.16779,0.28924,0.70241,0.36343,0.30193,0.20668,0.29955,0.69749,0.25304,0.28777,0.41647,0.41869,0.27341,0.29323,0.56539,0.57375,0.21002,0.31860,0.32529,0.40446,0.28762
695,0.33044,0.27232,0.68937,0.19215,0.83959,0.23235,0.42595,0.32854,0.09279,0.22295,0.69170,0.39181,0.80593,0.30046,0.26853,0.63130,0.35666,0.17013,0.45357,0.60131,0.53102,0.91179,0.45812,0.39902,0.41161,,0.16917,0.29046,0.70249,0.36381,0.30171,0.20719,0.29912,0.69754,0.25361,0.28810,0.41699,0.41875,0.27443,0.29411,0.56501,0.57339,0.21019,0.31871,0.32652,0.40443,0.28799
696,0.33016,0.27225,0.68918,0.19212,0.83844,0.23298,0.42575,0.32807,0.09285,0.22426,0.69064,0.39267,0.80552,0.30106,0.26942,0.63114,0.35609,0.17056,0.45329,0.60107,0.53117,0.91152,0.45888,0.39889,0.41179,,0.17047,0.29161,0.70255,0.36410,0.30145,0.20766,0.29855,0.69760,0.25417,0.28830,0.41740,0.41873,0.27537,0.29491,0.56459,0.57300,0.21028,0.31875,0.32765,0.40433,0.28833
697,0.32975,0.27209,0.68893,0.19208,0.83730,0.23354,0.42551,0.32757,0.09286,0.22556,0.68956,0.39344,0.80518,0.30154,0.27020,0.63103,0.35549,0.17090,0.45288,0.60085,0.53137,0.91132,0.45967,0.39871,0.41197,,0.17168,0.29266,0.70247,0.36435,0.30117,0.20805,0.29787,0.69764,0.25468,0.28844,0.41766,0.41863,0.27620,0.29565,0.56412,0.57254,0.21026,0.31865,0.32862,0.40421,0.28859
698,0.32897,0.27190,0.68849,0.19209,0.83631,0.23404,0.42524,0.32703,0.09276,0.22675,0.68858,0.39418,0.80487,0.30204,0.27092,0.63085,0.35485,0.17118,0.45231,0.60059,0.53096,0.91118,0.46030,0.39855,0.41217,,0.17287,0.29368,0.70223,0.36455,0.30091,0.20843,0.29723,0.69767,0.25516,0.28850,0.41775,0.41868,0.27689,0.29637,0.56373,0.57205,0.21013,0.31845,0.32940,0.40407,0.28868
699,0.32833,0.27169,0.68792,0.19213,0.83537,0.23448,0.42496,0.32645,0.09264,0.22793,0.68766,0.39492,0.80444,0.30251,0.27161,0.63059,0.35417,0.17140,0.45166,0.60036,0.53024,0.91120,0.46072,0.39835,0.41217,,0.17398,0.29457,0.70193,0.36465,0.30066,0.20876,0.29656,0.69775,0.25565,0.28859,0.41783,0.41878,0.27751,0.29704,0.56326,0.57156,0.20997,0.31824,0.33007,0.40388,0.28866
700,0.32788,0.27142,0.68733,0.19215,0.83441,0.23490,0.42466,0.32583,0.09252,0.22914,0.68673,0.39564,0.80392,0.30297,0.27227,0.63030,0.35343,0.17160,0.45100,0.60015,0.52946,0.91133,0.46099,0.39815,0.41195,,0.17503,0.29539,0.70163,0.36466,0.30038,0.20905,0.29579,0.69789,0.25613,0.28873,0.41788,0.41883,0.27811,0.29764,0.56272,0.57106,0.20982,0.31803,0.33071,0.40359,0.28855
701,0.32731,0.27108,0.68682,0.19209,0.83341,0.23528,0.42429,0.32512,0.09240,0.23037,0.68567,0.39628,0.80346,0.30344,0.27288,0.63017,0.35263,0.17179,0.45041,0.60001,0.52886,0.91131,0.46131,0.39803,0.41173,,0.17612,0.29623,0.70129,0.36463,0.30003,0.20939,0.29491,0.69800,0.25651,0.28891,0.41780,0.41865,0.27874,0.29818,0.56229,0.57050,0.20965,0.31774,0.33134,0.40313,0.28837
702,0.32662,0.27065,0.68627,0.19201,0.83227,0.23571,0.42393,0.32443,0.09229,0.23164,0.68450,0.39690,0.80303,0.30380,0.27346,0.62978,0.35178,0.17197,0.44976,0.59993,0.52853,0.91117,0.46165,0.39789,0.41156,,0.17707,0.29702,0.70093,0.36461,0.29961,0.20959,0.29401,0.69802,0.25683,0.28902,0.41767,0.41852,0.27929,0.29879,0.56168,0.56985,0.20938,0.31741,0.33193,0.40262,0.28818
703,0.32585,0.27017,0.68569,0.19189,0.83103,0.23612,0.42358,0.32371,0.09219,0.23286,0.68326,0.39748,0.80260,0.30408,0.27401,0.62929,0.35092,0.17216,0.44909,0.59973,0.52841,0.91099,0.46195,0.39765,0.41147,,0.17793,0.29776,0.70057,0.36457,0.29912,0.20970,0.29312,0.69802,0.25708,0.28907,0.41758,0.41845,0.27977,0.29939,0.56093,0.56919,0.20907,0.31705,0.33248,0.40214,0.28799
704,0.32501,0.26968,0.68513,0.19168,0.82983,0.23642,0.42322,0.32290,0.09205,0.23395,0.68203,0.39802,0.80215,0.30435,0.27454,0.62900,0.35006,0.17242,0.44848,0.59922,0.52832,0.91087,0.46220,0.39727,0.41142,,0.17884,0.29852,0.70024,0.36447,0.29856,0.20984,0.29220,0.69813,0.25727,0.28914,0.41762,0.41835,0.28023,0.29983,0.56017,0.56860,0.20877,0.31669,0.33305,0.40179,0.28781
705,0.32400,0.26913,0.68453,0.19149,0.82870,0.23671,0.42281,0.32212,0.09192,0.23499,0.68082,0.39861,0.80162,0.30459,0.27507,0.62873,0.34914,0.17263,0.44769,0.59864,0.52797,0.91066,0.46249,0.39675,0.41132,,0.17965,0.29931,0.69985,0.36441,0.29796,0.20997,0.29123,0.69825,0.25756,0.28917,0.41754,0.41801,0.28066,0.30026,0.55955,0.56812,0.20839,0.31628,0.33358,0.40151,0.28758
706,0.32322,0.26852,0.68393,0.19128,0.82759,0.23701,0.42236,0.32131,0.09178,0.23603,0.67964,0.39923,0.80108,0.30481,0.27562,0.62849,0.34824,0.17282,0.44682,0.59801,0.52753,0.91041,0.46288,0.39616,0.41120,,0.18044,0.30009,0.69945,0.36439,0.29735,0.21007,0.29018,0.69832,0.25788,0.28917,0.41739,0.41758,0.28103,0.30065,0.55897,0.56767,0.20795,0.31584,0.33410,0.40122,0.28732
707,0.32286,0.26786,0.68337,0.19101,0.82644,0.23734,0.42190,0.32043,0.09165,0.23707,0.67847,0.39982,0.80056,0.30502,0.27618,0.62827,0.34737,0.17301,0.44599,0.59730,0.52714,0.91018,0.46335,0.39554,0.41106,,0.18124,0.30084,0.69906,0.36438,0.29675,0.21013,0.28905,0.69834,0.25816,0.28914,0.41722,0.41719,0.28135,0.30101,0.55838,0.56714,0.20747,0.31537,0.33465,0.40086,0.28707
708,0.32218,0.26721,0.68275,0.19073,0.82525,0.23762,0.42146,0.31953,0.09157,0.23808,0.67722,0.40044,0.80001,0.30513,0.27673,0.62808,0.34642,0.17317,0.44505,0.59657,0.52669,0.91002,0.46373,0.39475,0.41099,,0.18198,0.30153,0.69864,0.36427,0.29622,0.21024,0.28803,0.69848,0.25842,0.28905,0.41713,0.41678,0.28174,0.30153,0.55779,0.56653,0.20697,0.31482,0.33518,0.40040,0.28688
709,0.32128,0.26649,0.68208,0.19048,0.82404,0.23789,0.42106,0.31860,0.09146,0.23905,0.67595,0.40107,0.79952,0.30521,0.27724,0.62772,0.34548,0.17332,0.44411,0.59599,0.52628,0.90975,0.46400,0.39393,0.41095,,0.18273,0.30217,0.69829,0.36421,0.29572,0.21031,0.28702,0.69850,0.25874,0.28895,0.41704,0.41622,0.28212,0.30208,0.55717,0.56585,0.20643,0.31426,0.33574,0.39998,0.28667
710,0.32030,0.26567,0.68139,0.19028,0.82282,0.23815,0.42068,0.31768,0.09129,0.23998,0.67470,0.40171,0.79909,0.30530,0.27773,0.62718,0.34457,0.17346,0.44319,0.59553,0.52593,0.90938,0.46417,0.39319,0.41089,,0.18355,0.30276,0.69801,0.36422,0.29519,0.21032,0.28593,0.69833,0.25913,0.28889,0.41689,0.41557,0.28245,0.30257,0.55651,0.56512,0.20584,0.31376,0.33631,0.39960,0.28645
711,0.31943,0.26478,0.68068,0.19000,0.82162,0.23844,0.42026,0.31681,0.09113,0.24096,0.67341,0.40233,0.79855,0.30535,0.27819,0.62667,0.34365,0.17355,0.44216,0.59494,0.52559,0.90916,0.46434,0.39270,0.41068,,0.18440,0.30339,0.69773,0.36414,0.29456,0.21041,0.28468,0.69813,0.25947,0.28891,0.41662,0.41508,0.28273,0.30289,0.55589,0.56443,0.20520,0.31338,0.33679,0.39911,0.28630
712,0.31833,0.26384,0.67999,0.18967,0.82047,0.23875,0.41983,0.31599,0.09103,0.24199,0.67220,0.40293,0.79784,0.30546,0.27863,0.62621,0.34261,0.17362,0.44117,0.59456,0.52523,0.90903,0.46454,0.39215,0.41035,,0.18523,0.30401,0.69730,0.36410,0.29391,0.21053,0.28342,0.69797,0.25979,0.28886,0.41645,0.41478,0.28304,0.30337,0.55529,0.56378,0.20459,0.31291,0.33717,0.39854,0.28608
713,0.31717,0.26282,0.67927,0.18933,0.81938,0.23908,0.41942,0.31517,0.09096,0.24305,0.67107,0.40352,0.79705,0.30560,0.27906,0.62572,0.34145,0.17370,0.44018,0.59433,0.52482,0.90898,0.46475,0.39149,0.41000,,0.18603,0.30466,0.69676,0.36407,0.29328,0.21066,0.28218,0.69781,0.26007,0.28873,0.41640,0.41453,0.28337,0.30395,0.55474,0.56315,0.20400,0.31233,0.33750,0.39796,0.28576
714,0.31640,0.26167,0.67841,0.18908,0.81832,0.23938,0.41904,0.31427,0.09088,0.24409,0.67001,0.40415,0.79642,0.30569,0.27945,0.62514,0.34025,0.17378,0.43908,0.59400,0.52428,0.90899,0.46486,0.39082,0.40983,,0.18685,0.30537,0.69626,0.36392,0.29263,0.21079,0.28095,0.69752,0.26024,0.28859,0.41634,0.41412,0.28369,0.30438,0.55427,0.56249,0.20335,0.31179,0.33784,0.39745,0.28533
715,0.31554,0.26056,0.67755,0.18884,0.81741,0.23967,0.41869,0.31340,0.09077,0.24494,0.66910,0.40482,0.79581,0.30577,0.27981,0.62462,0.33913,0.17387,0.43800,0.59342,0.52349,0.90903,0.46512,0.39013,0.40967,,0.18765,0.30606,0.69595,0.36386,0.29204,0.21084,0.27968,0.69733,0.26045,0.28848,0.41612,0.41364,0.28397,0.30472,0.55374,0.56199,0.20268,0.31115,0.33818,0.39700,0.28487
716,0.31463,0.25949,0.67657,0.18872,0.81684,0.23993,0.41838,0.31261,0.09060,0.24569,0.66828,0.40550,0.79533,0.30582,0.28014,0.62419,0.33805,0.17401,0.43693,0.59268,0.52214,0.90914,0.46534,0.38940,0.40944,,0.18841,0.30668,0.69575,0.36382,0.29146,0.21082,0.27839,0.69725,0.26071,0.28840,0.41590,0.41312,0.28422,0.30508,0.55325,0.56160,0.20200,0.31044,0.33843,0.39662,0.28438
717,0.31372,0.25839,0.67532,0.18880,0.81670,0.24014,0.41814,0.31187,0.09031,0.24648,0.66751,0.40615,0.79508,0.30581,0.28044,0.62383,0.33687,0.17424,0.43579,0.59195,0.51998,0.90935,0.46530,0.38863,0.40909,,0.18909,0.30725,0.69550,0.36364,0.29082,0.21076,0.27711,0.69724,0.26101,0.28835,0.41587,0.41254,0.28447,0.30556,0.55294,0.56117,0.20130,0.30972,0.33848,0.39629,0.28384
718,0.31211,0.25718,0.67417,0.18868,0.81634,0.24035,0.41783,0.31106,0.09003,0.24742,0.66677,0.40680,0.79474,0.30583,0.28071,0.62355,0.33565,0.17441,0.43476,0.59147,0.51795,0.90945,0.46529,0.38792,0.40870,,0.18981,0.30780,0.69482,0.36336,0.29026,0.21066,0.27589,0.69740,0.26140,0.28824,0.41572,0.41209,0.28476,0.30591,0.55254,0.56056,0.20064,0.30897,0.33850,0.39597,0.28317
719,0.31065,0.25574,0.67321,0.18836,0.81548,0.24064,0.41745,0.31016,0.08986,0.24856,0.66588,0.40743,0.79422,0.30586,0.28099,0.62336,0.33437,0.17452,0.43385,0.59123,0.51665,0.90936,0.46536,0.38728,0.40825,,0.19059,0.30845,0.69415,0.36309,0.28977,0.21058,0.27460,0.69752,0.26184,0.28817,0.41547,0.41168,0.28517,0.30617,0.55194,0.55989,0.19997,0.30822,0.33866,0.39548,0.28253
720,0.30998,0.25412,0.67254,0.18789,0.81406,0.24103,0.41704,0.30920,0.08985,0.24981,0.66473,0.40798,0.79354,0.30585,0.28133,0.62324,0.33309,0.17460,0.43309,0.59109,0.51651,0.90904,0.46554,0.38667,0.40782,,0.19143,0.30925,0.69385,0.36295,0.28931,0.21056,0.27320,0.69746,0.26229,0.28816,0.41520,0.41123,0.28568,0.30642,0.55118,0.55934,0.19925,0.30753,0.33907,0.39479,0.28207
721,0.30936,0.25248,0.67226,0.18718,0.81203,0.24147,0.41664,0.30816,0.09004,0.25106,0.66333,0.40850,0.79274,0.30581,0.28174,0.62310,0.33189,0.17461,0.43234,0.59073,0.51771,0.90852,0.46584,0.38582,0.40772,,0.19238,0.31003,0.69353,0.36304,0.28878,0.21051,0.27176,0.69748,0.26263,0.28811,0.41505,0.41079,0.28605,0.30680,0.55059,0.55887,0.19855,0.30689,0.33959,0.39416,0.28176
722,0.30876,0.25090,0.67186,0.18661,0.81040,0.24183,0.41627,0.30729,0.09013,0.25208,0.66218,0.40898,0.79201,0.30574,0.28207,0.62279,0.33075,0.17468,0.43144,0.59002,0.51805,0.90818,0.46608,0.38499,0.40759,,0.19326,0.31063,0.69325,0.36308,0.28808,0.21045,0.27032,0.69730,0.26299,0.28808,0.41491,0.41027,0.28630,0.30714,0.55003,0.55844,0.19779,0.30623,0.34001,0.39357,0.28144
723,0.30792,0.24931,0.67111,0.18623,0.80937,0.24210,0.41592,0.30655,0.09006,0.25296,0.66129,0.40950,0.79140,0.30563,0.28231,0.62232,0.32953,0.17481,0.43036,0.58914,0.51701,0.90812,0.46621,0.38426,0.40727,,0.19404,0.31113,0.69301,0.36300,0.28724,0.21038,0.26887,0.69693,0.26338,0.28805,0.41468,0.40967,0.28651,0.30741,0.54946,0.55797,0.19692,0.30547,0.34025,0.39296,0.28098
724,0.30627,0.24773,0.67005,0.18593,0.80864,0.24234,0.41562,0.30572,0.08996,0.25396,0.66045,0.41018,0.79096,0.30554,0.28248,0.62184,0.32815,0.17494,0.42930,0.58873,0.51541,0.90821,0.46622,0.38363,0.40680,,0.19486,0.31175,0.69279,0.36279,0.28641,0.21042,0.26749,0.69673,0.26368,0.28792,0.41431,0.40919,0.28680,0.30758,0.54898,0.55741,0.19609,0.30459,0.34031,0.39222,0.28028
725,0.30500,0.24595,0.66911,0.18546,0.80768,0.24266,0.41526,0.30473,0.08986,0.25497,0.65952,0.41080,0.79043,0.30538,0.28267,0.62135,0.32672,0.17498,0.42821,0.58827,0.51445,0.90818,0.46629,0.38280,0.40636,,0.19563,0.31241,0.69270,0.36260,0.28566,0.21042,0.26603,0.69669,0.26401,0.28774,0.41387,0.40860,0.28709,0.30768,0.54850,0.55686,0.19514,0.30368,0.34042,0.39145,0.27957
726,0.30407,0.24394,0.66832,0.18481,0.80645,0.24297,0.41483,0.30369,0.08979,0.25593,0.65851,0.41130,0.78980,0.30514,0.28279,0.62093,0.32528,0.17496,0.42707,0.58769,0.51408,0.90803,0.46640,0.38173,0.40598,,0.19637,0.31303,0.69270,0.36243,0.28491,0.21033,0.26442,0.69675,0.26435,0.28753,0.41348,0.40791,0.28727,0.30778,0.54799,0.55629,0.19409,0.30278,0.34058,0.39063,0.27887
727,0.30281,0.24169,0.66746,0.18405,0.80502,0.24315,0.41440,0.30268,0.08975,0.25692,0.65749,0.41176,0.78912,0.30482,0.28276,0.62066,0.32379,0.17497,0.42577,0.58711,0.51347,0.90788,0.46642,0.38044,0.40560,,0.19717,0.31352,0.69266,0.36219,0.28399,0.21012,0.26262,0.69680,0.26464,0.28727,0.41322,0.40719,0.28723,0.30799,0.54737,0.55561,0.19298,0.30181,0.34070,0.38963,0.27807
728,0.30143,0.23918,0.66655,0.18321,0.80350,0.24337,0.41395,0.30152,0.08968,0.25791,0.65637,0.41216,0.78833,0.30435,0.28264,0.62021,0.32221,0.17498,0.42441,0.58650,0.51292,0.90771,0.46629,0.37898,0.40502,,0.19798,0.31397,0.69225,0.36194,0.28304,0.20981,0.26068,0.69668,0.26493,0.28690,0.41271,0.40645,0.28719,0.30807,0.54666,0.55481,0.19174,0.30068,0.34066,0.38849,0.27726
729,0.29992,0.23639,0.66557,0.18225,0.80192,0.24356,0.41342,0.30024,0.08959,0.25889,0.65514,0.41254,0.78747,0.30374,0.28242,0.61960,0.32051,0.17492,0.42295,0.58587,0.51234,0.90756,0.46601,0.37749,0.40435,,0.19877,0.31444,0.69163,0.36165,0.28206,0.20940,0.25857,0.69639,0.26526,0.28655,0.41200,0.40560,0.28717,0.30801,0.54592,0.55399,0.19032,0.29943,0.34049,0.38733,0.27633
730,0.29833,0.23338,0.66453,0.18114,0.80027,0.24364,0.41278,0.29889,0.08949,0.25983,0.65381,0.41296,0.78655,0.30302,0.28208,0.61898,0.31872,0.17474,0.42144,0.58523,0.51169,0.90745,0.46569,0.37610,0.40378,,0.19947,0.31493,0.69108,0.36125,0.28106,0.20890,0.25628,0.69599,0.26561,0.28633,0.41128,0.40460,0.28716,0.30788,0.54522,0.55327,0.18876,0.29811,0.34027,0.38622,0.27520
731,0.29678,0.23018,0.66349,0.17993,0.79837,0.24367,0.41218,0.29746,0.08940,0.26077,0.65245,0.41325,0.78560,0.30223,0.28162,0.61868,0.31686,0.17454,0.42006,0.58454,0.51115,0.90725,0.46557,0.37457,0.40317,,0.20016,0.31548,0.69069,0.36066,0.27995,0.20848,0.25392,0.69574,0.26581,0.28600,0.41049,0.40357,0.28720,0.30774,0.54433,0.55256,0.18717,0.29664,0.34010,0.38498,0.27399
732,0.29523,0.22703,0.66256,0.17866,0.79634,0.24373,0.41154,0.29603,0.08937,0.26173,0.65107,0.41352,0.78463,0.30140,0.28121,0.61856,0.31502,0.17431,0.41875,0.58406,0.51097,0.90686,0.46546,0.37295,0.40259,,0.20094,0.31600,0.69048,0.36010,0.27883,0.20807,0.25160,0.69562,0.26596,0.28556,0.40968,0.40252,0.28721,0.30750,0.54338,0.55182,0.18563,0.29516,0.34001,0.38363,0.27288
733,0.29368,0.22413,0.66175,0.17739,0.79437,0.24383,0.41086,0.29467,0.08939,0.26266,0.64970,0.41382,0.78364,0.30061,0.28092,0.61843,0.31331,0.17406,0.41746,0.58380,0.51106,0.90633,0.46529,0.37139,0.40206,,0.20181,0.31641,0.69032,0.35966,0.27778,0.20764,0.24942,0.69552,0.26614,0.28506,0.40892,0.40148,0.28715,0.30717,0.54250,0.55101,0.18417,0.29380,0.33998,0.38229,0.27189
734,0.29222,0.22152,0.66092,0.17623,0.79267,0.24392,0.41025,0.29342,0.08935,0.26352,0.64839,0.41410,0.78268,0.29999,0.28067,0.61802,0.31178,0.17396,0.41611,0.58335,0.51071,0.90604,0.46515,0.37018,0.40147,,0.20259,0.31671,0.68988,0.35927,0.27680,0.20724,0.24739,0.69516,0.26644,0.28466,0.40831,0.40054,0.28701,0.30705,0.54176,0.55016,0.18279,0.29262,0.33994,0.38116,0.27090
735,0.29110,0.21927,0.66002,0.17535,0.79123,0.24402,0.40971,0.29230,0.08925,0.26439,0.64718,0.41439,0.78173,0.29950,0.28050,0.61753,0.31048,0.17397,0.41481,0.58275,0.51002,0.90585,0.46497,0.36913,0.40086,,0.20325,0.31694,0.68932,0.35885,0.27585,0.20694,0.24552,0.69471,0.26676,0.28426,0.40778,0.39972,0.28696,0.30700,0.54102,0.54937,0.18157,0.29148,0.33986,0.38011,0.26992
736,0.29021,0.21737,0.65911,0.17469,0.78998,0.24417,0.40921,0.29130,0.08914,0.26531,0.64600,0.41473,0.78082,0.29911,0.28044,0.61704,0.30934,0.17401,0.41366,0.58206,0.50928,0.90571,0.46478,0.36817,0.40028,,0.20387,0.31721,0.68883,0.35845,0.27497,0.20673,0.24380,0.69427,0.26706,0.28388,0.40728,0.39903,0.28705,0.30701,0.54025,0.54868,0.18050,0.29039,0.33979,0.37910,0.26900
737,0.28914,0.21577,0.65833,0.17406,0.78888,0.24436,0.40870,0.29038,0.08910,0.26627,0.64475,0.41514,0.78004,0.29882,0.28050,0.61654,0.30829,0.17396,0.41281,0.58137,0.50900,0.90557,0.46466,0.36728,0.39978,,0.20457,0.31766,0.68862,0.35828,0.27428,0.20644,0.24220,0.69396,0.26730,0.28360,0.40677,0.39842,0.28725,0.30706,0.53945,0.54810,0.17959,0.28950,0.33983,0.37823,0.26827
738,0.28808,0.21446,0.65763,0.17346,0.78776,0.24454,0.40820,0.28957,0.08907,0.26727,0.64351,0.41555,0.77937,0.29863,0.28064,0.61603,0.30749,0.17393,0.41216,0.58070,0.50876,0.90541,0.46450,0.36655,0.39934,,0.20532,0.31819,0.68825,0.35820,0.27371,0.20631,0.24082,0.69385,0.26763,0.28331,0.40627,0.39793,0.28730,0.30724,0.53870,0.54758,0.17888,0.28875,0.33994,0.37746,0.26771
739,0.28706,0.21338,0.65696,0.17296,0.78666,0.24472,0.40772,0.28885,0.08902,0.26830,0.64229,0.41592,0.77879,0.29855,0.28086,0.61556,0.30684,0.17394,0.41160,0.58002,0.50857,0.90514,0.46433,0.36594,0.39898,,0.20609,0.31874,0.68784,0.35810,0.27320,0.20628,0.23967,0.69377,0.26795,0.28307,0.40586,0.39751,0.28729,0.30754,0.53803,0.54708,0.17829,0.28810,0.34010,0.37680,0.26726
740,0.28609,0.21250,0.65628,0.17261,0.78563,0.24493,0.40726,0.28821,0.08896,0.26937,0.64108,0.41626,0.77826,0.29858,0.28114,0.61517,0.30615,0.17399,0.41104,0.57928,0.50850,0.90473,0.46423,0.36543,0.39874,,0.20684,0.31921,0.68768,0.35788,0.27274,0.20625,0.23873,0.69355,0.26813,0.28300,0.40562,0.39708,0.28738,0.30793,0.53749,0.54658,0.17773,0.28753,0.34031,0.37629,0.26686
741,0.28521,0.21186,0.65560,0.17233,0.78459,0.24513,0.40676,0.28758,0.08892,0.27038,0.63985,0.41665,0.77766,0.29869,0.28144,0.61493,0.30555,0.17407,0.41043,0.57901,0.50832,0.90465,0.46430,0.36495,0.39860,,0.20744,0.31959,0.68710,0.35767,0.27226,0.20619,0.23775,0.69327,0.26832,0.28290,0.40530,0.39668,0.28758,0.30822,0.53681,0.54603,0.17722,0.28703,0.34050,0.37585,0.26649
742,0.28458,0.21130,0.65491,0.17202,0.78359,0.24533,0.40626,0.28697,0.08885,0.27139,0.63856,0.41705,0.77700,0.29880,0.28172,0.61464,0.30499,0.17416,0.40987,0.57894,0.50813,0.90460,0.46440,0.36444,0.39856,,0.20804,0.31996,0.68649,0.35749,0.27182,0.20616,0.23677,0.69289,0.26859,0.28272,0.40494,0.39631,0.28782,0.30844,0.53609,0.54541,0.17676,0.28653,0.34063,0.37543,0.26610
743,0.28417,0.21072,0.65424,0.17166,0.78266,0.24551,0.40578,0.28636,0.08875,0.27244,0.63720,0.41739,0.77631,0.29884,0.28199,0.61417,0.30447,0.17422,0.40945,0.57868,0.50797,0.90429,0.46442,0.36387,0.39858,,0.20873,0.32037,0.68617,0.35733,0.27142,0.20617,0.23586,0.69240,0.26890,0.28246,0.40463,0.39597,0.28802,0.30863,0.53546,0.54470,0.17636,0.28598,0.34068,0.37500,0.26565
744,0.28315,0.21021,0.65355,0.17132,0.78167,0.24565,0.40527,0.28566,0.08869,0.27344,0.63588,0.41773,0.77556,0.29891,0.28237,0.61366,0.30402,0.17425,0.40902,0.57778,0.50759,0.90381,0.46447,0.36328,0.39837,,0.20925,0.32076,0.68594,0.35714,0.27093,0.20615,0.23499,0.69200,0.26908,0.28216,0.40434,0.39564,0.28809,0.30883,0.53489,0.54398,0.17594,0.28543,0.34074,0.37465,0.26525
745,0.28228,0.20973,0.65280,0.17100,0.78075,0.24575,0.40470,0.28494,0.08859,0.27438,0.63453,0.41806,0.77492,0.29892,0.28272,0.61309,0.30359,0.17423,0.40855,0.57677,0.50711,0.90341,0.46449,0.36290,0.39800,,0.20971,0.32107,0.68560,0.35689,0.27045,0.20605,0.23413,0.69148,0.26925,0.28190,0.40396,0.39530,0.28824,0.30905,0.53428,0.54323,0.17551,0.28493,0.34080,0.37430,0.26482
746,0.28173,0.20924,0.65197,0.17070,0.77988,0.24583,0.40409,0.28424,0.08843,0.27529,0.63309,0.41837,0.77437,0.29888,0.28299,0.61246,0.30313,0.17417,0.40804,0.57597,0.50665,0.90321,0.46446,0.36271,0.39760,,0.21018,0.32130,0.68500,0.35656,0.26999,0.20587,0.23323,0.69093,0.26944,0.28169,0.40349,0.39492,0.28846,0.30924,0.53358,0.54244,0.17505,0.28442,0.34086,0.37389,0.26434
747,0.28091,0.20879,0.65119,0.17037,0.77882,0.24586,0.40350,0.28350,0.08829,0.27621,0.63165,0.41861,0.77369,0.29888,0.28323,0.61176,0.30259,0.17405,0.40750,0.57549,0.50628,0.90318,0.46439,0.36235,0.39745,,0.21071,0.32149,0.68404,0.35626,0.26950,0.20578,0.23219,0.69092,0.26955,0.28138,0.40311,0.39448,0.28845,0.30927,0.53281,0.54166,0.17455,0.28375,0.34091,0.37339,0.26375
748,0.27988,0.20830,0.65033,0.16997,0.77783,0.24588,0.40284,0.28273,0.08812,0.27708,0.63009,0.41882,0.77297,0.29886,0.28346,0.61112,0.30208,0.17394,0.40685,0.57500,0.50591,0.90302,0.46426,0.36195,0.39722,,0.21119,0.32170,0.68337,0.35595,0.26897,0.20566,0.23113,0.69084,0.26968,0.28097,0.40263,0.39407,0.28827,0.30941,0.53201,0.54088,0.17403,0.28306,0.34094,0.37283,0.26312
749,0.27866,0.20774,0.64938,0.16954,0.77688,0.24588,0.40213,0.28193,0.08794,0.27794,0.62845,0.41902,0.77222,0.29878,0.28366,0.61059,0.30163,0.17386,0.40611,0.57431,0.50546,0.90276,0.46411,0.36150,0.39682,,0.21162,0.32191,0.68299,0.35563,0.26845,0.20551,0.23007,0.69045,0.26980,0.28056,0.40204,0.39364,0.28799,0.30964,0.53116,0.54013,0.17347,0.28239,0.34093,0.37222,0.26246
750,0.27728,0.20714,0.64844,0.16912,0.77579,0.24583,0.40139,0.28113,0.08779,0.27880,0.62683,0.41922,0.77147,0.29864,0.28380,0.61021,0.30120,0.17378,0.40534,0.57328,0.50489,0.90259,0.46401,0.36096,0.39626,,0.21202,0.32212,0.68256,0.35530,0.26805,0.20532,0.22895,0.68970,0.26984,0.28028,0.40143,0.39308,0.28772,0.30980,0.53019,0.53947,0.17286,0.28178,0.34087,0.37154,0.26172
751,0.27648,0.20658,0.64739,0.16866,0.77467,0.24574,0.40062,0.28029,0.08760,0.27961,0.62512,0.41933,0.77072,0.29851,0.28397,0.60968,0.30069,0.17368,0.40461,0.57245,0.50429,0.90239,0.46381,0.36032,0.39578,,0.21245,0.32219,0.68195,0.35493,0.26767,0.20508,0.22787,0.68912,0.26985,0.27984,0.40082,0.39248,0.28756,0.30984,0.52924,0.53874,0.17225,0.28112,0.34072,0.37086,0.26095
752,0.27579,0.20599,0.64630,0.16814,0.77353,0.24558,0.39983,0.27939,0.08739,0.28038,0.62332,0.41941,0.76999,0.29834,0.28408,0.60896,0.30009,0.17358,0.40383,0.57169,0.50375,0.90217,0.46343,0.35968,0.39535,,0.21287,0.32218,0.68131,0.35459,0.26717,0.20479,0.22677,0.68855,0.26993,0.27926,0.40023,0.39176,0.28741,0.30983,0.52836,0.53788,0.17165,0.28037,0.34048,0.37016,0.26016
753,0.27460,0.20532,0.64522,0.16757,0.77236,0.24533,0.39906,0.27843,0.08718,0.28115,0.62146,0.41951,0.76928,0.29809,0.28407,0.60813,0.29945,0.17346,0.40292,0.57080,0.50334,0.90190,0.46288,0.35907,0.39489,,0.21324,0.32214,0.68079,0.35432,0.26642,0.20449,0.22558,0.68776,0.27013,0.27864,0.39964,0.39094,0.28720,0.30982,0.52756,0.53685,0.17103,0.27954,0.34016,0.36939,0.25936
754,0.27298,0.20469,0.64410,0.16702,0.77118,0.24514,0.39817,0.27743,0.08695,0.28189,0.61956,0.41954,0.76848,0.29775,0.28406,0.60720,0.29873,0.17324,0.40203,0.56972,0.50302,0.90158,0.46255,0.35836,0.39435,,0.21353,0.32204,0.68025,0.35393,0.26565,0.20414,0.22441,0.68700,0.27013,0.27809,0.39888,0.39041,0.28700,0.30982,0.52657,0.53578,0.17032,0.27874,0.33983,0.36860,0.25850
755,0.27184,0.20405,0.64296,0.16646,0.76997,0.24494,0.39721,0.27641,0.08668,0.28261,0.61764,0.41951,0.76759,0.29741,0.28405,0.60623,0.29809,0.17297,0.40121,0.56878,0.50262,0.90125,0.46230,0.35761,0.39371,,0.21379,0.32195,0.67952,0.35341,0.26494,0.20373,0.22323,0.68629,0.27002,0.27756,0.39794,0.38992,0.28672,0.30979,0.52548,0.53472,0.16958,0.27795,0.33945,0.36779,0.25756
756,0.27138,0.20340,0.64180,0.16589,0.76876,0.24469,0.39624,0.27537,0.08637,0.28330,0.61572,0.41944,0.76667,0.29710,0.28405,0.60531,0.29763,0.17270,0.40046,0.56808,0.50218,0.90095,0.46201,0.35687,0.39304,,0.21407,0.32191,0.67864,0.35282,0.26432,0.20326,0.22204,0.68556,0.26990,0.27703,0.39688,0.38928,0.28632,0.30971,0.52439,0.53375,0.16886,0.27713,0.33902,0.36699,0.25657
757,0.27017,0.20275,0.64055,0.16524,0.76748,0.24439,0.39526,0.27433,0.08612,0.28396,0.61373,0.41935,0.76564,0.29676,0.28407,0.60465,0.29728,0.17238,0.39974,0.56731,0.50232,0.90070,0.46174,0.35627,0.39245,,0.21443,0.32187,0.67808,0.35237,0.26378,0.20286,0.22088,0.68463,0.26988,0.27649,0.39599,0.38857,0.28578,0.30963,0.52339,0.53293,0.16820,0.27616,0.33865,0.36621,0.25565
758,0.26877,0.20216,0.63931,0.16461,0.76703,0.24412,0.39449,0.27331,0.08594,0.28408,0.61217,0.41935,0.76483,0.29619,0.28432,0.60400,0.29747,0.17212,0.39865,0.56615,0.50228,0.90060,0.46136,0.35536,0.39214,,0.21443,0.32192,0.67772,0.35198,0.26302,0.20239,0.22001,0.68381,0.26989,0.27622,0.39544,0.38771,0.28548,0.30972,0.52294,0.53214,0.16746,0.27533,0.33853,0.36549,0.25489
759,0.26715,0.20173,0.63779,0.16416,0.76793,0.24383,0.39385,0.27236,0.08565,0.28360,0.61104,0.41939,0.76425,0.29544,0.28456,0.60320,0.29800,0.17194,0.39715,0.56458,0.50074,0.90074,0.46068,0.35422,0.39188,,0.21399,0.32204,0.67711,0.35156,0.26191,0.20179,0.21937,0.68306,0.26985,0.27614,0.39512,0.38670,0.28545,0.30997,0.52284,0.53125,0.16661,0.27460,0.33842,0.36476,0.25408
760,0.26456,0.20211,0.63511,0.16468,0.77171,0.24320,0.39307,0.27201,0.08457,0.28269,0.61044,0.41904,0.76398,0.29520,0.28352,0.60227,0.29752,0.17186,0.39596,0.56332,0.49317,0.90144,0.45918,0.35394,0.39060,,0.21318,0.32197,0.67468,0.35102,0.26056,0.20121,0.21883,0.68199,0.26966,0.27568,0.39469,0.38605,0.28547,0.31021,0.52177,0.53024,0.16596,0.27375,0.33703,0.36399,0.25262
761,0.26099,0.20232,0.63080,0.16544,0.77495,0.24224,0.39174,0.27128,0.08333,0.28332,0.60869,0.41848,0.76300,0.29520,0.28207,0.60138,0.29552,0.17124,0.39554,0.56225,0.48811,0.90197,0.45725,0.35428,0.38800,,0.21350,0.32168,0.67262,0.35000,0.26057,0.20075,0.21744,0.68038,0.26950,0.27468,0.39274,0.38585,0.28504,0.30992,0.51981,0.52900,0.16553,0.27220,0.33453,0.36330,0.25045
762,0.25906,0.20166,0.62789,0.16525,0.77405,0.24159,0.39052,0.27005,0.08293,0.28492,0.60613,0.41830,0.76166,0.29499,0.28160,0.60064,0.29373,0.17052,0.39521,0.56134,0.48915,0.90176,0.45633,0.35419,0.38641,,0.21450,0.32138,0.67217,0.34909,0.26125,0.20052,0.21582,0.67911,0.26938,0.27370,0.39080,0.38555,0.28431,0.30929,0.51831,0.52800,0.16505,0.27085,0.33323,0.36269,0.24894
763,0.25823,0.20061,0.62621,0.16424,0.77191,0.24112,0.38931,0.26847,0.08267,0.28521,0.60339,0.41843,0.76049,0.29424,0.28165,0.59932,0.29313,0.17021,0.39340,0.55959,0.48790,0.90136,0.45593,0.35292,0.38637,,0.21447,0.32118,0.67103,0.34842,0.26026,0.20006,0.21435,0.67804,0.26910,0.27270,0.39000,0.38421,0.28363,0.30891,0.51714,0.52666,0.16378,0.26971,0.33321,0.36156,0.24792
764,0.25745,0.19965,0.62524,0.16323,0.76825,0.24074,0.38782,0.26708,0.08251,0.28629,0.60029,0.41809,0.75884,0.29365,0.28140,0.59836,0.29207,0.16978,0.39240,0.55800,0.48830,0.90051,0.45545,0.35219,0.38588,,0.21479,0.32089,0.66977,0.34779,0.25967,0.19962,0.21256,0.67708,0.26880,0.27140,0.38863,0.38336,0.28293,0.30859,0.51551,0.52539,0.16275,0.26847,0.33268,0.36036,0.24683
765,0.25649,0.19850,0.62493,0.16190,0.76361,0.24034,0.38628,0.26570,0.08256,0.28763,0.59694,0.41764,0.75719,0.29312,0.28125,0.59754,0.29105,0.16931,0.39164,0.55651,0.49008,0.89943,0.45500,0.35131,0.38547,,0.21523,0.32057,0.66884,0.34714,0.25911,0.19914,0.21070,0.67588,0.26857,0.27013,0.38717,0.38257,0.28224,0.30827,0.51382,0.52406,0.16182,0.26742,0.33226,0.35912,0.24576
766,0.25557,0.19723,0.62499,0.16037,0.75905,0.23994,0.38495,0.26433,0.08275,0.28866,0.59379,0.41732,0.75589,0.29258,0.28136,0.59664,0.29041,0.16890,0.39079,0.55512,0.49222,0.89842,0.45465,0.35008,0.38539,,0.21554,0.32025,0.66839,0.34648,0.25837,0.19860,0.20905,0.67450,0.26841,0.26908,0.38600,0.38162,0.28163,0.30797,0.51238,0.52273,0.16089,0.26664,0.33222,0.35794,0.24482
767,0.25516,0.19618,0.62465,0.15899,0.75526,0.23963,0.38365,0.26307,0.08280,0.28922,0.59100,0.41691,0.75474,0.29197,0.28140,0.59528,0.28987,0.16858,0.39009,0.55381,0.49364,0.89761,0.45423,0.34901,0.38508,,0.21577,0.31977,0.66809,0.34569,0.25756,0.19797,0.20759,0.67321,0.26822,0.26791,0.38484,0.38056,0.28103,0.30766,0.51107,0.52155,0.15996,0.26572,0.33192,0.35680,0.24398
768,0.25432,0.19528,0.62399,0.15785,0.75240,0.23926,0.38238,0.26180,0.08269,0.28967,0.58834,0.41653,0.75360,0.29136,0.28136,0.59409,0.28940,0.16831,0.38934,0.55253,0.49420,0.89680,0.45368,0.34800,0.38457,,0.21578,0.31938,0.66759,0.34492,0.25672,0.19720,0.20628,0.67203,0.26797,0.26695,0.38373,0.37957,0.28034,0.30723,0.50976,0.52037,0.15907,0.26466,0.33153,0.35561,0.24302
769,0.25298,0.19448,0.62302,0.15690,0.75018,0.23878,0.38108,0.26051,0.08248,0.29013,0.58568,0.41618,0.75238,0.29076,0.28122,0.59323,0.28899,0.16803,0.38852,0.55124,0.49413,0.89603,0.45297,0.34701,0.38389,,0.21566,0.31910,0.66678,0.34419,0.25585,0.19638,0.20506,0.67097,0.26768,0.26617,0.38251,0.37865,0.27958,0.30673,0.50837,0.51910,0.15819,0.26348,0.33106,0.35441,0.24188
770,0.25181,0.19382,0.62184,0.15604,0.74816,0.23828,0.37976,0.25930,0.08233,0.29048,0.58317,0.41573,0.75108,0.29024,0.28096,0.59272,0.28863,0.16771,0.38776,0.54995,0.49399,0.89564,0.45214,0.34617,0.38312,,0.21568,0.31884,0.66573,0.34351,0.25497,0.19585,0.20387,0.67017,0.26748,0.26534,0.38085,0.37780,0.27900,0.30640,0.50688,0.51775,0.15729,0.26233,0.33038,0.35351,0.24075
771,0.25079,0.19319,0.62050,0.15521,0.74633,0.23775,0.37846,0.25815,0.08214,0.29085,0.58070,0.41530,0.74984,0.28968,0.28067,0.59183,0.28834,0.16735,0.38684,0.54863,0.49359,0.89536,0.45130,0.34545,0.38232,,0.21569,0.31858,0.66435,0.34283,0.25415,0.19541,0.20260,0.66904,0.26723,0.26440,0.37946,0.37676,0.27838,0.30610,0.50546,0.51638,0.15639,0.26123,0.32964,0.35247,0.23962
772,0.24952,0.19257,0.61906,0.15441,0.74459,0.23719,0.37719,0.25702,0.08190,0.29124,0.57822,0.41486,0.74868,0.28909,0.28037,0.59054,0.28799,0.16694,0.38581,0.54723,0.49307,0.89502,0.45049,0.34484,0.38149,,0.21568,0.31828,0.66296,0.34207,0.25346,0.19490,0.20131,0.66765,0.26695,0.26349,0.37831,0.37559,0.27768,0.30582,0.50412,0.51508,0.15551,0.26018,0.32889,0.35131,0.23850
773,0.24752,0.19195,0.61763,0.15367,0.74282,0.23661,0.37595,0.25588,0.08164,0.29159,0.57572,0.41439,0.74753,0.28849,0.28008,0.58919,0.28742,0.16647,0.38481,0.54574,0.49266,0.89449,0.44974,0.34424,0.38063,,0.21572,0.31791,0.66200,0.34115,0.25294,0.19423,0.20010,0.66630,0.26669,0.26280,0.37709,0.37444,0.27695,0.30559,0.50284,0.51394,0.15469,0.25914,0.32813,0.35019,0.23741
774,0.24606,0.19144,0.61617,0.15300,0.74114,0.23610,0.37463,0.25476,0.08139,0.29192,0.57330,0.41392,0.74638,0.28796,0.27976,0.58807,0.28673,0.16611,0.38390,0.54431,0.49223,0.89405,0.44898,0.34346,0.37973,,0.21573,0.31746,0.66096,0.34033,0.25232,0.19353,0.19899,0.66514,0.26641,0.26208,0.37574,0.37344,0.27626,0.30530,0.50163,0.51281,0.15395,0.25816,0.32737,0.34918,0.23631
775,0.24482,0.19097,0.61473,0.15235,0.73950,0.23557,0.37332,0.25365,0.08116,0.29222,0.57090,0.41347,0.74523,0.28746,0.27945,0.58710,0.28606,0.16575,0.38307,0.54292,0.49176,0.89361,0.44816,0.34269,0.37889,,0.21567,0.31698,0.65971,0.33962,0.25164,0.19287,0.19792,0.66413,0.26616,0.26123,0.37450,0.37259,0.27561,0.30497,0.50039,0.51158,0.15323,0.25715,0.32662,0.34827,0.23515
776,0.24339,0.19048,0.61336,0.15168,0.73792,0.23498,0.37211,0.25258,0.08092,0.29252,0.56854,0.41303,0.74408,0.28693,0.27918,0.58617,0.28554,0.16526,0.38227,0.54153,0.49125,0.89310,0.44725,0.34212,0.37815,,0.21554,0.31654,0.65834,0.33895,0.25095,0.19231,0.19683,0.66317,0.26595,0.26021,0.37351,0.37186,0.27502,0.30469,0.49907,0.51024,0.15249,0.25608,0.32589,0.34745,0.23394
777,0.24211,0.19005,0.61191,0.15103,0.73641,0.23447,0.37087,0.25155,0.08070,0.29282,0.56623,0.41260,0.74292,0.28639,0.27893,0.58521,0.28508,0.16478,0.38138,0.54000,0.49067,0.89268,0.44612,0.34142,0.37743,,0.21543,0.31622,0.65741,0.33821,0.25022,0.19180,0.19575,0.66205,0.26569,0.25923,0.37234,0.37112,0.27454,0.30452,0.49785,0.50892,0.15177,0.25500,0.32518,0.34651,0.23285
778,0.24112,0.18964,0.61046,0.15047,0.73490,0.23399,0.36963,0.25055,0.08052,0.29313,0.56402,0.41216,0.74180,0.28591,0.27869,0.58400,0.28461,0.16436,0.38053,0.53862,0.49013,0.89223,0.44506,0.34079,0.37669,,0.21537,0.31584,0.65653,0.33743,0.24960,0.19129,0.19474,0.66071,0.26555,0.25830,0.37108,0.37032,0.27401,0.30417,0.49667,0.50774,0.15109,0.25402,0.32448,0.34554,0.23183
779,0.24029,0.18926,0.60906,0.14999,0.73339,0.23352,0.36843,0.24959,0.08037,0.29343,0.56188,0.41172,0.74075,0.28549,0.27846,0.58257,0.28409,0.16402,0.37977,0.53746,0.48964,0.89173,0.44423,0.34035,0.37593,,0.21535,0.31536,0.65549,0.33670,0.24911,0.19076,0.19380,0.65923,0.26553,0.25743,0.36982,0.36950,0.27339,0.30363,0.49550,0.50670,0.15047,0.25314,0.32375,0.34464,0.23083
780,0.23901,0.18896,0.60768,0.14942,0.73190,0.23305,0.36723,0.24863,0.08023,0.29366,0.55967,0.41126,0.73975,0.28504,0.27823,0.58140,0.28356,0.16375,0.37898,0.53618,0.48896,0.89131,0.44352,0.34002,0.37523,,0.21536,0.31503,0.65441,0.33617,0.24848,0.19031,0.19283,0.65793,0.26536,0.25664,0.36869,0.36886,0.27294,0.30324,0.49430,0.50556,0.14985,0.25221,0.32305,0.34395,0.22981
781,0.23760,0.18869,0.60634,0.14888,0.73044,0.23263,0.36610,0.24770,0.08005,0.29394,0.55755,0.41086,0.73877,0.28465,0.27807,0.58039,0.28313,0.16344,0.37826,0.53470,0.48844,0.89093,0.44280,0.33951,0.37456,,0.21539,0.31474,0.65341,0.33564,0.24788,0.18985,0.19190,0.65686,0.26507,0.25597,0.36743,0.36822,0.27246,0.30311,0.49313,0.50449,0.14926,0.25126,0.32249,0.34321,0.22884
782,0.23640,0.18843,0.60507,0.14839,0.72905,0.23223,0.36507,0.24680,0.07984,0.29427,0.55553,0.41051,0.73776,0.28430,0.27795,0.57952,0.28282,0.16313,0.37760,0.53324,0.48808,0.89062,0.44203,0.33885,0.37390,,0.21541,0.31444,0.65255,0.33511,0.24736,0.18938,0.19103,0.65585,0.26478,0.25536,0.36620,0.36752,0.27191,0.30310,0.49202,0.50351,0.14871,0.25037,0.32203,0.34240,0.22792
783,0.23574,0.18816,0.60384,0.14795,0.72775,0.23180,0.36406,0.24592,0.07970,0.29457,0.55353,0.41011,0.73665,0.28393,0.27781,0.57876,0.28256,0.16294,0.37690,0.53219,0.48770,0.89038,0.44119,0.33824,0.37321,,0.21538,0.31414,0.65179,0.33464,0.24689,0.18897,0.19019,0.65457,0.26464,0.25469,0.36535,0.36673,0.27127,0.30287,0.49095,0.50248,0.14817,0.24961,0.32156,0.34158,0.22706
784,0.23454,0.18797,0.60266,0.14753,0.72643,0.23142,0.36305,0.24511,0.07962,0.29488,0.55164,0.40978,0.73560,0.28361,0.27765,0.57826,0.28226,0.16262,0.37617,0.53159,0.48720,0.89001,0.44066,0.33780,0.37253,,0.21541,0.31390,0.65096,0.33408,0.24636,0.18855,0.18948,0.65325,0.26445,0.25400,0.36448,0.36607,0.27062,0.30259,0.48994,0.50154,0.14762,0.24895,0.32094,0.34091,0.22615
785,0.23326,0.18787,0.60155,0.14713,0.72515,0.23107,0.36207,0.24431,0.07952,0.29518,0.54984,0.40950,0.73466,0.28333,0.27755,0.57772,0.28195,0.16224,0.37549,0.53110,0.48668,0.88956,0.44029,0.33743,0.37193,,0.21548,0.31363,0.65006,0.33356,0.24586,0.18811,0.18882,0.65217,0.26424,0.25332,0.36359,0.36546,0.27012,0.30240,0.48891,0.50068,0.14709,0.24831,0.32027,0.34034,0.22527
786,0.23252,0.18785,0.60047,0.14674,0.72394,0.23076,0.36118,0.24349,0.07936,0.29545,0.54809,0.40922,0.73383,0.28309,0.27755,0.57687,0.28172,0.16191,0.37492,0.53029,0.48624,0.88916,0.43984,0.33700,0.37143,,0.21557,0.31331,0.64921,0.33322,0.24549,0.18768,0.18809,0.65152,0.26410,0.25268,0.36272,0.36481,0.26985,0.30239,0.48782,0.49984,0.14662,0.24763,0.31966,0.33983,0.22452
787,0.23157,0.18780,0.59936,0.14641,0.72286,0.23056,0.36026,0.24279,0.07925,0.29568,0.54645,0.40894,0.73311,0.28292,0.27754,0.57620,0.28140,0.16174,0.37428,0.52907,0.48573,0.88891,0.43931,0.33664,0.37087,,0.21555,0.31316,0.64874,0.33279,0.24515,0.18735,0.18746,0.65092,0.26409,0.25219,0.36199,0.36427,0.26955,0.30240,0.48686,0.49903,0.14627,0.24699,0.31918,0.33934,0.22379
788,0.23099,0.18776,0.59825,0.14615,0.72191,0.23035,0.35937,0.24216,0.07915,0.29596,0.54487,0.40870,0.73242,0.28277,0.27754,0.57558,0.28112,0.16161,0.37373,0.52801,0.48514,0.88873,0.43873,0.33622,0.37028,,0.21556,0.31307,0.64818,0.33228,0.24493,0.18713,0.18689,0.65029,0.26400,0.25170,0.36123,0.36384,0.26922,0.30234,0.48608,0.49821,0.14593,0.24637,0.31873,0.33884,0.22316
789,0.23091,0.18780,0.59723,0.14596,0.72106,0.23008,0.35853,0.24158,0.07906,0.29634,0.54337,0.40852,0.73172,0.28262,0.27757,0.57487,0.28095,0.16145,0.37334,0.52732,0.48450,0.88859,0.43816,0.33579,0.36972,,0.21568,0.31291,0.64737,0.33176,0.24481,0.18694,0.18638,0.64963,0.26375,0.25116,0.36037,0.36348,0.26893,0.30220,0.48545,0.49738,0.14558,0.24576,0.31825,0.33831,0.22266
790,0.23038,0.18796,0.59642,0.14573,0.72013,0.22984,0.35778,0.24106,0.07897,0.29671,0.54201,0.40835,0.73108,0.28252,0.27764,0.57394,0.28081,0.16134,0.37303,0.52624,0.48398,0.88844,0.43776,0.33572,0.36944,,0.21586,0.31265,0.64679,0.33146,0.24451,0.18665,0.18594,0.64912,0.26358,0.25085,0.35948,0.36312,0.26883,0.30214,0.48486,0.49666,0.14528,0.24523,0.31793,0.33774,0.22210
791,0.22932,0.18812,0.59564,0.14555,0.71922,0.22958,0.35713,0.24057,0.07893,0.29708,0.54074,0.40819,0.73052,0.28246,0.27775,0.57313,0.28064,0.16122,0.37274,0.52537,0.48364,0.88829,0.43740,0.33566,0.36919,,0.21602,0.31247,0.64632,0.33122,0.24413,0.18639,0.18559,0.64833,0.26357,0.25052,0.35896,0.36261,0.26880,0.30220,0.48419,0.49604,0.14501,0.24476,0.31764,0.33726,0.22157
792,0.22813,0.18828,0.59489,0.14544,0.71831,0.22941,0.35653,0.24011,0.07895,0.29747,0.53951,0.40806,0.73001,0.28245,0.27790,0.57257,0.28046,0.16110,0.37248,0.52478,0.48349,0.88812,0.43705,0.33554,0.36883,,0.21613,0.31240,0.64580,0.33092,0.24371,0.18622,0.18530,0.64728,0.26369,0.25016,0.35869,0.36207,0.26874,0.30231,0.48348,0.49549,0.14480,0.24438,0.31739,0.33690,0.22112
793,0.22769,0.18855,0.59436,0.14532,0.71736,0.22950,0.35591,0.23970,0.07898,0.29794,0.53828,0.40792,0.72948,0.28246,0.27809,0.57223,0.28033,0.16100,0.37226,0.52420,0.48350,0.88791,0.43677,0.33553,0.36831,,0.21618,0.31237,0.64502,0.33040,0.24331,0.18610,0.18502,0.64637,0.26379,0.24995,0.35819,0.36184,0.26852,0.30234,0.48290,0.49495,0.14471,0.24407,0.31729,0.33655,0.22079
794,0.22748,0.18875,0.59376,0.14525,0.71663,0.22954,0.35538,0.23935,0.07898,0.29840,0.53718,0.40787,0.72887,0.28252,0.27834,0.57179,0.28020,0.16095,0.37203,0.52357,0.48340,0.88779,0.43640,0.33546,0.36799,,0.21627,0.31235,0.64425,0.32992,0.24308,0.18607,0.18471,0.64587,0.26392,0.24972,0.35776,0.36160,0.26825,0.30223,0.48237,0.49444,0.14464,0.24373,0.31720,0.33626,0.22057
795,0.22713,0.18897,0.59312,0.14518,0.71611,0.22951,0.35491,0.23903,0.07895,0.29881,0.53623,0.40790,0.72820,0.28262,0.27862,0.57141,0.28011,0.16093,0.37181,0.52293,0.48308,0.88766,0.43607,0.33528,0.36785,,0.21645,0.31231,0.64358,0.32964,0.24295,0.18607,0.18442,0.64539,0.26401,0.24941,0.35727,0.36132,0.26807,0.30205,0.48196,0.49402,0.14454,0.24345,0.31701,0.33611,0.22036
796,0.22645,0.18932,0.59255,0.14513,0.71565,0.22947,0.35445,0.23871,0.07894,0.29921,0.53536,0.40796,0.72759,0.28275,0.27889,0.57132,0.28014,0.16089,0.37162,0.52235,0.48254,0.88744,0.43599,0.33502,0.36776,,0.21672,0.31225,0.64310,0.32966,0.24280,0.18603,0.18421,0.64444,0.26402,0.24904,0.35660,0.36108,0.26809,0.30193,0.48170,0.49368,0.14444,0.24329,0.31668,0.33615,0.22008
797,0.22636,0.18964,0.59209,0.14520,0.71504,0.22952,0.35405,0.23848,0.07893,0.29976,0.53462,0.40801,0.72720,0.28298,0.27922,0.57119,0.28002,0.16094,0.37138,0.52202,0.48241,0.88726,0.43608,0.33491,0.36753,,0.21697,0.31221,0.64323,0.32973,0.24271,0.18590,0.18411,0.64370,0.26407,0.24879,0.35641,0.36090,0.26798,0.30198,0.48135,0.49331,0.14434,0.24315,0.31669,0.33608,0.21991
798,0.22642,0.19000,0.59176,0.14531,0.71446,0.22961,0.35375,0.23829,0.07897,0.30027,0.53394,0.40807,0.72695,0.28323,0.27961,0.57102,0.28007,0.16102,0.37123,0.52178,0.48240,0.88709,0.43623,0.33492,0.36738,,0.21722,0.31227,0.64328,0.32970,0.24267,0.18580,0.18407,0.64336,0.26410,0.24865,0.35639,0.36077,0.26797,0.30218,0.48095,0.49296,0.14427,0.24310,0.31687,0.33598,0.21981
799,0.22620,0.19044,0.59151,0.14540,0.71404,0.22970,0.35352,0.23813,0.07906,0.30068,0.53330,0.40816,0.72678,0.28346,0.28005,0.57080,0.28037,0.16107,0.37126,0.52148,0.48228,0.88693,0.43634,0.33496,0.36741,,0.21751,0.31243,0.64290,0.32952,0.24265,0.18583,0.18404,0.64337,0.26410,0.24860,0.35632,0.36070,0.26817,0.30244,0.48057,0.49265,0.14426,0.24313,0.31703,0.33594,0.21973
800,0.22573,0.19079,0.59117,0.14561,0.71382,0.22991,0.35327,0.23800,0.07910,0.30119,0.53279,0.40832,0.72670,0.28373,0.28044,0.57042,0.28042,0.16113,0.37150,0.52117,0.48211,0.88687,0.43632,0.33500,0.36726,,0.21774,0.31252,0.64260,0.32939,0.24261,0.18597,0.18384,0.64337,0.26419,0.24865,0.35635,0.36073,0.26825,0.30248,0.48016,0.49229,0.14434,0.24307,0.31714,0.33605,0.21964
801,0.22535,0.19117,0.59090,0.14580,0.71363,0.23012,0.35309,0.23792,0.07919,0.30174,0.53240,0.40854,0.72659,0.28400,0.28083,0.57021,0.28041,0.16117,0.37164,0.52089,0.48199,0.88688,0.43614,0.33494,0.36725,,0.21794,0.31259,0.64244,0.32933,0.24253,0.18604,0.18373,0.64322,0.26444,0.24875,0.35642,0.36068,0.26840,0.30261,0.47988,0.49194,0.14446,0.24303,0.31721,0.33614,0.21958
802,0.22535,0.19161,0.59075,0.14592,0.71340,0.23032,0.35297,0.23788,0.07935,0.30230,0.53207,0.40879,0.72647,0.28428,0.28127,0.57015,0.28041,0.16121,0.37163,0.52068,0.48192,0.88685,0.43593,0.33483,0.36735,,0.21817,0.31268,0.64233,0.32936,0.24247,0.18605,0.18378,0.64301,0.26477,0.24884,0.35643,0.36049,0.26863,0.30291,0.47973,0.49168,0.14458,0.24303,0.31730,0.33618,0.21959
803,0.22604,0.19203,0.59069,0.14605,0.71315,0.23059,0.35288,0.23790,0.07950,0.30288,0.53176,0.40902,0.72643,0.28461,0.28180,0.56986,0.28041,0.16133,0.37175,0.52060,0.48185,0.88656,0.43604,0.33484,0.36727,,0.21857,0.31278,0.64211,0.32948,0.24251,0.18614,0.18387,0.64308,0.26496,0.24885,0.35625,0.36022,0.26886,0.30329,0.47949,0.49161,0.14465,0.24304,0.31743,0.33631,0.21974
804,0.22639,0.19243,0.59069,0.14610,0.71295,0.23089,0.35283,0.23794,0.07965,0.30354,0.53156,0.40923,0.72631,0.28500,0.28226,0.56989,0.28046,0.16148,0.37199,0.52038,0.48190,0.88630,0.43631,0.33510,0.36734,,0.21899,0.31295,0.64217,0.32954,0.24263,0.18633,0.18397,0.64300,0.26515,0.24890,0.35631,0.36026,0.26912,0.30363,0.47937,0.49159,0.14484,0.24306,0.31766,0.33648,0.21994
805,0.22635,0.19282,0.59076,0.14623,0.71281,0.23122,0.35283,0.23800,0.07980,0.30422,0.53143,0.40948,0.72623,0.28542,0.28271,0.57007,0.28056,0.16165,0.37225,0.52018,0.48207,0.88610,0.43667,0.33551,0.36752,,0.21937,0.31319,0.64236,0.32964,0.24272,0.18656,0.18410,0.64282,0.26539,0.24907,0.35657,0.36047,0.26938,0.30391,0.47939,0.49160,0.14508,0.24316,0.31796,0.33669,0.22017
806,0.22620,0.19320,0.59087,0.14661,0.71274,0.23159,0.35288,0.23812,0.07994,0.30481,0.53132,0.40982,0.72635,0.28582,0.28325,0.57003,0.28065,0.16188,0.37243,0.52023,0.48229,0.88593,0.43705,0.33589,0.36770,,0.21968,0.31351,0.64240,0.32987,0.24267,0.18677,0.18427,0.64271,0.26566,0.24936,0.35682,0.36055,0.26960,0.30417,0.47945,0.49169,0.14526,0.24338,0.31828,0.33691,0.22039
807,0.22609,0.19360,0.59091,0.14679,0.71275,0.23191,0.35297,0.23825,0.08006,0.30537,0.53131,0.41025,0.72642,0.28626,0.28389,0.56968,0.28080,0.16217,0.37258,0.52030,0.48228,0.88602,0.43741,0.33590,0.36786,,0.22003,0.31382,0.64253,0.32998,0.24274,0.18699,0.18442,0.64252,0.26593,0.24960,0.35699,0.36068,0.26974,0.30433,0.47964,0.49186,0.14545,0.24356,0.31866,0.33709,0.22060
808,0.22619,0.19398,0.59101,0.14701,0.71285,0.23224,0.35308,0.23838,0.08016,0.30593,0.53140,0.41065,0.72641,0.28667,0.28450,0.56938,0.28096,0.16239,0.37267,0.52054,0.48214,0.88630,0.43773,0.33582,0.36806,,0.22044,0.31413,0.64257,0.33015,0.24280,0.18726,0.18455,0.64236,0.26621,0.24981,0.35722,0.36094,0.27003,0.30444,0.47984,0.49203,0.14567,0.24367,0.31910,0.33722,0.22083
809,0.22655,0.19433,0.59120,0.14742,0.71306,0.23262,0.35322,0.23853,0.08025,0.30649,0.53160,0.41098,0.72637,0.28702,0.28500,0.56944,0.28106,0.16250,0.37275,0.52096,0.48197,0.88662,0.43800,0.33591,0.36828,,0.22088,0.31443,0.64242,0.33049,0.24281,0.18760,0.18469,0.64239,0.26652,0.25003,0.35762,0.36134,0.27053,0.30460,0.48000,0.49217,0.14593,0.24377,0.31953,0.33734,0.22111
810,0.22691,0.19466,0.59124,0.14779,0.71343,0.23296,0.35350,0.23869,0.08039,0.30703,0.53186,0.41143,0.72649,0.28744,0.28554,0.56990,0.28115,0.16263,0.37301,0.52111,0.48175,0.88672,0.43820,0.33618,0.36833,,0.22125,0.31472,0.64237,0.33077,0.24296,0.18784,0.18487,0.64291,0.26692,0.25013,0.35803,0.36171,0.27092,0.30504,0.48015,0.49216,0.14613,0.24404,0.31985,0.33761,0.22123
811,0.22685,0.19498,0.59125,0.14812,0.71385,0.23341,0.35374,0.23882,0.08049,0.30752,0.53213,0.41196,0.72667,0.28786,0.28611,0.57022,0.28129,0.16288,0.37323,0.52107,0.48143,0.88672,0.43849,0.33650,0.36843,,0.22166,0.31506,0.64259,0.33099,0.24323,0.18810,0.18505,0.64346,0.26733,0.25036,0.35837,0.36198,0.27122,0.30549,0.48036,0.49215,0.14633,0.24429,0.32021,0.33792,0.22140
812,0.22659,0.19526,0.59125,0.14841,0.71433,0.23394,0.35392,0.23894,0.08052,0.30794,0.53244,0.41250,0.72684,0.28821,0.28670,0.57024,0.28149,0.16320,0.37337,0.52090,0.48100,0.88681,0.43895,0.33676,0.36861,,0.22211,0.31542,0.64301,0.33117,0.24352,0.18841,0.18524,0.64376,0.26767,0.25077,0.35873,0.36216,0.27147,0.30586,0.48063,0.49222,0.14654,0.24448,0.32064,0.33824,0.22166
813,0.22704,0.19544,0.59118,0.14870,0.71503,0.23426,0.35422,0.23912,0.08060,0.30829,0.53290,0.41296,0.72699,0.28849,0.28729,0.57011,0.28169,0.16343,0.37359,0.52073,0.48049,0.88718,0.43957,0.33687,0.36869,,0.22253,0.31577,0.64329,0.33136,0.24359,0.18870,0.18546,0.64378,0.26779,0.25120,0.35935,0.36231,0.27184,0.30621,0.48085,0.49249,0.14670,0.24475,0.32109,0.33861,0.22192
814,0.22696,0.19566,0.59117,0.14920,0.71586,0.23461,0.35464,0.23934,0.08067,0.30864,0.53339,0.41341,0.72737,0.28885,0.28772,0.57028,0.28173,0.16360,0.37381,0.52062,0.47989,0.88749,0.44002,0.33705,0.36887,,0.22293,0.31610,0.64374,0.33155,0.24361,0.18895,0.18565,0.64388,0.26799,0.25150,0.35988,0.36240,0.27219,0.30647,0.48110,0.49270,0.14693,0.24508,0.32131,0.33905,0.22222
815,0.22674,0.19591,0.59127,0.14968,0.71662,0.23505,0.35508,0.23964,0.08071,0.30913,0.53386,0.41387,0.72784,0.28931,0.28805,0.57072,0.28169,0.16378,0.37405,0.52075,0.47936,0.88769,0.44032,0.33728,0.36912,,0.22338,0.31646,0.64428,0.33180,0.24367,0.18923,0.18585,0.64404,0.26835,0.25183,0.36022,0.36262,0.27256,0.30666,0.48141,0.49290,0.14720,0.24543,0.32139,0.33945,0.22252
816,0.22726,0.19608,0.59150,0.14976,0.71705,0.23557,0.35542,0.24005,0.08074,0.30988,0.53434,0.41430,0.72809,0.28984,0.28845,0.57117,0.28175,0.16402,0.37441,0.52126,0.47910,0.88785,0.44065,0.33745,0.36930,,0.22393,0.31687,0.64468,0.33219,0.24382,0.18959,0.18607,0.64412,0.26885,0.25239,0.36041,0.36316,0.27305,0.30686,0.48178,0.49326,0.14743,0.24576,0.32156,0.33968,0.22278
817,0.22793,0.19608,0.59184,0.15014,0.71725,0.23604,0.35568,0.24039,0.08093,0.31056,0.53478,0.41479,0.72835,0.29038,0.28885,0.57132,0.28180,0.16431,0.37482,0.52147,0.47909,0.88806,0.44106,0.33772,0.36940,,0.22433,0.31729,0.64466,0.33240,0.24390,0.18993,0.18619,0.64460,0.26918,0.25279,0.36079,0.36351,0.27363,0.30717,0.48211,0.49360,0.14775,0.24595,0.32199,0.34001,0.22312
818,0.22846,0.19599,0.59225,0.15044,0.71729,0.23650,0.35597,0.24077,0.08116,0.31128,0.53520,0.41531,0.72860,0.29086,0.28923,0.57147,0.28175,0.16462,0.37523,0.52170,0.47934,0.88826,0.44151,0.33791,0.36953,,0.22471,0.31769,0.64455,0.33255,0.24401,0.19021,0.18624,0.64525,0.26948,0.25301,0.36130,0.36363,0.27418,0.30753,0.48231,0.49385,0.14799,0.24614,0.32244,0.34046,0.22355
819,0.22867,0.19585,0.59272,0.15042,0.71723,0.23700,0.35635,0.24120,0.08136,0.31210,0.53560,0.41581,0.72878,0.29125,0.28962,0.57181,0.28160,0.16488,0.37557,0.52218,0.47982,0.88834,0.44194,0.33789,0.36979,,0.22514,0.31803,0.64468,0.33275,0.24420,0.19042,0.18627,0.64579,0.26986,0.25313,0.36181,0.36360,0.27460,0.30789,0.48239,0.49400,0.14810,0.24640,0.32279,0.34091,0.22401
820,0.22844,0.19546,0.59322,0.15050,0.71706,0.23757,0.35669,0.24134,0.08174,0.31300,0.53607,0.41624,0.72889,0.29157,0.29009,0.57208,0.28162,0.16496,0.37575,0.52268,0.48052,0.88820,0.44240,0.33775,0.37024,,0.22556,0.31826,0.64515,0.33297,0.24434,0.19062,0.18623,0.64612,0.27033,0.25335,0.36216,0.36363,0.27492,0.30833,0.48247,0.49425,0.14821,0.24656,0.32339,0.34103,0.22429
821,0.22895,0.19496,0.59348,0.15054,0.71714,0.23805,0.35695,0.24123,0.08199,0.31335,0.53639,0.41665,0.72905,0.29157,0.29063,0.57212,0.28179,0.16505,0.37546,0.52293,0.48054,0.88821,0.44279,0.33749,0.37057,,0.22589,0.31854,0.64576,0.33312,0.24437,0.19076,0.18618,0.64641,0.27072,0.25372,0.36249,0.36372,0.27515,0.30867,0.48282,0.49425,0.14819,0.24667,0.32396,0.34089,0.22436
822,0.22985,0.19436,0.59350,0.15058,0.71754,0.23842,0.35718,0.24112,0.08205,0.31335,0.53668,0.41707,0.72920,0.29144,0.29101,0.57207,0.28188,0.16526,0.37496,0.52303,0.47990,0.88841,0.44310,0.33726,0.37066,,0.22619,0.31890,0.64617,0.33322,0.24428,0.19086,0.18611,0.64674,0.27103,0.25411,0.36281,0.36385,0.27536,0.30886,0.48333,0.49410,0.14804,0.24674,0.32435,0.34063,0.22428
823,0.22921,0.19365,0.59351,0.15080,0.71799,0.23871,0.35742,0.24154,0.08201,0.31395,0.53725,0.41741,0.72909,0.29191,0.29058,0.57238,0.28141,0.16557,0.37522,0.52342,0.47951,0.88849,0.44330,0.33743,0.37046,,0.22665,0.31921,0.64588,0.33337,0.24420,0.19103,0.18594,0.64705,0.27139,0.25421,0.36301,0.36397,0.27572,0.30895,0.48335,0.49436,0.14797,0.24674,0.32428,0.34063,0.22426
824,0.22879,0.19262,0.59371,0.15062,0.71764,0.23905,0.35767,0.24174,0.08219,0.31475,0.53761,0.41774,0.72894,0.29210,0.29044,0.57281,0.28085,0.16578,0.37534,0.52380,0.47981,0.88848,0.44346,0.33747,0.37032,,0.22709,0.31938,0.64597,0.33353,0.24413,0.19112,0.18558,0.64739,0.27161,0.25431,0.36307,0.36391,0.27586,0.30889,0.48321,0.49457,0.14781,0.24656,0.32451,0.34056,0.22422
825,0.22869,0.19124,0.59393,0.15010,0.71694,0.23941,0.35783,0.24162,0.08249,0.31532,0.53773,0.41805,0.72884,0.29185,0.29057,0.57302,0.28045,0.16582,0.37509,0.52403,0.48032,0.88841,0.44355,0.33707,0.37021,,0.22743,0.31952,0.64628,0.33364,0.24397,0.19102,0.18507,0.64755,0.27176,0.25441,0.36310,0.36375,0.27583,0.30875,0.48316,0.49459,0.14750,0.24624,0.32484,0.34028,0.22407
826,0.22842,0.18945,0.59387,0.14953,0.71666,0.23974,0.35784,0.24136,0.08275,0.31543,0.53779,0.41835,0.72876,0.29127,0.29053,0.57284,0.28020,0.16569,0.37448,0.52409,0.48039,0.88836,0.44349,0.33609,0.36994,,0.22766,0.31974,0.64626,0.33362,0.24359,0.19064,0.18444,0.64735,0.27196,0.25446,0.36321,0.36364,0.27581,0.30864,0.48340,0.49444,0.14695,0.24580,0.32485,0.33976,0.22371
827,0.22783,0.18761,0.59351,0.14908,0.71658,0.23988,0.35783,0.24103,0.08280,0.31543,0.53788,0.41859,0.72862,0.29066,0.29014,0.57258,0.27963,0.16558,0.37378,0.52390,0.47998,0.88853,0.44330,0.33516,0.36957,,0.22787,0.31997,0.64611,0.33351,0.24318,0.19029,0.18361,0.64730,0.27218,0.25462,0.36323,0.36337,0.27575,0.30850,0.48349,0.49416,0.14628,0.24526,0.32456,0.33906,0.22327
828,0.22732,0.18559,0.59307,0.14860,0.71634,0.23993,0.35784,0.24072,0.08274,0.31551,0.53797,0.41875,0.72840,0.29007,0.28945,0.57240,0.27884,0.16547,0.37313,0.52372,0.47951,0.88867,0.44294,0.33433,0.36902,,0.22813,0.32012,0.64607,0.33341,0.24280,0.18999,0.18266,0.64747,0.27237,0.25461,0.36316,0.36292,0.27565,0.30826,0.48338,0.49399,0.14557,0.24456,0.32421,0.33839,0.22278
829,0.22697,0.18339,0.59272,0.14797,0.71576,0.23997,0.35788,0.24049,0.08270,0.31574,0.53799,0.41880,0.72813,0.28952,0.28866,0.57238,0.27805,0.16532,0.37262,0.52375,0.47931,0.88858,0.44247,0.33359,0.36832,,0.22845,0.32019,0.64624,0.33336,0.24248,0.18974,0.18168,0.64770,0.27251,0.25432,0.36299,0.36239,0.27552,0.30792,0.48310,0.49405,0.14490,0.24374,0.32400,0.33786,0.22226
830,0.22580,0.18123,0.59241,0.14730,0.71520,0.23996,0.35776,0.24007,0.08279,0.31590,0.53791,0.41881,0.72772,0.28889,0.28804,0.57260,0.27749,0.16521,0.37208,0.52383,0.47925,0.88849,0.44220,0.33283,0.36790,,0.22885,0.32026,0.64639,0.33322,0.24227,0.18948,0.18065,0.64754,0.27266,0.25416,0.36266,0.36202,0.27528,0.30763,0.48284,0.49387,0.14422,0.24288,0.32381,0.33724,0.22148
831,0.22498,0.17923,0.59205,0.14661,0.71463,0.23989,0.35759,0.23967,0.08287,0.31598,0.53773,0.41881,0.72726,0.28827,0.28748,0.57257,0.27686,0.16502,0.37144,0.52377,0.47922,0.88834,0.44203,0.33208,0.36769,,0.22906,0.32039,0.64630,0.33299,0.24184,0.18914,0.17969,0.64716,0.27270,0.25405,0.36221,0.36139,0.27519,0.30745,0.48264,0.49367,0.14351,0.24207,0.32363,0.33654,0.22069
832,0.22457,0.17745,0.59164,0.14593,0.71401,0.23983,0.35742,0.23939,0.08291,0.31604,0.53748,0.41881,0.72680,0.28767,0.28693,0.57234,0.27616,0.16476,0.37074,0.52356,0.47922,0.88813,0.44174,0.33138,0.36756,,0.22907,0.32055,0.64608,0.33267,0.24121,0.18879,0.17882,0.64687,0.27267,0.25395,0.36174,0.36057,0.27522,0.30730,0.48248,0.49349,0.14278,0.24133,0.32342,0.33575,0.22003
833,0.22366,0.17596,0.59134,0.14532,0.71329,0.23987,0.35730,0.23920,0.08293,0.31621,0.53720,0.41877,0.72642,0.28711,0.28639,0.57237,0.27572,0.16450,0.37011,0.52343,0.47924,0.88798,0.44102,0.33082,0.36735,,0.22908,0.32063,0.64617,0.33234,0.24072,0.18855,0.17801,0.64707,0.27283,0.25382,0.36149,0.36012,0.27504,0.30695,0.48225,0.49326,0.14214,0.24064,0.32307,0.33493,0.21963
834,0.22315,0.17459,0.59099,0.14473,0.71257,0.23991,0.35717,0.23886,0.08299,0.31640,0.53681,0.41873,0.72605,0.28663,0.28588,0.57234,0.27535,0.16430,0.36948,0.52342,0.47922,0.88795,0.44068,0.33026,0.36708,,0.22922,0.32065,0.64606,0.33216,0.24040,0.18825,0.17716,0.64718,0.27290,0.25370,0.36114,0.35978,0.27482,0.30667,0.48194,0.49300,0.14157,0.24002,0.32282,0.33430,0.21913
835,0.22281,0.17330,0.59060,0.14416,0.71189,0.23985,0.35694,0.23842,0.08303,0.31655,0.53637,0.41872,0.72561,0.28619,0.28544,0.57210,0.27493,0.16414,0.36887,0.52334,0.47916,0.88790,0.44066,0.32963,0.36672,,0.22938,0.32055,0.64589,0.33206,0.24010,0.18793,0.17639,0.64699,0.27293,0.25349,0.36068,0.35944,0.27456,0.30642,0.48157,0.49266,0.14108,0.23947,0.32266,0.33381,0.21852
836,0.22212,0.17212,0.59016,0.14360,0.71122,0.23965,0.35658,0.23799,0.08299,0.31662,0.53595,0.41874,0.72505,0.28572,0.28507,0.57162,0.27437,0.16398,0.36832,0.52300,0.47907,0.88764,0.44058,0.32890,0.36625,,0.22941,0.32028,0.64590,0.33195,0.23963,0.18767,0.17579,0.64651,0.27304,0.25312,0.36016,0.35902,0.27423,0.30613,0.48118,0.49219,0.14062,0.23901,0.32251,0.33330,0.21791
837,0.22104,0.17115,0.58965,0.14301,0.71045,0.23951,0.35619,0.23751,0.08309,0.31665,0.53532,0.41856,0.72438,0.28515,0.28475,0.57111,0.27397,0.16379,0.36787,0.52263,0.47896,0.88736,0.44014,0.32834,0.36580,,0.22941,0.31992,0.64568,0.33188,0.23922,0.18736,0.17515,0.64609,0.27310,0.25289,0.35959,0.35858,0.27377,0.30586,0.48092,0.49167,0.14006,0.23853,0.32228,0.33260,0.21734
838,0.22003,0.17015,0.58905,0.14250,0.70966,0.23936,0.35581,0.23704,0.08312,0.31666,0.53458,0.41835,0.72374,0.28457,0.28438,0.57071,0.27353,0.16357,0.36749,0.52226,0.47886,0.88715,0.43955,0.32786,0.36531,,0.22944,0.31964,0.64533,0.33172,0.23888,0.18702,0.17440,0.64572,0.27299,0.25269,0.35890,0.35815,0.27338,0.30559,0.48052,0.49117,0.13952,0.23794,0.32197,0.33192,0.21676
839,0.21948,0.16903,0.58837,0.14210,0.70888,0.23914,0.35542,0.23659,0.08299,0.31666,0.53379,0.41818,0.72320,0.28406,0.28392,0.57044,0.27298,0.16329,0.36706,0.52185,0.47876,0.88701,0.43899,0.32736,0.36473,,0.22949,0.31951,0.64498,0.33139,0.23860,0.18666,0.17355,0.64532,0.27267,0.25240,0.35807,0.35774,0.27310,0.30525,0.47986,0.49072,0.13907,0.23721,0.32155,0.33139,0.21613
840,0.21958,0.16804,0.58773,0.14151,0.70799,0.23889,0.35493,0.23610,0.08299,0.31661,0.53294,0.41789,0.72263,0.28358,0.28342,0.57013,0.27258,0.16302,0.36620,0.52119,0.47853,0.88682,0.43831,0.32684,0.36413,,0.22941,0.31928,0.64463,0.33102,0.23845,0.18626,0.17278,0.64491,0.27234,0.25201,0.35710,0.35725,0.27268,0.30469,0.47927,0.49035,0.13855,0.23641,0.32100,0.33084,0.21540
841,0.21922,0.16708,0.58699,0.14084,0.70713,0.23857,0.35428,0.23554,0.08294,0.31647,0.53195,0.41750,0.72187,0.28308,0.28284,0.56970,0.27217,0.16275,0.36539,0.52059,0.47820,0.88648,0.43760,0.32619,0.36345,,0.22932,0.31910,0.64416,0.33060,0.23814,0.18577,0.17193,0.64421,0.27215,0.25144,0.35627,0.35679,0.27217,0.30421,0.47866,0.48985,0.13798,0.23566,0.32044,0.33012,0.21461
842,0.21814,0.16609,0.58611,0.14020,0.70621,0.23817,0.35353,0.23492,0.08281,0.31628,0.53083,0.41704,0.72098,0.28247,0.28218,0.56918,0.27171,0.16245,0.36471,0.52005,0.47786,0.88613,0.43688,0.32544,0.36270,,0.22918,0.31892,0.64356,0.33010,0.23762,0.18520,0.17101,0.64329,0.27207,0.25077,0.35556,0.35629,0.27158,0.30386,0.47797,0.48915,0.13737,0.23490,0.31985,0.32923,0.21379
843,0.21675,0.16504,0.58519,0.13962,0.70499,0.23772,0.35287,0.23425,0.08271,0.31611,0.52966,0.41659,0.72026,0.28162,0.28149,0.56868,0.27118,0.16208,0.36392,0.51934,0.47759,0.88608,0.43617,0.32476,0.36199,,0.22881,0.31857,0.64287,0.32948,0.23708,0.18459,0.17016,0.64255,0.27190,0.25014,0.35477,0.35562,0.27096,0.30350,0.47717,0.48828,0.13669,0.23398,0.31915,0.32827,0.21301
844,0.21516,0.16383,0.58417,0.13897,0.70379,0.23717,0.35202,0.23346,0.08262,0.31589,0.52839,0.41606,0.71947,0.28079,0.28078,0.56812,0.27066,0.16164,0.36316,0.51851,0.47720,0.88587,0.43554,0.32399,0.36139,,0.22848,0.31811,0.64208,0.32883,0.23657,0.18399,0.16932,0.64189,0.27163,0.24950,0.35387,0.35470,0.27037,0.30313,0.47617,0.48742,0.13594,0.23292,0.31844,0.32734,0.21204
845,0.21405,0.16254,0.58301,0.13815,0.70253,0.23655,0.35103,0.23261,0.08252,0.31559,0.52697,0.41549,0.71861,0.27996,0.28004,0.56733,0.27018,0.16116,0.36236,0.51756,0.47675,0.88554,0.43480,0.32316,0.36079,,0.22821,0.31762,0.64130,0.32818,0.23605,0.18333,0.16840,0.64114,0.27128,0.24878,0.35277,0.35371,0.26975,0.30266,0.47515,0.48655,0.13518,0.23181,0.31765,0.32637,0.21093
846,0.21375,0.16126,0.58166,0.13717,0.70109,0.23589,0.35000,0.23175,0.08238,0.31522,0.52537,0.41489,0.71769,0.27903,0.27924,0.56619,0.26973,0.16065,0.36139,0.51649,0.47634,0.88524,0.43377,0.32230,0.36004,,0.22793,0.31710,0.64064,0.32756,0.23548,0.18255,0.16731,0.64014,0.27088,0.24797,0.35142,0.35284,0.26897,0.30198,0.47430,0.48560,0.13444,0.23072,0.31671,0.32526,0.20974
847,0.21196,0.16002,0.58045,0.13633,0.69962,0.23527,0.34899,0.23077,0.08215,0.31479,0.52381,0.41413,0.71647,0.27806,0.27836,0.56506,0.26921,0.16007,0.36030,0.51542,0.47583,0.88506,0.43281,0.32135,0.35920,,0.22785,0.31648,0.64017,0.32693,0.23498,0.18174,0.16606,0.63875,0.27042,0.24717,0.35020,0.35213,0.26816,0.30118,0.47340,0.48471,0.13364,0.22962,0.31571,0.32403,0.20852
848,0.21064,0.15874,0.57914,0.13547,0.69812,0.23456,0.34794,0.22976,0.08192,0.31424,0.52211,0.41332,0.71524,0.27702,0.27740,0.56406,0.26862,0.15944,0.35916,0.51429,0.47533,0.88479,0.43168,0.32036,0.35827,,0.22762,0.31584,0.63945,0.32618,0.23431,0.18092,0.16489,0.63737,0.27000,0.24634,0.34908,0.35135,0.26734,0.30043,0.47243,0.48370,0.13273,0.22848,0.31470,0.32279,0.20733
849,0.21044,0.15735,0.57763,0.13453,0.69654,0.23370,0.34677,0.22878,0.08172,0.31359,0.52015,0.41251,0.71411,0.27592,0.27633,0.56321,0.26796,0.15877,0.35805,0.51302,0.47483,0.88435,0.43027,0.31935,0.35724,,0.22705,0.31519,0.63829,0.32531,0.23339,0.18005,0.16386,0.63611,0.26963,0.24540,0.34790,0.35035,0.26646,0.29979,0.47134,0.48249,0.13172,0.22727,0.31363,0.32158,0.20612
850,0.20866,0.15599,0.57614,0.13380,0.69492,0.23287,0.34544,0.22779,0.08141,0.31304,0.51818,0.41161,0.71286,0.27479,0.27509,0.56253,0.26718,0.15827,0.35717,0.51173,0.47407,0.88403,0.42882,0.31850,0.35609,,0.22649,0.31446,0.63709,0.32454,0.23263,0.17910,0.16262,0.63466,0.26910,0.24421,0.34629,0.34923,0.26546,0.29920,0.46994,0.48136,0.13076,0.22599,0.31235,0.32033,0.20464
851,0.20635,0.15464,0.57454,0.13275,0.69317,0.23197,0.34411,0.22675,0.08115,0.31239,0.51610,0.41071,0.71158,0.27367,0.27394,0.56175,0.26654,0.15760,0.35600,0.51055,0.47333,0.88355,0.42746,0.31756,0.35508,,0.22596,0.31378,0.63630,0.32360,0.23193,0.17816,0.16135,0.63315,0.26852,0.24306,0.34466,0.34805,0.26442,0.29846,0.46862,0.48018,0.12982,0.22469,0.31112,0.31900,0.20311
852,0.20464,0.15331,0.57287,0.13147,0.69135,0.23100,0.34281,0.22562,0.08097,0.31167,0.51395,0.40980,0.71030,0.27252,0.27290,0.56070,0.26605,0.15684,0.35456,0.50937,0.47277,0.88288,0.42609,0.31648,0.35414,,0.22545,0.31307,0.63578,0.32254,0.23116,0.17721,0.16013,0.63158,0.26798,0.24209,0.34318,0.34691,0.26339,0.29756,0.46750,0.47891,0.12885,0.22338,0.30998,0.31760,0.20165
853,0.20458,0.15200,0.57116,0.13039,0.68957,0.22998,0.34150,0.22438,0.08084,0.31100,0.51179,0.40876,0.70895,0.27123,0.27181,0.55929,0.26548,0.15628,0.35318,0.50786,0.47246,0.88216,0.42440,0.31533,0.35294,,0.22483,0.31208,0.63494,0.32154,0.23016,0.17624,0.15900,0.62983,0.26755,0.24133,0.34186,0.34589,0.26235,0.29663,0.46649,0.47746,0.12775,0.22199,0.30878,0.31611,0.20028
854,0.20242,0.15058,0.56926,0.12945,0.68747,0.22904,0.33996,0.22329,0.08046,0.31033,0.50938,0.40750,0.70740,0.27008,0.27030,0.55811,0.26453,0.15558,0.35200,0.50613,0.47193,0.88171,0.42280,0.31432,0.35160,,0.22417,0.31105,0.63316,0.32059,0.22924,0.17521,0.15771,0.62808,0.26690,0.24006,0.34029,0.34473,0.26118,0.29568,0.46496,0.47612,0.12676,0.22051,0.30725,0.31460,0.19875
855,0.19966,0.14915,0.56726,0.12848,0.68523,0.22796,0.33826,0.22217,0.08001,0.30965,0.50689,0.40620,0.70578,0.26895,0.26870,0.55679,0.26351,0.15473,0.35081,0.50441,0.47112,0.88140,0.42135,0.31350,0.35028,,0.22352,0.31002,0.63119,0.31967,0.22848,0.17417,0.15631,0.62640,0.26613,0.23855,0.33842,0.34346,0.25990,0.29479,0.46316,0.47476,0.12583,0.21900,0.30562,0.31307,0.19703
856,0.19842,0.14780,0.56531,0.12741,0.68304,0.22662,0.33656,0.22081,0.07971,0.30892,0.50447,0.40503,0.70421,0.26768,0.26740,0.55495,0.26278,0.15385,0.34939,0.50281,0.47019,0.88098,0.41997,0.31269,0.34909,,0.22291,0.30901,0.62986,0.31872,0.22779,0.17317,0.15490,0.62477,0.26537,0.23723,0.33638,0.34218,0.25859,0.29403,0.46150,0.47323,0.12486,0.21751,0.30416,0.31151,0.19521
857,0.19645,0.14631,0.56339,0.12638,0.68077,0.22555,0.33501,0.21941,0.07945,0.30810,0.50185,0.40392,0.70256,0.26621,0.26621,0.55331,0.26226,0.15299,0.34794,0.50098,0.46960,0.88027,0.41836,0.31142,0.34785,,0.22226,0.30811,0.62891,0.31762,0.22694,0.17210,0.15356,0.62298,0.26461,0.23609,0.33445,0.34085,0.25722,0.29320,0.46000,0.47175,0.12381,0.21588,0.30292,0.30993,0.19362
858,0.19506,0.14491,0.56134,0.12520,0.67851,0.22456,0.33336,0.21802,0.07918,0.30719,0.49932,0.40276,0.70085,0.26471,0.26502,0.55191,0.26173,0.15216,0.34656,0.49899,0.46903,0.87952,0.41683,0.31000,0.34660,,0.22161,0.30713,0.62791,0.31645,0.22600,0.17102,0.15226,0.62106,0.26381,0.23492,0.33264,0.33949,0.25592,0.29230,0.45841,0.47038,0.12272,0.21427,0.30162,0.30829,0.19205
859,0.19434,0.14357,0.55914,0.12384,0.67628,0.22350,0.33154,0.21663,0.07889,0.30624,0.49685,0.40147,0.69910,0.26326,0.26376,0.55068,0.26107,0.15136,0.34524,0.49692,0.46836,0.87886,0.41540,0.30865,0.34538,,0.22097,0.30604,0.62665,0.31528,0.22502,0.16994,0.15095,0.61900,0.26298,0.23361,0.33084,0.33809,0.25463,0.29136,0.45668,0.46906,0.12161,0.21271,0.30016,0.30662,0.19040
860,0.19261,0.14191,0.55699,0.12256,0.67398,0.22224,0.32984,0.21527,0.07863,0.30524,0.49393,0.39999,0.69736,0.26193,0.26230,0.54942,0.26033,0.15056,0.34385,0.49485,0.46769,0.87837,0.41370,0.30751,0.34421,,0.22036,0.30506,0.62521,0.31413,0.22407,0.16885,0.14967,0.61674,0.26220,0.23220,0.32873,0.33665,0.25305,0.29036,0.45506,0.46746,0.12053,0.21107,0.29866,0.30503,0.18876
861,0.19095,0.14049,0.55483,0.12169,0.67148,0.22099,0.32806,0.21389,0.07827,0.30431,0.49123,0.39867,0.69549,0.26054,0.26079,0.54789,0.25964,0.14970,0.34234,0.49291,0.46693,0.87784,0.41188,0.30644,0.34283,,0.21966,0.30421,0.62366,0.31296,0.22316,0.16767,0.14831,0.61443,0.26141,0.23078,0.32659,0.33519,0.25163,0.28927,0.45345,0.46572,0.11941,0.20933,0.29706,0.30336,0.18701
862,0.18895,0.13922,0.55262,0.12085,0.66893,0.21982,0.32624,0.21248,0.07790,0.30338,0.48862,0.39742,0.69359,0.25913,0.25932,0.54624,0.25899,0.14874,0.34077,0.49106,0.46611,0.87720,0.41004,0.30537,0.34126,,0.21891,0.30328,0.62208,0.31174,0.22231,0.16648,0.14694,0.61225,0.26059,0.22945,0.32456,0.33373,0.25037,0.28818,0.45186,0.46398,0.11828,0.20758,0.29542,0.30165,0.18526
863,0.18587,0.13770,0.55037,0.11939,0.66655,0.21868,0.32445,0.21105,0.07768,0.30233,0.48566,0.39598,0.69183,0.25774,0.25794,0.54475,0.25831,0.14772,0.33924,0.48910,0.46532,0.87650,0.40828,0.30424,0.33964,,0.21818,0.30203,0.62055,0.31048,0.22148,0.16540,0.14562,0.61036,0.25970,0.22826,0.32271,0.33225,0.24901,0.28719,0.45031,0.46235,0.11719,0.20594,0.29383,0.30000,0.18360
864,0.18430,0.13639,0.54829,0.11821,0.66406,0.21753,0.32258,0.20953,0.07751,0.30127,0.48288,0.39466,0.69002,0.25619,0.25681,0.54322,0.25787,0.14667,0.33766,0.48704,0.46470,0.87587,0.40665,0.30290,0.33822,,0.21739,0.30098,0.61911,0.30931,0.22061,0.16421,0.14439,0.60864,0.25896,0.22715,0.32084,0.33086,0.24783,0.28625,0.44880,0.46082,0.11625,0.20437,0.29236,0.29844,0.18178
865,0.18312,0.13506,0.54605,0.11717,0.66143,0.21629,0.32072,0.20812,0.07726,0.30021,0.48013,0.39325,0.68808,0.25464,0.25548,0.54148,0.25727,0.14570,0.33611,0.48492,0.46411,0.87515,0.40486,0.30148,0.33683,,0.21653,0.29995,0.61733,0.30812,0.21965,0.16297,0.14313,0.60665,0.25834,0.22590,0.31882,0.32961,0.24662,0.28530,0.44709,0.45919,0.11527,0.20272,0.29082,0.29687,0.17991
866,0.18107,0.13354,0.54345,0.11602,0.65871,0.21495,0.31893,0.20692,0.07685,0.29915,0.47726,0.39162,0.68603,0.25323,0.25364,0.53955,0.25625,0.14490,0.33472,0.48284,0.46335,0.87424,0.40271,0.30013,0.33533,,0.21563,0.29879,0.61507,0.30685,0.21862,0.16176,0.14174,0.60417,0.25771,0.22436,0.31665,0.32845,0.24521,0.28434,0.44511,0.45738,0.11414,0.20096,0.28911,0.29518,0.17812
867,0.17880,0.13190,0.54086,0.11487,0.65589,0.21359,0.31684,0.20553,0.07629,0.29809,0.47422,0.38992,0.68406,0.25189,0.25163,0.53788,0.25521,0.14403,0.33328,0.48072,0.46217,0.87349,0.40050,0.29899,0.33398,,0.21491,0.29763,0.61320,0.30563,0.21767,0.16053,0.14028,0.60180,0.25679,0.22274,0.31449,0.32709,0.24377,0.28326,0.44319,0.45552,0.11313,0.19917,0.28725,0.29325,0.17625
868,0.17642,0.13047,0.53839,0.11370,0.65303,0.21226,0.31477,0.20402,0.07600,0.29706,0.47117,0.38831,0.68215,0.25044,0.24997,0.53618,0.25442,0.14303,0.33177,0.47859,0.46103,0.87285,0.39846,0.29781,0.33255,,0.21418,0.29656,0.61173,0.30442,0.21682,0.15929,0.13887,0.59962,0.25582,0.22119,0.31243,0.32566,0.24227,0.28214,0.44133,0.45358,0.11210,0.19735,0.28543,0.29135,0.17442
869,0.17414,0.12917,0.53596,0.11256,0.65013,0.21094,0.31281,0.20248,0.07593,0.29598,0.46818,0.38679,0.68017,0.24884,0.24861,0.53429,0.25383,0.14197,0.33020,0.47643,0.46011,0.87221,0.39655,0.29648,0.33094,,0.21338,0.29555,0.61040,0.30311,0.21599,0.15802,0.13751,0.59756,0.25488,0.21975,0.31039,0.32419,0.24073,0.28096,0.43951,0.45162,0.11099,0.19553,0.28375,0.28955,0.17263
870,0.17212,0.12761,0.53335,0.11151,0.64722,0.20959,0.31082,0.20103,0.07556,0.29471,0.46533,0.38531,0.67795,0.24726,0.24704,0.53220,0.25311,0.14103,0.32863,0.47428,0.45939,0.87139,0.39462,0.29500,0.32916,,0.21261,0.29455,0.60873,0.30163,0.21511,0.15677,0.13607,0.59543,0.25395,0.21841,0.30818,0.32267,0.23924,0.27961,0.43771,0.44985,0.10981,0.19385,0.28223,0.28785,0.17078
871,0.17175,0.12606,0.53094,0.11033,0.64443,0.20823,0.30891,0.19949,0.07527,0.29342,0.46233,0.38374,0.67583,0.24567,0.24555,0.53016,0.25234,0.14006,0.32711,0.47221,0.45867,0.87061,0.39262,0.29360,0.32741,,0.21178,0.29349,0.60703,0.30027,0.21410,0.15550,0.13473,0.59308,0.25292,0.21706,0.30595,0.32118,0.23792,0.27828,0.43591,0.44813,0.10876,0.19214,0.28060,0.28616,0.16900
872,0.17122,0.12451,0.52859,0.10912,0.64167,0.20695,0.30699,0.19794,0.07503,0.29217,0.45928,0.38213,0.67379,0.24412,0.24409,0.52831,0.25156,0.13912,0.32556,0.47016,0.45787,0.86994,0.39051,0.29225,0.32579,,0.21096,0.29237,0.60540,0.29906,0.21300,0.15425,0.13344,0.59068,0.25189,0.21562,0.30384,0.31967,0.23659,0.27708,0.43407,0.44643,0.10777,0.19038,0.27879,0.28437,0.16728
873,0.16844,0.12292,0.52608,0.10804,0.63878,0.20580,0.30493,0.19650,0.07475,0.29099,0.45637,0.38061,0.67174,0.24263,0.24253,0.52675,0.25079,0.13826,0.32392,0.46809,0.45695,0.86935,0.38831,0.29087,0.32435,,0.21022,0.29122,0.60383,0.29794,0.21193,0.15304,0.13215,0.58851,0.25096,0.21407,0.30195,0.31805,0.23503,0.27609,0.43215,0.44474,0.10674,0.18861,0.27688,0.28243,0.16554
874,0.16657,0.12135,0.52349,0.10689,0.63592,0.20452,0.30292,0.19504,0.07446,0.28982,0.45350,0.37892,0.66971,0.24106,0.24086,0.52522,0.24988,0.13732,0.32239,0.46620,0.45608,0.86857,0.38623,0.28952,0.32296,,0.20953,0.29006,0.60196,0.29680,0.21085,0.15188,0.13093,0.58638,0.25000,0.21266,0.30001,0.31646,0.23355,0.27518,0.43018,0.44301,0.10574,0.18684,0.27516,0.28061,0.16369
875,0.16417,0.11984,0.52092,0.10580,0.63297,0.20324,0.30091,0.19363,0.07417,0.28850,0.45061,0.37717,0.66771,0.23952,0.23920,0.52360,0.24901,0.13630,0.32088,0.46439,0.45519,0.86766,0.38416,0.28818,0.32154,,0.20875,0.28883,0.60009,0.29568,0.20989,0.15071,0.12965,0.58423,0.24904,0.21130,0.29801,0.31501,0.23203,0.27420,0.42832,0.44120,0.10474,0.18507,0.27350,0.27883,0.16179
876,0.16094,0.11844,0.51841,0.10481,0.62992,0.20203,0.29889,0.19227,0.07385,0.28706,0.44768,0.37550,0.66569,0.23806,0.23761,0.52183,0.24830,0.13523,0.31930,0.46265,0.45424,0.86674,0.38206,0.28687,0.32009,,0.20787,0.28756,0.59842,0.29455,0.20906,0.14946,0.12827,0.58201,0.24812,0.20993,0.29591,0.31368,0.23047,0.27311,0.42661,0.43930,0.10375,0.18328,0.27181,0.27702,0.15995
877,0.16005,0.11710,0.51579,0.10366,0.62695,0.20084,0.29690,0.19087,0.07348,0.28589,0.44483,0.37400,0.66340,0.23653,0.23595,0.52000,0.24774,0.13426,0.31759,0.46112,0.45328,0.86595,0.38006,0.28559,0.31886,,0.20715,0.28638,0.59685,0.29323,0.20801,0.14812,0.12703,0.57968,0.24718,0.20846,0.29358,0.31219,0.22923,0.27209,0.42481,0.43744,0.10274,0.18151,0.27008,0.27501,0.15836
878,0.15881,0.11579,0.51335,0.10267,0.62415,0.19972,0.29485,0.18942,0.07322,0.28473,0.44202,0.37245,0.66131,0.23510,0.23445,0.51811,0.24718,0.13338,0.31594,0.45928,0.45231,0.86514,0.37812,0.28425,0.31745,,0.20638,0.28533,0.59516,0.29192,0.20704,0.14684,0.12583,0.57726,0.24634,0.20712,0.29140,0.31071,0.22789,0.27100,0.42305,0.43568,0.10179,0.17980,0.26850,0.27329,0.15670
879,0.15676,0.11441,0.51098,0.10175,0.62140,0.19859,0.29282,0.18797,0.07299,0.28345,0.43921,0.37084,0.65936,0.23373,0.23305,0.51628,0.24650,0.13256,0.31441,0.45712,0.45143,0.86435,0.37618,0.28290,0.31583,,0.20555,0.28435,0.59325,0.29063,0.20618,0.14569,0.12463,0.57486,0.24552,0.20593,0.28937,0.30933,0.22644,0.26988,0.42133,0.43398,0.10089,0.17812,0.26699,0.27173,0.15496
880,0.15473,0.11289,0.50842,0.10056,0.61850,0.19734,0.29102,0.18663,0.07259,0.28207,0.43641,0.36931,0.65722,0.23230,0.23150,0.51466,0.24563,0.13171,0.31300,0.45503,0.45075,0.86376,0.37421,0.28166,0.31421,,0.20481,0.28337,0.59115,0.28930,0.20535,0.14471,0.12345,0.57271,0.24456,0.20480,0.28729,0.30811,0.22507,0.26890,0.41964,0.43227,0.09997,0.17643,0.26528,0.26987,0.15336
881,0.15387,0.11143,0.50608,0.09945,0.61562,0.19620,0.28924,0.18535,0.07255,0.28080,0.43377,0.36766,0.65510,0.23093,0.22990,0.51309,0.24490,0.13083,0.31148,0.45302,0.44992,0.86285,0.37211,0.28059,0.31271,,0.20405,0.28230,0.58930,0.28797,0.20448,0.14360,0.12232,0.57053,0.24366,0.20360,0.28529,0.30674,0.22364,0.26790,0.41785,0.43069,0.09907,0.17485,0.26366,0.26812,0.15182
882,0.15252,0.11011,0.50381,0.09849,0.61279,0.19507,0.28740,0.18416,0.07254,0.27963,0.43129,0.36611,0.65302,0.22961,0.22840,0.51143,0.24436,0.12998,0.30998,0.45113,0.44898,0.86192,0.36996,0.27950,0.31127,,0.20330,0.28123,0.58772,0.28666,0.20367,0.14251,0.12127,0.56844,0.24284,0.20241,0.28342,0.30536,0.22228,0.26690,0.41610,0.42912,0.09823,0.17337,0.26219,0.26652,0.15030
883,0.14967,0.10888,0.50143,0.09762,0.61003,0.19389,0.28553,0.18301,0.07221,0.27852,0.42888,0.36479,0.65098,0.22831,0.22710,0.50961,0.24393,0.12922,0.30862,0.44938,0.44806,0.86126,0.36786,0.27824,0.30982,,0.20260,0.28024,0.58634,0.28539,0.20293,0.14155,0.12026,0.56651,0.24207,0.20128,0.28173,0.30414,0.22109,0.26593,0.41450,0.42748,0.09749,0.17193,0.26082,0.26500,0.14875
884,0.14903,0.10746,0.49915,0.09665,0.60755,0.19282,0.28386,0.18170,0.07187,0.27745,0.42648,0.36333,0.64907,0.22709,0.22580,0.50780,0.24349,0.12838,0.30734,0.44778,0.44732,0.86050,0.36616,0.27698,0.30856,,0.20205,0.27936,0.58526,0.28430,0.20204,0.14051,0.11925,0.56460,0.24125,0.20007,0.28012,0.30292,0.22002,0.26498,0.41308,0.42589,0.09677,0.17051,0.25930,0.26349,0.14727
885,0.14757,0.10634,0.49714,0.09575,0.60507,0.19189,0.28230,0.18048,0.07162,0.27636,0.42414,0.36194,0.64727,0.22588,0.22444,0.50619,0.24299,0.12764,0.30613,0.44624,0.44668,0.85970,0.36450,0.27577,0.30737,,0.20141,0.27844,0.58418,0.28334,0.20119,0.13955,0.11824,0.56274,0.24054,0.19903,0.27845,0.30184,0.21885,0.26404,0.41155,0.42438,0.09601,0.16909,0.25788,0.26192,0.14588
886,0.14484,0.10553,0.49526,0.09502,0.60256,0.19102,0.28075,0.17944,0.07145,0.27523,0.42191,0.36069,0.64549,0.22468,0.22307,0.50476,0.24245,0.12698,0.30498,0.44471,0.44604,0.85898,0.36276,0.27468,0.30616,,0.20066,0.27750,0.58298,0.28247,0.20046,0.13872,0.11726,0.56094,0.23994,0.19817,0.27671,0.30084,0.21757,0.26312,0.40987,0.42295,0.09525,0.16771,0.25660,0.26035,0.14458
887,0.14383,0.10434,0.49305,0.09441,0.60032,0.19003,0.27910,0.17848,0.07124,0.27416,0.41987,0.35944,0.64366,0.22362,0.22187,0.50332,0.24199,0.12619,0.30387,0.44319,0.44533,0.85845,0.36116,0.27386,0.30484,,0.20016,0.27669,0.58182,0.28154,0.19970,0.13794,0.11637,0.55919,0.23919,0.19723,0.27514,0.29968,0.21643,0.26228,0.40837,0.42159,0.09462,0.16647,0.25528,0.25896,0.14343
888,0.14202,0.10309,0.49114,0.09361,0.59795,0.18922,0.27762,0.17739,0.07100,0.27325,0.41782,0.35823,0.64194,0.22257,0.22077,0.50195,0.24138,0.12549,0.30278,0.44178,0.44452,0.85766,0.35972,0.27297,0.30367,,0.19967,0.27613,0.58055,0.28072,0.19914,0.13709,0.11552,0.55758,0.23835,0.19629,0.27365,0.29851,0.21540,0.26144,0.40707,0.42014,0.09389,0.16514,0.25399,0.25769,0.14228
889,0.14075,0.10197,0.48948,0.09275,0.59559,0.18847,0.27626,0.17634,0.07079,0.27237,0.41585,0.35707,0.64039,0.22157,0.21972,0.50069,0.24069,0.12484,0.30167,0.44041,0.44372,0.85681,0.35833,0.27207,0.30265,,0.19911,0.27558,0.57927,0.27997,0.19868,0.13624,0.11466,0.55600,0.23755,0.19536,0.27217,0.29747,0.21449,0.26060,0.40583,0.41869,0.09320,0.16387,0.25285,0.25650,0.14110
890,0.14171,0.10116,0.48778,0.09210,0.59354,0.18755,0.27486,0.17554,0.07069,0.27133,0.41411,0.35599,0.63900,0.22070,0.21869,0.49956,0.24007,0.12413,0.30052,0.43897,0.44302,0.85631,0.35689,0.27137,0.30167,,0.19848,0.27470,0.57814,0.27918,0.19811,0.13552,0.11379,0.55430,0.23692,0.19445,0.27066,0.29667,0.21369,0.25980,0.40453,0.41742,0.09280,0.16285,0.25193,0.25536,0.13988
891,0.13885,0.10034,0.48609,0.09130,0.59174,0.18662,0.27368,0.17460,0.07057,0.27031,0.41249,0.35495,0.63754,0.21980,0.21770,0.49867,0.23953,0.12350,0.29956,0.43739,0.44241,0.85597,0.35567,0.27077,0.30064,,0.19785,0.27379,0.57712,0.27847,0.19745,0.13485,0.11330,0.55269,0.23636,0.19387,0.26931,0.29589,0.21284,0.25916,0.40331,0.41631,0.09235,0.16178,0.25087,0.25439,0.13875
892,0.13630,0.09952,0.48449,0.09059,0.59006,0.18590,0.27265,0.17375,0.07036,0.26938,0.41085,0.35401,0.63621,0.21885,0.21678,0.49790,0.23910,0.12292,0.29872,0.43589,0.44160,0.85568,0.35454,0.27002,0.29959,,0.19734,0.27300,0.57601,0.27773,0.19692,0.13421,0.11278,0.55110,0.23579,0.19329,0.26803,0.29501,0.21189,0.25857,0.40231,0.41529,0.09185,0.16081,0.24975,0.25339,0.13783
893,0.13636,0.09873,0.48300,0.09012,0.58849,0.18539,0.27164,0.17309,0.07008,0.26854,0.40921,0.35318,0.63512,0.21787,0.21596,0.49709,0.23877,0.12240,0.29790,0.43465,0.44053,0.85539,0.35341,0.26903,0.29861,,0.19696,0.27238,0.57477,0.27691,0.19656,0.13355,0.11203,0.54954,0.23518,0.19251,0.26680,0.29410,0.21091,0.25795,0.40157,0.41433,0.09130,0.15998,0.24873,0.25229,0.13707
894,0.13471,0.09806,0.48132,0.08975,0.58731,0.18466,0.27040,0.17223,0.06988,0.26770,0.40784,0.35227,0.63407,0.21698,0.21514,0.49620,0.23853,0.12191,0.29701,0.43369,0.43951,0.85521,0.35238,0.26809,0.29786,,0.19654,0.27181,0.57383,0.27608,0.19605,0.13281,0.11143,0.54823,0.23465,0.19171,0.26595,0.29346,0.21022,0.25734,0.40090,0.41356,0.09072,0.15910,0.24797,0.25127,0.13606
895,0.13334,0.09729,0.47982,0.08933,0.58614,0.18389,0.26942,0.17149,0.06976,0.26678,0.40662,0.35149,0.63313,0.21622,0.21435,0.49521,0.23821,0.12148,0.29620,0.43289,0.43845,0.85488,0.35148,0.26730,0.29707,,0.19628,0.27133,0.57269,0.27541,0.19558,0.13214,0.11091,0.54710,0.23425,0.19114,0.26508,0.29290,0.20974,0.25681,0.40012,0.41267,0.09026,0.15823,0.24709,0.25032,0.13516
896,0.13234,0.09645,0.47853,0.08874,0.58504,0.18324,0.26868,0.17096,0.06961,0.26586,0.40552,0.35083,0.63225,0.21554,0.21355,0.49417,0.23790,0.12110,0.29541,0.43211,0.43745,0.85446,0.35058,0.26670,0.29620,,0.19613,0.27090,0.57148,0.27490,0.19511,0.13162,0.11042,0.54620,0.23390,0.19075,0.26417,0.29233,0.20932,0.25631,0.39928,0.41176,0.08990,0.15746,0.24605,0.24950,0.13446
897,0.13082,0.09573,0.47724,0.08800,0.58431,0.18284,0.26778,0.17054,0.06923,0.26515,0.40456,0.35009,0.63124,0.21478,0.21263,0.49316,0.23786,0.12072,0.29447,0.43119,0.43676,0.85421,0.34939,0.26623,0.29540,,0.19585,0.27047,0.57069,0.27446,0.19447,0.13127,0.10996,0.54562,0.23341,0.19023,0.26346,0.29177,0.20870,0.25571,0.39851,0.41113,0.08955,0.15693,0.24509,0.24886,0.13380
898,0.13214,0.09547,0.47614,0.08790,0.58310,0.18227,0.26697,0.16988,0.06908,0.26442,0.40355,0.34929,0.63027,0.21422,0.21180,0.49207,0.23755,0.12037,0.29383,0.43027,0.43609,0.85392,0.34827,0.26567,0.29461,,0.19542,0.27015,0.56991,0.27394,0.19404,0.13083,0.10957,0.54473,0.23293,0.18972,0.26279,0.29130,0.20811,0.25520,0.39771,0.41042,0.08936,0.15630,0.24446,0.24807,0.13319
899,0.13335,0.09505,0.47506,0.08778,0.58171,0.18182,0.26625,0.16930,0.06906,0.26388,0.40253,0.34860,0.62941,0.21377,0.21101,0.49106,0.23716,0.12008,0.29330,0.42937,0.43553,0.85350,0.34717,0.26517,0.29393,,0.19504,0.26985,0.56908,0.27340,0.19373,0.13042,0.10915,0.54381,0.23254,0.18927,0.26200,0.29079,0.20766,0.25484,0.39689,0.40960,0.08918,0.15553,0.24382,0.24736,0.13256
900,0.13181,0.09403,0.47390,0.08709,0.58053,0.18170,0.26556,0.16908,0.06897,0.26365,0.40155,0.34808,0.62863,0.21327,0.21017,0.49028,0.23691,0.11984,0.29265,0.42851,0.43521,0.85292,0.34606,0.26486,0.29345,,0.19482,0.26946,0.56818,0.27294,0.19341,0.13013,0.10863,0.54317,0.23222,0.18884,0.26106,0.29014,0.20733,0.25461,0.39614,0.40877,0.08885,0.15469,0.24289,0.24692,0.13193
901,0.13171,0.09351,0.47304,0.08706,0.57927,0.18111,0.26491,0.16874,0.06878,0.26337,0.40058,0.34739,0.62763,0.21292,0.20925,0.48948,0.23647,0.11949,0.29219,0.42777,0.43498,0.85233,0.34519,0.26444,0.29302,,0.19445,0.26903,0.56714,0.27264,0.19309,0.12968,0.10828,0.54239,0.23180,0.18834,0.26048,0.28961,0.20660,0.25435,0.39557,0.40827,0.08861,0.15409,0.24200,0.24623,0.13161
902,0.13116,0.09305,0.47221,0.08695,0.57794,0.18071,0.26421,0.16822,0.06871,0.26321,0.39962,0.34676,0.62663,0.21257,0.20864,0.48888,0.23605,0.11918,0.29186,0.42714,0.43479,0.85195,0.34431,0.26398,0.29261,,0.19419,0.26866,0.56632,0.27228,0.19282,0.12924,0.10790,0.54165,0.23137,0.18780,0.25980,0.28914,0.20602,0.25399,0.39489,0.40766,0.08825,0.15358,0.24150,0.24549,0.13106
903,0.12958,0.09247,0.47135,0.08654,0.57668,0.18057,0.26349,0.16762,0.06879,0.26304,0.39868,0.34632,0.62580,0.21212,0.20836,0.48848,0.23578,0.11891,0.29154,0.42660,0.43460,0.85174,0.34344,0.26354,0.29223,,0.19408,0.26838,0.56590,0.27183,0.19263,0.12889,0.10745,0.54100,0.23101,0.18733,0.25901,0.28870,0.20577,0.25356,0.39411,0.40692,0.08785,0.15307,0.24132,0.24485,0.13022
904,0.12773,0.09190,0.47063,0.08616,0.57576,0.18015,0.26291,0.16712,0.06890,0.26238,0.39776,0.34605,0.62515,0.21147,0.20807,0.48802,0.23574,0.11858,0.29095,0.42607,0.43436,0.85140,0.34284,0.26307,0.29189,,0.19392,0.26815,0.56595,0.27149,0.19250,0.12863,0.10707,0.54032,0.23073,0.18709,0.25854,0.28827,0.20569,0.25326,0.39360,0.40640,0.08773,0.15253,0.24101,0.24442,0.12953
905,0.12778,0.09140,0.46994,0.08578,0.57495,0.17972,0.26244,0.16666,0.06889,0.26185,0.39715,0.34585,0.62471,0.21085,0.20796,0.48755,0.23574,0.11823,0.29036,0.42547,0.43413,0.85143,0.34251,0.26257,0.29145,,0.19393,0.26788,0.56595,0.27113,0.19226,0.12835,0.10667,0.53939,0.23048,0.18692,0.25801,0.28794,0.20536,0.25283,0.39329,0.40579,0.08751,0.15193,0.24072,0.24400,0.12909
906,0.12775,0.09092,0.46925,0.08535,0.57429,0.17942,0.26208,0.16629,0.06875,0.26141,0.39671,0.34559,0.62428,0.21027,0.20779,0.48707,0.23570,0.11795,0.28987,0.42482,0.43387,0.85153,0.34217,0.26205,0.29100,,0.19397,0.26761,0.56582,0.27078,0.19193,0.12807,0.10637,0.53844,0.23023,0.18681,0.25760,0.28761,0.20489,0.25247,0.39300,0.40524,0.08723,0.15134,0.24039,0.24350,0.12880
907,0.12537,0.09039,0.46859,0.08483,0.57385,0.17936,0.26181,0.16609,0.06854,0.26088,0.39621,0.34519,0.62368,0.20972,0.20723,0.48662,0.23556,0.11785,0.28954,0.42422,0.43350,0.85127,0.34160,0.26157,0.29073,,0.19381,0.26740,0.56560,0.27053,0.19160,0.12785,0.10624,0.53789,0.22999,0.18674,0.25755,0.28715,0.20452,0.25242,0.39256,0.40500,0.08701,0.15093,0.23990,0.24289,0.12848
908,0.12571,0.08977,0.46805,0.08440,0.57365,0.17919,0.26148,0.16604,0.06839,0.26044,0.39583,0.34474,0.62320,0.20953,0.20641,0.48622,0.23515,0.11769,0.28922,0.42375,0.43313,0.85130,0.34122,0.26136,0.29034,,0.19353,0.26730,0.56520,0.27032,0.19141,0.12770,0.10587,0.53769,0.22991,0.18649,0.25724,0.28661,0.20411,0.25229,0.39233,0.40481,0.08683,0.15055,0.23928,0.24233,0.12810
909,0.12553,0.08922,0.46747,0.08414,0.57308,0.17881,0.26118,0.16583,0.06820,0.26022,0.39557,0.34438,0.62271,0.20935,0.20576,0.48579,0.23470,0.11743,0.28890,0.42337,0.43265,0.85113,0.34084,0.26122,0.28991,,0.19323,0.26703,0.56482,0.27013,0.19123,0.12742,0.10550,0.53768,0.22983,0.18628,0.25695,0.28617,0.20378,0.25202,0.39205,0.40451,0.08663,0.15028,0.23877,0.24204,0.12777
910,0.12375,0.08875,0.46679,0.08408,0.57210,0.17836,0.26093,0.16541,0.06803,0.26016,0.39531,0.34414,0.62219,0.20892,0.20541,0.48532,0.23437,0.11711,0.28854,0.42300,0.43206,0.85069,0.34035,0.26095,0.28952,,0.19304,0.26658,0.56460,0.26996,0.19099,0.12697,0.10524,0.53763,0.22967,0.18621,0.25677,0.28587,0.20358,0.25167,0.39162,0.40406,0.08640,0.15007,0.23845,0.24193,0.12747
911,0.12485,0.08812,0.46624,0.08423,0.57173,0.17846,0.26069,0.16524,0.06832,0.25986,0.39474,0.34384,0.62192,0.20821,0.20485,0.48494,0.23416,0.11699,0.28802,0.42257,0.43162,0.85081,0.33986,0.26030,0.28911,,0.19312,0.26637,0.56438,0.26988,0.19087,0.12670,0.10477,0.53712,0.22956,0.18606,0.25635,0.28552,0.20337,0.25148,0.39130,0.40345,0.08636,0.14963,0.23804,0.24131,0.12699
912,0.12348,0.08740,0.46561,0.08386,0.57114,0.17832,0.26035,0.16498,0.06845,0.25947,0.39426,0.34362,0.62157,0.20782,0.20438,0.48464,0.23398,0.11675,0.28775,0.42213,0.43139,0.85074,0.33942,0.25981,0.28876,,0.19293,0.26621,0.56422,0.26949,0.19072,0.12639,0.10426,0.53682,0.22944,0.18576,0.25567,0.28529,0.20287,0.25133,0.39089,0.40292,0.08606,0.14914,0.23788,0.24071,0.12639
913,0.12153,0.08672,0.46497,0.08322,0.57046,0.17796,0.26002,0.16463,0.06826,0.25905,0.39397,0.34347,0.62109,0.20767,0.20397,0.48439,0.23382,0.11647,0.28749,0.42175,0.43126,0.85050,0.33902,0.25944,0.28845,,0.19265,0.26611,0.56404,0.26896,0.19054,0.12611,0.10390,0.53663,0.22927,0.18541,0.25504,0.28507,0.20237,0.25113,0.39049,0.40250,0.08563,0.14866,0.23776,0.24019,0.12587
914,0.12365,0.08617,0.46455,0.08298,0.57018,0.17780,0.25982,0.16433,0.06784,0.25864,0.39377,0.34333,0.62055,0.20732,0.20346,0.48414,0.23366,0.11638,0.28679,0.42150,0.43101,0.85046,0.33862,0.25889,0.28813,,0.19271,0.26606,0.56376,0.26872,0.19040,0.12598,0.10382,0.53609,0.22908,0.18519,0.25489,0.28466,0.20237,0.25081,0.39026,0.40211,0.08542,0.14821,0.23731,0.23964,0.12563
915,0.12598,0.08545,0.46419,0.08276,0.56969,0.17740,0.25951,0.16403,0.06772,0.25872,0.39329,0.34307,0.61984,0.20683,0.20283,0.48382,0.23354,0.11623,0.28647,0.42126,0.43081,0.85055,0.33791,0.25843,0.28769,,0.19252,0.26588,0.56327,0.26854,0.19014,0.12563,0.10336,0.53568,0.22893,0.18504,0.25459,0.28436,0.20228,0.25064,0.38993,0.40187,0.08509,0.14772,0.23677,0.23895,0.12520
916,0.12589,0.08465,0.46352,0.08259,0.56897,0.17702,0.25907,0.16391,0.06776,0.25865,0.39269,0.34274,0.61912,0.20629,0.20209,0.48351,0.23329,0.11602,0.28618,0.42096,0.43079,0.85046,0.33715,0.25800,0.28723,,0.19239,0.26565,0.56272,0.26828,0.18986,0.12528,0.10287,0.53520,0.22878,0.18485,0.25410,0.28412,0.20204,0.25058,0.38939,0.40157,0.08480,0.14713,0.23637,0.23849,0.12478
917,0.12280,0.08391,0.46254,0.08241,0.56806,0.17688,0.25863,0.16397,0.06782,0.25813,0.39218,0.34236,0.61851,0.20581,0.20133,0.48325,0.23287,0.11580,0.28566,0.42061,0.43095,0.85010,0.33651,0.25753,0.28681,,0.19250,0.26546,0.56227,0.26793,0.18963,0.12508,0.10261,0.53454,0.22865,0.18460,0.25354,0.28383,0.20172,0.25046,0.38876,0.40112,0.08466,0.14646,0.23616,0.23832,0.12445
918,0.12050,0.08336,0.46229,0.08185,0.56697,0.17700,0.25848,0.16374,0.06795,0.25796,0.39190,0.34189,0.61791,0.20556,0.20076,0.48296,0.23249,0.11552,0.28523,0.42040,0.43103,0.84996,0.33578,0.25700,0.28639,,0.19236,0.26519,0.56202,0.26769,0.18939,0.12477,0.10214,0.53396,0.22872,0.18454,0.25317,0.28348,0.20137,0.24997,0.38865,0.40077,0.08451,0.14603,0.23572,0.23765,0.12365
919,0.11969,0.08240,0.46187,0.08119,0.56590,0.17682,0.25827,0.16337,0.06800,0.25770,0.39137,0.34163,0.61725,0.20511,0.20027,0.48257,0.23213,0.11519,0.28460,0.42015,0.43107,0.84964,0.33521,0.25630,0.28599,,0.19207,0.26484,0.56192,0.26739,0.18909,0.12442,0.10155,0.53365,0.22873,0.18435,0.25271,0.28309,0.20093,0.24940,0.38841,0.40034,0.08420,0.14551,0.23536,0.23659,0.12310
920,0.12067,0.08117,0.46121,0.08070,0.56491,0.17638,0.25794,0.16295,0.06802,0.25735,0.39076,0.34150,0.61654,0.20441,0.19975,0.48208,0.23189,0.11479,0.28387,0.41981,0.43110,0.84924,0.33479,0.25552,0.28560,,0.19178,0.26453,0.56188,0.26709,0.18885,0.12405,0.10097,0.53348,0.22861,0.18406,0.25221,0.28269,0.20040,0.24892,0.38788,0.39981,0.08374,0.14490,0.23518,0.23550,0.12278
921,0.12306,0.08030,0.46078,0.08065,0.56399,0.17609,0.25756,0.16257,0.06809,0.25718,0.39058,0.34124,0.61585,0.20365,0.19908,0.48151,0.23194,0.11436,0.28337,0.41937,0.43117,0.84914,0.33434,0.25490,0.28520,,0.19166,0.26446,0.56177,0.26694,0.18888,0.12368,0.10054,0.53309,0.22842,0.18391,0.25189,0.28229,0.19990,0.24860,0.38726,0.39926,0.08330,0.14439,0.23515,0.23491,0.12223
922,0.12222,0.07932,0.45983,0.07989,0.56304,0.17606,0.25718,0.16216,0.06783,0.25687,0.38997,0.34093,0.61483,0.20268,0.19833,0.48082,0.23157,0.11412,0.28268,0.41894,0.43099,0.84884,0.33387,0.25417,0.28463,,0.19137,0.26422,0.56152,0.26669,0.18856,0.12313,0.10005,0.53252,0.22813,0.18359,0.25161,0.28190,0.19956,0.24827,0.38704,0.39875,0.08311,0.14367,0.23468,0.23413,0.12188
923,0.11954,0.07801,0.45860,0.07906,0.56213,0.17588,0.25667,0.16162,0.06760,0.25622,0.38922,0.34050,0.61377,0.20171,0.19737,0.48024,0.23104,0.11389,0.28185,0.41858,0.43058,0.84860,0.33325,0.25346,0.28403,,0.19120,0.26395,0.56121,0.26635,0.18812,0.12262,0.09952,0.53196,0.22783,0.18317,0.25128,0.28143,0.19921,0.24780,0.38686,0.39825,0.08281,0.14289,0.23409,0.23314,0.12137
924,0.11751,0.07641,0.45750,0.07879,0.56131,0.17528,0.25603,0.16099,0.06770,0.25529,0.38871,0.33997,0.61295,0.20093,0.19616,0.47988,0.23071,0.11344,0.28102,0.41828,0.43001,0.84868,0.33238,0.25286,0.28353,,0.19133,0.26380,0.56089,0.26599,0.18786,0.12231,0.09898,0.53150,0.22756,0.18279,0.25082,0.28085,0.19866,0.24715,0.38631,0.39772,0.08216,0.14216,0.23367,0.23211,0.12039
925,0.11725,0.07525,0.45680,0.07800,0.56053,0.17487,0.25580,0.16082,0.06745,0.25487,0.38821,0.33971,0.61191,0.20021,0.19500,0.47940,0.23042,0.11280,0.28038,0.41779,0.42928,0.84864,0.33150,0.25190,0.28280,,0.19095,0.26351,0.56057,0.26548,0.18754,0.12178,0.09814,0.53080,0.22721,0.18251,0.25013,0.28049,0.19785,0.24659,0.38564,0.39713,0.08185,0.14122,0.23285,0.23112,0.11927
926,0.11539,0.07404,0.45578,0.07724,0.55944,0.17467,0.25556,0.16047,0.06748,0.25405,0.38781,0.33951,0.61091,0.19929,0.19412,0.47889,0.23005,0.11232,0.27954,0.41722,0.42855,0.84848,0.33059,0.25084,0.28190,,0.19058,0.26327,0.56040,0.26501,0.18723,0.12117,0.09731,0.53008,0.22688,0.18231,0.24941,0.28009,0.19739,0.24604,0.38521,0.39642,0.08145,0.14038,0.23203,0.23020,0.11825
927,0.11258,0.07278,0.45432,0.07675,0.55816,0.17450,0.25521,0.15972,0.06771,0.25290,0.38751,0.33927,0.61010,0.19816,0.19333,0.47828,0.22970,0.11202,0.27848,0.41658,0.42781,0.84832,0.32957,0.24983,0.28096,,0.19033,0.26304,0.56041,0.26463,0.18692,0.12057,0.09666,0.52937,0.22658,0.18209,0.24864,0.27953,0.19719,0.24549,0.38504,0.39567,0.08094,0.13962,0.23140,0.22925,0.11746
928,0.11394,0.07198,0.45296,0.07640,0.55747,0.17384,0.25506,0.15890,0.06729,0.25265,0.38721,0.33891,0.60955,0.19714,0.19202,0.47723,0.22978,0.11157,0.27771,0.41577,0.42690,0.84843,0.32825,0.24883,0.28026,,0.18985,0.26256,0.56055,0.26415,0.18647,0.11997,0.09626,0.52854,0.22622,0.18169,0.24757,0.27889,0.19637,0.24506,0.38472,0.39507,0.08075,0.13861,0.23085,0.22811,0.11693
929,0.11456,0.07094,0.45147,0.07575,0.55706,0.17311,0.25460,0.15843,0.06720,0.25154,0.38688,0.33829,0.60869,0.19614,0.19120,0.47628,0.22984,0.11102,0.27689,0.41510,0.42588,0.84859,0.32713,0.24776,0.27949,,0.18941,0.26218,0.56084,0.26367,0.18589,0.11930,0.09565,0.52800,0.22591,0.18170,0.24699,0.27863,0.19543,0.24442,0.38448,0.39430,0.08048,0.13787,0.23003,0.22711,0.11614
930,0.11290,0.06977,0.45018,0.07488,0.55681,0.17258,0.25413,0.15824,0.06719,0.24979,0.38677,0.33761,0.60772,0.19517,0.19038,0.47538,0.22981,0.11044,0.27609,0.41452,0.42484,0.84891,0.32627,0.24681,0.27862,,0.18913,0.26170,0.56092,0.26314,0.18535,0.11864,0.09489,0.52743,0.22562,0.18180,0.24667,0.27836,0.19467,0.24370,0.38431,0.39356,0.08005,0.13732,0.22908,0.22630,0.11526
931,0.10934,0.06875,0.44942,0.07407,0.55658,0.17243,0.25410,0.15807,0.06672,0.24839,0.38715,0.33713,0.60707,0.19426,0.18868,0.47442,0.22972,0.10996,0.27544,0.41387,0.42390,0.84947,0.32548,0.24621,0.27780,,0.18904,0.26095,0.56043,0.26250,0.18502,0.11808,0.09422,0.52639,0.22524,0.18144,0.24606,0.27755,0.19424,0.24317,0.38404,0.39319,0.07949,0.13666,0.22830,0.22558,0.11478
932,0.11005,0.06728,0.44799,0.07352,0.55615,0.17185,0.25387,0.15807,0.06674,0.24709,0.38691,0.33652,0.60622,0.19347,0.18722,0.47379,0.22943,0.10994,0.27490,0.41337,0.42311,0.84945,0.32424,0.24538,0.27718,,0.18874,0.26090,0.55970,0.26167,0.18463,0.11756,0.09369,0.52550,0.22464,0.18121,0.24522,0.27678,0.19374,0.24269,0.38343,0.39255,0.07898,0.13598,0.22751,0.22460,0.11471
933,0.11155,0.06606,0.44637,0.07338,0.55537,0.17151,0.25312,0.15794,0.06606,0.24579,0.38664,0.33614,0.60503,0.19247,0.18537,0.47323,0.22873,0.10985,0.27424,0.41277,0.42211,0.84912,0.32291,0.24447,0.27646,,0.18811,0.26052,0.55873,0.26110,0.18430,0.11682,0.09306,0.52462,0.22384,0.18062,0.24422,0.27612,0.19298,0.24196,0.38257,0.39164,0.07868,0.13499,0.22638,0.22351,0.11397
934,0.11057,0.06527,0.44464,0.07323,0.55401,0.17149,0.25214,0.15760,0.06466,0.24448,0.38661,0.33575,0.60356,0.19124,0.18272,0.47246,0.22762,0.10934,0.27338,0.41192,0.42089,0.84872,0.32143,0.24357,0.27533,,0.18735,0.25946,0.55749,0.26075,0.18400,0.11589,0.09224,0.52360,0.22304,0.17963,0.24322,0.27557,0.19197,0.24108,0.38143,0.39058,0.07853,0.13360,0.22473,0.22245,0.11226
935,0.10600,0.06390,0.44195,0.07164,0.55176,0.17043,0.25235,0.15745,0.06532,0.24344,0.38615,0.33376,0.60227,0.19043,0.17968,0.47130,0.22653,0.10869,0.27265,0.41097,0.42025,0.84820,0.31876,0.24253,0.27375,,0.18716,0.25883,0.55597,0.25964,0.18355,0.11531,0.09135,0.52243,0.22276,0.17925,0.24252,0.27499,0.19110,0.24085,0.37976,0.38968,0.07802,0.13229,0.22279,0.22154,0.11121
936,0.10462,0.06207,0.43960,0.07065,0.54928,0.16901,0.25108,0.15622,0.06557,0.24312,0.38473,0.33251,0.60005,0.18939,0.17668,0.47001,0.22521,0.10773,0.27145,0.40985,0.41940,0.84770,0.31637,0.24149,0.27211,,0.18696,0.25836,0.55464,0.25897,0.18286,0.11476,0.09034,0.52103,0.22225,0.17816,0.24137,0.27415,0.18996,0.23987,0.37818,0.38838,0.07749,0.13072,0.22113,0.21939,0.11034
937,0.10580,0.06006,0.43767,0.07001,0.54651,0.16773,0.24924,0.15492,0.06539,0.24271,0.38273,0.33157,0.59750,0.18792,0.17430,0.46884,0.22411,0.10673,0.26983,0.40858,0.41851,0.84737,0.31444,0.24037,0.27059,,0.18653,0.25774,0.55364,0.25831,0.18221,0.11397,0.08913,0.51967,0.22163,0.17686,0.23990,0.27293,0.18853,0.23842,0.37643,0.38675,0.07697,0.12891,0.21974,0.21650,0.10913
938,0.10592,0.05822,0.43568,0.06881,0.54324,0.16687,0.24842,0.15464,0.06537,0.24143,0.38080,0.32992,0.59536,0.18609,0.17274,0.46779,0.22360,0.10591,0.26802,0.40720,0.41789,0.84717,0.31255,0.23898,0.26926,,0.18592,0.25678,0.55300,0.25701,0.18187,0.11281,0.08778,0.51847,0.22121,0.17623,0.23850,0.27145,0.18702,0.23726,0.37426,0.38504,0.07640,0.12698,0.21844,0.21389,0.10724
939,0.10265,0.05760,0.43334,0.06773,0.54013,0.16644,0.24731,0.15364,0.06413,0.24037,0.37931,0.32886,0.59293,0.18428,0.17169,0.46628,0.22299,0.10465,0.26625,0.40612,0.41704,0.84661,0.31059,0.23716,0.26836,,0.18551,0.25614,0.55301,0.25644,0.18144,0.11204,0.08698,0.51673,0.22029,0.17560,0.23720,0.27045,0.18607,0.23636,0.37333,0.38327,0.07584,0.12529,0.21771,0.21194,0.10524
940,0.10097,0.05662,0.43126,0.06690,0.53775,0.16602,0.24642,0.15221,0.06382,0.23897,0.37807,0.32797,0.59051,0.18271,0.17084,0.46480,0.22253,0.10369,0.26476,0.40507,0.41668,0.84586,0.30888,0.23545,0.26734,,0.18532,0.25560,0.55326,0.25594,0.18085,0.11130,0.08617,0.51532,0.21963,0.17506,0.23575,0.26964,0.18509,0.23542,0.37251,0.38170,0.07503,0.12363,0.21720,0.21018,0.10407
941,0.10153,0.05485,0.42946,0.06612,0.53577,0.16533,0.24584,0.15075,0.06481,0.23715,0.37676,0.32701,0.58828,0.18137,0.16979,0.46351,0.22228,0.10315,0.26349,0.40385,0.41688,0.84520,0.30739,0.23399,0.26597,,0.18513,0.25490,0.55321,0.25508,0.18014,0.11035,0.08513,0.51438,0.21936,0.17460,0.23419,0.26881,0.18387,0.23427,0.37129,0.38029,0.07406,0.12199,0.21645,0.20835,0.10367
942,0.09755,0.05402,0.42699,0.06461,0.53224,0.16417,0.24489,0.14989,0.06448,0.23571,0.37483,0.32613,0.58626,0.17995,0.16789,0.46196,0.22182,0.10204,0.26188,0.40244,0.41666,0.84516,0.30554,0.23233,0.26466,,0.18427,0.25377,0.55208,0.25392,0.17957,0.10918,0.08441,0.51262,0.21838,0.17397,0.23323,0.26799,0.18302,0.23291,0.37047,0.37855,0.07379,0.12065,0.21476,0.20666,0.10240
943,0.09547,0.05308,0.42443,0.06407,0.52963,0.16369,0.24360,0.14929,0.06396,0.23434,0.37353,0.32487,0.58414,0.17875,0.16566,0.46045,0.22117,0.10119,0.26063,0.40090,0.41654,0.84473,0.30342,0.23085,0.26317,,0.18339,0.25287,0.55100,0.25305,0.17909,0.10825,0.08381,0.51095,0.21748,0.17357,0.23208,0.26702,0.18175,0.23189,0.36925,0.37704,0.07321,0.11947,0.21347,0.20503,0.10048
944,0.09342,0.05168,0.42191,0.06375,0.52732,0.16319,0.24205,0.14874,0.06354,0.23264,0.37266,0.32330,0.58166,0.17744,0.16354,0.45881,0.22020,0.10060,0.25932,0.39925,0.41617,0.84395,0.30109,0.22945,0.26157,,0.18266,0.25202,0.55004,0.25221,0.17860,0.10747,0.08313,0.50937,0.21680,0.17290,0.23067,0.26580,0.18025,0.23126,0.36753,0.37548,0.07248,0.11818,0.21236,0.20295,0.09874
945,0.08769,0.04983,0.41931,0.06204,0.52366,0.16142,0.24046,0.14799,0.06323,0.23033,0.37135,0.32176,0.57866,0.17551,0.16182,0.45676,0.21892,0.09987,0.25721,0.39749,0.41500,0.84331,0.29867,0.22786,0.26005,,0.18202,0.25078,0.54888,0.25087,0.17796,0.10653,0.08220,0.50751,0.21611,0.17136,0.22920,0.26431,0.17905,0.23070,0.36559,0.37337,0.07215,0.11651,0.21066,0.19986,0.09813
946,0.08989,0.04857,0.41627,0.06075,0.52052,0.16044,0.23961,0.14631,0.06313,0.22863,0.36927,0.32075,0.57559,0.17361,0.15948,0.45490,0.21810,0.09844,0.25569,0.39544,0.41389,0.84276,0.29603,0.22608,0.25825,,0.18117,0.24974,0.54769,0.24955,0.17749,0.10553,0.08109,0.50548,0.21480,0.17049,0.22727,0.26300,0.17760,0.22909,0.36377,0.37166,0.07161,0.11446,0.20913,0.19721,0.09669
947,0.09151,0.04762,0.41296,0.05991,0.51712,0.15990,0.23854,0.14493,0.06297,0.22706,0.36697,0.31932,0.57231,0.17189,0.15713,0.45306,0.21728,0.09711,0.25415,0.39350,0.41307,0.84212,0.29308,0.22440,0.25655,,0.18042,0.24872,0.54662,0.24842,0.17677,0.10443,0.08009,0.50347,0.21373,0.16968,0.22555,0.26180,0.17589,0.22737,0.36187,0.36966,0.07107,0.11242,0.20764,0.19510,0.09526
948,0.08770,0.04670,0.40957,0.05927,0.51301,0.15918,0.23674,0.14422,0.06261,0.22522,0.36484,0.31717,0.56886,0.17028,0.15510,0.45103,0.21616,0.09619,0.25213,0.39175,0.41249,0.84128,0.28992,0.22277,0.25502,,0.17983,0.24763,0.54564,0.24738,0.17569,0.10325,0.07924,0.50156,0.21316,0.16853,0.22411,0.26052,0.17413,0.22614,0.35978,0.36711,0.07069,0.11062,0.20599,0.19311,0.09406
949,0.08465,0.04593,0.40602,0.05837,0.50881,0.15764,0.23484,0.14234,0.06231,0.22328,0.36272,0.31555,0.56574,0.16843,0.15292,0.44862,0.21510,0.09464,0.24984,0.38955,0.41181,0.84037,0.28715,0.22051,0.25293,,0.17888,0.24659,0.54457,0.24596,0.17482,0.10213,0.07797,0.49971,0.21192,0.16750,0.22164,0.25883,0.17279,0.22499,0.35759,0.36502,0.07045,0.10888,0.20402,0.19011,0.09125
950,0.07906,0.04469,0.40277,0.05810,0.50459,0.15614,0.23332,0.14103,0.06204,0.22114,0.36015,0.31371,0.56233,0.16649,0.15051,0.44642,0.21394,0.09367,0.24744,0.38763,0.41110,0.83940,0.28444,0.21841,0.25107,,0.17782,0.24540,0.54363,0.24459,0.17430,0.10116,0.07693,0.49724,0.21063,0.16629,0.21965,0.25757,0.17131,0.22371,0.35568,0.36273,0.06974,0.10685,0.20237,0.18671,0.08958
951,0.07370,0.04334,0.39934,0.05769,0.50028,0.15472,0.23192,0.14027,0.06179,0.21912,0.35767,0.31163,0.55864,0.16464,0.14817,0.44438,0.21298,0.09284,0.24547,0.38583,0.41037,0.83844,0.28163,0.21661,0.24927,,0.17694,0.24411,0.54249,0.24330,0.17377,0.10014,0.07616,0.49442,0.20948,0.16512,0.21799,0.25654,0.16961,0.22225,0.35370,0.36014,0.06899,0.10462,0.20069,0.18362,0.08874
952,0.07367,0.04257,0.39505,0.05588,0.49574,0.15316,0.23005,0.13916,0.06151,0.21762,0.35602,0.30956,0.55492,0.16302,0.14625,0.44214,0.21256,0.09118,0.24441,0.38362,0.40962,0.83761,0.27864,0.21484,0.24707,,0.17644,0.24292,0.54068,0.24189,0.17281,0.09882,0.07545,0.49194,0.20850,0.16434,0.21586,0.25508,0.16791,0.22069,0.35113,0.35738,0.06892,0.10251,0.19829,0.18142,0.08716
953,0.07614,0.04160,0.39164,0.05487,0.49176,0.15164,0.22807,0.13687,0.06138,0.21537,0.35298,0.30726,0.55118,0.16138,0.14352,0.43961,0.21125,0.09010,0.24224,0.38111,0.40904,0.83686,0.27542,0.21274,0.24489,,0.17562,0.24185,0.53909,0.24048,0.17238,0.09800,0.07425,0.48937,0.20763,0.16324,0.21396,0.25344,0.16667,0.21921,0.34887,0.35453,0.06779,0.10039,0.19581,0.17900,0.08511
954,0.07770,0.04052,0.38811,0.05453,0.48738,0.15042,0.22614,0.13474,0.06130,0.21308,0.34971,0.30533,0.54743,0.15976,0.14100,0.43702,0.20993,0.08916,0.23992,0.37863,0.40833,0.83580,0.27219,0.21069,0.24287,,0.17459,0.24045,0.53754,0.23878,0.17194,0.09730,0.07341,0.48652,0.20652,0.16182,0.21211,0.25186,0.16501,0.21782,0.34669,0.35195,0.06667,0.09859,0.19394,0.17640,0.08366
955,0.07616,0.03958,0.38396,0.05421,0.48224,0.14955,0.22436,0.13356,0.06118,0.21124,0.34715,0.30384,0.54373,0.15819,0.13938,0.43458,0.20920,0.08795,0.23813,0.37633,0.40737,0.83440,0.26904,0.20893,0.24109,,0.17359,0.23873,0.53589,0.23685,0.17108,0.09629,0.07325,0.48354,0.20512,0.16037,0.21006,0.25048,0.16268,0.21642,0.34431,0.34967,0.06637,0.09715,0.19274,0.17385,0.08307
956,0.07140,0.03922,0.38049,0.05248,0.47784,0.14864,0.22263,0.13251,0.06110,0.20943,0.34501,0.30154,0.54018,0.15654,0.13832,0.43242,0.20852,0.08660,0.23612,0.37404,0.40645,0.83359,0.26575,0.20717,0.23966,,0.17313,0.23778,0.53431,0.23584,0.16986,0.09466,0.07254,0.48124,0.20397,0.15963,0.20768,0.24919,0.16114,0.21482,0.34155,0.34699,0.06638,0.09569,0.19101,0.17169,0.08196
957,0.06724,0.03878,0.37733,0.05178,0.47393,0.14733,0.22072,0.13109,0.06042,0.20764,0.34200,0.29940,0.53681,0.15518,0.13654,0.42989,0.20743,0.08561,0.23448,0.37184,0.40568,0.83260,0.26300,0.20559,0.23772,,0.17191,0.23647,0.53273,0.23478,0.16928,0.09370,0.07172,0.47883,0.20276,0.15853,0.20553,0.24802,0.16001,0.21359,0.33939,0.34435,0.06592,0.09406,0.18924,0.16944,0.07999
958,0.06660,0.03841,0.37430,0.05217,0.47018,0.14602,0.21858,0.12958,0.05967,0.20559,0.33865,0.29740,0.53350,0.15410,0.13445,0.42735,0.20625,0.08488,0.23307,0.36965,0.40508,0.83145,0.26063,0.20413,0.23567,,0.17054,0.23494,0.53093,0.23345,0.16899,0.09318,0.07088,0.47638,0.20142,0.15735,0.20377,0.24677,0.15883,0.21253,0.33740,0.34188,0.06533,0.09245,0.18749,0.16718,0.07808
959,0.07019,0.03847,0.37130,0.05244,0.46619,0.14530,0.21629,0.12858,0.05980,0.20304,0.33623,0.29514,0.53003,0.15305,0.13324,0.42548,0.20558,0.08404,0.23148,0.36739,0.40456,0.83041,0.25815,0.20265,0.23441,,0.17034,0.23386,0.52867,0.23202,0.16803,0.09223,0.07005,0.47426,0.20005,0.15686,0.20228,0.24519,0.15724,0.21114,0.33462,0.33955,0.06538,0.09115,0.18571,0.16517,0.07754
960,0.06405,0.03748,0.36836,0.05160,0.46238,0.14430,0.21433,0.12737,0.05954,0.20147,0.33431,0.29319,0.52704,0.15181,0.13247,0.42307,0.20475,0.08354,0.22997,0.36532,0.40390,0.82917,0.25563,0.20139,0.23301,,0.16946,0.23291,0.52674,0.23061,0.16701,0.09178,0.06985,0.47184,0.19928,0.15594,0.20064,0.24388,0.15642,0.20986,0.33265,0.33737,0.06462,0.08954,0.18439,0.16352,0.07718
961,0.06031,0.03672,0.36539,0.05034,0.45858,0.14303,0.21271,0.12600,0.05908,0.20014,0.33201,0.29148,0.52397,0.15069,0.13125,0.42067,0.20374,0.08268,0.22837,0.36307,0.40309,0.82795,0.25334,0.20011,0.23161,,0.16845,0.23196,0.52480,0.22939,0.16600,0.09126,0.06987,0.46934,0.19830,0.15470,0.19915,0.24272,0.15547,0.20887,0.33103,0.33543,0.06404,0.08837,0.18292,0.16195,0.07626
962,0.06444,0.03690,0.36240,0.04948,0.45459,0.14181,0.21111,0.12458,0.05876,0.19846,0.32902,0.28971,0.52072,0.14981,0.12940,0.41864,0.20273,0.08126,0.22670,0.36061,0.40222,0.82684,0.25126,0.19879,0.23032,,0.16773,0.23092,0.52265,0.22831,0.16518,0.09034,0.06972,0.46697,0.19669,0.15341,0.19784,0.24157,0.15394,0.20805,0.32921,0.33367,0.06408,0.08778,0.18103,0.16022,0.07471
963,0.05962,0.03680,0.35963,0.04990,0.45028,0.14143,0.20869,0.12326,0.05893,0.19685,0.32641,0.28738,0.51860,0.14865,0.12833,0.41640,0.20211,0.08044,0.22541,0.35882,0.40172,0.82540,0.24864,0.19812,0.22875,,0.16674,0.22969,0.52075,0.22687,0.16522,0.08962,0.06938,0.46476,0.19538,0.15238,0.19589,0.24047,0.15283,0.20679,0.32682,0.33170,0.06329,0.08629,0.17937,0.15820,0.07375
964,0.06113,0.03669,0.35690,0.04964,0.44666,0.14051,0.20664,0.12136,0.05904,0.19486,0.32324,0.28537,0.51611,0.14776,0.12745,0.41424,0.20167,0.08002,0.22405,0.35688,0.40112,0.82408,0.24656,0.19714,0.22738,,0.16596,0.22877,0.51882,0.22556,0.16461,0.08910,0.06883,0.46202,0.19431,0.15166,0.19394,0.23895,0.15179,0.20565,0.32467,0.32947,0.06317,0.08519,0.17810,0.15650,0.07304
965,0.06386,0.03641,0.35429,0.04904,0.44337,0.13928,0.20478,0.11971,0.05898,0.19271,0.31968,0.28359,0.51311,0.14683,0.12683,0.41208,0.20099,0.07966,0.22273,0.35479,0.40042,0.82298,0.24460,0.19586,0.22608,,0.16540,0.22772,0.51673,0.22441,0.16352,0.08854,0.06827,0.45916,0.19340,0.15086,0.19225,0.23734,0.15082,0.20471,0.32278,0.32720,0.06335,0.08441,0.17698,0.15526,0.07230
966,0.05606,0.03572,0.35185,0.04935,0.43957,0.13849,0.20238,0.11948,0.05884,0.19095,0.31642,0.28160,0.51015,0.14534,0.12665,0.40977,0.19974,0.07900,0.22173,0.35291,0.39982,0.82189,0.24189,0.19477,0.22451,,0.16477,0.22579,0.51443,0.22319,0.16292,0.08767,0.06797,0.45703,0.19247,0.14946,0.19089,0.23628,0.15002,0.20387,0.32078,0.32525,0.06276,0.08332,0.17558,0.15432,0.07135
967,0.06100,0.03547,0.34897,0.04876,0.43560,0.13673,0.20016,0.11882,0.05844,0.18984,0.31367,0.27964,0.50710,0.14491,0.12589,0.40759,0.19930,0.07839,0.22038,0.35076,0.39915,0.81972,0.24002,0.19383,0.22335,,0.16369,0.22461,0.51209,0.22180,0.16190,0.08717,0.06773,0.45438,0.19131,0.14828,0.18944,0.23482,0.14888,0.20300,0.31850,0.32335,0.06244,0.08205,0.17411,0.15262,0.07107
968,0.06439,0.03567,0.34619,0.04825,0.43142,0.13540,0.19816,0.11745,0.05846,0.18876,0.31122,0.27747,0.50440,0.14429,0.12502,0.40548,0.19886,0.07745,0.21890,0.34846,0.39830,0.81798,0.23836,0.19271,0.22237,,0.16264,0.22368,0.50975,0.22035,0.16110,0.08687,0.06733,0.45174,0.19004,0.14750,0.18777,0.23331,0.14786,0.20182,0.31631,0.32141,0.06227,0.08127,0.17276,0.15101,0.07054
969,0.05793,0.03598,0.34382,0.04829,0.42730,0.13506,0.19631,0.11575,0.05901,0.18719,0.30871,0.27516,0.50218,0.14293,0.12439,0.40339,0.19797,0.07617,0.21751,0.34616,0.39736,0.81726,0.23635,0.19141,0.22132,,0.16194,0.22248,0.50745,0.21904,0.16076,0.08653,0.06682,0.44942,0.18881,0.14700,0.18597,0.23207,0.14717,0.20036,0.31440,0.31940,0.06204,0.08107,0.17153,0.15001,0.06942
970,0.05346,0.03531,0.34132,0.04751,0.42454,0.13402,0.19465,0.11532,0.05890,0.18488,0.30558,0.27363,0.49998,0.14227,0.12366,0.40128,0.19747,0.07541,0.21620,0.34409,0.39693,0.81564,0.23399,0.19071,0.22017,,0.16134,0.22089,0.50530,0.21824,0.15983,0.08602,0.06698,0.44678,0.18765,0.14639,0.18464,0.23098,0.14621,0.19945,0.31251,0.31736,0.06156,0.08035,0.17007,0.14900,0.06888
971,0.05545,0.03563,0.33867,0.04746,0.42119,0.13303,0.19283,0.11412,0.05836,0.18301,0.30253,0.27172,0.49750,0.14162,0.12288,0.39918,0.19666,0.07515,0.21499,0.34209,0.39615,0.81397,0.23218,0.18954,0.21879,,0.16054,0.21977,0.50313,0.21693,0.15907,0.08519,0.06692,0.44418,0.18631,0.14510,0.18300,0.22990,0.14516,0.19877,0.31048,0.31504,0.06146,0.07951,0.16874,0.14815,0.06851
972,0.05874,0.03640,0.33581,0.04796,0.41707,0.13220,0.19082,0.11240,0.05769,0.18181,0.29985,0.26931,0.49486,0.14074,0.12213,0.39708,0.19566,0.07485,0.21359,0.33995,0.39498,0.81236,0.23065,0.18821,0.21728,,0.15960,0.21890,0.50074,0.21527,0.15841,0.08450,0.06661,0.44165,0.18479,0.14368,0.18108,0.22858,0.14404,0.19794,0.30864,0.31268,0.06138,0.07867,0.16750,0.14726,0.06806
973,0.05473,0.03602,0.33282,0.04809,0.41295,0.13135,0.18871,0.11140,0.05729,0.18087,0.29759,0.26691,0.49235,0.13964,0.12152,0.39495,0.19495,0.07385,0.21172,0.33750,0.39371,0.81062,0.22861,0.18751,0.21586,,0.15878,0.21760,0.49794,0.21393,0.15741,0.08452,0.06641,0.43905,0.18326,0.14309,0.17934,0.22683,0.14282,0.19666,0.30743,0.31075,0.06061,0.07783,0.16611,0.14602,0.06736
974,0.05658,0.03624,0.33045,0.04818,0.40940,0.12980,0.18669,0.11065,0.05727,0.17856,0.29487,0.26536,0.48988,0.13886,0.12123,0.39247,0.19462,0.07327,0.21059,0.33541,0.39237,0.80897,0.22652,0.18638,0.21459,,0.15801,0.21611,0.49477,0.21261,0.15602,0.08389,0.06597,0.43601,0.18211,0.14225,0.17823,0.22551,0.14167,0.19590,0.30513,0.30892,0.06037,0.07708,0.16430,0.14467,0.06702
975,0.05617,0.03585,0.32772,0.04783,0.40589,0.12829,0.18477,0.10920,0.05713,0.17630,0.29200,0.26357,0.48707,0.13834,0.12058,0.38995,0.19415,0.07309,0.20949,0.33322,0.39121,0.80724,0.22451,0.18514,0.21336,,0.15711,0.21474,0.49187,0.21128,0.15496,0.08329,0.06571,0.43292,0.18088,0.14122,0.17670,0.22420,0.14066,0.19493,0.30278,0.30702,0.06020,0.07627,0.16245,0.14349,0.06663
976,0.05007,0.03466,0.32431,0.04704,0.40204,0.12740,0.18275,0.10703,0.05670,0.17491,0.28919,0.26098,0.48391,0.13788,0.11942,0.38761,0.19326,0.07296,0.20795,0.33068,0.39026,0.80543,0.22255,0.18415,0.21209,,0.15603,0.21357,0.48935,0.20991,0.15449,0.08310,0.06578,0.43005,0.17937,0.14009,0.17449,0.22264,0.13985,0.19351,0.30101,0.30493,0.05979,0.07534,0.16084,0.14261,0.06592
977,0.05054,0.03545,0.32183,0.04684,0.39816,0.12711,0.17993,0.10629,0.05657,0.17318,0.28615,0.25873,0.48135,0.13710,0.11879,0.38546,0.19225,0.07217,0.20660,0.32826,0.38887,0.80405,0.22043,0.18339,0.21078,,0.15518,0.21220,0.48602,0.20842,0.15383,0.08250,0.06566,0.42724,0.17814,0.13868,0.17353,0.22118,0.13947,0.19288,0.29880,0.30268,0.05966,0.07459,0.15922,0.14195,0.06512
978,0.05008,0.03580,0.31956,0.04661,0.39420,0.12577,0.17739,0.10504,0.05613,0.17117,0.28256,0.25650,0.47896,0.13669,0.11809,0.38293,0.19140,0.07147,0.20531,0.32567,0.38756,0.80232,0.21823,0.18275,0.20927,,0.15401,0.21064,0.48334,0.20665,0.15303,0.08214,0.06539,0.42453,0.17689,0.13789,0.17203,0.21974,0.13844,0.19186,0.29643,0.30058,0.05951,0.07389,0.15792,0.14091,0.06460
979,0.04799,0.03551,0.31707,0.04634,0.39019,0.12394,0.17513,0.10365,0.05558,0.16930,0.27897,0.25425,0.47629,0.13627,0.11751,0.38023,0.19062,0.07080,0.20424,0.32320,0.38647,0.80034,0.21600,0.18195,0.20776,,0.15296,0.20898,0.48079,0.20488,0.15204,0.08175,0.06501,0.42166,0.17552,0.13716,0.17001,0.21814,0.13704,0.19048,0.29424,0.29854,0.05915,0.07341,0.15663,0.13955,0.06429
980,0.04611,0.03535,0.31406,0.04622,0.38629,0.12300,0.17276,0.10313,0.05539,0.16802,0.27619,0.25198,0.47303,0.13512,0.11733,0.37784,0.18967,0.06992,0.20347,0.32125,0.38549,0.79855,0.21381,0.18071,0.20654,,0.15262,0.20737,0.47724,0.20347,0.15088,0.08082,0.06458,0.41842,0.17404,0.13558,0.16829,0.21627,0.13607,0.18929,0.29247,0.29631,0.05853,0.07326,0.15484,0.13821,0.06395
981,0.04255,0.03567,0.31079,0.04635,0.38314,0.12216,0.17104,0.10164,0.05552,0.16588,0.27323,0.24962,0.47025,0.13417,0.11612,0.37537,0.18862,0.06928,0.20195,0.31918,0.38418,0.79702,0.21176,0.17965,0.20514,,0.15116,0.20579,0.47418,0.20179,0.15007,0.08029,0.06437,0.41559,0.17258,0.13483,0.16691,0.21489,0.13518,0.18824,0.29003,0.29414,0.05852,0.07225,0.15320,0.13690,0.06347
982,0.04353,0.03580,0.30799,0.04651,0.37958,0.12151,0.16896,0.10009,0.05595,0.16379,0.27062,0.24721,0.46767,0.13328,0.11504,0.37312,0.18791,0.06911,0.20027,0.31676,0.38293,0.79541,0.20972,0.17879,0.20391,,0.15005,0.20420,0.47127,0.20017,0.14915,0.07973,0.06417,0.41285,0.17152,0.13403,0.16547,0.21321,0.13446,0.18707,0.28777,0.29208,0.05835,0.07114,0.15210,0.13581,0.06269
983,0.04903,0.03538,0.30573,0.04637,0.37524,0.12092,0.16627,0.09896,0.05622,0.16214,0.26824,0.24481,0.46499,0.13244,0.11475,0.37114,0.18751,0.06926,0.19887,0.31421,0.38200,0.79349,0.20765,0.17797,0.20291,,0.14984,0.20281,0.46837,0.19884,0.14798,0.07903,0.06383,0.40993,0.17065,0.13274,0.16392,0.21121,0.13383,0.18585,0.28613,0.29007,0.05779,0.07044,0.15129,0.13494,0.06184
984,0.04717,0.03476,0.30289,0.04530,0.37142,0.11974,0.16424,0.09757,0.05505,0.16009,0.26438,0.24250,0.46217,0.13197,0.11483,0.36896,0.18651,0.06902,0.19770,0.31254,0.38144,0.79121,0.20571,0.17678,0.20151,,0.14899,0.20241,0.46597,0.19773,0.14718,0.07875,0.06333,0.40680,0.16869,0.13177,0.16310,0.21053,0.13284,0.18527,0.28457,0.28790,0.05788,0.06994,0.14939,0.13400,0.06178
985,0.04526,0.03491,0.30056,0.04494,0.36803,0.11825,0.16249,0.09691,0.05430,0.15872,0.26167,0.24058,0.45984,0.13166,0.11463,0.36699,0.18559,0.06831,0.19632,0.31052,0.38005,0.78933,0.20391,0.17558,0.20032,,0.14827,0.20120,0.46302,0.19630,0.14625,0.07848,0.06342,0.40423,0.16733,0.13125,0.16164,0.20929,0.13216,0.18447,0.28225,0.28613,0.05769,0.06943,0.14800,0.13316,0.06149
986,0.04829,0.03537,0.29839,0.04534,0.36505,0.11703,0.16065,0.09605,0.05421,0.15782,0.25961,0.23872,0.45758,0.13114,0.11410,0.36487,0.18491,0.06758,0.19507,0.30821,0.37818,0.78752,0.20218,0.17459,0.19922,,0.14773,0.19945,0.45978,0.19475,0.14543,0.07832,0.06387,0.40192,0.16643,0.13044,0.15998,0.20770,0.13156,0.18325,0.27977,0.28445,0.05740,0.06870,0.14688,0.13239,0.06094
987,0.05668,0.03531,0.29570,0.04585,0.36229,0.11661,0.15844,0.09397,0.05432,0.15670,0.25684,0.23653,0.45474,0.13010,0.11342,0.36216,0.18445,0.06731,0.19438,0.30614,0.37677,0.78521,0.20038,0.17384,0.19795,,0.14715,0.19805,0.45695,0.19343,0.14502,0.07838,0.06400,0.39925,0.16517,0.12862,0.15898,0.20653,0.13057,0.18184,0.27807,0.28240,0.05748,0.06774,0.14528,0.13155,0.06044
988,0.04847,0.03574,0.29380,0.04569,0.35851,0.11587,0.15640,0.09404,0.05382,0.15493,0.25497,0.23470,0.45213,0.12916,0.11263,0.36001,0.18395,0.06659,0.19325,0.30429,0.37610,0.78339,0.19872,0.17262,0.19739,,0.14581,0.19651,0.45424,0.19180,0.14380,0.07772,0.06349,0.39639,0.16345,0.12771,0.15733,0.20519,0.12968,0.18146,0.27609,0.28076,0.05743,0.06723,0.14411,0.13047,0.06000
989,0.04007,0.03572,0.29207,0.04513,0.35461,0.11518,0.15471,0.09340,0.05356,0.15323,0.25313,0.23244,0.44973,0.12861,0.11163,0.35822,0.18305,0.06583,0.19196,0.30212,0.37517,0.78157,0.19703,0.17182,0.19657,,0.14453,0.19525,0.45141,0.19018,0.14270,0.07738,0.06311,0.39359,0.16224,0.12723,0.15580,0.20392,0.12899,0.18082,0.27433,0.27912,0.05687,0.06681,0.14311,0.12954,0.05956
990,0.04101,0.03514,0.28997,0.04478,0.35124,0.11443,0.15340,0.09125,0.05400,0.15195,0.25075,0.22997,0.44748,0.12832,0.11078,0.35638,0.18210,0.06526,0.19082,0.29966,0.37369,0.77950,0.19521,0.17163,0.19514,,0.14373,0.19424,0.44854,0.18891,0.14207,0.07758,0.06306,0.39099,0.16174,0.12670,0.15475,0.20268,0.12841,0.17948,0.27290,0.27732,0.05615,0.06637,0.14187,0.12891,0.05903
991,0.04608,0.03530,0.28739,0.04555,0.34862,0.11255,0.15240,0.09037,0.05487,0.15075,0.24804,0.22910,0.44537,0.12758,0.11123,0.35389,0.18253,0.06473,0.19011,0.29786,0.37254,0.77746,0.19328,0.17101,0.19389,,0.14314,0.19262,0.44608,0.18828,0.14125,0.07710,0.06263,0.38856,0.16103,0.12599,0.15372,0.20102,0.12776,0.17853,0.27108,0.27570,0.05662,0.06630,0.13992,0.12836,0.05832
992,0.04355,0.03425,0.28483,0.04629,0.34524,0.11194,0.15069,0.09058,0.05464,0.14866,0.24534,0.22751,0.44274,0.12699,0.11107,0.35209,0.18172,0.06475,0.18902,0.29654,0.37096,0.77600,0.19162,0.16984,0.19248,,0.14300,0.19188,0.44309,0.18701,0.14051,0.07649,0.06268,0.38613,0.15927,0.12500,0.15306,0.20000,0.12705,0.17738,0.26960,0.27388,0.05700,0.06618,0.13904,0.12786,0.05821
993,0.03896,0.03397,0.28263,0.04648,0.34194,0.11158,0.14869,0.09021,0.05337,0.14706,0.24304,0.22538,0.44017,0.12631,0.11091,0.35060,0.18049,0.06453,0.18762,0.29508,0.36948,0.77467,0.19042,0.16868,0.19125,,0.14259,0.19115,0.44003,0.18554,0.13979,0.07589,0.06286,0.38389,0.15754,0.12417,0.15215,0.19921,0.12624,0.17616,0.26826,0.27197,0.05689,0.06557,0.13861,0.12736,0.05855
994,0.04126,0.03615,0.28101,0.04596,0.33981,0.11001,0.14712,0.08788,0.05195,0.14718,0.24130,0.22354,0.43840,0.12528,0.11152,0.34868,0.18026,0.06335,0.18629,0.29297,0.36870,0.77286,0.18958,0.16809,0.19054,,0.14136,0.18928,0.43761,0.18456,0.13896,0.07531,0.06257,0.38203,0.15702,0.12392,0.15048,0.19791,0.12535,0.17519,0.26660,0.27031,0.05634,0.06440,0.13743,0.12676,0.05876
995,0.04413,0.03466,0.27998,0.04505,0.33683,0.10929,0.14570,0.08644,0.05235,0.14564,0.23912,0.22171,0.43668,0.12495,0.11048,0.34669,0.17979,0.06318,0.18542,0.29128,0.36764,0.77071,0.18799,0.16721,0.18967,,0.14077,0.18779,0.43520,0.18327,0.13816,0.07482,0.06235,0.38019,0.15619,0.12381,0.14963,0.19642,0.12461,0.17450,0.26431,0.26949,0.05594,0.06420,0.13567,0.12590,0.05763
996,0.04388,0.03481,0.27838,0.04476,0.33443,0.10858,0.14418,0.08574,0.05267,0.14395,0.23706,0.22070,0.43425,0.12477,0.10951,0.34485,0.17896,0.06321,0.18475,0.28969,0.36622,0.76840,0.18587,0.16645,0.18879,,0.13996,0.18658,0.43236,0.18198,0.13737,0.07463,0.06247,0.37761,0.15473,0.12328,0.14833,0.19510,0.12388,0.17363,0.26264,0.26818,0.05598,0.06424,0.13442,0.12522,0.05740
997,0.04082,0.03700,0.27612,0.04515,0.33259,0.10780,0.14251,0.08545,0.05238,0.14252,0.23502,0.21994,0.43152,0.12443,0.10914,0.34310,0.17802,0.06296,0.18403,0.28825,0.36486,0.76620,0.18380,0.16587,0.18791,,0.13902,0.18563,0.42951,0.18099,0.13659,0.07462,0.06274,0.37458,0.15311,0.12232,0.14665,0.19395,0.12312,0.17264,0.26165,0.26616,0.05619,0.06416,0.13387,0.12466,0.05793
998,0.03941,0.03586,0.27426,0.04511,0.32951,0.10784,0.14086,0.08515,0.05258,0.14038,0.23211,0.21738,0.43019,0.12396,0.10839,0.34112,0.17758,0.06244,0.18311,0.28736,0.36441,0.76442,0.18258,0.16504,0.18689,,0.13913,0.18500,0.42797,0.18043,0.13585,0.07433,0.06252,0.37260,0.15260,0.12162,0.14626,0.19260,0.12231,0.17219,0.26010,0.26453,0.05569,0.06414,0.13316,0.12367,0.05639
999,0.03497,0.03551,0.27281,0.04461,0.32664,0.10756,0.14024,0.08414,0.05186,0.14001,0.23017,0.21560,0.42857,0.12337,0.10769,0.33974,0.17716,0.06184,0.18222,0.28591,0.36345,0.76303,0.18155,0.16436,0.18639,,0.13822,0.18425,0.42584,0.17926,0.13534,0.07422,0.06240,0.37106,0.15177,0.12115,0.14556,0.19104,0.12239,0.17143,0.25842,0.26315,0.05497,0.06351,0.13209,0.12406,0.05629
1000,0.02955,0.03572,0.27102,0.04393,0.32454,0.10719,0.13975,0.08284,0.05132,0.13971,0.22892,0.21413,0.42678,0.12295,0.10764,0.33845,0.17667,0.06149,0.18147,0.28377,0.36233,0.76166,0.18048,0.16401,0.18569,,0.13709,0.18317,0.42340,0.17766,0.13463,0.07399,0.06217,0.36935,0.15084,0.12084,0.14498,0.18991,0.12199,0.17061,0.25719,0.26219,0.05430,0.06295,0.13106,0.12449,0.05632
1001,0.03692,0.02680,0.25756,0.03927,0.31560,0.09248,0.13478,0.08105,0.05192,0.12754,0.22613,0.21340,0.41394,0.13084,0.09087,0.32747,0.14740,0.06419,0.16816,0.26520,0.35911,0.75274,0.14856,0.13422,0.15658,,0.12874,0.17216,0.38862,0.18305,0.14522,0.05886,0.05904,0.36333,0.15448,0.13399,0.14434,0.18579,0.12515,0.15713,0.24696,0.22706,0.05743,0.05170,0.14922,0.09776,0.06531
1002,0.03656,0.02679,0.25579,0.03919,0.31304,0.09185,0.13334,0.08026,0.05174,0.12654,0.22424,0.21191,0.41212,0.13034,0.09057,0.32594,0.14688,0.06386,0.16775,0.26366,0.35807,0.75119,0.14735,0.13369,0.15575,,0.12817,0.17120,0.38633,0.18193,0.14446,0.05860,0.05886,0.36135,0.15351,0.13336,0.14348,0.18466,0.12459,0.15649,0.24558,0.22583,0.05724,0.05137,0.14811,0.09724,0.06507
1003,0.03613,0.02676,0.25408,0.03912,0.31051,0.09128,0.13196,0.07949,0.05154,0.12557,0.22241,0.21044,0.41036,0.12985,0.09027,0.32446,0.14635,0.06354,0.16732,0.26214,0.35700,0.74976,0.14617,0.13319,0.15494,,0.12761,0.17025,0.38408,0.18085,0.14370,0.05836,0.05870,0.35945,0.15255,0.13276,0.14267,0.18356,0.12403,0.15586,0.24423,0.22461,0.05705,0.05107,0.14702,0.09673,0.06481
1004,0.03583,0.02678,0.25243,0.03906,0.30814,0.09068,0.13060,0.07875,0.05138,0.12462,0.22063,0.20903,0.40865,0.12938,0.08999,0.32302,0.14584,0.06323,0.16688,0.26069,0.35599,0.74825,0.14504,0.13269,0.15417,,0.12707,0.16935,0.38190,0.17979,0.14297,0.05812,0.05853,0.35758,0.15164,0.13216,0.14188,0.18251,0.12352,0.15526,0.24292,0.22349,0.05688,0.05077,0.14597,0.09626,0.06459
1005,0.03552,0.02683,0.25080,0.03902,0.30588,0.09005,0.12923,0.07799,0.05122,0.12367,0.21889,0.20764,0.40700,0.12891,0.08972,0.32161,0.14535,0.06294,0.16640,0.25930,0.35501,0.74666,0.14396,0.13217,0.15341,,0.12656,0.16847,0.37976,0.17877,0.14230,0.05788,0.05839,0.35575,0.15078,0.13155,0.14113,0.18152,0.12303,0.15468,0.24164,0.22244,0.05673,0.05047,0.14495,0.09583,0.06442
1006,0.03524,0.02686,0.24927,0.03897,0.30369,0.08948,0.12795,0.07729,0.05106,0.12277,0.21720,0.20634,0.40541,0.12846,0.08947,0.32028,0.14487,0.06266,0.16594,0.25794,0.35406,0.74522,0.14291,0.13171,0.15270,,0.12606,0.16762,0.37770,0.17777,0.14162,0.05766,0.05824,0.35400,0.14993,0.13100,0.14040,0.18053,0.12256,0.15412,0.24044,0.22140,0.05658,0.05020,0.14399,0.09541,0.06422
1007,0.03503,0.02690,0.24781,0.03893,0.30162,0.08892,0.12673,0.07663,0.05094,0.12191,0.21553,0.20507,0.40387,0.12801,0.08925,0.31899,0.14440,0.06240,0.16546,0.25660,0.35315,0.74382,0.14188,0.13126,0.15202,,0.12559,0.16679,0.37568,0.17682,0.14095,0.05747,0.05809,0.35229,0.14912,0.13047,0.13970,0.17955,0.12212,0.15360,0.23929,0.22040,0.05644,0.04993,0.14308,0.09501,0.06403
1008,0.03496,0.02693,0.24645,0.03890,0.29961,0.08840,0.12553,0.07601,0.05080,0.12109,0.21397,0.20389,0.40234,0.12761,0.08904,0.31774,0.14397,0.06214,0.16503,0.25533,0.35229,0.74246,0.14090,0.13084,0.15136,,0.12512,0.16599,0.37375,0.17586,0.14033,0.05728,0.05794,0.35065,0.14834,0.12999,0.13902,0.17861,0.12170,0.15309,0.23817,0.21944,0.05629,0.04969,0.14220,0.09463,0.06385
1009,0.03474,0.02692,0.24514,0.03886,0.29760,0.08791,0.12438,0.07540,0.05064,0.12031,0.21247,0.20277,0.40092,0.12722,0.08884,0.31657,0.14353,0.06189,0.16461,0.25412,0.35144,0.74118,0.13998,0.13049,0.15070,,0.12466,0.16521,0.37188,0.17495,0.13973,0.05710,0.05779,0.34908,0.14757,0.12951,0.13836,0.17769,0.12127,0.15259,0.23713,0.21850,0.05614,0.04948,0.14136,0.09426,0.06365
1010,0.03454,0.02695,0.24386,0.03884,0.29571,0.08746,0.12328,0.07481,0.05048,0.11957,0.21101,0.20164,0.39958,0.12682,0.08866,0.31547,0.14312,0.06167,0.16422,0.25295,0.35056,0.73995,0.13912,0.13015,0.15009,,0.12424,0.16447,0.37011,0.17409,0.13914,0.05692,0.05766,0.34758,0.14683,0.12908,0.13775,0.17682,0.12086,0.15213,0.23613,0.21759,0.05600,0.04926,0.14058,0.09390,0.06346
1011,0.03441,0.02700,0.24266,0.03881,0.29398,0.08699,0.12223,0.07424,0.05035,0.11888,0.20964,0.20056,0.39831,0.12648,0.08849,0.31439,0.14273,0.06145,0.16385,0.25188,0.34975,0.73865,0.13830,0.12982,0.14952,,0.12383,0.16376,0.36839,0.17326,0.13858,0.05674,0.05754,0.34613,0.14614,0.12867,0.13717,0.17600,0.12048,0.15171,0.23515,0.21680,0.05588,0.04906,0.13985,0.09357,0.06329
1012,0.03423,0.02703,0.24152,0.03875,0.29231,0.08651,0.12126,0.07368,0.05022,0.11821,0.20834,0.19952,0.39717,0.12616,0.08833,0.31341,0.14238,0.06125,0.16349,0.25087,0.34896,0.73741,0.13753,0.12951,0.14897,,0.12345,0.16308,0.36674,0.17250,0.13804,0.05658,0.05743,0.34476,0.14547,0.12824,0.13664,0.17522,0.12013,0.15131,0.23423,0.21606,0.05578,0.04888,0.13914,0.09329,0.06312
1013,0.03420,0.02708,0.24049,0.03872,0.29076,0.08608,0.12033,0.07318,0.05012,0.11759,0.20712,0.19853,0.39609,0.12585,0.08821,0.31249,0.14206,0.06105,0.16314,0.24991,0.34818,0.73623,0.13680,0.12921,0.14847,,0.12309,0.16246,0.36517,0.17180,0.13751,0.05642,0.05736,0.34349,0.14487,0.12784,0.13615,0.17449,0.11983,0.15096,0.23337,0.21535,0.05571,0.04872,0.13846,0.09304,0.06300
1014,0.03415,0.02712,0.23956,0.03868,0.28931,0.08569,0.11948,0.07272,0.05006,0.11703,0.20595,0.19768,0.39509,0.12558,0.08812,0.31159,0.14174,0.06086,0.16283,0.24900,0.34750,0.73511,0.13612,0.12892,0.14801,,0.12276,0.16188,0.36367,0.17112,0.13702,0.05629,0.05728,0.34227,0.14431,0.12749,0.13568,0.17381,0.11954,0.15062,0.23259,0.21472,0.05563,0.04860,0.13781,0.09283,0.06290
1015,0.03400,0.02714,0.23868,0.03867,0.28792,0.08535,0.11867,0.07228,0.04997,0.11649,0.20484,0.19691,0.39415,0.12533,0.08805,0.31076,0.14144,0.06070,0.16258,0.24816,0.34685,0.73413,0.13551,0.12869,0.14758,,0.12247,0.16133,0.36229,0.17049,0.13657,0.05617,0.05718,0.34112,0.14379,0.12714,0.13526,0.17318,0.11929,0.15029,0.23187,0.21413,0.05552,0.04848,0.13720,0.09264,0.06280
1016,0.03393,0.02718,0.23786,0.03868,0.28666,0.08504,0.11790,0.07189,0.04988,0.11602,0.20382,0.19615,0.39328,0.12510,0.08800,0.31000,0.14117,0.06056,0.16236,0.24737,0.34624,0.73323,0.13496,0.12848,0.14717,,0.12218,0.16081,0.36099,0.16992,0.13613,0.05605,0.05710,0.34006,0.14332,0.12685,0.13486,0.17261,0.11907,0.15001,0.23122,0.21357,0.05543,0.04838,0.13668,0.09249,0.06272
1017,0.03384,0.02723,0.23711,0.03868,0.28552,0.08475,0.11718,0.07153,0.04981,0.11559,0.20286,0.19546,0.39251,0.12490,0.08796,0.30932,0.14093,0.06044,0.16218,0.24664,0.34568,0.73237,0.13447,0.12830,0.14681,,0.12192,0.16034,0.35978,0.16939,0.13574,0.05596,0.05703,0.33908,0.14289,0.12659,0.13450,0.17207,0.11886,0.14976,0.23062,0.21309,0.05536,0.04830,0.13620,0.09236,0.06265
1018,0.03369,0.02730,0.23636,0.03867,0.28448,0.08449,0.11652,0.07122,0.04972,0.11520,0.20193,0.19481,0.39182,0.12472,0.08791,0.30871,0.14071,0.06034,0.16206,0.24597,0.34515,0.73158,0.13404,0.12816,0.14650,,0.12167,0.15990,0.35869,0.16892,0.13537,0.05587,0.05695,0.33817,0.14248,0.12638,0.13418,0.17154,0.11867,0.14955,0.23010,0.21269,0.05528,0.04821,0.13579,0.09224,0.06257
1019,0.03360,0.02735,0.23576,0.03869,0.28357,0.08425,0.11591,0.07093,0.04965,0.11486,0.20116,0.19424,0.39123,0.12458,0.08790,0.30816,0.14053,0.06025,0.16197,0.24538,0.34466,0.73082,0.13366,0.12806,0.14621,,0.12145,0.15951,0.35765,0.16848,0.13503,0.05580,0.05690,0.33735,0.14213,0.12616,0.13389,0.17108,0.11851,0.14937,0.22961,0.21233,0.05524,0.04815,0.13543,0.09217,0.06252
1020,0.03355,0.02741,0.23526,0.03872,0.28277,0.08405,0.11534,0.07068,0.04959,0.11459,0.20050,0.19370,0.39074,0.12446,0.08790,0.30769,0.14039,0.06016,0.16189,0.24486,0.34418,0.73011,0.13334,0.12798,0.14596,,0.12125,0.15916,0.35666,0.16809,0.13473,0.05573,0.05686,0.33662,0.14182,0.12598,0.13364,0.17067,0.11838,0.14921,0.22917,0.21202,0.05523,0.04811,0.13512,0.09212,0.06247
1021,0.03346,0.02748,0.23487,0.03875,0.28211,0.08386,0.11487,0.07045,0.04955,0.11434,0.19988,0.19327,0.39035,0.12438,0.08795,0.30729,0.14025,0.06008,0.16187,0.24440,0.34379,0.72941,0.13307,0.12792,0.14574,,0.12109,0.15888,0.35577,0.16774,0.13444,0.05569,0.05683,0.33596,0.14155,0.12580,0.13341,0.17030,0.11828,0.14907,0.22880,0.21179,0.05522,0.04810,0.13484,0.09211,0.06245
1022,0.03347,0.02755,0.23456,0.03879,0.28153,0.08369,0.11446,0.07026,0.04952,0.11415,0.19938,0.19292,0.39004,0.12434,0.08801,0.30696,0.14015,0.06004,0.16191,0.24399,0.34345,0.72880,0.13286,0.12791,0.14559,,0.12097,0.15861,0.35498,0.16745,0.13420,0.05565,0.05681,0.33539,0.14132,0.12566,0.13325,0.16999,0.11822,0.14898,0.22847,0.21162,0.05521,0.04810,0.13461,0.09215,0.06245
1023,0.03349,0.02762,0.23434,0.03883,0.28107,0.08356,0.11410,0.07009,0.04950,0.11402,0.19894,0.19262,0.38980,0.12434,0.08810,0.30669,0.14007,0.06001,0.16198,0.24367,0.34315,0.72831,0.13268,0.12791,0.14544,,0.12087,0.15837,0.35427,0.16720,0.13399,0.05562,0.05681,0.33492,0.14114,0.12556,0.13312,0.16973,0.11819,0.14892,0.22823,0.21147,0.05522,0.04810,0.13445,0.09222,0.06245
1024,0.03352,0.02771,0.23420,0.03886,0.28075,0.08344,0.11382,0.06996,0.04947,0.11391,0.19852,0.19238,0.38964,0.12436,0.08821,0.30652,0.14003,0.06000,0.16212,0.24340,0.34293,0.72791,0.13257,0.12793,0.14533,,0.12077,0.15820,0.35367,0.16701,0.13382,0.05560,0.05681,0.33454,0.14100,0.12550,0.13302,0.16951,0.11819,0.14890,0.22806,0.21138,0.05523,0.04814,0.13432,0.09232,0.06247
1025,0.03359,0.02781,0.23410,0.03891,0.28051,0.08335,0.11357,0.06986,0.04946,0.11383,0.19823,0.19219,0.38956,0.12442,0.08831,0.30641,0.14003,0.06000,0.16230,0.24320,0.34272,0.72759,0.13254,0.12800,0.14529,,0.12070,0.15806,0.35319,0.16688,0.13370,0.05560,0.05684,0.33422,0.14089,0.12548,0.13298,0.16934,0.11821,0.14890,0.22793,0.21136,0.05525,0.04819,0.13426,0.09243,0.06252
1026,0.03362,0.02791,0.23411,0.03895,0.28036,0.08332,0.11336,0.06981,0.04946,0.11385,0.19801,0.19206,0.38959,0.12451,0.08844,0.30633,0.14006,0.06001,0.16252,0.24309,0.34254,0.72729,0.13256,0.12810,0.14528,,0.12065,0.15797,0.35278,0.16677,0.13361,0.05561,0.05686,0.33399,0.14082,0.12547,0.13297,0.16922,0.11822,0.14892,0.22786,0.21139,0.05527,0.04826,0.13424,0.09256,0.06258
1027,0.03362,0.02802,0.23418,0.03899,0.28039,0.08327,0.11321,0.06980,0.04946,0.11388,0.19782,0.19202,0.38975,0.12462,0.08860,0.30636,0.14011,0.06006,0.16276,0.24302,0.34245,0.72706,0.13263,0.12822,0.14529,,0.12062,0.15792,0.35246,0.16673,0.13353,0.05563,0.05687,0.33385,0.14079,0.12546,0.13296,0.16915,0.11825,0.14898,0.22787,0.21150,0.05529,0.04835,0.13427,0.09273,0.06264
1028,0.03377,0.02812,0.23432,0.03904,0.28050,0.08327,0.11312,0.06982,0.04950,0.11396,0.19772,0.19205,0.39000,0.12475,0.08879,0.30646,0.14021,0.06012,0.16303,0.24302,0.34240,0.72693,0.13277,0.12840,0.14537,,0.12063,0.15793,0.35223,0.16675,0.13347,0.05565,0.05691,0.33378,0.14082,0.12548,0.13301,0.16913,0.11834,0.14908,0.22796,0.21168,0.05535,0.04845,0.13435,0.09294,0.06273
1029,0.03400,0.02821,0.23456,0.03909,0.28069,0.08332,0.11312,0.06986,0.04954,0.11414,0.19773,0.19216,0.39034,0.12491,0.08902,0.30663,0.14031,0.06019,0.16334,0.24308,0.34234,0.72689,0.13294,0.12859,0.14546,,0.12068,0.15797,0.35210,0.16680,0.13345,0.05569,0.05695,0.33379,0.14089,0.12555,0.13309,0.16916,0.11847,0.14923,0.22808,0.21191,0.05541,0.04856,0.13448,0.09320,0.06283
1030,0.03418,0.02833,0.23490,0.03915,0.28103,0.08341,0.11315,0.06995,0.04958,0.11434,0.19784,0.19233,0.39076,0.12509,0.08926,0.30684,0.14045,0.06029,0.16366,0.24323,0.34235,0.72697,0.13316,0.12879,0.14559,,0.12074,0.15804,0.35202,0.16692,0.13347,0.05575,0.05701,0.33391,0.14099,0.12564,0.13320,0.16924,0.11862,0.14939,0.22827,0.21220,0.05549,0.04871,0.13469,0.09348,0.06294
1031,0.03441,0.02847,0.23530,0.03923,0.28144,0.08352,0.11324,0.07006,0.04964,0.11458,0.19800,0.19253,0.39127,0.12531,0.08951,0.30715,0.14062,0.06038,0.16402,0.24346,0.34242,0.72709,0.13347,0.12905,0.14577,,0.12082,0.15819,0.35203,0.16710,0.13355,0.05580,0.05710,0.33408,0.14114,0.12576,0.13336,0.16936,0.11879,0.14957,0.22851,0.21253,0.05559,0.04890,0.13492,0.09379,0.06307
1032,0.03454,0.02857,0.23577,0.03932,0.28195,0.08365,0.11339,0.07021,0.04968,0.11489,0.19823,0.19280,0.39184,0.12559,0.08978,0.30754,0.14079,0.06050,0.16440,0.24373,0.34253,0.72720,0.13381,0.12934,0.14600,,0.12093,0.15835,0.35215,0.16731,0.13365,0.05587,0.05718,0.33434,0.14132,0.12593,0.13354,0.16954,0.11898,0.14979,0.22876,0.21291,0.05568,0.04909,0.13517,0.09413,0.06321
1033,0.03460,0.02871,0.23633,0.03941,0.28261,0.08380,0.11358,0.07040,0.04973,0.11523,0.19855,0.19312,0.39255,0.12589,0.09009,0.30798,0.14101,0.06065,0.16483,0.24406,0.34270,0.72734,0.13420,0.12965,0.14626,,0.12104,0.15854,0.35235,0.16755,0.13377,0.05597,0.05726,0.33473,0.14156,0.12612,0.13378,0.16975,0.11920,0.15004,0.22908,0.21333,0.05577,0.04931,0.13550,0.09451,0.06335
1034,0.03477,0.02885,0.23697,0.03952,0.28336,0.08396,0.11382,0.07061,0.04981,0.11562,0.19892,0.19350,0.39334,0.12622,0.09041,0.30849,0.14125,0.06081,0.16527,0.24444,0.34292,0.72758,0.13466,0.13000,0.14656,,0.12119,0.15878,0.35267,0.16784,0.13392,0.05607,0.05736,0.33515,0.14183,0.12633,0.13406,0.17003,0.11944,0.15032,0.22946,0.21382,0.05588,0.04954,0.13589,0.09491,0.06351
1035,0.03502,0.02900,0.23766,0.03963,0.28422,0.08413,0.11414,0.07085,0.04990,0.11604,0.19932,0.19392,0.39423,0.12657,0.09074,0.30909,0.14151,0.06097,0.16574,0.24487,0.34319,0.72786,0.13519,0.13040,0.14691,,0.12136,0.15908,0.35309,0.16818,0.13410,0.05617,0.05747,0.33563,0.14216,0.12656,0.13438,0.17036,0.11969,0.15064,0.22991,0.21438,0.05600,0.04977,0.13632,0.09536,0.06368
1036,0.03526,0.02911,0.23845,0.03975,0.28526,0.08433,0.11452,0.07111,0.04998,0.11653,0.19984,0.19444,0.39517,0.12695,0.09110,0.30974,0.14181,0.06116,0.16624,0.24536,0.34348,0.72829,0.13575,0.13078,0.14728,,0.12155,0.15940,0.35359,0.16855,0.13429,0.05632,0.05760,0.33622,0.14252,0.12680,0.13473,0.17072,0.11997,0.15100,0.23044,0.21500,0.05614,0.05000,0.13681,0.09584,0.06387
1037,0.03550,0.02926,0.23933,0.03986,0.28637,0.08459,0.11492,0.07139,0.05008,0.11706,0.20047,0.19503,0.39621,0.12736,0.09149,0.31043,0.14215,0.06136,0.16679,0.24596,0.34382,0.72878,0.13637,0.13118,0.14768,,0.12177,0.15977,0.35418,0.16898,0.13455,0.05648,0.05774,0.33686,0.14292,0.12707,0.13511,0.17113,0.12028,0.15139,0.23105,0.21567,0.05629,0.05027,0.13736,0.09634,0.06408
1038,0.03582,0.02942,0.24031,0.03999,0.28752,0.08484,0.11540,0.07172,0.05018,0.11760,0.20115,0.19566,0.39731,0.12779,0.09187,0.31121,0.14251,0.06157,0.16734,0.24662,0.34421,0.72927,0.13706,0.13162,0.14810,,0.12204,0.16020,0.35485,0.16947,0.13484,0.05664,0.05790,0.33754,0.14333,0.12735,0.13550,0.17160,0.12059,0.15180,0.23170,0.21640,0.05643,0.05056,0.13793,0.09687,0.06432
1039,0.03615,0.02957,0.24136,0.04011,0.28885,0.08513,0.11592,0.07209,0.05026,0.11821,0.20191,0.19638,0.39849,0.12826,0.09228,0.31206,0.14289,0.06180,0.16793,0.24732,0.34467,0.72990,0.13780,0.13209,0.14854,,0.12233,0.16065,0.35558,0.17001,0.13514,0.05681,0.05806,0.33837,0.14379,0.12767,0.13591,0.17209,0.12095,0.15225,0.23239,0.21715,0.05660,0.05088,0.13852,0.09743,0.06457
1040,0.03647,0.02977,0.24246,0.04024,0.29023,0.08546,0.11649,0.07248,0.05038,0.11886,0.20278,0.19714,0.39978,0.12875,0.09274,0.31294,0.14329,0.06204,0.16854,0.24809,0.34515,0.73054,0.13857,0.13263,0.14905,,0.12264,0.16112,0.35639,0.17060,0.13550,0.05698,0.05823,0.33925,0.14430,0.12805,0.13636,0.17262,0.12137,0.15271,0.23313,0.21794,0.05677,0.05122,0.13917,0.09801,0.06482
1041,0.03685,0.02999,0.24364,0.04037,0.29166,0.08581,0.11712,0.07289,0.05054,0.11955,0.20367,0.19791,0.40113,0.12927,0.09320,0.31387,0.14370,0.06230,0.16918,0.24891,0.34562,0.73126,0.13941,0.13321,0.14959,,0.12299,0.16164,0.35729,0.17120,0.13586,0.05716,0.05841,0.34020,0.14484,0.12845,0.13684,0.17323,0.12179,0.15319,0.23390,0.21880,0.05694,0.05158,0.13988,0.09862,0.06508
1042,0.03723,0.03018,0.24486,0.04051,0.29322,0.08621,0.11777,0.07336,0.05069,0.12030,0.20462,0.19875,0.40259,0.12982,0.09369,0.31487,0.14413,0.06256,0.16985,0.24977,0.34616,0.73215,0.14030,0.13381,0.15016,,0.12334,0.16218,0.35824,0.17186,0.13625,0.05737,0.05859,0.34125,0.14542,0.12887,0.13737,0.17385,0.12223,0.15373,0.23470,0.21970,0.05714,0.05195,0.14063,0.09925,0.06535
1043,0.03753,0.03035,0.24611,0.04066,0.29485,0.08663,0.11846,0.07387,0.05086,0.12109,0.20560,0.19968,0.40410,0.13037,0.09420,0.31592,0.14458,0.06285,0.17054,0.25072,0.34672,0.73300,0.14122,0.13442,0.15078,,0.12372,0.16277,0.35929,0.17257,0.13668,0.05758,0.05878,0.34232,0.14602,0.12932,0.13796,0.17451,0.12270,0.15427,0.23556,0.22066,0.05734,0.05233,0.14143,0.09990,0.06563
1044,0.03783,0.03054,0.24746,0.04080,0.29652,0.08707,0.11920,0.07438,0.05102,0.12192,0.20660,0.20064,0.40563,0.13096,0.09472,0.31705,0.14504,0.06314,0.17127,0.25170,0.34731,0.73384,0.14218,0.13503,0.15143,,0.12411,0.16340,0.36037,0.17330,0.13711,0.05780,0.05897,0.34343,0.14665,0.12977,0.13858,0.17521,0.12318,0.15484,0.23649,0.22166,0.05754,0.05273,0.14226,0.10061,0.06593
1045,0.03820,0.03072,0.24887,0.04096,0.29831,0.08754,0.11998,0.07492,0.05115,0.12277,0.20768,0.20166,0.40724,0.13157,0.09526,0.31825,0.14552,0.06343,0.17202,0.25270,0.34795,0.73474,0.14319,0.13568,0.15210,,0.12449,0.16405,0.36155,0.17408,0.13755,0.05804,0.05919,0.34461,0.14733,0.13022,0.13923,0.17594,0.12367,0.15545,0.23745,0.22270,0.05775,0.05314,0.14313,0.10133,0.06625
1046,0.03854,0.03089,0.25035,0.04115,0.30019,0.08799,0.12081,0.07545,0.05128,0.12363,0.20884,0.20276,0.40894,0.13219,0.09584,0.31949,0.14603,0.06376,0.17282,0.25373,0.34862,0.73566,0.14425,0.13635,0.15281,,0.12490,0.16473,0.36283,0.17488,0.13801,0.05826,0.05942,0.34585,0.14806,0.13068,0.13991,0.17670,0.12419,0.15606,0.23842,0.22375,0.05796,0.05358,0.14403,0.10210,0.06658
1047,0.03885,0.03111,0.25188,0.04133,0.30215,0.08846,0.12171,0.07601,0.05145,0.12454,0.21007,0.20386,0.41069,0.13287,0.09642,0.32078,0.14654,0.06411,0.17364,0.25479,0.34929,0.73663,0.14535,0.13704,0.15355,,0.12533,0.16543,0.36414,0.17569,0.13849,0.05851,0.05965,0.34717,0.14882,0.13117,0.14059,0.17749,0.12472,0.15670,0.23946,0.22484,0.05818,0.05404,0.14495,0.10286,0.06694
1048,0.03932,0.03135,0.25345,0.04152,0.30419,0.08896,0.12265,0.07661,0.05161,0.12548,0.21136,0.20497,0.41249,0.13356,0.09701,0.32209,0.14708,0.06446,0.17449,0.25592,0.34996,0.73767,0.14649,0.13776,0.15431,,0.12579,0.16615,0.36552,0.17653,0.13900,0.05877,0.05990,0.34856,0.14959,0.13168,0.14127,0.17831,0.12525,0.15736,0.24050,0.22598,0.05841,0.05450,0.14591,0.10361,0.06732
1049,0.03977,0.03156,0.25511,0.04168,0.30628,0.08946,0.12359,0.07723,0.05177,0.12646,0.21270,0.20616,0.41437,0.13424,0.09764,0.32344,0.14763,0.06482,0.17537,0.25709,0.35067,0.73875,0.14764,0.13849,0.15507,,0.12626,0.16692,0.36694,0.17742,0.13952,0.05902,0.06014,0.35001,0.15039,0.13222,0.14198,0.17919,0.12584,0.15802,0.24155,0.22715,0.05864,0.05498,0.14690,0.10439,0.06768
1050,0.04017,0.03177,0.25679,0.04185,0.30844,0.08998,0.12458,0.07789,0.05195,0.12746,0.21404,0.20739,0.41627,0.13494,0.09825,0.32483,0.14819,0.06519,0.17628,0.25830,0.35141,0.73987,0.14882,0.13923,0.15586,,0.12674,0.16769,0.36839,0.17833,0.14005,0.05929,0.06038,0.35147,0.15119,0.13277,0.14271,0.18009,0.12645,0.15871,0.24269,0.22836,0.05889,0.05546,0.14792,0.10519,0.06805
1051,0.04057,0.03198,0.25850,0.04200,0.31069,0.09053,0.12561,0.07859,0.05213,0.12849,0.21541,0.20865,0.41817,0.13566,0.09885,0.32628,0.14876,0.06557,0.17721,0.25958,0.35216,0.74102,0.15003,0.13997,0.15669,,0.12724,0.16849,0.36984,0.17928,0.14061,0.05956,0.06064,0.35298,0.15200,0.13335,0.14348,0.18101,0.12708,0.15942,0.24392,0.22963,0.05915,0.05595,0.14897,0.10600,0.06841
1052,0.04105,0.03219,0.26024,0.04217,0.31294,0.09109,0.12663,0.07928,0.05232,0.12952,0.21679,0.20992,0.42012,0.13636,0.09946,0.32774,0.14934,0.06594,0.17818,0.26089,0.35295,0.74223,0.15127,0.14073,0.15751,,0.12774,0.16931,0.37137,0.18025,0.14118,0.05985,0.06090,0.35449,0.15284,0.13393,0.14426,0.18196,0.12770,0.16012,0.24516,0.23089,0.05942,0.05645,0.15002,0.10683,0.06879
1053,0.04140,0.03238,0.26204,0.04237,0.31521,0.09165,0.12768,0.07995,0.05250,0.13058,0.21823,0.21123,0.42215,0.13710,0.10009,0.32923,0.14990,0.06632,0.17917,0.26220,0.35376,0.74349,0.15254,0.14151,0.15835,,0.12825,0.17014,0.37292,0.18123,0.14176,0.06013,0.06117,0.35602,0.15372,0.13450,0.14506,0.18294,0.12834,0.16083,0.24642,0.23217,0.05967,0.05696,0.15109,0.10767,0.06918
1054,0.04177,0.03258,0.26383,0.04259,0.31757,0.09225,0.12881,0.08067,0.05269,0.13166,0.21970,0.21257,0.42415,0.13785,0.10072,0.33075,0.15050,0.06671,0.18022,0.26353,0.35460,0.74473,0.15384,0.14230,0.15923,,0.12877,0.17096,0.37449,0.18222,0.14234,0.06044,0.06146,0.35761,0.15460,0.13509,0.14590,0.18392,0.12897,0.16158,0.24771,0.23344,0.05993,0.05748,0.15219,0.10853,0.06961
1055,0.04219,0.03281,0.26561,0.04280,0.31993,0.09287,0.12994,0.08140,0.05287,0.13278,0.22121,0.21388,0.42615,0.13862,0.10137,0.33224,0.15111,0.06712,0.18129,0.26486,0.35545,0.74592,0.15514,0.14308,0.16011,,0.12929,0.17180,0.37612,0.18322,0.14293,0.06075,0.06174,0.35922,0.15549,0.13568,0.14674,0.18492,0.12961,0.16233,0.24896,0.23471,0.06017,0.05801,0.15331,0.10940,0.07006
1056,0.04258,0.03303,0.26747,0.04301,0.32233,0.09350,0.13106,0.08213,0.05306,0.13394,0.22277,0.21524,0.42820,0.13940,0.10204,0.33376,0.15171,0.06752,0.18238,0.26619,0.35630,0.74719,0.15645,0.14389,0.16101,,0.12983,0.17264,0.37776,0.18424,0.14353,0.06106,0.06201,0.36087,0.15640,0.13627,0.14760,0.18596,0.13027,0.16309,0.25022,0.23602,0.06041,0.05854,0.15443,0.11028,0.07052
1057,0.04303,0.03324,0.26932,0.04320,0.32478,0.09413,0.13223,0.08289,0.05327,0.13508,0.22434,0.21664,0.43021,0.14014,0.10270,0.33531,0.15234,0.06792,0.18348,0.26757,0.35714,0.74842,0.15778,0.14469,0.16191,,0.13038,0.17348,0.37942,0.18523,0.14411,0.06139,0.06230,0.36254,0.15729,0.13688,0.14847,0.18701,0.13094,0.16387,0.25152,0.23733,0.06066,0.05908,0.15557,0.11120,0.07096
1058,0.04346,0.03347,0.27115,0.04339,0.32720,0.09475,0.13338,0.08365,0.05348,0.13623,0.22594,0.21803,0.43222,0.14090,0.10334,0.33686,0.15297,0.06834,0.18460,0.26897,0.35796,0.74964,0.15910,0.14547,0.16280,,0.13093,0.17434,0.38109,0.18624,0.14470,0.06172,0.06256,0.36418,0.15821,0.13749,0.14932,0.18804,0.13161,0.16462,0.25278,0.23864,0.06090,0.05963,0.15669,0.11209,0.07139
1059,0.04395,0.03370,0.27303,0.04358,0.32963,0.09537,0.13451,0.08439,0.05370,0.13739,0.22755,0.21943,0.43429,0.14167,0.10400,0.33839,0.15357,0.06875,0.18571,0.27038,0.35885,0.75103,0.16044,0.14628,0.16371,,0.13151,0.17522,0.38278,0.18727,0.14531,0.06204,0.06282,0.36585,0.15914,0.13809,0.15015,0.18905,0.13229,0.16536,0.25406,0.23998,0.06115,0.06017,0.15780,0.11298,0.07182
1060,0.04441,0.03392,0.27492,0.04376,0.33204,0.09600,0.13567,0.08512,0.05390,0.13851,0.22913,0.22083,0.43633,0.14241,0.10463,0.33992,0.15417,0.06914,0.18684,0.27180,0.35972,0.75231,0.16177,0.14707,0.16460,,0.13206,0.17608,0.38445,0.18827,0.14589,0.06236,0.06307,0.36752,0.16007,0.13870,0.15100,0.19007,0.13297,0.16610,0.25538,0.24130,0.06139,0.06071,0.15891,0.11384,0.07224
1061,0.04481,0.03412,0.27677,0.04395,0.33446,0.09663,0.13685,0.08587,0.05410,0.13962,0.23072,0.22222,0.43837,0.14317,0.10525,0.34141,0.15476,0.06954,0.18797,0.27318,0.36058,0.75353,0.16309,0.14786,0.16547,,0.13259,0.17693,0.38616,0.18930,0.14649,0.06267,0.06333,0.36915,0.16099,0.13930,0.15187,0.19108,0.13366,0.16684,0.25665,0.24260,0.06164,0.06125,0.16001,0.11470,0.07265
1062,0.04526,0.03432,0.27862,0.04414,0.33691,0.09728,0.13804,0.08664,0.05430,0.14073,0.23229,0.22360,0.44044,0.14393,0.10588,0.34285,0.15535,0.06995,0.18912,0.27458,0.36147,0.75477,0.16441,0.14865,0.16636,,0.13314,0.17780,0.38785,0.19030,0.14710,0.06299,0.06360,0.37079,0.16192,0.13991,0.15274,0.19207,0.13435,0.16760,0.25792,0.24389,0.06191,0.06180,0.16112,0.11557,0.07306
1063,0.04566,0.03450,0.28048,0.04435,0.33933,0.09793,0.13923,0.08741,0.05450,0.14182,0.23385,0.22497,0.44244,0.14468,0.10649,0.34430,0.15594,0.07035,0.19027,0.27595,0.36229,0.75592,0.16569,0.14941,0.16723,,0.13367,0.17864,0.38948,0.19129,0.14771,0.06332,0.06387,0.37238,0.16284,0.14052,0.15361,0.19308,0.13501,0.16835,0.25922,0.24517,0.06217,0.06233,0.16223,0.11641,0.07347
1064,0.04621,0.03469,0.28228,0.04457,0.34170,0.09858,0.14042,0.08817,0.05470,0.14290,0.23543,0.22633,0.44438,0.14544,0.10710,0.34577,0.15650,0.07075,0.19143,0.27728,0.36307,0.75709,0.16695,0.15017,0.16808,,0.13419,0.17947,0.39114,0.19227,0.14831,0.06364,0.06415,0.37396,0.16375,0.14111,0.15445,0.19407,0.13566,0.16909,0.26048,0.24642,0.06243,0.06287,0.16333,0.11725,0.07390
1065,0.04674,0.03487,0.28403,0.04476,0.34403,0.09921,0.14157,0.08891,0.05488,0.14396,0.23695,0.22764,0.44626,0.14616,0.10768,0.34721,0.15707,0.07115,0.19259,0.27860,0.36387,0.75825,0.16819,0.15091,0.16893,,0.13471,0.18029,0.39276,0.19324,0.14889,0.06395,0.06441,0.37553,0.16464,0.14170,0.15528,0.19505,0.13631,0.16981,0.26171,0.24764,0.06268,0.06339,0.16440,0.11806,0.07432
1066,0.04728,0.03507,0.28575,0.04495,0.34633,0.09983,0.14268,0.08961,0.05506,0.14505,0.23845,0.22892,0.44805,0.14685,0.10826,0.34865,0.15764,0.07153,0.19377,0.27990,0.36468,0.75942,0.16943,0.15163,0.16978,,0.13522,0.18110,0.39434,0.19421,0.14946,0.06426,0.06466,0.37710,0.16551,0.14228,0.15610,0.19601,0.13693,0.17051,0.26295,0.24888,0.06293,0.06390,0.16547,0.11885,0.07475
1067,0.04777,0.03523,0.28743,0.04512,0.34856,0.10043,0.14377,0.09031,0.05523,0.14608,0.23992,0.23020,0.44983,0.14754,0.10881,0.35003,0.15817,0.07190,0.19491,0.28116,0.36544,0.76058,0.17063,0.15233,0.17059,,0.13571,0.18189,0.39589,0.19513,0.15001,0.06455,0.06490,0.37862,0.16635,0.14284,0.15689,0.19695,0.13755,0.17119,0.26413,0.25006,0.06315,0.06439,0.16647,0.11961,0.07517
1068,0.04829,0.03537,0.28906,0.04527,0.35072,0.10102,0.14484,0.09099,0.05538,0.14708,0.24136,0.23147,0.45156,0.14821,0.10934,0.35137,0.15869,0.07226,0.19605,0.28239,0.36618,0.76175,0.17179,0.15303,0.17138,,0.13619,0.18266,0.39744,0.19604,0.15053,0.06483,0.06512,0.38011,0.16717,0.14339,0.15766,0.19788,0.13819,0.17185,0.26526,0.25119,0.06336,0.06486,0.16743,0.12035,0.07559
1069,0.04872,0.03549,0.29062,0.04539,0.35287,0.10157,0.14587,0.09165,0.05552,0.14804,0.24273,0.23270,0.45325,0.14884,0.10984,0.35267,0.15920,0.07260,0.19714,0.28358,0.36690,0.76288,0.17292,0.15370,0.17213,,0.13664,0.18342,0.39891,0.19691,0.15104,0.06509,0.06534,0.38154,0.16796,0.14393,0.15842,0.19878,0.13879,0.17248,0.26635,0.25229,0.06356,0.06531,0.16837,0.12105,0.07596
1070,0.04903,0.03561,0.29215,0.04555,0.35493,0.10209,0.14688,0.09229,0.05567,0.14898,0.24404,0.23388,0.45491,0.14945,0.11029,0.35390,0.15967,0.07293,0.19822,0.28472,0.36758,0.76397,0.17400,0.15433,0.17287,,0.13707,0.18413,0.40032,0.19772,0.15153,0.06536,0.06556,0.38291,0.16874,0.14445,0.15912,0.19965,0.13934,0.17306,0.26742,0.25334,0.06375,0.06573,0.16927,0.12172,0.07631
1071,0.04948,0.03571,0.29362,0.04570,0.35690,0.10262,0.14788,0.09291,0.05580,0.14989,0.24534,0.23505,0.45654,0.15003,0.11074,0.35508,0.16013,0.07325,0.19929,0.28583,0.36823,0.76499,0.17501,0.15495,0.17359,,0.13753,0.18483,0.40171,0.19848,0.15201,0.06562,0.06577,0.38427,0.16950,0.14496,0.15980,0.20050,0.13988,0.17365,0.26842,0.25434,0.06397,0.06615,0.17015,0.12239,0.07666
1072,0.04990,0.03580,0.29497,0.04583,0.35875,0.10312,0.14882,0.09350,0.05593,0.15075,0.24656,0.23615,0.45807,0.15057,0.11116,0.35621,0.16057,0.07355,0.20034,0.28689,0.36887,0.76593,0.17600,0.15554,0.17428,,0.13799,0.18548,0.40307,0.19922,0.15249,0.06587,0.06597,0.38554,0.17024,0.14545,0.16048,0.20131,0.14039,0.17419,0.26938,0.25530,0.06417,0.06656,0.17099,0.12304,0.07699
1073,0.05024,0.03592,0.29631,0.04600,0.36048,0.10360,0.14974,0.09406,0.05608,0.15160,0.24773,0.23721,0.45949,0.15109,0.11154,0.35727,0.16098,0.07384,0.20139,0.28793,0.36950,0.76681,0.17693,0.15609,0.17494,,0.13841,0.18610,0.40435,0.19992,0.15295,0.06610,0.06616,0.38675,0.17095,0.14593,0.16114,0.20206,0.14087,0.17471,0.27032,0.25624,0.06436,0.06694,0.17178,0.12366,0.07730
1074,0.05055,0.03603,0.29760,0.04613,0.36214,0.10408,0.15063,0.09461,0.05624,0.15238,0.24889,0.23823,0.46078,0.15160,0.11191,0.35826,0.16136,0.07413,0.20239,0.28892,0.37010,0.76771,0.17779,0.15660,0.17555,,0.13881,0.18670,0.40555,0.20061,0.15339,0.06634,0.06634,0.38789,0.17161,0.14638,0.16175,0.20275,0.14132,0.17523,0.27122,0.25715,0.06453,0.06731,0.17254,0.12424,0.07763
1075,0.05074,0.03611,0.29875,0.04623,0.36369,0.10453,0.15145,0.09513,0.05638,0.15311,0.24998,0.23917,0.46199,0.15207,0.11224,0.35924,0.16171,0.07437,0.20336,0.28982,0.37065,0.76857,0.17862,0.15708,0.17611,,0.13920,0.18725,0.40668,0.20125,0.15380,0.06655,0.06650,0.38893,0.17224,0.14680,0.16232,0.20342,0.14174,0.17571,0.27204,0.25798,0.06467,0.06764,0.17325,0.12476,0.07791
1076,0.05091,0.03620,0.29990,0.04634,0.36507,0.10494,0.15223,0.09561,0.05650,0.15381,0.25102,0.24006,0.46311,0.15250,0.11252,0.36018,0.16204,0.07460,0.20430,0.29067,0.37117,0.76936,0.17936,0.15751,0.17662,,0.13956,0.18777,0.40773,0.20185,0.15418,0.06673,0.06663,0.38988,0.17283,0.14718,0.16285,0.20406,0.14215,0.17614,0.27281,0.25876,0.06482,0.06794,0.17390,0.12522,0.07816
1077,0.05100,0.03625,0.30093,0.04643,0.36639,0.10534,0.15294,0.09604,0.05661,0.15447,0.25200,0.24085,0.46410,0.15289,0.11277,0.36103,0.16234,0.07482,0.20519,0.29146,0.37163,0.77011,0.18003,0.15792,0.17710,,0.13987,0.18826,0.40870,0.20239,0.15452,0.06691,0.06674,0.39081,0.17336,0.14754,0.16332,0.20469,0.14251,0.17656,0.27352,0.25944,0.06494,0.06820,0.17450,0.12563,0.07838
1078,0.05117,0.03626,0.30181,0.04650,0.36757,0.10569,0.15359,0.09646,0.05670,0.15509,0.25288,0.24162,0.46502,0.15323,0.11298,0.36176,0.16262,0.07499,0.20604,0.29219,0.37205,0.77075,0.18067,0.15830,0.17753,,0.14016,0.18869,0.40958,0.20288,0.15485,0.06707,0.06684,0.39166,0.17386,0.14783,0.16377,0.20528,0.14285,0.17691,0.27416,0.26003,0.06505,0.06845,0.17502,0.12603,0.07858
1079,0.05146,0.03631,0.30263,0.04658,0.36862,0.10604,0.15419,0.09684,0.05679,0.15565,0.25368,0.24234,0.46591,0.15354,0.11317,0.36240,0.16287,0.07516,0.20685,0.29286,0.37242,0.77136,0.18123,0.15865,0.17794,,0.14042,0.18909,0.41041,0.20332,0.15517,0.06719,0.06692,0.39245,0.17432,0.14809,0.16419,0.20583,0.14318,0.17722,0.27475,0.26061,0.06518,0.06867,0.17549,0.12639,0.07878
1080,0.05169,0.03633,0.30335,0.04664,0.36961,0.10635,0.15475,0.09719,0.05687,0.15612,0.25441,0.24298,0.46667,0.15382,0.11331,0.36300,0.16309,0.07530,0.20760,0.29347,0.37275,0.77194,0.18172,0.15895,0.17830,,0.14066,0.18946,0.41117,0.20372,0.15545,0.06731,0.06700,0.39315,0.17474,0.14836,0.16455,0.20630,0.14347,0.17752,0.27527,0.26111,0.06528,0.06887,0.17591,0.12670,0.07894
1081,0.05196,0.03634,0.30396,0.04666,0.37056,0.10664,0.15528,0.09751,0.05694,0.15652,0.25505,0.24354,0.46730,0.15407,0.11341,0.36350,0.16329,0.07542,0.20829,0.29400,0.37304,0.77250,0.18213,0.15920,0.17859,,0.14085,0.18980,0.41185,0.20408,0.15570,0.06743,0.06707,0.39377,0.17512,0.14863,0.16484,0.20670,0.14370,0.17779,0.27573,0.26153,0.06537,0.06904,0.17629,0.12697,0.07907
1082,0.05216,0.03633,0.30449,0.04669,0.37135,0.10690,0.15572,0.09779,0.05699,0.15687,0.25563,0.24403,0.46789,0.15428,0.11349,0.36396,0.16345,0.07552,0.20894,0.29448,0.37329,0.77297,0.18249,0.15942,0.17885,,0.14105,0.19008,0.41247,0.20437,0.15593,0.06752,0.06712,0.39433,0.17545,0.14885,0.16511,0.20707,0.14392,0.17803,0.27613,0.26191,0.06545,0.06917,0.17660,0.12720,0.07919
1083,0.05233,0.03633,0.30493,0.04672,0.37205,0.10714,0.15609,0.09802,0.05702,0.15714,0.25615,0.24443,0.46842,0.15445,0.11355,0.36440,0.16359,0.07560,0.20955,0.29491,0.37349,0.77338,0.18277,0.15960,0.17908,,0.14126,0.19034,0.41305,0.20461,0.15611,0.06759,0.06716,0.39480,0.17577,0.14906,0.16534,0.20737,0.14410,0.17826,0.27647,0.26224,0.06551,0.06929,0.17688,0.12737,0.07929
1084,0.05240,0.03630,0.30529,0.04673,0.37260,0.10733,0.15642,0.09822,0.05705,0.15739,0.25657,0.24479,0.46881,0.15457,0.11356,0.36472,0.16369,0.07566,0.21008,0.29527,0.37366,0.77374,0.18299,0.15975,0.17927,,0.14142,0.19055,0.41352,0.20481,0.15628,0.06764,0.06718,0.39521,0.17601,0.14922,0.16552,0.20765,0.14425,0.17844,0.27676,0.26251,0.06556,0.06936,0.17708,0.12751,0.07937
1085,0.05242,0.03625,0.30555,0.04675,0.37298,0.10747,0.15669,0.09837,0.05709,0.15761,0.25690,0.24509,0.46910,0.15465,0.11354,0.36495,0.16376,0.07570,0.21056,0.29556,0.37378,0.77407,0.18316,0.15986,0.17940,,0.14155,0.19071,0.41391,0.20495,0.15643,0.06768,0.06718,0.39556,0.17620,0.14933,0.16565,0.20790,0.14435,0.17857,0.27700,0.26272,0.06558,0.06939,0.17719,0.12760,0.07943
1086,0.05237,0.03621,0.30571,0.04674,0.37328,0.10761,0.15689,0.09850,0.05714,0.15777,0.25717,0.24532,0.46936,0.15470,0.11347,0.36512,0.16381,0.07572,0.21095,0.29578,0.37386,0.77431,0.18326,0.15994,0.17951,,0.14166,0.19084,0.41423,0.20506,0.15657,0.06769,0.06716,0.39583,0.17635,0.14942,0.16578,0.20810,0.14443,0.17866,0.27718,0.26290,0.06560,0.06939,0.17727,0.12764,0.07949
1087,0.05230,0.03615,0.30581,0.04671,0.37349,0.10772,0.15706,0.09859,0.05715,0.15788,0.25735,0.24549,0.46951,0.15471,0.11336,0.36520,0.16382,0.07572,0.21128,0.29592,0.37392,0.77448,0.18328,0.15997,0.17958,,0.14172,0.19095,0.41448,0.20513,0.15665,0.06768,0.06713,0.39601,0.17645,0.14950,0.16585,0.20824,0.14448,0.17872,0.27729,0.26299,0.06561,0.06936,0.17730,0.12764,0.07951
1088,0.05222,0.03607,0.30586,0.04669,0.37357,0.10779,0.15720,0.09861,0.05716,0.15793,0.25749,0.24563,0.46954,0.15469,0.11322,0.36520,0.16381,0.07570,0.21154,0.29600,0.37393,0.77464,0.18326,0.15996,0.17961,,0.14176,0.19104,0.41465,0.20513,0.15672,0.06767,0.06708,0.39608,0.17651,0.14956,0.16588,0.20834,0.14447,0.17875,0.27733,0.26302,0.06559,0.06931,0.17727,0.12762,0.07950
1089,0.05218,0.03598,0.30582,0.04665,0.37357,0.10785,0.15726,0.09861,0.05716,0.15790,0.25761,0.24571,0.46951,0.15465,0.11305,0.36516,0.16379,0.07566,0.21171,0.29603,0.37391,0.77473,0.18316,0.15992,0.17960,,0.14180,0.19107,0.41473,0.20509,0.15676,0.06763,0.06703,0.39608,0.17653,0.14961,0.16589,0.20839,0.14444,0.17873,0.27732,0.26300,0.06556,0.06925,0.17723,0.12756,0.07947
1090,0.05222,0.03589,0.30568,0.04659,0.37351,0.10787,0.15729,0.09859,0.05713,0.15784,0.25770,0.24574,0.46938,0.15457,0.11284,0.36509,0.16374,0.07561,0.21179,0.29598,0.37386,0.77474,0.18300,0.15986,0.17956,,0.14183,0.19106,0.41477,0.20500,0.15676,0.06760,0.06698,0.39605,0.17654,0.14962,0.16584,0.20841,0.14439,0.17869,0.27727,0.26291,0.06551,0.06920,0.17715,0.12747,0.07942
1091,0.05221,0.03579,0.30548,0.04654,0.37338,0.10787,0.15729,0.09853,0.05711,0.15772,0.25772,0.24570,0.46916,0.15445,0.11261,0.36495,0.16369,0.07552,0.21179,0.29590,0.37376,0.77474,0.18279,0.15976,0.17946,,0.14184,0.19103,0.41474,0.20488,0.15677,0.06755,0.06691,0.39596,0.17651,0.14958,0.16575,0.20840,0.14431,0.17861,0.27717,0.26277,0.06547,0.06909,0.17701,0.12734,0.07934
1092,0.05208,0.03569,0.30521,0.04646,0.37312,0.10786,0.15725,0.09846,0.05709,0.15755,0.25764,0.24563,0.46890,0.15431,0.11237,0.36476,0.16363,0.07543,0.21166,0.29575,0.37363,0.77472,0.18252,0.15964,0.17933,,0.14181,0.19096,0.41462,0.20473,0.15675,0.06748,0.06683,0.39581,0.17642,0.14953,0.16562,0.20836,0.14421,0.17849,0.27699,0.26260,0.06541,0.06898,0.17683,0.12720,0.07926
1093,0.05185,0.03559,0.30485,0.04638,0.37278,0.10781,0.15717,0.09837,0.05705,0.15738,0.25753,0.24548,0.46859,0.15415,0.11211,0.36453,0.16355,0.07534,0.21137,0.29555,0.37348,0.77471,0.18222,0.15951,0.17921,,0.14177,0.19089,0.41449,0.20454,0.15669,0.06743,0.06672,0.39561,0.17630,0.14946,0.16546,0.20827,0.14409,0.17837,0.27678,0.26238,0.06536,0.06885,0.17665,0.12703,0.07918
1094,0.05152,0.03547,0.30441,0.04631,0.37242,0.10772,0.15703,0.09823,0.05699,0.15715,0.25737,0.24530,0.46821,0.15398,0.11184,0.36421,0.16346,0.07524,0.21094,0.29532,0.37327,0.77467,0.18189,0.15934,0.17905,,0.14170,0.19081,0.41430,0.20431,0.15661,0.06735,0.06663,0.39534,0.17617,0.14938,0.16527,0.20815,0.14395,0.17822,0.27649,0.26213,0.06530,0.06868,0.17640,0.12682,0.07907
1095,0.05118,0.03537,0.30394,0.04622,0.37192,0.10762,0.15687,0.09808,0.05694,0.15691,0.25714,0.24509,0.46776,0.15379,0.11154,0.36384,0.16335,0.07513,0.21032,0.29508,0.37302,0.77464,0.18150,0.15917,0.17885,,0.14161,0.19071,0.41408,0.20406,0.15653,0.06725,0.06651,0.39505,0.17599,0.14929,0.16506,0.20800,0.14378,0.17805,0.27617,0.26185,0.06523,0.06849,0.17608,0.12662,0.07895
1096,0.05094,0.03527,0.30344,0.04613,0.37135,0.10750,0.15667,0.09793,0.05686,0.15669,0.25693,0.24482,0.46727,0.15357,0.11123,0.36343,0.16322,0.07501,0.20955,0.29480,0.37275,0.77459,0.18110,0.15898,0.17862,,0.14153,0.19058,0.41384,0.20378,0.15644,0.06714,0.06640,0.39472,0.17579,0.14920,0.16483,0.20783,0.14360,0.17786,0.27585,0.26153,0.06516,0.06831,0.17575,0.12638,0.07884
1097,0.05075,0.03517,0.30290,0.04604,0.37078,0.10739,0.15645,0.09775,0.05680,0.15642,0.25668,0.24455,0.46677,0.15335,0.11090,0.36297,0.16309,0.07488,0.20856,0.29448,0.37247,0.77447,0.18068,0.15878,0.17839,,0.14144,0.19043,0.41354,0.20347,0.15632,0.06702,0.06628,0.39435,0.17558,0.14908,0.16459,0.20763,0.14342,0.17765,0.27551,0.26121,0.06509,0.06811,0.17538,0.12612,0.07871
1098,0.05067,0.03509,0.30233,0.04594,0.37017,0.10731,0.15619,0.09754,0.05676,0.15612,0.25637,0.24427,0.46625,0.15310,0.11053,0.36241,0.16295,0.07474,0.20741,0.29410,0.37213,0.77425,0.18022,0.15853,0.17811,,0.14134,0.19024,0.41319,0.20314,0.15618,0.06688,0.06617,0.39396,0.17534,0.14893,0.16434,0.20740,0.14323,0.17744,0.27515,0.26086,0.06500,0.06789,0.17494,0.12584,0.07857
1099,0.05053,0.03499,0.30173,0.04584,0.36951,0.10720,0.15593,0.09732,0.05669,0.15578,0.25604,0.24393,0.46569,0.15287,0.11017,0.36188,0.16281,0.07459,0.20601,0.29372,0.37181,0.77404,0.17976,0.15828,0.17783,,0.14123,0.19006,0.41282,0.20280,0.15604,0.06674,0.06605,0.39354,0.17508,0.14880,0.16408,0.20716,0.14302,0.17720,0.27476,0.26048,0.06491,0.06768,0.17454,0.12556,0.07842
1100,0.05048,0.03485,0.30104,0.04574,0.36879,0.10709,0.15564,0.09706,0.05663,0.15539,0.25566,0.24354,0.46513,0.15263,0.10978,0.36134,0.16268,0.07443,0.20441,0.29329,0.37149,0.77375,0.17929,0.15801,0.17755,,0.14112,0.18987,0.41236,0.20242,0.15587,0.06661,0.06592,0.39305,0.17479,0.14865,0.16380,0.20691,0.14279,0.17694,0.27434,0.26004,0.06480,0.06745,0.17416,0.12523,0.07824
1101,0.05029,0.03475,0.30036,0.04564,0.36805,0.10694,0.15533,0.09681,0.05655,0.15500,0.25528,0.24315,0.46451,0.15238,0.10938,0.36077,0.16252,0.07428,0.20256,0.29286,0.37113,0.77353,0.17878,0.15775,0.17725,,0.14099,0.18965,0.41194,0.20204,0.15571,0.06647,0.06580,0.39257,0.17449,0.14850,0.16349,0.20663,0.14257,0.17667,0.27389,0.25961,0.06469,0.06722,0.17373,0.12493,0.07807
1102,0.04998,0.03464,0.29968,0.04553,0.36726,0.10676,0.15499,0.09655,0.05644,0.15460,0.25488,0.24272,0.46381,0.15214,0.10896,0.36017,0.16232,0.07412,0.20046,0.29242,0.37073,0.77337,0.17825,0.15749,0.17691,,0.14082,0.18941,0.41152,0.20166,0.15552,0.06633,0.06567,0.39208,0.17414,0.14835,0.16316,0.20631,0.14232,0.17638,0.27339,0.25914,0.06456,0.06695,0.17328,0.12464,0.07791
1103,0.04973,0.03453,0.29896,0.04543,0.36642,0.10658,0.15465,0.09628,0.05634,0.15417,0.25445,0.24228,0.46310,0.15187,0.10855,0.35955,0.16214,0.07395,0.19815,0.29195,0.37034,0.77314,0.17770,0.15721,0.17657,,0.14066,0.18916,0.41108,0.20126,0.15535,0.06619,0.06554,0.39153,0.17381,0.14818,0.16283,0.20601,0.14207,0.17609,0.27287,0.25867,0.06445,0.06670,0.17282,0.12433,0.07772
1104,0.04944,0.03445,0.29822,0.04533,0.36551,0.10638,0.15429,0.09601,0.05623,0.15373,0.25399,0.24183,0.46236,0.15158,0.10812,0.35890,0.16194,0.07378,0.19562,0.29143,0.36990,0.77293,0.17712,0.15694,0.17623,,0.14048,0.18889,0.41064,0.20085,0.15517,0.06604,0.06541,0.39096,0.17347,0.14801,0.16248,0.20571,0.14180,0.17578,0.27231,0.25820,0.06433,0.06644,0.17234,0.12401,0.07751
1105,0.04921,0.03438,0.29740,0.04521,0.36458,0.10618,0.15390,0.09573,0.05610,0.15328,0.25354,0.24137,0.46158,0.15127,0.10769,0.35823,0.16177,0.07361,0.19285,0.29088,0.36949,0.77266,0.17654,0.15664,0.17589,,0.14029,0.18861,0.41015,0.20042,0.15496,0.06589,0.06528,0.39035,0.17313,0.14784,0.16211,0.20539,0.14155,0.17549,0.27176,0.25773,0.06421,0.06619,0.17182,0.12370,0.07733
1106,0.04899,0.03427,0.29653,0.04509,0.36365,0.10596,0.15347,0.09543,0.05598,0.15280,0.25302,0.24090,0.46082,0.15093,0.10725,0.35756,0.16161,0.07343,0.18988,0.29032,0.36907,0.77221,0.17595,0.15631,0.17553,,0.14009,0.18834,0.40961,0.19995,0.15475,0.06573,0.06515,0.38967,0.17278,0.14764,0.16175,0.20507,0.14126,0.17517,0.27118,0.25721,0.06409,0.06592,0.17128,0.12335,0.07711
1107,0.04885,0.03416,0.29566,0.04495,0.36266,0.10571,0.15309,0.09512,0.05586,0.15231,0.25250,0.24041,0.46003,0.15059,0.10679,0.35688,0.16141,0.07324,0.18670,0.28973,0.36860,0.77182,0.17534,0.15597,0.17515,,0.13989,0.18804,0.40907,0.19950,0.15455,0.06555,0.06500,0.38898,0.17243,0.14741,0.16137,0.20476,0.14096,0.17485,0.27058,0.25666,0.06396,0.06563,0.17074,0.12298,0.07689
1108,0.04857,0.03406,0.29478,0.04480,0.36167,0.10545,0.15268,0.09480,0.05573,0.15182,0.25198,0.23992,0.45926,0.15024,0.10630,0.35618,0.16119,0.07305,0.18335,0.28913,0.36814,0.77148,0.17471,0.15562,0.17477,,0.13968,0.18772,0.40850,0.19903,0.15433,0.06539,0.06486,0.38831,0.17204,0.14717,0.16098,0.20443,0.14068,0.17455,0.26997,0.25606,0.06384,0.06534,0.17019,0.12262,0.07669
1109,0.04817,0.03397,0.29390,0.04464,0.36067,0.10517,0.15222,0.09448,0.05559,0.15135,0.25144,0.23940,0.45842,0.14988,0.10581,0.35544,0.16092,0.07283,0.17985,0.28852,0.36765,0.77109,0.17405,0.15524,0.17436,,0.13946,0.18738,0.40791,0.19853,0.15408,0.06521,0.06471,0.38760,0.17162,0.14691,0.16055,0.20405,0.14036,0.17423,0.26934,0.25545,0.06370,0.06503,0.16959,0.12223,0.07645
1110,0.04779,0.03385,0.29303,0.04447,0.35962,0.10490,0.15175,0.09413,0.05545,0.15082,0.25087,0.23878,0.45751,0.14950,0.10532,0.35468,0.16061,0.07262,0.17575,0.28790,0.36715,0.77081,0.17335,0.15487,0.17394,,0.13925,0.18704,0.40733,0.19804,0.15384,0.06504,0.06455,0.38688,0.17119,0.14667,0.16009,0.20364,0.14003,0.17388,0.26865,0.25486,0.06353,0.06471,0.16901,0.12186,0.07620
1111,0.04728,0.03371,0.29208,0.04430,0.35850,0.10464,0.15124,0.09374,0.05529,0.15027,0.25025,0.23816,0.45656,0.14907,0.10481,0.35389,0.16030,0.07241,0.17192,0.28725,0.36664,0.77045,0.17264,0.15447,0.17349,,0.13902,0.18667,0.40669,0.19752,0.15359,0.06487,0.06439,0.38614,0.17074,0.14643,0.15963,0.20322,0.13968,0.17353,0.26797,0.25422,0.06336,0.06440,0.16841,0.12144,0.07593
1112,0.04686,0.03356,0.29106,0.04412,0.35731,0.10437,0.15071,0.09334,0.05513,0.14969,0.24959,0.23751,0.45555,0.14859,0.10429,0.35309,0.15999,0.07217,0.16919,0.28656,0.36606,0.77002,0.17190,0.15404,0.17303,,0.13876,0.18628,0.40604,0.19698,0.15333,0.06468,0.06422,0.38535,0.17028,0.14618,0.15913,0.20280,0.13932,0.17317,0.26725,0.25356,0.06319,0.06406,0.16778,0.12098,0.07564
1113,0.04649,0.03339,0.28997,0.04395,0.35605,0.10410,0.15013,0.09292,0.05498,0.14907,0.24886,0.23682,0.45446,0.14806,0.10374,0.35227,0.15967,0.07192,0.16664,0.28585,0.36539,0.76952,0.17114,0.15359,0.17254,,0.13847,0.18587,0.40537,0.19640,0.15307,0.06450,0.06405,0.38450,0.16980,0.14593,0.15861,0.20235,0.13895,0.17279,0.26652,0.25288,0.06300,0.06371,0.16712,0.12047,0.07532
1114,0.04608,0.03324,0.28882,0.04377,0.35473,0.10377,0.14954,0.09247,0.05482,0.14841,0.24811,0.23611,0.45331,0.14750,0.10317,0.35143,0.15930,0.07165,0.16500,0.28512,0.36475,0.76901,0.17031,0.15311,0.17202,,0.13819,0.18543,0.40466,0.19581,0.15280,0.06430,0.06386,0.38361,0.16931,0.14564,0.15807,0.20188,0.13855,0.17239,0.26571,0.25214,0.06281,0.06334,0.16643,0.11992,0.07499
1115,0.04565,0.03312,0.28759,0.04359,0.35337,0.10338,0.14894,0.09199,0.05464,0.14774,0.24733,0.23539,0.45211,0.14689,0.10258,0.35059,0.15892,0.07134,0.16495,0.28436,0.36408,0.76843,0.16944,0.15258,0.17149,,0.13790,0.18495,0.40391,0.19517,0.15253,0.06409,0.06366,0.38267,0.16880,0.14533,0.15751,0.20144,0.13815,0.17199,0.26489,0.25135,0.06264,0.06295,0.16572,0.11929,0.07464
1116,0.04527,0.03297,0.28633,0.04339,0.35188,0.10297,0.14829,0.09149,0.05446,0.14700,0.24647,0.23460,0.45081,0.14623,0.10198,0.34968,0.15845,0.07102,0.16418,0.28356,0.36340,0.76785,0.16852,0.15202,0.17091,,0.13759,0.18446,0.40316,0.19453,0.15225,0.06387,0.06344,0.38168,0.16828,0.14499,0.15691,0.20092,0.13769,0.17156,0.26397,0.25049,0.06243,0.06253,0.16495,0.11863,0.07427
1117,0.04493,0.03283,0.28505,0.04318,0.35033,0.10253,0.14758,0.09094,0.05429,0.14620,0.24559,0.23378,0.44944,0.14553,0.10137,0.34876,0.15791,0.07069,0.16370,0.28275,0.36274,0.76725,0.16756,0.15143,0.17029,,0.13729,0.18396,0.40238,0.19388,0.15195,0.06362,0.06320,0.38065,0.16774,0.14463,0.15630,0.20032,0.13718,0.17111,0.26298,0.24960,0.06220,0.06209,0.16413,0.11794,0.07387
1118,0.04451,0.03266,0.28362,0.04296,0.34866,0.10203,0.14684,0.09038,0.05409,0.14535,0.24458,0.23289,0.44791,0.14476,0.10071,0.34773,0.15733,0.07033,0.16299,0.28183,0.36199,0.76661,0.16651,0.15078,0.16963,,0.13695,0.18340,0.40155,0.19318,0.15163,0.06336,0.06296,0.37956,0.16716,0.14424,0.15562,0.19974,0.13665,0.17061,0.26192,0.24859,0.06194,0.06161,0.16325,0.11715,0.07343
1119,0.04415,0.03246,0.28210,0.04270,0.34685,0.10149,0.14604,0.08981,0.05387,0.14445,0.24343,0.23194,0.44629,0.14394,0.10003,0.34661,0.15669,0.06995,0.16222,0.28083,0.36117,0.76597,0.16543,0.15008,0.16892,,0.13659,0.18280,0.40069,0.19247,0.15130,0.06308,0.06272,0.37844,0.16655,0.14381,0.15487,0.19914,0.13609,0.17008,0.26078,0.24746,0.06165,0.06109,0.16233,0.11628,0.07296
1120,0.04367,0.03226,0.28048,0.04245,0.34496,0.10091,0.14518,0.08917,0.05365,0.14348,0.24227,0.23093,0.44452,0.14305,0.09929,0.34543,0.15603,0.06953,0.16139,0.27978,0.36035,0.76523,0.16424,0.14933,0.16817,,0.13620,0.18219,0.39980,0.19170,0.15094,0.06280,0.06247,0.37724,0.16591,0.14337,0.15411,0.19849,0.13550,0.16952,0.25958,0.24629,0.06137,0.06053,0.16132,0.11532,0.07244
1121,0.04306,0.03205,0.27876,0.04220,0.34306,0.10026,0.14429,0.08849,0.05341,0.14247,0.24107,0.22987,0.44264,0.14208,0.09848,0.34415,0.15533,0.06910,0.16050,0.27866,0.35949,0.76441,0.16296,0.14855,0.16737,,0.13580,0.18155,0.39888,0.19087,0.15056,0.06249,0.06220,0.37597,0.16524,0.14290,0.15331,0.19783,0.13491,0.16892,0.25831,0.24505,0.06109,0.05994,0.16025,0.11425,0.07185
1122,0.04247,0.03184,0.27693,0.04194,0.34096,0.09960,0.14333,0.08779,0.05318,0.14137,0.23976,0.22870,0.44058,0.14106,0.09766,0.34281,0.15461,0.06862,0.15954,0.27749,0.35861,0.76357,0.16162,0.14770,0.16652,,0.13537,0.18086,0.39792,0.19001,0.15018,0.06218,0.06192,0.37464,0.16453,0.14241,0.15249,0.19713,0.13428,0.16829,0.25699,0.24374,0.06077,0.05930,0.15912,0.11312,0.07128
1123,0.04184,0.03163,0.27501,0.04167,0.33874,0.09893,0.14231,0.08707,0.05296,0.14019,0.23838,0.22742,0.43838,0.13995,0.09682,0.34141,0.15385,0.06811,0.15853,0.27630,0.35772,0.76265,0.16023,0.14679,0.16563,,0.13491,0.18015,0.39696,0.18911,0.14978,0.06186,0.06162,0.37324,0.16380,0.14190,0.15166,0.19639,0.13361,0.16765,0.25559,0.24241,0.06044,0.05863,0.15794,0.11191,0.07070
1124,0.04124,0.03139,0.27305,0.04143,0.33640,0.09823,0.14130,0.08631,0.05274,0.13894,0.23697,0.22614,0.43601,0.13883,0.09595,0.33994,0.15307,0.06758,0.15747,0.27505,0.35682,0.76177,0.15876,0.14586,0.16469,,0.13443,0.17940,0.39594,0.18817,0.14937,0.06153,0.06130,0.37177,0.16301,0.14135,0.15081,0.19561,0.13289,0.16695,0.25418,0.24099,0.06010,0.05792,0.15670,0.11064,0.07010
1125,0.04064,0.03114,0.27097,0.04112,0.33394,0.09752,0.14025,0.08554,0.05250,0.13764,0.23542,0.22481,0.43352,0.13768,0.09502,0.33846,0.15227,0.06701,0.15638,0.27372,0.35592,0.76083,0.15726,0.14491,0.16369,,0.13397,0.17861,0.39484,0.18720,0.14895,0.06119,0.06098,0.37024,0.16219,0.14076,0.14992,0.19478,0.13217,0.16622,0.25276,0.23944,0.05975,0.05718,0.15540,0.10927,0.06952
1126,0.04008,0.03089,0.26884,0.04079,0.33133,0.09674,0.13912,0.08471,0.05223,0.13628,0.23376,0.22336,0.43087,0.13649,0.09406,0.33690,0.15142,0.06643,0.15522,0.27234,0.35496,0.75986,0.15568,0.14390,0.16264,,0.13346,0.17777,0.39372,0.18618,0.14852,0.06085,0.06064,0.36867,0.16134,0.14014,0.14897,0.19392,0.13139,0.16545,0.25127,0.23780,0.05938,0.05641,0.15405,0.10784,0.06888
1127,0.03938,0.03062,0.26672,0.04048,0.32866,0.09591,0.13799,0.08384,0.05196,0.13486,0.23208,0.22187,0.42811,0.13529,0.09307,0.33519,0.15053,0.06583,0.15400,0.27090,0.35400,0.75883,0.15402,0.14285,0.16155,,0.13292,0.17689,0.39258,0.18513,0.14803,0.06047,0.06032,0.36704,0.16046,0.13948,0.14800,0.19302,0.13056,0.16461,0.24972,0.23607,0.05900,0.05564,0.15263,0.10630,0.06821
1128,0.03865,0.03032,0.26447,0.04015,0.32587,0.09508,0.13679,0.08293,0.05169,0.13334,0.23033,0.22031,0.42528,0.13402,0.09203,0.33342,0.14958,0.06522,0.15274,0.26939,0.35304,0.75772,0.15231,0.14175,0.16044,,0.13237,0.17599,0.39138,0.18403,0.14750,0.06008,0.05997,0.36537,0.15955,0.13879,0.14700,0.19209,0.12972,0.16375,0.24811,0.23428,0.05861,0.05484,0.15115,0.10468,0.06754
1129,0.03802,0.03004,0.26207,0.03984,0.32297,0.09422,0.13555,0.08201,0.05142,0.13182,0.22852,0.21868,0.42225,0.13270,0.09096,0.33155,0.14860,0.06458,0.15141,0.26782,0.35204,0.75657,0.15052,0.14060,0.15928,,0.13181,0.17504,0.39014,0.18289,0.14698,0.05968,0.05963,0.36363,0.15861,0.13808,0.14596,0.19113,0.12886,0.16286,0.24646,0.23242,0.05821,0.05403,0.14965,0.10303,0.06685
1130,0.03743,0.02978,0.25958,0.03956,0.31996,0.09332,0.13428,0.08107,0.05116,0.13029,0.22671,0.21698,0.41909,0.13134,0.08992,0.32955,0.14757,0.06392,0.15002,0.26623,0.35102,0.75539,0.14868,0.13940,0.15811,,0.13123,0.17407,0.38888,0.18172,0.14644,0.05926,0.05929,0.36189,0.15764,0.13734,0.14488,0.19017,0.12795,0.16193,0.24475,0.23051,0.05781,0.05320,0.14814,0.10134,0.06617
1131,0.03674,0.02950,0.25702,0.03925,0.31689,0.09245,0.13299,0.08011,0.05088,0.12868,0.22478,0.21525,0.41581,0.12995,0.08880,0.32756,0.14652,0.06325,0.14859,0.26456,0.35001,0.75414,0.14677,0.13818,0.15688,,0.13064,0.17306,0.38757,0.18051,0.14588,0.05886,0.05892,0.36003,0.15663,0.13660,0.14378,0.18914,0.12704,0.16098,0.24301,0.22853,0.05737,0.05234,0.14657,0.09962,0.06547
1132,0.03612,0.02924,0.25436,0.03893,0.31380,0.09164,0.13170,0.07917,0.05059,0.12709,0.22280,0.21356,0.41243,0.12854,0.08765,0.32559,0.14548,0.06258,0.14716,0.26286,0.34901,0.75285,0.14482,0.13696,0.15562,,0.13007,0.17203,0.38622,0.17928,0.14532,0.05846,0.05856,0.35810,0.15559,0.13586,0.14268,0.18806,0.12616,0.16003,0.24130,0.22654,0.05693,0.05147,0.14499,0.09791,0.06477
1133,0.03541,0.02897,0.25168,0.03862,0.31059,0.09076,0.13038,0.07820,0.05030,0.12545,0.22078,0.21174,0.40899,0.12710,0.08651,0.32350,0.14438,0.06188,0.14569,0.26111,0.34799,0.75148,0.14283,0.13567,0.15434,,0.12944,0.17097,0.38483,0.17801,0.14472,0.05805,0.05818,0.35613,0.15451,0.13508,0.14154,0.18697,0.12522,0.15902,0.23953,0.22446,0.05648,0.05059,0.14336,0.09614,0.06406
1134,0.03444,0.02868,0.24900,0.03829,0.30737,0.08991,0.12909,0.07725,0.05000,0.12380,0.21874,0.20988,0.40560,0.12567,0.08537,0.32139,0.14325,0.06117,0.14423,0.25935,0.34702,0.75008,0.14084,0.13437,0.15306,,0.12879,0.16991,0.38346,0.17673,0.14409,0.05764,0.05779,0.35411,0.15340,0.13430,0.14041,0.18586,0.12429,0.15799,0.23778,0.22239,0.05601,0.04969,0.14173,0.09440,0.06334
1135,0.03373,0.02840,0.24626,0.03797,0.30401,0.08901,0.12770,0.07626,0.04971,0.12208,0.21665,0.20798,0.40202,0.12422,0.08426,0.31919,0.14211,0.06046,0.14272,0.25752,0.34600,0.74862,0.13880,0.13304,0.15174,,0.12811,0.16877,0.38198,0.17538,0.14343,0.05721,0.05741,0.35205,0.15227,0.13346,0.13923,0.18471,0.12331,0.15693,0.23589,0.22024,0.05555,0.04882,0.14004,0.09258,0.06264
1136,0.03317,0.02810,0.24352,0.03766,0.30061,0.08808,0.12631,0.07526,0.04944,0.12039,0.21461,0.20607,0.39844,0.12277,0.08319,0.31693,0.14093,0.05972,0.14120,0.25567,0.34500,0.74712,0.13675,0.13168,0.15042,,0.12742,0.16760,0.38045,0.17397,0.14277,0.05675,0.05704,0.34998,0.15113,0.13256,0.13804,0.18356,0.12231,0.15583,0.23401,0.21805,0.05510,0.04798,0.13835,0.09076,0.06193
1137,0.03258,0.02783,0.24071,0.03735,0.29713,0.08716,0.12487,0.07425,0.04914,0.11866,0.21252,0.20413,0.39478,0.12134,0.08211,0.31463,0.13976,0.05902,0.13966,0.25377,0.34397,0.74558,0.13470,0.13033,0.14909,,0.12670,0.16641,0.37886,0.17257,0.14208,0.05631,0.05665,0.34785,0.14995,0.13169,0.13683,0.18234,0.12131,0.15473,0.23204,0.21583,0.05463,0.04714,0.13663,0.08896,0.06126
1138,0.03214,0.02756,0.23791,0.03703,0.29359,0.08625,0.12340,0.07326,0.04883,0.11691,0.21049,0.20223,0.39107,0.11995,0.08109,0.31233,0.13862,0.05835,0.13813,0.25186,0.34294,0.74411,0.13267,0.12897,0.14774,,0.12595,0.16519,0.37722,0.17115,0.14135,0.05587,0.05627,0.34570,0.14876,0.13082,0.13564,0.18110,0.12031,0.15363,0.23000,0.21366,0.05415,0.04636,0.13494,0.08717,0.06064
1139,0.03158,0.02731,0.23503,0.03674,0.29004,0.08534,0.12193,0.07226,0.04853,0.11518,0.20836,0.20027,0.38734,0.11856,0.08006,0.30996,0.13746,0.05766,0.13657,0.24990,0.34191,0.74247,0.13060,0.12760,0.14639,,0.12520,0.16397,0.37550,0.16968,0.14062,0.05544,0.05589,0.34348,0.14753,0.12995,0.13442,0.17983,0.11930,0.15249,0.22792,0.21141,0.05367,0.04555,0.13318,0.08543,0.06003
1140,0.03093,0.02708,0.23210,0.03649,0.28654,0.08450,0.12047,0.07129,0.04824,0.11350,0.20625,0.19834,0.38370,0.11724,0.07906,0.30758,0.13634,0.05700,0.13502,0.24793,0.34092,0.74081,0.12856,0.12624,0.14508,,0.12446,0.16279,0.37374,0.16821,0.13985,0.05502,0.05550,0.34124,0.14628,0.12913,0.13320,0.17856,0.11830,0.15133,0.22583,0.20919,0.05320,0.04477,0.13141,0.08379,0.05947
1141,0.03036,0.02686,0.22920,0.03621,0.28295,0.08360,0.11900,0.07031,0.04794,0.11181,0.20408,0.19634,0.37997,0.11591,0.07807,0.30518,0.13517,0.05632,0.13348,0.24592,0.33988,0.73907,0.12651,0.12487,0.14371,,0.12370,0.16155,0.37191,0.16671,0.13908,0.05460,0.05513,0.33895,0.14500,0.12827,0.13197,0.17723,0.11728,0.15016,0.22371,0.20692,0.05274,0.04400,0.12966,0.08214,0.05887
1142,0.02982,0.02665,0.22629,0.03596,0.27936,0.08269,0.11756,0.06936,0.04767,0.11016,0.20191,0.19431,0.37627,0.11461,0.07710,0.30280,0.13398,0.05564,0.13197,0.24391,0.33885,0.73725,0.12446,0.12351,0.14234,,0.12295,0.16028,0.37000,0.16518,0.13833,0.05417,0.05478,0.33660,0.14370,0.12740,0.13074,0.17589,0.11627,0.14898,0.22158,0.20464,0.05229,0.04325,0.12793,0.08052,0.05825
1143,0.02920,0.02641,0.22343,0.03569,0.27575,0.08179,0.11608,0.06838,0.04738,0.10851,0.19970,0.19230,0.37254,0.11332,0.07615,0.30035,0.13279,0.05496,0.13044,0.24183,0.33781,0.73539,0.12239,0.12216,0.14097,,0.12217,0.15899,0.36808,0.16362,0.13754,0.05374,0.05442,0.33425,0.14238,0.12651,0.12948,0.17452,0.11524,0.14778,0.21943,0.20237,0.05184,0.04250,0.12617,0.07892,0.05766
1144,0.02869,0.02623,0.22055,0.03541,0.27205,0.08089,0.11455,0.06737,0.04709,0.10684,0.19748,0.19029,0.36879,0.11202,0.07521,0.29785,0.13160,0.05431,0.12855,0.23971,0.33672,0.73356,0.12036,0.12081,0.13955,,0.12136,0.15769,0.36610,0.16204,0.13674,0.05330,0.05406,0.33185,0.14104,0.12559,0.12821,0.17307,0.11422,0.14656,0.21722,0.20005,0.05138,0.04179,0.12441,0.07735,0.05707
1145,0.02812,0.02603,0.21766,0.03510,0.26832,0.07998,0.11302,0.06636,0.04679,0.10519,0.19524,0.18823,0.36504,0.11074,0.07428,0.29533,0.13041,0.05368,0.12709,0.23759,0.33564,0.73176,0.11834,0.11946,0.13814,,0.12054,0.15638,0.36404,0.16044,0.13590,0.05287,0.05371,0.32941,0.13968,0.12467,0.12693,0.17164,0.11320,0.14533,0.21499,0.19774,0.05091,0.04109,0.12267,0.07583,0.05648
1146,0.02761,0.02584,0.21477,0.03483,0.26459,0.07911,0.11149,0.06536,0.04647,0.10353,0.19294,0.18620,0.36129,0.10948,0.07337,0.29277,0.12921,0.05306,0.12639,0.23544,0.33454,0.72981,0.11632,0.11813,0.13675,,0.11972,0.15504,0.36196,0.15882,0.13505,0.05244,0.05336,0.32695,0.13833,0.12375,0.12568,0.17020,0.11218,0.14410,0.21273,0.19541,0.05043,0.04040,0.12092,0.07435,0.05593
1147,0.02709,0.02566,0.21186,0.03456,0.26085,0.07827,0.10995,0.06433,0.04616,0.10187,0.19061,0.18422,0.35756,0.10823,0.07249,0.29016,0.12801,0.05247,0.12574,0.23324,0.33344,0.72784,0.11431,0.11680,0.13538,,0.11889,0.15369,0.35986,0.15718,0.13417,0.05202,0.05302,0.32446,0.13699,0.12283,0.12441,0.16875,0.11115,0.14285,0.21045,0.19308,0.04993,0.03972,0.11914,0.07291,0.05543
1148,0.02662,0.02548,0.20898,0.03431,0.25712,0.07743,0.10839,0.06333,0.04583,0.10025,0.18831,0.18217,0.35384,0.10701,0.07164,0.28757,0.12681,0.05187,0.12607,0.23107,0.33229,0.72579,0.11232,0.11548,0.13402,,0.11806,0.15232,0.35762,0.15551,0.13328,0.05160,0.05267,0.32191,0.13561,0.12191,0.12318,0.16727,0.11015,0.14162,0.20817,0.19074,0.04944,0.03907,0.11738,0.07150,0.05492
1149,0.02622,0.02530,0.20613,0.03408,0.25340,0.07661,0.10686,0.06236,0.04546,0.09867,0.18600,0.18012,0.35017,0.10581,0.07081,0.28498,0.12559,0.05127,0.12752,0.22890,0.33113,0.72365,0.11035,0.11421,0.13268,,0.11723,0.15092,0.35532,0.15384,0.13238,0.05119,0.05233,0.31932,0.13422,0.12101,0.12198,0.16579,0.10914,0.14041,0.20588,0.18841,0.04894,0.03843,0.11565,0.07013,0.05443
1150,0.02573,0.02515,0.20328,0.03385,0.24968,0.07577,0.10531,0.06138,0.04515,0.09709,0.18374,0.17808,0.34653,0.10465,0.07000,0.28239,0.12439,0.05069,0.12860,0.22670,0.32995,0.72152,0.10841,0.11292,0.13133,,0.11639,0.14953,0.35295,0.15216,0.13146,0.05078,0.05198,0.31670,0.13283,0.12009,0.12077,0.16429,0.10815,0.13918,0.20362,0.18611,0.04849,0.03782,0.11393,0.06881,0.05395
1151,0.02516,0.02501,0.20040,0.03359,0.24592,0.07494,0.10372,0.06041,0.04485,0.09553,0.18154,0.17603,0.34295,0.10352,0.06922,0.27982,0.12321,0.05010,0.13018,0.22451,0.32874,0.71940,0.10649,0.11162,0.12997,,0.11552,0.14815,0.35046,0.15045,0.13053,0.05038,0.05163,0.31401,0.13141,0.11915,0.11957,0.16277,0.10717,0.13794,0.20136,0.18382,0.04804,0.03724,0.11221,0.06753,0.05350
1152,0.02470,0.02488,0.19761,0.03338,0.24225,0.07410,0.10217,0.05946,0.04457,0.09400,0.17929,0.17402,0.33939,0.10240,0.06846,0.27724,0.12204,0.04955,0.13147,0.22232,0.32751,0.71722,0.10462,0.11036,0.12864,,0.11466,0.14675,0.34797,0.14875,0.12958,0.04998,0.05129,0.31135,0.13000,0.11821,0.11837,0.16122,0.10619,0.13671,0.19914,0.18157,0.04761,0.03668,0.11052,0.06629,0.05305
1153,0.02422,0.02478,0.19484,0.03319,0.23861,0.07321,0.10063,0.05852,0.04435,0.09249,0.17706,0.17201,0.33586,0.10131,0.06773,0.27464,0.12089,0.04902,0.13277,0.22010,0.32627,0.71500,0.10277,0.10911,0.12731,,0.11378,0.14532,0.34547,0.14706,0.12861,0.04960,0.05096,0.30866,0.12859,0.11726,0.11714,0.15967,0.10522,0.13549,0.19698,0.17934,0.04722,0.03615,0.10886,0.06509,0.05262
1154,0.02381,0.02466,0.19213,0.03299,0.23502,0.07241,0.09910,0.05761,0.04406,0.09102,0.17483,0.17005,0.33241,0.10025,0.06702,0.27210,0.11976,0.04851,0.13401,0.21792,0.32503,0.71276,0.10097,0.10792,0.12603,,0.11291,0.14390,0.34290,0.14537,0.12764,0.04921,0.05062,0.30599,0.12719,0.11632,0.11596,0.15811,0.10427,0.13427,0.19480,0.17717,0.04681,0.03563,0.10723,0.06394,0.05220
1155,0.02357,0.02454,0.18946,0.03279,0.23147,0.07162,0.09758,0.05671,0.04373,0.08957,0.17257,0.16810,0.32898,0.09920,0.06634,0.26956,0.11865,0.04799,0.13522,0.21575,0.32379,0.71048,0.09921,0.10676,0.12480,,0.11204,0.14246,0.34027,0.14368,0.12667,0.04883,0.05028,0.30332,0.12577,0.11537,0.11478,0.15650,0.10332,0.13306,0.19261,0.17504,0.04637,0.03512,0.10559,0.06281,0.05177
1156,0.02320,0.02443,0.18685,0.03260,0.22797,0.07087,0.09608,0.05583,0.04343,0.08815,0.17038,0.16620,0.32566,0.09819,0.06568,0.26706,0.11755,0.04751,0.13637,0.21361,0.32251,0.70822,0.09748,0.10562,0.12355,,0.11118,0.14104,0.33761,0.14200,0.12567,0.04845,0.04995,0.30063,0.12437,0.11444,0.11364,0.15493,0.10239,0.13185,0.19049,0.17294,0.04596,0.03464,0.10400,0.06175,0.05137
1157,0.02275,0.02433,0.18427,0.03240,0.22447,0.07016,0.09461,0.05497,0.04311,0.08675,0.16823,0.16432,0.32239,0.09721,0.06506,0.26459,0.11646,0.04703,0.13747,0.21148,0.32120,0.70597,0.09578,0.10451,0.12231,,0.11033,0.13962,0.33489,0.14030,0.12468,0.04807,0.04963,0.29794,0.12296,0.11353,0.11255,0.15335,0.10147,0.13063,0.18836,0.17085,0.04555,0.03416,0.10242,0.06073,0.05098
1158,0.02240,0.02422,0.18176,0.03221,0.22107,0.06945,0.09316,0.05413,0.04281,0.08541,0.16611,0.16249,0.31921,0.09625,0.06445,0.26216,0.11540,0.04658,0.13852,0.20938,0.31993,0.70369,0.09413,0.10343,0.12109,,0.10947,0.13820,0.33214,0.13863,0.12368,0.04771,0.04932,0.29525,0.12157,0.11263,0.11146,0.15179,0.10057,0.12944,0.18633,0.16884,0.04515,0.03373,0.10091,0.05975,0.05061
1159,0.02204,0.02413,0.17929,0.03202,0.21772,0.06875,0.09171,0.05329,0.04254,0.08409,0.16401,0.16068,0.31608,0.09531,0.06385,0.25975,0.11435,0.04616,0.13955,0.20729,0.31868,0.70143,0.09252,0.10237,0.11986,,0.10860,0.13678,0.32935,0.13696,0.12265,0.04737,0.04903,0.29257,0.12020,0.11175,0.11038,0.15025,0.09969,0.12826,0.18440,0.16685,0.04479,0.03334,0.09946,0.05878,0.05027
1160,0.02171,0.02404,0.17689,0.03185,0.21444,0.06807,0.09029,0.05248,0.04226,0.08281,0.16195,0.15890,0.31303,0.09440,0.06328,0.25737,0.11332,0.04574,0.14047,0.20522,0.31741,0.69911,0.09095,0.10134,0.11867,,0.10775,0.13537,0.32654,0.13530,0.12164,0.04702,0.04873,0.28988,0.11884,0.11086,0.10933,0.14870,0.09882,0.12710,0.18246,0.16492,0.04441,0.03295,0.09802,0.05788,0.04993
1161,0.02146,0.02394,0.17453,0.03168,0.21121,0.06739,0.08887,0.05170,0.04197,0.08155,0.15989,0.15713,0.31004,0.09353,0.06273,0.25502,0.11230,0.04533,0.14136,0.20318,0.31619,0.69674,0.08942,0.10033,0.11751,,0.10690,0.13395,0.32370,0.13364,0.12063,0.04668,0.04843,0.28716,0.11749,0.10997,0.10829,0.14715,0.09795,0.12597,0.18054,0.16306,0.04401,0.03257,0.09660,0.05702,0.04961
1162,0.02120,0.02385,0.17223,0.03152,0.20806,0.06673,0.08748,0.05094,0.04169,0.08035,0.15788,0.15541,0.30712,0.09268,0.06220,0.25272,0.11129,0.04493,0.14214,0.20116,0.31492,0.69435,0.08793,0.09933,0.11638,,0.10606,0.13255,0.32085,0.13201,0.11962,0.04635,0.04813,0.28449,0.11617,0.10910,0.10728,0.14561,0.09712,0.12484,0.17865,0.16123,0.04364,0.03220,0.09522,0.05620,0.04929
1163,0.02093,0.02377,0.16999,0.03136,0.20495,0.06606,0.08613,0.05020,0.04141,0.07917,0.15588,0.15373,0.30426,0.09185,0.06170,0.25044,0.11030,0.04454,0.14282,0.19916,0.31361,0.69192,0.08647,0.09835,0.11526,,0.10522,0.13114,0.31798,0.13040,0.11860,0.04601,0.04783,0.28184,0.11485,0.10824,0.10627,0.14408,0.09630,0.12371,0.17676,0.15943,0.04325,0.03184,0.09386,0.05543,0.04896
1164,0.02067,0.02369,0.16778,0.03123,0.20192,0.06542,0.08479,0.04947,0.04114,0.07803,0.15392,0.15206,0.30145,0.09103,0.06120,0.24816,0.10930,0.04415,0.14342,0.19718,0.31227,0.68945,0.08504,0.09738,0.11417,,0.10439,0.12974,0.31508,0.12878,0.11758,0.04568,0.04752,0.27917,0.11353,0.10738,0.10530,0.14255,0.09549,0.12259,0.17487,0.15766,0.04288,0.03149,0.09252,0.05469,0.04865
1165,0.02048,0.02363,0.16563,0.03107,0.19894,0.06480,0.08347,0.04876,0.04087,0.07692,0.15201,0.15042,0.29868,0.09022,0.06071,0.24594,0.10833,0.04378,0.14392,0.19521,0.31094,0.68697,0.08364,0.09643,0.11309,,0.10356,0.12835,0.31218,0.12720,0.11655,0.04535,0.04723,0.27653,0.11223,0.10653,0.10434,0.14102,0.09471,0.12149,0.17305,0.15593,0.04252,0.03118,0.09123,0.05396,0.04835
1166,0.02035,0.02357,0.16351,0.03091,0.19600,0.06420,0.08217,0.04805,0.04059,0.07584,0.15013,0.14881,0.29594,0.08940,0.06021,0.24376,0.10737,0.04342,0.14433,0.19325,0.30960,0.68445,0.08228,0.09549,0.11204,,0.10272,0.12696,0.30926,0.12564,0.11552,0.04504,0.04697,0.27392,0.11093,0.10567,0.10340,0.13950,0.09394,0.12040,0.17125,0.15423,0.04218,0.03090,0.08998,0.05325,0.04806
1167,0.02015,0.02350,0.16144,0.03076,0.19313,0.06362,0.08088,0.04736,0.04031,0.07477,0.14826,0.14722,0.29325,0.08861,0.05974,0.24158,0.10642,0.04308,0.14462,0.19133,0.30825,0.68194,0.08094,0.09457,0.11099,,0.10190,0.12559,0.30633,0.12408,0.11451,0.04473,0.04669,0.27131,0.10965,0.10484,0.10247,0.13799,0.09319,0.11933,0.16947,0.15257,0.04184,0.03061,0.08874,0.05258,0.04778
1168,0.01996,0.02344,0.15939,0.03061,0.19032,0.06308,0.07959,0.04669,0.04003,0.07370,0.14643,0.14564,0.29058,0.08783,0.05927,0.23941,0.10549,0.04277,0.14482,0.18943,0.30688,0.67942,0.07963,0.09367,0.10995,,0.10110,0.12421,0.30339,0.12253,0.11350,0.04442,0.04641,0.26869,0.10837,0.10402,0.10157,0.13647,0.09244,0.11828,0.16771,0.15094,0.04149,0.03033,0.08753,0.05193,0.04753
1169,0.01977,0.02338,0.15739,0.03047,0.18751,0.06249,0.07832,0.04602,0.03974,0.07266,0.14457,0.14407,0.28794,0.08706,0.05882,0.23724,0.10455,0.04244,0.14485,0.18752,0.30550,0.67684,0.07834,0.09277,0.10891,,0.10029,0.12285,0.30043,0.12098,0.11248,0.04411,0.04613,0.26608,0.10710,0.10321,0.10067,0.13498,0.09169,0.11722,0.16594,0.14931,0.04114,0.03006,0.08631,0.05130,0.04725
1170,0.01951,0.02330,0.15541,0.03034,0.18471,0.06188,0.07705,0.04536,0.03944,0.07162,0.14267,0.14251,0.28534,0.08632,0.05837,0.23506,0.10361,0.04211,0.14475,0.18559,0.30409,0.67420,0.07709,0.09188,0.10786,,0.09947,0.12147,0.29745,0.11943,0.11146,0.04379,0.04585,0.26347,0.10585,0.10241,0.09977,0.13350,0.09095,0.11616,0.16417,0.14770,0.04077,0.02979,0.08510,0.05069,0.04698
1171,0.01933,0.02323,0.15347,0.03019,0.18198,0.06130,0.07579,0.04471,0.03916,0.07060,0.14081,0.14096,0.28272,0.08556,0.05793,0.23290,0.10267,0.04179,0.14450,0.18369,0.30268,0.67158,0.07583,0.09100,0.10683,,0.09865,0.12012,0.29446,0.11790,0.11045,0.04349,0.04557,0.26087,0.10460,0.10160,0.09890,0.13201,0.09021,0.11512,0.16240,0.14609,0.04043,0.02953,0.08392,0.05009,0.04669
1172,0.01923,0.02315,0.15157,0.03003,0.17924,0.06070,0.07452,0.04406,0.03888,0.06959,0.13894,0.13942,0.28009,0.08479,0.05748,0.23073,0.10172,0.04146,0.14409,0.18179,0.30126,0.66893,0.07458,0.09013,0.10579,,0.09781,0.11876,0.29144,0.11636,0.10943,0.04320,0.04530,0.25827,0.10335,0.10077,0.09805,0.13049,0.08946,0.11408,0.16061,0.14448,0.04010,0.02928,0.08272,0.04949,0.04638
1173,0.01906,0.02310,0.14967,0.02988,0.17656,0.06012,0.07326,0.04341,0.03860,0.06858,0.13708,0.13787,0.27746,0.08402,0.05704,0.22859,0.10078,0.04116,0.14356,0.17987,0.29979,0.66621,0.07335,0.08926,0.10477,,0.09699,0.11742,0.28844,0.11485,0.10841,0.04290,0.04502,0.25567,0.10211,0.09996,0.09719,0.12899,0.08873,0.11305,0.15884,0.14288,0.03976,0.02904,0.08155,0.04890,0.04611
1174,0.01885,0.02306,0.14777,0.02974,0.17392,0.05958,0.07199,0.04277,0.03834,0.06757,0.13521,0.13630,0.27479,0.08322,0.05660,0.22645,0.09985,0.04087,0.14287,0.17793,0.29828,0.66345,0.07210,0.08840,0.10376,,0.09619,0.11607,0.28541,0.11335,0.10741,0.04260,0.04473,0.25304,0.10088,0.09916,0.09632,0.12748,0.08801,0.11203,0.15705,0.14129,0.03942,0.02879,0.08039,0.04831,0.04585
1175,0.01869,0.02302,0.14590,0.02960,0.17130,0.05901,0.07075,0.04214,0.03805,0.06657,0.13336,0.13476,0.27214,0.08244,0.05617,0.22432,0.09891,0.04058,0.14207,0.17601,0.29675,0.66064,0.07090,0.08754,0.10274,,0.09537,0.11473,0.28240,0.11186,0.10640,0.04230,0.04445,0.25043,0.09965,0.09835,0.09548,0.12599,0.08729,0.11101,0.15529,0.13971,0.03908,0.02856,0.07924,0.04774,0.04557
1176,0.01851,0.02300,0.14400,0.02948,0.16870,0.05843,0.06950,0.04150,0.03775,0.06556,0.13149,0.13318,0.26947,0.08165,0.05573,0.22220,0.09797,0.04028,0.14113,0.17405,0.29516,0.65772,0.06971,0.08666,0.10172,,0.09456,0.11338,0.27937,0.11037,0.10538,0.04199,0.04417,0.24781,0.09841,0.09755,0.09464,0.12451,0.08657,0.10999,0.15352,0.13812,0.03872,0.02832,0.07809,0.04717,0.04532
1177,0.01834,0.02296,0.14214,0.02934,0.16612,0.05786,0.06826,0.04088,0.03744,0.06458,0.12964,0.13165,0.26680,0.08085,0.05529,0.22006,0.09702,0.03998,0.14008,0.17212,0.29360,0.65481,0.06853,0.08580,0.10069,,0.09375,0.11204,0.27634,0.10888,0.10437,0.04169,0.04389,0.24521,0.09719,0.09674,0.09380,0.12303,0.08586,0.10898,0.15176,0.13654,0.03837,0.02809,0.07695,0.04659,0.04504
1178,0.01823,0.02291,0.14028,0.02919,0.16354,0.05729,0.06699,0.04025,0.03710,0.06359,0.12778,0.13013,0.26409,0.08005,0.05483,0.21787,0.09605,0.03968,0.13889,0.17021,0.29201,0.65187,0.06734,0.08495,0.09964,,0.09294,0.11068,0.27327,0.10738,0.10336,0.04138,0.04362,0.24261,0.09597,0.09593,0.09298,0.12153,0.08513,0.10796,0.14997,0.13495,0.03803,0.02786,0.07580,0.04600,0.04473
1179,0.01808,0.02286,0.13845,0.02904,0.16099,0.05672,0.06576,0.03963,0.03678,0.06262,0.12594,0.12861,0.26142,0.07925,0.05439,0.21573,0.09510,0.03938,0.13764,0.16831,0.29043,0.64892,0.06618,0.08410,0.09862,,0.09214,0.10934,0.27024,0.10591,0.10237,0.04109,0.04334,0.24003,0.09477,0.09513,0.09217,0.12006,0.08442,0.10695,0.14822,0.13339,0.03769,0.02762,0.07468,0.04543,0.04443
1180,0.01786,0.02281,0.13662,0.02888,0.15842,0.05616,0.06453,0.03901,0.03645,0.06163,0.12407,0.12708,0.25873,0.07843,0.05395,0.21358,0.09414,0.03908,0.13626,0.16642,0.28885,0.64590,0.06499,0.08323,0.09758,,0.09135,0.10800,0.26719,0.10445,0.10138,0.04079,0.04305,0.23743,0.09359,0.09432,0.09134,0.11857,0.08372,0.10593,0.14646,0.13182,0.03734,0.02738,0.07356,0.04483,0.04412
1181,0.01771,0.02275,0.13484,0.02873,0.15593,0.05561,0.06331,0.03840,0.03613,0.06068,0.12224,0.12558,0.25608,0.07762,0.05350,0.21146,0.09318,0.03879,0.13485,0.16454,0.28726,0.64291,0.06385,0.08239,0.09658,,0.09057,0.10668,0.26418,0.10300,0.10039,0.04050,0.04277,0.23487,0.09241,0.09353,0.09054,0.11711,0.08301,0.10494,0.14473,0.13028,0.03699,0.02715,0.07245,0.04426,0.04382
1182,0.01760,0.02268,0.13308,0.02857,0.15348,0.05504,0.06211,0.03780,0.03585,0.05973,0.12042,0.12407,0.25343,0.07681,0.05307,0.20938,0.09224,0.03851,0.13337,0.16267,0.28564,0.63988,0.06272,0.08155,0.09559,,0.08979,0.10537,0.26118,0.10157,0.09941,0.04021,0.04250,0.23231,0.09124,0.09273,0.08975,0.11568,0.08229,0.10395,0.14300,0.12875,0.03664,0.02692,0.07136,0.04370,0.04354
1183,0.01747,0.02263,0.13136,0.02843,0.15107,0.05449,0.06093,0.03721,0.03555,0.05881,0.11862,0.12259,0.25081,0.07601,0.05264,0.20732,0.09130,0.03823,0.13186,0.16083,0.28403,0.63687,0.06161,0.08072,0.09460,,0.08901,0.10407,0.25822,0.10016,0.09845,0.03992,0.04222,0.22980,0.09010,0.09195,0.08897,0.11426,0.08158,0.10298,0.14131,0.12724,0.03629,0.02670,0.07029,0.04315,0.04325
1184,0.01734,0.02258,0.12967,0.02829,0.14869,0.05395,0.05978,0.03664,0.03525,0.05790,0.11684,0.12113,0.24822,0.07521,0.05222,0.20526,0.09037,0.03795,0.13032,0.15900,0.28242,0.63384,0.06052,0.07990,0.09363,,0.08825,0.10279,0.25529,0.09877,0.09749,0.03962,0.04194,0.22730,0.08897,0.09116,0.08821,0.11285,0.08089,0.10201,0.13964,0.12575,0.03595,0.02648,0.06924,0.04260,0.04296
1185,0.01725,0.02253,0.12803,0.02817,0.14635,0.05341,0.05862,0.03607,0.03496,0.05701,0.11507,0.11968,0.24563,0.07441,0.05179,0.20321,0.08943,0.03767,0.12872,0.15717,0.28078,0.63080,0.05945,0.07909,0.09267,,0.08749,0.10151,0.25238,0.09739,0.09654,0.03932,0.04167,0.22483,0.08785,0.09038,0.08747,0.11144,0.08019,0.10105,0.13799,0.12426,0.03563,0.02628,0.06822,0.04206,0.04267
1186,0.01712,0.02248,0.12638,0.02802,0.14405,0.05289,0.05750,0.03552,0.03466,0.05612,0.11332,0.11825,0.24307,0.07362,0.05137,0.20118,0.08850,0.03739,0.12712,0.15536,0.27917,0.62777,0.05839,0.07829,0.09171,,0.08674,0.10024,0.24948,0.09602,0.09560,0.03903,0.04139,0.22238,0.08676,0.08962,0.08673,0.11006,0.07950,0.10011,0.13637,0.12280,0.03529,0.02606,0.06719,0.04152,0.04238
1187,0.01692,0.02244,0.12474,0.02787,0.14175,0.05240,0.05642,0.03497,0.03435,0.05522,0.11157,0.11683,0.24053,0.07283,0.05096,0.19918,0.08756,0.03711,0.12547,0.15357,0.27756,0.62474,0.05734,0.07748,0.09075,,0.08599,0.09897,0.24661,0.09467,0.09468,0.03872,0.04110,0.21997,0.08568,0.08885,0.08600,0.10869,0.07883,0.09918,0.13477,0.12133,0.03495,0.02585,0.06616,0.04097,0.04207
1188,0.01682,0.02239,0.12315,0.02773,0.13955,0.05190,0.05534,0.03444,0.03404,0.05436,0.10985,0.11545,0.23802,0.07204,0.05054,0.19720,0.08666,0.03684,0.12387,0.15181,0.27597,0.62170,0.05632,0.07670,0.08982,,0.08526,0.09773,0.24378,0.09335,0.09377,0.03843,0.04082,0.21759,0.08462,0.08811,0.08529,0.10736,0.07817,0.09826,0.13320,0.11992,0.03461,0.02565,0.06517,0.04045,0.04179
1189,0.01676,0.02233,0.12158,0.02757,0.13740,0.05141,0.05427,0.03392,0.03373,0.05352,0.10812,0.11408,0.23552,0.07125,0.05011,0.19522,0.08576,0.03658,0.12227,0.15005,0.27440,0.61863,0.05531,0.07592,0.08891,,0.08455,0.09650,0.24096,0.09203,0.09289,0.03815,0.04054,0.21523,0.08357,0.08737,0.08460,0.10605,0.07750,0.09735,0.13161,0.11852,0.03426,0.02545,0.06419,0.03992,0.04153
1190,0.01669,0.02228,0.12005,0.02742,0.13530,0.05094,0.05323,0.03342,0.03344,0.05269,0.10646,0.11273,0.23308,0.07048,0.04970,0.19331,0.08488,0.03632,0.12070,0.14834,0.27282,0.61561,0.05434,0.07516,0.08800,,0.08385,0.09530,0.23822,0.09076,0.09201,0.03787,0.04027,0.21292,0.08255,0.08665,0.08391,0.10476,0.07685,0.09647,0.13009,0.11715,0.03393,0.02525,0.06325,0.03942,0.04126
1191,0.01669,0.02223,0.11856,0.02728,0.13326,0.05046,0.05219,0.03292,0.03315,0.05188,0.10484,0.11140,0.23068,0.06974,0.04931,0.19143,0.08403,0.03607,0.11917,0.14666,0.27122,0.61256,0.05338,0.07442,0.08712,,0.08316,0.09413,0.23553,0.08952,0.09113,0.03760,0.04000,0.21064,0.08156,0.08594,0.08323,0.10349,0.07624,0.09559,0.12862,0.11583,0.03362,0.02505,0.06235,0.03894,0.04100
1192,0.01661,0.02218,0.11711,0.02716,0.13126,0.05002,0.05119,0.03245,0.03287,0.05110,0.10326,0.11012,0.22832,0.06900,0.04892,0.18957,0.08318,0.03582,0.11765,0.14502,0.26967,0.60959,0.05246,0.07369,0.08625,,0.08248,0.09298,0.23289,0.08831,0.09028,0.03733,0.03975,0.20841,0.08059,0.08523,0.08257,0.10224,0.07562,0.09475,0.12716,0.11452,0.03331,0.02486,0.06146,0.03846,0.04073
1193,0.01650,0.02214,0.11571,0.02704,0.12929,0.04963,0.05022,0.03198,0.03260,0.05035,0.10172,0.10886,0.22599,0.06826,0.04854,0.18776,0.08234,0.03558,0.11613,0.14342,0.26813,0.60669,0.05157,0.07298,0.08540,,0.08180,0.09184,0.23030,0.08714,0.08942,0.03706,0.03950,0.20623,0.07964,0.08454,0.08190,0.10103,0.07499,0.09393,0.12575,0.11323,0.03301,0.02467,0.06058,0.03800,0.04047
1194,0.01639,0.02209,0.11432,0.02691,0.12739,0.04921,0.04928,0.03154,0.03233,0.04961,0.10020,0.10764,0.22372,0.06755,0.04816,0.18596,0.08151,0.03533,0.11466,0.14183,0.26662,0.60379,0.05069,0.07227,0.08456,,0.08114,0.09073,0.22774,0.08598,0.08859,0.03680,0.03925,0.20408,0.07871,0.08385,0.08126,0.09983,0.07439,0.09311,0.12435,0.11198,0.03271,0.02449,0.05973,0.03753,0.04020
1195,0.01625,0.02204,0.11297,0.02680,0.12555,0.04877,0.04836,0.03112,0.03205,0.04886,0.09872,0.10647,0.22150,0.06684,0.04778,0.18417,0.08067,0.03509,0.11321,0.14026,0.26517,0.60093,0.04984,0.07156,0.08374,,0.08049,0.08963,0.22521,0.08483,0.08778,0.03653,0.03901,0.20197,0.07780,0.08317,0.08063,0.09866,0.07378,0.09228,0.12295,0.11076,0.03241,0.02432,0.05888,0.03707,0.03992
1196,0.01614,0.02200,0.11166,0.02668,0.12373,0.04835,0.04748,0.03071,0.03179,0.04817,0.09728,0.10532,0.21932,0.06615,0.04741,0.18244,0.07987,0.03486,0.11182,0.13873,0.26372,0.59808,0.04901,0.07088,0.08294,,0.07985,0.08856,0.22275,0.08371,0.08698,0.03627,0.03876,0.19991,0.07690,0.08250,0.08002,0.09751,0.07319,0.09148,0.12160,0.10956,0.03211,0.02415,0.05808,0.03663,0.03966
1197,0.01603,0.02195,0.11035,0.02654,0.12195,0.04792,0.04664,0.03030,0.03152,0.04749,0.09590,0.10420,0.21721,0.06549,0.04704,0.18075,0.07909,0.03463,0.11046,0.13722,0.26228,0.59522,0.04820,0.07021,0.08215,,0.07923,0.08749,0.22033,0.08261,0.08621,0.03603,0.03851,0.19789,0.07602,0.08184,0.07943,0.09636,0.07262,0.09069,0.12028,0.10839,0.03182,0.02399,0.05729,0.03618,0.03942
1198,0.01592,0.02190,0.10911,0.02642,0.12024,0.04753,0.04581,0.02990,0.03127,0.04683,0.09454,0.10310,0.21513,0.06483,0.04669,0.17910,0.07832,0.03442,0.10915,0.13575,0.26086,0.59243,0.04742,0.06957,0.08138,,0.07862,0.08647,0.21797,0.08153,0.08545,0.03578,0.03826,0.19590,0.07517,0.08120,0.07884,0.09527,0.07205,0.08992,0.11901,0.10725,0.03154,0.02384,0.05654,0.03576,0.03919
1199,0.01582,0.02185,0.10795,0.02629,0.11860,0.04718,0.04500,0.02951,0.03101,0.04621,0.09319,0.10201,0.21308,0.06419,0.04636,0.17751,0.07759,0.03421,0.10789,0.13432,0.25943,0.58966,0.04667,0.06895,0.08063,,0.07802,0.08546,0.21567,0.08049,0.08472,0.03555,0.03801,0.19396,0.07434,0.08057,0.07828,0.09421,0.07150,0.08918,0.11778,0.10613,0.03128,0.02368,0.05582,0.03535,0.03899
1200,0.01574,0.02181,0.10679,0.02618,0.11700,0.04682,0.04423,0.02913,0.03077,0.04561,0.09191,0.10098,0.21109,0.06356,0.04603,0.17594,0.07686,0.03401,0.10666,0.13293,0.25805,0.58696,0.04593,0.06834,0.07990,,0.07744,0.08449,0.21343,0.07947,0.08400,0.03532,0.03776,0.19206,0.07353,0.07996,0.07773,0.09318,0.07097,0.08846,0.11659,0.10505,0.03101,0.02353,0.05511,0.03496,0.03877
1201,0.01569,0.02174,0.10565,0.02609,0.11545,0.04648,0.04349,0.02877,0.03056,0.04501,0.09065,0.10000,0.20916,0.06295,0.04572,0.17442,0.07614,0.03381,0.10549,0.13157,0.25673,0.58432,0.04521,0.06774,0.07919,,0.07688,0.08354,0.21123,0.07847,0.08331,0.03508,0.03752,0.19019,0.07274,0.07940,0.07718,0.09218,0.07045,0.08776,0.11543,0.10401,0.03074,0.02339,0.05444,0.03459,0.03852
1202,0.01563,0.02169,0.10455,0.02598,0.11395,0.04614,0.04276,0.02843,0.03033,0.04443,0.08945,0.09903,0.20726,0.06236,0.04542,0.17291,0.07544,0.03362,0.10434,0.13024,0.25541,0.58170,0.04451,0.06716,0.07850,,0.07632,0.08261,0.20908,0.07751,0.08262,0.03485,0.03729,0.18837,0.07198,0.07883,0.07665,0.09120,0.06994,0.08706,0.11429,0.10299,0.03048,0.02324,0.05378,0.03422,0.03829
1203,0.01554,0.02165,0.10348,0.02587,0.11250,0.04581,0.04205,0.02809,0.03009,0.04388,0.08830,0.09808,0.20541,0.06179,0.04510,0.17144,0.07476,0.03343,0.10321,0.12895,0.25413,0.57915,0.04384,0.06659,0.07782,,0.07578,0.08171,0.20698,0.07658,0.08195,0.03463,0.03706,0.18660,0.07122,0.07827,0.07614,0.09023,0.06944,0.08638,0.11317,0.10199,0.03024,0.02310,0.05313,0.03387,0.03806
1204,0.01550,0.02161,0.10243,0.02576,0.11108,0.04549,0.04136,0.02777,0.02986,0.04335,0.08721,0.09716,0.20361,0.06122,0.04481,0.17000,0.07410,0.03325,0.10215,0.12768,0.25287,0.57662,0.04320,0.06603,0.07717,,0.07524,0.08082,0.20494,0.07570,0.08129,0.03442,0.03685,0.18488,0.07049,0.07773,0.07565,0.08929,0.06894,0.08573,0.11208,0.10102,0.03000,0.02297,0.05250,0.03353,0.03783
1205,0.01546,0.02157,0.10142,0.02565,0.10972,0.04518,0.04069,0.02746,0.02964,0.04283,0.08611,0.09626,0.20186,0.06067,0.04452,0.16860,0.07347,0.03308,0.10111,0.12645,0.25163,0.57413,0.04257,0.06549,0.07653,,0.07473,0.07995,0.20294,0.07482,0.08065,0.03421,0.03664,0.18320,0.06978,0.07719,0.07517,0.08837,0.06846,0.08508,0.11102,0.10009,0.02976,0.02284,0.05189,0.03319,0.03761
1206,0.01538,0.02154,0.10046,0.02553,0.10844,0.04488,0.04003,0.02717,0.02941,0.04233,0.08503,0.09535,0.20015,0.06013,0.04425,0.16723,0.07286,0.03291,0.10008,0.12525,0.25040,0.57167,0.04198,0.06497,0.07591,,0.07423,0.07911,0.20097,0.07396,0.08002,0.03401,0.03644,0.18156,0.06910,0.07666,0.07470,0.08749,0.06799,0.08445,0.10998,0.09918,0.02953,0.02272,0.05130,0.03286,0.03741
1207,0.01537,0.02151,0.09951,0.02543,0.10716,0.04460,0.03941,0.02687,0.02921,0.04184,0.08399,0.09450,0.19850,0.05962,0.04398,0.16590,0.07225,0.03274,0.09910,0.12408,0.24922,0.56926,0.04140,0.06447,0.07530,,0.07374,0.07828,0.19906,0.07313,0.07942,0.03380,0.03624,0.17996,0.06844,0.07615,0.07424,0.08662,0.06754,0.08383,0.10898,0.09830,0.02931,0.02260,0.05075,0.03254,0.03722
1208,0.01546,0.02149,0.09860,0.02536,0.10592,0.04434,0.03883,0.02659,0.02903,0.04137,0.08296,0.09370,0.19692,0.05911,0.04372,0.16462,0.07166,0.03259,0.09817,0.12295,0.24806,0.56689,0.04085,0.06397,0.07470,,0.07328,0.07748,0.19718,0.07232,0.07884,0.03360,0.03604,0.17839,0.06781,0.07567,0.07380,0.08578,0.06711,0.08324,0.10801,0.09746,0.02908,0.02249,0.05022,0.03223,0.03704
1209,0.01543,0.02146,0.09772,0.02528,0.10472,0.04408,0.03826,0.02632,0.02884,0.04091,0.08198,0.09292,0.19536,0.05864,0.04347,0.16337,0.07108,0.03243,0.09726,0.12184,0.24694,0.56461,0.04031,0.06349,0.07413,,0.07282,0.07670,0.19536,0.07154,0.07827,0.03341,0.03585,0.17687,0.06720,0.07519,0.07337,0.08497,0.06668,0.08266,0.10707,0.09664,0.02887,0.02238,0.04971,0.03195,0.03687
1210,0.01536,0.02142,0.09688,0.02522,0.10357,0.04385,0.03769,0.02607,0.02865,0.04048,0.08105,0.09217,0.19386,0.05818,0.04321,0.16215,0.07051,0.03228,0.09638,0.12075,0.24586,0.56239,0.03981,0.06303,0.07356,,0.07237,0.07595,0.19360,0.07077,0.07771,0.03323,0.03567,0.17541,0.06660,0.07472,0.07297,0.08419,0.06626,0.08209,0.10615,0.09584,0.02867,0.02227,0.04921,0.03169,0.03671
1211,0.01533,0.02139,0.09605,0.02514,0.10245,0.04361,0.03716,0.02582,0.02847,0.04005,0.08013,0.09144,0.19239,0.05774,0.04297,0.16096,0.06997,0.03213,0.09554,0.11970,0.24479,0.56021,0.03930,0.06258,0.07302,,0.07194,0.07522,0.19188,0.07004,0.07717,0.03305,0.03549,0.17397,0.06603,0.07426,0.07257,0.08343,0.06584,0.08155,0.10527,0.09507,0.02848,0.02216,0.04872,0.03142,0.03653
1212,0.01525,0.02134,0.09525,0.02505,0.10138,0.04336,0.03666,0.02558,0.02829,0.03964,0.07925,0.09075,0.19095,0.05730,0.04274,0.15981,0.06943,0.03198,0.09472,0.11869,0.24376,0.55812,0.03881,0.06213,0.07250,,0.07151,0.07451,0.19021,0.06932,0.07664,0.03286,0.03530,0.17258,0.06547,0.07381,0.07217,0.08271,0.06543,0.08103,0.10441,0.09431,0.02830,0.02206,0.04825,0.03116,0.03634
1213,0.01519,0.02131,0.09448,0.02497,0.10034,0.04313,0.03616,0.02534,0.02812,0.03925,0.07841,0.09007,0.18957,0.05688,0.04251,0.15870,0.06893,0.03184,0.09394,0.11771,0.24274,0.55604,0.03834,0.06171,0.07199,,0.07110,0.07383,0.18860,0.06863,0.07614,0.03269,0.03513,0.17123,0.06493,0.07338,0.07178,0.08199,0.06505,0.08052,0.10359,0.09359,0.02812,0.02196,0.04780,0.03091,0.03618
1214,0.01514,0.02129,0.09372,0.02487,0.09934,0.04290,0.03569,0.02511,0.02794,0.03887,0.07760,0.08941,0.18825,0.05646,0.04228,0.15761,0.06845,0.03169,0.09318,0.11677,0.24171,0.55399,0.03788,0.06131,0.07149,,0.07072,0.07318,0.18704,0.06798,0.07565,0.03252,0.03496,0.16990,0.06441,0.07296,0.07141,0.08129,0.06468,0.08003,0.10280,0.09290,0.02794,0.02187,0.04736,0.03065,0.03602
1215,0.01510,0.02126,0.09300,0.02479,0.09839,0.04269,0.03524,0.02489,0.02779,0.03852,0.07682,0.08877,0.18695,0.05607,0.04207,0.15657,0.06798,0.03156,0.09246,0.11585,0.24074,0.55198,0.03745,0.06092,0.07102,,0.07034,0.07254,0.18553,0.06734,0.07518,0.03235,0.03479,0.16864,0.06390,0.07255,0.07105,0.08062,0.06432,0.07954,0.10204,0.09222,0.02777,0.02178,0.04694,0.03042,0.03588
1216,0.01501,0.02125,0.09233,0.02474,0.09750,0.04252,0.03480,0.02469,0.02766,0.03819,0.07608,0.08817,0.18571,0.05569,0.04188,0.15558,0.06753,0.03142,0.09177,0.11497,0.23980,0.54997,0.03704,0.06056,0.07056,,0.06998,0.07194,0.18409,0.06671,0.07472,0.03220,0.03463,0.16744,0.06341,0.07216,0.07071,0.07997,0.06399,0.07907,0.10131,0.09158,0.02760,0.02169,0.04654,0.03020,0.03577
1217,0.01497,0.02122,0.09168,0.02467,0.09664,0.04234,0.03437,0.02450,0.02752,0.03787,0.07536,0.08758,0.18451,0.05533,0.04168,0.15462,0.06709,0.03130,0.09110,0.11412,0.23888,0.54807,0.03664,0.06020,0.07013,,0.06963,0.07134,0.18268,0.06610,0.07428,0.03205,0.03447,0.16627,0.06294,0.07178,0.07038,0.07935,0.06365,0.07862,0.10060,0.09096,0.02744,0.02161,0.04616,0.02999,0.03563
1218,0.01503,0.02117,0.09107,0.02460,0.09582,0.04217,0.03396,0.02431,0.02741,0.03756,0.07467,0.08702,0.18334,0.05498,0.04150,0.15370,0.06665,0.03120,0.09048,0.11330,0.23800,0.54623,0.03627,0.05984,0.06972,,0.06927,0.07077,0.18130,0.06551,0.07385,0.03191,0.03430,0.16514,0.06248,0.07141,0.07007,0.07876,0.06333,0.07818,0.09994,0.09037,0.02729,0.02154,0.04580,0.02980,0.03548
1219,0.01500,0.02114,0.09046,0.02454,0.09503,0.04201,0.03358,0.02413,0.02728,0.03727,0.07400,0.08647,0.18222,0.05464,0.04133,0.15281,0.06623,0.03109,0.08988,0.11251,0.23715,0.54446,0.03591,0.05950,0.06932,,0.06894,0.07021,0.17998,0.06495,0.07343,0.03176,0.03415,0.16404,0.06205,0.07106,0.06976,0.07818,0.06302,0.07776,0.09928,0.08980,0.02714,0.02147,0.04545,0.02961,0.03534
1220,0.01489,0.02109,0.08986,0.02447,0.09426,0.04184,0.03320,0.02397,0.02712,0.03698,0.07334,0.08592,0.18114,0.05432,0.04114,0.15196,0.06584,0.03099,0.08929,0.11175,0.23633,0.54280,0.03555,0.05917,0.06892,,0.06862,0.06967,0.17871,0.06442,0.07304,0.03162,0.03401,0.16298,0.06164,0.07074,0.06948,0.07763,0.06272,0.07736,0.09865,0.08925,0.02698,0.02140,0.04511,0.02942,0.03519
1221,0.01482,0.02106,0.08930,0.02440,0.09353,0.04168,0.03284,0.02380,0.02698,0.03671,0.07272,0.08541,0.18011,0.05401,0.04098,0.15113,0.06547,0.03089,0.08873,0.11100,0.23555,0.54116,0.03521,0.05886,0.06855,,0.06831,0.06916,0.17748,0.06391,0.07266,0.03149,0.03388,0.16196,0.06124,0.07042,0.06920,0.07709,0.06244,0.07698,0.09804,0.08872,0.02684,0.02134,0.04479,0.02924,0.03506
1222,0.01473,0.02106,0.08876,0.02433,0.09282,0.04154,0.03251,0.02362,0.02683,0.03645,0.07212,0.08493,0.17913,0.05372,0.04083,0.15032,0.06512,0.03078,0.08821,0.11028,0.23480,0.53955,0.03488,0.05856,0.06818,,0.06802,0.06866,0.17632,0.06340,0.07229,0.03135,0.03375,0.16100,0.06085,0.07010,0.06892,0.07656,0.06216,0.07662,0.09744,0.08820,0.02670,0.02127,0.04449,0.02906,0.03496
1223,0.01466,0.02105,0.08826,0.02427,0.09215,0.04139,0.03220,0.02348,0.02671,0.03621,0.07155,0.08447,0.17819,0.05344,0.04068,0.14955,0.06479,0.03068,0.08769,0.10959,0.23407,0.53801,0.03457,0.05828,0.06784,,0.06774,0.06819,0.17518,0.06292,0.07194,0.03123,0.03362,0.16006,0.06048,0.06980,0.06866,0.07606,0.06191,0.07626,0.09688,0.08771,0.02657,0.02121,0.04419,0.02890,0.03485
1224,0.01463,0.02106,0.08780,0.02421,0.09152,0.04126,0.03189,0.02335,0.02659,0.03598,0.07104,0.08404,0.17730,0.05318,0.04053,0.14880,0.06446,0.03060,0.08719,0.10893,0.23337,0.53649,0.03428,0.05801,0.06751,,0.06748,0.06775,0.17409,0.06246,0.07161,0.03111,0.03349,0.15915,0.06013,0.06952,0.06842,0.07558,0.06166,0.07592,0.09635,0.08727,0.02647,0.02116,0.04392,0.02874,0.03475
1225,0.01460,0.02106,0.08735,0.02416,0.09092,0.04112,0.03160,0.02322,0.02649,0.03574,0.07053,0.08363,0.17645,0.05292,0.04041,0.14810,0.06416,0.03052,0.08669,0.10829,0.23270,0.53504,0.03401,0.05775,0.06720,,0.06722,0.06732,0.17305,0.06204,0.07128,0.03100,0.03337,0.15828,0.05979,0.06924,0.06819,0.07511,0.06142,0.07558,0.09585,0.08683,0.02637,0.02109,0.04365,0.02860,0.03466
1226,0.01458,0.02102,0.08692,0.02410,0.09035,0.04100,0.03133,0.02311,0.02639,0.03553,0.07004,0.08323,0.17563,0.05267,0.04028,0.14745,0.06387,0.03044,0.08620,0.10767,0.23206,0.53370,0.03376,0.05749,0.06689,,0.06697,0.06691,0.17203,0.06162,0.07096,0.03089,0.03326,0.15745,0.05947,0.06898,0.06796,0.07468,0.06118,0.07526,0.09537,0.08643,0.02627,0.02104,0.04338,0.02847,0.03457
1227,0.01459,0.02099,0.08651,0.02406,0.08979,0.04089,0.03107,0.02300,0.02630,0.03533,0.06958,0.08286,0.17484,0.05244,0.04015,0.14681,0.06358,0.03037,0.08573,0.10708,0.23143,0.53238,0.03352,0.05725,0.06661,,0.06674,0.06651,0.17105,0.06122,0.07066,0.03080,0.03317,0.15663,0.05917,0.06873,0.06773,0.07426,0.06096,0.07496,0.09491,0.08605,0.02618,0.02099,0.04313,0.02835,0.03449
1228,0.01455,0.02096,0.08608,0.02400,0.08925,0.04076,0.03083,0.02287,0.02620,0.03513,0.06914,0.08250,0.17408,0.05222,0.04003,0.14620,0.06330,0.03030,0.08528,0.10652,0.23081,0.53110,0.03329,0.05702,0.06633,,0.06652,0.06613,0.17012,0.06084,0.07038,0.03070,0.03307,0.15586,0.05887,0.06849,0.06751,0.07386,0.06075,0.07467,0.09446,0.08566,0.02608,0.02094,0.04289,0.02822,0.03439
1229,0.01455,0.02093,0.08567,0.02395,0.08874,0.04067,0.03058,0.02275,0.02610,0.03495,0.06871,0.08215,0.17336,0.05202,0.03993,0.14561,0.06303,0.03023,0.08483,0.10598,0.23023,0.52990,0.03307,0.05680,0.06606,,0.06629,0.06576,0.16922,0.06046,0.07010,0.03060,0.03297,0.15512,0.05859,0.06826,0.06731,0.07348,0.06054,0.07439,0.09403,0.08529,0.02598,0.02090,0.04267,0.02811,0.03431
1230,0.01455,0.02091,0.08529,0.02391,0.08824,0.04058,0.03036,0.02264,0.02602,0.03478,0.06831,0.08182,0.17267,0.05182,0.03981,0.14505,0.06278,0.03016,0.08438,0.10547,0.22967,0.52873,0.03286,0.05660,0.06581,,0.06608,0.06542,0.16837,0.06011,0.06984,0.03051,0.03287,0.15441,0.05832,0.06803,0.06712,0.07310,0.06035,0.07411,0.09361,0.08494,0.02588,0.02086,0.04246,0.02799,0.03424
1231,0.01455,0.02090,0.08492,0.02389,0.08777,0.04048,0.03013,0.02253,0.02593,0.03460,0.06794,0.08151,0.17201,0.05163,0.03969,0.14451,0.06254,0.03010,0.08392,0.10500,0.22914,0.52761,0.03264,0.05641,0.06557,,0.06587,0.06509,0.16757,0.05977,0.06960,0.03043,0.03276,0.15372,0.05805,0.06782,0.06694,0.07275,0.06017,0.07385,0.09320,0.08460,0.02578,0.02081,0.04228,0.02787,0.03416
1232,0.01453,0.02090,0.08458,0.02386,0.08733,0.04040,0.02992,0.02243,0.02585,0.03444,0.06758,0.08121,0.17138,0.05145,0.03960,0.14400,0.06232,0.03003,0.08347,0.10453,0.22864,0.52651,0.03245,0.05623,0.06534,,0.06568,0.06477,0.16679,0.05945,0.06936,0.03035,0.03266,0.15308,0.05780,0.06762,0.06678,0.07240,0.05999,0.07360,0.09282,0.08428,0.02570,0.02077,0.04211,0.02777,0.03409
1233,0.01453,0.02090,0.08428,0.02384,0.08692,0.04033,0.02974,0.02235,0.02581,0.03432,0.06724,0.08094,0.17077,0.05128,0.03951,0.14351,0.06212,0.02996,0.08301,0.10408,0.22818,0.52547,0.03226,0.05605,0.06512,,0.06550,0.06447,0.16604,0.05913,0.06913,0.03028,0.03257,0.15248,0.05757,0.06744,0.06662,0.07207,0.05982,0.07337,0.09247,0.08398,0.02562,0.02074,0.04197,0.02768,0.03403
1234,0.01452,0.02090,0.08399,0.02382,0.08654,0.04026,0.02956,0.02226,0.02574,0.03418,0.06691,0.08067,0.17021,0.05112,0.03943,0.14304,0.06192,0.02991,0.08256,0.10365,0.22772,0.52447,0.03208,0.05589,0.06491,,0.06533,0.06419,0.16532,0.05885,0.06891,0.03021,0.03250,0.15189,0.05734,0.06726,0.06648,0.07176,0.05967,0.07316,0.09214,0.08371,0.02555,0.02071,0.04181,0.02760,0.03397
1235,0.01448,0.02093,0.08373,0.02381,0.08619,0.04018,0.02939,0.02217,0.02569,0.03406,0.06661,0.08042,0.16969,0.05099,0.03937,0.14260,0.06173,0.02985,0.08213,0.10324,0.22727,0.52351,0.03192,0.05574,0.06473,,0.06518,0.06393,0.16463,0.05860,0.06869,0.03014,0.03243,0.15133,0.05714,0.06710,0.06634,0.07149,0.05954,0.07297,0.09184,0.08344,0.02549,0.02068,0.04164,0.02754,0.03389
1236,0.01445,0.02093,0.08347,0.02378,0.08585,0.04012,0.02923,0.02208,0.02562,0.03394,0.06631,0.08017,0.16919,0.05085,0.03929,0.14218,0.06156,0.02981,0.08168,0.10285,0.22685,0.52260,0.03176,0.05559,0.06455,,0.06503,0.06368,0.16397,0.05834,0.06850,0.03007,0.03237,0.15079,0.05695,0.06694,0.06620,0.07122,0.05941,0.07278,0.09154,0.08320,0.02543,0.02066,0.04149,0.02747,0.03383
1237,0.01444,0.02091,0.08323,0.02376,0.08551,0.04009,0.02907,0.02200,0.02554,0.03380,0.06602,0.07992,0.16871,0.05072,0.03919,0.14180,0.06138,0.02977,0.08122,0.10250,0.22645,0.52174,0.03162,0.05545,0.06438,,0.06489,0.06345,0.16334,0.05811,0.06831,0.03001,0.03230,0.15025,0.05676,0.06678,0.06607,0.07098,0.05929,0.07259,0.09122,0.08297,0.02536,0.02064,0.04132,0.02738,0.03378
1238,0.01443,0.02091,0.08299,0.02372,0.08521,0.04004,0.02892,0.02193,0.02547,0.03369,0.06576,0.07971,0.16827,0.05060,0.03911,0.14144,0.06123,0.02973,0.08077,0.10216,0.22607,0.52092,0.03149,0.05531,0.06422,,0.06475,0.06322,0.16276,0.05788,0.06813,0.02994,0.03224,0.14977,0.05659,0.06664,0.06594,0.07074,0.05917,0.07241,0.09094,0.08275,0.02531,0.02061,0.04118,0.02731,0.03373
1239,0.01440,0.02089,0.08274,0.02367,0.08491,0.03996,0.02879,0.02186,0.02540,0.03358,0.06551,0.07951,0.16785,0.05047,0.03902,0.14108,0.06111,0.02970,0.08032,0.10183,0.22570,0.52013,0.03136,0.05518,0.06406,,0.06463,0.06300,0.16221,0.05764,0.06795,0.02988,0.03217,0.14933,0.05643,0.06650,0.06584,0.07049,0.05904,0.07223,0.09066,0.08256,0.02525,0.02057,0.04105,0.02724,0.03368
1240,0.01440,0.02088,0.08252,0.02364,0.08465,0.03992,0.02866,0.02180,0.02534,0.03348,0.06529,0.07932,0.16745,0.05036,0.03895,0.14076,0.06098,0.02967,0.07986,0.10153,0.22535,0.51940,0.03124,0.05506,0.06391,,0.06451,0.06281,0.16169,0.05743,0.06780,0.02983,0.03212,0.14892,0.05627,0.06637,0.06573,0.07028,0.05894,0.07207,0.09042,0.08237,0.02519,0.02054,0.04094,0.02718,0.03364
1241,0.01448,0.02086,0.08233,0.02363,0.08442,0.03988,0.02854,0.02175,0.02528,0.03340,0.06510,0.07914,0.16708,0.05025,0.03890,0.14046,0.06086,0.02966,0.07939,0.10125,0.22502,0.51873,0.03113,0.05494,0.06377,,0.06441,0.06262,0.16121,0.05724,0.06766,0.02978,0.03208,0.14855,0.05613,0.06623,0.06562,0.07008,0.05884,0.07193,0.09023,0.08220,0.02514,0.02052,0.04085,0.02714,0.03360
1242,0.01448,0.02085,0.08214,0.02361,0.08420,0.03984,0.02843,0.02168,0.02523,0.03332,0.06491,0.07898,0.16675,0.05016,0.03884,0.14018,0.06075,0.02964,0.07892,0.10099,0.22471,0.51812,0.03103,0.05484,0.06365,,0.06432,0.06245,0.16076,0.05707,0.06752,0.02974,0.03203,0.14820,0.05600,0.06612,0.06554,0.06989,0.05875,0.07179,0.09003,0.08204,0.02510,0.02050,0.04076,0.02711,0.03355
1243,0.01441,0.02085,0.08198,0.02359,0.08400,0.03982,0.02834,0.02160,0.02520,0.03323,0.06473,0.07882,0.16644,0.05008,0.03879,0.13993,0.06064,0.02960,0.07844,0.10076,0.22443,0.51758,0.03095,0.05476,0.06354,,0.06424,0.06231,0.16034,0.05691,0.06741,0.02970,0.03198,0.14787,0.05587,0.06604,0.06547,0.06973,0.05868,0.07166,0.08986,0.08189,0.02506,0.02049,0.04067,0.02708,0.03349
1244,0.01440,0.02085,0.08182,0.02358,0.08380,0.03979,0.02825,0.02154,0.02516,0.03316,0.06456,0.07867,0.16616,0.05000,0.03874,0.13969,0.06054,0.02958,0.07794,0.10053,0.22417,0.51705,0.03087,0.05467,0.06344,,0.06416,0.06217,0.15995,0.05677,0.06730,0.02966,0.03194,0.14758,0.05576,0.06595,0.06539,0.06958,0.05861,0.07155,0.08969,0.08176,0.02502,0.02048,0.04058,0.02706,0.03345
1245,0.01437,0.02088,0.08166,0.02357,0.08358,0.03973,0.02816,0.02147,0.02513,0.03309,0.06440,0.07855,0.16591,0.04994,0.03868,0.13947,0.06046,0.02954,0.07743,0.10030,0.22392,0.51653,0.03080,0.05460,0.06334,,0.06408,0.06205,0.15960,0.05664,0.06719,0.02963,0.03189,0.14733,0.05566,0.06587,0.06532,0.06943,0.05854,0.07144,0.08952,0.08164,0.02499,0.02047,0.04050,0.02703,0.03341
1246,0.01434,0.02090,0.08152,0.02356,0.08340,0.03968,0.02808,0.02142,0.02511,0.03303,0.06425,0.07843,0.16568,0.04988,0.03863,0.13927,0.06038,0.02952,0.07692,0.10010,0.22368,0.51606,0.03073,0.05453,0.06325,,0.06401,0.06193,0.15927,0.05651,0.06709,0.02960,0.03185,0.14708,0.05557,0.06580,0.06526,0.06930,0.05848,0.07134,0.08936,0.08154,0.02496,0.02046,0.04043,0.02701,0.03338
1247,0.01436,0.02092,0.08141,0.02356,0.08326,0.03966,0.02801,0.02138,0.02509,0.03297,0.06411,0.07834,0.16546,0.04982,0.03859,0.13909,0.06030,0.02951,0.07642,0.09991,0.22347,0.51561,0.03067,0.05447,0.06318,,0.06394,0.06183,0.15897,0.05640,0.06701,0.02957,0.03182,0.14686,0.05550,0.06573,0.06521,0.06918,0.05844,0.07125,0.08923,0.08145,0.02495,0.02044,0.04036,0.02699,0.03335
1248,0.01434,0.02093,0.08129,0.02356,0.08311,0.03963,0.02794,0.02136,0.02506,0.03292,0.06398,0.07825,0.16525,0.04976,0.03855,0.13894,0.06023,0.02950,0.07589,0.09975,0.22327,0.51520,0.03059,0.05442,0.06311,,0.06386,0.06174,0.15868,0.05630,0.06692,0.02954,0.03179,0.14665,0.05542,0.06565,0.06514,0.06909,0.05840,0.07115,0.08910,0.08137,0.02491,0.02043,0.04030,0.02696,0.03332
1249,0.01432,0.02094,0.08118,0.02356,0.08301,0.03960,0.02789,0.02135,0.02504,0.03288,0.06388,0.07817,0.16509,0.04972,0.03853,0.13881,0.06018,0.02949,0.07537,0.09962,0.22308,0.51487,0.03053,0.05438,0.06305,,0.06381,0.06167,0.15842,0.05621,0.06684,0.02952,0.03178,0.14645,0.05534,0.06561,0.06512,0.06901,0.05838,0.07108,0.08900,0.08131,0.02489,0.02043,0.04025,0.02696,0.03330
1250,0.01428,0.02096,0.08111,0.02354,0.08293,0.03958,0.02783,0.02133,0.02501,0.03285,0.06378,0.07809,0.16495,0.04969,0.03852,0.13872,0.06014,0.02949,0.07484,0.09950,0.22290,0.51459,0.03049,0.05433,0.06301,,0.06376,0.06160,0.15820,0.05613,0.06678,0.02950,0.03176,0.14627,0.05529,0.06558,0.06510,0.06895,0.05835,0.07102,0.08891,0.08125,0.02486,0.02041,0.04021,0.02695,0.03328
1251,0.01430,0.02097,0.08101,0.02351,0.08283,0.03955,0.02777,0.02130,0.02497,0.03282,0.06371,0.07801,0.16484,0.04965,0.03852,0.13862,0.06012,0.02948,0.07428,0.09939,0.22275,0.51432,0.03045,0.05431,0.06297,,0.06371,0.06154,0.15800,0.05607,0.06671,0.02948,0.03174,0.14612,0.05524,0.06555,0.06505,0.06889,0.05834,0.07098,0.08884,0.08120,0.02484,0.02041,0.04017,0.02693,0.03325
1252,0.01434,0.02099,0.08095,0.02349,0.08278,0.03953,0.02773,0.02128,0.02495,0.03279,0.06366,0.07796,0.16477,0.04964,0.03852,0.13855,0.06010,0.02948,0.07373,0.09930,0.22262,0.51409,0.03043,0.05429,0.06292,,0.06368,0.06149,0.15783,0.05603,0.06666,0.02947,0.03173,0.14601,0.05519,0.06554,0.06504,0.06884,0.05834,0.07096,0.08877,0.08119,0.02483,0.02042,0.04014,0.02693,0.03325
1253,0.01431,0.02100,0.08090,0.02348,0.08271,0.03952,0.02769,0.02125,0.02493,0.03277,0.06361,0.07791,0.16470,0.04962,0.03849,0.13851,0.06008,0.02948,0.07318,0.09922,0.22250,0.51389,0.03041,0.05427,0.06289,,0.06365,0.06145,0.15769,0.05599,0.06662,0.02946,0.03172,0.14592,0.05516,0.06552,0.06501,0.06880,0.05834,0.07093,0.08870,0.08118,0.02482,0.02041,0.04011,0.02693,0.03323
1254,0.01423,0.02100,0.08087,0.02348,0.08265,0.03951,0.02765,0.02120,0.02491,0.03276,0.06356,0.07790,0.16466,0.04960,0.03845,0.13849,0.06005,0.02949,0.07263,0.09915,0.22240,0.51373,0.03040,0.05426,0.06287,,0.06363,0.06141,0.15758,0.05595,0.06658,0.02945,0.03170,0.14585,0.05515,0.06552,0.06497,0.06876,0.05833,0.07090,0.08863,0.08118,0.02481,0.02040,0.04009,0.02691,0.03320
1255,0.01422,0.02101,0.08084,0.02347,0.08261,0.03951,0.02763,0.02118,0.02490,0.03273,0.06353,0.07787,0.16464,0.04959,0.03843,0.13848,0.06004,0.02949,0.07211,0.09910,0.22232,0.51360,0.03040,0.05426,0.06286,,0.06361,0.06139,0.15750,0.05593,0.06657,0.02945,0.03169,0.14580,0.05514,0.06552,0.06495,0.06874,0.05834,0.07089,0.08859,0.08119,0.02481,0.02040,0.04007,0.02691,0.03318
1256,0.01421,0.02101,0.08082,0.02348,0.08259,0.03951,0.02763,0.02115,0.02489,0.03269,0.06349,0.07786,0.16464,0.04960,0.03840,0.13852,0.06002,0.02949,0.07161,0.09907,0.22224,0.51353,0.03039,0.05426,0.06287,,0.06359,0.06136,0.15746,0.05593,0.06657,0.02944,0.03168,0.14578,0.05514,0.06553,0.06494,0.06873,0.05833,0.07090,0.08857,0.08122,0.02480,0.02038,0.04009,0.02692,0.03318
1257,0.01421,0.02103,0.08082,0.02348,0.08259,0.03952,0.02763,0.02114,0.02489,0.03269,0.06347,0.07786,0.16466,0.04959,0.03839,0.13856,0.06001,0.02949,0.07113,0.09907,0.22219,0.51349,0.03039,0.05427,0.06288,,0.06359,0.06136,0.15742,0.05593,0.06657,0.02944,0.03168,0.14576,0.05514,0.06554,0.06494,0.06874,0.05834,0.07091,0.08856,0.08125,0.02480,0.02038,0.04008,0.02693,0.03318
1258,0.01428,0.02106,0.08084,0.02345,0.08261,0.03955,0.02766,0.02115,0.02490,0.03268,0.06344,0.07788,0.16470,0.04959,0.03841,0.13861,0.06001,0.02948,0.07066,0.09908,0.22218,0.51347,0.03040,0.05429,0.06290,,0.06360,0.06138,0.15742,0.05596,0.06658,0.02946,0.03168,0.14575,0.05514,0.06555,0.06498,0.06876,0.05838,0.07093,0.08860,0.08129,0.02480,0.02040,0.04007,0.02695,0.03319
1259,0.01430,0.02107,0.08087,0.02345,0.08264,0.03957,0.02768,0.02115,0.02491,0.03269,0.06344,0.07790,0.16476,0.04959,0.03842,0.13868,0.06002,0.02949,0.07021,0.09910,0.22218,0.51350,0.03041,0.05431,0.06292,,0.06361,0.06140,0.15743,0.05598,0.06659,0.02947,0.03169,0.14577,0.05516,0.06557,0.06500,0.06880,0.05842,0.07096,0.08862,0.08133,0.02481,0.02041,0.04008,0.02697,0.03319
1260,0.01429,0.02109,0.08093,0.02349,0.08270,0.03959,0.02769,0.02116,0.02492,0.03274,0.06347,0.07794,0.16485,0.04959,0.03844,0.13879,0.06003,0.02950,0.06977,0.09914,0.22222,0.51358,0.03044,0.05432,0.06295,,0.06365,0.06144,0.15745,0.05600,0.06659,0.02949,0.03170,0.14581,0.05519,0.06561,0.06502,0.06886,0.05845,0.07097,0.08865,0.08138,0.02482,0.02042,0.04010,0.02699,0.03320
1261,0.01429,0.02110,0.08097,0.02350,0.08275,0.03960,0.02771,0.02116,0.02493,0.03276,0.06351,0.07799,0.16494,0.04960,0.03845,0.13889,0.06005,0.02950,0.06936,0.09919,0.22226,0.51367,0.03046,0.05434,0.06298,,0.06368,0.06148,0.15750,0.05603,0.06661,0.02950,0.03171,0.14587,0.05523,0.06564,0.06503,0.06892,0.05849,0.07100,0.08869,0.08144,0.02483,0.02043,0.04013,0.02701,0.03320
1262,0.01432,0.02111,0.08101,0.02351,0.08281,0.03959,0.02772,0.02116,0.02493,0.03277,0.06359,0.07803,0.16504,0.04963,0.03846,0.13901,0.06006,0.02951,0.06896,0.09924,0.22229,0.51380,0.03047,0.05438,0.06302,,0.06370,0.06153,0.15757,0.05608,0.06664,0.02950,0.03172,0.14595,0.05529,0.06566,0.06504,0.06898,0.05852,0.07104,0.08874,0.08152,0.02485,0.02044,0.04018,0.02702,0.03320
1263,0.01433,0.02112,0.08106,0.02352,0.08289,0.03961,0.02776,0.02116,0.02494,0.03279,0.06364,0.07809,0.16517,0.04966,0.03848,0.13915,0.06009,0.02952,0.06860,0.09932,0.22235,0.51394,0.03050,0.05441,0.06308,,0.06374,0.06159,0.15767,0.05613,0.06669,0.02951,0.03173,0.14603,0.05535,0.06570,0.06506,0.06904,0.05857,0.07109,0.08880,0.08160,0.02487,0.02044,0.04022,0.02704,0.03321
1264,0.01430,0.02113,0.08108,0.02354,0.08297,0.03962,0.02781,0.02118,0.02495,0.03281,0.06367,0.07814,0.16534,0.04969,0.03850,0.13931,0.06013,0.02951,0.06825,0.09941,0.22240,0.51409,0.03054,0.05445,0.06315,,0.06378,0.06166,0.15778,0.05618,0.06674,0.02950,0.03175,0.14610,0.05541,0.06573,0.06507,0.06911,0.05863,0.07116,0.08885,0.08168,0.02490,0.02043,0.04024,0.02705,0.03320
1265,0.01430,0.02113,0.08115,0.02354,0.08307,0.03965,0.02785,0.02120,0.02496,0.03284,0.06373,0.07821,0.16550,0.04973,0.03853,0.13947,0.06017,0.02952,0.06795,0.09951,0.22249,0.51429,0.03058,0.05450,0.06321,,0.06382,0.06173,0.15792,0.05625,0.06680,0.02951,0.03177,0.14621,0.05548,0.06578,0.06510,0.06919,0.05869,0.07123,0.08893,0.08178,0.02493,0.02043,0.04028,0.02708,0.03322
1266,0.01430,0.02111,0.08127,0.02355,0.08320,0.03968,0.02789,0.02124,0.02497,0.03290,0.06379,0.07828,0.16571,0.04977,0.03859,0.13966,0.06023,0.02954,0.06767,0.09964,0.22262,0.51452,0.03063,0.05455,0.06329,,0.06388,0.06183,0.15807,0.05634,0.06687,0.02953,0.03179,0.14635,0.05556,0.06585,0.06515,0.06929,0.05877,0.07133,0.08902,0.08188,0.02496,0.02044,0.04033,0.02711,0.03326
1267,0.01431,0.02110,0.08139,0.02355,0.08332,0.03972,0.02795,0.02127,0.02499,0.03295,0.06387,0.07836,0.16591,0.04982,0.03864,0.13985,0.06028,0.02955,0.06745,0.09977,0.22275,0.51478,0.03067,0.05460,0.06338,,0.06395,0.06192,0.15825,0.05643,0.06693,0.02955,0.03181,0.14650,0.05565,0.06591,0.06519,0.06939,0.05885,0.07141,0.08912,0.08199,0.02499,0.02046,0.04039,0.02714,0.03328
1268,0.01439,0.02112,0.08156,0.02354,0.08346,0.03978,0.02802,0.02128,0.02502,0.03300,0.06399,0.07847,0.16609,0.04987,0.03869,0.14003,0.06031,0.02958,0.06729,0.09992,0.22289,0.51510,0.03070,0.05466,0.06347,,0.06401,0.06203,0.15847,0.05656,0.06700,0.02957,0.03185,0.14671,0.05574,0.06596,0.06526,0.06951,0.05892,0.07148,0.08925,0.08212,0.02501,0.02048,0.04045,0.02718,0.03333
1269,0.01440,0.02113,0.08170,0.02355,0.08360,0.03983,0.02809,0.02131,0.02505,0.03304,0.06410,0.07858,0.16630,0.04992,0.03873,0.14023,0.06036,0.02960,0.06715,0.10006,0.22305,0.51542,0.03075,0.05472,0.06356,,0.06407,0.06212,0.15869,0.05667,0.06708,0.02959,0.03187,0.14690,0.05583,0.06602,0.06531,0.06963,0.05899,0.07155,0.08938,0.08224,0.02504,0.02050,0.04051,0.02721,0.03336
1270,0.01438,0.02114,0.08182,0.02356,0.08373,0.03989,0.02816,0.02134,0.02509,0.03308,0.06418,0.07870,0.16653,0.04998,0.03876,0.14042,0.06042,0.02961,0.06706,0.10020,0.22322,0.51573,0.03081,0.05478,0.06365,,0.06415,0.06222,0.15892,0.05677,0.06715,0.02961,0.03189,0.14709,0.05591,0.06611,0.06534,0.06975,0.05907,0.07161,0.08951,0.08236,0.02506,0.02051,0.04057,0.02723,0.03336
1271,0.01434,0.02116,0.08193,0.02358,0.08388,0.03994,0.02825,0.02136,0.02513,0.03313,0.06429,0.07881,0.16677,0.05005,0.03878,0.14061,0.06048,0.02962,0.06700,0.10036,0.22339,0.51608,0.03089,0.05485,0.06375,,0.06423,0.06231,0.15918,0.05688,0.06724,0.02962,0.03191,0.14730,0.05601,0.06619,0.06541,0.06988,0.05915,0.07168,0.08964,0.08247,0.02508,0.02053,0.04064,0.02727,0.03339
1272,0.01426,0.02116,0.08205,0.02362,0.08401,0.03997,0.02833,0.02139,0.02515,0.03319,0.06443,0.07893,0.16702,0.05012,0.03881,0.14080,0.06056,0.02964,0.06695,0.10053,0.22357,0.51649,0.03096,0.05494,0.06385,,0.06431,0.06242,0.15943,0.05697,0.06733,0.02965,0.03193,0.14750,0.05610,0.06627,0.06547,0.07001,0.05921,0.07175,0.08978,0.08257,0.02510,0.02056,0.04069,0.02730,0.03340
1273,0.01419,0.02115,0.08217,0.02365,0.08412,0.03999,0.02839,0.02142,0.02517,0.03323,0.06454,0.07904,0.16724,0.05019,0.03883,0.14100,0.06063,0.02965,0.06695,0.10068,0.22378,0.51691,0.03102,0.05501,0.06395,,0.06438,0.06253,0.15968,0.05706,0.06740,0.02968,0.03195,0.14770,0.05620,0.06636,0.06550,0.07014,0.05927,0.07184,0.08992,0.08268,0.02514,0.02057,0.04075,0.02734,0.03342
1274,0.01421,0.02115,0.08232,0.02366,0.08427,0.04000,0.02847,0.02146,0.02520,0.03329,0.06466,0.07917,0.16747,0.05026,0.03888,0.14118,0.06071,0.02966,0.06700,0.10084,0.22400,0.51738,0.03108,0.05509,0.06406,,0.06447,0.06265,0.15995,0.05717,0.06748,0.02970,0.03198,0.14790,0.05630,0.06644,0.06556,0.07026,0.05934,0.07194,0.09007,0.08279,0.02517,0.02058,0.04082,0.02739,0.03347
1275,0.01424,0.02115,0.08246,0.02368,0.08439,0.04003,0.02856,0.02149,0.02523,0.03335,0.06478,0.07929,0.16770,0.05034,0.03893,0.14137,0.06078,0.02968,0.06708,0.10101,0.22421,0.51789,0.03112,0.05515,0.06417,,0.06456,0.06277,0.16020,0.05728,0.06755,0.02971,0.03201,0.14810,0.05639,0.06649,0.06560,0.07038,0.05941,0.07204,0.09021,0.08289,0.02522,0.02060,0.04088,0.02741,0.03353
1276,0.01428,0.02115,0.08258,0.02368,0.08453,0.04010,0.02864,0.02152,0.02527,0.03340,0.06488,0.07940,0.16793,0.05043,0.03898,0.14155,0.06085,0.02970,0.06719,0.10117,0.22444,0.51832,0.03118,0.05521,0.06427,,0.06464,0.06287,0.16046,0.05741,0.06761,0.02972,0.03204,0.14831,0.05648,0.06656,0.06563,0.07049,0.05950,0.07214,0.09035,0.08299,0.02527,0.02061,0.04096,0.02745,0.03359
1277,0.01435,0.02115,0.08269,0.02367,0.08471,0.04015,0.02873,0.02156,0.02533,0.03346,0.06501,0.07952,0.16817,0.05049,0.03901,0.14171,0.06093,0.02973,0.06732,0.10133,0.22467,0.51875,0.03125,0.05527,0.06437,,0.06472,0.06297,0.16073,0.05754,0.06768,0.02974,0.03206,0.14853,0.05657,0.06663,0.06568,0.07061,0.05959,0.07223,0.09050,0.08309,0.02531,0.02062,0.04104,0.02748,0.03365
1278,0.01435,0.02113,0.08279,0.02368,0.08484,0.04018,0.02880,0.02159,0.02534,0.03350,0.06513,0.07959,0.16838,0.05055,0.03902,0.14188,0.06099,0.02975,0.06744,0.10148,0.22486,0.51918,0.03132,0.05533,0.06447,,0.06478,0.06306,0.16100,0.05764,0.06776,0.02976,0.03209,0.14875,0.05664,0.06667,0.06572,0.07073,0.05966,0.07230,0.09062,0.08319,0.02535,0.02063,0.04109,0.02750,0.03368
1279,0.01442,0.02111,0.08290,0.02371,0.08497,0.04022,0.02888,0.02161,0.02536,0.03353,0.06529,0.07966,0.16858,0.05062,0.03904,0.14204,0.06105,0.02976,0.06759,0.10162,0.22508,0.51956,0.03137,0.05540,0.06456,,0.06485,0.06316,0.16127,0.05773,0.06784,0.02979,0.03210,0.14898,0.05672,0.06674,0.06576,0.07086,0.05974,0.07236,0.09075,0.08330,0.02539,0.02065,0.04114,0.02753,0.03372
1280,0.01445,0.02108,0.08300,0.02372,0.08509,0.04026,0.02896,0.02164,0.02539,0.03357,0.06541,0.07975,0.16876,0.05068,0.03906,0.14217,0.06111,0.02978,0.06775,0.10175,0.22528,0.51998,0.03141,0.05545,0.06465,,0.06492,0.06326,0.16153,0.05782,0.06792,0.02980,0.03212,0.14918,0.05679,0.06679,0.06579,0.07096,0.05979,0.07241,0.09087,0.08338,0.02541,0.02066,0.04118,0.02755,0.03375
1281,0.01450,0.02102,0.08312,0.02370,0.08519,0.04028,0.02903,0.02169,0.02539,0.03359,0.06552,0.07984,0.16892,0.05074,0.03905,0.14229,0.06119,0.02978,0.06793,0.10187,0.22548,0.52041,0.03145,0.05549,0.06472,,0.06499,0.06336,0.16178,0.05789,0.06799,0.02980,0.03216,0.14937,0.05684,0.06684,0.06582,0.07104,0.05982,0.07244,0.09100,0.08345,0.02541,0.02067,0.04120,0.02754,0.03374
1282,0.01449,0.02101,0.08322,0.02372,0.08530,0.04033,0.02910,0.02172,0.02541,0.03363,0.06561,0.07994,0.16908,0.05080,0.03906,0.14240,0.06125,0.02980,0.06811,0.10199,0.22568,0.52082,0.03148,0.05552,0.06480,,0.06505,0.06345,0.16203,0.05797,0.06805,0.02981,0.03219,0.14955,0.05691,0.06689,0.06585,0.07113,0.05986,0.07248,0.09111,0.08350,0.02543,0.02068,0.04123,0.02755,0.03377
1283,0.01443,0.02103,0.08330,0.02373,0.08541,0.04038,0.02916,0.02174,0.02545,0.03370,0.06568,0.08008,0.16925,0.05086,0.03908,0.14250,0.06130,0.02982,0.06831,0.10210,0.22588,0.52126,0.03151,0.05553,0.06486,,0.06511,0.06353,0.16226,0.05806,0.06808,0.02980,0.03222,0.14972,0.05698,0.06693,0.06588,0.07122,0.05989,0.07252,0.09122,0.08352,0.02543,0.02069,0.04126,0.02756,0.03382
1284,0.01440,0.02103,0.08337,0.02374,0.08549,0.04044,0.02923,0.02176,0.02547,0.03373,0.06577,0.08018,0.16938,0.05091,0.03908,0.14259,0.06135,0.02983,0.06848,0.10220,0.22607,0.52163,0.03154,0.05555,0.06493,,0.06517,0.06361,0.16248,0.05813,0.06813,0.02981,0.03224,0.14988,0.05704,0.06697,0.06590,0.07130,0.05992,0.07256,0.09130,0.08357,0.02544,0.02069,0.04129,0.02758,0.03385
1285,0.01433,0.02107,0.08344,0.02378,0.08557,0.04050,0.02929,0.02179,0.02548,0.03376,0.06588,0.08027,0.16950,0.05097,0.03910,0.14269,0.06137,0.02984,0.06866,0.10229,0.22623,0.52197,0.03159,0.05556,0.06500,,0.06524,0.06370,0.16272,0.05821,0.06818,0.02984,0.03224,0.15002,0.05711,0.06702,0.06592,0.07139,0.05997,0.07260,0.09135,0.08363,0.02548,0.02070,0.04132,0.02760,0.03388
1286,0.01428,0.02107,0.08349,0.02379,0.08564,0.04053,0.02934,0.02180,0.02549,0.03378,0.06596,0.08034,0.16960,0.05101,0.03909,0.14275,0.06140,0.02985,0.06880,0.10237,0.22640,0.52231,0.03161,0.05557,0.06505,,0.06529,0.06378,0.16292,0.05827,0.06821,0.02985,0.03225,0.15017,0.05715,0.06706,0.06593,0.07146,0.06000,0.07263,0.09140,0.08366,0.02549,0.02071,0.04134,0.02760,0.03390
1287,0.01428,0.02104,0.08352,0.02377,0.08570,0.04058,0.02940,0.02180,0.02548,0.03376,0.06605,0.08039,0.16968,0.05105,0.03907,0.14281,0.06143,0.02986,0.06894,0.10244,0.22656,0.52261,0.03163,0.05559,0.06509,,0.06532,0.06386,0.16310,0.05833,0.06824,0.02984,0.03225,0.15030,0.05717,0.06711,0.06592,0.07151,0.06003,0.07266,0.09146,0.08369,0.02550,0.02071,0.04136,0.02760,0.03390
1288,0.01426,0.02102,0.08355,0.02376,0.08575,0.04060,0.02945,0.02181,0.02549,0.03376,0.06612,0.08044,0.16973,0.05108,0.03905,0.14284,0.06145,0.02986,0.06904,0.10250,0.22671,0.52293,0.03165,0.05559,0.06512,,0.06535,0.06392,0.16327,0.05837,0.06826,0.02985,0.03226,0.15042,0.05719,0.06714,0.06592,0.07156,0.06006,0.07267,0.09149,0.08370,0.02551,0.02071,0.04138,0.02760,0.03391
1289,0.01418,0.02099,0.08355,0.02375,0.08579,0.04059,0.02947,0.02182,0.02551,0.03377,0.06618,0.08046,0.16977,0.05110,0.03901,0.14284,0.06148,0.02987,0.06913,0.10254,0.22686,0.52327,0.03166,0.05558,0.06513,,0.06537,0.06397,0.16342,0.05840,0.06826,0.02983,0.03226,0.15055,0.05718,0.06717,0.06591,0.07160,0.06008,0.07267,0.09151,0.08369,0.02552,0.02073,0.04138,0.02760,0.03392
1290,0.01415,0.02098,0.08356,0.02374,0.08582,0.04060,0.02951,0.02182,0.02552,0.03377,0.06624,0.08049,0.16979,0.05112,0.03897,0.14283,0.06150,0.02988,0.06918,0.10258,0.22698,0.52357,0.03167,0.05557,0.06515,,0.06539,0.06402,0.16357,0.05842,0.06827,0.02984,0.03226,0.15064,0.05719,0.06718,0.06591,0.07165,0.06010,0.07267,0.09152,0.08367,0.02552,0.02074,0.04138,0.02759,0.03392
1291,0.01415,0.02099,0.08356,0.02376,0.08583,0.04062,0.02954,0.02183,0.02555,0.03378,0.06631,0.08053,0.16978,0.05115,0.03892,0.14281,0.06152,0.02987,0.06917,0.10261,0.22707,0.52384,0.03170,0.05555,0.06517,,0.06542,0.06407,0.16373,0.05844,0.06828,0.02987,0.03226,0.15069,0.05721,0.06718,0.06593,0.07171,0.06011,0.07264,0.09150,0.08365,0.02552,0.02073,0.04137,0.02760,0.03394
1292,0.01417,0.02100,0.08354,0.02375,0.08583,0.04063,0.02958,0.02182,0.02555,0.03377,0.06636,0.08054,0.16975,0.05117,0.03889,0.14278,0.06152,0.02987,0.06915,0.10263,0.22717,0.52408,0.03170,0.05553,0.06518,,0.06543,0.06412,0.16386,0.05844,0.06829,0.02988,0.03225,0.15076,0.05721,0.06719,0.06591,0.07175,0.06011,0.07263,0.09149,0.08361,0.02551,0.02073,0.04136,0.02759,0.03393
1293,0.01426,0.02102,0.08351,0.02371,0.08582,0.04065,0.02964,0.02181,0.02555,0.03377,0.06640,0.08056,0.16971,0.05117,0.03887,0.14275,0.06153,0.02985,0.06911,0.10265,0.22726,0.52426,0.03170,0.05550,0.06519,,0.06545,0.06416,0.16398,0.05843,0.06831,0.02989,0.03225,0.15083,0.05722,0.06719,0.06589,0.07179,0.06013,0.07261,0.09148,0.08356,0.02550,0.02073,0.04136,0.02757,0.03392
1294,0.01431,0.02103,0.08347,0.02370,0.08580,0.04066,0.02967,0.02180,0.02554,0.03375,0.06643,0.08056,0.16965,0.05117,0.03882,0.14270,0.06151,0.02984,0.06902,0.10265,0.22733,0.52445,0.03169,0.05546,0.06518,,0.06546,0.06418,0.16410,0.05842,0.06831,0.02988,0.03225,0.15086,0.05721,0.06719,0.06586,0.07181,0.06012,0.07259,0.09144,0.08349,0.02548,0.02071,0.04133,0.02754,0.03391
1295,0.01435,0.02104,0.08340,0.02368,0.08575,0.04066,0.02968,0.02178,0.02551,0.03371,0.06645,0.08053,0.16957,0.05115,0.03878,0.14262,0.06149,0.02982,0.06888,0.10263,0.22738,0.52460,0.03166,0.05542,0.06516,,0.06546,0.06420,0.16420,0.05841,0.06831,0.02986,0.03225,0.15088,0.05718,0.06718,0.06581,0.07180,0.06011,0.07257,0.09137,0.08342,0.02545,0.02070,0.04129,0.02750,0.03390
1296,0.01436,0.02103,0.08335,0.02365,0.08571,0.04066,0.02970,0.02178,0.02548,0.03367,0.06646,0.08051,0.16946,0.05114,0.03873,0.14252,0.06145,0.02980,0.06872,0.10260,0.22744,0.52479,0.03163,0.05538,0.06514,,0.06546,0.06421,0.16431,0.05840,0.06831,0.02985,0.03225,0.15088,0.05717,0.06718,0.06576,0.07180,0.06009,0.07254,0.09130,0.08333,0.02542,0.02069,0.04126,0.02746,0.03388
1297,0.01433,0.02101,0.08328,0.02365,0.08565,0.04066,0.02971,0.02176,0.02545,0.03364,0.06645,0.08051,0.16935,0.05111,0.03866,0.14244,0.06141,0.02978,0.06850,0.10257,0.22749,0.52499,0.03160,0.05534,0.06510,,0.06544,0.06421,0.16442,0.05838,0.06828,0.02982,0.03225,0.15086,0.05715,0.06718,0.06570,0.07180,0.06006,0.07249,0.09120,0.08322,0.02539,0.02067,0.04121,0.02742,0.03388
1298,0.01426,0.02099,0.08318,0.02365,0.08555,0.04064,0.02970,0.02173,0.02540,0.03360,0.06645,0.08048,0.16921,0.05106,0.03857,0.14231,0.06136,0.02977,0.06825,0.10252,0.22750,0.52518,0.03155,0.05528,0.06507,,0.06542,0.06420,0.16450,0.05833,0.06825,0.02981,0.03223,0.15082,0.05711,0.06713,0.06564,0.07180,0.06001,0.07244,0.09107,0.08310,0.02535,0.02064,0.04114,0.02736,0.03383
1299,0.01427,0.02100,0.08309,0.02363,0.08547,0.04062,0.02971,0.02172,0.02539,0.03356,0.06644,0.08045,0.16906,0.05102,0.03849,0.14217,0.06132,0.02976,0.06800,0.10246,0.22753,0.52532,0.03151,0.05524,0.06505,,0.06538,0.06419,0.16456,0.05827,0.06824,0.02980,0.03221,0.15078,0.05707,0.06711,0.06558,0.07181,0.05997,0.07239,0.09098,0.08297,0.02532,0.02061,0.04108,0.02731,0.03380
1300,0.01426,0.02100,0.08297,0.02360,0.08536,0.04060,0.02971,0.02168,0.02536,0.03351,0.06642,0.08041,0.16888,0.05096,0.03839,0.14204,0.06126,0.02974,0.06771,0.10240,0.22755,0.52543,0.03146,0.05517,0.06501,,0.06534,0.06416,0.16459,0.05820,0.06822,0.02977,0.03218,0.15074,0.05703,0.06708,0.06551,0.07181,0.05992,0.07232,0.09087,0.08282,0.02531,0.02058,0.04101,0.02723,0.03375
1301,0.01425,0.02101,0.08284,0.02356,0.08525,0.04057,0.02969,0.02165,0.02533,0.03345,0.06641,0.08035,0.16868,0.05091,0.03830,0.14187,0.06120,0.02972,0.06740,0.10234,0.22754,0.52550,0.03141,0.05508,0.06496,,0.06529,0.06413,0.16463,0.05814,0.06821,0.02974,0.03215,0.15067,0.05698,0.06703,0.06544,0.07179,0.05986,0.07225,0.09074,0.08266,0.02526,0.02055,0.04094,0.02715,0.03371
1302,0.01428,0.02103,0.08272,0.02353,0.08514,0.04055,0.02968,0.02161,0.02533,0.03340,0.06638,0.08027,0.16848,0.05085,0.03823,0.14169,0.06112,0.02969,0.06705,0.10225,0.22754,0.52555,0.03137,0.05499,0.06490,,0.06523,0.06409,0.16465,0.05809,0.06819,0.02971,0.03212,0.15057,0.05692,0.06700,0.06537,0.07178,0.05978,0.07217,0.09063,0.08250,0.02521,0.02051,0.04087,0.02708,0.03369
1303,0.01422,0.02103,0.08259,0.02350,0.08498,0.04054,0.02967,0.02155,0.02530,0.03334,0.06634,0.08019,0.16824,0.05076,0.03814,0.14150,0.06102,0.02965,0.06666,0.10216,0.22751,0.52563,0.03130,0.05489,0.06483,,0.06518,0.06403,0.16466,0.05801,0.06815,0.02967,0.03208,0.15047,0.05686,0.06695,0.06529,0.07175,0.05970,0.07207,0.09047,0.08232,0.02515,0.02048,0.04078,0.02700,0.03363
1304,0.01420,0.02101,0.08245,0.02349,0.08483,0.04052,0.02965,0.02154,0.02525,0.03328,0.06630,0.08011,0.16796,0.05066,0.03806,0.14130,0.06092,0.02962,0.06626,0.10206,0.22747,0.52568,0.03122,0.05480,0.06476,,0.06513,0.06397,0.16469,0.05794,0.06813,0.02963,0.03205,0.15036,0.05680,0.06689,0.06521,0.07172,0.05963,0.07198,0.09031,0.08211,0.02508,0.02045,0.04069,0.02694,0.03358
1305,0.01415,0.02099,0.08228,0.02344,0.08467,0.04050,0.02963,0.02150,0.02520,0.03320,0.06624,0.08001,0.16768,0.05055,0.03796,0.14109,0.06084,0.02958,0.06586,0.10194,0.22743,0.52572,0.03115,0.05470,0.06469,,0.06508,0.06390,0.16472,0.05785,0.06810,0.02958,0.03202,0.15024,0.05672,0.06683,0.06512,0.07167,0.05954,0.07189,0.09014,0.08190,0.02503,0.02041,0.04059,0.02685,0.03352
1306,0.01406,0.02096,0.08210,0.02339,0.08446,0.04049,0.02960,0.02146,0.02515,0.03310,0.06616,0.07990,0.16738,0.05044,0.03784,0.14086,0.06073,0.02953,0.06543,0.10181,0.22737,0.52577,0.03107,0.05460,0.06460,,0.06503,0.06384,0.16474,0.05775,0.06807,0.02952,0.03198,0.15011,0.05663,0.06674,0.06503,0.07162,0.05945,0.07178,0.08993,0.08169,0.02497,0.02037,0.04047,0.02674,0.03345
1307,0.01400,0.02094,0.08191,0.02334,0.08427,0.04045,0.02958,0.02143,0.02511,0.03301,0.06608,0.07980,0.16706,0.05033,0.03773,0.14062,0.06062,0.02949,0.06497,0.10169,0.22732,0.52577,0.03099,0.05450,0.06452,,0.06497,0.06377,0.16476,0.05765,0.06805,0.02948,0.03195,0.14997,0.05654,0.06666,0.06492,0.07156,0.05936,0.07167,0.08972,0.08147,0.02491,0.02033,0.04037,0.02663,0.03338
1308,0.01394,0.02094,0.08170,0.02327,0.08408,0.04040,0.02955,0.02141,0.02508,0.03291,0.06600,0.07968,0.16674,0.05021,0.03761,0.14038,0.06051,0.02945,0.06451,0.10157,0.22728,0.52571,0.03093,0.05440,0.06444,,0.06492,0.06370,0.16478,0.05755,0.06803,0.02945,0.03192,0.14981,0.05643,0.06658,0.06479,0.07149,0.05926,0.07156,0.08948,0.08124,0.02484,0.02029,0.04028,0.02651,0.03334
1309,0.01386,0.02093,0.08150,0.02322,0.08387,0.04035,0.02952,0.02137,0.02505,0.03282,0.06592,0.07957,0.16640,0.05009,0.03749,0.14011,0.06038,0.02941,0.06400,0.10143,0.22722,0.52568,0.03086,0.05428,0.06434,,0.06485,0.06362,0.16478,0.05743,0.06799,0.02941,0.03188,0.14964,0.05633,0.06650,0.06467,0.07142,0.05916,0.07144,0.08925,0.08099,0.02477,0.02025,0.04017,0.02640,0.03328
1310,0.01379,0.02095,0.08131,0.02321,0.08368,0.04030,0.02952,0.02133,0.02503,0.03275,0.06584,0.07947,0.16603,0.04997,0.03739,0.13983,0.06023,0.02938,0.06344,0.10130,0.22715,0.52563,0.03079,0.05414,0.06423,,0.06478,0.06355,0.16476,0.05731,0.06795,0.02938,0.03185,0.14949,0.05623,0.06643,0.06452,0.07134,0.05907,0.07130,0.08902,0.08074,0.02469,0.02022,0.04006,0.02630,0.03321
1311,0.01376,0.02095,0.08109,0.02318,0.08345,0.04026,0.02947,0.02128,0.02498,0.03265,0.06575,0.07934,0.16565,0.04984,0.03727,0.13954,0.06009,0.02933,0.06290,0.10113,0.22707,0.52558,0.03070,0.05401,0.06412,,0.06469,0.06346,0.16475,0.05718,0.06790,0.02934,0.03180,0.14931,0.05612,0.06634,0.06439,0.07128,0.05896,0.07117,0.08878,0.08047,0.02461,0.02016,0.03993,0.02619,0.03313
1312,0.01373,0.02094,0.08086,0.02315,0.08320,0.04022,0.02940,0.02121,0.02493,0.03254,0.06565,0.07919,0.16526,0.04971,0.03714,0.13923,0.05994,0.02928,0.06234,0.10094,0.22697,0.52553,0.03058,0.05386,0.06400,,0.06459,0.06335,0.16473,0.05702,0.06783,0.02929,0.03174,0.14910,0.05600,0.06625,0.06428,0.07122,0.05883,0.07102,0.08852,0.08019,0.02453,0.02010,0.03976,0.02606,0.03304
1313,0.01370,0.02093,0.08063,0.02310,0.08294,0.04018,0.02934,0.02114,0.02487,0.03243,0.06554,0.07906,0.16485,0.04957,0.03701,0.13891,0.05979,0.02923,0.06175,0.10077,0.22687,0.52548,0.03047,0.05373,0.06387,,0.06449,0.06324,0.16470,0.05688,0.06778,0.02923,0.03168,0.14889,0.05587,0.06614,0.06415,0.07115,0.05871,0.07088,0.08827,0.07989,0.02445,0.02004,0.03962,0.02594,0.03296
1314,0.01367,0.02091,0.08037,0.02303,0.08264,0.04015,0.02925,0.02108,0.02479,0.03230,0.06541,0.07891,0.16443,0.04939,0.03686,0.13858,0.05965,0.02917,0.06114,0.10058,0.22677,0.52540,0.03035,0.05360,0.06374,,0.06439,0.06312,0.16467,0.05674,0.06773,0.02917,0.03161,0.14866,0.05574,0.06602,0.06403,0.07106,0.05858,0.07075,0.08802,0.07956,0.02438,0.01996,0.03945,0.02581,0.03289
1315,0.01366,0.02090,0.08012,0.02296,0.08235,0.04009,0.02919,0.02103,0.02472,0.03218,0.06529,0.07876,0.16398,0.04922,0.03671,0.13824,0.05949,0.02911,0.06052,0.10039,0.22666,0.52534,0.03023,0.05347,0.06361,,0.06429,0.06300,0.16463,0.05659,0.06768,0.02912,0.03156,0.14843,0.05559,0.06591,0.06390,0.07098,0.05845,0.07060,0.08774,0.07926,0.02429,0.01990,0.03931,0.02568,0.03281
1316,0.01365,0.02088,0.07987,0.02288,0.08206,0.04004,0.02919,0.02097,0.02465,0.03207,0.06517,0.07861,0.16351,0.04905,0.03657,0.13790,0.05932,0.02904,0.05987,0.10019,0.22655,0.52528,0.03011,0.05333,0.06347,,0.06419,0.06288,0.16457,0.05646,0.06764,0.02905,0.03153,0.14820,0.05544,0.06583,0.06376,0.07089,0.05830,0.07042,0.08745,0.07896,0.02421,0.01986,0.03919,0.02557,0.03274
1317,0.01365,0.02087,0.07960,0.02283,0.08176,0.03997,0.02915,0.02091,0.02459,0.03195,0.06504,0.07845,0.16303,0.04888,0.03642,0.13755,0.05914,0.02898,0.05921,0.09999,0.22644,0.52520,0.02999,0.05319,0.06334,,0.06409,0.06275,0.16451,0.05630,0.06758,0.02898,0.03147,0.14796,0.05529,0.06571,0.06361,0.07080,0.05816,0.07025,0.08716,0.07864,0.02411,0.01979,0.03904,0.02543,0.03266
1318,0.01374,0.02089,0.07933,0.02283,0.08149,0.03986,0.02910,0.02088,0.02454,0.03183,0.06491,0.07827,0.16253,0.04871,0.03627,0.13720,0.05895,0.02892,0.05856,0.09978,0.22635,0.52513,0.02987,0.05303,0.06322,,0.06400,0.06262,0.16446,0.05613,0.06752,0.02892,0.03142,0.14770,0.05513,0.06558,0.06347,0.07071,0.05802,0.07008,0.08684,0.07833,0.02399,0.01972,0.03888,0.02527,0.03258
1319,0.01373,0.02088,0.07904,0.02277,0.08119,0.03977,0.02904,0.02082,0.02448,0.03170,0.06476,0.07809,0.16201,0.04853,0.03611,0.13684,0.05878,0.02885,0.05788,0.09956,0.22622,0.52501,0.02974,0.05288,0.06308,,0.06390,0.06249,0.16439,0.05596,0.06746,0.02885,0.03136,0.14744,0.05496,0.06545,0.06332,0.07061,0.05787,0.06990,0.08651,0.07799,0.02389,0.01965,0.03873,0.02512,0.03248
1320,0.01364,0.02086,0.07873,0.02268,0.08087,0.03966,0.02894,0.02072,0.02439,0.03157,0.06459,0.07790,0.16148,0.04835,0.03593,0.13646,0.05862,0.02879,0.05719,0.09935,0.22606,0.52483,0.02962,0.05272,0.06292,,0.06378,0.06234,0.16430,0.05578,0.06739,0.02875,0.03130,0.14715,0.05478,0.06530,0.06314,0.07049,0.05771,0.06973,0.08618,0.07761,0.02377,0.01958,0.03859,0.02496,0.03237
1321,0.01363,0.02085,0.07842,0.02262,0.08056,0.03958,0.02886,0.02065,0.02432,0.03144,0.06443,0.07771,0.16095,0.04816,0.03576,0.13607,0.05844,0.02873,0.05646,0.09913,0.22591,0.52467,0.02950,0.05256,0.06276,,0.06367,0.06219,0.16422,0.05560,0.06733,0.02868,0.03123,0.14688,0.05461,0.06516,0.06298,0.07036,0.05755,0.06955,0.08583,0.07725,0.02367,0.01952,0.03842,0.02481,0.03228
1322,0.01363,0.02083,0.07810,0.02254,0.08025,0.03950,0.02878,0.02056,0.02426,0.03132,0.06428,0.07751,0.16039,0.04796,0.03561,0.13565,0.05826,0.02866,0.05572,0.09889,0.22575,0.52448,0.02939,0.05239,0.06261,,0.06355,0.06204,0.16414,0.05542,0.06728,0.02862,0.03117,0.14661,0.05442,0.06504,0.06282,0.07022,0.05738,0.06936,0.08545,0.07689,0.02357,0.01947,0.03825,0.02467,0.03217
1323,0.01358,0.02080,0.07778,0.02245,0.07992,0.03945,0.02873,0.02046,0.02417,0.03119,0.06408,0.07730,0.15985,0.04775,0.03543,0.13523,0.05807,0.02859,0.05494,0.09866,0.22558,0.52428,0.02926,0.05222,0.06244,,0.06344,0.06190,0.16405,0.05522,0.06722,0.02856,0.03111,0.14634,0.05424,0.06493,0.06265,0.07007,0.05720,0.06916,0.08508,0.07653,0.02347,0.01941,0.03808,0.02453,0.03206
1324,0.01362,0.02080,0.07747,0.02243,0.07960,0.03943,0.02866,0.02039,0.02410,0.03108,0.06394,0.07712,0.15930,0.04756,0.03530,0.13481,0.05789,0.02854,0.05416,0.09843,0.22544,0.52414,0.02912,0.05205,0.06227,,0.06335,0.06176,0.16397,0.05504,0.06718,0.02850,0.03105,0.14606,0.05406,0.06481,0.06251,0.06993,0.05703,0.06897,0.08475,0.07618,0.02336,0.01935,0.03788,0.02437,0.03198
1325,0.01360,0.02080,0.07717,0.02239,0.07926,0.03941,0.02858,0.02032,0.02403,0.03094,0.06379,0.07693,0.15874,0.04738,0.03515,0.13438,0.05769,0.02847,0.05333,0.09818,0.22531,0.52401,0.02899,0.05187,0.06211,,0.06325,0.06162,0.16388,0.05485,0.06713,0.02845,0.03099,0.14578,0.05387,0.06467,0.06238,0.06980,0.05686,0.06878,0.08440,0.07581,0.02324,0.01929,0.03767,0.02421,0.03187
1326,0.01355,0.02081,0.07688,0.02229,0.07888,0.03937,0.02849,0.02026,0.02393,0.03079,0.06365,0.07673,0.15817,0.04719,0.03497,0.13394,0.05751,0.02841,0.05250,0.09795,0.22516,0.52386,0.02887,0.05171,0.06193,,0.06316,0.06149,0.16379,0.05465,0.06706,0.02837,0.03092,0.14548,0.05369,0.06452,0.06227,0.06967,0.05672,0.06858,0.08405,0.07544,0.02313,0.01923,0.03749,0.02409,0.03176
1327,0.01353,0.02083,0.07658,0.02221,0.07853,0.03929,0.02839,0.02019,0.02386,0.03066,0.06354,0.07656,0.15761,0.04701,0.03481,0.13349,0.05733,0.02836,0.05162,0.09771,0.22502,0.52376,0.02874,0.05154,0.06175,,0.06306,0.06135,0.16370,0.05448,0.06699,0.02829,0.03085,0.14518,0.05349,0.06436,0.06214,0.06954,0.05656,0.06838,0.08370,0.07508,0.02302,0.01916,0.03730,0.02396,0.03166
1328,0.01342,0.02082,0.07626,0.02213,0.07817,0.03917,0.02832,0.02012,0.02376,0.03051,0.06338,0.07632,0.15703,0.04683,0.03464,0.13304,0.05715,0.02830,0.05067,0.09745,0.22486,0.52363,0.02863,0.05138,0.06156,,0.06295,0.06120,0.16361,0.05430,0.06692,0.02821,0.03078,0.14490,0.05328,0.06421,0.06200,0.06940,0.05638,0.06815,0.08331,0.07469,0.02290,0.01908,0.03711,0.02383,0.03153
1329,0.01338,0.02082,0.07595,0.02205,0.07785,0.03906,0.02824,0.02006,0.02368,0.03038,0.06324,0.07611,0.15646,0.04666,0.03446,0.13258,0.05697,0.02824,0.04970,0.09721,0.22470,0.52346,0.02854,0.05123,0.06139,,0.06286,0.06105,0.16354,0.05412,0.06686,0.02812,0.03070,0.14465,0.05310,0.06406,0.06184,0.06924,0.05622,0.06794,0.08291,0.07431,0.02280,0.01903,0.03694,0.02373,0.03143
1330,0.01332,0.02082,0.07565,0.02202,0.07754,0.03896,0.02818,0.01996,0.02362,0.03025,0.06308,0.07591,0.15592,0.04649,0.03431,0.13211,0.05679,0.02819,0.04867,0.09695,0.22457,0.52334,0.02841,0.05107,0.06122,,0.06275,0.06092,0.16345,0.05392,0.06679,0.02805,0.03064,0.14439,0.05292,0.06392,0.06167,0.06908,0.05604,0.06772,0.08252,0.07394,0.02269,0.01898,0.03676,0.02361,0.03133
1331,0.01324,0.02082,0.07531,0.02197,0.07721,0.03891,0.02811,0.01987,0.02355,0.03010,0.06288,0.07566,0.15536,0.04633,0.03416,0.13165,0.05663,0.02814,0.04759,0.09669,0.22442,0.52322,0.02829,0.05091,0.06105,,0.06264,0.06079,0.16334,0.05372,0.06673,0.02799,0.03057,0.14415,0.05272,0.06378,0.06151,0.06892,0.05586,0.06751,0.08214,0.07353,0.02257,0.01890,0.03660,0.02346,0.03123
1332,0.01328,0.02084,0.07501,0.02190,0.07692,0.03888,0.02805,0.01980,0.02348,0.02999,0.06275,0.07545,0.15485,0.04617,0.03403,0.13120,0.05649,0.02809,0.04638,0.09645,0.22425,0.52308,0.02820,0.05075,0.06088,,0.06256,0.06067,0.16324,0.05354,0.06666,0.02792,0.03052,0.14389,0.05253,0.06366,0.06139,0.06877,0.05571,0.06731,0.08176,0.07314,0.02248,0.01885,0.03646,0.02336,0.03116
1333,0.01323,0.02088,0.07470,0.02183,0.07661,0.03884,0.02796,0.01970,0.02342,0.02988,0.06261,0.07526,0.15436,0.04602,0.03388,0.13074,0.05635,0.02805,0.04513,0.09620,0.22410,0.52299,0.02811,0.05058,0.06072,,0.06247,0.06057,0.16312,0.05333,0.06657,0.02787,0.03046,0.14363,0.05235,0.06355,0.06127,0.06862,0.05555,0.06708,0.08139,0.07278,0.02239,0.01879,0.03629,0.02325,0.03107
1334,0.01322,0.02090,0.07438,0.02179,0.07632,0.03880,0.02788,0.01961,0.02336,0.02975,0.06248,0.07506,0.15385,0.04589,0.03372,0.13028,0.05622,0.02801,0.04414,0.09596,0.22397,0.52287,0.02802,0.05042,0.06055,,0.06238,0.06046,0.16300,0.05314,0.06649,0.02780,0.03039,0.14338,0.05215,0.06343,0.06114,0.06847,0.05539,0.06685,0.08103,0.07243,0.02228,0.01874,0.03615,0.02312,0.03097
1335,0.01327,0.02092,0.07408,0.02175,0.07609,0.03873,0.02782,0.01953,0.02327,0.02966,0.06240,0.07487,0.15337,0.04576,0.03357,0.12983,0.05610,0.02798,0.04342,0.09573,0.22384,0.52271,0.02793,0.05027,0.06038,,0.06230,0.06033,0.16289,0.05295,0.06640,0.02773,0.03034,0.14312,0.05196,0.06332,0.06104,0.06832,0.05523,0.06664,0.08066,0.07211,0.02219,0.01869,0.03597,0.02301,0.03088
1336,0.01320,0.02093,0.07379,0.02169,0.07575,0.03863,0.02771,0.01943,0.02318,0.02955,0.06226,0.07470,0.15288,0.04561,0.03340,0.12937,0.05596,0.02793,0.04300,0.09547,0.22371,0.52259,0.02783,0.05011,0.06021,,0.06220,0.06021,0.16279,0.05274,0.06631,0.02767,0.03028,0.14289,0.05177,0.06321,0.06092,0.06817,0.05508,0.06642,0.08032,0.07179,0.02210,0.01863,0.03577,0.02291,0.03079
1337,0.01321,0.02092,0.07352,0.02165,0.07542,0.03856,0.02762,0.01935,0.02309,0.02944,0.06210,0.07453,0.15237,0.04548,0.03322,0.12893,0.05587,0.02789,0.04291,0.09522,0.22358,0.52247,0.02773,0.04995,0.06002,,0.06212,0.06010,0.16268,0.05256,0.06623,0.02759,0.03022,0.14266,0.05159,0.06309,0.06080,0.06804,0.05495,0.06622,0.08001,0.07149,0.02199,0.01858,0.03561,0.02286,0.03070
1338,0.01317,0.02093,0.07324,0.02162,0.07512,0.03848,0.02755,0.01927,0.02302,0.02934,0.06196,0.07434,0.15189,0.04537,0.03308,0.12848,0.05577,0.02786,0.04273,0.09499,0.22344,0.52236,0.02765,0.04980,0.05986,,0.06202,0.05998,0.16257,0.05240,0.06613,0.02753,0.03015,0.14242,0.05141,0.06300,0.06068,0.06791,0.05482,0.06602,0.07970,0.07121,0.02190,0.01854,0.03545,0.02279,0.03060
1339,0.01297,0.02094,0.07297,0.02156,0.07477,0.03837,0.02749,0.01921,0.02295,0.02926,0.06179,0.07413,0.15139,0.04525,0.03297,0.12802,0.05566,0.02784,0.04270,0.09476,0.22325,0.52229,0.02759,0.04964,0.05969,,0.06192,0.05987,0.16248,0.05225,0.06602,0.02749,0.03009,0.14219,0.05124,0.06292,0.06056,0.06778,0.05471,0.06582,0.07941,0.07094,0.02181,0.01853,0.03529,0.02276,0.03047
1340,0.01296,0.02097,0.07272,0.02150,0.07448,0.03830,0.02743,0.01913,0.02288,0.02917,0.06165,0.07395,0.15094,0.04516,0.03283,0.12758,0.05558,0.02781,0.04260,0.09454,0.22310,0.52216,0.02752,0.04950,0.05954,,0.06183,0.05977,0.16235,0.05210,0.06590,0.02744,0.03004,0.14196,0.05107,0.06284,0.06044,0.06765,0.05460,0.06563,0.07909,0.07068,0.02172,0.01850,0.03516,0.02271,0.03039
1341,0.01312,0.02101,0.07247,0.02147,0.07425,0.03823,0.02741,0.01904,0.02282,0.02906,0.06150,0.07376,0.15053,0.04515,0.03270,0.12713,0.05551,0.02781,0.04251,0.09435,0.22297,0.52199,0.02746,0.04937,0.05942,,0.06173,0.05968,0.16215,0.05198,0.06575,0.02742,0.02998,0.14174,0.05090,0.06274,0.06032,0.06751,0.05449,0.06545,0.07874,0.07046,0.02164,0.01850,0.03507,0.02263,0.03031
1342,0.01314,0.02106,0.07222,0.02143,0.07400,0.03816,0.02735,0.01897,0.02275,0.02898,0.06140,0.07358,0.15010,0.04507,0.03256,0.12671,0.05544,0.02779,0.04241,0.09413,0.22283,0.52185,0.02740,0.04923,0.05928,,0.06162,0.05959,0.16201,0.05181,0.06562,0.02737,0.02993,0.14150,0.05072,0.06266,0.06020,0.06737,0.05437,0.06526,0.07842,0.07021,0.02155,0.01847,0.03497,0.02256,0.03025
1343,0.01327,0.02114,0.07200,0.02137,0.07375,0.03815,0.02724,0.01889,0.02268,0.02892,0.06132,0.07345,0.14967,0.04496,0.03240,0.12632,0.05540,0.02775,0.04233,0.09390,0.22271,0.52167,0.02735,0.04909,0.05912,,0.06153,0.05953,0.16187,0.05159,0.06551,0.02730,0.02990,0.14128,0.05053,0.06261,0.06009,0.06722,0.05425,0.06506,0.07812,0.06994,0.02146,0.01842,0.03489,0.02248,0.03024
1344,0.01330,0.02120,0.07177,0.02131,0.07349,0.03808,0.02716,0.01881,0.02260,0.02884,0.06125,0.07331,0.14926,0.04486,0.03226,0.12593,0.05534,0.02772,0.04224,0.09367,0.22256,0.52152,0.02730,0.04895,0.05896,,0.06142,0.05945,0.16171,0.05141,0.06538,0.02725,0.02985,0.14104,0.05035,0.06254,0.05996,0.06709,0.05414,0.06488,0.07779,0.06970,0.02136,0.01837,0.03476,0.02244,0.03018
1345,0.01313,0.02125,0.07153,0.02127,0.07322,0.03797,0.02701,0.01874,0.02252,0.02874,0.06123,0.07318,0.14882,0.04471,0.03213,0.12555,0.05527,0.02767,0.04214,0.09340,0.22242,0.52144,0.02723,0.04881,0.05880,,0.06129,0.05934,0.16158,0.05119,0.06524,0.02720,0.02980,0.14077,0.05017,0.06247,0.05983,0.06698,0.05401,0.06471,0.07745,0.06945,0.02124,0.01834,0.03460,0.02242,0.03006
1346,0.01306,0.02132,0.07132,0.02122,0.07296,0.03789,0.02693,0.01868,0.02244,0.02866,0.06118,0.07305,0.14844,0.04462,0.03201,0.12518,0.05521,0.02763,0.04206,0.09316,0.22228,0.52130,0.02720,0.04866,0.05864,,0.06117,0.05926,0.16142,0.05101,0.06508,0.02715,0.02975,0.14050,0.04999,0.06241,0.05970,0.06686,0.05389,0.06454,0.07712,0.06925,0.02116,0.01831,0.03449,0.02240,0.02998
1347,0.01296,0.02138,0.07114,0.02111,0.07268,0.03777,0.02693,0.01861,0.02233,0.02850,0.06112,0.07291,0.14814,0.04454,0.03191,0.12480,0.05515,0.02760,0.04200,0.09295,0.22210,0.52112,0.02715,0.04851,0.05848,,0.06102,0.05917,0.16119,0.05088,0.06486,0.02714,0.02966,0.14020,0.04979,0.06231,0.05957,0.06673,0.05377,0.06439,0.07674,0.06910,0.02110,0.01827,0.03435,0.02242,0.02989
1348,0.01298,0.02142,0.07093,0.02106,0.07242,0.03767,0.02690,0.01856,0.02227,0.02842,0.06105,0.07278,0.14781,0.04449,0.03179,0.12445,0.05510,0.02758,0.04193,0.09271,0.22197,0.52096,0.02712,0.04836,0.05832,,0.06089,0.05911,0.16098,0.05073,0.06468,0.02712,0.02961,0.13990,0.04961,0.06224,0.05944,0.06661,0.05367,0.06423,0.07639,0.06894,0.02104,0.01826,0.03425,0.02240,0.02981
1349,0.01318,0.02144,0.07070,0.02106,0.07219,0.03760,0.02693,0.01856,0.02229,0.02843,0.06099,0.07263,0.14751,0.04450,0.03163,0.12413,0.05506,0.02759,0.04189,0.09249,0.22187,0.52073,0.02714,0.04819,0.05815,,0.06077,0.05908,0.16077,0.05061,0.06449,0.02709,0.02958,0.13960,0.04943,0.06221,0.05932,0.06651,0.05360,0.06406,0.07611,0.06885,0.02105,0.01828,0.03422,0.02230,0.02978
1350,0.01317,0.02150,0.07049,0.02103,0.07194,0.03750,0.02690,0.01849,0.02225,0.02838,0.06092,0.07249,0.14718,0.04447,0.03153,0.12378,0.05501,0.02758,0.04183,0.09224,0.22177,0.52051,0.02711,0.04803,0.05797,,0.06063,0.05903,0.16053,0.05045,0.06431,0.02707,0.02953,0.13930,0.04922,0.06216,0.05920,0.06638,0.05352,0.06389,0.07574,0.06873,0.02101,0.01828,0.03413,0.02228,0.02972
1351,0.01312,0.02157,0.07032,0.02101,0.07169,0.03738,0.02683,0.01835,0.02223,0.02834,0.06083,0.07236,0.14685,0.04443,0.03147,0.12343,0.05495,0.02758,0.04174,0.09198,0.22172,0.52024,0.02705,0.04788,0.05777,,0.06050,0.05898,0.16029,0.05029,0.06416,0.02705,0.02948,0.13900,0.04899,0.06212,0.05906,0.06623,0.05346,0.06374,0.07531,0.06861,0.02093,0.01831,0.03400,0.02228,0.02965
1352,0.01318,0.02170,0.07008,0.02108,0.07142,0.03735,0.02673,0.01825,0.02226,0.02832,0.06074,0.07223,0.14651,0.04445,0.03143,0.12311,0.05496,0.02756,0.04170,0.09169,0.22167,0.52018,0.02706,0.04778,0.05757,,0.06038,0.05892,0.16005,0.05007,0.06400,0.02702,0.02945,0.13870,0.04881,0.06211,0.05898,0.06611,0.05340,0.06358,0.07488,0.06850,0.02088,0.01833,0.03397,0.02233,0.02956
1353,0.01297,0.02176,0.06981,0.02106,0.07117,0.03718,0.02666,0.01814,0.02212,0.02822,0.06063,0.07207,0.14615,0.04445,0.03134,0.12278,0.05495,0.02748,0.04167,0.09139,0.22157,0.52013,0.02702,0.04766,0.05735,,0.06018,0.05880,0.15971,0.04982,0.06383,0.02698,0.02941,0.13832,0.04856,0.06203,0.05880,0.06595,0.05329,0.06343,0.07439,0.06836,0.02078,0.01827,0.03391,0.02243,0.02943
1354,0.01302,0.02188,0.06962,0.02096,0.07092,0.03715,0.02659,0.01805,0.02194,0.02815,0.06065,0.07195,0.14586,0.04443,0.03129,0.12246,0.05491,0.02748,0.04164,0.09113,0.22150,0.52009,0.02703,0.04754,0.05714,,0.06001,0.05869,0.15939,0.04960,0.06370,0.02696,0.02937,0.13792,0.04831,0.06201,0.05861,0.06581,0.05319,0.06331,0.07388,0.06822,0.02074,0.01831,0.03383,0.02254,0.02937
1355,0.01336,0.02194,0.06927,0.02092,0.07058,0.03716,0.02658,0.01808,0.02180,0.02815,0.06067,0.07190,0.14564,0.04454,0.03114,0.12211,0.05491,0.02754,0.04165,0.09084,0.22138,0.52017,0.02712,0.04740,0.05691,,0.05979,0.05861,0.15906,0.04937,0.06353,0.02693,0.02932,0.13749,0.04810,0.06195,0.05843,0.06569,0.05308,0.06316,0.07334,0.06808,0.02077,0.01840,0.03375,0.02256,0.02936
1356,0.01334,0.02194,0.06892,0.02085,0.07028,0.03712,0.02657,0.01808,0.02161,0.02819,0.06077,0.07182,0.14535,0.04464,0.03091,0.12172,0.05492,0.02750,0.04164,0.09047,0.22128,0.52005,0.02710,0.04729,0.05666,,0.05957,0.05845,0.15866,0.04913,0.06333,0.02685,0.02926,0.13700,0.04783,0.06184,0.05819,0.06553,0.05293,0.06298,0.07276,0.06788,0.02076,0.01841,0.03366,0.02251,0.02932
1357,0.01345,0.02215,0.06873,0.02082,0.06998,0.03737,0.02651,0.01809,0.02170,0.02830,0.06091,0.07179,0.14509,0.04471,0.03086,0.12137,0.05496,0.02754,0.04170,0.09021,0.22130,0.51966,0.02708,0.04729,0.05642,,0.05945,0.05832,0.15838,0.04891,0.06318,0.02680,0.02918,0.13657,0.04756,0.06183,0.05809,0.06542,0.05282,0.06280,0.07221,0.06773,0.02081,0.01841,0.03361,0.02262,0.02943
1358,0.01341,0.02228,0.06843,0.02085,0.06957,0.03733,0.02642,0.01806,0.02183,0.02832,0.06084,0.07170,0.14481,0.04487,0.03085,0.12098,0.05501,0.02761,0.04170,0.08988,0.22120,0.51930,0.02709,0.04733,0.05615,,0.05929,0.05820,0.15807,0.04866,0.06298,0.02671,0.02906,0.13612,0.04730,0.06174,0.05802,0.06525,0.05267,0.06257,0.07162,0.06753,0.02083,0.01839,0.03361,0.02267,0.02939
1359,0.01338,0.02246,0.06817,0.02083,0.06926,0.03721,0.02629,0.01797,0.02197,0.02836,0.06080,0.07147,0.14441,0.04489,0.03084,0.12065,0.05502,0.02766,0.04177,0.08954,0.22109,0.51889,0.02711,0.04740,0.05583,,0.05913,0.05801,0.15771,0.04844,0.06286,0.02661,0.02897,0.13560,0.04703,0.06166,0.05788,0.06508,0.05255,0.06236,0.07106,0.06732,0.02071,0.01840,0.03374,0.02266,0.02925
1360,0.01382,0.02270,0.06797,0.02079,0.06884,0.03711,0.02613,0.01782,0.02219,0.02839,0.06077,0.07146,0.14405,0.04486,0.03092,0.12032,0.05496,0.02780,0.04202,0.08935,0.22107,0.51833,0.02717,0.04745,0.05553,,0.05901,0.05783,0.15740,0.04817,0.06277,0.02656,0.02891,0.13504,0.04680,0.06162,0.05777,0.06495,0.05239,0.06222,0.07063,0.06717,0.02064,0.01848,0.03378,0.02288,0.02921
1361,0.01391,0.02276,0.06760,0.02072,0.06821,0.03653,0.02602,0.01754,0.02199,0.02835,0.06066,0.07153,0.14360,0.04484,0.03078,0.11977,0.05491,0.02783,0.04218,0.08903,0.22089,0.51802,0.02718,0.04740,0.05521,,0.05873,0.05760,0.15704,0.04781,0.06268,0.02642,0.02880,0.13438,0.04652,0.06137,0.05746,0.06479,0.05209,0.06204,0.07006,0.06687,0.02063,0.01870,0.03396,0.02301,0.02893
1362,0.01406,0.02304,0.06712,0.02072,0.06770,0.03651,0.02589,0.01753,0.02183,0.02842,0.06057,0.07162,0.14311,0.04477,0.03066,0.11910,0.05497,0.02776,0.04243,0.08870,0.22065,0.51801,0.02729,0.04744,0.05479,,0.05841,0.05727,0.15669,0.04748,0.06263,0.02629,0.02868,0.13363,0.04625,0.06107,0.05712,0.06465,0.05181,0.06190,0.06947,0.06667,0.02063,0.01894,0.03423,0.02321,0.02863
1363,0.01416,0.02337,0.06662,0.02072,0.06713,0.03643,0.02580,0.01754,0.02161,0.02846,0.06031,0.07183,0.14276,0.04487,0.03074,0.11844,0.05497,0.02768,0.04271,0.08837,0.22069,0.51806,0.02728,0.04749,0.05430,,0.05821,0.05690,0.15617,0.04705,0.06258,0.02616,0.02849,0.13278,0.04586,0.06069,0.05683,0.06449,0.05143,0.06167,0.06892,0.06640,0.02062,0.01887,0.03408,0.02361,0.02826
1364,0.01386,0.02368,0.06609,0.02058,0.06651,0.03607,0.02592,0.01748,0.02122,0.02853,0.05994,0.07193,0.14218,0.04504,0.03063,0.11784,0.05495,0.02748,0.04272,0.08792,0.22053,0.51802,0.02720,0.04750,0.05394,,0.05792,0.05645,0.15555,0.04653,0.06252,0.02589,0.02827,0.13188,0.04538,0.06019,0.05636,0.06429,0.05092,0.06123,0.06802,0.06584,0.02065,0.01875,0.03408,0.02379,0.02774
1365,0.01412,0.02434,0.06556,0.02061,0.06609,0.03662,0.02625,0.01820,0.02147,0.02876,0.05968,0.07170,0.14166,0.04509,0.03082,0.11731,0.05487,0.02745,0.04273,0.08750,0.22014,0.51765,0.02738,0.04761,0.05363,,0.05759,0.05594,0.15483,0.04610,0.06249,0.02577,0.02813,0.13098,0.04503,0.05976,0.05604,0.06394,0.05055,0.06085,0.06762,0.06545,0.02062,0.01860,0.03404,0.02395,0.02728
1366,0.01413,0.02487,0.06485,0.02048,0.06543,0.03628,0.02667,0.01831,0.02151,0.02892,0.05972,0.07095,0.14123,0.04499,0.03118,0.11648,0.05441,0.02746,0.04268,0.08711,0.22003,0.51626,0.02723,0.04759,0.05321,,0.05723,0.05533,0.15390,0.04555,0.06240,0.02555,0.02793,0.13003,0.04453,0.05915,0.05569,0.06340,0.05009,0.06033,0.06747,0.06465,0.02037,0.01850,0.03334,0.02422,0.02717
1367,0.01479,0.02522,0.06419,0.02017,0.06449,0.03644,0.02720,0.01798,0.02172,0.02940,0.06018,0.07016,0.14018,0.04482,0.03081,0.11550,0.05406,0.02742,0.04244,0.08685,0.21979,0.51435,0.02706,0.04741,0.05304,,0.05671,0.05457,0.15313,0.04495,0.06223,0.02512,0.02775,0.12896,0.04397,0.05843,0.05512,0.06295,0.04950,0.05971,0.06690,0.06382,0.02038,0.01858,0.03316,0.02476,0.02777
1368,0.01682,0.02554,0.06351,0.01994,0.06335,0.03726,0.02775,0.01861,0.02213,0.02988,0.06063,0.06969,0.13915,0.04463,0.03027,0.11440,0.05362,0.02748,0.04191,0.08634,0.21961,0.51253,0.02715,0.04729,0.05284,,0.05618,0.05366,0.15239,0.04437,0.06198,0.02482,0.02761,0.12771,0.04347,0.05783,0.05459,0.06254,0.04890,0.05921,0.06691,0.06335,0.02041,0.01850,0.03307,0.02517,0.02788
1369,0.01680,0.02530,0.06233,0.01963,0.06173,0.03611,0.02751,0.01764,0.02140,0.02916,0.06107,0.06957,0.13812,0.04432,0.02965,0.11288,0.05283,0.02710,0.04123,0.08550,0.21924,0.50972,0.02687,0.04685,0.05216,,0.05566,0.05274,0.15143,0.04371,0.06172,0.02446,0.02729,0.12623,0.04278,0.05703,0.05393,0.06201,0.04814,0.05848,0.06626,0.06201,0.02020,0.01833,0.03228,0.02507,0.02871
1370,0.01564,0.02507,0.06150,0.01952,0.06024,0.03663,0.02713,0.01664,0.02070,0.02864,0.06083,0.06981,0.13647,0.04360,0.02905,0.11178,0.05208,0.02691,0.04076,0.08500,0.21859,0.50717,0.02652,0.04592,0.05161,,0.05514,0.05175,0.15052,0.04312,0.06150,0.02403,0.02704,0.12469,0.04210,0.05611,0.05321,0.06152,0.04730,0.05768,0.06548,0.06086,0.02007,0.01859,0.03219,0.02585,0.03030
1371,0.01557,0.02539,0.06071,0.01929,0.05875,0.03758,0.02664,0.01731,0.02009,0.02915,0.05925,0.06950,0.13470,0.04202,0.02887,0.11054,0.05042,0.02631,0.04018,0.08384,0.21765,0.50415,0.02613,0.04470,0.05096,,0.05463,0.05061,0.14959,0.04243,0.06118,0.02368,0.02684,0.12312,0.04156,0.05527,0.05255,0.06084,0.04634,0.05684,0.06517,0.05971,0.01980,0.01822,0.03179,0.02572,0.02901
1372,0.01495,0.02541,0.05945,0.01918,0.05724,0.03598,0.02602,0.01638,0.01997,0.02911,0.05797,0.06813,0.13202,0.04027,0.02826,0.10876,0.04870,0.02529,0.03946,0.08229,0.21564,0.49969,0.02547,0.04337,0.05034,,0.05404,0.04953,0.14858,0.04155,0.06096,0.02334,0.02643,0.12145,0.04094,0.05410,0.05183,0.05998,0.04523,0.05591,0.06415,0.05791,0.01962,0.01748,0.03082,0.02428,0.02793
1373,0.01424,0.02539,0.05834,0.01906,0.05573,0.03608,0.02595,0.01592,0.02022,0.02919,0.05637,0.06676,0.12875,0.03870,0.02800,0.10689,0.04729,0.02481,0.03862,0.08115,0.21415,0.49585,0.02475,0.04232,0.04979,,0.05351,0.04846,0.14758,0.04079,0.06071,0.02295,0.02607,0.11981,0.04028,0.05308,0.05101,0.05919,0.04433,0.05504,0.06351,0.05646,0.01938,0.01720,0.03061,0.02333,0.02815
1374,0.01472,0.02554,0.05769,0.01864,0.05415,0.03858,0.02719,0.01550,0.02204,0.03108,0.05402,0.06439,0.12515,0.03781,0.02846,0.10525,0.04628,0.02473,0.03798,0.08043,0.21301,0.49329,0.02407,0.04166,0.04957,,0.05315,0.04741,0.14675,0.04007,0.06044,0.02249,0.02575,0.11829,0.03968,0.05226,0.05011,0.05854,0.04367,0.05431,0.06337,0.05621,0.01951,0.01694,0.03107,0.02175,0.02803
1375,0.01470,0.02552,0.05637,0.01847,0.05282,0.03911,0.02659,0.01558,0.02207,0.03078,0.05286,0.06257,0.12107,0.03634,0.02820,0.10323,0.04484,0.02449,0.03646,0.07917,0.21236,0.49014,0.02314,0.04075,0.04907,,0.05260,0.04636,0.14570,0.03935,0.06009,0.02212,0.02532,0.11672,0.03900,0.05137,0.04921,0.05770,0.04286,0.05344,0.06221,0.05431,0.01881,0.01635,0.03054,0.02029,0.02816
1376,0.01316,0.02521,0.05481,0.01878,0.05215,0.03962,0.02542,0.01692,0.02157,0.02751,0.05347,0.06213,0.11721,0.03543,0.02782,0.10155,0.04424,0.02527,0.03440,0.07886,0.21344,0.48866,0.02207,0.04062,0.04874,,0.05209,0.04548,0.14465,0.03882,0.05978,0.02186,0.02481,0.11537,0.03834,0.05071,0.04838,0.05696,0.04235,0.05273,0.06138,0.05220,0.01752,0.01662,0.03109,0.02050,0.03198
1377,0.01247,0.02521,0.05356,0.01874,0.05095,0.03873,0.02436,0.01728,0.02097,0.02722,0.05250,0.06110,0.11364,0.03414,0.02748,0.09933,0.04296,0.02492,0.03290,0.07755,0.21251,0.48592,0.02119,0.03981,0.04819,,0.05146,0.04455,0.14353,0.03820,0.05940,0.02152,0.02442,0.11389,0.03764,0.04986,0.04758,0.05608,0.04159,0.05188,0.05973,0.05024,0.01670,0.01619,0.03020,0.01958,0.03216
1378,0.01315,0.02545,0.05231,0.01859,0.04995,0.03563,0.02226,0.01808,0.01908,0.02857,0.05217,0.06008,0.11080,0.03277,0.02715,0.09707,0.04122,0.02389,0.03149,0.07546,0.21177,0.48319,0.02053,0.03862,0.04791,,0.05065,0.04367,0.14243,0.03754,0.05894,0.02118,0.02406,0.11246,0.03688,0.04889,0.04690,0.05508,0.04078,0.05093,0.05691,0.04762,0.01553,0.01499,0.02760,0.01881,0.02913
1379,0.01314,0.02539,0.05121,0.01854,0.04881,0.03443,0.02159,0.01856,0.01844,0.02845,0.05128,0.05944,0.10790,0.03140,0.02649,0.09528,0.04004,0.02348,0.03033,0.07394,0.20992,0.47996,0.01986,0.03772,0.04725,,0.05001,0.04283,0.14126,0.03690,0.05855,0.02085,0.02375,0.11099,0.03619,0.04808,0.04617,0.05426,0.03988,0.05012,0.05490,0.04583,0.01514,0.01424,0.02647,0.01784,0.02796
1380,0.01240,0.02510,0.05026,0.01838,0.04713,0.03273,0.02231,0.01684,0.01827,0.02944,0.04988,0.05885,0.10605,0.03021,0.02564,0.09359,0.03901,0.02269,0.02981,0.07244,0.20576,0.47635,0.01945,0.03668,0.04610,,0.04947,0.04206,0.13996,0.03634,0.05823,0.02044,0.02354,0.10949,0.03555,0.04731,0.04536,0.05343,0.03877,0.04943,0.05304,0.04512,0.01541,0.01330,0.02526,0.01501,0.02700
1381,0.01281,0.02498,0.04926,0.01817,0.04592,0.03197,0.02175,0.01684,0.01840,0.02862,0.04799,0.05741,0.10325,0.02901,0.02508,0.09204,0.03833,0.02225,0.02908,0.07091,0.20365,0.47289,0.01869,0.03601,0.04534,,0.04886,0.04131,0.13882,0.03572,0.05784,0.02013,0.02325,0.10804,0.03489,0.04662,0.04465,0.05263,0.03795,0.04865,0.05180,0.04354,0.01534,0.01320,0.02473,0.01427,0.02622
1382,0.01376,0.02485,0.04841,0.01808,0.04511,0.03280,0.02066,0.01850,0.01916,0.02513,0.04565,0.05599,0.09996,0.02752,0.02403,0.09099,0.03830,0.02250,0.02837,0.06957,0.20247,0.46971,0.01752,0.03575,0.04442,,0.04830,0.04060,0.13777,0.03506,0.05740,0.01992,0.02294,0.10665,0.03430,0.04612,0.04408,0.05192,0.03708,0.04786,0.05095,0.04164,0.01569,0.01386,0.02525,0.01497,0.02490
1383,0.01392,0.02477,0.04737,0.01779,0.04410,0.03211,0.01981,0.01814,0.01942,0.02342,0.04376,0.05448,0.09721,0.02687,0.02339,0.08951,0.03748,0.02219,0.02740,0.06842,0.20077,0.46676,0.01689,0.03519,0.04376,,0.04774,0.03985,0.13662,0.03448,0.05699,0.01968,0.02260,0.10526,0.03370,0.04540,0.04341,0.05116,0.03643,0.04711,0.05003,0.04018,0.01546,0.01384,0.02474,0.01459,0.02406
1384,0.01434,0.02477,0.04625,0.01726,0.04323,0.03019,0.01860,0.01750,0.02037,0.02249,0.04161,0.05252,0.09446,0.02675,0.02326,0.08805,0.03657,0.02167,0.02635,0.06738,0.19933,0.46405,0.01638,0.03481,0.04352,,0.04719,0.03911,0.13555,0.03399,0.05660,0.01948,0.02223,0.10394,0.03310,0.04454,0.04277,0.05037,0.03601,0.04640,0.04983,0.03874,0.01487,0.01403,0.02441,0.01444,0.02321
1385,0.01454,0.02496,0.04543,0.01711,0.04210,0.03086,0.01813,0.01665,0.01981,0.02104,0.03975,0.05168,0.09251,0.02670,0.02317,0.08649,0.03570,0.02134,0.02565,0.06642,0.19849,0.46160,0.01608,0.03421,0.04327,,0.04656,0.03843,0.13447,0.03332,0.05621,0.01927,0.02194,0.10257,0.03247,0.04400,0.04217,0.04981,0.03583,0.04567,0.04878,0.03760,0.01478,0.01384,0.02359,0.01493,0.02381
1386,0.01392,0.02470,0.04450,0.01689,0.04093,0.03057,0.01784,0.01562,0.01791,0.01991,0.03879,0.04996,0.09050,0.02635,0.02216,0.08459,0.03436,0.02069,0.02451,0.06501,0.19681,0.45845,0.01570,0.03345,0.04219,,0.04595,0.03766,0.13311,0.03265,0.05573,0.01896,0.02153,0.10106,0.03184,0.04333,0.04139,0.04895,0.03527,0.04489,0.04635,0.03660,0.01407,0.01338,0.02126,0.01359,0.02333
1387,0.01368,0.02468,0.04338,0.01671,0.04007,0.03010,0.01770,0.01582,0.01607,0.02004,0.03851,0.04871,0.08826,0.02533,0.02124,0.08300,0.03319,0.01997,0.02382,0.06371,0.19499,0.45545,0.01535,0.03284,0.04134,,0.04542,0.03692,0.13176,0.03214,0.05527,0.01868,0.02119,0.09949,0.03121,0.04266,0.04073,0.04825,0.03461,0.04428,0.04505,0.03580,0.01342,0.01257,0.02034,0.01396,0.02391
1388,0.01336,0.02464,0.04235,0.01665,0.03899,0.03070,0.01728,0.01535,0.01458,0.01884,0.03723,0.04691,0.08557,0.02426,0.01944,0.08097,0.03258,0.01930,0.02348,0.06213,0.19344,0.45249,0.01532,0.03212,0.04042,,0.04480,0.03617,0.13036,0.03152,0.05468,0.01839,0.02084,0.09781,0.03047,0.04212,0.04009,0.04747,0.03380,0.04349,0.04345,0.03468,0.01257,0.01185,0.02011,0.01396,0.02324
1389,0.01290,0.02413,0.04138,0.01657,0.03796,0.03021,0.01705,0.01585,0.01401,0.01796,0.03654,0.04516,0.08268,0.02297,0.01808,0.07886,0.03216,0.01868,0.02273,0.06042,0.19136,0.44867,0.01489,0.03138,0.03941,,0.04411,0.03540,0.12870,0.03082,0.05397,0.01803,0.02038,0.09606,0.02971,0.04138,0.03935,0.04648,0.03284,0.04249,0.04144,0.03320,0.01171,0.01165,0.01979,0.01264,0.02058
1390,0.01269,0.02407,0.04029,0.01652,0.03704,0.02950,0.01672,0.01575,0.01420,0.01736,0.03646,0.04472,0.07992,0.02205,0.01814,0.07709,0.03189,0.01846,0.02224,0.05945,0.18939,0.44517,0.01464,0.03057,0.03887,,0.04344,0.03467,0.12699,0.03020,0.05332,0.01773,0.02004,0.09432,0.02905,0.04050,0.03877,0.04574,0.03226,0.04167,0.04045,0.03215,0.01142,0.01170,0.02028,0.01304,0.01874
1391,0.01197,0.02383,0.03914,0.01621,0.03574,0.03041,0.01560,0.01400,0.01421,0.01576,0.03461,0.04332,0.07721,0.02139,0.01796,0.07545,0.03133,0.01817,0.02144,0.05831,0.18741,0.44084,0.01463,0.02974,0.03818,,0.04274,0.03389,0.12521,0.02945,0.05260,0.01743,0.01969,0.09256,0.02836,0.03958,0.03804,0.04481,0.03170,0.04088,0.03916,0.03106,0.01065,0.01200,0.02030,0.01190,0.01806
1392,0.01194,0.02344,0.03805,0.01607,0.03483,0.03122,0.01453,0.01364,0.01385,0.01522,0.03414,0.04205,0.07492,0.02033,0.01795,0.07395,0.03064,0.01775,0.02040,0.05697,0.18521,0.43646,0.01406,0.02928,0.03746,,0.04200,0.03307,0.12332,0.02871,0.05190,0.01711,0.01928,0.09076,0.02774,0.03870,0.03717,0.04378,0.03097,0.04007,0.03748,0.03017,0.01053,0.01235,0.01952,0.01053,0.01787
1393,0.01235,0.02348,0.03688,0.01584,0.03411,0.03079,0.01415,0.01321,0.01334,0.01526,0.03376,0.04092,0.07269,0.01955,0.01804,0.07232,0.02989,0.01767,0.01970,0.05578,0.18332,0.43253,0.01362,0.02879,0.03685,,0.04133,0.03227,0.12147,0.02810,0.05128,0.01683,0.01889,0.08888,0.02717,0.03794,0.03642,0.04294,0.03029,0.03933,0.03608,0.02938,0.01063,0.01239,0.01850,0.01080,0.01861
1394,0.01208,0.02310,0.03567,0.01536,0.03307,0.03057,0.01373,0.01211,0.01299,0.01472,0.03128,0.03960,0.07025,0.01870,0.01755,0.07060,0.02883,0.01726,0.01890,0.05431,0.18099,0.42755,0.01322,0.02816,0.03602,,0.04071,0.03147,0.11952,0.02739,0.05060,0.01652,0.01849,0.08695,0.02639,0.03711,0.03563,0.04190,0.02939,0.03844,0.03454,0.02815,0.01013,0.01205,0.01714,0.00989,0.01861
1395,0.01218,0.02278,0.03472,0.01536,0.03226,0.03042,0.01367,0.01132,0.01283,0.01476,0.03047,0.03905,0.06797,0.01809,0.01724,0.06892,0.02797,0.01674,0.01808,0.05280,0.17847,0.42231,0.01262,0.02770,0.03532,,0.04000,0.03063,0.11740,0.02674,0.04996,0.01618,0.01806,0.08500,0.02568,0.03639,0.03489,0.04091,0.02851,0.03755,0.03300,0.02711,0.01007,0.01162,0.01608,0.00928,0.01770
1396,0.01176,0.02287,0.03387,0.01527,0.03111,0.02876,0.01366,0.01035,0.01261,0.01443,0.02998,0.03790,0.06568,0.01758,0.01700,0.06719,0.02737,0.01654,0.01718,0.05126,0.17604,0.41692,0.01211,0.02702,0.03469,,0.03917,0.02981,0.11526,0.02611,0.04931,0.01584,0.01761,0.08301,0.02501,0.03569,0.03418,0.04010,0.02784,0.03671,0.03169,0.02604,0.00984,0.01114,0.01539,0.00909,0.01722
1397,0.01141,0.02266,0.03299,0.01490,0.02996,0.02786,0.01267,0.01011,0.01194,0.01380,0.02879,0.03661,0.06347,0.01685,0.01655,0.06563,0.02683,0.01610,0.01631,0.04966,0.17332,0.41127,0.01161,0.02634,0.03379,,0.03838,0.02899,0.11309,0.02539,0.04852,0.01553,0.01715,0.08106,0.02429,0.03471,0.03353,0.03921,0.02707,0.03586,0.03075,0.02494,0.00924,0.01076,0.01486,0.00850,0.01593
1398,0.01187,0.02250,0.03211,0.01477,0.02923,0.02781,0.01194,0.01059,0.01120,0.01393,0.02884,0.03581,0.06161,0.01654,0.01626,0.06417,0.02638,0.01573,0.01580,0.04818,0.17074,0.40627,0.01132,0.02592,0.03315,,0.03763,0.02817,0.11091,0.02480,0.04779,0.01528,0.01672,0.07917,0.02374,0.03382,0.03291,0.03839,0.02632,0.03513,0.03002,0.02422,0.00898,0.01072,0.01504,0.00849,0.01548
1399,0.01181,0.02236,0.03111,0.01447,0.02817,0.02675,0.01126,0.01097,0.01084,0.01378,0.02844,0.03451,0.05977,0.01582,0.01589,0.06260,0.02584,0.01544,0.01528,0.04685,0.16828,0.40150,0.01106,0.02533,0.03260,,0.03683,0.02734,0.10869,0.02416,0.04706,0.01499,0.01629,0.07726,0.02314,0.03304,0.03213,0.03750,0.02565,0.03433,0.02916,0.02348,0.00873,0.01070,0.01525,0.00861,0.01612
1400,0.01148,0.02211,0.03027,0.01425,0.02749,0.02673,0.01060,0.01143,0.01052,0.01348,0.02700,0.03345,0.05794,0.01496,0.01557,0.06111,0.02527,0.01502,0.01489,0.04578,0.16595,0.39644,0.01080,0.02474,0.03184,,0.03620,0.02654,0.10644,0.02350,0.04634,0.01471,0.01594,0.07544,0.02252,0.03230,0.03139,0.03651,0.02494,0.03353,0.02848,0.02290,0.00846,0.01074,0.01508,0.00849,0.01601
1401,0.01135,0.02202,0.02954,0.01424,0.02709,0.02707,0.01027,0.01146,0.01051,0.01316,0.02571,0.03285,0.05634,0.01468,0.01549,0.05960,0.02456,0.01489,0.01472,0.04473,0.16358,0.39129,0.01058,0.02434,0.03126,,0.03558,0.02579,0.10413,0.02293,0.04561,0.01446,0.01560,0.07365,0.02194,0.03169,0.03073,0.03557,0.02435,0.03279,0.02770,0.02246,0.00836,0.01077,0.01485,0.00832,0.01587
1402,0.01098,0.02197,0.02869,0.01403,0.02615,0.02647,0.00959,0.01084,0.01083,0.01229,0.02465,0.03184,0.05465,0.01435,0.01496,0.05797,0.02389,0.01483,0.01424,0.04350,0.16095,0.38593,0.01027,0.02382,0.03068,,0.03491,0.02496,0.10167,0.02230,0.04480,0.01415,0.01515,0.07175,0.02130,0.03101,0.03001,0.03462,0.02381,0.03198,0.02672,0.02180,0.00848,0.01047,0.01431,0.00794,0.01560
1403,0.01067,0.02183,0.02794,0.01397,0.02541,0.02622,0.00907,0.01037,0.01100,0.01159,0.02368,0.03100,0.05296,0.01399,0.01460,0.05647,0.02344,0.01471,0.01367,0.04225,0.15838,0.38055,0.00997,0.02328,0.03004,,0.03435,0.02419,0.09924,0.02172,0.04398,0.01388,0.01470,0.06993,0.02069,0.03031,0.02939,0.03378,0.02317,0.03133,0.02581,0.02129,0.00853,0.01002,0.01374,0.00766,0.01518
1404,0.01067,0.02158,0.02719,0.01384,0.02469,0.02593,0.00884,0.00991,0.01083,0.01104,0.02274,0.03025,0.05148,0.01373,0.01445,0.05489,0.02283,0.01454,0.01315,0.04085,0.15587,0.37504,0.00968,0.02283,0.02938,,0.03371,0.02354,0.09676,0.02119,0.04313,0.01363,0.01423,0.06812,0.02016,0.02962,0.02882,0.03296,0.02258,0.03071,0.02481,0.02064,0.00831,0.00959,0.01315,0.00751,0.01471
1405,0.01038,0.02132,0.02641,0.01354,0.02374,0.02546,0.00841,0.00930,0.01074,0.01072,0.02202,0.02939,0.04994,0.01338,0.01393,0.05347,0.02227,0.01416,0.01269,0.03948,0.15331,0.36921,0.00933,0.02237,0.02871,,0.03303,0.02286,0.09427,0.02062,0.04232,0.01332,0.01378,0.06631,0.01959,0.02884,0.02818,0.03208,0.02194,0.03003,0.02378,0.01987,0.00798,0.00928,0.01264,0.00728,0.01414
1406,0.01039,0.02118,0.02570,0.01343,0.02325,0.02559,0.00814,0.00900,0.01061,0.01076,0.02135,0.02878,0.04855,0.01289,0.01376,0.05237,0.02188,0.01388,0.01231,0.03826,0.15080,0.36355,0.00910,0.02195,0.02814,,0.03244,0.02222,0.09192,0.02012,0.04155,0.01304,0.01344,0.06461,0.01905,0.02818,0.02758,0.03125,0.02133,0.02937,0.02303,0.01934,0.00750,0.00931,0.01241,0.00729,0.01377
1407,0.01056,0.02109,0.02497,0.01331,0.02275,0.02583,0.00799,0.00898,0.01017,0.01053,0.02071,0.02815,0.04729,0.01225,0.01348,0.05110,0.02138,0.01362,0.01187,0.03708,0.14839,0.35793,0.00896,0.02163,0.02750,,0.03183,0.02157,0.08955,0.01959,0.04078,0.01276,0.01307,0.06291,0.01855,0.02760,0.02698,0.03037,0.02081,0.02861,0.02249,0.01880,0.00704,0.00942,0.01202,0.00718,0.01334
1408,0.01068,0.02101,0.02429,0.01334,0.02206,0.02613,0.00777,0.00917,0.00991,0.01049,0.02041,0.02778,0.04598,0.01188,0.01299,0.04985,0.02108,0.01336,0.01162,0.03618,0.14601,0.35250,0.00873,0.02131,0.02698,,0.03124,0.02090,0.08722,0.01907,0.04003,0.01251,0.01274,0.06121,0.01804,0.02698,0.02642,0.02955,0.02031,0.02787,0.02193,0.01834,0.00697,0.00953,0.01164,0.00714,0.01295
1409,0.01108,0.02094,0.02362,0.01349,0.02146,0.02621,0.00770,0.00907,0.00960,0.01040,0.01994,0.02755,0.04471,0.01159,0.01276,0.04866,0.02084,0.01322,0.01128,0.03525,0.14357,0.34746,0.00849,0.02093,0.02657,,0.03072,0.02029,0.08488,0.01858,0.03926,0.01230,0.01243,0.05953,0.01757,0.02639,0.02593,0.02884,0.01988,0.02726,0.02139,0.01796,0.00707,0.00967,0.01143,0.00725,0.01294
1410,0.01073,0.02078,0.02294,0.01342,0.02081,0.02561,0.00761,0.00856,0.00905,0.01005,0.01918,0.02695,0.04337,0.01125,0.01245,0.04729,0.02038,0.01295,0.01092,0.03419,0.14127,0.34232,0.00820,0.02058,0.02605,,0.03010,0.01969,0.08250,0.01806,0.03847,0.01208,0.01207,0.05791,0.01714,0.02578,0.02546,0.02805,0.01940,0.02662,0.02086,0.01747,0.00707,0.00943,0.01112,0.00686,0.01313
1411,0.01029,0.02067,0.02240,0.01332,0.02035,0.02523,0.00743,0.00828,0.00874,0.00998,0.01880,0.02618,0.04220,0.01118,0.01232,0.04605,0.02000,0.01272,0.01080,0.03330,0.13901,0.33713,0.00791,0.02028,0.02560,,0.02945,0.01915,0.08018,0.01763,0.03768,0.01189,0.01173,0.05640,0.01671,0.02521,0.02506,0.02736,0.01893,0.02602,0.02024,0.01699,0.00705,0.00915,0.01092,0.00644,0.01327
1412,0.01024,0.02054,0.02185,0.01318,0.01987,0.02498,0.00716,0.00808,0.00865,0.00980,0.01841,0.02555,0.04120,0.01102,0.01224,0.04488,0.01963,0.01255,0.01051,0.03236,0.13671,0.33193,0.00769,0.01992,0.02511,,0.02888,0.01860,0.07792,0.01718,0.03693,0.01168,0.01138,0.05491,0.01628,0.02466,0.02458,0.02666,0.01849,0.02542,0.01961,0.01656,0.00693,0.00904,0.01075,0.00625,0.01318
1413,0.01019,0.02035,0.02126,0.01287,0.01944,0.02457,0.00667,0.00765,0.00873,0.00943,0.01805,0.02477,0.04029,0.01081,0.01226,0.04378,0.01921,0.01241,0.01014,0.03135,0.13436,0.32669,0.00750,0.01952,0.02457,,0.02834,0.01804,0.07568,0.01674,0.03619,0.01145,0.01100,0.05349,0.01584,0.02411,0.02404,0.02594,0.01804,0.02477,0.01897,0.01609,0.00660,0.00895,0.01068,0.00602,0.01306
1414,0.01022,0.02023,0.02079,0.01273,0.01901,0.02443,0.00645,0.00762,0.00873,0.00932,0.01772,0.02426,0.03942,0.01064,0.01213,0.04272,0.01886,0.01226,0.00987,0.03047,0.13216,0.32153,0.00739,0.01919,0.02411,,0.02781,0.01751,0.07352,0.01634,0.03547,0.01125,0.01068,0.05208,0.01545,0.02359,0.02356,0.02531,0.01759,0.02421,0.01843,0.01574,0.00647,0.00883,0.01052,0.00586,0.01285
1415,0.01067,0.02015,0.02043,0.01265,0.01855,0.02462,0.00627,0.00804,0.00892,0.00934,0.01750,0.02398,0.03874,0.01048,0.01200,0.04168,0.01858,0.01214,0.00954,0.02965,0.12999,0.31650,0.00736,0.01882,0.02364,,0.02735,0.01697,0.07141,0.01596,0.03481,0.01105,0.01038,0.05067,0.01509,0.02312,0.02306,0.02475,0.01716,0.02370,0.01779,0.01550,0.00637,0.00884,0.01031,0.00590,0.01239
1416,0.01076,0.02004,0.01995,0.01257,0.01813,0.02456,0.00614,0.00800,0.00885,0.00923,0.01704,0.02359,0.03788,0.01028,0.01185,0.04067,0.01827,0.01199,0.00927,0.02885,0.12781,0.31131,0.00724,0.01852,0.02322,,0.02685,0.01649,0.06934,0.01557,0.03410,0.01087,0.01007,0.04935,0.01474,0.02265,0.02264,0.02413,0.01677,0.02320,0.01736,0.01519,0.00629,0.00874,0.01014,0.00587,0.01212
1417,0.01068,0.01997,0.01948,0.01256,0.01781,0.02444,0.00620,0.00788,0.00865,0.00925,0.01648,0.02323,0.03693,0.01011,0.01165,0.03974,0.01798,0.01188,0.00908,0.02809,0.12574,0.30621,0.00713,0.01830,0.02292,,0.02633,0.01607,0.06732,0.01522,0.03336,0.01072,0.00977,0.04807,0.01443,0.02221,0.02234,0.02355,0.01637,0.02275,0.01710,0.01490,0.00637,0.00847,0.01001,0.00570,0.01203
1418,0.01055,0.01990,0.01906,0.01252,0.01745,0.02430,0.00606,0.00777,0.00853,0.00912,0.01607,0.02285,0.03609,0.00990,0.01148,0.03876,0.01770,0.01172,0.00887,0.02733,0.12354,0.30096,0.00700,0.01805,0.02255,,0.02585,0.01564,0.06531,0.01488,0.03263,0.01055,0.00948,0.04682,0.01410,0.02178,0.02197,0.02296,0.01600,0.02228,0.01678,0.01461,0.00627,0.00841,0.00987,0.00564,0.01184
1419,0.01036,0.01979,0.01858,0.01249,0.01706,0.02410,0.00587,0.00750,0.00837,0.00883,0.01565,0.02240,0.03520,0.00967,0.01131,0.03779,0.01745,0.01154,0.00868,0.02663,0.12131,0.29548,0.00678,0.01779,0.02219,,0.02536,0.01522,0.06331,0.01454,0.03188,0.01041,0.00919,0.04565,0.01377,0.02132,0.02160,0.02231,0.01569,0.02180,0.01656,0.01424,0.00609,0.00846,0.00972,0.00578,0.01154
1420,0.01018,0.01968,0.01816,0.01242,0.01672,0.02404,0.00568,0.00732,0.00829,0.00867,0.01536,0.02204,0.03443,0.00948,0.01123,0.03688,0.01718,0.01139,0.00850,0.02590,0.11907,0.29023,0.00667,0.01755,0.02181,,0.02489,0.01481,0.06138,0.01420,0.03117,0.01024,0.00892,0.04447,0.01345,0.02090,0.02123,0.02177,0.01536,0.02135,0.01623,0.01398,0.00600,0.00844,0.00963,0.00573,0.01141
1421,0.00977,0.01957,0.01782,0.01227,0.01640,0.02405,0.00530,0.00717,0.00823,0.00839,0.01511,0.02173,0.03377,0.00928,0.01119,0.03598,0.01692,0.01119,0.00831,0.02514,0.11676,0.28513,0.00663,0.01733,0.02137,,0.02443,0.01440,0.05947,0.01388,0.03047,0.01004,0.00866,0.04327,0.01312,0.02045,0.02080,0.02127,0.01499,0.02091,0.01579,0.01380,0.00584,0.00847,0.00953,0.00548,0.01139
1422,0.00969,0.01949,0.01745,0.01219,0.01611,0.02400,0.00521,0.00706,0.00817,0.00825,0.01489,0.02131,0.03308,0.00913,0.01107,0.03506,0.01665,0.01103,0.00813,0.02442,0.11452,0.27985,0.00652,0.01706,0.02095,,0.02396,0.01402,0.05759,0.01359,0.02977,0.00988,0.00839,0.04213,0.01281,0.02004,0.02042,0.02077,0.01466,0.02046,0.01545,0.01358,0.00576,0.00845,0.00942,0.00541,0.01129
1423,0.00973,0.01938,0.01700,0.01214,0.01589,0.02404,0.00537,0.00691,0.00823,0.00829,0.01474,0.02087,0.03239,0.00902,0.01100,0.03415,0.01634,0.01093,0.00793,0.02366,0.11230,0.27463,0.00639,0.01675,0.02053,,0.02352,0.01367,0.05574,0.01329,0.02909,0.00971,0.00811,0.04101,0.01249,0.01969,0.02006,0.02031,0.01433,0.02001,0.01511,0.01341,0.00578,0.00836,0.00932,0.00539,0.01121
1424,0.00977,0.01933,0.01665,0.01208,0.01559,0.02396,0.00527,0.00686,0.00808,0.00821,0.01451,0.02043,0.03173,0.00888,0.01088,0.03324,0.01605,0.01080,0.00775,0.02294,0.11004,0.26925,0.00629,0.01650,0.02016,,0.02305,0.01331,0.05392,0.01300,0.02840,0.00955,0.00783,0.03990,0.01219,0.01932,0.01970,0.01983,0.01401,0.01956,0.01478,0.01317,0.00575,0.00829,0.00924,0.00530,0.01112
1425,0.00998,0.01932,0.01635,0.01204,0.01527,0.02379,0.00516,0.00694,0.00784,0.00813,0.01431,0.01987,0.03108,0.00877,0.01066,0.03229,0.01579,0.01064,0.00760,0.02227,0.10779,0.26376,0.00618,0.01624,0.01982,,0.02258,0.01296,0.05211,0.01274,0.02771,0.00942,0.00756,0.03883,0.01191,0.01896,0.01934,0.01933,0.01370,0.01911,0.01449,0.01291,0.00572,0.00818,0.00916,0.00520,0.01100
1426,0.01017,0.01931,0.01602,0.01200,0.01490,0.02356,0.00511,0.00693,0.00774,0.00812,0.01415,0.01957,0.03040,0.00861,0.01057,0.03141,0.01552,0.01059,0.00744,0.02157,0.10552,0.25807,0.00605,0.01598,0.01952,,0.02212,0.01264,0.05033,0.01245,0.02704,0.00928,0.00730,0.03777,0.01165,0.01865,0.01903,0.01885,0.01342,0.01865,0.01424,0.01263,0.00567,0.00819,0.00906,0.00531,0.01079
1427,0.00995,0.01929,0.01564,0.01193,0.01455,0.02347,0.00484,0.00676,0.00741,0.00788,0.01371,0.01917,0.02966,0.00840,0.01051,0.03058,0.01523,0.01049,0.00723,0.02087,0.10316,0.25235,0.00593,0.01572,0.01919,,0.02163,0.01231,0.04858,0.01215,0.02637,0.00910,0.00699,0.03669,0.01138,0.01825,0.01868,0.01838,0.01310,0.01818,0.01384,0.01234,0.00554,0.00813,0.00894,0.00527,0.01062
1428,0.00984,0.01927,0.01536,0.01190,0.01430,0.02339,0.00453,0.00666,0.00727,0.00770,0.01337,0.01889,0.02898,0.00830,0.01036,0.02972,0.01502,0.01035,0.00706,0.02024,0.10077,0.24653,0.00584,0.01547,0.01886,,0.02118,0.01201,0.04686,0.01190,0.02569,0.00898,0.00673,0.03565,0.01115,0.01783,0.01834,0.01792,0.01281,0.01776,0.01349,0.01216,0.00546,0.00811,0.00880,0.00516,0.01052
1429,0.00979,0.01915,0.01501,0.01184,0.01408,0.02326,0.00442,0.00649,0.00737,0.00769,0.01306,0.01864,0.02824,0.00816,0.01019,0.02883,0.01475,0.01022,0.00685,0.01956,0.09829,0.24057,0.00571,0.01517,0.01847,,0.02075,0.01172,0.04519,0.01165,0.02506,0.00884,0.00647,0.03461,0.01091,0.01746,0.01799,0.01751,0.01250,0.01732,0.01315,0.01193,0.00537,0.00814,0.00862,0.00516,0.01037
1430,0.00969,0.01909,0.01457,0.01181,0.01382,0.02317,0.00430,0.00638,0.00731,0.00766,0.01266,0.01819,0.02746,0.00801,0.01008,0.02792,0.01446,0.01008,0.00665,0.01887,0.09573,0.23451,0.00558,0.01487,0.01808,,0.02028,0.01138,0.04354,0.01139,0.02439,0.00870,0.00622,0.03362,0.01066,0.01703,0.01760,0.01712,0.01219,0.01687,0.01274,0.01172,0.00526,0.00808,0.00846,0.00514,0.01030
1431,0.00996,0.01907,0.01433,0.01178,0.01352,0.02319,0.00420,0.00641,0.00737,0.00776,0.01254,0.01788,0.02678,0.00795,0.00998,0.02703,0.01422,0.00992,0.00650,0.01821,0.09316,0.22833,0.00546,0.01462,0.01772,,0.01983,0.01104,0.04193,0.01114,0.02371,0.00859,0.00602,0.03263,0.01043,0.01667,0.01725,0.01674,0.01194,0.01649,0.01241,0.01154,0.00527,0.00805,0.00837,0.00505,0.01025
1432,0.01018,0.01896,0.01399,0.01171,0.01320,0.02313,0.00408,0.00637,0.00735,0.00772,0.01243,0.01752,0.02606,0.00776,0.00989,0.02614,0.01394,0.00976,0.00631,0.01750,0.09056,0.22202,0.00535,0.01440,0.01732,,0.01938,0.01073,0.04035,0.01088,0.02308,0.00845,0.00578,0.03167,0.01017,0.01633,0.01693,0.01635,0.01166,0.01609,0.01209,0.01125,0.00524,0.00797,0.00823,0.00500,0.01013
1433,0.01026,0.01892,0.01361,0.01165,0.01291,0.02311,0.00395,0.00631,0.00712,0.00753,0.01206,0.01710,0.02533,0.00758,0.00984,0.02526,0.01371,0.00961,0.00615,0.01683,0.08799,0.21564,0.00525,0.01418,0.01696,,0.01892,0.01045,0.03878,0.01064,0.02242,0.00834,0.00554,0.03073,0.00990,0.01594,0.01658,0.01596,0.01137,0.01572,0.01179,0.01101,0.00521,0.00787,0.00813,0.00497,0.01010
1434,0.01029,0.01886,0.01337,0.01159,0.01271,0.02319,0.00387,0.00615,0.00700,0.00745,0.01185,0.01673,0.02464,0.00747,0.00972,0.02439,0.01347,0.00943,0.00599,0.01623,0.08542,0.20923,0.00516,0.01394,0.01660,,0.01846,0.01017,0.03724,0.01039,0.02177,0.00823,0.00533,0.02980,0.00965,0.01557,0.01623,0.01558,0.01111,0.01536,0.01150,0.01078,0.00520,0.00784,0.00808,0.00486,0.00999
1435,0.01007,0.01870,0.01304,0.01153,0.01254,0.02311,0.00376,0.00601,0.00683,0.00737,0.01165,0.01628,0.02394,0.00728,0.00955,0.02351,0.01318,0.00927,0.00584,0.01560,0.08276,0.20285,0.00508,0.01370,0.01619,,0.01801,0.00992,0.03573,0.01016,0.02114,0.00808,0.00510,0.02891,0.00940,0.01518,0.01584,0.01518,0.01080,0.01496,0.01116,0.01051,0.00506,0.00780,0.00795,0.00481,0.00984
1436,0.01003,0.01870,0.01269,0.01146,0.01233,0.02291,0.00373,0.00600,0.00669,0.00731,0.01130,0.01591,0.02326,0.00712,0.00947,0.02263,0.01290,0.00914,0.00574,0.01501,0.08011,0.19641,0.00500,0.01346,0.01583,,0.01757,0.00966,0.03426,0.00994,0.02052,0.00796,0.00490,0.02804,0.00919,0.01482,0.01548,0.01481,0.01050,0.01457,0.01083,0.01032,0.00494,0.00779,0.00788,0.00473,0.00985
1437,0.00992,0.01871,0.01240,0.01144,0.01206,0.02275,0.00367,0.00591,0.00661,0.00729,0.01120,0.01556,0.02257,0.00695,0.00939,0.02179,0.01262,0.00899,0.00560,0.01443,0.07745,0.19001,0.00486,0.01321,0.01544,,0.01715,0.00939,0.03283,0.00971,0.01989,0.00782,0.00469,0.02716,0.00898,0.01446,0.01514,0.01445,0.01021,0.01416,0.01046,0.01011,0.00483,0.00779,0.00782,0.00467,0.00976
1438,0.00978,0.01866,0.01210,0.01144,0.01176,0.02265,0.00360,0.00587,0.00650,0.00712,0.01114,0.01520,0.02188,0.00678,0.00932,0.02096,0.01235,0.00883,0.00545,0.01384,0.07480,0.18366,0.00473,0.01297,0.01502,,0.01674,0.00911,0.03144,0.00950,0.01927,0.00766,0.00447,0.02632,0.00878,0.01411,0.01482,0.01408,0.00992,0.01376,0.01011,0.00991,0.00471,0.00770,0.00765,0.00466,0.00958
1439,0.00980,0.01866,0.01183,0.01141,0.01150,0.02256,0.00362,0.00589,0.00649,0.00695,0.01092,0.01489,0.02124,0.00668,0.00929,0.02016,0.01213,0.00866,0.00530,0.01328,0.07225,0.17731,0.00467,0.01276,0.01465,,0.01635,0.00886,0.03012,0.00931,0.01869,0.00753,0.00428,0.02549,0.00858,0.01384,0.01456,0.01378,0.00966,0.01342,0.00987,0.00976,0.00470,0.00762,0.00755,0.00461,0.00953
1440,0.00965,0.01860,0.01154,0.01134,0.01131,0.02246,0.00352,0.00579,0.00644,0.00688,0.01075,0.01444,0.02058,0.00652,0.00921,0.01939,0.01187,0.00850,0.00509,0.01278,0.06973,0.17113,0.00459,0.01253,0.01428,,0.01595,0.00862,0.02886,0.00911,0.01813,0.00740,0.00407,0.02471,0.00837,0.01354,0.01426,0.01347,0.00940,0.01304,0.00964,0.00955,0.00469,0.00750,0.00746,0.00460,0.00938
1441,0.00959,0.01856,0.01128,0.01131,0.01116,0.02249,0.00339,0.00573,0.00641,0.00681,0.01059,0.01409,0.01997,0.00641,0.00908,0.01865,0.01165,0.00839,0.00495,0.01231,0.06726,0.16509,0.00451,0.01235,0.01397,,0.01557,0.00840,0.02769,0.00893,0.01758,0.00728,0.00389,0.02398,0.00818,0.01325,0.01398,0.01315,0.00918,0.01268,0.00940,0.00933,0.00467,0.00742,0.00735,0.00466,0.00918
1442,0.00955,0.01855,0.01107,0.01125,0.01101,0.02251,0.00329,0.00568,0.00636,0.00677,0.01037,0.01383,0.01945,0.00631,0.00893,0.01794,0.01146,0.00828,0.00485,0.01187,0.06489,0.15918,0.00442,0.01219,0.01373,,0.01522,0.00821,0.02658,0.00878,0.01706,0.00718,0.00373,0.02327,0.00800,0.01298,0.01374,0.01288,0.00896,0.01236,0.00921,0.00915,0.00468,0.00740,0.00726,0.00463,0.00912
1443,0.00953,0.01848,0.01077,0.01116,0.01081,0.02234,0.00309,0.00548,0.00623,0.00671,0.01020,0.01348,0.01889,0.00615,0.00878,0.01724,0.01124,0.00815,0.00474,0.01141,0.06257,0.15355,0.00430,0.01202,0.01346,,0.01487,0.00804,0.02553,0.00860,0.01653,0.00705,0.00355,0.02261,0.00781,0.01268,0.01344,0.01260,0.00874,0.01200,0.00898,0.00896,0.00463,0.00733,0.00716,0.00454,0.00901
1444,0.00966,0.01841,0.01055,0.01112,0.01063,0.02221,0.00302,0.00539,0.00618,0.00658,0.01013,0.01326,0.01837,0.00604,0.00869,0.01655,0.01107,0.00803,0.00470,0.01097,0.06034,0.14817,0.00420,0.01187,0.01321,,0.01453,0.00787,0.02456,0.00846,0.01602,0.00696,0.00339,0.02199,0.00767,0.01240,0.01319,0.01234,0.00855,0.01170,0.00878,0.00879,0.00458,0.00730,0.00706,0.00454,0.00890
1445,0.00966,0.01833,0.01041,0.01110,0.01043,0.02214,0.00303,0.00536,0.00607,0.00647,0.01000,0.01305,0.01788,0.00595,0.00863,0.01592,0.01088,0.00788,0.00464,0.01056,0.05822,0.14295,0.00413,0.01172,0.01292,,0.01421,0.00769,0.02363,0.00832,0.01554,0.00685,0.00324,0.02142,0.00751,0.01213,0.01294,0.01209,0.00835,0.01141,0.00857,0.00866,0.00451,0.00726,0.00695,0.00447,0.00884
1446,0.00961,0.01823,0.01017,0.01108,0.01025,0.02199,0.00296,0.00530,0.00602,0.00639,0.00982,0.01275,0.01739,0.00583,0.00856,0.01532,0.01065,0.00773,0.00452,0.01017,0.05617,0.13801,0.00409,0.01157,0.01261,,0.01389,0.00751,0.02275,0.00819,0.01508,0.00675,0.00309,0.02089,0.00736,0.01187,0.01267,0.01185,0.00814,0.01113,0.00836,0.00853,0.00441,0.00717,0.00690,0.00440,0.00877
1447,0.00963,0.01822,0.01004,0.01109,0.01016,0.02193,0.00296,0.00536,0.00601,0.00637,0.00981,0.01253,0.01700,0.00573,0.00851,0.01478,0.01047,0.00762,0.00442,0.00985,0.05425,0.13333,0.00406,0.01145,0.01237,,0.01359,0.00737,0.02195,0.00808,0.01466,0.00669,0.00300,0.02038,0.00725,0.01164,0.01247,0.01162,0.00796,0.01088,0.00819,0.00838,0.00435,0.00716,0.00687,0.00442,0.00874
1448,0.00956,0.01821,0.00990,0.01104,0.01002,0.02194,0.00296,0.00544,0.00593,0.00639,0.00971,0.01233,0.01663,0.00565,0.00841,0.01429,0.01030,0.00752,0.00431,0.00955,0.05242,0.12878,0.00403,0.01133,0.01213,,0.01330,0.00724,0.02117,0.00795,0.01426,0.00661,0.00289,0.01991,0.00711,0.01142,0.01224,0.01140,0.00778,0.01062,0.00799,0.00826,0.00432,0.00713,0.00681,0.00435,0.00867
1449,0.00951,0.01818,0.00966,0.01098,0.00993,0.02186,0.00293,0.00545,0.00595,0.00631,0.00961,0.01209,0.01630,0.00558,0.00830,0.01382,0.01016,0.00741,0.00420,0.00924,0.05067,0.12445,0.00397,0.01126,0.01191,,0.01304,0.00713,0.02044,0.00783,0.01387,0.00653,0.00279,0.01946,0.00699,0.01121,0.01204,0.01123,0.00761,0.01038,0.00785,0.00816,0.00427,0.00710,0.00680,0.00430,0.00862
1450,0.00958,0.01819,0.00951,0.01098,0.00987,0.02175,0.00297,0.00542,0.00587,0.00625,0.00965,0.01186,0.01601,0.00553,0.00821,0.01337,0.01006,0.00729,0.00412,0.00896,0.04903,0.12036,0.00391,0.01118,0.01174,,0.01282,0.00703,0.01976,0.00772,0.01353,0.00645,0.00270,0.01905,0.00691,0.01102,0.01187,0.01106,0.00746,0.01015,0.00771,0.00808,0.00427,0.00710,0.00677,0.00432,0.00858
1451,0.00961,0.01813,0.00933,0.01095,0.00975,0.02173,0.00297,0.00532,0.00566,0.00617,0.00953,0.01164,0.01567,0.00547,0.00812,0.01294,0.00993,0.00717,0.00404,0.00870,0.04746,0.11643,0.00383,0.01109,0.01154,,0.01257,0.00691,0.01913,0.00761,0.01319,0.00637,0.00259,0.01866,0.00679,0.01085,0.01166,0.01087,0.00733,0.00992,0.00752,0.00798,0.00426,0.00707,0.00670,0.00428,0.00846
1452,0.00966,0.01806,0.00916,0.01095,0.00962,0.02176,0.00295,0.00522,0.00559,0.00607,0.00946,0.01148,0.01537,0.00541,0.00806,0.01255,0.00981,0.00707,0.00398,0.00845,0.04596,0.11271,0.00378,0.01100,0.01135,,0.01238,0.00679,0.01855,0.00753,0.01287,0.00630,0.00249,0.01828,0.00669,0.01069,0.01150,0.01072,0.00721,0.00972,0.00740,0.00790,0.00424,0.00706,0.00666,0.00429,0.00839
1453,0.00973,0.01805,0.00907,0.01097,0.00948,0.02177,0.00294,0.00516,0.00551,0.00603,0.00944,0.01134,0.01512,0.00534,0.00809,0.01217,0.00969,0.00699,0.00393,0.00822,0.04454,0.10927,0.00374,0.01089,0.01117,,0.01217,0.00668,0.01802,0.00745,0.01257,0.00623,0.00243,0.01793,0.00661,0.01052,0.01135,0.01057,0.00707,0.00952,0.00730,0.00782,0.00422,0.00702,0.00660,0.00434,0.00835
1454,0.00977,0.01804,0.00893,0.01098,0.00933,0.02179,0.00298,0.00517,0.00545,0.00597,0.00925,0.01120,0.01486,0.00527,0.00809,0.01181,0.00955,0.00693,0.00388,0.00800,0.04317,0.10594,0.00371,0.01078,0.01100,,0.01193,0.00658,0.01752,0.00737,0.01228,0.00616,0.00235,0.01760,0.00652,0.01034,0.01120,0.01043,0.00695,0.00930,0.00716,0.00773,0.00420,0.00698,0.00652,0.00432,0.00828
1455,0.00970,0.01801,0.00882,0.01099,0.00928,0.02178,0.00302,0.00523,0.00554,0.00602,0.00921,0.01111,0.01466,0.00521,0.00803,0.01149,0.00944,0.00687,0.00385,0.00781,0.04189,0.10273,0.00368,0.01068,0.01085,,0.01175,0.00652,0.01707,0.00730,0.01200,0.00610,0.00231,0.01731,0.00644,0.01017,0.01109,0.01033,0.00685,0.00911,0.00710,0.00765,0.00419,0.00698,0.00647,0.00432,0.00830
1456,0.00954,0.01801,0.00871,0.01097,0.00924,0.02175,0.00299,0.00527,0.00554,0.00606,0.00913,0.01095,0.01444,0.00517,0.00800,0.01118,0.00933,0.00680,0.00382,0.00765,0.04066,0.09966,0.00365,0.01060,0.01070,,0.01156,0.00646,0.01665,0.00723,0.01173,0.00602,0.00228,0.01706,0.00635,0.01000,0.01097,0.01023,0.00674,0.00893,0.00701,0.00755,0.00414,0.00694,0.00643,0.00431,0.00825
1457,0.00952,0.01801,0.00858,0.01099,0.00917,0.02177,0.00296,0.00525,0.00545,0.00603,0.00902,0.01075,0.01419,0.00514,0.00791,0.01088,0.00923,0.00673,0.00376,0.00751,0.03948,0.09668,0.00359,0.01053,0.01056,,0.01136,0.00639,0.01626,0.00717,0.01148,0.00597,0.00224,0.01680,0.00626,0.00987,0.01082,0.01012,0.00663,0.00877,0.00688,0.00747,0.00409,0.00694,0.00641,0.00427,0.00820
1458,0.00950,0.01800,0.00850,0.01100,0.00914,0.02176,0.00290,0.00523,0.00539,0.00608,0.00911,0.01062,0.01395,0.00510,0.00780,0.01061,0.00914,0.00666,0.00371,0.00737,0.03835,0.09378,0.00355,0.01046,0.01044,,0.01118,0.00633,0.01589,0.00711,0.01123,0.00594,0.00219,0.01654,0.00618,0.00976,0.01070,0.01001,0.00656,0.00864,0.00683,0.00740,0.00410,0.00695,0.00639,0.00425,0.00820
1459,0.00948,0.01799,0.00839,0.01097,0.00908,0.02174,0.00286,0.00523,0.00531,0.00608,0.00907,0.01048,0.01371,0.00504,0.00773,0.01033,0.00904,0.00659,0.00365,0.00721,0.03722,0.09096,0.00351,0.01039,0.01031,,0.01100,0.00627,0.01552,0.00705,0.01099,0.00589,0.00213,0.01629,0.00610,0.00963,0.01056,0.00990,0.00646,0.00849,0.00672,0.00732,0.00408,0.00692,0.00635,0.00424,0.00816
1460,0.00955,0.01804,0.00824,0.01092,0.00895,0.02178,0.00281,0.00527,0.00518,0.00602,0.00896,0.01034,0.01346,0.00498,0.00769,0.01002,0.00893,0.00652,0.00357,0.00703,0.03612,0.08823,0.00347,0.01031,0.01019,,0.01081,0.00619,0.01515,0.00698,0.01076,0.00584,0.00204,0.01601,0.00602,0.00950,0.01040,0.00979,0.00633,0.00833,0.00657,0.00725,0.00405,0.00688,0.00630,0.00429,0.00806
1461,0.00958,0.01803,0.00813,0.01091,0.00887,0.02175,0.00279,0.00526,0.00514,0.00596,0.00891,0.01021,0.01324,0.00491,0.00764,0.00974,0.00883,0.00644,0.00352,0.00687,0.03503,0.08554,0.00343,0.01024,0.01006,,0.01063,0.00612,0.01480,0.00691,0.01054,0.00580,0.00198,0.01578,0.00595,0.00938,0.01027,0.00968,0.00623,0.00818,0.00645,0.00717,0.00403,0.00686,0.00626,0.00428,0.00803
1462,0.00958,0.01797,0.00797,0.01086,0.00881,0.02160,0.00279,0.00524,0.00516,0.00592,0.00880,0.01010,0.01304,0.00482,0.00761,0.00946,0.00873,0.00634,0.00349,0.00670,0.03392,0.08284,0.00339,0.01014,0.00991,,0.01047,0.00606,0.01445,0.00682,0.01031,0.00574,0.00193,0.01557,0.00587,0.00922,0.01013,0.00957,0.00611,0.00801,0.00629,0.00705,0.00400,0.00681,0.00616,0.00423,0.00802
1463,0.00957,0.01794,0.00787,0.01084,0.00873,0.02158,0.00278,0.00522,0.00517,0.00586,0.00872,0.00994,0.01284,0.00476,0.00758,0.00920,0.00864,0.00627,0.00346,0.00655,0.03289,0.08029,0.00335,0.01008,0.00978,,0.01031,0.00600,0.01414,0.00675,0.01012,0.00570,0.00190,0.01536,0.00580,0.00911,0.01001,0.00949,0.00600,0.00788,0.00617,0.00697,0.00398,0.00679,0.00610,0.00420,0.00799
1464,0.00953,0.01788,0.00783,0.01082,0.00864,0.02154,0.00279,0.00515,0.00522,0.00573,0.00872,0.00972,0.01265,0.00471,0.00758,0.00896,0.00856,0.00620,0.00347,0.00645,0.03188,0.07777,0.00330,0.01005,0.00963,,0.01016,0.00594,0.01383,0.00669,0.00996,0.00566,0.00189,0.01516,0.00573,0.00902,0.00992,0.00941,0.00592,0.00777,0.00612,0.00690,0.00399,0.00679,0.00605,0.00416,0.00800
1465,0.00953,0.01786,0.00776,0.01078,0.00855,0.02153,0.00277,0.00512,0.00520,0.00566,0.00868,0.00956,0.01245,0.00465,0.00752,0.00874,0.00847,0.00613,0.00343,0.00631,0.03090,0.07536,0.00325,0.00999,0.00952,,0.01001,0.00588,0.01356,0.00664,0.00978,0.00561,0.00187,0.01497,0.00566,0.00892,0.00981,0.00935,0.00584,0.00764,0.00603,0.00683,0.00397,0.00676,0.00601,0.00412,0.00797
1466,0.00956,0.01787,0.00773,0.01077,0.00847,0.02170,0.00273,0.00515,0.00514,0.00560,0.00863,0.00941,0.01226,0.00460,0.00743,0.00853,0.00839,0.00609,0.00339,0.00618,0.02999,0.07306,0.00322,0.00995,0.00946,,0.00985,0.00582,0.01333,0.00662,0.00962,0.00557,0.00186,0.01477,0.00559,0.00882,0.00972,0.00931,0.00577,0.00752,0.00594,0.00681,0.00396,0.00673,0.00601,0.00413,0.00792
1467,0.00953,0.01786,0.00764,0.01076,0.00838,0.02170,0.00268,0.00515,0.00512,0.00557,0.00860,0.00930,0.01208,0.00454,0.00738,0.00832,0.00829,0.00603,0.00334,0.00606,0.02907,0.07077,0.00318,0.00990,0.00936,,0.00972,0.00576,0.01309,0.00659,0.00946,0.00552,0.00184,0.01458,0.00554,0.00872,0.00961,0.00925,0.00569,0.00740,0.00585,0.00674,0.00395,0.00670,0.00597,0.00412,0.00787
1468,0.00956,0.01789,0.00751,0.01076,0.00831,0.02161,0.00263,0.00514,0.00507,0.00560,0.00857,0.00926,0.01188,0.00448,0.00733,0.00812,0.00820,0.00595,0.00326,0.00591,0.02817,0.06852,0.00313,0.00983,0.00928,,0.00958,0.00570,0.01287,0.00655,0.00930,0.00548,0.00183,0.01443,0.00551,0.00860,0.00947,0.00918,0.00563,0.00727,0.00573,0.00661,0.00390,0.00667,0.00591,0.00412,0.00778
1469,0.00955,0.01788,0.00739,0.01079,0.00824,0.02158,0.00258,0.00511,0.00504,0.00560,0.00850,0.00916,0.01172,0.00443,0.00732,0.00793,0.00811,0.00588,0.00320,0.00581,0.02731,0.06639,0.00309,0.00978,0.00918,,0.00946,0.00564,0.01266,0.00651,0.00916,0.00544,0.00180,0.01427,0.00547,0.00850,0.00937,0.00913,0.00555,0.00715,0.00563,0.00652,0.00388,0.00664,0.00588,0.00410,0.00775
1470,0.00941,0.01782,0.00721,0.01082,0.00814,0.02147,0.00250,0.00502,0.00502,0.00560,0.00838,0.00902,0.01158,0.00438,0.00738,0.00777,0.00800,0.00581,0.00313,0.00573,0.02647,0.06432,0.00303,0.00972,0.00904,,0.00935,0.00559,0.01243,0.00644,0.00904,0.00539,0.00175,0.01411,0.00542,0.00838,0.00927,0.00906,0.00546,0.00705,0.00554,0.00642,0.00388,0.00661,0.00582,0.00408,0.00772
1471,0.00937,0.01781,0.00711,0.01083,0.00808,0.02141,0.00248,0.00497,0.00498,0.00558,0.00833,0.00889,0.01144,0.00434,0.00736,0.00759,0.00793,0.00575,0.00307,0.00564,0.02567,0.06233,0.00299,0.00967,0.00894,,0.00924,0.00555,0.01223,0.00640,0.00892,0.00535,0.00172,0.01398,0.00538,0.00830,0.00919,0.00901,0.00538,0.00695,0.00546,0.00636,0.00387,0.00659,0.00577,0.00406,0.00769
1472,0.00934,0.01785,0.00707,0.01085,0.00805,0.02138,0.00251,0.00491,0.00492,0.00548,0.00836,0.00875,0.01131,0.00431,0.00732,0.00742,0.00787,0.00569,0.00302,0.00556,0.02490,0.06045,0.00296,0.00961,0.00886,,0.00914,0.00551,0.01203,0.00636,0.00880,0.00532,0.00169,0.01386,0.00534,0.00826,0.00914,0.00898,0.00530,0.00686,0.00539,0.00636,0.00386,0.00659,0.00573,0.00404,0.00770
1473,0.00932,0.01782,0.00702,0.01084,0.00800,0.02134,0.00250,0.00492,0.00489,0.00543,0.00832,0.00864,0.01116,0.00428,0.00728,0.00726,0.00781,0.00564,0.00298,0.00549,0.02418,0.05866,0.00293,0.00957,0.00877,,0.00905,0.00548,0.01187,0.00632,0.00868,0.00528,0.00167,0.01374,0.00530,0.00820,0.00908,0.00893,0.00523,0.00677,0.00532,0.00632,0.00385,0.00658,0.00571,0.00402,0.00768
1474,0.00934,0.01779,0.00703,0.01081,0.00796,0.02133,0.00252,0.00501,0.00486,0.00546,0.00832,0.00853,0.01100,0.00428,0.00723,0.00710,0.00778,0.00558,0.00297,0.00543,0.02350,0.05693,0.00292,0.00956,0.00870,,0.00897,0.00545,0.01174,0.00630,0.00856,0.00526,0.00166,0.01365,0.00526,0.00815,0.00903,0.00890,0.00519,0.00670,0.00528,0.00629,0.00384,0.00657,0.00568,0.00404,0.00765
1475,0.00936,0.01777,0.00699,0.01081,0.00792,0.02133,0.00253,0.00505,0.00485,0.00542,0.00832,0.00846,0.01088,0.00424,0.00719,0.00696,0.00773,0.00553,0.00294,0.00535,0.02285,0.05530,0.00290,0.00953,0.00864,,0.00890,0.00543,0.01161,0.00627,0.00844,0.00524,0.00165,0.01354,0.00522,0.00810,0.00899,0.00886,0.00515,0.00663,0.00521,0.00624,0.00382,0.00657,0.00565,0.00402,0.00764
1476,0.00936,0.01772,0.00693,0.01081,0.00786,0.02128,0.00251,0.00511,0.00487,0.00532,0.00829,0.00841,0.01077,0.00417,0.00714,0.00684,0.00767,0.00547,0.00291,0.00527,0.02222,0.05376,0.00289,0.00950,0.00858,,0.00882,0.00540,0.01147,0.00624,0.00832,0.00521,0.00162,0.01342,0.00518,0.00803,0.00895,0.00882,0.00512,0.00655,0.00512,0.00615,0.00378,0.00656,0.00564,0.00396,0.00764
1477,0.00944,0.01767,0.00686,0.01080,0.00781,0.02147,0.00248,0.00516,0.00486,0.00533,0.00817,0.00836,0.01069,0.00413,0.00713,0.00674,0.00761,0.00543,0.00290,0.00518,0.02167,0.05234,0.00289,0.00948,0.00852,,0.00876,0.00537,0.01138,0.00623,0.00823,0.00520,0.00163,0.01334,0.00515,0.00796,0.00890,0.00879,0.00508,0.00650,0.00509,0.00607,0.00378,0.00656,0.00564,0.00394,0.00764
1478,0.00947,0.01769,0.00677,0.01083,0.00783,0.02155,0.00247,0.00512,0.00481,0.00535,0.00821,0.00831,0.01065,0.00409,0.00713,0.00664,0.00757,0.00540,0.00288,0.00511,0.02113,0.05102,0.00288,0.00942,0.00848,,0.00869,0.00536,0.01127,0.00623,0.00815,0.00517,0.00162,0.01326,0.00512,0.00792,0.00886,0.00876,0.00505,0.00645,0.00507,0.00603,0.00378,0.00654,0.00560,0.00393,0.00762
1479,0.00940,0.01768,0.00673,0.01080,0.00781,0.02147,0.00250,0.00511,0.00480,0.00530,0.00820,0.00831,0.01057,0.00404,0.00707,0.00656,0.00751,0.00537,0.00285,0.00505,0.02064,0.04980,0.00284,0.00938,0.00844,,0.00862,0.00534,0.01115,0.00620,0.00807,0.00514,0.00162,0.01321,0.00511,0.00787,0.00879,0.00871,0.00499,0.00641,0.00502,0.00598,0.00375,0.00651,0.00560,0.00393,0.00757
1480,0.00938,0.01766,0.00670,0.01077,0.00783,0.02160,0.00250,0.00509,0.00480,0.00532,0.00821,0.00829,0.01048,0.00402,0.00707,0.00649,0.00746,0.00533,0.00286,0.00503,0.02022,0.04872,0.00280,0.00935,0.00842,,0.00857,0.00532,0.01107,0.00617,0.00802,0.00512,0.00165,0.01316,0.00511,0.00782,0.00874,0.00869,0.00495,0.00636,0.00501,0.00596,0.00376,0.00649,0.00561,0.00396,0.00756
1481,0.00933,0.01762,0.00664,0.01078,0.00782,0.02150,0.00249,0.00499,0.00474,0.00534,0.00825,0.00822,0.01041,0.00401,0.00706,0.00641,0.00742,0.00531,0.00284,0.00501,0.01982,0.04771,0.00275,0.00930,0.00839,,0.00852,0.00530,0.01097,0.00614,0.00796,0.00510,0.00164,0.01312,0.00510,0.00776,0.00869,0.00866,0.00493,0.00630,0.00495,0.00593,0.00374,0.00645,0.00559,0.00400,0.00757
1482,0.00932,0.01757,0.00663,0.01079,0.00776,0.02136,0.00253,0.00498,0.00471,0.00528,0.00819,0.00817,0.01035,0.00398,0.00705,0.00634,0.00737,0.00528,0.00283,0.00499,0.01947,0.04678,0.00272,0.00928,0.00834,,0.00847,0.00527,0.01088,0.00611,0.00791,0.00507,0.00162,0.01308,0.00509,0.00770,0.00865,0.00864,0.00491,0.00626,0.00489,0.00589,0.00370,0.00645,0.00557,0.00398,0.00760
1483,0.00939,0.01758,0.00662,0.01081,0.00776,0.02142,0.00252,0.00501,0.00467,0.00524,0.00825,0.00812,0.01030,0.00396,0.00709,0.00626,0.00734,0.00526,0.00281,0.00495,0.01916,0.04598,0.00272,0.00927,0.00828,,0.00845,0.00525,0.01081,0.00611,0.00786,0.00506,0.00163,0.01304,0.00508,0.00768,0.00862,0.00866,0.00490,0.00622,0.00486,0.00586,0.00369,0.00647,0.00556,0.00393,0.00762
1484,0.00940,0.01759,0.00658,0.01081,0.00773,0.02142,0.00249,0.00505,0.00457,0.00526,0.00823,0.00804,0.01026,0.00395,0.00708,0.00618,0.00732,0.00523,0.00278,0.00490,0.01887,0.04529,0.00272,0.00925,0.00822,,0.00843,0.00524,0.01073,0.00610,0.00780,0.00505,0.00161,0.01301,0.00508,0.00765,0.00859,0.00864,0.00488,0.00618,0.00483,0.00581,0.00369,0.00646,0.00552,0.00388,0.00759
1485,0.00942,0.01756,0.00660,0.01082,0.00773,0.02144,0.00246,0.00518,0.00454,0.00524,0.00821,0.00802,0.01024,0.00395,0.00708,0.00614,0.00730,0.00522,0.00278,0.00488,0.01863,0.04470,0.00275,0.00924,0.00818,,0.00840,0.00523,0.01067,0.00609,0.00776,0.00504,0.00160,0.01300,0.00506,0.00762,0.00857,0.00861,0.00486,0.00616,0.00485,0.00580,0.00368,0.00648,0.00551,0.00385,0.00758
1486,0.00941,0.01753,0.00661,0.01082,0.00771,0.02146,0.00242,0.00519,0.00450,0.00523,0.00826,0.00801,0.01021,0.00393,0.00707,0.00611,0.00729,0.00520,0.00278,0.00486,0.01843,0.04419,0.00277,0.00922,0.00816,,0.00837,0.00524,0.01061,0.00608,0.00772,0.00504,0.00159,0.01297,0.00504,0.00761,0.00856,0.00859,0.00484,0.00614,0.00487,0.00580,0.00369,0.00648,0.00553,0.00383,0.00757
1487,0.00938,0.01749,0.00658,0.01081,0.00764,0.02145,0.00246,0.00510,0.00449,0.00528,0.00821,0.00797,0.01018,0.00391,0.00701,0.00610,0.00727,0.00518,0.00278,0.00484,0.01825,0.04374,0.00276,0.00919,0.00815,,0.00835,0.00524,0.01056,0.00607,0.00769,0.00503,0.00159,0.01294,0.00503,0.00758,0.00855,0.00855,0.00482,0.00610,0.00487,0.00577,0.00370,0.00646,0.00551,0.00382,0.00759
1488,0.00940,0.01743,0.00659,0.01080,0.00762,0.02136,0.00251,0.00505,0.00456,0.00534,0.00822,0.00796,0.01017,0.00391,0.00701,0.00608,0.00725,0.00518,0.00279,0.00484,0.01812,0.04338,0.00276,0.00918,0.00816,,0.00834,0.00524,0.01054,0.00606,0.00768,0.00502,0.00160,0.01291,0.00502,0.00757,0.00856,0.00852,0.00480,0.00608,0.00486,0.00577,0.00370,0.00646,0.00552,0.00385,0.00764
1489,0.00934,0.01738,0.00655,0.01076,0.00757,0.02129,0.00248,0.00494,0.00460,0.00534,0.00821,0.00791,0.01014,0.00390,0.00701,0.00606,0.00724,0.00516,0.00280,0.00483,0.01800,0.04306,0.00275,0.00917,0.00815,,0.00832,0.00524,0.01052,0.00606,0.00768,0.00501,0.00161,0.01288,0.00502,0.00756,0.00855,0.00850,0.00479,0.00605,0.00483,0.00576,0.00370,0.00644,0.00553,0.00385,0.00764
1490,0.00941,0.01736,0.00649,0.01073,0.00758,0.02140,0.00245,0.00492,0.00465,0.00531,0.00819,0.00784,0.01012,0.00390,0.00702,0.00603,0.00722,0.00513,0.00281,0.00481,0.01790,0.04281,0.00273,0.00919,0.00813,,0.00832,0.00524,0.01050,0.00608,0.00767,0.00499,0.00161,0.01287,0.00501,0.00753,0.00855,0.00848,0.00478,0.00603,0.00482,0.00576,0.00370,0.00641,0.00551,0.00383,0.00765
1491,0.00948,0.01737,0.00647,0.01076,0.00762,0.02143,0.00240,0.00496,0.00467,0.00528,0.00829,0.00785,0.01010,0.00390,0.00704,0.00601,0.00721,0.00513,0.00285,0.00480,0.01783,0.04263,0.00272,0.00919,0.00814,,0.00832,0.00523,0.01050,0.00608,0.00765,0.00499,0.00161,0.01286,0.00502,0.00753,0.00855,0.00849,0.00477,0.00604,0.00481,0.00577,0.00369,0.00642,0.00550,0.00385,0.00762
1492,0.00949,0.01735,0.00644,0.01077,0.00762,0.02142,0.00229,0.00494,0.00459,0.00519,0.00830,0.00784,0.01010,0.00388,0.00702,0.00599,0.00722,0.00513,0.00290,0.00479,0.01776,0.04247,0.00271,0.00919,0.00813,,0.00831,0.00521,0.01048,0.00606,0.00763,0.00498,0.00160,0.01286,0.00502,0.00751,0.00852,0.00848,0.00476,0.00603,0.00477,0.00575,0.00367,0.00642,0.00551,0.00386,0.00757
1493,0.00953,0.01737,0.00644,0.01081,0.00765,0.02148,0.00229,0.00499,0.00458,0.00523,0.00824,0.00786,0.01010,0.00386,0.00701,0.00599,0.00722,0.00515,0.00296,0.00479,0.01772,0.04235,0.00271,0.00919,0.00813,,0.00831,0.00520,0.01046,0.00606,0.00760,0.00498,0.00159,0.01286,0.00502,0.00749,0.00852,0.00848,0.00475,0.00604,0.00479,0.00575,0.00367,0.00642,0.00552,0.00389,0.00758
1494,0.00940,0.01733,0.00644,0.01087,0.00765,0.02149,0.00235,0.00495,0.00460,0.00530,0.00820,0.00789,0.01012,0.00385,0.00701,0.00599,0.00721,0.00515,0.00302,0.00479,0.01770,0.04228,0.00272,0.00919,0.00813,,0.00830,0.00520,0.01044,0.00606,0.00758,0.00498,0.00159,0.01285,0.00501,0.00750,0.00852,0.00848,0.00474,0.00605,0.00480,0.00574,0.00367,0.00643,0.00553,0.00392,0.00756
1495,0.00922,0.01726,0.00643,0.01083,0.00763,0.02152,0.00236,0.00490,0.00461,0.00529,0.00809,0.00788,0.01011,0.00385,0.00699,0.00599,0.00721,0.00515,0.00307,0.00479,0.01768,0.04223,0.00273,0.00920,0.00812,,0.00827,0.00520,0.01042,0.00605,0.00757,0.00498,0.00159,0.01284,0.00500,0.00751,0.00850,0.00846,0.00472,0.00603,0.00478,0.00574,0.00367,0.00641,0.00554,0.00391,0.00756
1496,0.00924,0.01724,0.00643,0.01077,0.00765,0.02158,0.00242,0.00496,0.00465,0.00535,0.00802,0.00791,0.01011,0.00388,0.00703,0.00599,0.00719,0.00516,0.00312,0.00479,0.01768,0.04222,0.00274,0.00922,0.00811,,0.00828,0.00520,0.01041,0.00604,0.00758,0.00499,0.00161,0.01285,0.00500,0.00751,0.00852,0.00845,0.00473,0.00602,0.00481,0.00576,0.00370,0.00640,0.00555,0.00390,0.00760
1497,0.00926,0.01720,0.00642,0.01076,0.00762,0.02159,0.00246,0.00497,0.00465,0.00533,0.00805,0.00795,0.01011,0.00391,0.00705,0.00600,0.00719,0.00515,0.00316,0.00478,0.01768,0.04222,0.00275,0.00923,0.00811,,0.00829,0.00521,0.01041,0.00604,0.00760,0.00499,0.00161,0.01285,0.00501,0.00753,0.00854,0.00844,0.00474,0.00602,0.00481,0.00577,0.00371,0.00639,0.00554,0.00389,0.00762
1498,0.00935,0.01717,0.00643,0.01072,0.00761,0.02161,0.00245,0.00500,0.00465,0.00532,0.00813,0.00794,0.01011,0.00394,0.00706,0.00599,0.00719,0.00516,0.00320,0.00477,0.01769,0.04222,0.00276,0.00923,0.00812,,0.00830,0.00521,0.01041,0.00604,0.00762,0.00498,0.00160,0.01286,0.00503,0.00753,0.00855,0.00843,0.00474,0.00603,0.00480,0.00577,0.00371,0.00638,0.00553,0.00388,0.00764
1499,0.00952,0.01719,0.00647,0.01072,0.00760,0.02161,0.00243,0.00503,0.00469,0.00537,0.00817,0.00792,0.01013,0.00395,0.00705,0.00598,0.00721,0.00518,0.00325,0.00477,0.01771,0.04228,0.00278,0.00924,0.00813,,0.00833,0.00521,0.01041,0.00603,0.00763,0.00498,0.00160,0.01287,0.00504,0.00754,0.00858,0.00842,0.00476,0.00605,0.00480,0.00577,0.00371,0.00639,0.00554,0.00390,0.00768
1500,0.00946,0.01715,0.00649,0.01075,0.00755,0.02160,0.00240,0.00501,0.00470,0.00535,0.00817,0.00791,0.01016,0.00394,0.00702,0.00598,0.00721,0.00517,0.00330,0.00477,0.01774,0.04236,0.00278,0.00925,0.00812,,0.00833,0.00521,0.01041,0.00604,0.00763,0.00498,0.00159,0.01287,0.00503,0.00754,0.00857,0.00840,0.00474,0.00606,0.00479,0.00578,0.00371,0.00640,0.00552,0.00389,0.00766
1501,0.00939,0.01712,0.00648,0.01076,0.00756,0.02163,0.00240,0.00502,0.00471,0.00535,0.00820,0.00792,0.01019,0.00393,0.00702,0.00598,0.00722,0.00518,0.00335,0.00478,0.01778,0.04246,0.00276,0.00927,0.00813,,0.00834,0.00521,0.01041,0.00605,0.00762,0.00500,0.00158,0.01286,0.00503,0.00756,0.00856,0.00840,0.00474,0.00607,0.00480,0.00578,0.00371,0.00640,0.00553,0.00389,0.00765
1502,0.00930,0.01711,0.00645,0.01077,0.00761,0.02160,0.00237,0.00500,0.00469,0.00536,0.00818,0.00794,0.01020,0.00395,0.00703,0.00598,0.00723,0.00518,0.00341,0.00478,0.01784,0.04258,0.00276,0.00928,0.00812,,0.00835,0.00521,0.01041,0.00604,0.00763,0.00500,0.00160,0.01287,0.00503,0.00757,0.00859,0.00841,0.00474,0.00607,0.00481,0.00580,0.00373,0.00641,0.00555,0.00389,0.00765
1503,0.00913,0.01708,0.00643,0.01074,0.00764,0.02161,0.00235,0.00501,0.00466,0.00535,0.00812,0.00799,0.01020,0.00396,0.00706,0.00599,0.00723,0.00519,0.00346,0.00478,0.01789,0.04270,0.00275,0.00929,0.00812,,0.00835,0.00520,0.01042,0.00604,0.00763,0.00501,0.00160,0.01289,0.00502,0.00757,0.00860,0.00840,0.00475,0.00606,0.00481,0.00580,0.00373,0.00639,0.00552,0.00387,0.00760
1504,0.00918,0.01707,0.00643,0.01074,0.00767,0.02168,0.00240,0.00509,0.00467,0.00536,0.00814,0.00804,0.01021,0.00398,0.00709,0.00601,0.00725,0.00523,0.00350,0.00478,0.01796,0.04283,0.00276,0.00931,0.00813,,0.00838,0.00521,0.01042,0.00604,0.00764,0.00501,0.00161,0.01291,0.00503,0.00759,0.00863,0.00841,0.00476,0.00607,0.00482,0.00579,0.00373,0.00640,0.00554,0.00387,0.00760
1505,0.00916,0.01704,0.00645,0.01076,0.00769,0.02157,0.00243,0.00505,0.00468,0.00534,0.00810,0.00801,0.01022,0.00400,0.00709,0.00603,0.00725,0.00525,0.00353,0.00478,0.01803,0.04298,0.00279,0.00932,0.00814,,0.00838,0.00521,0.01043,0.00603,0.00763,0.00501,0.00161,0.01293,0.00504,0.00759,0.00866,0.00842,0.00476,0.00609,0.00483,0.00579,0.00372,0.00641,0.00555,0.00388,0.00762
1506,0.00910,0.01701,0.00651,0.01075,0.00767,0.02147,0.00243,0.00502,0.00469,0.00534,0.00806,0.00798,0.01022,0.00399,0.00707,0.00604,0.00725,0.00526,0.00356,0.00480,0.01810,0.04316,0.00280,0.00932,0.00813,,0.00837,0.00522,0.01044,0.00603,0.00765,0.00501,0.00160,0.01295,0.00505,0.00758,0.00868,0.00839,0.00476,0.00610,0.00483,0.00579,0.00371,0.00641,0.00554,0.00390,0.00762
1507,0.00921,0.01699,0.00649,0.01076,0.00766,0.02144,0.00245,0.00507,0.00469,0.00534,0.00808,0.00800,0.01023,0.00400,0.00707,0.00606,0.00726,0.00528,0.00359,0.00481,0.01818,0.04338,0.00281,0.00934,0.00814,,0.00839,0.00525,0.01046,0.00604,0.00767,0.00502,0.00161,0.01295,0.00506,0.00759,0.00870,0.00838,0.00478,0.00612,0.00485,0.00579,0.00372,0.00643,0.00558,0.00394,0.00765
1508,0.00919,0.01696,0.00646,0.01074,0.00767,0.02139,0.00240,0.00501,0.00464,0.00534,0.00804,0.00799,0.01024,0.00401,0.00707,0.00606,0.00727,0.00528,0.00362,0.00481,0.01827,0.04359,0.00281,0.00934,0.00814,,0.00841,0.00526,0.01047,0.00603,0.00768,0.00502,0.00161,0.01295,0.00505,0.00759,0.00871,0.00838,0.00478,0.00613,0.00486,0.00581,0.00372,0.00644,0.00560,0.00396,0.00766
1509,0.00917,0.01695,0.00646,0.01075,0.00770,0.02146,0.00236,0.00498,0.00464,0.00538,0.00805,0.00801,0.01025,0.00401,0.00708,0.00607,0.00728,0.00528,0.00368,0.00483,0.01836,0.04382,0.00282,0.00936,0.00815,,0.00843,0.00527,0.01048,0.00603,0.00770,0.00502,0.00161,0.01296,0.00505,0.00759,0.00872,0.00837,0.00479,0.00615,0.00488,0.00585,0.00374,0.00644,0.00560,0.00396,0.00766
1510,0.00924,0.01692,0.00641,0.01078,0.00768,0.02158,0.00236,0.00499,0.00461,0.00540,0.00807,0.00806,0.01027,0.00403,0.00711,0.00609,0.00730,0.00530,0.00373,0.00483,0.01847,0.04406,0.00284,0.00938,0.00817,,0.00847,0.00527,0.01049,0.00605,0.00772,0.00502,0.00163,0.01298,0.00505,0.00762,0.00873,0.00836,0.00481,0.00616,0.00489,0.00587,0.00376,0.00644,0.00560,0.00398,0.00767
1511,0.00920,0.01690,0.00641,0.01074,0.00766,0.02163,0.00236,0.00499,0.00461,0.00542,0.00805,0.00807,0.01030,0.00404,0.00713,0.00611,0.00730,0.00530,0.00376,0.00484,0.01857,0.04430,0.00285,0.00940,0.00819,,0.00849,0.00526,0.01050,0.00605,0.00773,0.00503,0.00162,0.01301,0.00506,0.00763,0.00872,0.00836,0.00482,0.00617,0.00490,0.00587,0.00375,0.00644,0.00559,0.00397,0.00766
1512,0.00920,0.01691,0.00643,0.01074,0.00769,0.02166,0.00239,0.00500,0.00468,0.00547,0.00811,0.00808,0.01034,0.00406,0.00715,0.00615,0.00731,0.00531,0.00379,0.00486,0.01868,0.04458,0.00287,0.00942,0.00820,,0.00851,0.00526,0.01054,0.00606,0.00774,0.00506,0.00162,0.01304,0.00507,0.00765,0.00875,0.00836,0.00485,0.00620,0.00493,0.00589,0.00375,0.00644,0.00560,0.00396,0.00766
1513,0.00924,0.01691,0.00644,0.01071,0.00768,0.02166,0.00239,0.00501,0.00470,0.00547,0.00810,0.00808,0.01036,0.00408,0.00716,0.00618,0.00733,0.00533,0.00383,0.00487,0.01879,0.04484,0.00287,0.00943,0.00821,,0.00854,0.00527,0.01057,0.00606,0.00775,0.00507,0.00162,0.01305,0.00508,0.00766,0.00877,0.00837,0.00487,0.00623,0.00494,0.00588,0.00375,0.00645,0.00563,0.00397,0.00764
1514,0.00929,0.01692,0.00648,0.01067,0.00770,0.02162,0.00240,0.00505,0.00474,0.00548,0.00810,0.00811,0.01038,0.00409,0.00717,0.00621,0.00734,0.00536,0.00386,0.00488,0.01890,0.04513,0.00286,0.00943,0.00822,,0.00856,0.00529,0.01060,0.00606,0.00776,0.00508,0.00162,0.01306,0.00509,0.00768,0.00880,0.00838,0.00487,0.00625,0.00495,0.00587,0.00374,0.00647,0.00563,0.00397,0.00764
1515,0.00937,0.01691,0.00652,0.01073,0.00778,0.02158,0.00241,0.00503,0.00477,0.00550,0.00814,0.00815,0.01041,0.00410,0.00718,0.00623,0.00735,0.00538,0.00389,0.00490,0.01902,0.04543,0.00287,0.00945,0.00822,,0.00857,0.00531,0.01063,0.00606,0.00778,0.00509,0.00161,0.01307,0.00510,0.00770,0.00883,0.00839,0.00488,0.00627,0.00498,0.00590,0.00375,0.00649,0.00564,0.00397,0.00766
1516,0.00932,0.01685,0.00652,0.01075,0.00778,0.02156,0.00239,0.00501,0.00471,0.00544,0.00811,0.00816,0.01042,0.00409,0.00718,0.00624,0.00736,0.00539,0.00391,0.00491,0.01914,0.04571,0.00287,0.00947,0.00822,,0.00858,0.00530,0.01065,0.00606,0.00780,0.00509,0.00161,0.01308,0.00510,0.00772,0.00885,0.00840,0.00487,0.00628,0.00498,0.00592,0.00376,0.00650,0.00562,0.00399,0.00766
1517,0.00924,0.01680,0.00649,0.01073,0.00777,0.02155,0.00242,0.00506,0.00467,0.00544,0.00811,0.00820,0.01046,0.00410,0.00719,0.00627,0.00736,0.00541,0.00392,0.00492,0.01926,0.04603,0.00288,0.00950,0.00823,,0.00860,0.00530,0.01067,0.00607,0.00782,0.00509,0.00161,0.01309,0.00511,0.00774,0.00887,0.00841,0.00488,0.00629,0.00499,0.00593,0.00378,0.00650,0.00561,0.00400,0.00768
1518,0.00925,0.01679,0.00647,0.01077,0.00778,0.02151,0.00243,0.00506,0.00468,0.00550,0.00812,0.00822,0.01049,0.00413,0.00722,0.00629,0.00736,0.00541,0.00394,0.00494,0.01939,0.04636,0.00289,0.00951,0.00825,,0.00862,0.00530,0.01070,0.00608,0.00785,0.00510,0.00161,0.01310,0.00512,0.00775,0.00889,0.00841,0.00490,0.00631,0.00499,0.00594,0.00381,0.00650,0.00563,0.00400,0.00770
1519,0.00921,0.01679,0.00647,0.01077,0.00775,0.02149,0.00237,0.00504,0.00470,0.00548,0.00811,0.00824,0.01050,0.00416,0.00723,0.00632,0.00737,0.00543,0.00397,0.00494,0.01952,0.04668,0.00289,0.00952,0.00825,,0.00865,0.00529,0.01073,0.00609,0.00786,0.00510,0.00161,0.01312,0.00513,0.00774,0.00890,0.00842,0.00491,0.00633,0.00500,0.00596,0.00381,0.00649,0.00564,0.00401,0.00769
1520,0.00927,0.01682,0.00651,0.01077,0.00774,0.02156,0.00236,0.00510,0.00475,0.00553,0.00817,0.00832,0.01053,0.00418,0.00727,0.00636,0.00738,0.00546,0.00402,0.00495,0.01966,0.04703,0.00291,0.00953,0.00828,,0.00869,0.00531,0.01075,0.00608,0.00788,0.00510,0.00162,0.01315,0.00515,0.00776,0.00894,0.00842,0.00493,0.00636,0.00502,0.00597,0.00382,0.00649,0.00567,0.00402,0.00771
1521,0.00935,0.01683,0.00656,0.01078,0.00775,0.02166,0.00232,0.00511,0.00480,0.00556,0.00820,0.00837,0.01055,0.00421,0.00729,0.00639,0.00739,0.00548,0.00406,0.00497,0.01980,0.04737,0.00293,0.00953,0.00829,,0.00871,0.00533,0.01077,0.00609,0.00790,0.00512,0.00163,0.01318,0.00516,0.00776,0.00897,0.00841,0.00494,0.00638,0.00505,0.00598,0.00381,0.00649,0.00570,0.00401,0.00771
1522,0.00933,0.01682,0.00659,0.01076,0.00776,0.02176,0.00230,0.00506,0.00483,0.00552,0.00815,0.00840,0.01058,0.00422,0.00728,0.00642,0.00740,0.00550,0.00409,0.00497,0.01994,0.04771,0.00294,0.00955,0.00830,,0.00873,0.00534,0.01080,0.00609,0.00792,0.00514,0.00163,0.01321,0.00517,0.00776,0.00899,0.00841,0.00496,0.00640,0.00510,0.00600,0.00379,0.00649,0.00571,0.00402,0.00771
1523,0.00934,0.01682,0.00661,0.01075,0.00778,0.02183,0.00236,0.00504,0.00484,0.00555,0.00816,0.00843,0.01064,0.00422,0.00728,0.00645,0.00742,0.00552,0.00411,0.00498,0.02008,0.04809,0.00296,0.00957,0.00833,,0.00877,0.00536,0.01083,0.00609,0.00794,0.00515,0.00164,0.01323,0.00518,0.00780,0.00902,0.00843,0.00498,0.00642,0.00514,0.00603,0.00380,0.00650,0.00571,0.00403,0.00774
1524,0.00933,0.01679,0.00659,0.01073,0.00780,0.02181,0.00241,0.00500,0.00483,0.00559,0.00810,0.00845,0.01067,0.00423,0.00727,0.00648,0.00743,0.00554,0.00412,0.00499,0.02023,0.04845,0.00296,0.00959,0.00835,,0.00879,0.00537,0.01086,0.00612,0.00795,0.00517,0.00164,0.01326,0.00518,0.00782,0.00903,0.00843,0.00500,0.00642,0.00512,0.00604,0.00380,0.00650,0.00571,0.00404,0.00774
1525,0.00932,0.01680,0.00659,0.01074,0.00783,0.02173,0.00247,0.00498,0.00485,0.00560,0.00807,0.00849,0.01069,0.00425,0.00727,0.00652,0.00744,0.00555,0.00414,0.00499,0.02038,0.04883,0.00297,0.00961,0.00836,,0.00882,0.00537,0.01090,0.00612,0.00798,0.00520,0.00164,0.01328,0.00519,0.00783,0.00905,0.00845,0.00501,0.00645,0.00515,0.00605,0.00380,0.00650,0.00572,0.00406,0.00775
1526,0.00933,0.01682,0.00663,0.01075,0.00785,0.02167,0.00247,0.00502,0.00483,0.00561,0.00812,0.00851,0.01071,0.00426,0.00728,0.00655,0.00744,0.00558,0.00416,0.00501,0.02055,0.04923,0.00297,0.00962,0.00839,,0.00884,0.00538,0.01093,0.00612,0.00801,0.00521,0.00165,0.01331,0.00518,0.00785,0.00909,0.00847,0.00502,0.00648,0.00516,0.00608,0.00381,0.00651,0.00573,0.00407,0.00776
1527,0.00934,0.01681,0.00666,0.01073,0.00788,0.02166,0.00243,0.00504,0.00480,0.00560,0.00814,0.00853,0.01073,0.00426,0.00731,0.00657,0.00744,0.00559,0.00417,0.00503,0.02071,0.04962,0.00297,0.00963,0.00840,,0.00887,0.00538,0.01094,0.00614,0.00803,0.00523,0.00165,0.01333,0.00519,0.00786,0.00912,0.00848,0.00503,0.00651,0.00514,0.00608,0.00382,0.00652,0.00575,0.00407,0.00775
1528,0.00935,0.01681,0.00668,0.01074,0.00791,0.02167,0.00241,0.00505,0.00480,0.00561,0.00816,0.00856,0.01076,0.00429,0.00732,0.00660,0.00745,0.00561,0.00419,0.00505,0.02088,0.05002,0.00298,0.00965,0.00842,,0.00890,0.00538,0.01097,0.00614,0.00805,0.00524,0.00165,0.01336,0.00520,0.00788,0.00914,0.00849,0.00504,0.00654,0.00516,0.00610,0.00383,0.00653,0.00576,0.00407,0.00777
1529,0.00932,0.01682,0.00670,0.01078,0.00797,0.02174,0.00237,0.00505,0.00480,0.00561,0.00819,0.00857,0.01080,0.00432,0.00733,0.00665,0.00748,0.00563,0.00422,0.00509,0.02105,0.05043,0.00300,0.00968,0.00843,,0.00893,0.00539,0.01101,0.00614,0.00809,0.00525,0.00165,0.01339,0.00522,0.00790,0.00917,0.00850,0.00507,0.00658,0.00522,0.00613,0.00384,0.00654,0.00579,0.00406,0.00781
1530,0.00934,0.01681,0.00670,0.01078,0.00798,0.02174,0.00238,0.00506,0.00483,0.00563,0.00819,0.00860,0.01083,0.00434,0.00735,0.00668,0.00749,0.00565,0.00423,0.00512,0.02122,0.05086,0.00301,0.00970,0.00845,,0.00897,0.00540,0.01104,0.00614,0.00812,0.00526,0.00164,0.01341,0.00524,0.00793,0.00920,0.00850,0.00509,0.00661,0.00523,0.00615,0.00384,0.00655,0.00580,0.00406,0.00783
1531,0.00943,0.01681,0.00667,0.01081,0.00799,0.02175,0.00245,0.00509,0.00490,0.00567,0.00815,0.00869,0.01088,0.00438,0.00736,0.00673,0.00752,0.00567,0.00423,0.00514,0.02139,0.05129,0.00303,0.00971,0.00848,,0.00901,0.00541,0.01108,0.00615,0.00813,0.00527,0.00163,0.01345,0.00526,0.00797,0.00922,0.00850,0.00513,0.00664,0.00525,0.00616,0.00385,0.00657,0.00580,0.00407,0.00786
1532,0.00945,0.01678,0.00667,0.01082,0.00800,0.02176,0.00247,0.00509,0.00493,0.00568,0.00813,0.00871,0.01092,0.00440,0.00737,0.00677,0.00754,0.00569,0.00424,0.00516,0.02158,0.05174,0.00304,0.00973,0.00851,,0.00905,0.00542,0.01112,0.00616,0.00815,0.00528,0.00164,0.01348,0.00528,0.00800,0.00925,0.00850,0.00515,0.00667,0.00528,0.00618,0.00385,0.00658,0.00581,0.00408,0.00786
1533,0.00948,0.01674,0.00669,0.01080,0.00799,0.02169,0.00249,0.00508,0.00496,0.00565,0.00812,0.00871,0.01095,0.00440,0.00739,0.00680,0.00755,0.00571,0.00424,0.00516,0.02176,0.05220,0.00304,0.00974,0.00855,,0.00909,0.00543,0.01115,0.00617,0.00818,0.00529,0.00164,0.01349,0.00529,0.00802,0.00928,0.00849,0.00518,0.00670,0.00528,0.00620,0.00386,0.00660,0.00581,0.00408,0.00783
1534,0.00948,0.01673,0.00672,0.01079,0.00799,0.02171,0.00249,0.00508,0.00498,0.00567,0.00813,0.00873,0.01099,0.00441,0.00740,0.00684,0.00756,0.00573,0.00426,0.00517,0.02196,0.05268,0.00304,0.00976,0.00858,,0.00913,0.00544,0.01120,0.00618,0.00821,0.00530,0.00164,0.01351,0.00530,0.00803,0.00932,0.00850,0.00520,0.00672,0.00531,0.00622,0.00388,0.00660,0.00583,0.00410,0.00783
1535,0.00932,0.01673,0.00678,0.01080,0.00801,0.02178,0.00246,0.00504,0.00498,0.00570,0.00814,0.00871,0.01103,0.00440,0.00741,0.00688,0.00757,0.00576,0.00428,0.00518,0.02216,0.05316,0.00304,0.00978,0.00859,,0.00916,0.00545,0.01125,0.00618,0.00824,0.00531,0.00164,0.01354,0.00531,0.00802,0.00934,0.00851,0.00521,0.00673,0.00535,0.00625,0.00389,0.00658,0.00586,0.00412,0.00783
1536,0.00934,0.01674,0.00680,0.01080,0.00803,0.02182,0.00246,0.00503,0.00498,0.00571,0.00816,0.00875,0.01106,0.00442,0.00743,0.00693,0.00759,0.00579,0.00430,0.00520,0.02236,0.05366,0.00305,0.00980,0.00861,,0.00920,0.00546,0.01130,0.00619,0.00827,0.00532,0.00165,0.01357,0.00532,0.00805,0.00939,0.00853,0.00523,0.00676,0.00538,0.00627,0.00390,0.00658,0.00588,0.00413,0.00785
1537,0.00950,0.01678,0.00683,0.01077,0.00802,0.02190,0.00245,0.00502,0.00496,0.00573,0.00821,0.00884,0.01110,0.00445,0.00745,0.00697,0.00762,0.00582,0.00433,0.00524,0.02257,0.05415,0.00309,0.00982,0.00862,,0.00925,0.00548,0.01134,0.00621,0.00830,0.00534,0.00165,0.01362,0.00534,0.00808,0.00945,0.00858,0.00526,0.00679,0.00543,0.00629,0.00391,0.00659,0.00588,0.00414,0.00790
1538,0.00949,0.01679,0.00685,0.01078,0.00804,0.02193,0.00247,0.00501,0.00496,0.00574,0.00821,0.00888,0.01115,0.00446,0.00748,0.00701,0.00765,0.00585,0.00434,0.00527,0.02278,0.05466,0.00310,0.00984,0.00864,,0.00930,0.00549,0.01139,0.00622,0.00833,0.00535,0.00165,0.01366,0.00535,0.00812,0.00949,0.00860,0.00528,0.00682,0.00546,0.00631,0.00392,0.00659,0.00588,0.00414,0.00792
1539,0.00947,0.01679,0.00686,0.01083,0.00812,0.02190,0.00252,0.00497,0.00497,0.00571,0.00822,0.00891,0.01120,0.00448,0.00752,0.00706,0.00768,0.00588,0.00435,0.00530,0.02301,0.05518,0.00312,0.00986,0.00867,,0.00935,0.00550,0.01143,0.00623,0.00835,0.00538,0.00168,0.01370,0.00538,0.00819,0.00954,0.00862,0.00530,0.00688,0.00548,0.00634,0.00393,0.00661,0.00587,0.00412,0.00794
1540,0.00946,0.01678,0.00687,0.01084,0.00812,0.02191,0.00252,0.00497,0.00498,0.00572,0.00821,0.00895,0.01124,0.00450,0.00755,0.00711,0.00770,0.00591,0.00436,0.00533,0.02323,0.05571,0.00313,0.00988,0.00869,,0.00939,0.00551,0.01148,0.00623,0.00838,0.00540,0.00169,0.01374,0.00540,0.00823,0.00958,0.00863,0.00533,0.00692,0.00550,0.00636,0.00395,0.00662,0.00588,0.00411,0.00795
1541,0.00925,0.01674,0.00687,0.01086,0.00809,0.02194,0.00250,0.00501,0.00504,0.00578,0.00817,0.00898,0.01128,0.00451,0.00758,0.00715,0.00771,0.00593,0.00435,0.00534,0.02344,0.05625,0.00313,0.00990,0.00872,,0.00943,0.00551,0.01153,0.00622,0.00841,0.00539,0.00170,0.01379,0.00540,0.00824,0.00960,0.00861,0.00536,0.00695,0.00552,0.00640,0.00395,0.00662,0.00591,0.00412,0.00793
1542,0.00924,0.01671,0.00688,0.01087,0.00810,0.02194,0.00250,0.00502,0.00506,0.00580,0.00817,0.00902,0.01133,0.00454,0.00760,0.00720,0.00772,0.00596,0.00437,0.00536,0.02367,0.05682,0.00314,0.00992,0.00875,,0.00947,0.00552,0.01158,0.00623,0.00845,0.00540,0.00171,0.01382,0.00541,0.00827,0.00964,0.00862,0.00538,0.00698,0.00554,0.00642,0.00397,0.00663,0.00594,0.00414,0.00794
1543,0.00942,0.01665,0.00687,0.01084,0.00809,0.02193,0.00244,0.00506,0.00503,0.00581,0.00820,0.00907,0.01138,0.00458,0.00760,0.00724,0.00774,0.00598,0.00442,0.00538,0.02389,0.05740,0.00314,0.00995,0.00879,,0.00950,0.00554,0.01161,0.00625,0.00848,0.00541,0.00171,0.01385,0.00544,0.00829,0.00966,0.00864,0.00541,0.00699,0.00556,0.00644,0.00397,0.00665,0.00596,0.00416,0.00795
1544,0.00943,0.01665,0.00691,0.01083,0.00812,0.02192,0.00244,0.00507,0.00504,0.00583,0.00818,0.00913,0.01142,0.00461,0.00762,0.00730,0.00776,0.00602,0.00444,0.00540,0.02412,0.05797,0.00315,0.00997,0.00882,,0.00954,0.00555,0.01165,0.00627,0.00853,0.00543,0.00171,0.01388,0.00546,0.00831,0.00971,0.00866,0.00544,0.00702,0.00558,0.00646,0.00398,0.00666,0.00599,0.00417,0.00796
1545,0.00935,0.01668,0.00702,0.01086,0.00821,0.02181,0.00251,0.00506,0.00505,0.00584,0.00813,0.00916,0.01147,0.00462,0.00764,0.00735,0.00777,0.00606,0.00445,0.00544,0.02436,0.05856,0.00317,0.00999,0.00885,,0.00959,0.00556,0.01170,0.00629,0.00858,0.00546,0.00172,0.01390,0.00548,0.00833,0.00976,0.00869,0.00545,0.00707,0.00562,0.00647,0.00400,0.00667,0.00600,0.00418,0.00800
1546,0.00935,0.01669,0.00706,0.01086,0.00825,0.02182,0.00253,0.00507,0.00507,0.00586,0.00814,0.00922,0.01151,0.00464,0.00766,0.00741,0.00780,0.00609,0.00447,0.00546,0.02460,0.05915,0.00318,0.01001,0.00888,,0.00964,0.00558,0.01175,0.00630,0.00862,0.00549,0.00173,0.01394,0.00550,0.00836,0.00980,0.00871,0.00548,0.00712,0.00565,0.00649,0.00401,0.00668,0.00602,0.00418,0.00801
1547,0.00934,0.01673,0.00709,0.01085,0.00828,0.02191,0.00256,0.00511,0.00513,0.00593,0.00815,0.00932,0.01155,0.00467,0.00768,0.00748,0.00784,0.00612,0.00447,0.00549,0.02486,0.05972,0.00320,0.01002,0.00890,,0.00971,0.00560,0.01181,0.00630,0.00867,0.00550,0.00174,0.01399,0.00551,0.00840,0.00984,0.00872,0.00550,0.00717,0.00568,0.00653,0.00400,0.00669,0.00603,0.00419,0.00801
1548,0.00935,0.01673,0.00712,0.01084,0.00829,0.02193,0.00257,0.00511,0.00515,0.00596,0.00816,0.00936,0.01160,0.00469,0.00771,0.00754,0.00787,0.00615,0.00447,0.00552,0.02511,0.06032,0.00322,0.01004,0.00893,,0.00976,0.00562,0.01187,0.00631,0.00870,0.00552,0.00175,0.01403,0.00553,0.00844,0.00988,0.00874,0.00553,0.00721,0.00572,0.00656,0.00401,0.00670,0.00604,0.00420,0.00802
1549,0.00945,0.01668,0.00707,0.01084,0.00827,0.02196,0.00251,0.00509,0.00512,0.00596,0.00824,0.00938,0.01169,0.00472,0.00775,0.00759,0.00791,0.00616,0.00448,0.00554,0.02537,0.06095,0.00324,0.01008,0.00897,,0.00982,0.00564,0.01194,0.00633,0.00872,0.00553,0.00175,0.01407,0.00554,0.00851,0.00992,0.00875,0.00557,0.00724,0.00577,0.00660,0.00401,0.00671,0.00605,0.00420,0.00800
1550,0.00953,0.01667,0.00708,0.01084,0.00828,0.02200,0.00250,0.00509,0.00513,0.00597,0.00826,0.00941,0.01175,0.00475,0.00777,0.00765,0.00793,0.00619,0.00449,0.00557,0.02563,0.06158,0.00325,0.01010,0.00900,,0.00987,0.00566,0.01200,0.00633,0.00875,0.00554,0.00175,0.01412,0.00556,0.00854,0.00996,0.00876,0.00560,0.00729,0.00579,0.00663,0.00401,0.00672,0.00606,0.00421,0.00802
1551,0.00957,0.01664,0.00714,0.01083,0.00829,0.02199,0.00249,0.00505,0.00516,0.00596,0.00817,0.00942,0.01182,0.00477,0.00777,0.00769,0.00795,0.00621,0.00447,0.00560,0.02589,0.06224,0.00325,0.01012,0.00902,,0.00990,0.00566,0.01204,0.00634,0.00880,0.00555,0.00174,0.01415,0.00557,0.00855,0.01001,0.00877,0.00564,0.00733,0.00580,0.00663,0.00402,0.00672,0.00608,0.00422,0.00807
1552,0.00959,0.01663,0.00718,0.01085,0.00831,0.02201,0.00249,0.00504,0.00516,0.00596,0.00816,0.00944,0.01189,0.00479,0.00779,0.00774,0.00797,0.00625,0.00447,0.00563,0.02616,0.06290,0.00326,0.01014,0.00905,,0.00994,0.00567,0.01210,0.00634,0.00885,0.00556,0.00175,0.01420,0.00559,0.00858,0.01006,0.00877,0.00567,0.00737,0.00583,0.00666,0.00403,0.00672,0.00610,0.00422,0.00810
1553,0.00960,0.01665,0.00724,0.01089,0.00835,0.02209,0.00252,0.00508,0.00517,0.00596,0.00817,0.00950,0.01196,0.00479,0.00780,0.00782,0.00798,0.00628,0.00446,0.00565,0.02643,0.06357,0.00327,0.01017,0.00908,,0.00997,0.00569,0.01215,0.00634,0.00892,0.00560,0.00176,0.01426,0.00562,0.00861,0.01010,0.00877,0.00569,0.00741,0.00585,0.00669,0.00405,0.00674,0.00612,0.00424,0.00812
1554,0.00960,0.01664,0.00727,0.01089,0.00837,0.02211,0.00251,0.00508,0.00519,0.00597,0.00817,0.00956,0.01202,0.00482,0.00781,0.00788,0.00801,0.00632,0.00445,0.00567,0.02671,0.06425,0.00329,0.01020,0.00911,,0.01002,0.00570,0.01220,0.00634,0.00897,0.00562,0.00176,0.01431,0.00564,0.00864,0.01014,0.00878,0.00571,0.00745,0.00588,0.00672,0.00406,0.00675,0.00614,0.00425,0.00814
1555,0.00960,0.01666,0.00729,0.01090,0.00839,0.02208,0.00251,0.00511,0.00519,0.00603,0.00820,0.00962,0.01208,0.00487,0.00786,0.00794,0.00804,0.00636,0.00447,0.00571,0.02700,0.06494,0.00333,0.01024,0.00916,,0.01008,0.00571,0.01226,0.00636,0.00900,0.00565,0.00178,0.01436,0.00567,0.00871,0.01020,0.00880,0.00572,0.00750,0.00596,0.00679,0.00407,0.00677,0.00614,0.00426,0.00814
1556,0.00959,0.01667,0.00731,0.01090,0.00840,0.02209,0.00251,0.00512,0.00520,0.00604,0.00822,0.00967,0.01214,0.00490,0.00789,0.00801,0.00806,0.00639,0.00448,0.00575,0.02730,0.06565,0.00335,0.01028,0.00919,,0.01013,0.00573,0.01232,0.00637,0.00905,0.00567,0.00179,0.01441,0.00570,0.00875,0.01025,0.00881,0.00575,0.00755,0.00601,0.00683,0.00408,0.00678,0.00615,0.00427,0.00814
1557,0.00959,0.01668,0.00730,0.01086,0.00841,0.02209,0.00250,0.00514,0.00522,0.00605,0.00820,0.00973,0.01218,0.00494,0.00792,0.00807,0.00808,0.00641,0.00450,0.00578,0.02760,0.06635,0.00336,0.01029,0.00922,,0.01017,0.00574,0.01239,0.00639,0.00909,0.00569,0.00180,0.01444,0.00572,0.00878,0.01029,0.00884,0.00580,0.00759,0.00605,0.00684,0.00409,0.00677,0.00616,0.00426,0.00816
1558,0.00958,0.01668,0.00733,0.01085,0.00841,0.02209,0.00251,0.00514,0.00525,0.00607,0.00820,0.00978,0.01224,0.00497,0.00794,0.00814,0.00810,0.00644,0.00452,0.00582,0.02791,0.06709,0.00338,0.01032,0.00925,,0.01023,0.00576,0.01245,0.00641,0.00915,0.00570,0.00181,0.01448,0.00574,0.00882,0.01034,0.00887,0.00584,0.00764,0.00609,0.00687,0.00410,0.00678,0.00618,0.00427,0.00818
1559,0.00951,0.01665,0.00737,0.01086,0.00839,0.02211,0.00252,0.00508,0.00528,0.00607,0.00819,0.00980,0.01231,0.00497,0.00794,0.00821,0.00812,0.00647,0.00453,0.00585,0.02821,0.06784,0.00340,0.01034,0.00927,,0.01029,0.00578,0.01253,0.00641,0.00923,0.00571,0.00182,0.01454,0.00577,0.00886,0.01039,0.00889,0.00590,0.00767,0.00612,0.00688,0.00412,0.00678,0.00622,0.00428,0.00818
1560,0.00947,0.01666,0.00741,0.01088,0.00842,0.02211,0.00254,0.00507,0.00530,0.00609,0.00822,0.00985,0.01239,0.00499,0.00796,0.00829,0.00816,0.00651,0.00453,0.00588,0.02852,0.06861,0.00342,0.01037,0.00930,,0.01034,0.00580,0.01259,0.00643,0.00928,0.00573,0.00183,0.01460,0.00579,0.00890,0.01044,0.00892,0.00594,0.00771,0.00616,0.00691,0.00413,0.00680,0.00625,0.00429,0.00820
1561,0.00948,0.01668,0.00747,0.01088,0.00849,0.02208,0.00259,0.00508,0.00535,0.00616,0.00828,0.00989,0.01248,0.00503,0.00799,0.00836,0.00820,0.00657,0.00452,0.00593,0.02882,0.06941,0.00344,0.01041,0.00934,,0.01039,0.00582,0.01264,0.00645,0.00933,0.00575,0.00183,0.01467,0.00581,0.00895,0.01049,0.00895,0.00596,0.00776,0.00619,0.00696,0.00415,0.00684,0.00628,0.00432,0.00823
1562,0.00948,0.01669,0.00751,0.01089,0.00853,0.02208,0.00260,0.00508,0.00537,0.00618,0.00830,0.00995,0.01256,0.00507,0.00801,0.00843,0.00824,0.00661,0.00452,0.00597,0.02914,0.07019,0.00346,0.01044,0.00939,,0.01045,0.00584,0.01270,0.00647,0.00938,0.00577,0.00184,0.01472,0.00584,0.00899,0.01054,0.00897,0.00601,0.00781,0.00624,0.00700,0.00416,0.00686,0.00629,0.00433,0.00826
1563,0.00948,0.01673,0.00755,0.01092,0.00861,0.02211,0.00265,0.00516,0.00538,0.00615,0.00833,0.01004,0.01263,0.00511,0.00805,0.00850,0.00829,0.00664,0.00454,0.00602,0.02948,0.07098,0.00347,0.01048,0.00945,,0.01052,0.00585,0.01278,0.00647,0.00943,0.00582,0.00186,0.01476,0.00587,0.00904,0.01059,0.00899,0.00605,0.00786,0.00628,0.00706,0.00417,0.00688,0.00630,0.00434,0.00831
1564,0.00946,0.01674,0.00757,0.01092,0.00865,0.02211,0.00264,0.00518,0.00540,0.00617,0.00835,0.01010,0.01271,0.00515,0.00809,0.00858,0.00832,0.00668,0.00454,0.00606,0.02982,0.07179,0.00348,0.01051,0.00950,,0.01058,0.00587,0.01285,0.00649,0.00949,0.00584,0.00187,0.01482,0.00589,0.00908,0.01064,0.00902,0.00609,0.00792,0.00632,0.00711,0.00418,0.00689,0.00631,0.00435,0.00834
1565,0.00940,0.01671,0.00756,0.01091,0.00864,0.02208,0.00255,0.00513,0.00539,0.00620,0.00832,0.01015,0.01278,0.00518,0.00810,0.00865,0.00836,0.00669,0.00454,0.00609,0.03016,0.07259,0.00348,0.01052,0.00954,,0.01065,0.00590,0.01292,0.00649,0.00956,0.00586,0.00187,0.01488,0.00592,0.00910,0.01071,0.00904,0.00614,0.00799,0.00638,0.00714,0.00417,0.00688,0.00634,0.00435,0.00837
1566,0.00939,0.01670,0.00760,0.01092,0.00866,0.02211,0.00253,0.00513,0.00540,0.00623,0.00832,0.01023,0.01286,0.00521,0.00812,0.00873,0.00839,0.00673,0.00455,0.00613,0.03050,0.07343,0.00350,0.01055,0.00958,,0.01071,0.00593,0.01299,0.00651,0.00963,0.00588,0.00188,0.01495,0.00595,0.00914,0.01078,0.00907,0.00618,0.00805,0.00644,0.00718,0.00418,0.00689,0.00637,0.00435,0.00839
1567,0.00934,0.01665,0.00764,0.01092,0.00865,0.02217,0.00251,0.00513,0.00539,0.00629,0.00830,0.01030,0.01294,0.00522,0.00813,0.00883,0.00842,0.00677,0.00454,0.00615,0.03085,0.07429,0.00351,0.01059,0.00962,,0.01075,0.00595,0.01305,0.00655,0.00970,0.00588,0.00188,0.01503,0.00596,0.00919,0.01085,0.00910,0.00621,0.00810,0.00649,0.00719,0.00419,0.00689,0.00639,0.00436,0.00839
1568,0.00938,0.01665,0.00768,0.01094,0.00869,0.02220,0.00251,0.00514,0.00541,0.00631,0.00832,0.01037,0.01303,0.00526,0.00815,0.00893,0.00845,0.00681,0.00453,0.00619,0.03121,0.07515,0.00353,0.01062,0.00965,,0.01081,0.00597,0.01313,0.00657,0.00977,0.00589,0.00189,0.01510,0.00598,0.00924,0.01092,0.00913,0.00625,0.00816,0.00655,0.00722,0.00421,0.00690,0.00642,0.00437,0.00840
1569,0.00950,0.01667,0.00775,0.01099,0.00877,0.02228,0.00257,0.00518,0.00547,0.00629,0.00836,0.01049,0.01314,0.00530,0.00819,0.00906,0.00849,0.00686,0.00454,0.00623,0.03157,0.07605,0.00354,0.01064,0.00969,,0.01088,0.00598,0.01322,0.00658,0.00985,0.00591,0.00192,0.01517,0.00603,0.00932,0.01096,0.00916,0.00628,0.00823,0.00661,0.00727,0.00422,0.00693,0.00646,0.00440,0.00839
1570,0.00954,0.01669,0.00780,0.01100,0.00882,0.02233,0.00259,0.00519,0.00550,0.00629,0.00838,0.01056,0.01323,0.00534,0.00821,0.00916,0.00852,0.00690,0.00455,0.00628,0.03194,0.07693,0.00355,0.01067,0.00973,,0.01094,0.00599,0.01330,0.00660,0.00993,0.00592,0.00194,0.01524,0.00607,0.00938,0.01103,0.00919,0.00632,0.00828,0.00665,0.00731,0.00424,0.00694,0.00649,0.00441,0.00840
1571,0.00966,0.01676,0.00784,0.01101,0.00890,0.02238,0.00258,0.00520,0.00555,0.00629,0.00844,0.01061,0.01333,0.00539,0.00825,0.00926,0.00855,0.00694,0.00455,0.00633,0.03231,0.07782,0.00357,0.01069,0.00978,,0.01102,0.00602,0.01337,0.00664,0.00999,0.00594,0.00196,0.01530,0.00611,0.00943,0.01110,0.00923,0.00636,0.00834,0.00670,0.00736,0.00429,0.00695,0.00653,0.00443,0.00841
1572,0.00966,0.01678,0.00789,0.01102,0.00896,0.02237,0.00259,0.00520,0.00557,0.00630,0.00845,0.01067,0.01343,0.00543,0.00828,0.00935,0.00858,0.00698,0.00455,0.00637,0.03269,0.07872,0.00359,0.01073,0.00982,,0.01108,0.00604,0.01346,0.00666,0.01006,0.00597,0.00198,0.01536,0.00614,0.00948,0.01116,0.00927,0.00641,0.00840,0.00674,0.00741,0.00431,0.00695,0.00656,0.00444,0.00843
1573,0.00951,0.01678,0.00796,0.01100,0.00899,0.02233,0.00258,0.00516,0.00555,0.00633,0.00841,0.01072,0.01352,0.00546,0.00830,0.00944,0.00861,0.00702,0.00455,0.00641,0.03305,0.07961,0.00361,0.01077,0.00986,,0.01112,0.00605,0.01353,0.00668,0.01012,0.00599,0.00200,0.01544,0.00617,0.00954,0.01124,0.00931,0.00645,0.00845,0.00676,0.00745,0.00431,0.00695,0.00657,0.00443,0.00848
1574,0.00948,0.01678,0.00805,0.01102,0.00903,0.02231,0.00259,0.00516,0.00556,0.00635,0.00836,0.01075,0.01360,0.00548,0.00833,0.00952,0.00866,0.00707,0.00458,0.00646,0.03343,0.08052,0.00363,0.01082,0.00991,,0.01118,0.00609,0.01363,0.00670,0.01019,0.00602,0.00202,0.01551,0.00619,0.00959,0.01129,0.00934,0.00652,0.00851,0.00683,0.00748,0.00433,0.00697,0.00660,0.00443,0.00850
1575,0.00942,0.01673,0.00811,0.01104,0.00905,0.02225,0.00261,0.00519,0.00555,0.00637,0.00832,0.01081,0.01369,0.00550,0.00838,0.00961,0.00871,0.00711,0.00461,0.00650,0.03382,0.08146,0.00365,0.01086,0.00997,,0.01124,0.00612,0.01373,0.00671,0.01025,0.00605,0.00203,0.01558,0.00622,0.00963,0.01133,0.00936,0.00658,0.00859,0.00690,0.00753,0.00434,0.00699,0.00663,0.00445,0.00852
1576,0.00932,0.01668,0.00814,0.01102,0.00906,0.02225,0.00260,0.00517,0.00554,0.00637,0.00829,0.01087,0.01378,0.00553,0.00842,0.00971,0.00875,0.00714,0.00463,0.00655,0.03419,0.08237,0.00366,0.01089,0.01002,,0.01129,0.00613,0.01380,0.00671,0.01031,0.00608,0.00203,0.01566,0.00625,0.00968,0.01139,0.00939,0.00661,0.00864,0.00694,0.00756,0.00432,0.00700,0.00665,0.00446,0.00854
1577,0.00945,0.01667,0.00817,0.01104,0.00911,0.02234,0.00260,0.00518,0.00559,0.00640,0.00830,0.01094,0.01387,0.00556,0.00846,0.00981,0.00878,0.00718,0.00466,0.00662,0.03458,0.08332,0.00368,0.01092,0.01007,,0.01136,0.00616,0.01389,0.00674,0.01038,0.00612,0.00204,0.01573,0.00629,0.00974,0.01144,0.00942,0.00666,0.00871,0.00701,0.00760,0.00434,0.00704,0.00668,0.00447,0.00855
1578,0.00953,0.01666,0.00819,0.01104,0.00912,0.02240,0.00260,0.00521,0.00560,0.00643,0.00835,0.01102,0.01396,0.00559,0.00849,0.00990,0.00881,0.00721,0.00466,0.00667,0.03496,0.08426,0.00369,0.01094,0.01014,,0.01142,0.00618,0.01398,0.00676,0.01045,0.00615,0.00204,0.01580,0.00633,0.00980,0.01150,0.00945,0.00669,0.00877,0.00705,0.00764,0.00435,0.00706,0.00669,0.00448,0.00858
1579,0.00960,0.01670,0.00821,0.01102,0.00915,0.02246,0.00260,0.00519,0.00565,0.00646,0.00842,0.01112,0.01407,0.00562,0.00851,0.00999,0.00884,0.00725,0.00466,0.00673,0.03534,0.08518,0.00370,0.01098,0.01018,,0.01150,0.00619,0.01406,0.00677,0.01053,0.00618,0.00206,0.01587,0.00636,0.00986,0.01158,0.00949,0.00673,0.00882,0.00709,0.00769,0.00436,0.00706,0.00669,0.00449,0.00863
1580,0.00971,0.01676,0.00826,0.01104,0.00923,0.02249,0.00263,0.00521,0.00573,0.00651,0.00848,0.01119,0.01417,0.00564,0.00855,0.01010,0.00889,0.00730,0.00466,0.00679,0.03573,0.08612,0.00373,0.01102,0.01023,,0.01159,0.00622,0.01417,0.00679,0.01061,0.00620,0.00209,0.01595,0.00640,0.00992,0.01166,0.00951,0.00679,0.00890,0.00715,0.00774,0.00437,0.00708,0.00672,0.00449,0.00866
1581,0.00961,0.01674,0.00831,0.01103,0.00928,0.02246,0.00266,0.00523,0.00577,0.00652,0.00852,0.01125,0.01426,0.00566,0.00857,0.01020,0.00893,0.00734,0.00467,0.00683,0.03610,0.08703,0.00375,0.01105,0.01027,,0.01167,0.00623,0.01425,0.00679,0.01068,0.00621,0.00211,0.01601,0.00644,0.00996,0.01173,0.00952,0.00683,0.00896,0.00722,0.00779,0.00437,0.00707,0.00673,0.00451,0.00869
1582,0.00960,0.01675,0.00835,0.01102,0.00932,0.02246,0.00267,0.00523,0.00578,0.00655,0.00853,0.01132,0.01437,0.00570,0.00860,0.01031,0.00897,0.00737,0.00468,0.00686,0.03647,0.08793,0.00379,0.01110,0.01031,,0.01176,0.00625,0.01433,0.00681,0.01075,0.00622,0.00212,0.01609,0.00648,0.01002,0.01181,0.00955,0.00689,0.00902,0.00729,0.00784,0.00438,0.00708,0.00676,0.00452,0.00872
1583,0.00963,0.01676,0.00840,0.01104,0.00938,0.02241,0.00268,0.00524,0.00578,0.00656,0.00851,0.01137,0.01445,0.00575,0.00865,0.01041,0.00900,0.00740,0.00469,0.00689,0.03684,0.08883,0.00382,0.01113,0.01034,,0.01181,0.00628,0.01441,0.00685,0.01081,0.00624,0.00214,0.01617,0.00651,0.01008,0.01188,0.00957,0.00693,0.00908,0.00735,0.00788,0.00439,0.00709,0.00679,0.00453,0.00875
1584,0.00963,0.01675,0.00845,0.01106,0.00941,0.02239,0.00267,0.00526,0.00577,0.00654,0.00852,0.01145,0.01455,0.00578,0.00868,0.01050,0.00902,0.00743,0.00471,0.00693,0.03721,0.08971,0.00383,0.01116,0.01037,,0.01185,0.00628,0.01447,0.00688,0.01086,0.00628,0.00215,0.01625,0.00652,0.01013,0.01192,0.00958,0.00695,0.00913,0.00740,0.00792,0.00442,0.00710,0.00681,0.00453,0.00876
1585,0.00981,0.01678,0.00853,0.01107,0.00944,0.02244,0.00264,0.00528,0.00578,0.00658,0.00854,0.01152,0.01465,0.00583,0.00872,0.01060,0.00904,0.00748,0.00474,0.00700,0.03758,0.09061,0.00386,0.01119,0.01042,,0.01191,0.00631,0.01454,0.00691,0.01093,0.00632,0.00216,0.01633,0.00654,0.01020,0.01198,0.00963,0.00700,0.00918,0.00742,0.00798,0.00445,0.00712,0.00687,0.00455,0.00879
1586,0.00989,0.01679,0.00859,0.01107,0.00946,0.02242,0.00265,0.00530,0.00580,0.00659,0.00853,0.01156,0.01474,0.00588,0.00873,0.01070,0.00910,0.00754,0.00477,0.00705,0.03794,0.09148,0.00387,0.01122,0.01047,,0.01196,0.00634,0.01462,0.00692,0.01100,0.00636,0.00219,0.01641,0.00656,0.01024,0.01203,0.00966,0.00704,0.00923,0.00745,0.00801,0.00446,0.00713,0.00690,0.00456,0.00879
1587,0.00989,0.01677,0.00866,0.01107,0.00946,0.02246,0.00268,0.00532,0.00582,0.00661,0.00856,0.01161,0.01486,0.00591,0.00874,0.01081,0.00914,0.00760,0.00479,0.00710,0.03830,0.09237,0.00387,0.01125,0.01053,,0.01203,0.00634,0.01471,0.00692,0.01107,0.00638,0.00223,0.01648,0.00658,0.01028,0.01209,0.00969,0.00708,0.00929,0.00749,0.00804,0.00447,0.00714,0.00693,0.00456,0.00879
1588,0.00985,0.01674,0.00871,0.01108,0.00949,0.02251,0.00271,0.00530,0.00584,0.00669,0.00860,0.01165,0.01496,0.00595,0.00876,0.01092,0.00919,0.00765,0.00482,0.00717,0.03865,0.09322,0.00389,0.01128,0.01059,,0.01212,0.00636,0.01482,0.00693,0.01115,0.00639,0.00225,0.01655,0.00662,0.01034,0.01218,0.00974,0.00713,0.00934,0.00754,0.00809,0.00447,0.00715,0.00695,0.00457,0.00882
1589,0.00976,0.01670,0.00868,0.01105,0.00950,0.02253,0.00273,0.00526,0.00587,0.00672,0.00861,0.01167,0.01506,0.00598,0.00878,0.01103,0.00923,0.00767,0.00482,0.00720,0.03898,0.09404,0.00390,0.01131,0.01063,,0.01219,0.00637,0.01490,0.00694,0.01121,0.00641,0.00225,0.01661,0.00664,0.01037,0.01224,0.00978,0.00717,0.00940,0.00761,0.00811,0.00449,0.00715,0.00696,0.00457,0.00886
1590,0.00972,0.01669,0.00869,0.01107,0.00954,0.02258,0.00277,0.00528,0.00590,0.00674,0.00863,0.01173,0.01518,0.00599,0.00882,0.01111,0.00927,0.00768,0.00485,0.00724,0.03933,0.09487,0.00392,0.01134,0.01067,,0.01225,0.00639,0.01498,0.00697,0.01128,0.00643,0.00226,0.01669,0.00668,0.01043,0.01230,0.00981,0.00721,0.00947,0.00768,0.00815,0.00451,0.00715,0.00697,0.00459,0.00889
1591,0.00964,0.01667,0.00872,0.01109,0.00959,0.02255,0.00276,0.00526,0.00593,0.00679,0.00862,0.01179,0.01526,0.00602,0.00885,0.01119,0.00930,0.00771,0.00488,0.00729,0.03967,0.09569,0.00394,0.01137,0.01071,,0.01230,0.00641,0.01507,0.00700,0.01135,0.00648,0.00226,0.01676,0.00672,0.01047,0.01236,0.00986,0.00726,0.00952,0.00771,0.00819,0.00453,0.00717,0.00698,0.00461,0.00893
1592,0.00964,0.01666,0.00875,0.01107,0.00960,0.02254,0.00273,0.00522,0.00596,0.00679,0.00861,0.01186,0.01534,0.00605,0.00887,0.01127,0.00932,0.00774,0.00488,0.00732,0.04001,0.09652,0.00396,0.01140,0.01074,,0.01234,0.00643,0.01512,0.00703,0.01141,0.00652,0.00226,0.01683,0.00675,0.01051,0.01239,0.00988,0.00730,0.00957,0.00776,0.00822,0.00455,0.00718,0.00702,0.00463,0.00894
1593,0.00971,0.01670,0.00886,0.01108,0.00966,0.02257,0.00275,0.00523,0.00598,0.00679,0.00863,0.01198,0.01545,0.00608,0.00890,0.01135,0.00935,0.00778,0.00490,0.00736,0.04035,0.09736,0.00398,0.01144,0.01080,,0.01239,0.00646,0.01520,0.00706,0.01147,0.00654,0.00228,0.01691,0.00679,0.01059,0.01245,0.00990,0.00734,0.00963,0.00781,0.00824,0.00456,0.00721,0.00704,0.00462,0.00895
1594,0.00967,0.01670,0.00894,0.01109,0.00970,0.02256,0.00274,0.00523,0.00599,0.00680,0.00862,0.01206,0.01554,0.00611,0.00892,0.01143,0.00939,0.00782,0.00490,0.00739,0.04067,0.09817,0.00398,0.01147,0.01086,,0.01244,0.00648,0.01527,0.00708,0.01153,0.00656,0.00231,0.01698,0.00682,0.01066,0.01250,0.00992,0.00738,0.00967,0.00785,0.00828,0.00458,0.00724,0.00703,0.00460,0.00899
1595,0.00968,0.01669,0.00898,0.01108,0.00970,0.02264,0.00270,0.00527,0.00600,0.00679,0.00864,0.01211,0.01563,0.00614,0.00895,0.01153,0.00942,0.00784,0.00491,0.00744,0.04099,0.09893,0.00399,0.01151,0.01089,,0.01250,0.00650,0.01532,0.00709,0.01159,0.00657,0.00234,0.01705,0.00684,0.01072,0.01253,0.00993,0.00742,0.00972,0.00792,0.00833,0.00459,0.00726,0.00706,0.00460,0.00901
1596,0.00970,0.01670,0.00903,0.01111,0.00977,0.02271,0.00271,0.00533,0.00599,0.00683,0.00867,0.01218,0.01573,0.00618,0.00899,0.01163,0.00947,0.00788,0.00493,0.00749,0.04130,0.09970,0.00400,0.01154,0.01093,,0.01255,0.00653,0.01538,0.00709,0.01165,0.00659,0.00236,0.01713,0.00686,0.01079,0.01259,0.00997,0.00745,0.00979,0.00797,0.00839,0.00460,0.00726,0.00707,0.00460,0.00904
1597,0.00965,0.01666,0.00904,0.01114,0.00977,0.02268,0.00272,0.00535,0.00596,0.00684,0.00868,0.01222,0.01580,0.00620,0.00901,0.01172,0.00949,0.00790,0.00496,0.00755,0.04161,0.10046,0.00401,0.01156,0.01096,,0.01260,0.00654,0.01545,0.00710,0.01172,0.00661,0.00237,0.01719,0.00688,0.01082,0.01265,0.01000,0.00748,0.00985,0.00800,0.00844,0.00461,0.00726,0.00707,0.00461,0.00905
1598,0.00971,0.01665,0.00906,0.01117,0.00978,0.02273,0.00272,0.00535,0.00597,0.00687,0.00871,0.01226,0.01588,0.00622,0.00904,0.01181,0.00950,0.00793,0.00499,0.00761,0.04191,0.10120,0.00403,0.01159,0.01100,,0.01265,0.00655,0.01552,0.00712,0.01178,0.00663,0.00238,0.01725,0.00690,0.01088,0.01271,0.01002,0.00750,0.00989,0.00805,0.00849,0.00461,0.00727,0.00711,0.00463,0.00904
1599,0.00984,0.01664,0.00912,0.01118,0.00984,0.02279,0.00272,0.00532,0.00597,0.00690,0.00874,0.01236,0.01597,0.00626,0.00908,0.01189,0.00953,0.00797,0.00500,0.00764,0.04223,0.10195,0.00404,0.01163,0.01106,,0.01270,0.00657,0.01561,0.00713,0.01185,0.00665,0.00241,0.01731,0.00693,0.01093,0.01278,0.01005,0.00754,0.00995,0.00809,0.00852,0.00461,0.00727,0.00714,0.00464,0.00904
1600,0.00995,0.01662,0.00917,0.01118,0.00985,0.02278,0.00272,0.00530,0.00598,0.00686,0.00873,0.01242,0.01606,0.00629,0.00909,0.01197,0.00955,0.00801,0.00500,0.00768,0.04253,0.10267,0.00404,0.01166,0.01109,,0.01276,0.00659,0.01570,0.00714,0.01192,0.00666,0.00242,0.01737,0.00696,0.01097,0.01284,0.01009,0.00757,0.01000,0.00814,0.00853,0.00460,0.00728,0.00716,0.00465,0.00902
1601,0.01001,0.01662,0.00923,0.01119,0.00989,0.02282,0.00271,0.00532,0.00604,0.00686,0.00874,0.01248,0.01617,0.00634,0.00914,0.01206,0.00958,0.00805,0.00501,0.00772,0.04283,0.10338,0.00406,0.01169,0.01114,,0.01284,0.00662,0.01577,0.00716,0.01199,0.00667,0.00245,0.01745,0.00700,0.01103,0.01288,0.01012,0.00762,0.01004,0.00821,0.00856,0.00461,0.00726,0.00719,0.00468,0.00903
1602,0.00991,0.01664,0.00929,0.01119,0.00993,0.02282,0.00271,0.00531,0.00606,0.00688,0.00875,0.01253,0.01626,0.00638,0.00915,0.01216,0.00963,0.00810,0.00502,0.00776,0.04312,0.10410,0.00407,0.01172,0.01118,,0.01291,0.00664,0.01585,0.00718,0.01204,0.00669,0.00247,0.01752,0.00704,0.01108,0.01294,0.01015,0.00767,0.01008,0.00824,0.00860,0.00463,0.00725,0.00722,0.00470,0.00905
1603,0.00981,0.01668,0.00931,0.01121,0.00996,0.02277,0.00271,0.00532,0.00610,0.00688,0.00877,0.01258,0.01635,0.00641,0.00914,0.01226,0.00967,0.00813,0.00504,0.00781,0.04341,0.10481,0.00409,0.01174,0.01120,,0.01298,0.00666,0.01592,0.00720,0.01209,0.00670,0.00247,0.01758,0.00705,0.01113,0.01299,0.01018,0.00771,0.01013,0.00828,0.00863,0.00466,0.00725,0.00724,0.00470,0.00908
1604,0.00972,0.01672,0.00935,0.01122,0.01000,0.02279,0.00273,0.00533,0.00614,0.00694,0.00879,0.01263,0.01645,0.00644,0.00916,0.01235,0.00972,0.00815,0.00506,0.00785,0.04370,0.10553,0.00414,0.01177,0.01124,,0.01304,0.00668,0.01598,0.00724,0.01215,0.00671,0.00247,0.01765,0.00707,0.01119,0.01304,0.01021,0.00775,0.01019,0.00833,0.00867,0.00469,0.00727,0.00725,0.00471,0.00913
1605,0.00969,0.01672,0.00937,0.01121,0.01002,0.02282,0.00271,0.00530,0.00617,0.00699,0.00876,0.01266,0.01652,0.00646,0.00916,0.01244,0.00976,0.00817,0.00507,0.00787,0.04397,0.10622,0.00415,0.01181,0.01128,,0.01306,0.00669,0.01606,0.00726,0.01221,0.00673,0.00249,0.01772,0.00710,0.01121,0.01309,0.01024,0.00779,0.01024,0.00833,0.00870,0.00470,0.00731,0.00726,0.00468,0.00915
1606,0.00981,0.01673,0.00936,0.01121,0.01004,0.02285,0.00269,0.00528,0.00617,0.00702,0.00878,0.01268,0.01659,0.00649,0.00918,0.01253,0.00978,0.00820,0.00508,0.00791,0.04425,0.10690,0.00416,0.01185,0.01131,,0.01310,0.00671,0.01614,0.00728,0.01227,0.00675,0.00251,0.01778,0.00712,0.01125,0.01315,0.01028,0.00782,0.01031,0.00837,0.00874,0.00473,0.00733,0.00727,0.00467,0.00918
1607,0.00989,0.01672,0.00937,0.01119,0.01007,0.02288,0.00272,0.00530,0.00616,0.00702,0.00875,0.01272,0.01667,0.00651,0.00924,0.01261,0.00979,0.00823,0.00508,0.00794,0.04451,0.10756,0.00417,0.01187,0.01136,,0.01317,0.00673,0.01621,0.00729,0.01232,0.00677,0.00253,0.01783,0.00715,0.01128,0.01320,0.01030,0.00786,0.01036,0.00842,0.00878,0.00473,0.00735,0.00728,0.00470,0.00919
1608,0.00989,0.01670,0.00939,0.01122,0.01011,0.02286,0.00275,0.00531,0.00617,0.00703,0.00874,0.01276,0.01674,0.00653,0.00927,0.01268,0.00980,0.00826,0.00510,0.00798,0.04477,0.10821,0.00416,0.01189,0.01139,,0.01323,0.00674,0.01628,0.00730,0.01236,0.00680,0.00255,0.01788,0.00717,0.01128,0.01324,0.01032,0.00788,0.01039,0.00847,0.00881,0.00474,0.00735,0.00730,0.00471,0.00919
1609,0.00995,0.01672,0.00947,0.01125,0.01017,0.02286,0.00280,0.00532,0.00619,0.00704,0.00883,0.01284,0.01682,0.00656,0.00931,0.01275,0.00984,0.00830,0.00512,0.00804,0.04503,0.10887,0.00416,0.01190,0.01141,,0.01330,0.00674,0.01636,0.00729,0.01243,0.00683,0.00259,0.01794,0.00720,0.01132,0.01330,0.01035,0.00794,0.01044,0.00855,0.00885,0.00476,0.00736,0.00732,0.00473,0.00922
1610,0.00990,0.01671,0.00954,0.01125,0.01022,0.02285,0.00284,0.00533,0.00619,0.00702,0.00885,0.01291,0.01690,0.00659,0.00933,0.01282,0.00986,0.00832,0.00514,0.00808,0.04529,0.10949,0.00416,0.01191,0.01144,,0.01336,0.00675,0.01640,0.00730,0.01248,0.00684,0.00260,0.01801,0.00722,0.01138,0.01335,0.01038,0.00797,0.01048,0.00860,0.00888,0.00477,0.00736,0.00733,0.00476,0.00924
1611,0.00987,0.01673,0.00958,0.01128,0.01024,0.02292,0.00282,0.00534,0.00618,0.00704,0.00887,0.01295,0.01699,0.00663,0.00934,0.01290,0.00989,0.00834,0.00517,0.00812,0.04554,0.11011,0.00417,0.01194,0.01148,,0.01340,0.00676,0.01644,0.00733,0.01252,0.00685,0.00262,0.01808,0.00725,0.01143,0.01340,0.01043,0.00799,0.01053,0.00864,0.00892,0.00477,0.00737,0.00734,0.00477,0.00925
1612,0.00990,0.01678,0.00964,0.01130,0.01023,0.02303,0.00283,0.00535,0.00619,0.00705,0.00890,0.01300,0.01708,0.00667,0.00936,0.01299,0.00993,0.00836,0.00520,0.00815,0.04580,0.11073,0.00419,0.01196,0.01153,,0.01344,0.00679,0.01651,0.00736,0.01257,0.00688,0.00265,0.01817,0.00727,0.01149,0.01346,0.01047,0.00803,0.01057,0.00868,0.00895,0.00479,0.00738,0.00736,0.00477,0.00929
1613,0.00977,0.01676,0.00963,0.01128,0.01023,0.02303,0.00283,0.00536,0.00621,0.00703,0.00886,0.01303,0.01717,0.00668,0.00937,0.01308,0.00995,0.00837,0.00520,0.00817,0.04604,0.11131,0.00420,0.01199,0.01157,,0.01351,0.00681,0.01658,0.00739,0.01260,0.00689,0.00266,0.01824,0.00729,0.01156,0.01350,0.01048,0.00805,0.01061,0.00871,0.00897,0.00480,0.00738,0.00737,0.00478,0.00930
1614,0.00972,0.01676,0.00964,0.01128,0.01027,0.02300,0.00282,0.00540,0.00623,0.00704,0.00885,0.01307,0.01726,0.00670,0.00938,0.01316,0.00998,0.00840,0.00523,0.00821,0.04628,0.11190,0.00423,0.01203,0.01161,,0.01357,0.00684,0.01666,0.00741,0.01265,0.00691,0.00268,0.01829,0.00731,0.01160,0.01353,0.01050,0.00806,0.01064,0.00876,0.00900,0.00482,0.00738,0.00739,0.00481,0.00932
1615,0.00974,0.01672,0.00969,0.01128,0.01031,0.02296,0.00283,0.00542,0.00626,0.00705,0.00884,0.01312,0.01733,0.00672,0.00940,0.01322,0.01000,0.00842,0.00524,0.00825,0.04651,0.11248,0.00425,0.01204,0.01164,,0.01360,0.00684,0.01675,0.00740,0.01269,0.00694,0.00272,0.01834,0.00734,0.01164,0.01357,0.01052,0.00810,0.01068,0.00879,0.00904,0.00482,0.00739,0.00741,0.00481,0.00932
1616,0.00971,0.01665,0.00970,0.01127,0.01036,0.02289,0.00282,0.00543,0.00628,0.00706,0.00884,0.01317,0.01740,0.00673,0.00942,0.01329,0.01001,0.00845,0.00523,0.00829,0.04672,0.11306,0.00426,0.01206,0.01165,,0.01365,0.00685,0.01681,0.00739,0.01273,0.00695,0.00273,0.01838,0.00737,0.01168,0.01361,0.01053,0.00812,0.01073,0.00880,0.00906,0.00483,0.00738,0.00741,0.00481,0.00929
1617,0.00974,0.01667,0.00973,0.01129,0.01043,0.02292,0.00282,0.00545,0.00629,0.00710,0.00887,0.01323,0.01747,0.00677,0.00946,0.01338,0.01002,0.00848,0.00525,0.00834,0.04695,0.11365,0.00428,0.01208,0.01169,,0.01370,0.00686,0.01688,0.00740,0.01281,0.00698,0.00273,0.01843,0.00741,0.01173,0.01368,0.01057,0.00817,0.01078,0.00886,0.00910,0.00484,0.00739,0.00745,0.00482,0.00930
1618,0.00979,0.01668,0.00977,0.01131,0.01045,0.02293,0.00280,0.00545,0.00631,0.00713,0.00887,0.01326,0.01753,0.00679,0.00947,0.01345,0.01004,0.00850,0.00526,0.00837,0.04718,0.11421,0.00429,0.01211,0.01173,,0.01375,0.00688,0.01694,0.00741,0.01287,0.00700,0.00274,0.01849,0.00742,0.01176,0.01375,0.01059,0.00823,0.01083,0.00889,0.00913,0.00486,0.00741,0.00746,0.00481,0.00931
1619,0.00980,0.01668,0.00979,0.01132,0.01044,0.02296,0.00284,0.00544,0.00635,0.00714,0.00893,0.01330,0.01759,0.00682,0.00949,0.01353,0.01008,0.00853,0.00527,0.00838,0.04741,0.11474,0.00429,0.01215,0.01176,,0.01383,0.00690,0.01701,0.00743,0.01293,0.00702,0.00275,0.01854,0.00744,0.01179,0.01380,0.01061,0.00827,0.01087,0.00894,0.00915,0.00488,0.00742,0.00750,0.00481,0.00933
1620,0.00984,0.01672,0.00984,0.01133,0.01047,0.02300,0.00289,0.00544,0.00637,0.00716,0.00895,0.01335,0.01767,0.00686,0.00952,0.01360,0.01012,0.00857,0.00530,0.00841,0.04764,0.11528,0.00430,0.01218,0.01180,,0.01389,0.00692,0.01709,0.00746,0.01299,0.00704,0.00277,0.01861,0.00748,0.01184,0.01384,0.01064,0.00832,0.01090,0.00900,0.00917,0.00490,0.00743,0.00752,0.00483,0.00938
1621,0.00995,0.01668,0.00985,0.01133,0.01047,0.02294,0.00286,0.00540,0.00637,0.00719,0.00893,0.01337,0.01775,0.00688,0.00952,0.01366,0.01015,0.00858,0.00533,0.00845,0.04787,0.11577,0.00429,0.01220,0.01184,,0.01392,0.00693,0.01714,0.00747,0.01301,0.00704,0.00281,0.01865,0.00749,0.01185,0.01386,0.01067,0.00835,0.01093,0.00901,0.00920,0.00491,0.00742,0.00752,0.00485,0.00940
1622,0.00993,0.01666,0.00988,0.01134,0.01049,0.02293,0.00285,0.00542,0.00637,0.00721,0.00895,0.01342,0.01782,0.00689,0.00953,0.01372,0.01017,0.00861,0.00536,0.00849,0.04809,0.11627,0.00430,0.01222,0.01187,,0.01397,0.00695,0.01720,0.00748,0.01304,0.00706,0.00283,0.01869,0.00751,0.01186,0.01388,0.01070,0.00836,0.01097,0.00905,0.00923,0.00490,0.00742,0.00753,0.00487,0.00942
1623,0.00987,0.01667,0.00993,0.01133,0.01053,0.02296,0.00285,0.00547,0.00635,0.00725,0.00891,0.01345,0.01792,0.00692,0.00954,0.01378,0.01019,0.00863,0.00538,0.00853,0.04830,0.11680,0.00433,0.01222,0.01191,,0.01400,0.00698,0.01726,0.00749,0.01308,0.00709,0.00284,0.01874,0.00753,0.01190,0.01391,0.01072,0.00839,0.01102,0.00909,0.00925,0.00491,0.00742,0.00753,0.00487,0.00944
1624,0.00985,0.01666,0.00997,0.01133,0.01055,0.02297,0.00281,0.00545,0.00636,0.00728,0.00890,0.01348,0.01800,0.00693,0.00955,0.01385,0.01022,0.00865,0.00538,0.00856,0.04851,0.11731,0.00434,0.01223,0.01192,,0.01405,0.00700,0.01731,0.00750,0.01311,0.00710,0.00284,0.01878,0.00754,0.01193,0.01395,0.01073,0.00840,0.01106,0.00912,0.00928,0.00492,0.00744,0.00753,0.00488,0.00946
1625,0.00979,0.01670,0.01002,0.01134,0.01058,0.02307,0.00286,0.00545,0.00641,0.00729,0.00896,0.01354,0.01807,0.00696,0.00958,0.01394,0.01025,0.00867,0.00538,0.00858,0.04872,0.11783,0.00436,0.01225,0.01194,,0.01412,0.00702,0.01737,0.00751,0.01316,0.00713,0.00284,0.01884,0.00755,0.01198,0.01399,0.01074,0.00842,0.01110,0.00917,0.00931,0.00494,0.00746,0.00757,0.00489,0.00948
1626,0.00979,0.01670,0.01005,0.01132,0.01059,0.02310,0.00290,0.00545,0.00643,0.00728,0.00897,0.01356,0.01814,0.00699,0.00961,0.01402,0.01026,0.00868,0.00538,0.00861,0.04893,0.11835,0.00438,0.01227,0.01196,,0.01419,0.00705,0.01744,0.00753,0.01320,0.00714,0.00286,0.01889,0.00757,0.01203,0.01402,0.01076,0.00845,0.01113,0.00921,0.00934,0.00495,0.00747,0.00758,0.00488,0.00950
1627,0.00980,0.01669,0.01006,0.01133,0.01062,0.02306,0.00290,0.00542,0.00644,0.00728,0.00900,0.01358,0.01820,0.00701,0.00961,0.01409,0.01028,0.00870,0.00540,0.00866,0.04915,0.11888,0.00438,0.01230,0.01198,,0.01424,0.00705,0.01753,0.00753,0.01326,0.00713,0.00287,0.01893,0.00760,0.01205,0.01407,0.01078,0.00847,0.01114,0.00925,0.00937,0.00495,0.00747,0.00760,0.00489,0.00951
1628,0.00978,0.01669,0.01009,0.01134,0.01067,0.02309,0.00291,0.00543,0.00648,0.00732,0.00902,0.01363,0.01827,0.00703,0.00963,0.01418,0.01030,0.00872,0.00542,0.00870,0.04938,0.11942,0.00439,0.01235,0.01202,,0.01430,0.00708,0.01761,0.00754,0.01331,0.00714,0.00290,0.01899,0.00763,0.01210,0.01411,0.01081,0.00852,0.01118,0.00930,0.00939,0.00496,0.00747,0.00764,0.00492,0.00953
1629,0.00974,0.01665,0.01011,0.01132,0.01070,0.02306,0.00288,0.00548,0.00646,0.00731,0.00899,0.01368,0.01834,0.00706,0.00965,0.01424,0.01032,0.00873,0.00544,0.00872,0.04959,0.11992,0.00439,0.01238,0.01206,,0.01434,0.00710,0.01769,0.00756,0.01336,0.00715,0.00291,0.01904,0.00767,0.01212,0.01414,0.01083,0.00855,0.01123,0.00932,0.00941,0.00495,0.00747,0.00764,0.00492,0.00952
1630,0.00973,0.01667,0.01014,0.01134,0.01071,0.02305,0.00286,0.00551,0.00644,0.00732,0.00900,0.01377,0.01841,0.00709,0.00967,0.01430,0.01036,0.00874,0.00545,0.00875,0.04982,0.12047,0.00440,0.01241,0.01209,,0.01439,0.00711,0.01777,0.00758,0.01340,0.00717,0.00293,0.01909,0.00770,0.01216,0.01419,0.01086,0.00858,0.01129,0.00934,0.00943,0.00496,0.00749,0.00766,0.00494,0.00954
1631,0.00978,0.01668,0.01020,0.01138,0.01073,0.02309,0.00286,0.00553,0.00646,0.00736,0.00902,0.01386,0.01850,0.00710,0.00971,0.01437,0.01038,0.00877,0.00544,0.00877,0.05005,0.12102,0.00441,0.01244,0.01211,,0.01444,0.00712,0.01781,0.00761,0.01344,0.00719,0.00295,0.01917,0.00772,0.01222,0.01423,0.01090,0.00860,0.01135,0.00937,0.00947,0.00497,0.00750,0.00767,0.00496,0.00956
1632,0.00982,0.01666,0.01026,0.01138,0.01075,0.02308,0.00285,0.00552,0.00646,0.00737,0.00902,0.01392,0.01857,0.00712,0.00974,0.01443,0.01041,0.00880,0.00542,0.00880,0.05026,0.12156,0.00441,0.01244,0.01213,,0.01449,0.00712,0.01786,0.00764,0.01348,0.00721,0.00296,0.01922,0.00774,0.01225,0.01425,0.01092,0.00860,0.01138,0.00940,0.00950,0.00497,0.00753,0.00767,0.00495,0.00958
1633,0.00993,0.01667,0.01032,0.01140,0.01078,0.02310,0.00289,0.00547,0.00649,0.00741,0.00910,0.01397,0.01866,0.00715,0.00975,0.01452,0.01044,0.00885,0.00544,0.00885,0.05050,0.12216,0.00442,0.01246,0.01216,,0.01453,0.00713,0.01794,0.00764,0.01352,0.00723,0.00298,0.01928,0.00777,0.01229,0.01428,0.01095,0.00864,0.01140,0.00946,0.00955,0.00500,0.00757,0.00768,0.00497,0.00961
1634,0.00998,0.01665,0.01038,0.01141,0.01082,0.02316,0.00289,0.00545,0.00650,0.00744,0.00914,0.01398,0.01874,0.00716,0.00975,0.01459,0.01045,0.00889,0.00545,0.00889,0.05073,0.12275,0.00443,0.01248,0.01218,,0.01457,0.00715,0.01801,0.00763,0.01357,0.00724,0.00301,0.01934,0.00779,0.01233,0.01431,0.01097,0.00868,0.01143,0.00953,0.00960,0.00501,0.00757,0.00771,0.00498,0.00962
1635,0.01001,0.01669,0.01043,0.01139,0.01090,0.02319,0.00289,0.00548,0.00650,0.00744,0.00917,0.01402,0.01884,0.00717,0.00980,0.01467,0.01048,0.00892,0.00547,0.00894,0.05097,0.12333,0.00445,0.01252,0.01223,,0.01462,0.00719,0.01809,0.00763,0.01363,0.00726,0.00304,0.01940,0.00782,0.01238,0.01434,0.01100,0.00873,0.01146,0.00957,0.00961,0.00504,0.00757,0.00776,0.00499,0.00961
1636,0.01002,0.01670,0.01046,0.01140,0.01093,0.02320,0.00289,0.00549,0.00652,0.00745,0.00920,0.01405,0.01893,0.00720,0.00982,0.01476,0.01050,0.00894,0.00547,0.00898,0.05122,0.12392,0.00446,0.01255,0.01227,,0.01467,0.00723,0.01817,0.00764,0.01368,0.00728,0.00306,0.01946,0.00783,0.01242,0.01438,0.01103,0.00878,0.01150,0.00961,0.00964,0.00506,0.00758,0.00780,0.00500,0.00962
1637,0.00988,0.01672,0.01048,0.01143,0.01094,0.02318,0.00290,0.00551,0.00654,0.00747,0.00916,0.01407,0.01902,0.00722,0.00985,0.01482,0.01053,0.00895,0.00544,0.00903,0.05147,0.12449,0.00447,0.01260,0.01231,,0.01472,0.00725,0.01822,0.00766,0.01371,0.00730,0.00309,0.01953,0.00784,0.01246,0.01443,0.01106,0.00879,0.01154,0.00962,0.00968,0.00506,0.00756,0.00782,0.00500,0.00965
1638,0.00992,0.01672,0.01052,0.01144,0.01097,0.02317,0.00291,0.00553,0.00657,0.00748,0.00916,0.01412,0.01912,0.00725,0.00988,0.01490,0.01056,0.00897,0.00543,0.00908,0.05173,0.12508,0.00447,0.01263,0.01235,,0.01477,0.00728,0.01829,0.00767,0.01377,0.00732,0.00310,0.01959,0.00786,0.01249,0.01449,0.01109,0.00882,0.01158,0.00964,0.00971,0.00506,0.00757,0.00784,0.00500,0.00966
1639,0.01009,0.01667,0.01055,0.01146,0.01095,0.02317,0.00291,0.00551,0.00662,0.00745,0.00917,0.01417,0.01920,0.00730,0.00987,0.01500,0.01057,0.00899,0.00542,0.00912,0.05198,0.12567,0.00446,0.01263,0.01237,,0.01482,0.00731,0.01836,0.00768,0.01382,0.00732,0.00309,0.01966,0.00786,0.01248,0.01454,0.01111,0.00885,0.01161,0.00967,0.00975,0.00508,0.00760,0.00785,0.00499,0.00967
1640,0.01015,0.01665,0.01059,0.01147,0.01097,0.02316,0.00293,0.00552,0.00664,0.00746,0.00919,0.01422,0.01928,0.00734,0.00989,0.01509,0.01059,0.00902,0.00542,0.00915,0.05224,0.12629,0.00447,0.01265,0.01241,,0.01487,0.00733,0.01844,0.00770,0.01388,0.00734,0.00310,0.01972,0.00788,0.01251,0.01460,0.01113,0.00888,0.01166,0.00971,0.00978,0.00508,0.00761,0.00786,0.00500,0.00969
1641,0.01033,0.01664,0.01067,0.01144,0.01105,0.02314,0.00299,0.00553,0.00663,0.00749,0.00927,0.01428,0.01936,0.00737,0.00994,0.01519,0.01064,0.00907,0.00545,0.00918,0.05250,0.12694,0.00451,0.01268,0.01245,,0.01492,0.00735,0.01853,0.00772,0.01397,0.00735,0.00312,0.01978,0.00791,0.01258,0.01466,0.01116,0.00892,0.01173,0.00977,0.00981,0.00509,0.00761,0.00787,0.00502,0.00972
1642,0.01035,0.01664,0.01072,0.01144,0.01108,0.02315,0.00301,0.00553,0.00663,0.00750,0.00929,0.01433,0.01945,0.00740,0.00996,0.01528,0.01068,0.00911,0.00546,0.00922,0.05277,0.12758,0.00452,0.01270,0.01249,,0.01497,0.00738,0.01862,0.00774,0.01403,0.00737,0.00314,0.01985,0.00795,0.01263,0.01471,0.01119,0.00896,0.01178,0.00982,0.00984,0.00510,0.00762,0.00788,0.00503,0.00973
1643,0.01016,0.01668,0.01076,0.01145,0.01114,0.02316,0.00303,0.00557,0.00662,0.00756,0.00929,0.01438,0.01954,0.00742,0.00996,0.01536,0.01071,0.00914,0.00547,0.00927,0.05306,0.12823,0.00455,0.01274,0.01253,,0.01503,0.00742,0.01871,0.00777,0.01409,0.00741,0.00319,0.01992,0.00799,0.01272,0.01474,0.01123,0.00900,0.01184,0.00989,0.00989,0.00512,0.00761,0.00788,0.00506,0.00977
1644,0.01008,0.01670,0.01081,0.01146,0.01116,0.02318,0.00304,0.00557,0.00663,0.00758,0.00930,0.01442,0.01964,0.00745,0.00999,0.01545,0.01074,0.00917,0.00548,0.00931,0.05334,0.12888,0.00456,0.01278,0.01258,,0.01509,0.00744,0.01879,0.00780,0.01415,0.00744,0.00322,0.02000,0.00803,0.01277,0.01478,0.01126,0.00903,0.01190,0.00996,0.00993,0.00513,0.00761,0.00789,0.00508,0.00980
1645,0.01002,0.01671,0.01086,0.01148,0.01115,0.02323,0.00300,0.00554,0.00664,0.00756,0.00928,0.01447,0.01975,0.00746,0.01002,0.01555,0.01076,0.00918,0.00548,0.00938,0.05361,0.12951,0.00453,0.01282,0.01263,,0.01516,0.00746,0.01886,0.00781,0.01420,0.00747,0.00324,0.02009,0.00807,0.01279,0.01483,0.01132,0.00904,0.01193,0.01002,0.00997,0.00515,0.00765,0.00793,0.00507,0.00980
1646,0.00997,0.01673,0.01090,0.01150,0.01117,0.02328,0.00298,0.00554,0.00668,0.00757,0.00929,0.01452,0.01985,0.00749,0.01005,0.01564,0.01078,0.00920,0.00548,0.00944,0.05389,0.13019,0.00454,0.01285,0.01268,,0.01522,0.00748,0.01895,0.00784,0.01426,0.00749,0.00327,0.02018,0.00811,0.01283,0.01488,0.01135,0.00908,0.01198,0.01007,0.01000,0.00517,0.00767,0.00795,0.00508,0.00981
1647,0.00990,0.01675,0.01095,0.01152,0.01117,0.02330,0.00296,0.00551,0.00675,0.00759,0.00936,0.01454,0.01997,0.00751,0.01007,0.01572,0.01080,0.00921,0.00548,0.00948,0.05417,0.13090,0.00457,0.01287,0.01270,,0.01526,0.00749,0.01906,0.00786,0.01432,0.00748,0.00328,0.02026,0.00813,0.01290,0.01497,0.01135,0.00912,0.01205,0.01012,0.01003,0.00516,0.00767,0.00796,0.00510,0.00981
1648,0.00992,0.01675,0.01100,0.01154,0.01120,0.02332,0.00297,0.00552,0.00678,0.00761,0.00940,0.01459,0.02007,0.00754,0.01010,0.01582,0.01083,0.00923,0.00549,0.00954,0.05445,0.13161,0.00459,0.01290,0.01275,,0.01533,0.00751,0.01916,0.00788,0.01438,0.00749,0.00330,0.02034,0.00817,0.01294,0.01503,0.01137,0.00916,0.01210,0.01017,0.01006,0.00516,0.00768,0.00798,0.00511,0.00982
1649,0.01001,0.01675,0.01103,0.01159,0.01129,0.02334,0.00298,0.00555,0.00680,0.00765,0.00946,0.01466,0.02018,0.00758,0.01011,0.01593,0.01090,0.00926,0.00548,0.00961,0.05475,0.13235,0.00463,0.01293,0.01280,,0.01541,0.00754,0.01928,0.00790,0.01444,0.00747,0.00333,0.02042,0.00820,0.01300,0.01508,0.01138,0.00924,0.01215,0.01022,0.01009,0.00517,0.00767,0.00799,0.00510,0.00986
1650,0.01005,0.01674,0.01107,0.01161,0.01133,0.02336,0.00300,0.00558,0.00683,0.00767,0.00948,0.01472,0.02028,0.00761,0.01013,0.01602,0.01093,0.00930,0.00548,0.00966,0.05503,0.13306,0.00465,0.01296,0.01284,,0.01547,0.00756,0.01938,0.00793,0.01450,0.00748,0.00336,0.02051,0.00824,0.01306,0.01514,0.01141,0.00928,0.01221,0.01027,0.01013,0.00518,0.00768,0.00801,0.00510,0.00988
1651,0.01023,0.01670,0.01110,0.01161,0.01135,0.02340,0.00306,0.00561,0.00683,0.00769,0.00946,0.01480,0.02037,0.00767,0.01017,0.01614,0.01098,0.00936,0.00549,0.00972,0.05532,0.13373,0.00463,0.01301,0.01287,,0.01552,0.00757,0.01946,0.00795,0.01456,0.00753,0.00339,0.02060,0.00828,0.01311,0.01518,0.01147,0.00930,0.01226,0.01031,0.01016,0.00522,0.00770,0.00804,0.00513,0.00992
1652,0.01024,0.01668,0.01115,0.01160,0.01140,0.02340,0.00308,0.00563,0.00683,0.00770,0.00946,0.01486,0.02047,0.00770,0.01020,0.01624,0.01102,0.00941,0.00550,0.00977,0.05561,0.13443,0.00464,0.01305,0.01291,,0.01558,0.00759,0.01955,0.00796,0.01462,0.00756,0.00341,0.02067,0.00832,0.01317,0.01522,0.01151,0.00933,0.01231,0.01035,0.01020,0.00523,0.00771,0.00807,0.00514,0.00995
1653,0.01006,0.01665,0.01122,0.01156,0.01145,0.02339,0.00309,0.00564,0.00682,0.00769,0.00942,0.01489,0.02055,0.00772,0.01021,0.01632,0.01103,0.00945,0.00549,0.00979,0.05591,0.13514,0.00465,0.01306,0.01294,,0.01563,0.00761,0.01964,0.00798,0.01468,0.00759,0.00343,0.02074,0.00835,0.01322,0.01526,0.01155,0.00935,0.01234,0.01039,0.01025,0.00522,0.00771,0.00809,0.00516,0.00995
1654,0.01000,0.01663,0.01127,0.01155,0.01149,0.02339,0.00308,0.00566,0.00683,0.00769,0.00942,0.01494,0.02066,0.00775,0.01023,0.01641,0.01106,0.00948,0.00549,0.00984,0.05621,0.13586,0.00466,0.01309,0.01298,,0.01567,0.00763,0.01973,0.00799,0.01475,0.00763,0.00345,0.02081,0.00838,0.01328,0.01531,0.01159,0.00939,0.01239,0.01044,0.01030,0.00524,0.00771,0.00811,0.00517,0.00996
1655,0.00989,0.01661,0.01130,0.01156,0.01154,0.02336,0.00302,0.00566,0.00683,0.00768,0.00945,0.01497,0.02078,0.00777,0.01025,0.01650,0.01109,0.00949,0.00549,0.00988,0.05650,0.13658,0.00470,0.01312,0.01304,,0.01571,0.00764,0.01982,0.00799,0.01480,0.00764,0.00345,0.02087,0.00842,0.01331,0.01536,0.01161,0.00944,0.01242,0.01049,0.01035,0.00526,0.00770,0.00811,0.00515,0.00998
1656,0.00986,0.01661,0.01135,0.01158,0.01157,0.02335,0.00300,0.00568,0.00684,0.00769,0.00947,0.01503,0.02089,0.00780,0.01028,0.01660,0.01112,0.00952,0.00551,0.00994,0.05680,0.13731,0.00472,0.01316,0.01309,,0.01577,0.00767,0.01992,0.00801,0.01486,0.00767,0.00347,0.02096,0.00844,0.01337,0.01541,0.01165,0.00948,0.01247,0.01055,0.01039,0.00529,0.00770,0.00814,0.00516,0.01000
1657,0.00998,0.01668,0.01139,0.01163,0.01155,0.02340,0.00298,0.00568,0.00689,0.00770,0.00952,0.01514,0.02101,0.00784,0.01033,0.01671,0.01117,0.00954,0.00554,0.01002,0.05710,0.13801,0.00474,0.01321,0.01311,,0.01583,0.00770,0.02002,0.00803,0.01493,0.00772,0.00350,0.02106,0.00846,0.01345,0.01548,0.01168,0.00952,0.01252,0.01062,0.01042,0.00536,0.00773,0.00818,0.00519,0.01003
1658,0.00999,0.01670,0.01144,0.01166,0.01157,0.02341,0.00299,0.00570,0.00691,0.00773,0.00952,0.01522,0.02112,0.00788,0.01036,0.01682,0.01121,0.00957,0.00556,0.01009,0.05741,0.13873,0.00475,0.01325,0.01314,,0.01589,0.00773,0.02012,0.00805,0.01499,0.00775,0.00353,0.02115,0.00848,0.01350,0.01554,0.01172,0.00956,0.01258,0.01067,0.01045,0.00539,0.00774,0.00821,0.00520,0.01005
1659,0.00996,0.01670,0.01154,0.01169,0.01162,0.02343,0.00306,0.00575,0.00690,0.00779,0.00947,0.01528,0.02122,0.00791,0.01039,0.01692,0.01124,0.00961,0.00561,0.01014,0.05772,0.13948,0.00475,0.01328,0.01316,,0.01598,0.00780,0.02023,0.00808,0.01506,0.00777,0.00358,0.02125,0.00852,0.01355,0.01560,0.01176,0.00960,0.01265,0.01071,0.01049,0.00540,0.00777,0.00826,0.00523,0.01006
1660,0.00995,0.01672,0.01159,0.01170,0.01166,0.02344,0.00309,0.00575,0.00691,0.00781,0.00948,0.01534,0.02133,0.00794,0.01041,0.01703,0.01127,0.00965,0.00564,0.01020,0.05803,0.14021,0.00476,0.01331,0.01321,,0.01605,0.00784,0.02033,0.00811,0.01512,0.00779,0.00362,0.02135,0.00855,0.01360,0.01565,0.01179,0.00964,0.01272,0.01076,0.01053,0.00541,0.00779,0.00827,0.00524,0.01007
1661,0.00986,0.01671,0.01161,0.01170,0.01171,0.02344,0.00313,0.00572,0.00690,0.00785,0.00948,0.01539,0.02145,0.00797,0.01039,0.01711,0.01129,0.00967,0.00566,0.01025,0.05832,0.14093,0.00475,0.01334,0.01328,,0.01608,0.00785,0.02043,0.00813,0.01520,0.00779,0.00365,0.02144,0.00858,0.01362,0.01570,0.01182,0.00968,0.01278,0.01079,0.01059,0.00540,0.00779,0.00822,0.00520,0.01005
1662,0.00985,0.01671,0.01167,0.01172,0.01176,0.02346,0.00315,0.00573,0.00690,0.00788,0.00950,0.01544,0.02156,0.00800,0.01041,0.01722,0.01131,0.00970,0.00568,0.01030,0.05863,0.14166,0.00476,0.01337,0.01334,,0.01613,0.00788,0.02053,0.00815,0.01526,0.00780,0.00368,0.02153,0.00861,0.01367,0.01575,0.01186,0.00972,0.01284,0.01083,0.01063,0.00540,0.00780,0.00823,0.00520,0.01006
1663,0.00993,0.01672,0.01172,0.01172,0.01178,0.02348,0.00315,0.00573,0.00691,0.00784,0.00957,0.01550,0.02165,0.00803,0.01044,0.01735,0.01132,0.00971,0.00570,0.01036,0.05894,0.14239,0.00478,0.01338,0.01340,,0.01616,0.00789,0.02060,0.00817,0.01531,0.00781,0.00370,0.02159,0.00863,0.01373,0.01580,0.01188,0.00973,0.01288,0.01089,0.01066,0.00539,0.00779,0.00826,0.00520,0.01011
1664,0.00994,0.01672,0.01177,0.01173,0.01183,0.02350,0.00314,0.00574,0.00694,0.00785,0.00961,0.01557,0.02176,0.00806,0.01047,0.01746,0.01135,0.00974,0.00573,0.01042,0.05925,0.14311,0.00479,0.01341,0.01345,,0.01622,0.00791,0.02070,0.00819,0.01537,0.00783,0.00372,0.02168,0.00867,0.01377,0.01585,0.01192,0.00977,0.01293,0.01095,0.01069,0.00539,0.00780,0.00829,0.00522,0.01014
1665,0.00994,0.01670,0.01184,0.01176,0.01188,0.02352,0.00313,0.00581,0.00700,0.00791,0.00965,0.01565,0.02188,0.00809,0.01054,0.01757,0.01139,0.00977,0.00576,0.01050,0.05957,0.14386,0.00481,0.01346,0.01348,,0.01633,0.00797,0.02082,0.00820,0.01543,0.00785,0.00373,0.02177,0.00874,0.01383,0.01590,0.01199,0.00981,0.01298,0.01101,0.01071,0.00541,0.00782,0.00836,0.00529,0.01019
1666,0.00996,0.01669,0.01190,0.01176,0.01194,0.02355,0.00314,0.00583,0.00703,0.00791,0.00966,0.01571,0.02199,0.00812,0.01057,0.01768,0.01143,0.00981,0.00579,0.01056,0.05987,0.14459,0.00483,0.01350,0.01352,,0.01639,0.00800,0.02093,0.00822,0.01549,0.00787,0.00375,0.02186,0.00879,0.01387,0.01595,0.01202,0.00985,0.01303,0.01107,0.01075,0.00542,0.00784,0.00841,0.00531,0.01022
1667,0.00998,0.01673,0.01197,0.01176,0.01202,0.02361,0.00317,0.00579,0.00704,0.00791,0.00966,0.01578,0.02213,0.00814,0.01057,0.01778,0.01150,0.00985,0.00584,0.01063,0.06016,0.14531,0.00484,0.01355,0.01356,,0.01646,0.00805,0.02105,0.00825,0.01556,0.00788,0.00378,0.02196,0.00884,0.01390,0.01601,0.01206,0.00993,0.01311,0.01115,0.01082,0.00546,0.00786,0.00846,0.00529,0.01026
1668,0.00996,0.01674,0.01200,0.01176,0.01206,0.02362,0.00319,0.00577,0.00706,0.00791,0.00968,0.01585,0.02225,0.00817,0.01059,0.01789,0.01154,0.00988,0.00587,0.01068,0.06046,0.14605,0.00486,0.01360,0.01359,,0.01652,0.00807,0.02116,0.00828,0.01562,0.00790,0.00381,0.02206,0.00888,0.01394,0.01607,0.01209,0.00997,0.01316,0.01121,0.01086,0.00548,0.00787,0.00848,0.00530,0.01027
1669,0.00988,0.01672,0.01200,0.01175,0.01207,0.02364,0.00323,0.00574,0.00705,0.00790,0.00964,0.01588,0.02236,0.00821,0.01059,0.01800,0.01156,0.00989,0.00591,0.01071,0.06076,0.14679,0.00488,0.01364,0.01362,,0.01654,0.00805,0.02125,0.00831,0.01567,0.00792,0.00384,0.02213,0.00890,0.01398,0.01614,0.01210,0.01002,0.01322,0.01126,0.01090,0.00550,0.00786,0.00844,0.00529,0.01026
1670,0.00992,0.01671,0.01204,0.01174,0.01209,0.02365,0.00325,0.00574,0.00706,0.00790,0.00966,0.01594,0.02247,0.00824,0.01062,0.01811,0.01159,0.00992,0.00593,0.01077,0.06107,0.14753,0.00490,0.01367,0.01366,,0.01659,0.00807,0.02135,0.00833,0.01573,0.00794,0.00386,0.02222,0.00893,0.01403,0.01620,0.01212,0.01006,0.01327,0.01132,0.01094,0.00551,0.00786,0.00844,0.00529,0.01028
1671,0.00999,0.01667,0.01206,0.01171,0.01205,0.02356,0.00326,0.00576,0.00708,0.00790,0.00971,0.01601,0.02257,0.00828,0.01067,0.01820,0.01162,0.00992,0.00591,0.01084,0.06139,0.14829,0.00492,0.01370,0.01370,,0.01666,0.00810,0.02146,0.00833,0.01581,0.00796,0.00389,0.02229,0.00894,0.01410,0.01626,0.01216,0.01008,0.01330,0.01133,0.01095,0.00551,0.00787,0.00840,0.00534,0.01028
1672,0.01005,0.01668,0.01213,0.01170,0.01211,0.02359,0.00326,0.00578,0.00709,0.00793,0.00976,0.01606,0.02268,0.00833,0.01071,0.01830,0.01165,0.00995,0.00592,0.01090,0.06171,0.14905,0.00493,0.01373,0.01375,,0.01671,0.00813,0.02157,0.00835,0.01587,0.00798,0.00392,0.02239,0.00897,0.01416,0.01631,0.01220,0.01012,0.01335,0.01138,0.01099,0.00552,0.00788,0.00841,0.00535,0.01030
1673,0.01028,0.01676,0.01227,0.01170,0.01226,0.02373,0.00328,0.00580,0.00710,0.00798,0.00983,0.01612,0.02277,0.00839,0.01076,0.01842,0.01171,0.01001,0.00593,0.01097,0.06202,0.14981,0.00494,0.01377,0.01383,,0.01676,0.00820,0.02168,0.00838,0.01593,0.00802,0.00395,0.02251,0.00900,0.01423,0.01634,0.01225,0.01016,0.01342,0.01145,0.01106,0.00554,0.00790,0.00847,0.00534,0.01037
1674,0.01031,0.01677,0.01235,0.01170,0.01232,0.02375,0.00328,0.00582,0.00711,0.00801,0.00987,0.01618,0.02289,0.00842,0.01079,0.01853,0.01175,0.01005,0.00595,0.01103,0.06233,0.15057,0.00496,0.01381,0.01389,,0.01683,0.00824,0.02178,0.00840,0.01598,0.00805,0.00399,0.02261,0.00903,0.01429,0.01639,0.01229,0.01019,0.01348,0.01150,0.01111,0.00555,0.00791,0.00851,0.00534,0.01041
1675,0.01015,0.01679,0.01240,0.01173,0.01240,0.02380,0.00328,0.00585,0.00715,0.00810,0.00992,0.01625,0.02303,0.00845,0.01081,0.01865,0.01178,0.01011,0.00601,0.01108,0.06264,0.15134,0.00500,0.01385,0.01394,,0.01690,0.00827,0.02188,0.00846,0.01602,0.00807,0.00406,0.02271,0.00907,0.01434,0.01644,0.01235,0.01022,0.01354,0.01155,0.01117,0.00557,0.00793,0.00858,0.00532,0.01045
1676,0.01012,0.01679,0.01244,0.01174,0.01244,0.02380,0.00327,0.00586,0.00717,0.00814,0.00994,0.01632,0.02315,0.00848,0.01083,0.01876,0.01182,0.01013,0.00604,0.01114,0.06295,0.15210,0.00502,0.01389,0.01398,,0.01697,0.00828,0.02199,0.00849,0.01608,0.00809,0.00409,0.02281,0.00911,0.01439,0.01649,0.01239,0.01026,0.01359,0.01162,0.01122,0.00558,0.00793,0.00860,0.00533,0.01047
1677,0.01009,0.01672,0.01244,0.01174,0.01239,0.02367,0.00324,0.00587,0.00718,0.00811,0.00990,0.01638,0.02329,0.00849,0.01085,0.01889,0.01186,0.01012,0.00607,0.01120,0.06327,0.15286,0.00503,0.01391,0.01400,,0.01703,0.00827,0.02210,0.00850,0.01614,0.00810,0.00411,0.02287,0.00913,0.01442,0.01656,0.01243,0.01031,0.01362,0.01169,0.01127,0.00558,0.00794,0.00860,0.00537,0.01045
1678,0.01007,0.01671,0.01248,0.01175,0.01241,0.02366,0.00324,0.00587,0.00720,0.00811,0.00992,0.01644,0.02342,0.00852,0.01086,0.01900,0.01190,0.01014,0.00609,0.01127,0.06358,0.15361,0.00505,0.01395,0.01404,,0.01709,0.00828,0.02222,0.00853,0.01620,0.00812,0.00414,0.02296,0.00916,0.01447,0.01661,0.01247,0.01036,0.01367,0.01175,0.01131,0.00560,0.00795,0.00861,0.00539,0.01046
1679,0.01012,0.01671,0.01256,0.01178,0.01250,0.02371,0.00326,0.00583,0.00721,0.00809,0.00995,0.01648,0.02353,0.00855,0.01083,0.01911,0.01195,0.01014,0.00609,0.01133,0.06389,0.15437,0.00506,0.01397,0.01407,,0.01714,0.00828,0.02234,0.00856,0.01627,0.00815,0.00417,0.02308,0.00920,0.01454,0.01663,0.01251,0.01042,0.01372,0.01181,0.01134,0.00563,0.00796,0.00859,0.00544,0.01046
1680,0.01014,0.01672,0.01262,0.01178,0.01254,0.02374,0.00328,0.00582,0.00723,0.00809,0.00996,0.01654,0.02365,0.00858,0.01085,0.01922,0.01199,0.01016,0.00611,0.01140,0.06420,0.15510,0.00507,0.01401,0.01411,,0.01720,0.00831,0.02247,0.00858,0.01634,0.00817,0.00420,0.02317,0.00924,0.01460,0.01668,0.01255,0.01048,0.01379,0.01187,0.01137,0.00566,0.00797,0.00860,0.00546,0.01047
1681,0.01015,0.01677,0.01269,0.01177,0.01258,0.02383,0.00333,0.00582,0.00727,0.00812,0.01001,0.01660,0.02379,0.00860,0.01089,0.01930,0.01202,0.01022,0.00616,0.01147,0.06450,0.15583,0.00509,0.01405,0.01416,,0.01727,0.00839,0.02259,0.00863,0.01640,0.00819,0.00425,0.02327,0.00929,0.01468,0.01674,0.01260,0.01053,0.01387,0.01190,0.01142,0.00568,0.00797,0.00863,0.00544,0.01051
1682,0.01014,0.01678,0.01275,0.01178,0.01263,0.02386,0.00335,0.00583,0.00729,0.00815,0.01004,0.01666,0.02391,0.00864,0.01092,0.01941,0.01205,0.01026,0.00619,0.01154,0.06481,0.15656,0.00511,0.01408,0.01421,,0.01733,0.00843,0.02271,0.00866,0.01648,0.00821,0.00428,0.02337,0.00934,0.01474,0.01679,0.01264,0.01057,0.01394,0.01196,0.01146,0.00569,0.00798,0.00865,0.00545,0.01053
1683,0.01019,0.01678,0.01279,0.01177,0.01266,0.02388,0.00339,0.00586,0.00731,0.00822,0.01004,0.01672,0.02401,0.00869,0.01096,0.01954,0.01206,0.01030,0.00623,0.01161,0.06513,0.15726,0.00513,0.01412,0.01426,,0.01739,0.00848,0.02282,0.00868,0.01657,0.00822,0.00429,0.02345,0.00940,0.01479,0.01688,0.01268,0.01061,0.01401,0.01205,0.01149,0.00568,0.00799,0.00867,0.00546,0.01055
1684,0.01017,0.01677,0.01283,0.01178,0.01272,0.02387,0.00338,0.00588,0.00731,0.00824,0.01007,0.01679,0.02414,0.00873,0.01098,0.01965,0.01210,0.01033,0.00624,0.01167,0.06545,0.15801,0.00514,0.01415,0.01431,,0.01745,0.00851,0.02293,0.00870,0.01663,0.00823,0.00431,0.02355,0.00943,0.01484,0.01694,0.01272,0.01066,0.01407,0.01211,0.01152,0.00569,0.00799,0.00870,0.00547,0.01057
1685,0.01005,0.01670,0.01285,0.01182,0.01282,0.02381,0.00334,0.00588,0.00728,0.00823,0.01012,0.01684,0.02426,0.00875,0.01095,0.01975,0.01216,0.01032,0.00623,0.01173,0.06577,0.15879,0.00517,0.01417,0.01435,,0.01749,0.00850,0.02304,0.00870,0.01667,0.00824,0.00434,0.02367,0.00944,0.01489,0.01699,0.01276,0.01070,0.01410,0.01217,0.01152,0.00570,0.00800,0.00871,0.00546,0.01059
1686,0.01005,0.01670,0.01289,0.01183,0.01287,0.02380,0.00334,0.00589,0.00729,0.00824,0.01015,0.01691,0.02438,0.00878,0.01097,0.01985,0.01220,0.01035,0.00625,0.01179,0.06608,0.15954,0.00519,0.01420,0.01441,,0.01755,0.00851,0.02315,0.00872,0.01672,0.00826,0.00437,0.02376,0.00948,0.01494,0.01705,0.01280,0.01073,0.01415,0.01222,0.01155,0.00571,0.00801,0.00874,0.00548,0.01061
1687,0.01006,0.01672,0.01292,0.01180,0.01289,0.02379,0.00332,0.00589,0.00731,0.00820,0.01017,0.01700,0.02453,0.00881,0.01104,0.01994,0.01224,0.01038,0.00629,0.01185,0.06639,0.16028,0.00520,0.01425,0.01449,,0.01762,0.00853,0.02326,0.00874,0.01676,0.00831,0.00442,0.02384,0.00952,0.01500,0.01711,0.01281,0.01076,0.01418,0.01227,0.01160,0.00572,0.00801,0.00879,0.00551,0.01060
1688,0.01010,0.01674,0.01299,0.01182,0.01293,0.02381,0.00332,0.00591,0.00734,0.00821,0.01021,0.01708,0.02465,0.00884,0.01107,0.02005,0.01229,0.01040,0.00632,0.01192,0.06670,0.16104,0.00521,0.01428,0.01454,,0.01768,0.00856,0.02337,0.00875,0.01682,0.00833,0.00445,0.02394,0.00955,0.01505,0.01717,0.01285,0.01081,0.01424,0.01232,0.01166,0.00574,0.00802,0.00881,0.00552,0.01062
1689,0.01025,0.01682,0.01310,0.01186,0.01296,0.02389,0.00339,0.00594,0.00742,0.00825,0.01027,0.01718,0.02471,0.00890,0.01111,0.02019,0.01233,0.01045,0.00636,0.01199,0.06701,0.16179,0.00521,0.01434,0.01459,,0.01776,0.00861,0.02348,0.00878,0.01691,0.00837,0.00448,0.02405,0.00960,0.01510,0.01721,0.01289,0.01087,0.01432,0.01236,0.01175,0.00576,0.00806,0.00883,0.00556,0.01065
1690,0.01031,0.01684,0.01317,0.01188,0.01300,0.02390,0.00340,0.00595,0.00745,0.00828,0.01031,0.01724,0.02483,0.00893,0.01114,0.02030,0.01237,0.01047,0.00640,0.01205,0.06732,0.16255,0.00522,0.01437,0.01464,,0.01783,0.00864,0.02360,0.00881,0.01698,0.00839,0.00451,0.02415,0.00963,0.01516,0.01726,0.01293,0.01091,0.01438,0.01242,0.01181,0.00578,0.00807,0.00885,0.00557,0.01068
1691,0.01036,0.01681,0.01325,0.01194,0.01308,0.02384,0.00340,0.00598,0.00746,0.00835,0.01035,0.01730,0.02495,0.00896,0.01116,0.02040,0.01242,0.01048,0.00642,0.01212,0.06764,0.16334,0.00524,0.01439,0.01467,,0.01791,0.00867,0.02374,0.00885,0.01705,0.00841,0.00454,0.02430,0.00965,0.01522,0.01732,0.01298,0.01096,0.01443,0.01250,0.01185,0.00582,0.00806,0.00887,0.00554,0.01073
1692,0.01038,0.01682,0.01331,0.01196,0.01311,0.02384,0.00340,0.00599,0.00748,0.00837,0.01037,0.01733,0.02508,0.00898,0.01118,0.02051,0.01246,0.01051,0.00645,0.01219,0.06795,0.16410,0.00526,0.01442,0.01471,,0.01797,0.00869,0.02386,0.00887,0.01712,0.00842,0.00458,0.02440,0.00968,0.01527,0.01738,0.01302,0.01100,0.01449,0.01256,0.01189,0.00584,0.00807,0.00888,0.00555,0.01077
1693,0.01037,0.01681,0.01334,0.01193,0.01312,0.02385,0.00337,0.00597,0.00750,0.00837,0.01034,0.01731,0.02524,0.00898,0.01121,0.02061,0.01248,0.01053,0.00647,0.01225,0.06826,0.16483,0.00528,0.01446,0.01475,,0.01802,0.00870,0.02398,0.00891,0.01718,0.00841,0.00464,0.02448,0.00970,0.01531,0.01745,0.01306,0.01102,0.01453,0.01262,0.01191,0.00586,0.00806,0.00890,0.00557,0.01082
1694,0.01035,0.01681,0.01340,0.01193,0.01316,0.02386,0.00336,0.00597,0.00750,0.00839,0.01035,0.01734,0.02536,0.00901,0.01124,0.02072,0.01251,0.01056,0.00650,0.01231,0.06857,0.16558,0.00531,0.01449,0.01479,,0.01809,0.00872,0.02409,0.00893,0.01724,0.00843,0.00468,0.02457,0.00973,0.01536,0.01751,0.01311,0.01106,0.01459,0.01268,0.01195,0.00587,0.00806,0.00892,0.00559,0.01084
1695,0.01029,0.01683,0.01347,0.01194,0.01321,0.02390,0.00332,0.00595,0.00749,0.00837,0.01035,0.01738,0.02546,0.00904,0.01125,0.02083,0.01255,0.01062,0.00652,0.01236,0.06888,0.16633,0.00532,0.01451,0.01484,,0.01815,0.00876,0.02419,0.00892,0.01731,0.00844,0.00471,0.02468,0.00976,0.01541,0.01755,0.01318,0.01110,0.01469,0.01272,0.01199,0.00588,0.00808,0.00892,0.00564,0.01084
1696,0.01029,0.01685,0.01353,0.01194,0.01326,0.02392,0.00334,0.00597,0.00751,0.00838,0.01039,0.01743,0.02559,0.00909,0.01127,0.02095,0.01259,0.01066,0.00654,0.01243,0.06918,0.16708,0.00534,0.01455,0.01489,,0.01821,0.00879,0.02431,0.00894,0.01738,0.00846,0.00474,0.02477,0.00980,0.01545,0.01761,0.01323,0.01114,0.01475,0.01277,0.01203,0.00589,0.00808,0.00893,0.00565,0.01086
1697,0.01032,0.01687,0.01359,0.01194,0.01336,0.02392,0.00341,0.00605,0.00752,0.00841,0.01050,0.01753,0.02572,0.00917,0.01130,0.02107,0.01263,0.01070,0.00658,0.01249,0.06949,0.16783,0.00537,0.01459,0.01496,,0.01829,0.00882,0.02444,0.00898,0.01747,0.00852,0.00477,0.02487,0.00985,0.01550,0.01766,0.01328,0.01119,0.01479,0.01283,0.01205,0.00589,0.00808,0.00897,0.00566,0.01086
1698,0.01033,0.01688,0.01364,0.01195,0.01340,0.02392,0.00344,0.00606,0.00755,0.00843,0.01055,0.01760,0.02584,0.00920,0.01133,0.02119,0.01266,0.01072,0.00661,0.01256,0.06980,0.16857,0.00540,0.01464,0.01501,,0.01835,0.00885,0.02455,0.00901,0.01753,0.00855,0.00479,0.02497,0.00988,0.01555,0.01772,0.01331,0.01122,0.01485,0.01289,0.01209,0.00590,0.00809,0.00899,0.00566,0.01088
1699,0.01042,0.01691,0.01369,0.01198,0.01342,0.02396,0.00351,0.00610,0.00761,0.00845,0.01061,0.01769,0.02598,0.00923,0.01136,0.02131,0.01270,0.01073,0.00663,0.01264,0.07011,0.16928,0.00542,0.01470,0.01504,,0.01839,0.00887,0.02466,0.00907,0.01757,0.00859,0.00481,0.02507,0.00989,0.01561,0.01779,0.01332,0.01125,0.01491,0.01293,0.01212,0.00591,0.00811,0.00903,0.00565,0.01094
1700,0.01040,0.01691,0.01373,0.01199,0.01344,0.02397,0.00354,0.00608,0.00764,0.00846,0.01064,0.01773,0.02610,0.00925,0.01138,0.02143,0.01274,0.01075,0.00665,0.01271,0.07041,0.17002,0.00544,0.01474,0.01508,,0.01846,0.00890,0.02477,0.00911,0.01763,0.00860,0.00483,0.02517,0.00991,0.01565,0.01783,0.01336,0.01130,0.01496,0.01298,0.01216,0.00592,0.00812,0.00905,0.00564,0.01096
1701,0.01030,0.01687,0.01376,0.01201,0.01344,0.02393,0.00354,0.00596,0.00765,0.00845,0.01063,0.01774,0.02619,0.00925,0.01139,0.02152,0.01277,0.01078,0.00667,0.01276,0.07072,0.17076,0.00545,0.01477,0.01511,,0.01854,0.00894,0.02487,0.00915,0.01768,0.00857,0.00485,0.02529,0.00992,0.01568,0.01785,0.01341,0.01133,0.01501,0.01305,0.01221,0.00592,0.00813,0.00906,0.00564,0.01095
1702,0.01025,0.01687,0.01381,0.01201,0.01346,0.02394,0.00355,0.00594,0.00765,0.00846,0.01063,0.01779,0.02630,0.00928,0.01140,0.02163,0.01280,0.01080,0.00669,0.01282,0.07102,0.17151,0.00545,0.01481,0.01514,,0.01861,0.00898,0.02499,0.00916,0.01775,0.00859,0.00488,0.02540,0.00995,0.01573,0.01789,0.01345,0.01138,0.01505,0.01311,0.01225,0.00593,0.00815,0.00907,0.00564,0.01096
1703,0.01017,0.01687,0.01384,0.01197,0.01347,0.02397,0.00353,0.00594,0.00763,0.00848,0.01061,0.01781,0.02642,0.00933,0.01140,0.02174,0.01284,0.01082,0.00672,0.01287,0.07132,0.17227,0.00544,0.01483,0.01518,,0.01866,0.00902,0.02512,0.00913,0.01786,0.00861,0.00492,0.02549,0.01000,0.01577,0.01790,0.01351,0.01144,0.01504,0.01317,0.01229,0.00594,0.00816,0.00907,0.00566,0.01093
1704,0.01008,0.01687,0.01390,0.01198,0.01352,0.02402,0.00355,0.00595,0.00765,0.00849,0.01063,0.01789,0.02654,0.00937,0.01142,0.02184,0.01288,0.01085,0.00676,0.01294,0.07163,0.17302,0.00545,0.01486,0.01522,,0.01873,0.00905,0.02526,0.00915,0.01793,0.00863,0.00494,0.02559,0.01005,0.01582,0.01795,0.01356,0.01149,0.01508,0.01323,0.01234,0.00595,0.00818,0.00909,0.00567,0.01095
1705,0.00996,0.01689,0.01396,0.01202,0.01358,0.02412,0.00357,0.00601,0.00767,0.00851,0.01068,0.01802,0.02665,0.00942,0.01144,0.02194,0.01292,0.01087,0.00680,0.01301,0.07196,0.17376,0.00546,0.01491,0.01526,,0.01878,0.00908,0.02541,0.00914,0.01799,0.00867,0.00496,0.02570,0.01012,0.01589,0.01802,0.01359,0.01154,0.01515,0.01328,0.01239,0.00598,0.00822,0.00913,0.00569,0.01101
1706,0.01001,0.01687,0.01403,0.01203,0.01363,0.02417,0.00357,0.00602,0.00770,0.00854,0.01070,0.01812,0.02678,0.00945,0.01148,0.02205,0.01296,0.01089,0.00683,0.01307,0.07226,0.17448,0.00547,0.01494,0.01531,,0.01884,0.00911,0.02554,0.00917,0.01806,0.00869,0.00498,0.02581,0.01016,0.01596,0.01809,0.01363,0.01158,0.01521,0.01332,0.01242,0.00599,0.00823,0.00914,0.00571,0.01103
1707,0.01015,0.01682,0.01415,0.01203,0.01371,0.02422,0.00359,0.00602,0.00777,0.00857,0.01077,0.01824,0.02693,0.00947,0.01154,0.02214,0.01302,0.01092,0.00686,0.01313,0.07256,0.17519,0.00550,0.01497,0.01537,,0.01891,0.00913,0.02569,0.00926,0.01811,0.00869,0.00501,0.02594,0.01019,0.01600,0.01817,0.01368,0.01163,0.01530,0.01335,0.01245,0.00600,0.00824,0.00916,0.00575,0.01109
1708,0.01023,0.01680,0.01420,0.01204,0.01375,0.02425,0.00359,0.00602,0.00778,0.00860,0.01076,0.01830,0.02705,0.00949,0.01157,0.02225,0.01306,0.01096,0.00688,0.01320,0.07284,0.17592,0.00551,0.01500,0.01541,,0.01897,0.00916,0.02581,0.00930,0.01817,0.00871,0.00505,0.02605,0.01023,0.01606,0.01822,0.01372,0.01166,0.01536,0.01339,0.01249,0.00601,0.00824,0.00917,0.00575,0.01110
1709,0.01043,0.01680,0.01423,0.01202,0.01376,0.02426,0.00354,0.00601,0.00776,0.00865,0.01067,0.01830,0.02717,0.00949,0.01161,0.02237,0.01310,0.01100,0.00688,0.01326,0.07310,0.17665,0.00550,0.01501,0.01545,,0.01900,0.00917,0.02591,0.00932,0.01825,0.00873,0.00509,0.02616,0.01025,0.01612,0.01826,0.01373,0.01166,0.01541,0.01343,0.01252,0.00601,0.00821,0.00914,0.00576,0.01106
1710,0.01048,0.01680,0.01428,0.01202,0.01378,0.02425,0.00356,0.00604,0.00777,0.00868,0.01069,0.01832,0.02728,0.00951,0.01163,0.02247,0.01312,0.01102,0.00690,0.01333,0.07338,0.17736,0.00551,0.01504,0.01550,,0.01906,0.00920,0.02602,0.00934,0.01831,0.00876,0.00513,0.02627,0.01028,0.01618,0.01831,0.01377,0.01169,0.01544,0.01348,0.01256,0.00602,0.00820,0.00916,0.00576,0.01107
1711,0.01037,0.01683,0.01428,0.01203,0.01377,0.02421,0.00359,0.00609,0.00775,0.00868,0.01072,0.01830,0.02734,0.00955,0.01164,0.02257,0.01313,0.01106,0.00692,0.01342,0.07368,0.17807,0.00554,0.01510,0.01553,,0.01912,0.00921,0.02610,0.00935,0.01837,0.00878,0.00515,0.02636,0.01030,0.01621,0.01834,0.01383,0.01170,0.01545,0.01355,0.01260,0.00603,0.00817,0.00919,0.00574,0.01107
1712,0.01038,0.01683,0.01433,0.01203,0.01380,0.02420,0.00361,0.00611,0.00775,0.00871,0.01076,0.01836,0.02745,0.00958,0.01165,0.02267,0.01316,0.01108,0.00695,0.01348,0.07398,0.17879,0.00556,0.01514,0.01558,,0.01919,0.00924,0.02622,0.00936,0.01844,0.00880,0.00518,0.02647,0.01033,0.01626,0.01839,0.01388,0.01175,0.01549,0.01360,0.01263,0.00604,0.00818,0.00922,0.00575,0.01109
1713,0.01043,0.01679,0.01442,0.01203,0.01384,0.02416,0.00366,0.00614,0.00776,0.00874,0.01087,0.01847,0.02758,0.00962,0.01166,0.02276,0.01319,0.01108,0.00701,0.01352,0.07430,0.17947,0.00561,0.01517,0.01562,,0.01928,0.00929,0.02636,0.00938,0.01851,0.00883,0.00520,0.02657,0.01034,0.01631,0.01845,0.01396,0.01182,0.01552,0.01364,0.01267,0.00605,0.00822,0.00928,0.00577,0.01113
1714,0.01045,0.01680,0.01446,0.01204,0.01391,0.02418,0.00368,0.00616,0.00776,0.00876,0.01091,0.01853,0.02769,0.00964,0.01167,0.02286,0.01322,0.01110,0.00702,0.01359,0.07459,0.18016,0.00562,0.01520,0.01566,,0.01934,0.00932,0.02649,0.00940,0.01858,0.00885,0.00523,0.02667,0.01037,0.01635,0.01850,0.01400,0.01186,0.01557,0.01368,0.01270,0.00607,0.00823,0.00931,0.00579,0.01115
1715,0.01050,0.01683,0.01448,0.01207,0.01402,0.02426,0.00369,0.00617,0.00773,0.00877,0.01091,0.01862,0.02781,0.00967,0.01168,0.02296,0.01326,0.01114,0.00702,0.01366,0.07487,0.18089,0.00561,0.01521,0.01571,,0.01942,0.00935,0.02663,0.00943,0.01866,0.00886,0.00527,0.02677,0.01041,0.01639,0.01857,0.01403,0.01192,0.01564,0.01373,0.01273,0.00609,0.00826,0.00934,0.00583,0.01117
1716,0.01046,0.01685,0.01453,0.01207,0.01406,0.02427,0.00370,0.00618,0.00774,0.00880,0.01092,0.01865,0.02793,0.00969,0.01169,0.02306,0.01330,0.01116,0.00703,0.01372,0.07515,0.18157,0.00562,0.01524,0.01575,,0.01947,0.00937,0.02675,0.00945,0.01872,0.00888,0.00530,0.02686,0.01044,0.01643,0.01861,0.01406,0.01195,0.01569,0.01377,0.01276,0.00612,0.00827,0.00934,0.00584,0.01120
1717,0.01035,0.01688,0.01457,0.01205,0.01409,0.02427,0.00372,0.00620,0.00777,0.00883,0.01092,0.01862,0.02803,0.00971,0.01169,0.02314,0.01334,0.01117,0.00703,0.01380,0.07541,0.18221,0.00563,0.01528,0.01578,,0.01950,0.00939,0.02687,0.00949,0.01878,0.00889,0.00533,0.02695,0.01047,0.01648,0.01862,0.01408,0.01196,0.01573,0.01381,0.01279,0.00616,0.00824,0.00931,0.00586,0.01124
1718,0.01029,0.01687,0.01461,0.01205,0.01411,0.02427,0.00369,0.00620,0.00779,0.00884,0.01091,0.01866,0.02814,0.00974,0.01170,0.02323,0.01337,0.01119,0.00706,0.01385,0.07568,0.18286,0.00564,0.01532,0.01582,,0.01954,0.00941,0.02698,0.00950,0.01884,0.00889,0.00535,0.02704,0.01050,0.01652,0.01867,0.01411,0.01198,0.01577,0.01385,0.01282,0.00617,0.00825,0.00931,0.00586,0.01127
1719,0.01016,0.01682,0.01465,0.01203,0.01409,0.02423,0.00361,0.00617,0.00782,0.00884,0.01088,0.01872,0.02824,0.00977,0.01173,0.02331,0.01340,0.01119,0.00713,0.01388,0.07594,0.18350,0.00564,0.01538,0.01584,,0.01957,0.00942,0.02708,0.00951,0.01889,0.00889,0.00537,0.02712,0.01050,0.01655,0.01871,0.01414,0.01198,0.01581,0.01388,0.01284,0.00618,0.00827,0.00930,0.00583,0.01130
1720,0.01016,0.01683,0.01470,0.01204,0.01411,0.02427,0.00362,0.00617,0.00786,0.00885,0.01090,0.01876,0.02834,0.00980,0.01174,0.02340,0.01343,0.01121,0.00716,0.01392,0.07620,0.18414,0.00565,0.01542,0.01588,,0.01962,0.00944,0.02720,0.00952,0.01895,0.00891,0.00538,0.02722,0.01052,0.01660,0.01875,0.01418,0.01200,0.01585,0.01392,0.01286,0.00619,0.00828,0.00932,0.00582,0.01130
1721,0.01024,0.01685,0.01474,0.01207,0.01415,0.02436,0.00364,0.00616,0.00791,0.00884,0.01094,0.01880,0.02843,0.00984,0.01175,0.02351,0.01346,0.01125,0.00720,0.01395,0.07646,0.18478,0.00565,0.01545,0.01595,,0.01968,0.00945,0.02733,0.00951,0.01900,0.00892,0.00539,0.02732,0.01057,0.01666,0.01879,0.01423,0.01204,0.01588,0.01398,0.01289,0.00619,0.00827,0.00938,0.00580,0.01128
1722,0.01028,0.01687,0.01478,0.01208,0.01419,0.02436,0.00366,0.00618,0.00793,0.00885,0.01098,0.01885,0.02852,0.00987,0.01176,0.02360,0.01347,0.01127,0.00722,0.01401,0.07672,0.18541,0.00567,0.01548,0.01600,,0.01973,0.00948,0.02744,0.00954,0.01905,0.00893,0.00542,0.02743,0.01059,0.01671,0.01884,0.01427,0.01209,0.01593,0.01403,0.01291,0.00620,0.00828,0.00941,0.00581,0.01128
1723,0.01041,0.01691,0.01483,0.01210,0.01423,0.02435,0.00378,0.00622,0.00795,0.00888,0.01106,0.01887,0.02861,0.00987,0.01177,0.02368,0.01348,0.01131,0.00724,0.01407,0.07699,0.18603,0.00573,0.01550,0.01607,,0.01981,0.00952,0.02757,0.00958,0.01909,0.00897,0.00546,0.02754,0.01062,0.01677,0.01887,0.01431,0.01215,0.01598,0.01409,0.01295,0.00622,0.00827,0.00945,0.00585,0.01128
1724,0.01030,0.01690,0.01485,0.01206,0.01427,0.02428,0.00375,0.00625,0.00797,0.00881,0.01112,0.01891,0.02870,0.00989,0.01178,0.02377,0.01349,0.01133,0.00727,0.01411,0.07724,0.18667,0.00572,0.01551,0.01610,,0.01986,0.00956,0.02767,0.00959,0.01913,0.00897,0.00549,0.02762,0.01064,0.01680,0.01890,0.01432,0.01220,0.01600,0.01410,0.01296,0.00622,0.00828,0.00946,0.00587,0.01129
1725,0.01029,0.01693,0.01487,0.01206,0.01434,0.02425,0.00370,0.00629,0.00794,0.00883,0.01116,0.01903,0.02879,0.00991,0.01180,0.02384,0.01351,0.01134,0.00729,0.01418,0.07749,0.18730,0.00571,0.01553,0.01612,,0.01989,0.00960,0.02777,0.00964,0.01917,0.00898,0.00553,0.02770,0.01067,0.01680,0.01895,0.01433,0.01222,0.01603,0.01412,0.01296,0.00621,0.00829,0.00947,0.00591,0.01131
1726,0.01025,0.01694,0.01487,0.01210,0.01437,0.02431,0.00371,0.00628,0.00795,0.00884,0.01125,0.01910,0.02887,0.00992,0.01181,0.02393,0.01357,0.01132,0.00731,0.01424,0.07774,0.18789,0.00571,0.01556,0.01613,,0.01994,0.00965,0.02787,0.00966,0.01923,0.00899,0.00554,0.02776,0.01067,0.01682,0.01898,0.01436,0.01223,0.01606,0.01413,0.01300,0.00620,0.00830,0.00947,0.00590,0.01135
1727,0.01015,0.01690,0.01491,0.01206,0.01436,0.02434,0.00371,0.00626,0.00797,0.00880,0.01128,0.01910,0.02895,0.00993,0.01183,0.02402,0.01360,0.01133,0.00732,0.01427,0.07798,0.18848,0.00571,0.01557,0.01616,,0.01999,0.00968,0.02796,0.00968,0.01929,0.00900,0.00556,0.02783,0.01070,0.01684,0.01898,0.01439,0.01224,0.01610,0.01416,0.01302,0.00619,0.00830,0.00948,0.00587,0.01131
1728,0.01029,0.01688,0.01498,0.01204,0.01438,0.02437,0.00376,0.00626,0.00796,0.00889,0.01129,0.01915,0.02903,0.00995,0.01183,0.02410,0.01365,0.01136,0.00734,0.01435,0.07823,0.18906,0.00575,0.01561,0.01623,,0.02005,0.00972,0.02807,0.00972,0.01934,0.00903,0.00562,0.02792,0.01073,0.01687,0.01902,0.01445,0.01225,0.01616,0.01424,0.01305,0.00619,0.00833,0.00950,0.00587,0.01127
1729,0.01040,0.01685,0.01501,0.01208,0.01436,0.02435,0.00381,0.00624,0.00796,0.00896,0.01128,0.01916,0.02910,0.00995,0.01183,0.02417,0.01368,0.01136,0.00734,0.01441,0.07847,0.18960,0.00579,0.01564,0.01627,,0.02014,0.00974,0.02816,0.00973,0.01938,0.00903,0.00564,0.02801,0.01074,0.01691,0.01906,0.01450,0.01227,0.01620,0.01429,0.01309,0.00620,0.00835,0.00951,0.00587,0.01129
1730,0.01045,0.01682,0.01505,0.01208,0.01439,0.02433,0.00379,0.00623,0.00797,0.00898,0.01122,0.01916,0.02922,0.00996,0.01187,0.02423,0.01370,0.01136,0.00733,0.01445,0.07870,0.19016,0.00581,0.01566,0.01630,,0.02021,0.00975,0.02827,0.00974,0.01943,0.00903,0.00567,0.02811,0.01080,0.01695,0.01909,0.01453,0.01230,0.01623,0.01434,0.01310,0.00621,0.00836,0.00953,0.00587,0.01129
1731,0.01044,0.01683,0.01511,0.01210,0.01442,0.02429,0.00380,0.00624,0.00799,0.00904,0.01125,0.01924,0.02931,0.01000,0.01189,0.02427,0.01373,0.01138,0.00734,0.01450,0.07893,0.19074,0.00582,0.01569,0.01632,,0.02026,0.00977,0.02838,0.00975,0.01949,0.00904,0.00569,0.02821,0.01082,0.01697,0.01914,0.01455,0.01231,0.01625,0.01437,0.01311,0.00622,0.00837,0.00953,0.00589,0.01132
1732,0.01037,0.01680,0.01512,0.01212,0.01451,0.02430,0.00380,0.00622,0.00800,0.00893,0.01127,0.01926,0.02939,0.01003,0.01193,0.02430,0.01373,0.01139,0.00732,0.01451,0.07915,0.19129,0.00581,0.01569,0.01632,,0.02028,0.00979,0.02844,0.00977,0.01954,0.00902,0.00571,0.02829,0.01083,0.01699,0.01915,0.01459,0.01234,0.01624,0.01435,0.01313,0.00622,0.00837,0.00953,0.00587,0.01138
1733,0.01033,0.01680,0.01514,0.01215,0.01453,0.02433,0.00380,0.00620,0.00801,0.00890,0.01128,0.01930,0.02946,0.01004,0.01194,0.02436,0.01374,0.01141,0.00733,0.01455,0.07937,0.19183,0.00581,0.01570,0.01634,,0.02032,0.00981,0.02852,0.00978,0.01959,0.00902,0.00572,0.02836,0.01085,0.01702,0.01918,0.01462,0.01236,0.01626,0.01437,0.01315,0.00622,0.00835,0.00953,0.00586,0.01141
1734,0.01026,0.01683,0.01518,0.01216,0.01449,0.02440,0.00380,0.00617,0.00801,0.00892,0.01125,0.01937,0.02949,0.01004,0.01190,0.02443,0.01374,0.01146,0.00738,0.01463,0.07960,0.19235,0.00582,0.01571,0.01638,,0.02034,0.00984,0.02859,0.00980,0.01960,0.00902,0.00574,0.02842,0.01084,0.01702,0.01919,0.01463,0.01238,0.01629,0.01441,0.01318,0.00624,0.00832,0.00952,0.00585,0.01141
1735,0.01027,0.01685,0.01522,0.01217,0.01449,0.02445,0.00381,0.00616,0.00802,0.00892,0.01124,0.01941,0.02954,0.01005,0.01189,0.02450,0.01375,0.01149,0.00741,0.01468,0.07981,0.19287,0.00583,0.01573,0.01642,,0.02037,0.00987,0.02867,0.00982,0.01964,0.00903,0.00576,0.02849,0.01085,0.01706,0.01921,0.01466,0.01240,0.01632,0.01443,0.01320,0.00625,0.00831,0.00952,0.00585,0.01143
1736,0.01034,0.01695,0.01523,0.01219,0.01446,0.02453,0.00385,0.00620,0.00807,0.00896,0.01124,0.01944,0.02963,0.01004,0.01190,0.02459,0.01377,0.01149,0.00744,0.01475,0.07998,0.19337,0.00586,0.01578,0.01648,,0.02045,0.00990,0.02881,0.00986,0.01970,0.00906,0.00578,0.02857,0.01091,0.01713,0.01925,0.01469,0.01239,0.01638,0.01446,0.01323,0.00626,0.00830,0.00954,0.00588,0.01143
1737,0.01040,0.01696,0.01527,0.01221,0.01447,0.02456,0.00385,0.00621,0.00809,0.00897,0.01124,0.01946,0.02970,0.01006,0.01191,0.02466,0.01379,0.01150,0.00747,0.01480,0.08017,0.19389,0.00586,0.01581,0.01652,,0.02050,0.00992,0.02892,0.00989,0.01975,0.00907,0.00579,0.02864,0.01094,0.01717,0.01928,0.01472,0.01240,0.01641,0.01450,0.01325,0.00627,0.00829,0.00955,0.00589,0.01143
1738,0.01071,0.01690,0.01535,0.01223,0.01462,0.02457,0.00387,0.00623,0.00812,0.00892,0.01128,0.01947,0.02979,0.01013,0.01193,0.02471,0.01383,0.01148,0.00746,0.01483,0.08037,0.19445,0.00586,0.01585,0.01654,,0.02054,0.00992,0.02903,0.00991,0.01980,0.00910,0.00582,0.02872,0.01096,0.01721,0.01930,0.01479,0.01244,0.01643,0.01453,0.01326,0.00629,0.00832,0.00955,0.00591,0.01145
1739,0.01073,0.01688,0.01539,0.01224,0.01466,0.02456,0.00387,0.00626,0.00813,0.00891,0.01132,0.01947,0.02987,0.01015,0.01194,0.02477,0.01385,0.01149,0.00746,0.01486,0.08056,0.19496,0.00586,0.01588,0.01657,,0.02058,0.00993,0.02913,0.00992,0.01985,0.00911,0.00583,0.02878,0.01098,0.01724,0.01933,0.01483,0.01246,0.01645,0.01456,0.01328,0.00630,0.00833,0.00955,0.00592,0.01145
1740,0.01043,0.01680,0.01542,0.01225,0.01464,0.02449,0.00381,0.00625,0.00810,0.00892,0.01138,0.01946,0.02992,0.01017,0.01193,0.02484,0.01386,0.01152,0.00748,0.01490,0.08075,0.19544,0.00583,0.01589,0.01662,,0.02062,0.00995,0.02919,0.00991,0.01989,0.00910,0.00584,0.02880,0.01099,0.01724,0.01937,0.01484,0.01249,0.01646,0.01460,0.01329,0.00629,0.00831,0.00952,0.00591,0.01144
1741,0.01035,0.01679,0.01546,0.01224,0.01463,0.02446,0.00379,0.00626,0.00810,0.00893,0.01141,0.01947,0.02997,0.01018,0.01191,0.02489,0.01388,0.01152,0.00749,0.01494,0.08094,0.19591,0.00582,0.01590,0.01665,,0.02065,0.00996,0.02926,0.00991,0.01992,0.00911,0.00585,0.02885,0.01100,0.01724,0.01940,0.01486,0.01251,0.01648,0.01463,0.01329,0.00630,0.00831,0.00952,0.00591,0.01144
1742,0.01017,0.01691,0.01547,0.01217,0.01454,0.02442,0.00382,0.00633,0.00811,0.00895,0.01146,0.01946,0.03000,0.01013,0.01187,0.02495,0.01390,0.01153,0.00749,0.01498,0.08111,0.19630,0.00582,0.01589,0.01669,,0.02070,0.00998,0.02934,0.00992,0.01995,0.00913,0.00585,0.02892,0.01101,0.01727,0.01943,0.01489,0.01249,0.01649,0.01463,0.01327,0.00630,0.00831,0.00951,0.00590,0.01145
1743,0.01011,0.01693,0.01548,0.01214,0.01453,0.02442,0.00383,0.00634,0.00812,0.00896,0.01147,0.01947,0.03005,0.01012,0.01186,0.02500,0.01391,0.01153,0.00751,0.01502,0.08129,0.19674,0.00582,0.01590,0.01672,,0.02075,0.01000,0.02941,0.00993,0.01999,0.00914,0.00587,0.02898,0.01103,0.01727,0.01946,0.01491,0.01250,0.01651,0.01464,0.01327,0.00629,0.00831,0.00952,0.00591,0.01145
1744,0.01036,0.01689,0.01550,0.01211,0.01458,0.02451,0.00385,0.00630,0.00817,0.00899,0.01139,0.01952,0.03010,0.01014,0.01187,0.02503,0.01392,0.01151,0.00753,0.01505,0.08148,0.19722,0.00584,0.01593,0.01672,,0.02081,0.01002,0.02950,0.00995,0.02003,0.00916,0.00591,0.02906,0.01103,0.01725,0.01946,0.01495,0.01255,0.01652,0.01466,0.01328,0.00629,0.00832,0.00956,0.00593,0.01144
1745,0.01048,0.01689,0.01552,0.01211,0.01462,0.02452,0.00386,0.00629,0.00818,0.00900,0.01139,0.01956,0.03016,0.01014,0.01187,0.02506,0.01392,0.01151,0.00754,0.01509,0.08167,0.19766,0.00585,0.01595,0.01673,,0.02086,0.01003,0.02958,0.00997,0.02006,0.00916,0.00593,0.02913,0.01105,0.01726,0.01947,0.01497,0.01257,0.01654,0.01467,0.01328,0.00629,0.00832,0.00958,0.00593,0.01144
1746,0.01063,0.01685,0.01554,0.01217,0.01470,0.02450,0.00386,0.00625,0.00814,0.00898,0.01144,0.01964,0.03024,0.01016,0.01191,0.02511,0.01389,0.01153,0.00756,0.01513,0.08185,0.19812,0.00587,0.01598,0.01675,,0.02092,0.01003,0.02964,0.00999,0.02012,0.00915,0.00594,0.02917,0.01107,0.01728,0.01948,0.01497,0.01262,0.01657,0.01468,0.01328,0.00627,0.00830,0.00961,0.00593,0.01145
1747,0.01065,0.01684,0.01555,0.01218,0.01474,0.02450,0.00387,0.00622,0.00813,0.00899,0.01145,0.01966,0.03029,0.01018,0.01193,0.02516,0.01389,0.01154,0.00757,0.01517,0.08203,0.19854,0.00589,0.01600,0.01677,,0.02095,0.01004,0.02971,0.00999,0.02017,0.00915,0.00596,0.02923,0.01109,0.01730,0.01950,0.01497,0.01264,0.01659,0.01469,0.01329,0.00625,0.00829,0.00962,0.00593,0.01144
1748,0.01055,0.01689,0.01557,0.01218,0.01472,0.02445,0.00389,0.00624,0.00809,0.00899,0.01145,0.01961,0.03032,0.01018,0.01193,0.02523,0.01389,0.01155,0.00756,0.01521,0.08220,0.19889,0.00589,0.01596,0.01679,,0.02091,0.01006,0.02980,0.00999,0.02019,0.00917,0.00597,0.02930,0.01111,0.01732,0.01952,0.01496,0.01263,0.01661,0.01471,0.01327,0.00624,0.00829,0.00960,0.00587,0.01143
1749,0.01053,0.01689,0.01557,0.01219,0.01474,0.02444,0.00388,0.00623,0.00809,0.00898,0.01148,0.01962,0.03036,0.01018,0.01193,0.02528,0.01391,0.01155,0.00757,0.01525,0.08237,0.19926,0.00592,0.01597,0.01682,,0.02093,0.01008,0.02987,0.01000,0.02022,0.00919,0.00598,0.02936,0.01112,0.01735,0.01952,0.01496,0.01262,0.01663,0.01471,0.01327,0.00625,0.00829,0.00961,0.00587,0.01143
1750,0.01046,0.01684,0.01551,0.01217,0.01476,0.02444,0.00384,0.00621,0.00815,0.00898,0.01144,0.01964,0.03037,0.01019,0.01189,0.02533,0.01397,0.01156,0.00758,0.01529,0.08250,0.19960,0.00597,0.01598,0.01684,,0.02095,0.01012,0.02995,0.01000,0.02025,0.00920,0.00602,0.02943,0.01111,0.01735,0.01950,0.01498,0.01258,0.01664,0.01471,0.01329,0.00626,0.00829,0.00964,0.00592,0.01144
1751,0.01041,0.01683,0.01550,0.01216,0.01476,0.02447,0.00384,0.00620,0.00816,0.00900,0.01147,0.01966,0.03040,0.01018,0.01189,0.02538,0.01399,0.01156,0.00759,0.01532,0.08266,0.19999,0.00598,0.01600,0.01686,,0.02098,0.01013,0.03003,0.01001,0.02028,0.00921,0.00603,0.02948,0.01112,0.01739,0.01952,0.01500,0.01256,0.01666,0.01472,0.01330,0.00627,0.00829,0.00964,0.00593,0.01144
1752,0.01044,0.01685,0.01552,0.01218,0.01479,0.02454,0.00386,0.00621,0.00818,0.00904,0.01163,0.01972,0.03044,0.01015,0.01190,0.02541,0.01402,0.01155,0.00761,0.01535,0.08284,0.20041,0.00600,0.01606,0.01688,,0.02107,0.01012,0.03010,0.01004,0.02031,0.00922,0.00603,0.02951,0.01117,0.01747,0.01955,0.01507,0.01256,0.01670,0.01472,0.01330,0.00633,0.00829,0.00962,0.00596,0.01147
1753,0.01045,0.01685,0.01555,0.01216,0.01480,0.02455,0.00386,0.00622,0.00818,0.00904,0.01167,0.01976,0.03048,0.01015,0.01190,0.02545,0.01404,0.01156,0.00763,0.01538,0.08300,0.20082,0.00599,0.01609,0.01689,,0.02111,0.01013,0.03018,0.01005,0.02033,0.00923,0.00604,0.02955,0.01119,0.01750,0.01957,0.01510,0.01256,0.01671,0.01473,0.01331,0.00634,0.00830,0.00961,0.00597,0.01149
1754,0.01045,0.01688,0.01565,0.01210,0.01475,0.02458,0.00390,0.00628,0.00811,0.00905,0.01165,0.01978,0.03053,0.01017,0.01193,0.02549,0.01403,0.01157,0.00765,0.01541,0.08319,0.20124,0.00593,0.01608,0.01689,,0.02111,0.01014,0.03029,0.01007,0.02037,0.00924,0.00602,0.02959,0.01121,0.01750,0.01965,0.01510,0.01258,0.01669,0.01477,0.01333,0.00632,0.00833,0.00958,0.00594,0.01149
1755,0.01039,0.01689,0.01567,0.01207,0.01475,0.02457,0.00391,0.00629,0.00811,0.00904,0.01165,0.01981,0.03057,0.01018,0.01193,0.02553,0.01404,0.01158,0.00766,0.01544,0.08336,0.20164,0.00591,0.01609,0.01690,,0.02113,0.01014,0.03036,0.01008,0.02039,0.00924,0.00603,0.02964,0.01123,0.01750,0.01967,0.01511,0.01259,0.01670,0.01479,0.01333,0.00632,0.00834,0.00957,0.00593,0.01148
1756,0.01033,0.01687,0.01567,0.01201,0.01479,0.02445,0.00387,0.00626,0.00816,0.00895,0.01156,0.01984,0.03060,0.01021,0.01190,0.02556,0.01406,0.01161,0.00767,0.01547,0.08350,0.20206,0.00590,0.01608,0.01690,,0.02114,0.01015,0.03041,0.01008,0.02042,0.00925,0.00605,0.02970,0.01121,0.01746,0.01964,0.01510,0.01261,0.01669,0.01478,0.01332,0.00630,0.00834,0.00959,0.00594,0.01146
1757,0.01026,0.01686,0.01565,0.01199,0.01479,0.02443,0.00387,0.00626,0.00817,0.00893,0.01155,0.01986,0.03064,0.01022,0.01189,0.02561,0.01408,0.01160,0.00768,0.01549,0.08366,0.20243,0.00590,0.01608,0.01691,,0.02117,0.01017,0.03047,0.01008,0.02044,0.00925,0.00607,0.02975,0.01120,0.01745,0.01964,0.01510,0.01261,0.01668,0.01480,0.01331,0.00628,0.00834,0.00960,0.00593,0.01144
1758,0.01007,0.01685,0.01556,0.01200,0.01478,0.02447,0.00387,0.00621,0.00818,0.00896,0.01161,0.01986,0.03068,0.01019,0.01186,0.02566,0.01409,0.01157,0.00770,0.01551,0.08382,0.20279,0.00595,0.01611,0.01694,,0.02120,0.01019,0.03050,0.01007,0.02047,0.00923,0.00610,0.02978,0.01121,0.01747,0.01963,0.01510,0.01259,0.01669,0.01484,0.01328,0.00628,0.00831,0.00961,0.00588,0.01139
1759,0.01004,0.01685,0.01556,0.01201,0.01479,0.02447,0.00389,0.00621,0.00819,0.00897,0.01163,0.01987,0.03072,0.01019,0.01186,0.02571,0.01410,0.01156,0.00771,0.01554,0.08398,0.20314,0.00595,0.01612,0.01697,,0.02123,0.01022,0.03056,0.01008,0.02050,0.00923,0.00611,0.02982,0.01121,0.01748,0.01963,0.01512,0.01260,0.01670,0.01485,0.01327,0.00627,0.00830,0.00961,0.00588,0.01138
1760,0.01014,0.01687,0.01560,0.01203,0.01476,0.02448,0.00396,0.00627,0.00815,0.00904,0.01167,0.01989,0.03076,0.01021,0.01189,0.02576,0.01408,0.01155,0.00773,0.01559,0.08416,0.20346,0.00592,0.01612,0.01699,,0.02128,0.01027,0.03066,0.01010,0.02053,0.00923,0.00611,0.02988,0.01120,0.01750,0.01965,0.01513,0.01261,0.01671,0.01486,0.01328,0.00626,0.00830,0.00962,0.00592,0.01140
1761,0.01018,0.01688,0.01563,0.01204,0.01479,0.02450,0.00399,0.00627,0.00814,0.00905,0.01169,0.01990,0.03080,0.01020,0.01189,0.02581,0.01407,0.01155,0.00774,0.01563,0.08432,0.20380,0.00594,0.01614,0.01702,,0.02130,0.01030,0.03073,0.01012,0.02056,0.00923,0.00610,0.02992,0.01121,0.01751,0.01967,0.01514,0.01262,0.01673,0.01487,0.01328,0.00626,0.00829,0.00962,0.00592,0.01141
1762,0.01027,0.01691,0.01573,0.01204,0.01491,0.02448,0.00403,0.00625,0.00816,0.00902,0.01166,0.01990,0.03084,0.01019,0.01189,0.02585,0.01406,0.01159,0.00775,0.01565,0.08448,0.20416,0.00596,0.01616,0.01703,,0.02130,0.01032,0.03081,0.01013,0.02059,0.00925,0.00608,0.02994,0.01123,0.01749,0.01967,0.01518,0.01264,0.01677,0.01482,0.01329,0.00626,0.00828,0.00959,0.00594,0.01144
1763,0.01033,0.01689,0.01577,0.01204,0.01493,0.02449,0.00403,0.00623,0.00815,0.00902,0.01167,0.01989,0.03087,0.01020,0.01188,0.02590,0.01406,0.01160,0.00775,0.01568,0.08462,0.20451,0.00598,0.01618,0.01705,,0.02131,0.01034,0.03088,0.01016,0.02062,0.00926,0.00609,0.02999,0.01125,0.01750,0.01969,0.01519,0.01265,0.01679,0.01482,0.01329,0.00626,0.00827,0.00958,0.00593,0.01144
1764,0.01037,0.01682,0.01579,0.01203,0.01490,0.02457,0.00397,0.00617,0.00810,0.00898,0.01168,0.01986,0.03089,0.01019,0.01184,0.02594,0.01404,0.01161,0.00775,0.01569,0.08474,0.20487,0.00604,0.01621,0.01708,,0.02131,0.01035,0.03094,0.01021,0.02067,0.00926,0.00609,0.03006,0.01127,0.01752,0.01975,0.01517,0.01265,0.01679,0.01487,0.01329,0.00626,0.00824,0.00957,0.00585,0.01141
1765,0.01035,0.01682,0.01577,0.01203,0.01489,0.02455,0.00396,0.00616,0.00812,0.00899,0.01170,0.01987,0.03093,0.01020,0.01183,0.02598,0.01406,0.01161,0.00775,0.01572,0.08487,0.20522,0.00607,0.01622,0.01709,,0.02133,0.01038,0.03100,0.01023,0.02070,0.00926,0.00611,0.03011,0.01128,0.01754,0.01975,0.01519,0.01266,0.01680,0.01488,0.01329,0.00627,0.00824,0.00957,0.00585,0.01139
1766,0.01034,0.01685,0.01569,0.01202,0.01482,0.02444,0.00394,0.00618,0.00819,0.00906,0.01178,0.01991,0.03098,0.01023,0.01181,0.02601,0.01410,0.01160,0.00773,0.01575,0.08499,0.20558,0.00608,0.01621,0.01708,,0.02138,0.01041,0.03106,0.01027,0.02071,0.00926,0.00616,0.03017,0.01128,0.01758,0.01973,0.01523,0.01269,0.01681,0.01487,0.01328,0.00628,0.00824,0.00958,0.00592,0.01136
1767,0.01026,0.01685,0.01567,0.01203,0.01481,0.02444,0.00396,0.00619,0.00820,0.00907,0.01176,0.01991,0.03103,0.01023,0.01180,0.02605,0.01413,0.01159,0.00774,0.01579,0.08515,0.20593,0.00608,0.01622,0.01710,,0.02142,0.01043,0.03113,0.01029,0.02075,0.00926,0.00618,0.03023,0.01128,0.01760,0.01973,0.01525,0.01270,0.01682,0.01488,0.01329,0.00631,0.00824,0.00959,0.00595,0.01135
1768,0.01002,0.01688,0.01563,0.01205,0.01487,0.02446,0.00406,0.00621,0.00820,0.00904,0.01169,0.01992,0.03109,0.01022,0.01181,0.02608,0.01421,0.01159,0.00777,0.01584,0.08534,0.20626,0.00606,0.01622,0.01710,,0.02148,0.01047,0.03119,0.01028,0.02077,0.00926,0.00622,0.03027,0.01128,0.01761,0.01970,0.01528,0.01268,0.01684,0.01487,0.01332,0.00636,0.00827,0.00960,0.00598,0.01135
1769,0.00994,0.01690,0.01564,0.01207,0.01490,0.02447,0.00406,0.00622,0.00821,0.00906,0.01165,0.01992,0.03114,0.01022,0.01180,0.02613,0.01422,0.01160,0.00778,0.01587,0.08551,0.20662,0.00607,0.01624,0.01711,,0.02151,0.01049,0.03128,0.01029,0.02081,0.00926,0.00623,0.03032,0.01129,0.01762,0.01970,0.01529,0.01270,0.01685,0.01488,0.01334,0.00637,0.00827,0.00960,0.00600,0.01137
1770,0.00985,0.01688,0.01571,0.01209,0.01496,0.02457,0.00403,0.00623,0.00817,0.00906,0.01154,0.01987,0.03118,0.01023,0.01181,0.02621,0.01419,0.01159,0.00780,0.01590,0.08570,0.20700,0.00608,0.01628,0.01715,,0.02152,0.01049,0.03140,0.01030,0.02087,0.00929,0.00620,0.03037,0.01130,0.01764,0.01975,0.01526,0.01272,0.01686,0.01492,0.01340,0.00637,0.00824,0.00960,0.00599,0.01140
1771,0.00990,0.01688,0.01576,0.01213,0.01495,0.02458,0.00402,0.00624,0.00817,0.00908,0.01151,0.01987,0.03121,0.01024,0.01181,0.02625,0.01419,0.01160,0.00781,0.01592,0.08585,0.20737,0.00607,0.01631,0.01716,,0.02154,0.01051,0.03150,0.01032,0.02090,0.00929,0.00621,0.03044,0.01130,0.01765,0.01977,0.01526,0.01273,0.01687,0.01494,0.01340,0.00636,0.00824,0.00961,0.00599,0.01140
1772,0.01013,0.01693,0.01581,0.01218,0.01491,0.02452,0.00397,0.00628,0.00822,0.00916,0.01152,0.01991,0.03122,0.01027,0.01179,0.02629,0.01417,0.01162,0.00779,0.01592,0.08596,0.20774,0.00609,0.01634,0.01715,,0.02153,0.01053,0.03162,0.01036,0.02093,0.00928,0.00623,0.03050,0.01130,0.01765,0.01979,0.01525,0.01275,0.01689,0.01493,0.01336,0.00631,0.00822,0.00963,0.00601,0.01142
1773,0.01017,0.01696,0.01585,0.01218,0.01491,0.02447,0.00397,0.00627,0.00821,0.00919,0.01156,0.01995,0.03128,0.01026,0.01179,0.02632,0.01419,0.01163,0.00780,0.01594,0.08611,0.20813,0.00610,0.01636,0.01716,,0.02154,0.01053,0.03170,0.01037,0.02095,0.00928,0.00623,0.03055,0.01132,0.01766,0.01979,0.01526,0.01275,0.01690,0.01495,0.01335,0.00629,0.00823,0.00965,0.00601,0.01142
1774,0.01020,0.01701,0.01590,0.01217,0.01490,0.02439,0.00403,0.00623,0.00816,0.00918,0.01165,0.02002,0.03135,0.01022,0.01182,0.02630,0.01424,0.01163,0.00783,0.01597,0.08627,0.20852,0.00607,0.01637,0.01716,,0.02154,0.01053,0.03176,0.01038,0.02097,0.00925,0.00626,0.03061,0.01132,0.01767,0.01979,0.01526,0.01272,0.01690,0.01497,0.01330,0.00627,0.00828,0.00968,0.00600,0.01138
1775,0.01025,0.01703,0.01591,0.01217,0.01491,0.02435,0.00405,0.00621,0.00815,0.00917,0.01170,0.02006,0.03140,0.01021,0.01181,0.02633,0.01427,0.01164,0.00785,0.01600,0.08643,0.20894,0.00608,0.01639,0.01717,,0.02155,0.01054,0.03182,0.01040,0.02100,0.00926,0.00626,0.03068,0.01135,0.01769,0.01981,0.01528,0.01272,0.01692,0.01501,0.01330,0.00627,0.00829,0.00970,0.00600,0.01139
1776,0.01018,0.01706,0.01588,0.01212,0.01499,0.02430,0.00405,0.00614,0.00815,0.00914,0.01179,0.02007,0.03150,0.01021,0.01179,0.02637,0.01430,0.01165,0.00787,0.01602,0.08661,0.20941,0.00612,0.01640,0.01720,,0.02155,0.01055,0.03185,0.01038,0.02102,0.00932,0.00624,0.03074,0.01141,0.01773,0.01982,0.01530,0.01274,0.01696,0.01508,0.01335,0.00629,0.00831,0.00971,0.00601,0.01144
1777,0.01025,0.01709,0.01590,0.01213,0.01501,0.02431,0.00405,0.00616,0.00814,0.00912,0.01179,0.02011,0.03156,0.01021,0.01178,0.02643,0.01431,0.01166,0.00791,0.01605,0.08677,0.20981,0.00615,0.01642,0.01722,,0.02158,0.01058,0.03193,0.01038,0.02106,0.00933,0.00626,0.03081,0.01143,0.01776,0.01984,0.01533,0.01275,0.01700,0.01510,0.01336,0.00630,0.00830,0.00968,0.00602,0.01144
1778,0.01046,0.01709,0.01594,0.01219,0.01498,0.02439,0.00402,0.00624,0.00816,0.00907,0.01171,0.02014,0.03156,0.01021,0.01174,0.02652,0.01430,0.01168,0.00795,0.01606,0.08694,0.21020,0.00619,0.01644,0.01726,,0.02165,0.01065,0.03203,0.01042,0.02113,0.00934,0.00629,0.03089,0.01146,0.01780,0.01989,0.01538,0.01277,0.01705,0.01511,0.01338,0.00631,0.00824,0.00964,0.00605,0.01143
1779,0.01049,0.01715,0.01594,0.01220,0.01498,0.02440,0.00402,0.00625,0.00814,0.00906,0.01170,0.02015,0.03159,0.01022,0.01173,0.02657,0.01431,0.01170,0.00795,0.01611,0.08709,0.21059,0.00622,0.01645,0.01728,,0.02169,0.01067,0.03213,0.01042,0.02118,0.00935,0.00632,0.03095,0.01146,0.01781,0.01992,0.01541,0.01278,0.01707,0.01510,0.01339,0.00631,0.00822,0.00961,0.00606,0.01142
1780,0.01044,0.01730,0.01596,0.01218,0.01497,0.02442,0.00403,0.00627,0.00810,0.00907,0.01166,0.02017,0.03162,0.01022,0.01175,0.02661,0.01432,0.01171,0.00797,0.01615,0.08724,0.21097,0.00624,0.01645,0.01729,,0.02175,0.01068,0.03227,0.01040,0.02124,0.00935,0.00635,0.03098,0.01142,0.01782,0.01994,0.01545,0.01280,0.01706,0.01505,0.01341,0.00631,0.00818,0.00956,0.00608,0.01136
1781,0.01033,0.01731,0.01594,0.01219,0.01497,0.02432,0.00405,0.00620,0.00813,0.00914,0.01174,0.02016,0.03163,0.01020,0.01175,0.02664,0.01435,0.01173,0.00795,0.01621,0.08738,0.21135,0.00623,0.01647,0.01729,,0.02178,0.01068,0.03238,0.01040,0.02127,0.00937,0.00637,0.03103,0.01141,0.01779,0.01994,0.01543,0.01280,0.01707,0.01503,0.01338,0.00631,0.00818,0.00954,0.00611,0.01141
1782,0.01051,0.01732,0.01589,0.01219,0.01497,0.02436,0.00407,0.00612,0.00812,0.00916,0.01182,0.02016,0.03167,0.01022,0.01175,0.02665,0.01439,0.01174,0.00793,0.01630,0.08754,0.21178,0.00623,0.01652,0.01732,,0.02180,0.01069,0.03248,0.01040,0.02130,0.00941,0.00638,0.03111,0.01141,0.01781,0.01996,0.01542,0.01282,0.01709,0.01500,0.01341,0.00629,0.00821,0.00958,0.00609,0.01146
1783,0.01048,0.01731,0.01594,0.01221,0.01500,0.02438,0.00405,0.00611,0.00811,0.00913,0.01181,0.02015,0.03173,0.01025,0.01175,0.02670,0.01441,0.01175,0.00794,0.01634,0.08772,0.21222,0.00624,0.01656,0.01736,,0.02184,0.01072,0.03253,0.01042,0.02132,0.00942,0.00637,0.03121,0.01143,0.01786,0.02000,0.01541,0.01282,0.01711,0.01504,0.01341,0.00632,0.00820,0.00960,0.00607,0.01146
1784,0.01041,0.01722,0.01599,0.01224,0.01504,0.02432,0.00407,0.00610,0.00817,0.00917,0.01183,0.02026,0.03182,0.01026,0.01181,0.02677,0.01447,0.01180,0.00799,0.01639,0.08790,0.21264,0.00624,0.01664,0.01740,,0.02186,0.01077,0.03258,0.01046,0.02136,0.00942,0.00640,0.03128,0.01148,0.01791,0.02004,0.01542,0.01280,0.01719,0.01509,0.01340,0.00633,0.00823,0.00964,0.00607,0.01141
1785,0.01036,0.01722,0.01603,0.01223,0.01502,0.02439,0.00414,0.00602,0.00820,0.00912,0.01185,0.02037,0.03193,0.01030,0.01181,0.02680,0.01449,0.01181,0.00802,0.01646,0.08804,0.21302,0.00625,0.01665,0.01744,,0.02188,0.01080,0.03263,0.01044,0.02139,0.00942,0.00644,0.03131,0.01150,0.01797,0.02011,0.01545,0.01282,0.01723,0.01515,0.01345,0.00633,0.00826,0.00972,0.00605,0.01133
1786,0.01006,0.01727,0.01606,0.01221,0.01502,0.02445,0.00411,0.00603,0.00818,0.00908,0.01182,0.02038,0.03202,0.01034,0.01176,0.02684,0.01449,0.01181,0.00803,0.01646,0.08820,0.21337,0.00627,0.01663,0.01746,,0.02191,0.01081,0.03268,0.01044,0.02141,0.00940,0.00645,0.03137,0.01151,0.01801,0.02015,0.01550,0.01285,0.01725,0.01523,0.01348,0.00636,0.00824,0.00978,0.00606,0.01126
1787,0.00994,0.01728,0.01608,0.01221,0.01505,0.02443,0.00407,0.00601,0.00815,0.00912,0.01185,0.02042,0.03208,0.01034,0.01176,0.02693,0.01450,0.01184,0.00803,0.01646,0.08836,0.21372,0.00627,0.01666,0.01747,,0.02193,0.01085,0.03278,0.01047,0.02143,0.00945,0.00650,0.03144,0.01150,0.01801,0.02021,0.01553,0.01291,0.01729,0.01527,0.01351,0.00637,0.00827,0.00980,0.00610,0.01131
1788,0.01000,0.01731,0.01612,0.01224,0.01505,0.02442,0.00401,0.00594,0.00811,0.00907,0.01191,0.02041,0.03209,0.01035,0.01168,0.02700,0.01449,0.01181,0.00801,0.01647,0.08851,0.21409,0.00624,0.01669,0.01749,,0.02196,0.01087,0.03291,0.01049,0.02141,0.00949,0.00652,0.03150,0.01149,0.01803,0.02025,0.01553,0.01298,0.01727,0.01526,0.01355,0.00635,0.00825,0.00977,0.00611,0.01139
1789,0.01031,0.01731,0.01622,0.01228,0.01508,0.02441,0.00394,0.00605,0.00813,0.00908,0.01185,0.02038,0.03207,0.01038,0.01174,0.02709,0.01452,0.01183,0.00803,0.01648,0.08866,0.21449,0.00628,0.01675,0.01752,,0.02201,0.01090,0.03302,0.01058,0.02141,0.00949,0.00653,0.03160,0.01152,0.01804,0.02022,0.01560,0.01303,0.01730,0.01523,0.01355,0.00640,0.00821,0.00970,0.00614,0.01126
1790,0.01041,0.01735,0.01627,0.01229,0.01513,0.02442,0.00393,0.00610,0.00816,0.00909,0.01187,0.02037,0.03211,0.01040,0.01176,0.02717,0.01454,0.01186,0.00806,0.01652,0.08882,0.21492,0.00632,0.01679,0.01754,,0.02205,0.01094,0.03313,0.01064,0.02144,0.00950,0.00653,0.03169,0.01153,0.01806,0.02023,0.01563,0.01305,0.01732,0.01524,0.01355,0.00642,0.00820,0.00967,0.00617,0.01123
1791,0.01053,0.01745,0.01629,0.01225,0.01515,0.02461,0.00404,0.00616,0.00834,0.00916,0.01201,0.02036,0.03221,0.01041,0.01178,0.02720,0.01457,0.01190,0.00814,0.01664,0.08896,0.21545,0.00641,0.01683,0.01755,,0.02208,0.01097,0.03321,0.01067,0.02148,0.00947,0.00650,0.03174,0.01157,0.01809,0.02021,0.01565,0.01303,0.01733,0.01526,0.01354,0.00644,0.00821,0.00970,0.00622,0.01111
1792,0.01060,0.01755,0.01632,0.01224,0.01519,0.02466,0.00408,0.00620,0.00839,0.00919,0.01210,0.02035,0.03231,0.01042,0.01179,0.02726,0.01459,0.01192,0.00818,0.01672,0.08911,0.21589,0.00647,0.01685,0.01757,,0.02212,0.01099,0.03331,0.01069,0.02153,0.00947,0.00651,0.03184,0.01160,0.01812,0.02022,0.01570,0.01303,0.01735,0.01528,0.01354,0.00646,0.00821,0.00971,0.00624,0.01108
1793,0.01040,0.01772,0.01635,0.01221,0.01534,0.02457,0.00411,0.00614,0.00825,0.00918,0.01223,0.02036,0.03250,0.01043,0.01172,0.02737,0.01457,0.01194,0.00820,0.01678,0.08928,0.21632,0.00653,0.01685,0.01761,,0.02216,0.01100,0.03343,0.01066,0.02161,0.00953,0.00652,0.03199,0.01159,0.01818,0.02027,0.01572,0.01304,0.01736,0.01535,0.01355,0.00648,0.00822,0.00974,0.00623,0.01128
1794,0.01029,0.01780,0.01638,0.01221,0.01540,0.02453,0.00411,0.00614,0.00823,0.00919,0.01232,0.02033,0.03261,0.01045,0.01170,0.02743,0.01459,0.01196,0.00824,0.01684,0.08946,0.21676,0.00655,0.01686,0.01762,,0.02220,0.01102,0.03354,0.01067,0.02167,0.00956,0.00654,0.03209,0.01160,0.01822,0.02033,0.01576,0.01304,0.01738,0.01540,0.01357,0.00649,0.00824,0.00975,0.00624,0.01135
1795,0.01015,0.01782,0.01644,0.01221,0.01536,0.02441,0.00401,0.00619,0.00819,0.00921,0.01239,0.02024,0.03265,0.01047,0.01169,0.02749,0.01459,0.01196,0.00828,0.01684,0.08965,0.21709,0.00653,0.01682,0.01759,,0.02222,0.01102,0.03363,0.01068,0.02170,0.00955,0.00658,0.03218,0.01163,0.01822,0.02044,0.01584,0.01306,0.01744,0.01543,0.01361,0.00648,0.00828,0.00971,0.00622,0.01137
1796,0.01016,0.01782,0.01647,0.01224,0.01536,0.02436,0.00400,0.00620,0.00816,0.00920,0.01238,0.02023,0.03270,0.01048,0.01170,0.02754,0.01461,0.01197,0.00830,0.01688,0.08983,0.21747,0.00653,0.01684,0.01759,,0.02227,0.01103,0.03374,0.01070,0.02173,0.00956,0.00662,0.03228,0.01167,0.01827,0.02048,0.01588,0.01306,0.01747,0.01545,0.01365,0.00648,0.00829,0.00969,0.00625,0.01139
1797,0.01041,0.01762,0.01649,0.01233,0.01532,0.02446,0.00402,0.00623,0.00824,0.00919,0.01222,0.02021,0.03268,0.01044,0.01180,0.02753,0.01466,0.01200,0.00833,0.01696,0.09002,0.21792,0.00653,0.01691,0.01757,,0.02234,0.01107,0.03386,0.01079,0.02176,0.00958,0.00666,0.03236,0.01173,0.01835,0.02049,0.01591,0.01300,0.01745,0.01548,0.01371,0.00648,0.00832,0.00969,0.00635,0.01133
1798,0.01037,0.01764,0.01650,0.01238,0.01531,0.02445,0.00405,0.00626,0.00828,0.00919,0.01219,0.02024,0.03271,0.01046,0.01185,0.02757,0.01471,0.01200,0.00836,0.01702,0.09021,0.21837,0.00654,0.01698,0.01759,,0.02239,0.01110,0.03397,0.01083,0.02180,0.00959,0.00670,0.03243,0.01177,0.01841,0.02050,0.01591,0.01302,0.01749,0.01550,0.01375,0.00649,0.00833,0.00970,0.00643,0.01130
1799,0.01027,0.01784,0.01643,0.01246,0.01538,0.02434,0.00416,0.00630,0.00828,0.00914,0.01213,0.02042,0.03279,0.01050,0.01190,0.02761,0.01476,0.01195,0.00839,0.01707,0.09039,0.21883,0.00657,0.01711,0.01770,,0.02245,0.01113,0.03412,0.01083,0.02185,0.00961,0.00676,0.03253,0.01182,0.01853,0.02043,0.01584,0.01310,0.01755,0.01546,0.01378,0.00653,0.00824,0.00977,0.00660,0.01128
1800,0.01020,0.01793,0.01646,0.01245,0.01538,0.02434,0.00421,0.00631,0.00825,0.00917,0.01216,0.02051,0.03289,0.01053,0.01191,0.02769,0.01481,0.01196,0.00839,0.01714,0.09056,0.21928,0.00660,0.01720,0.01775,,0.02250,0.01118,0.03423,0.01083,0.02189,0.00964,0.00681,0.03261,0.01185,0.01860,0.02044,0.01583,0.01314,0.01757,0.01549,0.01383,0.00654,0.00821,0.00982,0.00666,0.01127
1801,0.01325,0.01665,0.01720,0.01302,0.01456,0.02674,0.00599,0.00739,0.00910,0.01019,0.01132,0.02193,0.03205,0.01175,0.01025,0.02654,0.01480,0.01141,0.01315,0.02283,0.09402,0.23992,0.00666,0.01696,0.02218,,0.02526,0.01120,0.03592,0.00880,0.01196,0.01074,0.00642,0.03026,0.01289,0.01793,0.01477,0.02124,0.01300,0.02231,0.01912,0.01271,0.00825,0.00906,0.01191,0.00847,0.00993
1802,0.01340,0.01692,0.01710,0.01298,0.01472,0.02685,0.00619,0.00754,0.00922,0.01037,0.01118,0.02182,0.03214,0.01175,0.01032,0.02650,0.01490,0.01140,0.01266,0.02283,0.09424,0.24036,0.00660,0.01721,0.02233,,0.02538,0.01120,0.03601,0.00879,0.01199,0.01074,0.00648,0.03035,0.01298,0.01792,0.01488,0.02128,0.01308,0.02236,0.01942,0.01277,0.00819,0.00915,0.01215,0.00853,0.01012
1803,0.01392,0.01715,0.01699,0.01310,0.01487,0.02691,0.00640,0.00780,0.00908,0.01040,0.01114,0.02181,0.03208,0.01182,0.01050,0.02663,0.01479,0.01140,0.01216,0.02284,0.09454,0.24091,0.00681,0.01721,0.02251,,0.02553,0.01126,0.03612,0.00880,0.01203,0.01081,0.00651,0.03046,0.01303,0.01794,0.01493,0.02134,0.01312,0.02245,0.01976,0.01288,0.00817,0.00912,0.01215,0.00849,0.00992
1804,0.01428,0.01729,0.01686,0.01313,0.01493,0.02628,0.00644,0.00784,0.00910,0.01039,0.01097,0.02185,0.03214,0.01183,0.01069,0.02685,0.01475,0.01135,0.01163,0.02294,0.09476,0.24141,0.00691,0.01713,0.02264,,0.02554,0.01131,0.03622,0.00889,0.01207,0.01085,0.00656,0.03061,0.01308,0.01794,0.01496,0.02140,0.01318,0.02240,0.01972,0.01306,0.00818,0.00918,0.01212,0.00874,0.01016
1805,0.01444,0.01743,0.01688,0.01330,0.01493,0.02625,0.00654,0.00781,0.00915,0.01042,0.01099,0.02188,0.03218,0.01187,0.01083,0.02696,0.01479,0.01140,0.01113,0.02301,0.09500,0.24190,0.00697,0.01716,0.02270,,0.02555,0.01137,0.03636,0.00890,0.01210,0.01087,0.00660,0.03073,0.01315,0.01801,0.01502,0.02151,0.01323,0.02248,0.01986,0.01312,0.00820,0.00924,0.01211,0.00892,0.01037
1806,0.01493,0.01761,0.01706,0.01382,0.01468,0.02656,0.00663,0.00754,0.00918,0.01045,0.01129,0.02173,0.03219,0.01185,0.01097,0.02704,0.01477,0.01167,0.01049,0.02306,0.09525,0.24237,0.00712,0.01712,0.02270,,0.02541,0.01149,0.03649,0.00883,0.01212,0.01095,0.00664,0.03082,0.01322,0.01813,0.01503,0.02172,0.01325,0.02269,0.02000,0.01306,0.00833,0.00927,0.01196,0.00892,0.01036
1807,0.01478,0.01772,0.01708,0.01398,0.01461,0.02669,0.00674,0.00762,0.00934,0.01042,0.01135,0.02185,0.03229,0.01192,0.01097,0.02709,0.01484,0.01175,0.01009,0.02311,0.09549,0.24275,0.00720,0.01715,0.02274,,0.02544,0.01155,0.03665,0.00882,0.01214,0.01097,0.00666,0.03093,0.01324,0.01821,0.01512,0.02177,0.01329,0.02278,0.02011,0.01306,0.00842,0.00937,0.01195,0.00913,0.01035
1808,0.01322,0.01769,0.01715,0.01403,0.01456,0.02705,0.00689,0.00775,0.00983,0.01042,0.01142,0.02237,0.03255,0.01209,0.01080,0.02707,0.01520,0.01176,0.00970,0.02319,0.09572,0.24298,0.00708,0.01731,0.02264,,0.02553,0.01159,0.03691,0.00882,0.01216,0.01086,0.00665,0.03106,0.01327,0.01833,0.01538,0.02168,0.01336,0.02284,0.02020,0.01295,0.00842,0.00962,0.01204,0.00974,0.01060
1809,0.01297,0.01772,0.01724,0.01402,0.01464,0.02729,0.00706,0.00793,0.01007,0.01030,0.01148,0.02259,0.03263,0.01217,0.01077,0.02707,0.01533,0.01179,0.00957,0.02325,0.09592,0.24342,0.00706,0.01743,0.02270,,0.02561,0.01163,0.03707,0.00882,0.01218,0.01089,0.00668,0.03114,0.01330,0.01844,0.01547,0.02175,0.01343,0.02292,0.02040,0.01299,0.00850,0.00972,0.01213,0.01007,0.01084
1810,0.01298,0.01769,0.01710,0.01349,0.01490,0.02723,0.00724,0.00868,0.01040,0.00994,0.01117,0.02292,0.03260,0.01225,0.01058,0.02690,0.01534,0.01162,0.00980,0.02331,0.09609,0.24386,0.00709,0.01763,0.02296,,0.02585,0.01163,0.03714,0.00886,0.01219,0.01100,0.00667,0.03120,0.01325,0.01847,0.01543,0.02179,0.01358,0.02294,0.02066,0.01327,0.00874,0.00971,0.01253,0.01033,0.01075
1811,0.01327,0.01777,0.01714,0.01342,0.01502,0.02741,0.00735,0.00893,0.01058,0.00988,0.01121,0.02296,0.03274,0.01231,0.01060,0.02698,0.01539,0.01166,0.00977,0.02342,0.09636,0.24428,0.00713,0.01774,0.02308,,0.02599,0.01166,0.03727,0.00892,0.01221,0.01109,0.00674,0.03127,0.01326,0.01859,0.01550,0.02190,0.01369,0.02298,0.02078,0.01344,0.00888,0.00982,0.01272,0.01066,0.01096
1812,0.01405,0.01789,0.01744,0.01352,0.01524,0.02774,0.00742,0.00867,0.01069,0.00980,0.01156,0.02241,0.03291,0.01231,0.01095,0.02728,0.01536,0.01186,0.00982,0.02358,0.09670,0.24493,0.00721,0.01778,0.02327,,0.02606,0.01171,0.03739,0.00903,0.01228,0.01127,0.00691,0.03125,0.01344,0.01890,0.01560,0.02220,0.01382,0.02304,0.02074,0.01368,0.00895,0.00986,0.01279,0.01096,0.01168
1813,0.01637,0.01819,0.01781,0.01391,0.01521,0.02818,0.00736,0.00864,0.01007,0.00988,0.01210,0.02199,0.03302,0.01230,0.01127,0.02751,0.01538,0.01206,0.00981,0.02364,0.09692,0.24540,0.00717,0.01782,0.02328,,0.02601,0.01169,0.03749,0.00905,0.01232,0.01136,0.00707,0.03129,0.01339,0.01905,0.01558,0.02251,0.01375,0.02305,0.02098,0.01380,0.00913,0.01009,0.01270,0.01106,0.01255
1814,0.01832,0.01828,0.01780,0.01429,0.01522,0.02864,0.00742,0.00867,0.00976,0.01061,0.01185,0.02251,0.03310,0.01250,0.01169,0.02789,0.01565,0.01211,0.00976,0.02387,0.09728,0.24592,0.00735,0.01806,0.02330,,0.02614,0.01175,0.03767,0.00907,0.01233,0.01137,0.00712,0.03150,0.01328,0.01907,0.01554,0.02268,0.01384,0.02311,0.02108,0.01410,0.00927,0.01044,0.01307,0.01138,0.01294
1815,0.01874,0.01827,0.01777,0.01469,0.01537,0.02917,0.00772,0.00859,0.01000,0.01070,0.01165,0.02297,0.03330,0.01255,0.01159,0.02806,0.01589,0.01235,0.00980,0.02401,0.09759,0.24609,0.00760,0.01806,0.02323,,0.02612,0.01189,0.03786,0.00905,0.01235,0.01134,0.00707,0.03169,0.01332,0.01929,0.01564,0.02254,0.01399,0.02316,0.02137,0.01422,0.00937,0.01072,0.01316,0.01172,0.01316
1816,0.01912,0.01843,0.01786,0.01490,0.01545,0.02947,0.00774,0.00887,0.01015,0.01110,0.01183,0.02300,0.03348,0.01261,0.01165,0.02817,0.01591,0.01242,0.00984,0.02402,0.09795,0.24627,0.00777,0.01818,0.02326,,0.02620,0.01196,0.03800,0.00912,0.01236,0.01130,0.00701,0.03177,0.01336,0.01947,0.01575,0.02256,0.01405,0.02320,0.02154,0.01447,0.00953,0.01073,0.01340,0.01198,0.01357
1817,0.01882,0.01858,0.01783,0.01467,0.01565,0.02928,0.00738,0.00981,0.01078,0.01196,0.01147,0.02339,0.03345,0.01271,0.01147,0.02791,0.01573,0.01213,0.01019,0.02376,0.09821,0.24646,0.00801,0.01861,0.02340,,0.02644,0.01206,0.03813,0.00925,0.01233,0.01117,0.00670,0.03185,0.01340,0.01958,0.01580,0.02245,0.01409,0.02328,0.02158,0.01505,0.00978,0.01015,0.01410,0.01220,0.01389
1818,0.01854,0.01854,0.01797,0.01466,0.01589,0.02955,0.00764,0.01035,0.01125,0.01218,0.01170,0.02337,0.03349,0.01284,0.01165,0.02800,0.01582,0.01207,0.01036,0.02378,0.09865,0.24682,0.00811,0.01882,0.02352,,0.02649,0.01216,0.03825,0.00933,0.01233,0.01114,0.00668,0.03190,0.01343,0.01976,0.01592,0.02254,0.01417,0.02337,0.02192,0.01539,0.00999,0.01015,0.01446,0.01247,0.01428
1819,0.01671,0.01847,0.01861,0.01469,0.01611,0.02977,0.00851,0.01123,0.01163,0.01210,0.01357,0.02170,0.03381,0.01288,0.01232,0.02828,0.01581,0.01211,0.01039,0.02370,0.09945,0.24677,0.00788,0.01874,0.02351,,0.02641,0.01227,0.03826,0.00953,0.01234,0.01111,0.00691,0.03171,0.01354,0.02007,0.01620,0.02288,0.01419,0.02340,0.02249,0.01540,0.01020,0.01028,0.01468,0.01229,0.01477
1820,0.01698,0.01872,0.01881,0.01486,0.01629,0.03017,0.00881,0.01151,0.01178,0.01207,0.01457,0.02168,0.03401,0.01299,0.01274,0.02841,0.01586,0.01221,0.01041,0.02385,0.09994,0.24730,0.00809,0.01890,0.02373,,0.02646,0.01231,0.03841,0.00955,0.01237,0.01113,0.00699,0.03179,0.01357,0.02023,0.01644,0.02306,0.01424,0.02352,0.02288,0.01558,0.01041,0.01051,0.01478,0.01294,0.01523
1821,0.01829,0.01903,0.01894,0.01516,0.01679,0.03102,0.00926,0.01099,0.01178,0.01127,0.01541,0.02298,0.03401,0.01313,0.01333,0.02862,0.01612,0.01236,0.01042,0.02445,0.10027,0.24895,0.00849,0.01928,0.02411,,0.02651,0.01234,0.03868,0.00939,0.01243,0.01129,0.00717,0.03204,0.01344,0.02013,0.01676,0.02327,0.01432,0.02374,0.02336,0.01557,0.01053,0.01119,0.01449,0.01423,0.01519
1822,0.02029,0.01917,0.01850,0.01561,0.01682,0.03191,0.00962,0.01070,0.01149,0.01028,0.01557,0.02424,0.03388,0.01339,0.01352,0.02866,0.01684,0.01277,0.01046,0.02507,0.10052,0.24939,0.00889,0.01928,0.02459,,0.02645,0.01229,0.03887,0.00915,0.01245,0.01127,0.00719,0.03231,0.01351,0.02046,0.01687,0.02342,0.01454,0.02397,0.02438,0.01604,0.01087,0.01201,0.01435,0.01576,0.01634
1823,0.02200,0.01958,0.01820,0.01584,0.01622,0.03226,0.01020,0.01118,0.01111,0.01111,0.01575,0.02598,0.03446,0.01376,0.01377,0.02860,0.01707,0.01313,0.01070,0.02515,0.10097,0.24983,0.00960,0.01934,0.02482,,0.02653,0.01219,0.03906,0.00901,0.01244,0.01130,0.00713,0.03267,0.01358,0.02076,0.01690,0.02365,0.01478,0.02413,0.02489,0.01674,0.01113,0.01319,0.01477,0.01861,0.01832
1824,0.02268,0.02017,0.01840,0.01604,0.01570,0.03331,0.00967,0.01086,0.01276,0.01186,0.01473,0.02628,0.03494,0.01416,0.01299,0.02855,0.01670,0.01309,0.01087,0.02527,0.10117,0.25031,0.01005,0.01969,0.02497,,0.02659,0.01202,0.03919,0.00921,0.01240,0.01153,0.00709,0.03290,0.01366,0.02095,0.01736,0.02387,0.01465,0.02418,0.02519,0.01753,0.01167,0.01352,0.01433,0.02039,0.01936
1825,0.02561,0.02014,0.01888,0.01609,0.01589,0.03272,0.00950,0.01253,0.01403,0.01367,0.01433,0.02497,0.03542,0.01418,0.01370,0.02859,0.01679,0.01291,0.01128,0.02508,0.10187,0.25021,0.00958,0.01986,0.02510,,0.02654,0.01193,0.03931,0.00947,0.01240,0.01160,0.00707,0.03283,0.01389,0.02153,0.01773,0.02424,0.01461,0.02416,0.02630,0.01823,0.01260,0.01352,0.01461,0.02097,0.01974
1826,0.02572,0.01986,0.01929,0.01601,0.01692,0.03278,0.01164,0.01503,0.01388,0.01588,0.01637,0.02567,0.03571,0.01423,0.01483,0.02864,0.01714,0.01243,0.01200,0.02470,0.10314,0.25107,0.00937,0.01994,0.02487,,0.02662,0.01205,0.03942,0.00952,0.01248,0.01153,0.00714,0.03276,0.01407,0.02194,0.01762,0.02451,0.01479,0.02415,0.02799,0.01847,0.01289,0.01394,0.01690,0.02354,0.01966
1827,0.02543,0.02021,0.01948,0.01644,0.01761,0.03347,0.01205,0.01589,0.01467,0.01666,0.01780,0.02618,0.03577,0.01456,0.01566,0.02882,0.01731,0.01254,0.01243,0.02474,0.10374,0.25141,0.00976,0.02010,0.02502,,0.02678,0.01215,0.03951,0.00965,0.01256,0.01157,0.00719,0.03286,0.01420,0.02215,0.01782,0.02468,0.01501,0.02426,0.02898,0.01893,0.01319,0.01454,0.01812,0.02488,0.02118
1828,0.02583,0.02134,0.01927,0.01773,0.01952,0.03435,0.00980,0.01546,0.01563,0.01551,0.02097,0.02741,0.03479,0.01499,0.01801,0.02931,0.01730,0.01344,0.01226,0.02527,0.10345,0.25151,0.01082,0.02029,0.02596,,0.02725,0.01239,0.03959,0.00980,0.01286,0.01156,0.00726,0.03299,0.01440,0.02202,0.01850,0.02435,0.01540,0.02455,0.02927,0.01881,0.01304,0.01474,0.01930,0.02384,0.02388
1829,0.02640,0.02169,0.01917,0.01793,0.02017,0.03506,0.00973,0.01578,0.01543,0.01564,0.02283,0.02823,0.03510,0.01521,0.01916,0.02964,0.01774,0.01401,0.01249,0.02533,0.10409,0.25233,0.01159,0.02065,0.02633,,0.02748,0.01255,0.03976,0.00978,0.01295,0.01163,0.00731,0.03310,0.01450,0.02230,0.01875,0.02454,0.01558,0.02474,0.03027,0.01943,0.01347,0.01538,0.02023,0.02563,0.02582
1830,0.02315,0.02189,0.01894,0.01776,0.01913,0.03707,0.01112,0.01386,0.01499,0.01442,0.02293,0.02900,0.03670,0.01528,0.01784,0.02980,0.01869,0.01501,0.01318,0.02524,0.10480,0.25343,0.01356,0.02132,0.02626,,0.02762,0.01274,0.03995,0.00964,0.01286,0.01195,0.00735,0.03344,0.01442,0.02264,0.01865,0.02518,0.01586,0.02504,0.03052,0.02132,0.01397,0.01745,0.01962,0.02917,0.02916
1831,0.02270,0.02247,0.01888,0.01792,0.01898,0.03898,0.01105,0.01333,0.01645,0.01384,0.02388,0.02936,0.03734,0.01594,0.01786,0.03008,0.01903,0.01558,0.01342,0.02549,0.10564,0.25390,0.01460,0.02173,0.02649,,0.02772,0.01286,0.04007,0.00968,0.01283,0.01213,0.00746,0.03367,0.01443,0.02290,0.01889,0.02553,0.01610,0.02524,0.03186,0.02225,0.01501,0.01874,0.02009,0.03146,0.03277
1832,0.02456,0.02254,0.01882,0.01734,0.01853,0.04038,0.01077,0.01415,0.01834,0.01465,0.02389,0.02950,0.03867,0.01696,0.01835,0.03036,0.01916,0.01568,0.01332,0.02564,0.10726,0.25529,0.01456,0.02240,0.02669,,0.02773,0.01296,0.04033,0.00962,0.01272,0.01232,0.00770,0.03380,0.01449,0.02325,0.01926,0.02604,0.01600,0.02523,0.03488,0.02262,0.01759,0.01981,0.02002,0.03498,0.03606
1833,0.02793,0.02303,0.01854,0.01702,0.01918,0.04410,0.01206,0.01499,0.01704,0.01405,0.02619,0.02843,0.03895,0.01770,0.01700,0.03037,0.01969,0.01549,0.01320,0.02620,0.10980,0.25529,0.01449,0.02246,0.02647,,0.02757,0.01288,0.04028,0.00952,0.01253,0.01227,0.00771,0.03377,0.01435,0.02368,0.01885,0.02665,0.01589,0.02535,0.03833,0.02268,0.01895,0.01859,0.02346,0.03967,0.03488
1834,0.03124,0.02499,0.01912,0.01705,0.01983,0.04565,0.01225,0.01448,0.02376,0.01235,0.02925,0.02811,0.03760,0.01778,0.01762,0.03020,0.02001,0.01516,0.01339,0.02661,0.11099,0.25354,0.01580,0.02205,0.02674,,0.02745,0.01283,0.04010,0.01002,0.01255,0.01233,0.00764,0.03375,0.01450,0.02462,0.01948,0.02603,0.01642,0.02593,0.04199,0.02393,0.01944,0.01926,0.02690,0.03951,0.03547
1835,0.03233,0.02670,0.02036,0.01743,0.02086,0.04731,0.01199,0.01670,0.02712,0.01577,0.03404,0.03013,0.03557,0.01954,0.02221,0.03191,0.01992,0.01590,0.01315,0.02792,0.11144,0.25441,0.01659,0.02168,0.02866,,0.02749,0.01325,0.04043,0.01021,0.01292,0.01227,0.00790,0.03390,0.01466,0.02517,0.02028,0.02525,0.01631,0.02630,0.04524,0.02587,0.02050,0.02067,0.02861,0.04301,0.04211
1836,0.03805,0.02720,0.02058,0.01788,0.02173,0.05409,0.01245,0.02015,0.02329,0.02273,0.03647,0.03082,0.03412,0.02101,0.02430,0.03331,0.02029,0.01744,0.01346,0.02929,0.11305,0.25398,0.01817,0.02275,0.02941,,0.02718,0.01315,0.04048,0.01004,0.01306,0.01220,0.00792,0.03380,0.01427,0.02546,0.02035,0.02583,0.01683,0.02629,0.04550,0.03055,0.02073,0.02089,0.03142,0.05105,0.04851
1837,0.04007,0.02813,0.02101,0.01799,0.02155,0.05729,0.01721,0.02433,0.02644,0.02887,0.03644,0.03544,0.03587,0.02285,0.02581,0.03290,0.02261,0.01808,0.01574,0.02905,0.11543,0.25518,0.02025,0.02458,0.02838,,0.02705,0.01313,0.04037,0.01006,0.01322,0.01229,0.00797,0.03385,0.01416,0.02660,0.02083,0.02667,0.01781,0.02666,0.04732,0.03546,0.02257,0.02397,0.03260,0.05760,0.05460
1838,0.03893,0.02848,0.02160,0.01848,0.02176,0.05984,0.02028,0.03013,0.02909,0.03426,0.03923,0.03731,0.03788,0.02438,0.02865,0.03291,0.02353,0.01887,0.01745,0.02885,0.11743,0.25679,0.02177,0.02556,0.02882,,0.02715,0.01313,0.04030,0.01002,0.01339,0.01227,0.00803,0.03391,0.01436,0.02721,0.02147,0.02722,0.01812,0.02685,0.04993,0.03753,0.02542,0.02607,0.03420,0.06594,0.05903
1839,0.03257,0.02641,0.02127,0.01971,0.02189,0.06471,0.02073,0.03898,0.02933,0.04380,0.04688,0.03399,0.04296,0.02750,0.03130,0.03174,0.02286,0.01952,0.01862,0.02776,0.11919,0.25923,0.02132,0.02571,0.02903,,0.02764,0.01273,0.03992,0.00955,0.01346,0.01212,0.00791,0.03408,0.01493,0.02648,0.02158,0.02892,0.01818,0.02637,0.05033,0.03296,0.03121,0.02682,0.03563,0.08080,0.05991
1840,0.03289,0.02640,0.02165,0.02115,0.02220,0.06912,0.02310,0.04475,0.03055,0.04783,0.04919,0.03490,0.04516,0.02981,0.03216,0.03223,0.02263,0.02056,0.02061,0.02825,0.12184,0.26016,0.02270,0.02765,0.02998,,0.02765,0.01256,0.03962,0.00967,0.01355,0.01219,0.00786,0.03405,0.01499,0.02651,0.02242,0.02972,0.01838,0.02631,0.05417,0.03487,0.03489,0.02795,0.04055,0.09169,0.06907
1841,0.03296,0.02748,0.02299,0.02311,0.02265,0.06580,0.02704,0.04724,0.03884,0.04073,0.04460,0.03798,0.04828,0.03097,0.03249,0.03309,0.02219,0.02205,0.02400,0.02889,0.12427,0.26163,0.02485,0.03103,0.03149,,0.02773,0.01260,0.03919,0.01058,0.01375,0.01249,0.00788,0.03400,0.01523,0.02683,0.02432,0.02970,0.01797,0.02680,0.06424,0.03761,0.03851,0.02866,0.04997,0.09414,0.07861
1842,0.03069,0.02895,0.02406,0.02388,0.02286,0.06650,0.03045,0.05768,0.03770,0.03692,0.04735,0.03843,0.04720,0.02862,0.03346,0.03606,0.01936,0.02222,0.02651,0.02941,0.12771,0.26051,0.02740,0.03251,0.03746,,0.02745,0.01276,0.03935,0.01058,0.01367,0.01229,0.00810,0.03386,0.01512,0.02770,0.02600,0.02887,0.01754,0.02672,0.07186,0.04155,0.04267,0.03132,0.05149,0.10854,0.09504
1843,0.04090,0.02938,0.02477,0.02502,0.02295,0.08677,0.03294,0.06182,0.03081,0.04457,0.05481,0.04048,0.04545,0.02727,0.03632,0.03928,0.02067,0.02230,0.02818,0.03139,0.13190,0.26028,0.03152,0.03244,0.04028,,0.02727,0.01246,0.03961,0.00998,0.01356,0.01262,0.00782,0.03343,0.01487,0.02812,0.02686,0.02832,0.01808,0.02615,0.07020,0.04654,0.04077,0.03109,0.05564,0.14755,0.12920
1844,0.04292,0.03043,0.02584,0.02780,0.02200,0.09821,0.03606,0.06943,0.03256,0.04652,0.05878,0.04893,0.04758,0.03165,0.03981,0.04198,0.02583,0.02405,0.02877,0.03458,0.13876,0.26498,0.03475,0.03222,0.03901,,0.02695,0.01316,0.03962,0.00997,0.01375,0.01292,0.00794,0.03338,0.01412,0.02839,0.02681,0.02877,0.01863,0.02615,0.06715,0.04817,0.04187,0.03646,0.06351,0.16702,0.16441
1845,0.03690,0.03104,0.02658,0.02640,0.02215,0.09047,0.03187,0.07999,0.03489,0.05251,0.07197,0.06225,0.04606,0.03675,0.04620,0.04218,0.02804,0.02632,0.03192,0.03526,0.14375,0.26408,0.03646,0.03083,0.03928,,0.02650,0.01356,0.03890,0.00986,0.01413,0.01256,0.00821,0.03347,0.01355,0.02854,0.02610,0.02852,0.01890,0.02589,0.07137,0.04779,0.04354,0.05090,0.06248,0.16702,0.15529
1846,0.04182,0.02994,0.02944,0.02541,0.02333,0.09903,0.02901,0.08426,0.05457,0.06478,0.07545,0.06625,0.05445,0.03855,0.06022,0.03976,0.03357,0.02873,0.03552,0.03681,0.14586,0.26779,0.04014,0.02984,0.03897,,0.02705,0.01327,0.03837,0.00998,0.01459,0.01260,0.00800,0.03357,0.01399,0.02889,0.02628,0.02760,0.01955,0.02609,0.07841,0.04722,0.04307,0.05909,0.06189,0.16775,0.14311
1847,0.04446,0.03108,0.03142,0.02704,0.02308,0.10961,0.03295,0.09037,0.06949,0.06549,0.07066,0.06235,0.06371,0.04468,0.06999,0.03892,0.03440,0.03362,0.03269,0.04064,0.14692,0.27217,0.04214,0.03213,0.03906,,0.02758,0.01343,0.03786,0.01053,0.01483,0.01249,0.00779,0.03351,0.01429,0.02862,0.02657,0.02831,0.02038,0.02644,0.08681,0.04981,0.04501,0.06740,0.07530,0.16531,0.15203
1848,0.04919,0.03429,0.02903,0.02590,0.02369,0.11440,0.04149,0.10493,0.05570,0.07394,0.06966,0.06006,0.06037,0.05075,0.06835,0.03958,0.03090,0.03292,0.03442,0.04225,0.14664,0.26494,0.04287,0.03754,0.03977,,0.02733,0.01331,0.03713,0.01069,0.01516,0.01182,0.00805,0.03291,0.01426,0.02895,0.02748,0.02965,0.02093,0.02648,0.10031,0.06254,0.04827,0.08013,0.08467,0.18109,0.15932
1849,0.05246,0.03538,0.02783,0.02647,0.02365,0.11500,0.04746,0.11223,0.05702,0.07434,0.06839,0.06038,0.06180,0.05320,0.06597,0.03963,0.03005,0.03113,0.03551,0.04209,0.14502,0.26337,0.04220,0.03904,0.03955,,0.02700,0.01312,0.03709,0.01080,0.01501,0.01162,0.00815,0.03236,0.01426,0.03004,0.02731,0.02968,0.02077,0.02675,0.10881,0.06820,0.05246,0.08165,0.08436,0.19252,0.16957
1850,0.05858,0.03672,0.02556,0.03176,0.02135,0.11412,0.05442,0.11281,0.05868,0.06500,0.06823,0.05299,0.07009,0.05020,0.05789,0.03978,0.02868,0.02457,0.03256,0.03575,0.13758,0.26667,0.03670,0.03374,0.03546,,0.02669,0.01268,0.03846,0.01044,0.01392,0.01171,0.00805,0.03121,0.01446,0.03270,0.02567,0.02898,0.01969,0.02704,0.10496,0.06293,0.05885,0.05864,0.07511,0.24725,0.20724
1851,0.05816,0.03587,0.02424,0.03153,0.02117,0.10590,0.06173,0.11515,0.05238,0.06306,0.07891,0.05413,0.07153,0.04828,0.06032,0.04044,0.02888,0.02437,0.02976,0.03443,0.13503,0.26541,0.03524,0.03487,0.03416,,0.02635,0.01253,0.03834,0.01006,0.01345,0.01184,0.00798,0.03067,0.01448,0.03295,0.02536,0.02896,0.01911,0.02690,0.10461,0.06222,0.06062,0.05323,0.07813,0.26865,0.21924
1852,0.05099,0.03224,0.02289,0.02875,0.02250,0.07765,0.06558,0.11401,0.04023,0.06726,0.10540,0.06439,0.06465,0.04144,0.06014,0.04050,0.03179,0.02538,0.02892,0.03401,0.13342,0.26497,0.03431,0.03974,0.03392,,0.02549,0.01248,0.03757,0.00969,0.01317,0.01213,0.00814,0.03034,0.01428,0.03271,0.02526,0.02870,0.01788,0.02661,0.10448,0.06330,0.06172,0.04953,0.07942,0.26969,0.19899
1853,0.04788,0.02924,0.02197,0.02439,0.02279,0.09275,0.06671,0.11655,0.05222,0.04701,0.10238,0.08405,0.06543,0.04077,0.06593,0.04230,0.03276,0.02489,0.02702,0.03577,0.13528,0.26009,0.03558,0.03953,0.03735,,0.02485,0.01239,0.03750,0.00939,0.01251,0.01254,0.00797,0.03038,0.01412,0.03259,0.02508,0.02753,0.01742,0.02704,0.10757,0.06419,0.05917,0.05217,0.07246,0.22058,0.20670
1854,0.04909,0.02840,0.02222,0.02135,0.02413,0.08194,0.06205,0.11926,0.05513,0.03055,0.09834,0.08838,0.05936,0.04282,0.08028,0.04748,0.02807,0.02680,0.02587,0.03647,0.13384,0.24271,0.03523,0.03975,0.03531,,0.02472,0.01204,0.03711,0.00861,0.01230,0.01257,0.00744,0.03028,0.01391,0.03047,0.02473,0.02773,0.01816,0.02612,0.10546,0.06321,0.06120,0.05749,0.07269,0.19649,0.24211
1855,0.05710,0.02946,0.02187,0.01886,0.02354,0.07243,0.07003,0.11574,0.05349,0.04538,0.09732,0.07364,0.05336,0.04053,0.08565,0.04966,0.02856,0.03281,0.02956,0.04358,0.13034,0.24081,0.03779,0.03984,0.03603,,0.02512,0.01210,0.03630,0.00870,0.01297,0.01260,0.00727,0.02991,0.01385,0.02785,0.02527,0.02870,0.01899,0.02615,0.09545,0.06335,0.05768,0.06629,0.07779,0.20070,0.27216
1856,0.06512,0.03100,0.02068,0.01878,0.02025,0.09102,0.06887,0.09985,0.06011,0.06701,0.08775,0.06806,0.05268,0.05543,0.08309,0.04926,0.02599,0.02943,0.03516,0.04798,0.13334,0.24787,0.03792,0.03286,0.03980,,0.02528,0.01173,0.03609,0.00917,0.01365,0.01273,0.00745,0.02930,0.01389,0.02706,0.02345,0.02788,0.01803,0.02656,0.09139,0.06454,0.05665,0.07467,0.07187,0.19185,0.25600
1857,0.06554,0.03121,0.02298,0.02045,0.02097,0.09348,0.05872,0.10215,0.06591,0.07771,0.07606,0.06249,0.05522,0.06807,0.07858,0.04686,0.02475,0.02479,0.04170,0.04225,0.13736,0.24522,0.03470,0.03141,0.03685,,0.02560,0.01083,0.03608,0.00887,0.01387,0.01276,0.00756,0.02895,0.01374,0.02806,0.02132,0.02613,0.01698,0.02554,0.08806,0.06283,0.06607,0.07334,0.06832,0.21878,0.21903
1858,0.06909,0.03204,0.02577,0.02062,0.02030,0.09571,0.05913,0.11400,0.07095,0.07802,0.06634,0.06336,0.06861,0.06349,0.07576,0.03905,0.03242,0.03141,0.04217,0.04170,0.13881,0.25097,0.03611,0.03708,0.03443,,0.02581,0.01079,0.03540,0.00918,0.01373,0.01252,0.00782,0.02889,0.01380,0.02828,0.02200,0.02575,0.01693,0.02544,0.08448,0.05746,0.06390,0.06680,0.07427,0.25005,0.18898
1859,0.06481,0.03213,0.02478,0.01876,0.01839,0.13044,0.05443,0.11006,0.06672,0.07918,0.05448,0.07870,0.07078,0.06000,0.07414,0.03370,0.03229,0.02987,0.03634,0.04194,0.13884,0.25394,0.03778,0.03790,0.03441,,0.02512,0.01083,0.03478,0.00923,0.01340,0.01172,0.00784,0.02865,0.01409,0.02708,0.02291,0.02553,0.01588,0.02557,0.08779,0.05510,0.05415,0.06265,0.06814,0.21182,0.15638
1860,0.05944,0.03208,0.02427,0.01817,0.01921,0.14791,0.05348,0.10377,0.06527,0.08158,0.05295,0.07973,0.06900,0.05620,0.07012,0.03318,0.03042,0.02638,0.03353,0.03882,0.13513,0.25078,0.03614,0.03692,0.03423,,0.02484,0.01062,0.03422,0.00892,0.01322,0.01135,0.00767,0.02825,0.01389,0.02649,0.02278,0.02503,0.01563,0.02484,0.08576,0.05401,0.05162,0.05847,0.06726,0.20627,0.14266
1861,0.04927,0.03244,0.02330,0.01784,0.02320,0.15920,0.05023,0.10096,0.06451,0.07222,0.05225,0.07899,0.06108,0.04715,0.06254,0.03706,0.02591,0.01966,0.02979,0.03312,0.12562,0.23808,0.03267,0.03510,0.03295,,0.02438,0.01043,0.03401,0.00801,0.01297,0.01080,0.00723,0.02781,0.01341,0.02580,0.02265,0.02484,0.01644,0.02337,0.08132,0.05417,0.05341,0.05228,0.06603,0.21133,0.14389
1862,0.05050,0.03359,0.02266,0.01819,0.02372,0.12328,0.05419,0.08543,0.07154,0.05724,0.05298,0.06737,0.05559,0.03579,0.05506,0.03839,0.02229,0.02092,0.02491,0.03294,0.11583,0.23357,0.02890,0.03523,0.03161,,0.02406,0.01061,0.03295,0.00841,0.01284,0.01060,0.00685,0.02713,0.01285,0.02410,0.02279,0.02569,0.01775,0.02300,0.07724,0.05304,0.04982,0.04477,0.06587,0.20553,0.16512
1863,0.04839,0.03219,0.02111,0.01809,0.02249,0.12587,0.05987,0.06450,0.07682,0.06204,0.05740,0.05894,0.05062,0.03623,0.05485,0.03660,0.01709,0.01923,0.02169,0.02971,0.11308,0.22640,0.02850,0.03176,0.03104,,0.02347,0.01049,0.03176,0.00867,0.01262,0.01037,0.00636,0.02650,0.01235,0.02390,0.02227,0.02494,0.01640,0.02265,0.08025,0.05098,0.03786,0.04775,0.05948,0.16877,0.15355
1864,0.04923,0.03078,0.02092,0.02034,0.02291,0.13168,0.06481,0.06474,0.07972,0.06751,0.05927,0.04855,0.05260,0.05248,0.06039,0.03542,0.02282,0.02017,0.02384,0.02685,0.11489,0.21775,0.02801,0.02806,0.02994,,0.02376,0.01032,0.03108,0.00818,0.01230,0.01031,0.00636,0.02619,0.01173,0.02508,0.02079,0.02332,0.01489,0.02160,0.07266,0.05173,0.03724,0.05355,0.05880,0.16858,0.14926
1865,0.05699,0.03067,0.02226,0.02165,0.02068,0.11000,0.05474,0.07213,0.06922,0.05010,0.04973,0.04686,0.04967,0.05848,0.05191,0.03207,0.02920,0.02662,0.02506,0.02917,0.11244,0.21233,0.02753,0.02932,0.02706,,0.02408,0.01049,0.03045,0.00837,0.01190,0.01005,0.00625,0.02588,0.01129,0.02480,0.02029,0.02319,0.01499,0.02142,0.06539,0.05128,0.03731,0.05376,0.05721,0.17942,0.16509
1866,0.05887,0.03093,0.02252,0.02082,0.01845,0.11257,0.04920,0.07040,0.05832,0.03770,0.04694,0.05569,0.04133,0.04547,0.04589,0.02913,0.02723,0.02878,0.02493,0.03030,0.10763,0.20775,0.03020,0.02773,0.02636,,0.02348,0.01063,0.02988,0.00831,0.01171,0.00923,0.00575,0.02564,0.01113,0.02443,0.02046,0.02261,0.01514,0.02140,0.06796,0.04529,0.03221,0.05297,0.05306,0.15751,0.16683
1867,0.05778,0.03187,0.02091,0.02122,0.01912,0.12567,0.05102,0.06600,0.04123,0.04114,0.04515,0.05676,0.03736,0.03845,0.05132,0.02943,0.02711,0.02794,0.02513,0.03019,0.10675,0.20989,0.02996,0.02581,0.02736,,0.02278,0.01035,0.02946,0.00777,0.01174,0.00889,0.00574,0.02504,0.01118,0.02343,0.01942,0.02140,0.01457,0.02108,0.06469,0.04354,0.04173,0.04534,0.04446,0.13814,0.16553
1868,0.05654,0.03167,0.01875,0.01998,0.01956,0.10230,0.03714,0.05937,0.02610,0.05270,0.03765,0.05595,0.03254,0.02502,0.04500,0.02973,0.02278,0.02419,0.02219,0.02689,0.10388,0.20995,0.02680,0.02780,0.02750,,0.02165,0.00948,0.02889,0.00794,0.01185,0.00927,0.00559,0.02405,0.01082,0.02229,0.01871,0.02095,0.01436,0.02020,0.05943,0.04117,0.05056,0.03561,0.04412,0.13461,0.15589
1869,0.05145,0.03061,0.01647,0.01810,0.01979,0.08601,0.03320,0.05529,0.03330,0.05818,0.04042,0.06546,0.03095,0.01047,0.04170,0.02879,0.01541,0.02213,0.01883,0.02423,0.09963,0.20128,0.02490,0.02862,0.02559,,0.02041,0.00928,0.02816,0.00813,0.01160,0.00926,0.00554,0.02332,0.01065,0.02192,0.01899,0.02053,0.01441,0.01943,0.05839,0.03708,0.04538,0.03528,0.05071,0.13582,0.14929
1870,0.04775,0.02874,0.01575,0.01892,0.02043,0.08433,0.03916,0.05890,0.03510,0.05671,0.04724,0.06417,0.03347,0.01604,0.04558,0.02753,0.01633,0.02340,0.01937,0.02365,0.10004,0.19379,0.02670,0.02753,0.02337,,0.02001,0.00952,0.02720,0.00788,0.01078,0.00898,0.00588,0.02229,0.01094,0.02093,0.01823,0.02040,0.01319,0.01880,0.05232,0.03517,0.04182,0.03692,0.04173,0.12642,0.14086
1871,0.04449,0.02771,0.01506,0.01912,0.02011,0.07757,0.03838,0.05961,0.03610,0.05366,0.04993,0.05935,0.03291,0.02089,0.04396,0.02620,0.01706,0.02219,0.01899,0.02289,0.09877,0.18986,0.02681,0.02606,0.02268,,0.01971,0.00929,0.02631,0.00782,0.01033,0.00892,0.00570,0.02160,0.01072,0.02015,0.01768,0.02001,0.01258,0.01823,0.05046,0.03483,0.04092,0.03593,0.03820,0.11818,0.13010
1872,0.04103,0.02652,0.01558,0.01959,0.01866,0.05140,0.02944,0.06209,0.03947,0.04569,0.05459,0.05121,0.02897,0.03123,0.03663,0.02526,0.01982,0.02076,0.01966,0.02318,0.09586,0.18597,0.02640,0.02355,0.02207,,0.02006,0.00891,0.02536,0.00790,0.00982,0.00886,0.00528,0.02104,0.01015,0.01924,0.01708,0.01988,0.01243,0.01731,0.04761,0.03530,0.03852,0.03626,0.03907,0.11787,0.11784
1873,0.03704,0.02661,0.01568,0.01971,0.01809,0.05707,0.03463,0.06107,0.04491,0.03264,0.06240,0.04958,0.02746,0.03307,0.02913,0.02335,0.01958,0.01994,0.01979,0.02477,0.08994,0.18224,0.02455,0.02123,0.02203,,0.02016,0.00903,0.02470,0.00775,0.00946,0.00863,0.00468,0.02105,0.00967,0.01886,0.01764,0.01935,0.01339,0.01737,0.05290,0.03695,0.03421,0.03761,0.04196,0.12093,0.12081
1874,0.03577,0.02583,0.01490,0.01968,0.01799,0.09503,0.04759,0.05203,0.03324,0.03042,0.04931,0.04710,0.03119,0.03460,0.02957,0.02113,0.02018,0.01866,0.02012,0.02471,0.08889,0.17943,0.02422,0.01954,0.02356,,0.01960,0.00915,0.02414,0.00729,0.00902,0.00874,0.00427,0.02038,0.00949,0.01848,0.01692,0.01874,0.01284,0.01756,0.05488,0.03509,0.03142,0.03195,0.03128,0.10957,0.11137
1875,0.03123,0.02662,0.01286,0.01859,0.01526,0.10535,0.04605,0.03862,0.03015,0.03939,0.03119,0.04775,0.03553,0.03200,0.03237,0.02127,0.02012,0.01665,0.01864,0.02320,0.08790,0.17667,0.02150,0.01858,0.02394,,0.01895,0.00843,0.02357,0.00720,0.00914,0.00913,0.00400,0.01994,0.00906,0.01830,0.01591,0.01791,0.01222,0.01743,0.05313,0.03158,0.02936,0.02671,0.03055,0.09885,0.09797
1876,0.02915,0.02707,0.01188,0.01825,0.01384,0.09175,0.04439,0.03669,0.03236,0.05066,0.03173,0.05226,0.04015,0.02310,0.02979,0.02123,0.01957,0.01682,0.01824,0.02253,0.08431,0.17147,0.01859,0.01946,0.02172,,0.01845,0.00791,0.02307,0.00712,0.00906,0.00880,0.00430,0.02000,0.00868,0.01782,0.01600,0.01751,0.01169,0.01719,0.05094,0.03099,0.02631,0.02995,0.03386,0.10134,0.09192
1877,0.03391,0.02512,0.01326,0.01717,0.01431,0.08535,0.04586,0.04061,0.02621,0.05712,0.03734,0.04261,0.03825,0.01750,0.02541,0.01992,0.01861,0.01696,0.01839,0.02163,0.08350,0.16729,0.01850,0.02026,0.02012,,0.01819,0.00775,0.02247,0.00648,0.00850,0.00846,0.00450,0.01928,0.00866,0.01686,0.01501,0.01743,0.01051,0.01658,0.04573,0.03066,0.02503,0.02897,0.03400,0.10038,0.07657
1878,0.03907,0.02371,0.01492,0.01586,0.01308,0.07697,0.03609,0.04632,0.03155,0.05421,0.04590,0.02942,0.03444,0.01732,0.02246,0.01993,0.01759,0.01442,0.01657,0.01909,0.08254,0.16619,0.01830,0.02047,0.02025,,0.01836,0.00721,0.02156,0.00638,0.00855,0.00854,0.00419,0.01878,0.00870,0.01608,0.01389,0.01744,0.01017,0.01607,0.04088,0.02770,0.02850,0.02702,0.03903,0.09161,0.07662
1879,0.03918,0.02245,0.01494,0.01583,0.01323,0.06954,0.03060,0.05040,0.03749,0.04579,0.04755,0.03047,0.03145,0.01915,0.02019,0.01923,0.01631,0.01161,0.01509,0.01653,0.07926,0.16249,0.01648,0.02107,0.02136,,0.01819,0.00718,0.02072,0.00654,0.00851,0.00822,0.00383,0.01892,0.00873,0.01574,0.01394,0.01755,0.01029,0.01569,0.04111,0.02635,0.03058,0.02823,0.03956,0.08325,0.08603
1880,0.03486,0.02221,0.01395,0.01473,0.01584,0.07262,0.03100,0.03683,0.03153,0.03917,0.03941,0.03045,0.02857,0.02237,0.01907,0.01758,0.01472,0.01114,0.01235,0.01593,0.07566,0.15514,0.01559,0.02117,0.02156,,0.01777,0.00762,0.02022,0.00618,0.00810,0.00809,0.00343,0.01855,0.00866,0.01596,0.01376,0.01717,0.01047,0.01544,0.04069,0.02578,0.02816,0.02323,0.03208,0.07668,0.07634
1881,0.03536,0.02228,0.01367,0.01422,0.01665,0.07136,0.02777,0.02940,0.03167,0.03780,0.03910,0.03225,0.02660,0.02166,0.01917,0.01752,0.01431,0.01122,0.01108,0.01584,0.07420,0.15223,0.01583,0.02121,0.02131,,0.01744,0.00756,0.01982,0.00612,0.00793,0.00800,0.00314,0.01829,0.00835,0.01594,0.01333,0.01677,0.01052,0.01507,0.03915,0.02480,0.02707,0.02104,0.02908,0.07358,0.07417
1882,0.03452,0.02391,0.01229,0.01442,0.01595,0.06744,0.02332,0.01596,0.03574,0.03802,0.03818,0.04681,0.02607,0.01788,0.02522,0.02011,0.01579,0.01322,0.01167,0.01673,0.07480,0.15005,0.01722,0.02173,0.02066,,0.01700,0.00727,0.01957,0.00631,0.00799,0.00798,0.00284,0.01834,0.00774,0.01596,0.01250,0.01630,0.01080,0.01449,0.03626,0.02204,0.02413,0.01978,0.02276,0.07142,0.08069
1883,0.03215,0.02455,0.01218,0.01476,0.01597,0.06730,0.02409,0.01297,0.03573,0.03561,0.03981,0.04970,0.02537,0.01669,0.02771,0.02061,0.01569,0.01365,0.01090,0.01646,0.07354,0.14902,0.01679,0.02119,0.02075,,0.01665,0.00722,0.01922,0.00633,0.00778,0.00763,0.00281,0.01827,0.00763,0.01601,0.01237,0.01599,0.01070,0.01411,0.03570,0.02176,0.02316,0.02135,0.02239,0.07004,0.07858
1884,0.03133,0.02541,0.01353,0.01517,0.01669,0.06650,0.02672,0.01321,0.03457,0.03383,0.04930,0.04473,0.02419,0.01479,0.02855,0.02063,0.01541,0.01444,0.00894,0.01645,0.07200,0.15104,0.01657,0.01997,0.02017,,0.01635,0.00703,0.01894,0.00618,0.00732,0.00711,0.00297,0.01808,0.00749,0.01611,0.01254,0.01549,0.01037,0.01356,0.03539,0.02331,0.02294,0.02558,0.02602,0.07190,0.06767
1885,0.03480,0.02483,0.01411,0.01563,0.01609,0.07354,0.02453,0.02202,0.03566,0.04238,0.05457,0.04444,0.02531,0.01226,0.02736,0.02069,0.01468,0.01409,0.00880,0.01662,0.07143,0.15283,0.01670,0.01805,0.02052,,0.01616,0.00692,0.01876,0.00657,0.00732,0.00678,0.00323,0.01778,0.00743,0.01614,0.01239,0.01521,0.00994,0.01365,0.03562,0.02437,0.02429,0.02684,0.03093,0.07404,0.07150
1886,0.03238,0.02403,0.01304,0.01549,0.01401,0.06890,0.02808,0.02977,0.03240,0.03905,0.04545,0.04291,0.02564,0.01050,0.02728,0.01936,0.01378,0.01225,0.01075,0.01574,0.07110,0.15128,0.01461,0.01797,0.02272,,0.01573,0.00707,0.01849,0.00691,0.00753,0.00668,0.00323,0.01771,0.00783,0.01573,0.01199,0.01531,0.00933,0.01390,0.03688,0.02540,0.02540,0.02460,0.03505,0.07238,0.07329
1887,0.02953,0.02429,0.01175,0.01604,0.01278,0.05722,0.02920,0.03441,0.02678,0.03113,0.04119,0.04100,0.02574,0.01531,0.02883,0.01759,0.01337,0.01304,0.01105,0.01596,0.06913,0.14501,0.01497,0.01812,0.02190,,0.01573,0.00689,0.01793,0.00675,0.00735,0.00661,0.00315,0.01742,0.00808,0.01587,0.01247,0.01522,0.00951,0.01422,0.03746,0.02599,0.02434,0.02231,0.03277,0.07580,0.06407
1888,0.03022,0.02423,0.01057,0.01724,0.01285,0.05439,0.02515,0.03997,0.02220,0.04087,0.03982,0.04205,0.02555,0.01907,0.03066,0.01612,0.01403,0.01415,0.01130,0.01762,0.06764,0.13978,0.01587,0.01808,0.02031,,0.01563,0.00663,0.01778,0.00627,0.00750,0.00660,0.00325,0.01706,0.00797,0.01536,0.01258,0.01453,0.00933,0.01432,0.03805,0.02691,0.02351,0.02129,0.02665,0.07758,0.06039
1889,0.03069,0.02356,0.00967,0.01656,0.01277,0.05156,0.02358,0.03902,0.02001,0.03986,0.02601,0.03973,0.02303,0.01886,0.03056,0.01571,0.01417,0.01192,0.01214,0.01738,0.06727,0.13850,0.01488,0.01833,0.01987,,0.01513,0.00631,0.01764,0.00571,0.00777,0.00678,0.00313,0.01679,0.00772,0.01440,0.01215,0.01429,0.00896,0.01363,0.03717,0.02614,0.02331,0.02194,0.02244,0.06975,0.06140
1890,0.02967,0.02431,0.01043,0.01706,0.01333,0.05547,0.02465,0.03779,0.02345,0.03439,0.01986,0.04126,0.02162,0.02001,0.03091,0.01617,0.01419,0.01222,0.01229,0.01760,0.06543,0.13816,0.01547,0.01843,0.01852,,0.01515,0.00611,0.01711,0.00541,0.00730,0.00702,0.00289,0.01652,0.00755,0.01446,0.01197,0.01389,0.00962,0.01307,0.03519,0.02462,0.02418,0.02583,0.02526,0.06590,0.06609
1891,0.02862,0.02469,0.01192,0.01812,0.01518,0.06597,0.02607,0.04201,0.02120,0.03883,0.02755,0.04317,0.01971,0.01957,0.03101,0.01697,0.01393,0.01298,0.01114,0.01798,0.06366,0.13621,0.01504,0.01627,0.01857,,0.01536,0.00624,0.01706,0.00539,0.00716,0.00688,0.00295,0.01637,0.00753,0.01392,0.01147,0.01313,0.00977,0.01291,0.03486,0.02282,0.02530,0.02838,0.02694,0.06725,0.06734
1892,0.02911,0.02440,0.01234,0.01889,0.01593,0.06526,0.02551,0.04127,0.01998,0.03623,0.02958,0.04121,0.01970,0.01914,0.03061,0.01714,0.01379,0.01300,0.01164,0.01730,0.06247,0.13404,0.01467,0.01568,0.01860,,0.01534,0.00616,0.01673,0.00528,0.00713,0.00668,0.00290,0.01623,0.00740,0.01357,0.01133,0.01305,0.00951,0.01269,0.03467,0.02226,0.02558,0.02833,0.02748,0.06727,0.06732
1893,0.03165,0.02408,0.01211,0.02046,0.01610,0.04246,0.02390,0.03377,0.01842,0.02019,0.03080,0.03572,0.02400,0.01646,0.02858,0.01745,0.01360,0.01414,0.01574,0.01578,0.06270,0.13156,0.01529,0.01697,0.01909,,0.01537,0.00592,0.01592,0.00557,0.00706,0.00643,0.00248,0.01622,0.00710,0.01349,0.01134,0.01375,0.00898,0.01272,0.03469,0.02372,0.02681,0.02236,0.03283,0.07009,0.06907
1894,0.03381,0.02400,0.01220,0.02073,0.01582,0.04067,0.02376,0.03467,0.02049,0.01966,0.03292,0.03365,0.02464,0.01615,0.02647,0.01639,0.01428,0.01474,0.01638,0.01604,0.06143,0.12847,0.01573,0.01767,0.01911,,0.01538,0.00598,0.01555,0.00557,0.00691,0.00635,0.00234,0.01605,0.00705,0.01340,0.01099,0.01376,0.00883,0.01288,0.03499,0.02331,0.02645,0.02100,0.03411,0.07121,0.06733
1895,0.03853,0.02344,0.01207,0.02090,0.01468,0.04551,0.02204,0.03880,0.02315,0.02654,0.03731,0.03079,0.02487,0.01787,0.02382,0.01382,0.01598,0.01544,0.01503,0.01695,0.05966,0.12453,0.01554,0.01838,0.01958,,0.01531,0.00626,0.01540,0.00521,0.00696,0.00603,0.00241,0.01581,0.00717,0.01319,0.01060,0.01363,0.00828,0.01331,0.03696,0.02154,0.02403,0.02107,0.03059,0.07524,0.06044
1896,0.03943,0.02207,0.01195,0.01874,0.01373,0.05430,0.02259,0.04164,0.02869,0.03137,0.03855,0.02651,0.02206,0.01774,0.02266,0.01268,0.01607,0.01260,0.01534,0.01556,0.05756,0.12167,0.01513,0.01889,0.01898,,0.01508,0.00615,0.01519,0.00509,0.00694,0.00593,0.00251,0.01558,0.00727,0.01317,0.01052,0.01407,0.00788,0.01291,0.03492,0.02217,0.02286,0.02107,0.02816,0.07047,0.05398
1897,0.03420,0.02240,0.01169,0.01718,0.01476,0.06027,0.02737,0.04487,0.03024,0.03379,0.03767,0.02586,0.02026,0.01625,0.02229,0.01177,0.01572,0.01076,0.01481,0.01602,0.05598,0.11751,0.01572,0.01872,0.01818,,0.01483,0.00620,0.01501,0.00542,0.00657,0.00631,0.00224,0.01546,0.00711,0.01293,0.01046,0.01389,0.00854,0.01264,0.03664,0.02275,0.02203,0.01979,0.02947,0.05843,0.06198
1898,0.03053,0.02206,0.01139,0.01671,0.01436,0.06540,0.02510,0.04922,0.03025,0.03635,0.04098,0.02449,0.01550,0.01458,0.02335,0.01052,0.01422,0.01084,0.01350,0.01555,0.05446,0.11088,0.01480,0.01739,0.01795,,0.01467,0.00613,0.01495,0.00530,0.00641,0.00649,0.00216,0.01521,0.00667,0.01296,0.01043,0.01317,0.00853,0.01280,0.03812,0.02047,0.02042,0.01884,0.02562,0.05764,0.06142
1899,0.03116,0.02142,0.01154,0.01805,0.01462,0.06692,0.02265,0.05211,0.02967,0.03667,0.05046,0.01736,0.01338,0.01442,0.02713,0.01261,0.01228,0.01061,0.01321,0.01298,0.05152,0.10414,0.01382,0.01586,0.01721,,0.01447,0.00548,0.01432,0.00526,0.00634,0.00652,0.00237,0.01482,0.00652,0.01337,0.01105,0.01328,0.00796,0.01230,0.03494,0.01888,0.02039,0.01902,0.02558,0.05873,0.05345
1900,0.02993,0.02197,0.01108,0.02008,0.01653,0.06303,0.02639,0.04644,0.02462,0.03318,0.05185,0.01962,0.01443,0.01616,0.02837,0.01492,0.01299,0.01152,0.01135,0.01212,0.04922,0.09750,0.01353,0.01500,0.01615,,0.01386,0.00514,0.01363,0.00534,0.00604,0.00624,0.00234,0.01408,0.00633,0.01328,0.01126,0.01312,0.00747,0.01158,0.03554,0.01964,0.02095,0.01870,0.02707,0.05550,0.05411
1901,0.03000,0.02200,0.01028,0.02042,0.01592,0.06708,0.02267,0.03767,0.02693,0.02789,0.04585,0.02399,0.01609,0.01640,0.02497,0.01251,0.01451,0.01240,0.01098,0.01224,0.04714,0.09259,0.01330,0.01595,0.01551,,0.01321,0.00516,0.01313,0.00494,0.00572,0.00592,0.00243,0.01364,0.00610,0.01299,0.01101,0.01270,0.00700,0.01118,0.03382,0.01912,0.02017,0.01866,0.02490,0.05659,0.05057
1902,0.03063,0.02196,0.01038,0.01881,0.01527,0.07483,0.02013,0.03749,0.02856,0.02684,0.04635,0.01805,0.01899,0.01409,0.02502,0.01049,0.01479,0.01153,0.01123,0.01137,0.04452,0.08963,0.01277,0.01603,0.01558,,0.01312,0.00532,0.01264,0.00494,0.00557,0.00605,0.00291,0.01379,0.00631,0.01283,0.01102,0.01288,0.00712,0.01077,0.03078,0.01851,0.01860,0.02030,0.02543,0.05587,0.04499
1903,0.02856,0.02209,0.01041,0.01781,0.01530,0.07400,0.02021,0.03709,0.02835,0.02732,0.04399,0.01864,0.01910,0.01298,0.02435,0.01039,0.01439,0.01118,0.01060,0.01075,0.04212,0.08457,0.01195,0.01539,0.01529,,0.01291,0.00524,0.01222,0.00492,0.00536,0.00589,0.00287,0.01359,0.00623,0.01257,0.01064,0.01249,0.00710,0.01056,0.02910,0.01798,0.01854,0.02061,0.02468,0.05268,0.04239
1904,0.01793,0.02221,0.01012,0.01573,0.01616,0.06253,0.01862,0.03743,0.02590,0.02494,0.03492,0.02488,0.01799,0.00894,0.02324,0.01013,0.01242,0.01043,0.01015,0.01034,0.04052,0.07893,0.01057,0.01429,0.01489,,0.01269,0.00510,0.01210,0.00496,0.00500,0.00548,0.00208,0.01363,0.00569,0.01178,0.00987,0.01144,0.00742,0.01059,0.02945,0.01696,0.01949,0.01923,0.02207,0.04183,0.04563
1905,0.01557,0.02245,0.01004,0.01494,0.01549,0.05766,0.01759,0.03533,0.02606,0.02396,0.03063,0.02479,0.01764,0.00922,0.02199,0.00919,0.01168,0.00954,0.01002,0.00999,0.03833,0.07392,0.01006,0.01350,0.01471,,0.01239,0.00494,0.01171,0.00481,0.00495,0.00542,0.00196,0.01353,0.00555,0.01140,0.00967,0.01099,0.00760,0.01049,0.02737,0.01670,0.01875,0.01834,0.02054,0.04112,0.04603
1906,0.01633,0.02327,0.00983,0.01479,0.01453,0.05247,0.01780,0.03734,0.02611,0.02889,0.02880,0.02020,0.01658,0.01290,0.02260,0.00955,0.01096,0.00831,0.00936,0.00952,0.03587,0.06848,0.00975,0.01170,0.01481,,0.01212,0.00460,0.01118,0.00460,0.00518,0.00559,0.00217,0.01331,0.00569,0.01148,0.00962,0.01067,0.00776,0.01066,0.02358,0.01659,0.01780,0.01843,0.01901,0.04652,0.04564
1907,0.01918,0.02319,0.01136,0.01460,0.01339,0.04627,0.02485,0.03199,0.02810,0.02952,0.02865,0.02451,0.01385,0.01501,0.01905,0.01024,0.01066,0.00858,0.00898,0.00929,0.03335,0.06363,0.00920,0.01137,0.01467,,0.01198,0.00433,0.01066,0.00454,0.00517,0.00537,0.00194,0.01261,0.00556,0.01127,0.00913,0.01024,0.00752,0.01039,0.02225,0.01753,0.01811,0.01707,0.01871,0.04654,0.04266
1908,0.02280,0.02237,0.01217,0.01531,0.01170,0.04405,0.02219,0.02362,0.02748,0.02567,0.02839,0.02645,0.01613,0.01331,0.01556,0.00893,0.01035,0.00851,0.00930,0.00920,0.03135,0.06038,0.00975,0.01191,0.01304,,0.01168,0.00425,0.01035,0.00434,0.00511,0.00518,0.00178,0.01235,0.00532,0.01081,0.00944,0.01050,0.00757,0.00986,0.02248,0.01760,0.01637,0.01475,0.01980,0.04185,0.04425
1909,0.02602,0.02128,0.01190,0.01533,0.01134,0.05136,0.02054,0.02170,0.02562,0.02306,0.03194,0.01836,0.01743,0.01207,0.01611,0.00756,0.01045,0.00737,0.01024,0.00846,0.02963,0.05667,0.00908,0.01219,0.01364,,0.01163,0.00442,0.00990,0.00429,0.00507,0.00515,0.00222,0.01242,0.00537,0.01037,0.00983,0.01066,0.00745,0.00964,0.02222,0.01662,0.01392,0.01364,0.02114,0.03778,0.04416
1910,0.02644,0.02131,0.01165,0.01530,0.01117,0.05909,0.02325,0.02001,0.02447,0.02029,0.03146,0.01749,0.01642,0.01020,0.01352,0.00753,0.00938,0.00641,0.00992,0.00761,0.02780,0.05307,0.00713,0.01257,0.01416,,0.01157,0.00442,0.00956,0.00447,0.00481,0.00502,0.00218,0.01213,0.00505,0.00989,0.00893,0.01019,0.00723,0.00938,0.02182,0.01477,0.01422,0.01158,0.01990,0.03160,0.03536
1911,0.02474,0.02152,0.01019,0.01603,0.01070,0.05440,0.02112,0.02121,0.02359,0.02198,0.02604,0.02090,0.01664,0.00828,0.01335,0.00841,0.00851,0.00619,0.00859,0.00716,0.02638,0.05035,0.00738,0.01209,0.01274,,0.01129,0.00424,0.00931,0.00452,0.00466,0.00477,0.00187,0.01180,0.00497,0.00979,0.00802,0.00998,0.00730,0.00886,0.02126,0.01317,0.01424,0.01107,0.01831,0.02776,0.03070
1912,0.02222,0.02122,0.00845,0.01577,0.01070,0.04820,0.02171,0.02187,0.02372,0.02329,0.02709,0.02057,0.01465,0.00912,0.01538,0.00841,0.00897,0.00629,0.00784,0.00720,0.02471,0.04683,0.00782,0.01094,0.01237,,0.01126,0.00413,0.00880,0.00437,0.00479,0.00469,0.00194,0.01159,0.00511,0.00975,0.00736,0.00966,0.00705,0.00854,0.01946,0.01226,0.01249,0.01266,0.01654,0.02662,0.02768
1913,0.02164,0.02229,0.00803,0.01519,0.01102,0.04746,0.02404,0.01871,0.02065,0.01826,0.02747,0.02075,0.01206,0.01023,0.01325,0.00790,0.00942,0.00699,0.00706,0.00726,0.02315,0.04476,0.00717,0.01051,0.01225,,0.01114,0.00418,0.00846,0.00434,0.00479,0.00510,0.00208,0.01138,0.00498,0.00922,0.00683,0.00929,0.00647,0.00819,0.01796,0.01210,0.01122,0.01176,0.01490,0.02618,0.02586
1914,0.02094,0.02263,0.00786,0.01506,0.01103,0.04591,0.02298,0.01753,0.01782,0.01684,0.02439,0.02038,0.01122,0.00965,0.01183,0.00751,0.00942,0.00693,0.00634,0.00705,0.02183,0.04257,0.00697,0.01034,0.01199,,0.01100,0.00419,0.00832,0.00439,0.00466,0.00517,0.00203,0.01127,0.00494,0.00890,0.00653,0.00895,0.00627,0.00795,0.01652,0.01156,0.01068,0.01091,0.01395,0.02586,0.02350
1915,0.02015,0.02197,0.00849,0.01475,0.01144,0.04248,0.01833,0.01558,0.01214,0.01687,0.01983,0.01903,0.01186,0.00710,0.01063,0.00674,0.00986,0.00706,0.00557,0.00678,0.02041,0.03999,0.00723,0.01048,0.01161,,0.01099,0.00433,0.00844,0.00446,0.00437,0.00505,0.00187,0.01137,0.00493,0.00878,0.00679,0.00856,0.00625,0.00781,0.01567,0.01087,0.00972,0.00999,0.01420,0.02467,0.02349
1916,0.01973,0.02182,0.00844,0.01484,0.01142,0.04116,0.01663,0.01589,0.01076,0.01654,0.01886,0.01761,0.01166,0.00663,0.00970,0.00642,0.00954,0.00683,0.00533,0.00676,0.01939,0.03839,0.00701,0.01032,0.01126,,0.01096,0.00432,0.00830,0.00448,0.00432,0.00498,0.00185,0.01129,0.00481,0.00838,0.00670,0.00845,0.00597,0.00776,0.01467,0.01028,0.00937,0.00980,0.01367,0.02305,0.02164
1917,0.02018,0.02223,0.00838,0.01539,0.01129,0.04436,0.01582,0.01833,0.01038,0.01611,0.01729,0.01570,0.01131,0.00669,0.00791,0.00618,0.00900,0.00611,0.00517,0.00689,0.01871,0.03751,0.00630,0.01042,0.01106,,0.01080,0.00427,0.00816,0.00458,0.00421,0.00492,0.00181,0.01109,0.00459,0.00774,0.00641,0.00844,0.00569,0.00776,0.01312,0.00952,0.00987,0.00902,0.01292,0.02268,0.01802
1918,0.02011,0.02228,0.00838,0.01606,0.01040,0.04120,0.01354,0.01842,0.01069,0.01702,0.01414,0.01470,0.01178,0.00624,0.00704,0.00623,0.00737,0.00531,0.00532,0.00645,0.01814,0.03643,0.00627,0.01020,0.01066,,0.01064,0.00412,0.00813,0.00470,0.00423,0.00478,0.00172,0.01102,0.00454,0.00725,0.00642,0.00840,0.00557,0.00787,0.01222,0.00945,0.01040,0.00905,0.01246,0.02219,0.01526
1919,0.01880,0.02175,0.00842,0.01570,0.00973,0.03802,0.01172,0.01893,0.01336,0.01652,0.01663,0.01596,0.01169,0.00675,0.00693,0.00637,0.00635,0.00501,0.00525,0.00617,0.01731,0.03575,0.00629,0.00956,0.01036,,0.01073,0.00409,0.00798,0.00469,0.00450,0.00455,0.00178,0.01118,0.00453,0.00704,0.00646,0.00824,0.00533,0.00784,0.01219,0.00942,0.01057,0.00951,0.01177,0.01803,0.01621
1920,0.01903,0.02149,0.00844,0.01528,0.00979,0.04112,0.01160,0.01825,0.01395,0.01286,0.01726,0.01480,0.01086,0.00699,0.00649,0.00628,0.00671,0.00498,0.00537,0.00601,0.01664,0.03492,0.00599,0.00922,0.01022,,0.01062,0.00416,0.00776,0.00447,0.00451,0.00462,0.00189,0.01126,0.00440,0.00709,0.00645,0.00826,0.00505,0.00770,0.01182,0.00901,0.00982,0.00899,0.01163,0.01592,0.01608
1921,0.01894,0.02126,0.00831,0.01467,0.00961,0.04032,0.01166,0.01583,0.01113,0.01115,0.01517,0.01323,0.01024,0.00577,0.00630,0.00612,0.00708,0.00463,0.00540,0.00571,0.01604,0.03324,0.00539,0.00934,0.00989,,0.01032,0.00400,0.00782,0.00417,0.00426,0.00471,0.00182,0.01123,0.00438,0.00718,0.00639,0.00799,0.00496,0.00749,0.01108,0.00863,0.00922,0.00777,0.01168,0.01556,0.01431
1922,0.01780,0.02083,0.00793,0.01423,0.00957,0.03895,0.01227,0.01424,0.00979,0.01143,0.01567,0.01477,0.01006,0.00516,0.00682,0.00595,0.00717,0.00445,0.00501,0.00589,0.01546,0.03203,0.00519,0.00962,0.00982,,0.01030,0.00392,0.00796,0.00395,0.00414,0.00469,0.00175,0.01112,0.00439,0.00743,0.00614,0.00768,0.00505,0.00717,0.01013,0.00801,0.00937,0.00655,0.01098,0.01367,0.01408
1923,0.01598,0.02095,0.00757,0.01435,0.00986,0.04020,0.01289,0.01346,0.01037,0.01146,0.01555,0.01399,0.00987,0.00538,0.00674,0.00534,0.00697,0.00418,0.00486,0.00622,0.01504,0.03084,0.00500,0.00976,0.00981,,0.01037,0.00389,0.00789,0.00382,0.00407,0.00465,0.00179,0.01081,0.00436,0.00754,0.00580,0.00787,0.00507,0.00708,0.00935,0.00714,0.00943,0.00632,0.01038,0.01253,0.01316
1924,0.01388,0.02092,0.00787,0.01394,0.00973,0.03784,0.01098,0.01246,0.00867,0.01259,0.01619,0.01176,0.00999,0.00517,0.00659,0.00486,0.00659,0.00395,0.00473,0.00601,0.01467,0.02984,0.00426,0.00969,0.00960,,0.01019,0.00372,0.00777,0.00387,0.00405,0.00456,0.00184,0.01065,0.00444,0.00721,0.00570,0.00804,0.00499,0.00720,0.00907,0.00690,0.00869,0.00664,0.00992,0.01233,0.01185
1925,0.01384,0.02068,0.00811,0.01376,0.00967,0.03551,0.01049,0.01155,0.00750,0.01249,0.01611,0.01091,0.01002,0.00503,0.00658,0.00468,0.00650,0.00397,0.00457,0.00597,0.01424,0.02914,0.00402,0.00962,0.00939,,0.01007,0.00369,0.00776,0.00388,0.00405,0.00448,0.00182,0.01061,0.00443,0.00702,0.00561,0.00805,0.00495,0.00722,0.00885,0.00669,0.00801,0.00671,0.00920,0.01189,0.01133
1926,0.01483,0.02030,0.00902,0.01366,0.00992,0.03283,0.00988,0.01091,0.00698,0.01109,0.01644,0.01056,0.01003,0.00547,0.00603,0.00446,0.00642,0.00415,0.00437,0.00587,0.01368,0.02894,0.00410,0.00934,0.00918,,0.00994,0.00389,0.00783,0.00406,0.00422,0.00424,0.00185,0.01080,0.00450,0.00677,0.00566,0.00803,0.00497,0.00733,0.00909,0.00665,0.00695,0.00711,0.00794,0.01148,0.01203
1927,0.01506,0.02021,0.00914,0.01344,0.00976,0.03212,0.00911,0.01062,0.00721,0.01017,0.01530,0.01004,0.00994,0.00550,0.00585,0.00447,0.00636,0.00417,0.00421,0.00576,0.01331,0.02829,0.00402,0.00917,0.00916,,0.00989,0.00388,0.00776,0.00406,0.00420,0.00414,0.00181,0.01082,0.00446,0.00657,0.00557,0.00796,0.00489,0.00732,0.00890,0.00650,0.00653,0.00722,0.00774,0.01080,0.01191
1928,0.01599,0.01990,0.00903,0.01309,0.00923,0.03094,0.00782,0.01086,0.00749,0.00928,0.01274,0.00994,0.00976,0.00518,0.00590,0.00477,0.00664,0.00434,0.00407,0.00548,0.01297,0.02770,0.00390,0.00901,0.00912,,0.00978,0.00377,0.00763,0.00394,0.00408,0.00405,0.00167,0.01086,0.00432,0.00639,0.00547,0.00775,0.00472,0.00719,0.00873,0.00638,0.00585,0.00733,0.00805,0.01031,0.01157
1929,0.01818,0.02003,0.00875,0.01301,0.00891,0.03002,0.00904,0.00991,0.00665,0.00876,0.01144,0.00931,0.00982,0.00478,0.00638,0.00515,0.00653,0.00436,0.00391,0.00562,0.01280,0.02691,0.00403,0.00899,0.00906,,0.00981,0.00372,0.00767,0.00387,0.00397,0.00419,0.00159,0.01089,0.00416,0.00622,0.00536,0.00761,0.00465,0.00719,0.00822,0.00639,0.00615,0.00704,0.00766,0.00946,0.01087
1930,0.01678,0.02050,0.00837,0.01293,0.00839,0.03096,0.00958,0.00873,0.00733,0.00724,0.01100,0.00843,0.00988,0.00467,0.00655,0.00520,0.00610,0.00410,0.00384,0.00594,0.01259,0.02589,0.00416,0.00888,0.00945,,0.00994,0.00368,0.00757,0.00378,0.00387,0.00421,0.00155,0.01079,0.00406,0.00600,0.00529,0.00744,0.00455,0.00724,0.00783,0.00633,0.00657,0.00685,0.00796,0.00870,0.01081
1931,0.01518,0.02032,0.00820,0.01234,0.00799,0.03328,0.00855,0.00862,0.00840,0.00749,0.01144,0.00896,0.01010,0.00456,0.00658,0.00511,0.00599,0.00392,0.00366,0.00570,0.01228,0.02495,0.00376,0.00873,0.00970,,0.01001,0.00364,0.00745,0.00385,0.00380,0.00423,0.00158,0.01073,0.00400,0.00596,0.00524,0.00738,0.00455,0.00717,0.00766,0.00601,0.00647,0.00695,0.00818,0.00782,0.01050
1932,0.01544,0.01970,0.00790,0.01238,0.00841,0.03140,0.00827,0.00870,0.00818,0.00846,0.01168,0.00879,0.01002,0.00448,0.00681,0.00493,0.00618,0.00384,0.00365,0.00549,0.01176,0.02427,0.00324,0.00869,0.00932,,0.00995,0.00365,0.00737,0.00401,0.00383,0.00431,0.00161,0.01081,0.00399,0.00602,0.00504,0.00747,0.00471,0.00703,0.00791,0.00574,0.00628,0.00696,0.00783,0.00788,0.00985
1933,0.01405,0.01926,0.00726,0.01329,0.00876,0.02900,0.00855,0.00822,0.00842,0.00827,0.01132,0.00889,0.00944,0.00446,0.00665,0.00485,0.00622,0.00386,0.00370,0.00555,0.01125,0.02378,0.00305,0.00860,0.00909,,0.00975,0.00365,0.00727,0.00404,0.00379,0.00418,0.00157,0.01077,0.00404,0.00599,0.00489,0.00741,0.00453,0.00679,0.00808,0.00570,0.00616,0.00678,0.00776,0.00863,0.00964
1934,0.01346,0.01872,0.00680,0.01352,0.00891,0.02953,0.00864,0.00863,0.00920,0.00815,0.01074,0.00904,0.00909,0.00459,0.00638,0.00472,0.00601,0.00389,0.00361,0.00543,0.01106,0.02351,0.00288,0.00844,0.00907,,0.00962,0.00361,0.00735,0.00398,0.00362,0.00405,0.00156,0.01066,0.00406,0.00599,0.00485,0.00733,0.00438,0.00659,0.00767,0.00583,0.00633,0.00671,0.00730,0.00867,0.00905
1935,0.01501,0.01858,0.00688,0.01318,0.00910,0.02827,0.00762,0.00977,0.00797,0.00757,0.01077,0.00797,0.00901,0.00481,0.00648,0.00459,0.00571,0.00382,0.00355,0.00526,0.01086,0.02337,0.00269,0.00844,0.00910,,0.00959,0.00355,0.00739,0.00397,0.00358,0.00411,0.00163,0.01067,0.00410,0.00614,0.00479,0.00727,0.00446,0.00653,0.00735,0.00597,0.00660,0.00648,0.00674,0.00844,0.00801
1936,0.01528,0.01846,0.00695,0.01310,0.00910,0.02825,0.00713,0.00941,0.00752,0.00758,0.01059,0.00785,0.00893,0.00478,0.00627,0.00461,0.00573,0.00378,0.00356,0.00525,0.01063,0.02280,0.00262,0.00845,0.00906,,0.00954,0.00352,0.00739,0.00395,0.00358,0.00408,0.00165,0.01068,0.00410,0.00609,0.00478,0.00724,0.00446,0.00649,0.00711,0.00583,0.00659,0.00638,0.00666,0.00812,0.00765
1937,0.01509,0.01859,0.00776,0.01251,0.00857,0.03055,0.00703,0.00737,0.00697,0.00769,0.01105,0.00808,0.00925,0.00459,0.00592,0.00481,0.00592,0.00364,0.00355,0.00545,0.01057,0.02181,0.00280,0.00845,0.00924,,0.00959,0.00351,0.00746,0.00385,0.00358,0.00400,0.00166,0.01067,0.00407,0.00583,0.00500,0.00722,0.00458,0.00669,0.00667,0.00548,0.00649,0.00643,0.00684,0.00719,0.00774
1938,0.01478,0.01844,0.00786,0.01231,0.00839,0.03116,0.00682,0.00708,0.00688,0.00765,0.01075,0.00794,0.00926,0.00442,0.00580,0.00471,0.00592,0.00358,0.00354,0.00547,0.01040,0.02129,0.00283,0.00848,0.00924,,0.00958,0.00353,0.00747,0.00383,0.00355,0.00397,0.00165,0.01066,0.00404,0.00577,0.00499,0.00714,0.00455,0.00664,0.00631,0.00537,0.00634,0.00638,0.00678,0.00681,0.00747
1939,0.01424,0.01812,0.00733,0.01253,0.00859,0.03084,0.00584,0.00727,0.00686,0.00795,0.00944,0.00763,0.00911,0.00404,0.00551,0.00444,0.00600,0.00366,0.00357,0.00550,0.01002,0.02067,0.00276,0.00867,0.00899,,0.00953,0.00363,0.00730,0.00388,0.00362,0.00401,0.00160,0.01068,0.00394,0.00579,0.00484,0.00702,0.00438,0.00639,0.00619,0.00536,0.00589,0.00628,0.00683,0.00684,0.00717
1940,0.01387,0.01811,0.00724,0.01267,0.00829,0.03044,0.00609,0.00681,0.00691,0.00810,0.00900,0.00790,0.00896,0.00394,0.00531,0.00440,0.00606,0.00362,0.00365,0.00548,0.00979,0.02020,0.00277,0.00866,0.00891,,0.00947,0.00363,0.00723,0.00384,0.00365,0.00399,0.00158,0.01068,0.00393,0.00572,0.00475,0.00697,0.00432,0.00630,0.00602,0.00514,0.00576,0.00618,0.00693,0.00663,0.00704
1941,0.01315,0.01829,0.00730,0.01293,0.00752,0.02971,0.00774,0.00641,0.00734,0.00831,0.00837,0.00816,0.00870,0.00389,0.00526,0.00431,0.00603,0.00350,0.00373,0.00533,0.00966,0.02000,0.00282,0.00851,0.00897,,0.00930,0.00359,0.00726,0.00375,0.00362,0.00394,0.00159,0.01065,0.00397,0.00573,0.00460,0.00685,0.00424,0.00618,0.00574,0.00497,0.00596,0.00605,0.00696,0.00636,0.00690
1942,0.01277,0.01828,0.00721,0.01276,0.00705,0.02919,0.00817,0.00702,0.00729,0.00723,0.00882,0.00840,0.00847,0.00401,0.00548,0.00422,0.00579,0.00338,0.00383,0.00526,0.00956,0.01993,0.00288,0.00843,0.00899,,0.00933,0.00360,0.00718,0.00372,0.00357,0.00398,0.00162,0.01058,0.00398,0.00564,0.00445,0.00677,0.00411,0.00617,0.00543,0.00470,0.00585,0.00587,0.00690,0.00616,0.00645
1943,0.01332,0.01855,0.00686,0.01269,0.00705,0.02734,0.00742,0.00683,0.00707,0.00685,0.00977,0.00885,0.00847,0.00427,0.00495,0.00416,0.00563,0.00352,0.00396,0.00526,0.00940,0.01953,0.00297,0.00847,0.00880,,0.00940,0.00353,0.00707,0.00364,0.00359,0.00407,0.00161,0.01056,0.00402,0.00551,0.00452,0.00690,0.00425,0.00628,0.00535,0.00454,0.00556,0.00594,0.00668,0.00649,0.00637
1944,0.01347,0.01856,0.00687,0.01302,0.00721,0.02551,0.00725,0.00615,0.00695,0.00759,0.01024,0.00935,0.00850,0.00418,0.00482,0.00424,0.00595,0.00349,0.00389,0.00506,0.00925,0.01913,0.00305,0.00835,0.00863,,0.00938,0.00339,0.00709,0.00370,0.00356,0.00407,0.00163,0.01060,0.00401,0.00542,0.00458,0.00698,0.00431,0.00627,0.00527,0.00435,0.00531,0.00592,0.00670,0.00647,0.00659
1945,0.01315,0.01795,0.00675,0.01321,0.00710,0.02539,0.00730,0.00681,0.00638,0.00732,0.01007,0.00924,0.00846,0.00393,0.00537,0.00425,0.00594,0.00333,0.00374,0.00503,0.00897,0.01887,0.00286,0.00828,0.00862,,0.00935,0.00330,0.00713,0.00377,0.00357,0.00401,0.00162,0.01055,0.00385,0.00539,0.00451,0.00700,0.00413,0.00609,0.00543,0.00448,0.00505,0.00571,0.00674,0.00622,0.00619
1946,0.01330,0.01779,0.00650,0.01315,0.00710,0.02446,0.00689,0.00758,0.00585,0.00678,0.01026,0.00870,0.00835,0.00386,0.00517,0.00415,0.00569,0.00338,0.00380,0.00509,0.00870,0.01867,0.00264,0.00828,0.00867,,0.00933,0.00332,0.00714,0.00375,0.00363,0.00400,0.00161,0.01056,0.00380,0.00554,0.00449,0.00702,0.00416,0.00597,0.00549,0.00488,0.00510,0.00563,0.00671,0.00641,0.00604
1947,0.01341,0.01779,0.00647,0.01310,0.00733,0.02464,0.00659,0.00719,0.00539,0.00665,0.01021,0.00813,0.00829,0.00387,0.00509,0.00418,0.00568,0.00334,0.00370,0.00501,0.00853,0.01830,0.00254,0.00818,0.00862,,0.00931,0.00332,0.00713,0.00372,0.00358,0.00402,0.00159,0.01057,0.00380,0.00546,0.00448,0.00700,0.00413,0.00595,0.00530,0.00489,0.00503,0.00553,0.00658,0.00637,0.00601
1948,0.01353,0.01801,0.00694,0.01305,0.00739,0.02763,0.00696,0.00567,0.00465,0.00643,0.00962,0.00721,0.00806,0.00406,0.00526,0.00444,0.00578,0.00308,0.00348,0.00487,0.00840,0.01784,0.00234,0.00787,0.00867,,0.00924,0.00335,0.00712,0.00366,0.00347,0.00405,0.00159,0.01062,0.00387,0.00522,0.00436,0.00689,0.00400,0.00599,0.00485,0.00457,0.00504,0.00530,0.00651,0.00594,0.00608
1949,0.01338,0.01798,0.00701,0.01286,0.00746,0.02794,0.00711,0.00550,0.00446,0.00624,0.00949,0.00694,0.00807,0.00406,0.00531,0.00444,0.00574,0.00301,0.00348,0.00481,0.00827,0.01746,0.00228,0.00783,0.00866,,0.00917,0.00336,0.00708,0.00362,0.00346,0.00405,0.00157,0.01059,0.00388,0.00516,0.00432,0.00684,0.00395,0.00597,0.00479,0.00448,0.00505,0.00520,0.00652,0.00574,0.00597
1950,0.01317,0.01795,0.00672,0.01229,0.00819,0.02561,0.00640,0.00514,0.00474,0.00612,0.01000,0.00675,0.00838,0.00403,0.00505,0.00425,0.00572,0.00315,0.00351,0.00469,0.00824,0.01694,0.00246,0.00794,0.00846,,0.00910,0.00341,0.00691,0.00354,0.00344,0.00412,0.00150,0.01048,0.00391,0.00507,0.00445,0.00679,0.00402,0.00601,0.00467,0.00436,0.00503,0.00515,0.00648,0.00575,0.00595
1951,0.01336,0.01807,0.00669,0.01213,0.00839,0.02553,0.00634,0.00497,0.00466,0.00643,0.00976,0.00653,0.00846,0.00399,0.00497,0.00424,0.00568,0.00314,0.00350,0.00465,0.00815,0.01660,0.00248,0.00792,0.00841,,0.00908,0.00338,0.00689,0.00354,0.00340,0.00413,0.00148,0.01047,0.00395,0.00500,0.00443,0.00674,0.00401,0.00605,0.00457,0.00427,0.00502,0.00519,0.00633,0.00571,0.00587
1952,0.01422,0.01812,0.00683,0.01207,0.00814,0.02582,0.00707,0.00555,0.00439,0.00720,0.00910,0.00653,0.00857,0.00382,0.00506,0.00426,0.00554,0.00302,0.00350,0.00472,0.00802,0.01632,0.00245,0.00794,0.00845,,0.00904,0.00326,0.00697,0.00361,0.00346,0.00407,0.00145,0.01047,0.00397,0.00512,0.00435,0.00669,0.00401,0.00608,0.00472,0.00427,0.00509,0.00530,0.00621,0.00566,0.00565
1953,0.01356,0.01823,0.00685,0.01203,0.00765,0.02591,0.00759,0.00643,0.00459,0.00743,0.00855,0.00674,0.00852,0.00379,0.00500,0.00422,0.00539,0.00304,0.00373,0.00470,0.00792,0.01623,0.00239,0.00796,0.00854,,0.00906,0.00323,0.00697,0.00363,0.00349,0.00396,0.00147,0.01043,0.00393,0.00510,0.00425,0.00669,0.00392,0.00597,0.00488,0.00437,0.00525,0.00539,0.00624,0.00551,0.00540
1954,0.01281,0.01840,0.00660,0.01231,0.00780,0.02628,0.00681,0.00601,0.00502,0.00714,0.00848,0.00691,0.00825,0.00370,0.00503,0.00424,0.00539,0.00317,0.00389,0.00469,0.00782,0.01618,0.00235,0.00787,0.00856,,0.00908,0.00318,0.00691,0.00367,0.00344,0.00391,0.00149,0.01049,0.00391,0.00501,0.00419,0.00669,0.00382,0.00601,0.00466,0.00425,0.00524,0.00539,0.00602,0.00537,0.00545
1955,0.01220,0.01876,0.00670,0.01283,0.00791,0.02839,0.00649,0.00516,0.00513,0.00711,0.00884,0.00673,0.00818,0.00368,0.00496,0.00430,0.00547,0.00322,0.00409,0.00467,0.00774,0.01584,0.00233,0.00781,0.00851,,0.00905,0.00321,0.00692,0.00377,0.00346,0.00398,0.00151,0.01060,0.00392,0.00504,0.00412,0.00670,0.00389,0.00609,0.00459,0.00414,0.00493,0.00535,0.00582,0.00517,0.00569
1956,0.01165,0.01854,0.00679,0.01268,0.00768,0.02847,0.00636,0.00501,0.00480,0.00718,0.00926,0.00667,0.00832,0.00360,0.00466,0.00415,0.00550,0.00313,0.00436,0.00458,0.00758,0.01553,0.00231,0.00772,0.00850,,0.00901,0.00328,0.00687,0.00377,0.00348,0.00407,0.00149,0.01054,0.00389,0.00500,0.00408,0.00666,0.00389,0.00592,0.00451,0.00418,0.00469,0.00521,0.00587,0.00486,0.00572
1957,0.01158,0.01805,0.00668,0.01256,0.00783,0.02653,0.00579,0.00475,0.00478,0.00717,0.00966,0.00679,0.00840,0.00347,0.00451,0.00404,0.00547,0.00303,0.00463,0.00458,0.00745,0.01540,0.00235,0.00764,0.00845,,0.00899,0.00331,0.00680,0.00376,0.00351,0.00406,0.00146,0.01053,0.00382,0.00502,0.00411,0.00658,0.00382,0.00580,0.00427,0.00420,0.00475,0.00519,0.00589,0.00488,0.00578
1958,0.01159,0.01786,0.00669,0.01251,0.00779,0.02596,0.00554,0.00479,0.00485,0.00695,0.00968,0.00662,0.00839,0.00343,0.00445,0.00403,0.00543,0.00301,0.00477,0.00457,0.00737,0.01525,0.00237,0.00764,0.00842,,0.00900,0.00331,0.00675,0.00373,0.00352,0.00405,0.00146,0.01050,0.00378,0.00500,0.00405,0.00653,0.00377,0.00582,0.00432,0.00419,0.00469,0.00514,0.00589,0.00482,0.00567
1959,0.01244,0.01768,0.00696,0.01219,0.00739,0.02585,0.00582,0.00539,0.00477,0.00706,0.00931,0.00601,0.00842,0.00340,0.00426,0.00412,0.00527,0.00289,0.00462,0.00461,0.00732,0.01513,0.00241,0.00771,0.00841,,0.00910,0.00329,0.00670,0.00367,0.00344,0.00403,0.00146,0.01043,0.00376,0.00486,0.00389,0.00646,0.00364,0.00596,0.00452,0.00423,0.00462,0.00511,0.00591,0.00489,0.00528
1960,0.01275,0.01750,0.00698,0.01198,0.00733,0.02535,0.00584,0.00548,0.00469,0.00690,0.00878,0.00590,0.00836,0.00343,0.00420,0.00408,0.00528,0.00287,0.00477,0.00462,0.00725,0.01496,0.00238,0.00767,0.00840,,0.00911,0.00328,0.00671,0.00363,0.00343,0.00400,0.00145,0.01042,0.00376,0.00485,0.00388,0.00644,0.00361,0.00591,0.00455,0.00421,0.00466,0.00511,0.00588,0.00482,0.00517
1961,0.01305,0.01753,0.00673,0.01193,0.00753,0.02483,0.00551,0.00531,0.00488,0.00593,0.00769,0.00602,0.00813,0.00359,0.00445,0.00404,0.00546,0.00302,0.00513,0.00463,0.00720,0.01484,0.00229,0.00760,0.00836,,0.00911,0.00325,0.00678,0.00354,0.00346,0.00391,0.00147,0.01044,0.00377,0.00503,0.00392,0.00648,0.00359,0.00588,0.00475,0.00410,0.00488,0.00514,0.00576,0.00467,0.00518
1962,0.01282,0.01743,0.00668,0.01200,0.00758,0.02433,0.00548,0.00532,0.00488,0.00570,0.00745,0.00592,0.00804,0.00360,0.00448,0.00403,0.00543,0.00304,0.00532,0.00463,0.00714,0.01467,0.00224,0.00762,0.00835,,0.00907,0.00324,0.00678,0.00353,0.00346,0.00389,0.00148,0.01044,0.00378,0.00502,0.00391,0.00647,0.00360,0.00587,0.00475,0.00404,0.00480,0.00511,0.00576,0.00458,0.00513
1963,0.01227,0.01732,0.00665,0.01205,0.00763,0.02365,0.00582,0.00514,0.00466,0.00590,0.00737,0.00582,0.00794,0.00353,0.00440,0.00396,0.00535,0.00299,0.00550,0.00467,0.00704,0.01443,0.00219,0.00760,0.00837,,0.00896,0.00325,0.00677,0.00357,0.00344,0.00391,0.00149,0.01042,0.00381,0.00495,0.00395,0.00646,0.00365,0.00575,0.00457,0.00400,0.00452,0.00499,0.00587,0.00444,0.00521
1964,0.01197,0.01698,0.00669,0.01217,0.00778,0.02282,0.00583,0.00534,0.00451,0.00623,0.00755,0.00586,0.00796,0.00358,0.00431,0.00390,0.00531,0.00294,0.00579,0.00462,0.00702,0.01420,0.00213,0.00758,0.00832,,0.00889,0.00326,0.00683,0.00361,0.00345,0.00388,0.00147,0.01049,0.00383,0.00494,0.00401,0.00645,0.00373,0.00567,0.00432,0.00396,0.00449,0.00510,0.00585,0.00441,0.00514
1965,0.01131,0.01678,0.00673,0.01231,0.00754,0.02225,0.00536,0.00538,0.00436,0.00621,0.00763,0.00576,0.00801,0.00359,0.00436,0.00390,0.00532,0.00293,0.00602,0.00456,0.00696,0.01403,0.00206,0.00766,0.00825,,0.00892,0.00319,0.00680,0.00362,0.00347,0.00385,0.00148,0.01052,0.00379,0.00490,0.00395,0.00636,0.00371,0.00571,0.00417,0.00389,0.00453,0.00516,0.00567,0.00444,0.00501
1966,0.01084,0.01683,0.00677,0.01210,0.00752,0.02241,0.00563,0.00514,0.00420,0.00599,0.00784,0.00598,0.00797,0.00346,0.00428,0.00393,0.00528,0.00287,0.00615,0.00464,0.00690,0.01385,0.00209,0.00775,0.00824,,0.00895,0.00313,0.00668,0.00369,0.00344,0.00386,0.00151,0.01048,0.00382,0.00479,0.00389,0.00628,0.00363,0.00572,0.00417,0.00380,0.00444,0.00508,0.00560,0.00447,0.00496
1967,0.01131,0.01684,0.00653,0.01174,0.00789,0.02255,0.00588,0.00530,0.00390,0.00570,0.00757,0.00610,0.00793,0.00347,0.00410,0.00395,0.00531,0.00287,0.00637,0.00460,0.00687,0.01374,0.00214,0.00766,0.00828,,0.00898,0.00313,0.00674,0.00370,0.00341,0.00385,0.00149,0.01048,0.00386,0.00486,0.00390,0.00626,0.00360,0.00564,0.00412,0.00372,0.00448,0.00498,0.00557,0.00443,0.00486
1968,0.01141,0.01684,0.00626,0.01159,0.00775,0.02201,0.00560,0.00520,0.00374,0.00581,0.00698,0.00583,0.00796,0.00353,0.00403,0.00394,0.00539,0.00286,0.00659,0.00453,0.00678,0.01366,0.00209,0.00753,0.00835,,0.00902,0.00313,0.00679,0.00362,0.00341,0.00381,0.00145,0.01047,0.00384,0.00490,0.00388,0.00622,0.00348,0.00554,0.00396,0.00377,0.00463,0.00497,0.00549,0.00438,0.00479
1969,0.01139,0.01676,0.00625,0.01150,0.00770,0.02213,0.00549,0.00509,0.00369,0.00576,0.00704,0.00597,0.00798,0.00352,0.00406,0.00392,0.00540,0.00285,0.00678,0.00451,0.00672,0.01362,0.00206,0.00751,0.00835,,0.00906,0.00313,0.00680,0.00360,0.00339,0.00382,0.00143,0.01045,0.00381,0.00486,0.00387,0.00617,0.00347,0.00553,0.00393,0.00378,0.00466,0.00497,0.00546,0.00438,0.00477
1970,0.01116,0.01659,0.00639,0.01169,0.00776,0.02301,0.00549,0.00516,0.00382,0.00577,0.00753,0.00627,0.00798,0.00350,0.00417,0.00390,0.00530,0.00286,0.00687,0.00452,0.00668,0.01365,0.00207,0.00752,0.00834,,0.00906,0.00316,0.00681,0.00360,0.00332,0.00384,0.00139,0.01041,0.00373,0.00475,0.00389,0.00615,0.00352,0.00554,0.00393,0.00385,0.00450,0.00492,0.00559,0.00438,0.00470
1971,0.01126,0.01650,0.00634,0.01159,0.00777,0.02293,0.00541,0.00517,0.00379,0.00572,0.00760,0.00627,0.00800,0.00349,0.00419,0.00389,0.00528,0.00286,0.00699,0.00447,0.00664,0.01363,0.00205,0.00751,0.00833,,0.00903,0.00319,0.00681,0.00358,0.00330,0.00386,0.00137,0.01042,0.00371,0.00473,0.00388,0.00614,0.00356,0.00554,0.00389,0.00386,0.00446,0.00488,0.00558,0.00436,0.00473
1972,0.01183,0.01634,0.00638,0.01125,0.00752,0.02231,0.00510,0.00490,0.00375,0.00561,0.00781,0.00633,0.00810,0.00346,0.00434,0.00385,0.00530,0.00285,0.00720,0.00439,0.00658,0.01365,0.00199,0.00757,0.00822,,0.00899,0.00322,0.00674,0.00358,0.00327,0.00395,0.00137,0.01045,0.00372,0.00470,0.00381,0.00610,0.00365,0.00561,0.00391,0.00385,0.00450,0.00490,0.00548,0.00443,0.00490
1973,0.01152,0.01634,0.00640,0.01121,0.00748,0.02226,0.00507,0.00487,0.00372,0.00555,0.00799,0.00641,0.00811,0.00343,0.00436,0.00384,0.00530,0.00282,0.00735,0.00439,0.00655,0.01361,0.00197,0.00760,0.00821,,0.00898,0.00321,0.00672,0.00358,0.00324,0.00397,0.00137,0.01046,0.00369,0.00469,0.00379,0.00611,0.00366,0.00562,0.00391,0.00383,0.00450,0.00492,0.00543,0.00440,0.00498
1974,0.01060,0.01648,0.00611,0.01128,0.00777,0.02193,0.00527,0.00507,0.00361,0.00557,0.00810,0.00616,0.00806,0.00337,0.00414,0.00385,0.00529,0.00275,0.00740,0.00438,0.00652,0.01344,0.00194,0.00758,0.00829,,0.00893,0.00323,0.00673,0.00354,0.00324,0.00395,0.00136,0.01048,0.00364,0.00480,0.00378,0.00618,0.00361,0.00554,0.00380,0.00378,0.00447,0.00489,0.00539,0.00426,0.00508
1975,0.01031,0.01659,0.00608,0.01130,0.00773,0.02166,0.00529,0.00512,0.00362,0.00564,0.00803,0.00605,0.00804,0.00337,0.00411,0.00386,0.00528,0.00272,0.00750,0.00437,0.00652,0.01340,0.00193,0.00759,0.00832,,0.00888,0.00324,0.00673,0.00355,0.00325,0.00396,0.00136,0.01049,0.00364,0.00479,0.00375,0.00620,0.00360,0.00554,0.00377,0.00375,0.00448,0.00489,0.00538,0.00422,0.00511
1976,0.00955,0.01676,0.00631,0.01145,0.00748,0.02125,0.00526,0.00522,0.00374,0.00599,0.00802,0.00606,0.00804,0.00339,0.00415,0.00392,0.00527,0.00274,0.00768,0.00443,0.00654,0.01343,0.00195,0.00761,0.00834,,0.00885,0.00323,0.00673,0.00359,0.00327,0.00400,0.00139,0.01046,0.00367,0.00468,0.00371,0.00618,0.00358,0.00560,0.00381,0.00375,0.00455,0.00491,0.00545,0.00416,0.00509
1977,0.00932,0.01692,0.00653,0.01163,0.00738,0.02225,0.00538,0.00506,0.00380,0.00570,0.00774,0.00621,0.00803,0.00341,0.00423,0.00388,0.00527,0.00268,0.00772,0.00448,0.00656,0.01340,0.00197,0.00763,0.00835,,0.00889,0.00318,0.00676,0.00363,0.00330,0.00397,0.00140,0.01049,0.00364,0.00464,0.00370,0.00618,0.00353,0.00560,0.00383,0.00367,0.00449,0.00492,0.00542,0.00419,0.00505
1978,0.00971,0.01684,0.00653,0.01174,0.00720,0.02251,0.00536,0.00497,0.00385,0.00541,0.00753,0.00606,0.00788,0.00348,0.00432,0.00382,0.00530,0.00271,0.00782,0.00445,0.00659,0.01341,0.00195,0.00765,0.00836,,0.00886,0.00319,0.00676,0.00364,0.00330,0.00392,0.00141,0.01060,0.00368,0.00460,0.00371,0.00618,0.00352,0.00560,0.00375,0.00364,0.00450,0.00495,0.00537,0.00423,0.00500
1979,0.00982,0.01674,0.00651,0.01159,0.00677,0.02230,0.00520,0.00506,0.00393,0.00565,0.00741,0.00597,0.00783,0.00353,0.00438,0.00385,0.00533,0.00274,0.00805,0.00443,0.00659,0.01352,0.00199,0.00764,0.00839,,0.00880,0.00322,0.00675,0.00368,0.00327,0.00390,0.00144,0.01067,0.00372,0.00455,0.00371,0.00618,0.00348,0.00566,0.00370,0.00366,0.00457,0.00496,0.00538,0.00425,0.00495
1980,0.01008,0.01671,0.00647,0.01156,0.00676,0.02249,0.00512,0.00500,0.00396,0.00563,0.00743,0.00596,0.00782,0.00352,0.00444,0.00386,0.00530,0.00275,0.00815,0.00443,0.00657,0.01351,0.00200,0.00765,0.00843,,0.00879,0.00322,0.00678,0.00367,0.00326,0.00389,0.00145,0.01071,0.00372,0.00455,0.00369,0.00617,0.00346,0.00568,0.00371,0.00367,0.00455,0.00496,0.00537,0.00420,0.00493
1981,0.01042,0.01659,0.00624,0.01158,0.00714,0.02317,0.00504,0.00489,0.00400,0.00555,0.00793,0.00606,0.00778,0.00343,0.00449,0.00389,0.00521,0.00277,0.00827,0.00448,0.00652,0.01340,0.00197,0.00765,0.00849,,0.00883,0.00320,0.00684,0.00359,0.00321,0.00384,0.00146,0.01076,0.00366,0.00462,0.00369,0.00618,0.00342,0.00565,0.00375,0.00370,0.00446,0.00501,0.00530,0.00404,0.00493
1982,0.01036,0.01652,0.00624,0.01150,0.00709,0.02306,0.00502,0.00487,0.00397,0.00549,0.00788,0.00599,0.00775,0.00345,0.00446,0.00390,0.00522,0.00276,0.00829,0.00446,0.00652,0.01338,0.00194,0.00768,0.00851,,0.00881,0.00319,0.00686,0.00360,0.00320,0.00382,0.00145,0.01079,0.00366,0.00465,0.00370,0.00617,0.00344,0.00566,0.00374,0.00370,0.00445,0.00501,0.00531,0.00401,0.00496
1983,0.01022,0.01652,0.00637,0.01124,0.00689,0.02236,0.00499,0.00482,0.00383,0.00538,0.00737,0.00584,0.00783,0.00351,0.00435,0.00395,0.00523,0.00270,0.00818,0.00438,0.00653,0.01337,0.00190,0.00777,0.00853,,0.00875,0.00315,0.00687,0.00367,0.00324,0.00384,0.00142,0.01075,0.00368,0.00470,0.00365,0.00612,0.00352,0.00573,0.00374,0.00365,0.00440,0.00493,0.00539,0.00400,0.00510
1984,0.01034,0.01653,0.00641,0.01120,0.00695,0.02226,0.00498,0.00476,0.00378,0.00526,0.00730,0.00581,0.00784,0.00349,0.00436,0.00394,0.00522,0.00270,0.00812,0.00437,0.00651,0.01335,0.00189,0.00779,0.00855,,0.00874,0.00315,0.00689,0.00367,0.00324,0.00384,0.00140,0.01078,0.00367,0.00471,0.00366,0.00611,0.00354,0.00571,0.00374,0.00365,0.00438,0.00492,0.00541,0.00402,0.00510
1985,0.01017,0.01651,0.00646,0.01121,0.00694,0.02190,0.00497,0.00468,0.00370,0.00506,0.00733,0.00567,0.00777,0.00347,0.00436,0.00386,0.00529,0.00274,0.00806,0.00441,0.00647,0.01336,0.00187,0.00777,0.00854,,0.00873,0.00317,0.00690,0.00369,0.00320,0.00381,0.00137,0.01091,0.00368,0.00466,0.00376,0.00613,0.00354,0.00561,0.00366,0.00363,0.00441,0.00492,0.00541,0.00417,0.00501
1986,0.01004,0.01652,0.00656,0.01125,0.00694,0.02190,0.00503,0.00469,0.00374,0.00507,0.00731,0.00566,0.00777,0.00349,0.00434,0.00382,0.00531,0.00274,0.00797,0.00440,0.00646,0.01336,0.00186,0.00778,0.00855,,0.00871,0.00317,0.00690,0.00369,0.00320,0.00380,0.00135,0.01095,0.00368,0.00468,0.00377,0.00615,0.00356,0.00559,0.00361,0.00364,0.00447,0.00494,0.00541,0.00423,0.00501
1987,0.01038,0.01669,0.00674,0.01144,0.00712,0.02256,0.00501,0.00465,0.00404,0.00527,0.00738,0.00583,0.00784,0.00342,0.00438,0.00380,0.00525,0.00272,0.00785,0.00439,0.00643,0.01332,0.00185,0.00777,0.00857,,0.00869,0.00319,0.00692,0.00361,0.00319,0.00381,0.00132,0.01096,0.00365,0.00475,0.00376,0.00620,0.00359,0.00557,0.00357,0.00365,0.00456,0.00498,0.00538,0.00426,0.00497
1988,0.01048,0.01667,0.00682,0.01164,0.00749,0.02313,0.00535,0.00478,0.00401,0.00528,0.00759,0.00603,0.00784,0.00344,0.00443,0.00379,0.00519,0.00277,0.00779,0.00442,0.00643,0.01330,0.00188,0.00774,0.00861,,0.00871,0.00314,0.00700,0.00359,0.00321,0.00383,0.00135,0.01099,0.00368,0.00473,0.00376,0.00625,0.00358,0.00555,0.00366,0.00371,0.00462,0.00508,0.00538,0.00428,0.00496
1989,0.00954,0.01659,0.00676,0.01159,0.00747,0.02316,0.00572,0.00491,0.00369,0.00550,0.00788,0.00600,0.00787,0.00357,0.00442,0.00380,0.00518,0.00278,0.00769,0.00448,0.00645,0.01331,0.00194,0.00778,0.00861,,0.00872,0.00311,0.00697,0.00363,0.00321,0.00386,0.00137,0.01098,0.00366,0.00468,0.00373,0.00625,0.00361,0.00555,0.00364,0.00376,0.00465,0.00508,0.00537,0.00425,0.00499
1990,0.00907,0.01668,0.00671,0.01167,0.00720,0.02335,0.00589,0.00530,0.00353,0.00573,0.00797,0.00608,0.00797,0.00365,0.00433,0.00379,0.00518,0.00274,0.00759,0.00451,0.00650,0.01335,0.00197,0.00782,0.00868,,0.00869,0.00309,0.00693,0.00365,0.00323,0.00388,0.00137,0.01102,0.00367,0.00472,0.00371,0.00624,0.00369,0.00558,0.00362,0.00379,0.00466,0.00502,0.00538,0.00422,0.00510
1991,0.00936,0.01664,0.00667,0.01169,0.00723,0.02326,0.00590,0.00529,0.00354,0.00579,0.00788,0.00614,0.00796,0.00367,0.00424,0.00378,0.00518,0.00275,0.00745,0.00450,0.00653,0.01340,0.00197,0.00784,0.00872,,0.00869,0.00310,0.00694,0.00366,0.00323,0.00389,0.00138,0.01105,0.00367,0.00470,0.00371,0.00622,0.00370,0.00563,0.00365,0.00381,0.00465,0.00502,0.00541,0.00423,0.00512
1992,0.01039,0.01651,0.00641,0.01153,0.00752,0.02273,0.00568,0.00504,0.00349,0.00579,0.00769,0.00621,0.00788,0.00363,0.00415,0.00377,0.00514,0.00285,0.00730,0.00450,0.00654,0.01351,0.00196,0.00780,0.00877,,0.00872,0.00315,0.00695,0.00366,0.00319,0.00393,0.00142,0.01109,0.00364,0.00460,0.00373,0.00615,0.00364,0.00569,0.00374,0.00380,0.00453,0.00492,0.00542,0.00427,0.00508
1993,0.01066,0.01652,0.00640,0.01154,0.00753,0.02250,0.00567,0.00493,0.00352,0.00571,0.00780,0.00613,0.00789,0.00358,0.00410,0.00377,0.00515,0.00284,0.00712,0.00451,0.00655,0.01355,0.00197,0.00782,0.00878,,0.00874,0.00319,0.00697,0.00366,0.00318,0.00392,0.00142,0.01113,0.00365,0.00459,0.00377,0.00614,0.00365,0.00573,0.00378,0.00384,0.00455,0.00493,0.00546,0.00430,0.00505
1994,0.01144,0.01658,0.00667,0.01168,0.00748,0.02214,0.00563,0.00459,0.00398,0.00527,0.00777,0.00585,0.00787,0.00343,0.00397,0.00373,0.00520,0.00278,0.00688,0.00444,0.00658,0.01355,0.00192,0.00791,0.00873,,0.00872,0.00327,0.00708,0.00363,0.00320,0.00387,0.00143,0.01122,0.00373,0.00468,0.00379,0.00617,0.00366,0.00583,0.00384,0.00391,0.00468,0.00510,0.00556,0.00435,0.00499
1995,0.01178,0.01649,0.00672,0.01172,0.00750,0.02214,0.00549,0.00455,0.00402,0.00525,0.00775,0.00590,0.00788,0.00343,0.00396,0.00374,0.00523,0.00279,0.00669,0.00443,0.00658,0.01358,0.00193,0.00788,0.00874,,0.00873,0.00328,0.00711,0.00364,0.00321,0.00387,0.00141,0.01124,0.00372,0.00470,0.00383,0.00618,0.00365,0.00589,0.00387,0.00392,0.00472,0.00513,0.00561,0.00437,0.00499
1996,0.01096,0.01632,0.00674,0.01173,0.00727,0.02248,0.00533,0.00483,0.00354,0.00555,0.00815,0.00612,0.00800,0.00352,0.00410,0.00380,0.00526,0.00281,0.00653,0.00458,0.00653,0.01362,0.00208,0.00777,0.00875,,0.00878,0.00323,0.00709,0.00369,0.00324,0.00391,0.00137,0.01119,0.00362,0.00469,0.00393,0.00620,0.00368,0.00590,0.00391,0.00392,0.00479,0.00513,0.00569,0.00437,0.00501
1997,0.01091,0.01640,0.00671,0.01185,0.00726,0.02258,0.00532,0.00492,0.00344,0.00551,0.00828,0.00613,0.00806,0.00353,0.00418,0.00380,0.00530,0.00282,0.00636,0.00458,0.00655,0.01363,0.00212,0.00776,0.00876,,0.00876,0.00325,0.00710,0.00370,0.00323,0.00392,0.00134,0.01122,0.00362,0.00475,0.00399,0.00623,0.00370,0.00591,0.00391,0.00393,0.00481,0.00514,0.00569,0.00438,0.00502
1998,0.01170,0.01649,0.00656,0.01206,0.00764,0.02293,0.00522,0.00505,0.00339,0.00529,0.00794,0.00633,0.00805,0.00363,0.00433,0.00378,0.00536,0.00290,0.00619,0.00439,0.00662,0.01367,0.00209,0.00773,0.00886,,0.00865,0.00329,0.00711,0.00370,0.00318,0.00392,0.00128,0.01125,0.00366,0.00490,0.00406,0.00623,0.00366,0.00595,0.00382,0.00383,0.00478,0.00508,0.00554,0.00436,0.00505
1999,0.01215,0.01661,0.00653,0.01214,0.00771,0.02314,0.00520,0.00514,0.00351,0.00543,0.00786,0.00644,0.00811,0.00369,0.00440,0.00380,0.00539,0.00295,0.00603,0.00434,0.00666,0.01372,0.00211,0.00772,0.00889,,0.00865,0.00328,0.00711,0.00371,0.00318,0.00394,0.00126,0.01126,0.00367,0.00497,0.00408,0.00626,0.00365,0.00596,0.00387,0.00384,0.00472,0.00508,0.00549,0.00439,0.00512
2000,0.01291,0.01699,0.00653,0.01213,0.00746,0.02276,0.00546,0.00507,0.00389,0.00548,0.00784,0.00624,0.00821,0.00363,0.00447,0.00381,0.00541,0.00298,0.00592,0.00429,0.00672,0.01375,0.00207,0.00781,0.00881,,0.00868,0.00328,0.00709,0.00374,0.00316,0.00400,0.00125,0.01130,0.00374,0.00501,0.00408,0.00634,0.00363,0.00587,0.00404,0.00394,0.00466,0.00517,0.00543,0.00452,0.00528
2001,0.01298,0.01746,0.00651,0.01244,0.00758,0.02298,0.00566,0.00521,0.00437,0.00568,0.00817,0.00605,0.00831,0.00361,0.00441,0.00378,0.00540,0.00292,0.00571,0.00430,0.00677,0.01379,0.00215,0.00790,0.00876,,0.00872,0.00321,0.00710,0.00374,0.00317,0.00394,0.00129,0.01142,0.00380,0.00509,0.00402,0.00635,0.00366,0.00582,0.00410,0.00406,0.00445,0.00516,0.00543,0.00451,0.00535
2002,0.01246,0.01775,0.00673,0.01230,0.00773,0.02433,0.00566,0.00534,0.00454,0.00608,0.00835,0.00620,0.00839,0.00367,0.00443,0.00384,0.00538,0.00300,0.00550,0.00438,0.00679,0.01379,0.00225,0.00787,0.00886,,0.00877,0.00311,0.00713,0.00372,0.00325,0.00396,0.00133,0.01145,0.00379,0.00507,0.00400,0.00636,0.00373,0.00585,0.00406,0.00409,0.00439,0.00519,0.00557,0.00449,0.00522
2003,0.01161,0.01767,0.00675,0.01203,0.00762,0.02389,0.00563,0.00526,0.00455,0.00639,0.00814,0.00626,0.00835,0.00362,0.00437,0.00386,0.00534,0.00308,0.00536,0.00445,0.00681,0.01387,0.00219,0.00785,0.00886,,0.00883,0.00307,0.00710,0.00366,0.00334,0.00402,0.00139,0.01145,0.00372,0.00497,0.00398,0.00642,0.00372,0.00581,0.00414,0.00408,0.00446,0.00521,0.00561,0.00461,0.00513
2004,0.01114,0.01764,0.00673,0.01197,0.00769,0.02376,0.00559,0.00531,0.00471,0.00641,0.00796,0.00634,0.00831,0.00360,0.00435,0.00391,0.00537,0.00309,0.00524,0.00448,0.00686,0.01403,0.00220,0.00787,0.00887,,0.00887,0.00307,0.00706,0.00366,0.00339,0.00400,0.00145,0.01145,0.00374,0.00498,0.00398,0.00644,0.00377,0.00577,0.00421,0.00408,0.00451,0.00520,0.00566,0.00464,0.00510
2005,0.00979,0.01738,0.00659,0.01184,0.00803,0.02333,0.00557,0.00541,0.00483,0.00562,0.00751,0.00644,0.00813,0.00350,0.00439,0.00397,0.00551,0.00305,0.00512,0.00443,0.00698,0.01425,0.00217,0.00793,0.00898,,0.00883,0.00321,0.00700,0.00364,0.00342,0.00392,0.00156,0.01151,0.00380,0.00508,0.00408,0.00640,0.00394,0.00576,0.00419,0.00394,0.00476,0.00514,0.00577,0.00459,0.00488
2006,0.00965,0.01743,0.00665,0.01186,0.00808,0.02345,0.00542,0.00544,0.00466,0.00562,0.00748,0.00649,0.00810,0.00352,0.00441,0.00399,0.00553,0.00306,0.00503,0.00447,0.00700,0.01436,0.00216,0.00793,0.00897,,0.00885,0.00325,0.00696,0.00365,0.00344,0.00389,0.00158,0.01149,0.00382,0.00511,0.00409,0.00643,0.00393,0.00573,0.00412,0.00396,0.00479,0.00513,0.00577,0.00462,0.00489
2007,0.01079,0.01758,0.00679,0.01227,0.00776,0.02332,0.00494,0.00533,0.00446,0.00612,0.00771,0.00653,0.00817,0.00366,0.00443,0.00400,0.00555,0.00301,0.00496,0.00465,0.00696,0.01462,0.00222,0.00789,0.00881,,0.00896,0.00329,0.00691,0.00376,0.00344,0.00385,0.00153,0.01139,0.00385,0.00515,0.00401,0.00652,0.00380,0.00565,0.00408,0.00417,0.00466,0.00514,0.00566,0.00472,0.00526
2008,0.01122,0.01760,0.00681,0.01234,0.00792,0.02358,0.00500,0.00548,0.00431,0.00622,0.00758,0.00657,0.00814,0.00364,0.00439,0.00402,0.00555,0.00298,0.00495,0.00463,0.00698,0.01470,0.00221,0.00788,0.00871,,0.00901,0.00329,0.00686,0.00376,0.00344,0.00383,0.00150,0.01132,0.00386,0.00518,0.00400,0.00653,0.00374,0.00567,0.00411,0.00415,0.00463,0.00511,0.00566,0.00472,0.00531
2009,0.01196,0.01771,0.00696,0.01212,0.00850,0.02474,0.00547,0.00593,0.00372,0.00644,0.00724,0.00650,0.00812,0.00353,0.00424,0.00397,0.00544,0.00301,0.00499,0.00442,0.00696,0.01439,0.00212,0.00787,0.00855,,0.00903,0.00325,0.00685,0.00366,0.00341,0.00385,0.00137,0.01125,0.00382,0.00517,0.00398,0.00652,0.00361,0.00575,0.00406,0.00401,0.00462,0.00504,0.00563,0.00465,0.00516
2010,0.01227,0.01781,0.00693,0.01222,0.00856,0.02507,0.00555,0.00595,0.00346,0.00644,0.00736,0.00650,0.00811,0.00351,0.00424,0.00397,0.00541,0.00301,0.00504,0.00441,0.00699,0.01449,0.00209,0.00783,0.00847,,0.00904,0.00325,0.00683,0.00365,0.00340,0.00387,0.00135,0.01117,0.00384,0.00517,0.00399,0.00649,0.00355,0.00578,0.00401,0.00399,0.00460,0.00502,0.00563,0.00468,0.00518
2011,0.01237,0.01788,0.00653,0.01262,0.00859,0.02504,0.00579,0.00594,0.00351,0.00599,0.00761,0.00660,0.00795,0.00339,0.00426,0.00401,0.00543,0.00300,0.00517,0.00440,0.00711,0.01494,0.00200,0.00780,0.00846,,0.00893,0.00327,0.00679,0.00372,0.00339,0.00391,0.00148,0.01105,0.00397,0.00520,0.00411,0.00638,0.00354,0.00588,0.00405,0.00388,0.00457,0.00501,0.00565,0.00475,0.00526
2012,0.01212,0.01776,0.00642,0.01252,0.00858,0.02491,0.00587,0.00585,0.00353,0.00581,0.00763,0.00663,0.00796,0.00336,0.00429,0.00404,0.00542,0.00298,0.00527,0.00437,0.00716,0.01506,0.00203,0.00779,0.00839,,0.00895,0.00324,0.00676,0.00371,0.00338,0.00394,0.00148,0.01097,0.00400,0.00518,0.00413,0.00632,0.00354,0.00589,0.00414,0.00381,0.00458,0.00500,0.00573,0.00474,0.00527
2013,0.01129,0.01757,0.00648,0.01223,0.00819,0.02424,0.00562,0.00533,0.00366,0.00569,0.00785,0.00664,0.00814,0.00347,0.00439,0.00408,0.00535,0.00292,0.00532,0.00443,0.00715,0.01507,0.00224,0.00783,0.00832,,0.00904,0.00322,0.00670,0.00371,0.00338,0.00402,0.00143,0.01090,0.00399,0.00513,0.00409,0.00623,0.00351,0.00584,0.00426,0.00380,0.00457,0.00507,0.00583,0.00473,0.00539
2014,0.01054,0.01749,0.00642,0.01205,0.00787,0.02421,0.00533,0.00492,0.00378,0.00567,0.00827,0.00662,0.00830,0.00349,0.00460,0.00407,0.00540,0.00291,0.00541,0.00457,0.00716,0.01520,0.00228,0.00774,0.00832,,0.00913,0.00318,0.00674,0.00365,0.00341,0.00402,0.00145,0.01081,0.00398,0.00506,0.00404,0.00621,0.00357,0.00577,0.00424,0.00391,0.00459,0.00508,0.00592,0.00477,0.00535
2015,0.01056,0.01711,0.00656,0.01186,0.00778,0.02372,0.00514,0.00486,0.00325,0.00585,0.00810,0.00665,0.00828,0.00356,0.00470,0.00408,0.00545,0.00296,0.00556,0.00460,0.00720,0.01529,0.00216,0.00770,0.00828,,0.00912,0.00318,0.00685,0.00366,0.00340,0.00395,0.00152,0.01073,0.00395,0.00495,0.00400,0.00626,0.00368,0.00582,0.00425,0.00395,0.00455,0.00506,0.00607,0.00469,0.00520
2016,0.01063,0.01694,0.00680,0.01161,0.00785,0.02318,0.00541,0.00523,0.00323,0.00577,0.00777,0.00671,0.00828,0.00359,0.00471,0.00409,0.00550,0.00294,0.00571,0.00456,0.00723,0.01528,0.00217,0.00771,0.00816,,0.00927,0.00317,0.00685,0.00363,0.00340,0.00387,0.00153,0.01074,0.00389,0.00497,0.00403,0.00636,0.00377,0.00581,0.00434,0.00396,0.00460,0.00496,0.00613,0.00457,0.00504
2017,0.01090,0.01686,0.00669,0.01156,0.00781,0.02326,0.00563,0.00529,0.00339,0.00581,0.00781,0.00664,0.00828,0.00362,0.00468,0.00409,0.00552,0.00295,0.00592,0.00454,0.00722,0.01532,0.00215,0.00767,0.00813,,0.00928,0.00319,0.00682,0.00363,0.00338,0.00388,0.00151,0.01070,0.00386,0.00494,0.00402,0.00633,0.00377,0.00577,0.00434,0.00398,0.00462,0.00494,0.00610,0.00449,0.00506
2018,0.01200,0.01711,0.00628,0.01192,0.00767,0.02408,0.00606,0.00544,0.00362,0.00594,0.00811,0.00654,0.00813,0.00371,0.00459,0.00409,0.00559,0.00299,0.00625,0.00453,0.00721,0.01551,0.00204,0.00759,0.00815,,0.00916,0.00328,0.00678,0.00370,0.00335,0.00391,0.00151,0.01064,0.00387,0.00490,0.00404,0.00627,0.00370,0.00574,0.00418,0.00409,0.00462,0.00494,0.00597,0.00446,0.00520
2019,0.01235,0.01698,0.00634,0.01203,0.00767,0.02367,0.00604,0.00549,0.00359,0.00597,0.00828,0.00645,0.00811,0.00367,0.00461,0.00409,0.00558,0.00301,0.00643,0.00453,0.00720,0.01563,0.00199,0.00756,0.00816,,0.00913,0.00332,0.00678,0.00371,0.00333,0.00388,0.00151,0.01061,0.00388,0.00491,0.00402,0.00623,0.00370,0.00574,0.00414,0.00409,0.00456,0.00493,0.00586,0.00438,0.00520
2020,0.01239,0.01651,0.00650,0.01204,0.00774,0.02285,0.00582,0.00547,0.00383,0.00598,0.00856,0.00617,0.00825,0.00347,0.00468,0.00407,0.00549,0.00302,0.00654,0.00450,0.00712,0.01566,0.00204,0.00757,0.00820,,0.00910,0.00335,0.00672,0.00361,0.00331,0.00384,0.00142,0.01058,0.00390,0.00499,0.00392,0.00607,0.00366,0.00566,0.00416,0.00402,0.00443,0.00489,0.00557,0.00420,0.00523
2021,0.01232,0.01654,0.00646,0.01199,0.00777,0.02260,0.00585,0.00533,0.00389,0.00593,0.00861,0.00612,0.00825,0.00344,0.00461,0.00407,0.00548,0.00302,0.00670,0.00447,0.00713,0.01569,0.00204,0.00757,0.00819,,0.00911,0.00335,0.00670,0.00361,0.00332,0.00386,0.00140,0.01057,0.00391,0.00496,0.00391,0.00604,0.00362,0.00566,0.00418,0.00398,0.00446,0.00493,0.00553,0.00417,0.00523
2022,0.01210,0.01676,0.00666,0.01202,0.00793,0.02194,0.00574,0.00508,0.00349,0.00577,0.00861,0.00619,0.00819,0.00343,0.00448,0.00410,0.00551,0.00304,0.00681,0.00445,0.00721,0.01575,0.00204,0.00757,0.00814,,0.00920,0.00332,0.00674,0.00369,0.00335,0.00385,0.00148,0.01060,0.00396,0.00488,0.00394,0.00615,0.00360,0.00581,0.00425,0.00392,0.00458,0.00505,0.00571,0.00420,0.00510
2023,0.01193,0.01681,0.00669,0.01196,0.00788,0.02153,0.00570,0.00497,0.00341,0.00573,0.00852,0.00625,0.00812,0.00343,0.00447,0.00408,0.00550,0.00304,0.00693,0.00447,0.00723,0.01585,0.00200,0.00756,0.00814,,0.00919,0.00330,0.00678,0.00370,0.00335,0.00384,0.00149,0.01062,0.00398,0.00487,0.00394,0.00617,0.00360,0.00581,0.00421,0.00390,0.00455,0.00507,0.00566,0.00420,0.00507
2024,0.01152,0.01716,0.00628,0.01155,0.00763,0.02185,0.00604,0.00482,0.00367,0.00577,0.00828,0.00655,0.00796,0.00357,0.00441,0.00398,0.00551,0.00297,0.00704,0.00448,0.00725,0.01596,0.00194,0.00753,0.00815,,0.00909,0.00323,0.00684,0.00370,0.00334,0.00394,0.00144,0.01063,0.00397,0.00483,0.00395,0.00613,0.00358,0.00572,0.00413,0.00391,0.00446,0.00509,0.00549,0.00423,0.00511
2025,0.01130,0.01727,0.00618,0.01145,0.00759,0.02191,0.00609,0.00470,0.00378,0.00573,0.00808,0.00659,0.00791,0.00359,0.00435,0.00398,0.00551,0.00296,0.00726,0.00448,0.00727,0.01600,0.00194,0.00753,0.00815,,0.00906,0.00320,0.00684,0.00370,0.00332,0.00398,0.00143,0.01066,0.00397,0.00480,0.00394,0.00615,0.00357,0.00570,0.00407,0.00391,0.00448,0.00512,0.00550,0.00428,0.00514
2026,0.01126,0.01709,0.00640,0.01155,0.00769,0.02203,0.00583,0.00471,0.00389,0.00564,0.00782,0.00650,0.00792,0.00354,0.00437,0.00404,0.00547,0.00302,0.00761,0.00450,0.00729,0.01606,0.00196,0.00752,0.00816,,0.00907,0.00318,0.00683,0.00365,0.00329,0.00394,0.00142,0.01065,0.00397,0.00481,0.00387,0.00620,0.00359,0.00563,0.00393,0.00395,0.00449,0.00512,0.00554,0.00435,0.00514
2027,0.01104,0.01697,0.00641,0.01153,0.00756,0.02115,0.00564,0.00469,0.00380,0.00574,0.00749,0.00632,0.00790,0.00350,0.00441,0.00400,0.00543,0.00301,0.00782,0.00454,0.00727,0.01614,0.00195,0.00757,0.00821,,0.00899,0.00319,0.00685,0.00361,0.00323,0.00390,0.00143,0.01072,0.00393,0.00486,0.00387,0.00619,0.00361,0.00562,0.00382,0.00393,0.00441,0.00506,0.00551,0.00437,0.00519
2028,0.01098,0.01686,0.00637,0.01158,0.00746,0.02122,0.00561,0.00459,0.00386,0.00568,0.00747,0.00636,0.00795,0.00349,0.00439,0.00400,0.00544,0.00299,0.00797,0.00452,0.00728,0.01622,0.00194,0.00760,0.00826,,0.00895,0.00320,0.00686,0.00362,0.00320,0.00390,0.00142,0.01076,0.00393,0.00485,0.00385,0.00619,0.00362,0.00563,0.00377,0.00390,0.00440,0.00504,0.00552,0.00437,0.00520
2029,0.01090,0.01671,0.00623,0.01179,0.00743,0.02176,0.00565,0.00423,0.00395,0.00547,0.00749,0.00637,0.00808,0.00349,0.00425,0.00409,0.00550,0.00297,0.00816,0.00442,0.00732,0.01624,0.00198,0.00766,0.00832,,0.00898,0.00322,0.00685,0.00368,0.00316,0.00393,0.00142,0.01081,0.00394,0.00478,0.00385,0.00625,0.00359,0.00568,0.00378,0.00382,0.00452,0.00506,0.00571,0.00440,0.00523
2030,0.01105,0.01666,0.00636,0.01185,0.00740,0.02183,0.00563,0.00433,0.00407,0.00535,0.00764,0.00633,0.00814,0.00348,0.00425,0.00407,0.00550,0.00297,0.00829,0.00440,0.00732,0.01627,0.00198,0.00766,0.00833,,0.00899,0.00321,0.00684,0.00367,0.00317,0.00392,0.00140,0.01084,0.00394,0.00478,0.00382,0.00623,0.00355,0.00570,0.00376,0.00382,0.00453,0.00507,0.00576,0.00440,0.00520
2031,0.01137,0.01663,0.00662,0.01189,0.00723,0.02184,0.00571,0.00471,0.00430,0.00520,0.00832,0.00647,0.00824,0.00349,0.00435,0.00395,0.00548,0.00295,0.00820,0.00443,0.00728,0.01634,0.00193,0.00763,0.00835,,0.00897,0.00318,0.00689,0.00363,0.00317,0.00390,0.00136,0.01086,0.00393,0.00480,0.00377,0.00611,0.00348,0.00574,0.00373,0.00388,0.00444,0.00507,0.00567,0.00432,0.00510
2032,0.01158,0.01660,0.00669,0.01177,0.00723,0.02208,0.00570,0.00479,0.00437,0.00518,0.00821,0.00647,0.00824,0.00351,0.00439,0.00394,0.00550,0.00296,0.00833,0.00441,0.00730,0.01645,0.00192,0.00762,0.00837,,0.00897,0.00317,0.00688,0.00363,0.00318,0.00391,0.00135,0.01088,0.00398,0.00480,0.00374,0.00607,0.00348,0.00573,0.00375,0.00387,0.00444,0.00506,0.00564,0.00429,0.00510
2033,0.01210,0.01666,0.00691,0.01145,0.00744,0.02234,0.00559,0.00492,0.00445,0.00532,0.00752,0.00623,0.00814,0.00351,0.00447,0.00398,0.00549,0.00302,0.00867,0.00438,0.00736,0.01652,0.00194,0.00756,0.00832,,0.00905,0.00316,0.00677,0.00359,0.00328,0.00391,0.00135,0.01090,0.00408,0.00483,0.00372,0.00602,0.00346,0.00568,0.00379,0.00385,0.00450,0.00508,0.00562,0.00428,0.00517
2034,0.01210,0.01665,0.00694,0.01133,0.00750,0.02241,0.00555,0.00504,0.00441,0.00532,0.00741,0.00615,0.00813,0.00353,0.00447,0.00399,0.00551,0.00304,0.00878,0.00439,0.00738,0.01661,0.00194,0.00755,0.00832,,0.00906,0.00315,0.00680,0.00358,0.00328,0.00389,0.00135,0.01093,0.00408,0.00482,0.00371,0.00601,0.00347,0.00569,0.00383,0.00386,0.00452,0.00507,0.00561,0.00428,0.00516
2035,0.01168,0.01648,0.00660,0.01105,0.00753,0.02264,0.00558,0.00507,0.00415,0.00535,0.00711,0.00620,0.00806,0.00360,0.00434,0.00404,0.00560,0.00304,0.00881,0.00441,0.00744,0.01675,0.00190,0.00756,0.00838,,0.00898,0.00315,0.00695,0.00363,0.00321,0.00389,0.00138,0.01101,0.00405,0.00474,0.00370,0.00605,0.00359,0.00570,0.00393,0.00384,0.00454,0.00498,0.00555,0.00432,0.00513
2036,0.01152,0.01651,0.00651,0.01102,0.00751,0.02277,0.00551,0.00496,0.00401,0.00533,0.00708,0.00615,0.00806,0.00362,0.00435,0.00406,0.00563,0.00303,0.00889,0.00440,0.00748,0.01688,0.00190,0.00756,0.00840,,0.00899,0.00314,0.00698,0.00365,0.00320,0.00388,0.00138,0.01102,0.00404,0.00473,0.00372,0.00606,0.00361,0.00571,0.00397,0.00381,0.00454,0.00497,0.00554,0.00430,0.00513
2037,0.01125,0.01676,0.00656,0.01136,0.00736,0.02265,0.00530,0.00473,0.00382,0.00505,0.00771,0.00596,0.00819,0.00355,0.00447,0.00406,0.00561,0.00300,0.00894,0.00442,0.00748,0.01699,0.00195,0.00756,0.00839,,0.00905,0.00312,0.00701,0.00365,0.00319,0.00387,0.00138,0.01096,0.00394,0.00475,0.00379,0.00610,0.00354,0.00577,0.00396,0.00380,0.00450,0.00501,0.00559,0.00425,0.00511
2038,0.01090,0.01680,0.00653,0.01146,0.00733,0.02254,0.00527,0.00472,0.00371,0.00503,0.00799,0.00596,0.00822,0.00357,0.00446,0.00406,0.00561,0.00299,0.00892,0.00442,0.00751,0.01710,0.00195,0.00756,0.00842,,0.00904,0.00311,0.00706,0.00365,0.00318,0.00385,0.00138,0.01099,0.00391,0.00474,0.00380,0.00611,0.00355,0.00581,0.00398,0.00380,0.00449,0.00502,0.00562,0.00425,0.00508
2039,0.01050,0.01687,0.00648,0.01154,0.00735,0.02248,0.00542,0.00466,0.00364,0.00531,0.00826,0.00611,0.00820,0.00363,0.00442,0.00407,0.00560,0.00297,0.00885,0.00441,0.00755,0.01723,0.00192,0.00757,0.00849,,0.00901,0.00311,0.00708,0.00368,0.00322,0.00383,0.00137,0.01105,0.00398,0.00472,0.00383,0.00612,0.00359,0.00583,0.00401,0.00378,0.00444,0.00503,0.00561,0.00423,0.00506
2040,0.01031,0.01687,0.00647,0.01157,0.00736,0.02238,0.00536,0.00452,0.00366,0.00538,0.00822,0.00611,0.00818,0.00370,0.00444,0.00411,0.00558,0.00299,0.00884,0.00435,0.00760,0.01740,0.00191,0.00750,0.00853,,0.00901,0.00312,0.00705,0.00367,0.00329,0.00382,0.00135,0.01111,0.00404,0.00479,0.00385,0.00611,0.00363,0.00582,0.00396,0.00375,0.00445,0.00508,0.00565,0.00426,0.00510
2041,0.01019,0.01682,0.00646,0.01164,0.00729,0.02241,0.00535,0.00446,0.00364,0.00540,0.00814,0.00616,0.00821,0.00370,0.00447,0.00410,0.00557,0.00300,0.00883,0.00434,0.00765,0.01748,0.00191,0.00753,0.00856,,0.00901,0.00309,0.00705,0.00369,0.00329,0.00384,0.00135,0.01114,0.00403,0.00480,0.00384,0.00613,0.00364,0.00583,0.00396,0.00375,0.00444,0.00506,0.00567,0.00422,0.00511
2042,0.00978,0.01654,0.00642,0.01165,0.00731,0.02245,0.00543,0.00466,0.00362,0.00549,0.00790,0.00634,0.00824,0.00370,0.00442,0.00405,0.00556,0.00301,0.00874,0.00436,0.00769,0.01745,0.00188,0.00764,0.00860,,0.00896,0.00304,0.00710,0.00372,0.00326,0.00384,0.00135,0.01123,0.00398,0.00478,0.00376,0.00617,0.00369,0.00584,0.00400,0.00380,0.00443,0.00497,0.00571,0.00419,0.00508
2043,0.01000,0.01650,0.00644,0.01167,0.00719,0.02241,0.00548,0.00468,0.00370,0.00551,0.00779,0.00635,0.00824,0.00370,0.00437,0.00404,0.00556,0.00303,0.00866,0.00436,0.00773,0.01759,0.00189,0.00764,0.00863,,0.00897,0.00303,0.00709,0.00373,0.00325,0.00387,0.00136,0.01130,0.00399,0.00476,0.00376,0.00616,0.00369,0.00588,0.00401,0.00381,0.00444,0.00498,0.00570,0.00420,0.00508
2044,0.01095,0.01659,0.00659,0.01185,0.00669,0.02241,0.00542,0.00446,0.00398,0.00529,0.00757,0.00617,0.00824,0.00360,0.00437,0.00401,0.00554,0.00303,0.00866,0.00436,0.00775,0.01783,0.00197,0.00764,0.00862,,0.00907,0.00305,0.00698,0.00374,0.00320,0.00397,0.00141,0.01134,0.00398,0.00474,0.00379,0.00616,0.00362,0.00595,0.00400,0.00379,0.00446,0.00503,0.00566,0.00416,0.00512
2045,0.01118,0.01658,0.00660,0.01182,0.00676,0.02250,0.00543,0.00448,0.00395,0.00531,0.00737,0.00615,0.00824,0.00357,0.00441,0.00401,0.00555,0.00304,0.00861,0.00437,0.00780,0.01796,0.00200,0.00764,0.00862,,0.00907,0.00304,0.00697,0.00372,0.00320,0.00400,0.00141,0.01135,0.00398,0.00473,0.00381,0.00615,0.00362,0.00596,0.00400,0.00380,0.00448,0.00505,0.00563,0.00415,0.00512
2046,0.01138,0.01644,0.00657,0.01149,0.00727,0.02245,0.00558,0.00479,0.00379,0.00550,0.00709,0.00615,0.00819,0.00358,0.00439,0.00402,0.00560,0.00307,0.00848,0.00441,0.00786,0.01817,0.00202,0.00755,0.00862,,0.00900,0.00304,0.00700,0.00365,0.00323,0.00400,0.00138,0.01137,0.00402,0.00469,0.00385,0.00606,0.00369,0.00597,0.00400,0.00385,0.00455,0.00510,0.00554,0.00422,0.00506
2047,0.01144,0.01656,0.00653,0.01146,0.00735,0.02253,0.00564,0.00480,0.00374,0.00555,0.00711,0.00613,0.00817,0.00362,0.00439,0.00405,0.00562,0.00310,0.00838,0.00442,0.00792,0.01834,0.00203,0.00752,0.00864,,0.00900,0.00305,0.00701,0.00364,0.00324,0.00399,0.00138,0.01139,0.00405,0.00472,0.00387,0.00607,0.00368,0.00597,0.00399,0.00387,0.00456,0.00514,0.00552,0.00425,0.00505
2048,0.01097,0.01698,0.00641,0.01158,0.00760,0.02315,0.00566,0.00465,0.00336,0.00554,0.00724,0.00607,0.00825,0.00370,0.00455,0.00411,0.00564,0.00317,0.00833,0.00441,0.00800,0.01835,0.00205,0.00756,0.00866,,0.00906,0.00304,0.00702,0.00367,0.00326,0.00393,0.00135,0.01134,0.00408,0.00484,0.00388,0.00619,0.00360,0.00588,0.00395,0.00386,0.00452,0.00513,0.00551,0.00419,0.00504
2049,0.01089,0.01705,0.00636,0.01155,0.00770,0.02316,0.00565,0.00459,0.00335,0.00562,0.00736,0.00615,0.00825,0.00373,0.00459,0.00413,0.00566,0.00317,0.00827,0.00443,0.00807,0.01851,0.00205,0.00757,0.00868,,0.00904,0.00304,0.00704,0.00367,0.00327,0.00392,0.00136,0.01133,0.00407,0.00488,0.00388,0.00622,0.00359,0.00585,0.00397,0.00388,0.00452,0.00512,0.00553,0.00421,0.00506
2050,0.01104,0.01711,0.00628,0.01154,0.00737,0.02253,0.00569,0.00430,0.00395,0.00577,0.00797,0.00643,0.00816,0.00374,0.00447,0.00414,0.00563,0.00312,0.00820,0.00447,0.00813,0.01885,0.00202,0.00758,0.00876,,0.00896,0.00313,0.00707,0.00367,0.00327,0.00389,0.00146,0.01141,0.00404,0.00487,0.00390,0.00626,0.00356,0.00589,0.00402,0.00392,0.00453,0.00512,0.00561,0.00434,0.00511
2051,0.01110,0.01714,0.00632,0.01159,0.00720,0.02236,0.00562,0.00427,0.00408,0.00581,0.00818,0.00648,0.00815,0.00379,0.00444,0.00416,0.00564,0.00312,0.00810,0.00448,0.00819,0.01908,0.00203,0.00757,0.00880,,0.00898,0.00314,0.00709,0.00369,0.00327,0.00390,0.00148,0.01145,0.00404,0.00492,0.00389,0.00628,0.00354,0.00591,0.00403,0.00393,0.00451,0.00514,0.00563,0.00436,0.00514
2052,0.01113,0.01691,0.00650,0.01165,0.00718,0.02219,0.00538,0.00452,0.00409,0.00579,0.00829,0.00650,0.00817,0.00381,0.00442,0.00414,0.00570,0.00314,0.00799,0.00450,0.00823,0.01920,0.00203,0.00755,0.00880,,0.00904,0.00307,0.00712,0.00372,0.00326,0.00398,0.00143,0.01147,0.00404,0.00501,0.00384,0.00626,0.00358,0.00594,0.00404,0.00391,0.00450,0.00515,0.00563,0.00433,0.00522
2053,0.01130,0.01659,0.00662,0.01156,0.00707,0.02205,0.00521,0.00478,0.00400,0.00587,0.00802,0.00646,0.00819,0.00382,0.00443,0.00416,0.00575,0.00312,0.00787,0.00453,0.00833,0.01951,0.00203,0.00758,0.00879,,0.00907,0.00302,0.00714,0.00375,0.00331,0.00403,0.00141,0.01147,0.00404,0.00502,0.00381,0.00619,0.00362,0.00596,0.00409,0.00394,0.00449,0.00516,0.00566,0.00431,0.00519
2054,0.01143,0.01646,0.00667,0.01146,0.00715,0.02189,0.00518,0.00474,0.00405,0.00581,0.00778,0.00658,0.00821,0.00384,0.00446,0.00415,0.00576,0.00311,0.00783,0.00453,0.00841,0.01979,0.00203,0.00761,0.00881,,0.00907,0.00305,0.00718,0.00373,0.00330,0.00403,0.00143,0.01145,0.00404,0.00504,0.00382,0.00619,0.00361,0.00593,0.00412,0.00396,0.00451,0.00515,0.00569,0.00432,0.00523
2055,0.01166,0.01645,0.00677,0.01139,0.00726,0.02196,0.00522,0.00461,0.00395,0.00555,0.00720,0.00666,0.00826,0.00394,0.00455,0.00416,0.00576,0.00315,0.00777,0.00449,0.00845,0.02006,0.00207,0.00763,0.00884,,0.00916,0.00310,0.00721,0.00372,0.00325,0.00400,0.00145,0.01143,0.00411,0.00510,0.00386,0.00627,0.00352,0.00584,0.00412,0.00394,0.00454,0.00515,0.00569,0.00427,0.00528
2056,0.01154,0.01651,0.00681,0.01147,0.00738,0.02212,0.00518,0.00464,0.00385,0.00544,0.00711,0.00669,0.00830,0.00395,0.00457,0.00415,0.00578,0.00318,0.00776,0.00450,0.00856,0.02030,0.00207,0.00764,0.00884,,0.00916,0.00313,0.00721,0.00372,0.00325,0.00400,0.00143,0.01144,0.00411,0.00512,0.00389,0.00625,0.00355,0.00588,0.00412,0.00396,0.00452,0.00517,0.00571,0.00426,0.00529
2057,0.01121,0.01658,0.00674,0.01155,0.00779,0.02225,0.00520,0.00445,0.00387,0.00530,0.00721,0.00693,0.00832,0.00388,0.00460,0.00411,0.00580,0.00317,0.00791,0.00454,0.00872,0.02056,0.00204,0.00767,0.00883,,0.00896,0.00325,0.00722,0.00369,0.00326,0.00397,0.00142,0.01146,0.00403,0.00504,0.00397,0.00615,0.00365,0.00596,0.00414,0.00404,0.00454,0.00515,0.00578,0.00432,0.00529
2058,0.01099,0.01669,0.00670,0.01157,0.00783,0.02224,0.00526,0.00446,0.00392,0.00530,0.00710,0.00695,0.00833,0.00386,0.00459,0.00411,0.00579,0.00317,0.00793,0.00455,0.00883,0.02088,0.00204,0.00767,0.00885,,0.00898,0.00326,0.00719,0.00368,0.00325,0.00395,0.00143,0.01146,0.00404,0.00501,0.00400,0.00616,0.00368,0.00597,0.00413,0.00403,0.00452,0.00516,0.00581,0.00434,0.00532
2059,0.01036,0.01714,0.00669,0.01177,0.00758,0.02236,0.00528,0.00480,0.00375,0.00542,0.00708,0.00662,0.00838,0.00387,0.00449,0.00416,0.00580,0.00324,0.00790,0.00456,0.00896,0.02119,0.00206,0.00764,0.00888,,0.00919,0.00313,0.00707,0.00371,0.00328,0.00397,0.00140,0.01148,0.00409,0.00502,0.00400,0.00618,0.00373,0.00604,0.00404,0.00394,0.00440,0.00522,0.00581,0.00433,0.00535
2060,0.01030,0.01722,0.00664,0.01185,0.00754,0.02256,0.00529,0.00494,0.00375,0.00543,0.00716,0.00654,0.00838,0.00385,0.00444,0.00418,0.00581,0.00326,0.00787,0.00457,0.00907,0.02152,0.00206,0.00761,0.00888,,0.00923,0.00311,0.00704,0.00375,0.00329,0.00400,0.00138,0.01149,0.00410,0.00503,0.00402,0.00620,0.00377,0.00609,0.00405,0.00393,0.00438,0.00524,0.00581,0.00432,0.00535
2061,0.01077,0.01710,0.00641,0.01166,0.00752,0.02271,0.00545,0.00502,0.00409,0.00544,0.00720,0.00658,0.00833,0.00382,0.00431,0.00419,0.00575,0.00322,0.00782,0.00455,0.00911,0.02199,0.00204,0.00759,0.00887,,0.00922,0.00313,0.00703,0.00378,0.00323,0.00404,0.00145,0.01151,0.00414,0.00502,0.00407,0.00635,0.00378,0.00609,0.00411,0.00393,0.00442,0.00525,0.00576,0.00428,0.00532
2062,0.01090,0.01699,0.00641,0.01165,0.00743,0.02267,0.00547,0.00502,0.00417,0.00551,0.00716,0.00662,0.00832,0.00378,0.00434,0.00420,0.00575,0.00321,0.00779,0.00455,0.00921,0.02236,0.00205,0.00757,0.00887,,0.00929,0.00312,0.00705,0.00379,0.00322,0.00404,0.00145,0.01146,0.00416,0.00505,0.00406,0.00640,0.00377,0.00607,0.00415,0.00394,0.00444,0.00526,0.00580,0.00430,0.00534
2063,0.01105,0.01658,0.00655,0.01185,0.00729,0.02285,0.00528,0.00502,0.00403,0.00554,0.00734,0.00667,0.00828,0.00369,0.00454,0.00419,0.00586,0.00322,0.00776,0.00453,0.00932,0.02260,0.00208,0.00754,0.00881,,0.00936,0.00314,0.00715,0.00381,0.00325,0.00402,0.00137,0.01134,0.00413,0.00516,0.00395,0.00636,0.00379,0.00604,0.00426,0.00405,0.00451,0.00529,0.00591,0.00432,0.00532
2064,0.01126,0.01645,0.00663,0.01188,0.00728,0.02277,0.00523,0.00498,0.00401,0.00560,0.00741,0.00673,0.00829,0.00366,0.00459,0.00419,0.00589,0.00323,0.00776,0.00454,0.00944,0.02294,0.00208,0.00753,0.00881,,0.00937,0.00316,0.00719,0.00382,0.00327,0.00405,0.00135,0.01132,0.00413,0.00518,0.00393,0.00634,0.00381,0.00605,0.00430,0.00409,0.00454,0.00530,0.00594,0.00434,0.00533
2065,0.01155,0.01652,0.00683,0.01180,0.00728,0.02194,0.00532,0.00467,0.00400,0.00583,0.00719,0.00690,0.00837,0.00368,0.00462,0.00419,0.00586,0.00319,0.00781,0.00455,0.00958,0.02331,0.00210,0.00751,0.00888,,0.00943,0.00317,0.00720,0.00378,0.00333,0.00407,0.00136,0.01130,0.00411,0.00516,0.00392,0.00627,0.00377,0.00598,0.00427,0.00409,0.00453,0.00525,0.00595,0.00446,0.00546
2066,0.01155,0.01651,0.00695,0.01176,0.00727,0.02166,0.00527,0.00459,0.00400,0.00592,0.00715,0.00698,0.00838,0.00369,0.00471,0.00421,0.00588,0.00321,0.00786,0.00458,0.00971,0.02369,0.00212,0.00753,0.00889,,0.00947,0.00318,0.00723,0.00376,0.00337,0.00408,0.00137,0.01126,0.00413,0.00516,0.00391,0.00625,0.00377,0.00597,0.00426,0.00409,0.00454,0.00524,0.00601,0.00449,0.00547
2067,0.01160,0.01671,0.00706,0.01162,0.00734,0.02145,0.00509,0.00466,0.00400,0.00586,0.00735,0.00705,0.00841,0.00370,0.00474,0.00425,0.00594,0.00331,0.00792,0.00466,0.00983,0.02414,0.00211,0.00756,0.00888,,0.00946,0.00319,0.00730,0.00374,0.00344,0.00411,0.00134,0.01124,0.00420,0.00512,0.00392,0.00629,0.00381,0.00606,0.00427,0.00411,0.00455,0.00524,0.00605,0.00448,0.00544
2068,0.01142,0.01664,0.00714,0.01162,0.00755,0.02178,0.00501,0.00479,0.00408,0.00586,0.00745,0.00707,0.00841,0.00376,0.00475,0.00429,0.00590,0.00338,0.00800,0.00472,0.00997,0.02453,0.00213,0.00764,0.00885,,0.00942,0.00323,0.00728,0.00380,0.00345,0.00419,0.00138,0.01130,0.00423,0.00511,0.00403,0.00632,0.00387,0.00620,0.00418,0.00409,0.00456,0.00526,0.00608,0.00441,0.00531
2069,0.01117,0.01673,0.00712,0.01153,0.00750,0.02197,0.00510,0.00476,0.00420,0.00585,0.00739,0.00699,0.00839,0.00381,0.00474,0.00432,0.00590,0.00339,0.00805,0.00476,0.01009,0.02491,0.00213,0.00763,0.00885,,0.00942,0.00322,0.00726,0.00378,0.00346,0.00421,0.00140,0.01132,0.00424,0.00509,0.00405,0.00632,0.00388,0.00622,0.00416,0.00407,0.00456,0.00527,0.00609,0.00439,0.00527
2070,0.01053,0.01683,0.00699,0.01144,0.00720,0.02257,0.00527,0.00475,0.00446,0.00578,0.00711,0.00667,0.00829,0.00387,0.00475,0.00434,0.00596,0.00338,0.00804,0.00480,0.01019,0.02528,0.00214,0.00757,0.00882,,0.00948,0.00315,0.00723,0.00371,0.00344,0.00416,0.00143,0.01127,0.00426,0.00506,0.00404,0.00634,0.00386,0.00616,0.00417,0.00405,0.00457,0.00530,0.00615,0.00436,0.00519
2071,0.01022,0.01683,0.00700,0.01138,0.00721,0.02259,0.00528,0.00474,0.00441,0.00582,0.00722,0.00670,0.00829,0.00389,0.00479,0.00436,0.00596,0.00339,0.00815,0.00479,0.01032,0.02566,0.00216,0.00758,0.00883,,0.00950,0.00317,0.00723,0.00371,0.00346,0.00415,0.00143,0.01126,0.00427,0.00509,0.00403,0.00635,0.00385,0.00616,0.00420,0.00402,0.00457,0.00530,0.00614,0.00434,0.00522
2072,0.00986,0.01680,0.00701,0.01123,0.00731,0.02235,0.00541,0.00463,0.00414,0.00597,0.00750,0.00689,0.00836,0.00389,0.00476,0.00437,0.00591,0.00334,0.00837,0.00468,0.01044,0.02598,0.00216,0.00755,0.00887,,0.00949,0.00324,0.00716,0.00374,0.00351,0.00414,0.00140,0.01131,0.00424,0.00516,0.00400,0.00634,0.00381,0.00612,0.00430,0.00395,0.00454,0.00525,0.00601,0.00434,0.00535
2073,0.00976,0.01686,0.00695,0.01122,0.00732,0.02221,0.00545,0.00455,0.00418,0.00599,0.00751,0.00691,0.00838,0.00392,0.00477,0.00437,0.00592,0.00334,0.00846,0.00468,0.01057,0.02639,0.00216,0.00755,0.00888,,0.00948,0.00324,0.00721,0.00373,0.00349,0.00416,0.00142,0.01133,0.00425,0.00516,0.00400,0.00634,0.00379,0.00612,0.00432,0.00396,0.00451,0.00526,0.00598,0.00436,0.00538
2074,0.00999,0.01695,0.00689,0.01138,0.00748,0.02167,0.00534,0.00453,0.00425,0.00598,0.00760,0.00701,0.00844,0.00397,0.00494,0.00436,0.00597,0.00345,0.00860,0.00469,0.01071,0.02687,0.00214,0.00764,0.00889,,0.00945,0.00325,0.00742,0.00374,0.00347,0.00419,0.00149,0.01133,0.00433,0.00518,0.00400,0.00636,0.00376,0.00618,0.00430,0.00401,0.00447,0.00532,0.00603,0.00441,0.00538
2075,0.00989,0.01689,0.00691,0.01141,0.00749,0.02162,0.00520,0.00452,0.00419,0.00599,0.00764,0.00710,0.00844,0.00396,0.00495,0.00438,0.00597,0.00346,0.00867,0.00469,0.01086,0.02730,0.00215,0.00766,0.00891,,0.00949,0.00326,0.00745,0.00375,0.00345,0.00421,0.00146,0.01134,0.00434,0.00522,0.00399,0.00638,0.00376,0.00621,0.00430,0.00403,0.00446,0.00531,0.00603,0.00440,0.00540
2076,0.00996,0.01679,0.00694,0.01150,0.00731,0.02197,0.00493,0.00442,0.00433,0.00590,0.00742,0.00708,0.00835,0.00394,0.00481,0.00443,0.00594,0.00335,0.00853,0.00474,0.01104,0.02778,0.00216,0.00763,0.00895,,0.00958,0.00322,0.00741,0.00374,0.00338,0.00428,0.00136,0.01136,0.00432,0.00524,0.00402,0.00640,0.00374,0.00624,0.00425,0.00406,0.00444,0.00529,0.00603,0.00432,0.00542
2077,0.00982,0.01681,0.00689,0.01147,0.00721,0.02206,0.00494,0.00442,0.00434,0.00585,0.00728,0.00706,0.00833,0.00395,0.00476,0.00443,0.00596,0.00335,0.00857,0.00476,0.01118,0.02823,0.00215,0.00763,0.00898,,0.00961,0.00322,0.00742,0.00374,0.00336,0.00429,0.00136,0.01138,0.00432,0.00524,0.00401,0.00641,0.00376,0.00625,0.00425,0.00409,0.00444,0.00528,0.00604,0.00433,0.00541
2078,0.00887,0.01679,0.00686,0.01117,0.00704,0.02223,0.00506,0.00453,0.00400,0.00588,0.00724,0.00714,0.00835,0.00388,0.00463,0.00440,0.00599,0.00342,0.00875,0.00475,0.01131,0.02860,0.00220,0.00763,0.00901,,0.00967,0.00327,0.00735,0.00377,0.00341,0.00422,0.00136,0.01140,0.00429,0.00529,0.00392,0.00644,0.00384,0.00624,0.00427,0.00408,0.00446,0.00522,0.00603,0.00441,0.00538
2079,0.00870,0.01672,0.00690,0.01114,0.00701,0.02231,0.00508,0.00460,0.00386,0.00584,0.00726,0.00720,0.00836,0.00387,0.00463,0.00443,0.00598,0.00343,0.00886,0.00475,0.01144,0.02905,0.00220,0.00761,0.00904,,0.00971,0.00328,0.00734,0.00377,0.00343,0.00422,0.00136,0.01142,0.00431,0.00530,0.00392,0.00645,0.00389,0.00627,0.00431,0.00410,0.00448,0.00519,0.00603,0.00438,0.00539
2080,0.00900,0.01678,0.00695,0.01136,0.00711,0.02231,0.00529,0.00470,0.00386,0.00569,0.00735,0.00723,0.00839,0.00392,0.00473,0.00448,0.00597,0.00346,0.00898,0.00474,0.01157,0.02957,0.00216,0.00754,0.00906,,0.00967,0.00327,0.00742,0.00375,0.00347,0.00425,0.00147,0.01147,0.00439,0.00521,0.00401,0.00644,0.00395,0.00631,0.00441,0.00417,0.00457,0.00517,0.00606,0.00431,0.00537
2081,0.00932,0.01681,0.00685,0.01130,0.00712,0.02216,0.00549,0.00474,0.00390,0.00556,0.00721,0.00714,0.00842,0.00402,0.00486,0.00451,0.00601,0.00350,0.00915,0.00475,0.01169,0.03003,0.00213,0.00754,0.00907,,0.00966,0.00322,0.00747,0.00374,0.00348,0.00424,0.00155,0.01148,0.00444,0.00518,0.00406,0.00641,0.00398,0.00637,0.00442,0.00420,0.00455,0.00518,0.00604,0.00432,0.00536
2082,0.00951,0.01675,0.00685,0.01130,0.00718,0.02204,0.00550,0.00479,0.00398,0.00554,0.00722,0.00717,0.00849,0.00402,0.00487,0.00453,0.00606,0.00353,0.00920,0.00477,0.01186,0.03049,0.00215,0.00753,0.00909,,0.00969,0.00322,0.00751,0.00374,0.00348,0.00424,0.00154,0.01148,0.00446,0.00518,0.00408,0.00640,0.00400,0.00641,0.00441,0.00422,0.00456,0.00520,0.00606,0.00433,0.00534
2083,0.01016,0.01647,0.00696,0.01144,0.00738,0.02187,0.00523,0.00490,0.00414,0.00552,0.00740,0.00731,0.00857,0.00397,0.00487,0.00459,0.00610,0.00352,0.00917,0.00477,0.01207,0.03096,0.00219,0.00753,0.00909,,0.00978,0.00324,0.00755,0.00373,0.00346,0.00427,0.00139,0.01146,0.00447,0.00524,0.00413,0.00639,0.00400,0.00648,0.00436,0.00425,0.00458,0.00522,0.00607,0.00425,0.00540
2084,0.01015,0.01640,0.00703,0.01142,0.00741,0.02188,0.00518,0.00483,0.00417,0.00559,0.00739,0.00736,0.00861,0.00399,0.00487,0.00464,0.00613,0.00353,0.00921,0.00480,0.01225,0.03146,0.00220,0.00755,0.00913,,0.00980,0.00324,0.00756,0.00376,0.00346,0.00429,0.00138,0.01148,0.00448,0.00526,0.00418,0.00641,0.00400,0.00653,0.00440,0.00423,0.00458,0.00524,0.00609,0.00424,0.00536
2085,0.00956,0.01644,0.00706,0.01120,0.00732,0.02192,0.00526,0.00465,0.00429,0.00584,0.00722,0.00742,0.00868,0.00398,0.00477,0.00467,0.00621,0.00360,0.00924,0.00488,0.01244,0.03195,0.00221,0.00762,0.00919,,0.00979,0.00325,0.00756,0.00382,0.00344,0.00430,0.00139,0.01149,0.00444,0.00531,0.00418,0.00646,0.00399,0.00655,0.00444,0.00415,0.00455,0.00529,0.00614,0.00435,0.00520
2086,0.00947,0.01642,0.00708,0.01110,0.00735,0.02193,0.00514,0.00457,0.00421,0.00587,0.00719,0.00740,0.00872,0.00399,0.00474,0.00468,0.00625,0.00363,0.00927,0.00489,0.01262,0.03247,0.00225,0.00763,0.00921,,0.00982,0.00326,0.00759,0.00385,0.00345,0.00430,0.00137,0.01153,0.00444,0.00532,0.00421,0.00647,0.00401,0.00656,0.00446,0.00413,0.00454,0.00528,0.00612,0.00437,0.00520
2087,0.00934,0.01639,0.00715,0.01095,0.00741,0.02216,0.00479,0.00437,0.00388,0.00575,0.00722,0.00730,0.00869,0.00404,0.00474,0.00470,0.00622,0.00363,0.00934,0.00488,0.01279,0.03303,0.00230,0.00764,0.00922,,0.00985,0.00329,0.00762,0.00389,0.00351,0.00432,0.00140,0.01163,0.00446,0.00528,0.00432,0.00648,0.00403,0.00657,0.00453,0.00411,0.00451,0.00520,0.00600,0.00431,0.00527
2088,0.00945,0.01639,0.00715,0.01102,0.00740,0.02215,0.00476,0.00433,0.00381,0.00582,0.00716,0.00729,0.00871,0.00407,0.00476,0.00473,0.00622,0.00366,0.00937,0.00490,0.01298,0.03360,0.00231,0.00765,0.00924,,0.00987,0.00327,0.00764,0.00392,0.00353,0.00434,0.00140,0.01166,0.00448,0.00530,0.00433,0.00650,0.00406,0.00658,0.00456,0.00412,0.00452,0.00522,0.00601,0.00431,0.00527
2089,0.00990,0.01641,0.00703,0.01133,0.00740,0.02185,0.00486,0.00449,0.00373,0.00599,0.00705,0.00726,0.00878,0.00403,0.00478,0.00473,0.00622,0.00372,0.00936,0.00491,0.01322,0.03415,0.00234,0.00764,0.00923,,0.00991,0.00324,0.00772,0.00396,0.00352,0.00434,0.00136,0.01164,0.00452,0.00532,0.00425,0.00650,0.00417,0.00654,0.00451,0.00418,0.00455,0.00529,0.00609,0.00439,0.00529
2090,0.01009,0.01636,0.00699,0.01135,0.00738,0.02182,0.00483,0.00452,0.00377,0.00599,0.00703,0.00728,0.00880,0.00406,0.00479,0.00474,0.00624,0.00374,0.00939,0.00492,0.01341,0.03476,0.00236,0.00765,0.00924,,0.00995,0.00324,0.00775,0.00395,0.00355,0.00434,0.00135,0.01166,0.00453,0.00536,0.00425,0.00652,0.00419,0.00655,0.00451,0.00422,0.00455,0.00532,0.00609,0.00440,0.00533
2091,0.01034,0.01630,0.00706,0.01136,0.00726,0.02195,0.00489,0.00454,0.00409,0.00597,0.00698,0.00737,0.00882,0.00416,0.00482,0.00480,0.00626,0.00372,0.00943,0.00496,0.01356,0.03546,0.00231,0.00771,0.00932,,0.00999,0.00321,0.00770,0.00389,0.00361,0.00437,0.00136,0.01166,0.00453,0.00547,0.00424,0.00657,0.00418,0.00659,0.00455,0.00428,0.00454,0.00539,0.00608,0.00435,0.00530
2092,0.01048,0.01623,0.00705,0.01137,0.00721,0.02191,0.00498,0.00454,0.00418,0.00603,0.00701,0.00744,0.00882,0.00419,0.00490,0.00484,0.00627,0.00373,0.00948,0.00500,0.01377,0.03612,0.00231,0.00771,0.00936,,0.01001,0.00320,0.00772,0.00388,0.00363,0.00438,0.00138,0.01167,0.00454,0.00550,0.00425,0.00660,0.00419,0.00662,0.00457,0.00429,0.00454,0.00543,0.00615,0.00433,0.00532
2093,0.01047,0.01602,0.00691,0.01108,0.00717,0.02178,0.00502,0.00442,0.00418,0.00605,0.00726,0.00756,0.00879,0.00419,0.00506,0.00485,0.00629,0.00376,0.00956,0.00505,0.01402,0.03677,0.00240,0.00764,0.00936,,0.01001,0.00326,0.00780,0.00384,0.00363,0.00433,0.00139,0.01174,0.00455,0.00547,0.00430,0.00661,0.00418,0.00665,0.00455,0.00426,0.00453,0.00539,0.00629,0.00426,0.00539
2094,0.01047,0.01598,0.00694,0.01101,0.00717,0.02181,0.00498,0.00440,0.00422,0.00600,0.00729,0.00762,0.00880,0.00420,0.00508,0.00486,0.00631,0.00378,0.00963,0.00506,0.01424,0.03745,0.00240,0.00764,0.00940,,0.01004,0.00328,0.00784,0.00383,0.00364,0.00434,0.00141,0.01178,0.00456,0.00549,0.00434,0.00663,0.00417,0.00669,0.00455,0.00429,0.00452,0.00537,0.00630,0.00425,0.00546
2095,0.01044,0.01612,0.00713,0.01123,0.00715,0.02184,0.00501,0.00445,0.00418,0.00592,0.00716,0.00764,0.00882,0.00415,0.00502,0.00489,0.00630,0.00380,0.00972,0.00502,0.01443,0.03814,0.00233,0.00767,0.00944,,0.01005,0.00325,0.00785,0.00387,0.00362,0.00442,0.00142,0.01180,0.00458,0.00553,0.00437,0.00665,0.00417,0.00671,0.00457,0.00438,0.00456,0.00536,0.00631,0.00425,0.00553
2096,0.01031,0.01613,0.00720,0.01137,0.00728,0.02189,0.00502,0.00447,0.00416,0.00598,0.00708,0.00773,0.00883,0.00413,0.00509,0.00494,0.00630,0.00386,0.00979,0.00505,0.01468,0.03884,0.00229,0.00766,0.00950,,0.01004,0.00325,0.00792,0.00393,0.00359,0.00447,0.00144,0.01183,0.00462,0.00553,0.00440,0.00662,0.00419,0.00677,0.00453,0.00438,0.00457,0.00540,0.00630,0.00432,0.00557
2097,0.01027,0.01614,0.00719,0.01135,0.00726,0.02187,0.00507,0.00448,0.00414,0.00604,0.00702,0.00772,0.00886,0.00417,0.00511,0.00498,0.00631,0.00387,0.00986,0.00510,0.01494,0.03956,0.00228,0.00765,0.00952,,0.01008,0.00328,0.00800,0.00393,0.00360,0.00448,0.00143,0.01188,0.00464,0.00554,0.00442,0.00666,0.00419,0.00682,0.00460,0.00439,0.00458,0.00538,0.00631,0.00435,0.00557
2098,0.01023,0.01622,0.00717,0.01126,0.00722,0.02198,0.00506,0.00450,0.00411,0.00603,0.00684,0.00759,0.00890,0.00429,0.00499,0.00501,0.00635,0.00382,0.00992,0.00515,0.01520,0.04029,0.00222,0.00768,0.00952,,0.01019,0.00333,0.00808,0.00387,0.00368,0.00449,0.00140,0.01196,0.00464,0.00557,0.00444,0.00672,0.00417,0.00688,0.00470,0.00444,0.00456,0.00533,0.00616,0.00439,0.00556
2099,0.01012,0.01619,0.00725,0.01123,0.00721,0.02198,0.00496,0.00458,0.00419,0.00601,0.00686,0.00758,0.00895,0.00431,0.00500,0.00504,0.00637,0.00385,0.00996,0.00518,0.01546,0.04104,0.00226,0.00769,0.00957,,0.01022,0.00335,0.00814,0.00388,0.00370,0.00452,0.00141,0.01202,0.00470,0.00561,0.00446,0.00675,0.00417,0.00695,0.00477,0.00443,0.00457,0.00535,0.00617,0.00441,0.00553
2100,0.00989,0.01601,0.00728,0.01114,0.00711,0.02171,0.00484,0.00475,0.00435,0.00611,0.00703,0.00754,0.00902,0.00433,0.00516,0.00508,0.00639,0.00391,0.00999,0.00525,0.01580,0.04179,0.00242,0.00765,0.00962,,0.01022,0.00340,0.00826,0.00390,0.00370,0.00451,0.00141,0.01212,0.00481,0.00562,0.00447,0.00682,0.00416,0.00703,0.00492,0.00432,0.00460,0.00542,0.00638,0.00441,0.00538
2101,0.00993,0.01596,0.00720,0.01104,0.00710,0.02177,0.00485,0.00473,0.00441,0.00617,0.00713,0.00758,0.00906,0.00438,0.00516,0.00513,0.00640,0.00394,0.01003,0.00530,0.01609,0.04257,0.00245,0.00765,0.00964,,0.01027,0.00342,0.00831,0.00392,0.00372,0.00453,0.00142,0.01216,0.00485,0.00564,0.00449,0.00684,0.00418,0.00707,0.00498,0.00433,0.00460,0.00541,0.00640,0.00441,0.00537
2102,0.01008,0.01591,0.00718,0.01091,0.00715,0.02219,0.00481,0.00463,0.00461,0.00608,0.00727,0.00775,0.00911,0.00441,0.00507,0.00517,0.00638,0.00398,0.01007,0.00533,0.01634,0.04338,0.00245,0.00769,0.00967,,0.01035,0.00339,0.00831,0.00400,0.00373,0.00461,0.00144,0.01218,0.00491,0.00573,0.00451,0.00679,0.00424,0.00708,0.00495,0.00440,0.00457,0.00537,0.00634,0.00438,0.00542
2103,0.01015,0.01591,0.00719,0.01092,0.00723,0.02216,0.00476,0.00465,0.00457,0.00608,0.00737,0.00781,0.00914,0.00444,0.00507,0.00522,0.00641,0.00401,0.01009,0.00536,0.01661,0.04421,0.00249,0.00771,0.00972,,0.01038,0.00339,0.00832,0.00402,0.00374,0.00462,0.00145,0.01220,0.00493,0.00576,0.00451,0.00681,0.00426,0.00711,0.00498,0.00442,0.00457,0.00540,0.00634,0.00437,0.00545
2104,0.01049,0.01597,0.00700,0.01100,0.00738,0.02184,0.00489,0.00458,0.00417,0.00626,0.00746,0.00782,0.00909,0.00450,0.00510,0.00530,0.00646,0.00400,0.01009,0.00544,0.01687,0.04510,0.00254,0.00771,0.00972,,0.01043,0.00340,0.00831,0.00402,0.00376,0.00455,0.00143,0.01217,0.00489,0.00572,0.00448,0.00687,0.00428,0.00710,0.00502,0.00446,0.00458,0.00542,0.00634,0.00432,0.00555
2105,0.01056,0.01602,0.00698,0.01096,0.00744,0.02187,0.00490,0.00453,0.00414,0.00628,0.00749,0.00788,0.00912,0.00452,0.00509,0.00536,0.00648,0.00402,0.01011,0.00547,0.01717,0.04595,0.00256,0.00773,0.00976,,0.01047,0.00339,0.00833,0.00401,0.00378,0.00455,0.00143,0.01219,0.00488,0.00575,0.00449,0.00689,0.00431,0.00714,0.00502,0.00447,0.00458,0.00542,0.00634,0.00433,0.00558
2106,0.01043,0.01618,0.00730,0.01092,0.00748,0.02189,0.00462,0.00462,0.00431,0.00614,0.00745,0.00790,0.00921,0.00444,0.00509,0.00540,0.00647,0.00406,0.01009,0.00542,0.01751,0.04676,0.00263,0.00777,0.00991,,0.01042,0.00335,0.00834,0.00397,0.00379,0.00455,0.00145,0.01224,0.00486,0.00584,0.00448,0.00686,0.00431,0.00723,0.00497,0.00438,0.00460,0.00550,0.00637,0.00442,0.00555
2107,0.01025,0.01621,0.00735,0.01097,0.00754,0.02188,0.00458,0.00466,0.00432,0.00612,0.00748,0.00797,0.00925,0.00444,0.00511,0.00545,0.00651,0.00410,0.01013,0.00544,0.01782,0.04766,0.00265,0.00779,0.00997,,0.01043,0.00335,0.00839,0.00395,0.00381,0.00458,0.00146,0.01229,0.00488,0.00589,0.00451,0.00691,0.00433,0.00728,0.00499,0.00439,0.00461,0.00553,0.00639,0.00444,0.00555
2108,0.00961,0.01615,0.00716,0.01096,0.00763,0.02214,0.00482,0.00456,0.00437,0.00611,0.00759,0.00819,0.00932,0.00447,0.00509,0.00551,0.00655,0.00416,0.01032,0.00557,0.01818,0.04861,0.00255,0.00782,0.00992,,0.01052,0.00341,0.00852,0.00391,0.00384,0.00470,0.00147,0.01237,0.00495,0.00597,0.00460,0.00703,0.00438,0.00730,0.00507,0.00448,0.00461,0.00551,0.00635,0.00446,0.00554
2109,0.00960,0.01614,0.00715,0.01095,0.00759,0.02229,0.00482,0.00455,0.00448,0.00614,0.00754,0.00827,0.00938,0.00450,0.00508,0.00556,0.00659,0.00419,0.01037,0.00561,0.01852,0.04954,0.00254,0.00784,0.00995,,0.01057,0.00344,0.00860,0.00391,0.00387,0.00474,0.00148,0.01241,0.00499,0.00602,0.00465,0.00705,0.00442,0.00735,0.00509,0.00452,0.00462,0.00549,0.00636,0.00446,0.00554
2110,0.00997,0.01617,0.00719,0.01106,0.00747,0.02228,0.00468,0.00469,0.00458,0.00623,0.00740,0.00826,0.00939,0.00451,0.00510,0.00560,0.00665,0.00424,0.01036,0.00562,0.01880,0.05048,0.00261,0.00784,0.00997,,0.01064,0.00344,0.00864,0.00394,0.00388,0.00472,0.00148,0.01241,0.00502,0.00603,0.00466,0.00702,0.00447,0.00742,0.00514,0.00456,0.00464,0.00551,0.00642,0.00441,0.00557
2111,0.01023,0.01607,0.00719,0.01119,0.00745,0.02226,0.00463,0.00475,0.00454,0.00640,0.00728,0.00830,0.00940,0.00457,0.00513,0.00566,0.00674,0.00428,0.01034,0.00566,0.01913,0.05151,0.00262,0.00785,0.01002,,0.01070,0.00353,0.00871,0.00398,0.00391,0.00474,0.00145,0.01242,0.00510,0.00605,0.00472,0.00706,0.00451,0.00749,0.00512,0.00463,0.00467,0.00552,0.00645,0.00435,0.00557
2112,0.01032,0.01604,0.00724,0.01121,0.00736,0.02223,0.00469,0.00473,0.00448,0.00640,0.00733,0.00833,0.00947,0.00464,0.00516,0.00571,0.00675,0.00431,0.01037,0.00568,0.01947,0.05250,0.00261,0.00787,0.01004,,0.01076,0.00355,0.00876,0.00398,0.00393,0.00475,0.00143,0.01248,0.00513,0.00607,0.00479,0.00707,0.00452,0.00753,0.00516,0.00467,0.00469,0.00550,0.00651,0.00435,0.00558
2113,0.01074,0.01608,0.00742,0.01102,0.00711,0.02231,0.00472,0.00461,0.00448,0.00635,0.00740,0.00828,0.00961,0.00474,0.00517,0.00573,0.00667,0.00433,0.01035,0.00562,0.01985,0.05345,0.00262,0.00788,0.01011,,0.01079,0.00354,0.00878,0.00397,0.00396,0.00468,0.00139,0.01257,0.00510,0.00607,0.00486,0.00699,0.00454,0.00756,0.00513,0.00466,0.00471,0.00540,0.00661,0.00439,0.00556
2114,0.01086,0.01605,0.00746,0.01107,0.00708,0.02228,0.00472,0.00468,0.00453,0.00632,0.00733,0.00834,0.00964,0.00477,0.00519,0.00578,0.00668,0.00435,0.01032,0.00565,0.02020,0.05444,0.00263,0.00790,0.01015,,0.01087,0.00354,0.00887,0.00399,0.00399,0.00470,0.00138,0.01259,0.00512,0.00609,0.00489,0.00699,0.00456,0.00763,0.00517,0.00466,0.00470,0.00542,0.00666,0.00439,0.00557
2115,0.01063,0.01593,0.00742,0.01129,0.00715,0.02207,0.00488,0.00481,0.00446,0.00622,0.00739,0.00852,0.00961,0.00482,0.00523,0.00584,0.00669,0.00436,0.01036,0.00572,0.02056,0.05548,0.00259,0.00793,0.01016,,0.01097,0.00352,0.00900,0.00401,0.00403,0.00476,0.00138,0.01262,0.00515,0.00611,0.00493,0.00708,0.00452,0.00768,0.00531,0.00466,0.00464,0.00549,0.00669,0.00439,0.00558
2116,0.01036,0.01590,0.00742,0.01128,0.00724,0.02201,0.00491,0.00479,0.00446,0.00614,0.00735,0.00858,0.00969,0.00483,0.00528,0.00591,0.00671,0.00438,0.01034,0.00579,0.02093,0.05653,0.00258,0.00796,0.01017,,0.01106,0.00351,0.00909,0.00401,0.00406,0.00479,0.00139,0.01267,0.00518,0.00615,0.00499,0.00712,0.00455,0.00773,0.00540,0.00469,0.00466,0.00553,0.00671,0.00438,0.00561
2117,0.00989,0.01590,0.00735,0.01119,0.00753,0.02196,0.00479,0.00474,0.00463,0.00602,0.00704,0.00862,0.00982,0.00473,0.00534,0.00600,0.00678,0.00438,0.01023,0.00592,0.02131,0.05758,0.00257,0.00798,0.01019,,0.01119,0.00348,0.00921,0.00404,0.00409,0.00482,0.00141,0.01269,0.00522,0.00622,0.00506,0.00714,0.00459,0.00781,0.00550,0.00470,0.00469,0.00566,0.00670,0.00433,0.00566
2118,0.00998,0.01589,0.00740,0.01122,0.00754,0.02204,0.00471,0.00480,0.00473,0.00608,0.00694,0.00863,0.00985,0.00476,0.00535,0.00605,0.00683,0.00441,0.01020,0.00598,0.02170,0.05864,0.00261,0.00799,0.01023,,0.01125,0.00348,0.00928,0.00407,0.00413,0.00486,0.00141,0.01271,0.00526,0.00628,0.00506,0.00720,0.00466,0.00789,0.00553,0.00473,0.00471,0.00569,0.00671,0.00434,0.00569
2119,0.01031,0.01597,0.00760,0.01119,0.00741,0.02237,0.00464,0.00482,0.00473,0.00631,0.00700,0.00852,0.00985,0.00489,0.00534,0.00606,0.00688,0.00449,0.01028,0.00604,0.02212,0.05974,0.00270,0.00799,0.01026,,0.01126,0.00348,0.00929,0.00407,0.00416,0.00494,0.00140,0.01280,0.00529,0.00634,0.00506,0.00732,0.00477,0.00795,0.00550,0.00481,0.00480,0.00563,0.00675,0.00439,0.00575
2120,0.01017,0.01597,0.00762,0.01116,0.00746,0.02240,0.00465,0.00482,0.00479,0.00630,0.00704,0.00854,0.00996,0.00493,0.00538,0.00614,0.00691,0.00452,0.01024,0.00609,0.02253,0.06085,0.00272,0.00803,0.01028,,0.01131,0.00351,0.00933,0.00407,0.00418,0.00495,0.00140,0.01286,0.00533,0.00641,0.00509,0.00740,0.00482,0.00800,0.00554,0.00486,0.00482,0.00564,0.00674,0.00442,0.00576
2121,0.01001,0.01588,0.00757,0.01124,0.00750,0.02228,0.00465,0.00500,0.00503,0.00625,0.00710,0.00868,0.01006,0.00498,0.00540,0.00625,0.00693,0.00454,0.01005,0.00606,0.02291,0.06198,0.00274,0.00811,0.01033,,0.01135,0.00357,0.00933,0.00408,0.00416,0.00492,0.00142,0.01286,0.00539,0.00650,0.00507,0.00748,0.00486,0.00805,0.00559,0.00490,0.00475,0.00566,0.00669,0.00445,0.00569
2122,0.01025,0.01586,0.00760,0.01126,0.00746,0.02236,0.00466,0.00505,0.00509,0.00634,0.00711,0.00873,0.01012,0.00502,0.00541,0.00633,0.00697,0.00458,0.01005,0.00608,0.02331,0.06311,0.00279,0.00814,0.01037,,0.01140,0.00361,0.00939,0.00412,0.00418,0.00494,0.00142,0.01288,0.00543,0.00654,0.00507,0.00754,0.00490,0.00811,0.00562,0.00492,0.00475,0.00568,0.00668,0.00449,0.00569
2123,0.01054,0.01581,0.00751,0.01116,0.00747,0.02249,0.00483,0.00489,0.00499,0.00631,0.00715,0.00872,0.01029,0.00496,0.00545,0.00649,0.00699,0.00465,0.01017,0.00612,0.02370,0.06429,0.00278,0.00815,0.01036,,0.01149,0.00364,0.00952,0.00417,0.00420,0.00492,0.00140,0.01290,0.00545,0.00653,0.00512,0.00756,0.00490,0.00814,0.00569,0.00494,0.00478,0.00568,0.00669,0.00452,0.00573
2124,0.01039,0.01581,0.00748,0.01112,0.00752,0.02246,0.00489,0.00481,0.00494,0.00632,0.00720,0.00883,0.01040,0.00498,0.00549,0.00657,0.00703,0.00468,0.01019,0.00616,0.02410,0.06545,0.00279,0.00818,0.01041,,0.01154,0.00366,0.00961,0.00419,0.00424,0.00492,0.00140,0.01296,0.00548,0.00657,0.00517,0.00761,0.00491,0.00819,0.00577,0.00496,0.00479,0.00573,0.00669,0.00454,0.00572
2125,0.01022,0.01596,0.00759,0.01112,0.00744,0.02254,0.00483,0.00472,0.00481,0.00658,0.00719,0.00899,0.01034,0.00508,0.00553,0.00654,0.00709,0.00471,0.01029,0.00621,0.02452,0.06659,0.00285,0.00820,0.01051,,0.01154,0.00366,0.00973,0.00422,0.00437,0.00497,0.00140,0.01302,0.00553,0.00662,0.00518,0.00765,0.00489,0.00830,0.00584,0.00497,0.00483,0.00582,0.00669,0.00456,0.00572
2126,0.01053,0.01596,0.00764,0.01114,0.00740,0.02256,0.00481,0.00471,0.00478,0.00668,0.00721,0.00908,0.01036,0.00513,0.00555,0.00659,0.00714,0.00475,0.01035,0.00625,0.02494,0.06775,0.00290,0.00820,0.01058,,0.01159,0.00368,0.00982,0.00426,0.00443,0.00502,0.00141,0.01309,0.00555,0.00666,0.00521,0.00770,0.00492,0.00839,0.00586,0.00498,0.00485,0.00585,0.00673,0.00459,0.00574
2127,0.01077,0.01591,0.00765,0.01119,0.00748,0.02244,0.00487,0.00469,0.00487,0.00656,0.00734,0.00912,0.01043,0.00516,0.00555,0.00668,0.00719,0.00478,0.01040,0.00628,0.02535,0.06890,0.00290,0.00821,0.01067,,0.01165,0.00372,0.00982,0.00428,0.00444,0.00505,0.00142,0.01318,0.00556,0.00678,0.00525,0.00779,0.00498,0.00848,0.00583,0.00501,0.00484,0.00587,0.00678,0.00464,0.00573
2128,0.01074,0.01579,0.00763,0.01119,0.00759,0.02211,0.00479,0.00470,0.00490,0.00654,0.00739,0.00943,0.01055,0.00518,0.00562,0.00675,0.00723,0.00480,0.01021,0.00635,0.02578,0.07009,0.00291,0.00822,0.01072,,0.01174,0.00375,0.00990,0.00425,0.00447,0.00509,0.00146,0.01332,0.00556,0.00687,0.00539,0.00784,0.00504,0.00855,0.00593,0.00499,0.00482,0.00587,0.00685,0.00465,0.00574
2129,0.01059,0.01578,0.00768,0.01114,0.00763,0.02207,0.00481,0.00474,0.00487,0.00653,0.00743,0.00952,0.01064,0.00519,0.00567,0.00682,0.00726,0.00484,0.01022,0.00644,0.02621,0.07127,0.00293,0.00824,0.01077,,0.01180,0.00378,0.01000,0.00425,0.00450,0.00512,0.00149,0.01340,0.00558,0.00691,0.00546,0.00789,0.00506,0.00863,0.00600,0.00498,0.00485,0.00586,0.00687,0.00463,0.00575
2130,0.01089,0.01572,0.00781,0.01108,0.00760,0.02224,0.00486,0.00493,0.00477,0.00656,0.00748,0.00945,0.01071,0.00514,0.00569,0.00693,0.00729,0.00491,0.01036,0.00656,0.02663,0.07246,0.00301,0.00822,0.01079,,0.01186,0.00383,0.01014,0.00425,0.00451,0.00516,0.00152,0.01343,0.00555,0.00687,0.00553,0.00794,0.00510,0.00873,0.00602,0.00491,0.00490,0.00577,0.00690,0.00460,0.00578
2131,0.01109,0.01570,0.00781,0.01108,0.00759,0.02223,0.00486,0.00491,0.00486,0.00654,0.00740,0.00953,0.01078,0.00515,0.00573,0.00703,0.00732,0.00496,0.01040,0.00662,0.02705,0.07363,0.00302,0.00825,0.01080,,0.01193,0.00385,0.01025,0.00427,0.00452,0.00521,0.00155,0.01351,0.00558,0.00691,0.00557,0.00797,0.00514,0.00880,0.00606,0.00496,0.00491,0.00577,0.00694,0.00460,0.00586
2132,0.01074,0.01582,0.00775,0.01105,0.00756,0.02221,0.00481,0.00474,0.00504,0.00646,0.00714,0.00967,0.01088,0.00518,0.00584,0.00712,0.00737,0.00502,0.01046,0.00667,0.02746,0.07477,0.00297,0.00836,0.01077,,0.01197,0.00384,0.01038,0.00432,0.00453,0.00526,0.00160,0.01360,0.00568,0.00694,0.00560,0.00797,0.00512,0.00887,0.00619,0.00508,0.00491,0.00584,0.00696,0.00456,0.00600
2133,0.01060,0.01579,0.00777,0.01101,0.00761,0.02222,0.00485,0.00476,0.00503,0.00648,0.00713,0.00972,0.01093,0.00522,0.00585,0.00720,0.00739,0.00506,0.01047,0.00673,0.02789,0.07595,0.00297,0.00840,0.01081,,0.01204,0.00387,0.01050,0.00431,0.00457,0.00530,0.00161,0.01366,0.00572,0.00699,0.00564,0.00798,0.00515,0.00894,0.00623,0.00513,0.00495,0.00585,0.00695,0.00456,0.00600
2134,0.01092,0.01558,0.00777,0.01104,0.00766,0.02224,0.00496,0.00487,0.00503,0.00656,0.00717,0.00973,0.01093,0.00528,0.00581,0.00730,0.00739,0.00512,0.01040,0.00672,0.02832,0.07714,0.00294,0.00843,0.01086,,0.01213,0.00391,0.01062,0.00430,0.00459,0.00536,0.00157,0.01373,0.00574,0.00709,0.00564,0.00793,0.00526,0.00900,0.00620,0.00521,0.00501,0.00582,0.00694,0.00460,0.00596
2135,0.01126,0.01559,0.00778,0.01102,0.00769,0.02218,0.00492,0.00483,0.00509,0.00656,0.00716,0.00981,0.01099,0.00532,0.00579,0.00740,0.00743,0.00513,0.01041,0.00677,0.02876,0.07832,0.00294,0.00846,0.01090,,0.01222,0.00392,0.01070,0.00432,0.00462,0.00540,0.00157,0.01378,0.00578,0.00715,0.00570,0.00798,0.00530,0.00906,0.00621,0.00525,0.00501,0.00582,0.00698,0.00462,0.00599
2136,0.01152,0.01571,0.00786,0.01088,0.00779,0.02200,0.00478,0.00484,0.00498,0.00652,0.00732,0.00991,0.01107,0.00539,0.00571,0.00748,0.00748,0.00507,0.01044,0.00688,0.02925,0.07950,0.00299,0.00848,0.01097,,0.01231,0.00390,0.01077,0.00431,0.00472,0.00541,0.00156,0.01379,0.00582,0.00719,0.00583,0.00811,0.00529,0.00908,0.00620,0.00519,0.00502,0.00583,0.00698,0.00463,0.00598
2137,0.01139,0.01573,0.00791,0.01086,0.00780,0.02204,0.00480,0.00481,0.00497,0.00660,0.00736,0.00995,0.01114,0.00543,0.00575,0.00754,0.00752,0.00508,0.01046,0.00695,0.02969,0.08071,0.00300,0.00848,0.01102,,0.01237,0.00391,0.01087,0.00430,0.00476,0.00541,0.00156,0.01382,0.00586,0.00723,0.00586,0.00815,0.00533,0.00915,0.00627,0.00518,0.00504,0.00583,0.00702,0.00465,0.00596
2138,0.01155,0.01578,0.00792,0.01096,0.00760,0.02228,0.00488,0.00454,0.00518,0.00674,0.00725,0.01002,0.01121,0.00539,0.00593,0.00759,0.00760,0.00512,0.01050,0.00701,0.03010,0.08194,0.00298,0.00843,0.01103,,0.01242,0.00389,0.01095,0.00432,0.00471,0.00540,0.00159,0.01386,0.00593,0.00723,0.00584,0.00818,0.00539,0.00923,0.00643,0.00521,0.00501,0.00584,0.00720,0.00472,0.00603
2139,0.01140,0.01582,0.00791,0.01095,0.00764,0.02225,0.00482,0.00446,0.00525,0.00677,0.00719,0.01007,0.01129,0.00543,0.00597,0.00766,0.00767,0.00514,0.01056,0.00708,0.03054,0.08315,0.00300,0.00844,0.01108,,0.01246,0.00390,0.01103,0.00436,0.00474,0.00541,0.00160,0.01391,0.00598,0.00727,0.00585,0.00825,0.00542,0.00929,0.00649,0.00523,0.00501,0.00586,0.00727,0.00473,0.00606
2140,0.01016,0.01575,0.00791,0.01088,0.00791,0.02213,0.00473,0.00450,0.00517,0.00692,0.00716,0.01002,0.01137,0.00553,0.00596,0.00772,0.00772,0.00518,0.01061,0.00717,0.03097,0.08440,0.00306,0.00847,0.01117,,0.01243,0.00397,0.01110,0.00440,0.00481,0.00540,0.00162,0.01396,0.00599,0.00734,0.00576,0.00825,0.00542,0.00936,0.00653,0.00525,0.00509,0.00593,0.00727,0.00465,0.00593
2141,0.00969,0.01575,0.00793,0.01087,0.00799,0.02216,0.00476,0.00454,0.00514,0.00694,0.00712,0.01001,0.01142,0.00557,0.00600,0.00779,0.00776,0.00523,0.01065,0.00723,0.03141,0.08564,0.00309,0.00847,0.01122,,0.01248,0.00402,0.01122,0.00440,0.00485,0.00542,0.00162,0.01401,0.00602,0.00739,0.00577,0.00828,0.00548,0.00944,0.00659,0.00527,0.00512,0.00594,0.00727,0.00466,0.00594
2142,0.01000,0.01584,0.00788,0.01084,0.00812,0.02199,0.00469,0.00464,0.00511,0.00667,0.00695,0.01004,0.01149,0.00565,0.00597,0.00793,0.00779,0.00528,0.01082,0.00726,0.03186,0.08686,0.00314,0.00850,0.01124,,0.01260,0.00405,0.01136,0.00440,0.00488,0.00547,0.00159,0.01404,0.00605,0.00746,0.00591,0.00842,0.00558,0.00949,0.00659,0.00532,0.00511,0.00592,0.00724,0.00471,0.00612
2143,0.00982,0.01591,0.00792,0.01083,0.00819,0.02193,0.00464,0.00472,0.00509,0.00658,0.00693,0.01008,0.01156,0.00569,0.00596,0.00803,0.00783,0.00532,0.01085,0.00732,0.03231,0.08808,0.00316,0.00854,0.01129,,0.01268,0.00407,0.01146,0.00443,0.00494,0.00550,0.00160,0.01412,0.00608,0.00752,0.00596,0.00849,0.00562,0.00955,0.00662,0.00537,0.00509,0.00594,0.00722,0.00474,0.00619
2144,0.00939,0.01604,0.00813,0.01086,0.00811,0.02212,0.00471,0.00480,0.00506,0.00655,0.00708,0.01005,0.01155,0.00564,0.00599,0.00810,0.00782,0.00540,0.01072,0.00740,0.03275,0.08935,0.00313,0.00857,0.01133,,0.01276,0.00411,0.01154,0.00444,0.00500,0.00557,0.00165,0.01426,0.00611,0.00754,0.00594,0.00852,0.00566,0.00963,0.00672,0.00541,0.00503,0.00596,0.00720,0.00479,0.00626
2145,0.00913,0.01607,0.00822,0.01099,0.00799,0.02237,0.00491,0.00493,0.00503,0.00658,0.00713,0.01017,0.01162,0.00562,0.00609,0.00817,0.00788,0.00548,0.01066,0.00746,0.03319,0.09061,0.00315,0.00860,0.01140,,0.01284,0.00412,0.01170,0.00447,0.00507,0.00557,0.00168,0.01435,0.00616,0.00757,0.00602,0.00854,0.00572,0.00975,0.00681,0.00544,0.00501,0.00596,0.00718,0.00486,0.00627
2146,0.00916,0.01606,0.00827,0.01098,0.00792,0.02235,0.00491,0.00500,0.00507,0.00664,0.00724,0.01025,0.01170,0.00562,0.00612,0.00824,0.00791,0.00552,0.01066,0.00750,0.03363,0.09183,0.00316,0.00862,0.01144,,0.01292,0.00411,0.01180,0.00448,0.00509,0.00557,0.00167,0.01442,0.00619,0.00762,0.00605,0.00858,0.00576,0.00985,0.00690,0.00546,0.00501,0.00596,0.00719,0.00488,0.00631
2147,0.00906,0.01602,0.00831,0.01085,0.00787,0.02211,0.00470,0.00504,0.00523,0.00682,0.00747,0.01038,0.01183,0.00561,0.00609,0.00830,0.00797,0.00551,0.01066,0.00753,0.03408,0.09303,0.00318,0.00866,0.01150,,0.01297,0.00407,0.01183,0.00454,0.00511,0.00552,0.00166,0.01449,0.00621,0.00769,0.00605,0.00863,0.00573,0.00996,0.00697,0.00546,0.00502,0.00600,0.00724,0.00487,0.00629
2148,0.00927,0.01604,0.00835,0.01089,0.00788,0.02207,0.00474,0.00507,0.00522,0.00688,0.00750,0.01047,0.01193,0.00564,0.00605,0.00839,0.00798,0.00553,0.01060,0.00761,0.03452,0.09425,0.00321,0.00870,0.01155,,0.01302,0.00409,0.01193,0.00456,0.00512,0.00557,0.00167,0.01458,0.00622,0.00774,0.00608,0.00866,0.00575,0.01003,0.00701,0.00548,0.00504,0.00602,0.00726,0.00484,0.00628
2149,0.01020,0.01606,0.00829,0.01097,0.00789,0.02198,0.00493,0.00510,0.00512,0.00691,0.00744,0.01057,0.01208,0.00572,0.00597,0.00850,0.00792,0.00552,0.01060,0.00771,0.03496,0.09549,0.00325,0.00872,0.01156,,0.01307,0.00411,0.01208,0.00451,0.00503,0.00565,0.00163,0.01465,0.00622,0.00781,0.00613,0.00868,0.00581,0.01012,0.00703,0.00550,0.00512,0.00598,0.00730,0.00478,0.00628
2150,0.01039,0.01596,0.00828,0.01097,0.00791,0.02200,0.00496,0.00506,0.00517,0.00695,0.00740,0.01062,0.01215,0.00576,0.00597,0.00860,0.00796,0.00557,0.01055,0.00776,0.03540,0.09668,0.00328,0.00875,0.01161,,0.01312,0.00414,0.01219,0.00452,0.00508,0.00568,0.00163,0.01469,0.00627,0.00786,0.00620,0.00872,0.00585,0.01017,0.00708,0.00553,0.00514,0.00600,0.00736,0.00479,0.00628
2151,0.01015,0.01579,0.00835,0.01102,0.00801,0.02218,0.00505,0.00487,0.00518,0.00695,0.00726,0.01064,0.01214,0.00578,0.00596,0.00871,0.00803,0.00567,0.01030,0.00781,0.03586,0.09785,0.00331,0.00883,0.01169,,0.01312,0.00423,0.01229,0.00459,0.00525,0.00578,0.00168,0.01472,0.00635,0.00791,0.00628,0.00874,0.00587,0.01014,0.00708,0.00556,0.00515,0.00612,0.00747,0.00479,0.00623
2152,0.01021,0.01576,0.00835,0.01102,0.00808,0.02222,0.00504,0.00486,0.00523,0.00694,0.00721,0.01069,0.01222,0.00583,0.00598,0.00883,0.00808,0.00570,0.01030,0.00790,0.03631,0.09904,0.00333,0.00886,0.01174,,0.01319,0.00426,0.01241,0.00461,0.00532,0.00581,0.00172,0.01479,0.00637,0.00796,0.00632,0.00881,0.00592,0.01019,0.00712,0.00560,0.00514,0.00612,0.00751,0.00480,0.00622
2153,0.01039,0.01567,0.00823,0.01088,0.00814,0.02221,0.00479,0.00493,0.00552,0.00693,0.00716,0.01070,0.01234,0.00587,0.00609,0.00897,0.00820,0.00567,0.01053,0.00797,0.03676,0.10020,0.00334,0.00885,0.01178,,0.01334,0.00426,0.01255,0.00459,0.00539,0.00574,0.00176,0.01482,0.00637,0.00800,0.00634,0.00896,0.00600,0.01026,0.00723,0.00567,0.00513,0.00606,0.00754,0.00486,0.00624
2154,0.01024,0.01565,0.00825,0.01082,0.00817,0.02224,0.00479,0.00493,0.00558,0.00692,0.00718,0.01076,0.01241,0.00591,0.00614,0.00905,0.00826,0.00571,0.01056,0.00802,0.03722,0.10139,0.00336,0.00885,0.01182,,0.01342,0.00428,0.01265,0.00463,0.00544,0.00572,0.00177,0.01486,0.00642,0.00805,0.00640,0.00904,0.00604,0.01032,0.00728,0.00568,0.00513,0.00606,0.00755,0.00489,0.00629
2155,0.00960,0.01587,0.00831,0.01077,0.00820,0.02225,0.00502,0.00495,0.00551,0.00683,0.00734,0.01088,0.01253,0.00602,0.00618,0.00911,0.00824,0.00580,0.01063,0.00808,0.03767,0.10264,0.00341,0.00882,0.01186,,0.01350,0.00431,0.01273,0.00470,0.00542,0.00570,0.00178,0.01497,0.00645,0.00807,0.00643,0.00913,0.00608,0.01038,0.00727,0.00565,0.00512,0.00602,0.00750,0.00486,0.00640
2156,0.00980,0.01592,0.00836,0.01080,0.00824,0.02226,0.00502,0.00503,0.00544,0.00685,0.00732,0.01094,0.01263,0.00605,0.00619,0.00918,0.00825,0.00581,0.01062,0.00817,0.03813,0.10386,0.00343,0.00884,0.01191,,0.01356,0.00432,0.01283,0.00474,0.00545,0.00572,0.00178,0.01505,0.00648,0.00811,0.00649,0.00919,0.00611,0.01047,0.00730,0.00568,0.00511,0.00602,0.00747,0.00487,0.00643
2157,0.01033,0.01584,0.00847,0.01092,0.00822,0.02229,0.00488,0.00513,0.00515,0.00704,0.00714,0.01098,0.01264,0.00598,0.00616,0.00917,0.00820,0.00581,0.01036,0.00824,0.03858,0.10507,0.00345,0.00888,0.01194,,0.01356,0.00434,0.01290,0.00478,0.00555,0.00579,0.00172,0.01507,0.00653,0.00816,0.00664,0.00919,0.00611,0.01061,0.00731,0.00571,0.00511,0.00610,0.00745,0.00492,0.00649
2158,0.01059,0.01581,0.00857,0.01096,0.00822,0.02230,0.00493,0.00517,0.00513,0.00705,0.00716,0.01103,0.01271,0.00598,0.00619,0.00922,0.00823,0.00586,0.01032,0.00829,0.03903,0.10626,0.00345,0.00891,0.01199,,0.01361,0.00436,0.01302,0.00480,0.00557,0.00580,0.00169,0.01513,0.00658,0.00821,0.00671,0.00922,0.00612,0.01070,0.00735,0.00573,0.00514,0.00614,0.00747,0.00493,0.00647
2159,0.01168,0.01579,0.00868,0.01108,0.00824,0.02219,0.00500,0.00533,0.00533,0.00701,0.00720,0.01111,0.01289,0.00598,0.00622,0.00931,0.00833,0.00588,0.01043,0.00843,0.03945,0.10745,0.00334,0.00895,0.01207,,0.01373,0.00439,0.01321,0.00475,0.00555,0.00579,0.00167,0.01521,0.00663,0.00826,0.00672,0.00926,0.00613,0.01077,0.00746,0.00580,0.00521,0.00613,0.00750,0.00489,0.00627
2160,0.01207,0.01578,0.00876,0.01113,0.00826,0.02224,0.00496,0.00538,0.00534,0.00698,0.00722,0.01114,0.01299,0.00598,0.00624,0.00940,0.00837,0.00589,0.01046,0.00851,0.03990,0.10864,0.00337,0.00899,0.01212,,0.01379,0.00441,0.01336,0.00475,0.00557,0.00582,0.00168,0.01529,0.00665,0.00832,0.00673,0.00930,0.00614,0.01085,0.00750,0.00583,0.00524,0.00616,0.00753,0.00490,0.00621
2161,0.01152,0.01576,0.00884,0.01104,0.00827,0.02251,0.00497,0.00523,0.00536,0.00675,0.00752,0.01109,0.01303,0.00605,0.00631,0.00953,0.00840,0.00598,0.01061,0.00848,0.04037,0.10980,0.00355,0.00900,0.01213,,0.01381,0.00440,0.01356,0.00479,0.00557,0.00583,0.00175,0.01537,0.00668,0.00839,0.00669,0.00933,0.00615,0.01091,0.00746,0.00578,0.00527,0.00628,0.00763,0.00497,0.00626
2162,0.01134,0.01574,0.00890,0.01100,0.00824,0.02261,0.00505,0.00518,0.00545,0.00669,0.00762,0.01111,0.01311,0.00609,0.00636,0.00964,0.00847,0.00604,0.01063,0.00851,0.04082,0.11099,0.00359,0.00903,0.01217,,0.01387,0.00444,0.01369,0.00481,0.00558,0.00584,0.00179,0.01544,0.00672,0.00844,0.00669,0.00938,0.00617,0.01095,0.00752,0.00578,0.00531,0.00631,0.00766,0.00496,0.00624
2163,0.01100,0.01575,0.00895,0.01103,0.00811,0.02268,0.00508,0.00508,0.00541,0.00671,0.00747,0.01112,0.01320,0.00611,0.00644,0.00974,0.00852,0.00606,0.01041,0.00859,0.04127,0.11224,0.00358,0.00907,0.01219,,0.01392,0.00457,0.01371,0.00480,0.00563,0.00589,0.00181,0.01554,0.00674,0.00853,0.00677,0.00943,0.00620,0.01096,0.00767,0.00585,0.00532,0.00632,0.00764,0.00493,0.00623
2164,0.01105,0.01574,0.00894,0.01102,0.00811,0.02275,0.00504,0.00515,0.00545,0.00683,0.00736,0.01113,0.01322,0.00613,0.00641,0.00986,0.00862,0.00604,0.01025,0.00868,0.04172,0.11342,0.00362,0.00911,0.01226,,0.01393,0.00460,0.01381,0.00481,0.00569,0.00602,0.00188,0.01561,0.00671,0.00852,0.00674,0.00949,0.00627,0.01104,0.00772,0.00590,0.00532,0.00631,0.00761,0.00489,0.00621
2165,0.01096,0.01573,0.00892,0.01095,0.00815,0.02277,0.00498,0.00515,0.00544,0.00694,0.00735,0.01121,0.01334,0.00616,0.00643,0.00995,0.00865,0.00608,0.01028,0.00873,0.04215,0.11463,0.00366,0.00914,0.01228,,0.01398,0.00461,0.01395,0.00484,0.00575,0.00604,0.00191,0.01565,0.00672,0.00855,0.00676,0.00954,0.00631,0.01112,0.00776,0.00591,0.00530,0.00632,0.00759,0.00493,0.00626
2166,0.01106,0.01570,0.00881,0.01079,0.00823,0.02263,0.00504,0.00518,0.00554,0.00718,0.00742,0.01142,0.01355,0.00620,0.00644,0.01001,0.00872,0.00620,0.01039,0.00875,0.04253,0.11587,0.00358,0.00915,0.01231,,0.01408,0.00463,0.01411,0.00488,0.00579,0.00598,0.00189,0.01565,0.00672,0.00854,0.00681,0.00960,0.00637,0.01121,0.00786,0.00593,0.00528,0.00628,0.00753,0.00499,0.00629
2167,0.01078,0.01571,0.00890,0.01081,0.00829,0.02259,0.00501,0.00515,0.00558,0.00721,0.00733,0.01151,0.01365,0.00622,0.00649,0.01009,0.00877,0.00623,0.01039,0.00883,0.04297,0.11706,0.00360,0.00919,0.01237,,0.01415,0.00465,0.01423,0.00486,0.00585,0.00599,0.00190,0.01570,0.00681,0.00856,0.00686,0.00966,0.00642,0.01126,0.00792,0.00595,0.00526,0.00626,0.00754,0.00498,0.00633
2168,0.01008,0.01577,0.00917,0.01088,0.00848,0.02263,0.00474,0.00509,0.00550,0.00717,0.00716,0.01154,0.01374,0.00623,0.00659,0.01017,0.00872,0.00624,0.01050,0.00894,0.04346,0.11825,0.00380,0.00923,0.01240,,0.01421,0.00461,0.01439,0.00483,0.00592,0.00600,0.00192,0.01571,0.00699,0.00856,0.00690,0.00970,0.00645,0.01133,0.00784,0.00592,0.00519,0.00628,0.00760,0.00505,0.00647
2169,0.00998,0.01571,0.00917,0.01091,0.00851,0.02258,0.00470,0.00507,0.00550,0.00714,0.00719,0.01163,0.01384,0.00625,0.00655,0.01026,0.00875,0.00629,0.01060,0.00901,0.04390,0.11940,0.00381,0.00927,0.01245,,0.01427,0.00461,0.01453,0.00484,0.00598,0.00601,0.00193,0.01579,0.00704,0.00863,0.00696,0.00977,0.00649,0.01141,0.00789,0.00595,0.00520,0.00628,0.00765,0.00506,0.00656
2170,0.01000,0.01559,0.00914,0.01111,0.00840,0.02238,0.00486,0.00502,0.00565,0.00700,0.00725,0.01173,0.01390,0.00625,0.00643,0.01037,0.00884,0.00635,0.01062,0.00914,0.04434,0.12053,0.00367,0.00932,0.01256,,0.01432,0.00467,0.01459,0.00478,0.00604,0.00605,0.00194,0.01592,0.00713,0.00876,0.00705,0.00987,0.00657,0.01146,0.00804,0.00607,0.00533,0.00624,0.00774,0.00494,0.00665
2171,0.00999,0.01550,0.00919,0.01114,0.00838,0.02236,0.00487,0.00502,0.00563,0.00694,0.00723,0.01177,0.01396,0.00629,0.00642,0.01046,0.00887,0.00637,0.01062,0.00922,0.04478,0.12168,0.00367,0.00936,0.01261,,0.01440,0.00468,0.01471,0.00481,0.00608,0.00607,0.00196,0.01600,0.00720,0.00881,0.00709,0.00994,0.00660,0.01151,0.00814,0.00610,0.00533,0.00624,0.00776,0.00493,0.00664
2172,0.01027,0.01526,0.00910,0.01098,0.00833,0.02247,0.00483,0.00508,0.00541,0.00689,0.00729,0.01185,0.01401,0.00638,0.00637,0.01058,0.00883,0.00642,0.01068,0.00919,0.04520,0.12283,0.00370,0.00936,0.01259,,0.01450,0.00457,0.01493,0.00498,0.00612,0.00608,0.00197,0.01608,0.00716,0.00885,0.00705,0.01000,0.00659,0.01160,0.00826,0.00610,0.00531,0.00627,0.00772,0.00502,0.00659
2173,0.01061,0.01521,0.00905,0.01097,0.00830,0.02243,0.00485,0.00514,0.00538,0.00694,0.00739,0.01189,0.01412,0.00643,0.00633,0.01067,0.00884,0.00645,0.01075,0.00924,0.04561,0.12395,0.00370,0.00940,0.01261,,0.01458,0.00459,0.01504,0.00501,0.00615,0.00609,0.00200,0.01614,0.00715,0.00890,0.00709,0.01005,0.00661,0.01167,0.00834,0.00612,0.00530,0.00629,0.00771,0.00506,0.00659
2174,0.01119,0.01533,0.00911,0.01102,0.00830,0.02228,0.00485,0.00528,0.00539,0.00712,0.00737,0.01180,0.01421,0.00646,0.00639,0.01074,0.00883,0.00641,0.01081,0.00933,0.04600,0.12505,0.00377,0.00946,0.01265,,0.01469,0.00470,0.01507,0.00498,0.00616,0.00610,0.00204,0.01612,0.00718,0.00889,0.00713,0.01009,0.00662,0.01171,0.00842,0.00611,0.00522,0.00632,0.00765,0.00508,0.00651
2175,0.01120,0.01536,0.00918,0.01101,0.00832,0.02234,0.00486,0.00534,0.00540,0.00717,0.00740,0.01184,0.01432,0.00650,0.00641,0.01083,0.00886,0.00639,0.01073,0.00940,0.04641,0.12617,0.00382,0.00948,0.01269,,0.01477,0.00475,0.01518,0.00498,0.00620,0.00614,0.00205,0.01618,0.00722,0.00892,0.00717,0.01013,0.00665,0.01175,0.00845,0.00614,0.00519,0.00633,0.00764,0.00507,0.00645
2176,0.01107,0.01543,0.00920,0.01104,0.00836,0.02250,0.00495,0.00541,0.00547,0.00725,0.00770,0.01196,0.01454,0.00654,0.00636,0.01097,0.00897,0.00636,0.01053,0.00950,0.04680,0.12735,0.00385,0.00946,0.01277,,0.01484,0.00484,0.01532,0.00492,0.00629,0.00625,0.00204,0.01630,0.00722,0.00902,0.00724,0.01017,0.00673,0.01178,0.00835,0.00623,0.00519,0.00634,0.00769,0.00495,0.00643
2177,0.01100,0.01548,0.00918,0.01103,0.00840,0.02251,0.00497,0.00540,0.00557,0.00731,0.00780,0.01205,0.01465,0.00655,0.00635,0.01106,0.00898,0.00638,0.01053,0.00957,0.04720,0.12841,0.00387,0.00949,0.01281,,0.01491,0.00490,0.01543,0.00491,0.00633,0.00628,0.00205,0.01638,0.00725,0.00910,0.00730,0.01022,0.00678,0.01186,0.00837,0.00627,0.00521,0.00634,0.00773,0.00498,0.00645
2178,0.01008,0.01552,0.00919,0.01094,0.00848,0.02265,0.00493,0.00517,0.00572,0.00721,0.00770,0.01225,0.01463,0.00651,0.00643,0.01116,0.00890,0.00647,0.01050,0.00960,0.04767,0.12936,0.00394,0.00957,0.01280,,0.01500,0.00496,0.01553,0.00497,0.00637,0.00630,0.00201,0.01651,0.00742,0.00920,0.00732,0.01028,0.00684,0.01199,0.00840,0.00629,0.00529,0.00630,0.00781,0.00512,0.00654
2179,0.00988,0.01550,0.00927,0.01093,0.00853,0.02272,0.00490,0.00516,0.00576,0.00721,0.00764,0.01233,0.01469,0.00653,0.00646,0.01126,0.00891,0.00649,0.01044,0.00969,0.04808,0.13041,0.00397,0.00959,0.01284,,0.01507,0.00497,0.01568,0.00499,0.00642,0.00632,0.00203,0.01658,0.00749,0.00927,0.00736,0.01034,0.00686,0.01204,0.00844,0.00632,0.00532,0.00629,0.00785,0.00515,0.00651
2180,0.01037,0.01541,0.00934,0.01095,0.00857,0.02255,0.00478,0.00534,0.00566,0.00730,0.00753,0.01230,0.01474,0.00657,0.00644,0.01134,0.00893,0.00650,0.01056,0.00982,0.04842,0.13141,0.00394,0.00962,0.01288,,0.01514,0.00495,0.01589,0.00499,0.00648,0.00628,0.00215,0.01652,0.00746,0.00935,0.00745,0.01039,0.00679,0.01203,0.00859,0.00631,0.00539,0.00629,0.00787,0.00522,0.00637
2181,0.01072,0.01539,0.00932,0.01097,0.00861,0.02247,0.00474,0.00535,0.00573,0.00735,0.00745,0.01234,0.01481,0.00657,0.00644,0.01140,0.00895,0.00653,0.01064,0.00990,0.04880,0.13246,0.00394,0.00967,0.01292,,0.01519,0.00495,0.01601,0.00502,0.00651,0.00626,0.00219,0.01657,0.00747,0.00942,0.00750,0.01046,0.00682,0.01210,0.00866,0.00634,0.00541,0.00632,0.00792,0.00527,0.00638
2182,0.01131,0.01538,0.00925,0.01106,0.00874,0.02251,0.00477,0.00534,0.00583,0.00736,0.00724,0.01237,0.01493,0.00660,0.00648,0.01141,0.00902,0.00650,0.01068,0.01001,0.04917,0.13366,0.00397,0.00972,0.01299,,0.01523,0.00495,0.01606,0.00505,0.00653,0.00625,0.00224,0.01668,0.00747,0.00948,0.00751,0.01055,0.00691,0.01220,0.00868,0.00642,0.00537,0.00638,0.00797,0.00520,0.00640
2183,0.01193,0.01528,0.00939,0.01107,0.00866,0.02249,0.00474,0.00537,0.00592,0.00745,0.00725,0.01237,0.01506,0.00661,0.00646,0.01143,0.00917,0.00643,0.01060,0.01007,0.04956,0.13484,0.00400,0.00971,0.01303,,0.01528,0.00485,0.01623,0.00511,0.00657,0.00626,0.00226,0.01681,0.00745,0.00949,0.00756,0.01065,0.00693,0.01221,0.00870,0.00651,0.00532,0.00647,0.00805,0.00513,0.00633
2184,0.01212,0.01527,0.00943,0.01114,0.00867,0.02255,0.00480,0.00541,0.00595,0.00742,0.00731,0.01242,0.01515,0.00663,0.00647,0.01151,0.00923,0.00647,0.01051,0.01015,0.04996,0.13591,0.00401,0.00970,0.01309,,0.01535,0.00487,0.01642,0.00513,0.00663,0.00629,0.00226,0.01689,0.00745,0.00954,0.00760,0.01070,0.00693,0.01225,0.00872,0.00649,0.00533,0.00647,0.00805,0.00512,0.00638
2185,0.01207,0.01534,0.00933,0.01131,0.00866,0.02269,0.00500,0.00530,0.00611,0.00732,0.00751,0.01254,0.01520,0.00658,0.00648,0.01157,0.00922,0.00662,0.01044,0.01016,0.05039,0.13687,0.00401,0.00969,0.01313,,0.01542,0.00497,0.01658,0.00514,0.00668,0.00632,0.00220,0.01705,0.00748,0.00964,0.00761,0.01074,0.00693,0.01236,0.00868,0.00641,0.00538,0.00644,0.00800,0.00519,0.00663
2186,0.01210,0.01535,0.00932,0.01124,0.00869,0.02265,0.00498,0.00535,0.00620,0.00732,0.00753,0.01262,0.01527,0.00662,0.00652,0.01169,0.00926,0.00664,0.01044,0.01023,0.05081,0.13792,0.00404,0.00974,0.01319,,0.01549,0.00503,0.01672,0.00518,0.00671,0.00637,0.00221,0.01713,0.00751,0.00965,0.00766,0.01076,0.00701,0.01245,0.00873,0.00643,0.00536,0.00647,0.00802,0.00521,0.00672
2187,0.01193,0.01534,0.00940,0.01102,0.00875,0.02261,0.00483,0.00564,0.00616,0.00733,0.00758,0.01266,0.01529,0.00676,0.00659,0.01195,0.00930,0.00662,0.01034,0.01035,0.05124,0.13897,0.00406,0.00977,0.01326,,0.01558,0.00515,0.01698,0.00522,0.00678,0.00650,0.00224,0.01712,0.00755,0.00963,0.00775,0.01070,0.00707,0.01249,0.00883,0.00641,0.00533,0.00648,0.00803,0.00523,0.00673
2188,0.01174,0.01532,0.00949,0.01096,0.00873,0.02253,0.00484,0.00566,0.00617,0.00732,0.00757,0.01275,0.01542,0.00679,0.00659,0.01208,0.00932,0.00666,0.01036,0.01043,0.05164,0.13996,0.00407,0.00980,0.01331,,0.01567,0.00519,0.01713,0.00522,0.00680,0.00653,0.00227,0.01717,0.00758,0.00965,0.00777,0.01076,0.00711,0.01254,0.00888,0.00641,0.00535,0.00648,0.00802,0.00523,0.00675
2189,0.01163,0.01529,0.00955,0.01077,0.00866,0.02213,0.00483,0.00549,0.00633,0.00736,0.00735,0.01293,0.01565,0.00680,0.00653,0.01217,0.00934,0.00664,0.01065,0.01048,0.05203,0.14095,0.00407,0.00992,0.01334,,0.01577,0.00515,0.01710,0.00524,0.00674,0.00647,0.00232,0.01723,0.00762,0.00963,0.00771,0.01091,0.00724,0.01268,0.00898,0.00649,0.00538,0.00652,0.00807,0.00521,0.00674
2190,0.01142,0.01525,0.00963,0.01075,0.00864,0.02219,0.00482,0.00546,0.00633,0.00740,0.00733,0.01295,0.01575,0.00683,0.00655,0.01225,0.00936,0.00666,0.01062,0.01055,0.05243,0.14197,0.00410,0.00997,0.01340,,0.01585,0.00520,0.01722,0.00526,0.00676,0.00650,0.00233,0.01731,0.00765,0.00966,0.00778,0.01097,0.00729,0.01276,0.00903,0.00654,0.00537,0.00653,0.00807,0.00522,0.00679
2191,0.01067,0.01513,0.00986,0.01101,0.00854,0.02271,0.00491,0.00534,0.00615,0.00742,0.00745,0.01285,0.01583,0.00682,0.00656,0.01228,0.00932,0.00675,0.01042,0.01063,0.05281,0.14296,0.00416,0.00995,0.01347,,0.01596,0.00530,0.01746,0.00523,0.00681,0.00650,0.00232,0.01740,0.00766,0.00973,0.00792,0.01105,0.00717,0.01274,0.00898,0.00652,0.00539,0.00647,0.00796,0.00523,0.00685
2192,0.01062,0.01514,0.00992,0.01107,0.00855,0.02275,0.00499,0.00536,0.00608,0.00739,0.00750,0.01285,0.01591,0.00684,0.00658,0.01236,0.00938,0.00678,0.01029,0.01071,0.05319,0.14397,0.00416,0.00995,0.01353,,0.01601,0.00532,0.01759,0.00522,0.00684,0.00653,0.00234,0.01746,0.00769,0.00980,0.00794,0.01111,0.00720,0.01278,0.00902,0.00652,0.00541,0.00646,0.00796,0.00523,0.00683
2193,0.01103,0.01525,0.00981,0.01108,0.00876,0.02267,0.00500,0.00561,0.00606,0.00733,0.00756,0.01279,0.01586,0.00687,0.00668,0.01247,0.00953,0.00678,0.01005,0.01080,0.05357,0.14507,0.00415,0.00996,0.01359,,0.01598,0.00532,0.01771,0.00522,0.00687,0.00664,0.00239,0.01754,0.00779,0.00989,0.00792,0.01106,0.00734,0.01286,0.00911,0.00652,0.00534,0.00651,0.00805,0.00521,0.00680
2194,0.01127,0.01531,0.00982,0.01106,0.00876,0.02273,0.00505,0.00563,0.00599,0.00737,0.00763,0.01283,0.01592,0.00691,0.00673,0.01256,0.00957,0.00679,0.00993,0.01085,0.05398,0.14611,0.00417,0.00997,0.01365,,0.01603,0.00538,0.01784,0.00526,0.00693,0.00671,0.00241,0.01761,0.00781,0.00993,0.00800,0.01112,0.00741,0.01295,0.00915,0.00655,0.00533,0.00650,0.00809,0.00524,0.00681
2195,0.01214,0.01543,0.00981,0.01095,0.00861,0.02257,0.00531,0.00562,0.00582,0.00745,0.00771,0.01303,0.01610,0.00700,0.00677,0.01267,0.00960,0.00679,0.00988,0.01086,0.05440,0.14704,0.00418,0.00996,0.01373,,0.01611,0.00542,0.01794,0.00531,0.00702,0.00674,0.00248,0.01766,0.00778,0.00992,0.00805,0.01128,0.00753,0.01311,0.00916,0.00657,0.00541,0.00643,0.00814,0.00529,0.00677
2196,0.01232,0.01547,0.00986,0.01089,0.00860,0.02250,0.00534,0.00556,0.00582,0.00746,0.00773,0.01314,0.01620,0.00702,0.00677,0.01277,0.00965,0.00683,0.00986,0.01091,0.05479,0.14809,0.00416,0.00997,0.01377,,0.01617,0.00543,0.01806,0.00532,0.00707,0.00676,0.00250,0.01771,0.00780,0.00999,0.00807,0.01136,0.00755,0.01315,0.00925,0.00660,0.00543,0.00643,0.00818,0.00529,0.00673
2197,0.01197,0.01547,0.01011,0.01080,0.00856,0.02267,0.00505,0.00518,0.00594,0.00762,0.00767,0.01328,0.01626,0.00696,0.00674,0.01287,0.00964,0.00693,0.00995,0.01095,0.05519,0.14928,0.00416,0.01005,0.01377,,0.01623,0.00550,0.01819,0.00530,0.00714,0.00676,0.00243,0.01773,0.00779,0.01012,0.00820,0.01138,0.00744,0.01311,0.00939,0.00671,0.00538,0.00647,0.00824,0.00529,0.00669
2198,0.01174,0.01544,0.01013,0.01077,0.00856,0.02276,0.00504,0.00511,0.00599,0.00764,0.00769,0.01332,0.01632,0.00701,0.00672,0.01295,0.00964,0.00695,0.00997,0.01101,0.05559,0.15031,0.00419,0.01007,0.01381,,0.01632,0.00553,0.01833,0.00532,0.00718,0.00676,0.00243,0.01780,0.00781,0.01016,0.00829,0.01146,0.00744,0.01315,0.00944,0.00677,0.00539,0.00648,0.00824,0.00532,0.00672
2199,0.01112,0.01531,0.00992,0.01088,0.00870,0.02276,0.00517,0.00533,0.00619,0.00740,0.00772,0.01325,0.01632,0.00715,0.00659,0.01301,0.00968,0.00690,0.00996,0.01112,0.05595,0.15123,0.00416,0.00999,0.01388,,0.01645,0.00542,0.01844,0.00529,0.00714,0.00670,0.00246,0.01789,0.00793,0.01018,0.00824,0.01155,0.00749,0.01312,0.00949,0.00680,0.00547,0.00652,0.00816,0.00535,0.00678
2200,0.01070,0.01526,0.00993,0.01087,0.00881,0.02276,0.00516,0.00534,0.00624,0.00734,0.00771,0.01329,0.01638,0.00717,0.00657,0.01308,0.00972,0.00693,0.01000,0.01121,0.05634,0.15227,0.00419,0.01001,0.01392,,0.01650,0.00538,0.01858,0.00530,0.00715,0.00672,0.00249,0.01797,0.00800,0.01024,0.00824,0.01159,0.00749,0.01314,0.00955,0.00683,0.00549,0.00653,0.00816,0.00536,0.00678
2201,0.01015,0.01516,0.00998,0.01072,0.00893,0.02283,0.00521,0.00538,0.00608,0.00733,0.00771,0.01329,0.01650,0.00719,0.00669,0.01312,0.00972,0.00700,0.01002,0.01132,0.05679,0.15331,0.00433,0.01011,0.01398,,0.01647,0.00536,0.01879,0.00542,0.00716,0.00687,0.00251,0.01807,0.00803,0.01023,0.00835,0.01166,0.00750,0.01328,0.00947,0.00688,0.00551,0.00649,0.00812,0.00541,0.00688
2202,0.01002,0.01515,0.00996,0.01073,0.00897,0.02287,0.00527,0.00545,0.00604,0.00735,0.00774,0.01336,0.01658,0.00724,0.00674,0.01319,0.00977,0.00701,0.01004,0.01139,0.05721,0.15432,0.00440,0.01014,0.01404,,0.01655,0.00540,0.01894,0.00547,0.00721,0.00689,0.00258,0.01818,0.00808,0.01023,0.00839,0.01171,0.00755,0.01339,0.00948,0.00691,0.00554,0.00650,0.00813,0.00546,0.00693
2203,0.01034,0.01520,0.00993,0.01084,0.00905,0.02285,0.00518,0.00544,0.00602,0.00746,0.00780,0.01352,0.01660,0.00720,0.00679,0.01333,0.00990,0.00700,0.01001,0.01140,0.05760,0.15539,0.00443,0.01014,0.01407,,0.01671,0.00555,0.01907,0.00545,0.00732,0.00682,0.00269,0.01831,0.00817,0.01020,0.00834,0.01169,0.00757,0.01353,0.00968,0.00692,0.00555,0.00652,0.00825,0.00553,0.00687
2204,0.01048,0.01538,0.01020,0.01083,0.00896,0.02276,0.00515,0.00534,0.00601,0.00766,0.00773,0.01375,0.01675,0.00714,0.00688,0.01341,0.01002,0.00707,0.01017,0.01146,0.05799,0.15654,0.00448,0.01025,0.01407,,0.01673,0.00562,0.01917,0.00540,0.00740,0.00683,0.00277,0.01839,0.00821,0.01035,0.00834,0.01169,0.00760,0.01354,0.00974,0.00692,0.00550,0.00656,0.00835,0.00546,0.00679
2205,0.01057,0.01542,0.01025,0.01086,0.00903,0.02279,0.00505,0.00535,0.00602,0.00769,0.00770,0.01383,0.01687,0.00715,0.00690,0.01352,0.01007,0.00712,0.01017,0.01157,0.05837,0.15757,0.00448,0.01031,0.01413,,0.01679,0.00566,0.01931,0.00540,0.00747,0.00684,0.00276,0.01843,0.00826,0.01039,0.00838,0.01179,0.00764,0.01361,0.00980,0.00695,0.00550,0.00657,0.00838,0.00543,0.00677
2206,0.01091,0.01548,0.01012,0.01103,0.00911,0.02290,0.00499,0.00552,0.00610,0.00767,0.00772,0.01386,0.01696,0.00730,0.00682,0.01365,0.01011,0.00709,0.01010,0.01172,0.05875,0.15846,0.00446,0.01030,0.01426,,0.01693,0.00572,0.01946,0.00540,0.00754,0.00677,0.00272,0.01845,0.00835,0.01037,0.00844,0.01200,0.00775,0.01372,0.00987,0.00700,0.00554,0.00658,0.00838,0.00541,0.00681
2207,0.01113,0.01544,0.01011,0.01107,0.00907,0.02294,0.00500,0.00549,0.00613,0.00763,0.00768,0.01391,0.01708,0.00734,0.00687,0.01376,0.01011,0.00711,0.01007,0.01177,0.05913,0.15945,0.00444,0.01033,0.01428,,0.01702,0.00578,0.01959,0.00542,0.00758,0.00677,0.00276,0.01852,0.00834,0.01042,0.00853,0.01204,0.00778,0.01378,0.00990,0.00701,0.00556,0.00660,0.00838,0.00542,0.00679
2208,0.01106,0.01524,0.01016,0.01099,0.00908,0.02298,0.00494,0.00528,0.00612,0.00744,0.00755,0.01389,0.01727,0.00734,0.00699,0.01389,0.01003,0.00723,0.00998,0.01185,0.05950,0.16046,0.00438,0.01043,0.01427,,0.01698,0.00577,0.01973,0.00550,0.00758,0.00690,0.00273,0.01854,0.00822,0.01054,0.00872,0.01202,0.00773,0.01379,0.00985,0.00699,0.00556,0.00664,0.00831,0.00538,0.00673
2209,0.01117,0.01526,0.01018,0.01098,0.00908,0.02304,0.00492,0.00533,0.00617,0.00744,0.00756,0.01395,0.01741,0.00733,0.00701,0.01394,0.01006,0.00722,0.00997,0.01192,0.05986,0.16145,0.00439,0.01047,0.01429,,0.01706,0.00579,0.01987,0.00553,0.00763,0.00692,0.00273,0.01862,0.00824,0.01058,0.00874,0.01208,0.00774,0.01385,0.00992,0.00701,0.00560,0.00662,0.00831,0.00539,0.00675
2210,0.01147,0.01540,0.01011,0.01101,0.00893,0.02308,0.00512,0.00547,0.00630,0.00756,0.00768,0.01409,0.01757,0.00729,0.00705,0.01391,0.01018,0.00705,0.01001,0.01189,0.06020,0.16245,0.00441,0.01045,0.01429,,0.01724,0.00590,0.01996,0.00555,0.00770,0.00689,0.00286,0.01882,0.00830,0.01058,0.00870,0.01208,0.00775,0.01393,0.01003,0.00701,0.00567,0.00659,0.00833,0.00547,0.00682
2211,0.01168,0.01537,0.01016,0.01105,0.00891,0.02318,0.00509,0.00553,0.00631,0.00760,0.00770,0.01416,0.01764,0.00729,0.00705,0.01398,0.01019,0.00706,0.01002,0.01197,0.06056,0.16340,0.00445,0.01045,0.01429,,0.01730,0.00591,0.02010,0.00556,0.00775,0.00687,0.00289,0.01892,0.00832,0.01060,0.00868,0.01211,0.00778,0.01395,0.01008,0.00703,0.00567,0.00658,0.00833,0.00551,0.00684
2212,0.01206,0.01533,0.01034,0.01109,0.00899,0.02344,0.00477,0.00573,0.00630,0.00766,0.00776,0.01420,0.01768,0.00725,0.00695,0.01406,0.01021,0.00715,0.01007,0.01222,0.06092,0.16430,0.00458,0.01047,0.01430,,0.01731,0.00584,0.02033,0.00556,0.00782,0.00682,0.00283,0.01894,0.00841,0.01060,0.00855,0.01224,0.00785,0.01392,0.01016,0.00710,0.00564,0.00653,0.00835,0.00556,0.00690
2213,0.01184,0.01536,0.01040,0.01110,0.00910,0.02340,0.00477,0.00572,0.00630,0.00779,0.00776,0.01423,0.01771,0.00729,0.00694,0.01414,0.01023,0.00720,0.01010,0.01226,0.06128,0.16525,0.00459,0.01048,0.01435,,0.01735,0.00584,0.02044,0.00556,0.00785,0.00684,0.00281,0.01902,0.00847,0.01064,0.00856,0.01233,0.00789,0.01399,0.01027,0.00713,0.00561,0.00652,0.00839,0.00557,0.00690
2214,0.01135,0.01528,0.01042,0.01112,0.00925,0.02308,0.00490,0.00547,0.00616,0.00803,0.00762,0.01421,0.01761,0.00746,0.00699,0.01430,0.01017,0.00734,0.01014,0.01213,0.06167,0.16619,0.00450,0.01045,0.01440,,0.01735,0.00583,0.02044,0.00556,0.00784,0.00688,0.00282,0.01910,0.00846,0.01073,0.00866,0.01235,0.00794,0.01411,0.01036,0.00713,0.00550,0.00659,0.00843,0.00558,0.00680
2215,0.01103,0.01530,0.01048,0.01119,0.00932,0.02313,0.00498,0.00542,0.00618,0.00803,0.00762,0.01421,0.01765,0.00747,0.00699,0.01443,0.01017,0.00740,0.01010,0.01219,0.06204,0.16709,0.00451,0.01050,0.01443,,0.01739,0.00585,0.02061,0.00554,0.00785,0.00689,0.00284,0.01916,0.00849,0.01080,0.00873,0.01240,0.00797,0.01413,0.01043,0.00712,0.00546,0.00659,0.00849,0.00555,0.00681
2216,0.00998,0.01557,0.01047,0.01132,0.00946,0.02327,0.00528,0.00536,0.00639,0.00794,0.00763,0.01421,0.01781,0.00737,0.00693,0.01453,0.01025,0.00736,0.00995,0.01230,0.06243,0.16800,0.00450,0.01062,0.01449,,0.01747,0.00586,0.02090,0.00547,0.00780,0.00693,0.00290,0.01920,0.00860,0.01087,0.00886,0.01249,0.00791,0.01417,0.01054,0.00709,0.00547,0.00653,0.00864,0.00541,0.00689
2217,0.00965,0.01558,0.01052,0.01127,0.00952,0.02328,0.00533,0.00532,0.00637,0.00795,0.00770,0.01418,0.01790,0.00739,0.00696,0.01463,0.01030,0.00737,0.00992,0.01235,0.06276,0.16889,0.00450,0.01064,0.01456,,0.01753,0.00594,0.02103,0.00548,0.00782,0.00699,0.00290,0.01924,0.00864,0.01095,0.00892,0.01256,0.00796,0.01423,0.01062,0.00712,0.00550,0.00657,0.00865,0.00537,0.00688
2218,0.00992,0.01541,0.01071,0.01114,0.00944,0.02356,0.00514,0.00531,0.00623,0.00778,0.00787,0.01402,0.01806,0.00741,0.00706,0.01479,0.01033,0.00734,0.00994,0.01252,0.06306,0.16974,0.00455,0.01061,0.01462,,0.01753,0.00615,0.02114,0.00554,0.00788,0.00706,0.00289,0.01920,0.00860,0.01107,0.00895,0.01256,0.00813,0.01420,0.01062,0.00720,0.00562,0.00669,0.00858,0.00536,0.00687
2219,0.00998,0.01532,0.01073,0.01109,0.00942,0.02359,0.00508,0.00542,0.00622,0.00773,0.00797,0.01407,0.01813,0.00742,0.00708,0.01489,0.01034,0.00738,0.00990,0.01261,0.06338,0.17059,0.00460,0.01063,0.01466,,0.01761,0.00621,0.02129,0.00557,0.00795,0.00706,0.00290,0.01928,0.00862,0.01113,0.00898,0.01261,0.00817,0.01419,0.01063,0.00721,0.00564,0.00671,0.00855,0.00537,0.00689
2220,0.01035,0.01510,0.01061,0.01092,0.00943,0.02325,0.00500,0.00576,0.00615,0.00796,0.00818,0.01434,0.01813,0.00750,0.00712,0.01493,0.01033,0.00747,0.00988,0.01253,0.06372,0.17148,0.00464,0.01059,0.01477,,0.01777,0.00623,0.02131,0.00565,0.00809,0.00705,0.00287,0.01951,0.00870,0.01114,0.00900,0.01273,0.00818,0.01423,0.01068,0.00724,0.00564,0.00670,0.00837,0.00546,0.00689
2221,0.01043,0.01506,0.01060,0.01082,0.00942,0.02310,0.00494,0.00582,0.00613,0.00801,0.00819,0.01439,0.01818,0.00756,0.00714,0.01499,0.01035,0.00750,0.00992,0.01256,0.06401,0.17233,0.00467,0.01057,0.01482,,0.01783,0.00628,0.02139,0.00571,0.00815,0.00706,0.00287,0.01956,0.00870,0.01118,0.00901,0.01277,0.00822,0.01429,0.01069,0.00727,0.00566,0.00672,0.00838,0.00553,0.00684
2222,0.01015,0.01523,0.01050,0.01081,0.00935,0.02295,0.00499,0.00574,0.00627,0.00790,0.00796,0.01434,0.01823,0.00754,0.00702,0.01505,0.01039,0.00754,0.00997,0.01271,0.06425,0.17313,0.00479,0.01059,0.01478,,0.01788,0.00624,0.02161,0.00574,0.00809,0.00699,0.00291,0.01954,0.00865,0.01125,0.00897,0.01269,0.00822,0.01431,0.01059,0.00725,0.00561,0.00668,0.00862,0.00568,0.00673
2223,0.01025,0.01528,0.01048,0.01086,0.00934,0.02292,0.00499,0.00575,0.00633,0.00787,0.00792,0.01450,0.01828,0.00753,0.00701,0.01510,0.01039,0.00757,0.00996,0.01277,0.06454,0.17392,0.00481,0.01064,0.01480,,0.01792,0.00624,0.02177,0.00575,0.00816,0.00695,0.00296,0.01958,0.00866,0.01124,0.00901,0.01274,0.00818,0.01434,0.01059,0.00724,0.00560,0.00667,0.00867,0.00568,0.00672
2224,0.01060,0.01534,0.01060,0.01095,0.00933,0.02297,0.00493,0.00549,0.00623,0.00780,0.00784,0.01472,0.01837,0.00751,0.00717,0.01512,0.01035,0.00754,0.00997,0.01276,0.06484,0.17474,0.00468,0.01071,0.01482,,0.01783,0.00632,0.02184,0.00570,0.00834,0.00694,0.00300,0.01952,0.00865,0.01115,0.00911,0.01284,0.00806,0.01445,0.01068,0.00724,0.00567,0.00677,0.00868,0.00553,0.00665
2225,0.01057,0.01541,0.01068,0.01095,0.00935,0.02302,0.00492,0.00541,0.00625,0.00780,0.00780,0.01479,0.01846,0.00754,0.00717,0.01515,0.01037,0.00753,0.01000,0.01281,0.06511,0.17549,0.00465,0.01075,0.01486,,0.01783,0.00634,0.02196,0.00573,0.00840,0.00696,0.00304,0.01953,0.00866,0.01116,0.00913,0.01289,0.00808,0.01452,0.01070,0.00728,0.00569,0.00678,0.00869,0.00551,0.00665
2226,0.01025,0.01542,0.01076,0.01104,0.00934,0.02319,0.00493,0.00559,0.00647,0.00794,0.00789,0.01502,0.01854,0.00758,0.00704,0.01516,0.01040,0.00754,0.00993,0.01285,0.06547,0.17615,0.00468,0.01083,0.01494,,0.01786,0.00630,0.02218,0.00580,0.00846,0.00697,0.00315,0.01964,0.00877,0.01119,0.00910,0.01302,0.00816,0.01451,0.01075,0.00737,0.00567,0.00669,0.00855,0.00545,0.00684
2227,0.01049,0.01542,0.01085,0.01107,0.00942,0.02335,0.00494,0.00569,0.00651,0.00797,0.00799,0.01515,0.01861,0.00759,0.00705,0.01522,0.01041,0.00755,0.00988,0.01290,0.06576,0.17685,0.00467,0.01089,0.01497,,0.01791,0.00629,0.02230,0.00582,0.00852,0.00699,0.00321,0.01977,0.00882,0.01119,0.00916,0.01308,0.00816,0.01454,0.01078,0.00737,0.00566,0.00666,0.00848,0.00541,0.00691
2228,0.01126,0.01538,0.01108,0.01096,0.00967,0.02362,0.00495,0.00585,0.00637,0.00794,0.00814,0.01509,0.01866,0.00761,0.00717,0.01531,0.01041,0.00754,0.00989,0.01300,0.06595,0.17753,0.00463,0.01095,0.01495,,0.01795,0.00629,0.02234,0.00584,0.00850,0.00703,0.00324,0.01997,0.00887,0.01124,0.00918,0.01304,0.00822,0.01454,0.01071,0.00733,0.00561,0.00664,0.00845,0.00545,0.00692
2229,0.01125,0.01544,0.01113,0.01087,0.00991,0.02367,0.00499,0.00583,0.00645,0.00799,0.00821,0.01489,0.01873,0.00769,0.00712,0.01544,0.01046,0.00755,0.00992,0.01307,0.06617,0.17825,0.00467,0.01094,0.01499,,0.01810,0.00625,0.02239,0.00593,0.00845,0.00712,0.00324,0.02011,0.00884,0.01131,0.00929,0.01299,0.00837,0.01463,0.01076,0.00732,0.00556,0.00664,0.00846,0.00555,0.00686
2230,0.01081,0.01551,0.01087,0.01072,0.00953,0.02358,0.00509,0.00561,0.00656,0.00800,0.00822,0.01488,0.01885,0.00764,0.00715,0.01554,0.01059,0.00751,0.00987,0.01313,0.06646,0.17893,0.00473,0.01093,0.01502,,0.01819,0.00627,0.02254,0.00592,0.00842,0.00714,0.00324,0.02020,0.00879,0.01138,0.00945,0.01302,0.00829,0.01471,0.01076,0.00731,0.00555,0.00658,0.00855,0.00556,0.00678
2231,0.01095,0.01550,0.01072,0.01070,0.00943,0.02358,0.00507,0.00564,0.00644,0.00796,0.00819,0.01505,0.01888,0.00758,0.00714,0.01567,0.01065,0.00757,0.00997,0.01320,0.06673,0.17948,0.00469,0.01101,0.01503,,0.01820,0.00632,0.02261,0.00584,0.00849,0.00717,0.00320,0.02027,0.00874,0.01140,0.00948,0.01304,0.00826,0.01478,0.01077,0.00728,0.00557,0.00656,0.00858,0.00554,0.00681
2232,0.01099,0.01539,0.01075,0.01068,0.00944,0.02359,0.00510,0.00565,0.00637,0.00790,0.00810,0.01507,0.01890,0.00758,0.00711,0.01573,0.01063,0.00760,0.00998,0.01324,0.06700,0.18010,0.00468,0.01103,0.01506,,0.01819,0.00635,0.02271,0.00584,0.00855,0.00719,0.00320,0.02031,0.00874,0.01135,0.00948,0.01307,0.00824,0.01478,0.01076,0.00728,0.00557,0.00663,0.00856,0.00551,0.00682
2233,0.01025,0.01521,0.01074,0.01065,0.00928,0.02352,0.00515,0.00557,0.00636,0.00783,0.00778,0.01506,0.01892,0.00762,0.00690,0.01572,0.01059,0.00763,0.01002,0.01329,0.06735,0.18070,0.00474,0.01101,0.01513,,0.01807,0.00642,0.02289,0.00587,0.00860,0.00721,0.00320,0.02020,0.00871,0.01124,0.00933,0.01312,0.00822,0.01471,0.01072,0.00736,0.00562,0.00675,0.00856,0.00546,0.00687
2234,0.01016,0.01510,0.01080,0.01062,0.00927,0.02346,0.00517,0.00559,0.00640,0.00780,0.00771,0.01506,0.01895,0.00764,0.00691,0.01576,0.01062,0.00762,0.00998,0.01330,0.06756,0.18121,0.00474,0.01099,0.01513,,0.01810,0.00644,0.02300,0.00594,0.00868,0.00722,0.00323,0.02020,0.00875,0.01129,0.00932,0.01316,0.00826,0.01475,0.01075,0.00740,0.00559,0.00675,0.00855,0.00547,0.00689
2235,0.01111,0.01481,0.01122,0.01060,0.00968,0.02349,0.00515,0.00576,0.00637,0.00774,0.00776,0.01505,0.01892,0.00770,0.00709,0.01579,0.01054,0.00756,0.00989,0.01327,0.06767,0.18174,0.00467,0.01092,0.01504,,0.01817,0.00640,0.02301,0.00606,0.00890,0.00723,0.00332,0.02027,0.00890,0.01133,0.00936,0.01319,0.00834,0.01479,0.01082,0.00741,0.00546,0.00680,0.00840,0.00550,0.00689
2236,0.01108,0.01482,0.01129,0.01067,0.00977,0.02344,0.00515,0.00584,0.00639,0.00770,0.00773,0.01501,0.01893,0.00774,0.00711,0.01580,0.01052,0.00760,0.00978,0.01329,0.06786,0.18223,0.00467,0.01095,0.01506,,0.01824,0.00643,0.02311,0.00606,0.00890,0.00725,0.00332,0.02030,0.00891,0.01133,0.00940,0.01322,0.00837,0.01481,0.01087,0.00740,0.00547,0.00679,0.00843,0.00551,0.00693
2237,0.01030,0.01509,0.01110,0.01078,0.00953,0.02323,0.00514,0.00591,0.00666,0.00771,0.00775,0.01492,0.01896,0.00778,0.00712,0.01577,0.01063,0.00768,0.00959,0.01331,0.06804,0.18262,0.00473,0.01103,0.01511,,0.01842,0.00654,0.02330,0.00604,0.00876,0.00732,0.00325,0.02029,0.00885,0.01148,0.00952,0.01327,0.00845,0.01492,0.01094,0.00741,0.00552,0.00662,0.00861,0.00559,0.00704
2238,0.01010,0.01521,0.01104,0.01081,0.00958,0.02314,0.00516,0.00588,0.00663,0.00776,0.00777,0.01496,0.01902,0.00779,0.00712,0.01586,0.01066,0.00767,0.00953,0.01333,0.06818,0.18302,0.00473,0.01101,0.01519,,0.01848,0.00653,0.02338,0.00604,0.00875,0.00730,0.00327,0.02032,0.00885,0.01150,0.00952,0.01328,0.00844,0.01498,0.01099,0.00742,0.00552,0.00657,0.00866,0.00560,0.00702
2239,0.00981,0.01541,0.01094,0.01089,0.00985,0.02309,0.00521,0.00580,0.00631,0.00780,0.00774,0.01508,0.01911,0.00782,0.00704,0.01610,0.01056,0.00770,0.00950,0.01336,0.06833,0.18344,0.00471,0.01098,0.01543,,0.01845,0.00646,0.02339,0.00597,0.00871,0.00721,0.00332,0.02039,0.00879,0.01132,0.00941,0.01322,0.00835,0.01501,0.01104,0.00733,0.00557,0.00661,0.00870,0.00549,0.00696
2240,0.00999,0.01546,0.01090,0.01094,0.00989,0.02309,0.00524,0.00575,0.00631,0.00787,0.00777,0.01508,0.01914,0.00780,0.00705,0.01610,0.01056,0.00770,0.00943,0.01340,0.06848,0.18383,0.00473,0.01101,0.01547,,0.01848,0.00644,0.02348,0.00595,0.00867,0.00720,0.00330,0.02042,0.00883,0.01129,0.00941,0.01327,0.00826,0.01502,0.01106,0.00736,0.00560,0.00664,0.00869,0.00549,0.00696
2241,0.01101,0.01542,0.01091,0.01086,0.00988,0.02310,0.00534,0.00553,0.00638,0.00813,0.00786,0.01511,0.01918,0.00769,0.00708,0.01604,0.01062,0.00759,0.00941,0.01345,0.06859,0.18415,0.00479,0.01095,0.01541,,0.01849,0.00631,0.02360,0.00601,0.00868,0.00718,0.00327,0.02039,0.00905,0.01138,0.00938,0.01339,0.00806,0.01502,0.01106,0.00752,0.00555,0.00668,0.00854,0.00557,0.00690
2242,0.01099,0.01539,0.01085,0.01089,0.00985,0.02313,0.00529,0.00558,0.00641,0.00814,0.00794,0.01513,0.01922,0.00768,0.00715,0.01606,0.01065,0.00758,0.00937,0.01349,0.06872,0.18447,0.00478,0.01096,0.01542,,0.01850,0.00630,0.02363,0.00602,0.00872,0.00715,0.00329,0.02046,0.00908,0.01142,0.00939,0.01342,0.00807,0.01506,0.01109,0.00754,0.00558,0.00669,0.00852,0.00557,0.00689
2243,0.01041,0.01521,0.01071,0.01111,0.00969,0.02335,0.00505,0.00595,0.00661,0.00797,0.00802,0.01501,0.01918,0.00770,0.00732,0.01592,0.01064,0.00764,0.00921,0.01356,0.06894,0.18488,0.00471,0.01115,0.01538,,0.01855,0.00645,0.02363,0.00596,0.00878,0.00715,0.00325,0.02060,0.00901,0.01151,0.00951,0.01343,0.00821,0.01511,0.01116,0.00753,0.00574,0.00674,0.00857,0.00554,0.00698
2244,0.01044,0.01518,0.01073,0.01116,0.00966,0.02334,0.00508,0.00603,0.00669,0.00791,0.00808,0.01501,0.01921,0.00771,0.00736,0.01590,0.01066,0.00768,0.00920,0.01358,0.06904,0.18514,0.00472,0.01117,0.01534,,0.01854,0.00648,0.02369,0.00596,0.00877,0.00717,0.00324,0.02065,0.00903,0.01153,0.00958,0.01350,0.00826,0.01508,0.01114,0.00752,0.00580,0.00674,0.00853,0.00556,0.00699
2245,0.00998,0.01524,0.01080,0.01117,0.00968,0.02319,0.00525,0.00612,0.00668,0.00773,0.00823,0.01523,0.01936,0.00781,0.00738,0.01612,0.01073,0.00773,0.00937,0.01352,0.06904,0.18522,0.00476,0.01104,0.01539,,0.01844,0.00647,0.02371,0.00603,0.00880,0.00720,0.00333,0.02076,0.00900,0.01149,0.00967,0.01359,0.00849,0.01506,0.01102,0.00739,0.00576,0.00662,0.00840,0.00563,0.00692
2246,0.01010,0.01522,0.01087,0.01108,0.00968,0.02309,0.00526,0.00611,0.00666,0.00768,0.00824,0.01524,0.01940,0.00784,0.00738,0.01618,0.01075,0.00774,0.00939,0.01353,0.06908,0.18540,0.00474,0.01104,0.01537,,0.01845,0.00651,0.02370,0.00602,0.00880,0.00719,0.00334,0.02078,0.00899,0.01153,0.00967,0.01360,0.00855,0.01504,0.01104,0.00735,0.00580,0.00662,0.00843,0.00559,0.00691
2247,0.01168,0.01519,0.01117,0.01073,0.00971,0.02283,0.00545,0.00581,0.00661,0.00780,0.00809,0.01508,0.01941,0.00783,0.00727,0.01613,0.01075,0.00774,0.00938,0.01356,0.06906,0.18557,0.00473,0.01109,0.01524,,0.01853,0.00654,0.02379,0.00592,0.00866,0.00722,0.00324,0.02063,0.00906,0.01160,0.00961,0.01361,0.00836,0.01489,0.01114,0.00736,0.00587,0.00673,0.00856,0.00550,0.00694
2248,0.01201,0.01520,0.01126,0.01071,0.00971,0.02275,0.00542,0.00574,0.00658,0.00779,0.00807,0.01509,0.01938,0.00782,0.00721,0.01610,0.01076,0.00775,0.00937,0.01358,0.06909,0.18572,0.00475,0.01107,0.01520,,0.01851,0.00654,0.02379,0.00592,0.00861,0.00722,0.00323,0.02059,0.00911,0.01160,0.00959,0.01364,0.00833,0.01485,0.01111,0.00740,0.00589,0.00675,0.00857,0.00550,0.00690
2249,0.01149,0.01509,0.01113,0.01085,0.00965,0.02277,0.00496,0.00583,0.00646,0.00771,0.00806,0.01512,0.01924,0.00778,0.00714,0.01600,0.01077,0.00771,0.00933,0.01365,0.06918,0.18605,0.00468,0.01108,0.01516,,0.01849,0.00657,0.02360,0.00591,0.00867,0.00709,0.00332,0.02057,0.00916,0.01157,0.00949,0.01358,0.00832,0.01489,0.01110,0.00752,0.00596,0.00679,0.00863,0.00552,0.00673
2250,0.01124,0.01513,0.01112,0.01090,0.00963,0.02286,0.00484,0.00582,0.00644,0.00773,0.00802,0.01515,0.01919,0.00776,0.00713,0.01600,0.01073,0.00768,0.00924,0.01365,0.06919,0.18609,0.00467,0.01108,0.01517,,0.01850,0.00658,0.02357,0.00590,0.00866,0.00708,0.00332,0.02054,0.00917,0.01160,0.00948,0.01356,0.00833,0.01492,0.01111,0.00758,0.00599,0.00681,0.00868,0.00547,0.00672
2251,0.01059,0.01542,0.01116,0.01119,0.00960,0.02324,0.00486,0.00586,0.00649,0.00784,0.00804,0.01538,0.01922,0.00772,0.00720,0.01609,0.01065,0.00766,0.00916,0.01355,0.06918,0.18579,0.00481,0.01103,0.01528,,0.01842,0.00652,0.02365,0.00592,0.00858,0.00714,0.00328,0.02054,0.00920,0.01161,0.00966,0.01365,0.00846,0.01507,0.01099,0.00770,0.00594,0.00675,0.00857,0.00546,0.00681
2252,0.01010,0.01546,0.01110,0.01130,0.00958,0.02336,0.00486,0.00584,0.00655,0.00779,0.00803,0.01542,0.01920,0.00773,0.00719,0.01610,0.01062,0.00766,0.00907,0.01353,0.06918,0.18573,0.00485,0.01099,0.01530,,0.01840,0.00651,0.02366,0.00596,0.00859,0.00718,0.00329,0.02054,0.00920,0.01159,0.00965,0.01367,0.00847,0.01504,0.01091,0.00770,0.00591,0.00671,0.00853,0.00548,0.00683
2253,0.00976,0.01534,0.01094,0.01122,0.00963,0.02341,0.00507,0.00571,0.00676,0.00751,0.00793,0.01524,0.01920,0.00788,0.00715,0.01616,0.01054,0.00770,0.00882,0.01355,0.06914,0.18574,0.00479,0.01100,0.01533,,0.01852,0.00654,0.02369,0.00607,0.00872,0.00731,0.00329,0.02051,0.00909,0.01167,0.00954,0.01362,0.00838,0.01480,0.01094,0.00754,0.00586,0.00668,0.00859,0.00541,0.00696
2254,0.00955,0.01535,0.01093,0.01117,0.00962,0.02344,0.00518,0.00566,0.00680,0.00758,0.00786,0.01517,0.01921,0.00788,0.00719,0.01619,0.01053,0.00769,0.00872,0.01352,0.06909,0.18560,0.00479,0.01098,0.01534,,0.01854,0.00653,0.02372,0.00607,0.00874,0.00732,0.00327,0.02050,0.00906,0.01168,0.00948,0.01358,0.00834,0.01476,0.01094,0.00750,0.00582,0.00667,0.00865,0.00538,0.00703
2255,0.00926,0.01529,0.01101,0.01109,0.00952,0.02321,0.00522,0.00568,0.00674,0.00790,0.00770,0.01516,0.01919,0.00777,0.00727,0.01610,0.01070,0.00763,0.00876,0.01344,0.06906,0.18554,0.00480,0.01087,0.01528,,0.01850,0.00649,0.02371,0.00598,0.00873,0.00715,0.00330,0.02050,0.00917,0.01157,0.00933,0.01350,0.00822,0.01475,0.01079,0.00754,0.00578,0.00664,0.00872,0.00544,0.00709
2256,0.00912,0.01524,0.01097,0.01104,0.00950,0.02312,0.00530,0.00565,0.00670,0.00796,0.00775,0.01506,0.01917,0.00776,0.00726,0.01605,0.01074,0.00763,0.00875,0.01341,0.06899,0.18542,0.00477,0.01084,0.01523,,0.01847,0.00648,0.02368,0.00598,0.00875,0.00713,0.00331,0.02049,0.00913,0.01151,0.00923,0.01346,0.00817,0.01468,0.01076,0.00746,0.00572,0.00663,0.00873,0.00549,0.00704
2257,0.00947,0.01537,0.01097,0.01109,0.00961,0.02318,0.00554,0.00571,0.00661,0.00807,0.00804,0.01499,0.01918,0.00771,0.00717,0.01606,0.01071,0.00764,0.00878,0.01334,0.06889,0.18517,0.00472,0.01085,0.01518,,0.01843,0.00648,0.02368,0.00596,0.00872,0.00714,0.00326,0.02041,0.00899,0.01150,0.00918,0.01348,0.00826,0.01466,0.01087,0.00738,0.00563,0.00663,0.00874,0.00555,0.00693
2258,0.00941,0.01542,0.01104,0.01089,0.00947,0.02317,0.00552,0.00554,0.00640,0.00832,0.00819,0.01483,0.01916,0.00764,0.00724,0.01595,0.01072,0.00761,0.00882,0.01333,0.06875,0.18478,0.00471,0.01090,0.01511,,0.01832,0.00644,0.02364,0.00594,0.00866,0.00710,0.00324,0.02042,0.00888,0.01143,0.00916,0.01342,0.00826,0.01479,0.01099,0.00722,0.00558,0.00665,0.00873,0.00552,0.00680
2259,0.00890,0.01527,0.01094,0.01091,0.00942,0.02311,0.00523,0.00542,0.00634,0.00834,0.00823,0.01478,0.01902,0.00772,0.00733,0.01586,0.01067,0.00760,0.00879,0.01330,0.06861,0.18440,0.00470,0.01090,0.01520,,0.01827,0.00642,0.02350,0.00595,0.00867,0.00721,0.00330,0.02043,0.00889,0.01138,0.00923,0.01338,0.00825,0.01489,0.01089,0.00717,0.00556,0.00675,0.00867,0.00545,0.00672
2260,0.00934,0.01536,0.01092,0.01086,0.00945,0.02307,0.00515,0.00559,0.00660,0.00815,0.00831,0.01473,0.01886,0.00783,0.00727,0.01587,0.01059,0.00764,0.00864,0.01325,0.06845,0.18403,0.00472,0.01094,0.01525,,0.01830,0.00637,0.02341,0.00592,0.00875,0.00729,0.00329,0.02036,0.00889,0.01130,0.00923,0.01338,0.00825,0.01478,0.01088,0.00711,0.00552,0.00685,0.00870,0.00544,0.00655
2261,0.01033,0.01527,0.01101,0.01072,0.00960,0.02305,0.00526,0.00567,0.00674,0.00814,0.00832,0.01472,0.01887,0.00780,0.00733,0.01587,0.01051,0.00757,0.00843,0.01328,0.06828,0.18357,0.00472,0.01108,0.01516,,0.01836,0.00634,0.02345,0.00592,0.00874,0.00735,0.00327,0.02025,0.00893,0.01119,0.00921,0.01346,0.00818,0.01469,0.01089,0.00719,0.00552,0.00680,0.00880,0.00552,0.00656
2262,0.01065,0.01505,0.01103,0.01092,0.00964,0.02312,0.00532,0.00576,0.00662,0.00819,0.00822,0.01485,0.01892,0.00774,0.00742,0.01582,0.01043,0.00757,0.00846,0.01327,0.06811,0.18309,0.00476,0.01107,0.01513,,0.01840,0.00638,0.02339,0.00592,0.00867,0.00736,0.00325,0.02016,0.00899,0.01108,0.00931,0.01340,0.00817,0.01473,0.01081,0.00736,0.00563,0.00676,0.00880,0.00555,0.00666
2263,0.01109,0.01506,0.01108,0.01091,0.00954,0.02304,0.00531,0.00581,0.00657,0.00813,0.00810,0.01478,0.01882,0.00770,0.00746,0.01576,0.01040,0.00752,0.00840,0.01320,0.06793,0.18262,0.00478,0.01106,0.01512,,0.01833,0.00638,0.02326,0.00590,0.00858,0.00728,0.00323,0.02011,0.00897,0.01101,0.00933,0.01336,0.00818,0.01472,0.01073,0.00738,0.00564,0.00677,0.00874,0.00547,0.00671
2264,0.01203,0.01510,0.01116,0.01089,0.00938,0.02289,0.00556,0.00579,0.00635,0.00789,0.00803,0.01454,0.01877,0.00761,0.00740,0.01565,0.01035,0.00748,0.00836,0.01315,0.06774,0.18223,0.00477,0.01111,0.01500,,0.01817,0.00643,0.02308,0.00601,0.00840,0.00710,0.00317,0.02008,0.00874,0.01097,0.00929,0.01333,0.00822,0.01463,0.01075,0.00725,0.00559,0.00674,0.00856,0.00538,0.00673
2265,0.01187,0.01504,0.01108,0.01083,0.00938,0.02289,0.00549,0.00580,0.00635,0.00776,0.00799,0.01446,0.01867,0.00764,0.00733,0.01556,0.01032,0.00742,0.00827,0.01312,0.06753,0.18177,0.00473,0.01103,0.01494,,0.01815,0.00638,0.02299,0.00597,0.00840,0.00712,0.00319,0.02004,0.00872,0.01090,0.00924,0.01334,0.00824,0.01456,0.01072,0.00724,0.00561,0.00665,0.00853,0.00540,0.00680
2266,0.01077,0.01506,0.01098,0.01066,0.00932,0.02285,0.00495,0.00591,0.00650,0.00768,0.00779,0.01437,0.01833,0.00775,0.00727,0.01543,0.01037,0.00730,0.00817,0.01299,0.06730,0.18134,0.00469,0.01080,0.01500,,0.01816,0.00623,0.02282,0.00573,0.00849,0.00717,0.00326,0.01999,0.00884,0.01082,0.00917,0.01331,0.00827,0.01460,0.01057,0.00726,0.00564,0.00660,0.00848,0.00534,0.00694
2267,0.01061,0.01513,0.01086,0.01064,0.00922,0.02275,0.00494,0.00584,0.00648,0.00759,0.00778,0.01435,0.01825,0.00777,0.00724,0.01537,0.01034,0.00726,0.00812,0.01295,0.06705,0.18066,0.00464,0.01070,0.01499,,0.01806,0.00622,0.02272,0.00572,0.00845,0.00709,0.00326,0.02003,0.00882,0.01083,0.00913,0.01326,0.00830,0.01454,0.01047,0.00723,0.00565,0.00658,0.00847,0.00530,0.00696
2268,0.01023,0.01516,0.01054,0.01066,0.00929,0.02266,0.00521,0.00567,0.00641,0.00744,0.00798,0.01446,0.01837,0.00785,0.00717,0.01534,0.01026,0.00728,0.00807,0.01305,0.06675,0.17985,0.00450,0.01060,0.01489,,0.01797,0.00624,0.02277,0.00588,0.00846,0.00711,0.00329,0.02015,0.00877,0.01087,0.00903,0.01326,0.00834,0.01436,0.01041,0.00717,0.00572,0.00645,0.00860,0.00547,0.00690
2269,0.01051,0.01511,0.01044,0.01072,0.00930,0.02273,0.00530,0.00555,0.00640,0.00743,0.00810,0.01442,0.01834,0.00782,0.00709,0.01525,0.01020,0.00727,0.00804,0.01301,0.06649,0.17916,0.00449,0.01054,0.01482,,0.01789,0.00625,0.02266,0.00584,0.00844,0.00711,0.00326,0.02006,0.00871,0.01090,0.00904,0.01319,0.00832,0.01430,0.01040,0.00716,0.00572,0.00643,0.00857,0.00546,0.00693
2270,0.01176,0.01515,0.01052,0.01093,0.00910,0.02275,0.00565,0.00527,0.00635,0.00755,0.00833,0.01434,0.01830,0.00765,0.00706,0.01514,0.01011,0.00728,0.00812,0.01290,0.06626,0.17836,0.00457,0.01054,0.01485,,0.01766,0.00636,0.02243,0.00577,0.00829,0.00696,0.00315,0.01992,0.00853,0.01104,0.00919,0.01297,0.00833,0.01432,0.01038,0.00714,0.00569,0.00664,0.00845,0.00518,0.00693
2271,0.01198,0.01517,0.01045,0.01095,0.00907,0.02284,0.00553,0.00525,0.00629,0.00758,0.00827,0.01431,0.01826,0.00756,0.00699,0.01510,0.01006,0.00728,0.00803,0.01280,0.06594,0.17755,0.00460,0.01053,0.01479,,0.01759,0.00633,0.02228,0.00577,0.00821,0.00688,0.00309,0.01985,0.00854,0.01109,0.00917,0.01296,0.00824,0.01429,0.01036,0.00712,0.00563,0.00662,0.00842,0.00516,0.00690
2272,0.01211,0.01493,0.01033,0.01095,0.00936,0.02325,0.00497,0.00537,0.00632,0.00765,0.00803,0.01416,0.01820,0.00748,0.00678,0.01505,0.01001,0.00725,0.00784,0.01265,0.06559,0.17688,0.00466,0.01055,0.01460,,0.01774,0.00618,0.02212,0.00568,0.00819,0.00699,0.00297,0.01958,0.00867,0.01110,0.00904,0.01308,0.00795,0.01422,0.01046,0.00715,0.00554,0.00640,0.00838,0.00533,0.00692
2273,0.01196,0.01498,0.01031,0.01087,0.00931,0.02338,0.00481,0.00550,0.00633,0.00767,0.00802,0.01417,0.01806,0.00740,0.00674,0.01497,0.00999,0.00727,0.00775,0.01260,0.06526,0.17606,0.00463,0.01053,0.01452,,0.01767,0.00611,0.02197,0.00568,0.00820,0.00695,0.00297,0.01946,0.00868,0.01107,0.00904,0.01308,0.00794,0.01421,0.01045,0.00715,0.00546,0.00638,0.00834,0.00534,0.00686
2274,0.01086,0.01533,0.01028,0.01058,0.00902,0.02335,0.00459,0.00587,0.00633,0.00759,0.00787,0.01434,0.01784,0.00732,0.00684,0.01499,0.01002,0.00737,0.00762,0.01265,0.06486,0.17505,0.00449,0.01052,0.01446,,0.01746,0.00601,0.02182,0.00590,0.00819,0.00670,0.00309,0.01956,0.00872,0.01097,0.00901,0.01314,0.00808,0.01421,0.01027,0.00712,0.00525,0.00644,0.00830,0.00536,0.00668
2275,0.01089,0.01548,0.01029,0.01046,0.00891,0.02327,0.00452,0.00597,0.00625,0.00758,0.00776,0.01437,0.01773,0.00728,0.00683,0.01487,0.01002,0.00733,0.00750,0.01257,0.06452,0.17411,0.00447,0.01046,0.01444,,0.01736,0.00593,0.02170,0.00587,0.00817,0.00665,0.00308,0.01951,0.00870,0.01094,0.00897,0.01308,0.00805,0.01417,0.01021,0.00708,0.00527,0.00640,0.00833,0.00537,0.00658
2276,0.01156,0.01571,0.01042,0.01031,0.00872,0.02303,0.00481,0.00597,0.00615,0.00764,0.00788,0.01437,0.01758,0.00731,0.00686,0.01456,0.01003,0.00723,0.00742,0.01246,0.06426,0.17325,0.00448,0.01033,0.01451,,0.01723,0.00587,0.02164,0.00562,0.00824,0.00674,0.00308,0.01939,0.00857,0.01089,0.00907,0.01287,0.00813,0.01417,0.01017,0.00703,0.00550,0.00639,0.00840,0.00533,0.00643
2277,0.01158,0.01568,0.01048,0.01031,0.00865,0.02301,0.00486,0.00598,0.00608,0.00762,0.00791,0.01442,0.01751,0.00725,0.00685,0.01443,0.01002,0.00719,0.00740,0.01239,0.06391,0.17224,0.00445,0.01029,0.01448,,0.01715,0.00583,0.02147,0.00556,0.00822,0.00675,0.00307,0.01926,0.00849,0.01086,0.00903,0.01275,0.00809,0.01410,0.01015,0.00702,0.00552,0.00641,0.00840,0.00525,0.00641
2278,0.01224,0.01540,0.01055,0.01045,0.00865,0.02305,0.00479,0.00587,0.00589,0.00753,0.00774,0.01450,0.01762,0.00719,0.00676,0.01438,0.00999,0.00708,0.00744,0.01226,0.06353,0.17108,0.00447,0.01031,0.01443,,0.01720,0.00582,0.02126,0.00550,0.00811,0.00683,0.00292,0.01905,0.00843,0.01091,0.00878,0.01259,0.00782,0.01399,0.01020,0.00707,0.00559,0.00639,0.00845,0.00508,0.00654
2279,0.01189,0.01526,0.01052,0.01051,0.00874,0.02297,0.00473,0.00578,0.00580,0.00756,0.00773,0.01443,0.01758,0.00713,0.00673,0.01425,0.00995,0.00703,0.00736,0.01215,0.06311,0.17004,0.00449,0.01026,0.01440,,0.01715,0.00574,0.02107,0.00545,0.00798,0.00683,0.00288,0.01897,0.00839,0.01088,0.00870,0.01252,0.00770,0.01386,0.01013,0.00703,0.00557,0.00638,0.00845,0.00508,0.00651
2280,0.01003,0.01479,0.01046,0.01062,0.00906,0.02301,0.00452,0.00566,0.00582,0.00765,0.00803,0.01428,0.01749,0.00699,0.00676,0.01416,0.00988,0.00706,0.00730,0.01213,0.06262,0.16904,0.00445,0.01022,0.01435,,0.01705,0.00561,0.02076,0.00550,0.00778,0.00675,0.00297,0.01891,0.00831,0.01076,0.00869,0.01251,0.00767,0.01365,0.01000,0.00704,0.00527,0.00646,0.00836,0.00513,0.00647
2281,0.00946,0.01478,0.01039,0.01072,0.00908,0.02296,0.00458,0.00561,0.00590,0.00762,0.00800,0.01422,0.01736,0.00695,0.00671,0.01406,0.00982,0.00708,0.00721,0.01204,0.06217,0.16795,0.00440,0.01018,0.01428,,0.01697,0.00558,0.02055,0.00547,0.00769,0.00670,0.00294,0.01884,0.00828,0.01068,0.00860,0.01248,0.00760,0.01354,0.00994,0.00696,0.00521,0.00650,0.00831,0.00515,0.00647
2282,0.00917,0.01528,0.01014,0.01088,0.00893,0.02273,0.00483,0.00555,0.00610,0.00763,0.00767,0.01411,0.01707,0.00702,0.00655,0.01385,0.00971,0.00714,0.00695,0.01181,0.06171,0.16695,0.00435,0.01006,0.01423,,0.01687,0.00555,0.02045,0.00537,0.00757,0.00661,0.00286,0.01894,0.00833,0.01057,0.00843,0.01249,0.00744,0.01347,0.00980,0.00669,0.00533,0.00649,0.00831,0.00536,0.00636
2283,0.00884,0.01533,0.01008,0.01088,0.00895,0.02247,0.00491,0.00555,0.00614,0.00757,0.00761,0.01395,0.01697,0.00701,0.00651,0.01375,0.00967,0.00711,0.00681,0.01172,0.06126,0.16577,0.00435,0.00999,0.01416,,0.01680,0.00555,0.02028,0.00530,0.00754,0.00655,0.00282,0.01883,0.00831,0.01052,0.00844,0.01249,0.00746,0.01336,0.00973,0.00659,0.00535,0.00647,0.00828,0.00539,0.00630
2284,0.00901,0.01533,0.01027,0.01071,0.00880,0.02192,0.00509,0.00571,0.00625,0.00736,0.00751,0.01388,0.01703,0.00696,0.00650,0.01379,0.00971,0.00702,0.00680,0.01176,0.06083,0.16433,0.00431,0.00996,0.01401,,0.01677,0.00572,0.02011,0.00523,0.00773,0.00649,0.00274,0.01850,0.00825,0.01055,0.00861,0.01248,0.00771,0.01324,0.00978,0.00661,0.00542,0.00647,0.00816,0.00515,0.00626
2285,0.00924,0.01536,0.01017,0.01076,0.00878,0.02192,0.00520,0.00577,0.00626,0.00722,0.00751,0.01373,0.01690,0.00695,0.00645,0.01375,0.00965,0.00702,0.00672,0.01168,0.06036,0.16311,0.00429,0.00997,0.01394,,0.01669,0.00575,0.01995,0.00520,0.00771,0.00648,0.00270,0.01836,0.00822,0.01054,0.00864,0.01246,0.00773,0.01321,0.00976,0.00658,0.00546,0.00647,0.00816,0.00513,0.00632
2286,0.00933,0.01506,0.00995,0.01091,0.00920,0.02231,0.00513,0.00577,0.00605,0.00702,0.00789,0.01329,0.01675,0.00694,0.00642,0.01374,0.00958,0.00705,0.00662,0.01160,0.05986,0.16198,0.00436,0.01006,0.01397,,0.01657,0.00572,0.01976,0.00521,0.00751,0.00648,0.00278,0.01826,0.00818,0.01057,0.00879,0.01244,0.00779,0.01326,0.00977,0.00659,0.00550,0.00641,0.00832,0.00522,0.00654
2287,0.00953,0.01492,0.00979,0.01087,0.00920,0.02236,0.00509,0.00578,0.00595,0.00700,0.00792,0.01318,0.01665,0.00689,0.00645,0.01364,0.00952,0.00696,0.00655,0.01152,0.05938,0.16076,0.00436,0.01005,0.01392,,0.01654,0.00566,0.01962,0.00517,0.00744,0.00650,0.00275,0.01810,0.00812,0.01053,0.00880,0.01241,0.00777,0.01318,0.00963,0.00658,0.00545,0.00640,0.00830,0.00523,0.00653
2288,0.01062,0.01497,0.00942,0.01090,0.00867,0.02267,0.00511,0.00583,0.00584,0.00716,0.00774,0.01342,0.01639,0.00676,0.00644,0.01338,0.00935,0.00680,0.00651,0.01138,0.05891,0.15965,0.00430,0.01001,0.01388,,0.01664,0.00541,0.01957,0.00507,0.00736,0.00661,0.00262,0.01794,0.00804,0.01045,0.00857,0.01241,0.00752,0.01310,0.00930,0.00651,0.00529,0.00650,0.00818,0.00528,0.00645
2289,0.01071,0.01500,0.00922,0.01092,0.00866,0.02289,0.00511,0.00570,0.00583,0.00716,0.00760,0.01338,0.01620,0.00679,0.00647,0.01326,0.00928,0.00678,0.00644,0.01123,0.05843,0.15842,0.00424,0.01000,0.01378,,0.01655,0.00536,0.01942,0.00507,0.00727,0.00661,0.00259,0.01786,0.00801,0.01032,0.00838,0.01230,0.00737,0.01303,0.00918,0.00647,0.00526,0.00648,0.00817,0.00530,0.00647
2290,0.00967,0.01494,0.00920,0.01061,0.00896,0.02266,0.00498,0.00524,0.00598,0.00719,0.00718,0.01336,0.01615,0.00698,0.00668,0.01319,0.00933,0.00676,0.00636,0.01104,0.05797,0.15706,0.00409,0.00995,0.01348,,0.01635,0.00543,0.01925,0.00515,0.00725,0.00654,0.00254,0.01777,0.00799,0.01003,0.00807,0.01201,0.00726,0.01283,0.00906,0.00644,0.00521,0.00637,0.00819,0.00521,0.00638
2291,0.00950,0.01494,0.00915,0.01055,0.00894,0.02266,0.00495,0.00517,0.00597,0.00724,0.00705,0.01328,0.01604,0.00700,0.00675,0.01304,0.00930,0.00668,0.00631,0.01095,0.05748,0.15570,0.00409,0.00988,0.01340,,0.01628,0.00539,0.01902,0.00512,0.00722,0.00649,0.00252,0.01767,0.00793,0.00990,0.00797,0.01194,0.00719,0.01269,0.00896,0.00645,0.00518,0.00633,0.00809,0.00516,0.00627
2292,0.00963,0.01508,0.00910,0.01081,0.00916,0.02319,0.00508,0.00526,0.00592,0.00715,0.00728,0.01289,0.01581,0.00708,0.00676,0.01291,0.00921,0.00675,0.00628,0.01091,0.05694,0.15429,0.00426,0.00984,0.01352,,0.01615,0.00539,0.01864,0.00499,0.00711,0.00637,0.00261,0.01775,0.00787,0.00992,0.00797,0.01204,0.00713,0.01264,0.00905,0.00654,0.00529,0.00627,0.00792,0.00515,0.00622
2293,0.00925,0.01513,0.00909,0.01092,0.00916,0.02325,0.00507,0.00528,0.00596,0.00713,0.00716,0.01270,0.01566,0.00710,0.00673,0.01281,0.00919,0.00673,0.00621,0.01079,0.05643,0.15295,0.00424,0.00979,0.01348,,0.01607,0.00540,0.01836,0.00503,0.00705,0.00627,0.00263,0.01768,0.00786,0.00982,0.00792,0.01189,0.00709,0.01257,0.00906,0.00653,0.00533,0.00624,0.00794,0.00514,0.00627
2294,0.00822,0.01515,0.00916,0.01113,0.00849,0.02276,0.00491,0.00569,0.00599,0.00737,0.00682,0.01266,0.01564,0.00691,0.00654,0.01268,0.00920,0.00644,0.00617,0.01070,0.05592,0.15166,0.00416,0.00961,0.01346,,0.01627,0.00533,0.01803,0.00521,0.00709,0.00616,0.00260,0.01741,0.00785,0.00976,0.00807,0.01159,0.00715,0.01248,0.00902,0.00650,0.00524,0.00633,0.00804,0.00513,0.00633
2295,0.00875,0.01513,0.00918,0.01112,0.00831,0.02270,0.00491,0.00582,0.00595,0.00735,0.00676,0.01258,0.01549,0.00679,0.00649,0.01250,0.00918,0.00637,0.00612,0.01064,0.05541,0.15027,0.00415,0.00956,0.01344,,0.01624,0.00526,0.01784,0.00517,0.00708,0.00612,0.00260,0.01725,0.00780,0.00970,0.00812,0.01153,0.00714,0.01237,0.00890,0.00645,0.00526,0.00633,0.00800,0.00511,0.00631
2296,0.01045,0.01513,0.00928,0.01070,0.00851,0.02289,0.00497,0.00556,0.00595,0.00693,0.00656,0.01252,0.01515,0.00671,0.00656,0.01231,0.00923,0.00656,0.00603,0.01057,0.05492,0.14889,0.00404,0.00973,0.01328,,0.01600,0.00526,0.01785,0.00508,0.00703,0.00618,0.00263,0.01712,0.00781,0.00953,0.00803,0.01152,0.00703,0.01221,0.00870,0.00630,0.00549,0.00617,0.00802,0.00511,0.00637
2297,0.01087,0.01504,0.00922,0.01064,0.00858,0.02275,0.00499,0.00551,0.00596,0.00688,0.00647,0.01247,0.01499,0.00663,0.00649,0.01219,0.00920,0.00656,0.00594,0.01045,0.05440,0.14749,0.00395,0.00969,0.01314,,0.01584,0.00524,0.01772,0.00513,0.00699,0.00614,0.00261,0.01696,0.00776,0.00942,0.00795,0.01136,0.00700,0.01213,0.00859,0.00616,0.00545,0.00616,0.00807,0.00510,0.00644
2298,0.01245,0.01465,0.00880,0.01065,0.00893,0.02247,0.00517,0.00560,0.00589,0.00698,0.00673,0.01241,0.01489,0.00650,0.00642,0.01206,0.00906,0.00651,0.00583,0.01041,0.05386,0.14594,0.00395,0.00954,0.01301,,0.01558,0.00513,0.01760,0.00509,0.00697,0.00608,0.00254,0.01674,0.00754,0.00939,0.00783,0.01129,0.00702,0.01208,0.00840,0.00601,0.00514,0.00630,0.00797,0.00506,0.00634
2299,0.01294,0.01459,0.00877,0.01064,0.00900,0.02245,0.00524,0.00552,0.00579,0.00697,0.00692,0.01236,0.01474,0.00643,0.00637,0.01190,0.00898,0.00648,0.00576,0.01030,0.05331,0.14450,0.00397,0.00948,0.01297,,0.01540,0.00505,0.01746,0.00499,0.00691,0.00605,0.00251,0.01666,0.00743,0.00936,0.00777,0.01127,0.00698,0.01203,0.00832,0.00588,0.00507,0.00628,0.00787,0.00504,0.00631
2300,0.01045,0.01484,0.00904,0.01103,0.00885,0.02216,0.00520,0.00525,0.00577,0.00727,0.00709,0.01238,0.01467,0.00649,0.00618,0.01183,0.00901,0.00633,0.00569,0.00998,0.05273,0.14318,0.00400,0.00934,0.01302,,0.01539,0.00502,0.01722,0.00500,0.00677,0.00599,0.00245,0.01672,0.00737,0.00934,0.00775,0.01102,0.00703,0.01211,0.00849,0.00566,0.00498,0.00618,0.00789,0.00507,0.00646
2301,0.00975,0.01485,0.00906,0.01117,0.00872,0.02210,0.00511,0.00524,0.00568,0.00734,0.00720,0.01232,0.01461,0.00647,0.00608,0.01176,0.00891,0.00623,0.00564,0.00980,0.05219,0.14181,0.00395,0.00921,0.01293,,0.01523,0.00495,0.01698,0.00503,0.00672,0.00590,0.00241,0.01665,0.00732,0.00932,0.00769,0.01087,0.00699,0.01210,0.00848,0.00561,0.00487,0.00622,0.00791,0.00508,0.00651
2302,0.01065,0.01481,0.00927,0.01091,0.00837,0.02268,0.00479,0.00544,0.00525,0.00704,0.00763,0.01224,0.01450,0.00637,0.00621,0.01165,0.00866,0.00620,0.00567,0.00977,0.05170,0.14042,0.00392,0.00917,0.01280,,0.01486,0.00486,0.01671,0.00485,0.00676,0.00584,0.00239,0.01659,0.00736,0.00943,0.00766,0.01102,0.00674,0.01204,0.00837,0.00584,0.00497,0.00623,0.00789,0.00507,0.00644
2303,0.01053,0.01493,0.00934,0.01092,0.00817,0.02299,0.00473,0.00537,0.00516,0.00689,0.00757,0.01216,0.01436,0.00632,0.00621,0.01150,0.00860,0.00616,0.00564,0.00965,0.05118,0.13910,0.00389,0.00915,0.01275,,0.01474,0.00475,0.01654,0.00477,0.00673,0.00583,0.00239,0.01655,0.00734,0.00939,0.00759,0.01105,0.00663,0.01194,0.00830,0.00586,0.00504,0.00621,0.00780,0.00505,0.00639
2304,0.01037,0.01520,0.00912,0.01117,0.00807,0.02318,0.00480,0.00522,0.00523,0.00661,0.00682,0.01206,0.01418,0.00626,0.00618,0.01138,0.00859,0.00605,0.00551,0.00947,0.05067,0.13790,0.00374,0.00910,0.01270,,0.01472,0.00457,0.01648,0.00481,0.00672,0.00582,0.00243,0.01646,0.00732,0.00924,0.00738,0.01096,0.00662,0.01175,0.00821,0.00577,0.00505,0.00634,0.00768,0.00497,0.00629
2305,0.01039,0.01498,0.00875,0.01120,0.00792,0.02328,0.00486,0.00529,0.00548,0.00669,0.00638,0.01184,0.01413,0.00614,0.00597,0.01123,0.00855,0.00605,0.00554,0.00942,0.05018,0.13650,0.00355,0.00906,0.01252,,0.01465,0.00445,0.01630,0.00496,0.00674,0.00580,0.00243,0.01625,0.00721,0.00905,0.00731,0.01084,0.00655,0.01160,0.00802,0.00580,0.00494,0.00638,0.00763,0.00500,0.00626
2306,0.00967,0.01473,0.00887,0.01106,0.00795,0.02330,0.00494,0.00502,0.00581,0.00651,0.00669,0.01172,0.01404,0.00613,0.00608,0.01103,0.00862,0.00624,0.00540,0.00934,0.04971,0.13515,0.00361,0.00912,0.01240,,0.01458,0.00449,0.01608,0.00487,0.00679,0.00586,0.00231,0.01618,0.00712,0.00899,0.00731,0.01088,0.00651,0.01152,0.00796,0.00582,0.00493,0.00616,0.00757,0.00496,0.00610
2307,0.00882,0.01490,0.00889,0.01104,0.00796,0.02319,0.00487,0.00490,0.00581,0.00634,0.00660,0.01181,0.01371,0.00604,0.00601,0.01094,0.00865,0.00628,0.00519,0.00919,0.04917,0.13381,0.00361,0.00916,0.01246,,0.01458,0.00449,0.01593,0.00474,0.00658,0.00594,0.00225,0.01625,0.00699,0.00897,0.00736,0.01081,0.00655,0.01132,0.00788,0.00571,0.00487,0.00604,0.00751,0.00479,0.00611
2308,0.00837,0.01516,0.00858,0.01075,0.00794,0.02261,0.00455,0.00513,0.00557,0.00648,0.00682,0.01186,0.01359,0.00586,0.00589,0.01081,0.00861,0.00620,0.00513,0.00914,0.04860,0.13229,0.00357,0.00901,0.01244,,0.01453,0.00448,0.01565,0.00473,0.00632,0.00598,0.00232,0.01616,0.00692,0.00884,0.00728,0.01074,0.00657,0.01119,0.00784,0.00584,0.00482,0.00594,0.00753,0.00478,0.00635
2309,0.00868,0.01519,0.00850,0.01037,0.00776,0.02232,0.00462,0.00510,0.00563,0.00646,0.00720,0.01194,0.01361,0.00581,0.00605,0.01072,0.00861,0.00618,0.00495,0.00909,0.04804,0.13094,0.00359,0.00888,0.01234,,0.01433,0.00451,0.01530,0.00465,0.00617,0.00587,0.00231,0.01586,0.00690,0.00885,0.00717,0.01080,0.00654,0.01114,0.00794,0.00594,0.00483,0.00585,0.00756,0.00474,0.00633
2310,0.00824,0.01520,0.00858,0.01071,0.00754,0.02261,0.00483,0.00506,0.00581,0.00658,0.00693,0.01197,0.01348,0.00585,0.00604,0.01063,0.00855,0.00613,0.00482,0.00907,0.04755,0.12967,0.00358,0.00888,0.01232,,0.01440,0.00450,0.01515,0.00454,0.00609,0.00579,0.00225,0.01562,0.00683,0.00901,0.00709,0.01057,0.00649,0.01100,0.00802,0.00581,0.00488,0.00588,0.00755,0.00469,0.00620
2311,0.00793,0.01534,0.00854,0.01096,0.00747,0.02261,0.00467,0.00512,0.00570,0.00689,0.00693,0.01173,0.01342,0.00598,0.00593,0.01036,0.00849,0.00610,0.00497,0.00904,0.04708,0.12824,0.00358,0.00878,0.01232,,0.01455,0.00438,0.01511,0.00448,0.00610,0.00573,0.00227,0.01555,0.00691,0.00901,0.00700,0.01035,0.00644,0.01094,0.00787,0.00585,0.00484,0.00591,0.00748,0.00482,0.00630
2312,0.00898,0.01534,0.00868,0.01066,0.00745,0.02250,0.00474,0.00504,0.00539,0.00711,0.00724,0.01179,0.01339,0.00611,0.00605,0.01019,0.00843,0.00612,0.00495,0.00896,0.04661,0.12684,0.00360,0.00871,0.01211,,0.01422,0.00433,0.01497,0.00436,0.00616,0.00560,0.00215,0.01550,0.00683,0.00888,0.00692,0.01035,0.00634,0.01098,0.00762,0.00583,0.00476,0.00596,0.00746,0.00485,0.00617
2313,0.00966,0.01508,0.00892,0.01055,0.00756,0.02203,0.00468,0.00501,0.00499,0.00705,0.00737,0.01184,0.01335,0.00609,0.00617,0.01012,0.00821,0.00607,0.00474,0.00896,0.04622,0.12555,0.00369,0.00877,0.01191,,0.01403,0.00447,0.01480,0.00431,0.00615,0.00565,0.00195,0.01549,0.00668,0.00876,0.00679,0.01023,0.00621,0.01095,0.00756,0.00576,0.00481,0.00605,0.00745,0.00484,0.00604
2314,0.01051,0.01498,0.00859,0.01071,0.00770,0.02163,0.00453,0.00507,0.00497,0.00671,0.00702,0.01172,0.01334,0.00596,0.00614,0.00992,0.00806,0.00593,0.00473,0.00890,0.04571,0.12432,0.00366,0.00881,0.01193,,0.01409,0.00452,0.01476,0.00435,0.00605,0.00565,0.00193,0.01539,0.00679,0.00856,0.00681,0.01019,0.00623,0.01083,0.00754,0.00579,0.00497,0.00610,0.00740,0.00491,0.00621
2315,0.01147,0.01524,0.00821,0.01056,0.00792,0.02167,0.00481,0.00505,0.00527,0.00666,0.00667,0.01159,0.01314,0.00596,0.00595,0.00977,0.00812,0.00580,0.00466,0.00878,0.04517,0.12302,0.00347,0.00872,0.01184,,0.01390,0.00446,0.01461,0.00443,0.00596,0.00549,0.00196,0.01517,0.00695,0.00832,0.00687,0.01041,0.00626,0.01076,0.00743,0.00570,0.00505,0.00598,0.00741,0.00490,0.00623
2316,0.01122,0.01543,0.00823,0.01057,0.00806,0.02191,0.00507,0.00510,0.00536,0.00658,0.00682,0.01142,0.01279,0.00600,0.00570,0.00976,0.00819,0.00577,0.00449,0.00874,0.04481,0.12185,0.00348,0.00865,0.01173,,0.01392,0.00456,0.01444,0.00449,0.00590,0.00545,0.00197,0.01514,0.00709,0.00837,0.00673,0.01050,0.00607,0.01084,0.00727,0.00556,0.00511,0.00577,0.00739,0.00489,0.00606
2317,0.01071,0.01535,0.00810,0.01092,0.00798,0.02264,0.00483,0.00518,0.00543,0.00622,0.00679,0.01126,0.01261,0.00594,0.00557,0.00964,0.00812,0.00579,0.00454,0.00859,0.04437,0.12066,0.00348,0.00868,0.01170,,0.01404,0.00459,0.01436,0.00440,0.00592,0.00545,0.00199,0.01516,0.00712,0.00865,0.00673,0.01028,0.00600,0.01089,0.00718,0.00542,0.00518,0.00568,0.00727,0.00489,0.00596
2318,0.01098,0.01522,0.00808,0.01094,0.00804,0.02260,0.00485,0.00525,0.00539,0.00626,0.00675,0.01108,0.01257,0.00588,0.00553,0.00957,0.00802,0.00573,0.00450,0.00852,0.04390,0.11936,0.00352,0.00863,0.01171,,0.01401,0.00445,0.01421,0.00435,0.00589,0.00546,0.00193,0.01515,0.00712,0.00867,0.00681,0.01015,0.00607,0.01083,0.00718,0.00548,0.00517,0.00571,0.00718,0.00487,0.00593
2319,0.01170,0.01510,0.00832,0.01045,0.00804,0.02174,0.00494,0.00522,0.00480,0.00671,0.00691,0.01106,0.01274,0.00576,0.00561,0.00960,0.00790,0.00563,0.00441,0.00845,0.04343,0.11793,0.00372,0.00851,0.01170,,0.01383,0.00413,0.01393,0.00426,0.00581,0.00561,0.00181,0.01533,0.00694,0.00854,0.00677,0.00996,0.00624,0.01087,0.00726,0.00565,0.00511,0.00583,0.00692,0.00478,0.00584
2320,0.01155,0.01513,0.00822,0.01044,0.00800,0.02187,0.00508,0.00526,0.00482,0.00682,0.00700,0.01097,0.01261,0.00572,0.00557,0.00955,0.00789,0.00558,0.00434,0.00836,0.04295,0.11674,0.00375,0.00848,0.01164,,0.01366,0.00418,0.01380,0.00427,0.00574,0.00556,0.00182,0.01522,0.00678,0.00851,0.00669,0.00988,0.00620,0.01074,0.00716,0.00563,0.00505,0.00587,0.00705,0.00483,0.00582
2321,0.01149,0.01496,0.00785,0.01081,0.00800,0.02244,0.00529,0.00549,0.00532,0.00688,0.00691,0.01071,0.01249,0.00567,0.00556,0.00942,0.00783,0.00554,0.00428,0.00831,0.04239,0.11553,0.00365,0.00846,0.01166,,0.01340,0.00431,0.01380,0.00432,0.00568,0.00539,0.00184,0.01489,0.00661,0.00844,0.00683,0.00980,0.00622,0.01034,0.00707,0.00572,0.00494,0.00605,0.00747,0.00496,0.00602
2322,0.01141,0.01503,0.00774,0.01079,0.00798,0.02238,0.00528,0.00529,0.00538,0.00696,0.00689,0.01061,0.01232,0.00567,0.00557,0.00926,0.00782,0.00544,0.00434,0.00824,0.04193,0.11436,0.00366,0.00846,0.01161,,0.01340,0.00422,0.01363,0.00429,0.00558,0.00533,0.00179,0.01479,0.00651,0.00842,0.00687,0.00983,0.00615,0.01019,0.00704,0.00566,0.00489,0.00604,0.00748,0.00498,0.00594
2323,0.01081,0.01558,0.00759,0.01064,0.00786,0.02249,0.00518,0.00472,0.00540,0.00703,0.00703,0.01067,0.01188,0.00577,0.00552,0.00906,0.00798,0.00528,0.00445,0.00812,0.04155,0.11341,0.00369,0.00851,0.01142,,0.01348,0.00428,0.01338,0.00429,0.00538,0.00522,0.00180,0.01473,0.00631,0.00845,0.00667,0.01004,0.00578,0.01013,0.00690,0.00529,0.00486,0.00581,0.00751,0.00499,0.00568
2324,0.01000,0.01550,0.00757,0.01058,0.00778,0.02232,0.00516,0.00467,0.00534,0.00698,0.00705,0.01066,0.01179,0.00573,0.00556,0.00894,0.00797,0.00528,0.00446,0.00802,0.04113,0.11228,0.00370,0.00844,0.01130,,0.01343,0.00432,0.01327,0.00426,0.00540,0.00517,0.00187,0.01458,0.00623,0.00841,0.00660,0.00999,0.00574,0.01011,0.00682,0.00522,0.00482,0.00585,0.00755,0.00504,0.00552
2325,0.00902,0.01501,0.00778,0.01038,0.00780,0.02136,0.00503,0.00463,0.00508,0.00693,0.00692,0.01065,0.01200,0.00564,0.00576,0.00878,0.00783,0.00530,0.00462,0.00795,0.04072,0.11101,0.00377,0.00836,0.01125,,0.01357,0.00407,0.01313,0.00415,0.00558,0.00523,0.00187,0.01449,0.00631,0.00837,0.00672,0.00991,0.00595,0.01018,0.00689,0.00534,0.00479,0.00602,0.00732,0.00509,0.00525
2326,0.00881,0.01491,0.00780,0.01038,0.00777,0.02123,0.00486,0.00453,0.00502,0.00682,0.00675,0.01048,0.01189,0.00554,0.00569,0.00869,0.00780,0.00533,0.00453,0.00793,0.04030,0.10986,0.00373,0.00828,0.01121,,0.01356,0.00403,0.01303,0.00412,0.00553,0.00522,0.00185,0.01449,0.00633,0.00826,0.00674,0.00973,0.00597,0.01012,0.00683,0.00534,0.00476,0.00607,0.00725,0.00502,0.00522
2327,0.00832,0.01474,0.00775,0.01053,0.00763,0.02171,0.00472,0.00465,0.00507,0.00655,0.00668,0.01022,0.01166,0.00535,0.00551,0.00875,0.00782,0.00554,0.00413,0.00795,0.03986,0.10879,0.00359,0.00812,0.01113,,0.01333,0.00437,0.01308,0.00411,0.00550,0.00517,0.00197,0.01444,0.00641,0.00803,0.00658,0.00930,0.00601,0.01010,0.00659,0.00540,0.00476,0.00622,0.00741,0.00495,0.00533
2328,0.00834,0.01479,0.00766,0.01062,0.00766,0.02176,0.00471,0.00491,0.00501,0.00633,0.00652,0.01021,0.01165,0.00523,0.00540,0.00867,0.00777,0.00556,0.00410,0.00789,0.03943,0.10762,0.00354,0.00805,0.01112,,0.01322,0.00436,0.01296,0.00420,0.00542,0.00514,0.00196,0.01435,0.00632,0.00798,0.00658,0.00924,0.00594,0.01002,0.00652,0.00533,0.00475,0.00621,0.00739,0.00492,0.00538
2329,0.00995,0.01509,0.00753,0.01083,0.00785,0.02170,0.00462,0.00514,0.00496,0.00599,0.00600,0.01016,0.01165,0.00513,0.00518,0.00850,0.00770,0.00542,0.00421,0.00786,0.03899,0.10642,0.00351,0.00802,0.01124,,0.01323,0.00408,0.01269,0.00443,0.00509,0.00514,0.00174,0.01438,0.00615,0.00795,0.00679,0.00935,0.00570,0.00980,0.00657,0.00517,0.00475,0.00601,0.00717,0.00468,0.00560
2330,0.00956,0.01538,0.00736,0.01079,0.00786,0.02177,0.00451,0.00511,0.00478,0.00610,0.00603,0.01018,0.01158,0.00506,0.00508,0.00846,0.00767,0.00540,0.00418,0.00780,0.03859,0.10530,0.00344,0.00804,0.01122,,0.01313,0.00398,0.01256,0.00439,0.00506,0.00515,0.00172,0.01437,0.00614,0.00794,0.00671,0.00933,0.00578,0.00978,0.00653,0.00510,0.00477,0.00593,0.00712,0.00473,0.00561
2331,0.00724,0.01590,0.00714,0.01065,0.00789,0.02178,0.00457,0.00529,0.00435,0.00651,0.00643,0.01051,0.01169,0.00498,0.00507,0.00843,0.00765,0.00546,0.00427,0.00761,0.03822,0.10418,0.00336,0.00813,0.01112,,0.01288,0.00386,0.01245,0.00431,0.00524,0.00517,0.00183,0.01423,0.00603,0.00808,0.00641,0.00942,0.00604,0.00990,0.00649,0.00495,0.00481,0.00593,0.00721,0.00512,0.00547
2332,0.00768,0.01584,0.00692,0.01053,0.00786,0.02185,0.00466,0.00535,0.00434,0.00647,0.00663,0.01050,0.01163,0.00503,0.00500,0.00839,0.00757,0.00539,0.00428,0.00751,0.03784,0.10307,0.00333,0.00813,0.01108,,0.01279,0.00384,0.01236,0.00428,0.00526,0.00516,0.00185,0.01410,0.00602,0.00809,0.00643,0.00947,0.00600,0.00984,0.00646,0.00497,0.00477,0.00578,0.00718,0.00509,0.00544
2333,0.00885,0.01561,0.00649,0.01023,0.00763,0.02224,0.00461,0.00487,0.00457,0.00662,0.00703,0.01027,0.01138,0.00524,0.00493,0.00846,0.00748,0.00526,0.00413,0.00745,0.03749,0.10195,0.00327,0.00816,0.01107,,0.01275,0.00391,0.01234,0.00407,0.00537,0.00518,0.00187,0.01403,0.00630,0.00805,0.00658,0.00942,0.00603,0.00974,0.00648,0.00517,0.00466,0.00548,0.00710,0.00495,0.00537
2334,0.00991,0.01538,0.00663,0.01009,0.00763,0.02218,0.00457,0.00488,0.00450,0.00645,0.00713,0.01016,0.01115,0.00523,0.00489,0.00837,0.00749,0.00520,0.00409,0.00745,0.03713,0.10098,0.00323,0.00813,0.01095,,0.01279,0.00388,0.01228,0.00400,0.00526,0.00517,0.00181,0.01400,0.00630,0.00799,0.00642,0.00939,0.00596,0.00971,0.00636,0.00515,0.00474,0.00545,0.00706,0.00486,0.00535
2335,0.01317,0.01454,0.00718,0.01003,0.00777,0.02166,0.00469,0.00545,0.00452,0.00539,0.00697,0.00998,0.01089,0.00521,0.00485,0.00814,0.00753,0.00506,0.00416,0.00755,0.03677,0.10009,0.00334,0.00801,0.01074,,0.01304,0.00386,0.01225,0.00414,0.00494,0.00510,0.00172,0.01390,0.00612,0.00789,0.00625,0.00952,0.00557,0.00962,0.00610,0.00512,0.00489,0.00547,0.00705,0.00453,0.00536
2336,0.01386,0.01441,0.00732,0.01006,0.00777,0.02174,0.00482,0.00548,0.00445,0.00569,0.00702,0.00996,0.01082,0.00524,0.00492,0.00811,0.00747,0.00498,0.00416,0.00746,0.03643,0.09911,0.00323,0.00795,0.01074,,0.01289,0.00388,0.01209,0.00414,0.00486,0.00507,0.00169,0.01379,0.00613,0.00778,0.00618,0.00935,0.00539,0.00953,0.00618,0.00508,0.00491,0.00542,0.00701,0.00450,0.00544
2337,0.01283,0.01476,0.00763,0.01016,0.00774,0.02193,0.00482,0.00513,0.00399,0.00692,0.00713,0.01001,0.01074,0.00516,0.00512,0.00814,0.00748,0.00498,0.00407,0.00730,0.03612,0.09817,0.00292,0.00789,0.01080,,0.01254,0.00389,0.01177,0.00402,0.00477,0.00508,0.00161,0.01378,0.00616,0.00762,0.00583,0.00882,0.00533,0.00954,0.00637,0.00485,0.00504,0.00555,0.00695,0.00474,0.00565
2338,0.01227,0.01488,0.00792,0.01029,0.00785,0.02209,0.00486,0.00528,0.00407,0.00703,0.00717,0.01003,0.01069,0.00509,0.00517,0.00807,0.00739,0.00500,0.00409,0.00728,0.03576,0.09731,0.00293,0.00785,0.01071,,0.01255,0.00376,0.01170,0.00401,0.00474,0.00506,0.00164,0.01376,0.00619,0.00754,0.00584,0.00876,0.00536,0.00947,0.00635,0.00487,0.00507,0.00553,0.00691,0.00474,0.00561
2339,0.01109,0.01501,0.00802,0.01053,0.00802,0.02283,0.00520,0.00572,0.00463,0.00731,0.00721,0.01024,0.01089,0.00510,0.00526,0.00806,0.00705,0.00501,0.00425,0.00718,0.03538,0.09634,0.00301,0.00782,0.01070,,0.01254,0.00360,0.01168,0.00409,0.00490,0.00501,0.00179,0.01360,0.00637,0.00752,0.00626,0.00882,0.00536,0.00923,0.00644,0.00508,0.00492,0.00525,0.00691,0.00463,0.00543
2340,0.01050,0.01533,0.00785,0.01060,0.00794,0.02270,0.00521,0.00553,0.00472,0.00730,0.00720,0.01016,0.01085,0.00512,0.00526,0.00802,0.00704,0.00500,0.00425,0.00713,0.03506,0.09548,0.00306,0.00771,0.01071,,0.01241,0.00355,0.01163,0.00409,0.00492,0.00502,0.00180,0.01357,0.00627,0.00743,0.00637,0.00878,0.00543,0.00918,0.00656,0.00511,0.00482,0.00531,0.00681,0.00469,0.00547
2341,0.00978,0.01589,0.00773,0.01070,0.00782,0.02186,0.00488,0.00510,0.00471,0.00619,0.00712,0.00996,0.01064,0.00500,0.00504,0.00785,0.00726,0.00503,0.00419,0.00729,0.03477,0.09492,0.00338,0.00758,0.01057,,0.01255,0.00338,0.01180,0.00405,0.00486,0.00504,0.00179,0.01379,0.00599,0.00731,0.00641,0.00898,0.00579,0.00928,0.00653,0.00512,0.00477,0.00555,0.00664,0.00480,0.00542
2342,0.00954,0.01597,0.00765,0.01051,0.00784,0.02156,0.00478,0.00520,0.00488,0.00614,0.00705,0.00963,0.01051,0.00502,0.00511,0.00776,0.00724,0.00502,0.00420,0.00729,0.03444,0.09404,0.00341,0.00751,0.01051,,0.01246,0.00332,0.01169,0.00403,0.00485,0.00505,0.00179,0.01372,0.00586,0.00726,0.00640,0.00902,0.00577,0.00919,0.00644,0.00517,0.00476,0.00573,0.00661,0.00483,0.00545
2343,0.00976,0.01600,0.00707,0.01007,0.00772,0.02111,0.00455,0.00515,0.00497,0.00688,0.00697,0.00893,0.01036,0.00527,0.00538,0.00777,0.00725,0.00496,0.00415,0.00710,0.03418,0.09288,0.00325,0.00734,0.01063,,0.01190,0.00345,0.01131,0.00401,0.00485,0.00517,0.00183,0.01349,0.00557,0.00721,0.00635,0.00884,0.00551,0.00905,0.00650,0.00523,0.00461,0.00611,0.00662,0.00496,0.00581
2344,0.00970,0.01599,0.00694,0.00983,0.00758,0.02109,0.00474,0.00512,0.00507,0.00702,0.00701,0.00883,0.01030,0.00526,0.00538,0.00769,0.00722,0.00493,0.00411,0.00706,0.03384,0.09203,0.00316,0.00737,0.01067,,0.01184,0.00354,0.01119,0.00402,0.00485,0.00509,0.00166,0.01338,0.00553,0.00713,0.00629,0.00880,0.00546,0.00894,0.00646,0.00512,0.00468,0.00611,0.00654,0.00498,0.00583
2345,0.00975,0.01549,0.00735,0.00928,0.00765,0.02158,0.00530,0.00574,0.00540,0.00708,0.00708,0.00890,0.01025,0.00503,0.00540,0.00751,0.00706,0.00496,0.00418,0.00713,0.03340,0.09125,0.00297,0.00763,0.01062,,0.01216,0.00357,0.01114,0.00407,0.00486,0.00480,0.00127,0.01317,0.00575,0.00708,0.00615,0.00890,0.00536,0.00867,0.00609,0.00501,0.00502,0.00592,0.00652,0.00483,0.00561
2346,0.00978,0.01550,0.00733,0.00924,0.00761,0.02170,0.00544,0.00582,0.00546,0.00711,0.00697,0.00895,0.01023,0.00512,0.00535,0.00747,0.00692,0.00491,0.00414,0.00707,0.03305,0.09035,0.00291,0.00764,0.01053,,0.01215,0.00355,0.01098,0.00408,0.00483,0.00481,0.00122,0.01313,0.00572,0.00707,0.00599,0.00887,0.00529,0.00865,0.00595,0.00486,0.00503,0.00586,0.00649,0.00482,0.00546
2347,0.00962,0.01594,0.00695,0.00955,0.00725,0.02169,0.00578,0.00521,0.00530,0.00711,0.00679,0.00936,0.01027,0.00532,0.00504,0.00751,0.00672,0.00474,0.00399,0.00693,0.03269,0.08959,0.00287,0.00762,0.01049,,0.01208,0.00363,0.01085,0.00404,0.00477,0.00491,0.00116,0.01321,0.00561,0.00706,0.00572,0.00876,0.00533,0.00882,0.00602,0.00438,0.00493,0.00560,0.00639,0.00498,0.00516
2348,0.01019,0.01611,0.00694,0.00975,0.00721,0.02186,0.00581,0.00504,0.00518,0.00677,0.00698,0.00957,0.01033,0.00532,0.00498,0.00748,0.00679,0.00473,0.00396,0.00683,0.03239,0.08869,0.00287,0.00760,0.01046,,0.01198,0.00360,0.01078,0.00406,0.00476,0.00487,0.00122,0.01322,0.00562,0.00703,0.00568,0.00867,0.00538,0.00885,0.00606,0.00438,0.00488,0.00553,0.00628,0.00490,0.00520
2349,0.01135,0.01639,0.00716,0.01022,0.00757,0.02214,0.00538,0.00523,0.00500,0.00608,0.00718,0.00958,0.01044,0.00546,0.00515,0.00750,0.00696,0.00475,0.00401,0.00668,0.03215,0.08752,0.00299,0.00739,0.01030,,0.01173,0.00336,0.01062,0.00413,0.00478,0.00499,0.00166,0.01324,0.00562,0.00708,0.00577,0.00855,0.00544,0.00897,0.00607,0.00471,0.00465,0.00565,0.00623,0.00460,0.00548
2350,0.01144,0.01616,0.00712,0.01039,0.00738,0.02214,0.00511,0.00523,0.00500,0.00590,0.00737,0.00973,0.01038,0.00544,0.00503,0.00748,0.00700,0.00482,0.00394,0.00659,0.03187,0.08667,0.00305,0.00738,0.01024,,0.01169,0.00332,0.01062,0.00410,0.00475,0.00501,0.00174,0.01329,0.00551,0.00705,0.00566,0.00855,0.00540,0.00894,0.00596,0.00476,0.00467,0.00568,0.00623,0.00463,0.00542
2351,0.01190,0.01550,0.00700,0.01041,0.00682,0.02222,0.00477,0.00497,0.00513,0.00560,0.00811,0.01016,0.01022,0.00514,0.00476,0.00740,0.00731,0.00510,0.00381,0.00656,0.03165,0.08593,0.00314,0.00757,0.01033,,0.01172,0.00336,0.01088,0.00408,0.00475,0.00480,0.00160,0.01336,0.00543,0.00697,0.00559,0.00865,0.00534,0.00881,0.00585,0.00493,0.00491,0.00567,0.00607,0.00475,0.00539
2352,0.01110,0.01540,0.00707,0.01043,0.00683,0.02208,0.00482,0.00488,0.00476,0.00559,0.00805,0.01007,0.01015,0.00503,0.00477,0.00734,0.00723,0.00502,0.00384,0.00645,0.03135,0.08529,0.00311,0.00754,0.01037,,0.01175,0.00343,0.01079,0.00397,0.00475,0.00474,0.00160,0.01332,0.00538,0.00685,0.00555,0.00853,0.00540,0.00863,0.00583,0.00494,0.00494,0.00572,0.00612,0.00469,0.00544
2353,0.00823,0.01527,0.00726,0.01033,0.00681,0.02145,0.00505,0.00505,0.00422,0.00611,0.00746,0.00964,0.00997,0.00504,0.00469,0.00732,0.00674,0.00472,0.00383,0.00626,0.03096,0.08492,0.00301,0.00746,0.01039,,0.01189,0.00360,0.01054,0.00364,0.00465,0.00481,0.00159,0.01321,0.00515,0.00664,0.00533,0.00837,0.00544,0.00828,0.00566,0.00468,0.00497,0.00588,0.00653,0.00477,0.00527
2354,0.00814,0.01512,0.00693,0.01036,0.00698,0.02135,0.00493,0.00492,0.00392,0.00636,0.00713,0.00953,0.00990,0.00503,0.00487,0.00728,0.00663,0.00472,0.00387,0.00623,0.03073,0.08423,0.00303,0.00742,0.01032,,0.01185,0.00358,0.01045,0.00365,0.00463,0.00484,0.00166,0.01322,0.00514,0.00672,0.00529,0.00828,0.00539,0.00828,0.00564,0.00467,0.00493,0.00583,0.00657,0.00471,0.00515
2355,0.00915,0.01531,0.00637,0.01047,0.00776,0.02164,0.00502,0.00452,0.00315,0.00653,0.00657,0.00927,0.00998,0.00499,0.00558,0.00723,0.00659,0.00467,0.00411,0.00625,0.03055,0.08345,0.00304,0.00727,0.01024,,0.01171,0.00345,0.01030,0.00385,0.00468,0.00479,0.00179,0.01320,0.00539,0.00689,0.00548,0.00793,0.00545,0.00836,0.00596,0.00479,0.00477,0.00567,0.00648,0.00429,0.00521
2356,0.00890,0.01541,0.00620,0.01036,0.00778,0.02119,0.00500,0.00450,0.00299,0.00669,0.00625,0.00915,0.01001,0.00494,0.00551,0.00713,0.00654,0.00460,0.00417,0.00624,0.03034,0.08284,0.00298,0.00728,0.01019,,0.01166,0.00349,0.01018,0.00381,0.00474,0.00486,0.00186,0.01313,0.00543,0.00685,0.00554,0.00801,0.00548,0.00840,0.00588,0.00477,0.00469,0.00562,0.00648,0.00433,0.00524
2357,0.00939,0.01521,0.00562,0.01016,0.00745,0.02029,0.00447,0.00456,0.00343,0.00704,0.00595,0.00930,0.00996,0.00494,0.00502,0.00701,0.00660,0.00477,0.00413,0.00635,0.03021,0.08217,0.00292,0.00741,0.00999,,0.01152,0.00351,0.01011,0.00374,0.00483,0.00510,0.00200,0.01314,0.00539,0.00691,0.00550,0.00857,0.00536,0.00877,0.00548,0.00471,0.00459,0.00550,0.00632,0.00470,0.00498
2358,0.00935,0.01530,0.00564,0.01014,0.00714,0.02040,0.00444,0.00456,0.00365,0.00694,0.00594,0.00933,0.01003,0.00493,0.00502,0.00689,0.00664,0.00480,0.00409,0.00634,0.03001,0.08150,0.00296,0.00749,0.01001,,0.01157,0.00354,0.01018,0.00387,0.00478,0.00515,0.00191,0.01311,0.00541,0.00694,0.00562,0.00859,0.00528,0.00866,0.00541,0.00469,0.00463,0.00543,0.00639,0.00476,0.00521
2359,0.00792,0.01586,0.00661,0.01009,0.00635,0.02070,0.00500,0.00471,0.00398,0.00639,0.00629,0.00925,0.01035,0.00480,0.00488,0.00675,0.00666,0.00458,0.00403,0.00622,0.02979,0.08097,0.00299,0.00764,0.01027,,0.01185,0.00382,0.01033,0.00400,0.00470,0.00512,0.00162,0.01287,0.00541,0.00672,0.00596,0.00852,0.00533,0.00808,0.00540,0.00465,0.00480,0.00546,0.00672,0.00485,0.00602
2360,0.00789,0.01596,0.00663,0.01016,0.00651,0.02061,0.00488,0.00491,0.00413,0.00628,0.00603,0.00919,0.01018,0.00494,0.00481,0.00666,0.00675,0.00456,0.00396,0.00618,0.02954,0.08045,0.00294,0.00760,0.01024,,0.01178,0.00374,0.01031,0.00388,0.00466,0.00507,0.00159,0.01287,0.00533,0.00666,0.00589,0.00849,0.00534,0.00805,0.00526,0.00457,0.00477,0.00545,0.00675,0.00481,0.00620
2361,0.00910,0.01578,0.00606,0.01049,0.00720,0.02091,0.00441,0.00514,0.00436,0.00620,0.00551,0.00926,0.00973,0.00530,0.00512,0.00659,0.00693,0.00478,0.00383,0.00618,0.02925,0.07986,0.00298,0.00741,0.01009,,0.01163,0.00332,0.01040,0.00388,0.00450,0.00492,0.00152,0.01311,0.00522,0.00684,0.00557,0.00821,0.00524,0.00815,0.00516,0.00450,0.00476,0.00539,0.00671,0.00453,0.00631
2362,0.00946,0.01577,0.00617,0.01046,0.00717,0.02161,0.00415,0.00496,0.00434,0.00624,0.00575,0.00910,0.00959,0.00541,0.00515,0.00659,0.00703,0.00472,0.00377,0.00615,0.02907,0.07927,0.00302,0.00741,0.01012,,0.01154,0.00330,0.01041,0.00384,0.00448,0.00493,0.00157,0.01305,0.00516,0.00685,0.00558,0.00812,0.00509,0.00805,0.00520,0.00446,0.00474,0.00542,0.00664,0.00456,0.00621
2363,0.00958,0.01580,0.00629,0.01021,0.00740,0.02211,0.00362,0.00463,0.00396,0.00658,0.00608,0.00868,0.00920,0.00561,0.00484,0.00669,0.00717,0.00449,0.00375,0.00611,0.02889,0.07884,0.00292,0.00739,0.01013,,0.01122,0.00337,0.01018,0.00339,0.00465,0.00502,0.00193,0.01293,0.00500,0.00664,0.00555,0.00821,0.00501,0.00810,0.00521,0.00437,0.00455,0.00558,0.00636,0.00474,0.00561
2364,0.00963,0.01563,0.00649,0.01031,0.00742,0.02215,0.00350,0.00458,0.00398,0.00671,0.00608,0.00863,0.00914,0.00561,0.00465,0.00665,0.00707,0.00448,0.00368,0.00605,0.02865,0.07824,0.00290,0.00735,0.01010,,0.01114,0.00328,0.01006,0.00337,0.00459,0.00497,0.00189,0.01281,0.00502,0.00666,0.00547,0.00820,0.00488,0.00819,0.00514,0.00426,0.00447,0.00560,0.00638,0.00467,0.00551
2365,0.00933,0.01527,0.00729,0.01043,0.00665,0.02310,0.00365,0.00433,0.00415,0.00680,0.00657,0.00859,0.00958,0.00537,0.00456,0.00662,0.00682,0.00448,0.00357,0.00598,0.02845,0.07739,0.00312,0.00746,0.01022,,0.01131,0.00328,0.01005,0.00384,0.00440,0.00493,0.00162,0.01251,0.00519,0.00686,0.00563,0.00811,0.00451,0.00810,0.00514,0.00419,0.00454,0.00559,0.00658,0.00461,0.00558
2366,0.00953,0.01538,0.00738,0.01056,0.00679,0.02282,0.00379,0.00422,0.00407,0.00668,0.00684,0.00871,0.00944,0.00516,0.00459,0.00658,0.00677,0.00444,0.00349,0.00595,0.02827,0.07685,0.00298,0.00739,0.01020,,0.01127,0.00321,0.01001,0.00380,0.00436,0.00484,0.00160,0.01236,0.00525,0.00689,0.00562,0.00814,0.00450,0.00807,0.00537,0.00422,0.00448,0.00547,0.00664,0.00461,0.00548
2367,0.00989,0.01557,0.00701,0.01102,0.00772,0.02078,0.00413,0.00444,0.00394,0.00646,0.00644,0.00921,0.00894,0.00485,0.00457,0.00640,0.00659,0.00453,0.00342,0.00595,0.02802,0.07649,0.00251,0.00710,0.01005,,0.01121,0.00287,0.00988,0.00350,0.00426,0.00461,0.00158,0.01230,0.00533,0.00688,0.00530,0.00831,0.00475,0.00833,0.00558,0.00425,0.00427,0.00525,0.00683,0.00445,0.00554
2368,0.01058,0.01555,0.00679,0.01041,0.00734,0.02091,0.00407,0.00454,0.00363,0.00667,0.00627,0.00874,0.00895,0.00461,0.00485,0.00639,0.00671,0.00442,0.00338,0.00581,0.02776,0.07617,0.00256,0.00686,0.00995,,0.01096,0.00308,0.00974,0.00350,0.00415,0.00455,0.00140,0.01215,0.00547,0.00675,0.00517,0.00810,0.00483,0.00826,0.00549,0.00405,0.00443,0.00512,0.00654,0.00449,0.00514
2369,0.01232,0.01568,0.00638,0.01005,0.00749,0.02090,0.00405,0.00490,0.00394,0.00638,0.00679,0.00890,0.00907,0.00479,0.00488,0.00663,0.00687,0.00436,0.00328,0.00575,0.02762,0.07557,0.00263,0.00698,0.00967,,0.01063,0.00327,0.00967,0.00348,0.00438,0.00438,0.00125,0.01202,0.00538,0.00660,0.00548,0.00804,0.00511,0.00801,0.00574,0.00418,0.00451,0.00502,0.00643,0.00451,0.00475
2370,0.01376,0.01453,0.00653,0.01057,0.00695,0.02112,0.00425,0.00525,0.00409,0.00615,0.00694,0.00924,0.00907,0.00504,0.00455,0.00635,0.00671,0.00471,0.00333,0.00583,0.02755,0.07495,0.00260,0.00705,0.00962,,0.01069,0.00316,0.00955,0.00354,0.00437,0.00455,0.00117,0.01213,0.00520,0.00650,0.00534,0.00797,0.00520,0.00783,0.00565,0.00429,0.00466,0.00506,0.00613,0.00453,0.00486
2371,0.01265,0.01423,0.00666,0.01106,0.00635,0.02148,0.00459,0.00541,0.00406,0.00589,0.00619,0.00908,0.00924,0.00499,0.00429,0.00600,0.00687,0.00487,0.00326,0.00592,0.02735,0.07439,0.00267,0.00707,0.00950,,0.01075,0.00313,0.00957,0.00350,0.00438,0.00472,0.00119,0.01207,0.00511,0.00656,0.00511,0.00801,0.00505,0.00782,0.00533,0.00411,0.00506,0.00519,0.00586,0.00466,0.00478
2372,0.01236,0.01484,0.00653,0.01098,0.00688,0.02149,0.00477,0.00547,0.00401,0.00533,0.00572,0.00928,0.00963,0.00522,0.00419,0.00591,0.00710,0.00482,0.00341,0.00565,0.02724,0.07382,0.00274,0.00737,0.00942,,0.01050,0.00332,0.00973,0.00335,0.00457,0.00452,0.00129,0.01218,0.00506,0.00645,0.00521,0.00831,0.00516,0.00783,0.00528,0.00423,0.00518,0.00545,0.00587,0.00448,0.00475
2373,0.01138,0.01448,0.00711,0.01102,0.00688,0.02217,0.00477,0.00478,0.00362,0.00520,0.00523,0.00942,0.00949,0.00534,0.00439,0.00569,0.00680,0.00494,0.00364,0.00544,0.02720,0.07333,0.00271,0.00738,0.00956,,0.01058,0.00333,0.00957,0.00322,0.00443,0.00449,0.00144,0.01237,0.00505,0.00630,0.00504,0.00834,0.00507,0.00774,0.00525,0.00431,0.00510,0.00555,0.00582,0.00421,0.00491
2374,0.00966,0.01446,0.00744,0.01100,0.00683,0.02290,0.00493,0.00411,0.00350,0.00562,0.00464,0.00926,0.00926,0.00509,0.00460,0.00577,0.00656,0.00474,0.00362,0.00524,0.02692,0.07281,0.00280,0.00722,0.00965,,0.01080,0.00319,0.00928,0.00332,0.00432,0.00442,0.00142,0.01209,0.00508,0.00625,0.00515,0.00836,0.00477,0.00790,0.00483,0.00408,0.00494,0.00548,0.00604,0.00443,0.00503
2375,0.00778,0.01500,0.00699,0.01021,0.00775,0.02233,0.00451,0.00436,0.00368,0.00637,0.00507,0.00892,0.00960,0.00509,0.00466,0.00614,0.00659,0.00439,0.00362,0.00507,0.02663,0.07221,0.00297,0.00755,0.00974,,0.01067,0.00319,0.00921,0.00360,0.00450,0.00427,0.00131,0.01193,0.00522,0.00610,0.00533,0.00839,0.00490,0.00805,0.00424,0.00413,0.00471,0.00557,0.00618,0.00473,0.00548
2376,0.00612,0.01519,0.00657,0.00975,0.00781,0.02182,0.00378,0.00477,0.00401,0.00695,0.00533,0.00820,0.00944,0.00510,0.00478,0.00618,0.00662,0.00459,0.00364,0.00524,0.02653,0.07176,0.00291,0.00761,0.00974,,0.01088,0.00296,0.00919,0.00373,0.00437,0.00419,0.00148,0.01197,0.00536,0.00588,0.00516,0.00821,0.00504,0.00792,0.00405,0.00412,0.00459,0.00579,0.00612,0.00474,0.00591
2377,0.00592,0.01532,0.00615,0.01037,0.00759,0.02199,0.00382,0.00457,0.00422,0.00643,0.00565,0.00816,0.00918,0.00473,0.00492,0.00616,0.00689,0.00464,0.00363,0.00540,0.02642,0.07153,0.00278,0.00735,0.00980,,0.01109,0.00287,0.00941,0.00366,0.00429,0.00437,0.00156,0.01175,0.00529,0.00596,0.00532,0.00813,0.00506,0.00796,0.00426,0.00405,0.00476,0.00593,0.00641,0.00469,0.00575
2378,0.00548,0.01571,0.00598,0.01024,0.00784,0.02215,0.00364,0.00453,0.00359,0.00624,0.00676,0.00833,0.00951,0.00466,0.00499,0.00606,0.00728,0.00423,0.00357,0.00542,0.02628,0.07122,0.00276,0.00728,0.00969,,0.01081,0.00313,0.00958,0.00353,0.00432,0.00469,0.00130,0.01187,0.00519,0.00621,0.00533,0.00797,0.00494,0.00798,0.00432,0.00421,0.00480,0.00589,0.00654,0.00488,0.00512
2379,0.00673,0.01581,0.00628,0.00957,0.00739,0.02203,0.00349,0.00495,0.00337,0.00648,0.00703,0.00793,0.00958,0.00471,0.00488,0.00593,0.00724,0.00429,0.00359,0.00542,0.02612,0.07101,0.00283,0.00710,0.00927,,0.01069,0.00326,0.00927,0.00338,0.00420,0.00445,0.00114,0.01197,0.00504,0.00626,0.00511,0.00783,0.00489,0.00783,0.00436,0.00410,0.00463,0.00578,0.00661,0.00453,0.00459
2380,0.00881,0.01518,0.00708,0.00991,0.00685,0.02237,0.00412,0.00407,0.00338,0.00688,0.00720,0.00799,0.00942,0.00450,0.00464,0.00576,0.00694,0.00424,0.00352,0.00569,0.02590,0.07103,0.00293,0.00728,0.00915,,0.01072,0.00330,0.00904,0.00345,0.00420,0.00441,0.00144,0.01162,0.00513,0.00650,0.00513,0.00793,0.00494,0.00765,0.00495,0.00449,0.00448,0.00577,0.00658,0.00473,0.00505
2381,0.00899,0.01482,0.00714,0.00984,0.00675,0.02235,0.00438,0.00417,0.00334,0.00693,0.00722,0.00798,0.00938,0.00449,0.00449,0.00570,0.00677,0.00406,0.00353,0.00578,0.02570,0.07064,0.00292,0.00732,0.00912,,0.01071,0.00325,0.00902,0.00349,0.00420,0.00446,0.00144,0.01158,0.00515,0.00667,0.00511,0.00789,0.00476,0.00761,0.00511,0.00455,0.00433,0.00560,0.00660,0.00490,0.00517
2382,0.00790,0.01410,0.00605,0.00920,0.00730,0.02211,0.00421,0.00570,0.00426,0.00627,0.00537,0.00752,0.00939,0.00507,0.00450,0.00593,0.00645,0.00397,0.00397,0.00576,0.02554,0.06993,0.00290,0.00736,0.00932,,0.01061,0.00314,0.00957,0.00365,0.00415,0.00439,0.00148,0.01183,0.00559,0.00670,0.00518,0.00756,0.00455,0.00775,0.00541,0.00420,0.00418,0.00564,0.00679,0.00459,0.00561
2383,0.00876,0.01395,0.00569,0.00911,0.00709,0.02183,0.00421,0.00577,0.00460,0.00595,0.00491,0.00751,0.00931,0.00510,0.00451,0.00600,0.00630,0.00397,0.00407,0.00572,0.02541,0.06948,0.00289,0.00737,0.00934,,0.01060,0.00310,0.00960,0.00367,0.00417,0.00432,0.00156,0.01186,0.00560,0.00658,0.00518,0.00760,0.00456,0.00766,0.00549,0.00416,0.00422,0.00556,0.00671,0.00431,0.00575
2384,0.00940,0.01465,0.00538,0.00928,0.00590,0.02093,0.00427,0.00503,0.00405,0.00551,0.00612,0.00820,0.00912,0.00458,0.00447,0.00602,0.00633,0.00383,0.00383,0.00557,0.02528,0.06878,0.00277,0.00719,0.00932,,0.01093,0.00286,0.00916,0.00359,0.00434,0.00455,0.00125,0.01190,0.00491,0.00619,0.00494,0.00810,0.00444,0.00741,0.00472,0.00420,0.00439,0.00489,0.00627,0.00404,0.00524
2385,0.00996,0.01479,0.00527,0.00933,0.00597,0.02051,0.00435,0.00509,0.00400,0.00543,0.00636,0.00838,0.00912,0.00446,0.00448,0.00598,0.00631,0.00374,0.00378,0.00544,0.02516,0.06823,0.00270,0.00710,0.00926,,0.01085,0.00288,0.00907,0.00348,0.00442,0.00453,0.00120,0.01195,0.00475,0.00613,0.00496,0.00811,0.00436,0.00736,0.00447,0.00405,0.00446,0.00470,0.00619,0.00412,0.00502
2386,0.01364,0.01487,0.00599,0.00974,0.00676,0.02036,0.00462,0.00430,0.00431,0.00601,0.00668,0.00842,0.00909,0.00414,0.00458,0.00576,0.00634,0.00388,0.00367,0.00518,0.02510,0.06825,0.00265,0.00707,0.00885,,0.01017,0.00335,0.00901,0.00311,0.00450,0.00404,0.00160,0.01179,0.00480,0.00622,0.00521,0.00790,0.00468,0.00729,0.00459,0.00393,0.00464,0.00514,0.00605,0.00441,0.00491
2387,0.01506,0.01507,0.00620,0.01001,0.00680,0.02036,0.00467,0.00400,0.00421,0.00612,0.00688,0.00839,0.00915,0.00407,0.00465,0.00566,0.00639,0.00394,0.00353,0.00514,0.02500,0.06790,0.00269,0.00704,0.00877,,0.01011,0.00344,0.00877,0.00304,0.00449,0.00398,0.00173,0.01170,0.00470,0.00608,0.00531,0.00793,0.00477,0.00718,0.00458,0.00393,0.00480,0.00512,0.00600,0.00445,0.00486
2388,0.01331,0.01484,0.00596,0.01022,0.00755,0.02053,0.00446,0.00526,0.00372,0.00642,0.00611,0.00777,0.00974,0.00478,0.00471,0.00555,0.00637,0.00385,0.00343,0.00530,0.02491,0.06716,0.00288,0.00704,0.00914,,0.01018,0.00337,0.00846,0.00326,0.00432,0.00425,0.00177,0.01181,0.00493,0.00596,0.00551,0.00766,0.00450,0.00733,0.00482,0.00372,0.00493,0.00484,0.00645,0.00475,0.00483
2389,0.01279,0.01486,0.00605,0.01009,0.00799,0.02108,0.00446,0.00588,0.00385,0.00624,0.00587,0.00765,0.00975,0.00489,0.00474,0.00554,0.00646,0.00385,0.00344,0.00534,0.02476,0.06671,0.00293,0.00703,0.00915,,0.01018,0.00343,0.00853,0.00326,0.00420,0.00426,0.00174,0.01178,0.00502,0.00606,0.00567,0.00756,0.00441,0.00739,0.00489,0.00368,0.00486,0.00488,0.00665,0.00494,0.00497
2390,0.01166,0.01536,0.00644,0.00964,0.00720,0.02269,0.00437,0.00609,0.00420,0.00501,0.00667,0.00818,0.00945,0.00460,0.00484,0.00572,0.00689,0.00400,0.00349,0.00551,0.02452,0.06618,0.00312,0.00690,0.00908,,0.01090,0.00335,0.00872,0.00330,0.00397,0.00443,0.00137,0.01160,0.00483,0.00616,0.00566,0.00798,0.00446,0.00719,0.00463,0.00415,0.00467,0.00484,0.00675,0.00483,0.00549
2391,0.01222,0.01557,0.00639,0.00946,0.00678,0.02288,0.00441,0.00600,0.00434,0.00473,0.00642,0.00815,0.00913,0.00440,0.00476,0.00573,0.00687,0.00408,0.00346,0.00559,0.02437,0.06578,0.00306,0.00697,0.00909,,0.01108,0.00322,0.00872,0.00336,0.00390,0.00444,0.00137,0.01151,0.00473,0.00611,0.00573,0.00818,0.00451,0.00713,0.00459,0.00420,0.00456,0.00484,0.00670,0.00467,0.00558
2392,0.01518,0.01547,0.00595,0.00893,0.00687,0.02224,0.00476,0.00537,0.00550,0.00484,0.00492,0.00774,0.00784,0.00362,0.00446,0.00564,0.00635,0.00416,0.00356,0.00547,0.02422,0.06565,0.00248,0.00730,0.00889,,0.01066,0.00321,0.00917,0.00321,0.00402,0.00402,0.00166,0.01129,0.00483,0.00632,0.00603,0.00830,0.00457,0.00727,0.00472,0.00382,0.00432,0.00526,0.00639,0.00449,0.00568
2393,0.01604,0.01563,0.00590,0.00873,0.00694,0.02232,0.00494,0.00545,0.00547,0.00476,0.00468,0.00780,0.00768,0.00352,0.00431,0.00567,0.00634,0.00417,0.00361,0.00541,0.02407,0.06546,0.00237,0.00737,0.00878,,0.01042,0.00317,0.00933,0.00322,0.00403,0.00384,0.00170,0.01134,0.00473,0.00643,0.00603,0.00818,0.00469,0.00721,0.00475,0.00372,0.00409,0.00547,0.00633,0.00441,0.00554
2394,0.01628,0.01599,0.00591,0.00885,0.00681,0.02170,0.00486,0.00582,0.00385,0.00491,0.00472,0.00766,0.00858,0.00411,0.00395,0.00582,0.00644,0.00414,0.00344,0.00536,0.02403,0.06532,0.00244,0.00744,0.00885,,0.00992,0.00288,0.00895,0.00354,0.00407,0.00379,0.00179,0.01180,0.00426,0.00608,0.00572,0.00770,0.00505,0.00694,0.00480,0.00348,0.00376,0.00548,0.00616,0.00401,0.00438
2395,0.01718,0.01608,0.00559,0.00924,0.00660,0.02126,0.00522,0.00578,0.00328,0.00545,0.00462,0.00785,0.00874,0.00423,0.00395,0.00575,0.00637,0.00411,0.00344,0.00534,0.02390,0.06518,0.00245,0.00746,0.00892,,0.00978,0.00273,0.00875,0.00363,0.00414,0.00376,0.00188,0.01182,0.00417,0.00604,0.00563,0.00763,0.00503,0.00686,0.00482,0.00354,0.00380,0.00547,0.00612,0.00398,0.00431
2396,0.01763,0.01612,0.00536,0.01001,0.00647,0.02146,0.00615,0.00588,0.00244,0.00648,0.00537,0.00897,0.00930,0.00443,0.00451,0.00556,0.00672,0.00400,0.00369,0.00529,0.02366,0.06511,0.00278,0.00723,0.00903,,0.00992,0.00270,0.00867,0.00354,0.00409,0.00374,0.00182,0.01163,0.00432,0.00659,0.00559,0.00762,0.00467,0.00681,0.00482,0.00426,0.00415,0.00547,0.00638,0.00469,0.00510
2397,0.01703,0.01620,0.00531,0.01052,0.00653,0.02179,0.00629,0.00622,0.00235,0.00671,0.00592,0.00931,0.00946,0.00466,0.00457,0.00554,0.00677,0.00395,0.00374,0.00525,0.02353,0.06495,0.00292,0.00712,0.00900,,0.00991,0.00276,0.00861,0.00356,0.00415,0.00384,0.00168,0.01166,0.00431,0.00648,0.00541,0.00753,0.00460,0.00676,0.00469,0.00435,0.00418,0.00546,0.00655,0.00468,0.00524
2398,0.01767,0.01628,0.00460,0.01164,0.00632,0.02194,0.00640,0.00640,0.00369,0.00716,0.00631,0.00920,0.00863,0.00474,0.00433,0.00541,0.00618,0.00386,0.00364,0.00531,0.02347,0.06484,0.00295,0.00719,0.00893,,0.01007,0.00312,0.00850,0.00358,0.00455,0.00424,0.00150,0.01155,0.00453,0.00561,0.00526,0.00772,0.00447,0.00686,0.00434,0.00405,0.00441,0.00529,0.00680,0.00416,0.00588
2399,0.01636,0.01611,0.00461,0.01188,0.00651,0.02225,0.00623,0.00622,0.00398,0.00714,0.00626,0.00922,0.00835,0.00461,0.00446,0.00532,0.00607,0.00396,0.00367,0.00522,0.02338,0.06458,0.00285,0.00712,0.00895,,0.01013,0.00298,0.00839,0.00356,0.00456,0.00430,0.00149,0.01145,0.00455,0.00563,0.00517,0.00788,0.00433,0.00689,0.00437,0.00404,0.00455,0.00517,0.00689,0.00412,0.00595
2400,0.01132,0.01589,0.00576,0.01136,0.00762,0.02398,0.00487,0.00648,0.00387,0.00567,0.00610,0.00900,0.00827,0.00438,0.00468,0.00552,0.00628,0.00434,0.00377,0.00505,0.02337,0.06426,0.00254,0.00695,0.00875,,0.00988,0.00231,0.00824,0.00358,0.00424,0.00407,0.00146,0.01161,0.00411,0.00604,0.00494,0.00793,0.00449,0.00674,0.00456,0.00381,0.00425,0.00495,0.00687,0.00393,0.00475
2401,0.00864,0.01553,0.00606,0.01097,0.00777,0.02386,0.00448,0.00638,0.00403,0.00521,0.00628,0.00890,0.00840,0.00439,0.00460,0.00552,0.00633,0.00440,0.00371,0.00487,0.02329,0.06374,0.00251,0.00680,0.00882,,0.00997,0.00238,0.00836,0.00357,0.00424,0.00428,0.00134,0.01164,0.00412,0.00599,0.00473,0.00778,0.00441,0.00683,0.00456,0.00372,0.00418,0.00507,0.00685,0.00379,0.00465
2402,0.00529,0.01437,0.00613,0.00982,0.00749,0.02167,0.00495,0.00511,0.00411,0.00545,0.00572,0.00918,0.00886,0.00404,0.00453,0.00524,0.00662,0.00444,0.00363,0.00442,0.02312,0.06269,0.00254,0.00641,0.00933,,0.01057,0.00255,0.00873,0.00336,0.00432,0.00481,0.00129,0.01144,0.00449,0.00639,0.00453,0.00754,0.00385,0.00718,0.00467,0.00396,0.00437,0.00552,0.00664,0.00410,0.00521
2403,0.00512,0.01427,0.00613,0.00962,0.00720,0.02131,0.00458,0.00476,0.00389,0.00533,0.00592,0.00871,0.00899,0.00410,0.00469,0.00521,0.00646,0.00440,0.00359,0.00438,0.02306,0.06235,0.00242,0.00649,0.00943,,0.01046,0.00269,0.00874,0.00340,0.00409,0.00468,0.00136,0.01132,0.00454,0.00637,0.00457,0.00760,0.00376,0.00729,0.00487,0.00408,0.00448,0.00560,0.00659,0.00425,0.00542
2404,0.00935,0.01487,0.00562,0.01016,0.00612,0.02117,0.00359,0.00523,0.00365,0.00506,0.00750,0.00736,0.00940,0.00495,0.00476,0.00533,0.00567,0.00392,0.00342,0.00459,0.02311,0.06238,0.00240,0.00699,0.00937,,0.00992,0.00365,0.00877,0.00368,0.00373,0.00432,0.00131,0.01128,0.00458,0.00534,0.00474,0.00756,0.00401,0.00744,0.00496,0.00410,0.00452,0.00587,0.00656,0.00424,0.00624
2405,0.00863,0.01527,0.00550,0.00989,0.00583,0.02085,0.00378,0.00517,0.00344,0.00520,0.00784,0.00700,0.00932,0.00512,0.00452,0.00546,0.00567,0.00390,0.00325,0.00466,0.02304,0.06213,0.00244,0.00706,0.00938,,0.00976,0.00382,0.00878,0.00373,0.00374,0.00436,0.00137,0.01128,0.00470,0.00521,0.00475,0.00753,0.00400,0.00747,0.00507,0.00406,0.00449,0.00576,0.00665,0.00411,0.00616
2406,0.00700,0.01656,0.00543,0.00959,0.00586,0.02167,0.00430,0.00511,0.00269,0.00539,0.00775,0.00665,0.00857,0.00499,0.00438,0.00587,0.00594,0.00428,0.00315,0.00494,0.02295,0.06238,0.00224,0.00729,0.00919,,0.00920,0.00316,0.00849,0.00387,0.00366,0.00407,0.00185,0.01122,0.00465,0.00587,0.00498,0.00789,0.00407,0.00728,0.00556,0.00411,0.00458,0.00492,0.00694,0.00378,0.00490
2407,0.00639,0.01656,0.00573,0.00956,0.00601,0.02161,0.00447,0.00482,0.00234,0.00587,0.00740,0.00651,0.00827,0.00485,0.00447,0.00581,0.00591,0.00427,0.00306,0.00510,0.02290,0.06203,0.00229,0.00732,0.00913,,0.00915,0.00308,0.00831,0.00377,0.00361,0.00391,0.00195,0.01119,0.00473,0.00586,0.00502,0.00801,0.00404,0.00720,0.00559,0.00403,0.00453,0.00480,0.00699,0.00405,0.00500
2408,0.00221,0.01581,0.00649,0.00909,0.00682,0.02060,0.00577,0.00411,0.00215,0.00745,0.00617,0.00719,0.00794,0.00430,0.00413,0.00540,0.00629,0.00423,0.00285,0.00512,0.02277,0.06072,0.00274,0.00689,0.00923,,0.00973,0.00310,0.00832,0.00325,0.00400,0.00432,0.00176,0.01133,0.00506,0.00572,0.00470,0.00771,0.00374,0.00719,0.00515,0.00358,0.00412,0.00512,0.00725,0.00465,0.00575
2409,0.00157,0.01508,0.00664,0.00876,0.00689,0.01986,0.00581,0.00389,0.00258,0.00730,0.00589,0.00757,0.00776,0.00415,0.00406,0.00543,0.00647,0.00415,0.00275,0.00509,0.02269,0.06053,0.00284,0.00669,0.00918,,0.01002,0.00312,0.00831,0.00319,0.00422,0.00450,0.00178,0.01131,0.00523,0.00567,0.00459,0.00779,0.00367,0.00709,0.00495,0.00360,0.00422,0.00499,0.00694,0.00466,0.00567
2410,0.00523,0.01307,0.00690,0.00897,0.00619,0.01914,0.00461,0.00369,0.00350,0.00623,0.00581,0.00784,0.00773,0.00424,0.00472,0.00531,0.00625,0.00371,0.00268,0.00500,0.02274,0.06099,0.00277,0.00668,0.00907,,0.01043,0.00337,0.00815,0.00328,0.00409,0.00419,0.00188,0.01112,0.00536,0.00537,0.00458,0.00836,0.00378,0.00693,0.00453,0.00401,0.00478,0.00479,0.00588,0.00488,0.00586
2411,0.00585,0.01315,0.00681,0.00901,0.00682,0.01873,0.00380,0.00381,0.00391,0.00576,0.00573,0.00787,0.00791,0.00405,0.00484,0.00544,0.00601,0.00366,0.00293,0.00507,0.02266,0.06082,0.00274,0.00655,0.00886,,0.01037,0.00326,0.00810,0.00332,0.00421,0.00432,0.00180,0.01108,0.00525,0.00520,0.00473,0.00829,0.00377,0.00682,0.00460,0.00394,0.00466,0.00485,0.00573,0.00504,0.00602
2412,0.00505,0.01444,0.00608,0.00841,0.00820,0.01741,0.00247,0.00437,0.00506,0.00410,0.00643,0.00802,0.00834,0.00380,0.00451,0.00626,0.00581,0.00399,0.00351,0.00508,0.02249,0.06087,0.00269,0.00623,0.00843,,0.01004,0.00276,0.00827,0.00370,0.00484,0.00513,0.00164,0.01110,0.00495,0.00518,0.00500,0.00775,0.00367,0.00662,0.00522,0.00377,0.00440,0.00468,0.00576,0.00452,0.00537
2413,0.00536,0.01469,0.00569,0.00882,0.00837,0.01853,0.00265,0.00485,0.00496,0.00427,0.00586,0.00800,0.00849,0.00377,0.00430,0.00620,0.00590,0.00391,0.00355,0.00509,0.02236,0.06081,0.00252,0.00617,0.00850,,0.00999,0.00292,0.00838,0.00363,0.00475,0.00518,0.00157,0.01104,0.00492,0.00530,0.00502,0.00785,0.00375,0.00667,0.00489,0.00383,0.00438,0.00487,0.00563,0.00422,0.00518
2414,0.00622,0.01575,0.00523,0.01043,0.00883,0.02221,0.00341,0.00568,0.00370,0.00629,0.00427,0.00758,0.00884,0.00367,0.00412,0.00560,0.00585,0.00371,0.00362,0.00532,0.02222,0.06016,0.00222,0.00626,0.00873,,0.00965,0.00340,0.00848,0.00313,0.00417,0.00481,0.00136,0.01092,0.00482,0.00541,0.00511,0.00815,0.00399,0.00690,0.00411,0.00380,0.00402,0.00575,0.00605,0.00431,0.00605
2415,0.00609,0.01606,0.00529,0.01045,0.00926,0.02258,0.00372,0.00567,0.00321,0.00617,0.00419,0.00705,0.00880,0.00358,0.00402,0.00540,0.00579,0.00363,0.00362,0.00527,0.02206,0.05995,0.00212,0.00631,0.00889,,0.00958,0.00326,0.00832,0.00324,0.00399,0.00465,0.00141,0.01099,0.00465,0.00559,0.00519,0.00788,0.00396,0.00688,0.00442,0.00358,0.00374,0.00585,0.00597,0.00451,0.00542
2416,0.00540,0.01523,0.00556,0.01000,0.00863,0.02278,0.00491,0.00525,0.00227,0.00531,0.00424,0.00651,0.00833,0.00372,0.00372,0.00499,0.00625,0.00338,0.00309,0.00492,0.02183,0.06038,0.00198,0.00651,0.00946,,0.00999,0.00317,0.00812,0.00358,0.00367,0.00434,0.00179,0.01109,0.00473,0.00620,0.00504,0.00769,0.00393,0.00681,0.00472,0.00344,0.00383,0.00551,0.00525,0.00439,0.00327
2417,0.00557,0.01514,0.00559,0.00974,0.00810,0.02252,0.00568,0.00535,0.00244,0.00607,0.00413,0.00605,0.00818,0.00381,0.00377,0.00476,0.00618,0.00327,0.00291,0.00479,0.02184,0.06008,0.00199,0.00646,0.00956,,0.00995,0.00322,0.00797,0.00348,0.00362,0.00400,0.00168,0.01117,0.00454,0.00628,0.00490,0.00765,0.00391,0.00698,0.00463,0.00362,0.00378,0.00549,0.00525,0.00451,0.00319
2418,0.00544,0.01557,0.00592,0.00862,0.00831,0.01987,0.00579,0.00506,0.00349,0.00675,0.00507,0.00494,0.00802,0.00365,0.00419,0.00473,0.00542,0.00332,0.00305,0.00473,0.02200,0.05926,0.00226,0.00621,0.00928,,0.00957,0.00277,0.00747,0.00351,0.00388,0.00362,0.00131,0.01142,0.00385,0.00604,0.00493,0.00704,0.00359,0.00714,0.00533,0.00365,0.00330,0.00539,0.00555,0.00523,0.00355
2419,0.00467,0.01554,0.00645,0.00848,0.00771,0.01814,0.00647,0.00612,0.00212,0.00667,0.00398,0.00568,0.00813,0.00415,0.00425,0.00498,0.00565,0.00328,0.00282,0.00466,0.02187,0.05918,0.00219,0.00644,0.00900,,0.00981,0.00280,0.00785,0.00344,0.00400,0.00399,0.00143,0.01153,0.00438,0.00592,0.00463,0.00698,0.00371,0.00711,0.00491,0.00363,0.00380,0.00504,0.00615,0.00563,0.00468
2420,0.00751,0.01571,0.00665,0.00903,0.00644,0.01863,0.00727,0.00625,0.00345,0.00758,0.00293,0.00674,0.00808,0.00461,0.00435,0.00487,0.00599,0.00353,0.00283,0.00449,0.02181,0.05883,0.00218,0.00670,0.00907,,0.00986,0.00322,0.00817,0.00325,0.00390,0.00379,0.00147,0.01130,0.00453,0.00570,0.00434,0.00743,0.00425,0.00748,0.00471,0.00386,0.00403,0.00496,0.00638,0.00583,0.00565
2421,0.00394,0.01549,0.00698,0.00955,0.00658,0.01971,0.00726,0.00427,0.00242,0.00730,0.00496,0.00689,0.00843,0.00396,0.00365,0.00484,0.00604,0.00379,0.00293,0.00506,0.02157,0.05874,0.00179,0.00724,0.00909,,0.00994,0.00269,0.00851,0.00373,0.00393,0.00421,0.00188,0.01117,0.00423,0.00571,0.00403,0.00716,0.00415,0.00686,0.00479,0.00319,0.00419,0.00521,0.00728,0.00588,0.00553
2422,0.00376,0.01533,0.00707,0.00980,0.00635,0.02029,0.00676,0.00371,0.00204,0.00696,0.00538,0.00756,0.00846,0.00396,0.00357,0.00498,0.00602,0.00393,0.00289,0.00507,0.02138,0.05846,0.00172,0.00737,0.00893,,0.01005,0.00261,0.00867,0.00387,0.00393,0.00429,0.00201,0.01110,0.00435,0.00568,0.00406,0.00718,0.00430,0.00661,0.00486,0.00293,0.00435,0.00522,0.00761,0.00583,0.00556
2423,0.00574,0.01409,0.00621,0.00968,0.00513,0.02335,0.00506,0.00307,0.00243,0.00791,0.00587,0.00891,0.00805,0.00418,0.00371,0.00519,0.00561,0.00397,0.00236,0.00469,0.02145,0.05760,0.00196,0.00657,0.00854,,0.01013,0.00319,0.00843,0.00353,0.00389,0.00351,0.00146,0.01090,0.00454,0.00576,0.00460,0.00785,0.00460,0.00666,0.00430,0.00341,0.00458,0.00572,0.00769,0.00503,0.00598
2424,0.00663,0.01414,0.00568,0.01018,0.00488,0.02429,0.00452,0.00299,0.00279,0.00842,0.00623,0.00873,0.00802,0.00415,0.00394,0.00507,0.00535,0.00385,0.00233,0.00465,0.02138,0.05712,0.00194,0.00648,0.00840,,0.01002,0.00328,0.00839,0.00340,0.00379,0.00337,0.00133,0.01086,0.00443,0.00572,0.00466,0.00810,0.00457,0.00653,0.00390,0.00345,0.00453,0.00583,0.00759,0.00444,0.00571
2425,0.01146,0.01626,0.00537,0.01147,0.00528,0.02182,0.00416,0.00487,0.00332,0.00766,0.00480,0.00714,0.00815,0.00461,0.00507,0.00485,0.00503,0.00315,0.00279,0.00425,0.02113,0.05672,0.00183,0.00695,0.00831,,0.00976,0.00307,0.00862,0.00325,0.00342,0.00385,0.00142,0.01109,0.00458,0.00555,0.00441,0.00827,0.00425,0.00633,0.00390,0.00315,0.00426,0.00523,0.00650,0.00377,0.00412
2426,0.01240,0.01653,0.00506,0.01167,0.00564,0.02158,0.00397,0.00572,0.00400,0.00726,0.00417,0.00720,0.00805,0.00482,0.00554,0.00477,0.00503,0.00331,0.00292,0.00411,0.02094,0.05658,0.00199,0.00693,0.00815,,0.00970,0.00313,0.00847,0.00316,0.00341,0.00383,0.00153,0.01110,0.00468,0.00541,0.00473,0.00821,0.00445,0.00636,0.00390,0.00305,0.00395,0.00494,0.00622,0.00366,0.00393
2427,0.00632,0.01619,0.00433,0.01171,0.00717,0.02272,0.00526,0.00623,0.00550,0.00772,0.00425,0.00735,0.00820,0.00413,0.00545,0.00422,0.00543,0.00452,0.00319,0.00480,0.02065,0.05717,0.00222,0.00692,0.00820,,0.00947,0.00316,0.00803,0.00337,0.00368,0.00385,0.00195,0.01095,0.00429,0.00523,0.00538,0.00750,0.00494,0.00651,0.00387,0.00278,0.00300,0.00452,0.00644,0.00387,0.00463
2428,0.00652,0.01612,0.00439,0.01158,0.00753,0.02225,0.00569,0.00639,0.00577,0.00749,0.00460,0.00675,0.00817,0.00419,0.00558,0.00407,0.00557,0.00454,0.00340,0.00487,0.02053,0.05713,0.00225,0.00703,0.00813,,0.00947,0.00304,0.00783,0.00322,0.00377,0.00380,0.00220,0.01102,0.00400,0.00507,0.00535,0.00729,0.00494,0.00648,0.00366,0.00279,0.00285,0.00456,0.00655,0.00412,0.00448
2429,0.01019,0.01433,0.00551,0.01005,0.00720,0.02174,0.00543,0.00608,0.00568,0.00638,0.00616,0.00766,0.00752,0.00519,0.00585,0.00460,0.00578,0.00418,0.00337,0.00434,0.02044,0.05683,0.00267,0.00674,0.00774,,0.00999,0.00301,0.00737,0.00250,0.00407,0.00297,0.00255,0.01119,0.00386,0.00485,0.00537,0.00713,0.00526,0.00660,0.00314,0.00324,0.00334,0.00531,0.00731,0.00545,0.00499
2430,0.01155,0.01392,0.00577,0.00928,0.00682,0.02145,0.00530,0.00557,0.00502,0.00582,0.00570,0.00756,0.00743,0.00540,0.00552,0.00473,0.00608,0.00432,0.00329,0.00424,0.02049,0.05661,0.00264,0.00664,0.00761,,0.01019,0.00306,0.00717,0.00254,0.00420,0.00287,0.00252,0.01118,0.00390,0.00479,0.00549,0.00720,0.00525,0.00665,0.00342,0.00344,0.00353,0.00542,0.00749,0.00570,0.00504
2431,0.01752,0.01516,0.00602,0.00886,0.00503,0.01981,0.00528,0.00408,0.00255,0.00530,0.00289,0.00491,0.00781,0.00552,0.00460,0.00479,0.00633,0.00376,0.00325,0.00397,0.02092,0.05582,0.00176,0.00722,0.00765,,0.01049,0.00284,0.00744,0.00303,0.00410,0.00351,0.00201,0.01138,0.00385,0.00460,0.00493,0.00812,0.00422,0.00622,0.00439,0.00365,0.00429,0.00551,0.00720,0.00503,0.00358
2432,0.01815,0.01558,0.00622,0.00892,0.00486,0.01849,0.00475,0.00367,0.00140,0.00489,0.00338,0.00391,0.00792,0.00547,0.00439,0.00473,0.00637,0.00343,0.00323,0.00407,0.02099,0.05559,0.00159,0.00712,0.00774,,0.01026,0.00282,0.00752,0.00310,0.00394,0.00366,0.00195,0.01123,0.00392,0.00490,0.00457,0.00806,0.00388,0.00629,0.00444,0.00381,0.00447,0.00555,0.00703,0.00480,0.00312
2433,0.01197,0.01618,0.00604,0.00980,0.00599,0.01721,0.00342,0.00328,0.00074,0.00435,0.00505,0.00398,0.00808,0.00445,0.00384,0.00426,0.00656,0.00398,0.00284,0.00498,0.02095,0.05611,0.00198,0.00620,0.00797,,0.00915,0.00332,0.00759,0.00354,0.00356,0.00376,0.00206,0.01037,0.00458,0.00604,0.00470,0.00716,0.00414,0.00690,0.00417,0.00376,0.00393,0.00505,0.00646,0.00419,0.00330
2434,0.00949,0.01610,0.00546,0.00964,0.00606,0.01776,0.00297,0.00374,-0.00008,0.00477,0.00519,0.00412,0.00830,0.00439,0.00386,0.00425,0.00652,0.00421,0.00290,0.00503,0.02093,0.05593,0.00170,0.00600,0.00815,,0.00912,0.00335,0.00756,0.00380,0.00356,0.00402,0.00181,0.01026,0.00471,0.00620,0.00474,0.00716,0.00398,0.00704,0.00490,0.00397,0.00388,0.00481,0.00647,0.00387,0.00371
2435,0.00671,0.01540,0.00455,0.00938,0.00648,0.01944,0.00231,0.00587,-0.00105,0.00673,0.00729,0.00488,0.00853,0.00523,0.00542,0.00448,0.00586,0.00383,0.00360,0.00443,0.02078,0.05560,0.00106,0.00575,0.00830,,0.00943,0.00292,0.00741,0.00347,0.00367,0.00422,0.00157,0.01054,0.00441,0.00611,0.00449,0.00719,0.00353,0.00715,0.00575,0.00475,0.00412,0.00475,0.00704,0.00368,0.00482
2436,0.00528,0.01499,0.00435,0.00928,0.00666,0.01959,0.00248,0.00677,-0.00053,0.00640,0.00843,0.00501,0.00851,0.00518,0.00536,0.00457,0.00582,0.00371,0.00358,0.00461,0.02053,0.05517,0.00117,0.00599,0.00868,,0.00945,0.00296,0.00744,0.00343,0.00363,0.00427,0.00149,0.01056,0.00438,0.00613,0.00426,0.00712,0.00364,0.00722,0.00583,0.00442,0.00385,0.00483,0.00705,0.00405,0.00495
2437,0.00588,0.01420,0.00383,0.00813,0.00560,0.02092,0.00424,0.00770,0.00122,0.00482,0.00648,0.00516,0.00838,0.00511,0.00401,0.00489,0.00630,0.00421,0.00340,0.00492,0.02014,0.05392,0.00138,0.00727,0.00948,,0.01014,0.00320,0.00749,0.00382,0.00375,0.00455,0.00100,0.01092,0.00429,0.00550,0.00412,0.00785,0.00406,0.00709,0.00704,0.00315,0.00314,0.00513,0.00717,0.00501,0.00484
2438,0.00531,0.01363,0.00368,0.00814,0.00577,0.02170,0.00444,0.00804,0.00153,0.00534,0.00674,0.00548,0.00847,0.00484,0.00410,0.00503,0.00620,0.00406,0.00306,0.00485,0.02005,0.05375,0.00125,0.00742,0.00946,,0.01031,0.00317,0.00747,0.00386,0.00400,0.00451,0.00089,0.01097,0.00425,0.00524,0.00443,0.00786,0.00408,0.00684,0.00674,0.00309,0.00336,0.00487,0.00697,0.00522,0.00506
2439,0.00469,0.01267,0.00444,0.00948,0.00725,0.02000,0.00402,0.00768,0.00266,0.00570,0.01012,0.00539,0.00847,0.00365,0.00443,0.00489,0.00595,0.00304,0.00194,0.00523,0.01999,0.05425,0.00154,0.00713,0.00922,,0.00979,0.00322,0.00761,0.00369,0.00426,0.00400,0.00139,0.01059,0.00433,0.00552,0.00485,0.00693,0.00432,0.00646,0.00389,0.00289,0.00387,0.00440,0.00601,0.00564,0.00453
2440,0.00442,0.01371,0.00501,0.00977,0.00738,0.02049,0.00422,0.00703,0.00267,0.00529,0.01015,0.00559,0.00829,0.00349,0.00427,0.00498,0.00592,0.00304,0.00179,0.00527,0.01980,0.05440,0.00198,0.00716,0.00886,,0.00951,0.00332,0.00758,0.00332,0.00415,0.00376,0.00152,0.01045,0.00444,0.00535,0.00496,0.00679,0.00439,0.00643,0.00325,0.00287,0.00388,0.00436,0.00579,0.00590,0.00473
2441,0.00332,0.01656,0.00557,0.00969,0.00692,0.02393,0.00372,0.00548,0.00057,0.00679,0.00789,0.00658,0.00817,0.00417,0.00465,0.00534,0.00561,0.00351,0.00209,0.00436,0.01983,0.05505,0.00194,0.00688,0.00754,,0.00947,0.00319,0.00729,0.00268,0.00412,0.00355,0.00141,0.01031,0.00470,0.00470,0.00558,0.00707,0.00384,0.00621,0.00357,0.00419,0.00461,0.00390,0.00588,0.00555,0.00617
2442,0.00499,0.01643,0.00542,0.01010,0.00728,0.02391,0.00435,0.00562,-0.00008,0.00647,0.00743,0.00651,0.00839,0.00385,0.00529,0.00523,0.00548,0.00352,0.00234,0.00448,0.01977,0.05507,0.00213,0.00644,0.00738,,0.00918,0.00314,0.00727,0.00255,0.00412,0.00354,0.00152,0.01048,0.00448,0.00458,0.00573,0.00711,0.00394,0.00647,0.00349,0.00408,0.00450,0.00404,0.00599,0.00506,0.00611
2443,0.00979,0.01629,0.00515,0.01071,0.00745,0.02172,0.00662,0.00633,-0.00029,0.00323,0.00601,0.00555,0.00836,0.00325,0.00564,0.00484,0.00569,0.00376,0.00317,0.00554,0.01940,0.05458,0.00327,0.00617,0.00782,,0.00836,0.00337,0.00741,0.00237,0.00360,0.00368,0.00178,0.01085,0.00407,0.00465,0.00519,0.00740,0.00470,0.00739,0.00385,0.00266,0.00317,0.00504,0.00638,0.00466,0.00537
2444,0.00834,0.01648,0.00561,0.01035,0.00785,0.02206,0.00628,0.00588,0.00056,0.00231,0.00761,0.00566,0.00882,0.00334,0.00498,0.00488,0.00585,0.00395,0.00327,0.00538,0.01921,0.05425,0.00329,0.00599,0.00819,,0.00839,0.00331,0.00733,0.00236,0.00355,0.00361,0.00184,0.01089,0.00391,0.00488,0.00482,0.00699,0.00455,0.00784,0.00398,0.00252,0.00281,0.00548,0.00661,0.00453,0.00450
2445,0.00471,0.01425,0.00571,0.00983,0.00921,0.02272,0.00473,0.00628,0.00202,0.00264,0.01199,0.00582,0.01024,0.00315,0.00474,0.00495,0.00584,0.00380,0.00308,0.00481,0.01930,0.05382,0.00224,0.00524,0.00912,,0.00890,0.00295,0.00719,0.00286,0.00405,0.00369,0.00175,0.01106,0.00344,0.00539,0.00457,0.00608,0.00405,0.00839,0.00388,0.00275,0.00295,0.00585,0.00703,0.00380,0.00254
2446,0.00477,0.01631,0.00645,0.00892,0.00922,0.01903,0.00507,0.00310,0.00354,0.00434,0.01331,0.00741,0.01013,0.00429,0.00312,0.00424,0.00605,0.00371,0.00254,0.00425,0.01890,0.05356,0.00307,0.00576,0.00850,,0.00919,0.00251,0.00735,0.00276,0.00389,0.00309,0.00232,0.01104,0.00365,0.00588,0.00456,0.00571,0.00332,0.00745,0.00419,0.00271,0.00252,0.00523,0.00580,0.00471,0.00468
2447,0.00496,0.01716,0.00633,0.00838,0.00881,0.01914,0.00461,0.00238,0.00465,0.00435,0.01318,0.00774,0.00968,0.00454,0.00224,0.00429,0.00622,0.00376,0.00231,0.00405,0.01868,0.05312,0.00280,0.00626,0.00856,,0.00944,0.00239,0.00722,0.00299,0.00376,0.00302,0.00236,0.01091,0.00373,0.00601,0.00426,0.00570,0.00322,0.00712,0.00449,0.00271,0.00234,0.00508,0.00559,0.00487,0.00478
2448,0.01392,0.01655,0.00281,0.00850,0.00703,0.02100,0.00540,0.00510,0.00451,0.00301,0.00750,0.00636,0.00752,0.00295,0.00339,0.00478,0.00623,0.00326,0.00222,0.00480,0.01854,0.05221,0.00119,0.00720,0.00879,,0.00956,0.00231,0.00693,0.00399,0.00369,0.00357,0.00212,0.01092,0.00338,0.00564,0.00414,0.00707,0.00428,0.00661,0.00473,0.00212,0.00203,0.00445,0.00585,0.00357,0.00398
2449,0.01631,0.01599,0.00224,0.00911,0.00679,0.02014,0.00556,0.00553,0.00440,0.00377,0.00534,0.00628,0.00689,0.00292,0.00390,0.00463,0.00610,0.00319,0.00224,0.00512,0.01852,0.05199,0.00100,0.00753,0.00869,,0.00955,0.00241,0.00685,0.00437,0.00351,0.00377,0.00213,0.01089,0.00351,0.00547,0.00414,0.00749,0.00464,0.00613,0.00509,0.00204,0.00228,0.00428,0.00564,0.00359,0.00472
2450,0.01211,0.01462,0.00464,0.01084,0.00738,0.01989,0.00273,0.00559,0.00375,0.00462,0.00569,0.00666,0.00741,0.00401,0.00391,0.00457,0.00590,0.00400,0.00243,0.00548,0.01868,0.05255,0.00120,0.00737,0.00906,,0.00953,0.00321,0.00661,0.00452,0.00278,0.00409,0.00190,0.01056,0.00429,0.00540,0.00371,0.00733,0.00507,0.00594,0.00584,0.00280,0.00375,0.00521,0.00589,0.00458,0.00542
2451,0.00909,0.01433,0.00487,0.01115,0.00757,0.02163,0.00260,0.00602,0.00426,0.00528,0.00477,0.00643,0.00727,0.00424,0.00399,0.00487,0.00573,0.00422,0.00278,0.00537,0.01879,0.05225,0.00099,0.00756,0.00919,,0.00951,0.00353,0.00644,0.00463,0.00288,0.00432,0.00163,0.01033,0.00456,0.00495,0.00356,0.00724,0.00511,0.00618,0.00609,0.00299,0.00402,0.00549,0.00626,0.00498,0.00504
2452,0.00015,0.01425,0.00551,0.01148,0.00900,0.02134,0.00522,0.00526,0.00587,0.00928,0.00506,0.00656,0.00834,0.00524,0.00445,0.00485,0.00535,0.00423,0.00387,0.00454,0.01921,0.05176,0.00178,0.00767,0.00871,,0.00916,0.00386,0.00654,0.00446,0.00383,0.00411,0.00155,0.01025,0.00513,0.00374,0.00411,0.00634,0.00417,0.00685,0.00667,0.00297,0.00364,0.00561,0.00617,0.00668,0.00598
2453,-0.00117,0.01452,0.00585,0.01106,0.00966,0.02163,0.00638,0.00413,0.00603,0.01033,0.00493,0.00705,0.00814,0.00552,0.00431,0.00459,0.00504,0.00412,0.00391,0.00424,0.01913,0.05163,0.00236,0.00746,0.00826,,0.00906,0.00373,0.00661,0.00396,0.00405,0.00424,0.00159,0.01016,0.00504,0.00374,0.00424,0.00615,0.00386,0.00689,0.00601,0.00310,0.00375,0.00550,0.00602,0.00671,0.00615
2454,0.00311,0.01715,0.00347,0.00787,0.00923,0.02738,0.00909,0.00232,0.00662,0.00769,0.00306,0.00739,0.00550,0.00419,0.00279,0.00493,0.00462,0.00322,0.00296,0.00367,0.01846,0.05101,0.00208,0.00730,0.00762,,0.00937,0.00273,0.00669,0.00303,0.00452,0.00511,0.00144,0.00979,0.00381,0.00446,0.00373,0.00667,0.00399,0.00705,0.00274,0.00270,0.00351,0.00466,0.00633,0.00420,0.00304
2455,0.00513,0.01692,0.00337,0.00722,0.00911,0.02877,0.00935,0.00295,0.00643,0.00723,0.00268,0.00699,0.00528,0.00383,0.00326,0.00485,0.00467,0.00326,0.00307,0.00362,0.01833,0.05039,0.00192,0.00728,0.00765,,0.00926,0.00253,0.00657,0.00257,0.00470,0.00498,0.00144,0.00992,0.00339,0.00445,0.00408,0.00673,0.00367,0.00720,0.00269,0.00298,0.00300,0.00453,0.00655,0.00376,0.00252
2456,0.01314,0.01359,0.00582,0.00817,0.00898,0.02498,0.00657,0.00461,0.00404,0.00645,0.00316,0.00678,0.00651,0.00384,0.00522,0.00324,0.00498,0.00408,0.00315,0.00462,0.01831,0.05018,0.00253,0.00654,0.00794,,0.00880,0.00258,0.00626,0.00175,0.00375,0.00413,0.00208,0.01058,0.00304,0.00503,0.00515,0.00687,0.00297,0.00651,0.00431,0.00442,0.00267,0.00491,0.00643,0.00382,0.00418
2457,0.01533,0.01379,0.00654,0.00835,0.00917,0.02398,0.00568,0.00488,0.00278,0.00699,0.00455,0.00680,0.00664,0.00411,0.00563,0.00332,0.00517,0.00428,0.00313,0.00464,0.01813,0.05020,0.00251,0.00664,0.00806,,0.00884,0.00236,0.00644,0.00160,0.00388,0.00386,0.00198,0.01079,0.00288,0.00534,0.00545,0.00687,0.00312,0.00642,0.00457,0.00446,0.00261,0.00463,0.00617,0.00377,0.00543
2458,0.01158,0.01499,0.00703,0.00980,0.00920,0.02380,0.00414,0.00673,0.00116,0.01076,0.00817,0.00558,0.00751,0.00495,0.00656,0.00511,0.00571,0.00483,0.00427,0.00407,0.01834,0.04968,0.00153,0.00804,0.00869,,0.00879,0.00247,0.00659,0.00228,0.00502,0.00307,0.00122,0.01111,0.00333,0.00464,0.00591,0.00624,0.00345,0.00725,0.00697,0.00373,0.00200,0.00427,0.00600,0.00498,0.00822
2459,0.01110,0.01465,0.00734,0.00976,0.00975,0.02290,0.00376,0.00848,0.00208,0.00990,0.00872,0.00536,0.00811,0.00522,0.00708,0.00533,0.00626,0.00481,0.00436,0.00417,0.01815,0.05006,0.00104,0.00803,0.00925,,0.00907,0.00253,0.00703,0.00268,0.00517,0.00295,0.00095,0.01124,0.00346,0.00451,0.00606,0.00650,0.00380,0.00741,0.00706,0.00379,0.00179,0.00428,0.00607,0.00541,0.00838
2460,0.00926,0.01606,0.00682,0.00750,0.01216,0.02142,0.00529,0.00820,0.00528,0.00607,0.00837,0.00700,0.00735,0.00588,0.00589,0.00547,0.00694,0.00380,0.00306,0.00430,0.01715,0.05204,0.00054,0.00741,0.00973,,0.01020,0.00209,0.00854,0.00340,0.00532,0.00383,0.00047,0.01087,0.00328,0.00512,0.00523,0.00774,0.00524,0.00716,0.00381,0.00336,0.00249,0.00387,0.00574,0.00502,0.00704
2461,0.01108,0.01660,0.00669,0.00844,0.01088,0.02174,0.00538,0.00900,0.00552,0.00566,0.00873,0.00672,0.00796,0.00556,0.00581,0.00537,0.00681,0.00361,0.00292,0.00406,0.01723,0.05221,0.00063,0.00714,0.00949,,0.01031,0.00216,0.00852,0.00337,0.00501,0.00398,0.00058,0.01091,0.00364,0.00518,0.00529,0.00765,0.00545,0.00697,0.00322,0.00327,0.00294,0.00387,0.00573,0.00489,0.00685
2462,0.01758,0.01411,0.00707,0.01083,0.00671,0.02318,0.00493,0.01288,0.00703,0.00305,0.00667,0.00497,0.01045,0.00381,0.00706,0.00390,0.00636,0.00384,0.00343,0.00421,0.01797,0.05164,0.00106,0.00622,0.00915,,0.01001,0.00291,0.00754,0.00280,0.00359,0.00380,0.00123,0.01136,0.00444,0.00459,0.00630,0.00728,0.00471,0.00668,0.00362,0.00417,0.00299,0.00481,0.00664,0.00517,0.00478
2463,0.01618,0.01445,0.00618,0.01208,0.00676,0.02241,0.00543,0.01270,0.00616,0.00513,0.00670,0.00449,0.01048,0.00410,0.00722,0.00408,0.00648,0.00367,0.00328,0.00395,0.01818,0.05116,0.00126,0.00599,0.00891,,0.00969,0.00303,0.00728,0.00311,0.00365,0.00408,0.00184,0.01123,0.00452,0.00490,0.00582,0.00701,0.00455,0.00649,0.00409,0.00430,0.00339,0.00466,0.00652,0.00512,0.00566
2464,0.01359,0.01774,0.00447,0.01518,0.00669,0.02190,0.00629,0.00940,0.00049,0.01417,0.01045,0.00356,0.00948,0.00528,0.00661,0.00547,0.00606,0.00345,0.00314,0.00266,0.01875,0.04961,0.00201,0.00649,0.00771,,0.00864,0.00285,0.00647,0.00354,0.00434,0.00446,0.00287,0.01091,0.00458,0.00601,0.00446,0.00558,0.00413,0.00624,0.00514,0.00364,0.00449,0.00355,0.00538,0.00439,0.01013
2465,0.01206,0.01763,0.00494,0.01709,0.00812,0.01886,0.00447,0.00582,0.00301,0.01315,0.00610,0.00676,0.00823,0.00507,0.00696,0.00560,0.00651,0.00340,0.00261,0.00258,0.01855,0.05094,0.00193,0.00657,0.00774,,0.00868,0.00293,0.00646,0.00277,0.00462,0.00477,0.00273,0.01070,0.00406,0.00540,0.00518,0.00620,0.00462,0.00653,0.00719,0.00394,0.00439,0.00424,0.00707,0.00507,0.00886
2466,0.00243,0.01814,0.00289,0.01569,0.01012,0.01952,0.00395,0.00475,0.00573,0.01093,0.00085,0.00920,0.00677,0.00482,0.00643,0.00565,0.00689,0.00388,0.00197,0.00341,0.01860,0.05150,0.00152,0.00571,0.00836,,0.00915,0.00305,0.00702,0.00300,0.00516,0.00489,0.00307,0.00975,0.00417,0.00508,0.00511,0.00752,0.00545,0.00601,0.00891,0.00457,0.00481,0.00507,0.00766,0.00558,0.00727
2467,0.00339,0.01801,0.00517,0.01300,0.00642,0.02020,0.00649,0.00464,0.00417,0.00849,0.00237,0.00859,0.00778,0.00399,0.00413,0.00488,0.00592,0.00399,0.00321,0.00422,0.01818,0.05075,0.00241,0.00778,0.00804,,0.00887,0.00475,0.00704,0.00221,0.00440,0.00460,0.00221,0.01041,0.00512,0.00456,0.00565,0.00710,0.00579,0.00597,0.00690,0.00378,0.00542,0.00692,0.00965,0.00640,0.00416
2468,0.00550,0.01691,0.00577,0.01196,0.00558,0.02046,0.00627,0.00439,0.00496,0.00674,0.00143,0.00911,0.00780,0.00327,0.00325,0.00483,0.00573,0.00425,0.00335,0.00465,0.01807,0.05049,0.00292,0.00806,0.00791,,0.00891,0.00504,0.00725,0.00175,0.00427,0.00448,0.00178,0.01040,0.00531,0.00413,0.00616,0.00719,0.00577,0.00600,0.00680,0.00308,0.00550,0.00800,0.00996,0.00660,0.00225
2469,0.01199,0.01262,0.00562,0.01014,0.00778,0.01837,0.00690,0.00583,0.00371,0.00972,0.00466,0.00763,0.00750,0.00448,0.00288,0.00626,0.00678,0.00418,0.00290,0.00487,0.01792,0.04850,0.00388,0.00746,0.00796,,0.00846,0.00406,0.00794,0.00243,0.00519,0.00446,0.00150,0.01005,0.00473,0.00475,0.00508,0.00652,0.00421,0.00647,0.00616,0.00069,0.00500,0.00849,0.00661,0.00581,0.00276
2470,0.01466,0.01197,0.00580,0.00884,0.00885,0.01856,0.00688,0.00721,0.00361,0.01033,0.00714,0.00683,0.00769,0.00441,0.00225,0.00650,0.00672,0.00400,0.00301,0.00491,0.01766,0.04758,0.00420,0.00764,0.00785,,0.00826,0.00407,0.00832,0.00313,0.00489,0.00437,0.00143,0.01021,0.00480,0.00507,0.00476,0.00639,0.00390,0.00634,0.00529,0.00034,0.00506,0.00837,0.00600,0.00508,0.00315
2471,0.01784,0.01365,0.00484,0.00932,0.01193,0.02057,0.00099,0.00904,0.00954,0.00712,0.00443,0.00907,0.00802,0.00147,0.00271,0.00612,0.00564,0.00385,0.00236,0.00463,0.01750,0.04863,0.00348,0.00651,0.00740,,0.00867,0.00360,0.00863,0.00415,0.00322,0.00421,0.00197,0.01033,0.00502,0.00501,0.00593,0.00788,0.00423,0.00555,0.00676,0.00237,0.00555,0.00686,0.00716,0.00294,0.00469
2472,0.01882,0.01429,0.00432,0.01052,0.01203,0.02352,0.00038,0.00966,0.01133,0.00630,0.00442,0.00959,0.00758,0.00125,0.00304,0.00594,0.00589,0.00431,0.00243,0.00437,0.01776,0.04865,0.00331,0.00592,0.00755,,0.00901,0.00321,0.00877,0.00435,0.00329,0.00411,0.00209,0.01020,0.00498,0.00484,0.00630,0.00791,0.00490,0.00546,0.00701,0.00296,0.00513,0.00646,0.00666,0.00325,0.00398
2473,0.01399,0.01760,0.00449,0.01347,0.00818,0.03067,0.00616,0.00848,0.00915,0.00833,0.00956,0.00740,0.00675,0.00309,0.00203,0.00457,0.00606,0.00505,0.00415,0.00332,0.01836,0.04800,0.00337,0.00690,0.00834,,0.00930,0.00413,0.00858,0.00447,0.00393,0.00396,0.00222,0.01031,0.00544,0.00472,0.00603,0.00635,0.00757,0.00498,0.00375,0.00450,0.00423,0.00606,0.00649,0.00647,0.00140
2474,0.01122,0.02010,0.00442,0.01278,0.00718,0.03346,0.00718,0.01048,0.00754,0.00676,0.01179,0.00677,0.00692,0.00406,0.00257,0.00451,0.00678,0.00529,0.00487,0.00369,0.01829,0.04810,0.00265,0.00742,0.00842,,0.00953,0.00432,0.00837,0.00429,0.00393,0.00417,0.00233,0.01076,0.00545,0.00454,0.00609,0.00641,0.00784,0.00537,0.00405,0.00521,0.00402,0.00582,0.00705,0.00699,0.00175
2475,0.00896,0.02258,0.00536,0.01069,0.00520,0.03371,0.00796,0.01656,0.00218,0.00239,0.01151,0.00729,0.00680,0.00718,0.00599,0.00577,0.01019,0.00659,0.00505,0.00564,0.01843,0.04853,0.00096,0.00717,0.00841,,0.00995,0.00331,0.00803,0.00268,0.00518,0.00492,0.00194,0.01129,0.00457,0.00376,0.00618,0.00682,0.00658,0.00759,0.00888,0.00369,0.00269,0.00690,0.00620,0.00693,0.00224
2476,0.00838,0.02146,0.00291,0.00966,0.00537,0.03616,0.00770,0.01595,0.00304,0.00212,0.01252,0.00642,0.00629,0.00783,0.00613,0.00630,0.01099,0.00594,0.00501,0.00538,0.01847,0.04860,0.00105,0.00720,0.00877,,0.01040,0.00319,0.00775,0.00223,0.00575,0.00476,0.00165,0.01094,0.00432,0.00343,0.00628,0.00695,0.00584,0.00784,0.00844,0.00386,0.00293,0.00711,0.00615,0.00822,0.00147
2477,0.01081,0.01762,-0.00391,0.00401,0.01037,0.03903,0.00134,0.01342,0.00922,0.00093,0.01540,0.00398,0.00751,0.00587,0.00445,0.00759,0.00962,0.00264,0.00465,0.00467,0.01731,0.04892,0.00185,0.00780,0.00862,,0.01109,0.00388,0.00685,0.00270,0.00506,0.00388,0.00131,0.01035,0.00437,0.00325,0.00650,0.00873,0.00285,0.00691,0.00560,0.00585,0.00577,0.00601,0.00927,0.00818,0.00329
2478,0.00651,0.01682,-0.00325,0.00420,0.01061,0.03574,0.00341,0.01231,0.00956,0.00282,0.01407,0.00549,0.00666,0.00476,0.00484,0.00726,0.00952,0.00177,0.00393,0.00495,0.01719,0.04911,0.00144,0.00875,0.00875,,0.01054,0.00400,0.00731,0.00254,0.00437,0.00429,0.00163,0.01067,0.00401,0.00418,0.00652,0.00857,0.00294,0.00767,0.00591,0.00469,0.00608,0.00651,0.00859,0.00817,0.00426
2479,-0.00397,0.01313,-0.00001,0.01148,0.00790,0.02512,0.01346,0.00278,0.01198,0.01248,0.01047,0.00937,0.00266,0.00233,0.00414,0.00513,0.00893,0.00082,0.00213,0.00351,0.01809,0.04881,0.00192,0.00957,0.00986,,0.00948,0.00397,0.00895,0.00211,0.00387,0.00515,0.00253,0.01049,0.00328,0.00613,0.00672,0.00610,0.00585,0.00825,0.00334,0.00136,0.00515,0.00831,0.00391,0.01076,0.00133
2480,-0.00113,0.01262,0.00460,0.01386,0.00925,0.04410,0.00735,0.00265,0.01216,0.01022,0.00957,0.00931,0.00348,0.00535,0.00471,0.00663,0.00755,0.00181,0.00290,0.00544,0.01779,0.04882,0.00149,0.01138,0.00944,,0.00647,0.00389,0.00907,0.00139,0.00335,0.00526,0.00321,0.01098,0.00389,0.00574,0.00536,0.00628,0.00620,0.00840,0.00728,0.00053,0.00599,0.00919,0.00132,0.01175,0.00198
2481,0.00437,0.01788,0.00814,0.01511,0.00879,0.04948,0.00963,0.00805,0.00775,0.01225,-0.00160,0.01215,0.00409,0.00619,0.00428,0.00664,0.00877,0.00368,0.00334,0.00635,0.01848,0.04944,0.00157,0.01299,0.01012,,0.00467,0.00311,0.01036,0.00272,0.00325,0.00492,0.00283,0.01236,0.00563,0.00709,0.00400,0.00651,0.00745,0.01031,0.01348,0.00118,0.00710,0.00901,0.00297,0.01103,0.00543
2482,0.01127,0.02057,0.00277,0.01829,0.01090,0.05765,0.01323,0.01338,0.01025,0.00872,-0.00100,0.01797,0.00833,0.00750,0.00816,0.00703,0.01057,0.00644,0.00536,0.00520,0.02003,0.04899,0.00563,0.01196,0.00993,,0.00680,0.00320,0.01045,0.00444,0.00457,0.00456,0.00287,0.01415,0.00698,0.00748,0.00283,0.00708,0.00796,0.01031,0.00869,0.00503,0.00555,0.00898,0.00605,0.01333,0.00904
2483,0.01821,0.01878,-0.00398,0.01989,0.01507,0.07618,0.00634,0.01392,0.00772,0.00633,-0.00033,0.01777,0.00986,0.00878,0.00965,0.00698,0.00805,0.00877,0.00673,0.00546,0.02047,0.04811,0.00845,0.01005,0.00886,,0.00816,0.00355,0.00757,0.00431,0.00607,0.00362,0.00308,0.01258,0.00673,0.00748,0.00309,0.00760,0.00569,0.00996,0.00291,0.00593,0.00472,0.01092,0.00563,0.01653,0.00999
2484,0.02268,0.01767,-0.00207,0.01252,0.01650,0.04302,0.00422,0.02203,0.00195,0.00550,0.01146,0.02124,0.00958,0.00664,0.01133,0.00566,0.00778,0.00477,0.00623,0.00595,0.02022,0.04803,0.00430,0.00996,0.00885,,0.01049,0.00279,0.00750,0.00277,0.00497,0.00433,0.00161,0.01277,0.00592,0.00902,0.00418,0.00724,0.00386,0.01018,-0.00068,0.00114,0.00426,0.01402,0.00634,0.01421,0.00524
2485,0.02375,0.01621,-0.00222,0.01259,0.01646,0.03143,0.00660,0.02630,-0.00313,0.00480,0.01659,0.02484,0.01042,0.00520,0.01302,0.00494,0.00684,0.00487,0.00687,0.00653,0.02087,0.04758,0.00416,0.00929,0.00847,,0.01130,0.00239,0.00714,0.00225,0.00470,0.00493,0.00121,0.01343,0.00543,0.00945,0.00528,0.00639,0.00470,0.01057,-0.00186,0.00014,0.00411,0.01429,0.00657,0.01551,0.00452
2486,0.02942,0.00795,-0.00160,0.01409,0.01237,0.03149,0.00194,0.02234,-0.00894,0.00534,0.01592,0.02078,0.01027,0.00511,0.00791,0.00576,0.00253,0.00566,0.00829,0.00763,0.02181,0.04681,0.00426,0.00959,0.00822,,0.00876,0.00034,0.00684,0.00092,0.00407,0.00387,-0.00137,0.01387,0.00677,0.00674,0.00790,0.00491,0.00925,0.01111,0.00771,0.00214,0.00965,0.00900,0.00660,0.02088,-0.00172
2487,0.03282,0.00828,0.00045,0.01223,0.01513,0.03385,0.00510,0.02189,-0.01155,0.00674,0.01925,0.02278,0.01210,0.00418,0.00587,0.00704,0.00277,0.00532,0.00937,0.00747,0.02214,0.04721,0.00432,0.00983,0.01027,,0.00758,0.00016,0.00692,0.00118,0.00473,0.00415,-0.00166,0.01352,0.00623,0.00574,0.00781,0.00445,0.00976,0.01099,0.01083,0.00351,0.01135,0.00727,0.00903,0.02299,0.00054
2488,0.02223,0.02080,0.00410,0.01765,0.02495,0.06582,0.03167,0.02129,-0.01342,0.01070,0.01856,0.03814,0.01767,0.00079,0.01080,0.00946,0.00823,0.00941,0.01204,0.00562,0.02333,0.04899,0.01007,0.00806,0.01502,,0.00595,0.00175,0.00608,0.00460,0.00808,0.00670,0.00282,0.01393,0.00238,0.00546,0.00453,0.00326,0.00995,0.01033,0.00749,0.00844,0.00851,0.00552,0.01271,0.02698,0.02030
2489,0.01984,0.02162,0.00461,0.01944,0.02477,0.06304,0.03793,0.02331,-0.01329,0.01361,0.01992,0.03724,0.01872,0.00095,0.00860,0.00911,0.00973,0.01039,0.01155,0.00621,0.02379,0.04866,0.01067,0.00917,0.01598,,0.00548,0.00318,0.00726,0.00553,0.00787,0.00750,0.00418,0.01324,0.00178,0.00651,0.00552,0.00360,0.00950,0.01090,0.01010,0.00897,0.00738,0.00686,0.01476,0.02802,0.02782
2490,0.03128,0.01700,0.00378,0.01064,0.02262,0.03515,0.02814,0.03282,-0.00581,0.01616,0.03004,0.02630,0.01849,0.00477,-0.00375,0.00693,0.01131,0.00496,0.00799,0.00842,0.02261,0.04713,0.00458,0.01507,0.01751,,0.00555,0.00748,0.01222,0.00628,0.00516,0.00806,0.00427,0.00945,0.00232,0.01011,0.00748,0.00695,0.00375,0.01136,0.01721,0.00424,0.00522,0.01540,0.01836,0.02310,0.02697
2491,0.02597,0.01971,0.00639,0.01010,0.02250,0.02564,0.02966,0.02953,-0.00132,0.01853,0.03145,0.01802,0.01741,0.00552,-0.00329,0.00799,0.01275,0.00354,0.00599,0.00877,0.02145,0.04807,0.00294,0.01535,0.01628,,0.00662,0.00766,0.01287,0.00581,0.00558,0.00778,0.00526,0.00879,0.00307,0.01106,0.00737,0.00796,0.00117,0.01111,0.01661,0.00267,0.00364,0.01674,0.02019,0.02028,0.03064
2492,0.00515,0.01707,0.00754,0.01675,0.01327,-0.00647,0.02600,0.00937,0.00321,0.01913,0.02395,-0.00852,0.01138,0.00660,0.00334,0.00775,0.00897,0.00487,0.00111,0.00988,0.01950,0.04905,0.00203,0.01300,0.00784,,0.01003,0.00421,0.01210,0.00166,0.00560,0.00606,0.00512,0.01008,0.00748,0.01159,0.01108,0.00843,0.00073,0.01276,0.01171,0.00095,0.00232,0.01520,0.01942,0.01479,0.03528
2493,0.01282,0.02015,0.00735,0.01764,0.00702,-0.00040,0.02032,0.01338,0.00706,0.02496,0.01969,-0.00919,0.00899,0.00716,0.00406,0.00855,0.01064,0.00523,-0.00015,0.01025,0.01951,0.04754,0.00135,0.01217,0.00613,,0.01198,0.00483,0.01108,0.00112,0.00454,0.00423,0.00531,0.00992,0.00757,0.01185,0.01129,0.00875,0.00254,0.01365,0.01638,-0.00112,0.00182,0.01462,0.01751,0.01536,0.03404
2494,0.03155,0.03938,0.01132,0.01769,0.00796,0.05281,0.02028,0.02508,0.00886,0.03711,0.01189,0.01591,0.00628,0.00486,0.01200,0.01554,0.02139,0.00647,0.00249,0.00708,0.01984,0.04698,0.00336,0.00676,0.00782,,0.01525,0.00498,0.00563,0.00158,0.00587,0.00075,0.00660,0.01079,0.00426,0.00961,0.00409,0.00698,0.00622,0.01135,0.01935,-0.00292,0.00226,0.00825,0.01373,0.02255,0.03077
2495,0.07489,0.03102,0.01588,0.01305,0.00589,0.05299,0.00508,0.04557,0.03219,0.03796,0.02008,0.01398,0.00303,0.01568,0.01037,0.01243,0.01616,0.00537,0.00031,0.01096,0.02250,0.05115,0.00451,0.01009,0.00857,,0.01006,0.00428,0.00609,0.00508,0.00486,0.00116,0.00728,0.01311,0.00485,0.01040,0.00616,0.01015,0.00531,0.01145,0.02316,0.00305,0.00819,0.01936,0.02220,0.02958,0.03531
2496,0.07342,0.02205,0.01377,0.01483,0.00501,0.03876,0.00740,0.06595,0.02963,0.03821,0.02518,0.01857,0.00831,0.01362,0.00537,0.00957,0.00878,0.00675,0.00405,0.01433,0.02632,0.05520,0.00256,0.01493,0.00939,,0.00862,0.00668,0.00921,0.01087,0.00402,0.00392,0.00759,0.01108,0.00563,0.01424,0.01070,0.01431,0.01068,0.01489,0.03260,0.00498,0.00697,0.02157,0.02490,0.02538,0.02976
2497,0.03630,0.01964,0.01880,0.01981,0.01512,0.00637,0.02556,0.05855,0.00682,0.04225,0.04284,0.02636,0.00470,0.01080,0.01076,0.00908,0.00803,0.01205,0.00965,0.01184,0.02940,0.06380,0.00133,0.01451,0.00954,,0.01348,0.00833,0.00897,0.00811,0.00638,0.00917,0.00813,0.00719,0.00984,0.01549,0.01086,0.01230,0.01552,0.01508,0.03355,0.01025,0.00622,0.01718,0.02382,0.02326,0.02910
2498,0.03627,0.01739,0.02378,0.01714,0.02514,0.00514,0.02743,0.04794,-0.00301,0.04286,0.05753,0.00520,0.01006,0.01756,0.01286,0.00557,0.00250,0.01337,0.00697,0.00987,0.02521,0.06225,-0.00053,0.01543,0.00894,,0.01173,0.00774,0.00762,0.00441,0.00902,0.01127,0.00759,0.00698,0.01071,0.00975,0.01081,0.00718,0.01370,0.01535,0.02302,0.01742,0.00818,0.01699,0.02030,0.02394,0.03460
2499,0.00897,0.04055,0.00568,0.00311,0.02482,0.09354,0.03064,0.04474,0.00657,0.01378,0.08794,0.01501,0.00553,0.02071,0.00391,0.00947,0.01109,0.01492,0.01100,0.01044,0.02306,0.04297,-0.00159,0.01887,0.00066,,0.01433,0.00552,0.00579,0.00319,0.00583,0.00554,0.00378,0.00439,0.00600,0.00708,0.00635,0.00596,0.01485,0.01334,0.01760,0.01190,-0.00148,0.01369,0.00688,0.02027,0.00495
