obs_id,source,source_line,campaign,year,station,date,sampling_stratum,sample_tool,obs_state,ice_cells_ml,upper_bound,raw_value,abiotic_load,note,station_lat,station_lon,doi,version,sha256,gps_lat,gps_lon,hours_dsr_cor,hours_usr_cor,hours_albedo,snow_height_max,daily_albedo,radiation_status,sat_status,n_candidates,best_scene,best_scene_dt_days,best_scene_tile_cloud,candidates,match_lat,match_lon,position_basis,spatial_support,counting_protocol,target,role,qc_exclusion
PROMBIO2021_QAS_U_under,PROMBIO 2021-2023,3,PROMBIO 2021,2021,QAS_U,2021-09-02,under radiometer,not stated,left_censored,,1000.0,<1000,high,NA,61.172265,-46.822545,https://doi.org/10.22008/FK2/IJA2Y4,2.0,b38b141a0d0e72b6403b7dd40ce0a1365ab07e959a68460fe656002b56a1b0f1,61.173137,-46.821316,24.0,24.0,7.0,0.2923,0.46581861748420805,available,candidate,12.0,S2B_23VMH_20210906_1_L2A,4.61,0.83532,"[""S2A_23VLH_20210901_0_L2A"", ""S2A_23VLH_20210901_1_L2A"", ""S2A_23VMH_20210901_0_L2A"", ""S2A_23VMH_20210901_1_L2A"", ""S2B_23VMH_20210903_0_L2A"", ""S2B_23VMH_20210903_1_L2A"", ""S2B_23VLH_20210903_1_L2A"", ""S2B_23VLH_20210903_0_L2A"", ""S2B_23VMH_20210906_1_L2A"", ""S2B_23VMH_20210906_0_L2A"", ""S2B_23VLH_20210906_1_L2A"", ""S2B_23VLH_20210906_0_L2A""]",61.172265,-46.822545,"station position (workbook/GPS), NOT the sample position","sample under the station radiometer (~cm² scrape, top 2 cm); radiometer footprint ~10-100 m²","haemocytometer, 2 µl counted, LOD 1000 cells/mL, PFA-preserved",ice algae (snow algae separate),development,
PROMBIO2021_QAS_U_average,PROMBIO 2021-2023,3,PROMBIO 2021,2021,QAS_U,2021-09-02,average ice in the area,not stated,missing,,,NA,high,NA,61.172265,-46.822545,https://doi.org/10.22008/FK2/IJA2Y4,2.0,b38b141a0d0e72b6403b7dd40ce0a1365ab07e959a68460fe656002b56a1b0f1,61.173137,-46.821316,24.0,24.0,7.0,0.2923,0.46581861748420805,available,candidate,12.0,S2B_23VMH_20210906_1_L2A,4.61,0.83532,"[""S2A_23VLH_20210901_0_L2A"", ""S2A_23VLH_20210901_1_L2A"", ""S2A_23VMH_20210901_0_L2A"", ""S2A_23VMH_20210901_1_L2A"", ""S2B_23VMH_20210903_0_L2A"", ""S2B_23VMH_20210903_1_L2A"", ""S2B_23VLH_20210903_1_L2A"", ""S2B_23VLH_20210903_0_L2A"", ""S2B_23VMH_20210906_1_L2A"", ""S2B_23VMH_20210906_0_L2A"", ""S2B_23VLH_20210906_1_L2A"", ""S2B_23VLH_20210906_0_L2A""]",61.172265,-46.822545,"station position (workbook/GPS), NOT the sample position",one sample chosen as representative (subjective),"haemocytometer, 2 µl counted, LOD 1000 cells/mL, PFA-preserved",ice algae (snow algae separate),development,excluded: observation state missing
PROMBIO2021_QAS_U_dark,PROMBIO 2021-2023,3,PROMBIO 2021,2021,QAS_U,2021-09-02,dark ice,not stated,missing,,,NA,high,NA,61.172265,-46.822545,https://doi.org/10.22008/FK2/IJA2Y4,2.0,b38b141a0d0e72b6403b7dd40ce0a1365ab07e959a68460fe656002b56a1b0f1,61.173137,-46.821316,24.0,24.0,7.0,0.2923,0.46581861748420805,available,candidate,12.0,S2B_23VMH_20210906_1_L2A,4.61,0.83532,"[""S2A_23VLH_20210901_0_L2A"", ""S2A_23VLH_20210901_1_L2A"", ""S2A_23VMH_20210901_0_L2A"", ""S2A_23VMH_20210901_1_L2A"", ""S2B_23VMH_20210903_0_L2A"", ""S2B_23VMH_20210903_1_L2A"", ""S2B_23VLH_20210903_1_L2A"", ""S2B_23VLH_20210903_0_L2A"", ""S2B_23VMH_20210906_1_L2A"", ""S2B_23VMH_20210906_0_L2A"", ""S2B_23VLH_20210906_1_L2A"", ""S2B_23VLH_20210906_0_L2A""]",61.172265,-46.822545,"station position (workbook/GPS), NOT the sample position",targeted dark ice (biased high; not an area mean),"haemocytometer, 2 µl counted, LOD 1000 cells/mL, PFA-preserved",ice algae (snow algae separate),development,excluded: observation state missing
PROMBIO2021_QAS_M_under,PROMBIO 2021-2023,4,PROMBIO 2021,2021,QAS_M,2021-08-31,under radiometer,not stated,observed,2430.0,,2430,high,NA,61.109911,-46.808667,https://doi.org/10.22008/FK2/IJA2Y4,2.0,b38b141a0d0e72b6403b7dd40ce0a1365ab07e959a68460fe656002b56a1b0f1,61.098465,-46.833615,22.0,22.0,3.0,0.0768,0.8526489301215311,available,candidate,12.0,S2A_23VMH_20210829_0_L2A,1.39,10.164745,"[""S2A_23VLH_20210829_0_L2A"", ""S2A_23VLH_20210829_1_L2A"", ""S2A_23VMH_20210829_0_L2A"", ""S2A_23VMH_20210829_1_L2A"", ""S2A_23VMH_20210901_1_L2A"", ""S2A_23VMH_20210901_0_L2A"", ""S2A_23VLH_20210901_1_L2A"", ""S2A_23VLH_20210901_0_L2A"", ""S2B_23VMH_20210903_0_L2A"", ""S2B_23VMH_20210903_1_L2A"", ""S2B_23VLH_20210903_1_L2A"", ""S2B_23VLH_20210903_0_L2A""]",61.109911,-46.808667,"station position (workbook/GPS), NOT the sample position","sample under the station radiometer (~cm² scrape, top 2 cm); radiometer footprint ~10-100 m²","haemocytometer, 2 µl counted, LOD 1000 cells/mL, PFA-preserved",ice algae (snow algae separate),development,
PROMBIO2021_QAS_M_average,PROMBIO 2021-2023,4,PROMBIO 2021,2021,QAS_M,2021-08-31,average ice in the area,not stated,observed,31100.0,,31100,high,NA,61.109911,-46.808667,https://doi.org/10.22008/FK2/IJA2Y4,2.0,b38b141a0d0e72b6403b7dd40ce0a1365ab07e959a68460fe656002b56a1b0f1,61.098465,-46.833615,22.0,22.0,3.0,0.0768,0.8526489301215311,available,candidate,12.0,S2A_23VMH_20210829_0_L2A,1.39,10.164745,"[""S2A_23VLH_20210829_0_L2A"", ""S2A_23VLH_20210829_1_L2A"", ""S2A_23VMH_20210829_0_L2A"", ""S2A_23VMH_20210829_1_L2A"", ""S2A_23VMH_20210901_1_L2A"", ""S2A_23VMH_20210901_0_L2A"", ""S2A_23VLH_20210901_1_L2A"", ""S2A_23VLH_20210901_0_L2A"", ""S2B_23VMH_20210903_0_L2A"", ""S2B_23VMH_20210903_1_L2A"", ""S2B_23VLH_20210903_1_L2A"", ""S2B_23VLH_20210903_0_L2A""]",61.109911,-46.808667,"station position (workbook/GPS), NOT the sample position",one sample chosen as representative (subjective),"haemocytometer, 2 µl counted, LOD 1000 cells/mL, PFA-preserved",ice algae (snow algae separate),development,
PROMBIO2021_QAS_M_dark,PROMBIO 2021-2023,4,PROMBIO 2021,2021,QAS_M,2021-08-31,dark ice,not stated,observed,189000.0,,189000,high,NA,61.109911,-46.808667,https://doi.org/10.22008/FK2/IJA2Y4,2.0,b38b141a0d0e72b6403b7dd40ce0a1365ab07e959a68460fe656002b56a1b0f1,61.098465,-46.833615,22.0,22.0,3.0,0.0768,0.8526489301215311,available,candidate,12.0,S2A_23VMH_20210829_0_L2A,1.39,10.164745,"[""S2A_23VLH_20210829_0_L2A"", ""S2A_23VLH_20210829_1_L2A"", ""S2A_23VMH_20210829_0_L2A"", ""S2A_23VMH_20210829_1_L2A"", ""S2A_23VMH_20210901_1_L2A"", ""S2A_23VMH_20210901_0_L2A"", ""S2A_23VLH_20210901_1_L2A"", ""S2A_23VLH_20210901_0_L2A"", ""S2B_23VMH_20210903_0_L2A"", ""S2B_23VMH_20210903_1_L2A"", ""S2B_23VLH_20210903_1_L2A"", ""S2B_23VLH_20210903_0_L2A""]",61.109911,-46.808667,"station position (workbook/GPS), NOT the sample position",targeted dark ice (biased high; not an area mean),"haemocytometer, 2 µl counted, LOD 1000 cells/mL, PFA-preserved",ice algae (snow algae separate),development,
PROMBIO2021_QAS_L_under,PROMBIO 2021-2023,5,PROMBIO 2021,2021,QAS_L,2021-09-01,under radiometer,not stated,observed,116000.0,,116000,high,NA,61.030653,-46.849501,https://doi.org/10.22008/FK2/IJA2Y4,2.0,b38b141a0d0e72b6403b7dd40ce0a1365ab07e959a68460fe656002b56a1b0f1,61.030511,-46.849714,23.0,23.0,8.0,0.4663,0.17163157749189306,available,candidate,12.0,S2A_23VMH_20210829_0_L2A,2.39,10.164745,"[""S2A_23VMH_20210901_1_L2A"", ""S2A_23VMH_20210901_0_L2A"", ""S2A_23VLH_20210901_1_L2A"", ""S2A_23VLH_20210901_0_L2A"", ""S2A_23VLH_20210829_0_L2A"", ""S2A_23VLH_20210829_1_L2A"", ""S2A_23VMH_20210829_0_L2A"", ""S2A_23VMH_20210829_1_L2A"", ""S2B_23VMH_20210903_0_L2A"", ""S2B_23VMH_20210903_1_L2A"", ""S2B_23VLH_20210903_1_L2A"", ""S2B_23VLH_20210903_0_L2A""]",61.030653,-46.849501,"station position (workbook/GPS), NOT the sample position","sample under the station radiometer (~cm² scrape, top 2 cm); radiometer footprint ~10-100 m²","haemocytometer, 2 µl counted, LOD 1000 cells/mL, PFA-preserved",ice algae (snow algae separate),development,
PROMBIO2021_QAS_L_average,PROMBIO 2021-2023,5,PROMBIO 2021,2021,QAS_L,2021-09-01,average ice in the area,not stated,missing,,,NA,high,NA,61.030653,-46.849501,https://doi.org/10.22008/FK2/IJA2Y4,2.0,b38b141a0d0e72b6403b7dd40ce0a1365ab07e959a68460fe656002b56a1b0f1,61.030511,-46.849714,23.0,23.0,8.0,0.4663,0.17163157749189306,available,candidate,12.0,S2A_23VMH_20210829_0_L2A,2.39,10.164745,"[""S2A_23VMH_20210901_1_L2A"", ""S2A_23VMH_20210901_0_L2A"", ""S2A_23VLH_20210901_1_L2A"", ""S2A_23VLH_20210901_0_L2A"", ""S2A_23VLH_20210829_0_L2A"", ""S2A_23VLH_20210829_1_L2A"", ""S2A_23VMH_20210829_0_L2A"", ""S2A_23VMH_20210829_1_L2A"", ""S2B_23VMH_20210903_0_L2A"", ""S2B_23VMH_20210903_1_L2A"", ""S2B_23VLH_20210903_1_L2A"", ""S2B_23VLH_20210903_0_L2A""]",61.030653,-46.849501,"station position (workbook/GPS), NOT the sample position",one sample chosen as representative (subjective),"haemocytometer, 2 µl counted, LOD 1000 cells/mL, PFA-preserved",ice algae (snow algae separate),development,excluded: observation state missing
PROMBIO2021_QAS_L_dark,PROMBIO 2021-2023,5,PROMBIO 2021,2021,QAS_L,2021-09-01,dark ice,not stated,missing,,,NA,high,NA,61.030653,-46.849501,https://doi.org/10.22008/FK2/IJA2Y4,2.0,b38b141a0d0e72b6403b7dd40ce0a1365ab07e959a68460fe656002b56a1b0f1,61.030511,-46.849714,23.0,23.0,8.0,0.4663,0.17163157749189306,available,candidate,12.0,S2A_23VMH_20210829_0_L2A,2.39,10.164745,"[""S2A_23VMH_20210901_1_L2A"", ""S2A_23VMH_20210901_0_L2A"", ""S2A_23VLH_20210901_1_L2A"", ""S2A_23VLH_20210901_0_L2A"", ""S2A_23VLH_20210829_0_L2A"", ""S2A_23VLH_20210829_1_L2A"", ""S2A_23VMH_20210829_0_L2A"", ""S2A_23VMH_20210829_1_L2A"", ""S2B_23VMH_20210903_0_L2A"", ""S2B_23VMH_20210903_1_L2A"", ""S2B_23VLH_20210903_1_L2A"", ""S2B_23VLH_20210903_0_L2A""]",61.030653,-46.849501,"station position (workbook/GPS), NOT the sample position",targeted dark ice (biased high; not an area mean),"haemocytometer, 2 µl counted, LOD 1000 cells/mL, PFA-preserved",ice algae (snow algae separate),development,excluded: observation state missing
PROMBIO2023_QAS_U_under,PROMBIO 2021-2023,6,PROMBIO 2023,2023,QAS_U,2023-08-31,under radiometer,"ice screw (report §2, 2023)",observed,2000.0,,2000,high,heavy load of minerals,61.172265,-46.822545,https://doi.org/10.22008/FK2/IJA2Y4,2.0,b38b141a0d0e72b6403b7dd40ce0a1365ab07e959a68460fe656002b56a1b0f1,61.17234,-46.822394,22.0,22.0,7.0,0.1045,0.2510191813376801,available,candidate,6.0,S2A_23VLH_20230901_0_L2A,1.62,42.6965,"[""S2A_23VLH_20230829_0_L2A"", ""S2A_23VMH_20230829_0_L2A"", ""S2A_23VMH_20230901_0_L2A"", ""S2A_23VLH_20230901_0_L2A"", ""S2B_23VMH_20230903_0_L2A"", ""S2B_23VLH_20230903_0_L2A""]",61.172265,-46.822545,"station position (workbook/GPS), NOT the sample position","sample under the station radiometer (~cm² scrape, top 2 cm); radiometer footprint ~10-100 m²","haemocytometer, 2 µl counted, LOD 1000 cells/mL, PFA-preserved",ice algae (snow algae separate),development,
PROMBIO2023_QAS_U_average,PROMBIO 2021-2023,6,PROMBIO 2023,2023,QAS_U,2023-08-31,average ice in the area,"ice screw (report §2, 2023)",observed,1500.0,,1500,high,heavy load of minerals,61.172265,-46.822545,https://doi.org/10.22008/FK2/IJA2Y4,2.0,b38b141a0d0e72b6403b7dd40ce0a1365ab07e959a68460fe656002b56a1b0f1,61.17234,-46.822394,22.0,22.0,7.0,0.1045,0.2510191813376801,available,candidate,6.0,S2A_23VLH_20230901_0_L2A,1.62,42.6965,"[""S2A_23VLH_20230829_0_L2A"", ""S2A_23VMH_20230829_0_L2A"", ""S2A_23VMH_20230901_0_L2A"", ""S2A_23VLH_20230901_0_L2A"", ""S2B_23VMH_20230903_0_L2A"", ""S2B_23VLH_20230903_0_L2A""]",61.172265,-46.822545,"station position (workbook/GPS), NOT the sample position",one sample chosen as representative (subjective),"haemocytometer, 2 µl counted, LOD 1000 cells/mL, PFA-preserved",ice algae (snow algae separate),development,
PROMBIO2023_QAS_U_dark,PROMBIO 2021-2023,6,PROMBIO 2023,2023,QAS_U,2023-08-31,dark ice,"ice screw (report §2, 2023)",left_censored,,1000.0,<1000,high,heavy load of minerals,61.172265,-46.822545,https://doi.org/10.22008/FK2/IJA2Y4,2.0,b38b141a0d0e72b6403b7dd40ce0a1365ab07e959a68460fe656002b56a1b0f1,61.17234,-46.822394,22.0,22.0,7.0,0.1045,0.2510191813376801,available,candidate,6.0,S2A_23VLH_20230901_0_L2A,1.62,42.6965,"[""S2A_23VLH_20230829_0_L2A"", ""S2A_23VMH_20230829_0_L2A"", ""S2A_23VMH_20230901_0_L2A"", ""S2A_23VLH_20230901_0_L2A"", ""S2B_23VMH_20230903_0_L2A"", ""S2B_23VLH_20230903_0_L2A""]",61.172265,-46.822545,"station position (workbook/GPS), NOT the sample position",targeted dark ice (biased high; not an area mean),"haemocytometer, 2 µl counted, LOD 1000 cells/mL, PFA-preserved",ice algae (snow algae separate),development,
PROMBIO2023_QAS_M_under,PROMBIO 2021-2023,7,PROMBIO 2023,2023,QAS_M,2023-08-31,under radiometer,"ice screw (report §2, 2023)",observed,17000.0,,17000,high,lots of cryoconite material,61.109911,-46.808667,https://doi.org/10.22008/FK2/IJA2Y4,2.0,b38b141a0d0e72b6403b7dd40ce0a1365ab07e959a68460fe656002b56a1b0f1,61.1097,-46.808732,0.0,0.0,9.0,0.0902,,insufficient tilt-corrected SW,candidate,6.0,S2A_23VLH_20230901_0_L2A,1.62,42.6965,"[""S2A_23VLH_20230829_0_L2A"", ""S2A_23VMH_20230829_0_L2A"", ""S2A_23VMH_20230901_0_L2A"", ""S2A_23VLH_20230901_0_L2A"", ""S2B_23VMH_20230903_0_L2A"", ""S2B_23VLH_20230903_0_L2A""]",61.109911,-46.808667,"station position (workbook/GPS), NOT the sample position","sample under the station radiometer (~cm² scrape, top 2 cm); radiometer footprint ~10-100 m²","haemocytometer, 2 µl counted, LOD 1000 cells/mL, PFA-preserved",ice algae (snow algae separate),development,
PROMBIO2023_QAS_M_average,PROMBIO 2021-2023,7,PROMBIO 2023,2023,QAS_M,2023-08-31,average ice in the area,"ice screw (report §2, 2023)",observed,54500.0,,54500,high,good diversity of cells and cells in chains,61.109911,-46.808667,https://doi.org/10.22008/FK2/IJA2Y4,2.0,b38b141a0d0e72b6403b7dd40ce0a1365ab07e959a68460fe656002b56a1b0f1,61.1097,-46.808732,0.0,0.0,9.0,0.0902,,insufficient tilt-corrected SW,candidate,6.0,S2A_23VLH_20230901_0_L2A,1.62,42.6965,"[""S2A_23VLH_20230829_0_L2A"", ""S2A_23VMH_20230829_0_L2A"", ""S2A_23VMH_20230901_0_L2A"", ""S2A_23VLH_20230901_0_L2A"", ""S2B_23VMH_20230903_0_L2A"", ""S2B_23VLH_20230903_0_L2A""]",61.109911,-46.808667,"station position (workbook/GPS), NOT the sample position",one sample chosen as representative (subjective),"haemocytometer, 2 µl counted, LOD 1000 cells/mL, PFA-preserved",ice algae (snow algae separate),development,
PROMBIO2023_QAS_M_dark,PROMBIO 2021-2023,7,PROMBIO 2023,2023,QAS_M,2023-08-31,dark ice,"ice screw (report §2, 2023)",observed,9500.0,,9500,high,lots of cryoconite material,61.109911,-46.808667,https://doi.org/10.22008/FK2/IJA2Y4,2.0,b38b141a0d0e72b6403b7dd40ce0a1365ab07e959a68460fe656002b56a1b0f1,61.1097,-46.808732,0.0,0.0,9.0,0.0902,,insufficient tilt-corrected SW,candidate,6.0,S2A_23VLH_20230901_0_L2A,1.62,42.6965,"[""S2A_23VLH_20230829_0_L2A"", ""S2A_23VMH_20230829_0_L2A"", ""S2A_23VMH_20230901_0_L2A"", ""S2A_23VLH_20230901_0_L2A"", ""S2B_23VMH_20230903_0_L2A"", ""S2B_23VLH_20230903_0_L2A""]",61.109911,-46.808667,"station position (workbook/GPS), NOT the sample position",targeted dark ice (biased high; not an area mean),"haemocytometer, 2 µl counted, LOD 1000 cells/mL, PFA-preserved",ice algae (snow algae separate),development,
PROMBIO2023_QAS_L_under,PROMBIO 2021-2023,8,PROMBIO 2023,2023,QAS_L,2023-09-01,under radiometer,"ice screw (report §2, 2023)",observed,213000.0,,213000,high,mostly small single cells,61.030653,-46.849501,https://doi.org/10.22008/FK2/IJA2Y4,2.0,b38b141a0d0e72b6403b7dd40ce0a1365ab07e959a68460fe656002b56a1b0f1,61.030663,-46.849475,23.0,23.0,7.0,0.1457,0.12651891457536152,available,candidate,6.0,S2A_23VLH_20230901_0_L2A,0.62,42.6965,"[""S2A_23VMH_20230901_0_L2A"", ""S2A_23VLH_20230901_0_L2A"", ""S2A_23VLH_20230829_0_L2A"", ""S2A_23VMH_20230829_0_L2A"", ""S2B_23VMH_20230903_0_L2A"", ""S2B_23VLH_20230903_0_L2A""]",61.030653,-46.849501,"station position (workbook/GPS), NOT the sample position","sample under the station radiometer (~cm² scrape, top 2 cm); radiometer footprint ~10-100 m²","haemocytometer, 2 µl counted, LOD 1000 cells/mL, PFA-preserved",ice algae (snow algae separate),development,
PROMBIO2023_QAS_L_average,PROMBIO 2021-2023,8,PROMBIO 2023,2023,QAS_L,2023-09-01,average ice in the area,"ice screw (report §2, 2023)",observed,489000.0,,489000,high,good diversity of cells and cells in chains,61.030653,-46.849501,https://doi.org/10.22008/FK2/IJA2Y4,2.0,b38b141a0d0e72b6403b7dd40ce0a1365ab07e959a68460fe656002b56a1b0f1,61.030663,-46.849475,23.0,23.0,7.0,0.1457,0.12651891457536152,available,candidate,6.0,S2A_23VLH_20230901_0_L2A,0.62,42.6965,"[""S2A_23VMH_20230901_0_L2A"", ""S2A_23VLH_20230901_0_L2A"", ""S2A_23VLH_20230829_0_L2A"", ""S2A_23VMH_20230829_0_L2A"", ""S2B_23VMH_20230903_0_L2A"", ""S2B_23VLH_20230903_0_L2A""]",61.030653,-46.849501,"station position (workbook/GPS), NOT the sample position",one sample chosen as representative (subjective),"haemocytometer, 2 µl counted, LOD 1000 cells/mL, PFA-preserved",ice algae (snow algae separate),development,
PROMBIO2023_QAS_L_dark,PROMBIO 2021-2023,8,PROMBIO 2023,2023,QAS_L,2023-09-01,dark ice,"ice screw (report §2, 2023)",observed,28000.0,,28000,high,mostly big single cells,61.030653,-46.849501,https://doi.org/10.22008/FK2/IJA2Y4,2.0,b38b141a0d0e72b6403b7dd40ce0a1365ab07e959a68460fe656002b56a1b0f1,61.030663,-46.849475,23.0,23.0,7.0,0.1457,0.12651891457536152,available,candidate,6.0,S2A_23VLH_20230901_0_L2A,0.62,42.6965,"[""S2A_23VMH_20230901_0_L2A"", ""S2A_23VLH_20230901_0_L2A"", ""S2A_23VLH_20230829_0_L2A"", ""S2A_23VMH_20230829_0_L2A"", ""S2B_23VMH_20230903_0_L2A"", ""S2B_23VLH_20230903_0_L2A""]",61.030653,-46.849501,"station position (workbook/GPS), NOT the sample position",targeted dark ice (biased high; not an area mean),"haemocytometer, 2 µl counted, LOD 1000 cells/mL, PFA-preserved",ice algae (snow algae separate),development,
PROMBIO2023_UPE_U_under,PROMBIO 2021-2023,9,PROMBIO 2023,2023,UPE_U,2023-08-07,under radiometer,"ice screw (report §2, 2023)",left_censored,,1000.0,<1000,low,almost no cells,72.885081,-53.619149,https://doi.org/10.22008/FK2/IJA2Y4,2.0,b38b141a0d0e72b6403b7dd40ce0a1365ab07e959a68460fe656002b56a1b0f1,72.885304,-53.6164495,1.0,1.0,7.0,0.409,0.5658705803253771,insufficient tilt-corrected SW,candidate,14.0,S2A_21XXA_20230806_0_L2A,0.33,36.62475,"[""S2A_21XXA_20230806_0_L2A"", ""S2A_22XDF_20230806_0_L2A"", ""S2B_21XXA_20230805_0_L2A"", ""S2B_22XDF_20230805_0_L2A"", ""S2B_22XDF_20230808_0_L2A"", ""S2B_21XXA_20230808_0_L2A"", ""S2B_21XXA_20230804_0_L2A"", ""S2B_22XDF_20230804_0_L2A"", ""S2A_22XDF_20230809_0_L2A"", ""S2A_21XXA_20230809_0_L2A"", ""S2A_22XDF_20230810_0_L2A"", ""S2A_21XXA_20230810_0_L2A"", ""S2B_22XDF_20230811_0_L2A"", ""S2B_21XXA_20230811_0_L2A""]",72.885081,-53.619149,"station position (workbook/GPS), NOT the sample position","sample under the station radiometer (~cm² scrape, top 2 cm); radiometer footprint ~10-100 m²","haemocytometer, 2 µl counted, LOD 1000 cells/mL, PFA-preserved",ice algae (snow algae separate),development,
PROMBIO2023_UPE_U_average,PROMBIO 2021-2023,9,PROMBIO 2023,2023,UPE_U,2023-08-07,average ice in the area,"ice screw (report §2, 2023)",missing,,,NA,NA,NA,72.885081,-53.619149,https://doi.org/10.22008/FK2/IJA2Y4,2.0,b38b141a0d0e72b6403b7dd40ce0a1365ab07e959a68460fe656002b56a1b0f1,72.885304,-53.6164495,1.0,1.0,7.0,0.409,0.5658705803253771,insufficient tilt-corrected SW,candidate,14.0,S2A_21XXA_20230806_0_L2A,0.33,36.62475,"[""S2A_21XXA_20230806_0_L2A"", ""S2A_22XDF_20230806_0_L2A"", ""S2B_21XXA_20230805_0_L2A"", ""S2B_22XDF_20230805_0_L2A"", ""S2B_22XDF_20230808_0_L2A"", ""S2B_21XXA_20230808_0_L2A"", ""S2B_21XXA_20230804_0_L2A"", ""S2B_22XDF_20230804_0_L2A"", ""S2A_22XDF_20230809_0_L2A"", ""S2A_21XXA_20230809_0_L2A"", ""S2A_22XDF_20230810_0_L2A"", ""S2A_21XXA_20230810_0_L2A"", ""S2B_22XDF_20230811_0_L2A"", ""S2B_21XXA_20230811_0_L2A""]",72.885081,-53.619149,"station position (workbook/GPS), NOT the sample position",one sample chosen as representative (subjective),"haemocytometer, 2 µl counted, LOD 1000 cells/mL, PFA-preserved",ice algae (snow algae separate),development,excluded: observation state missing
PROMBIO2023_UPE_U_dark,PROMBIO 2021-2023,9,PROMBIO 2023,2023,UPE_U,2023-08-07,dark ice,"ice screw (report §2, 2023)",missing,,,NA,NA,NA,72.885081,-53.619149,https://doi.org/10.22008/FK2/IJA2Y4,2.0,b38b141a0d0e72b6403b7dd40ce0a1365ab07e959a68460fe656002b56a1b0f1,72.885304,-53.6164495,1.0,1.0,7.0,0.409,0.5658705803253771,insufficient tilt-corrected SW,candidate,14.0,S2A_21XXA_20230806_0_L2A,0.33,36.62475,"[""S2A_21XXA_20230806_0_L2A"", ""S2A_22XDF_20230806_0_L2A"", ""S2B_21XXA_20230805_0_L2A"", ""S2B_22XDF_20230805_0_L2A"", ""S2B_22XDF_20230808_0_L2A"", ""S2B_21XXA_20230808_0_L2A"", ""S2B_21XXA_20230804_0_L2A"", ""S2B_22XDF_20230804_0_L2A"", ""S2A_22XDF_20230809_0_L2A"", ""S2A_21XXA_20230809_0_L2A"", ""S2A_22XDF_20230810_0_L2A"", ""S2A_21XXA_20230810_0_L2A"", ""S2B_22XDF_20230811_0_L2A"", ""S2B_21XXA_20230811_0_L2A""]",72.885081,-53.619149,"station position (workbook/GPS), NOT the sample position",targeted dark ice (biased high; not an area mean),"haemocytometer, 2 µl counted, LOD 1000 cells/mL, PFA-preserved",ice algae (snow algae separate),development,excluded: observation state missing
PROMBIO2023_UPE_L_under,PROMBIO 2021-2023,10,PROMBIO 2023,2023,UPE_L,2023-08-07,under radiometer,"ice screw (report §2, 2023)",observed,1500.0,,1500,low,big cells,72.893392,-54.295809,https://doi.org/10.22008/FK2/IJA2Y4,2.0,b38b141a0d0e72b6403b7dd40ce0a1365ab07e959a68460fe656002b56a1b0f1,72.893371,-54.295854,18.0,18.0,8.0,0.0042,0.6078318222147896,available,candidate,12.0,S2B_21XWA_20230807_0_L2A,0.68,47.448096,"[""S2A_21XWA_20230806_0_L2A"", ""S2A_21XWB_20230806_0_L2A"", ""S2B_21XWB_20230807_0_L2A"", ""S2B_21XWA_20230807_0_L2A"", ""S2B_21XWB_20230808_1_L2A"", ""S2B_21XWA_20230808_0_L2A"", ""S2B_21XWA_20230804_0_L2A"", ""S2B_21XWB_20230804_0_L2A"", ""S2A_21XWB_20230809_0_L2A"", ""S2A_21XWA_20230809_0_L2A"", ""S2B_21XWB_20230811_0_L2A"", ""S2B_21XWA_20230811_0_L2A""]",72.893392,-54.295809,"station position (workbook/GPS), NOT the sample position","sample under the station radiometer (~cm² scrape, top 2 cm); radiometer footprint ~10-100 m²","haemocytometer, 2 µl counted, LOD 1000 cells/mL, PFA-preserved",ice algae (snow algae separate),development,
PROMBIO2023_UPE_L_average,PROMBIO 2021-2023,10,PROMBIO 2023,2023,UPE_L,2023-08-07,average ice in the area,"ice screw (report §2, 2023)",left_censored,,1000.0,<1000,low,almost no cells,72.893392,-54.295809,https://doi.org/10.22008/FK2/IJA2Y4,2.0,b38b141a0d0e72b6403b7dd40ce0a1365ab07e959a68460fe656002b56a1b0f1,72.893371,-54.295854,18.0,18.0,8.0,0.0042,0.6078318222147896,available,candidate,12.0,S2B_21XWA_20230807_0_L2A,0.68,47.448096,"[""S2A_21XWA_20230806_0_L2A"", ""S2A_21XWB_20230806_0_L2A"", ""S2B_21XWB_20230807_0_L2A"", ""S2B_21XWA_20230807_0_L2A"", ""S2B_21XWB_20230808_1_L2A"", ""S2B_21XWA_20230808_0_L2A"", ""S2B_21XWA_20230804_0_L2A"", ""S2B_21XWB_20230804_0_L2A"", ""S2A_21XWB_20230809_0_L2A"", ""S2A_21XWA_20230809_0_L2A"", ""S2B_21XWB_20230811_0_L2A"", ""S2B_21XWA_20230811_0_L2A""]",72.893392,-54.295809,"station position (workbook/GPS), NOT the sample position",one sample chosen as representative (subjective),"haemocytometer, 2 µl counted, LOD 1000 cells/mL, PFA-preserved",ice algae (snow algae separate),development,
PROMBIO2023_UPE_L_dark,PROMBIO 2021-2023,10,PROMBIO 2023,2023,UPE_L,2023-08-07,dark ice,"ice screw (report §2, 2023)",observed,10500.0,,10500,low,big single cells and cells in chains,72.893392,-54.295809,https://doi.org/10.22008/FK2/IJA2Y4,2.0,b38b141a0d0e72b6403b7dd40ce0a1365ab07e959a68460fe656002b56a1b0f1,72.893371,-54.295854,18.0,18.0,8.0,0.0042,0.6078318222147896,available,candidate,12.0,S2B_21XWA_20230807_0_L2A,0.68,47.448096,"[""S2A_21XWA_20230806_0_L2A"", ""S2A_21XWB_20230806_0_L2A"", ""S2B_21XWB_20230807_0_L2A"", ""S2B_21XWA_20230807_0_L2A"", ""S2B_21XWB_20230808_1_L2A"", ""S2B_21XWA_20230808_0_L2A"", ""S2B_21XWA_20230804_0_L2A"", ""S2B_21XWB_20230804_0_L2A"", ""S2A_21XWB_20230809_0_L2A"", ""S2A_21XWA_20230809_0_L2A"", ""S2B_21XWB_20230811_0_L2A"", ""S2B_21XWA_20230811_0_L2A""]",72.893392,-54.295809,"station position (workbook/GPS), NOT the sample position",targeted dark ice (biased high; not an area mean),"haemocytometer, 2 µl counted, LOD 1000 cells/mL, PFA-preserved",ice algae (snow algae separate),development,
PROMBIO2023_TAS_A_under,PROMBIO 2021-2023,11,PROMBIO 2023,2023,TAS_A,2023-08-10,under radiometer,"ice screw (report §2, 2023)",observed,9000.0,,9000,low,mostly cells in short chains,65.774442,-38.890758,https://doi.org/10.22008/FK2/IJA2Y4,2.0,b38b141a0d0e72b6403b7dd40ce0a1365ab07e959a68460fe656002b56a1b0f1,65.774518,-38.890974,15.0,15.0,5.0,0.433,0.3786440217723915,available,candidate,20.0,S2A_24WVT_20230809_0_L2A,0.39,7.546625,"[""S2A_24WVT_20230809_0_L2A"", ""S2A_24WWT_20230809_0_L2A"", ""S2A_24WVU_20230809_0_L2A"", ""S2A_24WWU_20230809_0_L2A"", ""S2B_24WVT_20230808_0_L2A"", ""S2B_24WWT_20230808_0_L2A"", ""S2B_24WVU_20230808_0_L2A"", ""S2B_24WWU_20230808_0_L2A"", ""S2B_24WWU_20230811_0_L2A"", ""S2B_24WVU_20230811_0_L2A"", ""S2B_24WWT_20230811_0_L2A"", ""S2B_24WVT_20230811_0_L2A"", ""S2A_24WWU_20230813_0_L2A"", ""S2A_24WVU_20230813_0_L2A"", ""S2A_24WWT_20230813_0_L2A"", ""S2A_24WVT_20230813_0_L2A"", ""S2B_24WWU_20230814_0_L2A"", ""S2B_24WVU_20230814_0_L2A"", ""S2B_24WWT_20230814_0_L2A"", ""S2B_24WVT_20230814_0_L2A""]",65.774442,-38.890758,"station position (workbook/GPS), NOT the sample position","sample under the station radiometer (~cm² scrape, top 2 cm); radiometer footprint ~10-100 m²","haemocytometer, 2 µl counted, LOD 1000 cells/mL, PFA-preserved",ice algae (snow algae separate),development,
PROMBIO2023_TAS_A_average,PROMBIO 2021-2023,11,PROMBIO 2023,2023,TAS_A,2023-08-10,average ice in the area,"ice screw (report §2, 2023)",missing,,,NA,NA,NA,65.774442,-38.890758,https://doi.org/10.22008/FK2/IJA2Y4,2.0,b38b141a0d0e72b6403b7dd40ce0a1365ab07e959a68460fe656002b56a1b0f1,65.774518,-38.890974,15.0,15.0,5.0,0.433,0.3786440217723915,available,candidate,20.0,S2A_24WVT_20230809_0_L2A,0.39,7.546625,"[""S2A_24WVT_20230809_0_L2A"", ""S2A_24WWT_20230809_0_L2A"", ""S2A_24WVU_20230809_0_L2A"", ""S2A_24WWU_20230809_0_L2A"", ""S2B_24WVT_20230808_0_L2A"", ""S2B_24WWT_20230808_0_L2A"", ""S2B_24WVU_20230808_0_L2A"", ""S2B_24WWU_20230808_0_L2A"", ""S2B_24WWU_20230811_0_L2A"", ""S2B_24WVU_20230811_0_L2A"", ""S2B_24WWT_20230811_0_L2A"", ""S2B_24WVT_20230811_0_L2A"", ""S2A_24WWU_20230813_0_L2A"", ""S2A_24WVU_20230813_0_L2A"", ""S2A_24WWT_20230813_0_L2A"", ""S2A_24WVT_20230813_0_L2A"", ""S2B_24WWU_20230814_0_L2A"", ""S2B_24WVU_20230814_0_L2A"", ""S2B_24WWT_20230814_0_L2A"", ""S2B_24WVT_20230814_0_L2A""]",65.774442,-38.890758,"station position (workbook/GPS), NOT the sample position",one sample chosen as representative (subjective),"haemocytometer, 2 µl counted, LOD 1000 cells/mL, PFA-preserved",ice algae (snow algae separate),development,excluded: observation state missing
PROMBIO2023_TAS_A_dark,PROMBIO 2021-2023,11,PROMBIO 2023,2023,TAS_A,2023-08-10,dark ice,"ice screw (report §2, 2023)",missing,,,NA,NA,NA,65.774442,-38.890758,https://doi.org/10.22008/FK2/IJA2Y4,2.0,b38b141a0d0e72b6403b7dd40ce0a1365ab07e959a68460fe656002b56a1b0f1,65.774518,-38.890974,15.0,15.0,5.0,0.433,0.3786440217723915,available,candidate,20.0,S2A_24WVT_20230809_0_L2A,0.39,7.546625,"[""S2A_24WVT_20230809_0_L2A"", ""S2A_24WWT_20230809_0_L2A"", ""S2A_24WVU_20230809_0_L2A"", ""S2A_24WWU_20230809_0_L2A"", ""S2B_24WVT_20230808_0_L2A"", ""S2B_24WWT_20230808_0_L2A"", ""S2B_24WVU_20230808_0_L2A"", ""S2B_24WWU_20230808_0_L2A"", ""S2B_24WWU_20230811_0_L2A"", ""S2B_24WVU_20230811_0_L2A"", ""S2B_24WWT_20230811_0_L2A"", ""S2B_24WVT_20230811_0_L2A"", ""S2A_24WWU_20230813_0_L2A"", ""S2A_24WVU_20230813_0_L2A"", ""S2A_24WWT_20230813_0_L2A"", ""S2A_24WVT_20230813_0_L2A"", ""S2B_24WWU_20230814_0_L2A"", ""S2B_24WVU_20230814_0_L2A"", ""S2B_24WWT_20230814_0_L2A"", ""S2B_24WVT_20230814_0_L2A""]",65.774442,-38.890758,"station position (workbook/GPS), NOT the sample position",targeted dark ice (biased high; not an area mean),"haemocytometer, 2 µl counted, LOD 1000 cells/mL, PFA-preserved",ice algae (snow algae separate),development,excluded: observation state missing
PROMBIO2023_TAS_L_under,PROMBIO 2021-2023,12,PROMBIO 2023,2023,TAS_L,2023-08-10,under radiometer,"ice screw (report §2, 2023)",observed,52000.0,,52000,low-medium,some single small cells and large cells in short chains,65.639166,-38.89918,https://doi.org/10.22008/FK2/IJA2Y4,2.0,b38b141a0d0e72b6403b7dd40ce0a1365ab07e959a68460fe656002b56a1b0f1,65.639252,-38.899109,18.0,17.0,6.0,0.1418,0.6126570805197074,available,candidate,10.0,S2A_24WVT_20230809_0_L2A,0.39,7.546625,"[""S2A_24WVT_20230809_0_L2A"", ""S2A_24WWT_20230809_0_L2A"", ""S2B_24WVT_20230808_0_L2A"", ""S2B_24WWT_20230808_0_L2A"", ""S2B_24WWT_20230811_0_L2A"", ""S2B_24WVT_20230811_0_L2A"", ""S2A_24WWT_20230813_0_L2A"", ""S2A_24WVT_20230813_0_L2A"", ""S2B_24WWT_20230814_0_L2A"", ""S2B_24WVT_20230814_0_L2A""]",65.639166,-38.89918,"station position (workbook/GPS), NOT the sample position","sample under the station radiometer (~cm² scrape, top 2 cm); radiometer footprint ~10-100 m²","haemocytometer, 2 µl counted, LOD 1000 cells/mL, PFA-preserved",ice algae (snow algae separate),development,
PROMBIO2023_TAS_L_average,PROMBIO 2021-2023,12,PROMBIO 2023,2023,TAS_L,2023-08-10,average ice in the area,"ice screw (report §2, 2023)",observed,46000.0,,46000,medium,some single small cells and large cells in short chains,65.639166,-38.89918,https://doi.org/10.22008/FK2/IJA2Y4,2.0,b38b141a0d0e72b6403b7dd40ce0a1365ab07e959a68460fe656002b56a1b0f1,65.639252,-38.899109,18.0,17.0,6.0,0.1418,0.6126570805197074,available,candidate,10.0,S2A_24WVT_20230809_0_L2A,0.39,7.546625,"[""S2A_24WVT_20230809_0_L2A"", ""S2A_24WWT_20230809_0_L2A"", ""S2B_24WVT_20230808_0_L2A"", ""S2B_24WWT_20230808_0_L2A"", ""S2B_24WWT_20230811_0_L2A"", ""S2B_24WVT_20230811_0_L2A"", ""S2A_24WWT_20230813_0_L2A"", ""S2A_24WVT_20230813_0_L2A"", ""S2B_24WWT_20230814_0_L2A"", ""S2B_24WVT_20230814_0_L2A""]",65.639166,-38.89918,"station position (workbook/GPS), NOT the sample position",one sample chosen as representative (subjective),"haemocytometer, 2 µl counted, LOD 1000 cells/mL, PFA-preserved",ice algae (snow algae separate),development,
PROMBIO2023_TAS_L_dark,PROMBIO 2021-2023,12,PROMBIO 2023,2023,TAS_L,2023-08-10,dark ice,"ice screw (report §2, 2023)",observed,91000.0,,91000,medium-high,single  cells and large cells in short chains,65.639166,-38.89918,https://doi.org/10.22008/FK2/IJA2Y4,2.0,b38b141a0d0e72b6403b7dd40ce0a1365ab07e959a68460fe656002b56a1b0f1,65.639252,-38.899109,18.0,17.0,6.0,0.1418,0.6126570805197074,available,candidate,10.0,S2A_24WVT_20230809_0_L2A,0.39,7.546625,"[""S2A_24WVT_20230809_0_L2A"", ""S2A_24WWT_20230809_0_L2A"", ""S2B_24WVT_20230808_0_L2A"", ""S2B_24WWT_20230808_0_L2A"", ""S2B_24WWT_20230811_0_L2A"", ""S2B_24WVT_20230811_0_L2A"", ""S2A_24WWT_20230813_0_L2A"", ""S2A_24WVT_20230813_0_L2A"", ""S2B_24WWT_20230814_0_L2A"", ""S2B_24WVT_20230814_0_L2A""]",65.639166,-38.89918,"station position (workbook/GPS), NOT the sample position",targeted dark ice (biased high; not an area mean),"haemocytometer, 2 µl counted, LOD 1000 cells/mL, PFA-preserved",ice algae (snow algae separate),development,
PROMBIO2023_MIT_under,PROMBIO 2021-2023,13,PROMBIO 2023,2023,MIT,2023-08-11,under radiometer,"ice screw (report §2, 2023)",observed,27000.0,,27000,high,single small cells,65.691955,-37.829808,https://doi.org/10.22008/FK2/IJA2Y4,2.0,b38b141a0d0e72b6403b7dd40ce0a1365ab07e959a68460fe656002b56a1b0f1,65.69197,-37.82975,10.0,10.0,7.0,0.5626,0.33439244063360346,available,candidate,3.0,S2B_24WWT_20230808_0_L2A,2.41,21.340805,"[""S2B_24WWT_20230811_0_L2A"", ""S2B_24WWT_20230808_0_L2A"", ""S2A_24WWT_20230813_0_L2A""]",65.691955,-37.829808,"station position (workbook/GPS), NOT the sample position","sample under the station radiometer (~cm² scrape, top 2 cm); radiometer footprint ~10-100 m²","haemocytometer, 2 µl counted, LOD 1000 cells/mL, PFA-preserved",ice algae (snow algae separate),development,
PROMBIO2023_MIT_average,PROMBIO 2021-2023,13,PROMBIO 2023,2023,MIT,2023-08-11,average ice in the area,"ice screw (report §2, 2023)",observed,19500.0,,19500,high,"some cryoconite material, mostly single small cells",65.691955,-37.829808,https://doi.org/10.22008/FK2/IJA2Y4,2.0,b38b141a0d0e72b6403b7dd40ce0a1365ab07e959a68460fe656002b56a1b0f1,65.69197,-37.82975,10.0,10.0,7.0,0.5626,0.33439244063360346,available,candidate,3.0,S2B_24WWT_20230808_0_L2A,2.41,21.340805,"[""S2B_24WWT_20230811_0_L2A"", ""S2B_24WWT_20230808_0_L2A"", ""S2A_24WWT_20230813_0_L2A""]",65.691955,-37.829808,"station position (workbook/GPS), NOT the sample position",one sample chosen as representative (subjective),"haemocytometer, 2 µl counted, LOD 1000 cells/mL, PFA-preserved",ice algae (snow algae separate),development,
PROMBIO2023_MIT_dark,PROMBIO 2021-2023,13,PROMBIO 2023,2023,MIT,2023-08-11,dark ice,"ice screw (report §2, 2023)",missing,,,,high,lots of cryoconite material,65.691955,-37.829808,https://doi.org/10.22008/FK2/IJA2Y4,2.0,b38b141a0d0e72b6403b7dd40ce0a1365ab07e959a68460fe656002b56a1b0f1,65.69197,-37.82975,10.0,10.0,7.0,0.5626,0.33439244063360346,available,candidate,3.0,S2B_24WWT_20230808_0_L2A,2.41,21.340805,"[""S2B_24WWT_20230811_0_L2A"", ""S2B_24WWT_20230808_0_L2A"", ""S2A_24WWT_20230813_0_L2A""]",65.691955,-37.829808,"station position (workbook/GPS), NOT the sample position",targeted dark ice (biased high; not an area mean),"haemocytometer, 2 µl counted, LOD 1000 cells/mL, PFA-preserved",ice algae (snow algae separate),development,excluded: observation state missing
PROMBIO2023_NUK_U_under,PROMBIO 2021-2023,14,PROMBIO 2023,2023,NUK_U,2023-08-19,under radiometer,"ice screw (report §2, 2023)",observed,2500.0,,2500,low,mostly single cells,64.509001,-49.28593,https://doi.org/10.22008/FK2/IJA2Y4,2.0,b38b141a0d0e72b6403b7dd40ce0a1365ab07e959a68460fe656002b56a1b0f1,,,,,,,,no station data on the day,candidate,3.0,S2A_22WES_20230818_0_L2A,0.37,2.93372,"[""S2A_22WES_20230818_0_L2A"", ""S2B_22WES_20230820_0_L2A"", ""S2B_22WES_20230823_0_L2A""]",64.509001,-49.28593,"station position (workbook/GPS), NOT the sample position","sample under the station radiometer (~cm² scrape, top 2 cm); radiometer footprint ~10-100 m²","haemocytometer, 2 µl counted, LOD 1000 cells/mL, PFA-preserved",ice algae (snow algae separate),development,
PROMBIO2023_NUK_U_average,PROMBIO 2021-2023,14,PROMBIO 2023,2023,NUK_U,2023-08-19,average ice in the area,"ice screw (report §2, 2023)",observed,19500.0,,19500,medium,"some cryoconite material, mostly single small cells",64.509001,-49.28593,https://doi.org/10.22008/FK2/IJA2Y4,2.0,b38b141a0d0e72b6403b7dd40ce0a1365ab07e959a68460fe656002b56a1b0f1,,,,,,,,no station data on the day,candidate,3.0,S2A_22WES_20230818_0_L2A,0.37,2.93372,"[""S2A_22WES_20230818_0_L2A"", ""S2B_22WES_20230820_0_L2A"", ""S2B_22WES_20230823_0_L2A""]",64.509001,-49.28593,"station position (workbook/GPS), NOT the sample position",one sample chosen as representative (subjective),"haemocytometer, 2 µl counted, LOD 1000 cells/mL, PFA-preserved",ice algae (snow algae separate),development,
PROMBIO2023_NUK_U_dark,PROMBIO 2021-2023,14,PROMBIO 2023,2023,NUK_U,2023-08-19,dark ice,"ice screw (report §2, 2023)",observed,35500.0,,35500,medium-high,mostly small single cells,64.509001,-49.28593,https://doi.org/10.22008/FK2/IJA2Y4,2.0,b38b141a0d0e72b6403b7dd40ce0a1365ab07e959a68460fe656002b56a1b0f1,,,,,,,,no station data on the day,candidate,3.0,S2A_22WES_20230818_0_L2A,0.37,2.93372,"[""S2A_22WES_20230818_0_L2A"", ""S2B_22WES_20230820_0_L2A"", ""S2B_22WES_20230823_0_L2A""]",64.509001,-49.28593,"station position (workbook/GPS), NOT the sample position",targeted dark ice (biased high; not an area mean),"haemocytometer, 2 µl counted, LOD 1000 cells/mL, PFA-preserved",ice algae (snow algae separate),development,
PROMBIO2023_NUK_L_under,PROMBIO 2021-2023,15,PROMBIO 2023,2023,NUK_L,2023-08-19,under radiometer,"ice screw (report §2, 2023)",observed,149000.0,,149000,medium,mostly single cells,64.484214,-49.553779,https://doi.org/10.22008/FK2/IJA2Y4,2.0,b38b141a0d0e72b6403b7dd40ce0a1365ab07e959a68460fe656002b56a1b0f1,64.484078,-49.5526715,20.0,20.0,9.0,5.3942,0.234240903598777,available,candidate,5.0,S2A_22WES_20230818_0_L2A,0.37,2.93372,"[""S2A_22WES_20230818_0_L2A"", ""S2B_22WES_20230820_0_L2A"", ""S2B_22WES_20230816_0_L2A"", ""S2A_22WES_20230821_0_L2A"", ""S2B_22WES_20230823_0_L2A""]",64.484214,-49.553779,"station position (workbook/GPS), NOT the sample position","sample under the station radiometer (~cm² scrape, top 2 cm); radiometer footprint ~10-100 m²","haemocytometer, 2 µl counted, LOD 1000 cells/mL, PFA-preserved",ice algae (snow algae separate),development,
PROMBIO2023_NUK_L_average,PROMBIO 2021-2023,15,PROMBIO 2023,2023,NUK_L,2023-08-19,average ice in the area,"ice screw (report §2, 2023)",observed,3500.0,,3500,low,mostly single large cells,64.484214,-49.553779,https://doi.org/10.22008/FK2/IJA2Y4,2.0,b38b141a0d0e72b6403b7dd40ce0a1365ab07e959a68460fe656002b56a1b0f1,64.484078,-49.5526715,20.0,20.0,9.0,5.3942,0.234240903598777,available,candidate,5.0,S2A_22WES_20230818_0_L2A,0.37,2.93372,"[""S2A_22WES_20230818_0_L2A"", ""S2B_22WES_20230820_0_L2A"", ""S2B_22WES_20230816_0_L2A"", ""S2A_22WES_20230821_0_L2A"", ""S2B_22WES_20230823_0_L2A""]",64.484214,-49.553779,"station position (workbook/GPS), NOT the sample position",one sample chosen as representative (subjective),"haemocytometer, 2 µl counted, LOD 1000 cells/mL, PFA-preserved",ice algae (snow algae separate),development,
PROMBIO2023_NUK_L_dark,PROMBIO 2021-2023,15,PROMBIO 2023,2023,NUK_L,2023-08-19,dark ice,"ice screw (report §2, 2023)",observed,328000.0,,328000,medium,mostly large single cells,64.484214,-49.553779,https://doi.org/10.22008/FK2/IJA2Y4,2.0,b38b141a0d0e72b6403b7dd40ce0a1365ab07e959a68460fe656002b56a1b0f1,64.484078,-49.5526715,20.0,20.0,9.0,5.3942,0.234240903598777,available,candidate,5.0,S2A_22WES_20230818_0_L2A,0.37,2.93372,"[""S2A_22WES_20230818_0_L2A"", ""S2B_22WES_20230820_0_L2A"", ""S2B_22WES_20230816_0_L2A"", ""S2A_22WES_20230821_0_L2A"", ""S2B_22WES_20230823_0_L2A""]",64.484214,-49.553779,"station position (workbook/GPS), NOT the sample position",targeted dark ice (biased high; not an area mean),"haemocytometer, 2 µl counted, LOD 1000 cells/mL, PFA-preserved",ice algae (snow algae separate),development,
PROMBIO2023_KAN_M_under,PROMBIO 2021-2023,16,PROMBIO 2023,2023,KAN_M,,under radiometer,"ice screw (report §2, 2023)",left_censored,,1000.0,<1000,low,clean sample,67.068214,-48.852638,https://doi.org/10.22008/FK2/IJA2Y4,2.0,b38b141a0d0e72b6403b7dd40ce0a1365ab07e959a68460fe656002b56a1b0f1,,,,,,,,no date,no position or date,,,,,,67.068214,-48.852638,"station position (workbook/GPS), NOT the sample position","sample under the station radiometer (~cm² scrape, top 2 cm); radiometer footprint ~10-100 m²","haemocytometer, 2 µl counted, LOD 1000 cells/mL, PFA-preserved",ice algae (snow algae separate),development,"excluded: provider QC (TR314 §2, KAN samples not of good quality)"
PROMBIO2023_KAN_M_average,PROMBIO 2021-2023,16,PROMBIO 2023,2023,KAN_M,,average ice in the area,"ice screw (report §2, 2023)",left_censored,,1000.0,<1000,low,clean sample,67.068214,-48.852638,https://doi.org/10.22008/FK2/IJA2Y4,2.0,b38b141a0d0e72b6403b7dd40ce0a1365ab07e959a68460fe656002b56a1b0f1,,,,,,,,no date,no position or date,,,,,,67.068214,-48.852638,"station position (workbook/GPS), NOT the sample position",one sample chosen as representative (subjective),"haemocytometer, 2 µl counted, LOD 1000 cells/mL, PFA-preserved",ice algae (snow algae separate),development,"excluded: provider QC (TR314 §2, KAN samples not of good quality)"
PROMBIO2023_KAN_M_dark,PROMBIO 2021-2023,16,PROMBIO 2023,2023,KAN_M,,dark ice,"ice screw (report §2, 2023)",observed,31500.0,,31500,medium,mostly large cells in short chains,67.068214,-48.852638,https://doi.org/10.22008/FK2/IJA2Y4,2.0,b38b141a0d0e72b6403b7dd40ce0a1365ab07e959a68460fe656002b56a1b0f1,,,,,,,,no date,no position or date,,,,,,67.068214,-48.852638,"station position (workbook/GPS), NOT the sample position",targeted dark ice (biased high; not an area mean),"haemocytometer, 2 µl counted, LOD 1000 cells/mL, PFA-preserved",ice algae (snow algae separate),development,"excluded: provider QC (TR314 §2, KAN samples not of good quality)"
PROMBIO2023_KAN_L_under,PROMBIO 2021-2023,17,PROMBIO 2023,2023,KAN_L,2023-08-24,under radiometer,"ice screw (report §2, 2023)",left_censored,,1000.0,<1000,low,clean sample,67.104996,-49.931426,https://doi.org/10.22008/FK2/IJA2Y4,2.0,b38b141a0d0e72b6403b7dd40ce0a1365ab07e959a68460fe656002b56a1b0f1,67.105085,-49.930302,24.0,24.0,9.0,0.0065,0.4842935198248801,available,candidate,5.0,S2A_22WEV_20230824_0_L2A,0.64,35.668933,"[""S2B_22WEV_20230823_0_L2A"", ""S2A_22WEV_20230824_0_L2A"", ""S2A_22WEV_20230821_0_L2A"", ""S2B_22WEV_20230826_0_L2A"", ""S2A_22WEV_20230828_0_L2A""]",67.104996,-49.931426,"station position (workbook/GPS), NOT the sample position","sample under the station radiometer (~cm² scrape, top 2 cm); radiometer footprint ~10-100 m²","haemocytometer, 2 µl counted, LOD 1000 cells/mL, PFA-preserved",ice algae (snow algae separate),development,"excluded: provider QC (TR314 §2, KAN samples not of good quality)"
PROMBIO2023_KAN_L_average,PROMBIO 2021-2023,17,PROMBIO 2023,2023,KAN_L,2023-08-24,average ice in the area,"ice screw (report §2, 2023)",left_censored,,1000.0,<1000,low,clean sample,67.104996,-49.931426,https://doi.org/10.22008/FK2/IJA2Y4,2.0,b38b141a0d0e72b6403b7dd40ce0a1365ab07e959a68460fe656002b56a1b0f1,67.105085,-49.930302,24.0,24.0,9.0,0.0065,0.4842935198248801,available,candidate,5.0,S2A_22WEV_20230824_0_L2A,0.64,35.668933,"[""S2B_22WEV_20230823_0_L2A"", ""S2A_22WEV_20230824_0_L2A"", ""S2A_22WEV_20230821_0_L2A"", ""S2B_22WEV_20230826_0_L2A"", ""S2A_22WEV_20230828_0_L2A""]",67.104996,-49.931426,"station position (workbook/GPS), NOT the sample position",one sample chosen as representative (subjective),"haemocytometer, 2 µl counted, LOD 1000 cells/mL, PFA-preserved",ice algae (snow algae separate),development,"excluded: provider QC (TR314 §2, KAN samples not of good quality)"
PROMBIO2023_KAN_L_dark,PROMBIO 2021-2023,17,PROMBIO 2023,2023,KAN_L,2023-08-24,dark ice,"ice screw (report §2, 2023)",observed,24000.0,,24000,low,mostly single cells,67.104996,-49.931426,https://doi.org/10.22008/FK2/IJA2Y4,2.0,b38b141a0d0e72b6403b7dd40ce0a1365ab07e959a68460fe656002b56a1b0f1,67.105085,-49.930302,24.0,24.0,9.0,0.0065,0.4842935198248801,available,candidate,5.0,S2A_22WEV_20230824_0_L2A,0.64,35.668933,"[""S2B_22WEV_20230823_0_L2A"", ""S2A_22WEV_20230824_0_L2A"", ""S2A_22WEV_20230821_0_L2A"", ""S2B_22WEV_20230826_0_L2A"", ""S2A_22WEV_20230828_0_L2A""]",67.104996,-49.931426,"station position (workbook/GPS), NOT the sample position",targeted dark ice (biased high; not an area mean),"haemocytometer, 2 µl counted, LOD 1000 cells/mL, PFA-preserved",ice algae (snow algae separate),development,"excluded: provider QC (TR314 §2, KAN samples not of good quality)"
2024_0,PROMBIO 2024,3,PROMBIO 2024,2024,QAS_L,2024-09-01,randomized grid,chisel,observed,40000.0,,"4,00E+04",balanced,,,,https://doi.org/10.22008/FK2/D0JC0P,1.0,1084406e9b763ffe978ee54d3d553f3692cd9ede226fd61c9acfc84e0f7946be,61.030627,-46.849548,24.0,23.0,8.0,0.0484,0.1517900086551901,available,candidate,6.0,S2B_23VLH_20240831_0_L2A,0.38,31.917545,"[""S2B_23VLH_20240831_0_L2A"", ""S2B_23VMH_20240831_0_L2A"", ""S2A_23VMH_20240902_0_L2A"", ""S2A_23VLH_20240902_0_L2A"", ""S2A_23VMH_20240905_0_L2A"", ""S2A_23VLH_20240905_0_L2A""]",61.030627,-46.849548,"station position (workbook/GPS), NOT the sample position",grid around the station; grid extent not documented,"haemocytometer, 2 µl counted, LOD 1000 cells/mL, PFA-preserved",ice algae (snow algae separate),final_test,
2024_1,PROMBIO 2024,4,PROMBIO 2024,2024,QAS_L,2024-09-01,randomized grid,chisel,observed,40300.0,,"4,03E+04",balanced,,,,https://doi.org/10.22008/FK2/D0JC0P,1.0,1084406e9b763ffe978ee54d3d553f3692cd9ede226fd61c9acfc84e0f7946be,61.030627,-46.849548,24.0,23.0,8.0,0.0484,0.1517900086551901,available,candidate,6.0,S2B_23VLH_20240831_0_L2A,0.38,31.917545,"[""S2B_23VLH_20240831_0_L2A"", ""S2B_23VMH_20240831_0_L2A"", ""S2A_23VMH_20240902_0_L2A"", ""S2A_23VLH_20240902_0_L2A"", ""S2A_23VMH_20240905_0_L2A"", ""S2A_23VLH_20240905_0_L2A""]",61.030627,-46.849548,"station position (workbook/GPS), NOT the sample position",grid around the station; grid extent not documented,"haemocytometer, 2 µl counted, LOD 1000 cells/mL, PFA-preserved",ice algae (snow algae separate),final_test,
2024_2,PROMBIO 2024,5,PROMBIO 2024,2024,QAS_L,2024-09-01,randomized grid,chisel,observed,67800.0,,"6,78E+04",more minerals,,,,https://doi.org/10.22008/FK2/D0JC0P,1.0,1084406e9b763ffe978ee54d3d553f3692cd9ede226fd61c9acfc84e0f7946be,61.030627,-46.849548,24.0,23.0,8.0,0.0484,0.1517900086551901,available,candidate,6.0,S2B_23VLH_20240831_0_L2A,0.38,31.917545,"[""S2B_23VLH_20240831_0_L2A"", ""S2B_23VMH_20240831_0_L2A"", ""S2A_23VMH_20240902_0_L2A"", ""S2A_23VLH_20240902_0_L2A"", ""S2A_23VMH_20240905_0_L2A"", ""S2A_23VLH_20240905_0_L2A""]",61.030627,-46.849548,"station position (workbook/GPS), NOT the sample position",grid around the station; grid extent not documented,"haemocytometer, 2 µl counted, LOD 1000 cells/mL, PFA-preserved",ice algae (snow algae separate),final_test,
2024_3,PROMBIO 2024,6,PROMBIO 2024,2024,QAS_L,2024-09-01,randomized grid,chisel,observed,232000.0,,"2,32E+05",more cells,,,,https://doi.org/10.22008/FK2/D0JC0P,1.0,1084406e9b763ffe978ee54d3d553f3692cd9ede226fd61c9acfc84e0f7946be,61.030627,-46.849548,24.0,23.0,8.0,0.0484,0.1517900086551901,available,candidate,6.0,S2B_23VLH_20240831_0_L2A,0.38,31.917545,"[""S2B_23VLH_20240831_0_L2A"", ""S2B_23VMH_20240831_0_L2A"", ""S2A_23VMH_20240902_0_L2A"", ""S2A_23VLH_20240902_0_L2A"", ""S2A_23VMH_20240905_0_L2A"", ""S2A_23VLH_20240905_0_L2A""]",61.030627,-46.849548,"station position (workbook/GPS), NOT the sample position",grid around the station; grid extent not documented,"haemocytometer, 2 µl counted, LOD 1000 cells/mL, PFA-preserved",ice algae (snow algae separate),final_test,
2024_4,PROMBIO 2024,7,PROMBIO 2024,2024,QAS_L,2024-09-01,randomized grid,chisel,observed,53100.0,,"5,31E+04",more cells to balanced,,,,https://doi.org/10.22008/FK2/D0JC0P,1.0,1084406e9b763ffe978ee54d3d553f3692cd9ede226fd61c9acfc84e0f7946be,61.030627,-46.849548,24.0,23.0,8.0,0.0484,0.1517900086551901,available,candidate,6.0,S2B_23VLH_20240831_0_L2A,0.38,31.917545,"[""S2B_23VLH_20240831_0_L2A"", ""S2B_23VMH_20240831_0_L2A"", ""S2A_23VMH_20240902_0_L2A"", ""S2A_23VLH_20240902_0_L2A"", ""S2A_23VMH_20240905_0_L2A"", ""S2A_23VLH_20240905_0_L2A""]",61.030627,-46.849548,"station position (workbook/GPS), NOT the sample position",grid around the station; grid extent not documented,"haemocytometer, 2 µl counted, LOD 1000 cells/mL, PFA-preserved",ice algae (snow algae separate),final_test,
2024_5,PROMBIO 2024,8,PROMBIO 2024,2024,QAS_L,2024-09-01,randomized grid,chisel,observed,51300.0,,"5,13E+04",more cells,,,,https://doi.org/10.22008/FK2/D0JC0P,1.0,1084406e9b763ffe978ee54d3d553f3692cd9ede226fd61c9acfc84e0f7946be,61.030627,-46.849548,24.0,23.0,8.0,0.0484,0.1517900086551901,available,candidate,6.0,S2B_23VLH_20240831_0_L2A,0.38,31.917545,"[""S2B_23VLH_20240831_0_L2A"", ""S2B_23VMH_20240831_0_L2A"", ""S2A_23VMH_20240902_0_L2A"", ""S2A_23VLH_20240902_0_L2A"", ""S2A_23VMH_20240905_0_L2A"", ""S2A_23VLH_20240905_0_L2A""]",61.030627,-46.849548,"station position (workbook/GPS), NOT the sample position",grid around the station; grid extent not documented,"haemocytometer, 2 µl counted, LOD 1000 cells/mL, PFA-preserved",ice algae (snow algae separate),final_test,
2024_6,PROMBIO 2024,9,PROMBIO 2024,2024,QAS_L,2024-09-01,randomized grid,chisel,observed,43400.0,,"4,34E+04",balanced,,,,https://doi.org/10.22008/FK2/D0JC0P,1.0,1084406e9b763ffe978ee54d3d553f3692cd9ede226fd61c9acfc84e0f7946be,61.030627,-46.849548,24.0,23.0,8.0,0.0484,0.1517900086551901,available,candidate,6.0,S2B_23VLH_20240831_0_L2A,0.38,31.917545,"[""S2B_23VLH_20240831_0_L2A"", ""S2B_23VMH_20240831_0_L2A"", ""S2A_23VMH_20240902_0_L2A"", ""S2A_23VLH_20240902_0_L2A"", ""S2A_23VMH_20240905_0_L2A"", ""S2A_23VLH_20240905_0_L2A""]",61.030627,-46.849548,"station position (workbook/GPS), NOT the sample position",grid around the station; grid extent not documented,"haemocytometer, 2 µl counted, LOD 1000 cells/mL, PFA-preserved",ice algae (snow algae separate),final_test,
2024_7,PROMBIO 2024,10,PROMBIO 2024,2024,QAS_L,2024-09-01,randomized grid,chisel,observed,99100.0,,"9,91E+04",balanced,big minerals,,,https://doi.org/10.22008/FK2/D0JC0P,1.0,1084406e9b763ffe978ee54d3d553f3692cd9ede226fd61c9acfc84e0f7946be,61.030627,-46.849548,24.0,23.0,8.0,0.0484,0.1517900086551901,available,candidate,6.0,S2B_23VLH_20240831_0_L2A,0.38,31.917545,"[""S2B_23VLH_20240831_0_L2A"", ""S2B_23VMH_20240831_0_L2A"", ""S2A_23VMH_20240902_0_L2A"", ""S2A_23VLH_20240902_0_L2A"", ""S2A_23VMH_20240905_0_L2A"", ""S2A_23VLH_20240905_0_L2A""]",61.030627,-46.849548,"station position (workbook/GPS), NOT the sample position",grid around the station; grid extent not documented,"haemocytometer, 2 µl counted, LOD 1000 cells/mL, PFA-preserved",ice algae (snow algae separate),final_test,
2024_8,PROMBIO 2024,11,PROMBIO 2024,2024,QAS_L,2024-09-01,randomized grid,chisel,observed,61300.0,,"6,13E+04",more cells,,,,https://doi.org/10.22008/FK2/D0JC0P,1.0,1084406e9b763ffe978ee54d3d553f3692cd9ede226fd61c9acfc84e0f7946be,61.030627,-46.849548,24.0,23.0,8.0,0.0484,0.1517900086551901,available,candidate,6.0,S2B_23VLH_20240831_0_L2A,0.38,31.917545,"[""S2B_23VLH_20240831_0_L2A"", ""S2B_23VMH_20240831_0_L2A"", ""S2A_23VMH_20240902_0_L2A"", ""S2A_23VLH_20240902_0_L2A"", ""S2A_23VMH_20240905_0_L2A"", ""S2A_23VLH_20240905_0_L2A""]",61.030627,-46.849548,"station position (workbook/GPS), NOT the sample position",grid around the station; grid extent not documented,"haemocytometer, 2 µl counted, LOD 1000 cells/mL, PFA-preserved",ice algae (snow algae separate),final_test,
2024_9,PROMBIO 2024,12,PROMBIO 2024,2024,QAS_L,2024-09-01,randomized grid,chisel,observed,58800.0,,"5,88E+04",balanced,,,,https://doi.org/10.22008/FK2/D0JC0P,1.0,1084406e9b763ffe978ee54d3d553f3692cd9ede226fd61c9acfc84e0f7946be,61.030627,-46.849548,24.0,23.0,8.0,0.0484,0.1517900086551901,available,candidate,6.0,S2B_23VLH_20240831_0_L2A,0.38,31.917545,"[""S2B_23VLH_20240831_0_L2A"", ""S2B_23VMH_20240831_0_L2A"", ""S2A_23VMH_20240902_0_L2A"", ""S2A_23VLH_20240902_0_L2A"", ""S2A_23VMH_20240905_0_L2A"", ""S2A_23VLH_20240905_0_L2A""]",61.030627,-46.849548,"station position (workbook/GPS), NOT the sample position",grid around the station; grid extent not documented,"haemocytometer, 2 µl counted, LOD 1000 cells/mL, PFA-preserved",ice algae (snow algae separate),final_test,
2024_10,PROMBIO 2024,13,PROMBIO 2024,2024,QAS_L,2024-09-01,randomized grid,chisel,observed,144000.0,,"1,44E+05",balanced,,,,https://doi.org/10.22008/FK2/D0JC0P,1.0,1084406e9b763ffe978ee54d3d553f3692cd9ede226fd61c9acfc84e0f7946be,61.030627,-46.849548,24.0,23.0,8.0,0.0484,0.1517900086551901,available,candidate,6.0,S2B_23VLH_20240831_0_L2A,0.38,31.917545,"[""S2B_23VLH_20240831_0_L2A"", ""S2B_23VMH_20240831_0_L2A"", ""S2A_23VMH_20240902_0_L2A"", ""S2A_23VLH_20240902_0_L2A"", ""S2A_23VMH_20240905_0_L2A"", ""S2A_23VLH_20240905_0_L2A""]",61.030627,-46.849548,"station position (workbook/GPS), NOT the sample position",grid around the station; grid extent not documented,"haemocytometer, 2 µl counted, LOD 1000 cells/mL, PFA-preserved",ice algae (snow algae separate),final_test,
2024_11,PROMBIO 2024,14,PROMBIO 2024,2024,QAS_L,2024-09-01,randomized grid,chisel,observed,34700.0,,"3,47E+04",balanced,,,,https://doi.org/10.22008/FK2/D0JC0P,1.0,1084406e9b763ffe978ee54d3d553f3692cd9ede226fd61c9acfc84e0f7946be,61.030627,-46.849548,24.0,23.0,8.0,0.0484,0.1517900086551901,available,candidate,6.0,S2B_23VLH_20240831_0_L2A,0.38,31.917545,"[""S2B_23VLH_20240831_0_L2A"", ""S2B_23VMH_20240831_0_L2A"", ""S2A_23VMH_20240902_0_L2A"", ""S2A_23VLH_20240902_0_L2A"", ""S2A_23VMH_20240905_0_L2A"", ""S2A_23VLH_20240905_0_L2A""]",61.030627,-46.849548,"station position (workbook/GPS), NOT the sample position",grid around the station; grid extent not documented,"haemocytometer, 2 µl counted, LOD 1000 cells/mL, PFA-preserved",ice algae (snow algae separate),final_test,
2024_12,PROMBIO 2024,15,PROMBIO 2024,2024,QAS_L,2024-09-01,randomized grid,chisel,observed,25000.0,,"2,50E+04",balanced to more cells,,,,https://doi.org/10.22008/FK2/D0JC0P,1.0,1084406e9b763ffe978ee54d3d553f3692cd9ede226fd61c9acfc84e0f7946be,61.030627,-46.849548,24.0,23.0,8.0,0.0484,0.1517900086551901,available,candidate,6.0,S2B_23VLH_20240831_0_L2A,0.38,31.917545,"[""S2B_23VLH_20240831_0_L2A"", ""S2B_23VMH_20240831_0_L2A"", ""S2A_23VMH_20240902_0_L2A"", ""S2A_23VLH_20240902_0_L2A"", ""S2A_23VMH_20240905_0_L2A"", ""S2A_23VLH_20240905_0_L2A""]",61.030627,-46.849548,"station position (workbook/GPS), NOT the sample position",grid around the station; grid extent not documented,"haemocytometer, 2 µl counted, LOD 1000 cells/mL, PFA-preserved",ice algae (snow algae separate),final_test,
2024_13,PROMBIO 2024,16,PROMBIO 2024,2024,QAS_L,2024-09-01,randomized grid,chisel,observed,65900.0,,"6,59E+04",more cells,,,,https://doi.org/10.22008/FK2/D0JC0P,1.0,1084406e9b763ffe978ee54d3d553f3692cd9ede226fd61c9acfc84e0f7946be,61.030627,-46.849548,24.0,23.0,8.0,0.0484,0.1517900086551901,available,candidate,6.0,S2B_23VLH_20240831_0_L2A,0.38,31.917545,"[""S2B_23VLH_20240831_0_L2A"", ""S2B_23VMH_20240831_0_L2A"", ""S2A_23VMH_20240902_0_L2A"", ""S2A_23VLH_20240902_0_L2A"", ""S2A_23VMH_20240905_0_L2A"", ""S2A_23VLH_20240905_0_L2A""]",61.030627,-46.849548,"station position (workbook/GPS), NOT the sample position",grid around the station; grid extent not documented,"haemocytometer, 2 µl counted, LOD 1000 cells/mL, PFA-preserved",ice algae (snow algae separate),final_test,
2024_14,PROMBIO 2024,17,PROMBIO 2024,2024,QAS_L,2024-09-01,randomized grid,chisel,observed,23800.0,,"2,38E+04",more minerals,,,,https://doi.org/10.22008/FK2/D0JC0P,1.0,1084406e9b763ffe978ee54d3d553f3692cd9ede226fd61c9acfc84e0f7946be,61.030627,-46.849548,24.0,23.0,8.0,0.0484,0.1517900086551901,available,candidate,6.0,S2B_23VLH_20240831_0_L2A,0.38,31.917545,"[""S2B_23VLH_20240831_0_L2A"", ""S2B_23VMH_20240831_0_L2A"", ""S2A_23VMH_20240902_0_L2A"", ""S2A_23VLH_20240902_0_L2A"", ""S2A_23VMH_20240905_0_L2A"", ""S2A_23VLH_20240905_0_L2A""]",61.030627,-46.849548,"station position (workbook/GPS), NOT the sample position",grid around the station; grid extent not documented,"haemocytometer, 2 µl counted, LOD 1000 cells/mL, PFA-preserved",ice algae (snow algae separate),final_test,
2024_15,PROMBIO 2024,18,PROMBIO 2024,2024,QAS_L,2024-09-01,randomized grid,chisel,observed,70900.0,,"7,09E+04",balanced,,,,https://doi.org/10.22008/FK2/D0JC0P,1.0,1084406e9b763ffe978ee54d3d553f3692cd9ede226fd61c9acfc84e0f7946be,61.030627,-46.849548,24.0,23.0,8.0,0.0484,0.1517900086551901,available,candidate,6.0,S2B_23VLH_20240831_0_L2A,0.38,31.917545,"[""S2B_23VLH_20240831_0_L2A"", ""S2B_23VMH_20240831_0_L2A"", ""S2A_23VMH_20240902_0_L2A"", ""S2A_23VLH_20240902_0_L2A"", ""S2A_23VMH_20240905_0_L2A"", ""S2A_23VLH_20240905_0_L2A""]",61.030627,-46.849548,"station position (workbook/GPS), NOT the sample position",grid around the station; grid extent not documented,"haemocytometer, 2 µl counted, LOD 1000 cells/mL, PFA-preserved",ice algae (snow algae separate),final_test,
2024_16,PROMBIO 2024,19,PROMBIO 2024,2024,QAS_L,2024-09-01,randomized grid,chisel,observed,30000.0,,"3,00E+04",balanced,,,,https://doi.org/10.22008/FK2/D0JC0P,1.0,1084406e9b763ffe978ee54d3d553f3692cd9ede226fd61c9acfc84e0f7946be,61.030627,-46.849548,24.0,23.0,8.0,0.0484,0.1517900086551901,available,candidate,6.0,S2B_23VLH_20240831_0_L2A,0.38,31.917545,"[""S2B_23VLH_20240831_0_L2A"", ""S2B_23VMH_20240831_0_L2A"", ""S2A_23VMH_20240902_0_L2A"", ""S2A_23VLH_20240902_0_L2A"", ""S2A_23VMH_20240905_0_L2A"", ""S2A_23VLH_20240905_0_L2A""]",61.030627,-46.849548,"station position (workbook/GPS), NOT the sample position",grid around the station; grid extent not documented,"haemocytometer, 2 µl counted, LOD 1000 cells/mL, PFA-preserved",ice algae (snow algae separate),final_test,
2024_17,PROMBIO 2024,20,PROMBIO 2024,2024,QAS_L,2024-09-01,randomized grid,chisel,observed,128000.0,,"1,28E+05",balanced,,,,https://doi.org/10.22008/FK2/D0JC0P,1.0,1084406e9b763ffe978ee54d3d553f3692cd9ede226fd61c9acfc84e0f7946be,61.030627,-46.849548,24.0,23.0,8.0,0.0484,0.1517900086551901,available,candidate,6.0,S2B_23VLH_20240831_0_L2A,0.38,31.917545,"[""S2B_23VLH_20240831_0_L2A"", ""S2B_23VMH_20240831_0_L2A"", ""S2A_23VMH_20240902_0_L2A"", ""S2A_23VLH_20240902_0_L2A"", ""S2A_23VMH_20240905_0_L2A"", ""S2A_23VLH_20240905_0_L2A""]",61.030627,-46.849548,"station position (workbook/GPS), NOT the sample position",grid around the station; grid extent not documented,"haemocytometer, 2 µl counted, LOD 1000 cells/mL, PFA-preserved",ice algae (snow algae separate),final_test,
2024_18,PROMBIO 2024,21,PROMBIO 2024,2024,QAS_L,2024-09-01,randomized grid,chisel,observed,85000.0,,"8,50E+04",balanced,,,,https://doi.org/10.22008/FK2/D0JC0P,1.0,1084406e9b763ffe978ee54d3d553f3692cd9ede226fd61c9acfc84e0f7946be,61.030627,-46.849548,24.0,23.0,8.0,0.0484,0.1517900086551901,available,candidate,6.0,S2B_23VLH_20240831_0_L2A,0.38,31.917545,"[""S2B_23VLH_20240831_0_L2A"", ""S2B_23VMH_20240831_0_L2A"", ""S2A_23VMH_20240902_0_L2A"", ""S2A_23VLH_20240902_0_L2A"", ""S2A_23VMH_20240905_0_L2A"", ""S2A_23VLH_20240905_0_L2A""]",61.030627,-46.849548,"station position (workbook/GPS), NOT the sample position",grid around the station; grid extent not documented,"haemocytometer, 2 µl counted, LOD 1000 cells/mL, PFA-preserved",ice algae (snow algae separate),final_test,
2024_19,PROMBIO 2024,22,PROMBIO 2024,2024,QAS_L,2024-09-01,randomized grid,chisel,observed,129000.0,,"1,29E+05",balanced,,,,https://doi.org/10.22008/FK2/D0JC0P,1.0,1084406e9b763ffe978ee54d3d553f3692cd9ede226fd61c9acfc84e0f7946be,61.030627,-46.849548,24.0,23.0,8.0,0.0484,0.1517900086551901,available,candidate,6.0,S2B_23VLH_20240831_0_L2A,0.38,31.917545,"[""S2B_23VLH_20240831_0_L2A"", ""S2B_23VMH_20240831_0_L2A"", ""S2A_23VMH_20240902_0_L2A"", ""S2A_23VLH_20240902_0_L2A"", ""S2A_23VMH_20240905_0_L2A"", ""S2A_23VLH_20240905_0_L2A""]",61.030627,-46.849548,"station position (workbook/GPS), NOT the sample position",grid around the station; grid extent not documented,"haemocytometer, 2 µl counted, LOD 1000 cells/mL, PFA-preserved",ice algae (snow algae separate),final_test,
2024_20,PROMBIO 2024,23,PROMBIO 2024,2024,QAS_L,2024-09-01,randomized grid,ice screw,observed,49700.0,,"4,97E+04",balanced,,,,https://doi.org/10.22008/FK2/D0JC0P,1.0,1084406e9b763ffe978ee54d3d553f3692cd9ede226fd61c9acfc84e0f7946be,61.030627,-46.849548,24.0,23.0,8.0,0.0484,0.1517900086551901,available,candidate,6.0,S2B_23VLH_20240831_0_L2A,0.38,31.917545,"[""S2B_23VLH_20240831_0_L2A"", ""S2B_23VMH_20240831_0_L2A"", ""S2A_23VMH_20240902_0_L2A"", ""S2A_23VLH_20240902_0_L2A"", ""S2A_23VMH_20240905_0_L2A"", ""S2A_23VLH_20240905_0_L2A""]",61.030627,-46.849548,"station position (workbook/GPS), NOT the sample position",grid around the station; grid extent not documented,"haemocytometer, 2 µl counted, LOD 1000 cells/mL, PFA-preserved",ice algae (snow algae separate),final_test,
2024_21,PROMBIO 2024,24,PROMBIO 2024,2024,QAS_L,2024-09-01,randomized grid,ice screw,observed,396000.0,,"3,96E+05",many more minerals,,,,https://doi.org/10.22008/FK2/D0JC0P,1.0,1084406e9b763ffe978ee54d3d553f3692cd9ede226fd61c9acfc84e0f7946be,61.030627,-46.849548,24.0,23.0,8.0,0.0484,0.1517900086551901,available,candidate,6.0,S2B_23VLH_20240831_0_L2A,0.38,31.917545,"[""S2B_23VLH_20240831_0_L2A"", ""S2B_23VMH_20240831_0_L2A"", ""S2A_23VMH_20240902_0_L2A"", ""S2A_23VLH_20240902_0_L2A"", ""S2A_23VMH_20240905_0_L2A"", ""S2A_23VLH_20240905_0_L2A""]",61.030627,-46.849548,"station position (workbook/GPS), NOT the sample position",grid around the station; grid extent not documented,"haemocytometer, 2 µl counted, LOD 1000 cells/mL, PFA-preserved",ice algae (snow algae separate),final_test,
2024_22,PROMBIO 2024,25,PROMBIO 2024,2024,QAS_L,2024-09-01,randomized grid,ice screw,observed,17200.0,,"1,72E+04",balanced,,,,https://doi.org/10.22008/FK2/D0JC0P,1.0,1084406e9b763ffe978ee54d3d553f3692cd9ede226fd61c9acfc84e0f7946be,61.030627,-46.849548,24.0,23.0,8.0,0.0484,0.1517900086551901,available,candidate,6.0,S2B_23VLH_20240831_0_L2A,0.38,31.917545,"[""S2B_23VLH_20240831_0_L2A"", ""S2B_23VMH_20240831_0_L2A"", ""S2A_23VMH_20240902_0_L2A"", ""S2A_23VLH_20240902_0_L2A"", ""S2A_23VMH_20240905_0_L2A"", ""S2A_23VLH_20240905_0_L2A""]",61.030627,-46.849548,"station position (workbook/GPS), NOT the sample position",grid around the station; grid extent not documented,"haemocytometer, 2 µl counted, LOD 1000 cells/mL, PFA-preserved",ice algae (snow algae separate),final_test,
2024_23,PROMBIO 2024,26,PROMBIO 2024,2024,QAS_L,2024-09-01,randomized grid,ice screw,observed,30900.0,,"3,09E+04",many more minerals,,,,https://doi.org/10.22008/FK2/D0JC0P,1.0,1084406e9b763ffe978ee54d3d553f3692cd9ede226fd61c9acfc84e0f7946be,61.030627,-46.849548,24.0,23.0,8.0,0.0484,0.1517900086551901,available,candidate,6.0,S2B_23VLH_20240831_0_L2A,0.38,31.917545,"[""S2B_23VLH_20240831_0_L2A"", ""S2B_23VMH_20240831_0_L2A"", ""S2A_23VMH_20240902_0_L2A"", ""S2A_23VLH_20240902_0_L2A"", ""S2A_23VMH_20240905_0_L2A"", ""S2A_23VLH_20240905_0_L2A""]",61.030627,-46.849548,"station position (workbook/GPS), NOT the sample position",grid around the station; grid extent not documented,"haemocytometer, 2 µl counted, LOD 1000 cells/mL, PFA-preserved",ice algae (snow algae separate),final_test,
2024_24,PROMBIO 2024,27,PROMBIO 2024,2024,QAS_L,2024-09-01,randomized grid,ice screw,observed,18800.0,,"1,88E+04",balanced,,,,https://doi.org/10.22008/FK2/D0JC0P,1.0,1084406e9b763ffe978ee54d3d553f3692cd9ede226fd61c9acfc84e0f7946be,61.030627,-46.849548,24.0,23.0,8.0,0.0484,0.1517900086551901,available,candidate,6.0,S2B_23VLH_20240831_0_L2A,0.38,31.917545,"[""S2B_23VLH_20240831_0_L2A"", ""S2B_23VMH_20240831_0_L2A"", ""S2A_23VMH_20240902_0_L2A"", ""S2A_23VLH_20240902_0_L2A"", ""S2A_23VMH_20240905_0_L2A"", ""S2A_23VLH_20240905_0_L2A""]",61.030627,-46.849548,"station position (workbook/GPS), NOT the sample position",grid around the station; grid extent not documented,"haemocytometer, 2 µl counted, LOD 1000 cells/mL, PFA-preserved",ice algae (snow algae separate),final_test,
2024_25,PROMBIO 2024,28,PROMBIO 2024,2024,QAS_L,2024-09-01,under radiometer,chisel,observed,11900.0,,"1,19E+04",more minerals,,,,https://doi.org/10.22008/FK2/D0JC0P,1.0,1084406e9b763ffe978ee54d3d553f3692cd9ede226fd61c9acfc84e0f7946be,61.030627,-46.849548,24.0,23.0,8.0,0.0484,0.1517900086551901,available,candidate,6.0,S2B_23VLH_20240831_0_L2A,0.38,31.917545,"[""S2B_23VLH_20240831_0_L2A"", ""S2B_23VMH_20240831_0_L2A"", ""S2A_23VMH_20240902_0_L2A"", ""S2A_23VLH_20240902_0_L2A"", ""S2A_23VMH_20240905_0_L2A"", ""S2A_23VLH_20240905_0_L2A""]",61.030627,-46.849548,"station position (workbook/GPS), NOT the sample position","sample under the station radiometer (~cm² scrape, top 2 cm); radiometer footprint ~10-100 m²","haemocytometer, 2 µl counted, LOD 1000 cells/mL, PFA-preserved",ice algae (snow algae separate),final_test,
2024_26,PROMBIO 2024,29,PROMBIO 2024,2024,QAS_L,2024-09-01,under radiometer,chisel,observed,249000.0,,"2,49E+05",some more minerals,,,,https://doi.org/10.22008/FK2/D0JC0P,1.0,1084406e9b763ffe978ee54d3d553f3692cd9ede226fd61c9acfc84e0f7946be,61.030627,-46.849548,24.0,23.0,8.0,0.0484,0.1517900086551901,available,candidate,6.0,S2B_23VLH_20240831_0_L2A,0.38,31.917545,"[""S2B_23VLH_20240831_0_L2A"", ""S2B_23VMH_20240831_0_L2A"", ""S2A_23VMH_20240902_0_L2A"", ""S2A_23VLH_20240902_0_L2A"", ""S2A_23VMH_20240905_0_L2A"", ""S2A_23VLH_20240905_0_L2A""]",61.030627,-46.849548,"station position (workbook/GPS), NOT the sample position","sample under the station radiometer (~cm² scrape, top 2 cm); radiometer footprint ~10-100 m²","haemocytometer, 2 µl counted, LOD 1000 cells/mL, PFA-preserved",ice algae (snow algae separate),final_test,
2024_27,PROMBIO 2024,30,PROMBIO 2024,2024,QAS_L,2024-09-01,under radiometer,chisel,observed,65600.0,,"6,56E+04",more minerals,,,,https://doi.org/10.22008/FK2/D0JC0P,1.0,1084406e9b763ffe978ee54d3d553f3692cd9ede226fd61c9acfc84e0f7946be,61.030627,-46.849548,24.0,23.0,8.0,0.0484,0.1517900086551901,available,candidate,6.0,S2B_23VLH_20240831_0_L2A,0.38,31.917545,"[""S2B_23VLH_20240831_0_L2A"", ""S2B_23VMH_20240831_0_L2A"", ""S2A_23VMH_20240902_0_L2A"", ""S2A_23VLH_20240902_0_L2A"", ""S2A_23VMH_20240905_0_L2A"", ""S2A_23VLH_20240905_0_L2A""]",61.030627,-46.849548,"station position (workbook/GPS), NOT the sample position","sample under the station radiometer (~cm² scrape, top 2 cm); radiometer footprint ~10-100 m²","haemocytometer, 2 µl counted, LOD 1000 cells/mL, PFA-preserved",ice algae (snow algae separate),final_test,
2024_28,PROMBIO 2024,31,PROMBIO 2024,2024,QAS_L,2024-09-01,under radiometer,chisel,observed,63800.0,,"6,38E+04",balanced,,,,https://doi.org/10.22008/FK2/D0JC0P,1.0,1084406e9b763ffe978ee54d3d553f3692cd9ede226fd61c9acfc84e0f7946be,61.030627,-46.849548,24.0,23.0,8.0,0.0484,0.1517900086551901,available,candidate,6.0,S2B_23VLH_20240831_0_L2A,0.38,31.917545,"[""S2B_23VLH_20240831_0_L2A"", ""S2B_23VMH_20240831_0_L2A"", ""S2A_23VMH_20240902_0_L2A"", ""S2A_23VLH_20240902_0_L2A"", ""S2A_23VMH_20240905_0_L2A"", ""S2A_23VLH_20240905_0_L2A""]",61.030627,-46.849548,"station position (workbook/GPS), NOT the sample position","sample under the station radiometer (~cm² scrape, top 2 cm); radiometer footprint ~10-100 m²","haemocytometer, 2 µl counted, LOD 1000 cells/mL, PFA-preserved",ice algae (snow algae separate),final_test,
2024_29,PROMBIO 2024,32,PROMBIO 2024,2024,QAS_L,2024-09-01,under radiometer,chisel,observed,35600.0,,"3,56E+04",balanced,,,,https://doi.org/10.22008/FK2/D0JC0P,1.0,1084406e9b763ffe978ee54d3d553f3692cd9ede226fd61c9acfc84e0f7946be,61.030627,-46.849548,24.0,23.0,8.0,0.0484,0.1517900086551901,available,candidate,6.0,S2B_23VLH_20240831_0_L2A,0.38,31.917545,"[""S2B_23VLH_20240831_0_L2A"", ""S2B_23VMH_20240831_0_L2A"", ""S2A_23VMH_20240902_0_L2A"", ""S2A_23VLH_20240902_0_L2A"", ""S2A_23VMH_20240905_0_L2A"", ""S2A_23VLH_20240905_0_L2A""]",61.030627,-46.849548,"station position (workbook/GPS), NOT the sample position","sample under the station radiometer (~cm² scrape, top 2 cm); radiometer footprint ~10-100 m²","haemocytometer, 2 µl counted, LOD 1000 cells/mL, PFA-preserved",ice algae (snow algae separate),final_test,
2024_30,PROMBIO 2024,33,PROMBIO 2024,2024,QAS_L,2024-09-01,under radiometer,ice screw,observed,26600.0,,"2,66E+04",more cells,,,,https://doi.org/10.22008/FK2/D0JC0P,1.0,1084406e9b763ffe978ee54d3d553f3692cd9ede226fd61c9acfc84e0f7946be,61.030627,-46.849548,24.0,23.0,8.0,0.0484,0.1517900086551901,available,candidate,6.0,S2B_23VLH_20240831_0_L2A,0.38,31.917545,"[""S2B_23VLH_20240831_0_L2A"", ""S2B_23VMH_20240831_0_L2A"", ""S2A_23VMH_20240902_0_L2A"", ""S2A_23VLH_20240902_0_L2A"", ""S2A_23VMH_20240905_0_L2A"", ""S2A_23VLH_20240905_0_L2A""]",61.030627,-46.849548,"station position (workbook/GPS), NOT the sample position","sample under the station radiometer (~cm² scrape, top 2 cm); radiometer footprint ~10-100 m²","haemocytometer, 2 µl counted, LOD 1000 cells/mL, PFA-preserved",ice algae (snow algae separate),final_test,
2024_31,PROMBIO 2024,34,PROMBIO 2024,2024,QAS_L,2024-09-01,under radiometer,ice screw,observed,44100.0,,"4,41E+04",more minerals,,,,https://doi.org/10.22008/FK2/D0JC0P,1.0,1084406e9b763ffe978ee54d3d553f3692cd9ede226fd61c9acfc84e0f7946be,61.030627,-46.849548,24.0,23.0,8.0,0.0484,0.1517900086551901,available,candidate,6.0,S2B_23VLH_20240831_0_L2A,0.38,31.917545,"[""S2B_23VLH_20240831_0_L2A"", ""S2B_23VMH_20240831_0_L2A"", ""S2A_23VMH_20240902_0_L2A"", ""S2A_23VLH_20240902_0_L2A"", ""S2A_23VMH_20240905_0_L2A"", ""S2A_23VLH_20240905_0_L2A""]",61.030627,-46.849548,"station position (workbook/GPS), NOT the sample position","sample under the station radiometer (~cm² scrape, top 2 cm); radiometer footprint ~10-100 m²","haemocytometer, 2 µl counted, LOD 1000 cells/mL, PFA-preserved",ice algae (snow algae separate),final_test,
2024_32,PROMBIO 2024,35,PROMBIO 2024,2024,QAS_L,2024-09-01,under radiometer,ice screw,observed,57500.0,,"5,75E+04",balanced,,,,https://doi.org/10.22008/FK2/D0JC0P,1.0,1084406e9b763ffe978ee54d3d553f3692cd9ede226fd61c9acfc84e0f7946be,61.030627,-46.849548,24.0,23.0,8.0,0.0484,0.1517900086551901,available,candidate,6.0,S2B_23VLH_20240831_0_L2A,0.38,31.917545,"[""S2B_23VLH_20240831_0_L2A"", ""S2B_23VMH_20240831_0_L2A"", ""S2A_23VMH_20240902_0_L2A"", ""S2A_23VLH_20240902_0_L2A"", ""S2A_23VMH_20240905_0_L2A"", ""S2A_23VLH_20240905_0_L2A""]",61.030627,-46.849548,"station position (workbook/GPS), NOT the sample position","sample under the station radiometer (~cm² scrape, top 2 cm); radiometer footprint ~10-100 m²","haemocytometer, 2 µl counted, LOD 1000 cells/mL, PFA-preserved",ice algae (snow algae separate),final_test,
2024_33,PROMBIO 2024,36,PROMBIO 2024,2024,QAS_L,2024-09-01,under radiometer,ice screw,observed,875000.0,,"8,75E+05",many minerals,"very low sample volume, only one square counted because of very high density",,,https://doi.org/10.22008/FK2/D0JC0P,1.0,1084406e9b763ffe978ee54d3d553f3692cd9ede226fd61c9acfc84e0f7946be,61.030627,-46.849548,24.0,23.0,8.0,0.0484,0.1517900086551901,available,candidate,6.0,S2B_23VLH_20240831_0_L2A,0.38,31.917545,"[""S2B_23VLH_20240831_0_L2A"", ""S2B_23VMH_20240831_0_L2A"", ""S2A_23VMH_20240902_0_L2A"", ""S2A_23VLH_20240902_0_L2A"", ""S2A_23VMH_20240905_0_L2A"", ""S2A_23VLH_20240905_0_L2A""]",61.030627,-46.849548,"station position (workbook/GPS), NOT the sample position","sample under the station radiometer (~cm² scrape, top 2 cm); radiometer footprint ~10-100 m²","haemocytometer, 2 µl counted, LOD 1000 cells/mL, PFA-preserved",ice algae (snow algae separate),final_test,
2024_34,PROMBIO 2024,37,PROMBIO 2024,2024,QAS_L,2024-09-01,under radiometer,ice screw,observed,99400.0,,"9,94E+04",many minerals,,,,https://doi.org/10.22008/FK2/D0JC0P,1.0,1084406e9b763ffe978ee54d3d553f3692cd9ede226fd61c9acfc84e0f7946be,61.030627,-46.849548,24.0,23.0,8.0,0.0484,0.1517900086551901,available,candidate,6.0,S2B_23VLH_20240831_0_L2A,0.38,31.917545,"[""S2B_23VLH_20240831_0_L2A"", ""S2B_23VMH_20240831_0_L2A"", ""S2A_23VMH_20240902_0_L2A"", ""S2A_23VLH_20240902_0_L2A"", ""S2A_23VMH_20240905_0_L2A"", ""S2A_23VLH_20240905_0_L2A""]",61.030627,-46.849548,"station position (workbook/GPS), NOT the sample position","sample under the station radiometer (~cm² scrape, top 2 cm); radiometer footprint ~10-100 m²","haemocytometer, 2 µl counted, LOD 1000 cells/mL, PFA-preserved",ice algae (snow algae separate),final_test,
2024_35,PROMBIO 2024,38,PROMBIO 2024,2024,QAS_U,2024-08-27,under radiometer,not stated,observed,1880.0,,"1,88E+03",more minerals,,,,https://doi.org/10.22008/FK2/D0JC0P,1.0,1084406e9b763ffe978ee54d3d553f3692cd9ede226fd61c9acfc84e0f7946be,61.171903,-46.82286,0.0,0.0,9.0,0.0075,,insufficient tilt-corrected SW,candidate,6.0,S2A_23VLH_20240826_0_L2A,0.38,27.02359,"[""S2A_23VLH_20240826_0_L2A"", ""S2A_23VMH_20240826_0_L2A"", ""S2B_23VMH_20240828_0_L2A"", ""S2B_23VLH_20240828_0_L2A"", ""S2B_23VMH_20240831_0_L2A"", ""S2B_23VLH_20240831_0_L2A""]",61.171903,-46.82286,"station position (workbook/GPS), NOT the sample position","sample under the station radiometer (~cm² scrape, top 2 cm); radiometer footprint ~10-100 m²","haemocytometer, 2 µl counted, LOD 1000 cells/mL, PFA-preserved",ice algae (snow algae separate),final_test,
2024_36,PROMBIO 2024,39,PROMBIO 2024,2024,QAS_U,2024-08-27,under radiometer,not stated,observed,0.0,,"0,00E+00",few minerals,,,,https://doi.org/10.22008/FK2/D0JC0P,1.0,1084406e9b763ffe978ee54d3d553f3692cd9ede226fd61c9acfc84e0f7946be,61.171903,-46.82286,0.0,0.0,9.0,0.0075,,insufficient tilt-corrected SW,candidate,6.0,S2A_23VLH_20240826_0_L2A,0.38,27.02359,"[""S2A_23VLH_20240826_0_L2A"", ""S2A_23VMH_20240826_0_L2A"", ""S2B_23VMH_20240828_0_L2A"", ""S2B_23VLH_20240828_0_L2A"", ""S2B_23VMH_20240831_0_L2A"", ""S2B_23VLH_20240831_0_L2A""]",61.171903,-46.82286,"station position (workbook/GPS), NOT the sample position","sample under the station radiometer (~cm² scrape, top 2 cm); radiometer footprint ~10-100 m²","haemocytometer, 2 µl counted, LOD 1000 cells/mL, PFA-preserved",ice algae (snow algae separate),final_test,
2024_37,PROMBIO 2024,40,PROMBIO 2024,2024,QAS_U,2024-08-27,under radiometer,not stated,observed,625.0,,"6,25E+02",some few minerals,,,,https://doi.org/10.22008/FK2/D0JC0P,1.0,1084406e9b763ffe978ee54d3d553f3692cd9ede226fd61c9acfc84e0f7946be,61.171903,-46.82286,0.0,0.0,9.0,0.0075,,insufficient tilt-corrected SW,candidate,6.0,S2A_23VLH_20240826_0_L2A,0.38,27.02359,"[""S2A_23VLH_20240826_0_L2A"", ""S2A_23VMH_20240826_0_L2A"", ""S2B_23VMH_20240828_0_L2A"", ""S2B_23VLH_20240828_0_L2A"", ""S2B_23VMH_20240831_0_L2A"", ""S2B_23VLH_20240831_0_L2A""]",61.171903,-46.82286,"station position (workbook/GPS), NOT the sample position","sample under the station radiometer (~cm² scrape, top 2 cm); radiometer footprint ~10-100 m²","haemocytometer, 2 µl counted, LOD 1000 cells/mL, PFA-preserved",ice algae (snow algae separate),final_test,
2024_38,PROMBIO 2024,41,PROMBIO 2024,2024,QAS_U,2024-08-27,under radiometer,not stated,observed,3440.0,,"3,44E+03",more minerals,,,,https://doi.org/10.22008/FK2/D0JC0P,1.0,1084406e9b763ffe978ee54d3d553f3692cd9ede226fd61c9acfc84e0f7946be,61.171903,-46.82286,0.0,0.0,9.0,0.0075,,insufficient tilt-corrected SW,candidate,6.0,S2A_23VLH_20240826_0_L2A,0.38,27.02359,"[""S2A_23VLH_20240826_0_L2A"", ""S2A_23VMH_20240826_0_L2A"", ""S2B_23VMH_20240828_0_L2A"", ""S2B_23VLH_20240828_0_L2A"", ""S2B_23VMH_20240831_0_L2A"", ""S2B_23VLH_20240831_0_L2A""]",61.171903,-46.82286,"station position (workbook/GPS), NOT the sample position","sample under the station radiometer (~cm² scrape, top 2 cm); radiometer footprint ~10-100 m²","haemocytometer, 2 µl counted, LOD 1000 cells/mL, PFA-preserved",ice algae (snow algae separate),final_test,
2024_39,PROMBIO 2024,42,PROMBIO 2024,2024,QAS_U,2024-08-27,under radiometer,not stated,observed,625.0,,"6,25E+02",more minerals ,,,,https://doi.org/10.22008/FK2/D0JC0P,1.0,1084406e9b763ffe978ee54d3d553f3692cd9ede226fd61c9acfc84e0f7946be,61.171903,-46.82286,0.0,0.0,9.0,0.0075,,insufficient tilt-corrected SW,candidate,6.0,S2A_23VLH_20240826_0_L2A,0.38,27.02359,"[""S2A_23VLH_20240826_0_L2A"", ""S2A_23VMH_20240826_0_L2A"", ""S2B_23VMH_20240828_0_L2A"", ""S2B_23VLH_20240828_0_L2A"", ""S2B_23VMH_20240831_0_L2A"", ""S2B_23VLH_20240831_0_L2A""]",61.171903,-46.82286,"station position (workbook/GPS), NOT the sample position","sample under the station radiometer (~cm² scrape, top 2 cm); radiometer footprint ~10-100 m²","haemocytometer, 2 µl counted, LOD 1000 cells/mL, PFA-preserved",ice algae (snow algae separate),final_test,
2024_40,PROMBIO 2024,43,PROMBIO 2024,2024,QAS_U,2024-08-27,randomized grid,not stated,observed,8750.0,,"8,75E+03",more minerals,,,,https://doi.org/10.22008/FK2/D0JC0P,1.0,1084406e9b763ffe978ee54d3d553f3692cd9ede226fd61c9acfc84e0f7946be,61.171903,-46.82286,0.0,0.0,9.0,0.0075,,insufficient tilt-corrected SW,candidate,6.0,S2A_23VLH_20240826_0_L2A,0.38,27.02359,"[""S2A_23VLH_20240826_0_L2A"", ""S2A_23VMH_20240826_0_L2A"", ""S2B_23VMH_20240828_0_L2A"", ""S2B_23VLH_20240828_0_L2A"", ""S2B_23VMH_20240831_0_L2A"", ""S2B_23VLH_20240831_0_L2A""]",61.171903,-46.82286,"station position (workbook/GPS), NOT the sample position",grid around the station; grid extent not documented,"haemocytometer, 2 µl counted, LOD 1000 cells/mL, PFA-preserved",ice algae (snow algae separate),final_test,
2024_41,PROMBIO 2024,44,PROMBIO 2024,2024,QAS_U,2024-08-27,randomized grid,not stated,observed,7810.0,,"7,81E+03",more minerals,,,,https://doi.org/10.22008/FK2/D0JC0P,1.0,1084406e9b763ffe978ee54d3d553f3692cd9ede226fd61c9acfc84e0f7946be,61.171903,-46.82286,0.0,0.0,9.0,0.0075,,insufficient tilt-corrected SW,candidate,6.0,S2A_23VLH_20240826_0_L2A,0.38,27.02359,"[""S2A_23VLH_20240826_0_L2A"", ""S2A_23VMH_20240826_0_L2A"", ""S2B_23VMH_20240828_0_L2A"", ""S2B_23VLH_20240828_0_L2A"", ""S2B_23VMH_20240831_0_L2A"", ""S2B_23VLH_20240831_0_L2A""]",61.171903,-46.82286,"station position (workbook/GPS), NOT the sample position",grid around the station; grid extent not documented,"haemocytometer, 2 µl counted, LOD 1000 cells/mL, PFA-preserved",ice algae (snow algae separate),final_test,
2024_42,PROMBIO 2024,45,PROMBIO 2024,2024,QAS_U,2024-08-27,randomized grid,not stated,observed,0.0,,"0,00E+00",more minerals,,,,https://doi.org/10.22008/FK2/D0JC0P,1.0,1084406e9b763ffe978ee54d3d553f3692cd9ede226fd61c9acfc84e0f7946be,61.171903,-46.82286,0.0,0.0,9.0,0.0075,,insufficient tilt-corrected SW,candidate,6.0,S2A_23VLH_20240826_0_L2A,0.38,27.02359,"[""S2A_23VLH_20240826_0_L2A"", ""S2A_23VMH_20240826_0_L2A"", ""S2B_23VMH_20240828_0_L2A"", ""S2B_23VLH_20240828_0_L2A"", ""S2B_23VMH_20240831_0_L2A"", ""S2B_23VLH_20240831_0_L2A""]",61.171903,-46.82286,"station position (workbook/GPS), NOT the sample position",grid around the station; grid extent not documented,"haemocytometer, 2 µl counted, LOD 1000 cells/mL, PFA-preserved",ice algae (snow algae separate),final_test,
2024_43,PROMBIO 2024,46,PROMBIO 2024,2024,QAS_U,2024-08-27,randomized grid,not stated,observed,60600.0,,"6,06E+04",balanced,,,,https://doi.org/10.22008/FK2/D0JC0P,1.0,1084406e9b763ffe978ee54d3d553f3692cd9ede226fd61c9acfc84e0f7946be,61.171903,-46.82286,0.0,0.0,9.0,0.0075,,insufficient tilt-corrected SW,candidate,6.0,S2A_23VLH_20240826_0_L2A,0.38,27.02359,"[""S2A_23VLH_20240826_0_L2A"", ""S2A_23VMH_20240826_0_L2A"", ""S2B_23VMH_20240828_0_L2A"", ""S2B_23VLH_20240828_0_L2A"", ""S2B_23VMH_20240831_0_L2A"", ""S2B_23VLH_20240831_0_L2A""]",61.171903,-46.82286,"station position (workbook/GPS), NOT the sample position",grid around the station; grid extent not documented,"haemocytometer, 2 µl counted, LOD 1000 cells/mL, PFA-preserved",ice algae (snow algae separate),final_test,
2024_44,PROMBIO 2024,47,PROMBIO 2024,2024,QAS_U,2024-08-27,randomized grid,not stated,observed,7810.0,,"7,81E+03",more minerals,,,,https://doi.org/10.22008/FK2/D0JC0P,1.0,1084406e9b763ffe978ee54d3d553f3692cd9ede226fd61c9acfc84e0f7946be,61.171903,-46.82286,0.0,0.0,9.0,0.0075,,insufficient tilt-corrected SW,candidate,6.0,S2A_23VLH_20240826_0_L2A,0.38,27.02359,"[""S2A_23VLH_20240826_0_L2A"", ""S2A_23VMH_20240826_0_L2A"", ""S2B_23VMH_20240828_0_L2A"", ""S2B_23VLH_20240828_0_L2A"", ""S2B_23VMH_20240831_0_L2A"", ""S2B_23VLH_20240831_0_L2A""]",61.171903,-46.82286,"station position (workbook/GPS), NOT the sample position",grid around the station; grid extent not documented,"haemocytometer, 2 µl counted, LOD 1000 cells/mL, PFA-preserved",ice algae (snow algae separate),final_test,
2024_45,PROMBIO 2024,48,PROMBIO 2024,2024,QAS_U,2024-08-27,randomized grid,not stated,observed,20600.0,,"2,06E+04",balanced,,,,https://doi.org/10.22008/FK2/D0JC0P,1.0,1084406e9b763ffe978ee54d3d553f3692cd9ede226fd61c9acfc84e0f7946be,61.171903,-46.82286,0.0,0.0,9.0,0.0075,,insufficient tilt-corrected SW,candidate,6.0,S2A_23VLH_20240826_0_L2A,0.38,27.02359,"[""S2A_23VLH_20240826_0_L2A"", ""S2A_23VMH_20240826_0_L2A"", ""S2B_23VMH_20240828_0_L2A"", ""S2B_23VLH_20240828_0_L2A"", ""S2B_23VMH_20240831_0_L2A"", ""S2B_23VLH_20240831_0_L2A""]",61.171903,-46.82286,"station position (workbook/GPS), NOT the sample position",grid around the station; grid extent not documented,"haemocytometer, 2 µl counted, LOD 1000 cells/mL, PFA-preserved",ice algae (snow algae separate),final_test,
2024_46,PROMBIO 2024,49,PROMBIO 2024,2024,QAS_U,2024-08-27,randomized grid,not stated,observed,84700.0,,"8,47E+04",balanced,,,,https://doi.org/10.22008/FK2/D0JC0P,1.0,1084406e9b763ffe978ee54d3d553f3692cd9ede226fd61c9acfc84e0f7946be,61.171903,-46.82286,0.0,0.0,9.0,0.0075,,insufficient tilt-corrected SW,candidate,6.0,S2A_23VLH_20240826_0_L2A,0.38,27.02359,"[""S2A_23VLH_20240826_0_L2A"", ""S2A_23VMH_20240826_0_L2A"", ""S2B_23VMH_20240828_0_L2A"", ""S2B_23VLH_20240828_0_L2A"", ""S2B_23VMH_20240831_0_L2A"", ""S2B_23VLH_20240831_0_L2A""]",61.171903,-46.82286,"station position (workbook/GPS), NOT the sample position",grid around the station; grid extent not documented,"haemocytometer, 2 µl counted, LOD 1000 cells/mL, PFA-preserved",ice algae (snow algae separate),final_test,
2024_47,PROMBIO 2024,50,PROMBIO 2024,2024,QAS_U,2024-08-27,randomized grid,not stated,observed,12200.0,,"1,22E+04",more minerals,,,,https://doi.org/10.22008/FK2/D0JC0P,1.0,1084406e9b763ffe978ee54d3d553f3692cd9ede226fd61c9acfc84e0f7946be,61.171903,-46.82286,0.0,0.0,9.0,0.0075,,insufficient tilt-corrected SW,candidate,6.0,S2A_23VLH_20240826_0_L2A,0.38,27.02359,"[""S2A_23VLH_20240826_0_L2A"", ""S2A_23VMH_20240826_0_L2A"", ""S2B_23VMH_20240828_0_L2A"", ""S2B_23VLH_20240828_0_L2A"", ""S2B_23VMH_20240831_0_L2A"", ""S2B_23VLH_20240831_0_L2A""]",61.171903,-46.82286,"station position (workbook/GPS), NOT the sample position",grid around the station; grid extent not documented,"haemocytometer, 2 µl counted, LOD 1000 cells/mL, PFA-preserved",ice algae (snow algae separate),final_test,
2024_48,PROMBIO 2024,51,PROMBIO 2024,2024,QAS_U,2024-08-27,randomized grid,not stated,observed,31300.0,,"3,13E+04",balanced,,,,https://doi.org/10.22008/FK2/D0JC0P,1.0,1084406e9b763ffe978ee54d3d553f3692cd9ede226fd61c9acfc84e0f7946be,61.171903,-46.82286,0.0,0.0,9.0,0.0075,,insufficient tilt-corrected SW,candidate,6.0,S2A_23VLH_20240826_0_L2A,0.38,27.02359,"[""S2A_23VLH_20240826_0_L2A"", ""S2A_23VMH_20240826_0_L2A"", ""S2B_23VMH_20240828_0_L2A"", ""S2B_23VLH_20240828_0_L2A"", ""S2B_23VMH_20240831_0_L2A"", ""S2B_23VLH_20240831_0_L2A""]",61.171903,-46.82286,"station position (workbook/GPS), NOT the sample position",grid around the station; grid extent not documented,"haemocytometer, 2 µl counted, LOD 1000 cells/mL, PFA-preserved",ice algae (snow algae separate),final_test,
2024_49,PROMBIO 2024,52,PROMBIO 2024,2024,QAS_U,2024-08-27,randomized grid,not stated,observed,2500.0,,"2,50E+03",more minerals,,,,https://doi.org/10.22008/FK2/D0JC0P,1.0,1084406e9b763ffe978ee54d3d553f3692cd9ede226fd61c9acfc84e0f7946be,61.171903,-46.82286,0.0,0.0,9.0,0.0075,,insufficient tilt-corrected SW,candidate,6.0,S2A_23VLH_20240826_0_L2A,0.38,27.02359,"[""S2A_23VLH_20240826_0_L2A"", ""S2A_23VMH_20240826_0_L2A"", ""S2B_23VMH_20240828_0_L2A"", ""S2B_23VLH_20240828_0_L2A"", ""S2B_23VMH_20240831_0_L2A"", ""S2B_23VLH_20240831_0_L2A""]",61.171903,-46.82286,"station position (workbook/GPS), NOT the sample position",grid around the station; grid extent not documented,"haemocytometer, 2 µl counted, LOD 1000 cells/mL, PFA-preserved",ice algae (snow algae separate),final_test,
2024_50,PROMBIO 2024,53,PROMBIO 2024,2024,QAS_U,2024-08-27,randomized grid,not stated,observed,8130.0,,"8,13E+03",more minerals,,,,https://doi.org/10.22008/FK2/D0JC0P,1.0,1084406e9b763ffe978ee54d3d553f3692cd9ede226fd61c9acfc84e0f7946be,61.171903,-46.82286,0.0,0.0,9.0,0.0075,,insufficient tilt-corrected SW,candidate,6.0,S2A_23VLH_20240826_0_L2A,0.38,27.02359,"[""S2A_23VLH_20240826_0_L2A"", ""S2A_23VMH_20240826_0_L2A"", ""S2B_23VMH_20240828_0_L2A"", ""S2B_23VLH_20240828_0_L2A"", ""S2B_23VMH_20240831_0_L2A"", ""S2B_23VLH_20240831_0_L2A""]",61.171903,-46.82286,"station position (workbook/GPS), NOT the sample position",grid around the station; grid extent not documented,"haemocytometer, 2 µl counted, LOD 1000 cells/mL, PFA-preserved",ice algae (snow algae separate),final_test,
2024_51,PROMBIO 2024,54,PROMBIO 2024,2024,QAS_U,2024-08-27,randomized grid,not stated,observed,0.0,,"0,00E+00",some minerals,,,,https://doi.org/10.22008/FK2/D0JC0P,1.0,1084406e9b763ffe978ee54d3d553f3692cd9ede226fd61c9acfc84e0f7946be,61.171903,-46.82286,0.0,0.0,9.0,0.0075,,insufficient tilt-corrected SW,candidate,6.0,S2A_23VLH_20240826_0_L2A,0.38,27.02359,"[""S2A_23VLH_20240826_0_L2A"", ""S2A_23VMH_20240826_0_L2A"", ""S2B_23VMH_20240828_0_L2A"", ""S2B_23VLH_20240828_0_L2A"", ""S2B_23VMH_20240831_0_L2A"", ""S2B_23VLH_20240831_0_L2A""]",61.171903,-46.82286,"station position (workbook/GPS), NOT the sample position",grid around the station; grid extent not documented,"haemocytometer, 2 µl counted, LOD 1000 cells/mL, PFA-preserved",ice algae (snow algae separate),final_test,
2024_52,PROMBIO 2024,55,PROMBIO 2024,2024,QAS_U,2024-08-27,randomized grid,not stated,observed,5000.0,,"5,00E+03",more minerals,,,,https://doi.org/10.22008/FK2/D0JC0P,1.0,1084406e9b763ffe978ee54d3d553f3692cd9ede226fd61c9acfc84e0f7946be,61.171903,-46.82286,0.0,0.0,9.0,0.0075,,insufficient tilt-corrected SW,candidate,6.0,S2A_23VLH_20240826_0_L2A,0.38,27.02359,"[""S2A_23VLH_20240826_0_L2A"", ""S2A_23VMH_20240826_0_L2A"", ""S2B_23VMH_20240828_0_L2A"", ""S2B_23VLH_20240828_0_L2A"", ""S2B_23VMH_20240831_0_L2A"", ""S2B_23VLH_20240831_0_L2A""]",61.171903,-46.82286,"station position (workbook/GPS), NOT the sample position",grid around the station; grid extent not documented,"haemocytometer, 2 µl counted, LOD 1000 cells/mL, PFA-preserved",ice algae (snow algae separate),final_test,
2024_53,PROMBIO 2024,56,PROMBIO 2024,2024,QAS_U,2024-08-27,randomized grid,not stated,observed,16300.0,,"1,63E+04",balanced,,,,https://doi.org/10.22008/FK2/D0JC0P,1.0,1084406e9b763ffe978ee54d3d553f3692cd9ede226fd61c9acfc84e0f7946be,61.171903,-46.82286,0.0,0.0,9.0,0.0075,,insufficient tilt-corrected SW,candidate,6.0,S2A_23VLH_20240826_0_L2A,0.38,27.02359,"[""S2A_23VLH_20240826_0_L2A"", ""S2A_23VMH_20240826_0_L2A"", ""S2B_23VMH_20240828_0_L2A"", ""S2B_23VLH_20240828_0_L2A"", ""S2B_23VMH_20240831_0_L2A"", ""S2B_23VLH_20240831_0_L2A""]",61.171903,-46.82286,"station position (workbook/GPS), NOT the sample position",grid around the station; grid extent not documented,"haemocytometer, 2 µl counted, LOD 1000 cells/mL, PFA-preserved",ice algae (snow algae separate),final_test,
2024_54,PROMBIO 2024,57,PROMBIO 2024,2024,QAS_U,2024-08-27,randomized grid,not stated,observed,30300.0,,"3,03E+04",balanced,,,,https://doi.org/10.22008/FK2/D0JC0P,1.0,1084406e9b763ffe978ee54d3d553f3692cd9ede226fd61c9acfc84e0f7946be,61.171903,-46.82286,0.0,0.0,9.0,0.0075,,insufficient tilt-corrected SW,candidate,6.0,S2A_23VLH_20240826_0_L2A,0.38,27.02359,"[""S2A_23VLH_20240826_0_L2A"", ""S2A_23VMH_20240826_0_L2A"", ""S2B_23VMH_20240828_0_L2A"", ""S2B_23VLH_20240828_0_L2A"", ""S2B_23VMH_20240831_0_L2A"", ""S2B_23VLH_20240831_0_L2A""]",61.171903,-46.82286,"station position (workbook/GPS), NOT the sample position",grid around the station; grid extent not documented,"haemocytometer, 2 µl counted, LOD 1000 cells/mL, PFA-preserved",ice algae (snow algae separate),final_test,
2024_55,PROMBIO 2024,58,PROMBIO 2024,2024,QAS_U,2024-08-27,randomized grid,not stated,observed,20600.0,,"2,06E+04",balanced,,,,https://doi.org/10.22008/FK2/D0JC0P,1.0,1084406e9b763ffe978ee54d3d553f3692cd9ede226fd61c9acfc84e0f7946be,61.171903,-46.82286,0.0,0.0,9.0,0.0075,,insufficient tilt-corrected SW,candidate,6.0,S2A_23VLH_20240826_0_L2A,0.38,27.02359,"[""S2A_23VLH_20240826_0_L2A"", ""S2A_23VMH_20240826_0_L2A"", ""S2B_23VMH_20240828_0_L2A"", ""S2B_23VLH_20240828_0_L2A"", ""S2B_23VMH_20240831_0_L2A"", ""S2B_23VLH_20240831_0_L2A""]",61.171903,-46.82286,"station position (workbook/GPS), NOT the sample position",grid around the station; grid extent not documented,"haemocytometer, 2 µl counted, LOD 1000 cells/mL, PFA-preserved",ice algae (snow algae separate),final_test,
2024_56,PROMBIO 2024,59,PROMBIO 2024,2024,QAS_U,2024-08-27,randomized grid,not stated,observed,2190.0,,"2,19E+03",more minerals,,,,https://doi.org/10.22008/FK2/D0JC0P,1.0,1084406e9b763ffe978ee54d3d553f3692cd9ede226fd61c9acfc84e0f7946be,61.171903,-46.82286,0.0,0.0,9.0,0.0075,,insufficient tilt-corrected SW,candidate,6.0,S2A_23VLH_20240826_0_L2A,0.38,27.02359,"[""S2A_23VLH_20240826_0_L2A"", ""S2A_23VMH_20240826_0_L2A"", ""S2B_23VMH_20240828_0_L2A"", ""S2B_23VLH_20240828_0_L2A"", ""S2B_23VMH_20240831_0_L2A"", ""S2B_23VLH_20240831_0_L2A""]",61.171903,-46.82286,"station position (workbook/GPS), NOT the sample position",grid around the station; grid extent not documented,"haemocytometer, 2 µl counted, LOD 1000 cells/mL, PFA-preserved",ice algae (snow algae separate),final_test,
2024_57,PROMBIO 2024,60,PROMBIO 2024,2024,QAS_U,2024-08-27,randomized grid,not stated,observed,18800.0,,"1,88E+04",more minerals,,,,https://doi.org/10.22008/FK2/D0JC0P,1.0,1084406e9b763ffe978ee54d3d553f3692cd9ede226fd61c9acfc84e0f7946be,61.171903,-46.82286,0.0,0.0,9.0,0.0075,,insufficient tilt-corrected SW,candidate,6.0,S2A_23VLH_20240826_0_L2A,0.38,27.02359,"[""S2A_23VLH_20240826_0_L2A"", ""S2A_23VMH_20240826_0_L2A"", ""S2B_23VMH_20240828_0_L2A"", ""S2B_23VLH_20240828_0_L2A"", ""S2B_23VMH_20240831_0_L2A"", ""S2B_23VLH_20240831_0_L2A""]",61.171903,-46.82286,"station position (workbook/GPS), NOT the sample position",grid around the station; grid extent not documented,"haemocytometer, 2 µl counted, LOD 1000 cells/mL, PFA-preserved",ice algae (snow algae separate),final_test,
2024_58,PROMBIO 2024,61,PROMBIO 2024,2024,QAS_U,2024-08-27,randomized grid,not stated,observed,24400.0,,"2,44E+04",balanced,,,,https://doi.org/10.22008/FK2/D0JC0P,1.0,1084406e9b763ffe978ee54d3d553f3692cd9ede226fd61c9acfc84e0f7946be,61.171903,-46.82286,0.0,0.0,9.0,0.0075,,insufficient tilt-corrected SW,candidate,6.0,S2A_23VLH_20240826_0_L2A,0.38,27.02359,"[""S2A_23VLH_20240826_0_L2A"", ""S2A_23VMH_20240826_0_L2A"", ""S2B_23VMH_20240828_0_L2A"", ""S2B_23VLH_20240828_0_L2A"", ""S2B_23VMH_20240831_0_L2A"", ""S2B_23VLH_20240831_0_L2A""]",61.171903,-46.82286,"station position (workbook/GPS), NOT the sample position",grid around the station; grid extent not documented,"haemocytometer, 2 µl counted, LOD 1000 cells/mL, PFA-preserved",ice algae (snow algae separate),final_test,
2024_59,PROMBIO 2024,62,PROMBIO 2024,2024,QAS_U,2024-08-27,randomized grid,not stated,observed,15900.0,,"1,59E+04",balanced,,,,https://doi.org/10.22008/FK2/D0JC0P,1.0,1084406e9b763ffe978ee54d3d553f3692cd9ede226fd61c9acfc84e0f7946be,61.171903,-46.82286,0.0,0.0,9.0,0.0075,,insufficient tilt-corrected SW,candidate,6.0,S2A_23VLH_20240826_0_L2A,0.38,27.02359,"[""S2A_23VLH_20240826_0_L2A"", ""S2A_23VMH_20240826_0_L2A"", ""S2B_23VMH_20240828_0_L2A"", ""S2B_23VLH_20240828_0_L2A"", ""S2B_23VMH_20240831_0_L2A"", ""S2B_23VLH_20240831_0_L2A""]",61.171903,-46.82286,"station position (workbook/GPS), NOT the sample position",grid around the station; grid extent not documented,"haemocytometer, 2 µl counted, LOD 1000 cells/mL, PFA-preserved",ice algae (snow algae separate),final_test,
2024_60,PROMBIO 2024,63,PROMBIO 2024,2024,QAS_U,2024-08-27,randomized grid,not stated,missing_sample,,,no counts,,almost no liquid in the falcon tube,,,https://doi.org/10.22008/FK2/D0JC0P,1.0,1084406e9b763ffe978ee54d3d553f3692cd9ede226fd61c9acfc84e0f7946be,61.171903,-46.82286,0.0,0.0,9.0,0.0075,,insufficient tilt-corrected SW,candidate,6.0,S2A_23VLH_20240826_0_L2A,0.38,27.02359,"[""S2A_23VLH_20240826_0_L2A"", ""S2A_23VMH_20240826_0_L2A"", ""S2B_23VMH_20240828_0_L2A"", ""S2B_23VLH_20240828_0_L2A"", ""S2B_23VMH_20240831_0_L2A"", ""S2B_23VLH_20240831_0_L2A""]",61.171903,-46.82286,"station position (workbook/GPS), NOT the sample position",grid around the station; grid extent not documented,"haemocytometer, 2 µl counted, LOD 1000 cells/mL, PFA-preserved",ice algae (snow algae separate),final_test,excluded: observation state missing_sample
2024_61,PROMBIO 2024,64,PROMBIO 2024,2024,QAS_U,2024-08-27,randomized grid,not stated,missing_sample,,,no counts,,almost no liquid in the falcon tube,,,https://doi.org/10.22008/FK2/D0JC0P,1.0,1084406e9b763ffe978ee54d3d553f3692cd9ede226fd61c9acfc84e0f7946be,61.171903,-46.82286,0.0,0.0,9.0,0.0075,,insufficient tilt-corrected SW,candidate,6.0,S2A_23VLH_20240826_0_L2A,0.38,27.02359,"[""S2A_23VLH_20240826_0_L2A"", ""S2A_23VMH_20240826_0_L2A"", ""S2B_23VMH_20240828_0_L2A"", ""S2B_23VLH_20240828_0_L2A"", ""S2B_23VMH_20240831_0_L2A"", ""S2B_23VLH_20240831_0_L2A""]",61.171903,-46.82286,"station position (workbook/GPS), NOT the sample position",grid around the station; grid extent not documented,"haemocytometer, 2 µl counted, LOD 1000 cells/mL, PFA-preserved",ice algae (snow algae separate),final_test,excluded: observation state missing_sample
2024_62,PROMBIO 2024,65,PROMBIO 2024,2024,QAS_U,2024-08-27,randomized grid,not stated,observed,37200.0,,"3,72E+04",more minerals,,,,https://doi.org/10.22008/FK2/D0JC0P,1.0,1084406e9b763ffe978ee54d3d553f3692cd9ede226fd61c9acfc84e0f7946be,61.171903,-46.82286,0.0,0.0,9.0,0.0075,,insufficient tilt-corrected SW,candidate,6.0,S2A_23VLH_20240826_0_L2A,0.38,27.02359,"[""S2A_23VLH_20240826_0_L2A"", ""S2A_23VMH_20240826_0_L2A"", ""S2B_23VMH_20240828_0_L2A"", ""S2B_23VLH_20240828_0_L2A"", ""S2B_23VMH_20240831_0_L2A"", ""S2B_23VLH_20240831_0_L2A""]",61.171903,-46.82286,"station position (workbook/GPS), NOT the sample position",grid around the station; grid extent not documented,"haemocytometer, 2 µl counted, LOD 1000 cells/mL, PFA-preserved",ice algae (snow algae separate),final_test,
2024_63,PROMBIO 2024,66,PROMBIO 2024,2024,QAS_U,2024-08-27,randomized grid,not stated,observed,53800.0,,"5,38E+04",more minerals,,,,https://doi.org/10.22008/FK2/D0JC0P,1.0,1084406e9b763ffe978ee54d3d553f3692cd9ede226fd61c9acfc84e0f7946be,61.171903,-46.82286,0.0,0.0,9.0,0.0075,,insufficient tilt-corrected SW,candidate,6.0,S2A_23VLH_20240826_0_L2A,0.38,27.02359,"[""S2A_23VLH_20240826_0_L2A"", ""S2A_23VMH_20240826_0_L2A"", ""S2B_23VMH_20240828_0_L2A"", ""S2B_23VLH_20240828_0_L2A"", ""S2B_23VMH_20240831_0_L2A"", ""S2B_23VLH_20240831_0_L2A""]",61.171903,-46.82286,"station position (workbook/GPS), NOT the sample position",grid around the station; grid extent not documented,"haemocytometer, 2 µl counted, LOD 1000 cells/mL, PFA-preserved",ice algae (snow algae separate),final_test,
2024_64,PROMBIO 2024,67,PROMBIO 2024,2024,QAS_U,2024-08-27,randomized grid,not stated,observed,67200.0,,"6,72E+04",balanced,,,,https://doi.org/10.22008/FK2/D0JC0P,1.0,1084406e9b763ffe978ee54d3d553f3692cd9ede226fd61c9acfc84e0f7946be,61.171903,-46.82286,0.0,0.0,9.0,0.0075,,insufficient tilt-corrected SW,candidate,6.0,S2A_23VLH_20240826_0_L2A,0.38,27.02359,"[""S2A_23VLH_20240826_0_L2A"", ""S2A_23VMH_20240826_0_L2A"", ""S2B_23VMH_20240828_0_L2A"", ""S2B_23VLH_20240828_0_L2A"", ""S2B_23VMH_20240831_0_L2A"", ""S2B_23VLH_20240831_0_L2A""]",61.171903,-46.82286,"station position (workbook/GPS), NOT the sample position",grid around the station; grid extent not documented,"haemocytometer, 2 µl counted, LOD 1000 cells/mL, PFA-preserved",ice algae (snow algae separate),final_test,
2024_65,PROMBIO 2024,68,PROMBIO 2024,2024,QAS_M,2024-09-01,randomized grid,chisel,observed,313.0,,"3,13E+02",more few minerals,,,,https://doi.org/10.22008/FK2/D0JC0P,1.0,1084406e9b763ffe978ee54d3d553f3692cd9ede226fd61c9acfc84e0f7946be,61.109703,-46.808412,23.0,23.0,7.0,0.0869,0.3667620302065753,available,candidate,6.0,S2B_23VLH_20240831_0_L2A,0.38,31.917545,"[""S2B_23VLH_20240831_0_L2A"", ""S2B_23VMH_20240831_0_L2A"", ""S2A_23VMH_20240902_0_L2A"", ""S2A_23VLH_20240902_0_L2A"", ""S2A_23VMH_20240905_0_L2A"", ""S2A_23VLH_20240905_0_L2A""]",61.109703,-46.808412,"station position (workbook/GPS), NOT the sample position",grid around the station; grid extent not documented,"haemocytometer, 2 µl counted, LOD 1000 cells/mL, PFA-preserved",ice algae (snow algae separate),final_test,
2024_66,PROMBIO 2024,69,PROMBIO 2024,2024,QAS_M,2024-09-01,randomized grid,chisel,observed,938.0,,"9,38E+02",almost no minerals,,,,https://doi.org/10.22008/FK2/D0JC0P,1.0,1084406e9b763ffe978ee54d3d553f3692cd9ede226fd61c9acfc84e0f7946be,61.109703,-46.808412,23.0,23.0,7.0,0.0869,0.3667620302065753,available,candidate,6.0,S2B_23VLH_20240831_0_L2A,0.38,31.917545,"[""S2B_23VLH_20240831_0_L2A"", ""S2B_23VMH_20240831_0_L2A"", ""S2A_23VMH_20240902_0_L2A"", ""S2A_23VLH_20240902_0_L2A"", ""S2A_23VMH_20240905_0_L2A"", ""S2A_23VLH_20240905_0_L2A""]",61.109703,-46.808412,"station position (workbook/GPS), NOT the sample position",grid around the station; grid extent not documented,"haemocytometer, 2 µl counted, LOD 1000 cells/mL, PFA-preserved",ice algae (snow algae separate),final_test,
2024_67,PROMBIO 2024,70,PROMBIO 2024,2024,QAS_M,2024-09-01,randomized grid,chisel,observed,53400.0,,"5,34E+04",balanced,,,,https://doi.org/10.22008/FK2/D0JC0P,1.0,1084406e9b763ffe978ee54d3d553f3692cd9ede226fd61c9acfc84e0f7946be,61.109703,-46.808412,23.0,23.0,7.0,0.0869,0.3667620302065753,available,candidate,6.0,S2B_23VLH_20240831_0_L2A,0.38,31.917545,"[""S2B_23VLH_20240831_0_L2A"", ""S2B_23VMH_20240831_0_L2A"", ""S2A_23VMH_20240902_0_L2A"", ""S2A_23VLH_20240902_0_L2A"", ""S2A_23VMH_20240905_0_L2A"", ""S2A_23VLH_20240905_0_L2A""]",61.109703,-46.808412,"station position (workbook/GPS), NOT the sample position",grid around the station; grid extent not documented,"haemocytometer, 2 µl counted, LOD 1000 cells/mL, PFA-preserved",ice algae (snow algae separate),final_test,
2024_68,PROMBIO 2024,71,PROMBIO 2024,2024,QAS_M,2024-09-01,randomized grid,chisel,observed,26300.0,,"2,63E+04",balanced,,,,https://doi.org/10.22008/FK2/D0JC0P,1.0,1084406e9b763ffe978ee54d3d553f3692cd9ede226fd61c9acfc84e0f7946be,61.109703,-46.808412,23.0,23.0,7.0,0.0869,0.3667620302065753,available,candidate,6.0,S2B_23VLH_20240831_0_L2A,0.38,31.917545,"[""S2B_23VLH_20240831_0_L2A"", ""S2B_23VMH_20240831_0_L2A"", ""S2A_23VMH_20240902_0_L2A"", ""S2A_23VLH_20240902_0_L2A"", ""S2A_23VMH_20240905_0_L2A"", ""S2A_23VLH_20240905_0_L2A""]",61.109703,-46.808412,"station position (workbook/GPS), NOT the sample position",grid around the station; grid extent not documented,"haemocytometer, 2 µl counted, LOD 1000 cells/mL, PFA-preserved",ice algae (snow algae separate),final_test,
2024_69,PROMBIO 2024,72,PROMBIO 2024,2024,QAS_M,2024-09-01,randomized grid,chisel,unresolved_annotation,,,no counts,,,,,https://doi.org/10.22008/FK2/D0JC0P,1.0,1084406e9b763ffe978ee54d3d553f3692cd9ede226fd61c9acfc84e0f7946be,61.109703,-46.808412,23.0,23.0,7.0,0.0869,0.3667620302065753,available,candidate,6.0,S2B_23VLH_20240831_0_L2A,0.38,31.917545,"[""S2B_23VLH_20240831_0_L2A"", ""S2B_23VMH_20240831_0_L2A"", ""S2A_23VMH_20240902_0_L2A"", ""S2A_23VLH_20240902_0_L2A"", ""S2A_23VMH_20240905_0_L2A"", ""S2A_23VLH_20240905_0_L2A""]",61.109703,-46.808412,"station position (workbook/GPS), NOT the sample position",grid around the station; grid extent not documented,"haemocytometer, 2 µl counted, LOD 1000 cells/mL, PFA-preserved",ice algae (snow algae separate),final_test,excluded: observation state unresolved_annotation
2024_70,PROMBIO 2024,73,PROMBIO 2024,2024,QAS_M,2024-09-01,randomized grid,chisel,missing_sample,,,no counts,,no sample in the tube,,,https://doi.org/10.22008/FK2/D0JC0P,1.0,1084406e9b763ffe978ee54d3d553f3692cd9ede226fd61c9acfc84e0f7946be,61.109703,-46.808412,23.0,23.0,7.0,0.0869,0.3667620302065753,available,candidate,6.0,S2B_23VLH_20240831_0_L2A,0.38,31.917545,"[""S2B_23VLH_20240831_0_L2A"", ""S2B_23VMH_20240831_0_L2A"", ""S2A_23VMH_20240902_0_L2A"", ""S2A_23VLH_20240902_0_L2A"", ""S2A_23VMH_20240905_0_L2A"", ""S2A_23VLH_20240905_0_L2A""]",61.109703,-46.808412,"station position (workbook/GPS), NOT the sample position",grid around the station; grid extent not documented,"haemocytometer, 2 µl counted, LOD 1000 cells/mL, PFA-preserved",ice algae (snow algae separate),final_test,excluded: observation state missing_sample
2024_71,PROMBIO 2024,74,PROMBIO 2024,2024,QAS_M,2024-09-01,randomized grid,chisel,observed,39100.0,,"3,91E+04",more cells,,,,https://doi.org/10.22008/FK2/D0JC0P,1.0,1084406e9b763ffe978ee54d3d553f3692cd9ede226fd61c9acfc84e0f7946be,61.109703,-46.808412,23.0,23.0,7.0,0.0869,0.3667620302065753,available,candidate,6.0,S2B_23VLH_20240831_0_L2A,0.38,31.917545,"[""S2B_23VLH_20240831_0_L2A"", ""S2B_23VMH_20240831_0_L2A"", ""S2A_23VMH_20240902_0_L2A"", ""S2A_23VLH_20240902_0_L2A"", ""S2A_23VMH_20240905_0_L2A"", ""S2A_23VLH_20240905_0_L2A""]",61.109703,-46.808412,"station position (workbook/GPS), NOT the sample position",grid around the station; grid extent not documented,"haemocytometer, 2 µl counted, LOD 1000 cells/mL, PFA-preserved",ice algae (snow algae separate),final_test,
2024_72,PROMBIO 2024,75,PROMBIO 2024,2024,QAS_M,2024-09-01,randomized grid,chisel,observed,293000.0,,"2,93E+05",balanced ratio,very little liquid left,,,https://doi.org/10.22008/FK2/D0JC0P,1.0,1084406e9b763ffe978ee54d3d553f3692cd9ede226fd61c9acfc84e0f7946be,61.109703,-46.808412,23.0,23.0,7.0,0.0869,0.3667620302065753,available,candidate,6.0,S2B_23VLH_20240831_0_L2A,0.38,31.917545,"[""S2B_23VLH_20240831_0_L2A"", ""S2B_23VMH_20240831_0_L2A"", ""S2A_23VMH_20240902_0_L2A"", ""S2A_23VLH_20240902_0_L2A"", ""S2A_23VMH_20240905_0_L2A"", ""S2A_23VLH_20240905_0_L2A""]",61.109703,-46.808412,"station position (workbook/GPS), NOT the sample position",grid around the station; grid extent not documented,"haemocytometer, 2 µl counted, LOD 1000 cells/mL, PFA-preserved",ice algae (snow algae separate),final_test,
2024_73,PROMBIO 2024,76,PROMBIO 2024,2024,QAS_M,2024-09-01,randomized grid,chisel,missing_sample,,,no counts,,missing,,,https://doi.org/10.22008/FK2/D0JC0P,1.0,1084406e9b763ffe978ee54d3d553f3692cd9ede226fd61c9acfc84e0f7946be,61.109703,-46.808412,23.0,23.0,7.0,0.0869,0.3667620302065753,available,candidate,6.0,S2B_23VLH_20240831_0_L2A,0.38,31.917545,"[""S2B_23VLH_20240831_0_L2A"", ""S2B_23VMH_20240831_0_L2A"", ""S2A_23VMH_20240902_0_L2A"", ""S2A_23VLH_20240902_0_L2A"", ""S2A_23VMH_20240905_0_L2A"", ""S2A_23VLH_20240905_0_L2A""]",61.109703,-46.808412,"station position (workbook/GPS), NOT the sample position",grid around the station; grid extent not documented,"haemocytometer, 2 µl counted, LOD 1000 cells/mL, PFA-preserved",ice algae (snow algae separate),final_test,excluded: observation state missing_sample
2024_74,PROMBIO 2024,77,PROMBIO 2024,2024,QAS_M,2024-09-01,randomized grid,chisel,observed,53800.0,,"5,38E+04",balanced,,,,https://doi.org/10.22008/FK2/D0JC0P,1.0,1084406e9b763ffe978ee54d3d553f3692cd9ede226fd61c9acfc84e0f7946be,61.109703,-46.808412,23.0,23.0,7.0,0.0869,0.3667620302065753,available,candidate,6.0,S2B_23VLH_20240831_0_L2A,0.38,31.917545,"[""S2B_23VLH_20240831_0_L2A"", ""S2B_23VMH_20240831_0_L2A"", ""S2A_23VMH_20240902_0_L2A"", ""S2A_23VLH_20240902_0_L2A"", ""S2A_23VMH_20240905_0_L2A"", ""S2A_23VLH_20240905_0_L2A""]",61.109703,-46.808412,"station position (workbook/GPS), NOT the sample position",grid around the station; grid extent not documented,"haemocytometer, 2 µl counted, LOD 1000 cells/mL, PFA-preserved",ice algae (snow algae separate),final_test,
2024_75,PROMBIO 2024,78,PROMBIO 2024,2024,QAS_M,2024-09-01,randomized grid,chisel,observed,110000.0,,"1,10E+05",balanced,,,,https://doi.org/10.22008/FK2/D0JC0P,1.0,1084406e9b763ffe978ee54d3d553f3692cd9ede226fd61c9acfc84e0f7946be,61.109703,-46.808412,23.0,23.0,7.0,0.0869,0.3667620302065753,available,candidate,6.0,S2B_23VLH_20240831_0_L2A,0.38,31.917545,"[""S2B_23VLH_20240831_0_L2A"", ""S2B_23VMH_20240831_0_L2A"", ""S2A_23VMH_20240902_0_L2A"", ""S2A_23VLH_20240902_0_L2A"", ""S2A_23VMH_20240905_0_L2A"", ""S2A_23VLH_20240905_0_L2A""]",61.109703,-46.808412,"station position (workbook/GPS), NOT the sample position",grid around the station; grid extent not documented,"haemocytometer, 2 µl counted, LOD 1000 cells/mL, PFA-preserved",ice algae (snow algae separate),final_test,
2024_76,PROMBIO 2024,79,PROMBIO 2024,2024,QAS_M,2024-09-01,randomized grid,chisel,missing_sample,,,no counts,,no sample in the tube,,,https://doi.org/10.22008/FK2/D0JC0P,1.0,1084406e9b763ffe978ee54d3d553f3692cd9ede226fd61c9acfc84e0f7946be,61.109703,-46.808412,23.0,23.0,7.0,0.0869,0.3667620302065753,available,candidate,6.0,S2B_23VLH_20240831_0_L2A,0.38,31.917545,"[""S2B_23VLH_20240831_0_L2A"", ""S2B_23VMH_20240831_0_L2A"", ""S2A_23VMH_20240902_0_L2A"", ""S2A_23VLH_20240902_0_L2A"", ""S2A_23VMH_20240905_0_L2A"", ""S2A_23VLH_20240905_0_L2A""]",61.109703,-46.808412,"station position (workbook/GPS), NOT the sample position",grid around the station; grid extent not documented,"haemocytometer, 2 µl counted, LOD 1000 cells/mL, PFA-preserved",ice algae (snow algae separate),final_test,excluded: observation state missing_sample
2024_77,PROMBIO 2024,80,PROMBIO 2024,2024,QAS_M,2024-09-01,randomized grid,chisel,missing_sample,,,no counts,,"no sample in the tube, lid half open",,,https://doi.org/10.22008/FK2/D0JC0P,1.0,1084406e9b763ffe978ee54d3d553f3692cd9ede226fd61c9acfc84e0f7946be,61.109703,-46.808412,23.0,23.0,7.0,0.0869,0.3667620302065753,available,candidate,6.0,S2B_23VLH_20240831_0_L2A,0.38,31.917545,"[""S2B_23VLH_20240831_0_L2A"", ""S2B_23VMH_20240831_0_L2A"", ""S2A_23VMH_20240902_0_L2A"", ""S2A_23VLH_20240902_0_L2A"", ""S2A_23VMH_20240905_0_L2A"", ""S2A_23VLH_20240905_0_L2A""]",61.109703,-46.808412,"station position (workbook/GPS), NOT the sample position",grid around the station; grid extent not documented,"haemocytometer, 2 µl counted, LOD 1000 cells/mL, PFA-preserved",ice algae (snow algae separate),final_test,excluded: observation state missing_sample
2024_78,PROMBIO 2024,81,PROMBIO 2024,2024,QAS_M,2024-09-01,randomized grid,chisel,missing_sample,,,no counts,,no sample in the tube,,,https://doi.org/10.22008/FK2/D0JC0P,1.0,1084406e9b763ffe978ee54d3d553f3692cd9ede226fd61c9acfc84e0f7946be,61.109703,-46.808412,23.0,23.0,7.0,0.0869,0.3667620302065753,available,candidate,6.0,S2B_23VLH_20240831_0_L2A,0.38,31.917545,"[""S2B_23VLH_20240831_0_L2A"", ""S2B_23VMH_20240831_0_L2A"", ""S2A_23VMH_20240902_0_L2A"", ""S2A_23VLH_20240902_0_L2A"", ""S2A_23VMH_20240905_0_L2A"", ""S2A_23VLH_20240905_0_L2A""]",61.109703,-46.808412,"station position (workbook/GPS), NOT the sample position",grid around the station; grid extent not documented,"haemocytometer, 2 µl counted, LOD 1000 cells/mL, PFA-preserved",ice algae (snow algae separate),final_test,excluded: observation state missing_sample
2024_79,PROMBIO 2024,82,PROMBIO 2024,2024,QAS_M,2024-09-01,randomized grid,chisel,observed,54400.0,,"5,44E+04",balanced,,,,https://doi.org/10.22008/FK2/D0JC0P,1.0,1084406e9b763ffe978ee54d3d553f3692cd9ede226fd61c9acfc84e0f7946be,61.109703,-46.808412,23.0,23.0,7.0,0.0869,0.3667620302065753,available,candidate,6.0,S2B_23VLH_20240831_0_L2A,0.38,31.917545,"[""S2B_23VLH_20240831_0_L2A"", ""S2B_23VMH_20240831_0_L2A"", ""S2A_23VMH_20240902_0_L2A"", ""S2A_23VLH_20240902_0_L2A"", ""S2A_23VMH_20240905_0_L2A"", ""S2A_23VLH_20240905_0_L2A""]",61.109703,-46.808412,"station position (workbook/GPS), NOT the sample position",grid around the station; grid extent not documented,"haemocytometer, 2 µl counted, LOD 1000 cells/mL, PFA-preserved",ice algae (snow algae separate),final_test,
2024_80,PROMBIO 2024,83,PROMBIO 2024,2024,QAS_M,2024-09-01,randomized grid,chisel,observed,119000.0,,"1,19E+05",balanced,,,,https://doi.org/10.22008/FK2/D0JC0P,1.0,1084406e9b763ffe978ee54d3d553f3692cd9ede226fd61c9acfc84e0f7946be,61.109703,-46.808412,23.0,23.0,7.0,0.0869,0.3667620302065753,available,candidate,6.0,S2B_23VLH_20240831_0_L2A,0.38,31.917545,"[""S2B_23VLH_20240831_0_L2A"", ""S2B_23VMH_20240831_0_L2A"", ""S2A_23VMH_20240902_0_L2A"", ""S2A_23VLH_20240902_0_L2A"", ""S2A_23VMH_20240905_0_L2A"", ""S2A_23VLH_20240905_0_L2A""]",61.109703,-46.808412,"station position (workbook/GPS), NOT the sample position",grid around the station; grid extent not documented,"haemocytometer, 2 µl counted, LOD 1000 cells/mL, PFA-preserved",ice algae (snow algae separate),final_test,
2024_81,PROMBIO 2024,84,PROMBIO 2024,2024,QAS_M,2024-09-01,randomized grid,chisel,observed,0.0,,"0,00E+00",very few minerals,,,,https://doi.org/10.22008/FK2/D0JC0P,1.0,1084406e9b763ffe978ee54d3d553f3692cd9ede226fd61c9acfc84e0f7946be,61.109703,-46.808412,23.0,23.0,7.0,0.0869,0.3667620302065753,available,candidate,6.0,S2B_23VLH_20240831_0_L2A,0.38,31.917545,"[""S2B_23VLH_20240831_0_L2A"", ""S2B_23VMH_20240831_0_L2A"", ""S2A_23VMH_20240902_0_L2A"", ""S2A_23VLH_20240902_0_L2A"", ""S2A_23VMH_20240905_0_L2A"", ""S2A_23VLH_20240905_0_L2A""]",61.109703,-46.808412,"station position (workbook/GPS), NOT the sample position",grid around the station; grid extent not documented,"haemocytometer, 2 µl counted, LOD 1000 cells/mL, PFA-preserved",ice algae (snow algae separate),final_test,
2024_82,PROMBIO 2024,85,PROMBIO 2024,2024,QAS_M,2024-09-01,randomized grid,chisel,missing_sample,,,no counts,,no sample in the tube,,,https://doi.org/10.22008/FK2/D0JC0P,1.0,1084406e9b763ffe978ee54d3d553f3692cd9ede226fd61c9acfc84e0f7946be,61.109703,-46.808412,23.0,23.0,7.0,0.0869,0.3667620302065753,available,candidate,6.0,S2B_23VLH_20240831_0_L2A,0.38,31.917545,"[""S2B_23VLH_20240831_0_L2A"", ""S2B_23VMH_20240831_0_L2A"", ""S2A_23VMH_20240902_0_L2A"", ""S2A_23VLH_20240902_0_L2A"", ""S2A_23VMH_20240905_0_L2A"", ""S2A_23VLH_20240905_0_L2A""]",61.109703,-46.808412,"station position (workbook/GPS), NOT the sample position",grid around the station; grid extent not documented,"haemocytometer, 2 µl counted, LOD 1000 cells/mL, PFA-preserved",ice algae (snow algae separate),final_test,excluded: observation state missing_sample
2024_83,PROMBIO 2024,86,PROMBIO 2024,2024,QAS_M,2024-09-01,randomized grid,chisel,observed,313.0,,"3,13E+02",more minerals but only few,,,,https://doi.org/10.22008/FK2/D0JC0P,1.0,1084406e9b763ffe978ee54d3d553f3692cd9ede226fd61c9acfc84e0f7946be,61.109703,-46.808412,23.0,23.0,7.0,0.0869,0.3667620302065753,available,candidate,6.0,S2B_23VLH_20240831_0_L2A,0.38,31.917545,"[""S2B_23VLH_20240831_0_L2A"", ""S2B_23VMH_20240831_0_L2A"", ""S2A_23VMH_20240902_0_L2A"", ""S2A_23VLH_20240902_0_L2A"", ""S2A_23VMH_20240905_0_L2A"", ""S2A_23VLH_20240905_0_L2A""]",61.109703,-46.808412,"station position (workbook/GPS), NOT the sample position",grid around the station; grid extent not documented,"haemocytometer, 2 µl counted, LOD 1000 cells/mL, PFA-preserved",ice algae (snow algae separate),final_test,
2024_84,PROMBIO 2024,87,PROMBIO 2024,2024,QAS_M,2024-09-01,randomized grid,chisel,observed,3750.0,,"3,75E+03",balanced,,,,https://doi.org/10.22008/FK2/D0JC0P,1.0,1084406e9b763ffe978ee54d3d553f3692cd9ede226fd61c9acfc84e0f7946be,61.109703,-46.808412,23.0,23.0,7.0,0.0869,0.3667620302065753,available,candidate,6.0,S2B_23VLH_20240831_0_L2A,0.38,31.917545,"[""S2B_23VLH_20240831_0_L2A"", ""S2B_23VMH_20240831_0_L2A"", ""S2A_23VMH_20240902_0_L2A"", ""S2A_23VLH_20240902_0_L2A"", ""S2A_23VMH_20240905_0_L2A"", ""S2A_23VLH_20240905_0_L2A""]",61.109703,-46.808412,"station position (workbook/GPS), NOT the sample position",grid around the station; grid extent not documented,"haemocytometer, 2 µl counted, LOD 1000 cells/mL, PFA-preserved",ice algae (snow algae separate),final_test,
2024_85,PROMBIO 2024,88,PROMBIO 2024,2024,QAS_M,2024-09-01,randomized grid,ice screw,observed,6880.0,,"6,88E+03",more minerals,,,,https://doi.org/10.22008/FK2/D0JC0P,1.0,1084406e9b763ffe978ee54d3d553f3692cd9ede226fd61c9acfc84e0f7946be,61.109703,-46.808412,23.0,23.0,7.0,0.0869,0.3667620302065753,available,candidate,6.0,S2B_23VLH_20240831_0_L2A,0.38,31.917545,"[""S2B_23VLH_20240831_0_L2A"", ""S2B_23VMH_20240831_0_L2A"", ""S2A_23VMH_20240902_0_L2A"", ""S2A_23VLH_20240902_0_L2A"", ""S2A_23VMH_20240905_0_L2A"", ""S2A_23VLH_20240905_0_L2A""]",61.109703,-46.808412,"station position (workbook/GPS), NOT the sample position",grid around the station; grid extent not documented,"haemocytometer, 2 µl counted, LOD 1000 cells/mL, PFA-preserved",ice algae (snow algae separate),final_test,
2024_86,PROMBIO 2024,89,PROMBIO 2024,2024,QAS_M,2024-09-01,randomized grid,ice screw,observed,20900.0,,"2,09E+04",balanced,,,,https://doi.org/10.22008/FK2/D0JC0P,1.0,1084406e9b763ffe978ee54d3d553f3692cd9ede226fd61c9acfc84e0f7946be,61.109703,-46.808412,23.0,23.0,7.0,0.0869,0.3667620302065753,available,candidate,6.0,S2B_23VLH_20240831_0_L2A,0.38,31.917545,"[""S2B_23VLH_20240831_0_L2A"", ""S2B_23VMH_20240831_0_L2A"", ""S2A_23VMH_20240902_0_L2A"", ""S2A_23VLH_20240902_0_L2A"", ""S2A_23VMH_20240905_0_L2A"", ""S2A_23VLH_20240905_0_L2A""]",61.109703,-46.808412,"station position (workbook/GPS), NOT the sample position",grid around the station; grid extent not documented,"haemocytometer, 2 µl counted, LOD 1000 cells/mL, PFA-preserved",ice algae (snow algae separate),final_test,
2024_87,PROMBIO 2024,90,PROMBIO 2024,2024,QAS_M,2024-09-01,randomized grid,ice screw,observed,313.0,,"3,13E+02",more few  minerals,little sample in tube,,,https://doi.org/10.22008/FK2/D0JC0P,1.0,1084406e9b763ffe978ee54d3d553f3692cd9ede226fd61c9acfc84e0f7946be,61.109703,-46.808412,23.0,23.0,7.0,0.0869,0.3667620302065753,available,candidate,6.0,S2B_23VLH_20240831_0_L2A,0.38,31.917545,"[""S2B_23VLH_20240831_0_L2A"", ""S2B_23VMH_20240831_0_L2A"", ""S2A_23VMH_20240902_0_L2A"", ""S2A_23VLH_20240902_0_L2A"", ""S2A_23VMH_20240905_0_L2A"", ""S2A_23VLH_20240905_0_L2A""]",61.109703,-46.808412,"station position (workbook/GPS), NOT the sample position",grid around the station; grid extent not documented,"haemocytometer, 2 µl counted, LOD 1000 cells/mL, PFA-preserved",ice algae (snow algae separate),final_test,
2024_88,PROMBIO 2024,91,PROMBIO 2024,2024,QAS_M,2024-09-01,randomized grid,ice screw,observed,31600.0,,"3,16E+04",more minerals,,,,https://doi.org/10.22008/FK2/D0JC0P,1.0,1084406e9b763ffe978ee54d3d553f3692cd9ede226fd61c9acfc84e0f7946be,61.109703,-46.808412,23.0,23.0,7.0,0.0869,0.3667620302065753,available,candidate,6.0,S2B_23VLH_20240831_0_L2A,0.38,31.917545,"[""S2B_23VLH_20240831_0_L2A"", ""S2B_23VMH_20240831_0_L2A"", ""S2A_23VMH_20240902_0_L2A"", ""S2A_23VLH_20240902_0_L2A"", ""S2A_23VMH_20240905_0_L2A"", ""S2A_23VLH_20240905_0_L2A""]",61.109703,-46.808412,"station position (workbook/GPS), NOT the sample position",grid around the station; grid extent not documented,"haemocytometer, 2 µl counted, LOD 1000 cells/mL, PFA-preserved",ice algae (snow algae separate),final_test,
2024_89,PROMBIO 2024,92,PROMBIO 2024,2024,QAS_M,2024-09-01,randomized grid,ice screw,observed,6560.0,,"6,56E+03",more minerals,very little sample in tube,,,https://doi.org/10.22008/FK2/D0JC0P,1.0,1084406e9b763ffe978ee54d3d553f3692cd9ede226fd61c9acfc84e0f7946be,61.109703,-46.808412,23.0,23.0,7.0,0.0869,0.3667620302065753,available,candidate,6.0,S2B_23VLH_20240831_0_L2A,0.38,31.917545,"[""S2B_23VLH_20240831_0_L2A"", ""S2B_23VMH_20240831_0_L2A"", ""S2A_23VMH_20240902_0_L2A"", ""S2A_23VLH_20240902_0_L2A"", ""S2A_23VMH_20240905_0_L2A"", ""S2A_23VLH_20240905_0_L2A""]",61.109703,-46.808412,"station position (workbook/GPS), NOT the sample position",grid around the station; grid extent not documented,"haemocytometer, 2 µl counted, LOD 1000 cells/mL, PFA-preserved",ice algae (snow algae separate),final_test,
2024_90,PROMBIO 2024,93,PROMBIO 2024,2024,QAS_M,2024-09-01,under radiometer,chisel,observed,2190.0,,"2,19E+03",more cells,,,,https://doi.org/10.22008/FK2/D0JC0P,1.0,1084406e9b763ffe978ee54d3d553f3692cd9ede226fd61c9acfc84e0f7946be,61.109703,-46.808412,23.0,23.0,7.0,0.0869,0.3667620302065753,available,candidate,6.0,S2B_23VLH_20240831_0_L2A,0.38,31.917545,"[""S2B_23VLH_20240831_0_L2A"", ""S2B_23VMH_20240831_0_L2A"", ""S2A_23VMH_20240902_0_L2A"", ""S2A_23VLH_20240902_0_L2A"", ""S2A_23VMH_20240905_0_L2A"", ""S2A_23VLH_20240905_0_L2A""]",61.109703,-46.808412,"station position (workbook/GPS), NOT the sample position","sample under the station radiometer (~cm² scrape, top 2 cm); radiometer footprint ~10-100 m²","haemocytometer, 2 µl counted, LOD 1000 cells/mL, PFA-preserved",ice algae (snow algae separate),final_test,
2024_91,PROMBIO 2024,94,PROMBIO 2024,2024,QAS_M,2024-09-01,under radiometer,chisel,observed,0.0,,"0,00E+00",few minerals,,,,https://doi.org/10.22008/FK2/D0JC0P,1.0,1084406e9b763ffe978ee54d3d553f3692cd9ede226fd61c9acfc84e0f7946be,61.109703,-46.808412,23.0,23.0,7.0,0.0869,0.3667620302065753,available,candidate,6.0,S2B_23VLH_20240831_0_L2A,0.38,31.917545,"[""S2B_23VLH_20240831_0_L2A"", ""S2B_23VMH_20240831_0_L2A"", ""S2A_23VMH_20240902_0_L2A"", ""S2A_23VLH_20240902_0_L2A"", ""S2A_23VMH_20240905_0_L2A"", ""S2A_23VLH_20240905_0_L2A""]",61.109703,-46.808412,"station position (workbook/GPS), NOT the sample position","sample under the station radiometer (~cm² scrape, top 2 cm); radiometer footprint ~10-100 m²","haemocytometer, 2 µl counted, LOD 1000 cells/mL, PFA-preserved",ice algae (snow algae separate),final_test,
2024_92,PROMBIO 2024,95,PROMBIO 2024,2024,QAS_M,2024-09-01,under radiometer,chisel,missing_sample,,,no counts,,no sample in the tube,,,https://doi.org/10.22008/FK2/D0JC0P,1.0,1084406e9b763ffe978ee54d3d553f3692cd9ede226fd61c9acfc84e0f7946be,61.109703,-46.808412,23.0,23.0,7.0,0.0869,0.3667620302065753,available,candidate,6.0,S2B_23VLH_20240831_0_L2A,0.38,31.917545,"[""S2B_23VLH_20240831_0_L2A"", ""S2B_23VMH_20240831_0_L2A"", ""S2A_23VMH_20240902_0_L2A"", ""S2A_23VLH_20240902_0_L2A"", ""S2A_23VMH_20240905_0_L2A"", ""S2A_23VLH_20240905_0_L2A""]",61.109703,-46.808412,"station position (workbook/GPS), NOT the sample position","sample under the station radiometer (~cm² scrape, top 2 cm); radiometer footprint ~10-100 m²","haemocytometer, 2 µl counted, LOD 1000 cells/mL, PFA-preserved",ice algae (snow algae separate),final_test,excluded: observation state missing_sample
2024_93,PROMBIO 2024,96,PROMBIO 2024,2024,QAS_M,2024-09-01,under radiometer,chisel,observed,5940.0,,"5,94E+03",more cells,,,,https://doi.org/10.22008/FK2/D0JC0P,1.0,1084406e9b763ffe978ee54d3d553f3692cd9ede226fd61c9acfc84e0f7946be,61.109703,-46.808412,23.0,23.0,7.0,0.0869,0.3667620302065753,available,candidate,6.0,S2B_23VLH_20240831_0_L2A,0.38,31.917545,"[""S2B_23VLH_20240831_0_L2A"", ""S2B_23VMH_20240831_0_L2A"", ""S2A_23VMH_20240902_0_L2A"", ""S2A_23VLH_20240902_0_L2A"", ""S2A_23VMH_20240905_0_L2A"", ""S2A_23VLH_20240905_0_L2A""]",61.109703,-46.808412,"station position (workbook/GPS), NOT the sample position","sample under the station radiometer (~cm² scrape, top 2 cm); radiometer footprint ~10-100 m²","haemocytometer, 2 µl counted, LOD 1000 cells/mL, PFA-preserved",ice algae (snow algae separate),final_test,
2024_94,PROMBIO 2024,97,PROMBIO 2024,2024,QAS_M,2024-09-01,under radiometer,chisel,observed,16600.0,,"1,66E+04",more cells,,,,https://doi.org/10.22008/FK2/D0JC0P,1.0,1084406e9b763ffe978ee54d3d553f3692cd9ede226fd61c9acfc84e0f7946be,61.109703,-46.808412,23.0,23.0,7.0,0.0869,0.3667620302065753,available,candidate,6.0,S2B_23VLH_20240831_0_L2A,0.38,31.917545,"[""S2B_23VLH_20240831_0_L2A"", ""S2B_23VMH_20240831_0_L2A"", ""S2A_23VMH_20240902_0_L2A"", ""S2A_23VLH_20240902_0_L2A"", ""S2A_23VMH_20240905_0_L2A"", ""S2A_23VLH_20240905_0_L2A""]",61.109703,-46.808412,"station position (workbook/GPS), NOT the sample position","sample under the station radiometer (~cm² scrape, top 2 cm); radiometer footprint ~10-100 m²","haemocytometer, 2 µl counted, LOD 1000 cells/mL, PFA-preserved",ice algae (snow algae separate),final_test,
2024_95,PROMBIO 2024,98,PROMBIO 2024,2024,QAS_M,2024-09-01,under radiometer,ice screw,observed,0.0,,"0,00E+00",more minerals,,,,https://doi.org/10.22008/FK2/D0JC0P,1.0,1084406e9b763ffe978ee54d3d553f3692cd9ede226fd61c9acfc84e0f7946be,61.109703,-46.808412,23.0,23.0,7.0,0.0869,0.3667620302065753,available,candidate,6.0,S2B_23VLH_20240831_0_L2A,0.38,31.917545,"[""S2B_23VLH_20240831_0_L2A"", ""S2B_23VMH_20240831_0_L2A"", ""S2A_23VMH_20240902_0_L2A"", ""S2A_23VLH_20240902_0_L2A"", ""S2A_23VMH_20240905_0_L2A"", ""S2A_23VLH_20240905_0_L2A""]",61.109703,-46.808412,"station position (workbook/GPS), NOT the sample position","sample under the station radiometer (~cm² scrape, top 2 cm); radiometer footprint ~10-100 m²","haemocytometer, 2 µl counted, LOD 1000 cells/mL, PFA-preserved",ice algae (snow algae separate),final_test,
2024_96,PROMBIO 2024,99,PROMBIO 2024,2024,QAS_M,2024-09-01,under radiometer,ice screw,observed,0.0,,"0,00E+00",few minerals,,,,https://doi.org/10.22008/FK2/D0JC0P,1.0,1084406e9b763ffe978ee54d3d553f3692cd9ede226fd61c9acfc84e0f7946be,61.109703,-46.808412,23.0,23.0,7.0,0.0869,0.3667620302065753,available,candidate,6.0,S2B_23VLH_20240831_0_L2A,0.38,31.917545,"[""S2B_23VLH_20240831_0_L2A"", ""S2B_23VMH_20240831_0_L2A"", ""S2A_23VMH_20240902_0_L2A"", ""S2A_23VLH_20240902_0_L2A"", ""S2A_23VMH_20240905_0_L2A"", ""S2A_23VLH_20240905_0_L2A""]",61.109703,-46.808412,"station position (workbook/GPS), NOT the sample position","sample under the station radiometer (~cm² scrape, top 2 cm); radiometer footprint ~10-100 m²","haemocytometer, 2 µl counted, LOD 1000 cells/mL, PFA-preserved",ice algae (snow algae separate),final_test,
2024_97,PROMBIO 2024,100,PROMBIO 2024,2024,QAS_M,2024-09-01,under radiometer,ice screw,observed,18400.0,,"1,84E+04",balanced,,,,https://doi.org/10.22008/FK2/D0JC0P,1.0,1084406e9b763ffe978ee54d3d553f3692cd9ede226fd61c9acfc84e0f7946be,61.109703,-46.808412,23.0,23.0,7.0,0.0869,0.3667620302065753,available,candidate,6.0,S2B_23VLH_20240831_0_L2A,0.38,31.917545,"[""S2B_23VLH_20240831_0_L2A"", ""S2B_23VMH_20240831_0_L2A"", ""S2A_23VMH_20240902_0_L2A"", ""S2A_23VLH_20240902_0_L2A"", ""S2A_23VMH_20240905_0_L2A"", ""S2A_23VLH_20240905_0_L2A""]",61.109703,-46.808412,"station position (workbook/GPS), NOT the sample position","sample under the station radiometer (~cm² scrape, top 2 cm); radiometer footprint ~10-100 m²","haemocytometer, 2 µl counted, LOD 1000 cells/mL, PFA-preserved",ice algae (snow algae separate),final_test,
2024_98,PROMBIO 2024,101,PROMBIO 2024,2024,QAS_M,2024-09-01,under radiometer,ice screw,observed,3750.0,,"3,75E+03",balanced,,,,https://doi.org/10.22008/FK2/D0JC0P,1.0,1084406e9b763ffe978ee54d3d553f3692cd9ede226fd61c9acfc84e0f7946be,61.109703,-46.808412,23.0,23.0,7.0,0.0869,0.3667620302065753,available,candidate,6.0,S2B_23VLH_20240831_0_L2A,0.38,31.917545,"[""S2B_23VLH_20240831_0_L2A"", ""S2B_23VMH_20240831_0_L2A"", ""S2A_23VMH_20240902_0_L2A"", ""S2A_23VLH_20240902_0_L2A"", ""S2A_23VMH_20240905_0_L2A"", ""S2A_23VLH_20240905_0_L2A""]",61.109703,-46.808412,"station position (workbook/GPS), NOT the sample position","sample under the station radiometer (~cm² scrape, top 2 cm); radiometer footprint ~10-100 m²","haemocytometer, 2 µl counted, LOD 1000 cells/mL, PFA-preserved",ice algae (snow algae separate),final_test,
2024_99,PROMBIO 2024,102,PROMBIO 2024,2024,QAS_M,2024-09-01,under radiometer,ice screw,observed,15600.0,,"1,56E+04",balanced,,,,https://doi.org/10.22008/FK2/D0JC0P,1.0,1084406e9b763ffe978ee54d3d553f3692cd9ede226fd61c9acfc84e0f7946be,61.109703,-46.808412,23.0,23.0,7.0,0.0869,0.3667620302065753,available,candidate,6.0,S2B_23VLH_20240831_0_L2A,0.38,31.917545,"[""S2B_23VLH_20240831_0_L2A"", ""S2B_23VMH_20240831_0_L2A"", ""S2A_23VMH_20240902_0_L2A"", ""S2A_23VLH_20240902_0_L2A"", ""S2A_23VMH_20240905_0_L2A"", ""S2A_23VLH_20240905_0_L2A""]",61.109703,-46.808412,"station position (workbook/GPS), NOT the sample position","sample under the station radiometer (~cm² scrape, top 2 cm); radiometer footprint ~10-100 m²","haemocytometer, 2 µl counted, LOD 1000 cells/mL, PFA-preserved",ice algae (snow algae separate),final_test,
2024_100,PROMBIO 2024,103,PROMBIO 2024,2024,TAS_A,2024-09-09,under radiometer,ice screw,observed,0.0,,"0,00E+00",very few minerals,,,,https://doi.org/10.22008/FK2/D0JC0P,1.0,1084406e9b763ffe978ee54d3d553f3692cd9ede226fd61c9acfc84e0f7946be,65.773763,-38.889675,0.0,0.0,3.0,,,insufficient tilt-corrected SW,candidate,20.0,S2A_24WWU_20240909_0_L2A,0.6,3.716388,"[""S2A_24WWU_20240909_0_L2A"", ""S2A_24WVU_20240909_0_L2A"", ""S2A_24WWT_20240909_0_L2A"", ""S2A_24WVT_20240909_0_L2A"", ""S2B_24WVT_20240907_0_L2A"", ""S2B_24WWT_20240907_0_L2A"", ""S2B_24WVU_20240907_0_L2A"", ""S2B_24WWU_20240907_0_L2A"", ""S2A_24WVT_20240906_0_L2A"", ""S2A_24WWT_20240906_0_L2A"", ""S2A_24WVU_20240906_0_L2A"", ""S2A_24WWU_20240906_0_L2A"", ""S2B_24WWU_20240911_0_L2A"", ""S2B_24WVU_20240911_0_L2A"", ""S2B_24WWT_20240911_0_L2A"", ""S2B_24WVT_20240911_0_L2A"", ""S2A_24WWU_20240912_0_L2A"", ""S2A_24WVU_20240912_0_L2A"", ""S2A_24WWT_20240912_0_L2A"", ""S2A_24WVT_20240912_0_L2A""]",65.773763,-38.889675,"station position (workbook/GPS), NOT the sample position","sample under the station radiometer (~cm² scrape, top 2 cm); radiometer footprint ~10-100 m²","haemocytometer, 2 µl counted, LOD 1000 cells/mL, PFA-preserved",ice algae (snow algae separate),final_test,
2024_101,PROMBIO 2024,104,PROMBIO 2024,2024,TAS_A,2024-09-09,under radiometer,ice screw,observed,2190.0,,"2,19E+03",very few minerals,,,,https://doi.org/10.22008/FK2/D0JC0P,1.0,1084406e9b763ffe978ee54d3d553f3692cd9ede226fd61c9acfc84e0f7946be,65.773763,-38.889675,0.0,0.0,3.0,,,insufficient tilt-corrected SW,candidate,20.0,S2A_24WWU_20240909_0_L2A,0.6,3.716388,"[""S2A_24WWU_20240909_0_L2A"", ""S2A_24WVU_20240909_0_L2A"", ""S2A_24WWT_20240909_0_L2A"", ""S2A_24WVT_20240909_0_L2A"", ""S2B_24WVT_20240907_0_L2A"", ""S2B_24WWT_20240907_0_L2A"", ""S2B_24WVU_20240907_0_L2A"", ""S2B_24WWU_20240907_0_L2A"", ""S2A_24WVT_20240906_0_L2A"", ""S2A_24WWT_20240906_0_L2A"", ""S2A_24WVU_20240906_0_L2A"", ""S2A_24WWU_20240906_0_L2A"", ""S2B_24WWU_20240911_0_L2A"", ""S2B_24WVU_20240911_0_L2A"", ""S2B_24WWT_20240911_0_L2A"", ""S2B_24WVT_20240911_0_L2A"", ""S2A_24WWU_20240912_0_L2A"", ""S2A_24WVU_20240912_0_L2A"", ""S2A_24WWT_20240912_0_L2A"", ""S2A_24WVT_20240912_0_L2A""]",65.773763,-38.889675,"station position (workbook/GPS), NOT the sample position","sample under the station radiometer (~cm² scrape, top 2 cm); radiometer footprint ~10-100 m²","haemocytometer, 2 µl counted, LOD 1000 cells/mL, PFA-preserved",ice algae (snow algae separate),final_test,
2024_102,PROMBIO 2024,105,PROMBIO 2024,2024,TAS_A,2024-09-09,under radiometer,ice screw,observed,1880.0,,"1,88E+03",more minerals,,,,https://doi.org/10.22008/FK2/D0JC0P,1.0,1084406e9b763ffe978ee54d3d553f3692cd9ede226fd61c9acfc84e0f7946be,65.773763,-38.889675,0.0,0.0,3.0,,,insufficient tilt-corrected SW,candidate,20.0,S2A_24WWU_20240909_0_L2A,0.6,3.716388,"[""S2A_24WWU_20240909_0_L2A"", ""S2A_24WVU_20240909_0_L2A"", ""S2A_24WWT_20240909_0_L2A"", ""S2A_24WVT_20240909_0_L2A"", ""S2B_24WVT_20240907_0_L2A"", ""S2B_24WWT_20240907_0_L2A"", ""S2B_24WVU_20240907_0_L2A"", ""S2B_24WWU_20240907_0_L2A"", ""S2A_24WVT_20240906_0_L2A"", ""S2A_24WWT_20240906_0_L2A"", ""S2A_24WVU_20240906_0_L2A"", ""S2A_24WWU_20240906_0_L2A"", ""S2B_24WWU_20240911_0_L2A"", ""S2B_24WVU_20240911_0_L2A"", ""S2B_24WWT_20240911_0_L2A"", ""S2B_24WVT_20240911_0_L2A"", ""S2A_24WWU_20240912_0_L2A"", ""S2A_24WVU_20240912_0_L2A"", ""S2A_24WWT_20240912_0_L2A"", ""S2A_24WVT_20240912_0_L2A""]",65.773763,-38.889675,"station position (workbook/GPS), NOT the sample position","sample under the station radiometer (~cm² scrape, top 2 cm); radiometer footprint ~10-100 m²","haemocytometer, 2 µl counted, LOD 1000 cells/mL, PFA-preserved",ice algae (snow algae separate),final_test,
2024_103,PROMBIO 2024,106,PROMBIO 2024,2024,TAS_A,2024-09-09,under radiometer,ice screw,observed,0.0,,"0,00E+00",almost no minerals,,,,https://doi.org/10.22008/FK2/D0JC0P,1.0,1084406e9b763ffe978ee54d3d553f3692cd9ede226fd61c9acfc84e0f7946be,65.773763,-38.889675,0.0,0.0,3.0,,,insufficient tilt-corrected SW,candidate,20.0,S2A_24WWU_20240909_0_L2A,0.6,3.716388,"[""S2A_24WWU_20240909_0_L2A"", ""S2A_24WVU_20240909_0_L2A"", ""S2A_24WWT_20240909_0_L2A"", ""S2A_24WVT_20240909_0_L2A"", ""S2B_24WVT_20240907_0_L2A"", ""S2B_24WWT_20240907_0_L2A"", ""S2B_24WVU_20240907_0_L2A"", ""S2B_24WWU_20240907_0_L2A"", ""S2A_24WVT_20240906_0_L2A"", ""S2A_24WWT_20240906_0_L2A"", ""S2A_24WVU_20240906_0_L2A"", ""S2A_24WWU_20240906_0_L2A"", ""S2B_24WWU_20240911_0_L2A"", ""S2B_24WVU_20240911_0_L2A"", ""S2B_24WWT_20240911_0_L2A"", ""S2B_24WVT_20240911_0_L2A"", ""S2A_24WWU_20240912_0_L2A"", ""S2A_24WVU_20240912_0_L2A"", ""S2A_24WWT_20240912_0_L2A"", ""S2A_24WVT_20240912_0_L2A""]",65.773763,-38.889675,"station position (workbook/GPS), NOT the sample position","sample under the station radiometer (~cm² scrape, top 2 cm); radiometer footprint ~10-100 m²","haemocytometer, 2 µl counted, LOD 1000 cells/mL, PFA-preserved",ice algae (snow algae separate),final_test,
2024_104,PROMBIO 2024,107,PROMBIO 2024,2024,TAS_A,2024-09-09,under radiometer,ice screw,observed,0.0,,"0,00E+00",very few minerals,,,,https://doi.org/10.22008/FK2/D0JC0P,1.0,1084406e9b763ffe978ee54d3d553f3692cd9ede226fd61c9acfc84e0f7946be,65.773763,-38.889675,0.0,0.0,3.0,,,insufficient tilt-corrected SW,candidate,20.0,S2A_24WWU_20240909_0_L2A,0.6,3.716388,"[""S2A_24WWU_20240909_0_L2A"", ""S2A_24WVU_20240909_0_L2A"", ""S2A_24WWT_20240909_0_L2A"", ""S2A_24WVT_20240909_0_L2A"", ""S2B_24WVT_20240907_0_L2A"", ""S2B_24WWT_20240907_0_L2A"", ""S2B_24WVU_20240907_0_L2A"", ""S2B_24WWU_20240907_0_L2A"", ""S2A_24WVT_20240906_0_L2A"", ""S2A_24WWT_20240906_0_L2A"", ""S2A_24WVU_20240906_0_L2A"", ""S2A_24WWU_20240906_0_L2A"", ""S2B_24WWU_20240911_0_L2A"", ""S2B_24WVU_20240911_0_L2A"", ""S2B_24WWT_20240911_0_L2A"", ""S2B_24WVT_20240911_0_L2A"", ""S2A_24WWU_20240912_0_L2A"", ""S2A_24WVU_20240912_0_L2A"", ""S2A_24WWT_20240912_0_L2A"", ""S2A_24WVT_20240912_0_L2A""]",65.773763,-38.889675,"station position (workbook/GPS), NOT the sample position","sample under the station radiometer (~cm² scrape, top 2 cm); radiometer footprint ~10-100 m²","haemocytometer, 2 µl counted, LOD 1000 cells/mL, PFA-preserved",ice algae (snow algae separate),final_test,
2024_105,PROMBIO 2024,108,PROMBIO 2024,2024,TAS_A,2024-09-09,dark ice,ice screw,observed,938.0,,"9,38E+02",more minerals,,,,https://doi.org/10.22008/FK2/D0JC0P,1.0,1084406e9b763ffe978ee54d3d553f3692cd9ede226fd61c9acfc84e0f7946be,65.773763,-38.889675,0.0,0.0,3.0,,,insufficient tilt-corrected SW,candidate,20.0,S2A_24WWU_20240909_0_L2A,0.6,3.716388,"[""S2A_24WWU_20240909_0_L2A"", ""S2A_24WVU_20240909_0_L2A"", ""S2A_24WWT_20240909_0_L2A"", ""S2A_24WVT_20240909_0_L2A"", ""S2B_24WVT_20240907_0_L2A"", ""S2B_24WWT_20240907_0_L2A"", ""S2B_24WVU_20240907_0_L2A"", ""S2B_24WWU_20240907_0_L2A"", ""S2A_24WVT_20240906_0_L2A"", ""S2A_24WWT_20240906_0_L2A"", ""S2A_24WVU_20240906_0_L2A"", ""S2A_24WWU_20240906_0_L2A"", ""S2B_24WWU_20240911_0_L2A"", ""S2B_24WVU_20240911_0_L2A"", ""S2B_24WWT_20240911_0_L2A"", ""S2B_24WVT_20240911_0_L2A"", ""S2A_24WWU_20240912_0_L2A"", ""S2A_24WVU_20240912_0_L2A"", ""S2A_24WWT_20240912_0_L2A"", ""S2A_24WVT_20240912_0_L2A""]",65.773763,-38.889675,"station position (workbook/GPS), NOT the sample position",targeted dark ice (biased high; not an area mean),"haemocytometer, 2 µl counted, LOD 1000 cells/mL, PFA-preserved",ice algae (snow algae separate),final_test,
2024_106,PROMBIO 2024,109,PROMBIO 2024,2024,TAS_A,2024-09-09,dark ice,ice screw,observed,625.0,,"6,25E+02",more minerals,,,,https://doi.org/10.22008/FK2/D0JC0P,1.0,1084406e9b763ffe978ee54d3d553f3692cd9ede226fd61c9acfc84e0f7946be,65.773763,-38.889675,0.0,0.0,3.0,,,insufficient tilt-corrected SW,candidate,20.0,S2A_24WWU_20240909_0_L2A,0.6,3.716388,"[""S2A_24WWU_20240909_0_L2A"", ""S2A_24WVU_20240909_0_L2A"", ""S2A_24WWT_20240909_0_L2A"", ""S2A_24WVT_20240909_0_L2A"", ""S2B_24WVT_20240907_0_L2A"", ""S2B_24WWT_20240907_0_L2A"", ""S2B_24WVU_20240907_0_L2A"", ""S2B_24WWU_20240907_0_L2A"", ""S2A_24WVT_20240906_0_L2A"", ""S2A_24WWT_20240906_0_L2A"", ""S2A_24WVU_20240906_0_L2A"", ""S2A_24WWU_20240906_0_L2A"", ""S2B_24WWU_20240911_0_L2A"", ""S2B_24WVU_20240911_0_L2A"", ""S2B_24WWT_20240911_0_L2A"", ""S2B_24WVT_20240911_0_L2A"", ""S2A_24WWU_20240912_0_L2A"", ""S2A_24WVU_20240912_0_L2A"", ""S2A_24WWT_20240912_0_L2A"", ""S2A_24WVT_20240912_0_L2A""]",65.773763,-38.889675,"station position (workbook/GPS), NOT the sample position",targeted dark ice (biased high; not an area mean),"haemocytometer, 2 µl counted, LOD 1000 cells/mL, PFA-preserved",ice algae (snow algae separate),final_test,
2024_107,PROMBIO 2024,110,PROMBIO 2024,2024,TAS_A,2024-09-09,dark ice,ice screw,observed,625.0,,"6,25E+02",more minerals,,,,https://doi.org/10.22008/FK2/D0JC0P,1.0,1084406e9b763ffe978ee54d3d553f3692cd9ede226fd61c9acfc84e0f7946be,65.773763,-38.889675,0.0,0.0,3.0,,,insufficient tilt-corrected SW,candidate,20.0,S2A_24WWU_20240909_0_L2A,0.6,3.716388,"[""S2A_24WWU_20240909_0_L2A"", ""S2A_24WVU_20240909_0_L2A"", ""S2A_24WWT_20240909_0_L2A"", ""S2A_24WVT_20240909_0_L2A"", ""S2B_24WVT_20240907_0_L2A"", ""S2B_24WWT_20240907_0_L2A"", ""S2B_24WVU_20240907_0_L2A"", ""S2B_24WWU_20240907_0_L2A"", ""S2A_24WVT_20240906_0_L2A"", ""S2A_24WWT_20240906_0_L2A"", ""S2A_24WVU_20240906_0_L2A"", ""S2A_24WWU_20240906_0_L2A"", ""S2B_24WWU_20240911_0_L2A"", ""S2B_24WVU_20240911_0_L2A"", ""S2B_24WWT_20240911_0_L2A"", ""S2B_24WVT_20240911_0_L2A"", ""S2A_24WWU_20240912_0_L2A"", ""S2A_24WVU_20240912_0_L2A"", ""S2A_24WWT_20240912_0_L2A"", ""S2A_24WVT_20240912_0_L2A""]",65.773763,-38.889675,"station position (workbook/GPS), NOT the sample position",targeted dark ice (biased high; not an area mean),"haemocytometer, 2 µl counted, LOD 1000 cells/mL, PFA-preserved",ice algae (snow algae separate),final_test,
2024_108,PROMBIO 2024,111,PROMBIO 2024,2024,TAS_A,2024-09-09,dark ice,ice screw,observed,313.0,,"3,13E+02",some more minerals,,,,https://doi.org/10.22008/FK2/D0JC0P,1.0,1084406e9b763ffe978ee54d3d553f3692cd9ede226fd61c9acfc84e0f7946be,65.773763,-38.889675,0.0,0.0,3.0,,,insufficient tilt-corrected SW,candidate,20.0,S2A_24WWU_20240909_0_L2A,0.6,3.716388,"[""S2A_24WWU_20240909_0_L2A"", ""S2A_24WVU_20240909_0_L2A"", ""S2A_24WWT_20240909_0_L2A"", ""S2A_24WVT_20240909_0_L2A"", ""S2B_24WVT_20240907_0_L2A"", ""S2B_24WWT_20240907_0_L2A"", ""S2B_24WVU_20240907_0_L2A"", ""S2B_24WWU_20240907_0_L2A"", ""S2A_24WVT_20240906_0_L2A"", ""S2A_24WWT_20240906_0_L2A"", ""S2A_24WVU_20240906_0_L2A"", ""S2A_24WWU_20240906_0_L2A"", ""S2B_24WWU_20240911_0_L2A"", ""S2B_24WVU_20240911_0_L2A"", ""S2B_24WWT_20240911_0_L2A"", ""S2B_24WVT_20240911_0_L2A"", ""S2A_24WWU_20240912_0_L2A"", ""S2A_24WVU_20240912_0_L2A"", ""S2A_24WWT_20240912_0_L2A"", ""S2A_24WVT_20240912_0_L2A""]",65.773763,-38.889675,"station position (workbook/GPS), NOT the sample position",targeted dark ice (biased high; not an area mean),"haemocytometer, 2 µl counted, LOD 1000 cells/mL, PFA-preserved",ice algae (snow algae separate),final_test,
2024_109,PROMBIO 2024,112,PROMBIO 2024,2024,TAS_A,2024-09-09,dark ice,ice screw,observed,938.0,,"9,38E+02",some more minerals,,,,https://doi.org/10.22008/FK2/D0JC0P,1.0,1084406e9b763ffe978ee54d3d553f3692cd9ede226fd61c9acfc84e0f7946be,65.773763,-38.889675,0.0,0.0,3.0,,,insufficient tilt-corrected SW,candidate,20.0,S2A_24WWU_20240909_0_L2A,0.6,3.716388,"[""S2A_24WWU_20240909_0_L2A"", ""S2A_24WVU_20240909_0_L2A"", ""S2A_24WWT_20240909_0_L2A"", ""S2A_24WVT_20240909_0_L2A"", ""S2B_24WVT_20240907_0_L2A"", ""S2B_24WWT_20240907_0_L2A"", ""S2B_24WVU_20240907_0_L2A"", ""S2B_24WWU_20240907_0_L2A"", ""S2A_24WVT_20240906_0_L2A"", ""S2A_24WWT_20240906_0_L2A"", ""S2A_24WVU_20240906_0_L2A"", ""S2A_24WWU_20240906_0_L2A"", ""S2B_24WWU_20240911_0_L2A"", ""S2B_24WVU_20240911_0_L2A"", ""S2B_24WWT_20240911_0_L2A"", ""S2B_24WVT_20240911_0_L2A"", ""S2A_24WWU_20240912_0_L2A"", ""S2A_24WVU_20240912_0_L2A"", ""S2A_24WWT_20240912_0_L2A"", ""S2A_24WVT_20240912_0_L2A""]",65.773763,-38.889675,"station position (workbook/GPS), NOT the sample position",targeted dark ice (biased high; not an area mean),"haemocytometer, 2 µl counted, LOD 1000 cells/mL, PFA-preserved",ice algae (snow algae separate),final_test,
2024_110,PROMBIO 2024,113,PROMBIO 2024,2024,TAS_A,2024-09-09,average ice in the area,ice screw,observed,938.0,,"9,38E+02",very few minerals,,,,https://doi.org/10.22008/FK2/D0JC0P,1.0,1084406e9b763ffe978ee54d3d553f3692cd9ede226fd61c9acfc84e0f7946be,65.773763,-38.889675,0.0,0.0,3.0,,,insufficient tilt-corrected SW,candidate,20.0,S2A_24WWU_20240909_0_L2A,0.6,3.716388,"[""S2A_24WWU_20240909_0_L2A"", ""S2A_24WVU_20240909_0_L2A"", ""S2A_24WWT_20240909_0_L2A"", ""S2A_24WVT_20240909_0_L2A"", ""S2B_24WVT_20240907_0_L2A"", ""S2B_24WWT_20240907_0_L2A"", ""S2B_24WVU_20240907_0_L2A"", ""S2B_24WWU_20240907_0_L2A"", ""S2A_24WVT_20240906_0_L2A"", ""S2A_24WWT_20240906_0_L2A"", ""S2A_24WVU_20240906_0_L2A"", ""S2A_24WWU_20240906_0_L2A"", ""S2B_24WWU_20240911_0_L2A"", ""S2B_24WVU_20240911_0_L2A"", ""S2B_24WWT_20240911_0_L2A"", ""S2B_24WVT_20240911_0_L2A"", ""S2A_24WWU_20240912_0_L2A"", ""S2A_24WVU_20240912_0_L2A"", ""S2A_24WWT_20240912_0_L2A"", ""S2A_24WVT_20240912_0_L2A""]",65.773763,-38.889675,"station position (workbook/GPS), NOT the sample position",one sample chosen as representative (subjective),"haemocytometer, 2 µl counted, LOD 1000 cells/mL, PFA-preserved",ice algae (snow algae separate),final_test,
2024_111,PROMBIO 2024,114,PROMBIO 2024,2024,TAS_A,2024-09-09,average ice in the area,ice screw,observed,0.0,,"0,00E+00",more minerals,,,,https://doi.org/10.22008/FK2/D0JC0P,1.0,1084406e9b763ffe978ee54d3d553f3692cd9ede226fd61c9acfc84e0f7946be,65.773763,-38.889675,0.0,0.0,3.0,,,insufficient tilt-corrected SW,candidate,20.0,S2A_24WWU_20240909_0_L2A,0.6,3.716388,"[""S2A_24WWU_20240909_0_L2A"", ""S2A_24WVU_20240909_0_L2A"", ""S2A_24WWT_20240909_0_L2A"", ""S2A_24WVT_20240909_0_L2A"", ""S2B_24WVT_20240907_0_L2A"", ""S2B_24WWT_20240907_0_L2A"", ""S2B_24WVU_20240907_0_L2A"", ""S2B_24WWU_20240907_0_L2A"", ""S2A_24WVT_20240906_0_L2A"", ""S2A_24WWT_20240906_0_L2A"", ""S2A_24WVU_20240906_0_L2A"", ""S2A_24WWU_20240906_0_L2A"", ""S2B_24WWU_20240911_0_L2A"", ""S2B_24WVU_20240911_0_L2A"", ""S2B_24WWT_20240911_0_L2A"", ""S2B_24WVT_20240911_0_L2A"", ""S2A_24WWU_20240912_0_L2A"", ""S2A_24WVU_20240912_0_L2A"", ""S2A_24WWT_20240912_0_L2A"", ""S2A_24WVT_20240912_0_L2A""]",65.773763,-38.889675,"station position (workbook/GPS), NOT the sample position",one sample chosen as representative (subjective),"haemocytometer, 2 µl counted, LOD 1000 cells/mL, PFA-preserved",ice algae (snow algae separate),final_test,
2024_112,PROMBIO 2024,115,PROMBIO 2024,2024,TAS_A,2024-09-09,average ice in the area,ice screw,observed,50300.0,,"5,03E+04",balanced,,,,https://doi.org/10.22008/FK2/D0JC0P,1.0,1084406e9b763ffe978ee54d3d553f3692cd9ede226fd61c9acfc84e0f7946be,65.773763,-38.889675,0.0,0.0,3.0,,,insufficient tilt-corrected SW,candidate,20.0,S2A_24WWU_20240909_0_L2A,0.6,3.716388,"[""S2A_24WWU_20240909_0_L2A"", ""S2A_24WVU_20240909_0_L2A"", ""S2A_24WWT_20240909_0_L2A"", ""S2A_24WVT_20240909_0_L2A"", ""S2B_24WVT_20240907_0_L2A"", ""S2B_24WWT_20240907_0_L2A"", ""S2B_24WVU_20240907_0_L2A"", ""S2B_24WWU_20240907_0_L2A"", ""S2A_24WVT_20240906_0_L2A"", ""S2A_24WWT_20240906_0_L2A"", ""S2A_24WVU_20240906_0_L2A"", ""S2A_24WWU_20240906_0_L2A"", ""S2B_24WWU_20240911_0_L2A"", ""S2B_24WVU_20240911_0_L2A"", ""S2B_24WWT_20240911_0_L2A"", ""S2B_24WVT_20240911_0_L2A"", ""S2A_24WWU_20240912_0_L2A"", ""S2A_24WVU_20240912_0_L2A"", ""S2A_24WWT_20240912_0_L2A"", ""S2A_24WVT_20240912_0_L2A""]",65.773763,-38.889675,"station position (workbook/GPS), NOT the sample position",one sample chosen as representative (subjective),"haemocytometer, 2 µl counted, LOD 1000 cells/mL, PFA-preserved",ice algae (snow algae separate),final_test,
2024_113,PROMBIO 2024,116,PROMBIO 2024,2024,TAS_A,2024-09-09,average ice in the area,ice screw,observed,5630.0,,"5,63E+03",balanced,,,,https://doi.org/10.22008/FK2/D0JC0P,1.0,1084406e9b763ffe978ee54d3d553f3692cd9ede226fd61c9acfc84e0f7946be,65.773763,-38.889675,0.0,0.0,3.0,,,insufficient tilt-corrected SW,candidate,20.0,S2A_24WWU_20240909_0_L2A,0.6,3.716388,"[""S2A_24WWU_20240909_0_L2A"", ""S2A_24WVU_20240909_0_L2A"", ""S2A_24WWT_20240909_0_L2A"", ""S2A_24WVT_20240909_0_L2A"", ""S2B_24WVT_20240907_0_L2A"", ""S2B_24WWT_20240907_0_L2A"", ""S2B_24WVU_20240907_0_L2A"", ""S2B_24WWU_20240907_0_L2A"", ""S2A_24WVT_20240906_0_L2A"", ""S2A_24WWT_20240906_0_L2A"", ""S2A_24WVU_20240906_0_L2A"", ""S2A_24WWU_20240906_0_L2A"", ""S2B_24WWU_20240911_0_L2A"", ""S2B_24WVU_20240911_0_L2A"", ""S2B_24WWT_20240911_0_L2A"", ""S2B_24WVT_20240911_0_L2A"", ""S2A_24WWU_20240912_0_L2A"", ""S2A_24WVU_20240912_0_L2A"", ""S2A_24WWT_20240912_0_L2A"", ""S2A_24WVT_20240912_0_L2A""]",65.773763,-38.889675,"station position (workbook/GPS), NOT the sample position",one sample chosen as representative (subjective),"haemocytometer, 2 µl counted, LOD 1000 cells/mL, PFA-preserved",ice algae (snow algae separate),final_test,
2024_114,PROMBIO 2024,117,PROMBIO 2024,2024,TAS_A,2024-09-09,average ice in the area,ice screw,observed,38800.0,,"3,88E+04",balanced,,,,https://doi.org/10.22008/FK2/D0JC0P,1.0,1084406e9b763ffe978ee54d3d553f3692cd9ede226fd61c9acfc84e0f7946be,65.773763,-38.889675,0.0,0.0,3.0,,,insufficient tilt-corrected SW,candidate,20.0,S2A_24WWU_20240909_0_L2A,0.6,3.716388,"[""S2A_24WWU_20240909_0_L2A"", ""S2A_24WVU_20240909_0_L2A"", ""S2A_24WWT_20240909_0_L2A"", ""S2A_24WVT_20240909_0_L2A"", ""S2B_24WVT_20240907_0_L2A"", ""S2B_24WWT_20240907_0_L2A"", ""S2B_24WVU_20240907_0_L2A"", ""S2B_24WWU_20240907_0_L2A"", ""S2A_24WVT_20240906_0_L2A"", ""S2A_24WWT_20240906_0_L2A"", ""S2A_24WVU_20240906_0_L2A"", ""S2A_24WWU_20240906_0_L2A"", ""S2B_24WWU_20240911_0_L2A"", ""S2B_24WVU_20240911_0_L2A"", ""S2B_24WWT_20240911_0_L2A"", ""S2B_24WVT_20240911_0_L2A"", ""S2A_24WWU_20240912_0_L2A"", ""S2A_24WVU_20240912_0_L2A"", ""S2A_24WWT_20240912_0_L2A"", ""S2A_24WVT_20240912_0_L2A""]",65.773763,-38.889675,"station position (workbook/GPS), NOT the sample position",one sample chosen as representative (subjective),"haemocytometer, 2 µl counted, LOD 1000 cells/mL, PFA-preserved",ice algae (snow algae separate),final_test,
2024_115,PROMBIO 2024,118,PROMBIO 2024,2024,KAN_L,2024-08-23,under radiometer,ice screw,observed,0.0,,"0,00E+00",very few minerals,,,,https://doi.org/10.22008/FK2/D0JC0P,1.0,1084406e9b763ffe978ee54d3d553f3692cd9ede226fd61c9acfc84e0f7946be,67.104844,-49.932846,21.0,21.0,8.0,0.0226,0.576984342236361,available,candidate,5.0,S2B_22WEV_20240827_0_L2A,4.63,42.783284,"[""S2A_22WEV_20240822_0_L2A"", ""S2B_22WEV_20240823_0_L2A"", ""S2B_22WEV_20240820_0_L2A"", ""S2A_22WEV_20240825_0_L2A"", ""S2B_22WEV_20240827_0_L2A""]",67.104844,-49.932846,"station position (workbook/GPS), NOT the sample position","sample under the station radiometer (~cm² scrape, top 2 cm); radiometer footprint ~10-100 m²","haemocytometer, 2 µl counted, LOD 1000 cells/mL, PFA-preserved",ice algae (snow algae separate),final_test,
2024_116,PROMBIO 2024,119,PROMBIO 2024,2024,KAN_L,2024-08-23,average ice in the area,ice screw,observed,0.0,,"0,00E+00",very few minerals,,,,https://doi.org/10.22008/FK2/D0JC0P,1.0,1084406e9b763ffe978ee54d3d553f3692cd9ede226fd61c9acfc84e0f7946be,67.104844,-49.932846,21.0,21.0,8.0,0.0226,0.576984342236361,available,candidate,5.0,S2B_22WEV_20240827_0_L2A,4.63,42.783284,"[""S2A_22WEV_20240822_0_L2A"", ""S2B_22WEV_20240823_0_L2A"", ""S2B_22WEV_20240820_0_L2A"", ""S2A_22WEV_20240825_0_L2A"", ""S2B_22WEV_20240827_0_L2A""]",67.104844,-49.932846,"station position (workbook/GPS), NOT the sample position",one sample chosen as representative (subjective),"haemocytometer, 2 µl counted, LOD 1000 cells/mL, PFA-preserved",ice algae (snow algae separate),final_test,
2024_117,PROMBIO 2024,120,PROMBIO 2024,2024,KAN_L,2024-08-23,dark ice,ice screw,observed,14100.0,,"1,41E+04",amost no minerals,,,,https://doi.org/10.22008/FK2/D0JC0P,1.0,1084406e9b763ffe978ee54d3d553f3692cd9ede226fd61c9acfc84e0f7946be,67.104844,-49.932846,21.0,21.0,8.0,0.0226,0.576984342236361,available,candidate,5.0,S2B_22WEV_20240827_0_L2A,4.63,42.783284,"[""S2A_22WEV_20240822_0_L2A"", ""S2B_22WEV_20240823_0_L2A"", ""S2B_22WEV_20240820_0_L2A"", ""S2A_22WEV_20240825_0_L2A"", ""S2B_22WEV_20240827_0_L2A""]",67.104844,-49.932846,"station position (workbook/GPS), NOT the sample position",targeted dark ice (biased high; not an area mean),"haemocytometer, 2 µl counted, LOD 1000 cells/mL, PFA-preserved",ice algae (snow algae separate),final_test,
